"player_id","team_abbrev","gp_onice","cf_5v5","ca_5v5","gf_5v5","ga_5v5","ev_goals","ev_assists","pp_goals","pp_assists","pk_ga","pp_shots","pk_shots_against","pp_gf_onice","pk_ga_onice","xg_for_5v5","xg_against_5v5","pen_taken","pen_drawn","toi_5v5_sec","toi_pp_sec","toi_pk_sec","cf_pct_5v5","gf_per60_5v5","ga_per60_5v5","ev_points_per60","pp_points_per60","pk_ga_per60","pk_save_pct","pp_gf_onice_per60","pk_ga_onice_per60","xg_for_per60_5v5","xg_against_per60_5v5","toi_all_tracked_sec","pen_taken_per60","pen_drawn_per60","penalty_diff_per60"
"8448208","PHI",84,1023,885,47,41,10,21,8,18,4,412,1,40,0,0,0,16,19,60388,13262,1033,53.6,2.8,2.44,1.85,7.06,13.94,-3,10.86,0,0,0,74683,0.77,0.92,0.15
"8459424","PHI",13,152,143,9,4,0,4,1,7,2,90,89,9,5,0,0,5,2,10482,2668,2645,51.5,3.09,1.37,1.37,10.79,2.72,0.9775,12.14,6.81,0,0,15795,1.14,0.46,-0.68
"8459670","PHI",87,1100,958,48,43,0,18,5,20,4,576,498,44,44,0,0,27,17,73309,14416,13203,53.4,2.36,2.11,0.88,6.24,1.09,0.992,10.99,12,0,0,100928,0.96,0.61,-0.35
"8460703","BOS",66,2983,2555,143,109,0,1,0,0,1,565,467,29,35,0,0,0,17,179005,19414,17099,53.9,2.88,2.19,0.02,0,0.21,0.9979,5.38,7.37,0,0,215518,0,0.28,0.28
"8464975","PHI",81,1008,1075,47,47,15,16,5,14,3,377,2,32,0,0,0,27,34,63206,13416,1896,48.4,2.68,2.68,1.77,5.1,5.7,-0.5,8.59,0,0,0,78518,1.24,1.56,0.32
"8465009","BOS",86,1775,1275,81,55,4,25,8,9,1,389,356,22,27,0,0,32,19,97227,12868,10252,58.2,3,2.04,1.07,4.76,0.35,0.9972,6.15,9.48,0,0,120347,0.96,0.57,-0.39
"8465978","BOS",86,615,691,17,25,4,8,0,0,0,8,6,0,0,0,0,17,10,44917,766,403,47.1,1.36,2,0.96,0,0,1,0,0,0,0,46086,1.33,0.78,-0.55
"8466215","BOS",80,1262,1062,60,47,3,10,1,8,0,300,34,18,0,0,0,4,7,72568,9754,2545,54.3,2.98,2.33,0.64,3.32,0,1,6.64,0,0,0,84867,0.17,0.3,0.13
"8466333","BOS",79,1118,1170,53,49,5,17,0,2,0,75,213,5,12,0,0,13,13,73430,3352,9592,48.9,2.6,2.4,1.08,2.15,0,1,5.37,4.5,0,0,86374,0.54,0.54,0
"8467967","BOS",89,1014,929,56,32,17,17,1,0,0,26,239,1,16,0,0,15,15,64478,2524,7885,52.2,3.13,1.79,1.9,1.43,0,1,1.43,7.31,0,0,74887,0.72,0.72,0
"8468486","PHI",93,1335,1175,66,49,19,22,18,11,4,563,10,43,1,0,0,48,37,76085,14110,1849,53.2,3.12,2.32,1.94,7.4,7.79,0.6,10.97,1.95,0,0,92044,1.88,1.45,-0.43
"8468524","PHI",70,2885,2809,126,120,0,1,0,1,4,714,615,62,46,0,0,2,3,183136,23335,22316,50.7,2.48,2.36,0.02,0.15,0.65,0.9935,9.57,7.42,0,0,228787,0.03,0.05,0.02
"8468534","PHI",56,599,711,28,21,0,6,0,0,0,0,71,0,9,0,0,20,6,40724,290,3983,45.7,2.48,1.86,0.53,0,0,1,0,8.13,0,0,44997,1.6,0.48,-1.12
"8469619","BOS",87,1589,1329,63,58,3,8,0,9,0,379,382,20,29,0,0,18,7,95239,11752,10635,54.5,2.38,2.19,0.42,2.76,0,1,6.13,9.82,0,0,117626,0.55,0.21,-0.34
"8470169","BOS",85,709,834,26,33,8,10,0,0,0,13,244,0,14,0,0,10,9,53297,1714,7420,45.9,1.76,2.23,1.22,0,0,1,0,6.79,0,0,62431,0.58,0.52,-0.06
"8470171","PHI",92,979,1015,45,47,15,12,2,1,0,21,508,3,36,0,0,26,31,66649,2659,14167,49.1,2.43,2.54,1.46,4.06,0,1,4.06,9.15,0,0,83475,1.12,1.34,0.22
"8470187","BOS",84,1515,1195,72,52,5,12,1,0,0,46,276,2,16,0,0,16,15,84719,3519,10106,55.9,3.06,2.21,0.72,1.02,0,1,2.05,5.7,0,0,98344,0.59,0.55,-0.04
"8470230","BOS",76,616,715,22,30,8,6,0,0,0,8,153,0,9,0,0,6,9,43911,869,5772,46.3,1.8,2.46,1.15,0,0,1,0,5.61,0,0,50552,0.43,0.64,0.21
"8470596","BOS",46,688,506,35,31,12,13,5,2,0,205,3,17,0,0,0,17,6,34982,5851,988,57.6,3.6,3.19,2.57,4.31,0,1,10.46,0,0,0,41821,1.46,0.52,-0.94
"8470601","PHI",92,1468,1506,68,76,4,16,0,2,0,39,504,5,39,0,0,26,14,96626,4736,14792,49.4,2.53,2.83,0.75,1.52,0,1,3.8,9.49,0,0,116154,0.81,0.43,-0.38
"8470638","BOS",88,1341,909,60,31,14,30,5,9,0,357,240,21,17,0,0,14,21,72302,11107,7364,59.6,2.99,1.54,2.19,4.54,0,1,6.81,8.31,0,0,90773,0.56,0.83,0.27
"8470640","PHI",93,1541,1488,67,67,2,27,3,9,4,337,216,24,11,0,0,21,11,95294,13594,11405,50.9,2.53,2.53,1.1,3.18,1.26,0.9815,6.36,3.47,0,0,120293,0.63,0.33,-0.3
"8471236","PHI",63,1006,957,48,42,5,16,2,1,0,107,212,8,16,0,0,19,12,58123,6294,8959,51.2,2.97,2.6,1.3,1.72,0,1,4.58,6.43,0,0,73376,0.93,0.59,-0.34
"8471276","BOS",86,1313,1112,62,64,18,30,3,8,1,365,80,24,7,0,0,20,18,74372,10899,5018,54.1,3,3.1,2.32,3.63,0.72,0.9875,7.93,5.02,0,0,90289,0.8,0.72,-0.08
"8471514","BOS",64,781,725,38,23,10,18,1,10,1,298,144,16,7,0,0,13,9,48052,9200,5356,51.9,2.85,1.72,2.1,4.3,0.67,0.9931,6.26,4.71,0,0,62608,0.75,0.52,-0.23
"8473419","BOS",83,1285,892,58,35,19,22,5,2,0,284,144,15,11,0,0,22,34,67922,8998,5669,59,3.07,1.86,2.17,2.8,0,1,6,6.99,0,0,82589,0.96,1.48,0.52
"8473473","BOS",88,1352,1073,68,55,19,33,6,4,1,353,1,22,0,0,0,34,19,74143,10545,1538,55.8,3.3,2.67,2.52,3.41,2.34,0,7.51,0,0,0,86226,1.42,0.79,-0.63
"8473512","PHI",87,1261,1161,66,51,20,32,9,36,6,650,288,51,22,0,0,16,41,78697,15387,8577,52.1,3.02,2.33,2.38,10.53,2.52,0.9792,11.93,9.23,0,0,102661,0.56,1.44,0.88
"8473568","CAR",60,576,636,11,16,3,5,0,0,0,1,52,0,1,0,0,4,5,37637,1129,1878,47.5,1.05,1.53,0.77,0,0,1,0,1.92,0,0,40644,0.35,0.44,0.09
"8474037","PHI",50,583,544,26,25,8,10,2,3,2,204,0,11,0,0,0,14,12,34252,6990,761,51.7,2.73,2.63,1.89,2.58,9.46,NA,5.67,0,0,0,42003,1.2,1.03,-0.17
"8474161","PHI",89,1025,957,55,40,18,22,1,12,3,549,60,36,6,0,0,20,22,63938,13552,3150,51.7,3.1,2.25,2.25,3.45,3.43,0.95,9.56,6.86,0,0,80640,0.89,0.98,0.09
"8474190","PHI",93,1024,1083,46,50,14,18,12,7,4,559,1,42,0,0,0,26,30,68839,13813,1411,48.6,2.41,2.61,1.67,4.95,10.21,-3,10.95,0,0,0,84063,1.11,1.28,0.17
"8474736","PHI",71,403,471,18,21,2,7,0,0,0,1,0,0,0,0,0,39,24,29480,857,387,46.1,2.2,2.56,1.1,0,0,NA,0,0,0,0,30724,4.57,2.81,-1.76
"8474749","BOS",3,15,16,0,2,0,0,0,0,0,0,0,0,0,0,0,0,0,1026,0,0,48.4,0,7.02,0,NA,NA,NA,NA,NA,0,0,1026,0,0,0
"8475150","BOS",50,447,445,20,21,7,8,0,0,0,22,34,2,1,0,0,7,3,30984,1383,861,50.1,2.32,2.44,1.74,0,0,1,5.21,4.18,0,0,33228,0.76,0.33,-0.43
"8475794","BOS",88,1402,964,75,43,24,29,5,10,0,333,4,19,0,0,0,15,23,72815,11183,1107,59.3,3.71,2.13,2.62,4.83,0,1,6.12,0,0,0,85105,0.63,0.97,0.34
"8476177","PHI",90,899,900,49,41,19,16,5,8,2,286,355,22,28,0,0,8,17,61371,11972,13432,50,2.87,2.41,2.05,3.91,0.54,0.9944,6.62,7.5,0,0,86775,0.33,0.71,0.38
"8476461","PHI",88,755,815,36,26,13,13,0,1,0,35,349,5,31,0,0,8,20,55183,3651,12640,48.1,2.35,1.7,1.7,0.99,0,1,4.93,8.83,0,0,71474,0.4,1.01,0.61
"8459628","MTL",81,881,1009,42,46,0,10,0,0,0,2,427,0,20,0,0,15,9,65785,733,12074,46.6,2.3,2.52,0.55,0,0,1,0,5.96,0,0,78592,0.69,0.41,-0.28
"8467351","MTL",38,429,386,14,17,0,8,2,1,3,123,2,5,0,0,0,7,7,25359,5322,306,52.6,1.99,2.41,1.14,2.03,35.29,-0.5,3.38,0,0,0,30987,0.81,0.81,0
"8467396","MTL",82,1119,1073,57,43,23,19,11,3,4,428,7,28,0,0,0,24,31,69284,12304,2504,51,2.96,2.23,2.18,4.1,5.75,0.4286,8.19,0,0,0,84092,1.03,1.33,0.3
"8467407","MTL",31,396,388,18,18,5,6,2,1,3,133,107,5,2,0,0,8,11,24915,5034,3707,50.5,2.6,2.6,1.59,2.15,2.91,0.972,3.58,1.94,0,0,33656,0.86,1.18,0.32
"8467439","CAR",46,623,591,27,20,2,7,2,2,0,125,33,7,1,0,0,4,5,35672,3824,2472,51.3,2.72,2.02,0.91,3.77,0,1,6.59,1.46,0,0,41968,0.34,0.43,0.09
"8468463","MTL",61,495,511,12,18,3,5,0,0,0,50,158,1,6,0,0,8,14,35103,2142,5366,49.2,1.23,1.85,0.82,0,0,1,1.68,4.03,0,0,42611,0.68,1.18,0.5
"8468635","MTL",48,486,603,21,24,8,7,0,0,0,10,173,0,10,0,0,8,9,36745,1038,4889,44.6,2.06,2.35,1.47,0,0,1,0,7.36,0,0,42672,0.67,0.76,0.09
"8468639","TOR",66,983,1021,36,48,3,8,4,9,1,312,65,24,8,0,0,9,14,66628,9596,3461,49.1,1.95,2.59,0.59,4.88,1.04,0.9846,9,8.32,0,0,79685,0.41,0.63,0.22
"8468695","TOR",62,610,707,23,39,7,9,0,0,1,25,140,2,9,0,0,5,1,42404,1871,4666,46.3,1.95,3.31,1.36,0,0.77,0.9929,3.85,6.94,0,0,48941,0.37,0.07,-0.3
"8469460","TOR",45,529,609,22,35,1,4,0,0,0,1,135,0,11,0,0,13,8,38451,497,4356,46.5,2.06,3.28,0.47,0,0,1,0,9.09,0,0,43304,1.08,0.67,-0.41
"8469474","TOR",29,188,239,4,12,1,2,0,0,0,1,10,0,1,0,0,2,5,15068,268,602,44,0.96,2.87,0.72,0,0,1,0,5.98,0,0,15938,0.45,1.13,0.68
"8469483","TOR",76,629,674,17,32,5,5,1,0,1,25,281,4,24,0,0,5,8,46552,1335,7573,48.3,1.31,2.47,0.77,2.7,0.48,0.9964,10.79,11.41,0,0,55460,0.32,0.52,0.2
"8469500","MTL",66,753,856,39,35,17,12,3,9,4,319,48,17,2,0,0,13,20,53808,9949,2611,46.8,2.61,2.34,1.94,4.34,5.52,0.9167,6.15,2.76,0,0,66368,0.71,1.08,0.37
"8469521","MTL",81,913,1054,34,45,8,17,5,13,5,379,392,23,19,0,0,26,14,66886,12569,11476,46.4,1.83,2.42,1.35,5.16,1.57,0.9872,6.59,5.96,0,0,90931,1.03,0.55,-0.48
"8470207","TOR",66,984,1050,55,58,15,24,8,13,1,354,1,26,1,0,0,23,25,58082,9435,1331,48.4,3.41,3.59,2.42,8.01,2.7,0,9.92,2.7,0,0,68848,1.2,1.31,0.11
"8470324","MTL",82,1195,1302,60,44,1,14,0,0,0,35,482,1,23,0,0,17,7,83439,3975,14094,47.9,2.59,1.9,0.65,0,0,1,0.91,5.87,0,0,101508,0.6,0.25,-0.35
"8470329","MTL",43,489,581,21,24,2,5,0,3,0,108,32,5,2,0,0,4,9,34489,5555,2267,45.7,2.19,2.51,0.73,1.94,0,1,3.24,3.18,0,0,42311,0.34,0.77,0.43
"8470602","TOR",82,1395,1405,52,64,4,13,7,15,4,456,351,35,27,0,0,31,30,92068,12646,9905,49.8,2.03,2.5,0.66,6.26,1.45,0.9886,9.96,9.81,0,0,114619,0.97,0.94,-0.03
"8470603","MTL",80,932,999,48,40,14,19,5,2,3,177,3,12,0,0,0,14,13,61147,8196,467,48.3,2.83,2.35,1.94,3.07,23.13,0,5.27,0,0,0,69810,0.72,0.67,-0.05
"8470697","TOR",30,181,199,0,3,0,0,0,0,0,0,111,0,9,0,0,7,2,15114,139,2985,47.6,0,0.71,0,0,0,1,0,10.85,0,0,18238,1.38,0.39,-0.99
"8470816","TOR",31,120,159,1,5,0,0,0,0,0,1,0,0,0,0,0,10,3,10690,25,205,43,0.34,1.68,0,0,0,NA,0,0,0,0,10920,3.3,0.99,-2.31
"8471362","TOR",74,1126,969,50,44,16,22,5,5,2,210,39,15,5,0,0,13,16,61948,8913,2005,53.7,2.91,2.56,2.21,4.04,3.59,0.9487,6.06,8.98,0,0,72866,0.64,0.79,0.15
"8471371","TOR",50,350,390,7,17,2,1,0,0,0,2,67,0,6,0,0,7,9,25270,407,1708,47.3,1,2.42,0.43,0,0,1,0,12.65,0,0,27385,0.92,1.18,0.26
"8471679","MTL",65,2649,2820,113,115,0,2,0,0,6,599,589,35,26,0,0,3,17,178976,20982,21993,48.4,2.27,2.31,0.04,0,0.98,0.9898,6.01,4.26,0,0,221951,0.05,0.28,0.23
"8471976","MTL",81,1035,1080,58,43,10,23,3,17,4,421,27,29,0,0,0,12,18,66552,12129,3956,48.9,3.14,2.33,1.79,5.94,3.64,0.8519,8.61,0,0,0,82637,0.52,0.78,0.26
"8473503","TOR",34,1354,1465,60,62,0,0,0,0,2,267,311,17,30,0,0,0,5,88665,9012,8935,48,2.44,2.52,0,0,0.81,0.9936,6.79,12.09,0,0,106612,0,0.17,0.17
"8473548","TOR",82,1291,1329,64,69,22,28,10,13,3,432,6,33,0,0,0,10,17,78238,11765,2163,49.3,2.94,3.17,2.3,7.04,4.99,0.5,10.1,0,0,0,92166,0.39,0.66,0.27
"8473579","TOR",70,875,831,37,33,5,15,1,4,1,77,136,8,9,0,0,3,8,51429,3751,5025,51.3,2.59,2.31,1.4,4.8,0.72,0.9926,7.68,6.45,0,0,60205,0.18,0.48,0.3
"8474056","MTL",81,1224,1241,61,42,1,17,5,9,5,442,275,26,12,0,0,47,39,82563,14403,10929,49.7,2.66,1.83,0.78,3.5,1.65,0.9818,6.5,3.95,0,0,107895,1.57,1.3,-0.27
"8474125","TOR",76,1141,1188,45,51,4,9,0,6,3,135,360,10,27,0,0,10,12,76406,5893,9813,49,2.12,2.4,0.61,3.67,1.1,0.9917,6.11,9.91,0,0,92112,0.39,0.47,0.08
"8474134","MTL",60,559,681,22,24,0,10,4,4,1,253,65,13,6,0,0,14,7,41067,8328,3625,45.1,1.93,2.1,0.88,3.46,0.99,0.9846,5.62,5.96,0,0,53020,0.95,0.48,-0.47
"8474157","MTL",79,1122,1050,56,50,25,20,4,9,3,402,10,26,0,0,0,23,23,66454,11455,2075,51.7,3.03,2.71,2.44,4.09,5.2,0.7,8.17,0,0,0,79984,1.04,1.04,0
"8474192","TOR",56,596,627,26,26,8,6,0,1,2,42,2,5,0,0,0,10,7,39761,2680,429,48.7,2.35,2.35,1.27,1.34,16.78,0,6.72,0,0,0,42870,0.84,0.59,-0.25
"8474568","TOR",79,1045,1183,50,59,1,18,0,1,0,9,192,1,19,0,0,16,9,65754,1059,6804,46.9,2.74,3.23,1.04,3.4,0,1,3.4,10.05,0,0,73617,0.78,0.44,-0.34
"8474581","TOR",75,1257,1260,61,60,5,15,1,6,4,201,209,14,14,0,0,9,11,75585,8392,8121,49.9,2.91,2.86,0.95,3,1.77,0.9809,6.01,6.21,0,0,92098,0.35,0.43,0.08
"8475098","TOR",73,1007,1112,49,57,12,17,4,8,1,324,83,23,6,0,0,11,12,64444,8620,4126,47.5,2.74,3.18,1.62,5.01,0.87,0.988,9.61,5.24,0,0,77190,0.51,0.56,0.05
"8475372","MTL",12,60,63,1,2,0,0,0,0,0,0,19,0,2,0,0,2,0,3943,0,680,48.8,0.91,1.83,0,NA,0,1,NA,10.59,0,0,4623,1.56,0,-1.56
"8476244","MTL",59,766,830,24,30,3,7,0,4,3,135,107,6,2,0,0,15,4,48703,6600,5179,48,1.77,2.22,0.74,2.18,2.09,0.972,3.27,1.39,0,0,60482,0.89,0.24,-0.65
"8460719","PIT",85,996,810,50,42,11,16,7,17,7,673,0,46,0,0,0,12,11,58731,14130,597,55.1,3.06,2.57,1.66,6.11,42.21,NA,11.72,0,0,0,73458,0.59,0.54,-0.05
"8464979","FLA",55,479,446,11,25,3,2,0,0,1,71,86,2,5,0,0,7,9,32448,3084,3639,51.8,1.22,2.77,0.55,0,0.99,0.9884,2.33,4.95,0,0,39171,0.64,0.83,0.19
"8465025","PIT",67,486,503,23,30,5,11,0,0,0,12,0,0,0,0,0,13,10,34727,690,245,49.1,2.38,3.11,1.66,0,0,NA,0,0,0,0,35662,1.31,1.01,-0.3
"8465166","PIT",87,535,554,21,29,5,10,0,0,0,3,359,0,20,0,0,9,11,43921,506,11872,49.1,1.72,2.38,1.23,0,0,1,0,6.06,0,0,56299,0.58,0.7,0.12
"8465202","VAN",74,979,926,38,36,2,6,7,7,3,382,238,25,17,0,0,6,7,63845,9379,9279,51.4,2.14,2.03,0.45,5.37,1.16,0.9874,9.6,6.6,0,0,82503,0.26,0.31,0.05
"8465951","PIT",88,947,851,44,43,14,14,1,6,1,157,298,7,17,0,0,25,29,60594,8107,11014,52.7,2.61,2.55,1.66,3.11,0.33,0.9966,3.11,5.56,0,0,79715,1.13,1.31,0.18
"8466141","VAN",57,2399,2158,99,86,0,0,0,1,5,579,445,39,36,0,0,2,3,149611,17448,16302,52.6,2.38,2.07,0,0.21,1.1,0.9888,8.05,7.95,0,0,183361,0.04,0.06,0.02
"8466393","PIT",88,1175,1025,65,51,23,34,0,1,1,51,277,3,22,0,0,16,8,69528,3391,10953,53.4,3.37,2.64,2.95,1.06,0.33,0.9964,3.18,7.23,0,0,83872,0.69,0.34,-0.35
"8467334","VAN",83,525,811,24,39,6,11,0,0,0,6,328,1,21,0,0,7,12,48216,1372,9123,39.3,1.79,2.91,1.27,0,0,1,2.62,8.29,0,0,58711,0.43,0.74,0.31
"8467463","FLA",61,712,664,28,27,5,12,7,10,0,274,3,24,0,0,0,11,13,47568,7140,618,51.7,2.12,2.04,1.29,8.57,0,1,12.1,0,0,0,55326,0.72,0.85,0.13
"8467875","VAN",74,1130,798,50,35,15,22,10,17,3,544,7,40,0,0,0,20,11,62695,11672,2110,58.6,2.87,2.01,2.12,8.33,5.12,0.5714,12.34,0,0,0,76477,0.94,0.52,-0.42
"8467876","VAN",87,1347,976,65,38,6,45,10,19,3,641,6,43,1,0,0,27,23,73932,14645,2957,58,3.17,1.85,2.48,7.13,3.65,0.5,10.57,1.22,0,0,91534,1.06,0.9,-0.16
"8468542","PIT",76,1389,1129,64,63,3,14,0,4,5,203,247,8,19,0,0,9,14,77909,8952,10294,55.2,2.96,2.91,0.79,1.61,1.75,0.9798,3.22,6.64,0,0,97155,0.33,0.52,0.19
"8468674","PIT",79,1087,1002,49,41,4,13,0,0,0,4,117,0,8,0,0,10,8,66356,579,5394,52,2.66,2.22,0.92,0,0,1,0,5.34,0,0,72329,0.5,0.4,-0.1
"8469465","VAN",87,1491,1214,72,45,3,18,1,13,2,295,397,21,17,0,0,16,12,89517,10555,12570,55.1,2.9,1.81,0.84,4.77,0.57,0.995,7.16,4.87,0,0,112642,0.51,0.38,-0.13
"8469598","VAN",83,1538,1239,68,57,6,23,2,8,3,212,316,16,9,0,0,30,20,87934,10085,10708,55.4,2.78,2.33,1.19,3.57,1.01,0.9905,5.71,3.03,0,0,108727,0.99,0.66,-0.33
"8469760","PIT",68,1071,980,47,52,2,9,0,1,0,18,341,1,17,0,0,12,15,69861,2292,10716,52.2,2.42,2.68,0.57,1.57,0,1,1.57,5.71,0,0,82869,0.52,0.65,0.13
"8470054","VAN",51,628,638,20,23,1,6,0,0,0,5,78,0,7,0,0,18,18,39952,1374,4016,49.6,1.8,2.07,0.63,0,0,1,0,6.27,0,0,45342,1.43,1.43,0
"8470274","VAN",76,984,826,42,33,13,17,1,7,2,175,127,16,6,0,0,9,14,55338,8274,5505,54.4,2.73,2.15,1.95,3.48,1.31,0.9843,6.96,3.92,0,0,69117,0.47,0.73,0.26
"8470358","VAN",85,1240,878,54,34,22,17,3,4,0,338,228,17,12,0,0,36,35,69460,9755,8130,58.5,2.8,1.76,2.02,2.58,0,1,6.27,5.31,0,0,87345,1.48,1.44,-0.04
"8470543","PIT",88,1379,991,74,46,21,24,7,12,11,695,14,45,1,0,0,26,20,73763,14371,2264,58.2,3.61,2.25,2.2,4.76,17.49,0.2143,11.27,1.59,0,0,90398,1.04,0.8,-0.24
"8470594","PIT",73,3226,2742,167,128,0,1,0,2,9,781,543,46,33,0,0,2,15,195017,22760,21536,54.1,3.08,2.36,0.02,0.32,1.5,0.9834,7.28,5.52,0,0,239313,0.03,0.23,0.2
"8470654","VAN",87,664,796,24,29,8,10,0,0,0,1,128,0,8,0,0,18,23,50257,1258,5854,45.5,1.72,2.08,1.29,0,0,1,0,4.92,0,0,57369,1.13,1.44,0.31
"8471215","PIT",81,1373,1027,78,50,33,37,13,23,9,781,4,54,1,0,0,37,51,74854,17224,2157,57.2,3.75,2.4,3.37,7.52,15.02,-1.25,11.29,1.67,0,0,94235,1.41,1.95,0.54
"8471303","VAN",87,1431,1281,55,63,6,16,6,17,3,570,291,38,14,0,0,21,14,88637,14103,10693,52.8,2.23,2.56,0.89,5.87,1.01,0.9897,9.7,4.71,0,0,113433,0.67,0.44,-0.23
"8471311","PIT",66,883,655,37,26,12,19,0,4,0,141,1,8,0,0,0,8,10,46714,6752,570,57.4,2.85,2,2.39,2.13,0,1,4.27,0,0,0,54036,0.53,0.67,0.14
"8471498","VAN",87,1013,941,47,35,15,19,0,0,0,12,293,0,21,0,0,19,23,62569,2506,8938,51.8,2.7,2.01,1.96,0,0,1,0,8.46,0,0,74013,0.92,1.12,0.2
"8471702","PIT",79,1203,892,53,40,1,12,4,5,4,353,54,20,6,0,0,24,9,66799,10547,3564,57.4,2.86,2.16,0.7,3.07,4.04,0.9259,6.83,6.06,0,0,80910,1.07,0.4,-0.67
"8471707","PIT",85,1353,1015,69,53,22,25,18,15,9,723,2,49,0,0,0,37,35,74165,14907,1566,57.1,3.35,2.57,2.28,7.97,20.69,-3.5,11.83,0,0,0,90638,1.47,1.39,-0.08
"8471724","PIT",57,1014,835,66,40,3,22,5,12,6,496,111,37,6,0,0,20,25,59611,11393,5941,54.8,3.99,2.42,1.51,5.37,3.64,0.9459,11.69,3.64,0,0,76945,0.94,1.17,0.23
"8471856","PIT",72,577,600,19,26,4,9,0,0,0,9,65,0,7,0,0,14,19,42591,924,2474,49,1.61,2.2,1.1,0,0,1,0,10.19,0,0,45989,1.1,1.49,0.39
"8473533","PIT",68,993,826,50,45,17,22,6,2,1,214,246,10,18,0,0,18,16,57673,9322,8155,54.6,3.12,2.81,2.43,3.09,0.44,0.9959,3.86,7.95,0,0,75150,0.86,0.77,-0.09
"8473914","CBJ",62,661,628,30,38,7,10,4,4,2,295,81,16,9,0,0,4,5,43836,8436,2623,51.3,2.46,3.12,1.4,3.41,2.74,0.9753,6.83,12.35,0,0,54895,0.26,0.33,0.07
"8473933","PIT",36,440,360,14,14,1,3,0,0,0,7,24,1,0,0,0,4,1,25777,305,1506,55,1.96,1.96,0.56,0,0,1,11.8,0,0,0,27588,0.52,0.13,-0.39
"8474570","VAN",83,793,814,38,37,11,15,6,7,3,255,32,18,2,0,0,5,18,54175,9555,1682,49.3,2.53,2.46,1.73,4.9,6.42,0.9062,6.78,4.28,0,0,65412,0.28,0.99,0.71
"8474668","VAN",70,408,524,13,13,4,4,0,0,0,4,5,0,0,0,0,8,11,32377,664,581,43.8,1.45,1.45,0.89,0,0,1,0,0,0,0,33622,0.86,1.18,0.32
"8475619","VAN",23,151,190,5,6,1,0,0,0,0,1,1,0,1,0,0,6,3,11714,271,310,44.3,1.54,1.84,0.31,0,0,1,0,11.61,0,0,12295,1.76,0.88,-0.88
"8475690","VAN",30,439,369,17,8,0,2,0,0,1,4,51,0,5,0,0,1,5,25738,598,2015,54.3,2.38,1.12,0.28,0,1.79,0.9804,0,8.93,0,0,28351,0.13,0.63,0.5
"8460806","TBL",40,1415,1544,70,83,0,0,0,0,6,282,365,19,30,0,0,3,7,97602,10468,10433,47.8,2.58,3.06,0,0,2.07,0.9836,6.53,10.35,0,0,118503,0.09,0.21,0.12
"8465122","TBL",82,947,1146,40,60,2,10,0,2,2,145,283,9,29,0,0,10,4,69036,6378,9801,45.2,2.09,3.13,0.63,1.13,0.73,0.9929,5.08,10.65,0,0,85215,0.42,0.17,-0.25
"8465200","MTL",72,834,940,36,41,2,13,1,15,5,462,6,30,1,0,0,6,0,58690,11637,1365,47,2.21,2.51,0.92,4.95,13.19,0.1667,9.28,2.64,0,0,71692,0.3,0,-0.3
"8465210","TBL",74,1001,1086,49,58,3,11,0,0,2,89,222,6,14,0,0,27,11,66231,5423,7018,48,2.66,3.15,0.76,0,1.03,0.991,3.98,7.18,0,0,78672,1.24,0.5,-0.74
"8466142","TBL",82,1196,1441,67,72,1,13,0,2,2,129,474,5,37,0,0,22,5,88324,5553,11651,45.4,2.73,2.93,0.57,1.3,0.62,0.9958,3.24,11.43,0,0,105528,0.75,0.17,-0.58
"8466378","TBL",77,1170,1327,75,69,19,31,2,12,6,440,36,29,1,0,0,8,22,80773,12296,3546,46.9,3.34,3.08,2.23,4.1,6.09,0.8333,8.49,1.02,0,0,96615,0.3,0.82,0.52
"8467329","TBL",64,868,911,49,43,14,18,4,5,5,347,14,15,1,0,0,19,17,55463,9700,2153,48.8,3.18,2.79,2.08,3.34,8.36,0.6429,5.57,1.67,0,0,67316,1.02,0.91,-0.11
"8467332","CAR",82,1169,1280,43,55,1,12,0,0,0,13,370,0,28,0,0,33,10,77354,2467,9146,47.7,2,2.56,0.61,0,0,1,0,11.02,0,0,88967,1.34,0.4,-0.94
"8467412","NJD",106,1228,1035,46,42,10,23,5,3,0,214,58,14,3,0,0,23,20,78363,8035,3352,54.3,2.11,1.93,1.52,3.58,0,1,6.27,3.22,0,0,89750,0.92,0.8,-0.12
"8467925","TBL",57,354,441,14,24,2,5,0,0,0,3,296,1,23,0,0,6,9,30727,818,6487,44.5,1.64,2.81,0.82,0,0,1,4.4,12.76,0,0,38032,0.57,0.85,0.28
"8467988","TBL",68,798,907,44,45,13,18,4,9,5,300,60,22,5,0,0,16,19,56642,8212,2477,46.8,2.8,2.86,1.97,5.7,7.27,0.9167,9.64,7.27,0,0,67331,0.86,1.02,0.16
"8468575","TBL",82,868,952,26,45,3,16,0,3,2,101,228,6,21,0,0,27,27,60474,5006,7629,47.7,1.55,2.68,1.13,2.16,0.94,0.9912,4.31,9.91,0,0,73109,1.33,1.33,0
"8469462","CAR",72,927,966,46,41,14,13,3,1,1,292,4,9,0,0,0,24,30,56054,9440,1015,49,2.95,2.63,1.73,1.53,3.55,0.75,3.43,0,0,0,66509,1.3,1.62,0.32
"8469476","CAR",82,1260,1374,49,49,1,13,0,2,0,35,406,2,33,0,0,18,17,81829,3562,9432,47.8,2.16,2.16,0.62,2.02,0,1,2.02,12.6,0,0,94823,0.68,0.65,-0.03
"8469531","CAR",72,1100,1181,37,47,7,8,2,4,0,171,205,11,16,0,0,20,13,70141,5969,6645,48.2,1.9,2.41,0.77,3.62,0,1,6.63,8.67,0,0,82755,0.87,0.57,-0.3
"8469638","CAR",79,986,991,39,41,6,17,3,15,2,388,153,24,15,0,0,26,18,61553,10574,5812,49.9,2.28,2.4,1.35,6.13,1.24,0.9869,8.17,9.29,0,0,77939,1.2,0.83,-0.37
"8469765","TBL",43,636,579,37,28,3,11,1,7,2,174,8,9,1,0,0,10,5,39251,6584,1244,52.3,3.39,2.57,1.28,4.37,5.79,0.75,4.92,2.89,0,0,47079,0.76,0.38,-0.38
"8469812","CAR",67,924,915,31,45,12,9,3,4,2,215,79,17,7,0,0,23,15,53437,7363,3195,50.2,2.09,3.03,1.41,3.42,2.25,0.9747,8.31,7.89,0,0,63995,1.29,0.84,-0.45
"8470137","CAR",30,434,477,16,28,3,5,2,6,2,195,82,13,4,0,0,8,4,29104,5163,3024,47.6,1.98,3.46,0.99,5.58,2.38,0.9756,9.06,4.76,0,0,37291,0.77,0.39,-0.38
"8470283","CAR",79,503,686,24,31,8,8,3,3,0,168,85,15,3,0,0,11,6,42067,5392,2468,42.3,2.05,2.65,1.37,4.01,0,1,10.01,4.38,0,0,49927,0.79,0.43,-0.36
"8470302","CAR",73,808,920,19,24,3,5,0,1,0,21,265,3,16,0,0,9,24,53819,2998,6485,46.8,1.27,1.61,0.54,1.2,0,1,3.6,8.88,0,0,63302,0.51,1.36,0.85
"8470320","CAR",68,2928,3137,114,132,0,0,0,0,2,620,552,37,35,0,0,2,12,186662,20970,16712,48.3,2.2,2.55,0,0,0.43,0.9964,6.35,7.54,0,0,224344,0.03,0.19,0.16
"8470595","CAR",82,1265,1258,51,66,12,27,7,15,4,450,195,31,14,0,0,24,36,77528,12368,6472,50.1,2.37,3.06,1.81,6.4,2.22,0.9795,9.02,7.79,0,0,96368,0.9,1.34,0.44
"8470618","CAR",77,479,578,23,26,9,8,0,2,0,37,1,2,0,0,0,5,6,34954,1860,305,45.3,2.37,2.68,1.75,3.87,0,1,3.87,0,0,0,37119,0.48,0.58,0.1
"8470775","TBL",68,561,693,19,42,9,5,0,0,0,9,323,0,26,0,0,8,10,47587,1690,7320,44.7,1.44,3.18,1.06,0,0,1,0,12.79,0,0,56597,0.51,0.64,0.13
"8471634","TBL",45,398,386,15,20,3,6,1,2,3,46,34,3,3,0,0,5,6,27427,2762,1405,50.8,1.97,2.63,1.18,3.91,7.69,0.9118,3.91,7.69,0,0,31594,0.57,0.68,0.11
"8471703","TBL",75,988,903,53,52,12,21,2,4,4,202,2,7,0,0,0,35,30,58924,8352,901,52.2,3.24,3.18,2.02,2.59,15.98,-1,3.02,0,0,0,68177,1.85,1.58,-0.27
"8471767","TBL",43,323,360,7,10,2,4,0,1,0,39,59,1,5,0,0,8,9,24281,2091,1678,47.3,1.04,1.48,0.89,1.72,0,1,1.72,10.73,0,0,28050,1.03,1.16,0.13
"8473482","CAR",79,914,1039,42,42,14,14,2,4,0,75,146,9,5,0,0,11,8,58885,3816,4018,46.8,2.57,2.57,1.71,5.66,0,1,8.49,4.48,0,0,66719,0.59,0.43,-0.16
"8473962","TBL",81,996,1008,62,46,14,28,8,10,7,264,7,23,0,0,0,8,12,62913,10279,1227,49.7,3.55,2.63,2.4,6.3,20.54,0,8.06,0,0,0,74419,0.39,0.58,0.19
"8474091","CAR",82,986,1135,29,32,10,13,1,1,0,39,329,3,26,0,0,8,21,65721,4261,8419,46.5,1.59,1.75,1.26,1.69,0,1,2.53,11.12,0,0,78401,0.37,0.96,0.59
"8474564","TBL",82,1228,1271,82,61,41,23,12,10,9,476,51,30,2,0,0,33,42,82099,13434,4024,49.1,3.6,2.67,2.81,5.9,8.05,0.8235,8.04,1.79,0,0,99557,1.19,1.52,0.33
"8474610","CAR",16,117,152,5,8,1,2,0,0,0,17,0,1,0,0,0,2,0,8372,552,81,43.5,2.15,3.44,1.29,0,0,NA,6.52,0,0,0,9005,0.8,0,-0.8
"8475118","TBL",70,949,928,48,42,3,15,0,0,1,46,111,0,8,0,0,9,9,61175,2927,5079,50.6,2.82,2.47,1.06,0,0.71,0.991,0,5.67,0,0,69181,0.47,0.47,0
"8475167","TBL",61,947,1028,47,50,4,11,0,4,3,80,308,6,20,0,0,24,16,65179,4618,8171,47.9,2.6,2.76,0.83,3.12,1.32,0.9903,4.68,8.81,0,0,77968,1.11,0.74,-0.37
"8475753","CAR",66,1020,1096,35,42,2,6,5,7,0,279,182,21,11,0,0,12,8,67743,9393,6165,48.2,1.86,2.23,0.43,4.6,0,1,8.05,6.42,0,0,83301,0.52,0.35,-0.17
"8475784","CAR",64,868,866,40,42,15,14,4,9,3,331,20,18,0,0,0,23,51,55282,9213,1902,50.1,2.6,2.74,1.89,5.08,5.68,0.85,7.03,0,0,0,66397,1.25,2.77,1.52
"8475792","TBL",68,554,634,22,24,2,9,1,2,3,78,2,5,0,0,0,15,11,39603,5436,547,46.6,2,2.18,1,1.99,19.74,-0.5,3.31,0,0,0,45586,1.18,0.87,-0.31
"8457063","DET",75,1318,988,59,36,6,8,4,13,2,511,197,33,14,0,0,14,3,77664,12881,7490,57.2,2.73,1.67,0.65,4.75,0.96,0.9898,9.22,6.73,0,0,98035,0.51,0.11,-0.4
"8458951","OTT",81,1298,1231,45,50,2,17,3,14,4,426,219,31,17,0,0,28,5,79593,13002,9688,51.3,2.04,2.26,0.86,4.71,1.49,0.9817,8.58,6.32,0,0,102283,0.99,0.18,-0.81
"8459444","DET",76,912,770,50,30,13,20,0,4,3,182,2,10,0,0,0,29,15,56958,7633,982,54.2,3.16,1.9,2.09,1.89,11,-0.5,4.72,0,0,0,65573,1.59,0.82,-0.77
"8460621","OTT",79,1138,908,46,38,14,20,9,7,4,408,128,30,8,0,0,9,14,64743,12072,7125,55.6,2.56,2.11,1.89,4.77,2.02,0.9688,8.95,4.04,0,0,83940,0.39,0.6,0.21
"8460743","DET",79,555,517,14,16,1,8,11,5,4,442,1,28,0,0,0,21,21,41848,11094,480,51.8,1.2,1.38,0.77,5.19,30,-3,9.09,0,0,0,53422,1.42,1.42,0
"8462225","OTT",80,1416,1299,70,52,2,16,3,9,1,251,422,21,24,0,0,18,5,82755,9146,13352,52.2,3.05,2.26,0.78,4.72,0.27,0.9976,8.27,6.47,0,0,105253,0.62,0.17,-0.45
"8464956","OTT",87,1265,1217,43,42,1,10,4,1,0,99,433,7,37,0,0,10,12,76417,4333,14200,51,2.03,1.98,0.52,4.15,0,1,5.82,9.38,0,0,94950,0.38,0.45,0.07
"8466149","DET",80,1000,810,39,36,9,19,2,0,2,153,232,6,14,0,0,16,17,58518,5820,7299,55.2,2.4,2.21,1.72,1.24,0.99,0.9914,3.71,6.91,0,0,71637,0.8,0.85,0.05
"8467331","DET",86,1260,1146,64,55,4,16,1,0,1,25,464,1,28,0,0,12,16,84073,3831,12872,52.4,2.74,2.36,0.86,0.94,0.28,0.9978,0.94,7.83,0,0,100776,0.43,0.57,0.14
"8467493","OTT",79,819,739,28,35,11,8,3,5,4,228,1,16,0,0,0,39,28,51333,7467,469,52.6,1.96,2.45,1.33,3.86,30.7,-3,7.71,0,0,0,59269,2.37,1.7,-0.67
"8467514","DET",75,1063,719,51,26,11,29,4,19,1,438,153,27,7,0,0,8,23,64649,10306,5497,59.7,2.84,1.45,2.23,8.03,0.65,0.9935,9.43,4.58,0,0,80452,0.36,1.03,0.67
"8467950","OTT",70,3052,2801,124,120,0,2,0,1,4,604,639,37,44,0,0,2,9,180551,18974,22910,52.1,2.47,2.39,0.04,0.19,0.63,0.9937,7.02,6.91,0,0,222435,0.03,0.15,0.12
"8468083","DET",87,1267,967,68,50,19,32,4,11,5,491,153,28,12,0,0,18,22,75820,13463,6998,56.7,3.23,2.37,2.42,4.01,2.57,0.9673,7.49,6.17,0,0,96281,0.67,0.82,0.15
"8468509","DET",87,1241,1096,60,56,8,12,7,7,6,406,400,26,24,0,0,21,14,85575,12199,12458,53.1,2.52,2.36,0.84,4.13,1.73,0.985,7.67,6.94,0,0,110232,0.69,0.46,-0.23
"8469455","OTT",87,1416,1221,66,56,20,34,10,14,6,553,50,40,4,0,0,22,17,77876,14136,3919,53.7,3.05,2.59,2.5,6.11,5.51,0.88,10.19,3.67,0,0,95931,0.83,0.64,-0.19
"8470047","DET",86,1126,1027,67,48,17,35,3,9,7,357,103,20,10,0,0,8,18,70537,12211,6027,52.3,3.42,2.45,2.65,3.54,4.18,0.932,5.9,5.97,0,0,88775,0.32,0.73,0.41
"8470201","DET",86,1081,883,63,47,24,17,2,8,6,314,2,21,0,0,0,23,18,65961,10904,1110,55,3.44,2.57,2.24,3.3,19.46,-2,6.93,0,0,0,77975,1.06,0.83,-0.23
"8470273","DET",82,1414,1094,76,47,8,13,0,10,4,426,136,19,12,0,0,11,11,85646,11825,6330,56.4,3.19,1.98,0.88,3.04,2.27,0.9706,5.78,6.82,0,0,103801,0.38,0.38,0
"8470318","DET",74,1006,846,44,31,1,9,0,0,0,19,222,0,10,0,0,24,10,62400,1629,8928,54.3,2.54,1.79,0.58,0,0,1,0,4.03,0,0,72957,1.18,0.49,-0.69
"8470599","OTT",84,1280,1141,57,49,20,18,10,5,6,432,183,33,11,0,0,18,20,71114,11887,8890,52.9,2.89,2.48,1.92,4.54,2.43,0.9672,9.99,4.45,0,0,91891,0.71,0.78,0.07
"8470657","DET",62,2660,2155,133,89,0,0,0,1,6,660,543,36,27,0,0,3,6,167474,20021,18673,55.2,2.86,1.91,0,0.18,1.16,0.989,6.47,5.21,0,0,206168,0.05,0.1,0.05
"8470778","DET",85,829,697,37,31,14,12,0,0,1,13,293,0,12,0,0,10,11,53287,1281,8957,54.3,2.5,2.09,1.76,0,0.4,0.9966,0,4.82,0,0,63525,0.57,0.62,0.05
"8471309","DET",82,1078,797,58,29,18,23,11,2,2,419,6,22,0,0,0,24,17,66004,11823,1800,57.5,3.16,1.58,2.24,3.96,4,0.6667,6.7,0,0,0,79627,1.09,0.77,-0.32
"8471683","OTT",55,607,669,26,29,1,14,0,0,1,15,134,2,9,0,0,15,2,42879,1490,4860,47.6,2.18,2.43,1.26,0,0.74,0.9925,4.83,6.67,0,0,49229,1.1,0.15,-0.95
"8471693","DET",55,650,553,28,20,1,11,0,1,1,62,17,1,0,0,0,10,9,40509,2332,2224,54,2.49,1.78,1.07,1.54,1.62,0.9412,1.54,0,0,0,45065,0.8,0.72,-0.08
"8471716","DET",86,852,735,32,30,8,14,0,0,1,12,194,1,14,0,0,16,27,53358,2063,6946,53.7,2.16,2.02,1.48,0,0.52,0.9948,1.75,7.26,0,0,62367,0.92,1.56,0.64
"8471794","DET",69,791,637,34,28,9,17,0,0,1,11,244,0,19,0,0,6,33,47754,2033,6664,55.4,2.56,2.11,1.96,0,0.54,0.9959,0,10.26,0,0,56451,0.38,2.1,1.72
"8471862","OTT",89,1198,1096,47,51,13,13,4,4,1,280,27,13,2,0,0,12,11,69382,7512,1801,52.2,2.44,2.65,1.35,3.83,2,0.963,6.23,4,0,0,78695,0.55,0.5,-0.05
"8473422","OTT",89,1138,967,46,51,11,26,1,6,1,170,18,11,2,0,0,41,35,66371,7589,1554,54.1,2.5,2.77,2.01,3.32,2.32,0.9444,5.22,4.63,0,0,75514,1.95,1.67,-0.28
"8473558","DET",76,444,441,17,16,7,3,0,1,0,16,49,1,2,0,0,8,11,32995,452,2377,50.2,1.85,1.75,1.09,7.96,0,1,7.96,3.03,0,0,35824,0.8,1.11,0.31
"8473588","OTT",88,978,810,34,30,6,14,0,0,0,3,390,1,32,0,0,15,12,57634,1600,11562,54.7,2.12,1.87,1.25,0,0,1,2.25,9.96,0,0,70796,0.76,0.61,-0.15
"8474250","OTT",88,987,936,36,39,11,10,1,0,0,39,294,3,26,0,0,29,32,59475,2462,8778,51.3,2.18,2.36,1.27,1.46,0,1,4.39,10.66,0,0,70715,1.48,1.63,0.15
"8474566","OTT",9,71,76,3,2,0,1,0,0,0,18,0,1,0,0,0,2,1,4403,582,54,48.3,2.45,1.64,0.82,0,0,NA,6.19,0,0,0,5039,1.43,0.71,-0.72
"8474578","OTT",88,1888,1540,84,70,16,30,4,25,5,624,52,42,5,0,0,23,22,101631,17157,5009,55.1,2.98,2.48,1.63,6.08,3.59,0.9038,8.81,3.59,0,0,123797,0.67,0.64,-0.03
"8475174","OTT",89,1227,1114,45,56,3,10,0,1,0,62,462,1,27,0,0,19,10,79190,3604,13456,52.4,2.05,2.55,0.59,1,0,1,1,7.22,0,0,96250,0.71,0.37,-0.34
"8475637","OTT",59,642,572,31,22,5,10,0,0,0,73,0,1,0,0,0,6,7,36343,3110,496,52.9,3.07,2.18,1.49,0,0,NA,1.16,0,0,0,39949,0.54,0.63,0.09
"8476205","OTT",22,197,178,8,18,3,2,0,0,0,46,0,0,0,0,0,4,4,13226,1992,143,52.5,2.18,4.9,1.36,0,0,NA,0,0,0,0,15361,0.94,0.94,0
"8476459","OTT",9,83,97,1,4,0,0,0,1,0,16,2,1,0,0,0,1,1,6124,411,164,46.1,0.59,2.35,0,8.76,0,1,8.76,0,0,0,6699,0.54,0.54,0
"8459492","CBJ",82,1088,1038,54,51,12,25,3,12,4,474,3,24,0,0,0,13,9,67409,13313,1458,51.2,2.88,2.72,1.98,4.06,9.88,-0.3333,6.49,0,0,0,82180,0.57,0.39,-0.18
"8465192","CBJ",85,791,891,27,33,4,12,0,0,0,3,270,0,25,0,0,19,13,60207,2626,7088,47,1.61,1.97,0.96,0,0,1,0,12.7,0,0,69921,0.98,0.67,-0.31
"8467330","NSH",88,1150,1097,51,49,12,19,5,13,1,269,183,24,8,0,0,18,17,74089,9708,7058,51.2,2.48,2.38,1.51,6.67,0.51,0.9945,8.9,4.08,0,0,90855,0.71,0.67,-0.04
"8468001","CBJ",66,389,459,14,15,4,6,1,0,0,4,154,1,17,0,0,10,18,34004,864,5202,45.9,1.48,1.59,1.06,4.17,0,1,4.17,11.76,0,0,40070,0.9,1.62,0.72
"8468064","NSH",81,909,1091,48,44,10,25,6,11,0,298,120,28,5,0,0,18,20,67970,9532,5232,45.5,2.54,2.33,1.85,6.42,0,1,10.57,3.44,0,0,82734,0.78,0.87,0.09
"8468101","CBJ",7,89,104,5,7,1,0,0,0,0,2,25,0,4,0,0,0,0,6606,294,791,46.1,2.72,3.81,0.54,0,0,1,0,18.2,0,0,7691,0,0,0
"8468162","NSH",74,474,654,17,27,1,5,0,0,1,7,266,0,19,0,0,18,7,42777,1209,5837,42,1.43,2.27,0.5,0,0.62,0.9962,0,11.72,0,0,49823,1.3,0.51,-0.79
"8468535","CBJ",98,1158,1176,54,57,8,24,7,5,3,303,175,19,18,0,0,21,25,76553,11263,6934,49.6,2.54,2.68,1.5,3.84,1.56,0.9829,6.07,9.35,0,0,94750,0.8,0.95,0.15
"8469469","CBJ",77,822,946,39,44,14,12,5,5,2,376,138,22,8,0,0,11,25,59328,12547,5210,46.5,2.37,2.67,1.58,2.87,1.38,0.9855,6.31,5.53,0,0,77085,0.51,1.17,0.66
"8469492","CBJ",66,973,933,39,50,3,9,1,11,4,363,253,23,24,0,0,22,13,69177,10528,7537,51,2.03,2.6,0.62,4.1,1.91,0.9842,7.86,11.46,0,0,87242,0.91,0.54,-0.37
"8469547","NSH",80,786,990,33,35,5,23,1,1,2,18,6,2,0,0,0,23,27,57710,2220,1103,44.3,2.06,2.18,1.75,3.24,6.53,0.6667,3.24,0,0,0,61033,1.36,1.59,0.23
"8470041","CBJ",82,1032,1156,48,55,18,16,6,12,5,489,81,26,10,0,0,19,43,67800,13414,4754,47.2,2.55,2.92,1.81,4.83,3.79,0.9383,6.98,7.57,0,0,85968,0.8,1.8,1
"8470600","NSH",89,1462,1517,61,56,3,14,4,22,3,471,376,44,18,0,0,17,3,105323,14541,11163,49.1,2.09,1.91,0.58,6.44,0.97,0.992,10.89,5.8,0,0,131027,0.47,0.08,-0.39
"8470604","CBJ",75,918,1000,36,48,13,13,14,3,3,416,90,22,5,0,0,9,11,62413,11152,4541,47.9,2.08,2.77,1.5,5.49,2.38,0.9667,7.1,3.96,0,0,78106,0.41,0.51,0.1
"8470630","NSH",76,947,1228,40,49,6,16,0,0,1,18,327,0,18,0,0,3,7,73828,2878,9177,43.5,1.95,2.39,1.07,0,0.39,0.9969,0,7.06,0,0,85883,0.13,0.29,0.16
"8470642","NSH",88,1486,1480,67,52,6,16,10,12,3,455,360,47,14,0,0,25,12,104143,13438,10735,50.1,2.32,1.8,0.76,5.89,1.01,0.9917,12.59,4.69,0,0,128316,0.7,0.34,-0.36
"8470760","CBJ",46,555,692,16,30,1,5,0,0,0,1,154,0,16,0,0,12,1,44420,1364,5432,44.5,1.3,2.43,0.49,0,0,1,0,10.6,0,0,51216,0.84,0.07,-0.77
"8471469","NSH",83,3079,3665,152,141,0,4,0,1,3,522,659,46,35,0,0,1,15,229040,20146,20932,45.7,2.39,2.22,0.06,0.18,0.52,0.9954,8.22,6.02,0,0,270118,0.01,0.2,0.19
"8471482","CBJ",63,694,748,23,29,3,7,1,4,2,178,66,8,10,0,0,16,6,50776,7000,3268,48.1,1.63,2.06,0.71,2.57,2.2,0.9697,4.11,11.02,0,0,61044,0.94,0.35,-0.59
"8471729","STL",64,799,772,40,24,5,6,0,3,1,162,38,2,2,0,0,10,13,53911,6787,2670,50.9,2.67,1.6,0.73,1.59,1.35,0.9737,1.06,2.7,0,0,63368,0.57,0.74,0.17
"8471741","NSH",9,68,112,2,3,0,0,0,0,0,0,6,0,1,0,0,4,1,5529,67,431,37.8,1.3,1.95,0,0,0,1,0,8.35,0,0,6027,2.39,0.6,-1.79
"8471811","PHX",33,275,352,8,17,1,4,1,1,0,47,8,3,0,0,0,2,3,20913,3035,622,43.9,1.38,2.93,0.86,2.37,0,1,3.56,0,0,0,24570,0.29,0.44,0.15
"8471859","NSH",85,895,1070,45,39,14,17,0,7,0,116,125,10,10,0,0,19,15,66336,6140,5058,45.5,2.44,2.12,1.68,4.1,0,1,5.86,7.12,0,0,77534,0.88,0.7,-0.18
"8471887","NSH",86,999,916,45,33,17,16,8,3,1,311,1,24,1,0,0,15,33,63788,10429,702,52.2,2.54,1.86,1.86,3.8,5.13,0,8.28,5.13,0,0,74919,0.72,1.59,0.87
"8473432","CBJ",77,661,790,23,32,9,7,1,1,1,102,214,6,21,0,0,40,32,54241,4386,5435,45.6,1.53,2.12,1.06,1.64,0.66,0.9953,4.92,13.91,0,0,64062,2.25,1.8,-0.45
"8473461","CBJ",46,1660,1828,70,95,0,1,0,0,4,424,298,25,37,0,0,1,6,117995,14096,10269,47.6,2.14,2.9,0.03,0,1.4,0.9866,6.38,12.97,0,0,142360,0.03,0.15,0.12
"8473544","CBJ",74,777,872,35,43,9,17,4,10,4,375,7,21,1,0,0,16,25,55669,10732,1567,47.1,2.26,2.78,1.68,4.7,9.19,0.4286,7.04,2.3,0,0,67968,0.85,1.32,0.47
"8473608","NSH",35,262,334,8,8,2,3,0,0,0,12,32,0,0,0,0,11,7,20055,930,1586,44,1.44,1.44,0.9,0,0,1,0,0,0,0,22571,1.75,1.12,-0.63
"8474094","NSH",78,500,668,31,23,13,14,0,0,0,6,174,0,10,0,0,8,13,43910,1121,4907,42.8,2.54,1.89,2.21,0,0,1,0,7.34,0,0,49938,0.58,0.94,0.36
"8474096","NSH",87,907,1100,38,44,10,13,0,0,1,17,327,0,19,0,0,9,22,67700,2663,7586,45.2,2.02,2.34,1.22,0,0.47,0.9969,0,9.02,0,0,77949,0.42,1.02,0.6
"8474164","NSH",33,362,473,15,27,3,3,0,0,1,48,113,1,10,0,0,3,3,27342,3084,3246,43.4,1.97,3.55,0.79,0,1.11,0.9912,1.17,11.09,0,0,33672,0.32,0.32,0
"8474519","NSH",57,592,715,30,22,2,4,0,0,0,3,78,0,3,0,0,11,7,42331,372,3304,45.3,2.55,1.87,0.51,0,0,1,0,3.27,0,0,46007,0.86,0.55,-0.31
"8474569","NSH",72,844,851,38,34,10,12,4,7,1,223,2,18,0,0,0,6,12,56374,7559,902,49.8,2.43,2.17,1.4,5.24,3.99,0.5,8.57,0,0,0,64835,0.33,0.67,0.34
"8474685","CBJ",13,93,80,4,8,0,3,0,0,0,2,0,0,0,0,0,3,2,6539,223,90,53.8,2.2,4.4,1.65,0,0,NA,0,0,0,0,6852,1.58,1.05,-0.53
"8474715","CBJ",27,306,302,20,18,5,5,1,1,0,118,4,6,0,0,0,7,3,19472,3832,379,50.3,3.7,3.33,1.85,1.88,0,1,5.64,0,0,0,23683,1.06,0.46,-0.6
"8475225","NSH",74,723,788,31,36,9,16,5,7,2,213,4,17,0,0,0,14,11,50822,7389,892,47.8,2.2,2.55,1.77,5.85,8.07,0.5,8.28,0,0,0,59103,0.85,0.67,-0.18
"8475233","CBJ",31,348,364,15,14,0,5,1,3,0,113,11,5,0,0,0,8,2,24933,3902,945,48.9,2.17,2.02,0.72,3.69,0,1,4.61,0,0,0,29780,0.97,0.24,-0.73
"8475793","CBJ",67,626,626,26,26,6,11,3,1,1,198,5,7,2,0,0,11,8,42563,6516,587,50,2.2,2.2,1.44,2.21,6.13,0.8,3.87,12.27,0,0,49666,0.8,0.58,-0.22
"8457981","ANA",82,929,972,51,47,14,22,11,16,1,558,2,35,1,0,0,15,28,67113,12903,1321,48.9,2.74,2.52,1.93,7.53,2.73,0.5,9.77,2.73,0,0,81337,0.66,1.24,0.58
"8459442","ANA",74,855,874,50,39,10,20,0,5,0,273,226,14,16,0,0,20,17,59925,9132,5343,49.5,3,2.34,1.8,1.97,0,1,5.52,10.78,0,0,74400,0.97,0.82,-0.15
"8467344","BUF",76,875,1071,29,38,1,4,0,0,0,5,354,0,30,0,0,18,10,68415,1784,9287,45,1.53,2,0.26,0,0,1,0,11.63,0,0,79486,0.82,0.45,-0.37
"8467400","ANA",82,1347,1328,48,67,5,8,3,3,0,205,570,16,35,0,0,14,12,92149,9020,16200,50.4,1.88,2.62,0.51,2.39,0,1,6.39,7.78,0,0,117369,0.43,0.37,-0.06
"8467844","ANA",45,516,478,14,18,5,4,2,1,0,115,2,4,0,0,0,3,9,32588,4104,551,51.9,1.55,1.99,0.99,2.63,0,1,3.51,0,0,0,37243,0.29,0.87,0.58
"8467917","BUF",79,1214,1287,61,52,9,8,1,4,2,236,297,11,22,0,0,9,4,80761,8640,9697,48.5,2.72,2.32,0.76,2.08,0.74,0.9933,4.58,8.17,0,0,99098,0.33,0.15,-0.18
"8468011","BUF",61,2484,2510,108,104,0,0,0,0,4,486,459,31,31,0,0,0,6,166773,16494,15552,49.7,2.33,2.24,0,0,0.93,0.9913,6.77,7.18,0,0,198819,0,0.11,0.11
"8468095","ANA",46,202,275,6,5,1,3,0,0,0,0,0,0,0,0,0,10,5,17209,268,72,42.3,1.26,1.05,0.84,0,0,NA,0,0,0,0,17549,2.05,1.03,-1.02
"8468504","BUF",65,617,649,20,18,6,8,2,6,1,214,8,12,0,0,0,3,6,41295,6657,1110,48.7,1.74,1.57,1.22,4.33,3.24,0.875,6.49,0,0,0,49062,0.22,0.44,0.22
"8468598","ANA",68,981,963,47,39,5,11,1,9,0,414,9,21,1,0,0,15,3,66210,11532,1973,50.5,2.56,2.12,0.87,3.12,0,1,6.56,1.82,0,0,79715,0.68,0.14,-0.54
"8468700","BUF",80,655,822,28,33,8,11,0,0,0,11,385,0,17,0,0,18,13,54045,1478,9210,44.3,1.87,2.2,1.27,0,0,1,0,6.64,0,0,64733,1,0.72,-0.28
"8469485","BUF",80,1037,1018,47,45,9,20,6,5,3,390,215,19,17,0,0,27,21,67181,10742,7683,50.5,2.52,2.41,1.55,3.69,1.41,0.986,6.37,7.97,0,0,85606,1.14,0.88,-0.26
"8469506","BUF",82,958,1021,49,48,19,22,8,17,4,478,275,32,21,0,0,6,20,69025,10872,8867,48.4,2.56,2.5,2.14,8.28,1.62,0.9855,10.6,8.53,0,0,88764,0.24,0.81,0.57
"8469555","BUF",66,1090,1095,53,49,3,14,1,10,3,348,117,24,5,0,0,16,15,69375,9564,6083,49.9,2.75,2.54,0.88,4.14,1.78,0.9744,9.03,2.96,0,0,85022,0.68,0.64,-0.04
"8469591","BUF",50,355,313,5,12,1,3,0,0,0,1,4,0,1,0,0,8,3,22424,476,334,53.1,0.8,1.93,0.64,0,0,1,0,10.78,0,0,23234,1.24,0.46,-0.78
"8469992","ANA",80,872,1066,36,30,3,9,0,0,0,5,220,1,14,0,0,15,7,62281,1331,9020,45,2.08,1.73,0.69,0,0,1,2.7,5.59,0,0,72632,0.74,0.35,-0.39
"8470317","ANA",15,115,138,9,2,2,0,0,0,0,0,2,0,0,0,0,3,0,9556,15,284,45.5,3.39,0.75,0.75,0,0,1,0,0,0,0,9855,1.1,0,-1.1
"8470598","BUF",78,856,958,48,43,15,21,10,13,5,444,23,33,0,0,0,26,14,60833,10280,2298,47.2,2.84,2.54,2.13,8.05,7.83,0.7826,11.56,0,0,0,73411,1.28,0.69,-0.59
"8470612","ANA",82,1216,1083,41,51,4,23,4,19,1,558,133,35,7,0,0,25,16,78977,13345,5648,52.9,1.87,2.32,1.23,6.2,0.64,0.9925,9.44,4.46,0,0,97970,0.92,0.59,-0.33
"8470621","ANA",80,1169,1030,39,49,18,10,14,9,1,534,143,34,11,0,0,41,44,75227,12552,6965,53.2,1.87,2.34,1.34,6.6,0.52,0.993,9.75,5.69,0,0,94744,1.56,1.67,0.11
"8471226","BUF",80,1024,1031,49,39,15,24,2,4,2,285,116,15,7,0,0,23,19,64428,9407,5730,49.8,2.74,2.18,2.18,2.3,1.26,0.9828,5.74,4.4,0,0,79565,1.04,0.86,-0.18
"8471284","BUF",69,952,929,44,40,2,8,1,0,2,85,172,5,16,0,0,9,14,64149,4846,6177,50.6,2.47,2.24,0.56,0.74,1.17,0.9884,3.71,9.32,0,0,75172,0.43,0.67,0.24
"8471388","BUF",63,523,558,15,21,4,5,0,0,0,1,220,0,12,0,0,28,30,40375,1109,5418,48.4,1.34,1.87,0.8,0,0,1,0,7.97,0,0,46902,2.15,2.3,0.15
"8471409","ANA",37,261,319,5,15,2,3,0,0,0,4,125,0,10,0,0,3,7,19073,540,3603,45,0.94,2.83,0.94,0,0,1,0,9.99,0,0,23216,0.47,1.09,0.62
"8471676","ANA",82,1067,1063,52,46,25,17,4,8,0,249,90,16,5,0,0,19,30,69068,10350,4681,50.1,2.71,2.4,2.19,4.17,0,1,5.57,3.85,0,0,84099,0.81,1.28,0.47
"8471699","ANA",82,840,921,40,44,11,12,2,1,0,63,219,5,11,0,0,5,14,58415,4123,6724,47.7,2.47,2.71,1.42,2.62,0,1,4.37,5.89,0,0,69262,0.26,0.73,0.47
"8471752","BUF",58,735,639,31,21,1,6,1,5,2,230,10,13,0,0,0,13,3,44984,6962,1447,53.5,2.48,1.68,0.56,3.1,4.98,0.8,6.72,0,0,0,53393,0.88,0.2,-0.68
"8471804","BUF",62,655,711,31,28,5,18,0,0,0,29,35,0,1,0,0,16,26,45184,2120,2195,48,2.47,2.23,1.83,0,0,1,0,1.64,0,0,49499,1.16,1.89,0.73
"8473972","ANA",73,2835,3056,115,135,0,0,0,1,0,638,623,40,39,0,0,0,5,198882,20633,21704,48.1,2.08,2.44,0,0.17,0,1,6.98,6.47,0,0,241219,0,0.07,0.07
"8474139","ANA",29,169,209,5,8,1,3,0,0,0,1,148,0,9,0,0,9,3,14384,344,3385,44.7,1.25,2,1,0,0,1,0,9.57,0,0,18113,1.79,0.6,-1.19
"8474551","BUF",71,953,897,37,38,7,16,1,0,1,105,7,3,1,0,0,8,17,57957,5221,1416,51.5,2.3,2.36,1.43,0.69,2.54,0.8571,2.07,2.54,0,0,64594,0.45,0.95,0.5
"8474574","BUF",55,797,919,38,29,4,9,2,4,2,205,208,10,12,0,0,14,5,56165,6244,6083,46.4,2.44,1.86,0.83,3.46,1.18,0.9904,5.77,7.1,0,0,68492,0.74,0.26,-0.48
"8474579","ANA",80,1039,1107,41,50,4,14,0,3,0,75,222,5,14,0,0,18,12,68966,4442,8928,48.4,2.14,2.61,0.94,2.43,0,1,4.05,5.65,0,0,82336,0.79,0.52,-0.27
"8474589","BUF",48,585,621,35,19,12,16,2,2,3,126,6,7,1,0,0,7,10,37746,5296,875,48.5,3.34,1.81,2.67,2.72,12.34,0.5,4.76,4.11,0,0,43917,0.57,0.82,0.25
"8474609","BUF",52,472,479,20,22,10,7,0,3,2,134,0,7,0,0,0,7,6,32320,4900,547,49.6,2.23,2.45,1.89,2.2,13.16,NA,5.14,0,0,0,37767,0.67,0.57,-0.1
"8474646","ANA",25,138,238,7,17,0,4,0,0,0,0,106,0,9,0,0,9,2,12418,349,3463,36.7,2.03,4.93,1.16,0,0,1,0,9.36,0,0,16230,2,0.44,-1.56
"8475758","ANA",49,393,483,14,22,5,5,1,1,0,47,99,3,2,0,0,8,6,28249,2531,3787,44.9,1.78,2.8,1.27,2.84,0,1,4.27,1.9,0,0,34567,0.83,0.62,-0.21
"8475764","ANA",82,1311,1260,50,72,1,14,2,9,1,521,99,28,7,0,0,9,6,87787,14399,4156,51,2.05,2.95,0.62,2.75,0.87,0.9899,7,6.06,0,0,106342,0.3,0.2,-0.1
"8458637","CHI",53,603,541,21,32,0,7,0,0,0,0,112,0,11,0,0,9,3,37252,369,4271,52.7,2.03,3.09,0.68,0,0,1,0,9.27,0,0,41892,0.77,0.26,-0.51
"8459514","CHI",84,550,591,18,22,6,8,0,1,1,31,190,3,16,0,0,8,11,40432,1495,6544,48.2,1.6,1.96,1.25,2.41,0.55,0.9947,7.22,8.8,0,0,48471,0.59,0.82,0.23
"8459596","CHI",84,824,825,31,50,8,12,4,3,0,249,1,18,1,0,0,2,9,55186,9982,831,50,2.02,3.26,1.3,2.52,0,1,6.49,4.33,0,0,65999,0.11,0.49,0.38
"8460561","DAL",64,933,947,42,36,3,9,2,3,1,169,263,11,13,0,0,34,10,59625,6193,7095,49.6,2.54,2.17,0.72,2.91,0.51,0.9962,6.39,6.6,0,0,72913,1.68,0.49,-1.19
"8462041","DAL",73,721,881,27,43,3,15,0,1,0,7,234,1,10,0,0,6,12,51276,1725,5914,45,1.9,3.02,1.26,2.09,0,1,2.09,6.09,0,0,58915,0.37,0.73,0.36
"8462196","DAL",75,1152,1078,43,50,2,6,2,7,1,270,371,16,22,0,0,24,7,75072,8948,10484,51.7,2.06,2.4,0.38,3.62,0.34,0.9973,6.44,7.55,0,0,94504,0.91,0.27,-0.64
"8466148","CHI",84,1133,978,56,45,16,30,9,10,2,412,256,24,22,0,0,10,24,71556,12996,8207,53.7,2.82,2.26,2.31,5.26,0.88,0.9922,6.65,9.65,0,0,92759,0.39,0.93,0.54
"8466160","DAL",57,691,776,30,26,5,12,5,2,1,211,36,12,4,0,0,36,18,45393,6913,2656,47.1,2.38,2.06,1.35,3.65,1.36,0.9722,6.25,5.42,0,0,54962,2.36,1.18,-1.18
"8467371","DAL",74,1017,1103,49,44,12,31,2,12,2,286,100,18,8,0,0,18,14,67927,9079,5659,48,2.6,2.33,2.28,5.55,1.27,0.98,7.14,5.09,0,0,82665,0.78,0.61,-0.17
"8467543","DAL",39,247,208,4,11,2,2,0,1,0,32,20,1,2,0,0,3,2,16049,1039,643,54.3,0.9,2.47,0.9,3.46,0,1,3.46,11.2,0,0,17731,0.61,0.41,-0.2
"8467545","DAL",82,1078,1088,59,43,25,21,6,3,2,281,1,15,0,0,0,22,14,69213,9620,1418,49.8,3.07,2.24,2.39,3.37,5.08,-1,5.61,0,0,0,80251,0.99,0.63,-0.36
"8468505","DAL",74,1033,927,42,39,6,20,4,3,1,202,210,10,7,0,0,38,33,60519,8222,7163,52.7,2.5,2.32,1.55,3.06,0.5,0.9952,4.38,3.52,0,0,75904,1.8,1.57,-0.23
"8468927","CHI",52,643,513,27,24,2,5,2,4,0,93,8,11,0,0,0,9,2,38448,4561,1049,55.6,2.53,2.25,0.66,4.74,0,1,8.68,0,0,0,44058,0.74,0.16,-0.58
"8469544","CHI",80,1231,904,65,42,24,22,6,10,2,444,136,23,8,0,0,14,14,70836,12541,6139,57.7,3.3,2.13,2.34,4.59,1.17,0.9853,6.6,4.69,0,0,89516,0.56,0.56,0
"8469759","DAL",82,767,927,24,38,8,11,0,1,0,10,290,1,18,0,0,20,31,54898,1915,7394,45.3,1.57,2.49,1.25,1.88,0,1,1.88,8.76,0,0,64207,1.12,1.74,0.62
"8470110","DAL",79,1140,1264,49,50,3,13,1,5,2,231,343,17,21,0,0,16,8,75036,9563,10800,47.4,2.35,2.4,0.77,2.26,0.67,0.9942,6.4,7,0,0,95399,0.6,0.3,-0.3
"8470140","DAL",59,2487,2457,99,95,0,2,0,0,1,389,629,21,34,0,0,0,11,160888,14639,19627,50.3,2.22,2.13,0.04,0,0.18,0.9984,5.16,6.24,0,0,195154,0,0.2,0.2
"8470281","CHI",80,1623,1428,72,71,3,20,1,12,2,385,325,21,22,0,0,17,10,97195,13363,10079,53.2,2.67,2.63,0.85,3.5,0.71,0.9938,5.66,7.86,0,0,120637,0.51,0.3,-0.21
"8470607","CHI",84,1601,1339,73,64,7,18,2,2,1,267,362,11,24,0,0,11,11,95631,10143,10952,54.5,2.75,2.41,0.94,1.42,0.33,0.9972,3.9,7.89,0,0,116726,0.34,0.34,0
"8470626","DAL",82,1108,1077,58,48,15,33,5,6,2,297,227,20,13,0,0,6,19,72239,9794,7961,50.7,2.89,2.39,2.39,4.04,0.9,0.9912,7.35,5.88,0,0,89994,0.24,0.76,0.52
"8470645","CHI",63,2723,2356,120,112,0,0,0,0,2,534,431,23,41,0,0,0,12,168913,19474,15751,53.6,2.56,2.39,0,0,0.46,0.9954,4.25,9.37,0,0,204138,0,0.21,0.21
"8471220","CHI",6,34,55,0,1,0,0,0,0,0,0,0,0,0,0,0,3,0,3160,37,57,38.2,0,1.14,0,0,0,NA,0,0,0,0,3254,3.32,0,-3.32
"8471241","DAL",60,703,740,22,25,0,2,0,0,0,0,214,0,14,0,0,17,11,49909,430,6931,48.7,1.59,1.8,0.14,0,0,1,0,7.27,0,0,57270,1.07,0.69,-0.38
"8471254","CHI",77,817,757,32,40,8,14,1,0,1,75,0,1,0,0,0,15,16,52237,3126,182,51.9,2.21,2.76,1.52,1.15,19.78,NA,1.15,0,0,0,55545,0.97,1.04,0.07
"8471274","DAL",71,1217,1028,51,48,7,10,2,7,1,297,133,17,9,0,0,8,10,73107,10071,7079,54.2,2.51,2.36,0.84,3.22,0.51,0.9925,6.08,4.58,0,0,90257,0.32,0.4,0.08
"8471279","CHI",29,263,246,12,11,1,2,0,0,0,7,4,1,0,0,0,2,4,16615,317,332,51.7,2.6,2.38,0.65,0,0,1,11.36,0,0,0,17264,0.42,0.83,0.41
"8471352","DAL",52,363,296,9,13,2,4,0,0,0,1,45,0,5,0,0,4,3,22119,119,1357,55.1,1.46,2.12,0.98,0,0,1,0,13.26,0,0,23595,0.61,0.46,-0.15
"8471769","CHI",75,1085,984,43,44,1,13,0,0,0,9,292,0,25,0,0,9,9,73257,1882,9944,52.4,2.11,2.16,0.69,0,0,1,0,9.05,0,0,85083,0.38,0.38,0
"8471807","DAL",72,619,522,14,22,4,9,0,0,0,48,17,2,1,0,0,8,8,38480,2010,786,54.3,1.31,2.06,1.22,0,0,1,3.58,4.58,0,0,41276,0.7,0.7,0
"8473564","CHI",67,669,613,13,28,3,8,0,0,1,12,112,0,8,0,0,9,11,44527,1880,3992,52.2,1.05,2.26,0.89,0,0.9,0.9911,0,7.21,0,0,50399,0.64,0.79,0.15
"8473604","CHI",65,1057,768,54,43,21,18,5,7,0,342,192,19,17,0,0,17,24,58494,9220,7118,57.9,3.32,2.65,2.4,4.69,0,1,7.42,8.6,0,0,74832,0.82,1.15,0.33
"8473994","DAL",71,996,894,55,41,21,25,2,8,1,218,64,11,5,0,0,25,24,58601,8414,3780,52.7,3.38,2.52,2.83,4.28,0.95,0.9844,4.71,4.76,0,0,70795,1.27,1.22,-0.05
"8474141","CHI",88,1404,1124,69,59,17,36,4,7,2,488,8,23,0,0,0,18,37,82718,13540,2670,55.5,3,2.57,2.31,2.92,2.7,0.75,6.12,0,0,0,98928,0.66,1.35,0.69
"8474707","DAL",55,833,812,38,32,2,8,0,0,1,81,32,1,3,0,0,8,6,49710,3953,2721,50.6,2.75,2.32,0.72,0,1.32,0.9688,0.91,3.97,0,0,56384,0.51,0.38,-0.13
"8475181","CHI",88,1459,1241,64,71,3,24,0,11,2,274,175,20,17,0,0,5,11,90650,10670,7288,54,2.54,2.82,1.07,3.71,0.99,0.9886,6.75,8.4,0,0,108608,0.17,0.36,0.19
"8475204","CHI",5,45,58,3,1,0,1,0,0,0,3,3,0,1,0,0,0,1,3636,167,59,43.7,2.97,0.99,0.99,0,0,1,0,61.02,0,0,3862,0,0.93,0.93
"8475266","DAL",47,454,383,11,14,3,6,0,0,0,19,1,0,0,0,0,1,3,27154,1117,268,54.2,1.46,1.86,1.19,0,0,1,0,0,0,0,28539,0.13,0.38,0.25
"8476438","CHI",4,35,34,2,0,0,1,0,0,0,4,0,0,0,0,0,0,0,2712,244,61,50.7,2.65,0,1.33,0,0,NA,0,0,0,0,3017,0,0,0
"8460504","LAK",28,208,246,4,6,1,3,0,0,0,15,18,1,0,0,0,10,2,15610,721,1123,45.8,0.92,1.38,0.92,0,0,1,4.99,0,0,0,17454,2.06,0.41,-1.65
"8465185","LAK",96,1598,1424,52,40,5,11,1,6,0,170,524,10,26,0,0,25,16,99158,8219,15874,52.9,1.89,1.45,0.58,3.07,0,1,4.38,5.9,0,0,123251,0.73,0.47,-0.26
"8467336","NYR",80,351,442,9,13,4,1,0,0,0,10,5,0,0,0,0,19,14,30047,846,172,44.3,1.08,1.56,0.6,0,0,1,0,0,0,0,31065,2.2,1.62,-0.58
"8467346","LAK",38,512,426,18,20,6,5,0,4,0,175,67,5,3,0,0,10,4,27324,5718,2726,54.6,2.37,2.64,1.45,2.52,0,1,3.15,3.96,0,0,35768,1.01,0.4,-0.61
"8467389","NYR",102,1379,1482,57,59,18,24,8,23,0,643,38,43,3,0,0,15,15,94079,18929,3438,48.2,2.18,2.26,1.61,5.9,0,1,8.18,3.14,0,0,116446,0.46,0.46,0
"8467452","LAK",102,1628,1468,57,61,1,8,0,0,0,19,396,1,20,0,0,10,5,100346,2279,15770,52.6,2.04,2.19,0.32,0,0,1,1.58,4.57,0,0,118395,0.3,0.15,-0.15
"8467466","LAK",38,320,275,8,12,2,4,0,1,0,56,0,2,0,0,0,4,6,20541,2060,181,53.8,1.4,2.1,1.05,1.75,0,NA,3.5,0,0,0,22782,0.63,0.95,0.32
"8468172","NYR",93,845,1095,36,35,9,13,1,1,1,36,201,4,9,0,0,12,20,64437,3012,7388,43.6,2.01,1.96,1.23,2.39,0.49,0.995,4.78,4.39,0,0,74837,0.58,0.96,0.38
"8468483","NYR",102,1333,1402,67,50,30,22,10,14,1,584,7,41,0,0,0,16,17,91000,16770,2644,48.7,2.65,1.98,2.06,5.15,1.36,0.8571,8.8,0,0,0,110414,0.52,0.55,0.03
"8468508","LAK",102,1654,1163,59,41,14,34,10,13,0,465,17,35,2,0,0,28,36,82674,14993,2084,58.7,2.57,1.79,2.09,5.52,0,1,8.4,3.45,0,0,99751,1.01,1.3,0.29
"8468526","LAK",98,1044,886,28,25,6,7,2,7,0,361,335,16,16,0,0,39,13,70770,12580,9429,54.1,1.42,1.27,0.66,2.58,0,1,4.58,6.11,0,0,92779,1.51,0.5,-1.01
"8468685","NYR",82,3251,3649,137,119,0,0,0,2,1,668,741,44,36,0,0,2,13,233558,24401,25064,47.1,2.11,1.83,0,0.3,0.14,0.9987,6.49,5.17,0,0,283023,0.03,0.17,0.14
"8470121","LAK",102,1287,1042,39,39,5,13,0,0,0,13,461,1,20,0,0,30,11,80950,1739,14731,55.3,1.73,1.73,0.8,0,0,1,2.07,4.89,0,0,97420,1.11,0.41,-0.7
"8470192","NYR",46,384,470,18,18,2,1,0,1,1,6,101,1,4,0,0,14,6,29817,509,3685,45,2.17,2.17,0.36,7.07,0.98,0.9901,7.07,3.91,0,0,34011,1.48,0.64,-0.84
"8470606","LAK",102,1558,1209,64,41,12,28,10,10,1,575,226,42,14,0,0,36,76,88539,16605,9466,56.3,2.6,1.67,1.63,4.34,0.38,0.9956,9.11,5.32,0,0,114610,1.13,2.39,1.26
"8470617","LAK",94,1068,1145,37,40,10,18,5,15,2,515,280,32,10,0,0,28,29,74688,14193,9321,48.3,1.78,1.93,1.35,5.07,0.77,0.9929,8.12,3.86,0,0,98202,1.03,1.06,0.03
"8470619","NYR",99,996,1119,40,39,14,14,0,1,1,126,377,6,15,0,0,27,27,72294,6607,9137,47.1,1.99,1.94,1.39,0.54,0.39,0.9973,3.27,5.91,0,0,88038,1.1,1.1,0
"8470755","LAK",72,852,605,19,27,5,3,0,0,0,20,61,0,2,0,0,17,25,45491,1843,3234,58.5,1.5,2.14,0.63,0,0,1,0,2.23,0,0,50568,1.21,1.78,0.57
"8471234","FLA",33,343,351,13,17,4,7,0,1,0,71,0,5,0,0,0,3,5,22341,2921,371,49.4,2.09,2.74,1.77,1.23,0,NA,6.16,0,0,0,25633,0.42,0.7,0.28
"8471273","NYR",86,955,962,38,29,9,15,0,3,2,217,166,14,11,0,0,32,28,63394,9380,5104,49.8,2.16,1.65,1.36,1.15,1.41,0.988,5.37,7.76,0,0,77878,1.48,1.29,-0.19
"8471283","NYR",101,752,942,31,33,4,13,0,0,0,8,268,0,9,0,0,31,26,61948,1707,7784,44.4,1.8,1.92,0.99,0,0,1,0,4.16,0,0,71439,1.56,1.31,-0.25
"8471339","NYR",96,1204,1335,44,54,11,22,16,4,0,559,332,38,24,0,0,29,50,88420,16309,9564,47.4,1.79,2.2,1.34,4.41,0,1,8.39,9.03,0,0,114293,0.91,1.57,0.66
"8471386","LAK",9,73,85,2,1,1,0,1,0,0,7,0,1,0,0,0,7,3,5580,316,42,46.2,1.29,0.65,0.65,11.39,0,NA,11.39,0,0,0,5938,4.24,1.82,-2.42
"8471677","LAK",82,1220,1336,43,50,7,11,5,12,1,547,234,30,23,0,0,17,12,82307,16192,8984,47.7,1.88,2.19,0.79,3.78,0.4,0.9957,6.67,9.22,0,0,107483,0.57,0.4,-0.17
"8471685","LAK",102,1691,1233,67,49,20,31,8,24,2,602,328,40,16,0,0,12,28,92290,16169,11883,57.8,2.61,1.91,1.99,7.12,0.61,0.9939,8.91,4.85,0,0,120342,0.36,0.84,0.48
"8471714","NYR",19,237,286,16,7,1,2,0,0,0,10,58,0,2,0,0,3,1,17202,596,2310,45.3,3.35,1.46,0.63,0,0,1,0,3.12,0,0,20108,0.54,0.18,-0.36
"8471734","LAK",89,3960,3415,127,114,0,0,0,2,2,915,792,54,38,0,0,3,8,243281,29652,28208,53.7,1.88,1.69,0,0.24,0.26,0.9975,6.56,4.85,0,0,301141,0.04,0.1,0.06
"8471958","NYR",102,1770,1857,72,63,5,17,2,12,1,266,610,18,30,0,0,11,13,119883,12465,16223,48.8,2.16,1.89,0.66,4.04,0.22,0.9984,5.2,6.66,0,0,148571,0.27,0.32,0.05
"8473453","LAK",92,867,800,22,21,3,8,1,0,0,35,223,1,12,0,0,8,20,61110,2899,8558,52,1.3,1.24,0.65,1.24,0,1,1.24,5.05,0,0,72567,0.4,0.99,0.59
"8473573","NYR",99,1007,1096,44,33,12,21,4,3,0,240,143,14,6,0,0,14,21,68880,9648,5763,47.9,2.3,1.72,1.72,2.61,0,1,5.22,3.75,0,0,84291,0.6,0.9,0.3
"8474151","NYR",102,1860,1914,73,59,6,23,0,2,1,96,526,5,24,0,0,25,24,121251,6412,14813,49.3,2.17,1.75,0.86,1.12,0.24,0.9981,2.81,5.83,0,0,142476,0.63,0.61,-0.02
"8474166","LAK",71,923,597,25,20,4,3,3,5,0,273,14,17,0,0,0,8,8,51328,7814,1246,60.7,1.75,1.4,0.49,3.69,0,1,7.83,0,0,0,60388,0.48,0.48,0
"8474563","LAK",97,1676,1384,58,50,9,19,4,15,2,626,328,36,14,0,0,34,26,103518,18526,12831,54.8,2.02,1.74,0.97,3.69,0.56,0.9939,7,3.93,0,0,134875,0.91,0.69,-0.22
"8474584","NYR",97,1234,1422,59,50,9,16,2,15,0,581,205,35,12,0,0,24,16,94453,17965,9568,46.5,2.25,1.91,0.95,3.41,0,1,7.01,4.52,0,0,121986,0.71,0.47,-0.24
"8474613","NYR",102,1157,1256,55,41,11,25,5,14,0,492,239,30,15,0,0,12,10,83716,15160,8868,47.9,2.37,1.76,1.55,4.51,0,1,7.12,6.09,0,0,107744,0.4,0.33,-0.07
"8475148","NYR",18,155,196,8,10,0,2,0,0,0,17,5,0,0,0,0,4,2,12308,918,259,44.2,2.34,2.92,0.58,0,0,1,0,0,0,0,13485,1.07,0.53,-0.54
"8475160","LAK",84,615,566,17,23,5,7,0,0,0,21,29,0,3,0,0,20,18,43201,1407,1564,52.1,1.42,1.92,1,0,0,1,0,6.91,0,0,46172,1.56,1.4,-0.16
"8475692","NYR",10,58,43,2,2,1,0,1,1,0,54,0,5,0,0,0,3,1,4473,1174,65,57.4,1.61,1.61,0.8,6.13,0,NA,15.33,0,0,0,5712,1.89,0.63,-1.26
"8464999","TBL",48,1622,1811,89,84,0,1,0,0,5,280,369,14,24,0,0,0,6,117256,11205,12148,47.2,2.73,2.58,0.03,0,1.48,0.9864,4.5,7.11,0,0,140609,0,0.15,0.15
"8471678","BOS",81,899,726,43,28,15,15,1,1,1,120,0,7,0,0,0,16,18,52059,5317,552,55.3,2.97,1.94,2.07,1.35,6.52,NA,4.74,0,0,0,57928,0.99,1.12,0.13
"8471717","BOS",72,882,871,43,29,2,8,0,0,0,7,98,0,7,0,0,17,12,56629,737,5176,50.3,2.73,1.84,0.64,0,0,1,0,4.87,0,0,62542,0.98,0.69,-0.29
"8471768","TBL",74,623,822,24,39,10,7,1,0,1,30,307,3,21,0,0,4,16,52025,2931,7630,43.1,1.66,2.7,1.18,1.23,0.47,0.9967,3.68,9.91,0,0,62586,0.23,0.92,0.69
"8467913","OTT",14,485,412,18,20,0,0,0,0,2,91,126,9,10,0,0,0,2,28770,3811,3921,54.1,2.25,2.5,0,0,1.84,0.9841,8.5,9.18,0,0,36502,0,0.2,0.2
"8468778","TOR",5,13,35,1,0,1,0,0,0,0,0,0,0,0,0,0,0,1,1328,0,16,27.1,2.71,0,2.71,NA,0,NA,NA,0,0,0,1344,0,2.68,2.68
"8469820","OTT",61,347,381,9,12,2,3,1,0,0,15,123,1,8,0,0,20,13,25808,737,2647,47.7,1.26,1.67,0.7,4.88,0,1,4.88,10.88,0,0,29192,2.47,1.6,-0.87
"8455710","NJD",83,3015,2869,133,136,0,3,0,2,10,596,554,42,38,0,0,1,13,230602,23991,22264,51.2,2.08,2.12,0.05,0.3,1.62,0.9819,6.3,6.14,0,0,276857,0.01,0.17,0.16
"8460465","NJD",100,1105,947,55,39,18,23,5,3,6,247,2,14,0,0,0,21,11,75978,11753,1054,53.8,2.61,1.85,1.94,2.45,20.49,-2,4.29,0,0,0,88785,0.85,0.45,-0.4
"8460542","NJD",105,1157,1012,58,50,17,30,10,21,9,562,265,42,15,0,0,13,19,89150,15300,9354,53.3,2.34,2.02,1.9,7.29,3.46,0.966,9.88,5.77,0,0,113804,0.41,0.6,0.19
"8460626","NJD",106,1285,1415,52,50,3,14,0,1,0,2,450,1,31,0,0,35,17,108423,1703,14547,47.6,1.73,1.66,0.56,2.11,0,1,2.11,7.67,0,0,124673,1.01,0.49,-0.52
"8460720","NJD",51,171,293,0,12,0,0,0,0,0,1,2,0,0,0,0,15,7,19346,242,276,36.9,0,2.23,0,0,0,1,0,0,0,0,19864,2.72,1.27,-1.45
"8464977","NJD",106,1171,1038,56,47,11,23,5,4,6,223,304,13,16,0,0,25,23,88470,11816,10418,53,2.28,1.91,1.38,2.74,2.07,0.9803,3.96,5.53,0,0,110704,0.81,0.75,-0.06
"8466182","NJD",42,569,567,19,30,0,5,0,1,1,41,161,1,4,0,0,8,5,40725,2412,6485,50.1,1.68,2.65,0.44,1.49,0.56,0.9938,1.49,2.22,0,0,49622,0.58,0.36,-0.22
"8468501","NJD",96,1026,978,45,43,3,9,0,0,0,3,447,0,31,0,0,22,16,82220,1107,13145,51.2,1.97,1.88,0.53,0,0,1,0,8.49,0,0,96472,0.82,0.6,-0.22
"8469454","NJD",100,1430,1328,60,64,21,29,15,21,8,717,111,54,8,0,0,17,17,102149,24113,7850,51.8,2.11,2.26,1.76,5.37,3.67,0.9279,8.06,3.67,0,0,134112,0.46,0.46,0
"8470610","NJD",106,1346,1247,59,66,22,26,9,10,9,570,302,44,21,0,0,18,46,98708,15901,10649,51.9,2.15,2.41,1.75,4.3,3.04,0.9702,9.96,7.1,0,0,125258,0.52,1.32,0.8
"8470920","NJD",104,1042,938,49,38,21,14,8,11,4,429,1,37,0,0,0,35,42,80032,14269,1070,52.6,2.2,1.71,1.57,4.79,13.46,-3,9.33,0,0,0,95371,1.32,1.59,0.27
"8471816","NJD",106,1382,1297,63,63,3,11,0,2,4,151,219,8,9,0,0,16,9,100405,9411,10023,51.6,2.26,2.26,0.5,0.77,1.44,0.9817,3.06,3.23,0,0,119839,0.48,0.27,-0.21
"8472382","NJD",80,1078,1002,55,51,1,14,0,0,0,58,191,4,12,0,0,12,11,77835,3995,9267,51.8,2.54,2.36,0.69,0,0,1,3.6,4.66,0,0,91097,0.47,0.43,-0.04
"8473927","NJD",27,112,141,2,12,0,1,0,0,0,1,36,0,3,0,0,6,6,9968,282,1084,44.3,0.72,4.33,0.36,0,0,1,0,9.96,0,0,11334,1.91,1.91,0
"8473999","NJD",38,294,358,10,19,4,3,0,0,0,22,3,0,0,0,0,7,1,21446,1740,424,45.1,1.68,3.19,1.18,0,0,1,0,0,0,0,23610,1.07,0.15,-0.92
"8474582","NJD",43,305,343,10,22,1,5,0,0,0,16,10,0,1,0,0,8,14,25065,1355,613,47.1,1.44,3.16,0.86,0,0,1,0,5.87,0,0,27033,1.07,1.86,0.79
"8474641","NJD",98,1123,1024,57,45,15,27,0,10,2,197,228,12,13,0,0,4,22,80426,10811,8567,52.3,2.55,2.01,1.88,3.33,0.84,0.9912,4,5.46,0,0,99804,0.14,0.79,0.65
"8475185","NJD",47,405,357,16,6,2,8,0,0,0,6,68,0,4,0,0,3,7,29438,1167,2961,53.1,1.96,0.73,1.22,0,0,1,0,4.86,0,0,33566,0.32,0.75,0.43
"8476457","NJD",70,978,908,45,47,2,8,0,4,3,152,34,9,1,0,0,12,8,71680,6048,3026,51.9,2.26,2.36,0.5,2.38,3.57,0.9118,5.36,1.19,0,0,80754,0.53,0.36,-0.17
"8458590","WSH",83,716,870,24,31,7,9,0,3,3,117,143,6,7,0,0,19,4,53916,5267,5154,45.1,1.6,2.07,1.07,2.05,2.1,0.979,4.1,4.89,0,0,64337,1.06,0.22,-0.84
"8458938","WSH",82,1304,1334,63,45,3,12,0,0,1,49,224,0,12,0,0,23,3,82303,2756,8518,49.4,2.76,1.97,0.66,0,0.42,0.9955,0,5.07,0,0,93577,0.88,0.12,-0.76
"8462052","CAR",10,396,390,8,20,0,0,0,0,2,99,67,5,8,0,0,0,0,25999,3044,2098,50.4,1.11,2.77,0,0,3.43,0.9701,5.91,13.73,0,0,31141,0,0,0
"8466251","WSH",96,1071,1058,47,41,18,16,0,0,4,110,109,3,9,0,0,27,25,68317,5183,5025,50.3,2.48,2.16,1.79,0,2.87,0.9633,2.08,6.45,0,0,78525,1.24,1.15,-0.09
"8467831","WSH",71,603,613,19,21,4,9,0,0,0,8,198,0,18,0,0,14,11,44685,1685,4502,49.6,1.53,1.69,1.05,0,0,1,0,14.39,0,0,50872,0.99,0.78,-0.21
"8468208","WSH",87,809,826,34,22,6,15,0,1,0,13,73,1,4,0,0,12,13,56415,2182,2796,49.5,2.17,1.4,1.34,1.65,0,1,1.65,5.15,0,0,61393,0.7,0.76,0.06
"8468611","WSH",92,773,903,21,29,5,5,0,0,0,9,213,0,11,0,0,23,25,58868,1695,6749,46.1,1.28,1.77,0.61,0,0,1,0,5.87,0,0,67312,1.23,1.34,0.11
"8469639","WSH",96,1085,1277,43,45,8,18,5,6,6,337,437,20,31,0,0,15,25,78347,10668,10383,45.9,1.98,2.07,1.19,3.71,2.08,0.9863,6.75,10.75,0,0,99398,0.54,0.91,0.37
"8469770","WSH",96,1502,1592,58,68,4,16,5,18,4,498,310,37,15,0,0,24,13,102152,14365,10630,48.5,2.04,2.4,0.7,5.76,1.35,0.9871,9.27,5.08,0,0,127147,0.68,0.37,-0.31
"8470120","WSH",91,1237,1174,56,45,18,24,4,9,4,389,4,24,1,0,0,33,20,75274,11459,1369,51.3,2.68,2.15,2.01,4.08,10.52,0,7.54,2.63,0,0,88102,1.35,0.82,-0.53
"8471214","WSH",92,1283,1498,56,61,22,17,15,12,7,562,2,41,0,0,0,17,32,85899,14613,2181,46.1,2.35,2.56,1.63,6.65,11.55,-2.5,10.1,0,0,0,102693,0.6,1.12,0.52
"8471240","WSH",64,727,841,23,33,1,3,0,0,0,1,147,0,11,0,0,7,1,51037,369,5255,46.4,1.62,2.33,0.28,0,0,1,0,7.54,0,0,56661,0.44,0.06,-0.38
"8471242","WSH",46,723,749,33,21,1,4,4,1,1,187,100,13,4,0,0,11,6,47232,6102,3873,49.1,2.52,1.6,0.38,2.95,0.93,0.99,7.67,3.72,0,0,57207,0.69,0.38,-0.31
"8471426","WSH",96,1074,1217,41,52,13,12,4,3,2,316,250,21,16,0,0,22,27,75529,9752,8313,46.9,1.95,2.48,1.19,2.58,0.87,0.992,7.75,6.93,0,0,93594,0.85,1.04,0.19
"8473563","WSH",55,760,735,32,35,11,15,3,18,2,311,88,27,4,0,0,16,10,49079,7602,4287,50.8,2.35,2.57,1.91,9.94,1.68,0.9773,12.79,3.36,0,0,60968,0.94,0.59,-0.35
"8473607","WSH",38,1496,1346,63,61,0,1,0,0,7,268,329,9,20,0,0,1,4,93090,9575,10597,52.6,2.44,2.36,0.04,0,2.38,0.9787,3.38,6.79,0,0,113262,0.03,0.13,0.1
"8473618","WSH",68,729,607,38,27,14,13,2,0,3,99,3,4,0,0,0,12,14,42801,4079,637,54.6,3.2,2.27,2.27,1.77,16.95,0,3.53,0,0,0,47517,0.91,1.06,0.15
"8473991","WSH",96,1346,1586,56,52,1,15,0,1,0,8,477,2,31,0,0,12,7,99325,2084,12831,45.9,2.03,1.88,0.58,1.73,0,1,3.45,8.7,0,0,114240,0.38,0.22,-0.16
"8474291","WSH",53,446,554,13,14,5,2,0,0,0,6,137,0,2,0,0,10,5,35716,896,3541,44.6,1.31,1.41,0.71,0,0,1,0,2.03,0,0,40153,0.9,0.45,-0.45
"8474590","WSH",96,1406,1564,60,70,5,18,5,4,5,187,383,11,28,0,0,15,17,98007,8841,11292,47.3,2.2,2.57,0.84,3.66,1.59,0.9869,4.48,8.93,0,0,118140,0.46,0.52,0.06
"8458525","NYI",77,789,742,31,35,6,16,1,3,1,229,39,10,3,0,0,7,4,53439,7542,2611,51.5,2.09,2.36,1.48,1.91,1.38,0.9744,4.77,4.14,0,0,63592,0.4,0.23,-0.17
"8458541","NYI",65,780,954,28,45,0,8,0,0,1,4,197,0,11,0,0,24,10,56871,609,6342,45,1.77,2.85,0.51,0,0.57,0.9949,0,6.24,0,0,63822,1.35,0.56,-0.79
"8459454","NYI",62,376,565,5,19,1,0,0,0,0,1,207,0,15,0,0,4,6,32868,1153,5258,40,0.55,2.08,0.11,0,0,1,0,10.27,0,0,39279,0.37,0.55,0.18
"8460492","FLA",73,776,860,29,39,2,7,1,3,0,167,175,6,10,0,0,15,12,56428,7190,6710,47.4,1.85,2.49,0.57,2,0,1,3,5.37,0,0,70328,0.77,0.61,-0.16
"8460535","FLA",58,2263,2282,76,91,0,0,0,0,2,510,430,42,34,0,0,1,10,154090,17147,15357,49.8,1.78,2.13,0,0,0.47,0.9953,8.82,7.97,0,0,186594,0.02,0.19,0.17
"8464967","NYI",61,455,608,7,31,1,5,0,0,0,2,144,0,11,0,0,16,5,35888,1288,4335,42.8,0.7,3.11,0.6,0,0,1,0,9.13,0,0,41511,1.39,0.43,-0.96
"8465059","FLA",45,317,451,10,12,2,4,0,0,0,6,24,2,1,0,0,3,7,26570,773,1328,41.3,1.35,1.63,0.81,0,0,1,9.31,2.71,0,0,28671,0.38,0.88,0.5
"8466285","FLA",89,1614,1502,47,51,3,16,2,33,4,596,200,53,12,0,0,4,16,107216,17216,8247,51.8,1.58,1.71,0.64,7.32,1.75,0.98,11.08,5.24,0,0,132679,0.11,0.43,0.32
"8466309","NYI",37,370,441,13,23,0,2,0,0,0,2,52,1,4,0,0,5,3,26720,417,2022,45.6,1.75,3.1,0.27,0,0,1,8.63,7.12,0,0,29159,0.62,0.37,-0.25
"8467580","NYI",62,672,884,22,41,0,3,0,0,0,1,204,0,12,0,0,5,1,49603,731,6611,43.2,1.6,2.98,0.22,0,0,1,0,6.53,0,0,56945,0.32,0.06,-0.26
"8468309","NYI",82,1355,1328,53,64,2,20,3,20,4,500,74,40,7,0,0,23,15,89211,13335,4755,50.5,2.14,2.58,0.89,6.21,3.03,0.9459,10.8,5.3,0,0,107301,0.77,0.5,-0.27
"8468478","FLA",89,1173,1367,49,61,1,13,0,0,0,7,427,0,35,0,0,7,20,87439,2599,12130,46.2,2.02,2.51,0.58,0,0,1,0,10.39,0,0,102168,0.25,0.7,0.45
"8468518","FLA",87,917,947,32,42,7,12,2,6,1,282,286,17,20,0,0,13,22,65733,9869,7975,49.2,1.75,2.3,1.04,2.92,0.45,0.9965,6.2,9.03,0,0,83577,0.56,0.95,0.39
"8469457","FLA",87,1083,1187,51,51,14,24,8,13,2,466,188,39,15,0,0,23,19,79332,12119,6725,47.7,2.31,2.31,1.72,6.24,1.07,0.9894,11.59,8.03,0,0,98176,0.84,0.7,-0.14
"8469473","FLA",64,802,730,31,26,8,15,4,2,1,137,216,12,16,0,0,5,5,52014,5432,5798,52.3,2.15,1.8,1.59,3.98,0.62,0.9954,7.95,9.93,0,0,63244,0.28,0.28,0
"8469707","NYI",80,1108,1099,50,55,11,27,6,13,1,403,2,34,0,0,0,32,24,71124,9873,1349,50.2,2.53,2.78,1.92,6.93,2.67,0.5,12.4,0,0,0,82346,1.4,1.05,-0.35
"8470039","FLA",89,1140,1193,50,54,18,16,6,18,4,454,15,37,5,0,0,14,25,79490,12165,2033,48.9,2.26,2.45,1.54,7.1,7.08,0.7333,10.95,8.85,0,0,93688,0.54,0.96,0.42
"8470105","FLA",33,303,298,8,10,2,4,1,1,0,71,20,6,2,0,0,9,10,21123,2385,879,50.4,1.36,1.7,1.02,3.02,0,1,9.06,8.19,0,0,24387,1.33,1.48,0.15
"8470144","NYI",82,883,909,41,38,12,19,5,10,1,331,272,29,20,0,0,3,9,63643,8581,7987,49.3,2.32,2.15,1.75,6.29,0.45,0.9963,12.17,9.01,0,0,80211,0.13,0.4,0.27
"8470176","FLA",69,867,765,28,38,12,7,6,2,0,191,124,13,8,0,0,26,27,52939,7150,4296,53.1,1.9,2.58,1.29,4.03,0,1,6.55,6.7,0,0,64385,1.45,1.51,0.06
"8470852","NYI",82,1205,1242,61,55,21,20,14,10,2,439,2,36,0,0,0,3,15,75561,10695,1763,49.2,2.91,2.62,1.95,8.08,4.08,0,12.12,0,0,0,88019,0.12,0.61,0.49
"8471219","NYI",31,1169,1261,50,65,0,0,0,0,2,225,224,11,18,0,0,1,5,81223,7956,8174,48.1,2.22,2.88,0,0,0.88,0.9911,4.98,7.93,0,0,97353,0.04,0.18,0.14
"8471260","CGY",74,822,832,20,30,5,9,0,0,0,56,127,3,4,0,0,15,12,55954,3970,5268,49.7,1.29,1.93,0.9,0,0,1,2.72,2.73,0,0,65192,0.83,0.66,-0.17
"8471266","VAN",67,929,690,27,30,12,9,3,5,2,159,2,16,0,0,0,12,14,48663,7192,740,57.4,2,2.22,1.55,4,9.73,0,8.01,0,0,0,56595,0.76,0.89,0.13
"8471346","FLA",78,1004,1014,45,40,11,20,10,11,4,407,64,36,8,0,0,26,17,69745,11848,3839,49.8,2.32,2.06,1.6,6.38,3.75,0.9375,10.94,7.5,0,0,85432,1.1,0.72,-0.38
"8471681","FLA",46,436,494,11,21,3,6,0,0,0,10,21,0,2,0,0,9,14,29541,1561,1259,46.9,1.34,2.56,1.1,0,0,1,0,5.72,0,0,32361,1,1.56,0.56
"8473449","NYI",79,1066,1122,47,52,20,16,3,3,4,170,10,8,1,0,0,18,16,66293,8244,1055,48.7,2.55,2.82,1.95,2.62,13.65,0.6,3.49,3.41,0,0,75592,0.86,0.76,-0.1
"8473546","NYI",78,853,961,34,46,15,11,1,1,1,65,184,5,10,0,0,6,14,57877,4032,6507,47,2.11,2.86,1.62,1.79,0.55,0.9946,4.46,5.53,0,0,68416,0.32,0.74,0.42
"8473574","FLA",86,857,882,27,34,6,13,1,1,1,67,140,5,6,0,0,14,5,58391,3985,4865,49.3,1.66,2.1,1.17,1.81,0.74,0.9929,4.52,4.44,0,0,67241,0.75,0.27,-0.48
"8473584","NYI",75,1217,1356,44,50,4,10,1,1,1,130,280,5,18,0,0,12,19,81901,7217,8040,47.3,1.93,2.2,0.62,1,0.45,0.9964,2.49,8.06,0,0,97158,0.44,0.7,0.26
"8473646","NJD",95,608,720,20,29,9,5,0,0,0,5,79,1,2,0,0,26,18,50684,1092,3994,45.8,1.42,2.06,0.99,0,0,1,3.3,1.8,0,0,55770,1.68,1.16,-0.52
"8474520","FLA",81,1284,1163,42,43,6,8,10,5,1,343,332,24,27,0,0,16,8,85430,11339,9417,52.5,1.77,1.81,0.59,4.76,0.38,0.997,7.62,10.32,0,0,106186,0.54,0.27,-0.27
"8474573","NYI",80,797,929,35,43,8,16,1,3,3,116,195,6,8,0,0,11,11,56181,6654,6688,46.2,2.24,2.76,1.54,2.16,1.61,0.9846,3.25,4.31,0,0,69523,0.57,0.57,0
"8474612","NYI",73,1166,1241,51,49,1,16,1,5,1,102,289,9,19,0,0,19,16,76672,5884,8305,48.4,2.39,2.3,0.8,3.67,0.43,0.9965,5.51,8.24,0,0,90861,0.75,0.63,-0.12
"8474709","NYI",80,654,768,11,24,6,5,0,0,1,49,177,1,12,0,0,18,15,48550,2848,5265,46,0.82,1.78,0.82,0,0.68,0.9944,1.26,8.21,0,0,56663,1.14,0.95,-0.19
"8475166","NYI",82,1312,1288,62,64,19,29,7,18,1,454,10,36,0,0,0,13,42,79184,10984,2309,50.5,2.82,2.91,2.18,8.19,1.56,0.9,11.8,0,0,0,92477,0.51,1.64,1.13
"8475179","FLA",65,912,1000,37,43,2,15,2,8,2,267,85,22,8,0,0,20,14,65925,8710,4683,47.7,2.02,2.35,0.93,4.13,1.54,0.9765,9.09,6.15,0,0,79318,0.91,0.64,-0.27
"8475790","FLA",79,878,940,27,44,2,5,0,1,0,49,61,1,7,0,0,23,19,60768,2553,3111,48.3,1.6,2.61,0.41,1.41,0,1,1.41,8.1,0,0,66432,1.25,1.03,-0.22
"8459429","STL",79,849,740,35,21,10,9,7,7,3,318,1,23,0,0,0,13,18,52537,9303,973,53.4,2.4,1.44,1.3,5.42,11.1,-2,8.9,0,0,0,62813,0.75,1.03,0.28
"8459457","STL",79,943,755,30,28,7,15,0,0,0,99,116,1,4,0,0,19,13,55085,4177,4994,55.5,1.96,1.83,1.44,0,0,1,0.86,2.88,0,0,64256,1.06,0.73,-0.33
"8459687","STL",89,553,522,10,18,3,5,0,0,0,5,204,0,8,0,0,19,9,41669,695,7314,51.4,0.86,1.56,0.69,0,0,1,0,3.94,0,0,49678,1.38,0.65,-0.73
"8467890","STL",90,1316,1229,46,38,1,11,0,0,0,3,474,1,24,0,0,24,27,86620,2008,13734,51.7,1.91,1.58,0.5,0,0,1,1.79,6.29,0,0,102362,0.84,0.95,0.11
"8468434","STL",34,447,383,21,15,8,10,5,7,1,199,56,15,1,0,0,5,10,27810,5116,2511,53.9,2.72,1.94,2.33,8.44,1.43,0.9821,10.56,1.43,0,0,35437,0.51,1.02,0.51
"8469470","STL",71,1054,903,35,30,1,9,0,10,1,252,35,16,2,0,0,14,8,64124,8231,1995,53.9,1.96,1.68,0.56,4.37,1.8,0.9714,7,3.61,0,0,74350,0.68,0.39,-0.29
"8470257","STL",52,781,546,35,13,12,11,3,3,4,243,157,15,7,0,0,17,23,43517,6866,4725,58.9,2.9,1.08,1.9,3.15,3.05,0.9745,7.86,5.33,0,0,55108,1.11,1.5,0.39
"8470655","STL",91,1285,1114,47,36,13,19,8,9,4,401,256,30,15,0,0,42,43,79927,11452,8258,53.6,2.12,1.62,1.44,5.34,1.74,0.9844,9.43,6.54,0,0,99637,1.52,1.55,0.03
"8470687","NSH",1,2,4,0,0,0,0,0,0,0,0,0,0,0,0,0,1,0,279,0,14,33.3,0,0,0,NA,0,NA,NA,0,0,0,293,12.29,0,-12.29
"8470860","STL",48,2052,1797,80,59,0,0,0,0,2,427,405,28,27,0,0,0,2,131016,13205,14442,53.3,2.2,1.62,0,0,0.5,0.9951,7.63,6.73,0,0,158663,0,0.05,0.05
"8471348","CBJ",61,885,861,41,45,4,17,3,5,2,301,231,14,21,0,0,9,17,61876,8976,7329,50.7,2.39,2.62,1.22,3.21,0.98,0.9913,5.61,10.32,0,0,78181,0.41,0.78,0.37
"8471392","STL",86,1136,1178,42,43,0,10,0,0,0,10,322,2,21,0,0,18,10,79095,1574,12265,49.1,1.91,1.96,0.46,0,0,1,4.57,6.16,0,0,92934,0.7,0.39,-0.31
"8471698","STL",89,1145,1017,49,33,13,23,3,14,3,401,220,27,15,0,0,27,48,75588,11504,8216,53,2.33,1.57,1.71,5.32,1.31,0.9864,8.45,6.57,0,0,95308,1.02,1.81,0.79
"8471743","STL",82,934,871,31,22,4,12,1,1,0,73,236,4,16,0,0,21,11,59289,3757,8438,51.7,1.88,1.34,0.97,1.92,0,1,3.83,6.83,0,0,71484,1.06,0.55,-0.51
"8471817","STL",62,326,274,7,7,3,1,0,0,0,3,2,0,0,0,0,12,11,23890,211,124,54.3,1.05,1.05,0.6,0,0,1,0,0,0,0,24225,1.78,1.63,-0.15
"8471851","STL",59,667,562,24,14,5,7,3,1,1,190,2,8,0,0,0,13,6,40125,5824,713,54.3,2.15,1.26,1.08,2.47,5.05,0.5,4.95,0,0,0,46662,1,0.46,-0.54
"8473485","STL",86,1014,1037,35,35,12,13,2,2,0,212,12,5,1,0,0,23,8,64190,7034,1774,49.4,1.96,1.96,1.4,2.05,0,1,2.56,2.03,0,0,72998,1.13,0.39,-0.74
"8473534","STL",91,1063,1043,43,35,16,16,2,5,2,384,245,18,4,0,0,18,17,72043,11434,8485,50.5,2.15,1.75,1.6,2.2,0.85,0.9918,5.67,1.7,0,0,91962,0.7,0.67,-0.03
"8474031","STL",90,1322,1132,54,34,5,20,5,12,3,495,257,29,10,0,0,32,15,83381,13493,11044,53.9,2.33,1.47,1.08,4.54,0.98,0.9883,7.74,3.26,0,0,107918,1.07,0.5,-0.57
"8474565","STL",89,1530,1257,52,40,4,20,6,19,2,440,435,32,20,0,0,13,12,94437,12933,13376,54.9,1.98,1.52,0.91,6.96,0.54,0.9954,8.91,5.38,0,0,120746,0.39,0.36,-0.03
"8464989","MIN",73,837,928,31,41,9,14,4,5,1,288,204,14,7,0,0,12,14,60016,9512,7108,47.4,1.86,2.46,1.38,3.41,0.51,0.9951,5.3,3.55,0,0,76636,0.56,0.66,0.1
"8468166","CBJ",36,1196,1329,47,56,0,0,0,0,1,341,269,18,24,0,0,0,0,90419,11538,9281,47.4,1.87,2.23,0,0,0.39,0.9963,5.62,9.31,0,0,111238,0,0,0
"8468482","MIN",82,1145,1290,42,42,12,16,8,11,2,468,27,27,3,0,0,14,14,77989,12359,2716,47,1.94,1.94,1.29,5.53,2.65,0.9259,7.86,3.98,0,0,93064,0.54,0.54,0
"8468513","MIN",82,995,1345,28,39,0,5,1,0,0,40,286,3,19,0,0,20,2,77531,2919,10170,42.5,1.3,1.81,0.23,1.23,0,1,3.7,6.73,0,0,90620,0.79,0.08,-0.71
"8468636","MIN",63,817,857,37,35,3,5,0,0,0,4,167,1,13,0,0,9,2,56226,907,5846,48.8,2.37,2.24,0.51,0,0,1,3.97,8.01,0,0,62979,0.51,0.11,-0.4
"8469459","MIN",55,649,776,25,21,4,13,1,13,1,346,143,21,11,0,0,13,11,49193,8570,5981,45.5,1.83,1.54,1.24,5.88,0.6,0.993,8.82,6.62,0,0,63744,0.73,0.62,-0.11
"8469534","CBJ",56,638,707,28,37,2,12,1,1,0,73,112,5,8,0,0,8,10,45250,3255,4253,47.4,2.23,2.94,1.11,2.21,0,1,5.53,6.77,0,0,52758,0.55,0.68,0.13
"8469623","NJD",87,1255,1201,48,46,1,16,2,10,5,445,61,28,2,0,0,28,12,89134,14122,4030,51.1,1.94,1.86,0.69,3.06,4.47,0.918,7.14,1.79,0,0,107286,0.94,0.4,-0.54
"8470153","MIN",37,415,414,17,17,7,7,2,5,1,215,3,15,0,0,0,3,4,28114,5561,484,50.1,2.18,2.18,1.79,4.53,7.44,0.6667,9.71,0,0,0,34159,0.32,0.42,0.1
"8470803","MIN",82,946,1190,32,42,15,14,5,6,2,204,321,15,25,0,0,18,16,69400,8016,8864,44.3,1.66,2.18,1.5,4.94,0.81,0.9938,6.74,10.15,0,0,86280,0.75,0.67,-0.08
"8470886","MIN",51,620,751,27,26,1,2,0,0,1,1,130,0,11,0,0,16,8,46324,619,4345,45.2,2.1,2.02,0.23,0,0.83,0.9923,0,9.11,0,0,51288,1.12,0.56,-0.56
"8471280","MIN",77,833,1065,34,39,8,15,0,1,2,43,1,1,0,0,0,10,8,60206,2756,639,43.9,2.03,2.33,1.38,1.31,11.27,-1,1.31,0,0,0,63601,0.57,0.45,-0.12
"8471670","MIN",16,159,204,8,4,3,4,1,0,0,62,0,4,0,0,0,10,6,11307,2146,194,43.8,2.55,1.27,2.23,1.68,0,NA,6.71,0,0,0,13647,2.64,1.58,-1.06
"8471682","MIN",69,815,869,25,41,8,7,7,6,0,298,0,18,0,0,0,13,21,56707,8944,1078,48.4,1.59,2.6,0.95,5.23,0,NA,7.25,0,0,0,66729,0.7,1.13,0.43
"8473404","MIN",46,1608,1961,55,66,0,1,0,1,4,336,404,21,30,0,0,1,11,119873,12511,13147,45.1,1.65,1.98,0.03,0.29,1.1,0.9901,6.04,8.21,0,0,145531,0.02,0.27,0.25
"8473504","MIN",74,708,892,23,29,8,6,3,3,3,201,158,13,13,0,0,34,32,53689,8478,6121,44.2,1.54,1.94,0.94,2.55,1.76,0.981,5.52,7.65,0,0,68288,1.79,1.69,-0.1
"8473932","MIN",82,686,970,20,37,6,7,0,0,1,1,341,0,23,0,0,21,19,55910,1365,8986,41.4,1.29,2.38,0.84,0,0.4,0.9971,0,9.21,0,0,66261,1.14,1.03,-0.11
"8474121","CBJ",75,437,667,12,24,1,6,0,0,0,6,85,0,4,0,0,15,9,39700,1215,3395,39.6,1.09,2.18,0.63,0,0,1,0,4.24,0,0,44310,1.22,0.73,-0.49
"8474195","CBJ",10,65,80,2,5,1,1,0,0,0,1,3,0,0,0,0,1,1,5820,239,109,44.8,1.24,3.09,1.24,0,0,1,0,0,0,0,6168,0.58,0.58,0
"8474618","MIN",63,828,1081,22,43,1,3,1,5,2,150,235,11,11,0,0,7,11,61267,6755,8280,43.4,1.29,2.53,0.24,3.2,0.87,0.9915,5.86,4.78,0,0,76302,0.33,0.52,0.19
"8474716","MIN",70,889,1084,29,30,1,9,2,9,1,283,191,16,10,0,0,3,12,67114,9107,6621,45.1,1.56,1.61,0.54,4.35,0.54,0.9948,6.32,5.44,0,0,82842,0.13,0.52,0.39
"8475757","MIN",9,61,89,3,1,0,3,0,0,1,2,0,0,0,0,0,3,3,5360,465,26,40.7,2.01,0.67,2.01,0,138.46,NA,0,0,0,0,5851,1.85,1.85,0
"8467453","DAL",10,406,422,13,27,0,0,0,0,0,58,69,4,4,0,0,0,1,25400,2519,2166,49,1.84,3.83,0,0,0,1,5.72,6.65,0,0,30085,0,0.12,0.12
"8470063","DAL",65,612,623,22,21,6,11,0,2,0,46,184,5,14,0,0,18,16,41336,1826,4856,49.6,1.92,1.83,1.48,3.94,0,1,9.86,10.38,0,0,48018,1.35,1.2,-0.15
"8471245","CHI",82,886,858,37,50,7,10,7,6,1,220,257,15,16,0,0,22,11,60973,9350,6633,50.8,2.18,2.95,1,5.01,0.54,0.9961,5.78,8.68,0,0,76956,1.03,0.51,-0.52
"8473722","CHI",35,181,175,8,9,0,1,0,0,0,0,2,0,0,0,0,9,3,13376,108,500,50.8,2.15,2.42,0.27,0,0,1,0,0,0,0,13984,2.32,0.77,-1.55
"8475323","CHI",77,891,758,38,31,9,13,0,3,0,154,186,7,12,0,0,11,14,55915,7133,6172,54,2.45,2,1.42,1.51,0,1,3.53,7,0,0,69220,0.57,0.73,0.16
"8460577","COL",81,1097,1034,40,45,8,14,6,8,1,323,2,25,0,0,0,7,8,66942,8511,1483,51.5,2.15,2.42,1.18,5.92,2.43,0.5,10.57,0,0,0,76936,0.33,0.37,0.04
"8469152","DET",15,655,540,22,27,0,0,0,0,1,118,108,8,14,0,0,0,2,38313,3538,3798,54.8,2.07,2.54,0,0,0.95,0.9907,8.14,13.27,0,0,45649,0,0.16,0.16
"8469467","COL",58,468,540,15,26,6,6,0,1,0,36,110,3,11,0,0,13,10,34005,2191,4209,46.4,1.59,2.75,1.27,1.64,0,1,4.93,9.41,0,0,40405,1.16,0.89,-0.27
"8469508","COL",80,670,745,24,35,9,5,0,0,0,3,384,0,21,0,0,12,11,51840,1669,10459,47.3,1.67,2.43,0.97,0,0,1,0,7.23,0,0,63968,0.68,0.62,-0.06
"8470622","DET",10,93,59,3,3,0,1,0,0,0,1,41,0,3,0,0,1,1,5171,107,1047,61.2,2.09,2.09,0.7,0,0,1,0,10.32,0,0,6325,0.57,0.57,0
"8470672","COL",74,927,1089,34,39,1,6,0,0,0,1,307,0,19,0,0,26,8,69017,1101,10056,46,1.77,2.03,0.37,0,0,1,0,6.8,0,0,80174,1.17,0.36,-0.81
"8470699","COL",81,1144,1285,35,54,4,13,0,0,0,13,373,1,22,0,0,11,9,81099,1788,11702,47.1,1.55,2.4,0.75,0,0,1,2.01,6.77,0,0,94589,0.42,0.34,-0.08
"8470724","COL",77,1199,1029,46,45,2,8,4,6,2,265,249,20,22,0,0,40,11,72838,10133,9756,53.8,2.27,2.22,0.49,3.55,0.74,0.992,7.11,8.12,0,0,92727,1.55,0.43,-1.12
"8470839","COL",76,1246,1095,48,51,2,14,1,1,0,39,187,4,17,0,0,35,18,72076,3029,7376,53.2,2.4,2.55,0.8,2.38,0,1,4.75,8.3,0,0,82481,1.53,0.79,-0.74
"8470877","COL",72,831,881,32,38,12,13,3,2,1,210,71,15,3,0,0,10,8,54335,7116,2963,48.5,2.12,2.52,1.66,2.53,1.21,0.9859,7.59,3.64,0,0,64414,0.56,0.45,-0.11
"8471476","COL",89,1139,1035,30,40,6,14,0,0,0,31,315,1,16,0,0,24,18,71080,2883,9476,52.4,1.52,2.03,1.01,0,0,1,1.25,6.08,0,0,83439,1.04,0.78,-0.26
"8471657","COL",75,434,457,16,17,6,5,0,0,0,4,8,0,0,0,0,17,7,31149,583,394,48.7,1.85,1.96,1.27,0,0,1,0,0,0,0,32126,1.9,0.78,-1.12
"8471669","COL",79,1167,1115,45,45,13,18,6,12,3,325,77,28,4,0,0,16,16,70635,8396,3606,51.1,2.29,2.29,1.58,7.72,3,0.961,12.01,3.99,0,0,82637,0.7,0.7,0
"8473446","COL",73,1181,1054,47,47,3,9,1,11,1,273,184,15,11,0,0,8,11,69106,8302,7226,52.8,2.45,2.45,0.63,5.2,0.5,0.9946,6.5,5.48,0,0,84634,0.34,0.47,0.13
"8473526","COL",32,415,408,12,15,5,5,1,4,1,66,2,5,0,0,0,4,0,23813,2244,359,50.4,1.81,2.27,1.51,8.02,10.03,0.5,8.02,0,0,0,26416,0.55,0,-0.55
"8473575","COL",53,2386,2261,91,93,0,0,0,1,2,374,458,22,33,0,0,1,6,148534,13080,16611,51.3,2.21,2.25,0,0.28,0.43,0.9956,6.06,7.15,0,0,178225,0.02,0.12,0.1
"8473700","COL",59,951,814,37,29,1,13,0,3,0,57,102,6,6,0,0,9,10,55183,2800,4866,53.9,2.41,1.89,0.91,3.86,0,1,7.71,4.44,0,0,62849,0.52,0.57,0.05
"8474001","COL",72,727,728,19,27,8,6,0,0,0,57,89,1,8,0,0,25,9,47689,3289,3977,50,1.43,2.04,1.06,0,0,1,1.09,7.24,0,0,54955,1.64,0.59,-1.05
"8475158","COL",81,1240,1018,45,36,10,23,4,11,1,300,122,20,8,0,0,5,15,72122,9132,5549,54.9,2.25,1.8,1.65,5.91,0.65,0.9918,7.88,5.19,0,0,86803,0.21,0.62,0.41
"8475168","COL",58,781,695,24,27,8,10,4,3,1,233,0,11,0,0,0,4,19,45116,6721,1107,52.9,1.92,2.15,1.44,3.75,3.25,NA,5.89,0,0,0,52944,0.27,1.29,1.02
"8476455","COL",82,1232,989,52,35,15,18,5,6,2,266,162,18,16,0,0,22,15,69375,8387,7236,55.5,2.7,1.82,1.71,4.72,1,0.9877,7.73,7.96,0,0,84998,0.93,0.64,-0.29
"8462042","CGY",82,1091,1348,56,56,20,23,6,10,4,394,4,28,0,0,0,14,17,78393,12409,1699,44.7,2.57,2.57,1.97,4.64,8.48,0,8.12,0,0,0,92501,0.54,0.66,0.12
"8462147","CGY",70,2749,3025,117,115,0,0,0,0,5,531,552,36,32,0,0,0,13,194313,19755,18655,47.6,2.17,2.13,0,0,0.96,0.9909,6.56,6.18,0,0,232723,0,0.2,0.2
"8464981","CGY",62,777,739,28,26,1,6,0,0,1,8,90,0,3,0,0,23,11,52873,586,3850,51.3,1.91,1.77,0.48,0,0.94,0.9889,0,2.81,0,0,57309,1.44,0.69,-0.75
"8466140","CGY",82,977,1167,51,57,10,19,8,14,3,374,60,31,5,0,0,25,15,69698,11672,2809,45.6,2.63,2.94,1.5,6.79,3.84,0.95,9.56,6.41,0,0,84179,1.07,0.64,-0.43
"8466158","CGY",78,1014,1261,49,62,2,8,0,0,0,8,356,1,25,0,0,14,5,76147,1119,10680,44.6,2.32,2.93,0.47,0,0,1,3.22,8.43,0,0,87946,0.57,0.2,-0.37
"8466398","CGY",81,739,802,21,36,2,8,1,0,0,14,188,1,11,0,0,16,13,50556,1510,6576,48,1.5,2.56,0.71,2.38,0,1,2.38,6.02,0,0,58642,0.98,0.8,-0.18
"8467338","CGY",64,723,868,42,32,10,20,1,13,2,304,145,22,7,0,0,14,13,53409,9159,4786,45.4,2.83,2.16,2.02,5.5,1.5,0.9862,8.65,5.27,0,0,67354,0.75,0.69,-0.06
"8467943","ANA",71,747,772,25,37,5,13,2,0,0,64,139,3,8,0,0,7,13,50318,3249,5962,49.2,1.79,2.65,1.29,2.22,0,1,3.32,4.83,0,0,59529,0.42,0.79,0.37
"8469490","CGY",75,554,571,9,27,1,6,0,0,1,36,3,1,0,0,0,12,11,38519,1574,453,49.2,0.84,2.52,0.65,0,7.95,0.6667,2.29,0,0,0,40546,1.07,0.98,-0.09
"8469664","CGY",32,358,314,9,14,2,5,0,0,0,44,90,3,7,0,0,6,5,21612,1626,2301,53.3,1.5,2.33,1.17,0,0,1,6.64,10.95,0,0,25539,0.85,0.7,-0.15
"8470151","CGY",82,1266,1498,45,60,3,13,2,8,3,254,462,19,29,0,0,12,14,93447,10501,13755,45.8,1.73,2.31,0.62,3.43,0.79,0.9935,6.51,7.59,0,0,117703,0.37,0.43,0.06
"8470162","CGY",61,604,600,24,23,7,8,0,1,0,46,116,1,3,0,0,7,11,40767,2308,2913,50.2,2.12,2.03,1.32,1.56,0,1,1.56,3.71,0,0,45988,0.55,0.86,0.31
"8470265","CGY",32,310,353,13,9,1,6,1,2,1,142,2,7,0,0,0,3,1,22358,4286,269,46.8,2.09,1.45,1.13,2.52,13.38,0.5,5.88,0,0,0,26913,0.4,0.13,-0.27
"8470740","CGY",61,701,645,29,25,11,10,2,3,1,160,113,9,6,0,0,8,13,44801,6388,4921,52.1,2.33,2.01,1.69,2.82,0.73,0.9912,5.07,4.39,0,0,56110,0.51,0.83,0.32
"8470966","CGY",61,863,942,40,38,4,10,5,4,2,288,218,20,12,0,0,35,21,61287,9460,6583,47.8,2.35,2.23,0.82,3.42,1.09,0.9908,7.61,6.56,0,0,77330,1.63,0.98,-0.65
"8471185","CGY",67,734,863,37,43,15,14,8,4,2,172,220,19,15,0,0,21,15,52956,6457,6760,46,2.52,2.92,1.97,6.69,1.07,0.9909,10.59,7.99,0,0,66173,1.14,0.82,-0.32
"8471504","CGY",76,778,940,28,43,13,3,3,3,2,241,191,12,13,0,0,19,7,58655,10093,7729,45.3,1.72,2.64,0.98,2.14,0.93,0.9895,4.28,6.06,0,0,76477,0.89,0.33,-0.56
"8471761","CGY",68,1013,1176,42,47,2,10,0,3,2,71,248,6,13,0,0,12,8,70267,3954,8126,46.3,2.15,2.41,0.61,2.73,0.89,0.9919,5.46,5.76,0,0,82347,0.52,0.35,-0.17
"8475264","CGY",61,419,506,18,14,3,8,0,0,1,39,22,2,1,0,0,7,6,34371,1585,790,45.3,1.89,1.47,1.15,0,4.56,0.9545,4.54,4.56,0,0,36746,0.69,0.59,-0.1
"8470299","MIN",49,298,420,8,21,3,3,3,2,1,104,1,8,0,0,0,4,3,24778,4496,429,41.5,1.16,3.05,0.87,4,8.39,0,6.41,0,0,0,29703,0.48,0.36,-0.12
"8458537","PHX",98,1374,1257,66,37,15,38,8,15,7,554,1,32,0,0,0,14,20,84966,16012,1132,52.2,2.8,1.57,2.25,5.17,22.26,-6,7.19,0,0,0,102110,0.49,0.71,0.22
"8459053","PHX",75,1163,1132,51,39,1,9,1,0,0,32,229,1,15,0,0,26,12,72365,2983,8520,50.7,2.54,1.94,0.5,1.21,0,1,1.21,6.34,0,0,83868,1.12,0.52,-0.6
"8462036","PHX",89,1017,997,47,46,10,21,1,2,2,164,166,3,5,0,0,9,8,65168,6656,6828,50.5,2.6,2.54,1.71,1.62,1.05,0.988,1.62,2.64,0,0,78652,0.41,0.37,-0.04
"8462038","PHX",95,1318,1301,56,51,20,19,6,9,6,453,131,25,4,0,0,27,27,84656,13676,6476,50.3,2.38,2.17,1.66,3.95,3.34,0.9542,6.58,2.22,0,0,104808,0.93,0.93,0
"8462129","SJS",69,656,811,23,31,5,13,2,3,0,134,175,8,13,0,0,8,5,47282,4956,5231,44.7,1.75,2.36,1.37,3.63,0,1,5.81,8.95,0,0,57469,0.5,0.31,-0.19
"8464966","PHX",75,1048,1209,42,48,4,8,0,2,0,58,397,3,13,0,0,31,6,71082,3249,10016,46.4,2.13,2.43,0.61,2.22,0,1,3.32,4.67,0,0,84347,1.32,0.26,-1.06
"8465005","SJS",57,653,623,21,27,1,3,0,0,0,2,163,0,18,0,0,8,4,43186,930,4634,51.2,1.75,2.25,0.33,0,0,1,0,13.98,0,0,48750,0.59,0.3,-0.29
"8465058","PHX",69,1010,1080,38,33,1,12,0,0,0,5,231,0,9,0,0,18,8,68752,1113,7719,48.3,1.99,1.73,0.68,0,0,1,0,4.2,0,0,77584,0.84,0.37,-0.47
"8466138","SJS",87,1407,1107,55,36,13,32,4,19,1,612,144,37,8,0,0,14,32,79136,13762,4975,56,2.5,1.64,2.05,6.02,0.72,0.9931,9.68,5.79,0,0,97873,0.51,1.18,0.67
"8466139","SJS",87,1325,1140,56,48,16,17,9,15,1,566,219,38,15,0,0,15,12,78684,12383,6213,53.8,2.56,2.2,1.51,6.98,0.58,0.9954,11.05,8.69,0,0,97280,0.56,0.44,-0.12
"8467096","SJS",86,1634,1513,65,55,4,25,3,15,2,704,200,46,23,0,0,18,13,97766,16378,7781,51.9,2.39,2.03,1.07,3.96,0.93,0.99,10.11,10.64,0,0,121925,0.53,0.38,-0.15
"8467881","PHX",89,942,1126,33,38,12,11,1,1,0,59,0,4,0,0,0,10,12,62121,4356,170,45.6,1.91,2.2,1.33,1.65,0,NA,3.31,0,0,0,66647,0.54,0.65,0.11
"8468085","PHX",93,1214,1165,54,33,22,19,10,9,4,445,159,29,6,0,0,16,2,77256,12561,6226,51,2.52,1.54,1.91,5.45,2.31,0.9748,8.31,3.47,0,0,96043,0.6,0.07,-0.53
"8468114","SJS",65,899,1030,28,28,0,4,0,0,0,7,230,0,17,0,0,15,7,59248,1405,6451,46.6,1.7,1.7,0.24,0,0,1,0,9.49,0,0,67104,0.8,0.38,-0.42
"8468484","PHX",80,1138,1375,51,45,4,13,0,0,0,6,424,0,12,0,0,19,14,74692,1382,10364,45.3,2.46,2.17,0.82,0,0,1,0,4.17,0,0,86438,0.79,0.58,-0.21
"8468485","PHX",82,817,773,33,29,14,12,1,0,0,99,0,5,0,0,0,20,19,51199,4628,574,51.4,2.32,2.04,1.83,0.78,0,NA,3.89,0,0,0,56401,1.28,1.21,-0.07
"8468515","SJS",68,449,448,11,15,6,4,0,0,0,14,1,0,0,0,0,18,10,29755,1085,421,50.1,1.33,1.81,1.21,0,0,1,0,0,0,0,31261,2.07,1.15,-0.92
"8469608","PHX",83,3572,3870,154,127,0,3,0,0,5,581,759,38,34,0,0,10,17,233487,21748,23103,48,2.37,1.96,0.05,0,0.78,0.9934,6.29,5.3,0,0,278338,0.13,0.22,0.09
"8469622","SJS",81,1199,1107,39,48,10,13,4,12,2,345,4,22,0,0,0,21,16,68747,10895,1301,52,2.04,2.51,1.2,5.29,5.53,0.5,7.27,0,0,0,80943,0.93,0.71,-0.22
"8469685","SJS",39,246,227,9,6,1,3,0,0,0,2,29,0,5,0,0,2,6,16396,353,1020,52,1.98,1.32,0.88,0,0,1,0,17.65,0,0,17769,0.41,1.22,0.81
"8470159","PHX",91,931,1164,35,33,7,13,0,0,0,12,530,0,24,0,0,8,10,69300,1782,11728,44.4,1.82,1.71,1.04,0,0,1,0,7.37,0,0,82810,0.35,0.43,0.08
"8470613","SJS",86,1562,1370,52,44,6,15,6,11,0,444,288,26,18,0,0,19,16,88154,12511,7827,53.3,2.12,1.8,0.86,4.89,0,1,7.48,8.28,0,0,108492,0.63,0.53,-0.1
"8470713","PHX",34,168,143,1,5,1,0,0,0,0,0,0,0,0,0,0,3,3,11652,39,16,54,0.31,1.54,0.31,0,0,NA,0,0,0,0,11707,0.92,0.92,0
"8470794","SJS",87,1378,1138,54,38,19,17,8,10,1,570,253,35,24,0,0,13,26,79878,12562,5904,54.8,2.43,1.71,1.62,5.16,0.61,0.996,10.03,14.63,0,0,98344,0.48,0.95,0.47
"8471231","PHX",68,587,629,28,23,4,16,0,0,0,0,29,0,2,0,0,7,10,38125,550,1191,48.3,2.64,2.17,1.89,0,0,1,0,6.05,0,0,39866,0.63,0.9,0.27
"8471232","PHX",93,1067,1355,44,46,13,18,0,2,2,73,487,6,19,0,0,8,19,73668,4914,11142,44.1,2.15,2.25,1.51,1.47,0.65,0.9959,4.4,6.14,0,0,89724,0.32,0.76,0.44
"8471306","SJS",19,848,674,28,25,0,0,0,0,1,207,137,18,13,0,0,1,3,48757,6233,4262,55.7,2.07,1.85,0,0,0.84,0.9927,10.4,10.98,0,0,59252,0.06,0.18,0.12
"8471338","SJS",81,844,849,30,37,8,11,0,0,0,18,90,1,10,0,0,14,20,53459,2147,3298,49.9,2.02,2.49,1.28,0,0,1,1.68,10.92,0,0,58904,0.86,1.22,0.36
"8471691","PHX",76,1034,929,43,29,7,19,3,9,2,330,146,26,9,0,0,36,21,61577,9401,6026,52.7,2.51,1.7,1.52,4.6,1.19,0.9863,9.96,5.38,0,0,77004,1.68,0.98,-0.7
"8471709","SJS",87,1663,1508,61,55,3,15,0,0,1,74,310,3,27,0,0,16,25,96710,5024,9505,52.4,2.27,2.05,0.67,0,0.38,0.9968,2.15,10.23,0,0,111239,0.52,0.81,0.29
"8471735","PHX",98,1666,1607,77,59,11,24,0,14,5,473,31,26,2,0,0,28,17,103347,16546,2120,50.9,2.68,2.06,1.22,3.05,8.49,0.8387,5.66,3.4,0,0,122013,0.83,0.5,-0.33
"8471956","SJS",81,686,655,23,19,5,12,0,0,0,3,107,0,7,0,0,12,12,41427,947,4111,51.2,2,1.65,1.48,0,0,1,0,6.13,0,0,46485,0.93,0.93,0
"8473465","SJS",78,853,880,40,42,13,15,6,1,1,107,28,8,3,0,0,11,13,54885,4280,1515,49.2,2.62,2.75,1.84,5.89,2.38,0.9643,6.73,7.13,0,0,60680,0.65,0.77,0.12
"8474053","SJS",85,1230,1040,38,37,17,16,11,16,3,474,135,32,11,0,0,8,12,69924,11342,6087,54.2,1.96,1.9,1.7,8.57,1.77,0.9778,10.16,6.51,0,0,87353,0.33,0.49,0.16
"8474218","SJS",60,802,792,28,34,2,6,2,3,2,230,12,9,1,0,0,12,12,49535,6876,1812,50.3,2.03,2.47,0.58,2.62,3.97,0.8333,4.71,1.99,0,0,58223,0.74,0.74,0
"8474571","PHX",98,1013,1155,43,41,15,14,0,2,1,117,91,5,3,0,0,5,16,70623,6502,3452,46.7,2.19,2.09,1.48,1.11,1.04,0.989,2.77,3.13,0,0,80577,0.22,0.71,0.49
"8474739","SJS",38,492,404,12,12,3,6,0,1,0,50,4,1,0,0,0,5,15,26984,2331,391,54.9,1.6,1.6,1.2,1.54,0,1,1.54,0,0,0,29706,0.61,1.82,1.21
"8475171","PHX",98,1555,1552,59,55,10,12,3,9,3,271,271,23,17,0,0,19,24,103093,11496,9207,50,2.06,1.92,0.77,3.76,1.17,0.9889,7.2,6.65,0,0,123796,0.55,0.7,0.15
"8473541","LAK",16,689,520,24,26,0,0,0,0,0,121,144,7,6,0,0,0,1,40855,4677,5340,57,2.11,2.29,0,0,0,1,5.39,4.04,0,0,50872,0,0.07,0.07
"8473908","LAK",25,103,115,5,8,1,1,0,0,0,0,0,0,0,0,0,7,3,7716,55,120,47.2,2.33,3.73,0.93,0,0,NA,0,0,0,0,7891,3.19,1.37,-1.82
"8467353","WPG",69,783,769,36,35,10,14,3,6,1,190,193,16,12,0,0,21,11,50590,6923,7358,50.5,2.56,2.49,1.71,4.68,0.49,0.9948,8.32,5.87,0,0,64871,1.17,0.61,-0.56
"8468493","WPG",56,860,909,40,33,0,8,0,1,0,60,247,1,21,0,0,8,1,57013,2998,6975,48.6,2.53,2.08,0.51,1.2,0,1,1.2,10.84,0,0,66986,0.43,0.05,-0.38
"8469501","WPG",72,503,683,18,22,4,7,0,0,0,5,66,0,5,0,0,13,8,39615,1171,1808,42.4,1.64,2,1,0,0,1,0,9.96,0,0,42594,1.1,0.68,-0.42
"8469581","WPG",77,971,778,42,34,13,22,4,6,2,234,3,16,0,0,0,2,12,57448,7946,946,55.5,2.63,2.13,2.19,4.53,7.61,0.3333,7.25,0,0,0,66340,0.11,0.65,0.54
"8469665","WPG",87,1286,1274,47,49,2,15,0,1,0,89,267,3,15,0,0,14,14,84715,4960,11812,50.2,2,2.08,0.72,0.73,0,1,2.18,4.57,0,0,101487,0.5,0.5,0
"8470289","WPG",78,723,1027,30,39,11,8,0,0,0,13,347,0,29,0,0,16,15,56489,1876,7762,41.3,1.91,2.49,1.21,0,0,1,0,13.45,0,0,66127,0.87,0.82,-0.05
"8470614","WPG",80,1016,1072,38,48,1,11,0,0,0,1,448,0,38,0,0,29,19,67972,886,10234,48.7,2.01,2.54,0.64,0,0,1,0,13.37,0,0,79092,1.32,0.86,-0.46
"8470828","WPG",62,1173,969,55,47,4,17,2,10,3,313,117,22,10,0,0,19,9,67210,9591,4858,54.8,2.95,2.52,1.12,4.5,2.22,0.9744,8.26,7.41,0,0,81659,0.84,0.4,-0.44
"8470834","WPG",66,1277,1111,57,60,6,21,4,14,5,377,32,24,1,0,0,31,8,74229,10680,3161,53.5,2.76,2.91,1.31,6.07,5.69,0.8438,8.09,1.14,0,0,88070,1.27,0.33,-0.94
"8470854","WPG",78,660,898,25,36,5,11,0,0,0,11,272,0,18,0,0,14,11,52399,1665,6372,42.4,1.72,2.47,1.1,0,0,1,0,10.17,0,0,60436,0.83,0.66,-0.17
"8471217","WPG",82,1276,1050,50,54,22,13,4,7,4,343,181,19,9,0,0,21,17,72012,10066,7129,54.9,2.5,2.7,1.75,3.93,2.02,0.9779,6.8,4.54,0,0,89207,0.85,0.69,-0.16
"8471218","WPG",80,1320,1151,62,59,11,31,6,10,4,348,26,23,2,0,0,25,28,72289,10192,2189,53.4,3.09,2.94,2.09,5.65,6.58,0.8462,8.12,3.29,0,0,84670,1.06,1.19,0.13
"8471296","MTL",67,916,985,33,55,2,3,0,0,1,21,125,0,10,0,0,15,22,58331,1464,6057,48.2,2.04,3.39,0.31,0,0.59,0.992,0,5.94,0,0,65852,0.82,1.2,0.38
"8471715","WPG",68,2869,2896,121,124,0,2,0,0,6,542,650,38,47,0,0,0,5,185140,18042,19863,49.8,2.35,2.41,0.04,0,1.09,0.9908,7.58,8.52,0,0,223045,0,0.08,0.08
"8473412","WPG",74,1143,974,47,53,15,14,7,7,5,329,175,20,14,0,0,12,14,66733,9664,6360,54,2.54,2.86,1.56,5.22,2.83,0.9714,7.45,7.92,0,0,82757,0.52,0.61,0.09
"8474050","WPG",5,45,40,3,2,0,1,0,1,0,5,1,1,0,0,0,1,1,2367,95,69,52.9,4.56,3.04,1.52,37.89,0,1,37.89,0,0,0,2531,1.42,1.42,0
"8474567","WPG",65,1065,1084,42,45,4,15,1,6,1,265,377,18,24,0,0,18,9,66270,8977,9981,49.6,2.28,2.44,1.03,2.81,0.36,0.9973,7.22,8.66,0,0,85228,0.76,0.38,-0.38
"8475169","WPG",74,1055,960,54,43,21,21,5,3,3,263,9,24,1,0,0,24,31,62996,8433,1466,52.4,3.09,2.46,2.4,3.42,7.37,0.6667,10.25,2.46,0,0,72895,1.19,1.53,0.34
"8475788","WPG",76,939,828,38,32,9,12,1,2,2,131,183,10,12,0,0,20,26,58736,5289,8131,53.1,2.33,1.96,1.29,2.04,0.89,0.9891,6.81,5.31,0,0,72156,1,1.3,0.3
"8476460","WPG",7,52,46,1,1,0,0,1,0,0,19,8,1,1,0,0,0,2,3740,400,285,53.1,0.96,0.96,0,9,0,1,9,12.63,0,0,4425,0,1.63,1.63
"8460496","EDM",82,938,1081,44,43,14,18,4,4,2,266,235,20,15,0,0,21,18,68010,10696,8891,46.5,2.33,2.28,1.69,2.69,0.81,0.9915,6.73,6.07,0,0,87597,0.86,0.74,-0.12
"8460541","PIT",56,486,473,18,20,6,6,0,2,0,24,50,3,5,0,0,7,8,32046,1605,2420,50.7,2.02,2.25,1.35,4.49,0,1,6.73,7.44,0,0,36071,0.7,0.8,0.1
"8462161","PIT",17,655,540,19,33,0,1,0,0,1,168,92,15,9,0,0,0,2,39036,4476,3811,54.8,1.75,3.04,0.09,0,0.94,0.9891,12.06,8.5,0,0,47323,0,0.15,0.15
"8465050","EDM",78,692,816,21,33,2,7,1,4,2,102,290,8,15,0,0,15,11,50256,5542,9417,45.9,1.5,2.36,0.64,3.25,0.76,0.9931,5.2,5.73,0,0,65215,0.83,0.61,-0.22
"8467304","EDM",52,689,700,30,25,3,7,0,0,0,0,127,0,8,0,0,30,6,44551,474,5551,49.6,2.42,2.02,0.81,0,0,1,0,5.19,0,0,50576,2.14,0.43,-1.71
"8467423","EDM",81,922,1039,30,47,7,9,5,7,3,314,332,33,20,0,0,12,13,68115,9480,10249,47,1.59,2.48,0.85,4.56,1.05,0.991,12.53,7.03,0,0,87844,0.49,0.53,0.04
"8468660","EDM",43,115,151,3,6,1,2,0,0,0,0,0,0,0,0,0,7,9,10851,10,119,43.2,1,1.99,1,0,0,NA,0,0,0,0,10980,2.3,2.95,0.65
"8469466","EDM",69,918,902,31,35,9,15,1,8,4,178,3,14,0,0,0,14,15,58670,7720,1305,50.4,1.9,2.15,1.47,4.2,11.03,-0.3333,6.53,0,0,0,67695,0.74,0.8,0.06
"8470104","EDM",67,941,1030,34,45,1,11,2,4,1,231,318,17,21,0,0,9,15,69484,8788,10516,47.7,1.76,2.33,0.62,2.46,0.34,0.9969,6.96,7.19,0,0,88788,0.36,0.61,0.25
"8470896","PIT",12,28,31,0,0,0,0,0,0,0,0,0,0,0,0,0,3,1,2257,7,22,47.5,0,0,0,0,0,NA,0,0,0,0,2286,4.72,1.57,-3.15
"8471216","EDM",25,288,386,14,15,1,0,1,0,1,94,13,6,0,0,0,9,2,21373,3299,1269,42.7,2.36,2.53,0.17,1.09,2.84,0.9231,6.55,0,0,0,25941,1.25,0.28,-0.97
"8471222","EDM",78,1076,1189,50,51,5,9,0,0,1,2,417,0,25,0,0,22,12,77158,1883,11900,47.5,2.33,2.38,0.65,0,0.3,0.9976,0,7.56,0,0,90941,0.87,0.48,-0.39
"8471227","EDM",47,1762,2027,80,82,0,0,0,1,4,320,367,29,27,0,0,0,2,125152,11288,14082,46.5,2.3,2.36,0,0.32,1.02,0.9891,9.25,6.9,0,0,150522,0,0.05,0.05
"8471323","EDM",79,794,924,32,43,10,12,3,3,2,79,295,10,14,0,0,16,23,55809,4465,9822,46.2,2.06,2.77,1.42,4.84,0.73,0.9932,8.06,5.13,0,0,70096,0.82,1.18,0.36
"8473507","EDM",73,1105,1144,50,54,1,18,1,5,2,140,277,11,18,0,0,13,11,74012,5353,9900,49.1,2.43,2.63,0.92,4.04,0.73,0.9928,7.4,6.55,0,0,89265,0.52,0.44,-0.08
"8473525","EDM",54,592,712,31,33,1,2,0,0,0,3,254,0,15,0,0,25,15,44174,606,7831,45.4,2.53,2.69,0.24,0,0,1,0,6.9,0,0,52611,1.71,1.03,-0.68
"8474059","EDM",14,137,160,2,7,2,0,0,0,0,31,0,0,0,0,0,4,4,9521,1420,107,46.1,0.76,2.65,0.76,0,0,NA,0,0,0,0,11048,1.3,1.3,0
"8474586","EDM",78,953,1027,64,50,23,31,9,10,3,321,13,32,0,0,0,5,17,64929,9720,2263,48.1,3.55,2.77,2.99,7.04,4.77,0.7692,11.85,0,0,0,76912,0.23,0.8,0.57
"8475165","EDM",56,352,465,10,18,1,4,0,0,1,6,133,1,12,0,0,6,6,28244,808,5356,43.1,1.27,2.29,0.64,0,0.67,0.9925,4.46,8.07,0,0,34408,0.63,0.63,0
"8475175","EDM",41,400,385,8,13,2,4,0,2,1,67,21,3,1,0,0,2,8,27879,2800,440,51,1.03,1.68,0.77,2.57,8.18,0.9524,3.86,8.18,0,0,31119,0.23,0.93,0.7
"8475791","EDM",61,853,780,41,37,13,18,13,8,1,254,7,30,1,0,0,17,25,52721,7967,1480,52.2,2.8,2.53,2.12,9.49,2.43,0.8571,13.56,2.43,0,0,62168,0.98,1.45,0.47
"8476454","EDM",62,781,828,43,35,14,14,3,19,3,232,1,28,0,0,0,7,8,52232,7682,1395,48.5,2.96,2.41,1.93,10.31,7.74,-2,13.12,0,0,0,61309,0.41,0.47,0.06
"8471695","BOS",23,1077,892,41,36,0,0,0,0,0,156,176,14,7,0,0,1,1,62098,4931,6314,54.7,2.38,2.09,0,0,0,1,10.22,3.99,0,0,73343,0.05,0.05,0
"8460704","NJD",28,1013,1010,45,40,0,0,0,0,2,225,235,16,10,0,0,1,7,74802,8158,8611,50.1,2.17,1.93,0,0,0.84,0.9915,7.06,4.18,0,0,91571,0.04,0.28,0.24
"8471719","MIN",24,95,131,3,5,2,0,0,0,0,0,0,0,0,0,0,5,7,7855,38,2,42,1.37,2.29,0.92,0,0,NA,0,0,0,0,7895,2.28,3.19,0.91
"8467478","STL",26,342,319,15,8,2,5,0,0,0,7,15,0,0,0,0,6,5,21723,630,1290,51.7,2.49,1.33,1.16,0,0,1,0,0,0,0,23643,0.91,0.76,-0.15
"8473953","CGY",47,550,605,21,25,2,5,0,4,0,56,14,5,0,0,0,6,7,37714,2953,1735,47.6,2,2.39,0.67,4.88,0,1,6.1,0,0,0,42402,0.51,0.59,0.08
"8475431","CGY",9,291,300,11,14,0,0,0,0,1,44,79,4,6,0,0,0,0,21338,1897,2195,49.2,1.86,2.36,0,0,1.64,0.9873,7.59,9.84,0,0,25430,0,0,0
"8460712","WSH",48,1768,2031,70,73,0,1,0,1,3,311,365,28,24,0,0,2,4,124034,10864,11683,46.5,2.03,2.12,0.03,0.33,0.92,0.9918,9.28,7.4,0,0,146581,0.05,0.1,0.05
"8470774","TBL",50,541,530,26,30,5,6,1,1,0,51,55,2,1,0,0,4,1,36656,2094,2758,50.5,2.55,2.95,1.08,3.44,0,1,3.44,1.31,0,0,41508,0.35,0.09,-0.26
"8471668","TBL",5,37,35,0,2,0,0,0,0,0,6,14,0,2,0,0,3,0,2322,380,401,51.4,0,3.1,0,0,0,1,0,17.96,0,0,3103,3.48,0,-3.48
"8475149","WSH",94,1103,1332,56,56,14,24,1,7,4,330,106,21,4,0,0,4,18,75761,10705,5372,45.3,2.66,2.66,1.81,2.69,2.68,0.9623,7.06,2.68,0,0,91838,0.16,0.71,0.55
"8471239","VAN",36,1510,1330,62,51,0,0,0,2,1,293,322,21,6,0,0,0,4,91629,9664,11786,53.2,2.44,2,0,0.75,0.31,0.9969,7.82,1.83,0,0,113079,0,0.13,0.13
"8470649","PHX",23,182,226,5,8,2,1,0,1,0,52,0,2,0,0,0,1,3,12287,2563,90,44.6,1.46,2.34,0.88,1.4,0,NA,2.81,0,0,0,14940,0.24,0.72,0.48
"8471229","MTL",56,308,366,9,14,3,4,0,0,0,7,107,0,6,0,0,6,5,24003,797,4105,45.7,1.35,2.1,1.05,0,0,1,0,5.26,0,0,28905,0.75,0.62,-0.13
"8473673","PHX",51,714,821,34,31,1,9,0,0,0,19,180,0,9,0,0,5,6,45573,1636,5598,46.5,2.69,2.45,0.79,0,0,1,0,5.79,0,0,52807,0.34,0.41,0.07
"8471299","OTT",10,102,87,4,3,2,1,0,0,0,11,9,0,2,0,0,1,2,6756,663,473,54,2.13,1.6,1.6,0,0,1,0,15.22,0,0,7892,0.46,0.91,0.45
"8475182","OTT",30,381,317,13,23,1,4,0,2,1,113,1,4,0,0,0,3,2,21628,3768,455,54.6,2.16,3.83,0.83,1.91,7.91,0,3.82,0,0,0,25851,0.42,0.28,-0.14
"8469626","VAN",44,443,512,22,18,2,1,0,0,0,2,64,0,6,0,0,15,8,33009,675,3565,46.4,2.4,1.96,0.33,0,0,1,0,6.06,0,0,37249,1.45,0.77,-0.68
"8473571","CAR",76,1163,1219,49,56,2,11,5,7,3,320,73,19,3,0,0,2,9,70728,10168,3951,48.8,2.49,2.85,0.66,4.25,2.73,0.9589,6.73,2.73,0,0,84847,0.08,0.38,0.3
"8470123","NJD",48,125,167,2,10,0,1,0,0,0,1,1,0,0,0,0,5,2,12896,287,105,42.8,0.56,2.79,0.28,0,0,1,0,0,0,0,13288,1.35,0.54,-0.81
"8471208","LAK",85,1012,881,31,33,8,18,1,0,0,186,2,6,0,0,0,24,13,61307,7466,761,53.5,1.82,1.94,1.53,0.48,0,1,2.89,0,0,0,69534,1.24,0.67,-0.57
"8472355","ANA",52,297,378,6,10,2,1,0,0,0,1,36,0,3,0,0,3,3,22654,447,907,44,0.95,1.59,0.48,0,0,1,0,11.91,0,0,24008,0.45,0.45,0
"8474030","MTL",38,294,234,8,7,1,4,0,0,0,2,1,0,0,0,0,4,10,16645,278,169,55.7,1.73,1.51,1.08,0,0,1,0,0,0,0,17092,0.84,2.11,1.27
"8474189","MTL",79,817,909,30,38,11,10,2,1,0,66,168,3,10,0,0,27,18,57379,4044,7510,47.3,1.88,2.38,1.32,2.67,0,1,2.67,4.79,0,0,68933,1.41,0.94,-0.47
"8462044","COL",32,1360,1298,45,52,0,0,0,0,1,193,237,16,13,0,0,1,2,87374,6801,8930,51.2,1.85,2.14,0,0,0.4,0.9958,8.47,5.24,0,0,103105,0.03,0.07,0.04
"8470152","COL",16,155,179,5,11,1,3,1,0,0,61,0,5,0,0,0,0,3,11076,1616,202,46.4,1.63,3.58,1.3,2.23,0,NA,11.14,0,0,0,12894,0,0.84,0.84
"8473682","VAN",19,141,121,5,5,2,1,1,0,0,21,9,3,0,0,0,3,2,8940,1110,474,53.8,2.01,2.01,1.21,3.24,0,1,9.73,0,0,0,10524,1.03,0.68,-0.35
"8467391","PHX",19,716,688,29,35,0,0,0,0,2,101,137,2,5,0,0,1,4,47345,4877,4175,51,2.21,2.66,0,0,1.72,0.9854,1.48,4.31,0,0,56397,0.06,0.26,0.2
"8467977","NSH",30,117,132,3,4,0,2,0,0,0,0,0,0,0,0,0,3,1,9390,84,51,47,1.15,1.53,0.77,0,0,NA,0,0,0,0,9525,1.13,0.38,-0.75
"8471697","NSH",11,61,81,3,5,1,1,0,0,0,11,0,1,0,0,0,1,1,4772,437,60,43,2.26,3.77,1.51,0,0,NA,8.24,0,0,0,5269,0.68,0.68,0
"8475218","NSH",2,22,18,0,1,0,0,0,0,0,1,0,0,0,0,0,0,0,1253,85,108,55,0,2.87,0,0,0,NA,0,0,0,0,1446,0,0,0
"8459140","EDM",40,1485,1615,56,73,0,0,0,0,3,253,377,24,19,0,0,0,2,104054,11030,13071,47.9,1.94,2.53,0,0,0.83,0.992,7.83,5.23,0,0,128155,0,0.06,0.06
"8471402","EDM",60,330,503,9,20,3,4,0,0,1,0,81,0,9,0,0,5,6,29194,667,4026,39.6,1.11,2.47,0.86,0,0.89,0.9877,0,8.05,0,0,33887,0.53,0.64,0.11
"8471521","MIN",62,241,383,4,10,0,0,0,0,0,0,1,0,0,0,0,17,14,23685,138,251,38.6,0.61,1.52,0,0,0,1,0,0,0,0,24074,2.54,2.09,-0.45
"8469548","CHI",34,1349,1169,55,65,0,0,0,1,1,207,266,19,13,0,0,1,2,84297,7751,8304,53.6,2.35,2.78,0,0.46,0.43,0.9962,8.82,5.64,0,0,100352,0.04,0.07,0.03
"8470666","CHI",28,285,237,16,8,1,8,0,0,0,17,0,0,0,0,0,16,9,17930,645,257,54.6,3.21,1.61,1.81,0,0,NA,0,0,0,0,18832,3.06,1.72,-1.34
"8467428","FLA",51,265,321,7,7,2,3,0,0,0,1,3,0,0,0,0,16,3,21534,253,444,45.2,1.17,1.17,0.84,0,0,1,0,0,0,0,22231,2.59,0.49,-2.1
"8471269","DAL",83,1040,1293,46,51,0,12,0,0,0,7,298,1,20,0,0,21,5,76402,1898,9398,44.6,2.17,2.4,0.57,0,0,1,1.9,7.66,0,0,87698,0.86,0.21,-0.65
"8465042","ANA",74,914,1090,43,46,0,12,0,0,0,2,390,0,28,0,0,23,4,67631,1191,10488,45.6,2.29,2.45,0.64,0,0,1,0,9.61,0,0,79310,1.04,0.18,-0.86
"8470667","TOR",73,968,912,42,37,16,16,3,6,1,200,0,14,0,0,0,16,16,57306,7742,746,51.5,2.64,2.32,2.01,4.18,4.83,NA,6.51,0,0,0,65794,0.88,0.88,0
"8471742","TOR",57,779,740,31,35,3,10,2,5,0,131,6,9,2,0,0,11,7,46393,5514,1042,51.3,2.41,2.72,1.01,4.57,0,1,5.88,6.91,0,0,52949,0.75,0.48,-0.27
"8471331","COL",35,224,255,9,11,4,3,0,0,0,21,11,0,1,0,0,1,3,16823,1371,752,46.8,1.93,2.35,1.5,0,0,1,0,4.79,0,0,18946,0.19,0.57,0.38
"8460705","NYI",42,1731,1878,56,77,0,0,0,0,3,268,322,27,17,0,0,3,3,115188,9071,9609,48,1.75,2.41,0,0,1.12,0.9907,10.72,6.37,0,0,133868,0.08,0.08,0
"8467579","NYI",3,1,9,0,1,0,0,0,0,0,0,0,0,0,0,0,0,0,517,0,0,10,0,6.96,0,NA,NA,NA,NA,NA,0,0,517,0,0,0
"8469480","NYR",27,221,216,8,6,1,5,0,0,0,1,17,0,0,0,0,4,1,15927,134,518,50.6,1.81,1.36,1.36,0,0,1,0,0,0,0,16579,0.87,0.22,-0.65
"8474518","LAK",9,103,79,2,2,2,0,0,0,0,0,6,0,0,0,0,1,1,6253,78,322,56.6,1.15,1.15,1.15,0,0,1,0,0,0,0,6653,0.54,0.54,0
"8473523","BUF",26,927,1070,42,41,0,0,0,0,3,210,214,10,16,0,0,1,3,65526,6474,7419,46.4,2.31,2.25,0,0,1.46,0.986,5.56,7.76,0,0,79419,0.05,0.14,0.09
"8470294","WSH",1,5,7,0,0,0,0,0,0,0,0,0,0,0,0,0,0,0,418,0,0,41.7,0,0,0,NA,NA,NA,NA,NA,0,0,418,0,0,0
"8462152","WPG",20,753,691,29,30,0,0,0,0,1,102,143,6,9,0,0,0,0,46434,3853,5485,52.1,2.25,2.33,0,0,0.66,0.993,5.61,5.91,0,0,55772,0,0,0
"8470905","WPG",39,427,449,25,20,1,1,0,0,0,0,100,0,6,0,0,4,6,29534,531,3703,48.7,3.05,2.44,0.24,0,0,1,0,5.83,0,0,33768,0.43,0.64,0.21
"8472379","WPG",63,435,492,21,15,6,9,4,7,4,177,0,18,0,0,0,5,4,31877,4585,457,46.9,2.37,1.69,1.69,8.64,31.51,NA,14.13,0,0,0,36919,0.49,0.39,-0.1
"8470216","MIN",34,1113,1434,39,60,0,0,0,0,1,225,287,14,18,0,0,0,7,85471,7839,10393,43.7,1.64,2.53,0,0,0.35,0.9965,6.43,6.23,0,0,103703,0,0.24,0.24
"8468086","CBJ",9,86,76,4,4,1,0,0,0,0,27,0,1,0,0,0,4,1,5092,1055,140,53.1,2.83,2.83,0.71,0,0,NA,3.41,0,0,0,6287,2.29,0.57,-1.72
"8471385","DAL",36,501,513,18,26,0,2,0,0,0,6,45,0,5,0,0,7,6,31639,559,2069,49.4,2.05,2.96,0.23,0,0,1,0,8.7,0,0,34267,0.74,0.63,-0.11
"8473537","CHI",85,1229,937,53,49,18,23,0,0,0,38,8,0,1,0,0,21,19,64575,2766,715,56.7,2.95,2.73,2.29,0,0,1,0,5.03,0,0,68056,1.11,1.01,-0.1
"8470714","EDM",62,854,914,32,46,3,7,1,10,2,193,69,18,5,0,0,12,12,59442,6520,4116,48.3,1.94,2.79,0.61,6.07,1.75,0.971,9.94,4.37,0,0,70078,0.62,0.62,0
"8468213","SJS",25,234,218,5,2,1,3,0,0,0,2,22,0,1,0,0,4,1,14255,160,858,51.8,1.26,0.51,1.01,0,0,1,0,4.2,0,0,15273,0.94,0.24,-0.7
"8470871","STL",47,401,377,13,14,4,3,0,0,0,4,18,0,1,0,0,3,8,27561,527,986,51.5,1.7,1.83,0.91,0,0,1,0,3.65,0,0,29074,0.37,0.99,0.62
"8470880","STL",46,1860,1735,67,55,0,0,0,0,3,420,401,23,13,0,0,1,2,122324,13581,14224,51.7,1.97,1.62,0,0,0.76,0.9925,6.1,3.29,0,0,150129,0.02,0.05,0.03
"8474634","STL",26,172,189,6,10,1,3,0,0,0,5,5,0,0,0,0,1,3,13711,289,342,47.6,1.58,2.63,1.05,0,0,1,0,0,0,0,14342,0.25,0.75,0.5
"8473492","ANA",70,567,658,24,26,4,10,0,1,0,21,0,1,0,0,0,16,15,40372,1613,426,46.3,2.14,2.32,1.25,2.23,0,NA,2.23,0,0,0,42411,1.36,1.27,-0.09
"8470280","EDM",63,403,521,16,16,8,5,0,0,1,6,1,0,0,0,0,26,12,30898,667,282,43.6,1.86,1.86,1.51,0,12.77,0,0,0,0,0,31847,2.94,1.36,-1.58
"8468540","ANA",10,298,278,12,12,0,1,0,0,1,76,95,3,6,0,0,0,0,19252,2445,2481,51.7,2.24,2.24,0.19,0,1.45,0.9895,4.42,8.71,0,0,24178,0,0,0
"8474550","SJS",73,3290,3180,116,114,0,0,0,0,2,738,530,40,45,0,0,1,8,201173,20484,16955,50.9,2.08,2.04,0,0,0.42,0.9962,7.03,9.55,0,0,238612,0.02,0.12,0.1
"8471840","CAR",15,74,103,5,5,0,3,0,0,0,0,6,0,2,0,0,3,2,6331,140,277,41.8,2.84,2.84,1.71,0,0,1,0,25.99,0,0,6748,1.6,1.07,-0.53
"8474184","FLA",41,497,535,17,22,0,5,0,0,0,5,59,0,5,0,0,6,4,33330,870,2067,48.2,1.84,2.38,0.54,0,0,1,0,8.71,0,0,36267,0.6,0.4,-0.2
"8474593","FLA",7,268,285,9,13,0,0,0,0,0,41,46,1,2,0,0,0,0,18561,1685,1266,48.5,1.75,2.52,0,0,0,1,2.14,5.69,0,0,21512,0,0,0
"8470180","DAL",74,763,858,27,37,15,5,1,0,0,9,146,1,11,0,0,7,13,51772,1582,5211,47.1,1.88,2.57,1.39,2.28,0,1,2.28,7.6,0,0,58565,0.43,0.8,0.37
"8471760","CBJ",14,70,97,3,3,0,1,0,0,0,3,19,0,1,0,0,1,4,6482,382,444,41.9,1.67,1.67,0.56,0,0,1,0,8.11,0,0,7308,0.49,1.97,1.48
"8467408","PHI",4,37,50,3,5,0,0,0,0,0,0,0,0,0,0,0,2,0,2566,6,53,42.5,4.21,7.01,0,0,0,NA,0,0,0,0,2625,2.74,0,-2.74
"8475683","PHI",30,1043,1096,59,53,0,0,0,0,4,289,268,17,23,0,0,0,4,70247,9617,9119,48.8,3.02,2.72,0,0,1.58,0.9851,6.36,9.08,0,0,88983,0,0.16,0.16
"8476158","PHI",37,231,238,8,19,3,3,0,0,0,1,18,0,1,0,0,10,14,15744,558,626,49.3,1.83,4.34,1.37,0,0,1,0,5.75,0,0,16928,2.13,2.98,0.85
"8473565","PIT",12,112,119,6,5,0,1,0,0,0,0,6,0,1,0,0,2,4,7881,0,463,48.5,2.74,2.28,0.46,NA,0,1,NA,7.78,0,0,8344,0.86,1.73,0.87
"8459461","CGY",42,397,429,13,17,5,3,0,2,1,46,27,3,4,0,0,6,10,28290,3138,1011,48.1,1.65,2.16,1.02,2.29,3.56,0.963,3.44,14.24,0,0,32439,0.67,1.11,0.44
"8470309","EDM",51,689,885,25,33,0,9,2,8,2,145,54,11,4,0,0,8,4,49693,6256,3682,43.8,1.81,2.39,0.65,5.75,1.96,0.963,6.33,3.91,0,0,59631,0.48,0.24,-0.24
"8471428","CGY",3,12,14,1,0,0,0,0,0,0,1,0,0,0,0,0,0,0,865,9,0,46.2,4.16,0,0,0,NA,NA,0,NA,0,0,874,0,0,0
"8470232","NYR",7,25,45,2,3,0,0,0,0,0,0,0,0,0,0,0,2,1,2328,121,6,35.7,3.09,4.64,0,0,0,NA,0,0,0,0,2455,2.93,1.47,-1.46
"8470616","VAN",82,1191,928,40,31,10,13,8,12,3,581,254,39,9,0,0,30,29,69213,12824,7889,56.2,2.08,1.61,1.2,5.61,1.37,0.9882,10.95,4.11,0,0,89926,1.2,1.16,-0.04
"8474594","LAK",74,1174,986,43,32,6,11,3,3,0,269,11,15,0,0,0,8,8,68075,10735,1088,54.4,2.27,1.69,0.9,2.01,0,1,5.03,0,0,0,79898,0.36,0.36,0
"8470061","WPG",2,23,17,1,0,0,0,0,0,0,3,0,0,0,0,0,2,0,1078,229,43,57.5,3.34,0,0,0,0,NA,0,0,0,0,1350,5.33,0,-5.33
"8474000","MIN",23,273,320,15,16,2,3,0,0,0,24,15,3,0,0,0,3,1,17776,1165,728,46,3.04,3.24,1.01,0,0,1,9.27,0,0,0,19669,0.55,0.18,-0.37
"8475172","TOR",21,244,235,11,8,4,2,1,0,1,59,1,6,0,0,0,4,8,15203,1913,78,50.9,2.6,1.89,1.42,1.88,46.15,0,11.29,0,0,0,17194,0.84,1.68,0.84
"8475361","TOR",42,1732,1764,74,88,0,1,0,0,2,308,259,26,17,0,0,2,8,111346,10767,9456,49.5,2.39,2.85,0.03,0,0.76,0.9923,8.69,6.47,0,0,131569,0.05,0.22,0.17
"8475170","PHI",65,719,737,27,36,8,10,6,2,1,141,6,16,2,0,0,16,23,44797,6606,1296,49.4,2.17,2.89,1.45,4.36,2.78,0.8333,8.72,5.56,0,0,52699,1.09,1.57,0.48
"8468498","PIT",79,1352,1233,70,65,2,13,0,0,0,8,382,0,27,0,0,25,13,84472,2327,12316,52.3,2.98,2.77,0.64,0,0,1,0,7.89,0,0,99115,0.91,0.47,-0.44
"8474138","PIT",26,247,220,7,12,3,1,0,0,1,22,14,1,1,0,0,1,1,16076,1158,847,52.9,1.57,2.69,0.9,0,4.25,0.9286,3.11,4.25,0,0,18081,0.2,0.2,0
"8474498","OTT",36,269,259,9,11,1,4,0,0,0,1,127,0,7,0,0,6,8,17433,244,4327,50.9,1.86,2.27,1.03,0,0,1,0,5.82,0,0,22004,0.98,1.31,0.33
"8471842","FLA",27,206,242,2,12,1,1,0,0,0,19,6,0,2,0,0,2,7,16209,850,573,46,0.44,2.67,0.44,0,0,1,0,12.57,0,0,17632,0.41,1.43,1.02
"8471996","FLA",5,20,34,0,0,0,0,0,0,0,0,0,0,0,0,0,0,1,2120,51,0,37,0,0,0,0,NA,NA,0,NA,0,0,2171,0,1.66,1.66
"8474765","NSH",16,582,511,21,23,0,0,0,1,1,101,123,7,8,0,0,0,0,36927,4358,3445,53.2,2.05,2.24,0,0.83,1.04,0.9919,5.78,8.36,0,0,44730,0,0,0
"8467899","SJS",44,606,599,21,16,3,10,5,4,2,179,48,12,3,0,0,15,9,35659,5902,2185,50.3,2.12,1.62,1.31,5.49,3.3,0.9583,7.32,4.94,0,0,43746,1.23,0.74,-0.49
"8473600","SJS",35,392,390,12,12,7,1,0,0,0,24,1,0,0,0,0,4,3,22961,1076,295,50.1,1.88,1.88,1.25,0,0,1,0,0,0,0,24332,0.59,0.44,-0.15
"8473992","MIN",47,569,760,21,36,0,7,1,0,0,17,180,1,11,0,0,17,12,43947,1188,5919,42.8,1.72,2.95,0.57,3.03,0,1,3.03,6.69,0,0,51054,1.2,0.85,-0.35
"8474027","SJS",71,956,792,29,33,1,6,1,2,0,158,134,12,11,0,0,9,10,58436,4789,4478,54.7,1.79,2.03,0.43,2.26,0,1,9.02,8.84,0,0,67703,0.48,0.53,0.05
"8475186","CBJ",67,721,900,21,44,2,4,0,0,0,6,148,0,14,0,0,4,4,54391,1257,5131,44.5,1.39,2.91,0.4,0,0,1,0,9.82,0,0,60779,0.24,0.24,0
"8474552","DET",5,46,26,1,3,0,1,0,0,0,5,0,0,0,0,0,2,1,2550,92,14,63.9,1.41,4.24,1.41,0,0,NA,0,0,0,0,2656,2.71,1.36,-1.35
"8473493","WPG",15,73,88,6,2,1,5,0,0,0,1,2,0,1,0,0,1,3,5459,133,250,45.3,3.96,1.32,3.96,0,0,1,0,14.4,0,0,5842,0.62,1.85,1.23
"8462047","NYR",21,836,795,37,36,0,3,0,0,1,207,166,13,10,0,0,0,2,56314,7276,5072,51.3,2.37,2.3,0.19,0,0.71,0.994,6.43,7.1,0,0,68662,0,0.1,0.1
"8469516","NYR",1,12,13,0,1,0,0,0,0,0,0,0,0,0,0,0,0,0,652,34,0,48,0,5.52,0,0,NA,NA,0,NA,0,0,686,0,0,0
"8474040","EDM",75,914,956,47,39,11,23,6,6,2,261,4,23,1,0,0,12,4,61541,9608,1377,48.9,2.75,2.28,1.99,4.5,5.23,0.5,8.62,2.61,0,0,72526,0.6,0.2,-0.4
"8468520","NJD",51,493,587,17,24,2,1,2,9,4,246,8,22,1,0,0,10,1,37981,6905,1199,45.6,1.61,2.27,0.28,5.73,12.01,0.5,11.47,3,0,0,46085,0.78,0.08,-0.7
"8476206","PHX",7,53,69,0,3,0,0,0,0,0,6,0,0,0,0,0,3,0,3231,451,30,43.4,0,3.34,0,0,0,NA,0,0,0,0,3712,2.91,0,-2.91
"8462535","PHI",30,121,155,2,8,0,1,0,0,0,3,0,0,0,0,0,2,2,9624,362,134,43.8,0.75,2.99,0.37,0,0,NA,0,0,0,0,10120,0.71,0.71,0
"8469514","MTL",17,654,765,26,29,0,3,0,0,2,161,146,8,10,0,0,1,1,46237,6185,5553,46.1,2.02,2.26,0.23,0,1.3,0.9863,4.66,6.48,0,0,57975,0.06,0.06,0
"8471390","FLA",60,589,584,15,23,7,1,2,1,0,98,0,3,0,0,0,9,7,38512,4343,670,50.2,1.4,2.15,0.75,2.49,0,NA,2.49,0,0,0,43525,0.74,0.58,-0.16
"8471663","MTL",39,248,342,9,9,2,2,0,0,0,0,10,0,0,0,0,6,4,20258,454,622,42,1.6,1.6,0.71,0,0,1,0,0,0,0,21334,1.01,0.67,-0.34
"8471694","WPG",9,26,60,1,3,0,0,0,0,0,1,0,0,0,0,0,2,0,3205,34,14,30.2,1.12,3.37,0,0,0,NA,0,0,0,0,3253,2.21,0,-2.21
"8470018","BUF",60,475,469,15,18,3,5,0,0,0,1,37,0,2,0,0,5,4,32408,643,1470,50.3,1.67,2,0.89,0,0,1,0,4.9,0,0,34521,0.52,0.42,-0.1
"8473484","OTT",66,557,627,21,26,5,3,0,1,0,11,214,1,10,0,0,6,10,35125,1201,6869,47,2.15,2.66,0.82,3,0,1,3,5.24,0,0,43195,0.5,0.83,0.33
"8474576","CAR",16,117,103,3,6,0,2,0,0,0,15,0,1,0,0,0,0,4,7635,666,28,53.2,1.41,2.83,0.94,0,0,NA,5.41,0,0,0,8329,0,1.73,1.73
"8470222","CBJ",48,711,832,28,39,2,10,2,10,1,297,121,16,12,0,0,16,14,51472,9129,4739,46.1,1.96,2.73,0.84,4.73,0.76,0.9917,6.31,9.12,0,0,65340,0.88,0.77,-0.11
"8474057","CBJ",11,262,283,13,11,0,0,0,0,1,123,60,4,2,0,0,0,1,18307,3628,2013,48.1,2.56,2.16,0,0,1.79,0.9833,3.97,3.58,0,0,23948,0,0.15,0.15
"8465914","NSH",76,959,1125,54,50,3,9,0,0,0,23,102,1,12,0,0,15,17,68360,3116,3549,46,2.84,2.63,0.63,0,0,1,1.16,12.17,0,0,75025,0.72,0.82,0.1
"8467370","NSH",82,940,1204,54,45,19,20,5,7,2,278,187,26,15,0,0,18,17,72625,9352,6491,43.8,2.68,2.23,1.93,4.62,1.11,0.9893,10.01,8.32,0,0,88468,0.73,0.69,-0.04
"8474034","ANA",2,17,23,0,0,0,0,0,0,0,0,0,0,0,0,0,1,0,1345,0,109,42.5,0,0,0,NA,0,NA,NA,0,0,0,1454,2.48,0,-2.48
"8470685","BUF",27,432,391,24,15,3,5,0,1,0,14,29,1,1,0,0,4,3,25905,695,1183,52.5,3.34,2.08,1.11,5.18,0,1,5.18,3.04,0,0,27783,0.52,0.39,-0.13
"8467878","TOR",70,801,875,32,43,7,19,2,3,4,195,219,12,16,0,0,20,16,53512,6820,6745,47.8,2.15,2.89,1.75,2.64,2.13,0.9817,6.33,8.54,0,0,67077,1.07,0.86,-0.21
"8475640","PHI",37,492,526,30,17,2,2,0,0,0,10,19,0,0,0,0,2,5,32176,1280,1278,48.3,3.36,1.9,0.45,0,0,1,0,0,0,0,34734,0.21,0.52,0.31
"8469684","NYI",65,927,999,26,57,1,6,2,1,1,80,188,4,18,0,0,15,2,59661,3572,6158,48.1,1.57,3.44,0.42,3.02,0.58,0.9947,4.03,10.52,0,0,69391,0.78,0.1,-0.68
"8473913","WSH",2,28,17,1,2,0,0,0,0,0,0,0,0,0,0,0,0,0,1182,38,64,62.2,3.05,6.09,0,0,0,NA,0,0,0,0,1284,0,0,0
"8468481","NYI",7,261,294,14,13,0,1,0,0,0,56,39,4,6,0,0,0,1,16756,1832,1601,47,3.01,2.79,0.21,0,0,1,7.86,13.49,0,0,20189,0,0.18,0.18
"8475613","MIN",51,634,819,20,36,1,6,0,3,0,62,157,5,8,0,0,16,9,47470,2781,5513,43.6,1.52,2.73,0.53,3.88,0,1,6.47,5.22,0,0,55764,1.03,0.58,-0.45
"8475215","OTT",5,246,231,6,6,0,0,0,0,0,38,37,5,3,0,0,0,0,14622,1177,1500,51.6,1.48,1.48,0,0,0,1,15.29,7.2,0,0,17299,0,0,0
"8474046","EDM",3,25,28,2,2,0,1,0,0,0,0,0,0,0,0,0,1,0,1784,0,108,47.2,4.04,4.04,2.02,NA,0,NA,NA,0,0,0,1892,1.9,0,-1.9
"8470301","NYR",9,36,32,4,1,0,1,0,0,0,4,0,0,0,0,0,2,1,2796,107,0,52.9,5.15,1.29,1.29,0,NA,NA,0,NA,0,0,2903,2.48,1.24,-1.24
"8474143","NSH",1,3,3,0,0,0,0,0,0,0,0,0,0,0,0,0,0,0,453,0,59,50,0,0,0,NA,0,NA,NA,0,0,0,512,0,0,0
"8467365","WSH",32,291,325,13,12,0,2,0,0,0,0,22,0,0,0,0,12,0,20854,134,941,47.2,2.24,2.07,0.35,0,0,1,0,0,0,0,21929,1.97,0,-1.97
"8474009","ANA",50,496,579,24,22,5,12,0,1,0,56,7,1,1,0,0,4,3,33458,2804,510,46.1,2.58,2.37,1.83,1.28,0,1,1.28,7.06,0,0,36772,0.39,0.29,-0.1
"8475236","WSH",30,226,229,12,10,4,4,0,0,0,13,0,0,0,0,0,2,5,15600,686,188,49.7,2.77,2.31,1.85,0,0,NA,0,0,0,0,16474,0.44,1.09,0.65
"8474679","DET",22,212,139,8,5,1,6,0,0,0,6,0,0,0,0,0,1,2,12725,336,83,60.4,2.26,1.41,1.98,0,0,NA,0,0,0,0,13144,0.27,0.55,0.28
"8473426","BUF",51,676,736,18,39,0,4,0,0,0,7,144,0,7,0,0,17,9,47678,1089,5465,47.9,1.36,2.94,0.3,0,0,1,0,4.61,0,0,54232,1.13,0.6,-0.53
"8475603","PHI",5,18,24,1,1,0,0,0,0,0,0,4,0,1,0,0,1,0,1823,37,142,42.9,1.97,1.97,0,0,0,1,0,25.35,0,0,2002,1.8,0,-1.8
"8470156","TOR",67,660,706,29,31,9,14,0,0,0,8,193,0,14,0,0,9,12,45993,860,5495,48.3,2.27,2.43,1.8,0,0,1,0,9.17,0,0,52348,0.62,0.83,0.21
"8470780","WPG",33,345,409,12,13,2,3,1,1,0,55,47,4,1,0,0,5,1,24647,1971,2645,45.8,1.75,1.9,0.73,3.65,0,1,7.31,1.36,0,0,29263,0.62,0.12,-0.5
"8471978","WPG",5,46,43,2,1,0,0,0,0,0,0,11,0,0,0,0,1,0,3300,36,343,51.7,2.18,1.09,0,0,0,1,0,0,0,0,3679,0.98,0,-0.98
"8471748","NJD",4,35,38,2,4,0,0,0,0,0,0,6,0,0,0,0,2,1,2652,16,625,47.9,2.71,5.43,0,0,0,1,0,0,0,0,3293,2.19,1.09,-1.1
"8475681","TOR",12,505,537,18,26,0,0,0,0,1,64,101,6,7,0,0,2,1,32115,2225,3439,48.5,2.02,2.91,0,0,1.05,0.9901,9.71,7.33,0,0,37779,0.19,0.1,-0.09
"8467915","DET",30,300,294,14,7,0,2,0,0,0,5,48,0,4,0,0,9,1,20688,110,1633,50.5,2.44,1.22,0.35,0,0,1,0,8.82,0,0,22431,1.44,0.16,-1.28
"8474575","EDM",24,258,293,8,13,0,1,0,0,0,0,8,0,2,0,0,10,3,17040,141,792,46.8,1.69,2.75,0.21,0,0,1,0,9.09,0,0,17973,2,0.6,-1.4
"8474137","CAR",37,435,421,18,17,6,5,0,1,0,53,3,2,0,0,0,2,6,26178,2200,360,50.8,2.48,2.34,1.51,1.64,0,1,3.27,0,0,0,28738,0.25,0.75,0.5
"8474130","BUF",34,274,341,12,12,3,5,0,0,0,1,7,0,0,0,0,5,4,19270,489,488,44.6,2.24,2.24,1.49,0,0,1,0,0,0,0,20247,0.89,0.71,-0.18
"8471710","EDM",5,40,70,1,2,0,0,0,0,0,4,3,0,0,0,0,0,0,3559,247,223,36.4,1.01,2.02,0,0,0,1,0,0,0,0,4029,0,0,0
"8474074","WPG",3,20,13,0,0,0,0,0,0,0,0,0,0,0,0,0,0,0,1426,16,88,60.6,0,0,0,0,0,NA,0,0,0,0,1530,0,0,0
"8468224","NYR",15,85,85,4,2,3,0,0,0,0,1,0,0,0,0,0,3,5,6190,30,58,50,2.33,1.16,1.74,0,0,NA,0,0,0,0,6278,1.72,2.87,1.15
"8474892","PHI",35,273,309,17,8,4,3,0,0,0,2,69,0,3,0,0,2,5,19431,602,2872,46.9,3.15,1.48,1.3,0,0,1,0,3.76,0,0,22905,0.31,0.79,0.48
"8475180","ANA",4,16,44,2,2,1,0,0,0,0,0,0,0,0,0,0,1,1,1720,109,20,26.7,4.19,4.19,2.09,0,0,NA,0,0,0,0,1849,1.95,1.95,0
"8470678","PIT",17,204,141,13,9,0,4,0,0,0,7,4,0,0,0,0,2,2,12012,609,583,59.1,3.9,2.7,1.2,0,0,1,0,0,0,0,13204,0.55,0.55,0
"8474145","PIT",6,62,50,4,3,0,0,0,0,0,0,4,0,2,0,0,1,2,3456,19,316,55.4,4.17,3.12,0,0,0,1,0,22.78,0,0,3791,0.95,1.9,0.95
"8471810","CAR",44,356,444,10,25,2,1,0,1,0,39,36,2,1,0,0,5,5,24176,1757,1440,44.5,1.49,3.72,0.45,2.05,0,1,4.1,2.5,0,0,27373,0.66,0.66,0
"8470310","VAN",44,530,529,16,20,3,4,1,1,0,32,46,4,6,0,0,13,6,34411,1692,2426,50,1.67,2.09,0.73,4.26,0,1,8.51,8.9,0,0,38529,1.21,0.56,-0.65
"8471436","COL",33,485,436,12,15,3,1,0,0,1,42,52,1,0,0,0,4,2,29020,2244,2603,52.7,1.49,1.86,0.5,0,1.38,0.9808,1.6,0,0,0,33867,0.43,0.21,-0.22
"8474013","STL",28,379,311,14,10,1,5,0,0,0,16,13,0,0,0,0,11,8,23131,589,1247,54.9,2.18,1.56,0.93,0,0,1,0,0,0,0,24967,1.59,1.15,-0.44
"8468887","MIN",58,390,553,6,21,1,4,0,0,0,5,116,0,9,0,0,12,10,30739,920,4538,41.4,0.7,2.46,0.59,0,0,1,0,7.14,0,0,36197,1.19,0.99,-0.2
"8474045","BOS",16,129,132,7,3,0,2,0,0,0,11,3,0,0,0,0,2,5,9411,556,345,49.4,2.68,1.15,0.77,0,0,1,0,0,0,0,10312,0.7,1.75,1.05
"8471766","CBJ",54,301,369,6,14,2,1,0,0,0,4,0,1,0,0,0,13,16,25399,413,108,44.9,0.85,1.98,0.43,0,0,NA,8.72,0,0,0,25920,1.81,2.22,0.41
"8474771","WPG",1,18,8,1,0,0,0,0,0,0,7,0,1,0,0,0,0,0,836,156,107,69.2,4.31,0,0,0,0,NA,23.08,0,0,0,1099,0,0,0
"8470662","LAK",85,600,564,17,20,3,7,0,0,0,14,143,0,5,0,0,18,20,41148,1509,5015,51.5,1.49,1.75,0.87,0,0,1,0,3.59,0,0,47672,1.36,1.51,0.15
"8473592","NJD",4,22,12,0,2,0,0,0,0,0,1,0,0,0,0,0,0,1,1008,150,13,64.7,0,7.14,0,0,0,NA,0,0,0,0,1171,0,3.07,3.07
"8474025","PIT",26,192,153,8,10,0,3,0,0,0,30,0,2,0,0,0,3,2,12363,1248,85,55.7,2.33,2.91,0.87,0,0,NA,5.77,0,0,0,13696,0.79,0.53,-0.26
"8474038","CGY",22,138,186,7,2,3,2,0,0,1,3,0,0,0,0,0,1,3,13034,173,164,42.6,1.93,0.55,1.38,0,21.95,NA,0,0,0,0,13371,0.27,0.81,0.54
"8474150","CGY",41,480,466,14,25,2,6,2,1,1,69,59,4,3,0,0,8,12,31734,2640,1717,50.7,1.59,2.84,0.91,4.09,2.1,0.9831,5.45,6.29,0,0,36091,0.8,1.2,0.4
"8474673","CGY",54,664,622,32,21,1,7,1,5,2,109,4,9,1,0,0,7,5,45689,4558,813,51.6,2.52,1.65,0.63,4.74,8.86,0.5,7.11,4.43,0,0,51060,0.49,0.35,-0.14
"8474149","FLA",15,141,119,5,8,2,1,0,0,0,5,0,0,0,0,0,1,1,8248,457,175,54.2,2.18,3.49,1.31,0,0,NA,0,0,0,0,8880,0.41,0.41,0
"8468881","WPG",13,75,73,1,2,0,1,0,0,0,1,0,0,0,0,0,1,2,4749,251,20,50.7,0.76,1.52,0.76,0,0,NA,0,0,0,0,5020,0.72,1.43,0.71
"8473459","WPG",9,73,99,4,2,0,0,0,0,0,0,0,0,0,0,0,2,3,5561,34,158,42.4,2.59,1.29,0,0,0,NA,0,0,0,0,5753,1.25,1.88,0.63
"8475799","NYI",55,438,494,2,30,1,0,0,0,1,24,2,1,0,0,0,6,6,30964,1929,122,47,0.23,3.49,0.12,0,29.51,0.5,1.87,0,0,0,33015,0.65,0.65,0
"8466339","FLA",33,1135,1222,43,51,0,0,0,2,2,256,198,19,16,0,0,0,2,83685,8718,6545,48.2,1.85,2.19,0,0.83,1.1,0.9899,7.85,8.8,0,0,98948,0,0.07,0.07
"8473647","MTL",17,180,181,7,5,1,2,0,0,0,9,26,0,3,0,0,5,1,11690,776,1649,49.9,2.16,1.54,0.92,0,0,1,0,6.55,0,0,14115,1.28,0.26,-1.02
"8469569","BUF",2,31,16,2,1,0,0,0,0,0,10,8,0,0,0,0,0,0,2042,228,322,66,3.53,1.76,0,0,0,1,0,0,0,0,2592,0,0,0
"8470661","ANA",6,30,37,1,0,0,0,0,0,0,0,0,0,0,0,0,1,0,2349,4,16,44.8,1.53,0,0,0,0,NA,0,0,0,0,2369,1.52,0,-1.52
"8474681","LAK",41,439,378,10,12,2,4,1,0,0,34,0,1,0,0,0,1,5,26611,1970,330,53.7,1.35,1.62,0.81,1.83,0,NA,1.83,0,0,0,28911,0.12,0.62,0.5
"8471450","NSH",45,324,428,13,12,4,5,0,0,0,27,5,2,0,0,0,12,5,25475,1426,363,43.1,1.84,1.7,1.27,0,0,1,5.05,0,0,0,27264,1.58,0.66,-0.92
"8471846","MIN",3,14,41,0,2,0,0,0,0,0,0,4,0,0,0,0,1,0,1918,3,235,25.5,0,3.75,0,0,0,1,0,0,0,0,2156,1.67,0,-1.67
"8474090","DET",14,191,125,9,5,1,5,0,1,1,34,3,1,1,0,0,4,5,10845,1631,302,60.4,2.99,1.66,1.99,2.21,11.92,0.6667,2.21,11.92,0,0,12778,1.13,1.41,0.28
"8474727","CHI",13,106,108,4,10,2,0,0,0,0,1,4,0,0,0,0,0,2,6937,305,266,49.5,2.08,5.19,1.04,0,0,1,0,0,0,0,7508,0,0.96,0.96
"8470611","WPG",35,284,279,4,9,2,1,0,0,0,15,0,0,0,0,0,6,3,18827,949,253,50.4,0.76,1.72,0.57,0,0,NA,0,0,0,0,20029,1.08,0.54,-0.54
"8474577","TOR",10,84,118,7,5,1,4,0,0,0,9,1,2,0,0,0,2,2,7138,481,208,41.6,3.53,2.52,2.52,0,0,1,14.97,0,0,0,7827,0.92,0.92,0
"8475195","NYI",4,128,173,2,8,0,0,0,0,0,38,33,0,2,0,0,0,1,10026,1422,1057,42.5,0.72,2.87,0,0,0,1,0,6.81,0,0,12505,0,0.29,0.29
"8474153","FLA",17,154,125,4,6,1,1,1,2,0,18,0,3,0,0,0,3,6,9672,558,156,55.2,1.49,2.23,0.74,19.35,0,NA,19.35,0,0,0,10386,1.04,2.08,1.04
"8474163","PHI",10,79,92,5,6,0,0,0,0,0,0,1,0,1,0,0,4,0,5090,0,119,46.2,3.54,4.24,0,NA,0,1,NA,30.25,0,0,5209,2.76,0,-2.76
"8474631","PHI",46,641,619,30,28,4,3,0,0,0,17,23,1,1,0,0,16,7,38887,1027,2205,50.9,2.78,2.59,0.65,0,0,1,3.51,1.63,0,0,42119,1.37,0.6,-0.77
"8471675","PIT",28,449,327,37,17,8,22,2,11,4,249,3,17,0,0,0,9,9,22998,5506,830,57.9,5.79,2.66,4.7,8.5,17.35,-0.3333,11.12,0,0,0,29334,1.1,1.1,0
"8474666","NYI",29,238,250,11,13,3,4,1,0,0,32,3,1,1,0,0,3,2,16425,1878,151,48.8,2.41,2.85,1.53,1.92,0,1,1.92,23.84,0,0,18454,0.59,0.39,-0.2
"8475200","WSH",60,799,808,33,30,3,12,0,2,1,54,46,4,2,0,0,4,6,52448,3456,2792,49.7,2.27,2.06,1.03,2.08,1.29,0.9783,4.17,2.58,0,0,58696,0.25,0.37,0.12
"8462077","BUF",22,247,270,11,10,3,4,0,0,0,18,55,1,8,0,0,3,1,17255,851,2421,47.8,2.29,2.09,1.46,0,0,1,4.23,11.9,0,0,20527,0.53,0.18,-0.35
"8474113","BUF",11,115,116,5,5,1,0,0,0,0,9,5,0,0,0,0,3,4,8196,548,385,49.8,2.2,2.2,0.44,0,0,1,0,0,0,0,9129,1.18,1.58,0.4
"8471636","NJD",19,81,102,2,7,0,0,0,0,0,1,0,0,0,0,0,1,3,8836,155,177,44.3,0.81,2.85,0,0,0,NA,0,0,0,0,9168,0.39,1.18,0.79
"8474230","NYI",14,76,90,0,1,0,0,0,0,0,1,4,0,1,0,0,6,3,6157,286,105,45.8,0,0.58,0,0,0,1,0,34.29,0,0,6548,3.3,1.65,-1.65
"8470737","STL",4,33,19,1,2,0,0,0,0,0,11,0,0,0,0,0,0,1,1587,216,12,63.5,2.27,4.54,0,0,0,NA,0,0,0,0,1815,0,1.98,1.98
"8471873","NYR",73,886,930,37,29,3,10,2,6,1,159,45,11,4,0,0,12,5,62073,6185,2933,48.8,2.15,1.68,0.75,4.66,1.23,0.9778,6.4,4.91,0,0,71191,0.61,0.25,-0.36
"8470750","NYR",81,627,538,23,16,4,9,0,3,0,81,5,5,0,0,0,4,13,40847,3773,527,53.8,2.03,1.41,1.15,2.86,0,1,4.77,0,0,0,45147,0.32,1.04,0.72
"8474176","NYR",81,1058,985,52,37,12,24,0,0,0,31,41,0,1,0,0,17,18,65377,2260,3227,51.8,2.86,2.04,1.98,0,0,1,0,1.12,0,0,70864,0.86,0.91,0.05
"8475178","BUF",48,428,414,16,16,4,5,0,1,1,29,1,1,0,0,0,9,6,28502,1587,438,50.8,2.02,2.02,1.14,2.27,8.22,0,2.27,0,0,0,30527,1.06,0.71,-0.35
"8474095","TBL",26,178,218,6,11,0,5,0,0,0,0,67,0,6,0,0,3,5,13376,209,2363,44.9,1.61,2.96,1.35,0,0,1,0,9.14,0,0,15948,0.68,1.13,0.45
"8475206","COL",39,536,457,22,16,3,6,0,2,1,135,5,7,1,0,0,4,3,33024,3866,830,54,2.4,1.74,0.98,1.86,4.34,0.8,6.52,4.34,0,0,37720,0.38,0.29,-0.09
"8473898","BUF",9,76,95,5,5,1,2,0,0,0,1,0,0,0,0,0,2,1,5697,131,116,44.4,3.16,3.16,1.9,0,0,NA,0,0,0,0,5944,1.21,0.61,-0.6
"8475188","BUF",25,316,323,14,12,0,7,1,0,0,29,55,1,2,0,0,5,7,22182,948,2239,49.5,2.27,1.95,1.14,3.8,0,1,3.8,3.22,0,0,25369,0.71,0.99,0.28
"8474600","NSH",62,721,958,36,39,4,6,1,3,0,114,101,6,3,0,0,12,5,54835,6034,4117,42.9,2.36,2.56,0.66,2.39,0,1,3.58,2.62,0,0,64986,0.66,0.28,-0.38
"8474048","TBL",36,352,478,16,23,0,3,0,0,0,1,56,0,3,0,0,12,4,25817,240,1896,42.4,2.23,3.21,0.42,0,0,1,0,5.7,0,0,27953,1.55,0.52,-1.03
"8471314","MIN",17,217,304,8,11,0,2,0,0,0,8,72,0,8,0,0,2,5,16324,794,2277,41.7,1.76,2.43,0.44,0,0,1,0,12.65,0,0,19395,0.37,0.93,0.56
"8473511","MIN",7,53,81,2,3,1,1,0,0,0,0,10,0,1,0,0,1,0,4118,31,392,39.6,1.75,2.62,1.75,0,0,1,0,9.18,0,0,4541,0.79,0,-0.79
"8475602","MIN",14,151,174,5,8,2,4,0,1,1,24,0,1,0,0,0,0,4,9162,1184,29,46.5,1.96,3.14,2.36,3.04,124.14,NA,3.04,0,0,0,10375,0,1.39,1.39
"8473712","SJS",7,24,33,1,1,0,0,0,0,0,0,0,0,0,0,0,2,1,2028,0,21,42.1,1.78,1.78,0,NA,0,NA,NA,0,0,0,2049,3.51,1.76,-1.75
"8474029","STL",5,47,32,1,2,0,1,0,0,0,1,0,0,0,0,0,0,0,2726,61,65,59.5,1.32,2.64,1.32,0,0,NA,0,0,0,0,2852,0,0,0
"8470005","FLA",6,36,38,2,0,0,1,0,0,0,0,0,0,0,0,0,1,2,2692,123,45,48.6,2.67,0,1.34,0,0,NA,0,0,0,0,2860,1.26,2.52,1.26
"8471689","EDM",9,51,67,1,2,0,1,0,0,0,1,10,0,1,0,0,2,1,4537,90,301,43.2,0.79,1.59,0.79,0,0,1,0,11.96,0,0,4928,1.46,0.73,-0.73
"8475183","MTL",42,343,414,16,13,5,5,0,0,0,16,9,0,1,0,0,13,6,25941,1318,452,45.3,2.22,1.8,1.39,0,0,1,0,7.96,0,0,27711,1.69,0.78,-0.91
"8475155","PIT",21,258,183,12,5,0,3,1,0,0,31,9,3,0,0,0,6,1,14032,1538,1072,58.5,3.08,1.28,0.77,2.34,0,1,7.02,0,0,0,16642,1.3,0.22,-1.08
"8474068","OTT",62,967,801,32,27,10,13,1,4,1,158,10,11,0,0,0,14,12,51923,6770,794,54.7,2.22,1.87,1.59,2.66,4.53,0.9,5.85,0,0,0,59487,0.85,0.73,-0.12
"8475159","WPG",6,39,19,0,1,0,0,0,0,0,0,0,0,0,0,0,2,0,1979,0,0,67.2,0,1.82,0,NA,NA,NA,NA,NA,0,0,1979,3.64,0,-3.64
"8471483","NSH",5,23,34,0,2,0,0,0,0,0,0,0,0,0,0,0,0,0,2329,0,66,40.4,0,3.09,0,NA,0,NA,NA,0,0,0,2395,0,0,0
"8471701","BUF",5,31,36,0,3,0,0,0,0,0,0,1,0,0,0,0,1,0,2287,0,51,46.3,0,4.72,0,NA,0,1,NA,0,0,0,2338,1.54,0,-1.54
"8472368","DET",8,65,72,3,1,1,2,0,0,0,0,22,0,1,0,0,0,0,4276,45,663,47.4,2.53,0.84,2.53,0,0,1,0,5.43,0,0,4984,0,0,0
"8474042","MIN",10,63,113,1,6,1,0,0,0,0,0,21,0,0,0,0,4,0,5183,88,783,35.8,0.69,4.17,0.69,0,0,1,0,0,0,0,6054,2.38,0,-2.38
"8470798","NYI",28,396,386,20,20,1,6,0,0,0,5,21,1,0,0,0,3,1,25092,659,1436,50.6,2.87,2.87,1,0,0,1,5.46,0,0,0,27187,0.4,0.13,-0.27
"8466181","CBJ",2,29,20,0,1,0,0,0,0,0,9,0,1,0,0,0,1,0,1272,432,58,59.2,0,2.83,0,0,0,NA,8.33,0,0,0,1762,2.04,0,-2.04
"8474102","STL",66,808,802,44,28,15,15,5,6,1,324,60,27,4,0,0,19,21,54242,9261,3030,50.2,2.92,1.86,1.99,4.28,1.19,0.9833,10.5,4.75,0,0,66533,1.03,1.14,0.11
"8474535","NSH",4,29,30,2,2,0,0,0,0,0,0,0,0,0,0,0,0,0,2021,0,57,49.2,3.56,3.56,0,NA,0,NA,NA,0,0,0,2078,0,0,0
"8473921","CGY",5,45,56,0,5,0,0,0,0,0,0,0,0,0,0,0,1,0,3094,38,121,44.6,0,5.82,0,0,0,NA,0,0,0,0,3253,1.11,0,-1.11
"8471664","VAN",60,762,715,31,29,8,11,1,0,2,88,75,3,1,0,0,9,14,43670,4325,3604,51.6,2.56,2.39,1.57,0.83,2,0.9733,2.5,1,0,0,51599,0.63,0.98,0.35
"8473589","PHX",21,202,211,7,13,0,3,0,0,0,0,37,0,1,0,0,3,2,14085,95,1306,48.9,1.79,3.32,0.77,0,0,1,0,2.76,0,0,15486,0.7,0.46,-0.24
"8473734","NYI",49,315,366,11,14,3,6,0,0,0,2,20,0,1,0,0,8,8,23806,630,579,46.3,1.66,2.12,1.36,0,0,1,0,6.22,0,0,25015,1.15,1.15,0
"8474729","CAR",2,38,20,4,0,0,0,0,0,0,6,0,1,0,0,0,0,0,1771,209,17,65.5,8.13,0,0,0,0,NA,17.22,0,0,0,1997,0,0,0
"8471268","VAN",1,1,10,0,0,0,0,0,0,0,1,0,1,0,0,0,1,0,302,75,0,9.1,0,0,0,0,NA,NA,48,NA,0,0,377,9.55,0,-9.55
"8475252","MIN",12,354,475,9,18,0,0,0,0,0,73,61,3,3,0,0,0,1,25820,2302,2016,42.7,1.25,2.51,0,0,0,1,4.69,5.36,0,0,30138,0,0.12,0.12
"8474035","VAN",2,6,9,0,0,0,0,0,0,0,0,3,0,0,0,0,0,0,601,8,32,40,0,0,0,0,0,1,0,0,0,0,641,0,0,0
"8468510","MIN",5,40,77,3,1,0,2,0,0,1,10,2,0,0,0,0,0,0,3145,474,46,34.2,3.43,1.14,2.29,0,78.26,0.5,0,0,0,0,3665,0,0,0
"8473614","DAL",18,685,714,32,28,0,0,0,0,2,102,103,7,13,0,0,0,1,44477,3988,4669,49,2.59,2.27,0,0,1.54,0.9806,6.32,10.02,0,0,53134,0,0.07,0.07
"8474089","COL",9,61,62,2,1,0,2,0,0,0,1,0,0,0,0,0,0,3,5211,145,9,49.6,1.38,0.69,1.38,0,0,NA,0,0,0,0,5365,0,2.01,2.01
"8475060","NJD",30,346,344,17,10,1,5,0,1,1,21,21,1,5,0,0,2,3,25172,1206,1748,50.1,2.43,1.43,0.86,2.99,2.06,0.9524,2.99,10.3,0,0,28126,0.26,0.38,0.12
"8475248","NJD",5,41,51,4,4,0,0,0,0,0,0,4,0,0,0,0,2,0,3684,63,278,44.6,3.91,3.91,0,0,0,1,0,0,0,0,4025,1.79,0,-1.79
"8469582","BUF",2,6,15,0,3,0,0,0,0,0,0,0,0,0,0,0,0,0,704,39,0,28.6,0,15.34,0,0,NA,NA,0,NA,0,0,743,0,0,0
"8467931","OTT",33,342,312,13,12,1,3,0,0,0,0,50,0,5,0,0,12,4,20251,78,1761,52.3,2.31,2.13,0.71,0,0,1,0,10.22,0,0,22090,1.96,0.65,-1.31
"8468789","PIT",8,55,62,1,0,1,0,0,1,0,33,1,2,0,0,0,2,0,3935,1051,89,47,0.91,0,0.91,3.43,0,1,6.85,0,0,0,5075,1.42,0,-1.42
"8475151","ANA",18,167,176,11,7,4,3,0,0,0,30,0,1,0,0,0,3,2,11133,1212,70,48.7,3.56,2.26,2.26,0,0,NA,2.97,0,0,0,12415,0.87,0.58,-0.29
"8474587","CGY",9,53,51,3,2,0,0,0,0,0,1,0,0,0,0,0,0,2,4001,74,22,51,2.7,1.8,0,0,0,NA,0,0,0,0,4097,0,1.76,1.76
"8471261","CBJ",8,41,49,1,1,0,0,0,0,0,0,10,0,1,0,0,2,2,3411,0,440,45.6,1.06,1.06,0,NA,0,1,NA,8.18,0,0,3851,1.87,1.87,0
"8471321","CGY",2,26,17,0,2,0,0,0,0,0,0,1,0,0,0,0,0,0,1287,0,76,60.5,0,5.59,0,NA,0,1,NA,0,0,0,1363,0,0,0
"8474690","NYI",6,202,231,8,11,0,1,0,0,0,31,35,3,2,0,0,0,1,14310,1270,1309,46.7,2.01,2.77,0.25,0,0,1,8.5,5.5,0,0,16889,0,0.21,0.21
"8475177","NYI",1,12,5,1,0,0,0,0,0,0,0,3,0,0,0,0,0,0,628,35,106,70.6,5.73,0,0,0,0,1,0,0,0,0,769,0,0,0
"8471419","VAN",6,41,38,0,0,0,0,0,0,0,0,0,0,0,0,0,0,0,2933,23,32,51.9,0,0,0,0,0,NA,0,0,0,0,2988,0,0,0
"8470189","COL",25,139,149,11,8,1,5,0,0,0,0,27,0,2,0,0,1,3,10496,135,1633,48.3,3.77,2.74,2.06,0,0,1,0,4.41,0,0,12264,0.29,0.88,0.59
"8471730","COL",3,9,10,1,1,0,0,0,0,0,0,0,0,0,0,0,0,1,752,0,0,47.4,4.79,4.79,0,NA,NA,NA,NA,NA,0,0,752,0,4.79,4.79
"8471233","NJD",39,484,464,16,25,7,6,2,3,2,150,87,10,7,0,0,4,5,34576,4432,3555,51.1,1.67,2.6,1.35,4.06,2.03,0.977,8.12,7.09,0,0,42563,0.34,0.42,0.08
"8473414","CGY",7,243,318,7,18,0,0,0,0,0,37,66,3,3,0,0,0,2,18724,1267,1935,43.3,1.35,3.46,0,0,0,1,8.52,5.58,0,0,21926,0,0.33,0.33
"8473539","PIT",1,18,7,2,1,0,1,0,0,0,0,0,0,0,0,0,0,0,878,43,58,72,8.2,4.1,4.1,0,0,NA,0,0,0,0,979,0,0,0
"8475679","MIN",6,65,64,2,3,1,0,0,0,1,6,0,0,0,0,0,2,0,4084,559,80,50.4,1.76,2.64,0.88,0,45,NA,0,0,0,0,4723,1.52,0,-1.52
"8473867","FLA",1,2,1,0,0,0,0,0,0,0,0,0,0,0,0,0,0,0,211,0,0,66.7,0,0,0,NA,NA,NA,NA,NA,0,0,211,0,0,0
"8475214","CHI",3,20,17,0,1,0,0,0,0,0,0,0,0,0,0,0,0,0,1534,0,10,54.1,0,2.35,0,NA,0,NA,NA,0,0,0,1544,0,0,0
"8473542","PHI",14,70,73,1,4,0,1,0,0,0,0,0,0,0,0,0,4,5,5490,172,37,49,0.66,2.62,0.66,0,0,NA,0,0,0,0,5699,2.53,3.16,0.63
"8470580","MIN",35,224,321,4,12,1,1,0,0,0,2,46,0,4,0,0,6,8,17787,316,2059,41.1,0.81,2.43,0.4,0,0,1,0,6.99,0,0,20162,1.07,1.43,0.36
"8474772","NYR",69,487,520,21,23,0,8,0,0,0,1,20,0,1,0,0,21,11,35362,155,1363,48.4,2.14,2.34,0.81,0,0,1,0,2.64,0,0,36880,2.05,1.07,-0.98
"8474500","BUF",2,26,12,0,0,0,0,0,0,0,1,0,0,0,0,0,0,1,1250,204,31,68.4,0,0,0,0,0,NA,0,0,0,0,1485,0,2.42,2.42
"8475220","BUF",14,202,193,18,10,4,6,2,1,1,18,2,3,1,0,0,2,3,11734,1140,111,51.1,5.52,3.07,3.07,9.47,32.43,0.5,9.47,32.43,0,0,12985,0.55,0.83,0.28
"8472361","FLA",7,55,41,1,1,1,0,0,0,0,0,4,0,1,0,0,0,0,3348,98,224,57.3,1.08,1.08,1.08,0,0,1,0,16.07,0,0,3670,0,0,0
"8468704","WPG",45,394,432,12,15,3,5,2,3,1,56,58,6,2,0,0,0,2,26664,1969,2312,47.7,1.62,2.03,1.08,9.14,1.56,0.9828,10.97,3.11,0,0,30945,0,0.23,0.23
"8474062","CAR",5,37,36,2,0,0,1,0,0,0,5,0,1,0,0,0,1,0,2713,281,44,50.7,2.65,0,1.33,0,0,NA,12.81,0,0,0,3038,1.18,0,-1.18
"8470986","CBJ",37,224,309,6,14,1,4,0,0,0,1,51,0,4,0,0,9,17,19387,617,1627,42,1.11,2.6,0.93,0,0,1,0,8.85,0,0,21631,1.5,2.83,1.33
"8474884","OTT",1,10,9,0,0,0,0,0,0,0,0,0,0,0,0,0,0,0,527,0,0,52.6,0,0,0,NA,NA,NA,NA,NA,0,0,527,0,0,0
"8471312","TBL",40,252,343,15,13,2,9,0,0,0,2,90,0,5,0,0,4,5,21927,378,2157,42.4,2.46,2.13,1.81,0,0,1,0,8.34,0,0,24462,0.59,0.74,0.15
"8471490","STL",2,15,12,1,0,1,0,0,0,0,0,1,0,0,0,0,0,0,844,0,73,55.6,4.27,0,4.27,NA,0,1,NA,0,0,0,917,0,0,0
"8475176","NSH",35,374,365,20,13,1,5,2,2,0,75,5,5,1,0,0,2,8,24761,3098,509,50.6,2.91,1.89,0.87,4.65,0,1,5.81,7.07,0,0,28368,0.25,1.02,0.77
"8470147","PHX",2,59,46,3,1,0,0,0,0,0,10,7,1,0,0,0,0,1,3708,216,203,56.2,2.91,0.97,0,0,0,1,16.67,0,0,0,4127,0,0.87,0.87
"8471251","CAR",7,263,330,10,10,0,0,0,0,0,26,62,5,6,0,0,0,0,18721,1202,1730,44.4,1.92,1.92,0,0,0,1,14.98,12.49,0,0,21653,0,0,0
"8470647","STL",47,318,280,6,9,2,2,0,0,0,0,2,0,0,0,0,11,5,22643,436,152,53.2,0.95,1.43,0.64,0,0,1,0,0,0,0,23231,1.7,0.77,-0.93
"8474168","DET",5,27,23,1,0,0,0,0,0,0,0,0,0,0,0,0,0,1,1990,10,0,54,1.81,0,0,0,NA,NA,0,NA,0,0,2000,0,1.8,1.8
"8468584","MIN",1,9,11,0,0,0,0,0,0,0,1,0,0,0,0,0,1,0,843,13,11,45,0,0,0,0,0,NA,0,0,0,0,867,4.15,0,-4.15
"8475268","NSH",53,599,598,29,31,10,13,0,0,0,4,8,0,1,0,0,5,5,38170,1028,807,50,2.74,2.92,2.17,0,0,1,0,4.46,0,0,40005,0.45,0.45,0
"8474616","WPG",9,53,37,2,1,0,0,0,0,0,0,0,0,0,0,0,0,1,3397,18,22,58.9,2.12,1.06,0,0,0,NA,0,0,0,0,3437,0,1.05,1.05
"8474625","CHI",33,275,264,8,12,4,3,1,1,0,22,0,2,0,0,0,3,4,18315,1393,269,51,1.57,2.36,1.38,5.17,0,NA,5.17,0,0,0,19977,0.54,0.72,0.18
"8471686","NYR",66,928,1126,37,43,2,4,3,1,0,50,193,7,12,0,0,14,17,69654,2847,8535,45.2,1.91,2.22,0.31,5.06,0,1,8.85,5.06,0,0,81036,0.62,0.76,0.14
"8474719","EDM",17,173,228,8,8,2,3,0,0,0,0,0,0,0,0,0,3,2,12487,108,193,43.1,2.31,2.31,1.44,0,0,NA,0,0,0,0,12788,0.84,0.56,-0.28
"8464984","EDM",7,70,65,1,7,0,1,1,0,0,16,7,1,0,0,0,1,1,4171,420,198,51.9,0.86,6.04,0.86,8.57,0,1,8.57,0,0,0,4789,0.75,0.75,0
"8470615","PHX",21,201,178,8,7,1,5,0,0,0,0,0,0,0,0,0,2,2,11861,121,36,53,2.43,2.12,1.82,0,0,NA,0,0,0,0,12018,0.6,0.6,0
"8474818","DAL",3,22,29,0,0,0,1,0,0,0,1,2,0,0,0,0,0,0,2022,231,131,43.1,0,0,1.78,0,0,1,0,0,0,0,2384,0,0,0
"8469120","CGY",1,5,13,0,1,0,0,0,0,0,0,0,0,0,0,0,0,0,665,0,0,27.8,0,5.41,0,NA,NA,NA,NA,NA,0,0,665,0,0,0
"8475153","CHI",29,287,293,9,15,0,1,0,0,0,1,43,0,3,0,0,3,3,19798,217,1428,49.5,1.64,2.73,0.18,0,0,1,0,7.56,0,0,21443,0.5,0.5,0
"8476381","CHI",40,473,404,22,27,11,6,0,4,0,80,17,7,2,0,0,10,19,30102,3509,716,53.9,2.63,3.23,2.03,4.1,0,1,7.18,10.06,0,0,34327,1.05,1.99,0.94
"8466371","FLA",38,272,364,4,10,3,0,0,0,0,0,76,0,3,0,0,2,5,24048,761,2719,42.8,0.6,1.5,0.45,0,0,1,0,3.97,0,0,27528,0.26,0.65,0.39
"8471365","NJD",7,44,46,0,2,0,0,0,0,0,1,1,0,0,0,0,0,1,4224,128,64,48.9,0,1.7,0,0,0,1,0,0,0,0,4416,0,0.82,0.82
"8470644","PIT",5,42,36,1,1,0,0,0,0,0,3,0,0,0,0,0,0,0,2332,209,0,53.8,1.54,1.54,0,0,NA,NA,0,NA,0,0,2541,0,0,0
"8471868","CBJ",41,273,370,6,13,2,0,0,0,0,3,108,0,9,0,0,1,2,23370,730,3527,42.5,0.92,2,0.31,0,0,1,0,9.19,0,0,27627,0.13,0.26,0.13
"8474201","TBL",14,66,65,2,4,0,2,0,0,0,0,0,0,0,0,0,0,2,4894,0,21,50.4,1.47,2.94,1.47,NA,0,NA,NA,0,0,0,4915,0,1.46,1.46
"8472262","CGY",5,44,40,1,0,0,0,0,0,0,21,3,0,0,0,0,2,0,3291,549,73,52.4,1.09,0,0,0,0,1,0,0,0,0,3913,1.84,0,-1.84
"8474642","CGY",27,184,240,3,8,1,2,0,0,0,2,28,0,1,0,0,3,6,15063,348,805,43.4,0.72,1.91,0.72,0,0,1,0,4.47,0,0,16216,0.67,1.33,0.66
"8474693","CBJ",8,75,92,3,5,1,1,0,0,0,16,0,0,0,0,0,3,2,5566,640,106,44.9,1.94,3.23,1.29,0,0,NA,0,0,0,0,6312,1.71,1.14,-0.57
"8476243","ANA",1,24,17,1,2,0,0,0,0,0,8,14,1,1,0,0,0,0,1741,216,357,58.5,2.07,4.14,0,0,0,1,16.67,10.08,0,0,2314,0,0,0
"8471941","VAN",6,31,50,4,3,0,2,0,0,0,0,0,0,0,0,0,0,1,2847,30,0,38.3,5.06,3.79,2.53,0,NA,NA,0,NA,0,0,2877,0,1.25,1.25
"8474220","CAR",16,183,177,5,8,1,2,1,1,0,36,0,4,0,0,0,4,4,10192,961,221,50.8,1.77,2.83,1.06,7.49,0,NA,14.98,0,0,0,11374,1.27,1.27,0
"8471705","TBL",41,414,457,16,20,1,1,0,1,0,70,8,5,0,0,0,4,3,30242,2800,748,47.5,1.9,2.38,0.24,1.29,0,1,6.43,0,0,0,33790,0.43,0.32,-0.11
"8470074","ANA",4,192,187,10,7,0,0,0,0,0,44,26,1,4,0,0,0,0,11672,1301,880,50.7,3.08,2.16,0,0,0,1,2.77,16.36,0,0,13853,0,0,0
"8474649","WSH",5,31,51,0,0,0,0,0,0,0,0,0,0,0,0,0,1,0,2824,20,80,37.8,0,0,0,0,0,NA,0,0,0,0,2924,1.23,0,-1.23
"8474128","EDM",1,3,0,0,0,0,0,0,0,0,0,0,0,0,0,0,0,0,331,0,0,100,0,0,0,NA,NA,NA,NA,NA,0,0,331,0,0,0
"8471680","PHX",45,397,404,26,18,6,10,1,0,0,45,0,2,0,0,0,3,8,25017,2889,178,49.6,3.74,2.59,2.3,1.25,0,NA,2.49,0,0,0,28084,0.38,1.03,0.65
"8473569","DET",25,150,149,4,2,1,2,0,0,0,3,0,0,0,0,0,0,2,11064,123,46,50.2,1.3,0.65,0.98,0,0,NA,0,0,0,0,11233,0,0.64,0.64
"8470777","DAL",1,4,5,0,0,0,0,0,0,0,0,0,0,0,0,0,0,0,325,0,0,44.4,0,0,0,NA,NA,NA,NA,NA,0,0,325,0,0,0
"8474077","MIN",11,84,126,4,3,1,2,0,0,0,0,6,0,1,0,0,2,0,7034,43,208,40,2.05,1.54,1.54,0,0,1,0,17.31,0,0,7285,0.99,0,-0.99
"8473942","TBL",16,119,160,9,8,2,2,0,0,0,4,23,1,2,0,0,2,1,9821,804,891,42.7,3.3,2.93,1.47,0,0,1,4.48,8.08,0,0,11516,0.63,0.31,-0.32
"8474697","OTT",2,21,21,0,1,0,0,0,0,0,1,1,0,0,0,0,1,1,1364,79,26,50,0,2.64,0,0,0,1,0,0,0,0,1469,2.45,2.45,0
"8473562","SJS",10,95,98,1,3,0,0,0,0,0,2,0,0,0,0,0,0,0,5411,165,63,49.2,0.67,2,0,0,0,NA,0,0,0,0,5639,0,0,0
"8467335","ANA",5,17,33,0,0,0,0,0,0,0,0,0,0,0,0,0,0,0,1864,0,28,34,0,0,0,NA,0,NA,NA,0,0,0,1892,0,0,0
"8474670","OTT",1,2,1,0,0,0,0,0,0,0,0,0,0,0,0,0,0,0,302,0,0,66.7,0,0,0,NA,NA,NA,NA,NA,0,0,302,0,0,0
"8471885","MIN",9,51,85,2,3,2,0,0,0,0,9,0,0,0,0,0,0,0,5147,573,58,37.5,1.4,2.1,1.4,0,0,NA,0,0,0,0,5778,0,0,0
"8471187","CBJ",30,350,398,22,22,1,3,0,0,0,43,38,0,5,0,0,7,3,25483,2052,1194,46.8,3.11,3.11,0.57,0,0,1,0,15.08,0,0,28729,0.88,0.38,-0.5
"8472394","NJD",28,314,272,15,14,0,3,0,2,0,43,1,3,0,0,0,3,8,21384,2745,400,53.6,2.53,2.36,0.51,2.62,0,1,3.93,0,0,0,24529,0.44,1.17,0.73
"8471451","WPG",7,72,58,0,1,0,0,0,0,0,0,1,0,0,0,0,0,0,3825,0,106,55.4,0,0.94,0,NA,0,1,NA,0,0,0,3931,0,0,0
"8471916","TBL",6,31,28,1,2,1,0,0,0,0,0,0,0,0,0,0,0,1,2266,24,28,52.5,1.59,3.18,1.59,0,0,NA,0,0,0,0,2318,0,1.55,1.55
"8475104","TBL",3,24,17,2,0,0,0,0,0,0,2,0,0,0,0,0,0,1,1526,200,44,58.5,4.72,0,0,0,0,NA,0,0,0,0,1770,0,2.03,2.03
"8470729","FLA",17,177,193,8,5,1,3,0,0,0,2,8,0,0,0,0,0,0,13858,231,371,47.8,2.08,1.3,1.04,0,0,1,0,0,0,0,14460,0,0,0
"8475671","DAL",1,2,8,0,0,0,0,0,0,0,0,0,0,0,0,0,0,0,237,0,0,20,0,0,0,NA,NA,NA,NA,NA,0,0,237,0,0,0
"8470609","NJD",56,405,469,21,12,3,10,0,0,0,20,2,1,0,0,0,9,10,33694,2538,514,46.3,2.24,1.28,1.39,0,0,1,1.42,0,0,0,36746,0.88,0.98,0.1
"8474146","WPG",13,74,83,10,2,2,7,0,0,0,3,0,0,0,0,0,1,1,5679,49,60,47.1,6.34,1.27,5.71,0,0,NA,0,0,0,0,5788,0.62,0.62,0
"8473456","NYI",5,39,78,0,0,0,0,0,0,1,5,0,0,0,0,0,1,2,3277,339,4,33.3,0,0,0,0,900,NA,0,0,0,0,3620,0.99,1.99,1
"8474383","WSH",3,2,5,0,0,0,0,0,0,0,0,0,0,0,0,0,0,0,356,0,0,28.6,0,0,0,NA,NA,NA,NA,NA,0,0,356,0,0,0
"8474691","EDM",2,15,20,1,1,0,1,0,0,0,0,0,0,0,0,0,0,0,1104,165,0,42.9,3.26,3.26,3.26,0,NA,NA,0,NA,0,0,1269,0,0,0
"8470838","CBJ",1,4,8,0,0,0,0,0,0,0,0,0,0,0,0,0,0,0,556,0,0,33.3,0,0,0,NA,NA,NA,NA,NA,0,0,556,0,0,0
"8474024","OTT",35,279,273,11,9,3,4,0,0,0,1,93,0,5,0,0,2,4,19231,244,3061,50.5,2.06,1.68,1.31,0,0,1,0,5.88,0,0,22536,0.32,0.64,0.32
"8468499","CGY",13,105,96,2,3,0,1,0,0,0,16,0,1,0,0,0,1,1,6799,778,35,52.2,1.06,1.59,0.53,0,0,NA,4.63,0,0,0,7612,0.47,0.47,0
"8469779","WSH",41,366,343,18,12,3,9,0,1,3,77,0,3,0,0,0,1,5,23039,2919,253,51.6,2.81,1.88,1.88,1.23,42.69,NA,3.7,0,0,0,26211,0.14,0.69,0.55
"8470700","VAN",11,73,87,4,2,1,3,0,0,0,0,0,0,0,0,0,2,0,6230,53,147,45.6,2.31,1.16,2.31,0,0,NA,0,0,0,0,6430,1.12,0,-1.12
"8471822","FLA",1,2,1,1,0,0,0,0,0,0,0,0,0,0,0,0,0,0,292,0,0,66.7,12.33,0,0,NA,NA,NA,NA,NA,0,0,292,0,0,0
"8469732","DET",14,548,470,28,18,0,0,0,0,3,109,110,6,7,0,0,0,3,36678,4523,4388,53.8,2.75,1.77,0,0,2.46,0.9727,4.78,5.74,0,0,45589,0,0.24,0.24
"8474604","NYI",9,107,148,3,3,0,0,0,0,0,1,3,0,1,0,0,1,0,8203,77,239,42,1.32,1.32,0,0,0,1,0,15.06,0,0,8519,0.42,0,-0.42
"8475197","COL",10,157,134,5,5,0,0,0,0,0,28,0,2,0,0,0,0,0,9319,596,119,54,1.93,1.93,0,0,0,NA,12.08,0,0,0,10034,0,0,0
"8474100","LAK",47,564,473,20,15,8,8,0,3,1,104,1,8,0,0,0,8,1,33775,3540,412,54.4,2.13,1.6,1.71,3.05,8.74,0,8.14,0,0,0,37727,0.76,0.1,-0.66
"8475325","LAK",46,340,272,10,7,3,3,0,0,0,14,3,0,0,0,0,7,8,22048,871,225,55.6,1.63,1.14,0.98,0,0,1,0,0,0,0,23144,1.09,1.24,0.15
"8474606","FLA",3,27,42,3,2,0,0,0,0,0,1,0,0,0,0,0,0,0,2126,94,36,39.1,5.08,3.39,0,0,0,NA,0,0,0,0,2256,0,0,0
"8474651","WSH",21,812,1032,35,31,0,0,0,0,0,160,186,11,9,0,0,1,1,61929,5088,6131,44,2.03,1.8,0,0,0,1,7.78,5.28,0,0,73148,0.05,0.05,0
"8474628","PHX",15,169,235,10,5,1,2,0,0,0,5,14,0,0,0,0,1,1,10892,253,796,41.8,3.31,1.65,0.99,0,0,1,0,0,0,0,11941,0.3,0.3,0
"8469542","MIN",22,149,181,4,6,0,2,0,0,0,1,21,0,1,0,0,5,2,11380,295,1082,45.2,1.27,1.9,0.63,0,0,1,0,3.33,0,0,12757,1.41,0.56,-0.85
"8475219","MIN",1,4,5,0,0,0,0,0,0,0,1,0,0,0,0,0,0,0,456,74,0,44.4,0,0,0,0,NA,NA,0,NA,0,0,530,0,0,0
"8473466","MTL",20,185,266,4,11,0,2,0,0,0,3,52,0,5,0,0,8,8,14703,300,1791,41,0.98,2.69,0.49,0,0,1,0,10.05,0,0,16794,1.71,1.71,0
"8473501","NYI",1,8,14,0,0,0,0,0,0,0,0,1,0,0,0,0,0,0,962,0,74,36.4,0,0,0,NA,0,1,NA,0,0,0,1036,0,0,0
"8470636","BOS",3,21,18,1,0,0,0,0,0,0,0,0,0,0,0,0,1,1,1167,0,39,53.8,3.08,0,0,NA,0,NA,NA,0,0,0,1206,2.99,2.99,0
"8474705","COL",24,287,273,8,9,4,3,0,0,0,6,1,0,0,0,0,5,3,16845,733,408,51.2,1.71,1.92,1.5,0,0,1,0,0,0,0,17986,1,0.6,-0.4
"8476116","DAL",20,187,125,4,6,1,1,0,0,0,0,3,0,1,0,0,6,3,9503,55,283,59.9,1.52,2.27,0.76,0,0,1,0,12.72,0,0,9841,2.19,1.1,-1.09
"8467910","FLA",1,4,3,0,0,0,0,0,0,0,0,0,0,0,0,0,0,0,379,0,0,57.1,0,0,0,NA,NA,NA,NA,NA,0,0,379,0,0,0
"8471821","PHX",1,2,8,0,1,0,0,0,0,0,0,0,0,0,0,0,0,0,385,0,12,20,0,9.35,0,NA,0,NA,NA,0,0,0,397,0,0,0
"8476211","BOS",3,7,37,1,0,1,0,0,0,0,0,0,0,0,0,0,0,0,1191,0,0,15.9,3.02,0,3.02,NA,NA,NA,NA,NA,0,0,1191,0,0,0
"8473444","FLA",1,10,2,0,0,0,0,0,0,0,0,0,0,0,0,0,0,0,280,24,0,83.3,0,0,0,0,NA,NA,0,NA,0,0,304,0,0,0
"8475231","NYI",15,121,135,7,5,0,4,0,0,0,1,6,0,2,0,0,3,1,8974,276,202,47.3,2.81,2.01,1.6,0,0,1,0,35.64,0,0,9452,1.14,0.38,-0.76
"8470708","CGY",10,40,54,0,1,0,0,0,0,0,0,0,0,0,0,0,0,1,4228,0,37,42.6,0,0.85,0,NA,0,NA,NA,0,0,0,4265,0,0.84,0.84
"8475097","PIT",5,232,168,15,9,0,0,0,0,2,54,34,3,4,0,0,1,0,12232,1229,1059,58,4.41,2.65,0,0,6.8,0.9412,8.79,13.6,0,0,14520,0.25,0,-0.25
"8467928","DET",9,116,91,7,5,0,1,0,0,0,1,9,0,1,0,0,3,1,7033,210,479,56,3.58,2.56,0.51,0,0,1,0,7.52,0,0,7722,1.4,0.47,-0.93
"8469755","TBL",10,47,57,0,2,0,0,0,0,0,0,0,0,0,0,0,2,0,3857,58,13,45.2,0,1.87,0,0,0,NA,0,0,0,0,3928,1.83,0,-1.83
"8475650","CHI",22,87,112,2,4,1,0,0,0,0,0,0,0,0,0,0,6,1,7679,48,55,43.7,0.94,1.88,0.47,0,0,NA,0,0,0,0,7782,2.78,0.46,-2.32
"8471186","EDM",1,22,6,2,0,0,0,0,0,0,0,9,0,1,0,0,0,0,1288,48,483,78.6,5.59,0,0,0,0,1,0,7.45,0,0,1819,0,0,0
"8475283","BOS",5,33,30,1,3,0,0,0,0,0,1,0,0,0,0,0,0,2,2544,20,23,52.4,1.42,4.25,0,0,0,NA,0,0,0,0,2587,0,2.78,2.78
"8473970","OTT",15,164,117,4,4,0,2,0,0,0,0,17,0,1,0,0,1,3,8846,65,1129,58.4,1.63,1.63,0.81,0,0,1,0,3.19,0,0,10040,0.36,1.08,0.72
"8476225","COL",2,24,16,0,0,0,0,0,0,0,0,0,0,0,0,0,1,0,1473,0,8,60,0,0,0,NA,0,NA,NA,0,0,0,1481,2.43,0,-2.43
"8471750","OTT",10,421,323,17,16,0,0,0,0,1,83,69,3,5,0,0,1,5,24852,2723,2254,56.6,2.46,2.32,0,0,1.6,0.9855,3.97,7.99,0,0,29829,0.12,0.6,0.48
"8475154","TOR",15,116,135,0,10,0,0,0,0,0,1,0,0,0,0,0,4,4,8945,165,14,46.2,0,4.02,0,0,0,NA,0,0,0,0,9124,1.58,1.58,0
"8475430","PHI",4,49,44,2,1,0,0,0,0,0,0,0,0,0,0,0,0,0,3164,15,22,52.7,2.28,1.14,0,0,0,NA,0,0,0,0,3201,0,0,0
"8474682","TBL",5,157,211,8,9,0,0,0,1,0,21,25,3,3,0,0,1,0,12348,852,724,42.7,2.33,2.62,0,4.23,0,1,12.68,14.92,0,0,13924,0.26,0,-0.26
"8476466","CGY",5,29,42,3,1,3,0,0,0,0,5,0,0,0,0,0,2,0,2864,198,60,40.8,3.77,1.26,3.77,0,0,NA,0,0,0,0,3122,2.31,0,-2.31
"8467496","MTL",13,150,156,4,9,0,1,0,2,0,82,7,4,0,0,0,2,3,10389,1859,640,49,1.39,3.12,0.35,3.87,0,1,7.75,0,0,0,12888,0.56,0.84,0.28
"8460612","BOS",5,236,174,15,11,0,0,0,0,0,15,35,0,4,0,0,1,0,13239,744,1091,57.6,4.08,2.99,0,0,0,1,0,13.2,0,0,15074,0.24,0,-0.24
"8474607","BOS",1,2,3,0,0,0,0,0,0,0,0,0,0,0,0,0,0,0,214,9,0,40,0,0,0,0,NA,NA,0,NA,0,0,223,0,0,0
"8473610","CAR",3,15,22,1,1,0,0,0,0,0,17,0,0,0,0,0,0,0,1462,534,51,40.5,2.46,2.46,0,0,0,NA,0,0,0,0,2047,0,0,0
"8465056","BOS",1,16,7,0,0,0,0,0,0,0,0,6,0,0,0,0,0,0,709,0,108,69.6,0,0,0,NA,0,1,NA,0,0,0,817,0,0,0
"8475768","STL",7,48,66,3,2,1,1,1,0,0,13,0,1,0,0,0,0,1,4293,471,41,42.1,2.52,1.68,1.68,7.64,0,NA,7.64,0,0,0,4805,0,0.75,0.75
"8475102","BUF",3,9,13,1,1,1,0,0,0,0,0,0,0,0,0,0,0,1,882,4,0,40.9,4.08,4.08,4.08,0,NA,NA,0,NA,0,0,886,0,4.06,4.06
"8471228","NSH",17,249,235,14,8,4,6,0,3,0,47,3,4,0,0,0,4,4,15730,1890,502,51.4,3.2,1.83,2.29,5.71,0,1,7.62,0,0,0,18122,0.79,0.79,0
"8472424","TOR",2,23,26,1,2,0,1,0,0,0,0,1,0,0,0,0,1,0,1542,0,6,46.9,2.33,4.67,2.33,NA,0,1,NA,0,0,0,1548,2.33,0,-2.33
"8470719","PHX",2,14,15,0,1,0,0,0,0,0,0,0,0,0,0,0,1,0,851,0,8,48.3,0,4.23,0,NA,0,NA,NA,0,0,0,859,4.19,0,-4.19
"8471762","EDM",5,19,29,2,0,1,0,0,0,0,0,15,0,2,0,0,1,1,2279,39,603,39.6,3.16,0,1.58,0,0,1,0,11.94,0,0,2921,1.23,1.23,0
"8475680","TOR",2,74,63,1,4,0,0,0,0,1,6,11,0,1,0,0,0,0,4802,291,427,54,0.75,3,0,0,8.43,0.9091,0,8.43,0,0,5520,0,0,0
"8475191","DAL",3,22,31,0,3,0,0,0,0,0,2,0,0,0,0,0,1,0,1231,173,61,41.5,0,8.77,0,0,0,NA,0,0,0,0,1465,2.46,0,-2.46
"8467959","TBL",3,85,92,4,6,0,0,0,0,0,21,13,1,1,0,0,0,0,5986,894,536,48,2.41,3.61,0,0,0,1,4.03,6.72,0,0,7416,0,0,0
"8475722","MIN",6,40,71,2,4,0,2,0,0,0,4,0,0,0,0,0,1,2,3684,148,20,36,1.95,3.91,1.95,0,0,NA,0,0,0,0,3852,0.93,1.87,0.94
"8474774","CBJ",5,48,58,2,2,0,0,0,0,0,0,1,0,0,0,0,0,0,3283,2,99,45.3,2.19,2.19,0,0,0,1,0,0,0,0,3384,0,0,0
"8476806","TBL",5,70,54,3,1,0,1,0,0,0,5,0,0,0,0,0,0,2,3563,487,4,56.5,3.03,1.01,1.01,0,0,NA,0,0,0,0,4054,0,1.78,1.78
"8474597","CBJ",1,4,9,1,0,0,0,0,0,0,0,0,0,0,0,0,0,0,360,0,0,30.8,10,0,0,NA,NA,NA,NA,NA,0,0,360,0,0,0
"8475162","ANA",2,23,20,0,2,0,0,0,0,0,0,0,0,0,0,0,0,0,1322,1,0,53.5,0,5.45,0,0,NA,NA,0,NA,0,0,1323,0,0,0
"8470988","EDM",1,9,19,0,1,0,0,0,0,0,0,0,0,0,0,0,0,0,719,78,0,32.1,0,5.01,0,0,NA,NA,0,NA,0,0,797,0,0,0
"8476792","BOS",2,28,27,2,2,0,1,0,0,0,3,3,0,0,0,0,0,0,1792,109,70,50.9,4.02,4.02,2.01,0,0,1,0,0,0,0,1971,0,0,0
"8474659","NYI",3,37,36,1,3,0,0,0,0,0,1,0,0,0,0,0,0,0,2992,190,0,50.7,1.2,3.61,0,0,NA,NA,0,NA,0,0,3182,0,0,0
"8475254","MTL",3,23,12,0,1,0,0,0,0,0,0,4,0,0,0,0,0,1,1374,35,78,65.7,0,2.62,0,0,0,1,0,0,0,0,1487,0,2.42,2.42
"8471418","BOS",1,32,56,3,1,0,0,0,0,0,6,15,0,0,0,0,0,0,2737,304,343,36.4,3.95,1.32,0,0,0,1,0,0,0,0,3384,0,0,0
"8474585","MIN",1,9,7,0,0,0,0,0,0,0,0,0,0,0,0,0,1,0,531,0,79,56.2,0,0,0,NA,0,NA,NA,0,0,0,610,5.9,0,-5.9
"8474049","CGY",2,16,18,3,0,2,1,0,0,0,0,0,0,0,0,0,1,5,1221,59,0,47.1,8.85,0,8.85,0,NA,NA,0,NA,0,0,1280,2.81,14.06,11.25
"8472410","NJD",25,153,197,11,6,4,4,0,0,0,5,11,0,0,0,0,2,0,12831,408,478,43.7,3.09,1.68,2.24,0,0,1,0,0,0,0,13717,0.52,0,-0.52
"8475772","DET",1,4,5,0,0,0,0,0,0,0,0,0,0,0,0,0,1,0,355,0,8,44.4,0,0,0,NA,0,NA,NA,0,0,0,363,9.92,0,-9.92
"8476803","CBJ",1,4,0,0,0,0,0,0,0,0,0,0,0,0,0,0,0,0,153,0,0,100,0,0,0,NA,NA,NA,NA,NA,0,0,153,0,0,0
"8476819","CAR",1,19,12,0,0,0,0,0,0,0,0,0,0,0,0,0,2,0,921,69,2,61.3,0,0,0,0,0,NA,0,0,0,0,992,7.26,0,-7.26
"8476224","MIN",1,11,13,1,1,0,1,0,0,0,3,2,0,0,0,0,0,1,834,174,47,45.8,4.32,4.32,4.32,0,0,1,0,0,0,0,1055,0,3.41,3.41
"8475173","DAL",1,9,3,0,0,0,0,0,0,0,2,0,0,0,0,0,1,0,396,154,25,75,0,0,0,0,0,NA,0,0,0,0,575,6.26,0,-6.26
"8475455","DAL",1,17,14,0,0,0,0,0,0,0,0,7,0,2,0,0,0,0,804,134,132,54.8,0,0,0,0,0,1,0,54.55,0,0,1070,0,0,0
"8475184","NYR",18,212,165,6,9,3,2,2,0,0,22,3,2,0,0,0,3,1,12232,1114,183,56.2,1.77,2.65,1.47,6.46,0,1,6.46,0,0,0,13529,0.8,0.27,-0.53
"8475913","OTT",1,6,7,1,0,0,1,0,0,0,6,0,0,0,0,0,0,0,308,215,0,46.2,11.69,0,11.69,0,NA,NA,0,NA,0,0,523,0,0,0
"8475164","OTT",2,19,19,0,0,0,0,0,0,0,1,0,0,0,0,0,1,0,1010,55,36,50,0,0,0,0,0,NA,0,0,0,0,1101,3.27,0,-3.27
"8474596","STL",1,0,0,0,0,0,0,0,0,0,4,0,0,0,0,0,0,0,0,67,0,NA,NA,NA,NA,0,NA,NA,0,NA,NA,NA,67,0,0,0
