"player_id","season","pp_rapm_raw","pk_rapm_raw","own_pp_shots_per60","own_pk_sa_per60","pp_rapm_per60","pk_rapm_per60"
"8469707",2015,-0.00188733704410598,0,102.120343839542,0,-0.192735507885207,0
"8470104",2015,0.0002715574232159,-0.000126657430421099,62.4775583482944,109.066959385291,0.0169662447538839,-0.0138141408195833
"8471679",2015,-0.000970542307806547,-0.0010916318585911,109.720776147657,103.92512920799,-0.106488655296673,-0.113447981951638
"8471976",2015,-0.00185561989653022,-4.24207962812971e-05,115.966855972442,7.46887966804979,-0.215190405280518,-0.000316835822847862
"8474157",2015,-0.00283884750724229,-0.00060544286263366,128.443357783211,88.528112689507,-0.364631106064699,-0.0535987139702904
"8476470",2015,-0.00142953078850575,0.000126095637009458,82.7468785471056,47.7653631284916,-0.118289210535833,0.00602300389067525
"8470602",2015,0.000255363173666121,0.00120511456306975,131.289122743355,147.129024994371,0.033526407051584,0.177307330670969
"8473541",2015,0.00270258229602195,-0.000725597374701906,99.8790964047089,115.264987497713,0.269931477686036,-0.0836359723233886
"8473548",2015,0.00043382273892393,8.7399832171093e-05,139.130434782609,2.28281547241598,0.0603579462850685,0.000199517689166731
"8474037",2015,-0.000311401538491449,-0.00057590368901618,140.22951349604,80,-0.0436676862445743,-0.0460722951212944
"8475098",2015,0.000907051109978803,0.000175703199742508,138.517736829288,94.6445959104187,0.125642666942757,0.0166293583397973
"8476478",2015,0.000296070247168552,-0.000326587256794963,114.00730816078,80.8080808080808,0.0337541719061833,-0.0263908894379768
"8467496",2015,-0.00116427530893696,-0.000323353645747394,130.132950053899,102.803899577258,-0.151510580626881,-0.0332420157253554
"8474056",2015,-0.00127077511726129,0.00114763788332984,124.399672015931,88.8307318440976,-0.15808400779331,0.101945513068201
"8469521",2015,0.00111164207392713,-0.00137750918384592,111.554461329485,99.9085086916743,0.124008632748132,-0.137624888267132
"8475848",2015,0.00143841701773912,-5.99081067741378e-05,129.659021540072,5.52995391705069,0.186503743086642,-0.000331289069718734
"8476851",2015,0.00119339678402413,-0.000234940065123082,115.343538625845,17.28,0.137650608054047,-0.00405976432532685
"8470207",2015,-0.00027311613609192,0.000129650774832461,80.3478260869565,19.4331983805668,-0.0219442878042552,0.00251952922751341
"8470920",2015,0.00172699567482499,0,81.1282349520209,0,0.140108110868326,0
"8474581",2015,8.42068826269578e-05,-0.00051862693815663,85.5406152145883,31.5379623621025,0.0072031085452126,-0.0163564368555563
"8475172",2015,0.00144814148232653,-0.000502788192029739,87.9931389365352,37.9652605459057,0.127426514654119,-0.0190884847098139
"8476853",2015,-0.00111324435718037,2.17638651656648e-06,98.1552807622137,56.5774155995343,-0.109270812435989,0.000123134324453004
"8465009",2015,-0.00140686456086267,0.000669180070129259,92.6959847036329,134.686651717219,-0.130410695813809,0.0901296230416039
"8470638",2015,0.000282912087984263,0.000141148447732259,184.158415841584,129.708090075063,0.0521006419456167,0.0183080955724111
"8471695",2015,-0.00180474419328987,0.00146691466820104,122.568505233447,104.658143413007,-0.221204798100282,0.153524565719228
"8473419",2015,-0.00227759890916277,-0.000608386152464604,88.7714663143989,108.856959039245,-0.202185794842455,-0.0662270664788833
"8473473",2015,-0.00276687289873981,0.000226858457468784,91.1180773249739,12.8571428571429,-0.252112138735749,0.00291675159602722
"8476792",2015,-0.000753757611369145,0.000279307835176175,136.837991010358,31.5098468271335,-0.10314267724852,0.00880094710401952
"8470626",2015,0.000524182860741185,-0.000995760899850114,185.22372528616,98.2527075812274,0.0970911021976388,-0.0978362045137932
"8471262",2015,0.00109800963977787,-3.81075137451635e-05,135.177017522947,6.9164265129683,0.148425668316617,-0.000263567818410353
"8475191",2015,-0.00246462033050553,0.000216937661095716,143.819599109131,15.5172413793103,-0.354460707889521,0.00336627405148525
"8476462",2015,-0.000562216392840908,4.17320297148542e-05,158.169336384439,92.573402417962,-0.0889253937600997,0.00386327598051154
"8467329",2015,0.000906672954592508,0,95.270905104917,0,0.0863795530181775,0
"8468309",2015,0.00057903173847272,0.000573309926565047,167.839600611966,30.0178677784395,0.0971844557269133,0.0172095415716965
"8473461",2015,-0.000873248532094759,-0.000385691861852004,113.158705701079,110.596127458454,-0.0988156736472097,-0.0426560263130727
"8473512",2015,0.00121013120769086,0.000550464664192975,182.70309390266,75.092936802974,0.221094715673283,0.0413360082405133
"8473584",2015,-0.000889285803816564,0.000656370849114518,63.1229235880399,86.5267433987813,-0.0561343198422416,0.0567936320357721
"8474190",2015,0.00269704449773253,0,188.25,0,0.507718626698148,0
"8474584",2015,-0.000602324905587916,0.000790411910561136,71.046357615894,96.873120865905,-0.0427929906433587,0.0765696685456398
"8475170",2015,0.00150468555341288,0,175.873077295153,4.76190476190476,0.264633678640284,0
"8476177",2015,0.000486932883383656,-0.00149712617113841,69.9929725931131,126.210350584307,0.0340818799613578,-0.18895281892832
"8476461",2015,0.000445497009587836,-0.00145620166632326,71.6500809997686,125.970007141157,0.0319198968221231,-0.183437734305706
"8474161",2015,0.00227048070630299,9.54903422668606e-05,183.201094391245,8.93743793445879,0.415954550188915,0.000853439007350294
"8470601",2015,1.50677902450357e-05,-0.000415136664798232,20.1743462017435,118.201578766732,0.000303982816898602,-0.0490698091831064
"8477930",2015,-0.000816550645174783,0.000468787280699411,14.053350683149,132.90455364034,-0.0114752725671928,0.0623039642936238
"8475727",2015,-0.0016143973128909,0,193.684210526316,0,-0.31268326902308,0
"8470966",2015,-0.000118805842678587,-0.00131884506940312,117.48502994012,118.538030951597,-0.0139579079841549,-0.156333297657268
"8471729",2015,0.000136210221902678,0.00104983952185572,111.861659011078,105.781990521327,0.0152367013963007,0.111054114349857
"8473972",2015,0.000296277876677398,-0.000362377481954498,107.60746960772,97.0908126271111,0.031881712610003,-0.0351835242007285
"8474150",2015,0.000804409620342833,-0.000368508066554251,94.5580371185907,103.377148634985,0.0760633947389291,-0.0380953131693697
"8476346",2015,-0.00109577263132675,0,130.265183917879,0,-0.142741023351957,0
"8477497",2015,0.000805410578731901,0.00137389136521273,131.38249231025,92.8069226608978,0.105816849166838,0.127506629675773
"8468011",2015,0.00293282469420663,0.000876074182584767,98.4943646218704,94.3749531870272,0.288866704803213,0.0826794599698005
"8469465",2015,0.000411850502482097,-9.40301299783029e-05,79.1530944625407,93.2084309133489,0.0325992417274103,-0.00876440087385587
"8470274",2015,0.000988095793670085,0.000337407419999024,74.8305467690917,131.151964918199,0.0739397485005721,0.0442516461108519
"8470358",2015,0.000460881466926802,2.1178885172494e-05,110.967059134806,109.923664122137,0.0511426609946027,0.00232806066018255
"8474009",2015,0.000556114689242782,4.4355306187019e-06,76.5873451036298,133.43023255814,0.0425913476222348,0.000591833881972144
"8475690",2015,-0.000470763928283085,-0.000165283545482351,69.6578799775659,113.137146029983,-0.0327924172141106,-0.0186997086215902
"8467875",2015,-0.000892014536651417,0.00109491199541535,146.648721399731,45.0163102573396,-0.130812791269904,0.0492888980901001
"8467876",2015,-0.000319025316818368,0.000620293388698,146.029451621646,54.4910179640719,-0.0465870920684082,0.0338004181865377
"8468085",2015,0.00048875161957214,-0.000172816511422617,151.456310679612,7.51173708920188,0.0740245171390813,-0.00129815219847976
"8471303",2015,0.000393603747353897,0.00038669649916712,136.21807091117,114.608177172061,0.0536159431679555,0.0443185808883612
"8475223",2015,0.000862171180524014,0.000101321413075584,107.401032702238,7.86026200873363,0.0925980751543863,0.00079641285386922
"8470201",2015,-0.000320347706307421,0.000281981794850351,135.260990165588,15.8241758241758,-0.0433305479524168,0.00446212950092863
"8471185",2015,0.0015799925377066,0.000321808787075567,92.2513727882855,55.5448408871745,0.145756480598681,0.017874817874207
"8466138",2015,0.00344261181598041,2.45121205350927e-05,177.902392009112,71.6216216216216,0.61244887682175,0.00175559782210799
"8470613",2015,0.00244930949119897,-0.00120082928556743,164.297471195571,103.091842555619,0.402415355579301,-0.123795703643893
"8470794",2015,0.00233822124562003,0.0009258510823064,176.252110298255,122.053231939163,0.412116428884746,0.113003116889869
"8471709",2015,-0.000209970715006318,0.000270473701790998,70.7893986890852,139.810554803789,-0.0148637006576145,0.037815078307234
"8474550",2015,0.00118435031119298,0.00180525707515441,126.538529359901,113.429256594724,0.149865946625301,0.204768967997131
"8476881",2015,-0.00104049074626469,9.96605440714371e-05,81.0830769230769,4.3956043956044,-0.0843661912171299,0.000438068325588734
"8466139",2015,0.0016758200288215,0.000505693631879317,164.060658442681,133.152594887684,0.274936137359888,0.0673344193029083
"8474053",2015,0.00155186265076723,7.56712307560061e-06,165.620957309185,117.455138662316,0.257020977832438,0.000888797490119484
"8474218",2015,-0.00140733489334431,0.000232626171204361,76.4088802146865,76.8254700657515,-0.107532883287494,0.0178716149523711
"8476442",2015,-0.0013285810841597,-0.000374082243121541,65.3877551020408,103.305785123967,-0.0868729345642385,-0.0386448598266054
"8477509",2015,0.000188221596841585,0.000606398020729032,31.386224934612,76.555023923445,0.00590756537602184,0.0464228149840407
"8468483",2015,0.000390265980011175,4.49539341745442e-05,151.013642738748,13.3663366336634,0.058935487278495,0.000600869417184501
"8468508",2015,-0.00139771606479572,-0.000385668276180477,91.9319022945966,34.6779048765804,-0.128494696704389,-0.0133741677953013
"8471685",2015,0.000592579191627432,-0.000406330528092693,154.992484432038,118.023703247653,0.0918453211330643,-0.047956633668074
"8471734",2015,-0.0030639264725769,0.00144324284804443,110.576124854724,102.253608889812,-0.338797116177356,0.147576789716953
"8474166",2015,-0.00207013156698148,0.00141463283317883,90.2085747392816,77.4911857487475,-0.186743618180195,0.109621575642137
"8474563",2015,-0.00106294134377537,0.000969721408314231,132.76516618889,114.331983805668,-0.141121584155379,0.110870172351392
"8470606",2015,-0.00137677310111219,-0.000684908217293291,83.7967153756627,102.272727272727,-0.115369063690767,-0.0700474313140866
"8470617",2015,-0.000426044659356113,5.97225645677455e-05,73.5205384079833,49.6209510682288,-0.0313230327417072,0.00296349045408523
"8474594",2015,0.000230823094111268,-0.00058124084725555,82.3284823284823,105.030181086519,0.0190033150245451,-0.0610478314421323
"8470604",2015,-0.000630450951774742,0.000527175924816223,159.0174531351,91.7816436712657,-0.100252704677819,0.0483850728835526
"8474889",2015,0.000742601527141463,-3.56310789566892e-05,104.76889214967,95.5854126679463,0.0778015393072641,-0.00340581138587931
"8476871",2015,7.31324544694904e-05,0.000353270165911468,115.324675324675,56.213402732596,0.00843397656739058,0.0198585181097924
"8475188",2015,-0.000546750715774724,-0.000499095819855728,81.8523153942428,74.4475920679887,-0.0447528120296207,-0.0371564819994576
"8468486",2015,0.0011577103415282,3.43897670895656e-05,122.745098039216,5.45730166750884,0.142103269371893,0.000187675333283127
"8470222",2015,-0.000712303502571281,0.000265582714806564,132.524902555219,80.7738814993954,-0.094397952268,0.0214521467340731
"8473573",2015,0.000417965056371871,6.98197417714955e-05,105.283853526665,106.765523632994,0.0440049717743204,0.0074543412901541
"8475148",2015,0.000866426259451731,-0.00135009210305214,100.942507068803,101.647058823529,0.087459238819303,-0.137232891416123
"8475683",2015,0.000818956466258155,0.000732166727691828,99.7076473303585,110.355712031079,0.0816562225165847,0.080798780559897
"8477505",2015,-6.31079021903227e-05,-0.000153366460796991,107.865168539326,132.237796036733,-0.00680714450592245,-0.020280842761748
"8471677",2015,0.00234697630473599,-0.000460201744181292,113.540348486323,119.012970578931,0.266476507528868,-0.0547699766406207
"8473422",2015,0.000895522779161281,-0.00196949791507205,117.629179331307,89.4280762564991,0.105339609585233,-0.176128409736079
"8474715",2015,0.00166763416770741,0.000926077606498863,121.582897430066,71.1436413540714,0.202755793963243,0.0658845331027919
"8475233",2015,0.00357544562667092,-0.00031589237219455,96.1770623742455,110.796003867225,0.343875857052053,-0.0349996124912943
"8475793",2015,0.00249519630351077,0.00103410674612309,124.923312883436,100.18364175731,0.311708188529068,0.103600579792413
"8470852",2015,0.00217648550581425,0.000267139731437651,118.170178093354,34.8979591836735,0.257195679839672,0.00932263144404864
"8471226",2015,-0.000672006509561747,9.53606222467222e-05,100.216637781629,59.7035991531404,-0.0673462329556465,0.00569337236561235
"8473523",2015,0.000436331205853174,0.000460316875131761,85.9408795962509,114.761120263591,0.0374986876263146,0.0528264802663566
"8474574",2015,0.000113023307560949,0.000283033374369899,99.5359628770302,126.109979633401,0.0112498837456258,0.0356933330773608
"8474589",2015,0.00188843851060002,0.000197441069928163,118.458163585083,44.8398576512456,0.223700958009028,0.00885322947008846
"8477499",2015,0.00095400171263341,-0.000729038070299026,83.0769230769231,91.1935628073312,0.0792555268956987,-0.0664835790527498
"8477290",2015,-0.000647392954269416,0.000846871442837939,49.1171749598716,83.8193791157103,-0.031798113002639,0.0709842385295018
"8467545",2015,-0.00080817936256188,3.06746350610346e-05,105,33.4883720930233,-0.0848588330689974,0.00102724359274162
"8469622",2015,-0.00140192530614523,9.97701240760054e-05,91.9148936170213,15.450643776824,-0.128857815373348,0.00154151264666789
"8471239",2015,0.00281620594584226,-0.00280202152950258,87.8844784044551,106.177168196349,0.247500790629872,-0.297510711227787
"8472382",2015,-0.000747350856567225,-0.00179607106714924,34.3864805290228,141.234567901235,-0.0256987656776974,-0.253667321088732
"8474641",2015,0.00285707499532071,-0.000702154050134556,88.9863975427819,113.201274414739,0.254240811343151,-0.0794847333107022
"8476923",2015,0.000433162856810986,-0.00121446396047066,94.8130277442702,58.3033419023136,0.0410694819606073,-0.0708073075153586
"8460542",2015,0.000695980596184375,-0.00170455590689479,98.1489453293155,97.4690994702766,0.0683097614851647,-0.166141529241776
"8467899",2015,0.000811911672159467,0,80.565371024735,8.12641083521445,0.0654119651068405,0
"8469500",2015,0.00113032339614849,-0.000906763202476261,102.177504129749,82.0204874602614,0.115493623477914,-0.0743731598781306
"8469623",2015,0.000714529728180801,-1.33537136193578e-05,116.851501217203,25.8682634730539,0.0834938714022467,-0.000345437382249255
"8475199",2015,-0.000525444480881735,4.54665201644622e-05,95.1923076923077,9.07944514501892,-0.050018272699319,0.000412810775768131
"8470543",2015,0.000219141524542805,-0.000228088133408277,136.927122464313,11.2359550561798,0.0300064183680888,-0.00256278801582334
"8470594",2015,-0.00103924976715245,0.000453920689057976,105.090779636881,118.172588832487,-0.109215568267498,0.0536409829506075
"8471215",2015,0.00260152657773589,0,135.712490575521,2.68857356235997,0.353059651162951,0
"8471675",2015,0.00312727395520501,-0.00105694891271349,140.313653136531,42.6699937616968,0.438799233013545,-0.045100003511917
"8471724",2015,0.00129211574969714,-0.000699530229544507,124.908910235177,133.836422150705,0.161396770192379,-0.0936226231084979
"8471887",2015,0.00354569494312953,-9.36337973933321e-06,143.265306122449,8.47723704866562,0.507975071444272,-7.93755896270005e-05
"8470612",2015,0.000847279060559967,1.7018066822212e-05,146.711223408591,111.61120421355,0.124305347543234,0.00189940693141375
"8470616",2015,0.00256067933231229,0.00121503695803738,138.618702523356,150.088579189796,0.354958046623504,0.182363170694922
"8470621",2015,-7.06035017114229e-05,-5.94516232095762e-05,137.425934919864,25.154130702836,-0.00970275223130851,-0.00149545390070944
"8474034",2015,-0.00143611616881876,0,143.362831858407,0,-0.205885680839503,0
"8475222",2015,-0.000679598493675893,0.000462269080738496,142.243436754177,105.044741278693,-0.0966684253534205,0.0485589359873145
"8476434",2015,-9.64080855516856e-05,-0.0025494785761446,116.353783626863,94.491072791088,-0.0112174455261609,-0.240902965717798
"8466393",2015,0.000339954700430307,-0.00085308347760182,83.8056680161943,129.931549471064,0.0284901307648071,-0.110842458072968
"8468542",2015,-0.000433010050458579,0.000183073971423551,91.4559616536848,107.009174311927,-0.0396013505703999,0.0195905945200394
"8469555",2015,-0.000162179134194899,-4.9129439666707e-05,87.8631911007803,107.073403241182,-0.0142495762603255,-0.00526045630444665
"8471703",2015,-0.000836603165343804,-0.0002317679100793,81.4814814814815,26.4705882352941,-0.06816766532431,-0.00613503291386383
"8474091",2015,-0.000515265539297973,-0.000850773278179005,81.019290307216,137.617076889567,-0.0417464483136867,-0.117080931638749
"8467400",2015,-0.00257585441822782,-0.000817008843214934,92.6101201310521,114.470601361151,-0.238550187112179,-0.0935234936001921
"8475758",2015,-0.00141501754866207,0.000159628228407371,90.7749077490775,93.0661322645291,-0.128448087443125,0.0148559818181129
"8475770",2015,-0.0004596993301181,-0.000594183177552726,32,58.498023715415,-0.0147103785637792,-0.03475854161178
"8476483",2015,-0.000590098700496678,0,88.896563633224,0,-0.0524577466785857,0
"8476854",2015,-0.00206660640963483,0.000191008622325748,86.2189402255264,110.544834204073,-0.178180614501995,0.0211150164865482
"8468208",2015,-0.000478271182357242,2.15659190248236e-05,95.3252696959791,104.791566842357,-0.0455913294460189,0.00225992644500667
"8471214",2015,0.00148705505201633,-0.000101316290619523,156.899618805591,4.2679312388856,0.23331837080429,-0.000432410961743075
"8473563",2015,0.000521702922632686,-0.000374756037655324,169.317901994583,107.904954185433,0.0883336443246084,-0.040438033073912
"8474590",2015,-0.0013107011202434,-0.00217783498031706,123.853211009174,152.15288240425,-0.162334542415467,-0.331363869656045
"8474651",2015,-0.0012461373053884,-1.30354840134758e-05,124.077584949686,118.343710541211,-0.154617707368302,-0.00154266754685537
"8475149",2015,0.000825310823828495,6.15647248631025e-05,161.359173567831,13.7509549274255,0.133171472469551,0.000846573756711875
"8471426",2015,0.000683146690325206,0.00200049243831126,169.654127745519,135.818729768947,0.115898655869361,0.27170434188382
"8475744",2015,0.00063997005847353,-1.22344364549855e-05,96.8354430379747,20.5245153933865,0.0619717841433228,-0.000251105879349759
"8477444",2015,0.000196316172480133,0,93.0508474576271,0,0.0182673862189141,0
"8470611",2015,0.000384361033221112,0.000191745008962424,32.6119778560644,97.0151799420092,0.0125347735041409,0.0186021765474718
"8471702",2015,-0.000449694276807174,0.00232834677206703,88.2301144702084,97.2894010712547,-0.0396765775192945,0.22652346294059
"8471504",2015,-0.00119007479549255,0.000244802041467756,115.3125,38.0952380952381,-0.137230499855235,0.00932579205591451
"8474189",2015,-0.00222114505740446,-0.00108140311392881,66.0366870483602,99.3898718730934,-0.14667706104483,-0.107480516936549
"8474682",2015,-0.00159009535822577,0.00095776363370875,92.2886086417201,103.162810443643,-0.146747688218314,0.0988055881941101
"8478137",2015,-0.00014782824032423,0.000301899401379917,62.434554973822,65.6934306569343,-0.0092295903972065,0.0198328073899215
"8468083",2015,0.00334280615977955,6.70284480338161e-05,134.838966202783,6.49584987369181,0.450740526800971,0.000435406735694222
"8468509",2015,0.0019519346190422,0.000402022910993,123.502858862474,137.359404741305,0.241069505764345,0.055221627746365
"8470657",2015,0.000280416436316152,0.00123485453123153,106.40064440176,102.924745317121,0.0298364895248836,0.127097088130699
"8471309",2015,0.00270329944762681,0,133.946488294314,0,0.362097467817571,0
"8471794",2015,-0.00150883821132665,0.000654191980151624,108.873038516405,79.1512207592995,-0.164271800696791,0.0517800938399445
"8474679",2015,0.000369107061056791,6.23479492534986e-05,124.505374668952,14.8235294117647,0.0459558129298313,0.00092421665952245
"8475193",2015,0.00200113590420984,0.000104625132623929,109.783989834816,14.6838885112169,0.219692683765858,0.00153630378292105
"8475250",2015,9.27778833219275e-05,0,106.976744186047,0,0.00992507589025271,0
"8475772",2015,0.00177634499603796,0.000815342541377922,113.440111420613,94.1484145145472,0.201508774271994,0.076763207556993
"8476430",2015,0.00103491873501672,0,86.0478043357421,0,0.0890524848141123,0
"8477215",2015,0.000618878994271657,0.00149072430781174,72.2139673105498,100.393278512692,0.0446917074615193,0.149658700619784
"8470047",2015,-0.000999374057266375,0.000566857940482827,103.93343419062,84.4902025905015,-0.103868377812708,0.0478939422314285
"8471339",2015,-0.00165000839630829,-0.000167202048888978,106.128192499824,21.1686879823594,-0.175112408709732,-0.00353944800294198
"8471750",2015,-0.00193403800467798,0.000870815856325828,91.5193359141158,109.889402774985,-0.17700187382079,0.0956934343786323
"8474564",2015,0.000100216132982539,-0.000210768217597822,113.84040703291,23.8479262672811,0.0114086453699965,-0.00502638491275913
"8475167",2015,-0.00121546259938351,0.00208936205209305,101.683687551753,115.234737428094,-0.123592719186554,0.240767087465166
"8476292",2015,0.000152781393351063,0.0017935776995464,96.5635444339703,108.557762295934,0.0147531128655393,0.194706781566647
"8471873",2015,0.00116846806687626,0.00132833356940237,87.698986975398,122.748225653033,0.102473465778149,0.163050588719501
"8473986",2015,0.000642011483425777,-0.000232831936778366,88.8473403758063,77.2663089522734,0.0570410127931063,-0.0179900643610734
"8474870",2015,0.0006739420256956,0.00150316028178897,95.0028074115665,121.69014084507,0.0640263844737201,0.182919786403616
"8475792",2015,0.00277984720897797,-5.7679644101324e-07,90.6716417910448,26.1818181818182,0.252053310366286,-1.51015795465285e-05
"8476453",2015,0.000112001676190583,-0.000217830869375859,92.7764723717123,17.1102661596958,0.0103911204166811,-0.00372714415281887
"8476480",2015,-0.000572522843204385,-0.000970900434395622,68.2392586352148,98.9869753979739,-0.0390685343719926,-0.0961064974134016
"8466141",2015,-0.00079114721346276,0.000235110478812701,101.372179228718,113.926999741134,-0.0802003171194479,0.0267854314588325
"8466285",2015,-0.00166187499386536,0.00094361072300477,115.096542433767,71.8036140470508,-0.191276065751041,0.067754660165293
"8469638",2015,0.0015129492333265,0.00108588511964042,114.168377823409,111.867266591676,0.172730959698056,0.121475000166749
"8475179",2015,-0.000753872396259017,1.2098134358455e-05,82.928208027134,138.32811370754,-0.0625172869028818,0.00167351210518547
"8476456",2015,0.000192260341003875,-0.00018882801719926,115.400993612491,21.7012726054923,0.0221870343841235,-0.00409780827679572
"8477493",2015,0.00262774083328568,0.000378033913662892,109.415101985681,59.6112311015119,0.287514531265892,0.0225350669915676
"8470152",2015,-0.0006818009478718,5.20740768615541e-05,78.1812012215813,17.9551122194514,-0.05330401709863,0.00093499589377354
"8470257",2015,-0.000884164402879997,0.00116846108565003,148.36479659665,123.493975903614,-0.131178871791289,0.144297905155576
"8470655",2015,0.000464523643288229,0.000295415817825922,125.816142599639,139.805825242718,0.0584445729448559,0.0413008522009056
"8470880",2015,-0.00203631831966053,0.000937095222627801,106.0940624185,99.9824776590152,-0.216041282909998,0.093693102160754
"8471669",2015,0.000220669091179853,0.000986310329348624,128.825466520307,87.9197557784562,0.0284277986178568,0.0867161632780997
"8474031",2015,0.000436440964062034,0.00124690373848232,150.699579115004,68.7323943661972,0.0657714695926951,0.0857026794900527
"8466378",2015,0.00369634361297148,-3.02038483321777e-05,145.666497719209,16.8561872909699,0.538433428468324,-0.000509121724395237
"8467096",2015,0.000137567361990999,1.25966469524085e-05,129.039484738169,62.9185091598231,0.0177516215081076,0.00079256224665817
"8468685",2015,0.00295929850331168,-0.00229323297725246,113.943899181137,97.6549626061605,0.337194010308236,-0.223945580640803
"8474151",2015,0.000842239634495345,-0.00121362766573839,103.585932774561,109.142911621699,0.0872441781589061,-0.132458857063334
"8475184",2015,0.000219209302165433,0,116.515627889773,0,0.0255413094810843,0
"8477407",2015,-0.000299173926763608,0,78.6769049025399,0,-0.0235380785852998,0
"8471958",2015,0.00105497624390355,-0.000716142958691995,82.9982964224872,107.803468208092,0.087561231010189,-0.0772026946798017
"8473544",2015,0.0020559109794811,-0.000550059735071083,140.620741862226,38.4394250513347,0.289103727137327,-0.0211439799600219
"8475692",2015,-0.00250872408368671,0.000144627865762959,94.4427756082908,54.5095457537854,-0.236930865698739,0.00788359926607833
"8475765",2015,-0.000986861154675737,-0.000261254275437301,136.32538569425,8.32369942196532,-0.134534227537842,-0.00217460206144343
"8467371",2015,-0.000255012042637879,0,108.833384099909,1.73661360347323,-0.0277538235865105,0
"8470642",2015,-0.00173416293754837,0.0005057884900759,111.257646778422,127.667731629393,-0.192938887561988,0.0645728692122458
"8471469",2015,-0.00155285531728484,-0.000664486344810408,103.485074268134,107.299933361604,-0.160697347836889,-0.0712993405178527
"8471707",2015,-0.00184207854156582,0,125.081846023867,0,-0.230410584500006,0
"8474600",2015,-0.00139120894994348,0.000865525599888379,105.82788270743,127.728085867621,-0.147228697576146,0.110551928143167
"8475268",2015,-0.00014167539562464,-0.000859891065433708,53.1365313653137,117.567567567568,-0.00752813910330188,-0.101095300936125
"8467950",2015,-0.00192510330364876,0.00112382459428539,114.570319095053,108.99245159173,-0.220559699789979,0.122488397690245
"8470599",2015,0.00157088987039963,-0.00012619818351945,114.781277898227,101.366459627329,0.18030874676185,-0.0127922630747666
"8474068",2015,-0.000759865168558046,0.00116580252784819,128.320576316974,90.5313798381806,-0.0975063363525632,0.105541711464936
"8474578",2015,-0.000905313116119578,-0.000792393295232569,134.789667896679,40.785498489426,-0.122026854264266,-0.0323181555457392
"8475163",2015,-5.75438920838506e-05,-0.000350142144110972,124.271844660194,74.2081447963801,-0.00715108561818726,-0.025983398929502
"8476459",2015,0.000637116016620224,-0.000423512059659424,124.621244181126,29.7297297297297,0.0793981906789351,-0.0125908990709558
"8467330",2015,-0.00207700163736341,0.000194821016886603,142.511546074335,124.010010304725,-0.295996714539585,0.0241597563116847
"8470667",2015,0.00093668629749755,-0.000264324451835241,129.766159501685,70.9615384615385,0.12155018348411,-0.0187568697552315
"8471676",2015,-0.000847995146765228,-0.000783576819602417,119.702769646476,25.2100840336134,-0.101507367714568,-0.0197540374689685
"8469485",2015,0.00234087823657876,-0.000456058712870809,87.3614812736709,69.078947368421,0.204502590228819,-0.0315040558233125
"8475176",2015,-0.00185976041031442,-0.000763953842111445,107.770700636943,84.9451645064806,-0.200427682436433,-0.0648941847935146
"8475225",2015,0.000872100104766231,0,100.51157547906,0,0.0876561555055072,0
"8476887",2015,-0.00330586581904359,-0.000156129584044303,123.963011889036,4.6814044213264,-0.409805083829657,-0.00073090572504485
"8477495",2015,-3.2552008928459e-05,-0.00152723067069111,95.0146627565982,90.3566710700132,-0.00309291815038731,-0.137995479359673
"8476879",2015,0.000674857686060396,2.89046006877999e-05,65.8601357332546,115.052950075643,0.0444462188045679,0.00332555957988984
"8464956",2015,-0.000692935159607721,0.00144006457826965,29.7274979355904,143.76764824526,-0.0205992285267366,0.207034697739129
"8469455",2015,0.000469144707399305,-0.000489467087151166,147.231779793556,20.6632653061225,0.0690730102511269,-0.0101139882804195
"8469466",2015,-6.25874393828361e-05,0,74.8314606741573,0,-0.0046835095088729,0
"8470140",2015,-0.00196505255443804,0.000154686228256312,106.00620454661,107.362724095163,-0.208307763030598,0.0166075348456039
"8471274",2015,-0.000601959036536702,-0.00112832406164133,84.6366145354186,128.211154298111,-0.0509477749414688,-0.144663730365368
"8473994",2015,0.000391593059962391,0.00103170264899922,148.444728026799,92.2457740810303,0.0581299252832989,0.0951702094783824
"8475794",2015,-0.000727695743047096,-0.000299618887223965,144.297520661157,16.0118606375093,-0.105004691517374,-0.00479745586659573
"8467423",2015,0.000254253012092196,-0.0010513143006751,76.9312450225644,81.5217391304348,0.0195600007709897,-0.0857049701637308
"8470110",2015,0.00220523844228494,-0.000458515025139199,108.019017432647,128.444003964321,0.238207689740319,-0.0588935057066801
"8474098",2015,9.68682225106966e-05,-0.000421893537876661,76.7356881851401,61.8968386023294,0.00743324971762958,-0.0261138762213175
"8474818",2015,0.000174096014271007,0.00054417953127008,58.4382871536524,97.1873430436966,0.0101738728742755,0.0528873627829033
"8475236",2015,-0.000242853794539211,0.000355787854581426,82.7462686567164,114.804252009334,-0.0200952453272446,0.0408459585192262
"8469544",2015,0.00140887088446752,2.90203835251554e-05,122.611163670766,12.3817712811694,0.172743298606424,0.00035932375130029
"8470281",2015,0.000557783187907694,0.00186792825149287,143.91976598412,123.468575974543,0.0802760258735519,0.230630441234442
"8470645",2015,-0.00366835792948318,0.000466157498776799,106.501840143437,106.941768690572,-0.390686869794726,0.0498517074075642
"8473604",2015,0.000524981316583968,0.00188608128311647,166.15809246339,91.8276374442793,0.0872298941425114,0.173194388256461
"8474141",2015,0.00142566542877889,-1.28401950059928e-05,158.500300971709,2.53342716396904,0.225968399546413,-3.25296988188417e-05
"8476381",2015,-0.00182188534524577,0.000377248281893137,149.439728353141,49.1707317073171,-0.272262051084096,0.0185495740560138
"8476438",2015,-0.00223190001935445,-0.000758208413074998,92.3149531975144,100.754060324826,-0.206037745828237,-0.076392576189749
"8467389",2015,-0.000398256658813804,-1.28402171260053e-05,95.9339809163586,3.15512708150745,-0.0382063467064562,-4.05125167866951e-05
"8471254",2015,-0.000606958930064882,-9.02811096649003e-06,77.4605879846613,6.09137055837564,-0.0470153956053666,-5.49935693390256e-05
"8464975",2015,-2.05997982712717e-05,0,94.2668136714443,0,-0.00194187734530731,0
"8467338",2015,-0.00098628766067267,-4.07710609166512e-05,104.145077720207,90.9061850727186,-0.102717005075237,-0.00370634160930018
"8473575",2015,-0.000964903447728879,0.00107827205965012,99.3591610836004,117.114568599717,-0.0958719970930151,0.126281367099052
"8475197",2015,-0.000865980147367906,-4.24059934970593e-05,113.139204545455,38.7295081967213,-0.0979763050253604,-0.00164236327273447
"8476455",2015,-0.000989880438242549,-0.000502498715171408,123.257617728532,46.5408805031446,-0.122010304653852,-0.0233867326557762
"8477492",2015,-0.00227059204940063,0,109.810387469085,0,-0.249334592728907,0
"8462042",2015,0.00119411316552205,-2.31720219775662e-05,123.256784968685,28.552544613351,0.147182549671027,-0.000661620191296008
"8473446",2015,0.000116834777791153,-0.00112999717272905,104.965011662779,111.203873768576,0.0122635638134666,-0.125660062955008
"8474207",2015,0.000643466646166478,-0.000125951696466617,91.2078264141478,119.636087945413,0.058689194166846,-0.0150683682353541
"8475158",2015,0.000209825384858874,-0.0011212701223054,117.697228144989,105.632695834425,0.024695866192345,-0.118442785777715
"8475168",2015,-0.0017306990542346,-0.000104113597401014,94.7469776398845,38.6659129451668,-0.163978504592935,-0.00402564729351577
"8469506",2015,0.000273548866966373,0,151.591221961292,0,0.0414676070095595,0
"8470600",2015,0.000692672121250583,0.00218103498700025,131.826741996234,86.2809917355372,0.0913127090160844,0.188181861688286
"8470610",2015,0.00177230790092332,-0.000597407446405318,152.978289107441,42.5770308123249,0.271124630454849,-0.0254358352531116
"8474716",2015,0.00164654092155992,0.00071954203157151,93.5064935064935,96.4090079123554,0.153962267990018,0.06937033341505
"8475311",2015,0.00159416694163528,0.000994452184848145,99.20724801812,86.0451306413302,0.158152915161099,0.0855677681618149
"8475798",2015,-0.000702484961252159,0.000392677852391467,100.412808211536,56.5229803025978,-0.0705384876857016,0.0221953225159893
"8469459",2015,0.000427090904647259,4.53176203579213e-05,147.145660892568,118.743455497382,0.0628445734255256,0.00538117083621809
"8470598",2015,0.00075082327503614,7.45689901940432e-05,129.927132447493,7.04500978473581,0.0975523151002807,0.000525339265554903
"8475745",2015,0.000521893900430185,0.000348923879891522,77.326968973747,33.6099585062241,0.0403564734461527,0.0117273171249848
"8473962",2015,0.00185235900067445,0.000484446877973858,118.205330034859,89.159839969518,0.218958707017765,0.0431932061138818
"8474102",2015,-0.0029787566767267,-0.000135052988435354,107.799442896936,2.97766749379653,-0.321108310276667,-0.000402142893604031
"8475681",2015,-0.000696904167477949,0.000649192004037586,114.987060998152,103.990877993158,-0.080134962015653,0.0675100464860066
"8476779",2015,-0.00176266416753455,-0.000767521051952424,133.96674584323,75.1958224543081,-0.236138382539071,-0.0577143767525582
"8476855",2015,0.000768539142104982,0,94.5681211041852,0,0.0726793026638905,0
"8477934",2015,-0.00113862168621785,-2.39456079057379e-05,82.4427480916031,11.1801242236025,-0.0938711008484948,-0.000267714870995827
"8471403",2015,0.000287868363732643,0.000188562669359703,104.550651726504,119.780793319415,0.0300968250396901,0.0225861861263319
"8470159",2015,0.00020288984656268,0.000529106709211777,123.243243243243,155.380577427822,0.0250048027115086,0.0822129059982604
"8474586",2015,0.000935308047514252,0.000128089095600952,144.321565291365,8.1678956324447,0.134985121446868,0.00104621836452281
"8474602",2015,0.00131649030985925,-0.000645058244015325,138.843953442494,43.0358632193495,0.182786719289592,-0.0277606383579573
"8475791",2015,0.000487451744829264,-0.000606383372529825,148.561643835616,23.4273318872017,0.0724166325023749,-0.0142059445191369
"8476454",2015,0.000475513833062837,-0.000616703171559441,149.630293524535,88.5566730089698,0.071151274416169,-0.054613181107384
"8471678",2015,0.00160556320542503,0.000105734283627795,120.951068228808,81.3452443510247,0.194194584805026,0.00860098113798355
"8474673",2015,-0.000594835732620975,-0.00121131226579282,86.7964486438055,108.970632454646,-0.0516296291179369,-0.131997463703513
"8470828",2015,0.00205658032933519,-0.00207911374933427,116.862397518281,78.2164157909685,0.240336907975045,-0.162620825494649
"8470834",2015,0.00289351779473515,0.000382050103512061,145.079390666559,90.4718857349485,0.419789798543022,0.0345647933099684
"8471217",2015,0.0028857661330978,-0.00137423110253845,157.234975496518,100.875656742557,0.453743367226314,-0.138626464984614
"8471715",2015,0.00185290667468709,-0.00167031056673969,111.299652911685,102.323570733816,0.206227869770419,-0.170912141423229
"8473412",2015,0.000659391615727498,-0.00216368711548992,159.013131715082,106.161137440758,0.104851925843497,-0.229699485246323
"8473618",2015,0.000509780360741951,2.03869558697011e-05,146.458858583543,6.6543438077634,0.0746618497625731,0.000135661813550691
"8471218",2015,0.00166359999817852,-0.000127798031353061,141.321094902475,74.1833508956797,0.235101773222344,-0.00948048620364121
"8476460",2015,0.00161949582248144,-0.00015518258091064,94.930248383804,45.034465151902,0.153739140684697,-0.00698856453220242
"8474567",2015,-0.00302651622463624,-0.0014969213224436,86.9626998223801,97.7964323189927,-0.263194021950605,-0.146393564797213
"8476392",2015,-0.00126849041157632,-0.000593179034596611,59.0945194598888,59.2631303893389,-0.0749608313115793,-0.0351536464715211
"8476885",2015,-0.000512774430761654,-0.000279715037003253,88.158050396309,130.561253030021,-0.0452051941090246,-0.0365199457224833
"8471385",2015,0.000112828117885686,-0.00222975081365815,37.4350086655113,95.1219512195122,0.00422372157076397,-0.212098248128458
"8469501",2015,-0.000292089494714211,-0.000145221296002804,14.2630744849445,36.1809045226131,-0.0041660942193786,-0.00525423784532758
"8474001",2015,9.80526767683191e-05,-0.00140383982923716,12.9963898916968,146.301815226226,0.00127433081720559,-0.205384315304271
"8462038",2015,-0.00222869926344152,-0.000600031733260709,135.332464146023,91.4905768132496,-0.301615363161968,-0.0548972493822761
"8468535",2015,-0.000241813285518712,0.000225758817746264,128.194726166329,132.522407170294,-0.0309991879204516,0.0299181019676547
"8469608",2015,0.000231464016494142,-0.0013017869193179,120.527156549521,128.175558416839,0.0278976997515703,-0.166857265323308
"8471735",2015,-0.00356516339496675,-0.000192989514479654,130.634641267212,26.0647359454855,-0.465733841160476,-0.00503022073515963
"8474571",2015,-0.00134101805266835,1.58060449191638e-05,138.413578108763,25.9927797833935,-0.185615106978273,0.000410843044830251
"8475171",2015,-0.000578463876494193,5.26970285139652e-05,132.464454976303,141.020689655172,-0.076625902123283,0.00743137130381766
"8468064",2015,9.75566637234346e-05,0.000353539400956141,124.875151842354,86.2422997946612,0.0121824031956974,0.0304900510064845
"8471691",2015,0.000558319644079394,-0.00091484044382221,125.856980703746,140.139551964745,0.0702684246714225,-0.128205329916473
"8474040",2015,-0.000960774054236408,9.82678161255287e-05,125.741448796114,4.86158001350439,-0.120809121545403,0.000477736850846595
"8468639",2015,0.000880635187126798,-0.00018419084196364,111.42713735988,57.4162679425837,0.098126657959921,-0.0105755507347544
"8469531",2015,0.00161327042811197,-0.00137785112083439,72.5030826140567,109.825373448348,0.116967079128217,-0.151323013901862
"8470120",2015,0.00182317816531662,0,100.021208907741,0,0.182356484149166,0
"8470320",2015,0.00153566982178593,0.000424427733593333,107.496345792441,94.2547876769359,0.165078894185716,0.0400043459140427
"8470595",2015,-0.000360159835235462,-4.32565594673914e-05,137.471070902588,15.0470219435737,-0.0495115582459186,-0.000650882399509338
"8473482",2015,-0.00172244910611836,0.000854247498534806,114.62086300796,64.5739910313901,-0.197428603030576,0.055162170308974
"8469476",2015,0.00103729188240355,0.00187169378769049,21.6,104.702647952539,0.0224055046599168,0.195971295727512
"8471804",2015,0.00215911648565452,4.77286379013744e-05,102.318196252779,71.6230366492147,0.220916904311809,0.00341846998162723
"8476437",2015,0.00150951794719103,0.000468909553182845,136.858204063797,57.7702702702703,0.206589915254635,0.0270890316196846
"8477496",2015,0.000891276976735241,0.000238343797966975,121.488645920942,16.1616161616162,0.108280033044075,0.00385202097724404
"8470187",2015,-0.00108973137778104,-0.0030144229261779,117.008973080758,114.608361364728,-0.127508349448039,-0.345478072029519
"8470860",2015,0.00476545931476993,-0.00376888862401094,111.654905531527,119.489781922919,0.532086909604974,-0.450343679774837
"8473449",2015,0.00370421716988599,-3.43673970798297e-05,149.955370425469,3.08483290488432,0.555467257846634,-0.000106017677367084
"8475166",2015,0.004673366587404,0,149.167490306394,4.20806545879603,0.697114365124812,0
"8475754",2015,0.00167165283276705,-0.00201704568816078,125.864787164982,96.3716814159292,0.210402228009964,-0.194386084460805
"8476458",2015,0.00191362728220379,0.000431264067386747,90.1922703437561,83.7452747891829,0.172594389173711,0.0361163278300038
"8470144",2015,0.00413865170829631,-0.00145223184544306,143.056124539123,153.732541338899,0.592059474206093,-0.223255292213241
"8471284",2015,9.69930693731378e-05,0.00131208218736202,102.857142857143,85.3150684931507,0.0099764299926656,0.111940381683434
"8475753",2015,-0.000335746270287227,-0.0001289892515712,121.619388598182,98.5955056179775,-0.0408332561164526,-0.0127177604779469
"8474062",2015,0.000621498455059693,0.000583069390516941,111.159263271939,76.5714285714286,0.069085310389084,0.0446464561881544
"8469619",2015,-0.000407829222902191,-0.000131277319553101,18.0709931875224,115.141430948419,-0.00736987910873805,-0.0151154584244169
"8471242",2015,0.00175777015765666,-0.000249804666480841,134.231499051233,47.921760391198,0.235948123249776,-0.011971079371698
"8475883",2015,-0.000681889411111013,0.00214969022970502,113.530833661251,106.356655290102,-0.077415473308213,0.228633862741238
"8475215",2015,0.00181085578246115,0.00140710158350599,112.716286734414,98.0467675378267,0.204112939610562,0.13796176186012
"8474884",2015,-0.000980777375252023,8.46642020788157e-05,100.791235544735,23.8636363636364,-0.0988537634459739,0.00202039573142628
"8448208",2015,0.00139835656795171,-0.00024382215783437,105.061758294987,2.46913580246914,0.146913799752349,-0.000602030019344124
"8471233",2015,0.00153473059081489,-0.000378847777842869,100.924040720439,99.972504811658,0.154891212642305,-0.0378743612932821
"8468504",2015,-0.00071716966682851,0,108.402366863905,3.67722165474974,-0.0777428893272089,0
"8470039",2015,0.000541963561329812,-0.000179593018453424,105.675146771037,81.259842519685,0.0572720788880819,-0.0145937003971601
"8475760",2015,-0.00132609313119371,-0.000174277653566615,117.695900363259,58.5159010600707,-0.156075725041377,-0.0101980139330853
"8475790",2015,-0.00158339646972589,0.000883218230187677,75.4211663066955,108.878048780488,-0.119421608472631,0.09616307755019
"8477932",2015,-0.000483895200941223,-0.00036794327728141,114.789687924016,53.7313432835821,-0.0555461791039722,-0.0197700865404936
"8475750",2015,0.00129290879430287,0.000212312937931811,69.2137047079122,77.5862068965517,0.0894870075031419,0.0164725555291923
"8468001",2015,-1.06094348217188e-05,0.00126229346833686,46.530612244898,141.261434761675,-0.000493663497826917,0.178313386427557
"8470105",2015,-0.00037547994254874,0.000190383988825601,69.2991115498519,122.971114167813,-0.0260204264234171,0.0234117312255966
"8471219",2015,-0.00085068584908512,0.00067421732023,98.4251968503937,93.8297872340425,-0.0837289221540473,0.0632616677066872
"8471245",2015,0.000873667799897484,0.000803410167355393,90.9332624302047,122.747199220653,0.0794454633248975,0.0986163478682703
"8473434",2015,8.29396082274539e-05,-0.000485072150879349,97.6772867420349,99.8104265402844,0.00810131589510506,-0.048415258282081
"8471418",2015,0.000584406031843901,-2.59429198120947e-05,109.24488355681,93.314447592068,0.0638433688986844,-0.00242084923119093
"8476465",2015,-0.000190999916229005,-0.000258870821871884,90.5389221556886,12.6094570928196,-0.0172929265472009,-0.00326422052097647
"8474573",2015,-0.00177712664144958,-0.000564517636573812,84.0912232204561,41.9753086419753,-0.149440753097156,-0.0236958020290242
"8469548",2015,0.00183923206712125,0.00226962637857558,135.024820739106,107.892537313433,0.248341980160663,0.244875748738017
"8470041",2015,0.000816771979364015,-0.000806794440881734,131.541864656726,84.406779661017,0.107439709164908,-0.0680989206032379
"8475660",2015,-0.00161050010421273,0.00128396748044049,99.8338180307437,86.3876035725815,-0.160782374342467,0.110918873700379
"8470740",2015,-0.000885951737291841,-0.000353474879559451,83.3775633293124,63.9252336448598,-0.0738684970827648,-0.0225959642634266
"8475186",2015,-0.00149483169723056,-0.000134027187725568,110.905125408942,44.5360824742268,-0.165784496846617,-0.00596904588633458
"8476468",2015,-0.000269275716325035,0.0001438180970599,79.4072031707737,49.5867768595041,-0.0213824315151777,0.00713147588726779
"8471682",2015,8.60400324136105e-05,0,149.377593360996,0,0.0128524529746472,0
"8474565",2015,0.00056626738954699,0.000263711878186735,92.8062852933955,125.689525872844,0.0525531729066443,0.0331458209363279
"8470151",2015,-0.000810485150751756,-0.000381660389469506,64.0189685832839,122.160664819945,-0.0518864234031948,-0.0466238869130338
"8471698",2015,0.00176920893158477,2.10157631548179e-05,117.196913645492,88.2546652030735,0.207345826375774,0.00185473914121554
"8474627",2015,-0.001683280747527,0.000438352287500427,119.811108612548,38.4307445956765,-0.201675732467368,0.0168462048038595
"8469770",2015,0.00115291756898861,0.00144658506334147,118.808486320451,100.579862941487,0.136976391223791,0.145497327404087
"8474038",2015,-2.00730356566839e-05,-0.00206055589913709,62.3867664434817,88.2096069868996,-0.00125229178732522,-0.18176082603742
"8475650",2015,-0.000399528216911097,1.53574362796364e-05,51.705565529623,10.5571847507331,-0.0206578324004301,0.000162131292101733
"8474765",2015,0.00100546409979459,0.000647738841936666,104.405079166013,112.421929215822,0.104975558937639,0.0728200502385426
"8474569",2015,0.0012165626958062,-0.000449648048986965,106.428906616612,10.8324974924774,0.129477437545211,-0.00487081136314867
"8466148",2015,-0.000916849129847264,0.00142205596018066,107.438633141834,89.5069532237674,-0.0985050173080698,0.12728389630947
"8470607",2015,-0.00232154056097527,0.000333199595942978,107.020872865275,99.301333817258,-0.248453297227714,0.0330871643045091
"8470378",2015,-9.2686257806231e-05,-0.000219936755602069,90.7127429805616,108.606921029281,-0.0084078246822067,-0.0238866538471103
"8471236",2015,0.000548474180386758,0.000793993088443724,92.7981109799292,82.8146143437077,0.0508973678611561,0.0657542314110365
"8473485",2015,0.000700639697865783,2.05444365757467e-05,90.1474373976129,2.89855072463768,0.0631608733016382,5.95490915239035e-05
"8475220",2015,-0.00189121130432783,0.000293498395618757,71.5437788018433,122.330097087379,-0.135304403224376,0.0359036872310325
"8476878",2015,0.000346760175358195,0.00167307923885594,101.141352063213,130.49388309923,0.0350717929774048,0.218326606611016
"8475799",2015,-0.00225923872429083,0.000533557529009115,66.6096256684492,72.4224643755239,-0.150487045720677,0.0386415511369552
"8476463",2015,2.470351115569e-05,0.00113818290496663,58.7915078933043,101.474414570685,0.00145235667110208,0.11549644395585
"8476856",2015,-0.00284992021330653,-0.000188143525909219,77.7573529411765,61.0169491525424,-0.221602251880269,-0.0114799439537829
"8473465",2015,0.000921923310362281,0,103.315190499753,0,0.0952486824362416,0
"8473700",2015,4.81973171943719e-07,2.41051368345379e-05,276.923076923077,42.1875,0.00013346949376903,0.00101693546020707
"8471227",2015,-0.00175473221025619,0.000420385502568736,106.599986839508,120.446096654275,-0.187054430520171,0.05063379287445
"8474628",2015,-0.00148359950918198,-0.000981589742509514,99.5633187772926,121.517175572519,-0.14771209087052,-0.119280013080712
"8469760",2015,-0.000131587071729364,0.000646966885222716,10.7142857142857,143.211955377815,-0.00140986148281462,0.0926533926974397
"8468526",2015,-0.00101927454350346,0.000952682989603854,79.1658767772512,154.109589041096,-0.0806917629131841,0.146817584014293
"8476839",2015,-0.00106498465799842,-0.000899254851503832,102.873655482421,102.96677917925,-0.109558864800993,-0.0925933757206646
"8469598",2015,0.000669736115216942,0.000674832759091128,66.7903525046382,87.4389192296637,0.0447319112204265,0.0590066471157003
"8471816",2015,-0.000440280556088441,0.000498505950100103,60.3457307490833,138.14693259278,-0.0265690518917697,0.0688670678855785
"8471774",2015,-0.000363148153658432,-0.00224627552279461,100.242130750605,108.059560387615,-0.0364027447008695,-0.242731545502646
"8474739",2015,-0.000571934001270942,-0.000280421995447814,79.2528352234823,107.701637355973,-0.0453273911614329,-0.0302019080603588
"8474027",2015,0.000403928838639531,1.87198401018421e-05,54.6697038724374,144.523709609736,0.0220826699939607,0.00270546073481931
"8471742",2015,7.82280065047467e-05,0.000439988072261352,128.337437105235,104.172274562584,0.0100395818646708,0.0458345582678716
"8473503",2015,-0.00283782099632263,0.000788203133035607,111.022272986865,103.677258122099,-0.315061337341587,0.08171873967638
"8471436",2015,0.000332867195070476,-0.000425819507143358,99.1923990498812,59.2844974446337,0.0330178956440453,-0.0252444954831156
"8475763",2015,0.00033761484737762,-1.22860485349606e-05,81.3593882752761,64.5855758880517,0.0274681374552939,-0.000793501520018982
"8474176",2015,0.000198564456066551,0.000147651234736635,15.625,115.592417061611,0.00310256962603985,0.017067363105339
"8475726",2015,0.000125085252545012,0.000516327692044143,117.5,77.3029847541336,0.0146975171740389,0.0399136717062253
"8473499",2015,-0.000133581521535803,-0.000751893571298428,107.614852108244,108,-0.0143753556844697,-0.0812045057002302
"8471276",2015,0.000815229372682212,-0.000675750903867666,125.176645593157,64.6319569120287,0.102047678261373,-0.0436751033020394
"8476495",2015,-0.00101384833255487,0,96.5181058495822,0,-0.0978547206769532,0
"8476844",2015,-0.000936804086168616,-0.00134577022228305,110.279823269514,117.170681701691,-0.103310589060833,-0.157684814358742
"8475164",2015,-0.00279269342989855,-0.000250200383197819,87.236264884061,104.812319538017,-0.243624143790607,-0.0262240825122642
"8475764",2015,0.000278749518363681,-0.000433903232529391,122.054900610963,100.403094018956,0.0340227447592329,-0.0435652270507775
"8476448",2015,-0.000969113253397915,0,85.4014598540146,0,-0.0827636866040555,0
"8473607",2015,-0.00137890276323365,-0.000194498605413881,91.5715660662725,115.860404304536,-0.126268285482416,-0.0225346870599206
"8470775",2015,-0.000211705564177666,-0.00164552878675349,27.8350515463918,116.439790575916,-0.00589283529154328,-0.191605027316218
"8473492",2015,-3.07571263900161e-05,-0.000667043819669183,115.781983776861,65.3106102253986,-0.0035611211087117,-0.043565038909675
"8473933",2015,-0.000789250919482253,-0.000880319774277731,38.2978723404255,113.949027130721,-0.0302266309588948,-0.100311581842883
"8475913",2015,-0.00021459362797855,0.00099351435451387,121.536670547148,117.806603773585,-0.0260809950651462,0.117042551905584
"8475153",2015,-0.000218827142237376,0.000242457984578694,75.7009345794392,90.9836065573771,-0.0165654191787173,0.0220597018756025
"8474605",2015,0.000457148803971487,-0.000297795532344493,115.323496027242,11.1397627643115,0.0527199982786641,-0.0033173715825895
"8474625",2015,0.000807155371646647,0,108.424705065926,0,0.0875155831131659,0
"8467988",2015,0.000770643205962341,0,71.5527950310559,0,0.0551416753582991,0
"8468575",2015,0.00011946026379835,-0.000333280816239525,27.1604938271605,112.830957230143,0.00324459975748605,-0.0376043935227489
"8470854",2015,0.000273353716725914,-0.0012782992038523,17.3076923076923,88.9524198488871,0.00473112202025621,-0.113707807473568
"8471362",2015,-2.87092626395517e-05,0,66.7639091477391,0,-0.00191674260256561,0
"8473565",2015,-0.000204229874160196,-0.00197424277632999,7.75862068965517,128.90365448505,-0.00158454212710497,-0.254487108709647
"8475181",2015,0.000471376674720535,-0.000811984134017969,106.553157790537,82.1709358356581,0.0502266732002756,-0.066721496175963
"8476195",2015,0.000339185709503228,0,45.3400503778338,0,0.0153786971563176,0
"8475625",2015,-0.00209389851404942,8.6646082049907e-05,73.19922128488,26.5682656826568,-0.153271740677985,0.00230203612826321
"8471251",2015,0.0019092867059064,-0.000218723867448068,123.645970937913,110.672853828306,0.236075608550646,-0.0242067946108418
"8467407",2015,-0.000626119840614992,-0.000274012961530379,96.3965247115795,130.501930501931,-0.0603557766882533,-0.0357592204622656
"8470324",2015,-0.000489017737194515,-0.000366830657606696,66.5008880994671,144.433872502379,-0.032520113819827,-0.0529827724307292
"8474570",2015,2.63089747505897e-05,0,80.1642451042325,0,0.00210903910034733,0
"8473426",2015,0.00043066678120559,0.000812099059072216,14.2067876874507,120.042872454448,0.00611839152462559,0.0974867037685832
"8474052",2015,-0.000262853417688628,-0.000139080797408569,110.125420617926,39.344262295082,-0.0289468431838196,-0.00547203137345191
"8460705",2015,0.000642191208757354,-0.0011934777752358,103.829787234043,119.773156899811,0.0666785765688486,-0.142946600829755
"8471348",2015,0.00176498693012339,0.0013655914408484,85.0940665701881,104.318181818182,0.150189915327432,0.142456016215777
"8476062",2015,-0.000719683504849867,-0.000685621679961965,112.107382550336,65.3950953678474,-0.0806818339933703,-0.0448362951473764
"8475214",2015,0.000208093117711666,0,62.0689655172414,0,0.0129161245476207,0
"8473579",2015,-8.4019660270401e-05,-0.000281056590418217,60.0801068090788,125.802519301097,-0.0050479101631082,-0.0353576271407883
"8467396",2015,0.00200301776848237,-0.00118736877370803,82.9584655719608,53.9614561027837,0.166167280586671,-0.0640721479602621
"8469759",2015,-0.00111112259414009,0.000645790090786836,49.033892936332,152.325094260578,-0.0544826663202048,0.0983700364516521
"8466339",2015,0.000505704845552417,-0.000339283130319625,74.3801652892562,89.5852534562212,0.0376144099997665,-0.0303947652231038
"8475717",2015,-0.000601676288805886,-0.00157134431671212,102.163293789253,103.272727272727,-0.0614692314593034,-0.162277013071361
"8468505",2015,-7.36326543028483e-05,0.000653749695756528,39.6257567418822,102.821096898546,-0.00291774964766377,0.0672192608147767
"8475768",2015,-0.000105808084034204,0.000932946464808473,130.032631934286,70.29053420806,-0.0137585036468917,0.0655773053989086
"8473534",2015,-0.00209193544751075,-0.0003917510001271,63.1578947368421,84.3821656050956,-0.132122238790153,-0.0330567977686868
"8471664",2015,-0.000907124492619366,0.000111745392570879,99.6671709531014,53.5135135135135,-0.0904105318816397,0.00597988857541462
"8474577",2015,-0.00112368023386992,0.000415780594527894,90.1308350831853,76.255230125523,-0.101278237845165,0.0317054449174513
"8477591",2015,0.000674970914679928,0.000495381238699934,71.8609143593046,99.7782705099778,0.0485040270948357,0.0494282832405699
"8473914",2015,0.000401026292209416,-0.000489149510216994,63.6314943760043,143.63482671175,0.0255179022573533,-0.0702589051361552
"8471681",2015,0.000595416051829654,-0.000350629744768161,13.5211267605634,25.2189141856392,0.00805069591206293,-0.00884250144424084
"8474685",2015,-0.000854324552359206,-0.000236627265578841,95.7635467980296,104.049955396967,-0.0818131492505565,-0.0246210564291847
"8471693",2015,0.000773975606038201,-0.000515550730880097,120.596702433918,28.3743842364532,0.0933389058525002,-0.0146284345313761
"8471716",2015,0.00302487368228798,-0.000727981086209887,138.54748603352,74.6666666666667,0.419088644249954,-0.0543559211036716
"8474090",2015,-0.000750328783654211,-0.000755962142885498,35.4603854389722,60.1212121212121,-0.0266069478743335,-0.0454493603480251
"8476235",2015,0.00169124106412505,-0.000233948003138754,41.8290854572714,87.2887582659809,0.0707430670001332,-0.0204210306927876
"8470147",2015,0.000679477442869611,-0.00105119717067463,113.253713952811,104.75231574708,0.0769533439521424,-0.110115337934946
"8477508",2015,-5.34691272156168e-06,-0.000108921715145325,26.7657992565056,82.3943661971831,-0.000143114392547376,-0.00897453568450914
"8469457",2015,0.00074839861920181,0,113.085839072736,0,0.0846332858133141,0
"8475361",2015,0.00106399987230632,0.000212217695030814,88.6699507389163,122.690582959641,0.0943448162636145,0.026037112717682
"8477059",2015,0.00065170087720458,0,91.6632443531827,0,0.0597370167523869,0
"8474612",2015,0.00061450217252747,-0.000703334021009836,85.0036049026676,116.031390134529,0.052234899885356,-0.0816088241866794
"8470176",2015,-0.000470211704511038,0.000241258281765169,56.1951219512195,32.8552803129074,-0.0264236040778886,0.00792660847520504
"8469469",2015,-0.000199981194349534,-0.00027483881711975,58.9198036006547,94.296205630355,-0.0117828526948989,-0.0259162576143275
"8475622",2015,-0.000376201957919374,-0.000700696818810444,91.8962722852512,91.9549477071601,-0.0345715575592034,-0.0644325393322878
"8471769",2015,-0.000358642464862843,0.00180490273046171,10.8108108108108,128.892857142857,-0.00387721583635505,0.232639069794154
"8465058",2015,-0.000229926720824151,0.00100745581260947,58.8859416445623,66.4161257259993,-0.0135394514649765,0.0669113119136591
"8474596",2015,0.000564959941466712,0.00162885192806723,109.644670050761,95.1636209094773,0.0619448463740152,0.155007447400261
"8471232",2015,0.00109283841457683,-8.55167526247462e-07,105.07614213198,144.02370760619,0.114831244577362,-0.000123164397754573
"8475663",2015,-0.00169987948642834,-0.000918704505058152,106.114571453636,109.672977624785,-0.180381983225171,-0.100757058627032
"8474520",2015,-0.000995803076247532,-0.00198879049342557,87.7721109590745,108.429752066116,-0.0874037381017861,-0.215644060113583
"8473404",2015,-0.000960451185988336,0.00148950406668454,115.71646083573,116.818663838812,-0.11114001204805,0.174001874852565
"8474535",2015,0.000745105961380578,0,124.698795180723,0,0.0929138156661323,0
"8477494",2015,-0.00247346635270562,-0.000156247043449699,89.2073443797582,27.5650842266462,-0.220651364737554,-0.00430696291285541
"8473507",2015,-0.00185471506091671,0.000415006862845025,89.7799511002445,86.9168026101142,-0.16651622747399,0.0360710695797437
"8475231",2015,0.000190199488323042,-0.00134582369735333,22.5769669327252,116.694659052738,0.00429412755849057,-0.157050437507742
"8467514",2015,0.00187824403321281,-0.000181745115341123,134.179807495392,24.896265560166,0.252022422805864,-0.00452477465579559
"8473564",2015,-0.000584062540712371,0.000179982039084725,80.4811620517476,113.347022587269,-0.0470060319874278,0.020400428249439
"8477293",2015,0.00201286986909178,0.00139482923946799,143.798177995795,105.194805194805,0.289447019718033,0.146728790125853
"8471346",2015,0.000150388094618796,0.000110554999694936,100.335059396893,39.0532544378698,0.0150891984061625,0.00431753253246494
"8471762",2015,-0.000754383967966588,0.00240993775421497,17.3434273916036,127.035471420695,-0.0130836035738183,0.306147578701229
"8475246",2015,-0.000251683761790552,0,103.935139410718,3.44827586206897,-0.0261587868691149,0
"8475204",2015,0.00110153841756509,-5.93289893961265e-05,105.349004557448,12.8571428571429,0.116045975772269,-0.000762801292235912
"8475180",2015,-0.00168686363301858,0.00040016786932193,60.1372997711671,122.497737556561,-0.101443423971918,0.0490196586347661
"8474736",2015,-0.000391529101859519,-0.000188755341899166,28.3464566929134,63.0573248407643,-0.0110984627298761,-0.0119024069095653
"8468598",2015,0.00164952397354604,0.00034259931041011,113.063489914715,23.0031948881789,0.186500937147103,0.00788087870591947
"8475314",2015,0.00101933303877674,-7.39565877661359e-06,112.526242127362,29.9003322259136,0.114701716329811,-0.00022113265445024
"8475177",2015,-0.000338659414529636,-0.00132810146722142,30.664395229983,115.06585287504,-0.0103847861354914,-0.152819128030425
"8471306",2015,0.000856780541570321,-0.000605287899896971,113.173652694611,117.52466367713,0.0969649834471801,-0.0711362568632278
"8476874",2015,-6.99492707735656e-05,6.77909750096689e-05,116.46297627606,121.974830590513,-0.00814650026262949,0.00826879269237006
"8471260",2015,-0.00128744252663241,4.63747167216049e-05,84.053651266766,43.0879712746858,-0.108214245159565,0.0019981924619722
"8474096",2015,-0.00104099917778682,-0.000251500128441281,40.0990099009901,104.854368932039,-0.0417430363369964,-0.0263708872540372
"8474727",2015,-0.000473814075454197,0.000940035286085687,22.3923444976077,145.445187853834,-0.0106098080053858,0.136723608773966
"8474162",2015,-0.000530473715939072,0.000476532808557336,137.656529516995,72.4518502488639,-0.0730231707361567,0.0345256836842667
"8476404",2015,5.1878792519423e-05,0,25.1748251748252,0,0.0013060395319575,0
"8474100",2015,-0.00102959333287363,-0.00023586662446125,55.7659208261618,74.7326483539526,-0.0574162202841751,-0.0176269375042964
"8466160",2015,-0.000598940029072086,0.000162457781366855,24.1610738255034,33.5664335664336,-0.0144710342594598,0.00545312832560073
"8468611",2015,0.00103707267381135,0.000638088983351353,55.3215708594195,139.018087855297,0.057372489410622,0.0887059103470356
"8473514",2015,-0.000140645551502531,-0.000292769693901191,15.5844155844156,114.352941176471,-0.00219187872471477,-0.0334790755849362
"8470169",2015,-0.000312472116003591,-0.000154096040444675,14.5454545454545,113.253012048193,-0.00454504896005223,-0.0174518407250596
"8475218",2015,0.00153249179206555,-0.000961116093912813,65.8055081647575,81.3141683778234,0.100846401135194,-0.0781523558910624
"8470619",2015,-0.000782336019491914,0.000432933764706291,56.9169960474308,137.81686497672,-0.044528216129184,0.0596655741943901
"8476975",2015,-0.000124970362198501,-0.000816230647323933,11.5508021390374,141.492537313433,-0.00144350792699872,-0.115490545322849
"8466142",2015,-0.000659415824347708,-0.00247025171954871,28.4584980237154,126.493799323563,-0.0187659839340059,-0.31247152529128
"8474793",2015,0.00041336348853034,0,59.4059405940594,0,0.0245562468433865,0
"8467344",2015,-0.000449163075726886,0.00124197900266684,13.0773222625843,119.756427604871,-0.00587385028973406,0.148734968519642
"8475160",2015,2.33830020947726e-05,-0.00038930064644291,6.58737419945105,5.52147239263804,0.000154032584704815,-0.00214951277177067
"8470121",2015,-0.000510876565565601,-0.000430970875941971,14.9006622516556,112.117780294451,-0.00761239915577882,-0.0483194979821689
"8474152",2015,-0.000141397603358869,0.000950335684081291,112.56721768572,119.743406985032,-0.0159167347975369,0.113796432591345
"8474618",2015,0.000524251829680915,0.00100382450887726,47.4481211441391,110.098344926841,0.0248747643247367,0.110519417024386
"8475722",2015,-0.00155634012619247,-0.000296650955549465,91.339648173207,94.7655068078669,-0.142155559564265,-0.028112278147683
"8474709",2015,0.000659780744676385,-9.41553420628458e-05,33.9267015706806,11.8616144975288,0.0223841844267171,-0.00111683437043244
"8474074",2015,-0.000608736471458774,0.000118597563947918,80.1062769843906,25.4716981132075,-0.0487636123931771,0.00302088134584318
"8476906",2015,-0.000151457580597235,0,24.5733788395904,NA,-0.00372182450614365,NA
"8469492",2015,-0.000324286880321563,-0.00102330673239863,32.0647773279352,126.335520149953,-0.0103981866078817,-0.12927998831053
"8476850",2015,-0.00014743558367724,0.000335213815427993,89.6551724137931,69.9300699300699,-0.0132183626745112,0.0234415255544051
"8477448",2015,-3.96314362484976e-06,-7.96884191591878e-08,13.6882129277567,15.5172413793103,-5.42483538002249e-05,-1.23654443522878e-06
"8475235",2015,0.000136989018914486,0.00127422616003575,16.9354838709677,99.0825688073395,0.00231997532032598,0.126253601177854
"8477933",2015,9.73646483818544e-05,0,94.7368421052632,0,0.00922401932038621,0
"8471338",2015,-0.00047745287493066,0.000857037329655332,12.4352331606218,131.417073871802,-0.00593723782297194,0.112629338062207
"8470640",2015,8.16778181983093e-05,0.000526191829611952,41.9927095990279,109.502572898799,0.0034298729002838,0.0576193591808354
"8477205",2015,-0.00054560575948526,0.00151603949026873,21.4030915576694,87.6777251184834,-0.0116776500246548,0.132922893696548
"8468482",2015,-0.000289203047875833,0,119.117647058824,0,-0.0344491865852095,0
"8470877",2015,-0.000930438710802773,0.00022390613212901,99.4882292732856,45.1882845188285,-0.0925676997850865,0.0101179340041561
"8470162",2015,-0.000146354868867856,0.000249952593786857,16.6204986149584,132.215568862275,-0.00243249089531063,0.0330476243761306
"8470755",2015,0.000547871272286752,-0.000202030774874992,22.3404255319149,135.918367346939,0.0122396773595977,-0.0274596930748459
"8474134",2015,-0.0010232682010163,0.000844902143498244,111.09942135718,60.4386677497969,-0.113684505026114,0.0510647599319816
"8475178",2015,0.000332604556524717,0,77.5690607734807,0,0.0257998230586024,0
"8470318",2015,-0.00112496300608655,-0.000551239091429326,22.9482071713147,134.239414532148,-0.0258158841237392,-0.0739980129007062
"8464989",2015,0.00038331471753648,-0.000428110421491749,77.6357827476038,78.7528287654011,0.0297589381346213,-0.0337149067164234
"8474660",2015,0.000288098999278224,0.000351699337478603,71.5705765407555,59.8337950138504,0.0206194114791572,0.0210435060652017
"8475169",2015,-0.000540371255009966,-0.001318282871575,89.5598554114395,79.2426035502959,-0.0483955714671907,-0.104464166959363
"8474013",2015,1.89449582386998e-05,0.000174016762220595,70.5678869991352,55.8231606730452,0.0013369056721919,0.00971416567724338
"8475175",2015,-0.000131172562379812,0,104.564315352697,0,-0.013715969178304,0
"8476436",2015,0.000532643500453326,-0.000175537833830663,119.57671957672,7.17131474103586,0.0636917624880696,-0.00125883705535934
"8471296",2015,-0.000269224224821695,-0.000265640507334677,16.5289256198347,115.506035283194,-0.00444998718713545,-0.0306830818128447
"8467967",2015,-0.000120815069565017,0.00153268371794925,10.4956268221574,112.720156555773,-0.00126802988464741,0.172764348637723
"8475902",2015,-0.000956640403804351,6.06267661081695e-05,103.04114490161,60.7792207792208,-0.0985733224671389,0.00368484760241861
"8468513",2015,2.14333454998564e-05,-0.000300547030517249,37.9446640316206,128.504914640455,0.000813281094065696,-0.0386217705020614
"8476341",2015,0.000580474957582482,-0.000643584757073793,127.76617954071,120.27972027972,0.0741650676493694,-0.0774101945571275
"8476207",2015,-0.0002259037589322,0.000425936224325929,56.8848758465011,100.699300699301,-0.0128505072801161,0.0428914799321215
"8476457",2015,-0.000391928422965913,-0.00100746605412828,38.1456953642384,127.59887616166,-0.0149503822270441,-0.12855153627779
"8469473",2015,-0.00102134994368943,0.000989248429482495,51.0412051395658,139.837823698666,-0.0521309319951364,0.138334347476155
"8473673",2015,0.000490468915241352,0.000364759072055834,86.1630516080778,93.2182490752158,0.0422602984560985,0.0340022020313453
"8475784",2015,0.00175857995835553,0.000103901480285077,111.685176243361,5.91133004926108,0.196407312586979,0.000614195942571883
"8471498",2015,0.000912860805883848,-0.00104429194241257,73.1527093596059,77.8647031753336,0.0667782412185968,-0.0813134821243471
"8470778",2015,1.57897770246665e-05,-1.07018956255151e-05,3.30376261853778,139.208387145787,5.21656750891398e-05,-0.00148979362943051
"8474168",2015,0.000228520548858404,0.000668729570148099,14.6171693735499,94.324942791762,0.00334032356799987,0.063077878447379
"8476822",2015,7.58233404196451e-05,0.000553584759700259,8.06496779613554,148.80147510756,0.00061151279867986,0.0823742288404627
"8476440",2015,0.000377321278340112,-0.000279653462793522,72.6905603230692,93.4426229508197,0.0274276951443595,-0.0261315530807062
"8473589",2015,5.79207127072104e-05,-0.000252617840924741,17.4757281553398,114.63687150838,0.00101220662983474,-0.0289593189708138
"8467391",2015,0.000402179881420857,-0.000164876451955864,97.9362101313321,108.972972972973,0.0393879733774273,-0.0179670771428661
"8474636",2015,-0.00127785973105808,-0.00235453120792729,114.548802946593,109.78484565014,-0.146377302526358,-0.258491845240736
"8471686",2015,-0.000240169788809232,0.000102725620936633,11.9030124908156,88.6316516931583,-0.00285874399611283,0.00910474145481907
"8476432",2015,0.00088229070638747,0.000922430003885038,107.264472190692,110.982658959538,0.0946384469394052,0.102373734535218
"8474576",2015,-0.000148088614102604,-0.000139080612152141,41.2607449856734,124.137931034483,-0.00611024654176934,-0.0172651794395761
"8477501",2015,0.000230008190570819,0,35.6435643564356,0,0.00819831174311831,0
"8458951",2015,-0.00139902991393513,-0.000134276975253211,91.4050437467833,80.7387862796834,-0.127878390486299,-0.0108413600072513
"8477902",2015,-0.000746858530661948,0.00121676121135577,58.9090909090909,98.5507246376812,-0.0439967570789947,0.119912699090134
"8473432",2015,0.00137170940011102,0.000120347687225426,46.8965517241379,105.971404541632,0.0643284408327927,0.0127534134486153
"8470750",2015,-0.00074772096869443,0.000752424942909162,70.8724832214765,80.7112485504445,-0.0529928418081421,0.0607291565826954
"8465978",2015,-0.000421861409075775,0,25.4867256637168,0,-0.0107518660012233,0
"8468518",2015,9.17141821981472e-05,0.000676209799070866,21.7961654894046,115.107913669065,0.00199901749291622,0.0778370991736249
"8469470",2015,0.000203039419966124,0,97.4257425742574,0,0.0197812662620462,0
"8470609",2015,0.00188687862407817,0,99.5633187772926,0,0.187863897943154,0
"8474145",2015,-0.000426477691340118,-0.000975849684713901,31.5443592552026,78.8979336255479,-0.0134529655099621,-0.0769925236530692
"8475155",2015,-0.00112331388138833,-0.000595133098213533,69.6165191740413,91.346335921227,-0.0782012023621376,-0.054363227907254
"8474849",2015,-0.000653228554177054,-0.000392981847117621,83.2904884318766,132.182645535854,-0.0544077253350554,-0.0519453801995738
"8466140",2015,-0.000432930682698029,0.000764630700106521,39.1674550614948,102.104300091491,-0.0169567930593173,0.0780720824628433
"8475714",2015,0.000397673318916877,-0.000134649053941167,50.3956177723676,94.2408376963351,0.0200409925784038,-0.0126894396384346
"8475716",2015,-0.000572987695216622,0.000149522798109278,22.2222222222222,126.104173012489,-0.0127330598937027,0.0188554488020838
"8475808",2015,0.000770341804689274,-0.000645267883508958,20.9708737864078,115.029585798817,0.0161547407585323,-0.0742248973693145
"8470302",2015,-0.000403402155519111,0.000325770080937085,16.8,132.654949121184,-0.00677715621272106,0.0432150135119131
"8473991",2015,-5.28218100663992e-05,0.0017007679257066,11.5138592750533,95.9671907040328,-0.000608182887758114,0.163217919869587
"8466251",2015,-0.000516759071406289,-0.000422018685894203,34.634974533107,109.727285985125,-0.0178979372779088,-0.0463069650381797
"8476389",2015,-0.000829147602189936,0.00019450848630809,90.9574468085106,21.2076583210604,-0.0754171489225952,0.00412506951816862
"8476428",2015,-0.000113911662992373,0,14.1176470588235,0,-0.00160816465400997,0
"8477507",2015,-0.000682031849728565,-0.000224431348898519,78.4997819450502,52.1739130434783,-0.0535393514832716,-0.0117094616816618
"8474613",2015,0.000160031604132477,-0.000427977731891244,149.942285494421,93.9624265022229,0.023995504474962,-0.040213826177419
"8467493",2015,6.85336624198258e-05,0,33.2307692307692,0,0.00227742632041267,0
"8473468",2015,9.67416820252492e-05,0.000422754219966346,9.5659875996457,124.502200796479,0.000925429730622401,0.0526338307818088
"8470724",2015,-0.000530544008662925,0.0012199229453424,11.9126406353408,102.130237253912,-0.00632018011643458,0.124591019839311
"8466333",2015,-0.000358301550625482,-0.0013455019512417,21.0321324245375,99.5276465684912,-0.00753584566067226,-0.1339146426604
"8471299",2015,1.27521439030794e-05,0,71.2871287128713,NA,0.000909063723783877,NA
"8475182",2015,-0.000776482847682009,-2.87616979785653e-05,53.3772652388797,6.46319569120287,-0.0414465309141632,-0.000185892482446742
"8477845",2015,1.27526759915336e-05,0.000168911407734752,29.1497975708502,54.5454545454545,0.000371737923639846,0.00921334951280465
"8469462",2015,-0.000371835076765072,0.000196981918391918,33.4177215189873,70.6289671090594,-0.0124258810463265,0.0139126294351822
"8474743",2015,0.000197559655529354,0.000552339115112727,89.1052951917225,60.3481624758221,0.0176036114239181,0.0333326506605746
"8474125",2015,0.000507705814820539,0.00160436417886849,49.2843808338519,79.739890266206,0.0250219667291766,0.127931823570005
"8475192",2015,-0.00117541809087562,0.000909865149556866,60.9480812641084,73.984962406015,-0.0716394773219901,0.067316338884508
"8469665",2015,0.000452964319577852,0.000222096709498784,20.5635948210206,102.354665363947,0.00931457473617822,0.0227326343791818
"8475323",2015,4.67462135012241e-05,0.00043478318438334,7.14285714285714,145.193171608266,0.000333901525008744,0.0631275495025586
"8462196",2015,-4.82016367685265e-05,-0.000710340964072492,34.2857142857143,101.54427986133,-0.00165262754634948,-0.0721310616527441
"8471390",2015,-0.000705845301754097,0.000509423951453946,48.1510621557828,85.6055802155992,-0.0339872009971288,0.0436095329399383
"8473463",2015,-1.82788054616595e-05,-0.000102383541240096,27.2268907563025,131.569616800764,-0.000497675039460309,-0.0134705632876646
"8473942",2015,-9.32578843979491e-05,-5.74112851270209e-05,42.4778761061947,123.287671232877,-0.00396139685938191,-0.0070781036457971
"8475209",2015,-0.00125981585024578,-0.00158451555026462,56.2186279977691,82.0321255136347,-0.0708251186306609,-0.129981178497614
"8476410",2015,-8.63305286786688e-05,0,131.707317073171,0,-0.0113703623137759,0
"8471392",2015,3.73759023464143e-05,-0.000110148514201747,11.214953271028,139.857388738628,0.000419168998277543,-0.015405083569696
"8473571",2015,-7.67476574316405e-05,0,95.440084835631,0,-0.00732480293621171,0
"8471283",2015,-0.000669499313144495,0.000424243243361709,25.2483927527762,122.395044735031,-0.0169037816059861,0.051925270749791
"8473536",2015,-0.000279561273983279,0.000120535862266217,60.1779455378808,4.08163265306122,-0.0168234231202664,0.00049198311129068
"8476466",2015,-0.000462598146512969,0,73.0964467005076,0,-0.0338142807603389,0
"8470622",2015,-0.000870757172405752,0.000386727632041313,154.260089686099,51.1363636363636,-0.134323079510125,0.0197758448202944
"8475906",2015,-0.000258521348815486,-0.00014368537436503,129.258388544561,35.3591160220994,-0.033416052952256,-0.00508058782285188
"8475455",2015,-0.000908326964728064,0.000572575018035839,15.9605911330049,101.068050045774,-0.014497435299108,0.0578690405778059
"8476116",2015,-5.77535396626605e-05,-6.94478292341037e-05,18.5209003215434,106.065857885615,-0.00106964755130844,-0.00736604358600892
"8476473",2015,-0.000407304752642186,0.00209389905134324,33.6448598130841,110.754414125201,-0.0137037113038492,0.231908562668834
"8473970",2015,-0.000689337965903449,-0.000174035360196739,27.8761061946903,64.5161290322581,-0.0192160583415563,-0.0112280877546283
"8468493",2015,-0.000441662191711981,0.000147722422920475,37.4721189591078,103.245603682285,-0.0165500181875716,0.0152516907318343
"8467917",2015,-0.000974357000398524,-0.000249171087101831,62.6086956521739,70.8487084870849,-0.0610032208945163,-0.0176534497134876
"8477234",2015,-0.000358357132537567,-0.000287695887611281,121.188118811881,64.8648648648649,-0.0434286267550478,-0.0186613548720831
"8475151",2015,0.00124198571649883,-0.000112774308974401,112,23.1759656652361,0.139102400247869,-0.00261365351271144
"8475759",2015,-6.03356006473362e-06,0.00168556077012729,56.8848758465011,132.732486685785,-0.00034321831519478,0.223728672479001
"8474749",2015,1.82903026995719e-05,-0.000594483577451919,10.7946026986507,77,0.000197436550879937,-0.0457752354637977
"8470729",2015,-0.000479575603972565,0.000736228846440882,17.3076923076923,146.295936223994,-0.00830034699183285,0.10770728836518
"8476244",2015,-0.00141112577089026,0,113.646826701743,0,-0.160369965938729,0
"8477220",2015,-0.000104153516008532,5.80195851363322e-05,33.3333333333333,20.3160270880361,-0.00347178386695108,0.00117872746326634
"8473453",2015,-0.00101104081568861,0.00162659039134378,39.4029850746269,128.233151183971,-0.0398380261704168,0.208582811567581
"8475598",2015,-0.000189428590629659,2.8183762452536e-05,13.5168961201502,94.1910705712914,-0.00256048658172756,0.00265465875813133
"8475852",2015,0.00190510137344277,-0.000876965870567162,109.650073928043,110.386740331492,0.208894506438417,-0.0968054038338778
"8476431",2015,0.000861553457938886,-0.000406026229364242,89.8550724637681,47.5770925110132,0.0774149483945086,-0.0193175474763604
"8475907",2015,0.000138195862859181,0,52.5252525252525,14.5748987854251,0.00725877259462362,0
"8465185",2015,5.62084256611175e-05,0.0018541024899383,12.849494348602,137.479541734861,0.000722249847876346,0.254901160646182
"8477084",2015,-0.000399264761254682,-0.000424775027072154,139.130434782609,78.2608695652174,-0.0555498798267383,-0.0332432629882555
"8476808",2015,0.000732684047929038,-0.00027643627750864,58.188472095151,114.961906305722,0.042633765277481,-0.0317796414344508
"8475761",2015,-0.00113409711727534,-0.000133618887076345,69.7466467958271,24.7422680412371,-0.0790994710707691,-0.00330603431941473
"8476479",2015,-0.000216787190293577,0,90,NA,-0.0195108471264219,NA
"8473574",2015,-0.000172471470648151,-0.00114712532036928,23.0179028132992,78.0628839898807,-0.00396993154944594,-0.0895479108058419
"8474579",2015,-0.000117496669971056,-0.00102585802786399,16.2528216704289,112.352168199737,-0.00190965242390881,-0.115257373695626
"8477956",2015,-0.00203379944872804,0,89.5522388059701,0,-0.182131293915944,0
"8474697",2015,-0.000181811456935707,0.00118915626031746,11.3744075829384,133.352041532201,-0.00206799761443458,0.158576415014132
"8476443",2015,0.000193167436097199,-0.000263601379214627,47.8723404255319,46.08,0.00924737725997227,-0.01214675155421
"8470614",2015,-0.000279724225598226,-0.000690167672272787,8.08080808080808,141.822133671436,-0.00226039778261193,-0.0978810518727752
"8474250",2015,-0.000128485112127627,0.00129997722198203,19.2926045016077,120.140515222482,-0.00247881245262302,0.156179933226413
"8473504",2015,5.84767818962005e-05,-0.00143295042834614,22.7129337539432,115.391939066963,0.00132817927335219,-0.165350928513696
"8474661",2015,-0.00140908543634157,9.73552040750162e-05,102.608695652174,24.2696629213483,-0.144584418685483,0.00236277798653972
"8470054",2015,-0.000119124876763996,-0.000276951772607184,15.7894736842105,84.5070422535211,-0.00188091910679993,-0.0234043751499029
"8476807",2015,-0.000762732630273359,-1.58655308334051e-05,75.3738783649053,67.9245283018868,-0.0574901164991685,-0.00107765869811808
"8476872",2015,-0.00021150021287813,8.24008621810184e-05,70.0228832951945,75.1491053677932,-0.0148098547232741,0.00619235107443836
"8471482",2015,-0.000301008645814356,3.64019068178955e-05,94.3548387096774,56.3834836260085,-0.028401622226032,0.0020524663170223
"8474659",2015,-7.30133652046239e-05,0,91.6943521594684,11.8811881188119,-0.00669491322142066,0
"8467370",2015,-0.00155018643768261,-0.00053780700236147,124.056293568328,102.284919531095,-0.192310383798795,-0.0550095459598023
"8470171",2015,-0.0011464404850369,-0.00135508027849496,59.0733590733591,159.329579677884,-0.0677240904288207,-0.215904371202392
"8471718",2015,-0.000134070481077583,-0.00164805043304496,27.7349768875193,161.749926101094,-0.00371844169398535,-0.266572035755897
"8471657",2015,-0.000810100732960075,-0.000141760901938517,70.7732634338139,104.488693891326,-0.0573334725817091,-0.014812411488412
"8476279",2015,0.000524096930073819,0.000625926987279191,13.6882129277567,113.796509713533,0.00717395037363402,0.071228306487879
"8475807",2015,-0.000151810232250891,1.97790409652481e-05,5.47112462006079,154.285714285714,-0.000830572699244995,0.0030516234632097
"8470630",2015,-0.000229577668230006,-0.000899757077042243,21.5425531914894,91.0262766484879,-0.00494568912942301,-0.081901536611282
"8467351",2015,0.00198309349547597,0.000108188762400593,90.1525136509132,22.4598930481283,0.178780863421935,0.00242990803252668
"8476472",2015,-0.000242316748110177,-0.000727604695004383,77.4370709382151,114.719271623672,-0.0187642992129254,-0.083470280640867
"8470760",2015,-0.000605465134165938,-0.000705441188959465,23.3160621761658,115.157150827599,-0.0141170627137136,-0.0812365973970059
"8475680",2015,0.000729460015247662,5.54253990836612e-05,96.2138084632517,115.254237288136,0.0701841261886391,0.0063880120977779
"8455710",2015,0.000687078770320541,-0.000307639062498564,153.760445682451,113.892709766162,0.105645537943437,-0.0350378464578832
"8476798",2015,4.22072817097892e-05,-0.000889111798704602,144,127.331189710611,0.00607784856620964,-0.113211663114798
"8469639",2015,0.000364820956981405,-0.000199759043558484,55.6234279554438,144.502617801047,0.0202925922172912,-0.0288657047236344
"8474066",2015,-0.000178812263285325,0.00028764607586083,33.8121546961326,116.115510013973,-0.00604602790776898,0.0334001708020983
"8471761",2015,-0.000709439444709869,-0.000122286695587341,66.7903525046382,28.0811232449298,-0.0473837105928669,-0.00343394777000333
"8471856",2015,0.000133648556769706,0.00130022228192242,10.3896103896104,166.161616161616,0.00138855643397097,0.216047035733575
"8474638",2015,0.000133648585688251,0.000474806862019327,16.5898617511521,139.631635969664,0.00221721155980509,0.0662980589133811
"8476356",2015,-0.000902902636115959,-0.000369081173073434,117.766895200784,111.510263929619,-0.106332040123979,-0.041156339020872
"8475208",2015,-0.000237777654812841,-6.43149153220207e-05,54.2168674698795,71.2871287128713,-0.0128915595982865,-0.00458482564671831
"8475185",2015,7.04420424290105e-05,-0.00127980850461185,68.7798523664785,140.0425778982,0.00484499327866056,-0.179227682201884
"8476234",2015,-0.00109769770261901,0.00122905616268527,79.4990112063283,103.422982885086,-0.0872658819616697,0.127112654478208
"8471273",2015,-2.56900890737188e-05,-0.00182854029971825,104.929275610802,137.294259333601,-0.00269564243688228,-0.251048086111457
"8467334",2015,-0.000217685736796098,0.000761896271435191,35.1791530944625,146.066619418852,-0.00765799986123082,0.111287612716366
"8473560",2015,-6.53432099897651e-05,0.000265954039669035,21.6216216216216,109.558160504959,-0.00141282616194087,0.0291374353650025
"8470886",2015,-0.000470262455676436,0.000261058123019403,43.5045317220544,86.3928748144483,-0.0204585479206667,0.0225535617413101
"8469508",2015,-0.000476358414611111,-8.55567197384095e-05,20.5910390848427,133.824070666176,-0.00980871473365109,-0.0114495485082391
"8474089",2015,-0.000423022068787544,-0.000324075033270351,18.5886402753873,113.062098501071,-0.00786340506524179,-0.0366406033333502
"8460720",2015,6.71826596784875e-05,0,30.5084745762712,0,0.00204964046476742,0
"8468501",2015,-0.000185564911379746,-3.50801279224953e-05,8.7378640776699,66.0968660968661,-0.00162144097322109,-0.00231868651795411
"8470180",2015,-0.000195459836805585,-0.000863283668176943,7.17846460618146,144.053851907255,-0.00140310152043889,-0.124359337689513
"8477413",2015,-0.000246842136218681,0,86.9215291750503,0,-0.0214558959449639,0
"8471699",2015,-0.000337115192933585,-0.000506755141081572,20.8421052631579,75.0488599348534,-0.00702619033693157,-0.0380313956042978
"8471474",2015,-0.000686859288468079,0,88.5245901639344,0,-0.0608039370119283,0
"8476624",2015,-0.000583316263892475,0.000807060773489212,62.2169249106079,59.6685082872928,-0.0362921441897345,0.04815611245129
"8475752",2015,-0.000133799789970775,0,57.1428571428571,0,-0.00764570228404429,0
"8476883",2015,-8.65181237891593e-05,0.000933616783191003,84.5194424064563,96.8410661401777,-0.00731246358071251,0.0904124446505798
"8475826",2015,8.92925905552453e-05,0,514.285714285714,NA,0.0459219037141262,NA
"8474094",2015,-4.87407809069245e-05,0.000180233954412831,23.6530880420499,83.1261101243339,-0.00115286998202975,0.0149821475426651
"8477850",2015,7.32592164620366e-05,0.000466892544522141,26.5263157894737,81.5934065934066,0.00194329711036139,0.0380953532206253
"8475855",2015,0.000186801063342884,0.000531544516775825,17.0940170940171,85.5244614455406,0.00319318056996383,0.0454600585315825
"8476449",2015,-0.000352645224342876,0.000313320178979972,49.3150684931507,93.0612244897959,-0.0173907233922514,0.0291579595132382
"8476880",2015,-4.71784034013853e-05,0,16.8224299065421,5.15021459227468,-0.00079365538432237,0
"8472410",2015,-1.40260072533513e-05,-0.000278823755360021,5.50038197097021,122.740247383444,-7.71483974210307e-05,-0.03422289670927
"8475274",2015,0.000126031712707971,0.000309678744549239,37.8947368421053,61.3756613756614,0.00477593858682837,0.0190067377606941
"8475462",2015,-8.12300720629585e-05,-0.000368167210955777,18.7175043327556,79.212507237985,-0.00152042422578848,-0.0291634478626232
"8476806",2015,-0.000206606075857775,-0.000226778884514271,11.4741035856574,110.962489095667,-0.0023706195158183,-0.0251639495000423
"8468524",2015,-0.00156204682187402,0.00010733953129683,127.987897125567,97.2151898734177,-0.199923087943332,0.010435032915945
"8467331",2015,-0.000437111419293259,-0.00191620519733825,37.519541427827,135.831739961759,-0.0164002200047497,-0.26028148607822
"8474717",2015,-4.90846861792753e-05,0.000999723315899953,31.413612565445,79.1623036649215,-0.00154192731453221,0.0791404007141743
"8467452",2015,-0.000710424654138082,-0.000310353986853359,12.9310344827586,142.474621156393,-0.00918652570006141,-0.0442175667013084
"8476884",2015,0.0013552197714175,-4.83943771424364e-05,110.060711188205,29.1891891891892,0.149156451858526,-0.00141259263010355
"8475728",2015,0.00250071004703821,-0.000595281162913155,124.376199616123,48.3221476510067,0.311028811992469,-0.0287652642481525
"8476888",2015,-0.000404628109840933,0,93.4054054054054,25.4416961130742,-0.0377944526381153,0
"8467972",2015,0.000142173983105284,-0.000971047716013613,109.219858156028,101.21107266436,0.0155282222682367,-0.0982807809460145
"8475810",2015,-0.000451561417392043,0,78.2608695652174,0,-0.0353395891872034,0
"8473682",2015,-4.74088642683708e-05,-0.00109431966817186,10.3448275862069,117.703349282297,-0.000490436526914181,-0.12880509012932
"8476769",2015,6.19812838987233e-05,0,34.2857142857143,0,0.00212507259081337,0
"8473542",2015,0.000340452427360527,0,225,0,0.0766017961561185,0
"8477500",2015,0.00132076779037447,0.000616154016150083,49.0749756572541,136.834830684174,0.0648166471615127,0.0843113304752705
"8474690",2015,-0.000378969640235178,9.59792566838018e-05,132.631578947368,45.4258675078864,-0.0502633417575079,0.0043599409976238
"8472394",2015,0.00112837067318579,-0.000951118656448838,56.4705882352941,94.9704142011834,0.0637197556622562,-0.0903281327574192
"8464977",2015,8.98951448999772e-05,-0.00110239642828077,33.8111715274345,99.3143039387657,0.00303946016369671,-0.109483733939286
"8475414",2015,-0.000175146677971152,0.000683594328630632,14.5748987854251,123.089911355002,-0.00255274510403299,0.0841435653139267
"8474202",2015,2.08761861746407e-06,4.51139404735615e-05,101.799485861183,100.8,0.000212518501932075,0.00454748519973499
"8473533",2015,0.00134846982448538,-0.000619980780568291,116.436126932465,25.3164556962025,0.157010603648379,-0.0156957159637542
"8476419",2015,-0.000532277711471011,0.000518115646224559,30.2059496567506,138.291785860237,-0.0160779537561038,0.071651137998525
"8475671",2015,-0.00118593364105338,-0.000112555240714057,84.5070422535211,20.3389830508475,-0.10021974431437,-0.00228925913316727
"8470699",2015,-0.000166991840603495,0.000635332335538103,20.0867947923125,102.940284934829,-0.00335433083419296,0.0654012916486026
"8473646",2015,-0.000129571398213044,0.000883125112299296,4.53400503778338,82.9561968029894,-0.000587477372250576,0.0732607006175626
"8477916",2015,-0.000179948114772412,0,55.1020408163265,0,-0.00991550836501045,0
"8475165",2015,0.0011394577639151,0.000289433518776095,120.066703724291,95.0431034482759,0.136810937746338,0.0275086598664349
"8475739",2015,-8.02202580593997e-05,0.000180442657473729,33.0275229357798,75.9894459102902,-0.002649476412971,0.013711737560009
"8476439",2015,0.000306073672145305,0,147.841726618705,0,0.0452504601624894,0
"8477922",2015,-0.000587359953707748,-0.000287820977192937,61.554902484638,31.0727496917386,-0.0361548846738619,-0.00894338918034774
"8471817",2015,-0.00019902734731696,-5.56351133065708e-05,8.47058823529412,19.047619047619,-0.00168587870668484,-0.00105971644393468
"8476882",2015,0.000295399659090116,0.000101722188492472,80.6378132118451,8.91089108910891,0.0238203825325515,0.000906435343002222
"8475321",2015,-0.000446606359460216,0,72.4496877168633,0,-0.0323564912752578,0
"8470654",2015,-0.000414802657488541,0.00312746820633536,15.8870255957635,128.061581525542,-0.00658998043671115,0.400508524674157
"8473588",2015,-0.000177007611365123,0.00143122470442657,15.9493670886076,138.617771509168,-0.00282315937113993,0.198393179056478
"8475174",2015,-0.000122497510775761,0.00084588369694939,11.9469026548673,93.0847865303668,-0.00146346583670157,0.0787389033600515
"8474668",2015,7.88792112345616e-05,0.00018609580044889,36.8690563277249,95.1492537313433,0.00290820208209357,0.0177068765352488
"8473546",2015,-9.79371204925701e-06,-0.000784558449054586,17.5609756097561,114.629948364888,-0.000171987138425977,-0.0899338945043639
"8469664",2015,0.000357503344317188,0.00113941611882375,98.2729805013928,110.757314974182,0.0351329191852657,0.126198669959223
"8476451",2015,-0.000397099646952891,0,65.3357531760436,0,-0.0259448045196081,0
"8475299",2015,-0.00110609101693391,0.000325527458431334,102.127659574468,104.628632938644,-0.112962486835804,0.0340594929596617
"8469490",2015,-6.7064922455966e-05,-6.85192773013342e-05,22.2910216718266,28.6852589641434,-0.00149494563988531,-0.00196549321342473
"8475279",2015,-0.000192470861899994,0.000362348332414441,18.75,72.841726618705,-0.00360882866062489,0.0263940781704764
"8475800",2015,-0.00182400532081039,0,138.619509412436,0,-0.252842722736408,0
"8466158",2015,-0.000293979119354188,-0.000571099728939187,16.1676646706587,104.356775300172,-0.00475295582189405,-0.0595981260868956
"8465951",2015,-0.00015563828063089,0.0011036063444223,4.90463215258856,145.91280653951,-0.000763348515355863,0.161030299029466
"8470803",2015,-0.000155638315853068,0.00114657789582518,2.1978021978022,130.501647748078,-0.000342062232644105,0.14963030467671
"8475287",2015,-0.000441550137114545,0.0014767693196109,18.3829787234043,109.513274336283,-0.00811700677589292,0.161725843629955
"8474568",2015,-0.000425877255171214,0.000459762884286811,17.6470588235294,119.572953736655,-0.00751548097360966,0.0549752060926578
"8476992",2015,-6.64383875929154e-05,-0.000170821585395151,118.421052631579,84.4221105527638,-0.00786770379389787,-0.0144211187670278
"8476406",2015,0.000158781848327017,0.000740168235393582,37.5,57.6242628475147,0.00595431931226313,0.0426516489477009
"8471311",2015,0.000181524948442096,-5.5392767875542e-05,27.190332326284,40.2234636871508,0.00493572367365216,-0.00222808898717264
"8475775",2015,-0.000479255217711706,8.88224452648878e-05,13.3828996282528,29.0322580645161,-0.00641382447495219,0.00257871615285158
"8474591",2015,0.000295014261611879,0.000188428195257219,134.439834024896,78.2608695652174,0.0396616683660784,0.0147465544114345
"8471956",2015,-0.000473892326005923,-0.000475596634091916,12.94033069734,116.129032258065,-0.00613232341344832,-0.0552305768622871
"8471231",2015,-0.000246015620437436,-0.000223248767775876,49.5412844036697,117.79511704002,-0.0121879298198363,-0.0262976147291996
"8474646",2015,-0.000111504741940011,0.000783448427266773,4.56852791878173,141.140990198542,-0.000509412526629494,0.110576686793923
"8469547",2015,0.000827587643866726,0.000192558428336731,86.0895924553722,60.8108108108108,0.0712466829815881,0.011709634155612
"8473722",2015,-0.000221581754185959,0,18.5567010309278,0,-0.00411182636633739,0
"8476427",2015,0.0005141320617984,0,90.187891440501,0,0.0463684865755551,0
"8475252",2015,0.000715843857447996,0.000798387496783863,102.694136291601,120.921305182342,0.0735129666602697,0.0965420581523674
"8476302",2015,-0.000140423963457737,-0.000148716053534501,15.5844155844156,9.04522613065327,-0.00218842540453617,-0.0013451703334779
"8475749",2015,-0.000177607088728964,0,11.8811881188119,0,-0.00211018323242333,0
"8476289",2015,0.000123855738998251,-2.8683596154633e-05,50.4672897196262,74.2268041237113,0.00625066346346313,-0.00212909167333358
"8475839",2015,-0.000518012971932631,0.00084325307634041,126.872246696035,112.859884836852,-0.0657214695667832,0.0951694450841
"8474642",2015,8.3446574062358e-05,-0.000288803073857217,9.40766550522648,158.69387755102,0.000785037456335772,-0.0458312796390555
"8477589",2015,-0.00015901890307267,0,15.6976744186047,0,-0.00249622696683843,0
"8476336",2015,1.7878191743568e-05,0.000105081164292556,147.88189987163,45.5696202531646,0.00264386096130813,0.00478850875257219
"8475206",2015,-0.000793279165777039,0,131.830985915493,0,-0.104578774530607,0
"8475831",2015,0.00020564795944111,0.000500906939677748,173.793103448276,119.00826446281,0.0357401970890757,0.0596120655484262
"8468700",2015,-0.000206673596565888,-0.000485364149125274,37.1852808263396,153.258492491617,-0.00768521572769217,-0.0743861778044158
"8470317",2015,-0.000544610998142362,-0.000628355769407822,22.140221402214,123.768736616702,-0.0120578080769527,-0.077770799725422
"8476549",2015,0.000424597818049246,0,165.789473684211,0,0.0703938487818487,0
"8476919",2015,0.000131092621993126,-8.71527218219176e-05,65.4545454545455,49.0909090909091,0.00858060798500464,-0.00427840634398504
"8472424",2015,-0.000675001925079729,-0.000228041244605862,66.2983425414365,58.0645161290323,-0.0447515088450649,-0.0132411045255017
"8474000",2015,-0.0003000243412407,0.000839434253816443,62.0689655172414,103.097603740503,-0.0186222004908021,0.0865436600661721
"8473614",2015,0.00249685131226492,-0.000308674563152744,122.727272727273,106.418918918919,0.306431751959785,-0.0328488133084846
"8475310",2015,-0.000144838963900746,7.43919282710106e-05,8.37209302325581,11.6883116883117,-0.00121260527916903,0.000869516044726098
"8477202",2015,-0.000588095815598973,-0.00132005203505348,113.215859030837,120.079260237781,-0.0665817729554784,-0.158510871844599
"8470093",2015,-1.58038932705672e-05,0.000369335243137043,109.090909090909,98.9690721649485,-0.00172406108406188,0.0365527663310888
"8473415",2015,-3.47133953341022e-05,-0.000247699367150822,60,49.4845360824742,-0.00208280372004613,-0.0122572882713809
"8476312",2015,-9.27064672254473e-05,-0.00064041416496059,12.9496402877698,84.7233691164327,-0.00120051540291946,-0.054258045685348
"8476876",2015,0.000142170672718172,0,107.462686567164,0,0.0152780424413558,0
"8477455",2015,-0.000200039661505356,-8.00581714323124e-05,33.6898395721925,90.187891440501,-0.00673930410419114,-0.00722027767406242
"8470839",2015,-0.000118134906548964,7.57102102005965e-05,51.063829787234,46.3917525773196,-0.0060324207599471,0.00351232933920293
"8474597",2015,8.33144822487256e-05,0.000198097445407867,28.2722513089005,63.5932787591555,0.0023554879798069,0.0125976660672991
"8476931",2015,0.000281727652984479,0,268.65671641791,0,0.0756880261749346,0
"8475796",2015,-1.96634979121634e-05,-0.00035580376902408,98.4375,61.407249466951,-0.00193562557572859,-0.0218489308057431
"8477486",2015,-0.000114114600118944,0,150,0,-0.0171171900178416,0
"8471717",2015,-8.83865210215615e-05,-2.85111351699946e-05,8.87428101889893,110.518662142511,-0.000784366825828155,-0.00315101251515209
"8476300",2015,-0.00108516603790233,0.000310957874594718,109.527622097678,35.195530726257,-0.118855655712601,0.01094432742987
"8475147",2015,-5.77748317493643e-05,2.46891282926674e-05,18.3673469387755,80,-0.00106117037906996,0.0019751302634134
"8475613",2015,-5.77748679701378e-05,-0.00017882938416934,9.32642487046632,143.973338270691,-0.000538832965524601,-0.0257466634197516
"8475755",2015,-0.000257278557651451,-6.57205079530253e-06,55.1301684532925,69.9248120300752,-0.0141838102227446,-0.000459549416513635
"8477851",2015,-0.00049539160989021,0,67.741935483871,0,-0.0335587864764336,0
"8468540",2015,0.00112673753166985,0.001458260896639,93.5809018567639,94.5490584737364,0.105441114369529,0.137877194786284
"8471266",2015,-0.000274782994701097,0.000198820868480553,28.8,100.682669015635,-0.00791375024739161,0.0200178156946287
"8475119",2015,-0.000138042432809616,-0.00043381369709059,8.63309352517986,102.109996540989,-0.00119173323288877,-0.0442967151093539
"8470289",2015,-8.18081793245898e-05,-0.00057425241830564,14.1176470588235,163.105395986059,-0.0011549390022295,-0.0936636680836936
"8474048",2015,-0.000164172408630586,0.000525425847643561,17.4757281553398,72.4658519051042,-0.00286903238383548,0.0380754316624521
"8475878",2015,0.000608821448587494,0.000154210480912081,55.6701030927835,65.0602409638554,0.0338931528079636,0.010032971047292
"8459670",2015,-0.000642833401940814,9.57180425539149e-05,91.970802919708,11.25,-0.0591219041201041,0.00107682797873154
"8475996",2015,8.1817026125869e-05,0,138.461538461538,0,0.0113285113097357,0
"8476467",2015,-0.000103736847401717,-4.09276817575466e-05,24.1610738255034,87.3508353221957,-0.00250639362849786,-0.00357506718932269
"8474774",2015,1.3492898202619e-05,-0.00106040289317444,9.43231441048035,112.107507429901,0.000127269258155708,-0.118879125225242
"8474113",2015,-0.00038488047986394,0.000152755102837225,122.620087336245,31.4868804664723,-0.0471940780549321,0.0048097816636794
"8475295",2015,-6.88422166768414e-05,-0.000148058391648616,49.3150684931507,66.8730650154799,-0.00339495863063875,-0.00990111845080525
"8473466",2015,-0.00017636296687489,0.000736700308838924,139.242546333602,75.6302521008403,-0.0245572285866083,0.0557168300802548
"8471476",2015,-0.000175594960703118,0.000852665182958885,6.27724498692241,133.546180159635,-0.00110225258680248,0.113870178139275
"8474603",2015,-0.000187707941998968,0,58.0645161290323,0,-0.0108991708257465,0
"8477244",2015,-0.000114915276841384,0,225,0,-0.0258559372893113,0
"8476393",2015,-0.000214583724656781,0,71.523178807947,0,-0.0153477101079022,0
"8474593",2015,0.000154230809946417,0,151.145038167939,31.304347826087,0.0233112216560234,0
"8475732",2015,4.3140113692414e-05,0,102.857142857143,0,0.00443726883693401,0
"8476904",2015,-1.50433621247184e-05,0,67.741935483871,NA,-0.00101906646651318,NA
"8475767",2015,9.55645473541009e-05,-0.00010664720264449,93.2926829268293,62.0689655172414,0.0089154730153521,-0.00661948154345113
"8476166",2015,-0.000176721746623473,0.000147270892166984,61.0169491525424,30,-0.010783021827873,0.00441812676500951
"8477092",2015,0.000223593988348467,6.45347128319658e-06,111.053984575835,150,0.0248310033333002,0.000968020692479487
"8471710",2015,-0.00051443840794492,2.57496781906218e-05,80.855614973262,65.6534954407295,-0.0415952338402523,0.00169055637968824
"8470644",2015,-0.000112295479676724,0,52.9411764705882,0,-0.0059450548064148,0
"8474516",2015,-0.000374277422886262,0,88.5245901639344,0,-0.0331327554686199,0
"8476316",2015,-0.000225142818728007,0.000156605622018099,144.96644295302,85.4237288135593,-0.0326381535874157,0.0133778361859528
"8475734",2015,-9.90894856053051e-05,0,360,0,-0.0356722148179098,0
"8476426",2015,-9.90895231331333e-05,0.000214272890032111,327.272727272727,147.634069400631,-0.0324292984799345,0.0316339787176745
"8476868",2015,-0.000549686435891754,0,92.5449871465296,0,-0.050870724144224,0
"8475917",2015,0.000346692430635358,0,60.2510460251046,0,0.0208885815947663,0
"8476967",2015,-0.000219477406252561,7.69509334117426e-05,83.7209302325581,46.1538461538462,-0.0183748526164934,0.00355158154208043
"8477935",2015,-0.000393532463132494,5.97063169022513e-05,75.3412192902639,20.3389830508475,-0.0296492156027029,0.00121436576750342
"8474688",2015,0.0008812139462122,-0.000139894743639171,91.1392405063291,53.7313432835821,0.080313169781365,-0.00751673249404501
"8468498",2015,0.000169513081380933,-0.00160489316300726,1.83673469387755,154.759794362702,0.000311350557638449,-0.248372935881109
"8476539",2015,-0.000139990431706483,0,64.6706586826347,NA,-0.00905327342772467,NA
"8474192",2015,0,0.000104264811295757,0,83.7209302325581,0,0.00872914699220292
"8468478",2015,0,-0.00108670568427989,0,145.090376160235,0,-0.157670536507635
"8471269",2015,0,-0.00100883183604298,0,122.758620689655,0,-0.123842804700449
"8470230",2015,0,0.000597751762603622,2.62008733624454,104.551089073845,0,0.0624955977760188
"8476191",2015,0,-0.000310571839290736,0,119.00826446281,0,-0.0369606155850132
"8468674",2015,0,-0.000382459881384233,4.88466757123474,111.724137931034,0,-0.0427300005408591
"8471222",2015,0,0.000104395292494089,0,93.3521923620934,0,0.00974552942660516
"8470063",2015,0,-0.00150215752287632,0,141.672522839072,0,-0.21281444596758
"8469591",2015,0,-0.000136925375563695,0,138.618346545866,0,-0.0189803691608111
"8460626",2015,0,0.000192439189680623,0,153.751442862639,0,0.029587803076713
"8465166",2015,0,0.00143477911668388,0,131.91899710704,0,0.189274622143061
"8468635",2015,0,-7.51592098408167e-05,0,118.070739549839,0,-0.00887410348988678
"8467890",2015,0,0.00130935814044083,0,92.6470588235294,0,0.121308180658489
"8475747",2015,0,-8.47386845066255e-05,13.2352941176471,72.0480320213476,0,-0.00610525545478023
"8470647",2015,0,3.76324352487771e-05,7.43801652892562,44.7204968944099,0,0.00168294120367202
"8476852",2015,0,-0.000227449044691462,0,124.495677233429,0,-0.0283164228549601
"8475247",2015,0,9.54763327571351e-05,0,27.5650842266462,0,0.00263181315410173
"8475797",2015,0,-6.6638756212227e-05,0,89.5027624309392,0,-0.00596435276595623
"8477887",2015,0,0.000120863544816348,0,63.1578947368421,0,0.00763348704103253
"8476179",2015,0,-5.26249660617192e-05,0,140.782122905028,0,-0.00740865443997387
"8467346",2015,0,-0.00061329678012538,7.87746170678337,124.511278195489,0,-0.0763623660065886
"8477498",2015,0,8.64526515143366e-05,0,40.9090909090909,0,0.00353669938013195
"8474135",2015,0,-5.67902146730616e-05,0,67.1641791044776,0,-0.00381426814968324
"8474291",2015,0,-0.000471316546128673,0,127.127659574468,0,-0.0599173694280601
"8471241",2015,0,-7.67811568564679e-05,0,99.7690531177829,0,-0.00766038331685777
"8471490",2015,0,0.000270919514419756,0,59.7785977859779,0,0.016195188684871
"8473537",2015,0,-0.000185951408068854,0,86.7469879518072,0,-0.0161307245553705
"8476476",2015,0,-0.000165596771567142,17.2248803827751,82.1052631578947,0,-0.013596366507618
"8473992",2015,0,0.00030755532429234,0,70.442842430484,0,0.0216650712477818
"8469542",2015,0,0.000227582141942186,0,118.631178707224,0,0.0269983377513164
"8474497",2015,0,-0.000246231797988346,40.4494382022472,51.5759312320917,0,-0.0126996342802012
"8475795",2015,0,-5.78069006468252e-05,NA,200,NA,-0.011561380129365
"8473647",2015,0,-0.00018849395498629,NA,49.3150684931507,NA,-0.00929559230069377
"8474873",2015,0,-7.83726321286869e-05,0,70.7342295760083,0,-0.00554362775346658
"8473658",2015,0,-0.000902924691391161,15.1898734177215,87.2591671845867,0,-0.0787884566011927
"8475842",2015,0,0.000235730086562898,NA,94.2408376963351,NA,0.0222154008279171
"8476209",2015,0,0.000137760458233625,0,118.248175182482,0,0.0162899227984287
"8467332",2015,0,0.000211767733738519,0,139.975698663426,0,0.0296423364844196
"8477228",2015,0,-0.000120440037985344,NA,109.090909090909,NA,-0.0131389132347648
"8475162",2015,0,0.000463013372758845,NA,74.2268041237113,NA,0.0343680029264297
"8477126",2015,0,-3.12107495856299e-05,0,104.761904761905,0,-0.00326969757563741
"8473911",2015,0,1.28792353835926e-06,0,77.5384615384615,0,9.98636097435487e-05
"8470871",2015,0,-7.58780386677948e-05,0,40.6779661016949,0,-0.00308656428479165
"8474061",2015,0,-4.58025191135324e-05,0,43.1137724550898,0,-0.00197471938693074
"8474606",2015,0,-7.76459541810604e-05,69.2307692307692,79.2660550458716,0,-0.00615468847820515
"8466149",2015,0,-0.000368325882544956,26.2773722627737,144,0,-0.0530389270864737
"8471388",2015,0,-0.000168244092908149,0,132.596685082873,0,-0.0223086090043955
"8475869",2015,0,6.23518071732202e-05,0,48.9241223103058,0,0.00305050744041122
"8471636",2015,0,0.00102496665850474,0,115.620437956204,0,0.118507093946825
"8471840",2015,0,4.08410129921603e-05,0,122.553191489362,0,0.00500519648584773
"8477213",2015,0,0.000402122085316778,0,103.880597014925,0,0.0417726822955937
"8476339",2015,0,-1.26406664945382e-05,NA,124.137931034483,NA,-0.00156918618552889
"8473553",2015,0,-7.30266858892625e-05,69.2307692307692,90,0,-0.00657240173003362
"8474519",2015,0,1.44099957010494e-05,0,13.5338345864662,0,0.000195022498209691
"8477715",2015,0,6.02809468825158e-05,0,163.636363636364,0,0.00986415494441168
"8475154",2015,0,-3.63330139504256e-05,0,211.764705882353,0,-0.00769405001303131
"8471748",2015,0,9.81665592448583e-05,0,78.9594491201224,0,0.00775117743999187
"8476447",2015,0,-0.000167719837596044,NA,196.363636363636,NA,-0.0329340772006777
"8471240",2015,0,-0.000130634368858952,0,39.2727272727273,0,-0.00513036794064249
"8474164",2015,0,-1.35496223432293e-05,0,32.1428571428571,0,-0.000435523575318086
"8470018",2015,0,-0.000281372767748306,0,118.88844140153,0,-0.0334519698104309
"8475194",2015,0,-1.24071405795299e-05,0,138.181818181818,0,-0.00171444124371686
"8475430",2015,0,0.000914518519922528,0,97.7272727272727,0,0.0893734008106107
"8475774",2015,0,-0.00037994867608127,0,101.079913606911,0,-0.0384051793533552
"8474722",2015,0,0.000233452573036264,0,84.7583643122677,0,0.019787058235044
"8474130",2015,0,-2.08751107498818e-05,8.7378640776699,43.0278884462151,0,-0.000898211936648303
"8476158",2015,0,-0.000166879883873934,NA,86.7469879518072,NA,-0.0144763272758111
"8476921",2015,0,0.000166963773413279,0,112.5,0,0.0187834245089939
"8475150",2015,0,4.10268011920008e-05,0,61.0169491525424,0,0.00250333024222378
"8476989",2015,0,0.000345232598262717,0,51.9685039370079,0,0.0179412216419995
"8470798",2015,0,-1.02581132110014e-05,NA,187.012987012987,NA,-0.00191840039270676
"8471879",2015,0,0.000236017883608047,0,78.9968652037618,0,0.018644672937062
"8476403",2015,0,-0.00118308483540748,0,143.06269270298,0,-0.169255302249457
"8475309",2015,0,0.000527007848633776,0,111.834319526627,0,0.0589375641371502
"8475294",2015,0,-0.000522132407191743,0,60.5769230769231,0,-0.0316291746664229
"8475213",2015,0,8.16501883050584e-05,13.8996138996139,60.7594936708861,0,0.00496102409954785
"8474748",2015,0,0.00111620887405597,0,116.599190283401,0,0.130149050902073
"8475224",2015,0,-0.000937869724650502,0,193.288590604027,0,-0.181279517247882
"8475342",2015,0,0.000285896786747053,0,206.896551724138,0,0.0591510593269766
"8476870",2015,0,-7.0183804187132e-05,0,34.2857142857143,0,-0.00240630185784453
"8476886",2015,0,8.52549867845624e-05,0,32.7272727272727,0,0.00279016320385841
"8475243",2015,0,9.60010128433719e-05,NA,150,NA,0.0144001519265058
"8477127",2015,0,0.000117928429794024,0,161.797752808989,0,0.0190805549329656
"8476452",2015,0,6.70184969696864e-05,0,92.604501607717,0,0.00620621451037611
"8470714",2015,0,0.000151378840955732,102.857142857143,49.6551724137931,0,0.00751674244745702
"8477429",2015,0,0.000153387607763612,0,1200,0,0.184065129316335
"8475157",2015,0,2.33774548903275e-05,0,53.7313432835821,0,0.00125610205380864
