"player_id","team_abbrev","gp_onice","cf_5v5","ca_5v5","gf_5v5","ga_5v5","ev_goals","ev_assists","pp_goals","pp_assists","pk_ga","pp_shots","pk_shots_against","pp_gf_onice","pk_ga_onice","xg_for_5v5","xg_against_5v5","pen_taken","pen_drawn","toi_5v5_sec","toi_pp_sec","toi_pk_sec","cf_pct_5v5","gf_per60_5v5","ga_per60_5v5","ev_points_per60","pp_points_per60","pk_ga_per60","pk_save_pct","pp_gf_onice_per60","pk_ga_onice_per60","xg_for_per60_5v5","xg_against_per60_5v5","toi_all_tracked_sec","pen_taken_per60","pen_drawn_per60","penalty_diff_per60"
"8467950","OTT",34,1335,1446,58,69,0,0,0,1,2,214,299,12,22,55.8667870613281,61.8752520871931,0,3,86987,8039,9428,48,2.4,2.86,0,0.45,0.76,0.9933,5.37,8.4,2.312,2.561,104454,0,0.1,0.1
"8468493","OTT",64,912,1029,43,43,1,7,0,0,0,23,356,0,29,39.3724497773219,44.5320446642581,6,3,63548,2234,10508,47,2.44,2.44,0.45,0,0,1,0,9.94,2.23,2.523,76290,0.28,0.14,-0.14
"8471676","OTT",24,270,233,11,6,4,3,0,0,1,86,2,2,0,10.6357695459155,10.1051243867259,6,3,15749,2818,361,53.7,2.51,1.37,1.6,0,9.97,0.5,2.56,0,2.431,2.31,18928,1.14,0.57,-0.57
"8473573","OTT",49,516,590,17,31,9,4,5,1,2,118,27,7,2,19.9543891286594,25.5842704031966,4,5,34024,4237,1284,46.7,1.8,3.28,1.38,5.1,5.61,0.9259,5.95,5.61,2.111,2.707,39545,0.36,0.46,0.1
"8474162","TOR",53,998,869,53,48,6,14,0,0,1,29,207,1,14,44.2869074349292,38.8335532056517,19,13,57104,2599,6281,53.5,3.34,3.03,1.26,0,0.57,0.9952,1.39,8.02,2.792,2.448,65984,1.04,0.71,-0.33
"8474589","OTT",70,808,823,36,40,11,16,5,5,0,233,12,14,0,37.7796965902671,36.9569987942232,10,16,52089,6810,1141,49.5,2.49,2.76,1.87,5.29,0,1,7.4,0,2.611,2.554,60040,0.6,0.96,0.36
"8474697","OTT",53,658,843,30,38,5,10,1,0,0,4,227,1,12,28.6628345590434,34.1094160134671,14,5,47675,811,6846,43.8,2.27,2.87,1.13,4.44,0,1,4.44,6.31,2.164,2.576,55332,0.91,0.33,-0.58
"8475166","TOR",63,1009,876,46,53,13,17,6,12,4,309,6,31,0,46.4791456826497,41.642697889416,12,16,59305,7594,1202,53.5,2.79,3.22,1.82,8.53,11.98,0.3333,14.7,0,2.821,2.528,68101,0.63,0.85,0.22
"8475197","TOR",70,1349,1178,59,62,4,21,1,10,3,269,12,21,0,57.798657274514,55.0016439096071,8,5,76225,8951,1475,53.4,2.79,2.93,1.18,4.42,7.32,0.75,8.45,0,2.73,2.598,86651,0.33,0.21,-0.12
"8475716","TOR",26,328,324,14,17,1,3,0,0,0,3,66,0,7,15.1911398950033,14.4795648555155,7,4,20656,348,2245,50.3,2.44,2.96,0.7,0,0,1,0,11.22,2.648,2.524,23249,1.08,0.62,-0.46
"8475883","TOR",52,2472,2266,118,105,0,0,0,0,6,330,379,27,28,111.979208537668,99.6531417749356,0,4,147147,11743,13590,52.2,2.89,2.57,0,0,1.59,0.9842,8.28,7.42,2.74,2.438,172480,0,0.08,0.08
"8476331","OTT",59,962,883,39,38,0,7,0,0,1,73,239,2,13,42.4518337202608,37.3385532322573,16,7,58010,3193,7469,52.1,2.42,2.36,0.43,0,0.48,0.9958,2.25,6.27,2.634,2.317,68672,0.84,0.37,-0.47
"8476406","WPG",63,353,444,11,9,3,3,0,0,0,7,181,1,9,12.7027786424151,17.8043178320513,10,3,29320,663,3899,44.3,1.35,1.11,0.74,0,0,1,5.43,8.31,1.56,2.186,33882,1.06,0.32,-0.74
"8476419","OTT",67,909,975,35,39,14,8,5,4,0,181,266,15,19,37.6903179575456,38.1682188799023,7,16,58732,5506,8142,48.2,2.15,2.39,1.35,5.88,0,1,9.81,8.4,2.31,2.34,72380,0.35,0.8,0.45
"8476853","TOR",47,932,863,44,40,2,15,0,7,2,184,149,14,19,42.1862303582602,39.5861286955187,12,3,52623,5342,5750,51.9,3.01,2.74,1.16,4.72,1.25,0.9866,9.43,11.9,2.886,2.708,63715,0.68,0.17,-0.51
"8476879","TOR",56,877,886,35,35,1,7,0,0,1,14,265,0,20,39.5500798574649,38.7837087258231,10,5,57154,1674,7168,49.7,2.2,2.2,0.5,0,0.5,0.9962,0,10.04,2.491,2.443,65996,0.55,0.27,-0.28
"8476919","OTT",71,844,932,38,51,7,19,1,2,2,104,277,5,22,36.3138845084468,40.9641402289853,9,13,57092,4344,8226,47.5,2.4,3.22,1.64,2.49,0.88,0.9928,4.14,9.63,2.29,2.583,69662,0.47,0.67,0.2
"8477015","OTT",71,971,1041,41,51,12,22,3,1,4,197,327,7,27,41.1447512545856,43.7915553717758,10,10,64713,6897,9188,48.3,2.28,2.84,1.89,2.09,1.57,0.9878,3.65,10.58,2.289,2.436,80798,0.45,0.45,0
"8477021","TOR",65,796,727,46,45,8,19,1,0,2,110,29,4,1,36.4229862316861,34.5085316691548,16,11,47942,5686,1844,52.3,3.45,3.38,2.03,0.63,3.9,0.931,2.53,1.95,2.735,2.591,55472,1.04,0.71,-0.33
"8477149","OTT",35,210,262,7,13,2,4,0,0,0,2,3,0,0,7.2261401314172,10.2555572501733,9,6,14243,176,205,44.5,1.77,3.29,1.52,0,0,1,0,0,1.826,2.592,14624,2.22,1.48,-0.74
"8477341","TOR",43,599,518,27,23,3,11,3,1,2,152,11,11,0,27.2078123482061,23.0480899107642,7,11,33808,3927,1175,53.6,2.88,2.45,1.49,3.67,6.13,0.8182,10.08,0,2.897,2.454,38910,0.65,1.02,0.37
"8477407","OTT",66,766,837,36,34,13,14,5,3,3,254,101,15,7,35.478007715079,37.1158741895924,9,11,48849,7376,4730,47.8,2.65,2.51,1.99,3.9,2.28,0.9703,7.32,5.33,2.615,2.735,60955,0.53,0.65,0.12
"8477512","TOR",61,404,472,17,21,7,5,0,0,0,4,120,0,13,15.967543709965,19.0570447072969,5,8,29304,1093,3132,46.1,2.09,2.58,1.47,0,0,1,0,14.94,1.962,2.341,33529,0.54,0.86,0.32
"8477939","TOR",68,1053,878,49,47,21,18,7,8,3,294,3,25,0,50.1328825202654,41.7540798456757,6,12,60088,8342,1226,54.5,2.94,2.82,2.34,6.47,8.81,0,10.79,0,3.004,2.502,69656,0.31,0.62,0.31
"8477953","TOR",69,834,777,35,41,10,16,0,3,4,107,171,5,15,34.4760103466106,37.5278094236273,6,18,50242,5908,6778,51.8,2.51,2.94,1.86,1.83,2.12,0.9766,3.05,7.97,2.47,2.689,62928,0.34,1.03,0.69
"8478400","OTT",61,740,755,29,34,5,13,1,3,3,192,20,8,1,32.9389024048578,32.1227251579403,15,11,46754,6578,1691,49.5,2.23,2.62,1.39,2.19,6.39,0.85,4.38,2.13,2.536,2.473,55023,0.98,0.72,-0.26
"8478469","OTT",71,1473,1437,61,66,6,20,0,11,4,339,39,17,2,63.8604501200025,61.2500356259407,21,11,89808,10965,3599,50.6,2.45,2.65,1.04,3.61,4,0.8974,5.58,2,2.56,2.455,104372,0.72,0.38,-0.34
"8478483","TOR",59,904,813,43,44,7,26,5,17,4,309,215,30,16,44.1613177577965,36.2351872347645,8,13,56546,8035,5973,52.6,2.74,2.8,2.1,9.86,2.41,0.9814,13.44,9.64,2.812,2.307,70554,0.41,0.66,0.25
"8478488","OTT",31,227,217,8,14,3,3,0,0,0,3,5,0,0,8.70075880835066,8.57053362886654,5,1,15528,428,234,51.1,1.85,3.25,1.39,0,0,1,0,0,2.017,1.987,16190,1.11,0.22,-0.89
"8478857","TOR",44,300,341,14,12,4,5,0,0,0,4,7,0,0,11.6392071453738,14.6356972068897,8,7,20867,701,523,46.8,2.42,2.07,1.55,0,0,1,0,0,2.008,2.525,22091,1.3,1.14,-0.16
"8479318","TOR",70,1243,1050,64,45,30,15,12,12,3,364,5,33,0,60.2909368321998,47.3966085966676,4,14,70691,9244,1860,54.2,3.26,2.29,2.29,9.35,5.81,0.4,12.85,0,3.07,2.414,81795,0.18,0.62,0.44
"8479458","OTT",58,947,1174,32,54,0,9,0,0,0,14,299,1,20,38.6439626036445,49.077287328837,11,2,63920,1319,8751,44.6,1.8,3.04,0.51,0,0,1,2.73,8.23,2.176,2.764,73990,0.54,0.1,-0.44
"8479675","TOR",42,409,446,17,22,5,3,0,0,0,40,82,2,4,16.5054560041754,20.7092213453143,3,9,26098,2140,3596,47.8,2.35,3.03,1.1,0,0,1,3.36,4,2.277,2.857,31834,0.34,1.02,0.68
"8480073","OTT",31,353,383,12,19,0,2,0,1,2,71,9,3,2,14.5105246907915,16.1761726524564,8,6,22861,2929,647,48,1.89,2.99,0.31,1.23,11.13,0.7778,3.69,11.13,2.285,2.547,26437,1.09,0.82,-0.27
"8480208","OTT",23,276,312,7,15,2,2,1,5,1,81,8,8,0,10.8795707990066,12.9141601342126,4,4,17811,2077,597,46.9,1.41,3.03,0.81,10.4,6.03,0.875,13.87,0,2.199,2.61,20485,0.7,0.7,0
"8480801","OTT",71,1124,1047,45,51,17,14,2,6,2,317,20,18,1,52.0339113115333,44.8199287433526,28,41,63908,9019,2793,51.8,2.53,2.87,1.75,3.19,2.58,0.9,7.18,1.29,2.931,2.525,75720,1.33,1.95,0.62
"8480873","TOR",28,363,299,16,21,1,6,0,0,1,18,15,0,0,15.7360493423766,15.4621622511186,5,4,20947,1491,1032,54.8,2.75,3.61,1.2,0,3.49,0.9333,0,0,2.704,2.657,23470,0.77,0.61,-0.16
"8481624","TOR",39,543,472,27,23,6,15,0,0,1,9,93,0,8,23.1078268657438,21.6291828778922,2,5,30585,914,3766,53.5,3.18,2.71,2.47,0,0.96,0.9892,0,7.65,2.72,2.546,35265,0.2,0.51,0.31
"8470151","STL",56,719,886,34,33,1,7,0,0,0,13,251,0,15,31.925402422261,40.1363730038865,10,3,60681,2280,6717,44.8,2.02,1.96,0.47,0,0,1,0,8.04,1.894,2.381,69678,0.52,0.15,-0.37
"8470257","STL",55,509,510,29,21,6,9,0,1,0,27,217,2,19,23.6879284966853,21.4462299956358,6,10,37122,2011,5137,50,2.81,2.04,1.45,1.79,0,1,3.58,13.32,2.297,2.08,44270,0.49,0.81,0.32
"8471214","WSH",68,1009,937,49,56,27,10,12,6,7,503,15,37,0,45.8731595676509,43.5946930212667,15,13,60701,15220,2169,51.8,2.91,3.32,2.19,4.26,11.62,0.5333,8.75,0,2.721,2.585,78090,0.69,0.6,-0.09
"8471698","WSH",69,874,861,53,46,15,15,9,2,4,389,23,27,0,41.0052842716686,39.2404712132993,12,25,57022,10412,2311,50.4,3.35,2.9,1.89,3.8,6.23,0.8261,9.34,0,2.589,2.477,69745,0.62,1.29,0.67
"8473563","WSH",61,881,779,44,46,6,16,3,17,2,362,35,27,2,39.8361116931192,35.2741447439766,7,10,51402,9718,2692,53.1,3.08,3.22,1.54,7.41,2.67,0.9429,10,2.67,2.79,2.47,63812,0.39,0.56,0.17
"8474102","STL",71,883,782,46,37,12,17,8,15,3,362,17,30,0,37.6905117121642,38.1569210950984,26,16,62157,9098,2090,53,2.66,2.14,1.68,9.1,5.17,0.8235,11.87,0,2.183,2.21,73345,1.28,0.79,-0.49
"8474145","STL",42,352,347,23,11,2,4,0,0,0,13,185,0,15,15.7471522626001,16.2869701044983,7,6,27196,702,4434,50.4,3.04,1.46,0.79,0,0,1,0,12.18,2.084,2.156,32332,0.78,0.67,-0.11
"8474176","WSH",58,616,542,29,19,5,13,1,0,3,12,217,1,16,24.9479888199712,24.9991728791501,8,4,40104,1527,6547,53.2,2.6,1.71,1.62,2.36,1.65,0.9862,2.36,8.8,2.239,2.244,48178,0.6,0.3,-0.3
"8474189","WSH",69,897,734,38,37,10,17,2,4,5,162,235,11,20,38.9187686169753,34.7831965889782,24,20,50919,8431,7301,55,2.69,2.62,1.91,2.56,2.47,0.9787,4.7,9.86,2.752,2.459,66651,1.3,1.08,-0.22
"8474565","STL",70,1168,1016,68,52,8,17,5,14,3,372,194,31,15,53.1303312454256,47.6995185721898,10,10,77997,9991,7427,53.5,3.14,2.4,1.15,6.85,1.45,0.9845,11.17,7.27,2.452,2.202,95415,0.38,0.38,0
"8474590","WSH",69,1214,1138,68,61,10,29,3,20,4,440,174,31,10,53.9464062782354,52.3888854483375,13,8,74306,12567,6960,51.6,3.29,2.96,1.89,6.59,2.07,0.977,8.88,5.17,2.614,2.538,93833,0.5,0.31,-0.19
"8474651","WSH",48,2030,1915,97,100,0,0,0,0,5,386,404,27,32,93.9253957318724,88.3921230072738,2,0,127934,14638,14231,51.5,2.73,2.81,0,0,1.26,0.9876,6.64,8.1,2.643,2.487,156803,0.05,0,-0.05
"8475098","STL",67,678,653,31,25,10,14,2,1,3,165,142,12,8,28.9943804959184,26.7723282625666,5,7,46970,6991,4568,50.9,2.38,1.92,1.84,1.54,2.36,0.9789,6.18,6.3,2.222,2.052,58529,0.31,0.43,0.12
"8475158","STL",71,873,769,53,35,7,28,2,15,2,350,283,29,22,39.6789923735778,35.9434724220773,5,11,66003,8825,6582,53.2,2.89,1.91,1.91,6.93,1.09,0.9929,11.83,12.03,2.164,1.96,81410,0.22,0.49,0.27
"8475170","STL",71,851,825,46,30,16,18,9,10,3,339,26,33,1,38.166139100329,37.4884076272137,17,10,62390,8269,3012,50.8,2.65,1.73,1.96,8.27,3.59,0.8846,14.37,1.2,2.202,2.163,73671,0.83,0.49,-0.34
"8475200","WSH",69,1266,1094,57,57,2,16,1,5,5,131,80,12,9,59.5891350328457,50.8672575881938,18,11,73671,8146,4847,53.6,2.79,2.79,0.88,2.65,3.71,0.9375,5.3,6.68,2.912,2.486,86664,0.75,0.46,-0.29
"8475209","WSH",59,593,499,33,17,9,12,0,1,1,28,31,1,3,26.0476814999129,24.2194130402058,13,10,35387,1561,2312,54.3,3.36,1.73,2.14,2.31,1.56,0.9677,2.31,4.67,2.65,2.464,39260,1.19,0.92,-0.27
"8475324","WSH",68,913,899,37,39,0,6,0,2,0,19,190,3,9,41.6870095237391,38.609562351834,4,8,60075,2176,8086,50.4,2.22,2.34,0.36,3.31,0,1,4.96,4.01,2.498,2.314,70337,0.2,0.41,0.21
"8475343","WSH",56,442,381,21,14,4,8,0,0,0,10,170,1,11,19.4731336212135,15.6889306291123,9,5,28341,1246,5910,53.7,2.67,1.78,1.52,0,0,1,2.89,6.7,2.474,1.993,35497,0.91,0.51,-0.4
"8475462","WSH",63,811,785,45,39,2,11,0,0,2,16,247,0,22,36.0388226021314,37.7355574800167,15,7,52319,1811,7598,50.8,3.1,2.68,0.89,0,0.95,0.9919,0,10.42,2.48,2.597,61728,0.87,0.41,-0.46
"8475753","STL",69,1051,1040,43,51,4,6,1,1,2,120,106,4,8,48.3695315939258,45.5979876254569,16,3,70141,5774,5847,50.3,2.21,2.62,0.51,1.25,1.23,0.9811,2.49,4.93,2.483,2.34,81762,0.7,0.13,-0.57
"8475765","STL",10,107,95,6,5,1,4,2,2,1,35,1,4,0,4.46009283862077,4.55196149961557,0,2,7857,1082,267,53,2.75,2.29,2.29,13.31,13.48,0,13.31,0,2.044,2.086,9206,0,0.78,0.78
"8475768","STL",71,872,772,43,28,9,25,8,10,3,333,24,31,1,38.9955873758881,35.4635567351943,9,22,61671,8117,2919,53,2.51,1.63,1.98,7.98,3.7,0.875,13.75,1.23,2.276,2.07,72707,0.45,1.09,0.64
"8476412","STL",50,1976,1942,104,84,0,1,0,0,4,365,362,33,30,88.3506820690818,88.8627118871664,2,0,142457,13071,12571,50.4,2.63,2.12,0.03,0,1.15,0.989,9.09,8.59,2.233,2.246,168099,0.04,0,-0.04
"8476880","WSH",68,880,852,42,57,10,15,5,3,4,185,239,15,18,40.2082717600861,40.5781312598847,29,24,54143,8130,7676,50.8,2.79,3.79,1.66,3.54,1.88,0.9833,6.64,8.44,2.673,2.698,69949,1.49,1.24,-0.25
"8476892","STL",64,986,1013,50,40,6,14,3,2,0,81,182,10,17,43.914796916768,46.5303108979715,8,8,71652,4609,7723,49.3,2.51,2.01,1,3.91,0,1,7.81,7.92,2.206,2.338,83984,0.34,0.34,0
"8476894","WSH",61,493,432,21,18,3,7,0,1,1,41,7,2,0,21.4576847189455,17.8162658875226,4,7,30092,2435,469,53.3,2.51,2.15,1.2,1.48,7.68,0.8571,2.96,0,2.567,2.131,32996,0.44,0.76,0.32
"8476897","STL",57,571,607,28,26,11,9,0,0,0,24,121,0,8,28.0184839793365,27.7047112199361,14,15,39378,2228,5559,48.5,2.56,2.38,1.83,0,0,1,0,5.18,2.561,2.533,47165,1.07,1.14,0.07
"8476905","VGK",65,775,649,40,23,7,13,1,1,2,75,92,6,8,36.5643840684206,26.6920466483571,7,5,45480,3746,4788,54.4,3.17,1.82,1.58,1.92,1.5,0.9783,5.77,6.02,2.894,2.113,54014,0.47,0.33,-0.14
"8477903","WSH",66,592,521,21,19,8,6,0,0,0,7,92,0,4,26.7449573116028,20.1258283079951,17,28,35815,1324,4677,53.2,2.11,1.91,1.41,0,0,1,0,3.08,2.688,2.023,41816,1.46,2.41,0.95
"8477944","WSH",69,836,783,49,42,23,15,0,11,3,191,20,16,1,41.8007032389287,35.5502428768668,9,10,50367,7647,1121,51.6,3.5,3,2.72,5.18,9.63,0.85,7.53,3.21,2.988,2.541,59135,0.55,0.61,0.06
"8477952","DET",61,631,767,28,47,9,12,6,2,5,184,5,13,0,27.8172680480056,37.4610861775,10,19,47352,7282,1039,45.1,2.13,3.57,1.6,3.95,17.32,0,6.43,0,2.115,2.848,55673,0.65,1.23,0.58
"8477964","STL",69,639,719,27,29,8,14,0,0,0,18,145,0,14,28.6833849197137,34.4849188076332,9,16,45633,2077,6680,47.1,2.13,2.29,1.74,0,0,1,0,7.54,2.263,2.721,54390,0.6,1.06,0.46
"8478104","STL",40,381,391,16,16,6,6,0,0,1,36,4,3,0,17.3267843931681,16.0174341777456,10,11,27317,2031,428,49.4,2.11,2.11,1.58,0,8.41,0.75,5.32,0,2.283,2.111,29776,1.21,1.33,0.12
"8478399","WSH",64,716,743,32,29,2,7,0,0,0,12,303,0,24,33.1850874928641,31.173542795761,19,17,48889,1301,8313,49.1,2.36,2.14,0.66,0,0,1,0,10.39,2.444,2.296,58503,1.17,1.05,-0.12
"8478407","STL",71,930,755,53,32,7,7,2,6,2,166,19,13,0,41.0299276144942,35.231913389056,11,9,58217,6777,2480,55.2,3.28,1.98,0.87,4.25,2.9,0.8947,6.91,0,2.537,2.179,67474,0.59,0.48,-0.11
"8480023","STL",66,707,661,46,26,9,25,1,6,1,141,14,10,0,32.0031508348766,29.3600388083723,8,9,47622,6536,1351,51.7,3.48,1.97,2.57,3.86,2.66,0.9286,5.51,0,2.419,2.219,55509,0.52,0.58,0.06
"8480796","WSH",6,80,70,5,7,0,1,0,0,0,0,2,0,0,2.87221552955452,3.77849638892803,3,0,5224,41,354,53.3,3.45,4.82,0.69,0,0,1,0,0,1.979,2.604,5619,1.92,0,-1.92
"8469608","EDM",39,1495,1591,72,84,0,0,0,2,5,270,264,30,14,70.985798232141,70.9925780837075,3,2,104698,9545,8724,48.4,2.48,2.89,0,0.75,2.06,0.9811,11.31,5.78,2.441,2.441,122967,0.09,0.06,-0.03
"8470626","VAN",49,482,490,18,26,4,3,0,0,0,8,96,1,8,20.3972257576534,21.5895658104564,6,1,29702,1303,4192,49.6,2.18,3.15,0.85,0,0,1,2.76,6.87,2.472,2.617,35197,0.61,0.1,-0.51
"8471303","VAN",59,1003,1095,50,46,4,18,0,4,1,91,320,9,22,41.0170949359308,47.2796036348445,26,14,61752,5047,8502,47.8,2.91,2.68,1.28,2.85,0.42,0.9969,6.42,9.32,2.391,2.756,75301,1.24,0.67,-0.57
"8471707","EDM",55,662,635,25,31,7,6,9,5,6,245,12,25,1,28.2613504395704,28.1740240801009,6,7,43219,7180,942,51,2.08,2.58,1.08,7.02,22.93,0.5,12.53,3.82,2.354,2.347,51341,0.42,0.49,0.07
"8471729","EDM",55,538,706,20,22,0,8,0,0,0,10,192,0,12,25.0514887619065,29.6060709764715,7,5,46089,1505,6182,43.2,1.56,1.72,0.62,0,0,1,0,6.99,1.957,2.313,53776,0.47,0.33,-0.14
"8474091","VAN",44,414,514,19,19,6,6,1,3,0,49,155,5,11,16.6074776595342,21.2694282771554,5,11,29431,3002,5284,44.6,2.32,2.32,1.47,4.8,0,1,6,7.49,2.031,2.602,37717,0.48,1.05,0.57
"8474291","VAN",55,354,640,10,27,1,5,0,1,1,7,266,1,15,16.2258261195966,26.997898622998,14,9,31137,1757,7001,35.6,1.16,3.12,0.69,2.05,0.51,0.9962,2.05,7.71,1.876,3.121,39895,1.26,0.81,-0.45
"8474574","VAN",68,1172,1208,49,57,4,9,1,5,1,131,165,12,10,50.4103148216964,53.7357712423545,22,11,70266,6538,7366,49.2,2.51,2.92,0.67,3.3,0.49,0.9939,6.61,4.89,2.583,2.753,84170,0.94,0.47,-0.47
"8474593","VAN",43,1834,1995,83,84,0,0,0,1,3,395,375,29,24,77.5632385166828,88.1797339294571,2,4,118082,14383,13455,47.9,2.53,2.56,0,0.25,0.8,0.992,7.26,6.42,2.365,2.688,145920,0.05,0.1,0.05
"8474818","VAN",44,485,639,20,29,1,5,0,0,0,7,145,0,8,21.5070966432686,29.5791081056814,6,7,34802,1620,5504,43.1,2.07,3,0.62,0,0,1,0,5.23,2.225,3.06,41926,0.52,0.6,0.08
"8475163","EDM",65,624,615,21,19,5,5,6,7,3,243,6,32,0,25.9710844728397,26.7835237388499,10,4,42317,6504,804,50.4,1.79,1.62,0.85,7.2,13.43,0.5,17.71,0,2.209,2.279,49625,0.73,0.29,-0.44
"8475178","EDM",59,778,806,50,40,14,18,1,0,5,28,7,2,0,40.2375592614408,40.2365937298746,17,7,49735,2652,1014,49.1,3.62,2.9,2.32,1.36,17.75,0.2857,2.71,0,2.913,2.912,53401,1.15,0.47,-0.68
"8475690","VAN",69,882,1066,46,54,1,13,0,1,1,19,387,2,23,41.6209316265304,50.0719485865557,13,8,63738,2649,10082,45.3,2.6,3.05,0.79,1.36,0.36,0.9974,2.72,8.21,2.351,2.828,76469,0.61,0.38,-0.23
"8475907","VAN",14,80,112,5,7,1,3,0,0,2,23,4,0,0,3.32010742742568,5.69487102614949,1,1,7010,825,382,41.7,2.57,3.59,2.05,0,18.85,0.5,0,0,1.705,2.925,8217,0.44,0.44,0
"8476326","EDM",62,496,641,20,37,7,6,0,0,0,11,259,0,11,20.9153136764653,28.5584730219562,6,9,39758,1773,5849,43.6,1.81,3.35,1.18,0,0,1,0,6.77,1.894,2.586,47380,0.46,0.68,0.22
"8476410","VAN",36,456,399,21,17,7,8,0,4,0,93,12,11,1,19.0113256482291,19.1618840328883,2,10,26098,4310,924,53.3,2.9,2.35,2.07,3.34,0,1,9.19,3.9,2.622,2.643,31332,0.23,1.15,0.92
"8476440","EDM",34,271,274,7,9,3,1,0,0,0,7,71,0,7,10.9104137639515,10.5021498735878,7,5,18582,735,2367,49.7,1.36,1.74,0.77,0,0,1,0,10.65,2.114,2.035,21684,1.16,0.83,-0.33
"8476454","EDM",65,879,894,43,32,12,18,8,14,6,392,158,46,8,39.7166401001159,39.4217219689162,14,9,57575,10399,7054,49.6,2.69,2,1.88,7.62,3.06,0.962,15.92,4.08,2.483,2.465,75028,0.67,0.43,-0.24
"8476457","EDM",49,711,816,31,36,1,5,0,0,1,14,128,1,5,32.0279607378761,35.0692287316779,10,3,50622,1179,4218,46.6,2.2,2.56,0.43,0,0.85,0.9922,3.05,4.27,2.278,2.494,56019,0.64,0.19,-0.45
"8476468","VAN",69,1081,920,61,38,17,25,9,15,3,407,79,35,6,48.645697738626,41.7693653634051,16,13,61733,11813,4305,54,3.56,2.22,2.45,7.31,2.51,0.962,10.67,5.02,2.837,2.436,77851,0.74,0.6,-0.14
"8476472","EDM",62,978,1099,45,53,3,14,2,13,8,374,270,42,16,45.1775791406981,47.0249815781717,11,7,70022,10390,8309,47.1,2.31,2.72,0.87,5.2,3.47,0.9704,14.55,6.93,2.323,2.418,88721,0.45,0.28,-0.17
"8476871","VAN",69,877,903,33,44,12,14,2,6,0,157,153,14,9,37.9963045059703,41.7557554098312,11,9,53763,7108,4332,49.3,2.21,2.95,1.74,4.05,0,1,7.09,7.48,2.544,2.796,65203,0.61,0.5,-0.11
"8476915","EDM",64,496,629,15,32,6,2,0,0,0,20,136,0,6,19.5774725535302,27.6681885930593,14,13,39377,1781,5569,44.1,1.37,2.93,0.73,0,0,1,0,3.88,1.79,2.53,46727,1.08,1,-0.08
"8476988","EDM",43,426,455,24,14,1,7,0,0,0,4,42,0,2,19.4845471850713,19.5566123055178,5,5,30675,902,2029,48.4,2.82,1.64,0.94,0,0,1,0,3.55,2.287,2.295,33606,0.54,0.54,0
"8477213","VAN",53,338,522,9,28,3,1,2,0,1,7,210,2,13,14.6293327705353,23.0256405004766,7,7,28301,1461,5768,39.3,1.14,3.56,0.51,4.93,0.62,0.9952,4.93,8.11,1.861,2.929,35530,0.71,0.71,0
"8477498","EDM",71,1260,1325,63,68,5,21,0,6,5,97,248,9,12,60.6670108197723,62.2632442838512,19,7,79467,6902,8347,48.7,2.85,3.08,1.18,3.13,2.16,0.9798,4.69,5.18,2.748,2.821,94716,0.72,0.27,-0.45
"8477500","VAN",69,981,969,36,44,4,21,12,3,4,388,65,30,5,42.5985104069696,45.3316674431553,8,14,60877,11626,2975,50.3,2.13,2.6,1.48,4.64,4.84,0.9385,9.29,6.05,2.519,2.681,75478,0.38,0.67,0.29
"8477529","EDM",11,60,89,1,4,1,0,0,0,0,4,18,0,2,2.25210887321737,2.65683181968052,2,1,5485,270,547,40.3,0.66,2.63,0.66,0,0,1,0,13.16,1.478,1.744,6302,1.14,0.57,-0.57
"8477934","EDM",71,1110,1147,71,59,21,36,15,27,12,437,108,52,3,57.2858916323166,55.604160204879,9,20,71820,12533,5001,49.2,3.56,2.96,2.86,12.06,8.64,0.8889,14.94,2.16,2.871,2.787,89354,0.36,0.81,0.45
"8477937","VAN",69,783,789,32,33,12,15,5,3,1,93,18,9,0,33.6962561356486,35.9249559527962,13,19,46616,4455,1271,49.8,2.47,2.55,2.09,6.46,2.83,0.9444,7.27,0,2.602,2.774,52342,0.89,1.31,0.42
"8478402","EDM",64,991,1043,65,54,21,30,10,30,11,412,11,48,0,53.3157128143939,51.7524722209782,14,24,64906,11666,2107,48.7,3.61,3,2.83,12.34,18.79,0,14.81,0,2.957,2.87,78679,0.64,1.1,0.46
"8478444","VAN",57,758,657,45,35,11,19,3,7,3,357,13,26,0,32.8278391208733,28.8206964817946,6,8,47330,10222,2159,53.6,3.42,2.66,2.28,3.52,5,0.7692,9.16,0,2.497,2.192,59711,0.36,0.48,0.12
"8478451","EDM",71,1199,1252,61,67,5,14,0,1,4,74,217,6,10,57.4560456473846,59.8954448795994,14,11,75990,5792,7716,48.9,2.89,3.17,0.9,0.62,1.87,0.9816,3.73,4.67,2.722,2.838,89498,0.56,0.44,-0.12
"8479442","VAN",69,915,990,42,35,5,10,0,1,0,17,60,1,3,37.0457945455564,41.7045028625289,11,13,56764,2036,3527,48,2.66,2.22,0.95,1.77,0,1,1.77,3.06,2.349,2.645,62327,0.64,0.75,0.11
"8480012","VAN",68,980,798,62,36,19,20,8,16,3,420,18,35,0,45.4955644301954,34.9276394228218,9,31,57435,11543,2404,55.1,3.89,2.26,2.44,7.49,4.49,0.8333,10.92,0,2.852,2.189,71382,0.45,1.56,1.11
"8480800","VAN",68,1132,976,57,50,4,19,3,20,4,422,21,34,1,53.4295080566662,47.0653738187393,11,15,69120,12313,2383,53.7,2.97,2.6,1.2,6.72,6.04,0.8095,9.94,1.51,2.783,2.451,83816,0.47,0.64,0.17
"8481638","EDM",33,238,296,13,14,1,6,1,0,0,16,8,1,0,13.1963887890452,10.8367534716381,4,9,18651,1483,503,44.6,2.51,2.7,1.35,2.43,0,1,2.43,0,2.547,2.092,20637,0.7,1.57,0.87
"8481813","EDM",58,424,442,12,15,4,3,0,1,0,24,15,1,1,16.6973571766866,17.1248814042774,3,13,29867,2300,737,49,1.45,1.81,0.84,1.57,0,1,1.57,4.88,2.013,2.064,32904,0.33,1.42,1.09
"8466138","SJS",70,869,748,32,45,4,18,3,5,1,230,11,15,0,37.2934726965032,36.921954489022,12,8,52943,7789,1626,53.7,2.18,3.06,1.5,3.7,2.21,0.9091,6.93,0,2.536,2.511,62358,0.69,0.46,-0.23
"8468674","VGK",49,643,645,31,30,1,3,0,0,0,16,291,0,18,29.7248632555711,26.9520044217934,11,5,41619,791,7676,49.9,2.68,2.59,0.35,0,0,1,0,8.44,2.571,2.331,50086,0.79,0.36,-0.43
"8470594","VGK",49,2374,1902,102,92,0,0,0,0,3,425,401,29,31,112.761668605497,80.9463700124761,4,7,138370,13169,13853,55.5,2.65,2.39,0,0,0.78,0.9925,7.93,8.06,2.934,2.106,165392,0.09,0.15,0.06
"8470613","SJS",70,1251,1270,57,70,7,15,5,12,5,330,227,19,9,53.5297207860858,58.8977551334538,17,8,81353,9949,9430,49.6,2.52,3.1,0.97,6.15,1.91,0.978,6.88,3.44,2.369,2.606,100732,0.61,0.29,-0.32
"8471669","VGK",71,974,750,39,34,11,12,4,5,2,338,122,23,13,44.9312217347906,32.8646807587356,12,12,55871,8104,4878,56.5,2.51,2.19,1.48,4,1.48,0.9836,10.22,9.59,2.895,2.118,68853,0.63,0.63,0
"8471709","SJS",70,1019,1061,36,56,3,7,0,0,0,28,304,1,15,43.0470163038117,50.7721079494222,4,3,69622,2810,9165,49,1.86,2.9,0.52,0,0,1,1.28,5.89,2.226,2.625,81597,0.18,0.13,-0.05
"8471817","VGK",71,634,573,25,31,8,7,0,0,0,36,1,0,0,30.0872349445708,25.7886312338524,14,12,39763,2459,391,52.5,2.26,2.81,1.36,0,0,1,0,0,2.724,2.335,42613,1.18,1.01,-0.17
"8474053","SJS",52,625,619,27,28,10,9,0,10,3,276,127,16,6,27.3493269834435,29.3569470676011,4,13,42512,5974,5346,50.2,2.29,2.37,1.61,6.03,2.02,0.9764,9.64,4.04,2.316,2.486,53832,0.27,0.87,0.6
"8474157","VGK",71,1186,820,56,40,20,21,7,10,2,356,3,26,0,57.0534360701567,35.2731389896944,17,15,61432,8947,1281,59.1,3.28,2.34,2.4,6.84,5.62,0.3333,10.46,0,3.343,2.067,71660,0.85,0.75,-0.1
"8474207","VGK",61,999,764,38,46,4,6,1,0,1,24,182,1,21,47.1613639095449,32.5180163171026,4,4,58306,1718,6638,56.7,2.35,2.84,0.62,2.1,0.54,0.9945,2.1,11.39,2.912,2.008,66662,0.22,0.22,0
"8474774","SJS",2,17,20,1,1,0,0,0,0,0,0,1,0,0,0.468043246830348,1.14740208350122,1,0,1444,0,64,45.9,2.49,2.49,0,NA,0,1,NA,0,1.167,2.861,1508,2.39,0,-2.39
"8474889","SJS",41,1655,1560,64,92,0,1,0,0,4,305,335,18,15,70.8875409892062,72.4110127405147,0,1,108403,10474,13605,51.5,2.13,3.06,0.03,0,1.06,0.9881,6.19,3.97,2.354,2.405,132482,0,0.03,0.03
"8475188","VGK",71,1146,1024,48,52,1,7,0,0,2,23,375,1,28,56.0815219571814,45.6861888727872,20,15,70030,1718,9585,52.8,2.47,2.67,0.41,0,0.75,0.9947,2.1,10.52,2.883,2.349,81333,0.89,0.66,-0.23
"8475191","VGK",71,947,815,48,42,17,20,3,2,2,256,206,14,16,46.4204591528396,37.0016852433328,10,9,56911,7712,6884,53.7,3.04,2.66,2.34,2.33,1.05,0.9903,6.54,8.37,2.936,2.341,71507,0.5,0.45,-0.05
"8475204","VGK",16,143,159,2,6,0,2,0,0,1,64,0,0,0,7.28597105207155,5.89061751414556,4,2,10315,1634,26,47.4,0.7,2.09,0.7,0,138.46,NA,0,0,2.543,2.056,11975,1.2,0.6,-0.6
"8475455","SJS",69,1015,993,46,54,1,12,0,0,1,20,193,2,11,42.0705683897249,44.6047857711092,32,11,67824,1731,8014,50.5,2.44,2.87,0.69,0,0.45,0.9948,4.16,4.94,2.233,2.368,77569,1.49,0.51,-0.98
"8475750","VGK",49,703,648,30,26,2,3,0,0,2,31,108,2,8,31.7293559973477,24.8611053401255,16,3,44899,1974,4525,52,2.41,2.08,0.4,0,1.59,0.9815,3.65,6.36,2.544,1.993,51398,1.12,0.21,-0.91
"8475834","SJS",66,651,690,26,39,6,11,0,0,1,19,137,0,7,28.675601103052,34.9390949729132,8,15,45986,2196,5553,48.5,2.04,3.05,1.33,0,0.65,0.9927,0,4.54,2.245,2.735,53735,0.54,1,0.46
"8475841","SJS",38,421,363,10,19,1,3,0,1,0,45,10,1,2,17.6230573058128,15.994092415669,1,2,25502,2329,1223,53.7,1.41,2.68,0.56,1.55,0,1,1.55,5.89,2.488,2.258,29054,0.12,0.25,0.13
"8475913","VGK",65,1054,763,50,37,11,26,7,9,2,330,214,23,10,52.6112213279703,31.8481168602011,11,12,56087,8495,6147,58,3.21,2.37,2.37,6.78,1.17,0.9907,9.75,5.86,3.377,2.044,70729,0.56,0.61,0.05
"8476448","VGK",63,946,764,43,38,11,20,2,6,1,235,186,14,18,45.7340454216464,33.1423022913514,3,6,53732,6658,6227,55.3,2.88,2.55,2.08,4.33,0.58,0.9946,7.57,10.41,3.064,2.221,66617,0.16,0.32,0.16
"8476539","VGK",66,986,815,40,40,13,15,6,6,1,296,5,18,0,48.6502173219342,36.7984919819864,14,15,55059,7750,1291,54.7,2.62,2.62,1.83,5.57,2.79,0.8,8.36,0,3.181,2.406,64100,0.79,0.84,0.05
"8476624","SJS",70,754,756,29,39,7,11,0,2,3,82,232,6,14,31.2638775318628,38.1680985568673,21,17,52591,4131,7173,49.9,1.99,2.67,1.23,1.74,1.51,0.9871,5.23,7.03,2.14,2.613,63895,1.18,0.96,-0.22
"8476881","SJS",48,645,565,30,39,10,11,2,5,3,236,99,13,5,29.6857401488232,24.7606222943868,8,10,39865,5520,4289,53.3,2.71,3.52,1.9,4.57,2.52,0.9697,8.48,4.2,2.681,2.236,49674,0.58,0.72,0.14
"8477220","VGK",59,1062,922,46,41,4,15,1,6,2,108,143,9,14,51.1072472078959,42.3689188254648,6,1,61211,5461,5429,53.5,2.71,2.41,1.12,4.61,1.33,0.986,5.93,9.28,3.006,2.492,72101,0.3,0.05,-0.25
"8477447","VGK",71,1411,988,54,43,9,13,1,14,3,448,16,26,2,68.2337740551447,44.5777677806909,10,6,76520,10832,1911,58.8,2.54,2.02,1.04,4.99,5.65,0.8125,8.64,3.77,3.21,2.097,89263,0.4,0.24,-0.16
"8477458","VGK",15,138,153,6,5,1,3,0,0,0,34,2,1,1,5.56520918692695,7.69909659132827,3,1,9625,1061,194,47.4,2.24,1.87,1.5,0,0,1,3.39,18.56,2.082,2.88,10880,0.99,0.33,-0.66
"8477478","VGK",71,655,565,30,29,7,12,0,0,0,13,5,1,0,31.2167352583492,24.503088915837,17,10,39418,1584,566,53.7,2.74,2.65,1.74,0,0,1,2.27,0,2.851,2.238,41568,1.47,0.87,-0.6
"8477922","SJS",61,452,564,18,25,5,6,0,0,0,7,171,0,10,17.6682139487239,24.6536568083102,10,4,36717,1506,5147,44.5,1.76,2.45,1.08,0,0,1,0,6.99,1.732,2.417,43370,0.83,0.33,-0.5
"8477931","VGK",67,616,569,23,27,7,6,0,0,0,23,173,0,14,29.0204992465442,25.1912993724109,9,9,39383,1585,4807,52,2.1,2.47,1.19,0,0,1,0,10.48,2.653,2.303,45775,0.71,0.71,0
"8478099","SJS",70,937,752,30,52,9,11,4,5,3,316,9,18,0,42.266103365575,38.2298113371944,18,17,54722,7769,1648,55.5,1.97,3.42,1.32,4.17,6.55,0.6667,8.34,0,2.781,2.515,64139,1.01,0.95,-0.06
"8478414","SJS",70,965,843,41,57,17,20,3,5,2,253,77,14,5,44.2061023120186,41.9573274460272,16,18,57138,7937,4169,53.4,2.58,3.59,2.33,3.63,1.73,0.974,6.35,4.32,2.785,2.644,69244,0.83,0.94,0.11
"8479580","SJS",50,420,486,20,28,5,5,0,1,2,47,75,3,4,17.2725013949093,22.6722963477368,6,1,29951,2469,2680,46.4,2.4,3.37,1.2,1.46,2.69,0.9733,4.37,5.37,2.076,2.725,35100,0.62,0.1,-0.52
"8479983","SJS",61,741,748,31,49,1,8,0,0,0,24,70,1,2,33.865604229155,36.0548669420532,14,6,50247,2249,4021,49.8,2.22,3.51,0.64,0,0,1,1.6,1.79,2.426,2.583,56517,0.89,0.38,-0.51
"8479996","VGK",39,379,350,12,16,4,2,1,5,1,159,3,12,0,15.9920637152973,15.7806339446688,3,4,26050,3903,554,52,1.66,2.21,0.83,5.53,6.5,0.6667,11.07,0,2.21,2.181,30507,0.35,0.47,0.12
"8480780","SJS",14,90,111,1,5,0,0,0,0,0,5,0,0,0,2.28294014395215,4.15781407454051,4,1,7348,240,104,44.8,0.49,2.45,0,0,0,NA,0,0,1.118,2.037,7692,1.87,0.47,-1.4
"8481515","SJS",4,37,36,1,2,0,0,0,0,0,8,0,0,0,1.26432930538431,3.00078745454084,0,2,2540,439,46,50.7,1.42,2.83,0,0,0,NA,0,0,1.792,4.253,3025,0,2.38,2.38
"8481640","SJS",12,73,105,1,6,0,1,0,0,0,0,5,0,1,2.27986000437522,4.78775294451043,2,4,5565,82,205,41,0.65,3.88,0.65,0,0,1,0,17.56,1.475,3.097,5852,1.23,2.46,1.23
"8470601","TBL",40,466,464,23,19,1,2,0,0,4,12,46,0,3,18.5773973233881,19.5569435235229,8,1,29313,1148,2662,50.1,2.82,2.33,0.37,0,5.41,0.913,0,4.06,2.282,2.402,33123,0.87,0.11,-0.76
"8471735","FLA",69,966,1000,48,38,2,20,2,18,4,454,21,36,4,42.8302664293442,43.6188705345849,10,5,63629,11779,1790,49.1,2.72,2.15,1.24,6.11,8.04,0.8095,11,8.04,2.423,2.468,77198,0.47,0.23,-0.24
"8471873","FLA",69,1063,1195,53,63,4,12,0,0,4,32,326,2,17,47.2002544958377,54.4928639064892,7,6,72131,2851,8786,47.1,2.65,3.14,0.8,0,1.64,0.9877,2.53,6.97,2.356,2.72,83768,0.3,0.26,-0.04
"8473986","TBL",68,744,715,40,18,14,13,7,5,8,285,227,25,21,29.8486620841431,30.7331183911883,10,11,52131,8753,7777,51,2.76,1.24,1.86,4.94,3.7,0.9648,10.28,9.72,2.061,2.122,68661,0.52,0.58,0.06
"8474031","TBL",70,1111,957,56,32,7,21,1,3,3,147,53,14,6,46.293581816426,37.3287132965052,19,8,65532,7139,3981,53.7,3.08,1.76,1.54,2.02,2.71,0.9434,7.06,5.43,2.543,2.051,76652,0.89,0.38,-0.51
"8474034","TBL",64,598,580,28,20,8,11,1,2,3,143,11,12,0,23.935652263579,22.0256591725047,13,11,39384,6153,1102,50.8,2.56,1.83,1.74,1.76,9.8,0.7273,7.02,0,2.188,2.013,46639,1,0.85,-0.15
"8474098","FLA",69,628,736,27,23,6,9,0,0,2,15,318,0,27,28.0461091313045,29.3133085221052,3,6,43886,1728,7763,46,2.21,1.89,1.23,0,0.93,0.9937,0,12.52,2.301,2.405,53377,0.2,0.4,0.2
"8474149","FLA",69,882,783,50,44,11,15,9,5,4,417,11,30,2,42.7782267549774,37.5639826751431,5,12,54988,10439,1551,53,3.27,2.88,1.7,4.83,9.28,0.6364,10.35,4.64,2.801,2.459,66978,0.27,0.64,0.37
"8474151","TBL",50,715,733,36,31,0,10,0,1,1,12,277,1,21,30.6500674468116,28.887533107074,7,9,48456,2125,7486,49.4,2.67,2.3,0.74,1.69,0.48,0.9964,1.69,10.1,2.277,2.146,58067,0.43,0.56,0.13
"8474564","TBL",57,748,717,50,33,14,25,9,8,2,328,71,26,4,33.0722261012415,29.9640306165675,10,15,48169,8360,2556,51.1,3.74,2.47,2.91,7.32,2.82,0.9718,11.2,5.63,2.472,2.239,59085,0.61,0.91,0.3
"8474722","TBL",12,64,119,2,6,1,1,0,1,0,3,4,1,1,2.78769687050954,4.99883015447995,4,1,5678,156,388,35,1.27,3.8,1.27,23.08,0,1,23.08,9.28,1.767,3.169,6222,2.31,0.58,-1.73
"8474870","TBL",65,717,654,40,20,14,11,0,4,4,172,25,11,1,32.489840219263,28.3444752501673,8,6,44835,7133,1731,52.3,3.21,1.61,2.01,2.02,8.32,0.84,5.55,2.08,2.609,2.276,53699,0.54,0.4,-0.14
"8474884","FLA",69,775,728,38,36,15,15,10,10,2,447,9,34,2,32.0735979603487,34.9596045721555,14,13,52942,11278,1145,51.6,2.58,2.45,2.04,6.38,6.29,0.7778,10.85,6.29,2.181,2.377,65365,0.77,0.72,-0.05
"8475167","TBL",66,1085,992,66,36,9,19,2,17,5,356,209,27,13,48.9161225122516,41.6844164293725,13,8,70206,10011,8567,52.2,3.38,1.85,1.44,6.83,2.1,0.9761,9.71,5.46,2.508,2.137,88784,0.53,0.32,-0.21
"8475683","FLA",50,1966,2034,104,101,0,0,0,0,6,397,378,28,29,86.3666950323386,92.2599273252417,0,2,131901,13322,12153,49.1,2.84,2.76,0,0,1.78,0.9841,7.57,8.59,2.357,2.518,157376,0,0.05,0.05
"8475792","FLA",69,817,716,39,35,15,10,4,4,3,112,16,9,1,33.4787559073302,34.0980016938411,13,6,50156,6710,1104,53.3,2.8,2.51,1.79,4.29,9.78,0.8125,4.83,3.26,2.403,2.447,57970,0.81,0.37,-0.44
"8476292","TBL",69,896,762,55,28,13,19,3,3,2,120,84,11,6,39.7974654803984,30.6709845411242,11,14,52779,6095,4622,54,3.75,1.91,2.18,3.54,1.56,0.9762,6.5,4.67,2.715,2.092,63496,0.62,0.79,0.17
"8476389","FLA",62,797,712,44,46,6,19,3,6,4,193,47,17,2,32.8863731203601,33.5198076260858,17,17,48233,8352,2568,52.8,3.28,3.43,1.87,3.88,5.61,0.9149,7.33,2.8,2.455,2.502,59153,1.03,1.03,0
"8476453","TBL",68,1009,819,59,31,18,30,5,18,7,399,16,33,0,45.0203151502064,33.7577563808882,19,18,59130,10757,2571,55.2,3.59,1.89,2.92,7.7,9.8,0.5625,11.04,0,2.741,2.055,72458,0.94,0.89,-0.05
"8476456","FLA",69,924,876,63,50,15,26,5,22,4,452,13,34,2,44.8649352421053,41.7223429966834,15,21,59560,11126,1932,51.3,3.81,3.02,2.48,8.74,7.45,0.6923,11,3.73,2.712,2.522,72618,0.74,1.04,0.3
"8476826","TBL",70,777,660,33,36,7,15,1,4,2,71,134,5,8,31.3618054745602,26.6943919686018,17,14,46984,3856,6231,54.1,2.53,2.76,1.69,4.67,1.16,0.9851,4.67,4.62,2.403,2.045,57071,1.07,0.88,-0.19
"8476875","FLA",59,867,869,46,45,8,11,0,1,5,36,136,2,8,34.3641048496356,38.8263232605532,7,7,54782,2536,4341,49.9,3.02,2.96,1.25,1.42,4.15,0.9632,2.84,6.63,2.258,2.551,61659,0.41,0.41,0
"8476883","TBL",52,2290,2122,131,84,0,2,0,1,8,390,406,34,31,101.900921318796,88.8511317239027,2,2,147776,14952,16298,51.9,3.19,2.05,0.05,0.24,1.77,0.9803,8.19,6.85,2.482,2.165,179026,0.04,0.04,0
"8476966","TBL",3,15,32,1,1,1,0,0,0,0,0,6,0,1,0.949925654567778,1.46521334414138,2,1,1501,9,127,31.9,2.4,2.4,2.4,0,0,1,0,28.35,2.278,3.514,1637,4.4,2.2,-2.2
"8477346","FLA",45,698,625,40,34,6,10,0,0,2,16,139,0,11,33.4399897059775,27.827291329857,9,6,45605,1656,4701,52.8,3.16,2.68,1.26,0,1.53,0.9856,0,8.42,2.64,2.197,51962,0.62,0.42,-0.2
"8477384","FLA",56,607,659,30,27,2,5,0,0,1,19,49,0,3,25.3718132013455,27.315092147619,10,13,40774,1226,2493,47.9,2.65,2.38,0.62,0,1.44,0.9796,0,4.33,2.24,2.412,44493,0.81,1.05,0.24
"8477409","TBL",52,461,372,18,25,8,4,1,0,2,24,4,3,0,21.0693317503901,17.277441393584,4,7,26374,1587,718,55.3,2.46,3.41,1.64,2.27,10.03,0.5,6.81,0,2.876,2.358,28679,0.5,0.88,0.38
"8477493","FLA",66,924,841,49,39,14,22,6,11,6,407,125,31,5,43.7699226085097,42.1293111204286,9,19,58025,10013,5240,52.4,3.04,2.42,2.23,6.11,4.12,0.952,11.15,3.44,2.716,2.614,73278,0.44,0.93,0.49
"8477932","FLA",67,1173,999,69,53,4,28,0,5,7,134,222,9,21,52.8682501500007,47.0251962552429,13,9,71389,7513,7879,54,3.48,2.67,1.61,2.4,3.2,0.9685,4.31,9.6,2.666,2.371,86781,0.54,0.37,-0.17
"8478211","FLA",21,185,172,7,6,0,4,0,0,0,3,8,0,1,8.78004027134739,7.62070629990194,7,3,12138,421,487,51.8,2.08,1.78,1.19,0,0,1,0,7.39,2.604,2.26,13046,1.93,0.83,-1.1
"8478366","FLA",69,772,768,28,40,9,16,2,0,4,126,127,5,5,30.3973212230485,34.4163717249176,15,22,48058,6802,5254,50.1,2.1,3,1.87,1.06,2.74,0.9685,2.65,3.43,2.277,2.578,60114,0.9,1.32,0.42
"8478416","TBL",67,886,881,44,36,4,7,0,0,2,16,309,1,23,38.5237636202364,37.8825089517632,17,9,60499,2538,8874,50.1,2.62,2.14,0.65,0,0.81,0.9935,1.42,9.33,2.292,2.254,71911,0.85,0.45,-0.4
"8478472","TBL",37,317,308,11,12,3,1,1,0,0,5,34,1,3,13.5606741695665,12.1719026551,7,9,21927,864,2094,50.7,1.81,1.97,0.66,4.17,0,1,4.17,5.16,2.226,1.998,24885,1.01,1.3,0.29
"8478519","TBL",68,833,786,47,19,10,17,1,5,3,105,320,8,29,36.375074797601,32.0718235272798,15,34,56324,4632,8451,51.5,3,1.21,1.73,4.66,1.28,0.9906,6.22,12.35,2.325,2.05,69407,0.78,1.76,0.98
"8478569","FLA",66,745,813,43,39,19,7,0,0,4,23,312,1,25,33.4021840043715,35.1156727035413,8,16,51091,1922,7755,47.8,3.03,2.75,1.83,0,1.86,0.9872,1.87,11.61,2.354,2.474,60768,0.47,0.95,0.48
"8478843","FLA",44,456,394,14,27,2,4,1,0,1,51,12,3,2,18.7580168594141,17.3776735641877,7,8,26672,2870,881,53.6,1.89,3.64,0.81,1.25,4.09,0.9167,3.76,8.17,2.532,2.346,30423,0.83,0.95,0.12
"8479404","FLA",4,39,30,0,2,0,0,0,0,0,7,1,0,0,1.72255788341863,1.55725636519492,1,1,2438,309,99,56.5,0,2.95,0,0,0,1,0,0,2.544,2.299,2846,1.26,1.26,0
"8479410","TBL",70,1085,949,52,33,5,14,4,6,4,181,94,16,7,45.8591053899727,38.6573746426147,19,6,67060,7856,6448,53.3,2.79,1.77,1.02,4.58,2.23,0.9574,7.33,3.91,2.462,2.075,81364,0.84,0.27,-0.57
"8468685","NYR",30,1015,1271,53,57,0,0,0,0,3,245,253,21,23,50.9123110160581,59.8284216435859,1,1,76056,8617,7603,44.4,2.51,2.7,0,0,1.42,0.9881,8.77,10.89,2.41,2.832,92276,0.04,0.04,0
"8471218","WPG",71,978,898,44,42,13,20,4,15,2,385,107,32,10,41.2137745693908,41.5289825358777,16,19,62398,9670,4618,52.1,2.54,2.42,1.9,7.07,1.56,0.9813,11.91,7.8,2.378,2.396,76686,0.75,0.89,0.14
"8471686","NYR",52,606,816,27,26,2,7,0,0,2,6,245,0,15,29.02960766264,35.6552369853598,8,5,45668,1161,6643,42.6,2.13,2.05,0.71,0,1.08,0.9918,0,8.13,2.288,2.811,53472,0.54,0.34,-0.2
"8473618","WPG",49,511,520,16,26,5,7,2,0,0,98,7,7,0,19.0542839379632,23.8095977547346,5,5,32749,4554,840,49.6,1.76,2.86,1.32,1.58,0,1,5.53,0,2.095,2.617,38143,0.47,0.47,0
"8473914","WPG",7,48,71,1,1,0,0,0,0,0,0,20,0,2,1.44182974338764,2.21348387969192,0,0,3938,163,307,40.3,0.91,0.91,0,0,0,1,0,23.45,1.318,2.023,4408,0,0,0
"8474090","NYR",62,412,558,11,26,2,4,0,0,0,10,198,0,15,17.0255261885468,24.6722947437083,13,11,33098,1062,6429,42.5,1.2,2.83,0.65,0,0,1,0,8.4,1.852,2.684,40589,1.15,0.98,-0.17
"8475179","WPG",51,857,841,30,36,2,7,0,0,0,6,121,1,12,32.9371950079803,38.6147156483494,16,5,54759,898,4324,50.5,1.97,2.37,0.59,0,0,1,4.01,9.99,2.165,2.539,59981,0.96,0.3,-0.66
"8475184","NYR",63,793,816,52,33,15,17,6,3,3,372,7,28,1,35.6620204242645,39.4022087420453,14,16,50161,9381,1392,49.3,3.73,2.37,2.3,3.45,7.76,0.5714,10.75,2.59,2.559,2.828,60934,0.83,0.95,0.12
"8475268","WPG",52,304,407,8,9,2,4,0,0,0,4,49,1,3,10.7524006732856,15.5735387438326,1,2,24632,807,1037,42.8,1.17,1.32,0.88,0,0,1,4.46,10.41,1.571,2.276,26476,0.14,0.27,0.13
"8475855","NYR",69,829,922,43,32,9,15,0,0,1,13,282,0,24,42.2521666607354,41.6321020294563,9,11,55612,2397,8226,47.3,2.78,2.07,1.55,0,0.44,0.9965,0,10.5,2.735,2.695,66235,0.49,0.6,0.11
"8475868","WPG",51,555,618,27,29,0,7,0,0,0,2,192,0,15,23.010083915724,28.8347551448387,11,3,39209,676,5607,47.3,2.48,2.66,0.64,0,0,1,0,9.63,2.113,2.647,45492,0.87,0.24,-0.63
"8476392","WPG",49,475,557,15,18,2,5,0,0,0,11,184,0,13,18.4895839922829,25.3962882390479,4,4,35607,1440,5454,46,1.52,1.82,0.71,0,0,1,0,8.58,1.869,2.568,42501,0.34,0.34,0
"8476458","NYR",70,929,957,56,36,10,24,3,11,6,312,278,26,15,49.4300716332509,42.9457955557737,23,7,59542,9740,7607,49.3,3.39,2.18,2.06,5.17,2.84,0.9784,9.61,7.1,2.989,2.597,76889,1.08,0.33,-0.75
"8476459","NYR",57,759,787,46,36,18,18,15,10,5,349,256,28,19,34.7014271151857,38.7465614156099,7,22,52283,9315,6875,49.1,3.17,2.48,2.48,9.66,2.62,0.9805,10.82,9.95,2.389,2.668,68473,0.37,1.16,0.79
"8476460","WPG",71,1118,1202,70,64,13,29,9,10,2,398,62,31,7,52.4680654620752,62.0193105246872,15,21,72893,9951,4050,48.2,3.46,3.16,2.07,6.87,1.78,0.9677,11.21,6.22,2.591,3.063,86894,0.62,0.87,0.25
"8476480","OTT",65,613,752,28,43,8,8,2,3,0,157,198,10,10,26.2525309879566,31.319655872765,19,12,45030,5772,5893,44.9,2.24,3.44,1.28,3.12,0,1,6.24,6.11,2.099,2.504,56695,1.21,0.76,-0.45
"8476869","NYR",67,1078,1216,50,67,7,13,0,0,1,19,300,0,20,49.2189367935644,56.4965509029571,20,9,67621,2327,9206,47,2.66,3.57,1.06,0,0.39,0.9967,0,7.82,2.62,3.008,79154,0.91,0.41,-0.5
"8476885","NYR",70,1112,1351,41,59,4,13,3,4,3,172,318,13,29,49.1238279199461,57.9730918681598,18,15,72155,8228,9505,45.1,2.05,2.94,0.85,3.06,1.14,0.9906,5.69,10.98,2.451,2.892,89888,0.72,0.6,-0.12
"8476945","WPG",58,2393,2544,104,104,0,1,0,1,1,383,407,27,28,98.5894046743633,120.019091164053,0,1,162035,12931,13822,48.5,2.31,2.31,0.02,0.28,0.26,0.9975,7.52,7.29,2.19,2.667,188788,0,0.02,0.02
"8477359","WPG",57,776,869,45,44,3,10,0,0,0,7,82,0,7,30.7577641606913,42.8293363439152,7,6,52344,1390,4019,47.2,3.09,3.03,0.89,0,0,1,0,6.27,2.115,2.946,57753,0.44,0.37,-0.07
"8477402","NYR",68,927,882,54,44,11,20,4,5,3,237,7,19,0,45.7394941625535,40.3110000331653,12,16,55670,8469,971,51.2,3.49,2.85,2,3.83,11.12,0.5714,8.08,0,2.958,2.607,65110,0.66,0.88,0.22
"8477429","WPG",63,817,767,27,34,9,9,1,0,0,87,213,4,14,32.0016461372143,35.4367753456463,5,16,52409,5109,6893,51.6,1.85,2.34,1.24,0.7,0,1,2.82,7.31,2.198,2.434,64411,0.28,0.89,0.61
"8477504","WPG",65,1102,1174,48,52,4,10,1,11,2,166,136,13,6,45.0298571666353,57.3949136129813,12,6,71689,7081,5672,48.4,2.41,2.61,0.7,6.1,1.27,0.9853,6.61,3.81,2.261,2.882,84442,0.51,0.26,-0.25
"8477940","WPG",71,1018,857,48,38,18,27,3,2,0,116,22,6,0,41.6647309896071,41.9655974900234,10,28,59316,5688,1904,54.3,2.91,2.31,2.73,3.16,0,1,3.8,0,2.529,2.547,66908,0.54,1.51,0.97
"8477950","NYR",68,974,1029,56,40,9,22,3,15,4,327,19,27,1,48.4223259379505,49.3486323046382,16,8,62941,9789,1775,48.6,3.2,2.29,1.77,6.62,8.11,0.7895,9.93,2.03,2.77,2.823,74505,0.77,0.39,-0.38
"8477962","NYR",59,514,707,18,30,3,7,2,3,1,94,71,9,2,24.4001001871075,28.6447345250053,18,26,36361,5255,2902,42.1,1.78,2.97,0.99,3.43,1.24,0.9859,6.17,2.48,2.416,2.836,44518,1.46,2.1,0.64
"8478398","WPG",71,1049,1096,55,52,22,19,8,7,2,390,133,29,17,46.2924436858739,57.8455530406209,11,11,68537,9731,6112,48.9,2.89,2.73,2.15,5.55,1.18,0.985,10.73,10.01,2.432,3.038,84380,0.47,0.47,0
"8478458","WPG",71,888,829,36,36,10,13,1,1,0,113,21,7,0,33.5983648850815,38.9928619960556,6,8,54816,6066,1204,51.7,2.36,2.36,1.51,1.19,0,1,4.15,0,2.207,2.561,62086,0.35,0.46,0.11
"8478550","NYR",69,1062,1032,74,37,21,36,6,16,5,430,11,35,0,53.678297501232,46.5198947840836,10,16,65721,11570,2145,50.7,4.05,2.03,3.12,6.85,8.39,0.5455,10.89,0,2.94,2.548,79436,0.45,0.73,0.28
"8478891","WPG",46,400,417,12,22,4,3,0,0,0,3,72,0,2,15.7341794701642,18.4457500235294,4,11,27181,537,2537,49,1.59,2.91,0.93,0,0,1,0,2.84,2.084,2.443,30255,0.48,1.31,0.83
"8479323","NYR",70,1054,977,62,41,5,17,1,11,2,203,19,15,1,51.1748391279834,44.1461163450149,16,10,65342,8566,1937,51.9,3.42,2.26,1.21,5.04,3.72,0.8947,6.3,1.86,2.819,2.432,75845,0.76,0.47,-0.29
"8479333","NYR",28,286,480,16,21,0,5,0,0,0,2,54,0,3,13.3820791080943,22.266924236028,5,5,23449,570,1948,37.3,2.46,3.22,0.77,0,0,1,0,5.54,2.054,3.419,25967,0.69,0.69,0
"8479339","WPG",68,935,1032,56,47,16,20,7,7,2,362,23,30,3,42.1714473952306,52.5802052324871,11,11,63233,9031,2356,47.5,3.19,2.68,2.05,5.58,3.06,0.913,11.96,4.58,2.401,2.994,74620,0.53,0.53,0
"8479353","NYR",70,567,855,24,38,7,6,1,1,1,27,246,5,21,23.4986424262752,37.1620909605408,14,11,43420,2187,7485,39.9,1.99,3.15,1.08,3.29,0.48,0.9959,8.23,10.1,1.948,3.081,53092,0.95,0.75,-0.2
"8480072","NYR",17,85,127,2,11,0,1,0,0,0,2,55,0,4,3.50537334679393,6.23349047615193,2,0,7642,320,1589,40.1,0.94,5.18,0.47,0,0,1,0,9.06,1.651,2.936,9551,0.75,0,-0.75
"8480145","WPG",71,1236,1165,51,51,4,15,2,19,0,339,135,25,16,52.2702032454545,57.5071437518927,16,12,79217,9314,5635,51.5,2.32,2.32,0.86,8.12,0,1,9.66,10.22,2.375,2.613,94166,0.61,0.46,-0.15
"8481554","NYR",66,680,856,17,38,7,2,1,9,3,219,8,19,0,26.6326278341003,40.0009747751174,7,16,45667,7889,994,44.3,1.34,3,0.71,4.56,10.87,0.625,8.67,0,2.099,3.153,54550,0.46,1.06,0.6
"8481572","WPG",8,121,132,8,5,1,3,0,1,0,13,0,1,0,4.84956084546866,6.12077396723907,2,1,7885,467,102,47.8,3.65,2.28,1.83,7.71,0,NA,7.71,0,2.214,2.795,8454,0.85,0.43,-0.42
"8471215","PIT",55,843,727,56,40,16,32,7,15,3,324,4,24,1,43.2474970008479,32.4729845413822,29,21,49935,8086,1534,53.7,4.04,2.88,3.46,9.79,7.04,0.25,10.69,2.35,3.118,2.341,59555,1.75,1.27,-0.48
"8471675","PIT",41,655,571,31,31,9,18,4,13,2,257,24,21,2,31.2669356381521,28.944062422961,5,10,38465,5967,1734,53.4,2.9,2.9,2.53,10.26,4.15,0.9167,12.67,4.15,2.926,2.709,46166,0.39,0.78,0.39
"8471677","PIT",67,919,1069,42,48,2,8,0,0,0,13,214,0,14,39.6353437627549,47.9597238653223,13,1,66854,1558,6981,46.2,2.26,2.58,0.54,0,0,1,0,7.22,2.134,2.583,75393,0.62,0.05,-0.57
"8471724","PIT",61,1155,1063,59,58,6,17,6,8,2,346,179,27,13,53.1403176488238,48.2104485589662,19,10,72272,9335,6434,52.1,2.94,2.89,1.15,5.4,1.12,0.9888,10.41,7.27,2.647,2.401,88041,0.78,0.41,-0.37
"8471743","BUF",16,142,184,9,7,1,2,0,0,0,1,43,0,3,5.31858989066677,8.88929500896484,2,4,11714,262,1316,43.6,2.77,2.15,0.92,0,0,1,0,8.21,1.635,2.732,13292,0.54,1.08,0.54
"8471887","PIT",52,545,567,30,17,14,10,2,4,1,294,6,26,0,24.9261825638823,24.0193514759885,13,21,40230,6787,872,49,2.68,1.52,2.15,3.18,4.13,0.8333,13.79,0,2.231,2.149,47889,0.98,1.58,0.6
"8473449","BUF",52,474,460,21,19,8,9,1,0,2,31,9,2,1,20.4954166210373,18.6595286923111,9,9,35319,2404,846,50.7,2.14,1.94,1.73,1.5,8.51,0.7778,3,4.26,2.089,1.902,38569,0.84,0.84,0
"8474602","PIT",46,677,641,35,32,3,4,0,4,1,166,21,9,1,30.4476004724274,27.6937218206003,2,1,45048,5473,1700,51.4,2.8,2.56,0.56,2.63,2.12,0.9524,5.92,2.12,2.433,2.213,52221,0.14,0.07,-0.07
"8474618","BUF",62,856,788,46,30,4,9,0,0,0,6,193,0,19,39.2474893035833,34.8888151255669,10,8,55233,1231,7062,52.1,3,1.96,0.85,0,0,1,0,9.69,2.558,2.274,63526,0.57,0.45,-0.12
"8475149","BUF",60,647,736,31,36,5,15,1,3,0,187,36,11,4,28.1835090817767,31.8175282813027,10,12,49190,6625,2222,46.8,2.27,2.63,1.46,2.17,0,1,5.98,6.48,2.063,2.329,58037,0.62,0.74,0.12
"8475208","PIT",28,497,373,34,25,0,5,0,1,0,22,80,1,6,22.7314478142071,17.4329458934371,5,2,28396,1949,2862,57.1,4.31,3.17,0.63,1.85,0,1,1.85,7.55,2.882,2.21,33207,0.54,0.22,-0.32
"8475622","BUF",31,1279,1329,58,66,0,1,0,0,4,217,207,17,19,52.1326322114328,58.4690596975852,3,2,89046,6814,7655,49,2.34,2.67,0.04,0,1.88,0.9807,8.98,8.94,2.108,2.364,103515,0.1,0.07,-0.03
"8475728","BUF",62,621,606,30,25,5,10,0,0,1,8,193,0,19,25.8392944400548,24.8227530641598,13,8,45574,1467,6082,50.6,2.37,1.97,1.18,0,0.59,0.9948,0,11.25,2.041,1.961,53123,0.88,0.54,-0.34
"8475760","PIT",13,121,118,6,3,1,1,0,0,0,25,13,0,0,4.62236731662415,4.39238536014454,4,4,8058,764,347,50.6,2.68,1.34,0.89,0,0,1,0,0,2.065,1.962,9169,1.57,1.57,0
"8475784","BUF",59,695,714,30,42,14,6,0,2,3,205,4,10,1,30.9588213632815,32.143085247546,9,21,48502,6573,958,49.3,2.23,3.12,1.48,1.1,11.27,0.25,5.48,3.76,2.298,2.386,56033,0.58,1.35,0.77
"8475790","ANA",51,761,789,31,37,4,4,0,0,1,24,142,0,12,31.2729276379105,36.8510175339179,15,5,49069,2125,5740,49.1,2.27,2.71,0.59,0,0.63,0.993,0,7.53,2.294,2.704,56934,0.95,0.32,-0.63
"8476525","BUF",51,645,668,24,33,0,6,0,3,1,86,26,5,2,26.6177762798034,28.5150605888921,11,9,43635,4754,2258,49.1,1.98,2.72,0.5,2.27,1.59,0.9615,3.79,3.19,2.196,2.353,50647,0.78,0.64,-0.14
"8476851","PIT",59,541,558,27,25,6,12,2,4,2,120,7,7,0,22.7419103852008,23.3099930373719,8,7,36325,5105,516,49.2,2.68,2.48,1.78,4.23,13.95,0.7143,4.94,0,2.254,2.31,41946,0.69,0.6,-0.09
"8476878","BUF",69,594,619,22,26,8,6,0,0,1,6,227,0,24,24.3516533996444,26.6045195584884,5,6,47058,1434,6530,49,1.68,1.99,1.07,0,0.55,0.9956,0,13.23,1.863,2.035,55022,0.33,0.39,0.06
"8476899","PIT",38,1675,1527,83,80,0,0,0,0,3,294,214,18,15,74.4865769752068,67.5787248027627,1,2,108807,10581,8306,52.3,2.75,2.65,0,0,1.3,0.986,6.12,6.5,2.464,2.236,127694,0.03,0.06,0.03
"8476918","BUF",64,653,683,31,27,8,10,0,1,0,48,91,2,8,27.2978689466254,30.0600315537304,5,9,45268,2363,3795,48.9,2.47,2.15,1.43,1.52,0,1,3.05,7.59,2.171,2.391,51426,0.35,0.63,0.28
"8476927","PIT",69,711,693,24,26,9,6,0,0,1,9,201,0,16,28.1930176669848,27.2586132850847,5,4,53161,2562,6819,50.6,1.63,1.76,1.02,0,0.53,0.995,0,8.45,1.909,1.846,62542,0.29,0.23,-0.06
"8476931","BUF",66,877,860,36,47,3,10,0,0,1,7,229,0,21,35.0409912103205,36.2186925986898,13,7,62392,1403,6867,50.5,2.08,2.71,0.75,0,0.52,0.9956,0,11.01,2.022,2.09,70662,0.66,0.36,-0.3
"8477404","PIT",39,693,536,39,26,13,18,6,3,2,186,14,15,0,35.7992428679136,24.9462353198323,7,12,38391,4809,1460,56.4,3.66,2.44,2.91,6.74,4.93,0.8571,11.23,0,3.357,2.339,44660,0.56,0.97,0.41
"8477499","BUF",69,915,1075,51,49,4,12,2,6,0,204,247,16,24,38.5128128530341,46.0467553002527,18,6,72936,7147,7960,46,2.52,2.42,0.79,4.03,0,1,8.06,10.85,1.901,2.273,88043,0.74,0.25,-0.49
"8477839","BUF",63,642,638,31,35,9,11,1,2,1,91,11,5,1,28.2600435513305,27.6909029085073,5,8,42337,5050,966,50.2,2.64,2.98,1.7,2.14,3.73,0.9091,3.56,3.73,2.403,2.355,48353,0.37,0.6,0.23
"8477933","BUF",69,974,946,52,49,18,21,4,4,3,364,7,26,0,39.1048823528108,42.449906796508,5,11,67180,9078,2844,50.7,2.79,2.63,2.09,3.17,3.8,0.5714,10.31,0,2.096,2.275,79102,0.23,0.5,0.27
"8477955","PIT",66,696,698,42,31,11,14,2,4,2,153,59,11,5,31.0265127816238,28.7636597870151,6,17,48864,5986,2567,49.9,3.09,2.28,1.84,3.61,2.8,0.9661,6.62,7.01,2.286,2.119,57417,0.38,1.07,0.69
"8477969","PIT",69,1038,964,53,45,2,14,0,1,1,82,114,5,8,46.1986399439047,40.5684594349586,15,7,67088,4735,5336,51.8,2.84,2.41,0.86,0.76,0.67,0.9912,3.8,5.4,2.479,2.177,77159,0.7,0.33,-0.37
"8478109","BUF",54,670,708,38,32,8,14,8,6,3,257,11,20,2,25.8908124948503,29.8635092730401,3,5,47433,6162,2327,48.6,2.88,2.43,1.67,8.18,4.64,0.7273,11.68,3.09,1.965,2.267,55922,0.19,0.32,0.13
"8478403","BUF",68,1006,979,59,48,17,20,9,14,3,404,26,26,3,41.061834433116,43.1583576846169,11,34,68172,10583,3894,50.7,3.12,2.53,1.95,7.82,2.77,0.8846,8.84,2.77,2.168,2.279,82649,0.48,1.48,1
"8478866","PIT",64,846,766,33,43,7,14,0,1,0,46,38,1,1,37.3078946440364,35.9201241375413,5,8,49653,2510,1588,52.5,2.39,3.12,1.52,1.43,0,1,1.43,2.27,2.705,2.604,53751,0.33,0.54,0.21
"8479293","PIT",68,654,662,22,29,6,11,0,0,0,11,193,0,13,25.3845831461949,25.3927776847268,8,18,49378,2384,6125,49.7,1.6,2.11,1.24,0,0,1,0,7.64,1.851,1.851,57887,0.5,1.12,0.62
"8479944","PIT",57,571,533,21,17,4,7,0,0,1,36,125,0,12,23.6983494827873,17.3302446088055,14,7,40098,2921,4906,51.7,1.89,1.53,0.99,0,0.73,0.992,0,8.81,2.128,1.556,47925,1.05,0.53,-0.52
"8479999","BUF",31,258,305,11,14,3,3,1,1,0,58,2,3,0,9.11674347973894,12.8740330382716,1,4,19448,3047,439,45.8,2.04,2.59,1.11,2.36,0,1,3.54,0,1.688,2.383,22934,0.16,0.63,0.47
"8480035","BUF",69,869,868,37,44,3,9,1,1,2,16,124,2,13,35.8039511349052,38.6692243684665,16,2,61369,2188,5399,50,2.17,2.58,0.7,3.29,1.33,0.9839,3.29,8.67,2.1,2.268,68956,0.84,0.1,-0.74
"8480839","BUF",59,794,780,38,31,2,17,2,15,2,312,8,24,1,31.0375864958623,34.3767635818222,19,12,55291,7463,1954,50.4,2.47,2.02,1.24,8.2,3.68,0.75,11.58,1.84,2.021,2.238,64708,1.06,0.67,-0.39
"8480946","PIT",56,572,565,35,26,10,16,1,1,0,84,4,4,0,23.2025132686249,24.4000988618936,4,6,39102,3608,455,50.3,3.22,2.39,2.39,2,0,1,3.99,0,2.136,2.246,43165,0.33,0.5,0.17
"8470642","MTL",65,1288,1105,57,51,8,13,3,5,1,232,365,12,31,53.2310472842655,46.5297940871678,14,10,71380,7316,9839,53.8,2.87,2.57,1.06,3.94,0.37,0.9973,5.9,11.34,2.685,2.347,88535,0.57,0.41,-0.16
"8470775","MTL",70,641,704,21,27,4,9,0,0,0,10,270,0,18,26.2154394889367,29.2934515645611,10,2,43152,1446,7959,47.7,1.75,2.25,1.08,0,0,1,0,8.14,2.187,2.444,52557,0.68,0.14,-0.54
"8471679","MTL",58,2980,2453,124,111,0,0,0,0,4,345,461,24,32,119.322028244031,101.986265776912,3,0,169123,13957,15904,54.8,2.64,2.36,0,0,0.91,0.9913,6.19,7.24,2.54,2.171,198984,0.05,0,-0.05
"8473507","MTL",71,1394,1053,51,56,4,17,2,9,5,224,241,20,17,57.2318791833241,45.1049525403068,13,13,76971,9406,8996,57,2.39,2.62,0.98,4.21,2,0.9793,7.65,6.8,2.677,2.11,95373,0.49,0.49,0
"8473533","CAR",68,929,726,34,36,6,14,2,1,2,125,231,8,19,46.4210165385739,34.488172352605,20,14,54666,5223,6690,56.1,2.24,2.37,1.32,2.07,1.08,0.9913,5.51,10.22,3.057,2.271,66579,1.08,0.76,-0.32
"8474038","MTL",29,351,299,13,7,3,6,0,0,2,8,75,0,6,14.1459970461437,12.7564029459027,2,6,20330,842,2948,54,2.3,1.24,1.59,0,2.44,0.9733,0,7.33,2.505,2.259,24120,0.3,0.9,0.6
"8474581","CAR",68,983,780,31,47,2,10,1,7,2,180,21,12,0,45.2770804844913,39.4957996605081,15,4,56113,7393,1922,55.8,1.99,3.02,0.77,3.9,3.75,0.9048,5.84,0,2.905,2.534,65428,0.83,0.22,-0.61
"8475193","MTL",68,1138,756,53,43,10,29,8,5,5,204,1,21,0,48.727263084671,32.6544153591385,18,7,53599,7686,931,60.1,3.56,2.89,2.62,6.09,19.33,-4,9.84,0,3.273,2.193,62216,1.04,0.41,-0.63
"8475279","MTL",69,1418,1207,54,57,7,11,0,0,1,28,365,0,27,57.0834164187545,51.9460070242058,23,5,78886,2667,10708,54,2.46,2.6,0.82,0,0.34,0.9973,0,9.08,2.605,2.371,92261,0.9,0.2,-0.7
"8475287","CAR",48,527,522,27,23,7,8,3,3,0,187,67,13,5,25.0222718951409,26.3109410168254,11,6,34896,5118,2865,50.2,2.79,2.37,1.55,4.22,0,1,9.14,6.28,2.581,2.714,42879,0.92,0.5,-0.42
"8475738","MTL",49,584,441,16,20,6,4,1,3,2,155,4,8,0,22.7422467528377,19.0276805931935,6,5,33708,4750,563,57,1.71,2.14,1.07,3.03,12.79,0.5,6.06,0,2.429,2.032,39021,0.55,0.46,-0.09
"8475799","CAR",67,869,659,33,32,7,11,4,5,2,171,11,11,0,38.3267122715479,31.6254850389669,21,16,49296,7474,1138,56.9,2.41,2.34,1.31,4.34,6.33,0.8182,5.3,0,2.799,2.31,57908,1.31,0.99,-0.32
"8475848","MTL",59,1045,699,53,39,19,17,1,3,3,169,1,12,0,44.523724704748,29.7114610765129,12,11,48855,6248,1086,59.9,3.91,2.87,2.65,2.3,9.94,-2,6.91,0,3.281,2.189,56189,0.77,0.7,-0.07
"8475852","CAR",40,1903,1457,83,75,0,0,0,0,2,335,305,27,23,91.1720755362185,72.1347458574455,2,4,110137,11228,12185,56.6,2.71,2.45,0,0,0.59,0.9934,8.66,6.8,2.98,2.358,133550,0.05,0.11,0.06
"8476288","CAR",64,641,638,28,25,4,15,3,5,1,217,14,17,0,27.5632697429974,30.7956487025367,10,9,44284,7134,1531,50.1,2.28,2.03,1.54,4.04,2.35,0.9286,8.58,0,2.241,2.503,52949,0.68,0.61,-0.07
"8476441","CAR",68,957,928,45,44,6,12,0,0,0,6,272,0,16,41.3338281611796,46.6582959979423,26,14,61923,1246,9615,50.8,2.62,2.56,1.05,0,0,1,0,5.99,2.403,2.713,72784,1.29,0.69,-0.6
"8476462","CAR",47,868,621,40,24,9,12,2,10,1,270,136,21,13,40.0021910517244,29.0611092795152,16,5,48998,6717,5545,58.3,2.94,1.76,1.54,6.43,0.65,0.9926,11.26,8.44,2.939,2.135,61260,0.94,0.29,-0.65
"8476469","MTL",58,733,692,32,33,10,8,3,1,0,187,151,12,10,30.0905298012658,29.6933338503004,14,18,46396,5667,5486,51.4,2.48,2.56,1.4,2.54,0,1,7.62,6.56,2.335,2.304,57549,0.88,1.13,0.25
"8476479","MTL",71,1197,823,59,41,11,30,1,3,4,143,291,9,20,50.6902231049025,34.7986468089512,16,15,60921,6223,8506,59.3,3.49,2.42,2.42,2.31,1.69,0.9863,5.21,8.46,2.995,2.056,75650,0.76,0.71,-0.05
"8476882","CAR",68,990,706,51,36,9,23,3,17,1,380,138,29,7,44.6827808393864,35.1991916071274,4,5,56481,8950,7166,58.4,3.25,2.29,2.04,8.04,0.5,0.9928,11.66,3.52,2.848,2.244,72597,0.2,0.25,0.05
"8476921","CAR",45,411,358,14,20,2,8,0,0,0,4,64,0,4,17.6197930958006,17.3800923792878,11,5,25213,897,3694,53.4,2,2.86,1.43,0,0,1,0,3.9,2.516,2.482,29804,1.33,0.6,-0.73
"8476934","CAR",68,698,628,26,33,6,10,0,0,0,8,246,0,15,29.7889194756281,29.3930819911184,6,8,43750,1526,6426,52.6,2.14,2.72,1.32,0,0,1,0,8.4,2.451,2.419,51702,0.42,0.56,0.14
"8476958","CAR",68,1239,1007,65,49,5,23,0,3,0,128,271,5,22,58.8276770527009,48.0434910999029,5,12,74660,4567,10855,55.2,3.13,2.36,1.35,2.36,0,1,3.94,7.3,2.837,2.317,90082,0.2,0.48,0.28
"8476967","MTL",56,970,731,35,35,0,5,0,0,1,5,16,0,1,39.6277321652742,31.106843320129,6,4,53862,807,1544,57,2.34,2.34,0.33,0,2.33,0.9375,0,2.33,2.649,2.079,56213,0.38,0.26,-0.12
"8477476","MTL",70,895,789,36,35,12,14,0,0,0,18,290,1,22,34.7052887107129,30.859369281563,11,19,53654,1651,7878,53.1,2.42,2.35,1.74,0,0,1,2.18,10.05,2.329,2.071,63183,0.63,1.08,0.45
"8477488","CAR",61,1048,928,52,50,4,13,0,0,1,20,306,0,17,51.0183065204183,46.8336468205671,10,6,63246,2898,9922,53,2.96,2.85,0.97,0,0.36,0.9967,0,6.17,2.904,2.666,76066,0.47,0.28,-0.19
"8477494","MTL",27,331,304,13,16,6,4,1,3,0,84,4,4,0,13.4188382449211,13.3530800556182,7,6,20338,3159,575,52.1,2.3,2.83,1.77,4.56,0,1,4.56,0,2.375,2.364,24072,1.05,0.9,-0.15
"8477503","MTL",71,970,889,46,44,12,15,1,10,1,258,3,18,0,40.5303577418672,37.3193989899592,15,15,58372,7909,1818,52.2,2.84,2.71,1.67,5.01,1.98,0.6667,8.19,0,2.5,2.302,68099,0.79,0.79,0
"8477938","CAR",45,539,468,21,23,4,9,0,0,0,1,46,0,3,22.7586368189659,22.61128359125,4,9,33044,341,2923,53.5,2.29,2.51,1.42,0,0,1,0,3.69,2.479,2.463,36308,0.4,0.89,0.49
"8477998","CAR",68,847,714,40,37,10,17,0,0,0,9,90,0,7,44.3110865689814,35.5117702841526,17,11,47988,1502,5187,54.3,3,2.78,2.03,0,0,1,0,4.86,3.324,2.664,54677,1.12,0.72,-0.4
"8478027","CAR",67,639,594,28,27,10,9,2,2,0,90,130,6,5,26.1436041467241,25.6168843882624,9,14,41186,4853,4187,51.8,2.45,2.36,1.66,2.97,0,1,4.45,4.3,2.285,2.239,50226,0.65,1,0.35
"8478427","CAR",68,1004,746,54,47,21,17,8,8,1,368,147,23,6,46.7742820824496,39.297528945317,13,15,57388,8914,7624,57.4,3.39,2.95,2.38,6.46,0.47,0.9932,9.29,2.83,2.934,2.465,73926,0.63,0.73,0.1
"8479376","MTL",51,750,676,33,27,4,6,0,1,0,9,46,1,2,29.1658829866792,26.864917849889,9,6,44076,840,2426,52.6,2.7,2.21,0.82,4.29,0,1,4.29,2.97,2.382,2.194,47342,0.68,0.46,-0.22
"8479985","MTL",41,517,516,15,20,1,0,0,0,0,0,42,0,1,19.9153342111385,21.5598609516746,3,1,32208,305,2540,50,1.68,2.24,0.11,0,0,1,0,1.42,2.226,2.41,35053,0.31,0.1,-0.21
"8480018","MTL",71,875,792,29,39,7,15,6,8,5,213,28,22,1,34.6294548551668,31.8956053908914,3,10,55324,8031,2041,52.5,1.89,2.54,1.43,6.28,8.82,0.8214,9.86,1.76,2.253,2.075,65396,0.17,0.55,0.38
"8480039","CAR",64,694,635,29,31,11,14,3,2,2,171,14,12,0,29.6395343453041,30.9769219805603,10,20,44467,6854,1564,52.2,2.35,2.51,2.02,2.63,4.6,0.8571,6.3,0,2.4,2.508,52885,0.68,1.36,0.68
"8480829","MTL",36,431,370,12,19,5,1,1,1,1,87,1,3,0,14.7440923661925,17.255146833777,4,5,24000,3049,429,53.8,1.8,2.85,0.9,2.36,8.39,0,3.54,0,2.212,2.588,27478,0.52,0.66,0.14
"8480830","CAR",68,981,737,53,42,12,22,6,13,2,378,8,29,0,49.8102399358177,36.888314854179,27,19,53875,8837,1245,57.1,3.54,2.81,2.27,7.74,5.78,0.75,11.81,0,3.328,2.465,63957,1.52,1.07,-0.45
"8469459","MIN",55,610,595,25,22,3,7,1,6,1,122,157,15,16,26.075482601882,22.0678515017498,14,6,40470,4517,3985,50.6,2.22,1.96,0.89,5.58,0.9,0.9936,11.95,14.45,2.32,1.963,48972,1.03,0.44,-0.59
"8469465","NSH",60,636,644,27,29,0,8,0,0,0,7,238,0,16,24.8504084177548,27.5651412006118,10,3,43237,747,6846,49.7,2.25,2.41,0.67,0,0,1,0,8.41,2.069,2.295,50830,0.71,0.21,-0.5
"8470595","MIN",66,794,827,47,48,12,16,5,9,3,257,36,22,1,34.4281130440067,32.5238925053272,9,11,52602,7957,2980,49,3.22,3.29,1.92,6.33,3.62,0.9167,9.95,1.21,2.356,2.226,63539,0.51,0.62,0.11
"8470600","MIN",69,1205,1193,64,62,5,21,2,16,4,277,267,30,27,51.8207433741773,48.6259019774734,6,5,78181,9182,8095,50.3,2.95,2.85,1.2,7.06,1.78,0.985,11.76,12.01,2.386,2.239,95458,0.23,0.19,-0.04
"8470610","MIN",69,854,873,38,44,9,14,12,6,4,278,102,31,6,36.1441810125834,34.6584688064177,4,15,53818,8398,4642,49.4,2.54,2.94,1.54,7.72,3.1,0.9608,13.29,4.65,2.418,2.318,66858,0.22,0.81,0.59
"8471227","MIN",30,1225,1154,56,63,0,0,0,0,3,170,237,16,20,50.1189640219673,46.2558444764582,1,2,78176,6892,7838,51.5,2.58,2.9,0,0,1.38,0.9873,8.36,9.19,2.308,2.13,92906,0.04,0.08,0.04
"8471469","NSH",36,1547,1510,89,68,0,1,0,1,4,276,243,17,27,66.2529695313424,63.881194358808,0,2,94918,10306,8350,50.6,3.38,2.58,0.04,0.35,1.72,0.9835,5.94,11.64,2.513,2.423,113574,0,0.06,0.06
"8474009","NSH",67,793,808,48,33,16,17,1,0,1,122,282,6,21,34.996660394303,33.9732275996939,8,3,49368,6105,7282,49.5,3.5,2.41,2.41,0.59,0.49,0.9965,3.54,10.38,2.552,2.477,62755,0.46,0.17,-0.29
"8474068","NSH",62,753,731,31,38,7,13,2,8,2,219,89,15,3,28.9480886511155,34.129749134765,11,8,44180,7277,3251,50.7,2.53,3.1,1.63,4.95,2.21,0.9775,7.42,3.32,2.359,2.781,54708,0.72,0.53,-0.19
"8474134","NSH",41,506,571,20,18,1,2,0,0,0,3,12,0,3,20.5282179664355,24.1554143901449,6,8,32119,674,914,47,2.24,2.02,0.34,0,0,1,0,11.82,2.301,2.707,33707,0.64,0.85,0.21
"8474600","NSH",69,1478,1283,77,46,10,30,4,17,5,395,205,24,19,61.3557239808142,50.7454127069213,18,15,81110,10230,8203,53.5,3.42,2.04,1.78,7.39,2.19,0.9756,8.45,8.34,2.723,2.252,99543,0.65,0.54,-0.11
"8474716","MIN",62,1048,933,53,40,8,9,3,10,4,219,248,26,23,44.6277726225089,35.8945653883275,9,7,64524,7136,7273,52.9,2.96,2.23,0.95,6.56,1.98,0.9839,13.12,11.38,2.49,2.003,78933,0.41,0.32,-0.09
"8475168","NSH",66,955,773,44,35,8,22,5,4,4,289,7,17,1,41.8722575549618,33.1535447757342,12,29,53308,7847,1484,55.3,2.97,2.36,2.03,4.13,9.7,0.4286,7.8,2.43,2.828,2.239,62639,0.69,1.67,0.98
"8475176","NSH",49,971,831,60,37,3,20,2,7,3,150,177,10,16,40.5201886133873,31.618264099583,7,9,52344,6029,6074,53.9,4.13,2.54,1.58,5.37,1.78,0.9831,5.97,9.48,2.787,2.175,64447,0.39,0.5,0.11
"8475218","NSH",68,1189,1191,56,67,7,16,0,5,1,124,332,7,25,51.5912101924769,54.5481857354171,11,10,74198,6777,9154,50,2.72,3.25,1.12,2.66,0.39,0.997,3.72,9.83,2.503,2.647,90129,0.44,0.4,-0.04
"8475220","MIN",59,648,614,33,24,11,14,0,0,0,12,168,1,12,27.1054287258885,21.3214244600968,10,11,43695,1374,4326,51.3,2.72,1.98,2.06,0,0,1,2.62,9.99,2.233,1.757,49395,0.73,0.8,0.07
"8475225","NSH",69,858,681,47,22,14,11,4,2,2,246,7,15,0,38.9679101498914,29.4947257235181,12,12,45106,8241,717,55.8,3.75,1.76,2,2.62,10.04,0.7143,6.55,0,3.11,2.354,54064,0.8,0.8,0
"8475692","MIN",65,699,782,41,38,12,18,3,3,2,187,20,12,0,31.0325658242218,30.2566035671625,9,20,49766,7640,1615,47.2,2.97,2.75,2.17,2.83,4.46,0.9,5.65,0,2.245,2.189,59021,0.55,1.22,0.67
"8475714","NSH",64,781,711,34,30,11,13,1,6,3,182,145,9,11,31.044483997568,31.0567902355688,7,13,47164,5731,5494,52.3,2.6,2.29,1.83,4.4,1.97,0.9793,5.65,7.21,2.37,2.371,58389,0.43,0.8,0.37
"8475722","MIN",60,724,738,40,41,11,16,6,5,1,170,17,13,1,30.8458558603888,30.2447364219697,8,14,47687,6796,1708,49.5,3.02,3.1,2.04,5.83,2.11,0.9412,6.89,2.11,2.329,2.283,56191,0.51,0.9,0.39
"8475766","NSH",53,410,567,18,32,6,4,0,0,0,1,87,0,10,13.6177350381622,23.2162248693057,10,5,31603,1078,3178,42,2.05,3.65,1.14,0,0,1,0,11.33,1.551,2.645,35859,1,0.5,-0.5
"8475793","NSH",68,876,805,39,36,11,12,2,6,4,300,92,18,9,37.4549823022098,35.0848053101217,15,6,52669,8251,4006,52.1,2.67,2.46,1.57,3.49,3.59,0.9565,7.85,8.09,2.56,2.398,64926,0.83,0.33,-0.5
"8475798","NSH",63,888,816,36,39,9,12,4,1,2,250,84,15,6,38.2400342539768,33.9403784730821,14,15,52392,7402,3961,52.1,2.47,2.68,1.44,2.43,1.82,0.9762,7.3,5.45,2.628,2.332,63755,0.79,0.85,0.06
"8476372","CHI",12,107,167,2,10,0,1,0,0,0,0,8,0,0,4.94782794616185,6.8624103498878,5,3,7729,123,622,39.1,0.93,4.66,0.47,0,0,1,0,0,2.305,3.196,8474,2.12,1.27,-0.85
"8476428","NSH",66,846,797,42,31,10,20,0,0,0,12,4,0,0,37.8288909792318,35.9990869913599,5,15,46192,1858,909,51.5,3.27,2.42,2.34,0,0,1,0,0,2.948,2.806,48959,0.37,1.1,0.73
"8476463","MIN",69,1080,1100,58,48,2,20,0,1,1,46,214,1,19,45.4446337479167,39.9027397626778,11,8,73754,3389,7659,49.5,2.83,2.34,1.07,1.06,0.47,0.9953,1.06,8.93,2.218,1.948,84802,0.47,0.34,-0.13
"8476779","MIN",59,673,687,31,31,5,4,3,7,1,184,18,13,0,27.1088193053729,25.2677146346541,3,1,43404,7036,1571,49.5,2.57,2.57,0.75,5.12,2.29,0.9444,6.65,0,2.248,2.096,52011,0.21,0.07,-0.14
"8476856","MIN",69,1117,1159,56,61,4,9,0,7,2,251,124,16,12,47.589751528576,45.3877797842142,18,13,73232,9632,5547,49.1,2.75,3,0.64,2.62,1.3,0.9839,5.98,7.79,2.339,2.231,88411,0.73,0.53,-0.2
"8476887","NSH",63,886,773,42,39,13,20,6,6,3,325,42,22,2,38.2086116521969,33.173368391057,12,9,51007,7813,2683,53.4,2.96,2.75,2.33,5.53,4.03,0.9286,10.14,2.68,2.697,2.341,61503,0.7,0.53,-0.17
"8476925","NSH",57,517,631,24,28,8,5,0,0,2,9,224,0,19,18.1667717067176,23.6195252435282,10,4,39547,1735,5613,45,2.18,2.55,1.18,0,1.28,0.9911,0,12.19,1.654,2.15,46895,0.77,0.31,-0.46
"8477451","MIN",69,716,636,36,32,8,11,1,0,1,13,101,1,10,29.7192841939977,24.1211247302708,22,21,43776,1091,4182,53,2.96,2.63,1.56,3.3,0.86,0.9901,3.3,8.61,2.444,1.984,49049,1.61,1.54,-0.07
"8477942","MIN",64,783,734,40,35,13,20,9,9,2,227,5,24,1,30.9625435127527,30.4724341405672,21,23,46963,7632,1544,51.6,3.07,2.68,2.53,8.49,4.66,0.6,11.32,2.33,2.373,2.336,56139,1.35,1.47,0.12
"8477987","MIN",62,565,537,31,24,14,7,0,2,0,73,13,3,0,24.1152996711899,21.715629593702,6,13,35446,2591,779,51.3,3.15,2.44,2.13,2.78,0,1,4.17,0,2.449,2.206,38816,0.56,1.21,0.65
"8478042","NSH",57,740,675,30,24,10,9,4,4,2,237,55,17,5,30.2755080030765,29.4130945284269,13,18,42899,6716,2671,52.3,2.52,2.01,1.59,4.29,2.7,0.9636,9.11,6.74,2.541,2.468,52286,0.9,1.24,0.34
"8478413","MIN",67,765,738,36,30,8,17,0,3,1,33,72,5,6,32.4867947282619,25.916205072368,21,15,48509,2283,3984,50.9,2.67,2.23,1.86,4.73,0.9,0.9861,7.88,5.42,2.411,1.923,54776,1.38,0.99,-0.39
"8478493","MIN",62,675,734,40,32,7,19,1,0,1,13,184,1,15,29.1716406291816,25.9755737614469,11,16,48119,1759,5392,47.9,2.99,2.39,1.95,2.05,0.67,0.9946,2.05,10.01,2.182,1.943,55270,0.72,1.04,0.32
"8479316","MIN",63,675,818,32,37,12,12,0,2,0,67,160,7,20,27.9921845216886,30.1264948136522,14,7,47308,3715,4175,45.2,2.44,2.82,1.83,1.94,0,1,6.78,17.25,2.13,2.293,55198,0.91,0.46,-0.45
"8479371","NSH",64,1037,1011,42,49,4,6,0,0,1,19,44,0,2,38.6764781542588,44.6814423970645,19,16,64936,2662,3238,50.6,2.33,2.72,0.55,0,1.11,0.9773,0,2.22,2.144,2.477,70836,0.97,0.81,-0.16
"8465009","BOS",68,944,1099,55,37,4,8,0,1,0,19,332,2,20,41.2152197459945,44.3737610278768,19,10,69383,1883,10825,46.2,2.85,1.92,0.62,1.91,0,1,3.82,6.65,2.138,2.302,82091,0.83,0.44,-0.39
"8470638","BOS",61,799,613,52,27,15,15,9,7,5,382,135,40,9,36.5835620762082,26.0298895792803,13,8,47499,9651,6098,56.6,3.94,2.05,2.27,5.97,2.95,0.963,14.92,5.31,2.773,1.973,63248,0.74,0.46,-0.28
"8470655","BOS",22,185,175,8,8,0,5,1,0,1,13,5,1,0,7.51287830260117,5.95515096536838,6,3,11397,680,278,51.4,2.53,2.53,1.58,5.29,12.95,0.8,5.29,0,2.373,1.881,12355,1.75,0.87,-0.88
"8470794","DAL",67,828,752,31,25,7,6,4,5,1,317,97,19,1,37.9291592552327,30.0784096266725,12,17,52720,8148,3402,52.4,2.12,1.71,0.89,3.98,1.06,0.9897,8.39,1.06,2.59,2.054,64270,0.67,0.95,0.28
"8471228","DAL",60,787,726,27,19,8,9,6,4,1,257,11,19,0,36.4596802074229,30.7991976821213,23,12,48177,7400,1810,52,2.02,1.42,1.27,4.86,1.99,0.9091,9.24,0,2.724,2.301,57387,1.44,0.75,-0.69
"8471260","DAL",55,537,583,14,25,6,7,0,0,1,32,179,1,14,21.3573814163101,25.3636352393078,18,13,39301,2083,5423,47.9,1.28,2.29,1.19,0,0.66,0.9944,1.73,9.29,1.956,2.323,46807,1.38,1,-0.38
"8471284","DAL",57,731,799,20,14,1,4,0,0,1,21,186,0,14,32.8375832778984,33.2375507912366,7,6,51138,1734,6689,47.8,1.41,0.99,0.35,0,0.54,0.9946,0,7.53,2.312,2.34,59561,0.42,0.36,-0.06
"8471392","DAL",41,435,570,12,22,0,4,0,0,0,5,210,0,10,20.2577210388263,22.9353545887279,7,2,33824,869,5064,43.3,1.28,2.34,0.43,0,0,1,0,7.11,2.156,2.441,39757,0.63,0.18,-0.45
"8471695","BOS",41,1693,1614,74,53,0,0,0,1,5,387,310,38,21,72.1129536546068,62.3041066548321,0,1,111286,13308,12318,51.2,2.39,1.71,0,0.27,1.46,0.9839,10.28,6.14,2.333,2.015,136912,0,0.03,0.03
"8471699","DAL",68,598,616,18,19,3,10,0,0,0,23,138,0,13,25.2271172966575,26.0966750191874,15,11,41813,2164,5214,49.3,1.55,1.64,1.12,0,0,1,0,8.98,2.172,2.247,49191,1.1,0.81,-0.29
"8471750","DAL",44,1823,1841,62,73,0,0,0,1,3,347,295,21,21,80.4234657236375,76.5941544053494,1,1,117203,11977,11193,49.8,1.9,2.24,0,0.3,0.96,0.9898,6.31,6.75,2.47,2.353,140373,0.03,0.03,0
"8473419","BOS",70,982,747,66,34,21,26,5,22,5,421,139,41,10,44.8015099207405,32.6826050750678,30,40,57715,11220,6826,56.8,4.12,2.12,2.93,8.66,2.64,0.964,13.16,5.27,2.795,2.039,75761,1.43,1.9,0.47
"8473994","DAL",69,882,831,32,37,8,13,8,5,2,291,29,21,4,42.2927827485837,33.0303807675373,14,17,53882,7387,2724,51.5,2.14,2.47,1.4,6.34,2.64,0.931,10.23,5.29,2.826,2.207,63993,0.79,0.96,0.17
"8475413","DAL",29,234,245,10,11,3,3,0,0,0,54,3,1,0,9.73639329522848,9.64949367963709,4,0,16173,1890,622,48.9,2.23,2.45,1.34,0,0,1,1.9,0,2.167,2.148,18685,0.77,0,-0.77
"8475745","BOS",70,848,771,37,30,10,15,1,4,2,194,87,13,3,37.1505117624183,30.3829098545248,8,18,53524,7732,5460,52.4,2.49,2.02,1.68,2.33,1.32,0.977,6.05,1.98,2.499,2.044,66716,0.43,0.97,0.54
"8475780","BOS",67,556,679,18,27,4,4,1,0,0,12,156,1,14,22.5405894799042,26.5454278583056,16,13,41539,1527,5477,45,1.56,2.34,0.69,2.36,0,1,2.36,9.2,1.953,2.301,48543,1.19,0.96,-0.23
"8475794","DAL",69,1001,1013,31,37,8,17,3,11,1,303,74,22,6,44.748393954942,39.3276116332854,11,13,61291,8538,4003,49.7,1.82,2.17,1.47,5.9,0.9,0.9865,9.28,5.4,2.628,2.31,73832,0.54,0.63,0.09
"8475906","DAL",58,1019,982,36,40,2,13,2,12,1,273,30,19,2,45.745648867276,42.928271911107,11,9,61988,7791,2575,50.9,2.09,2.32,0.87,6.47,1.4,0.9667,8.78,2.8,2.657,2.493,72354,0.55,0.45,-0.1
"8476374","BOS",69,611,746,25,30,5,13,0,1,0,15,181,2,12,24.968420310528,31.2408767097513,12,12,44848,1322,6249,45,2.01,2.41,1.44,2.72,0,1,5.45,6.91,2.004,2.508,52419,0.82,0.82,0
"8476439","BOS",27,208,195,6,9,2,1,0,2,0,26,7,3,0,8.91743836400565,9.59731501265196,3,3,14488,1189,800,51.6,1.49,2.24,0.75,6.06,0,1,9.08,0,2.216,2.385,16477,0.66,0.66,0
"8476467","DAL",69,958,873,29,35,2,7,1,0,0,15,59,1,8,41.660637020017,31.4600525573478,13,4,58815,1457,3632,52.3,1.78,2.14,0.55,2.47,0,1,2.47,7.93,2.55,1.926,63904,0.73,0.23,-0.5
"8476792","BOS",61,1000,768,46,33,5,12,2,25,5,393,31,38,2,40.8605250184773,33.7911998525378,14,14,57167,10574,3128,56.6,2.9,2.08,1.07,9.19,5.75,0.8387,12.94,2.3,2.573,2.128,70869,0.71,0.71,0
"8476889","DAL",66,702,760,29,31,9,6,2,0,1,161,160,6,13,32.2520419522771,31.4443441987387,19,9,49489,5943,5060,48,2.11,2.26,1.09,1.21,0.71,0.9938,3.63,9.25,2.346,2.287,60492,1.13,0.54,-0.59
"8476891","BOS",68,898,826,34,26,3,9,1,6,0,159,90,12,8,39.3899979687412,30.7083289214643,17,6,57811,6642,6009,52.1,2.12,1.62,0.75,3.79,0,1,6.5,4.79,2.453,1.912,70462,0.87,0.31,-0.56
"8476902","DAL",69,1017,1204,45,51,1,9,1,6,0,132,393,10,29,48.7008164129802,51.6475078708609,6,8,73309,6211,11786,45.8,2.21,2.5,0.49,4.06,0,1,5.8,8.86,2.392,2.536,91306,0.24,0.32,0.08
"8477365","BOS",31,337,403,17,14,2,0,0,0,0,2,17,0,2,13.5940866732853,16.5547841456137,6,8,24228,547,1360,45.5,2.53,2.08,0.3,0,0,1,0,5.29,2.02,2.46,26135,0.83,1.1,0.27
"8477406","DAL",62,657,647,18,26,4,9,0,4,1,75,140,11,14,28.9674978951225,26.887253535795,6,10,43772,2951,5511,50.4,1.48,2.14,1.07,4.88,0.65,0.9929,13.42,9.15,2.382,2.211,52234,0.41,0.69,0.28
"8477450","DAL",65,636,762,31,25,9,9,0,0,2,21,215,0,13,28.2438065769384,29.6112868458731,3,10,47065,2125,6398,45.5,2.37,1.91,1.38,0,1.13,0.9907,0,7.31,2.16,2.265,55588,0.19,0.65,0.46
"8477956","BOS",70,1031,839,66,33,25,25,20,16,6,441,23,44,1,45.8938182761194,37.1318783704774,20,24,60343,11398,2834,55.1,3.94,1.97,2.98,11.37,7.62,0.7391,13.9,1.27,2.738,2.215,74575,0.97,1.16,0.19
"8478046","BOS",67,709,727,28,26,7,11,3,3,1,227,34,15,3,31.141635483189,28.9800961576402,5,8,46599,8008,2089,49.4,2.16,2.01,1.39,2.7,1.72,0.9706,6.74,5.17,2.406,2.239,56696,0.32,0.51,0.19
"8478443","BOS",67,964,946,38,32,2,13,0,0,0,20,299,1,24,38.0539866835461,41.5743858907372,9,8,66816,1546,10331,50.5,2.05,1.72,0.81,0,0,1,2.33,8.36,2.05,2.24,78693,0.41,0.37,-0.04
"8478449","DAL",60,663,655,31,22,13,6,2,8,0,208,28,11,1,31.3255225399625,26.3402005080134,8,19,42264,6000,2090,50.3,2.64,1.87,1.62,6,0,1,6.6,1.72,2.668,2.244,50354,0.57,1.36,0.79
"8478495","DAL",64,646,643,31,21,12,6,6,2,0,198,10,11,0,30.5279492161935,25.4934061089298,4,10,40446,5832,1261,50.1,2.76,1.87,1.6,4.94,0,1,6.79,0,2.717,2.269,47539,0.3,0.76,0.46
"8478498","BOS",65,771,701,33,23,12,12,7,2,3,263,26,30,3,34.2930570007884,29.2460704021505,7,15,49994,7836,2214,52.4,2.38,1.66,1.73,4.13,4.88,0.8846,13.78,4.88,2.469,2.106,60044,0.42,0.9,0.48
"8479325","BOS",67,1157,1084,60,42,2,25,1,1,1,139,190,9,9,53.2619125491474,41.8635177961551,18,22,72098,6556,9125,51.6,3,2.1,1.35,1.1,0.39,0.9947,4.94,3.55,2.659,2.09,87779,0.74,0.9,0.16
"8480036","DAL",68,1131,1110,46,34,3,17,0,6,2,259,189,11,16,52.1579528368311,43.7690852146479,6,12,73549,8865,8276,50.5,2.25,1.66,0.98,2.44,0.87,0.9894,4.47,6.96,2.553,2.142,90690,0.24,0.48,0.24
"8480901","BOS",25,279,241,6,3,0,5,1,0,0,5,13,1,1,11.5514862709097,8.78281540953321,4,4,16847,561,1258,53.7,1.28,0.64,1.07,6.42,0,1,6.42,2.86,2.468,1.877,18666,0.77,0.77,0
"8480944","BOS",40,312,302,10,4,3,2,0,1,0,6,95,1,5,13.0431669687387,9.76939755742205,1,5,22362,634,3434,50.8,1.61,0.64,0.8,5.68,0,1,5.68,5.24,2.1,1.573,26430,0.14,0.68,0.54
"8470966","CGY",60,1029,909,39,37,1,13,3,8,8,267,292,23,16,43.1070059437188,38.6558302577469,17,10,65157,7050,7786,53.1,2.15,2.04,0.77,5.62,3.7,0.9726,11.74,7.4,2.382,2.136,79993,0.77,0.45,-0.32
"8473446","COL",59,955,939,41,36,2,12,0,1,1,46,295,1,20,39.0592453992576,38.625937443052,10,2,58942,3855,7596,50.4,2.5,2.2,0.86,0.93,0.47,0.9966,0.93,9.48,2.386,2.359,70393,0.51,0.1,-0.41
"8473473","CGY",68,716,693,32,31,3,9,5,3,3,146,12,12,0,30.4459489990259,27.846587376087,12,10,45930,6389,820,50.8,2.51,2.43,0.94,4.51,13.17,0.75,6.76,0,2.386,2.183,53139,0.81,0.68,-0.13
"8473564","CGY",57,539,555,12,24,4,7,0,0,2,4,132,0,8,20.4868153242278,23.8308032709756,14,8,36663,940,4067,49.3,1.18,2.36,1.08,0,1.77,0.9848,0,7.08,2.012,2.34,41670,1.21,0.69,-0.52
"8474150","CGY",70,981,937,48,45,8,20,3,7,5,148,177,12,11,42.4782685360988,42.142617521924,13,4,58440,6243,6590,51.1,2.96,2.77,1.72,5.77,2.73,0.9718,6.92,6.01,2.617,2.596,71273,0.66,0.2,-0.46
"8474612","CGY",50,850,865,33,49,2,7,0,1,1,10,268,2,19,37.0882577543962,40.339627962443,11,6,51933,1819,6798,49.6,2.29,3.4,0.62,1.98,0.53,0.9963,3.96,10.06,2.571,2.796,60550,0.65,0.36,-0.29
"8474673","CGY",64,1065,971,47,44,3,13,0,0,2,65,176,3,12,45.2287997947424,41.2404815200716,18,9,64105,4064,6764,52.3,2.64,2.47,0.9,0,1.06,0.9886,2.66,6.39,2.54,2.316,74933,0.86,0.43,-0.43
"8474685","COL",50,570,501,25,19,8,10,0,0,0,9,160,0,11,24.5653384862235,21.4012329719844,6,15,34287,1407,5078,53.2,2.62,1.99,1.89,0,0,1,0,7.8,2.579,2.247,40772,0.53,1.32,0.79
"8475172","COL",51,640,614,41,21,15,10,4,7,4,303,16,30,0,26.6669350159355,25.5565421716892,25,20,41505,7846,1180,51,3.56,1.82,2.17,5.05,12.2,0.75,13.76,0,2.313,2.217,50531,1.78,1.42,-0.36
"8475820","COL",65,788,861,43,28,10,16,4,1,3,207,52,14,2,32.9660234650364,36.5286349258386,13,17,49598,7338,3110,47.8,3.12,2.03,1.89,2.45,3.47,0.9423,6.87,2.32,2.393,2.651,60046,0.78,1.02,0.24
"8475831","COL",36,1579,1476,81,55,0,0,0,0,6,298,281,21,20,66.0717395701795,61.7055807864526,0,0,97511,10680,9643,51.7,2.99,2.03,0,0,2.24,0.9786,7.08,7.47,2.439,2.278,117834,0,0,0
"8476346","CGY",70,993,965,39,41,11,19,6,11,5,323,4,28,1,43.4534372091293,44.563586773409,6,9,63507,8437,1720,50.7,2.21,2.32,1.7,7.25,10.47,-0.25,11.95,2.09,2.463,2.526,73664,0.29,0.44,0.15
"8476442","COL",70,707,654,29,25,5,11,1,0,0,15,280,2,20,29.3049635454081,28.3803493009764,3,6,45205,1898,7162,51.9,2.31,1.99,1.27,1.9,0,1,3.79,10.05,2.334,2.26,54265,0.2,0.4,0.2
"8476455","COL",54,818,728,38,31,11,10,5,11,3,331,11,28,0,36.9912982556853,27.2049590616371,21,14,50168,8862,1602,52.9,2.73,2.22,1.51,6.5,6.74,0.7273,11.37,0,2.654,1.952,60632,1.25,0.83,-0.42
"8476873","CGY",56,449,462,10,21,5,2,0,0,2,7,205,0,10,17.3320491875638,17.2176648617606,7,3,30139,1297,4833,49.3,1.19,2.51,0.84,0,1.49,0.9902,0,7.45,2.07,2.057,36269,0.69,0.3,-0.39
"8477435","COL",69,999,956,62,36,7,12,1,1,0,22,339,2,18,40.2443374751019,38.9025834334316,19,6,63252,2324,9002,51.1,3.53,2.05,1.08,3.1,0,1,3.1,7.2,2.291,2.214,74578,0.92,0.29,-0.63
"8477444","COL",58,741,678,38,27,17,11,1,11,1,217,5,15,0,30.7830140816513,29.8356443686644,11,12,42433,6948,934,52.2,3.22,2.29,2.38,6.22,3.85,0.8,7.77,0,2.612,2.531,50315,0.79,0.86,0.07
"8477456","COL",67,696,771,34,24,8,12,1,5,1,207,267,17,23,28.5308175435639,27.5981826533098,9,20,48914,7876,6692,47.4,2.5,1.77,1.47,2.74,0.54,0.9963,7.77,12.37,2.1,2.031,63482,0.51,1.13,0.62
"8477492","COL",69,1169,996,71,45,18,36,12,17,5,458,16,34,0,53.5909827507567,41.4832386234775,5,23,67074,11733,2288,54,3.81,2.42,2.9,8.9,7.87,0.6875,10.43,0,2.876,2.226,81095,0.22,1.02,0.8
"8477496","CGY",70,935,893,41,48,17,11,6,11,4,310,269,26,18,40.502797836496,40.7808820495266,11,11,61834,8380,6532,51.1,2.39,2.79,1.63,7.3,2.2,0.9851,11.17,9.92,2.358,2.374,76746,0.52,0.52,0
"8477497","CGY",70,945,949,36,48,10,13,8,9,6,320,4,28,1,41.2763117112336,44.8682482772856,10,11,60993,8272,1827,49.9,2.12,2.83,1.36,7.4,11.82,-0.5,12.19,1.97,2.436,2.648,71092,0.51,0.56,0.05
"8477501","COL",65,776,604,37,16,10,12,2,0,0,149,55,8,1,32.0702782020671,22.4036178113893,2,9,42985,7413,2873,56.2,3.1,1.34,1.84,0.97,0,1,3.89,1.25,2.686,1.876,53271,0.14,0.61,0.47
"8477507","COL",64,911,920,36,37,4,6,0,1,0,19,147,2,11,36.2292311512283,38.5806247087894,25,8,57237,2083,6228,49.8,2.26,2.33,0.63,1.73,0,1,3.46,6.36,2.279,2.427,65548,1.37,0.44,-0.93
"8477930","COL",69,714,635,24,27,6,7,1,0,0,24,236,1,14,28.5344104348333,25.4741776429582,6,7,44536,2250,6489,52.9,1.94,2.18,1.05,1.6,0,1,1.6,7.77,2.307,2.059,53275,0.41,0.47,0.06
"8477935","CGY",52,558,549,16,18,7,3,1,1,1,63,13,3,1,25.4814097653143,21.9590444898349,18,9,34412,2996,600,50.4,1.67,1.88,1.05,2.4,6,0.9231,3.6,6,2.666,2.297,38008,1.7,0.85,-0.85
"8478233","CGY",68,881,772,42,41,14,13,0,2,1,49,6,5,0,38.9443415287533,33.057584975264,9,22,49601,3333,701,53.3,3.05,2.98,1.96,2.16,5.14,0.8333,5.4,0,2.827,2.399,53635,0.6,1.48,0.88
"8478396","CGY",70,1189,1162,47,55,4,10,1,4,3,138,177,11,7,53.0751146934344,52.4294428231078,6,6,71297,6223,7218,50.6,2.37,2.78,0.71,2.89,1.5,0.9831,6.36,3.49,2.68,2.647,84738,0.25,0.25,0
"8478397","CGY",70,1110,1039,40,45,4,7,0,4,3,143,91,10,3,48.8055047662929,42.5891891672509,11,17,68552,6484,4117,51.7,2.1,2.36,0.58,2.22,2.62,0.967,5.55,2.62,2.563,2.237,79153,0.5,0.77,0.27
"8478420","COL",42,647,560,34,29,9,14,8,4,3,231,8,18,0,28.5744354543858,24.0101212668815,7,12,37833,6083,842,53.6,3.24,2.76,2.19,7.1,12.83,0.625,10.65,0,2.719,2.285,44758,0.56,0.97,0.41
"8478430","CGY",48,569,608,20,26,1,5,0,0,0,3,8,0,1,23.737227929465,24.8495004523429,8,8,37376,454,904,48.3,1.93,2.5,0.58,0,0,1,0,3.98,2.286,2.393,38734,0.74,0.74,0
"8478512","CGY",8,56,52,3,1,2,1,0,0,0,9,0,0,0,1.70482006086968,2.40727427828824,0,1,4131,627,40,51.9,2.61,0.87,2.61,0,0,NA,0,0,1.486,2.098,4798,0,0.75,0.75
"8478585","CGY",68,730,755,28,24,8,14,1,4,0,81,173,8,8,30.5069931705948,30.5914349170635,5,7,46883,4237,5955,49.2,2.15,1.84,1.69,4.25,0,1,6.8,4.84,2.343,2.349,57075,0.32,0.44,0.12
"8479314","CGY",69,992,869,46,46,12,20,5,12,6,313,6,26,0,45.2935663206736,39.5160032203421,17,29,60720,8323,1077,53.3,2.73,2.73,1.9,7.35,20.06,0,11.25,0,2.685,2.343,70120,0.87,1.49,0.62
"8479370","COL",67,682,624,31,17,7,10,1,5,1,157,43,11,0,27.46650496847,24.4344033600064,11,24,41625,6849,1858,52.2,2.68,1.47,1.47,3.15,1.94,0.9767,5.78,0,2.375,2.113,50332,0.79,1.72,0.93
"8479398","COL",70,1206,1117,52,44,3,16,1,11,3,233,15,17,0,53.1580044907168,46.0513460522052,6,17,73248,10195,2393,51.9,2.56,2.16,0.93,4.24,4.51,0.8,6,0,2.613,2.263,85836,0.25,0.71,0.46
"8479496","CGY",48,2112,2090,82,97,0,0,0,1,10,333,388,28,22,91.07023237471,90.50911032554,3,3,133546,12302,13004,50.3,2.21,2.61,0,0.29,2.77,0.9742,8.19,6.09,2.455,2.44,158852,0.07,0.07,0
"8479982","COL",2,23,18,2,0,0,0,0,0,0,0,0,0,0,0.973188376054168,0.924983534961939,0,0,1049,28,108,56.1,6.86,0,0,0,0,NA,0,0,3.34,3.174,1185,0,0,0
"8480069","COL",57,936,822,57,36,8,21,4,14,3,363,11,29,1,41.2288238182082,32.7422926163999,6,8,56618,9626,1631,53.2,3.62,2.29,1.84,6.73,6.62,0.7273,10.85,2.21,2.621,2.082,67875,0.32,0.42,0.1
"8470612","ANA",69,955,957,37,53,10,16,2,7,4,243,93,13,9,45.5612419212703,45.8503629947663,24,19,60287,7803,3946,49.9,2.21,3.16,1.55,4.15,3.65,0.957,6,8.21,2.721,2.738,72036,1.2,0.95,-0.25
"8470755","ARI",59,512,668,18,24,5,4,0,0,0,4,216,0,18,21.6753283765283,27.6204400184797,10,7,38391,1307,6439,43.4,1.69,2.25,0.84,0,0,1,0,10.06,2.033,2.59,46137,0.78,0.55,-0.23
"8471262","ARI",70,751,854,32,26,8,13,6,3,1,182,95,18,4,33.6209541942808,36.6241400155122,9,6,50754,9019,4237,46.8,2.27,1.84,1.49,3.59,0.85,0.9895,7.18,3.4,2.385,2.598,64010,0.51,0.34,-0.17
"8471274","ARI",70,1166,1220,51,50,1,18,2,9,1,173,246,17,19,47.706388893479,53.3926281540771,12,4,73562,9182,9484,48.9,2.5,2.45,0.93,4.31,0.38,0.9959,6.67,7.21,2.335,2.613,92228,0.47,0.16,-0.31
"8471769","ARI",27,376,444,9,16,1,2,0,0,0,1,114,0,7,14.497666590265,18.5288908022922,7,1,25740,462,3326,45.9,1.26,2.24,0.42,0,0,1,0,7.58,2.028,2.591,29528,0.85,0.12,-0.73
"8473546","ARI",46,358,468,14,19,7,3,0,0,0,2,147,0,13,15.1702228477807,18.8835347602144,3,5,27885,672,4609,43.3,1.81,2.45,1.29,0,0,1,0,10.15,1.959,2.438,33166,0.33,0.54,0.21
"8473548","ARI",70,853,847,28,36,5,12,8,7,3,286,19,17,0,34.2448624570388,36.2223228497314,11,6,56070,9318,1742,50.2,1.8,2.31,1.09,5.8,6.2,0.8421,6.57,0,2.199,2.326,67130,0.59,0.32,-0.27
"8473560","ANA",49,501,713,16,24,1,1,0,0,0,14,123,0,8,21.6860719136894,33.1376003642217,16,7,39400,1186,5273,41.3,1.46,2.19,0.18,0,0,1,0,5.46,1.981,3.028,45859,1.26,0.55,-0.71
"8474218","ARI",50,763,833,30,30,0,7,0,0,0,19,190,0,10,34.0043492558179,34.6631803023047,10,8,51449,1790,5781,47.8,2.1,2.1,0.49,0,0,1,0,6.23,2.379,2.425,59020,0.61,0.49,-0.12
"8474613","ARI",70,867,905,28,35,7,9,1,5,3,174,236,13,14,33.0764133487828,38.307801165618,8,14,57042,5607,7168,48.9,1.77,2.21,1.01,3.85,1.51,0.9873,8.35,7.03,2.087,2.418,69817,0.41,0.72,0.31
"8474641","ANA",71,907,821,42,43,17,12,5,4,2,237,55,13,2,39.6705839914503,38.4002122122911,11,11,56425,7797,3590,52.5,2.68,2.74,1.85,4.16,2.01,0.9636,6,2.01,2.531,2.45,67812,0.58,0.58,0
"8474683","ANA",56,444,660,20,26,8,8,1,0,2,56,163,6,12,18.6755928130588,27.6884523961926,10,6,34961,3046,6226,40.2,2.06,2.68,1.65,1.18,1.16,0.9877,7.09,6.94,1.923,2.851,44233,0.81,0.49,-0.32
"8475164","ANA",66,793,768,41,40,13,14,4,2,3,232,164,12,14,35.1175517330994,34.5827432161313,7,15,52001,7258,6237,50.8,2.84,2.77,1.87,2.98,1.73,0.9817,5.95,8.08,2.431,2.394,65496,0.38,0.82,0.44
"8475171","ARI",66,1056,1112,43,43,5,18,2,2,3,238,233,18,12,44.4807530669495,47.319974504353,18,15,70689,8164,6932,48.7,2.19,2.19,1.17,1.76,1.56,0.9871,7.94,6.23,2.265,2.41,85785,0.76,0.63,-0.13
"8475311","ARI",29,1319,1365,50,48,0,0,0,0,2,198,205,18,14,56.0559623368899,56.2410383234965,3,3,85872,7764,7258,49.1,2.1,2.01,0,0,0.99,0.9902,8.35,6.94,2.35,2.358,100894,0.11,0.11,0
"8475764","ANA",59,952,892,44,36,7,12,2,6,5,238,80,11,8,45.0858066438814,41.1123466155259,10,2,61252,7365,4397,51.6,2.59,2.12,1.12,3.91,4.09,0.9375,5.38,6.55,2.65,2.416,73014,0.49,0.1,-0.39
"8476312","ANA",50,793,810,27,41,1,7,0,0,3,26,150,1,13,34.5301270078635,36.0065421752515,16,10,50640,2020,6044,49.5,1.92,2.91,0.57,0,1.79,0.98,1.78,7.74,2.455,2.56,58704,0.98,0.61,-0.37
"8476434","ANA",51,2184,2331,86,111,0,0,0,0,9,353,292,18,22,96.7676840415807,106.651352677785,3,3,144532,13915,12980,48.4,2.14,2.76,0,0,2.5,0.9692,4.66,6.1,2.41,2.656,171427,0.06,0.06,0
"8476483","ANA",65,858,865,42,46,11,14,3,6,5,222,72,10,4,40.899510672316,39.6057790441555,6,11,56227,6937,3623,49.8,2.69,2.95,1.6,4.67,4.97,0.9306,5.19,3.97,2.619,2.536,66787,0.32,0.59,0.27
"8476854","ANA",55,938,870,32,48,1,8,1,7,4,155,180,11,14,37.3146752553293,40.1855960411485,17,4,57835,6058,7447,51.9,1.99,2.99,0.56,4.75,1.93,0.9778,6.54,6.77,2.323,2.501,71340,0.86,0.2,-0.66
"8476913","ANA",45,440,482,16,28,5,5,0,1,0,22,20,2,0,18.9825836358359,23.2123420161661,4,4,27863,1490,1469,47.7,2.07,3.62,1.29,2.42,0,1,4.83,0,2.453,2.999,30822,0.47,0.47,0
"8476994","ARI",68,774,781,29,27,5,15,0,1,1,6,84,1,2,30.33450201503,33.2114721788676,7,16,46695,1422,3471,49.8,2.24,2.08,1.54,2.53,1.04,0.9881,2.53,2.07,2.339,2.56,51588,0.49,1.12,0.63
"8477240","ANA",71,555,786,25,27,5,9,0,0,1,14,228,1,22,22.5829511277843,32.6027230669279,7,8,43197,1871,7521,41.4,2.08,2.25,1.17,0,0.48,0.9956,1.92,10.53,1.882,2.717,52589,0.48,0.55,0.07
"8477851","ARI",58,766,890,26,33,3,7,0,2,1,89,58,4,1,33.4608583934023,36.0461231074296,7,7,50384,3771,3313,46.3,1.86,2.36,0.71,1.91,1.09,0.9828,3.82,1.09,2.391,2.576,57468,0.44,0.44,0
"8477941","ANA",48,583,540,24,22,7,9,2,1,3,116,6,6,0,25.2715614467743,24.8967929765349,21,1,34381,4034,1145,51.9,2.51,2.3,1.68,2.68,9.43,0.5,5.35,0,2.646,2.607,39560,1.91,0.09,-1.82
"8477951","ARI",70,828,805,41,34,9,22,1,11,1,200,14,18,0,34.7630903188838,33.8619590332964,10,12,51566,8505,1801,50.7,2.86,2.37,2.16,5.08,2,0.9286,7.62,0,2.427,2.364,61872,0.58,0.7,0.12
"8477989","ARI",70,908,872,49,35,13,16,4,4,3,275,33,16,1,39.9947195216082,35.3009658581577,6,5,56013,8003,2620,51,3.15,2.25,1.86,3.6,4.12,0.9091,7.2,1.37,2.57,2.269,66636,0.32,0.27,-0.05
"8478131","ANA",55,760,632,30,32,6,13,1,3,3,139,48,6,4,31.0892483860953,30.5793180076871,7,21,43403,5630,2980,54.6,2.49,2.65,1.58,2.56,3.62,0.9375,3.84,4.83,2.579,2.536,52013,0.48,1.45,0.97
"8478425","ANA",30,367,459,15,17,2,4,1,0,1,19,45,1,3,15.3824497786118,22.2753493283526,5,3,26187,1202,2556,44.4,2.06,2.34,0.82,3,1.41,0.9778,3,4.23,2.115,3.062,29945,0.6,0.36,-0.24
"8478432","ARI",56,460,570,17,19,5,2,0,0,0,5,13,0,1,19.9925536598894,21.1175444336259,8,13,34388,1281,562,44.7,1.78,1.99,0.73,0,0,1,0,6.41,2.093,2.211,36231,0.79,1.29,0.5
"8478474","ARI",66,664,807,24,32,10,6,0,1,0,9,156,1,8,26.8428648773697,33.1999773663701,9,16,46125,1027,5307,45.1,1.87,2.5,1.25,3.51,0,1,3.51,5.43,2.095,2.591,52459,0.62,1.1,0.48
"8478491","ANA",60,697,902,31,42,2,9,0,0,3,16,95,0,8,32.4549366252031,41.042431275011,6,3,51511,1522,3911,43.6,2.17,2.94,0.77,0,2.76,0.9684,0,7.36,2.268,2.868,56944,0.38,0.19,-0.19
"8478856","ARI",68,794,768,37,29,17,11,4,6,3,200,13,17,0,34.8798103429144,30.3868240407901,9,15,47290,7892,1014,50.8,2.82,2.21,2.13,4.56,10.65,0.7692,7.75,0,2.655,2.313,56196,0.58,0.96,0.38
"8478873","ANA",47,516,496,15,20,3,8,0,2,2,125,13,4,0,24.8307626569876,22.4752142573125,3,12,34035,4135,1175,51,1.59,2.12,1.16,1.74,6.13,0.8462,3.48,0,2.626,2.377,39345,0.27,1.1,0.83
"8479343","ARI",70,867,785,35,35,14,14,2,11,1,255,16,17,0,34.899430012505,34.1923049096367,14,18,54079,8542,2019,52.5,2.33,2.33,1.86,5.48,1.78,0.9375,7.16,0,2.323,2.276,64640,0.78,1,0.22
"8479345","ARI",63,1042,1069,47,43,7,8,5,4,1,170,128,15,8,42.9077439070679,44.7637865512515,18,15,65262,8751,6418,49.4,2.59,2.37,0.83,3.7,0.56,0.9922,6.17,4.49,2.367,2.469,80431,0.81,0.67,-0.14
"8479351","ANA",65,720,752,26,31,4,11,0,5,4,162,50,10,3,31.9359033090877,35.4151465778705,9,10,49191,5817,2621,48.9,1.9,2.27,1.1,3.09,5.49,0.92,6.19,4.12,2.337,2.592,57629,0.56,0.62,0.06
"8479368","ANA",59,634,653,17,22,7,3,0,1,3,60,54,3,3,26.4936384446919,30.7281735268189,18,17,42183,2465,3765,49.3,1.45,1.88,0.85,1.46,2.87,0.9444,4.38,2.87,2.261,2.622,48413,1.34,1.26,-0.08
"8471233","NJD",69,807,937,36,50,6,14,1,0,4,80,236,2,17,35.8613334922702,42.7964622601867,14,5,55711,3406,8629,46.3,2.33,3.23,1.29,1.06,1.67,0.9831,2.11,7.09,2.317,2.765,67746,0.74,0.27,-0.47
"8471239","NJD",13,464,511,21,26,0,1,0,0,4,96,85,6,8,24.4491060539149,24.118663078465,0,0,31882,4283,3487,47.6,2.37,2.94,0.11,0,4.13,0.9529,5.04,8.26,2.761,2.723,39652,0,0,0
"8472382","NJD",63,828,1060,36,43,2,10,0,0,0,17,298,1,24,36.9448893644731,44.4250628611771,8,5,60100,2104,8775,43.9,2.16,2.58,0.72,0,0,1,1.71,9.85,2.213,2.661,70979,0.41,0.25,-0.16
"8474056","NJD",68,1056,1170,35,53,4,7,1,4,5,215,125,10,11,47.4438400545041,55.9811489437125,27,11,69554,9374,6973,47.4,1.81,2.74,0.57,1.92,2.58,0.96,3.84,5.68,2.456,2.897,85901,1.13,0.46,-0.67
"8474190","NJD",68,734,823,26,35,3,10,5,3,5,241,11,15,1,33.2059696121723,37.2355207898654,18,11,48661,8977,1282,47.1,1.92,2.59,0.96,3.21,14.04,0.5455,6.02,2.81,2.457,2.755,58920,1.1,0.67,-0.43
"8475151","NJD",65,754,803,39,32,16,11,8,8,4,352,35,27,3,38.5568485748954,34.9573001904064,13,11,51698,8989,2672,48.4,2.72,2.23,1.88,6.41,5.39,0.8857,10.81,4.04,2.685,2.434,63359,0.74,0.63,-0.11
"8475222","NJD",47,651,719,26,35,3,8,2,6,4,250,115,17,8,27.6116482148645,32.4805426382227,10,7,45651,6768,5629,47.5,2.05,2.76,0.87,4.26,2.56,0.9652,9.04,5.12,2.177,2.561,58048,0.62,0.43,-0.19
"8475791","ARI",65,898,928,44,45,10,23,2,12,3,352,35,21,1,44.9465005364036,40.5965112936683,17,23,57668,9999,2670,49.2,2.75,2.81,2.06,5.04,4.04,0.9143,7.56,1.35,2.806,2.534,70337,0.87,1.18,0.31
"8476316","WPG",19,738,762,36,37,0,0,0,0,1,128,119,11,13,29.5671482285252,36.996090791712,0,2,48376,4616,4400,49.2,2.68,2.75,0,0,0.82,0.9916,8.58,10.64,2.2,2.753,57392,0,0.13,0.13
"8476399","NJD",66,792,829,39,42,17,9,1,0,4,59,216,4,14,35.2408471662784,35.8160394478473,23,18,52555,2971,8269,48.9,2.67,2.88,1.78,1.21,1.74,0.9815,4.85,6.1,2.414,2.453,63795,1.3,1.02,-0.28
"8476923","NJD",69,1062,1153,45,56,4,17,3,6,6,216,237,14,19,50.3054041826399,52.1168446890661,16,9,73967,8267,8116,47.9,2.19,2.73,1.02,3.92,2.66,0.9747,6.1,8.43,2.448,2.537,90350,0.64,0.36,-0.28
"8477038","NJD",66,745,755,38,41,7,22,5,8,5,246,12,17,0,32.3316271409276,35.4296708760085,6,12,46150,8339,844,49.7,2.96,3.2,2.26,5.61,21.33,0.5833,7.34,0,2.522,2.764,55333,0.39,0.78,0.39
"8477355","NJD",56,799,910,39,46,3,14,0,1,4,88,34,3,1,36.4548251476372,39.304624164768,3,4,50687,4877,2658,46.8,2.77,3.27,1.21,0.74,5.42,0.8824,2.21,1.35,2.589,2.792,58222,0.19,0.25,0.06
"8477401","NJD",43,264,421,11,13,3,1,0,0,0,5,16,0,1,10.2403393757995,17.1639880216098,11,6,22852,1001,928,38.5,1.73,2.05,0.63,0,0,1,0,3.88,1.613,2.704,24781,1.6,0.87,-0.73
"8477425","NJD",68,699,908,29,44,10,12,0,0,3,65,13,9,1,31.5449141712743,43.0301516895997,24,29,47372,4092,1439,43.5,2.2,3.34,1.67,0,7.51,0.7692,7.92,2.5,2.397,3.27,52903,1.63,1.97,0.34
"8477509","NJD",50,605,758,23,34,2,3,0,1,1,9,155,1,10,27.1854339868878,34.1600131111918,9,2,44034,1466,5772,44.4,1.88,2.78,0.41,2.46,0.62,0.9935,2.46,6.24,2.223,2.793,51272,0.63,0.14,-0.49
"8478401","NJD",65,633,835,33,47,3,14,3,4,4,135,196,10,12,28.7236134338309,39.628581952129,7,14,47090,6027,7344,43.1,2.52,3.59,1.3,4.18,1.96,0.9796,5.97,5.88,2.196,3.03,60461,0.42,0.83,0.41
"8478406","NJD",47,1884,2170,80,84,0,0,0,1,7,375,308,27,24,84.5877795811393,95.2069038574118,0,1,127552,13423,11981,46.5,2.26,2.37,0,0.27,2.1,0.9773,7.24,7.21,2.387,2.687,152956,0,0.02,0.02
"8479407","NJD",60,623,649,34,34,14,11,1,4,4,137,15,9,1,28.9440553439199,28.2996602411731,3,9,40295,6822,1223,49,3.04,3.04,2.23,2.64,11.77,0.7333,4.75,2.94,2.586,2.528,48340,0.22,0.67,0.45
"8480002","NJD",58,693,756,28,35,9,12,4,8,6,266,71,16,9,33.9018551699119,35.9763730076957,6,22,47149,7678,4270,47.8,2.14,2.67,1.6,5.63,5.06,0.9155,7.5,7.59,2.589,2.747,59097,0.37,1.34,0.97
"8481559","NJD",61,635,720,19,33,3,9,3,5,3,286,16,21,1,31.7663168041618,33.3940319721005,5,16,44891,8670,1485,46.9,1.52,2.65,0.96,3.32,7.27,0.8125,8.72,2.42,2.547,2.678,55046,0.33,1.05,0.72
"8470187","NYI",64,824,1000,23,38,1,6,1,1,2,15,220,3,14,35.6750922968495,42.3160249621142,7,3,55597,1415,6826,45.2,1.49,2.46,0.45,5.09,1.05,0.9909,7.63,7.38,2.31,2.74,63838,0.39,0.17,-0.22
"8473463","NYI",48,405,519,18,19,3,8,0,0,0,6,102,0,6,16.5699938145699,19.8581299192738,4,6,30844,745,3363,43.8,2.1,2.22,1.28,0,0,1,0,6.42,1.934,2.318,34952,0.41,0.62,0.21
"8473504","NYI",37,265,392,8,8,2,2,0,0,0,3,130,0,6,12.4201627278235,14.2353029687656,6,9,24062,888,3336,40.3,1.2,1.2,0.6,0,0,1,0,6.47,1.858,2.13,28286,0.76,1.15,0.39
"8473544","NYI",66,645,750,29,30,6,12,3,6,2,169,19,13,2,27.8113732581842,30.8901575870696,8,5,44976,6248,1137,46.2,2.32,2.4,1.44,5.19,6.33,0.8947,7.49,6.33,2.226,2.473,52361,0.55,0.34,-0.21
"8473575","NYI",45,1751,2072,69,75,0,0,0,0,7,262,311,15,18,80.9927501661587,83.7438535367255,0,2,122609,10661,11099,45.8,2.03,2.2,0,0,2.27,0.9775,5.07,5.84,2.378,2.459,144369,0,0.05,0.05
"8474573","NYI",68,751,911,31,48,6,17,3,7,4,152,149,11,9,34.2402922378969,36.5137072943035,5,8,53338,6384,5600,45.2,2.09,3.24,1.55,5.64,2.57,0.9732,6.2,5.79,2.311,2.464,65322,0.28,0.44,0.16
"8474586","NYI",58,889,814,36,33,12,15,4,7,4,226,9,16,0,44.9835455189459,34.1830858997419,6,12,50775,6854,1613,52.2,2.55,2.34,1.91,5.78,8.93,0.5556,8.4,0,3.189,2.424,59242,0.36,0.73,0.37
"8474709","NYI",55,392,504,12,13,4,3,0,0,0,16,20,0,2,15.3270536865457,18.1370311282808,5,5,31576,1257,752,43.8,1.37,1.48,0.8,0,0,1,0,9.57,1.747,2.068,33585,0.54,0.54,0
"8475181","NYI",60,915,1127,41,41,2,12,0,2,3,92,87,4,6,42.062061427685,47.5241236524889,7,3,62800,5208,4377,44.8,2.35,2.35,0.8,1.38,2.47,0.9655,2.76,4.93,2.411,2.724,72385,0.35,0.15,-0.2
"8475231","NYI",48,417,484,16,10,5,2,1,0,0,10,181,1,13,19.3941109454609,17.9944513706723,13,7,32372,1621,4696,46.3,1.78,1.11,0.78,2.22,0,1,2.22,9.97,2.157,2.001,38689,1.21,0.65,-0.56
"8475314","NYI",68,1062,1003,44,41,14,14,3,6,5,225,10,14,0,51.7873414402711,43.1990444510011,11,9,61030,7460,1846,51.4,2.6,2.42,1.65,4.34,9.75,0.5,6.76,0,3.055,2.548,70336,0.56,0.46,-0.1
"8475754","NYI",68,822,990,45,43,15,19,4,3,5,211,159,15,7,38.3551833817037,39.2114360742853,15,13,58965,6876,5976,45.4,2.75,2.63,2.08,3.66,3.01,0.9686,7.85,4.22,2.342,2.394,71817,0.75,0.65,-0.1
"8476429","NYI",67,964,1101,36,35,4,6,0,0,2,10,265,2,15,44.1265374384238,45.4717351509607,18,11,67289,1647,7582,46.7,1.93,1.87,0.54,0,0.95,0.9925,4.37,7.12,2.361,2.433,76518,0.85,0.52,-0.33
"8476917","NYI",38,524,675,24,26,1,5,0,0,0,6,153,0,7,23.5327731639263,26.1177920818445,10,4,40085,1069,4758,43.7,2.16,2.34,0.54,0,0,1,0,5.3,2.113,2.346,45912,0.78,0.31,-0.47
"8477506","NYI",68,1000,1278,56,55,5,15,2,6,4,180,165,15,14,45.9032891595853,49.4605750562623,7,4,73505,7054,6440,43.9,2.74,2.69,0.98,4.08,2.24,0.9758,7.66,7.83,2.248,2.422,86999,0.29,0.17,-0.12
"8477936","NYI",53,459,586,16,22,4,6,0,0,0,17,15,0,1,19.7326680771657,24.2734245475731,6,7,34706,1468,648,43.9,1.66,2.28,1.04,0,0,1,0,5.56,2.047,2.518,36822,0.59,0.68,0.09
"8478038","NYI",68,1098,1040,40,42,3,13,1,6,4,221,31,13,3,52.4698861789657,42.0980815638904,8,4,69319,7472,2198,51.4,2.08,2.18,0.83,3.37,6.55,0.871,6.26,4.91,2.725,2.186,78989,0.36,0.18,-0.18
"8478445","NYI",68,1165,1108,45,44,12,24,4,9,5,298,17,20,1,54.9759967796854,46.9520534673939,21,27,66918,8528,1975,51.3,2.42,2.37,1.94,5.49,9.11,0.7059,8.44,1.82,2.958,2.526,77421,0.98,1.26,0.28
"8478463","NYI",68,847,959,38,47,11,14,3,5,3,184,67,15,6,37.9047573329299,38.69168490218,5,16,57578,6439,3213,46.9,2.38,2.94,1.56,4.47,3.36,0.9552,8.39,6.72,2.37,2.419,67230,0.27,0.86,0.59
"8478492","WSH",26,1052,987,59,42,0,0,0,0,5,191,173,15,9,45.686118714686,43.4558405576972,1,1,65003,7240,7436,51.6,3.27,2.33,0,0,2.42,0.9711,7.46,4.36,2.53,2.407,79679,0.05,0.05,0
"8469455","TOR",58,497,487,28,24,8,13,1,3,4,96,8,5,2,21.1221996808308,19.0353852499975,9,3,31747,4503,431,50.5,3.18,2.72,2.38,3.2,33.41,0.5,4,16.71,2.395,2.159,36681,0.88,0.29,-0.59
"8473422","CBJ",67,905,841,36,30,8,14,2,2,3,182,168,12,9,39.4577053867397,32.6141077295761,16,9,58680,6690,5270,51.8,2.21,1.84,1.35,2.15,2.05,0.9821,6.46,6.15,2.421,2.001,70640,0.82,0.46,-0.36
"8474062","CBJ",64,479,589,22,18,4,9,0,0,0,2,95,0,6,19.6015727918711,20.5042254537693,5,3,39554,1100,3778,44.9,2,1.64,1.18,0,0,1,0,5.72,1.784,1.866,44432,0.41,0.24,-0.17
"8474679","CBJ",70,885,926,38,36,4,20,3,5,3,263,71,15,7,38.4766455228091,37.1504369974136,8,12,59118,7892,3502,48.9,2.31,2.19,1.46,3.65,3.08,0.9577,6.84,7.2,2.343,2.262,70512,0.41,0.61,0.2
"8474715","CBJ",44,538,549,19,16,6,9,3,5,2,137,76,10,7,22.6431679251837,21.7514846168342,3,7,35501,4968,3661,49.5,1.93,1.62,1.52,5.8,1.97,0.9737,7.25,6.88,2.296,2.206,44130,0.24,0.57,0.33
"8475233","CBJ",68,1058,1200,45,47,0,8,0,2,0,21,201,2,12,47.1289477914688,43.6493834933499,10,9,71843,2377,7094,46.9,2.25,2.36,0.4,3.03,0,1,3.03,6.09,2.362,2.187,81314,0.44,0.4,-0.04
"8475718","TOR",68,1037,976,47,43,1,16,0,0,2,10,190,0,16,47.9791202450288,42.8514217545744,19,4,63362,1410,7550,51.5,2.67,2.44,0.97,0,0.95,0.9895,0,7.63,2.726,2.435,72322,0.95,0.2,-0.75
"8476432","CBJ",70,928,1007,29,39,7,9,2,2,1,171,219,13,10,40.4063857876463,39.7079074641224,13,14,60001,6070,6024,48,1.74,2.34,0.96,2.37,0.6,0.9954,7.71,5.98,2.424,2.382,72095,0.65,0.7,0.05
"8476449","CBJ",39,418,484,13,17,1,7,0,0,0,3,33,0,4,18.6949313454679,20.0126827507629,7,0,29975,504,1668,46.3,1.56,2.04,0.96,0,0,1,0,8.63,2.245,2.404,32147,0.78,0,-0.78
"8476850","CBJ",27,392,416,13,16,2,5,0,2,1,27,69,2,7,16.7287191707292,14.4843932165531,2,3,26106,1759,2964,48.5,1.79,2.21,0.97,4.09,1.21,0.9855,4.09,8.5,2.307,1.997,30829,0.23,0.35,0.12
"8476914","CBJ",37,1568,1521,64,60,0,0,0,0,5,253,244,18,16,68.7337248054682,58.8643004884943,0,2,102758,10066,8567,50.8,2.24,2.1,0,0,2.1,0.9795,6.44,6.72,2.408,2.062,121391,0,0.06,0.06
"8476981","CBJ",26,299,307,10,15,1,2,0,0,1,52,70,2,3,14.5355228531407,12.1497505152947,6,6,19521,2705,1850,49.3,1.84,2.77,0.55,0,1.95,0.9857,2.66,5.84,2.681,2.241,24076,0.9,0.9,0
"8477416","CBJ",49,749,621,37,23,18,9,3,3,4,173,2,10,0,34.6195389755303,21.9567918315297,6,12,43514,5750,563,54.7,3.06,1.9,2.23,3.76,25.58,-1,6.26,0,2.864,1.817,49827,0.43,0.87,0.44
"8477464","TOR",16,180,135,5,8,0,3,0,0,1,17,0,3,0,6.81215888162842,5.89785378560191,2,0,9573,866,24,57.1,1.88,3.01,1.13,0,150,NA,12.47,0,2.562,2.218,10463,0.69,0,-0.69
"8477495","CBJ",56,984,972,43,34,4,10,2,7,1,190,207,14,14,42.0224241670803,40.1091689247987,10,4,65524,7010,6924,50.3,2.36,1.87,0.77,4.62,0.52,0.9952,7.19,7.28,2.309,2.204,79458,0.45,0.18,-0.27
"8477505","CBJ",57,620,627,23,23,4,12,1,4,2,156,111,13,13,27.4050042577437,26.1077045186539,8,14,44101,5855,4457,49.7,1.88,1.88,1.31,3.07,1.62,0.982,7.99,10.5,2.237,2.131,54413,0.53,0.93,0.4
"8478460","CBJ",63,1079,1053,50,37,11,10,4,8,5,257,172,18,11,46.0388878805679,42.2747947981698,5,3,70438,8214,6550,50.6,2.56,1.89,1.07,5.26,2.75,0.9709,7.89,6.05,2.353,2.161,85202,0.21,0.13,-0.08
"8478906","CBJ",37,511,521,17,15,2,5,0,1,0,15,6,1,0,20.5048621373717,20.5245399690466,2,0,33007,1015,588,49.5,1.85,1.64,0.76,3.55,0,1,3.55,0,2.236,2.239,34610,0.21,0,-0.21
"8479400","CBJ",70,970,917,43,39,15,19,1,8,4,272,14,16,0,44.6349309624638,36.5073911016225,22,27,60265,8176,2002,51.4,2.57,2.33,2.03,3.96,7.19,0.7143,7.05,0,2.666,2.181,70443,1.12,1.38,0.26
"8480074","CBJ",36,388,389,17,14,5,6,0,1,1,23,1,1,0,15.6235084875952,14.9818578655249,5,7,24844,1750,339,49.9,2.46,2.03,1.59,2.06,10.62,0,2.06,0,2.264,2.171,26933,0.67,0.94,0.27
"8480205","CBJ",56,526,528,16,27,4,7,5,3,1,110,4,11,0,21.8461824065889,21.9180766136269,4,4,36089,3879,613,49.9,1.6,2.69,1.1,7.42,5.87,0.75,10.21,0,2.179,2.186,40581,0.35,0.35,0
"8481650","CBJ",37,252,350,12,7,2,3,0,0,0,2,8,0,0,9.30426636495395,12.1934703385341,1,2,20930,502,380,41.9,2.06,1.2,0.86,0,0,1,0,0,1.6,2.097,21812,0.17,0.33,0.16
"8470281","CHI",61,1049,1109,43,47,0,11,2,8,1,192,298,14,14,46.7186892629252,53.2051934998017,9,1,68643,7407,7468,48.6,2.26,2.46,0.58,4.86,0.48,0.9966,6.8,6.75,2.45,2.79,83518,0.39,0.04,-0.35
"8470607","CHI",32,436,554,17,19,2,1,1,0,0,41,71,2,7,18.1807766559068,25.7218347855378,4,1,29107,1960,2959,44,2.1,2.35,0.37,1.84,0,1,3.67,8.52,2.249,3.181,34026,0.42,0.11,-0.31
"8470645","CHI",40,1805,1834,72,79,0,0,0,0,3,287,275,16,22,83.4312390495907,88.5379511952633,0,2,115596,10165,9904,49.6,2.24,2.46,0,0,1.09,0.9891,5.67,8,2.598,2.757,135665,0,0.05,0.05
"8471702","PHI",68,1003,920,53,42,2,15,4,9,3,194,237,17,18,46.5051091546193,42.4224450463662,12,8,67316,8921,8295,52.2,2.83,2.25,0.91,5.25,1.3,0.9873,6.86,7.81,2.487,2.269,84532,0.51,0.34,-0.17
"8473512","PHI",69,972,814,44,37,11,14,7,13,3,343,67,28,5,43.6492271691095,38.6396093658987,14,18,60436,9310,3379,54.4,2.62,2.2,1.49,7.73,3.2,0.9552,10.83,5.33,2.6,2.302,73125,0.69,0.89,0.2
"8473604","CHI",70,976,994,54,54,11,30,1,7,7,400,233,22,14,45.1929430310265,49.026896844618,23,15,61391,9885,6210,49.5,3.17,3.17,2.4,2.91,4.06,0.97,8.01,8.12,2.65,2.875,77486,1.07,0.7,-0.37
"8474027","PHI",62,811,792,37,42,2,15,0,1,0,6,136,2,13,34.6221610413631,33.9143540859804,9,3,54234,1339,6776,50.6,2.46,2.79,1.13,2.69,0,1,5.38,6.91,2.298,2.251,62349,0.52,0.17,-0.35
"8474037","PHI",66,755,672,40,27,15,15,4,5,6,233,3,18,0,35.1535339136026,29.0756106877816,4,8,47785,8284,1026,52.9,3.01,2.03,2.26,3.91,21.05,-1,7.82,0,2.648,2.19,57095,0.25,0.5,0.25
"8474141","CHI",70,1054,1161,59,41,19,32,8,14,6,438,11,25,0,49.4330163123668,57.0990399160655,15,18,70965,11192,1981,47.6,2.99,2.08,2.59,7.08,10.9,0.4545,8.04,0,2.508,2.897,84138,0.64,0.77,0.13
"8474161","PHI",69,832,738,43,32,6,27,3,15,0,339,8,29,0,37.2769014936057,35.6844378386741,13,17,55137,9892,1235,53,2.81,2.09,2.15,6.55,0,1,10.55,0,2.434,2.33,66264,0.71,0.92,0.21
"8474250","CHI",50,408,495,13,16,3,5,0,0,1,19,91,0,5,14.0351718484308,22.2033081841655,12,4,30202,1078,3620,45.2,1.55,1.91,0.95,0,0.99,0.989,0,4.97,1.673,2.647,34900,1.24,0.41,-0.83
"8475752","PHI",63,512,589,31,22,8,11,0,0,0,7,87,0,4,23.0244735038723,24.570368214976,6,11,38896,1390,3963,46.5,2.87,2.04,1.76,0,0,1,0,3.63,2.131,2.274,44249,0.49,0.89,0.4
"8475763","PHI",69,784,809,34,45,12,12,4,3,4,157,173,13,13,35.3304598758696,37.638035827491,17,10,55014,7157,6978,49.2,2.22,2.94,1.57,3.52,2.06,0.9769,6.54,6.71,2.312,2.463,69149,0.89,0.52,-0.37
"8476381","CHI",26,305,297,9,15,2,5,1,1,0,90,5,5,0,14.4505673436797,14.5142485482502,14,10,18125,3008,459,50.7,1.79,2.98,1.39,2.39,0,1,5.98,0,2.87,2.883,21592,2.33,1.67,-0.66
"8476438","CHI",58,763,763,33,31,15,11,1,0,0,86,146,3,11,37.2472849902115,36.9716335614212,8,10,44820,4620,5625,50,2.65,2.49,2.09,0.78,0,1,2.34,7.04,2.992,2.97,55065,0.52,0.65,0.13
"8476461","PHI",69,982,761,53,33,14,23,5,11,3,319,178,29,18,43.957267497899,36.1840296746232,15,17,59774,10130,6445,56.3,3.19,1.99,2.23,5.69,1.68,0.9831,10.31,10.05,2.647,2.179,76349,0.71,0.8,0.09
"8476872","PHI",49,500,561,32,18,12,12,0,1,1,16,94,1,8,21.4753031028085,22.4604560651351,13,6,35027,1598,4436,47.1,3.29,1.85,2.47,2.25,0.81,0.9894,2.25,6.49,2.207,2.308,41061,1.14,0.53,-0.61
"8476874","CHI",65,918,975,45,51,4,9,0,0,0,8,180,1,15,41.9153357139439,45.2258991759154,10,5,60912,1611,7436,48.5,2.66,3.01,0.77,0,0,1,2.23,7.26,2.477,2.673,69959,0.51,0.26,-0.25
"8476886","CHI",42,609,563,26,24,0,9,0,0,0,1,70,0,10,28.8809046710376,25.4140368231456,16,9,36763,573,4244,52,2.55,2.35,0.88,0,0,1,0,8.48,2.828,2.489,41580,1.39,0.78,-0.61
"8476906","PHI",42,556,511,20,23,2,3,1,4,2,163,4,11,0,23.5088600309682,25.8912071557133,10,14,36923,5649,1068,52.1,1.95,2.24,0.49,3.19,6.74,0.5,7.01,0,2.292,2.524,43640,0.82,1.15,0.33
"8476979","CHI",66,1046,1096,54,46,4,13,2,7,6,299,13,15,1,45.597524070763,53.6208532023011,11,6,66525,8629,1894,48.8,2.92,2.49,0.92,3.75,11.4,0.5385,6.26,1.9,2.468,2.902,77048,0.51,0.28,-0.23
"8477290","PHI",58,506,531,22,27,6,10,0,1,0,19,88,3,6,21.6658841990284,23.4534672210575,7,10,36174,1241,4257,48.8,2.19,2.69,1.59,2.9,0,1,8.7,5.07,2.156,2.334,41672,0.6,0.86,0.26
"8477330","CHI",68,827,803,47,46,22,12,3,4,1,192,7,10,1,39.6957762413076,39.1063598058536,8,8,48736,7314,666,50.7,3.47,3.4,2.51,3.45,5.41,0.8571,4.92,5.41,2.932,2.889,56716,0.51,0.51,0
"8477462","PHI",49,534,675,30,19,1,9,2,1,1,13,67,3,4,23.8110097695026,28.8868590636994,10,5,40391,1044,3609,44.2,2.67,1.69,0.89,10.34,1,0.9851,10.34,3.99,2.122,2.575,45044,0.8,0.4,-0.4
"8477846","CHI",69,659,736,22,31,2,9,0,0,0,19,269,1,18,29.3373706104467,33.0931598788011,9,12,47561,1690,7419,47.2,1.67,2.35,0.83,0,0,1,2.13,8.73,2.221,2.505,56670,0.57,0.76,0.19
"8477948","PHI",69,1088,994,56,54,6,13,2,4,0,106,145,8,17,49.285691505298,45.4256770567154,16,13,66564,5892,7018,52.3,3.03,2.92,1.03,3.67,0,1,4.89,8.72,2.666,2.457,79474,0.72,0.59,-0.13
"8478067","PHI",30,384,326,21,19,8,6,3,1,0,88,54,9,8,17.7834081943729,15.350403703691,2,6,23135,4108,2227,54.1,3.27,2.96,2.18,3.51,0,1,7.89,12.93,2.767,2.389,29470,0.24,0.73,0.49
"8478439","PHI",66,896,738,41,37,18,15,5,18,3,299,0,27,0,40.2908074828447,33.5625421908917,13,24,52270,9228,689,54.8,2.82,2.55,2.27,8.97,15.67,NA,10.53,0,2.775,2.312,62187,0.75,1.39,0.64
"8478440","CHI",58,697,722,36,27,8,20,2,5,5,213,7,12,0,31.7255997446482,33.9434532467858,8,10,44269,7241,1419,49.1,2.93,2.2,2.28,3.48,12.68,0.2857,5.97,0,2.58,2.76,52929,0.54,0.68,0.14
"8478500","PHI",69,1098,1023,53,47,5,7,7,8,4,310,245,32,20,49.1661507373792,47.7693540900364,12,14,76441,10244,8944,51.8,2.5,2.21,0.57,5.27,1.61,0.9837,11.25,8.05,2.315,2.25,95629,0.45,0.53,0.08
"8478502","CHI",21,219,305,10,19,1,2,0,0,0,7,38,0,3,10.1226376527338,14.163201802352,4,3,17142,366,1822,41.8,2.1,3.99,0.63,0,0,1,0,5.93,2.126,2.974,19330,0.74,0.56,-0.18
"8479337","CHI",70,853,900,36,36,8,19,9,5,6,407,4,25,0,38.3839738799143,41.5689608677058,5,15,57629,10218,1506,48.7,2.25,2.25,1.69,4.93,14.34,-0.5,8.81,0,2.398,2.597,69353,0.26,0.78,0.52
"8479358","PHI",15,116,150,2,4,1,0,0,0,0,3,6,0,3,4.42002788058016,5.9508417477482,2,0,9059,125,279,43.6,0.79,1.59,0.4,0,0,1,0,38.71,1.756,2.365,9463,0.76,0,-0.76
"8479382","PHI",21,136,155,9,2,0,1,1,0,0,7,0,2,0,5.73721539310645,5.79048119520303,1,3,10962,348,164,46.7,2.96,0.66,0.33,10.34,0,NA,20.69,0,1.884,1.902,11474,0.31,0.94,0.63
"8479394","PHI",43,1621,1622,88,68,0,0,0,0,5,342,235,29,19,73.7925760577782,72.6266127233976,0,1,112369,13245,10233,50,2.82,2.18,0,0,1.76,0.9787,7.88,6.68,2.364,2.327,135847,0,0.03,0.03
"8479423","CHI",65,674,698,31,32,10,13,0,2,1,89,2,3,0,29.3345864680014,33.4606930609443,5,13,41616,4646,486,49.1,2.68,2.77,1.99,1.55,7.41,0.5,2.32,0,2.538,2.895,46748,0.39,1,0.61
"8479465","CHI",40,406,434,22,27,8,5,1,0,0,7,36,1,5,20.2730893124244,20.605756675126,11,10,25880,575,1450,48.3,3.06,3.76,1.81,6.26,0,1,6.26,12.41,2.82,2.866,27905,1.42,1.29,-0.13
"8480144","CHI",70,667,759,19,32,7,6,0,0,1,7,251,0,15,29.0274401772767,35.9348563789972,4,11,46627,1346,7907,46.8,1.47,2.47,1,0,0.46,0.996,0,6.83,2.241,2.774,55880,0.26,0.71,0.45
"8474578","SJS",56,946,850,42,47,4,21,1,11,3,284,216,17,14,41.8135852638516,43.4030715755071,8,10,61970,8129,7350,52.7,2.44,2.73,1.45,5.31,1.47,0.9861,7.53,6.86,2.429,2.521,77449,0.37,0.46,0.09
"8477180","SJS",33,1344,1395,54,70,0,0,0,0,2,237,199,14,14,58.4684582360205,67.6545347737847,0,1,89357,7665,7503,49.1,2.18,2.82,0,0,0.96,0.9899,6.58,6.72,2.356,2.726,104525,0,0.03,0.03
"8478136","SJS",10,101,83,3,5,0,2,0,0,0,0,10,0,1,5.32387591997394,4.06354254030157,2,1,5792,10,466,54.9,1.86,3.11,1.24,0,0,1,0,7.73,3.309,2.526,6268,1.15,0.57,-0.58
"8479980","VGK",38,600,476,32,31,0,7,1,3,0,60,2,6,1,27.3804334522574,23.7878557807417,11,7,33008,2392,850,55.8,3.49,3.38,0.76,6.02,0,1,9.03,4.24,2.986,2.594,36250,1.09,0.7,-0.39
"8480003","NJD",35,275,326,4,13,3,0,0,0,1,33,9,0,1,9.31404694664525,15.68510978017,3,6,19838,2246,414,45.8,0.73,2.36,0.54,0,8.7,0.8889,0,8.7,1.69,2.846,22498,0.48,0.96,0.48
"8474636","TOR",16,685,600,33,37,0,0,0,0,1,107,89,9,9,30.2911961866193,29.761295910168,0,1,41369,4129,3014,53.3,2.87,3.22,0,0,1.19,0.9888,7.85,10.75,2.636,2.59,48512,0,0.07,0.07
"8474571","OTT",20,127,159,5,7,1,2,0,0,0,19,21,0,1,5.48638353298884,7.19459465821274,0,3,9759,1008,690,44.4,1.84,2.58,1.11,0,0,1,0,5.22,2.024,2.654,11457,0,0.94,0.94
"8480382","NYR",34,1358,1467,59,63,0,0,0,0,4,264,333,19,21,59.5727616312215,66.3056186378817,0,0,87584,9716,10491,48.1,2.43,2.59,0,0,1.37,0.988,7.04,7.21,2.449,2.725,107791,0,0,0
"8477963","FLA",26,258,232,10,10,3,6,0,1,0,14,2,1,0,10.6381035450031,8.83268098626286,8,6,15986,766,270,52.7,2.25,2.25,2.03,4.7,0,1,4.7,0,2.396,1.989,17022,1.69,1.27,-0.42
"8478007","CBJ",32,1334,1454,53,53,0,0,0,0,1,173,180,12,11,58.110977030301,56.5726747380104,0,0,90715,6459,7367,47.8,2.1,2.1,0,0,0.49,0.9944,6.69,5.38,2.306,2.245,104541,0,0,0
"8478567","CBJ",33,418,401,13,21,0,4,1,0,0,33,2,1,0,18.9173794078524,16.1233597066021,6,2,28629,1821,346,51,1.63,2.64,0.5,1.98,0,1,1.98,0,2.379,2.027,30796,0.7,0.23,-0.47
"8478882","CBJ",69,1024,1054,45,45,5,12,0,0,0,5,170,0,11,46.0196492998512,40.8265333704767,9,6,68111,1599,5819,49.3,2.38,2.38,0.9,0,0,1,0,6.81,2.432,2.158,75529,0.43,0.29,-0.14
"8473503","CAR",25,970,944,43,44,0,0,0,0,1,163,216,9,10,41.0419055427192,44.9654951724224,1,2,63109,5583,8235,50.7,2.45,2.51,0,0,0.44,0.9954,5.8,4.37,2.341,2.565,76927,0.05,0.09,0.04
"8474125","STL",36,389,439,21,15,2,4,0,0,0,2,108,0,8,17.454677460657,20.5120840788004,8,3,29124,308,3550,47,2.6,1.85,0.74,0,0,1,0,8.11,2.158,2.535,32982,0.87,0.33,-0.54
"8476166","DAL",27,322,311,16,14,2,6,0,0,0,7,16,0,1,14.5940058239503,12.1534332741285,4,2,20395,380,961,50.9,2.82,2.47,1.41,0,0,1,0,3.75,2.576,2.145,21736,0.66,0.33,-0.33
"8477482","STL",58,614,605,40,28,13,14,1,0,0,74,24,4,0,28.2184149091481,27.1050797845819,14,13,41431,3247,1928,50.4,3.48,2.43,2.35,1.11,0,1,4.43,0,2.452,2.355,46606,1.08,1,-0.08
"8479381","DAL",12,88,97,4,2,1,1,0,0,0,2,7,0,0,3.40062847506488,3.55622136982856,2,0,6464,196,416,47.6,2.23,1.11,1.11,0,0,1,0,0,1.894,1.981,7076,1.02,0,-1.02
"8479587","DAL",8,51,56,1,2,0,0,0,0,0,0,16,0,0,2.26925365027273,2.35630438401131,1,1,4141,198,517,47.7,0.87,1.74,0,0,0,1,0,0,1.973,2.048,4856,0.74,0.74,0
"8470047","DET",70,666,839,24,60,4,10,1,4,2,138,179,8,19,30.1220549112768,41.549427382648,12,12,52753,7382,6638,44.3,1.64,4.09,0.96,2.44,1.08,0.9888,3.9,10.3,2.056,2.835,66773,0.65,0.65,0
"8470110","DET",43,413,598,16,34,0,5,0,2,1,40,46,3,5,19.6403554459102,27.10803371988,10,2,33990,2321,2600,40.9,1.69,3.6,0.53,3.1,1.38,0.9783,4.65,6.92,2.08,2.871,38911,0.93,0.19,-0.74
"8470144","DET",60,451,567,10,29,3,2,0,2,0,73,194,3,13,17.0993441308965,26.7091566298623,4,5,38298,3975,5289,44.3,0.94,2.73,0.47,1.81,0,1,2.72,8.85,1.607,2.511,47562,0.3,0.38,0.08
"8470657","DET",27,884,1125,30,66,0,0,0,0,2,132,199,7,24,38.1788816962508,52.463848514657,0,1,66612,5697,7268,44,1.62,3.57,0,0,0.99,0.9899,4.42,11.89,2.063,2.835,79577,0,0.05,0.05
"8471242","DET",50,726,779,22,46,2,6,1,2,1,115,16,5,1,32.1324395452393,33.7212905145134,16,6,52311,6115,1798,48.2,1.51,3.17,0.55,1.77,2,0.9375,2.94,2,2.211,2.321,60224,0.96,0.36,-0.6
"8471716","DET",49,327,450,6,19,0,3,0,0,2,34,64,0,7,13.1752370879403,20.1675116555998,10,8,28081,1867,3057,42.1,0.77,2.44,0.38,0,2.36,0.9688,0,8.24,1.689,2.585,33005,1.09,0.87,-0.22
"8471794","DET",68,662,676,18,24,8,6,0,0,0,10,163,0,17,26.4106383778271,30.6097352414508,11,11,47269,1538,5590,49.5,1.37,1.83,1.07,0,0,1,0,10.95,2.011,2.331,54397,0.73,0.73,0
"8475747","DET",64,934,1006,30,50,1,6,0,0,0,19,369,0,32,38.6953887395794,46.1690376119805,13,5,69684,2225,9674,48.1,1.55,2.58,0.36,0,0,1,0,11.91,1.999,2.385,81583,0.57,0.22,-0.35
"8476822","DET",60,486,713,9,46,3,1,0,0,0,14,282,0,22,18.4406907148077,31.7678051443072,7,9,43652,1936,6975,40.5,0.74,3.79,0.33,0,0,1,0,11.35,1.521,2.62,52563,0.48,0.62,0.14
"8477215","DET",8,103,163,6,9,0,3,0,0,0,1,44,0,4,4.64957856392721,7.39078608580166,2,0,8226,378,1392,38.7,2.63,3.94,1.31,0,0,1,0,10.34,2.035,3.234,9996,0.72,0,-0.72
"8477424","NSH",40,1728,1641,64,71,0,0,0,0,3,305,316,18,18,68.4310974736582,69.67048448883,0,1,103276,9411,10616,51.3,2.23,2.47,0,0,1.02,0.9905,6.89,6.1,2.385,2.429,123303,0,0.03,0.03
"8477454","DET",56,418,523,9,28,2,3,0,0,2,42,7,0,1,17.7328371062176,22.6454930542968,9,5,33907,3640,921,44.4,0.96,2.97,0.53,0,7.82,0.7143,0,3.91,1.883,2.404,38468,0.84,0.47,-0.37
"8477455","STL",50,347,415,15,14,2,7,0,0,0,15,79,0,10,14.6238314026268,17.6784139535157,5,4,26921,1055,3612,45.5,2.01,1.87,1.2,0,0,1,0,9.97,1.956,2.364,31588,0.57,0.46,-0.11
"8477479","DET",71,957,977,45,49,16,15,3,10,7,294,38,22,6,44.3695937060984,48.3500471918378,9,18,65713,9526,2506,49.5,2.47,2.68,1.7,4.91,10.06,0.8158,8.31,8.62,2.431,2.649,77745,0.42,0.83,0.41
"8477511","DET",43,626,526,35,31,9,18,5,2,4,170,7,11,1,32.3709850478335,24.1485118637211,17,14,39322,5675,1134,54.3,3.2,2.84,2.47,4.44,12.7,0.4286,6.98,3.17,2.964,2.211,46131,1.33,1.09,-0.24
"8477946","DET",71,1061,1035,50,51,11,23,3,8,8,304,118,21,9,49.2969262823462,48.6363767615985,16,25,70162,9899,4668,50.6,2.57,2.62,1.74,4,6.17,0.9322,7.64,6.94,2.529,2.496,84729,0.68,1.06,0.38
"8478036","DET",54,312,453,3,24,2,1,0,0,0,6,73,0,5,12.8086741772713,20.5688065942959,1,8,28388,935,3614,40.8,0.38,3.04,0.38,0,0,1,0,4.98,1.624,2.608,32937,0.11,0.87,0.76
"8479395","DET",36,460,537,13,28,0,1,1,3,4,131,5,8,0,19.7212098021409,25.0775519132148,3,3,34085,4315,990,46.1,1.37,2.96,0.11,3.34,14.55,0.2,6.67,0,2.083,2.649,39390,0.27,0.27,0
"8479425","DET",65,885,1024,35,69,4,9,1,9,6,224,310,15,26,38.744794406346,50.6472150810878,13,12,69891,8954,8663,46.4,1.8,3.55,0.67,4.02,2.49,0.9806,6.03,10.8,1.996,2.609,87508,0.53,0.49,-0.04
"8481433","DET",26,194,250,3,13,2,0,0,5,1,94,0,5,0,7.10461024945835,11.1136296155164,3,2,15884,2751,453,43.7,0.68,2.95,0.45,6.54,7.95,NA,6.54,0,1.61,2.519,19088,0.57,0.38,-0.19
"8477369","MIN",55,619,706,36,22,6,7,0,0,0,8,95,1,5,27.2184880350833,26.3246968407766,9,10,45614,1232,3544,46.7,2.84,1.74,1.03,0,0,1,2.92,5.08,2.148,2.078,50390,0.64,0.71,0.07
"8470860","BOS",31,1321,1282,65,52,0,1,0,0,1,209,236,17,14,56.3159020459861,55.0492610768997,0,0,85692,7125,11227,50.7,2.73,2.18,0.04,0,0.32,0.9958,8.59,4.49,2.366,2.313,104044,0,0,0
"8471276","BOS",61,787,756,35,19,6,14,2,11,1,168,34,15,2,32.7236451992067,30.706435297674,8,7,49330,7124,2833,51,2.55,1.39,1.46,6.57,1.27,0.9706,7.58,2.54,2.388,2.241,59287,0.49,0.43,-0.06
"8476356","CGY",55,493,509,9,24,2,5,0,0,1,5,152,0,6,19.5614824435906,20.1656869246508,3,11,29714,1070,4736,49.2,1.09,2.91,0.85,0,0.76,0.9934,0,4.56,2.37,2.443,35520,0.3,1.11,0.81
"8478874","VAN",59,560,634,29,29,7,14,4,7,0,137,7,16,1,23.9668728646357,27.4526481681969,10,8,36130,5625,786,46.9,2.89,2.89,2.09,7.04,0,1,10.24,4.58,2.388,2.735,42541,0.85,0.68,-0.17
"8469454","MTL",46,602,531,25,28,6,10,2,3,0,145,6,5,0,25.8046604438568,20.7596674942179,9,11,36931,6076,1004,53.1,2.44,2.73,1.56,2.96,0,1,2.96,0,2.515,2.024,44011,0.74,0.9,0.16
"8470604","LAK",60,805,716,24,40,14,6,1,2,2,159,130,6,13,32.9156692038523,32.2017538399668,18,7,47436,6550,3975,52.9,1.82,3.04,1.52,1.65,1.81,0.9846,3.3,11.77,2.498,2.444,57961,1.12,0.43,-0.69
"8470606","LAK",66,863,855,40,35,13,12,1,3,0,276,81,14,11,35.4212126709172,41.0009347018204,11,15,58340,7332,3251,50.2,2.47,2.16,1.54,1.96,0,1,6.87,12.18,2.186,2.53,68923,0.57,0.78,0.21
"8471685","LAK",70,1014,934,46,39,13,17,5,13,0,342,222,20,15,41.6192151268478,43.2201165552833,8,20,66565,8492,6563,52.1,2.49,2.11,1.62,7.63,0,1,8.48,8.23,2.251,2.337,81620,0.35,0.88,0.53
"8471734","LAK",42,2025,1764,67,85,0,0,0,1,2,346,300,19,24,84.3504668696551,82.5545194323058,0,1,123501,11914,10072,53.4,1.95,2.48,0,0.3,0.71,0.9933,5.74,8.58,2.459,2.406,145487,0,0.02,0.02
"8473453","LAK",56,587,528,22,29,6,6,0,0,0,7,68,0,3,23.8880645842873,23.837984449754,8,11,34772,1081,3276,52.6,2.28,3,1.24,0,0,1,0,3.3,2.473,2.468,39129,0.74,1.01,0.27
"8474166","LAK",51,899,864,38,43,3,9,0,4,1,117,148,8,11,39.3371056619799,36.2099961827043,9,8,53653,4917,5069,51,2.55,2.89,0.81,2.93,0.71,0.9932,5.86,7.81,2.639,2.43,63639,0.51,0.45,-0.06
"8474563","LAK",67,1155,1173,44,53,1,16,5,7,1,360,238,18,18,48.3725541141466,54.6133419444668,18,8,80902,9505,6843,49.6,1.96,2.36,0.76,4.54,0.53,0.9958,6.82,9.47,2.152,2.43,97250,0.67,0.3,-0.37
"8475160","LAK",69,745,648,26,33,7,10,0,0,0,20,14,0,2,31.1544157405733,28.5814666696824,13,9,42735,1703,1270,53.5,2.19,2.78,1.43,0,0,1,0,5.67,2.624,2.408,45708,1.02,0.71,-0.31
"8475726","LAK",68,1009,770,39,31,16,15,5,4,1,246,91,17,10,43.4147620366421,33.4299908480025,10,10,54425,7266,3307,56.7,2.58,2.05,2.05,4.46,1.09,0.989,8.42,10.89,2.872,2.211,64998,0.55,0.55,0
"8476430","EDM",12,102,99,4,3,0,2,0,0,0,3,0,0,0,3.68154641229194,3.83722399908584,2,1,6775,256,68,50.7,2.13,1.59,1.06,0,0,NA,0,0,1.956,2.039,7099,1.01,0.51,-0.5
"8477018","LAK",65,1134,895,43,38,4,12,0,0,2,24,123,0,10,47.4628423056565,41.3269677724456,7,3,61795,2025,5406,55.9,2.51,2.21,0.93,0,1.33,0.9837,0,6.66,2.765,2.408,69226,0.36,0.16,-0.2
"8477960","LAK",69,828,678,20,29,4,10,2,7,0,294,87,17,5,34.9105964571936,30.7280658800737,12,12,51774,6738,4522,55,1.39,2.02,0.97,4.81,0,1,9.08,3.98,2.427,2.137,63034,0.69,0.69,0
"8478020","LAK",68,774,637,27,36,6,7,0,3,0,165,22,8,1,33.4500554164988,29.3461511555943,5,7,44350,6133,1425,54.9,2.19,2.92,1.06,1.76,0,1,4.7,2.53,2.715,2.382,51908,0.35,0.49,0.14
"8478455","LAK",65,729,603,17,21,5,5,0,0,0,15,10,1,1,31.7547515910701,26.1302752247429,12,10,42911,972,949,54.7,1.43,1.76,0.84,0,0,1,3.7,3.79,2.664,2.192,44832,0.96,0.8,-0.16
"8478911","LAK",70,1153,910,47,39,2,10,0,1,0,18,150,1,12,48.6620420772233,39.9407146095182,5,4,65561,1598,6047,55.9,2.58,2.14,0.66,2.25,0,1,2.25,7.14,2.672,2.193,73206,0.25,0.2,-0.05
"8479466","EDM",45,360,422,8,19,0,5,0,0,0,16,52,0,8,15.3464006619761,15.1837662160397,6,2,27185,1143,1834,46,1.06,2.52,0.66,0,0,1,0,15.7,2.032,2.011,30162,0.72,0.24,-0.48
"8480113","LAK",70,903,862,41,39,7,20,6,3,0,315,179,19,12,36.550219710567,40.3055758750415,7,9,61678,7174,5490,51.2,2.39,2.28,1.58,4.52,0,1,9.53,7.87,2.133,2.353,74342,0.34,0.44,0.1
"8480336","LAK",70,1219,999,37,52,3,12,0,5,0,89,110,7,10,49.2404392880853,48.6190345982905,13,6,66422,4109,5523,55,2.01,2.82,0.81,4.38,0,1,6.13,6.52,2.669,2.635,76054,0.62,0.28,-0.34
"8480940","EDM",13,168,186,7,8,0,2,0,0,0,4,1,0,0,7.50219640717842,8.13850883749546,1,0,11492,324,41,47.5,2.19,2.51,0.63,0,0,1,0,0,2.35,2.549,11857,0.3,0,-0.3
"8481481","LAK",65,751,622,18,26,2,12,2,1,1,107,97,5,8,32.1515108980238,26.4811333298567,10,19,44086,4400,4000,54.7,1.47,2.12,1.14,2.45,0.9,0.9897,4.09,7.2,2.625,2.162,52486,0.69,1.3,0.61
"8481600","LAK",3,26,43,0,4,0,0,0,0,0,0,5,0,0,0.676033513096627,1.79785186401568,0,0,2164,0,171,37.7,0,6.65,0,NA,0,1,NA,0,1.125,2.991,2335,0,0,0
"8474584","ANA",49,682,764,39,35,2,11,0,0,1,45,101,0,8,31.1302153274301,34.4132599736913,7,9,45665,3169,4200,47.2,3.07,2.76,1.02,0,0.86,0.9901,0,6.86,2.454,2.713,53034,0.48,0.61,0.13
"8475235","ANA",59,463,573,21,23,7,6,0,0,0,11,12,1,0,18.1845938202459,23.3691118354909,6,3,31776,1222,1022,44.7,2.38,2.61,1.47,0,0,1,2.95,0,2.06,2.648,34020,0.63,0.32,-0.31
"8476953","SJS",3,9,12,0,0,0,0,0,0,0,4,1,0,0,0.222859068308026,0.602858724654652,0,0,848,141,29,42.9,0,0,0,0,0,1,0,0,0.946,2.559,1018,0,0,0
"8477380","SJS",3,26,10,2,1,0,1,0,0,0,0,5,0,1,0.961815551389009,0.592008012929,0,0,1094,57,118,72.2,6.58,3.29,3.29,0,0,1,0,30.51,3.165,1.948,1269,0,0,0
"8480806","ANA",15,125,145,7,6,0,3,0,0,2,27,11,0,1,5.03646217111964,6.8721940072719,0,2,9929,1360,701,46.3,2.54,2.18,1.09,0,10.27,0.8182,0,5.14,1.826,2.492,11990,0,0.6,0.6
"8470147","TBL",18,794,735,32,30,0,0,0,0,6,171,173,11,12,30.6902560261078,29.1446035986883,0,3,49463,6050,5967,51.9,2.33,2.18,0,0,3.62,0.9653,6.55,7.24,2.234,2.121,61480,0,0.18,0.18
"8471418","DAL",30,1145,1214,47,38,0,1,0,0,0,232,256,14,20,54.2690837965929,47.7386656048475,2,0,80066,7303,9038,48.5,2.11,1.71,0.04,0,0,1,6.9,7.97,2.44,2.146,96407,0.07,0,-0.07
"8473541","DET",46,1558,1819,54,81,0,1,0,0,9,299,363,21,28,68.3780815965729,84.0391738447361,2,2,121792,12680,12226,46.1,1.6,2.39,0.03,0,2.65,0.9752,5.96,8.24,2.021,2.484,146698,0.05,0.05,0
"8471306","NYI",31,1159,1288,52,53,0,0,0,0,2,165,172,15,13,52.467450622702,51.9878084331285,1,1,78314,6042,5552,47.4,2.39,2.44,0,0,1.3,0.9884,8.94,8.43,2.412,2.39,89908,0.04,0.04,0
"8477472","WPG",15,183,172,3,7,0,1,0,0,0,1,22,0,0,7.60902724758489,7.47788244648837,3,1,12149,182,812,51.5,0.89,2.07,0.3,0,0,1,0,0,2.255,2.216,13143,0.82,0.27,-0.55
"8476999","BUF",34,1325,1399,66,58,0,0,0,0,1,221,248,13,24,54.9923745819251,59.3275857808767,2,2,98279,8031,9413,48.6,2.42,2.12,0,0,0.38,0.996,5.83,9.18,2.014,2.173,115723,0.06,0.06,0
"8477947","CBJ",55,581,601,23,27,6,13,1,1,0,82,11,3,1,27.6087618306628,25.0636065602885,13,16,37833,3232,761,49.2,2.19,2.57,1.81,2.23,0,1,3.34,4.73,2.627,2.385,41826,1.12,1.38,0.26
"8475796","FLA",58,549,675,27,26,7,8,0,0,1,7,63,0,5,24.2610131406691,27.0588688568678,10,5,39721,1180,2494,44.9,2.45,2.36,1.36,0,1.44,0.9841,0,7.22,2.199,2.452,43395,0.83,0.41,-0.42
"8478470","FLA",14,549,486,24,26,0,0,0,0,4,99,83,7,8,24.2758542550728,20.6539549118024,0,2,33435,3559,2937,53,2.58,2.8,0,0,4.9,0.9518,7.08,9.81,2.614,2.224,39931,0,0.18,0.18
"8475156","EDM",38,1486,1655,69,67,0,0,0,0,8,237,303,24,16,68.0217338976217,74.7189447607379,0,2,101237,9669,10382,47.3,2.45,2.38,0,0,2.77,0.9736,8.94,5.55,2.419,2.657,121288,0,0.06,0.06
"8475772","EDM",66,476,646,18,37,5,5,0,0,0,18,281,0,14,21.5808705812669,27.8855867624516,3,9,40460,2184,6434,42.4,1.6,3.29,0.89,0,0,1,0,7.83,1.92,2.481,49078,0.22,0.66,0.44
"8480865","NYI",34,393,387,16,14,1,4,0,1,1,33,6,4,0,17.9848861155915,15.2218137956806,4,3,24502,1581,444,50.4,2.35,2.06,0.73,2.28,8.11,0.8333,9.11,0,2.642,2.236,26527,0.54,0.41,-0.13
"8478043","PIT",50,327,393,14,11,5,7,0,0,1,12,44,0,5,12.7720514102257,15.4460659721517,9,6,25724,890,1612,45.4,1.96,1.54,1.68,0,2.23,0.9773,0,11.17,1.787,2.162,28226,1.15,0.77,-0.38
"8478507","PIT",56,776,775,44,34,4,14,0,3,1,51,150,2,11,35.6916499445215,30.7435038023978,10,12,55126,3827,5791,50,2.87,2.22,1.18,2.82,0.62,0.9933,1.88,6.84,2.331,2.008,64744,0.56,0.67,0.11
"8478915","WPG",17,219,284,8,10,0,5,0,0,0,8,1,0,0,7.46117015229538,12.9350919536664,6,0,15145,704,206,43.5,1.9,2.38,1.19,0,0,1,0,0,1.774,3.075,16055,1.35,0,-1.35
"8475744","WSH",63,706,825,46,42,12,21,6,5,6,290,21,20,2,36.061573634157,38.2737069882569,20,18,52154,9537,1536,46.1,3.18,2.9,2.28,4.15,14.06,0.7143,7.55,4.69,2.489,2.642,63227,1.14,1.02,-0.12
"8477343","WSH",6,47,56,1,3,0,0,0,0,0,0,0,0,0,1.25915628299117,1.75429114070721,1,1,3452,20,170,45.6,1.04,3.13,0,0,0,NA,0,0,1.313,1.83,3642,0.99,0.99,0
"8480769","DAL",3,14,18,1,1,1,0,0,0,0,1,0,0,0,0.365466619492508,0.885629211552441,1,0,1071,233,9,43.8,3.36,3.36,3.36,0,0,NA,0,0,1.228,2.977,1313,2.74,0,-2.74
"8476960","DET",55,563,677,19,50,7,8,3,4,5,132,3,8,1,27.2665539114969,33.2837992498535,10,14,43278,5335,821,45.4,1.58,4.16,1.25,4.72,21.92,-0.6667,5.4,4.38,2.268,2.769,49434,0.73,1.02,0.29
"8477474","DET",53,602,771,34,49,3,12,0,1,0,41,117,2,10,28.5238710840931,39.7103813316789,17,4,47014,2848,5177,43.8,2.6,3.75,1.15,1.26,0,1,2.53,6.95,2.184,3.041,55039,1.11,0.26,-0.85
"8475169","SJS",64,856,849,35,45,10,10,12,5,1,322,107,25,3,36.8454454815947,40.8520290144952,30,12,57290,7390,5536,50.2,2.2,2.83,1.26,8.28,0.65,0.9907,12.18,1.95,2.315,2.567,70216,1.54,0.62,-0.92
"8475625","NSH",36,444,442,12,24,0,3,0,0,0,12,60,1,9,17.0896288256627,19.9242008010624,5,4,27668,628,1804,50.1,1.56,3.12,0.39,0,0,1,5.73,17.96,2.224,2.592,30100,0.6,0.48,-0.12
"8475789","LAK",26,1306,1176,44,51,0,0,0,0,1,179,165,7,14,53.8950907663675,48.3863971350947,0,0,77609,5781,6674,52.6,2.04,2.37,0,0,0.54,0.9939,4.36,7.55,2.5,2.244,90064,0,0,0
"8477073","LAK",45,532,525,15,27,3,4,0,0,0,5,76,0,6,20.8907121116063,26.5810278774006,11,2,32860,541,2915,50.3,1.64,2.96,0.77,0,0,1,0,7.41,2.289,2.912,36316,1.09,0.2,-0.89
"8476234","MTL",6,292,272,11,15,0,0,0,0,1,39,45,4,6,12.0605092421756,10.8767311704578,0,0,16776,1469,1576,51.8,2.36,3.22,0,0,2.28,0.9778,9.8,13.71,2.588,2.334,19821,0,0,0
"8476422","OTT",44,730,671,28,35,0,6,1,8,0,126,21,10,4,32.0115779839107,28.6640784997144,12,7,40184,3527,1542,52.1,2.51,3.14,0.54,9.19,0,1,10.21,9.34,2.868,2.568,45253,0.95,0.56,-0.39
"8477850","MTL",16,201,159,9,11,1,1,0,0,0,3,20,0,0,7.92782598652411,6.68229709885782,4,0,12353,291,913,55.8,2.62,3.21,0.58,0,0,1,0,0,2.31,1.947,13557,1.06,0,-1.06
"8478542","BUF",45,395,379,11,21,4,4,1,0,0,33,47,1,3,15.6460277004517,16.6449950105743,7,12,25699,1960,1940,51,1.54,2.94,1.12,1.84,0,1,1.84,5.57,2.192,2.332,29599,0.85,1.46,0.61
"8476941","NJD",29,285,430,13,20,1,4,0,1,0,7,15,1,0,14.0820638456498,20.8027168663102,6,1,22514,673,1415,39.9,2.08,3.2,0.8,5.35,0,1,5.35,0,2.252,3.326,24602,0.88,0.15,-0.73
"8479291","NJD",49,346,478,13,11,2,3,0,0,0,5,149,0,9,15.3931920016184,18.9970379110309,5,10,27410,1202,5331,42,1.71,1.44,0.66,0,0,1,0,6.08,2.022,2.495,33943,0.53,1.06,0.53
"8479336","LAK",13,185,148,9,6,0,4,0,0,0,7,0,0,0,7.72586897941073,5.93979841080727,4,3,8988,630,96,55.6,3.6,2.4,1.6,0,0,NA,0,0,3.094,2.379,9714,1.48,1.11,-0.37
"8478010","TBL",66,981,822,65,35,16,25,8,6,6,357,25,29,0,43.3188937730738,33.2275795508176,3,13,57785,9722,2791,54.4,4.05,2.18,2.55,5.18,7.74,0.76,10.74,0,2.699,2.07,70298,0.15,0.67,0.52
"8475461","PIT",22,119,108,6,4,1,2,0,0,0,17,3,2,1,4.61158612713916,3.94334876327775,2,3,8850,616,105,52.4,2.44,1.63,1.22,0,0,1,11.69,34.29,1.876,1.604,9571,0.75,1.13,0.38
"8480341","PIT",7,35,41,3,4,1,1,0,0,0,0,2,0,0,1.22083233302692,0.982835683971643,1,0,2626,79,56,46.1,4.11,5.48,2.74,0,0,1,0,0,1.674,1.347,2761,1.3,0,-1.3
"8474596","STL",24,944,892,47,35,0,0,0,0,1,171,174,11,10,43.0281434351928,40.4383227244834,0,0,64322,5565,7062,51.4,2.63,1.96,0,0,0.51,0.9943,7.12,5.1,2.408,2.263,76949,0,0,0
"8475195","OTT",20,781,807,38,40,0,0,0,0,2,154,186,6,11,36.1314418218681,33.6126114073559,0,1,51305,5108,6290,49.2,2.67,2.81,0,0,1.14,0.9892,4.23,6.3,2.535,2.359,62703,0,0.06,0.06
"8479411","OTT",2,12,19,1,1,1,0,0,0,0,0,0,0,0,0.430065869819373,0.770675102248788,1,0,677,0,5,38.7,5.32,5.32,5.32,NA,0,NA,NA,0,2.287,4.098,682,5.28,0,-5.28
"8477901","NSH",11,88,113,4,9,1,0,0,0,0,5,3,0,0,3.68926075118361,5.27541954215849,2,4,6518,135,109,43.8,2.21,4.97,0.55,0,0,1,0,0,2.038,2.914,6762,1.06,2.13,1.07
"8466139","SJS",66,789,798,40,44,9,11,1,0,1,142,28,5,3,36.2837419360294,38.0396459983895,7,11,50850,6488,2034,49.7,2.83,3.12,1.42,0.55,1.77,0.9643,2.77,5.31,2.569,2.693,59372,0.42,0.67,0.25
"8476473","CHI",58,974,970,40,50,3,10,0,0,1,5,286,0,12,43.4593926410889,46.1557917693281,11,13,62188,1369,7861,50.1,2.32,2.89,0.75,0,0.46,0.9965,0,5.5,2.516,2.672,71418,0.55,0.66,0.11
"8474628","CGY",33,427,526,17,23,2,5,0,0,0,2,74,1,3,17.014851202548,24.1018917607144,8,0,28859,509,2240,44.8,2.12,2.87,0.87,0,0,1,7.07,4.82,2.123,3.007,31608,0.91,0,-0.91
"8477810","DAL",8,67,76,3,4,0,2,0,0,0,4,2,0,0,2.4278918671771,2.59135636728024,3,0,5007,61,278,46.9,2.16,2.88,1.44,0,0,1,0,0,1.746,1.863,5346,2.02,0,-2.02
"8474569","COL",9,103,84,7,0,0,4,0,0,1,17,0,1,0,4.23707479704171,2.69180998881347,0,0,5697,1106,0,55.1,4.42,0,2.53,0,NA,NA,3.25,NA,2.677,1.701,6803,0,0,0
"8474717","COL",21,256,259,11,8,0,2,0,0,0,5,34,0,1,9.62255621753866,10.3971188660944,8,3,15391,406,1490,49.7,2.57,1.87,0.47,0,0,1,0,2.42,2.251,2.432,17287,1.67,0.62,-1.05
"8475807","BOS",48,343,462,9,16,4,3,0,0,0,4,141,0,8,13.3336762717809,19.5268954205094,6,2,27844,863,5012,42.6,1.16,2.07,0.91,0,0,1,0,5.75,1.724,2.525,33719,0.64,0.21,-0.43
"8476876","VGK",21,901,803,39,41,0,0,0,0,2,186,145,9,13,43.3936683019856,37.8317904387368,0,0,55069,5394,4270,52.9,2.55,2.68,0,0,1.69,0.9862,6.01,10.96,2.837,2.473,64733,0,0,0
"8480849","ARI",20,194,216,8,6,1,3,0,0,0,13,1,0,0,8.587632301962,9.43067567091202,7,5,12594,453,218,47.3,2.29,1.72,1.14,0,0,1,0,0,2.455,2.696,13265,1.9,1.36,-0.54
"8468011","ANA",23,859,907,42,37,0,0,0,1,3,106,182,6,17,37.7289021905744,43.2325938320137,0,0,57348,4213,7372,48.6,2.64,2.32,0,0.85,1.47,0.9835,5.13,8.3,2.368,2.714,68933,0,0,0
"8480031","ANA",29,250,324,14,11,3,6,1,0,2,88,8,6,0,11.6923110808711,15.67302285193,7,6,19597,3201,669,43.6,2.57,2.02,1.65,1.12,10.76,0.75,6.75,0,2.148,2.879,23467,1.07,0.92,-0.15
"8475832","NYI",28,221,310,7,10,3,2,0,0,0,3,72,0,6,8.71609905170044,13.4295833114302,1,5,15968,473,2057,41.6,1.58,2.25,1.13,0,0,1,0,10.5,1.965,3.028,18498,0.19,0.97,0.78
"8479328","NYR",17,126,133,6,4,0,3,0,0,0,0,1,0,0,4.4105464410386,5.68932334444253,4,1,8079,147,97,48.6,2.67,1.78,1.34,0,0,1,0,0,1.965,2.535,8323,1.73,0.43,-1.3
"8475735","NYR",53,320,470,10,15,3,3,0,0,0,9,96,0,6,14.8921608742094,20.6540667745285,6,4,25698,750,3134,40.5,1.4,2.1,0.84,0,0,1,0,6.89,2.086,2.893,29582,0.73,0.49,-0.24
"8477046","LAK",35,514,484,12,23,1,4,0,0,0,14,114,0,8,22.6114079345134,20.9805396263837,5,1,34977,793,2995,51.5,1.24,2.37,0.51,0,0,1,0,9.62,2.327,2.159,38765,0.46,0.09,-0.37
"8477527","NYI",32,188,260,8,6,3,1,0,0,0,2,10,0,1,8.89309182058787,9.53560661117081,9,5,14782,131,291,42,1.95,1.46,0.97,0,0,1,0,12.37,2.166,2.322,15204,2.13,1.18,-0.95
"8475177","CHI",29,456,516,19,11,1,5,0,0,0,5,136,0,8,20.0304574786569,23.4634403740638,5,6,29408,590,3582,46.9,2.33,1.35,0.73,0,0,1,0,8.04,2.452,2.872,33580,0.54,0.64,0.1
"8475215","CHI",36,1528,1659,82,72,0,0,0,0,5,274,295,16,14,67.281606592529,76.1425994983292,2,0,99709,9484,9689,47.9,2.96,2.6,0,0,1.86,0.9831,6.07,5.2,2.429,2.749,118882,0.06,0,-0.06
"8477943","DET",40,253,360,5,21,1,3,0,0,2,54,2,3,0,11.1746353143826,18.5356091948925,5,4,21724,2776,629,41.3,0.83,3.48,0.66,0,11.45,0,3.89,0,1.852,3.072,25129,0.72,0.57,-0.15
"8471774","MIN",38,1560,1640,83,69,0,1,0,0,3,311,243,26,20,67.7830177101423,60.4985009565717,2,1,104397,11467,9007,48.8,2.86,2.38,0.03,0,1.2,0.9877,8.16,7.99,2.337,2.086,124871,0.06,0.03,-0.03
"8476437","MIN",43,411,361,20,13,5,8,0,0,0,23,8,1,1,17.1624641377712,14.6682144072256,3,7,24986,985,458,53.2,2.88,1.87,1.87,0,0,1,3.65,7.86,2.473,2.113,26429,0.41,0.95,0.54
"8477010","PIT",21,100,149,7,9,2,3,0,0,0,4,6,0,2,3.75840358034475,5.67888941883575,5,6,9649,306,190,40.2,2.61,3.36,1.87,0,0,1,0,37.89,1.402,2.119,10145,1.77,2.13,0.36
"8477293","ARI",33,1342,1447,61,61,0,0,0,0,3,257,208,15,11,56.4618978707003,60.4644159512245,1,0,86386,10877,7811,48.1,2.54,2.54,0,0,1.38,0.9856,4.96,5.07,2.353,2.52,105074,0.03,0,-0.03
"8480925","COL",34,1453,1358,68,56,0,0,0,0,0,272,235,23,9,60.8209673606907,53.6313309815596,1,2,88248,10147,7485,51.7,2.77,2.28,0,0,0,1,8.16,4.33,2.481,2.188,105880,0.03,0.07,0.04
"8475236","VGK",49,537,528,20,21,4,9,0,1,1,30,173,2,12,24.0314514989732,23.7904253185843,8,14,35051,1873,4329,50.4,2.05,2.16,1.34,1.92,0.83,0.9942,3.84,9.98,2.468,2.443,41253,0.7,1.22,0.52
"8477465","PIT",33,1362,1381,72,57,0,0,0,0,1,228,221,20,18,60.7886011033552,56.7294750452857,0,1,94114,7854,8497,49.7,2.75,2.18,0,0,0.42,0.9955,9.17,7.63,2.325,2.17,110465,0,0.03,0.03
"8475660","CGY",26,1157,1107,47,50,0,0,0,0,1,160,172,13,9,49.2421825531055,48.0200769106741,3,0,70676,5830,5268,51.1,2.39,2.55,0,0,0.68,0.9942,8.03,6.15,2.508,2.446,81774,0.13,0,-0.13
"8474000","BOS",10,105,99,5,3,0,0,0,2,0,10,3,2,0,3.93316150549799,3.72150876495289,1,2,6978,568,421,51.5,2.58,1.55,0,12.68,0,1,12.68,0,2.029,1.92,7967,0.45,0.9,0.45
"8475224","OTT",3,8,16,0,0,0,0,0,0,0,0,0,0,0,0.303084795363247,0.475945623591542,1,0,848,0,7,33.3,0,0,0,NA,0,NA,NA,0,1.287,2.021,855,4.21,0,-4.21
"8476807","NJD",20,195,228,16,17,0,3,0,0,1,1,1,0,0,8.91646292427322,9.00111491681309,3,3,13511,442,403,46.1,4.26,4.53,0.8,0,8.93,0,0,0,2.376,2.398,14356,0.75,0.75,0
"8476907","STL",51,367,344,16,14,7,3,0,0,0,9,11,0,0,16.6273473667679,16.5560345667764,4,8,25110,881,958,51.6,2.29,2.01,1.43,0,0,1,0,0,2.384,2.374,26949,0.53,1.07,0.54
"8480789","NYI",9,65,77,1,3,0,0,0,0,1,9,0,1,0,3.80471120774746,2.65570624824613,2,0,5084,440,7,45.8,0.71,2.12,0,0,514.29,NA,8.18,0,2.694,1.881,5531,1.3,0,-1.3
"8474013","COL",65,921,872,46,29,4,18,0,1,0,20,262,2,18,37.807600566477,35.2721507636015,18,6,56392,1610,7890,51.4,2.94,1.85,1.4,2.24,0,1,4.47,8.21,2.414,2.252,65892,0.98,0.33,-0.65
"8479933","MIN",13,127,127,8,3,2,0,0,0,1,11,1,0,0,4.39641183341155,5.41675790597219,1,0,8033,770,111,50,3.59,1.34,0.9,0,32.43,0,0,0,1.97,2.428,8914,0.4,0,-0.4
"8478476","ARI",9,118,121,4,5,1,0,0,0,0,1,9,0,1,3.99432933866046,5.32486939965747,1,1,7084,124,594,49.4,2.03,2.54,0.51,0,0,1,0,6.06,2.03,2.706,7802,0.46,0.46,0
"8481019","WPG",22,64,149,2,4,1,0,0,0,0,1,3,0,0,1.76191824534908,6.24469123984454,0,3,7752,121,162,30,0.93,1.86,0.46,0,0,1,0,0,0.818,2.9,8035,0,1.34,1.34
"8470880","PHI",31,1219,1126,56,56,0,0,0,1,2,204,182,21,16,52.7355695466977,51.7891336440807,1,1,79220,7630,7888,52,2.54,2.54,0,0.47,0.91,0.989,9.91,7.3,2.396,2.353,94738,0.04,0.04,0
"8473485","PHI",16,62,123,3,10,0,1,0,0,0,0,2,0,0,2.48494197090622,7.51913226494798,3,2,7077,77,202,33.5,1.53,5.09,0.51,0,0,1,0,0,1.264,3.825,7356,1.47,0.98,-0.49
"8473415","DET",49,541,664,15,21,0,3,0,0,1,12,99,0,14,21.8377118667704,30.0626829099492,12,9,41368,1085,4621,44.9,1.31,1.83,0.26,0,0.78,0.9899,0,10.91,1.9,2.616,47074,0.92,0.69,-0.23
"8477353","VAN",34,283,437,9,20,4,4,0,0,0,6,85,0,3,11.6348868723726,18.5176647540648,5,7,21526,1134,3370,39.3,1.51,3.34,1.34,0,0,1,0,3.2,1.946,3.097,26030,0.69,0.97,0.28
"8477967","VAN",27,1143,1203,56,61,0,0,0,0,2,191,202,22,10,52.8019902377855,55.4873066032305,0,2,73648,7986,6562,48.7,2.74,2.98,0,0,1.1,0.9901,9.92,5.49,2.581,2.712,88196,0,0.08,0.08
"8476207","CAR",15,112,133,1,8,0,0,0,0,0,1,22,0,2,3.98567853216082,6.37050983024528,2,1,7878,237,551,45.7,0.46,3.66,0,0,0,1,0,13.07,1.821,2.911,8666,0.83,0.42,-0.41
"8480945","PIT",36,392,343,14,9,1,4,0,2,0,61,3,5,1,16.8436011107988,12.778349748929,3,3,25570,2627,446,53.3,1.97,1.27,0.7,2.74,0,1,6.85,8.07,2.371,1.799,28643,0.38,0.38,0
"8470621","DAL",57,586,623,26,23,5,12,0,3,0,193,10,9,0,29.3870412043179,24.203231048712,20,15,38207,6033,1094,48.5,2.45,2.17,1.6,1.79,0,1,5.37,0,2.769,2.281,45334,1.59,1.19,-0.4
"8475430","EDM",9,73,72,1,1,1,0,0,0,0,1,2,0,1,2.87439158465713,2.95104321447434,1,3,5706,116,124,50.3,0.63,0.63,0.63,0,0,1,0,29.03,1.813,1.862,5946,0.61,1.82,1.21
"8476393","MTL",65,796,663,31,31,7,13,3,2,1,143,0,12,0,32.26186184783,25.5419474868104,10,14,46033,5222,530,54.6,2.42,2.42,1.56,3.45,6.79,NA,8.27,0,2.523,1.998,51785,0.7,0.97,0.27
"8474230","NYR",22,66,120,1,8,1,0,0,0,0,1,1,0,0,3.01595317409374,5.63994510262273,5,4,6759,165,214,35.5,0.53,4.26,0.53,0,0,1,0,0,1.606,3.004,7138,2.52,2.02,-0.5
"8477426","OTT",56,627,719,24,23,9,9,0,1,2,57,41,3,5,24.3806284655002,29.180429910426,7,13,42554,2243,1927,46.6,2.03,1.95,1.52,1.6,3.74,0.9512,4.81,9.34,2.063,2.469,46724,0.54,1,0.46
"8479482","WSH",58,898,890,54,39,3,14,0,0,2,15,116,1,6,39.421922308451,40.8491346228402,11,4,54161,1942,6131,50.2,3.59,2.59,1.13,0,1.17,0.9828,1.85,3.52,2.62,2.715,62234,0.64,0.23,-0.41
"8477845","CAR",49,595,529,22,30,1,7,0,0,0,7,78,0,3,26.1365762689384,24.4332258119248,5,4,38007,586,3944,52.9,2.08,2.84,0.76,0,0,1,0,2.74,2.476,2.314,42537,0.42,0.34,-0.08
"8476987","VGK",4,52,58,1,5,0,0,0,0,0,1,5,0,0,2.09649335342692,1.64905506116338,2,0,3419,32,207,47.3,1.05,5.26,0,0,0,1,0,0,2.207,1.736,3658,1.97,0,-1.97
"8478367","NYI",10,52,82,1,4,0,1,0,0,0,1,7,0,1,3.22203513630666,3.73583182157017,3,0,4849,146,255,38.8,0.74,2.97,0.74,0,0,1,0,14.12,2.392,2.774,5250,2.06,0,-2.06
"8480950","ARI",51,635,659,28,23,0,4,0,0,1,14,20,0,1,29.0626261624275,24.93971843092,9,4,40585,997,1327,49.1,2.48,2.04,0.35,0,2.71,0.95,0,2.71,2.578,2.212,42909,0.76,0.34,-0.42
"8476447","NSH",5,35,46,2,0,1,0,0,0,0,0,1,0,0,0.958169247373007,1.23821989377029,2,2,3237,134,110,43.2,2.22,0,1.11,0,0,1,0,0,1.066,1.377,3481,2.07,2.07,0
"8478508","NSH",21,197,196,9,6,2,4,0,0,0,1,5,0,1,6.03452412958723,6.29586634895531,2,2,11764,120,148,50.1,2.75,1.84,1.84,0,0,1,0,24.32,1.847,1.927,12032,0.6,0.6,0
"8479393","SJS",28,249,265,11,17,2,0,0,1,0,8,0,2,0,9.98182051355252,12.7384180956869,4,3,15512,719,294,48.4,2.55,3.95,0.46,5.01,0,NA,10.01,0,2.317,2.956,16525,0.87,0.65,-0.22
"8475254","MIN",3,32,21,0,1,0,0,0,0,0,0,1,0,0,1.05016492574941,0.669637074461207,0,1,1990,60,21,60.4,0,1.81,0,0,0,1,0,0,1.9,1.211,2071,0,1.74,1.74
"8481523","CHI",64,698,745,32,29,8,11,0,3,2,121,6,9,0,30.0994482712704,34.0931804485735,12,14,46190,5847,1231,48.4,2.49,2.26,1.48,1.85,5.85,0.6667,5.54,0,2.346,2.657,53268,0.81,0.95,0.14
"8473412","WPG",7,106,77,5,2,1,3,0,0,0,16,17,0,1,3.70044813491404,3.82857909426093,1,2,5206,691,576,57.9,3.46,1.38,2.77,0,0,1,0,6.25,2.559,2.647,6473,0.56,1.11,0.55
"8476409","CGY",9,96,88,1,2,1,0,0,0,0,0,0,0,0,4.32442363753216,3.81310964887962,2,0,5159,58,19,52.2,0.7,1.4,0.7,0,0,NA,0,0,3.018,2.661,5236,1.38,0,-1.38
"8476861","VGK",1,35,48,0,4,0,0,0,0,0,14,11,1,2,1.67264048568904,1.90745636995416,0,0,2547,373,446,42.2,0,5.65,0,0,0,1,9.65,16.14,2.364,2.696,3366,0,0,0
"8478844","PHI",20,126,148,5,11,1,2,0,0,0,1,18,0,2,4.70887491124449,8.95048979879357,3,1,11149,232,965,46,1.61,3.55,0.97,0,0,1,0,7.46,1.52,2.89,12346,0.87,0.29,-0.58
"8480797","PHI",52,517,534,28,25,6,12,1,1,0,107,18,8,1,21.9969953539548,24.5343736051582,7,6,36773,4196,1490,49.2,2.74,2.45,1.76,1.72,0,1,6.86,2.42,2.153,2.402,42459,0.59,0.51,-0.08
"8475857","TOR",3,23,27,0,0,0,0,0,0,0,0,2,0,0,0.994477999280207,0.754310961812735,0,0,1887,0,109,46,0,0,0,NA,0,1,NA,0,1.897,1.439,1996,0,0,0
"8478075","BOS",58,564,565,26,19,8,9,1,0,0,33,53,1,2,23.2643880572869,20.5474469093024,5,7,38463,1808,3616,50,2.43,1.78,1.59,1.99,0,1,1.99,1.99,2.177,1.923,43887,0.41,0.57,0.16
"8470619","FLA",39,317,408,16,22,4,8,2,1,2,51,43,3,4,13.4302834940609,17.0359127406846,6,1,23675,2894,1684,43.7,2.43,3.35,1.82,3.73,4.28,0.9535,3.73,8.55,2.042,2.59,28253,0.76,0.13,-0.63
"8478431","DET",4,27,28,0,1,0,0,0,0,0,1,0,0,0,1.64708895608783,1.52714756783098,1,1,1866,121,0,49.1,0,1.93,0,0,NA,NA,0,NA,3.178,2.946,1987,1.81,1.81,0
"8478833","OTT",22,139,174,5,8,0,1,0,0,0,2,8,0,0,6.5203595161438,7.00358484307071,1,1,10512,195,516,44.4,1.71,2.74,0.34,0,0,1,0,0,2.233,2.398,11223,0.32,0.32,0
"8479366","OTT",23,197,206,12,9,1,5,0,2,1,72,3,3,0,10.6960220398614,8.43602240493055,2,4,13165,2185,490,48.9,3.28,2.46,1.64,3.3,7.35,0.6667,4.94,0,2.925,2.307,15840,0.45,0.91,0.46
"8476975","TBL",61,542,577,21,25,4,11,1,0,0,14,150,1,6,20.8869496108382,22.1923530217027,11,11,38538,1624,6244,48.4,1.96,2.34,1.4,2.22,0,1,2.22,3.46,1.951,2.073,46406,0.85,0.85,0
"8479388","FLA",34,458,504,20,22,0,4,0,0,1,12,152,0,9,20.1673116664169,23.814603697334,2,4,32009,1325,3885,47.6,2.25,2.47,0.45,0,0.93,0.9934,0,8.34,2.268,2.678,37219,0.19,0.39,0.2
"8474040","EDM",42,468,445,16,25,4,6,2,1,1,67,7,4,0,22.5307544552488,20.9463409663294,6,6,29101,2800,638,51.3,1.98,3.09,1.24,3.86,5.64,0.8571,5.14,0,2.787,2.591,32539,0.66,0.66,0
"8476343","VGK",1,21,17,0,1,0,0,0,0,1,5,4,0,0,0.518870910047553,0.464425073936582,0,0,1302,236,106,55.3,0,2.76,0,0,33.96,0.75,0,0,1.435,1.284,1644,0,0,0
"8477337","BUF",4,54,52,0,2,0,0,0,0,0,0,11,0,1,2.67949364194646,1.99262659391388,0,0,3650,36,346,50.9,0,1.97,0,0,0,1,0,10.4,2.643,1.965,4032,0,0,0
"8479379","DET",21,114,150,3,5,2,1,0,0,0,29,3,2,0,5.77058510115603,6.93553872359917,2,4,9791,1715,350,43.2,1.1,1.84,1.1,0,0,1,4.2,0,2.122,2.55,11856,0.61,1.21,0.6
"8476329","WSH",24,217,186,15,5,3,6,0,1,1,29,9,3,1,9.4264085360337,8.65857530682115,1,2,14508,1638,525,53.8,3.72,1.24,2.23,2.2,6.86,0.8889,6.59,6.86,2.339,2.149,16671,0.22,0.43,0.21
"8478409","NSH",1,5,5,0,1,0,0,0,0,0,0,0,0,0,0.235455015674233,0.31287943571806,0,0,203,0,47,50,0,17.73,0,NA,0,NA,NA,0,4.176,5.549,250,0,0,0
"8475810","PIT",55,774,731,55,39,17,17,7,9,1,251,120,26,7,39.0602394461166,31.5696891169646,10,12,48933,6325,5251,51.4,4.05,2.87,2.5,9.11,0.69,0.9917,14.8,4.8,2.874,2.323,60509,0.59,0.71,0.12
"8477502","PHI",1,13,16,0,1,0,0,0,0,0,0,0,0,0,0.473551668226719,2.12647941708565,0,0,752,0,0,44.8,0,4.79,0,NA,NA,NA,NA,NA,2.267,10.18,752,0,0,0
"8477417","BOS",3,42,24,1,2,0,1,0,0,0,2,4,0,0,1.51920488360338,0.807452249340713,1,0,1781,113,134,63.6,2.02,4.04,2.02,0,0,1,0,0,3.071,1.632,2028,1.78,0,-1.78
"8476947","LAK",43,467,424,9,17,3,5,0,2,1,34,3,2,0,19.4756883372902,21.9360106991953,3,5,28418,1936,391,52.4,1.14,2.15,1.01,3.72,9.21,0.6667,3.72,0,2.467,2.779,30745,0.35,0.59,0.24
"8478462","VGK",28,298,205,14,11,4,5,1,0,1,16,10,1,2,14.6768671033788,9.91812845633831,4,2,17317,575,960,59.2,2.91,2.29,1.87,6.26,3.75,0.9,6.26,7.5,3.051,2.062,18852,0.76,0.38,-0.38
"8474604","ARI",24,269,273,13,13,0,1,0,0,0,0,6,0,0,10.6980665453011,10.8488236475387,0,5,16986,201,601,49.6,2.76,2.76,0.21,0,0,1,0,0,2.267,2.299,17788,0,1.01,1.01
"8478408","TOR",56,771,778,42,33,4,6,0,0,2,3,105,0,4,36.2016337357927,32.7934690389666,11,8,51154,562,4212,49.8,2.96,2.32,0.7,0,1.71,0.981,0,3.42,2.548,2.308,55928,0.71,0.51,-0.2
"8479324","NYR",60,691,778,44,32,1,13,0,0,2,9,219,0,12,32.7860354065779,35.7837553620921,21,23,49522,1349,6513,47,3.2,2.33,1.02,0,1.11,0.9909,0,6.63,2.383,2.601,57384,1.32,1.44,0.12
"8480078","NYR",60,723,766,32,34,13,7,1,1,2,98,6,6,0,33.8916280565318,34.9000874271151,5,3,44009,5710,1432,48.6,2.62,2.78,1.64,1.26,5.03,0.6667,3.78,0,2.772,2.855,51151,0.35,0.21,-0.14
"8478176","DET",6,76,83,3,6,0,2,0,0,1,7,11,1,2,3.43158033513464,3.71881371643394,1,0,5314,272,757,47.8,2.03,4.06,1.35,0,4.76,0.9091,13.24,9.51,2.325,2.519,6343,0.57,0,-0.57
"8474579","WPG",44,553,659,27,30,2,7,0,0,0,4,156,0,13,24.2464606205467,31.9516283536796,11,4,40214,558,5041,45.6,2.42,2.69,0.81,0,0,1,0,9.28,2.171,2.86,45813,0.86,0.31,-0.55
"8476400","WPG",35,129,221,4,4,3,1,0,1,0,7,9,1,0,4.44172659033211,8.06599478953285,0,0,13157,552,397,36.9,1.09,1.09,1.09,6.52,0,1,6.52,0,1.215,2.207,14106,0,0,0
"8479372","ANA",11,169,167,8,9,1,3,0,0,1,24,2,0,0,7.88206779997563,7.22969000937883,1,0,8901,1175,170,50.3,3.24,3.64,1.62,0,21.18,0.5,0,0,3.188,2.924,10246,0.35,0,-0.35
"8474568","TBL",25,226,254,10,18,1,2,0,0,1,5,65,0,8,8.32565815723501,10.649172254547,9,6,15402,464,2654,47.1,2.34,4.21,0.7,0,1.36,0.9846,0,10.85,1.946,2.489,18520,1.75,1.17,-0.58
"8480172","TBL",33,429,390,26,18,1,5,0,0,1,6,80,0,5,20.7840568544343,17.4195854497375,7,2,26090,706,2895,52.4,3.59,2.48,0.83,0,1.24,0.9875,0,6.22,2.868,2.404,29691,0.85,0.24,-0.61
"8480186","TBL",9,67,71,1,6,0,1,0,0,0,2,4,0,1,1.54296315356623,2.03395622811513,3,2,4807,199,431,48.6,0.75,4.49,0.75,0,0,1,0,8.35,1.156,1.523,5437,1.99,1.32,-0.67
"8477126","COL",8,46,55,1,2,0,0,0,0,0,1,0,0,0,1.54701615939848,2.26308513362892,1,0,2870,161,149,45.5,1.25,2.51,0,0,0,NA,0,0,1.941,2.839,3180,1.13,0,-1.13
"8477973","COL",38,250,246,7,9,1,5,0,2,0,60,6,3,0,8.91848784376634,10.4023239035741,4,4,16550,3021,469,50.4,1.52,1.96,1.31,2.38,0,1,3.57,0,1.94,2.263,20040,0.72,0.72,0
"8477949","VGK",42,460,418,15,24,5,5,3,4,2,144,2,9,1,18.81985489215,17.6506892265752,4,14,30698,4013,621,52.4,1.76,2.81,1.17,6.28,11.59,0,8.07,5.8,2.207,2.07,35332,0.41,1.43,1.02
"8479026","PHI",50,719,688,45,29,4,9,0,1,0,31,28,3,2,32.0267917941674,29.1907655206742,14,6,46574,1848,1806,51.1,3.48,2.24,1,1.95,0,1,5.84,3.99,2.476,2.256,50228,1,0.43,-0.57
"8479424","PHI",4,10,23,0,1,0,0,0,0,0,0,0,0,0,0.181823671911843,0.669920050015207,0,0,1622,0,10,30.3,0,2.22,0,NA,0,NA,NA,0,0.404,1.487,1632,0,0,0
"8478058","WPG",1,2,13,0,1,0,0,0,0,0,0,0,0,0,0.0415024496614933,0.639058266766369,0,0,386,0,0,13.3,0,9.33,0,NA,NA,NA,NA,NA,0.387,5.96,386,0,0,0
"8477986","BUF",54,721,826,41,35,4,10,0,1,0,46,102,2,8,30.272317937226,36.7858755506459,14,6,53207,2977,4587,46.6,2.77,2.37,0.95,1.21,0,1,2.42,6.28,2.048,2.489,60771,0.83,0.36,-0.47
"8478949","CBJ",3,23,15,0,0,0,0,0,0,0,0,0,0,0,1.08893238985911,0.59622108284384,1,2,1145,23,3,60.5,0,0,0,0,0,NA,0,0,3.424,1.875,1171,3.07,6.15,3.08
"8477085","VAN",1,2,3,0,0,0,0,0,0,0,0,0,0,0,0.000859153922647238,0.146404848434031,0,0,169,0,0,40,0,0,0,NA,NA,NA,NA,NA,0.018,3.119,169,0,0,0
"8480871","CHI",41,514,570,30,26,4,7,0,2,1,124,5,7,0,24.6090563953621,27.9038956763106,3,10,33059,4647,586,47.4,3.27,2.83,1.2,1.55,6.14,0.8,5.42,0,2.68,3.039,38292,0.28,0.94,0.66
"8478888","BOS",1,6,13,0,1,0,0,0,0,0,0,1,0,0,0.0444044431205839,0.492085001431406,0,0,544,0,35,31.6,0,6.62,0,NA,0,1,NA,0,0.294,3.256,579,0,0,0
"8478485","BOS",4,31,23,2,1,0,2,0,0,0,0,0,0,0,1.15388458635425,0.723702996503562,0,1,1979,28,0,57.4,3.64,1.82,3.64,0,NA,NA,0,NA,2.099,1.316,2007,0,1.79,1.79
"8480068","MTL",27,245,234,4,8,1,1,0,0,0,11,24,0,1,9.51694680866785,10.2208754257299,2,1,14944,683,1084,51.1,0.96,1.93,0.48,0,0,1,0,3.32,2.293,2.462,16711,0.43,0.22,-0.21
"8474597","OTT",26,283,356,13,19,1,1,0,0,0,6,65,0,8,10.7839614131954,14.5824876212864,4,3,20689,412,2035,44.3,2.26,3.31,0.35,0,0,1,0,14.15,1.876,2.537,23136,0.62,0.47,-0.15
"8476470","WPG",38,444,550,24,13,1,7,0,0,0,3,165,0,12,18.569475497352,23.1319353974541,7,5,33157,468,4152,44.7,2.61,1.41,0.87,0,0,1,0,10.4,2.016,2.512,37777,0.67,0.48,-0.19
"8480160","SJS",48,635,716,21,37,1,6,0,0,0,9,94,0,7,27.116384796449,32.5459582583862,7,5,42183,1251,4650,47,1.79,3.16,0.6,0,0,1,0,5.42,2.314,2.778,48084,0.52,0.37,-0.15
"8475795","DET",16,144,172,2,7,0,0,0,0,0,3,78,0,5,5.61877101683058,8.13993918360211,9,0,11614,150,2134,45.6,0.62,2.17,0,0,0,1,0,8.43,1.742,2.523,13898,2.33,0,-2.33
"8476952","FLA",46,402,474,21,17,4,7,0,0,0,10,53,0,3,17.1639679666841,19.4478631979437,10,7,27628,1369,1293,45.9,2.74,2.22,1.43,0,0,1,0,8.35,2.237,2.534,30290,1.19,0.83,-0.36
"8480185","CAR",8,75,57,1,3,0,1,0,0,0,0,0,0,0,2.72637027862947,2.8172676472459,0,3,4605,120,21,56.8,0.78,2.35,0.78,0,0,NA,0,0,2.131,2.202,4746,0,2.28,2.28
"8480247","OTT",6,26,20,1,1,0,1,0,0,0,0,0,0,0,0.982055664353538,0.465748158050701,0,0,1951,37,0,56.5,1.85,1.85,1.85,0,NA,NA,0,NA,1.812,0.859,1988,0,0,0
"8476391","COL",16,96,118,2,3,0,1,0,0,0,16,0,1,0,2.90653773956001,4.5207238367293,1,0,7286,753,96,44.9,0.99,1.48,0.49,0,0,NA,4.78,0,1.436,2.234,8135,0.44,0,-0.44
"8476466","VAN",6,78,44,0,2,0,0,0,2,0,17,0,4,0,3.67816956434399,2.14724418648984,2,3,3568,607,47,63.9,0,2.02,0,11.86,0,NA,23.72,0,3.711,2.167,4222,1.71,2.56,0.85
"8481649","WPG",16,53,107,0,3,0,0,0,0,0,0,4,0,0,1.21106942952611,4.60451819282025,1,0,5987,100,213,33.1,0,1.8,0,0,0,1,0,0,0.728,2.769,6300,0.57,0,-0.57
"8476404","PHI",14,98,102,3,6,0,1,0,0,0,0,0,0,0,4.26926766050747,5.5052092669066,1,0,6944,98,100,49,1.56,3.11,0.52,0,0,NA,0,0,2.213,2.854,7142,0.5,0,-0.5
"8480001","BOS",5,55,84,3,1,0,0,0,0,0,0,7,0,0,2.42590831685811,4.19687946228078,0,0,4324,158,493,39.6,2.5,0.83,0,0,0,1,0,0,2.02,3.494,4975,0,0,0
"8480762","CBJ",50,447,425,23,13,7,5,0,0,0,2,4,0,0,19.0226443529828,17.0369285006891,6,7,31201,833,499,51.3,2.65,1.5,1.38,0,0,1,0,0,2.195,1.966,32533,0.66,0.77,0.11
"8479530","COL",2,54,70,4,2,0,0,0,0,0,16,20,1,3,2.55077339988202,2.95434228185331,0,0,4297,545,336,43.5,3.35,1.68,0,0,0,1,6.61,32.14,2.137,2.475,5178,0,0,0
"8479644","LAK",18,178,174,7,11,1,4,0,0,0,9,2,0,0,7.2498082605307,8.13421189447399,1,2,10258,549,169,50.6,2.46,3.86,1.75,0,0,1,0,0,2.544,2.855,10976,0.33,0.66,0.33
"8475786","TOR",51,826,750,46,38,13,13,2,1,4,75,144,4,11,40.1604894682532,35.2966431642417,9,7,47175,4004,4089,52.4,3.51,2.9,1.98,2.7,3.52,0.9722,3.6,9.68,3.065,2.694,55268,0.59,0.46,-0.13
"8477508","BUF",38,258,300,11,18,3,4,0,0,0,4,123,0,7,11.7317249506596,13.1671025959076,2,5,22648,454,3059,46.2,1.75,2.86,1.11,0,0,1,0,8.24,1.865,2.093,26161,0.28,0.69,0.41
"8475246","COL",4,46,40,0,1,0,0,0,0,0,1,6,0,1,1.64117446943419,1.35930350417038,0,1,3000,144,401,53.5,0,1.2,0,0,0,1,0,8.98,1.969,1.631,3545,0,1.02,1.02
"8477312","COL",2,55,67,4,0,0,0,0,0,0,19,18,1,3,2.50027830182808,3.2545836251229,0,0,3753,671,664,45.1,3.84,0,0,0,0,1,5.37,16.27,2.398,3.122,5088,0,0,0
"8478452","EDM",43,498,512,27,25,4,4,0,1,0,12,11,1,0,22.2055907780305,22.9870345879463,5,7,34082,997,677,49.3,2.85,2.64,0.85,3.61,0,1,3.61,0,2.346,2.428,35756,0.5,0.7,0.2
"8476344","VAN",8,34,33,1,2,1,0,1,0,0,3,0,1,0,1.23640290088952,1.5845639128238,1,0,2585,368,34,50.7,1.39,2.79,1.39,9.78,0,NA,9.78,0,1.722,2.207,2987,1.21,0,-1.21
"8470318","DET",18,177,240,2,14,0,0,0,0,0,0,39,0,3,7.97697082842933,11.9860103731044,2,2,13277,98,1785,42.4,0.54,3.8,0,0,0,1,0,6.05,2.163,3.25,15160,0.47,0.47,0
"8479365","BOS",2,7,17,0,1,0,0,0,0,0,0,0,0,0,0.130408320575953,0.486384649761021,0,0,771,0,0,29.2,0,4.67,0,NA,NA,NA,NA,NA,0.609,2.271,771,0,0,0
"8474008","BOS",1,3,9,0,1,0,0,0,0,0,0,0,0,0,0.0525743067264557,0.571672599762678,0,1,342,40,0,25,0,10.53,0,0,NA,NA,0,NA,0.553,6.018,382,0,9.42,9.42
"8479335","BUF",29,202,221,7,12,1,1,0,0,0,1,74,0,7,9.62720592011465,10.3949083055486,3,2,15400,328,2582,47.8,1.64,2.81,0.47,0,0,1,0,9.76,2.251,2.43,18310,0.59,0.39,-0.2
"8476948","MTL",15,135,125,1,8,1,1,0,0,1,24,2,0,0,4.57998845912516,5.88669489091262,0,1,8994,1090,181,51.9,0.4,3.2,0.8,0,19.89,0.5,0,0,1.833,2.356,10265,0,0.35,0.35
"8479526","NYI",12,61,87,2,2,0,0,0,0,0,0,9,0,0,2.43191981792916,4.12957028899109,1,1,5145,141,391,41.2,1.4,1.4,0,0,0,1,0,0,1.702,2.889,5677,0.63,0.63,0
"8479288","TOR",1,58,38,1,4,0,0,0,0,1,6,10,0,1,1.81572977587348,2.51085462642368,0,0,3168,262,131,60.4,1.14,4.55,0,0,27.48,0.9,0,27.48,2.063,2.853,3561,0,0,0
"8480011","STL",4,31,30,1,0,1,0,0,0,0,0,0,0,0,1.07762943580747,1.25660434074234,0,0,1961,0,20,50.8,1.84,0,1.84,NA,0,NA,NA,0,1.978,2.307,1981,0,0,0
"8479420","BUF",1,7,6,0,0,0,0,0,0,0,0,0,0,0,0.254150630906224,0.254347797483206,0,0,419,0,0,53.8,0,0,0,NA,NA,NA,NA,NA,2.184,2.185,419,0,0,0
"8479346","CGY",45,474,534,21,21,4,8,2,1,2,28,19,5,0,20.3696931285085,21.8339788974845,3,8,30589,1915,970,47,2.47,2.47,1.41,5.64,7.42,0.8947,9.4,0,2.397,2.57,33474,0.32,0.86,0.54
"8480028","PHI",20,214,202,11,14,1,5,0,0,1,47,2,4,0,10.0602508694865,9.60293965943856,2,5,13002,2291,635,51.4,3.05,3.88,1.66,0,5.67,0.5,6.29,0,2.785,2.659,15928,0.45,1.13,0.68
"8480314","OTT",4,29,13,0,2,0,0,0,0,0,3,1,0,0,0.846444012538996,0.696022733231075,0,0,1885,119,11,69,0,3.82,0,0,0,1,0,0,1.617,1.329,2015,0,0,0
"8477463","NSH",2,19,15,2,1,0,0,0,0,0,0,1,0,0,0.728722883504815,0.648619373328984,1,1,918,0,213,55.9,7.84,3.92,0,NA,0,1,NA,0,2.858,2.544,1131,3.18,3.18,0
"8479671","NSH",8,42,52,2,1,0,1,0,0,0,0,0,0,0,1.18844442453701,2.02963256649673,2,0,3600,11,11,44.7,2,1,1,0,0,NA,0,0,1.188,2.03,3622,1.99,0,-1.99
"8474736","CGY",19,134,165,6,7,3,2,0,0,0,1,4,0,0,5.23877393751172,6.80522572994232,7,3,8878,319,73,44.8,2.43,2.84,2.03,0,0,1,0,0,2.124,2.759,9270,2.72,1.17,-1.55
"8475869","CGY",12,143,150,5,8,0,0,0,0,0,3,8,0,0,4.81282743404154,6.46489453787217,0,0,8515,120,272,48.8,2.11,3.38,0,0,0,1,0,0,2.035,2.733,8907,0,0,0
"8481186","COL",16,130,103,5,4,2,0,0,0,0,4,14,0,2,4.7994618844823,4.44479700742522,1,2,7313,356,281,55.8,2.46,1.97,0.98,0,0,1,0,25.62,2.363,2.188,7950,0.45,0.91,0.46
"8478115","TOR",48,452,422,18,18,5,6,0,0,0,5,72,0,5,19.3669281290495,17.8562014641939,3,7,29122,891,3317,51.7,2.23,2.23,1.36,0,0,1,0,5.43,2.394,2.207,33330,0.32,0.76,0.44
"8475958","WSH",2,12,18,0,0,0,0,0,0,0,0,0,0,0,0.232961683301255,1.16921953111887,0,0,973,0,0,40,0,0,0,NA,NA,NA,NA,NA,0.862,4.326,973,0,0,0
"8479359","WSH",3,24,23,0,1,0,0,0,0,0,0,5,0,2,0.795187531854026,1.15375236794353,0,0,1364,9,296,51.1,0,2.64,0,0,0,1,0,24.32,2.099,3.045,1669,0,0,0
"8479364","NYR",2,16,15,1,0,0,1,0,0,0,1,0,0,0,0.824380959384143,0.474990060552955,0,0,888,32,69,51.6,4.05,0,4.05,0,0,NA,0,0,3.342,1.926,989,0,0,0
"8475902","PIT",8,101,85,4,4,0,0,0,0,0,10,7,1,1,3.84390097740106,3.58432138897479,2,0,6146,376,299,54.3,2.34,2.34,0,0,0,1,9.57,12.04,2.252,2.1,6821,1.06,0,-1.06
"8477244","PIT",41,446,457,20,19,2,4,0,0,0,1,65,0,5,18.6269397383439,18.4278352591209,6,8,32032,627,2990,49.4,2.25,2.14,0.67,0,0,1,0,6.02,2.093,2.071,35649,0.61,0.81,0.2
"8479772","VAN",17,126,178,10,4,5,1,0,0,0,3,1,0,0,5.85991277446738,7.45385255129077,5,3,8883,372,175,41.4,4.05,1.62,2.43,0,0,1,0,0,2.375,3.021,9430,1.91,1.15,-0.76
"8476195","TBL",4,48,39,1,3,0,1,0,0,0,4,0,0,0,2.07783389370888,1.96490111760795,2,1,2399,217,36,55.2,1.5,4.5,1.5,0,0,NA,0,0,3.118,2.949,2652,2.71,1.36,-1.35
"8480965","SJS",20,159,186,10,6,1,6,0,0,0,1,7,0,1,6.51433151424862,7.56891037808964,2,2,10567,312,567,46.1,3.41,2.04,2.38,0,0,1,0,6.35,2.219,2.579,11446,0.63,0.63,0
"8475839","NJD",17,518,649,23,42,0,0,0,0,2,115,97,6,6,22.4262708981987,29.8808483671746,0,0,38355,4336,4091,44.4,2.16,3.94,0,0,1.76,0.9794,4.98,5.28,2.105,2.805,46782,0,0,0
"8478868","OTT",13,98,110,4,6,0,3,0,0,0,2,14,0,2,3.47960822493769,4.65613618877251,2,0,6959,99,760,47.1,2.07,3.1,1.55,0,0,1,0,9.47,1.8,2.409,7818,0.92,0,-0.92
"8479320","OTT",6,39,27,3,3,0,0,0,0,0,0,2,0,0,1.6303768203361,1.12817074696068,0,1,2627,61,60,59.1,4.11,4.11,0,0,0,1,0,0,2.234,1.546,2748,0,1.31,1.31
"8478881","NJD",2,14,16,0,1,0,0,0,0,0,0,0,0,0,0.404781290970277,0.632963757961988,0,0,1180,12,0,46.7,0,3.05,0,0,NA,NA,0,NA,1.235,1.931,1192,0,0,0
"8474567","BUF",27,291,338,14,17,1,6,0,0,3,13,85,0,5,12.4104477763758,14.6069221929647,6,2,22160,868,3161,46.3,2.27,2.76,1.14,0,3.42,0.9647,0,5.69,2.016,2.373,26189,0.82,0.27,-0.55
"8480821","DET",28,271,326,10,14,4,3,4,3,3,106,10,10,2,11.6684189108782,16.3008123033796,1,3,20539,3265,633,45.4,1.75,2.45,1.23,7.72,17.06,0.7,11.03,11.37,2.045,2.857,24437,0.15,0.44,0.29
"8476922","NYR",4,17,28,2,0,0,0,0,0,0,0,3,0,0,0.569251267239451,1.0999081596965,2,0,1550,10,222,37.8,4.65,0,0,0,0,1,0,0,1.322,2.555,1782,4.04,0,-4.04
"8471426","STL",13,95,120,4,3,1,0,0,0,0,0,2,0,0,4.08913071098505,5.70114557986381,1,0,6892,238,106,44.2,2.09,1.57,0.52,0,0,1,0,0,2.136,2.978,7236,0.5,0,-0.5
"8480021","BOS",2,21,19,2,0,0,1,0,0,0,4,0,0,0,1.11445109988563,0.478688320610672,1,1,1314,135,0,52.5,5.48,0,2.74,0,NA,NA,0,NA,3.053,1.311,1449,2.48,2.48,0
"8478039","MIN",5,218,243,14,9,0,0,0,0,0,16,32,2,5,7.72970650694333,8.93122369574849,0,0,15529,1052,907,47.3,3.25,2.09,0,0,0,1,6.84,19.85,1.792,2.07,17488,0,0,0
"8478146","CHI",36,267,294,11,11,2,4,0,0,1,1,18,0,1,10.2818829628523,14.156936216983,3,8,19500,658,896,47.6,2.03,2.03,1.11,0,4.02,0.9444,0,4.02,1.898,2.614,21054,0.51,1.37,0.86
"8477520","BUF",3,13,17,0,0,0,0,0,0,0,0,0,0,0,0.456357028800994,0.865876764990389,0,0,1362,12,0,43.3,0,0,0,0,NA,NA,0,NA,1.206,2.289,1374,0,0,0
"8476867","BOS",1,3,15,1,0,0,1,0,0,0,0,0,0,0,0.0740759287727997,0.826455474831164,1,0,531,0,19,16.7,6.78,0,6.78,NA,0,NA,NA,0,0.502,5.603,550,6.55,0,-6.55
"8477958","VAN",1,1,12,0,0,0,0,0,0,0,0,0,0,0,0.0901245027780533,0.636475314968266,0,0,498,0,19,7.7,0,0,0,NA,0,NA,NA,0,0.652,4.601,517,0,0,0
"8480157","COL",12,147,152,6,5,0,3,0,0,0,9,1,0,0,6.39307910896605,6.77767811517697,2,2,8864,533,152,49.2,2.44,2.03,1.22,0,0,1,0,0,2.596,2.753,9549,0.75,0.75,0
"8475717","DET",3,129,107,3,13,0,0,0,0,0,23,14,1,2,5.67683484725421,5.98524293332594,0,0,8421,635,456,54.7,1.28,5.56,0,0,0,1,5.67,15.79,2.427,2.559,9512,0,0,0
"8480326","COL",5,22,35,0,2,0,0,0,0,0,0,0,0,0,0.966317244805396,1.98631347162882,0,0,1912,104,12,38.6,0,3.77,0,0,0,NA,0,0,1.819,3.74,2028,0,0,0
"8478056","CAR",5,31,22,1,3,0,1,0,0,0,0,0,0,0,1.58826636895537,1.41335092205554,2,0,2144,62,81,58.5,1.68,5.04,1.68,0,0,NA,0,0,2.667,2.373,2287,3.15,0,-3.15
"8476884","STL",2,14,7,0,1,0,0,0,0,0,0,0,0,0,0.47025721333921,0.329418156296015,1,0,989,0,8,66.7,0,3.64,0,NA,0,NA,NA,0,1.712,1.199,997,3.61,0,-3.61
"8477573","STL",5,68,47,2,4,1,1,0,0,0,0,0,0,0,3.05237613571808,2.95448953093728,2,1,3309,0,5,59.1,2.18,4.35,2.18,NA,0,NA,NA,0,3.321,3.214,3314,2.17,1.09,-1.08
"8477467","MTL",3,16,37,0,4,0,0,0,0,0,0,0,0,0,0.271466347388923,1.13409097585827,1,0,1447,0,12,30.2,0,9.95,0,NA,0,NA,NA,0,0.675,2.822,1459,2.47,0,-2.47
"8476904","FLA",12,485,476,26,16,0,0,0,0,3,82,76,7,1,21.7473046054947,21.4981028411421,0,0,30599,3499,2595,50.5,3.06,1.88,0,0,4.16,0.9605,7.2,1.39,2.559,2.529,36693,0,0,0
"8477405","OTT",24,1026,1109,32,49,0,0,0,0,2,177,158,12,16,42.863871618174,46.9354379277211,0,0,65888,5466,5618,48.1,1.75,2.68,0,0,1.28,0.9873,7.9,10.25,2.342,2.564,76972,0,0,0
"8481637","CHI",4,22,22,1,0,0,0,0,0,0,5,1,0,0,1.06524763512425,0.977194969542325,2,0,1924,186,67,50,1.87,0,0,0,0,1,0,0,1.993,1.828,2177,3.31,0,-3.31
"8476983","LAK",2,27,21,0,0,0,1,0,0,0,0,1,0,0,0.751541711390018,0.830600797198713,0,0,1501,0,35,56.2,0,0,2.4,NA,0,1,NA,0,1.802,1.992,1536,0,0,0
"8480147","VAN",36,402,527,12,24,1,4,0,1,0,15,71,3,7,16.7052291299333,21.9842262021848,3,4,29454,1194,2962,43.3,1.47,2.93,0.61,3.02,0,1,9.05,8.51,2.042,2.687,33610,0.32,0.43,0.11
"8476285","OTT",14,130,126,4,8,0,2,0,0,0,2,17,0,1,6.54423333925661,5.91515024541877,0,1,7925,237,590,50.8,1.82,3.63,0.91,0,0,1,0,6.1,2.973,2.687,8752,0,0.41,0.41
"8474849","VAN",41,388,420,23,20,5,4,1,1,0,83,12,7,0,16.996130064188,18.7495469425921,14,2,24539,3238,612,48,3.37,2.93,1.32,2.22,0,1,7.78,0,2.493,2.751,28389,1.78,0.25,-1.53
"8476474","SJS",40,371,363,10,9,6,2,1,0,2,36,6,1,0,15.3108455837355,14.9536912610638,11,8,24749,1801,389,50.5,1.45,1.31,1.16,2,18.51,0.6667,2,0,2.227,2.175,26939,1.47,1.07,-0.4
"8475186","BOS",24,298,283,9,14,2,1,0,0,0,15,69,1,4,12.6894884034991,10.6780702233664,3,2,18703,1193,2918,51.3,1.73,2.69,0.58,0,0,1,3.02,4.93,2.443,2.055,22814,0.47,0.32,-0.15
"8480051","MTL",2,90,96,2,3,0,0,0,0,1,19,27,2,1,3.92158731888048,3.26462667109445,0,0,5672,491,799,48.4,1.27,1.9,0,0,4.51,0.963,14.66,4.51,2.489,2.072,6962,0,0,0
"8481105","MTL",5,36,48,2,2,0,0,0,0,0,0,0,0,0,1.58973861206323,1.77888505609008,0,0,3075,0,5,42.9,2.34,2.34,0,NA,0,NA,NA,0,1.861,2.083,3080,0,0,0
"8479369","CBJ",22,272,246,11,10,1,2,0,0,0,0,5,0,0,10.2122385653784,9.45154529286083,2,2,17581,14,463,52.5,2.25,2.05,0.61,0,0,1,0,0,2.091,1.935,18058,0.4,0.4,0
"8477480","DET",3,66,90,4,9,0,0,0,0,0,13,13,0,0,3.3265730823623,5.77425390877761,0,0,5786,968,689,42.3,2.49,5.6,0,0,0,1,0,0,2.07,3.593,7443,0,0,0
"8478839","FLA",9,95,115,4,2,2,1,0,1,0,9,0,2,0,4.80122629494872,4.6951732027228,0,0,6167,369,1,45.2,2.34,1.17,1.75,9.76,0,NA,19.51,0,2.803,2.741,6537,0,0,0
"8476857","TOR",5,37,48,1,1,0,1,0,0,0,0,0,0,0,1.24325289623812,2.09589040372521,0,0,2541,41,17,43.5,1.42,1.42,1.42,0,0,NA,0,0,1.761,2.969,2599,0,0,0
"8478106","CHI",9,84,96,4,3,1,2,0,0,0,0,0,0,0,3.39572057628538,4.84735811222345,0,0,5280,36,29,46.7,2.73,2.05,2.05,0,0,NA,0,0,2.315,3.305,5345,0,0,0
"8478477","TBL",38,328,281,13,17,3,3,0,0,3,9,53,0,2,14.2385386617971,11.7565374626429,5,4,20930,1009,1623,53.9,2.24,2.92,1.03,0,6.65,0.9434,0,4.44,2.449,2.022,23562,0.76,0.61,-0.15
"8478040","STL",1,1,6,0,0,0,0,0,0,0,0,0,0,0,0.00857112184166908,0.24147127289325,0,0,354,0,0,14.3,0,0,0,NA,NA,NA,NA,NA,0.087,2.456,354,0,0,0
"8479385","STL",28,262,216,14,12,4,4,0,1,0,17,9,1,1,13.5095511250547,10.6721999685396,4,4,16490,737,745,54.8,3.06,2.62,1.75,4.88,0,1,4.88,4.83,2.949,2.33,17972,0.8,0.8,0
"8477003","MTL",9,72,69,0,1,0,0,0,0,0,0,0,0,0,3.00517471635249,2.77000775950728,1,0,4446,13,0,51.1,0,0.81,0,0,NA,NA,0,NA,2.433,2.243,4459,0.81,0,-0.81
"8475842","ANA",9,95,85,4,6,1,1,0,0,2,20,4,2,0,3.68791753455298,3.56715909874765,0,1,6214,594,269,52.8,2.32,3.48,1.16,0,26.77,0.5,12.12,0,2.137,2.067,7077,0,0.51,0.51
"8479734","MIN",5,56,34,3,2,0,0,0,0,0,8,0,0,0,1.42516300396528,0.983031350187957,1,1,3483,575,35,62.2,3.1,2.07,0,0,0,NA,0,0,1.473,1.016,4093,0.88,0.88,0
"8478436","PHI",6,33,47,1,1,1,0,0,0,0,0,5,0,0,1.30578357016202,1.90584012400359,0,1,3180,39,268,41.2,1.13,1.13,1.13,0,0,1,0,0,1.478,2.158,3487,0,1.03,1.03
"8479571","SJS",3,24,37,0,2,0,0,0,0,0,0,2,0,0,0.894382782280445,1.28240866027772,1,0,2001,73,142,39.3,0,3.6,0,0,0,1,0,0,1.609,2.307,2216,1.62,0,-1.62
"8479415","NJD",12,92,130,6,2,0,2,0,0,0,0,5,0,0,4.5357779659098,4.57737967185676,2,1,6764,275,243,41.4,3.19,1.06,1.06,0,0,1,0,0,2.414,2.436,7282,0.99,0.49,-0.5
"8476278","NSH",27,287,269,17,10,3,7,0,0,0,0,1,0,0,10.9867597642587,10.2257831041352,5,9,16675,422,343,51.6,3.67,2.16,2.16,0,0,1,0,0,2.372,2.208,17440,1.03,1.86,0.83
"8477979","PHI",36,311,311,17,13,5,7,2,1,3,39,10,5,3,13.3168850784423,11.4993459008983,7,9,21289,2053,545,50,2.87,2.2,2.03,5.26,19.82,0.7,8.77,19.82,2.252,1.945,23887,1.05,1.36,0.31
"8480022","VAN",1,7,6,0,0,0,0,0,0,0,6,1,1,1,0.243264254182577,0.22305384837091,0,0,263,88,70,53.8,0,0,0,0,0,1,40.91,51.43,3.33,3.053,421,0,0,0
"8477971","OTT",24,182,201,4,13,0,3,0,0,0,1,45,0,6,7.57112873910228,9.99191654205788,1,3,13699,94,1689,47.5,1.05,3.42,0.79,0,0,1,0,12.79,1.99,2.626,15482,0.23,0.7,0.47
"8477448","CBJ",3,17,19,0,1,0,0,0,0,0,0,0,0,0,0.541880705510266,0.564280109188985,1,0,1223,28,39,47.2,0,2.94,0,0,0,NA,0,0,1.595,1.661,1290,2.79,0,-2.79
"8478831","CBJ",32,326,347,13,10,3,2,3,2,0,82,5,5,0,14.7269568252377,12.8564868037938,4,8,22532,2872,513,48.4,2.08,1.6,0.8,6.27,0,1,6.27,0,2.353,2.054,25917,0.56,1.11,0.55
"8477366","MIN",3,15,30,0,3,0,0,0,0,0,7,2,0,0,0.399999860324897,1.56096657179296,0,0,1785,118,131,33.3,0,6.05,0,0,0,1,0,0,0.807,3.148,2034,0,0,0
"8481477","MIN",6,56,56,3,1,0,2,0,0,0,0,9,0,0,1.65652772027534,1.47352884069551,0,1,3942,51,186,50,2.74,0.91,1.83,0,0,1,0,0,1.513,1.346,4179,0,0.86,0.86
"8478073","COL",4,36,43,3,2,0,1,0,0,0,1,4,0,0,1.63626819103956,1.17802012106404,0,0,2506,87,144,45.6,4.31,2.87,1.44,0,0,1,0,0,2.351,1.692,2737,0,0,0
"8478506","CBJ",6,44,54,1,2,0,0,0,0,0,2,4,0,1,1.84547936927993,1.94755083043128,1,0,3510,198,188,44.9,1.03,2.05,0,0,0,1,0,19.15,1.893,1.997,3896,0.92,0,-0.92
"8480213","NJD",2,24,43,1,4,0,0,0,0,0,6,15,0,0,1.35747432988137,2.16358292254154,0,0,2870,202,860,35.8,1.25,5.02,0,0,0,1,0,0,1.703,2.714,3932,0,0,0
"8479348","LAK",4,47,53,1,3,0,0,0,0,0,2,0,0,0,2.18533020542236,2.81930431246292,1,0,3238,83,39,47,1.11,3.34,0,0,0,NA,0,0,2.43,3.134,3360,1.07,0,-1.07
"8478424","WPG",29,264,276,11,12,2,5,0,0,0,5,5,0,0,10.0112667421345,12.3161816829816,0,4,17607,447,242,48.9,2.25,2.45,1.43,0,0,1,0,0,2.047,2.518,18296,0,0.79,0.79
"8474873","DET",9,87,97,2,1,0,1,0,0,0,0,19,0,3,4.10281783249229,4.37872270133812,3,0,6902,85,854,47.3,1.04,0.52,0.52,0,0,1,0,12.65,2.14,2.284,7841,1.38,0,-1.38
"8477974","CBJ",10,64,90,2,1,0,1,0,0,0,1,0,0,0,2.68285343539901,2.72634931007633,0,1,5352,168,16,41.6,1.35,0.67,0.67,0,0,NA,0,0,1.805,1.834,5536,0,0.65,0.65
"8481516","SJS",31,244,278,7,9,3,3,0,0,0,3,32,0,3,9.68210087093757,10.2911892786506,2,3,18945,586,1648,46.7,1.33,1.71,1.14,0,0,1,0,6.55,1.84,1.956,21179,0.34,0.51,0.17
"8478466","ANA",8,111,88,4,4,0,1,1,0,1,21,0,2,0,5.53809650143376,4.2841322356835,0,1,5786,789,69,55.8,2.49,2.49,0.62,4.56,52.17,NA,9.13,0,3.446,2.666,6644,0,0.54,0.54
"8480913","ARI",2,30,43,3,2,0,1,0,0,0,0,1,0,0,1.27675831643865,2.16952816559933,0,0,1849,0,62,41.1,5.84,3.89,1.95,NA,0,1,NA,0,2.486,4.224,1911,0,0,0
"8471217","NYI",4,31,37,2,0,1,0,0,0,0,1,2,0,0,1.53316266130423,1.06896155350842,2,0,2645,90,108,45.6,2.72,0,1.36,0,0,1,0,0,2.087,1.455,2843,2.53,0,-2.53
"8471804","CBJ",30,307,350,13,21,4,6,0,0,1,15,21,1,1,13.2779261832475,13.9691061609774,6,7,21968,785,1311,46.7,2.13,3.44,1.64,0,2.75,0.9524,4.59,2.75,2.176,2.289,24064,0.9,1.05,0.15
"8477961","CHI",9,104,100,6,6,0,0,0,0,0,3,0,0,0,4.12892718520015,4.99972037872067,0,1,5432,438,35,51,3.98,3.98,0,0,0,NA,0,0,2.736,3.314,5905,0,0.61,0.61
"8477043","ANA",11,160,137,6,4,0,1,0,1,0,31,21,2,2,7.32473678316455,5.88039838988334,0,0,10281,937,736,53.9,2.1,1.4,0.35,3.84,0,1,7.68,9.78,2.565,2.059,11954,0,0,0
"8476924","LAK",17,204,192,8,9,4,1,1,0,0,53,0,3,0,8.30057346902322,10.6300553012406,2,1,11927,1612,188,51.5,2.41,2.72,1.51,2.23,0,NA,6.7,0,2.505,3.209,13727,0.52,0.26,-0.26
"8476396","NYR",7,24,34,0,1,0,0,0,0,0,5,2,0,0,0.760120022809133,1.23062052484602,0,0,2119,180,125,41.4,0,1.7,0,0,0,1,0,0,1.291,2.091,2424,0,0,0
"8478996","TOR",7,40,43,3,1,0,3,0,0,0,0,1,0,0,2.1099713796284,1.77860328526003,0,1,2913,57,139,48.2,3.71,1.24,3.71,0,0,1,0,0,2.608,2.198,3109,0,1.16,1.16
"8475797","NSH",28,338,442,17,18,1,3,0,0,0,1,80,0,6,16.2012545503094,19.3819838913623,7,2,24285,427,2551,43.3,2.52,2.67,0.59,0,0,1,0,8.47,2.402,2.873,27263,0.92,0.26,-0.66
"8478499","ARI",13,455,505,17,20,0,0,0,0,0,42,98,3,5,18.9062624854851,21.4879122062703,1,0,31035,1790,3887,47.4,1.97,2.32,0,0,0,1,6.03,4.63,2.193,2.493,36712,0.1,0,-0.1
"8478468","BOS",19,223,245,9,7,1,1,0,0,0,0,47,0,1,9.45379144209437,9.10478861676529,7,1,14963,119,2231,47.6,2.17,1.68,0.48,0,0,1,0,1.61,2.275,2.191,17313,1.46,0.21,-1.25
"8475748","BUF",1,2,0,1,0,0,0,0,0,0,0,0,0,0,0.108981225639582,0,1,1,82,0,0,100,43.9,0,0,NA,NA,NA,NA,NA,4.785,0,82,43.9,43.9,0
"8478838","MTL",7,52,43,2,2,1,0,0,0,0,0,1,0,0,2.45994717726717,1.57098694989691,0,1,3230,65,33,54.7,2.23,2.23,1.11,0,0,1,0,0,2.742,1.751,3328,0,1.08,1.08
"8479292","MTL",6,288,244,10,16,0,0,0,0,1,58,52,1,2,13.2058379222872,12.7593347892398,0,2,17449,2040,1675,54.1,2.06,3.3,0,0,2.15,0.9808,1.76,4.3,2.725,2.632,21164,0,0.34,0.34
"8478021","EDM",8,71,84,2,6,0,0,0,0,0,6,16,0,1,2.69207761448342,4.28416754945647,0,1,4636,241,565,45.8,1.55,4.66,0,0,0,1,0,6.37,2.09,3.327,5442,0,0.66,0.66
"8479977","EDM",27,405,393,28,14,8,12,2,1,1,27,12,4,0,20.058086244273,18.180606127542,5,7,24313,1250,826,50.8,4.15,2.07,2.96,8.64,4.36,0.9167,11.52,0,2.97,2.692,26389,0.68,0.95,0.27
"8474668","MTL",23,163,186,8,7,1,4,0,0,0,3,16,0,0,6.78716088936199,7.87651261361316,3,2,11808,311,483,46.7,2.44,2.13,1.52,0,0,1,0,0,2.069,2.401,12602,0.86,0.57,-0.29
"8478870","OTT",15,152,140,6,8,1,2,0,0,0,38,0,2,0,6.59167316631647,6.19837600836763,0,0,9219,1280,183,52.1,2.34,3.12,1.17,0,0,NA,5.62,0,2.574,2.42,10682,0,0,0
"8478975","TOR",4,17,39,1,1,0,1,0,0,0,0,0,0,0,0.711354398401454,1.83615992311388,0,1,1839,52,0,30.4,1.96,1.96,1.96,0,NA,NA,0,NA,1.393,3.594,1891,0,1.9,1.9
"8481641","DAL",11,110,84,1,2,1,0,0,0,0,0,1,0,0,4.91834234877024,3.71156660653651,2,0,6819,25,71,56.7,0.53,1.06,0.53,0,0,1,0,0,2.597,1.959,6915,1.04,0,-1.04
"8478013","STL",1,11,9,1,0,0,0,0,0,0,0,0,0,0,0.796405591070652,0.153819195926189,0,0,655,0,9,55,5.5,0,0,NA,0,NA,NA,0,4.377,0.845,664,0,0,0
"8476293","BUF",6,45,36,3,1,1,1,0,0,0,1,0,0,0,1.69803168054204,1.16622200590791,1,0,3640,320,141,55.6,2.97,0.99,1.98,0,0,NA,0,0,1.679,1.153,4101,0.88,0,-0.88
"8476974","PIT",2,12,15,0,3,0,0,0,0,0,0,0,0,0,0.49367876816541,0.773713667877018,0,0,718,0,0,44.4,0,15.04,0,NA,NA,NA,NA,NA,2.475,3.879,718,0,0,0
"8476043","NJD",3,22,29,1,0,0,1,0,0,0,0,0,0,0,0.73781385156326,1.51508110109717,0,0,1427,20,16,43.1,2.52,0,2.52,0,0,NA,0,0,1.861,3.822,1463,0,0,0
"8478851","NSH",3,40,26,2,0,0,0,0,0,0,0,0,0,0,2.09072500973707,1.08613498928025,1,0,1866,0,40,60.6,3.86,0,0,NA,0,NA,NA,0,4.034,2.095,1906,1.89,0,-1.89
"8475762","LAK",20,286,299,5,12,0,1,0,0,0,1,57,0,4,12.3368930626893,12.4281993553159,2,0,19260,168,1583,48.9,0.93,2.24,0.19,0,0,1,0,9.1,2.306,2.323,21011,0.34,0,-0.34
"8478048","NYR",12,571,636,37,23,0,0,0,0,2,75,87,6,4,27.7428735013236,26.398666494526,0,0,34098,3011,3050,47.3,3.91,2.43,0,0,2.36,0.977,7.17,4.72,2.929,2.787,40159,0,0,0
"8478859","STL",5,71,39,4,1,0,1,0,0,0,2,5,0,0,3.22627117374213,1.40248052356765,0,2,3945,161,153,64.5,3.65,0.91,0.91,0,0,1,0,0,2.944,1.28,4259,0,1.69,1.69
"8478017","PHI",6,51,82,1,1,0,0,0,1,1,5,0,1,0,1.92956603737548,3.15841515903594,1,3,4235,616,14,38.3,0.85,0.85,0,5.84,257.14,NA,5.84,0,1.64,2.685,4865,0.74,2.22,1.48
"8480935","BUF",13,116,153,3,6,0,0,0,0,1,2,20,0,2,4.82668329094304,5.52567326533608,2,3,10675,361,1023,43.1,1.01,2.02,0,0,3.52,0.95,0,7.04,1.628,1.863,12059,0.6,0.9,0.3
"8479994","LAK",4,36,33,0,1,0,0,0,0,0,0,2,0,0,0.935498036269564,1.74314571730793,0,0,2256,109,93,52.2,0,1.6,0,0,0,1,0,0,1.493,2.782,2458,0,0,0
"8478434","VGK",1,7,10,0,0,0,0,0,0,0,0,0,0,0,0.172621689736843,0.320242525078356,0,0,726,0,0,41.2,0,0,0,NA,NA,NA,NA,NA,0.856,1.588,726,0,0,0
"8474688","MIN",20,218,295,11,11,0,3,0,0,0,4,58,1,3,7.73770887951832,10.4578823379125,3,0,15434,461,2209,42.5,2.57,2.57,0.7,0,0,1,7.81,4.89,1.805,2.439,18104,0.6,0,-0.6
"8479312","PHI",3,104,92,4,5,0,0,0,0,0,33,13,1,2,4.49321386544034,4.46002561348723,0,0,6391,930,467,53.1,2.25,2.82,0,0,0,1,3.87,15.42,2.531,2.512,7788,0,0,0
"8478029","ANA",1,5,20,0,0,0,0,0,0,0,1,0,0,0,0.141161983832717,0.78285841178149,0,1,855,44,0,20,0,0,0,0,NA,NA,0,NA,0.594,3.296,899,0,4,4
"8475808","ARI",2,19,15,0,2,0,0,0,0,0,0,6,0,0,1.13366804801626,0.465332214720547,1,1,1117,0,84,55.9,0,6.45,0,NA,0,1,NA,0,3.654,1.5,1201,3,3,0
"8480043","TOR",11,79,103,3,8,0,1,0,0,0,0,3,0,0,2.92990308813751,4.68131231359439,1,0,6229,0,464,43.4,1.73,4.62,0.58,NA,0,1,NA,0,1.693,2.706,6693,0.54,0,-0.54
"8475730","DAL",17,246,240,10,8,2,3,0,0,1,12,16,0,2,10.0879634342273,9.71886724955402,5,1,15653,878,848,50.6,2.3,1.84,1.15,0,4.25,0.9375,0,8.49,2.32,2.235,17379,1.04,0.21,-0.83
"8468508","CAR",20,209,162,13,10,5,2,2,1,0,103,8,6,0,8.71629710146226,8.36215569259366,3,5,13058,2163,591,56.3,3.58,2.76,1.93,4.99,0,1,9.99,0,2.403,2.305,15812,0.68,1.14,0.46
"8480162","CBJ",6,208,222,9,9,0,0,0,0,0,26,11,0,3,8.29848424170632,9.34568862378364,0,0,15449,973,342,48.4,2.1,2.1,0,0,0,1,0,31.58,1.934,2.178,16764,0,0,0
"8477320","BOS",7,60,62,2,3,0,0,0,0,0,0,11,0,2,2.30422641721088,1.86978721921332,0,0,4239,148,419,49.2,1.7,2.55,0,0,0,1,0,17.18,1.957,1.588,4806,0,0,0
"8477210","CGY",5,51,51,1,1,1,0,0,0,0,0,4,0,0,3.00649530871306,1.87273991573602,1,0,3294,39,262,50,1.09,1.09,1.09,0,0,1,0,0,3.286,2.047,3595,1,0,-1
"8478074","PIT",8,34,45,2,3,1,0,0,0,0,0,2,0,0,1.4107616628753,1.74327557871584,2,1,2618,47,16,43,2.75,4.13,1.38,0,0,1,0,0,1.94,2.397,2681,2.69,1.34,-1.35
"8480727","VGK",16,191,130,8,5,0,1,0,0,0,11,20,0,2,9.11221473809564,4.43258437723853,1,0,12263,358,916,59.5,2.35,1.47,0.29,0,0,1,0,7.86,2.675,1.301,13537,0.27,0,-0.27
"8476858","NYR",20,208,218,8,10,1,2,0,0,0,0,4,0,0,8.37970353168203,8.1967952978448,1,1,12684,421,185,48.8,2.27,2.84,0.85,0,0,1,0,0,2.378,2.326,13290,0.27,0.27,0
"8477992","BUF",6,196,205,8,14,0,0,0,0,0,40,15,1,1,9.01416972174775,10.0424827306415,0,0,15342,2322,853,48.9,1.88,3.29,0,0,0,1,1.55,4.22,2.115,2.356,18517,0,0,0
"8478841","NJD",6,43,95,2,4,0,0,0,0,0,0,11,0,0,2.08612616173923,4.67256824159995,2,1,4317,144,428,31.2,1.67,3.34,0,0,0,1,0,0,1.74,3.897,4889,1.47,0.74,-0.73
"8479315","NJD",18,144,196,7,7,3,2,0,0,0,0,52,0,3,7.65497315186076,7.3527508584084,1,1,11993,311,1381,42.4,2.1,2.1,1.5,0,0,1,0,7.82,2.298,2.207,13685,0.26,0.26,0
"8479356","NYI",8,68,92,4,1,2,1,0,0,0,1,2,0,0,3.39033945387928,3.41385692695621,1,3,4703,210,60,42.5,3.06,0.77,2.3,0,0,1,0,0,2.595,2.613,4973,0.72,2.17,1.45
"8477983","SJS",3,31,25,1,1,1,0,0,0,0,0,0,0,0,1.44836295011919,0.718219486996531,0,0,1562,44,28,55.4,2.3,2.3,2.3,0,0,NA,0,0,3.338,1.655,1634,0,0,0
"8480384","SJS",12,115,100,6,5,0,4,0,0,0,8,2,0,0,5.6841352408519,4.60661714657908,1,2,6648,266,225,53.5,3.25,2.71,2.17,0,0,1,0,0,3.078,2.495,7139,0.5,1.01,0.51
"8480184","DET",16,172,216,2,7,0,0,0,1,0,20,37,2,4,7.6852966704173,10.0439267202164,7,1,12835,1049,1470,44.3,0.56,1.96,0,3.43,0,1,6.86,9.8,2.156,2.817,15354,1.64,0.23,-1.41
"8478133","MTL",13,101,102,4,1,2,1,0,0,1,2,16,0,2,4.49222793150693,3.97221278096549,0,1,7100,377,422,49.8,2.03,0.51,1.52,0,8.53,0.9375,0,17.06,2.278,2.014,7899,0,0.46,0.46
"8479347","EDM",7,58,63,4,4,0,1,0,0,0,5,2,1,0,2.48997207358479,2.75926416082075,0,0,3868,327,89,47.9,3.72,3.72,0.93,0,0,1,11.01,0,2.317,2.568,4284,0,0,0
"8476443","MTL",12,134,128,6,7,0,2,0,0,0,0,15,0,0,5.80693018157035,5.17943031049799,2,1,9001,61,757,51.1,2.4,2.8,0.8,0,0,1,0,0,2.323,2.072,9819,0.73,0.37,-0.36
"8477361","LAK",8,337,380,18,17,0,0,0,0,0,67,69,5,3,14.7739572681021,20.1096556679695,0,1,23220,1820,2515,47,2.79,2.64,0,0,0,1,9.89,4.29,2.291,3.118,27555,0,0.13,0.13
"8480853","CBJ",2,26,14,1,0,0,1,0,0,0,0,0,0,0,0.877380963764153,0.524720321642235,0,0,1562,38,17,65,2.3,0,2.3,0,0,NA,0,0,2.022,1.209,1617,0,0,0
"8477473","VAN",2,8,16,0,0,0,0,0,0,0,0,0,0,0,0.217376532033086,0.509624559432268,0,1,639,0,0,33.3,0,0,0,NA,NA,NA,NA,NA,1.225,2.871,639,0,5.63,5.63
"8475825","ANA",5,59,65,2,1,1,0,0,0,0,2,11,0,2,2.12220467708539,2.46502558037173,1,0,4843,110,416,47.6,1.49,0.74,0.74,0,0,1,0,17.31,1.578,1.832,5369,0.67,0,-0.67
"8476932","ANA",1,42,49,1,0,0,0,0,0,0,5,9,0,1,1.9731394139817,1.92588844744023,0,0,3146,107,185,46.2,1.14,0,0,0,0,1,0,19.46,2.258,2.204,3438,0,0,0
"8480748","ANA",10,89,121,2,4,0,1,0,0,0,3,10,0,1,4.1015398359159,7.16056258045137,3,2,7108,238,530,42.4,1.01,2.03,0.51,0,0,1,0,6.79,2.077,3.627,7876,1.37,0.91,-0.46
"8481630","CGY",4,46,39,3,3,0,0,0,0,0,0,0,0,0,2.33312881732127,1.57305931102019,0,0,2944,0,22,54.1,3.67,3.67,0,NA,0,NA,NA,0,2.853,1.924,2966,0,0,0
"8480027","DAL",3,29,34,2,2,0,0,0,1,0,6,0,2,0,0.907007113215514,1.57652368396521,0,0,2055,163,0,46,3.5,3.5,0,22.09,NA,NA,44.17,NA,1.589,2.762,2218,0,0,0
"8474611","TBL",3,25,23,4,1,1,3,0,0,0,0,3,0,1,1.16160414280603,0.848718126770109,2,0,1937,0,199,52.1,7.43,1.86,7.43,NA,0,1,NA,18.09,2.159,1.577,2136,3.37,0,-3.37
"8478447","NJD",4,39,43,2,2,1,1,0,0,0,6,0,0,0,2.10588458320126,1.99285020958632,1,1,2561,71,13,47.6,2.81,2.81,2.81,0,0,NA,0,0,2.96,2.801,2645,1.36,1.36,0
"8479510","TOR",1,10,9,1,0,1,0,0,0,0,0,0,0,0,0.374811834655702,0.588737845420837,0,0,571,37,0,52.6,6.3,0,6.3,0,NA,NA,0,NA,2.363,3.712,608,0,0,0
"8481642","WPG",2,8,15,0,0,0,0,0,0,0,0,0,0,0,0.398010677658021,0.563256940804422,0,0,894,0,0,34.8,0,0,0,NA,NA,NA,NA,NA,1.603,2.268,894,0,0,0
"8480822","COL",9,76,64,3,4,1,1,1,0,0,13,0,1,0,2.61643404280767,2.63495878130198,1,1,4877,477,15,54.3,2.21,2.95,1.48,7.55,0,NA,7.55,0,1.931,1.945,5369,0.67,0.67,0
"8477541","NJD",10,165,181,11,5,1,3,0,0,0,0,30,0,1,9.45559106231667,7.34918738738634,2,0,9908,174,1151,47.7,4,1.82,1.45,0,0,1,0,3.13,3.436,2.67,11233,0.64,0,-0.64
"8476870","CBJ",9,99,118,5,5,2,1,0,0,0,0,2,0,0,3.92365127289668,5.10284853202756,0,0,6230,42,253,45.6,2.89,2.89,1.73,0,0,1,0,0,2.267,2.949,6525,0,0,0
"8480014","LAK",10,101,120,5,6,2,2,1,1,0,25,0,2,0,4.09544108831324,6.33394376875367,2,4,6437,966,186,45.7,2.8,3.36,2.24,7.45,0,NA,7.45,0,2.29,3.542,7589,0.95,1.9,0.95
"8479188","CAR",1,15,19,2,2,0,0,0,0,0,9,2,1,0,0.793353965971619,1.12828364316374,0,0,1245,274,201,44.1,5.78,5.78,0,0,0,1,13.14,0,2.294,3.263,1720,0,0,0
"8473991","MTL",4,54,32,1,1,0,0,0,0,1,0,2,0,0,2.18876855034614,0.900863546703476,0,0,3021,104,95,62.8,1.19,1.19,0,0,37.89,0.5,0,0,2.608,1.074,3220,0,0,0
"8480064","OTT",3,44,51,1,0,0,0,0,0,0,18,0,0,0,1.2903898707591,2.35626288014464,0,0,2674,411,41,46.3,1.35,0,0,0,0,NA,0,0,1.737,3.172,3126,0,0,0
"8479557","CBJ",3,16,29,0,0,0,0,0,0,0,0,0,0,0,0.310856082476676,0.735814764397219,0,0,1486,0,0,35.6,0,0,0,NA,NA,NA,NA,NA,0.753,1.783,1486,0,0,0
"8479748","VGK",3,24,20,2,3,0,1,0,0,0,0,0,0,0,1.45626861881465,1.0440353138838,0,2,1662,0,1,54.5,4.33,6.5,2.17,NA,0,NA,NA,0,3.154,2.261,1663,0,4.33,4.33
"8479523","CHI",6,66,76,6,3,0,1,0,0,0,2,5,0,0,3.49006101256236,3.38128020451404,0,0,4604,169,294,46.5,4.69,2.35,0.78,0,0,1,0,0,2.729,2.644,5067,0,0,0
"8477887","VGK",1,7,5,1,1,1,0,0,0,0,0,0,0,0,0.681023077107966,0.164498521015048,0,0,604,0,0,58.3,5.96,5.96,5.96,NA,NA,NA,NA,NA,4.059,0.98,604,0,0,0
"8477968","CAR",4,172,131,9,8,0,0,0,0,0,30,32,1,2,7.52537984895753,6.35019856813597,0,0,10631,859,1287,56.8,3.05,2.71,0,0,0,1,4.19,5.59,2.548,2.15,12777,0,0,0
"8476368","NJD",5,53,69,4,2,1,1,0,0,0,0,6,0,1,3.58619318739511,2.76733354490716,0,0,4004,0,277,43.4,3.6,1.8,1.8,NA,0,1,NA,13,3.224,2.488,4281,0,0,0
"8476341","CAR",3,119,113,4,8,0,0,0,0,0,33,17,1,0,4.88504850317258,5.67066365858773,0,0,6950,792,751,51.3,2.07,4.14,0,0,0,1,4.55,0,2.53,2.937,8493,0,0,0
"8479998","LAK",6,73,97,4,2,0,0,0,0,0,1,11,0,0,2.82757962116739,3.669909449236,0,0,5591,129,578,42.9,2.58,1.29,0,0,0,1,0,0,1.821,2.363,6298,0,0,0
"8477972","NJD",2,27,42,1,0,0,0,0,0,0,0,0,0,0,1.25058964494383,1.39129564817995,1,0,1946,0,45,39.1,1.85,0,0,NA,0,NA,NA,0,2.314,2.574,1991,1.81,0,-1.81
"8478846","OTT",3,52,42,2,1,0,0,0,0,0,9,6,0,1,2.80662307678722,2.30552972806618,0,1,2625,293,178,55.3,2.74,1.37,0,0,0,1,0,20.22,3.849,3.162,3096,0,1.16,1.16
"8481812","SJS",3,23,26,0,1,0,0,0,0,0,2,2,0,0,1.51405006833375,1.14088535658084,1,0,1795,110,40,46.9,0,2.01,0,0,0,1,0,0,3.037,2.288,1945,1.85,0,-1.85
"8479987","CAR",2,15,15,4,1,3,1,0,0,0,9,2,2,0,0.62178847938776,0.672350753098726,1,0,987,237,189,50,14.59,3.65,14.59,0,0,1,30.38,0,2.268,2.452,1413,2.55,0,-2.55
"8479511","NJD",1,4,11,0,0,0,0,0,0,0,0,0,0,0,0.268748424947262,0.122404133901,0,0,636,57,0,26.7,0,0,0,0,NA,NA,0,NA,1.521,0.693,693,0,0,0
"8479542","CHI",1,12,12,1,1,0,0,0,0,0,0,0,0,0,0.591442244127393,0.3571074064821,0,1,708,0,0,50,5.08,5.08,0,NA,NA,NA,NA,NA,3.007,1.816,708,0,5.08,5.08
"8480814","CHI",1,18,22,1,0,0,0,0,0,0,0,0,0,0,0.707296160398982,0.980031005106866,0,0,1021,0,0,45,3.53,0,0,NA,NA,NA,NA,NA,2.494,3.456,1021,0,0,0
