"player_id","season","pp_rapm_raw","pk_rapm_raw","own_pp_shots_per60","own_pk_sa_per60","pp_rapm_per60","pk_rapm_per60"
"8473419",2026,-0.000124417375782924,0.000434166942531417,148.507462686567,58.8510042036431,-0.0184769087916432,0.0255511605599993
"8475683",2026,3.77964643194989e-05,0.000170288034166035,121.286370597243,96.421765826805,0.00458419597872023,0.0164194729534644
"8477495",2026,-0.00170337025798535,0.00145684642468673,155.778041744443,80.3131115459882,-0.265347683154684,0.11700386941124
"8477932",2026,0.000549613415990658,-0.00027941776333414,109.718228867165,130.039188958937,0.0603026105641275,-0.0363352593246917
"8477933",2026,-3.43859995021376e-05,0.00048094132873756,155.502958579882,105.648469548754,-0.00534712465630874,0.0508107153238672
"8477935",2026,0.00127039779852814,0.000743630154061761,156.332931242461,66.9767441860465,0.198605011687874,0.0498059265976249
"8473507",2026,-0.000365268656642227,-6.16580638608132e-05,75.5959137343927,86.2385321100917,-0.0276128178574033,-0.00531730092010683
"8477409",2026,-3.2475035153789e-05,0.000209231138255734,143.585313174946,8.57142857142857,-0.00466293809292418,0.00179340975647772
"8478542",2026,0.000864613436728235,-0.00131491485655235,106.860158311346,85.08655126498,0.0923927287268958,-0.111881570351125
"8482113",2026,-0.000544021576570923,0.00104276995230103,129.816608283536,102.963153826333,-0.0706230359034992,0.107366883004249
"8482713",2026,0.000925345981153164,0,117.704347826087,0,0.108917245225124,0
"8476882",2026,-0.000101884734818261,-0.00174509167404333,130.645161290323,115.2,-0.0133107476133534,-0.201034560849791
"8477479",2026,0.000628710189872729,0,124.336928009327,0,0.0781718936169357,0
"8481519",2026,-0.000852736173870126,-0.00056731719979119,99.3700607032413,93.5588663604794,-0.0847364453613242,-0.0530775540792654
"8483493",2026,0.000443259258833774,-0.00108254907952683,124.692019282271,76.2555517594807,0.0552708920495462,-0.0825503773660363
"8483506",2026,5.67432859933858e-05,8.05997737267062e-05,95.609756097561,54,0.00542521173400177,0.00435238778124214
"8484144",2026,0.000840213813622542,0,125.004255319149,0,0.105030302080748,0
"8473422",2026,-0.000568472054152406,-0.000805268872750166,85.1851851851852,130.715438407746,-0.0484253972055753,-0.10526107373765
"8477444",2026,0.00153772573422278,-4.94421136949034e-05,109.000414765657,4.04494382022472,0.167612742826108,-0.000199990572249048
"8477987",2026,-0.000960079522591247,0,83.4760810528515,0,-0.0801436760450099,0
"8482703",2026,-0.00127419948161997,0,85.4304635761589,0,-0.108855452403296,0
"8484783",2026,-0.000118457546301345,-0.00130801501738189,106.618801884676,55.327868852459,-0.0126298016608479,-0.072369683338752
"8477839",2026,-1.31269160689963e-05,0.000603422652753994,82.0100502512563,103.43377715487,-0.00107653904646241,0.0624142841951574
"8478048",2026,-0.00154860087331625,0.000234114518911064,113.941517906034,110.003345600535,-0.176449934136265,0.0257533803338768
"8482073",2026,0.000886886716229522,-0.00112485689330361,34.3899261832393,126.081342801808,0.0304999687040287,-0.141823467567588
"8482109",2026,-0.000284313077487532,0,132.966396292005,0,-0.0378040853322066,0
"8482157",2026,0.00029669028198038,-0.000639374563421872,95.8034800409417,106.754530477759,0.0284239615080487,-0.0682561313175244
"8482460",2026,5.57575526143965e-05,0,67.5,0,0.00376363480147176,0
"8476389",2026,-0.000714466869108455,0.000318474664095207,137.840263236614,142.799393633148,-0.0984823013117488,0.0454779889203161
"8476459",2026,0.000934098345824728,0.000147080035147829,143.619322278298,109.331860850359,0.134154571368627,0.0160805339366484
"8476468",2026,-0.000429897807995417,-0.000195298063425742,147.349823321555,117.370892018779,-0.0633453660544483,-0.0229223079138195
"8478550",2026,-0.00245418083056699,-0.000227328757953798,142.158985462419,4.43896424167694,-0.34888385701472,-0.00100910422766174
"8479323",2026,0.000431072990612357,0.000899242021060351,148.865036072497,60.0541027953111,0.0641716962973876,0.0540031727706216
"8475754",2026,-0.000601346988026771,0.00202174623421775,127.731092436975,111.187371310913,-0.0768107077143438,0.224792649240409
"8475809",2026,-0.000947103870001135,0.000607021695769358,109.219858156028,102.005231037489,-0.10344255034055,0.0619193883217218
"8477476",2026,-0.00428437539212495,0.00100336609736078,103.597122302158,73.0574098798398,-0.443848961486326,0.073303328234422
"8477492",2026,0.00104224129153411,0,147.323919844424,0,0.15354707249252,0
"8480039",2026,0.000604749564605221,0,143.540145985401,0,0.0868058407880414,0
"8480069",2026,-0.00021412762002281,0.00115800891881116,146.050321825629,95.734427985008,-0.0312734078160875,0.110861321443924
"8470613",2026,-0.00134362571131109,0.00173086749990126,52.5302701024527,107.462686567164,-0.0705810215317718,0.18600367163118
"8476455",2026,0.00131402891645324,0.000156374322910643,114.463536733866,4.59183673469388,0.150408397147807,0.000718045360303974
"8477501",2026,-0.00115485816996717,6.62557759383876e-05,81.063829787234,106.620209059233,-0.093617226118615,0.00706420468193262
"8478109",2026,-0.00167585900640909,0,114.868158652781,0,-0.192502838227891,0
"8479525",2026,-0.00123499737831385,0,60.1054481546573,0,-0.0742300708933808,0
"8478038",2026,0.000216193774553078,0.00194117949997844,67.0369160405096,116.335065264225,0.0144929639131955,0.225827243819568
"8474563",2026,-0.000176058138409084,-0.00110339963479425,103.141180531584,81.9179195449005,-0.018158844237706,-0.0903882025089483
"8475311",2026,-0.00165508592211351,0.000862632226194441,118.246476141213,85.6923470693627,-0.195708078000852,0.073920980120271
"8476469",2026,0.000578311413769131,1.47132690791993e-05,103.030303030303,82.1374962473732,0.0595836002065165,0.00120851108377932
"8476479",2026,-0.00079077075772505,-0.0010526498766898,62.238398544131,118.668957975316,-0.0492163055763361,-0.124916863979624
"8482155",2026,-0.000901661212356067,0.00112481137674392,127.725156525927,103.70720188902,-0.115164819481536,0.116651040535049
"8482730",2026,-0.000148419242897748,-0.000258798776346397,122.540473225405,13.0750605326877,-0.0181873642604464,-0.00338380966651464
"8471685",2026,-0.000549677142589992,0.000327981756262543,136.508418019111,93.6495791889824,-0.0750355571562252,0.0307153534556505
"8477942",2026,0.00130993319055482,0,132.238193018481,0,0.173223198093902,0
"8477960",2026,-0.00107490439344473,0.000548375822653044,139.672131147541,47.8240952817224,-0.150134187412281,0.0262255775927521
"8482124",2026,-0.000304823753838168,-0.00289242242616284,106.537368333055,123.623964929372,-0.0324751205393213,-0.357572728572883
"8483808",2026,0.000443120018565871,0,141.716227697536,0,0.0627972974484175,0
"8475171",2026,-0.000384320968898849,0.00020940799416993,99.3630573248408,58.6232420429312,-0.0381873064638347,0.0122761755279485
"8476932",2026,0.000451963433139666,-0.00053031352118979,111.618398637138,121.212121212121,0.0504474346495927,-0.0642804268108836
"8477503",2026,-0.000202651487840002,0,97.6744186046512,0,-0.0197938662541398,0
"8481582",2026,-0.000191769997326174,0.000231093262418707,84.0546697038724,30.5732484076433,-0.0161191637843641,0.00706527171725983
"8481711",2026,0.00219784234654242,0,92.283546952655,0,0.202824687381681,0
"8482259",2026,-0.00170245062989294,-3.27364880693473e-05,93.5608999224205,31.1239193083574,-0.159282813006275,-0.00101888781310937
"8478470",2026,0.000553742207537411,-0.00242066018011902,112.923462986198,128.15241915267,0.0625304876767465,-0.31021345802879
"8480018",2026,0.00355000613829572,-7.10759316358948e-05,141.962673088501,85.0306748466258,0.503968360873047,-0.00604363443235277
"8481540",2026,0.00328766948546236,0,143.557111040407,0,0.471968333388678,0
"8482737",2026,0.000149739822036301,0,87.4887488748875,0,0.0131005496867043,0
"8483457",2026,0.0032779130892826,-0.00132321915274339,138.490725126476,50.3013698630137,0.453960560636312,-0.0665597360119688
"8483515",2026,0.00280648644228139,0.000133108098570426,145.689376816274,3.90032502708559,0.408875260819297,0.000519164848162008
"8471214",2026,-0.00111124028921572,1.9743532916782e-05,133.687878232166,5.52147239263804,-0.148559356471348,0.000109013371933152
"8474590",2026,0.000886756332127632,0.000226940445198122,120.736406450692,126.869409660107,0.107063772938487,0.0287918003102877
"8476880",2026,0.00065157475242874,-0.000506381344150827,151.215478749793,144.772117962466,0.0985281881297899,-0.0733098996893958
"8478440",2026,-0.000578261887854196,-0.000210714144327929,147.33551229217,4.70588235294118,-0.0851985114860354,-0.000991595973307901
"8479400",2026,-0.000192252730315244,0.000267725960185766,119.664100769769,34.5047923322684,-0.0230057500937067,0.009237828658167
"8480313",2026,0.000326785409864534,-0.000820461751029873,117.772202709483,118.038147138965,0.0384862375330675,-0.0968457848899567
"8479345",2026,-0.000420682615975296,3.26502035592349e-05,149.26212227688,33.2600087989441,-0.0627919800654624,0.00108594605766747
"8480873",2026,-0.000585740873940086,0.000733071282989464,64.1525072523829,100.860357379219,-0.0375767456634585,0.07393783158676
"8481580",2026,-0.000559646614520046,0.000701777004017214,95.4154727793696,126.479289940828,-0.0533989463138038,0.0887602571648991
"8481656",2026,0.000560049282703145,0.00167453600980021,69.6025778732546,104.765369225173,0.038980873812206,0.175433383347567
"8484186",2026,-0.000413677337771008,0,130.471755416076,0,-0.0539732084348325,0
"8477496",2026,-0.000663045462241407,-0.00109805917676926,133.333333333333,79.5894196604817,-0.0884060616321876,-0.0873938926319318
"8477956",2026,2.08707993723782e-05,0,135.088582677165,0,0.00281940670655404,0
"8478401",2026,0.000131824829036276,0.00033574485932871,145.938057402303,93.0562595032945,0.0192382594669448,0.0312431607565895
"8479325",2026,0.000764430245562128,-0.00177945935174044,136.723343397426,126.765311856153,0.104515458967369,-0.225573719658724
"8479987",2026,0.000609872819413627,0,138.697753767415,0,0.0845879901364707,0
"8480280",2026,0.000417113901627001,0.000316108671229473,110.894677236693,112.740790807705,0.046255711491864,0.0356383415755837
"8476454",2026,0.00243720858588292,-0.00172145456462926,150.06599208095,138.127180037564,0.36574212434873,-0.237779664575032
"8477934",2026,0.00251314209642779,-0.00116792620754519,148.489446820251,43.3996383363472,0.373175079679249,-0.0506875750110028
"8478402",2026,0.00271800748646861,-0.000213791319942269,147.213211442053,64.873335074432,0.400126610806586,-0.0138693559346199
"8479973",2026,-0.00219837464570072,-0.000866294560771329,114.744752526561,119.313682358117,-0.252251954681597,-0.103360794052435
"8480803",2026,0.00265710091998434,-0.00108582652357376,145.310645033637,117.565217391304,0.386105048602395,-0.127655431293193
"8485493",2026,0.00101376726727931,0,144.688995215311,0,0.146680967284815,0
"8475172",2026,0.00195176435271382,0,140.190476190476,0,0.273618774018547,0
"8477346",2026,0.000693056935367875,0.000238779979772986,100.99109692592,87.19723183391,0.0699925801349179,0.0208209532535614
"8480028",2026,-0.000626824182878735,0,125.486645540969,0,-0.0786580640534112,0
"8480797",2026,-0.000302286479557089,-3.98325581908446e-05,73.2888732888733,110.806289729006,-0.0221542354971991,-0.00441369798354223
"8481692",2026,-0.000841205691339922,0.000729133741748453,106.366892160764,108.412817490087,-0.0894764350557744,0.0790474432700391
"8482679",2026,-0.000997878127218437,0.000114741722569334,123.986589454435,5.13552068473609,-0.123723505684992,0.000589258489657062
"8478397",2026,-0.0015375742526325,0.0020269792379886,90.7982261640798,112.983293556086,-0.139609014734592,0.229014790277757
"8482074",2026,-0.000826937195164807,0,89.4550010440593,0,-0.0739736676568393,0
"8483609",2026,-0.000193345144282432,0,71.523178807947,0,-0.0138286593261607,0
"8484860",2026,-0.00113435139460567,0,113.823529411765,0,-0.129115879327175,0
"8474641",2026,-0.000688846163471837,0.00065025766405117,71.0982658959538,159.893934371893,-0.0489757676919283,0.103972256260618
"8475218",2026,-0.00126295537354793,-0.000644395751625709,64.3356643356643,122.239872915012,-0.081253072983503,-0.0787708547857002
"8477498",2026,0.000448569060567386,-0.00205133631872095,45.4019968470836,136.537739391664,0.0203659310735797,-0.280084823690176
"8483512",2026,0.000579666352658135,0.000440376775427596,93.4922089825848,137.76608466874,0.054194287782887,0.0606689841297047
"8476341",2026,0.00115631550946535,-0.00159652959132279,109.34165161714,106.17626648161,0.126433447595456,-0.169513551334065
"8475913",2026,0.000820161020847174,-0.000478004591901712,154.285714285714,102.114492006189,0.126539128930707,-0.0488111960786689
"8476881",2026,0.00150358355778702,0.000370412304573601,150.766747376917,32.4324324324324,0.226690402416962,0.0120133720402249
"8478403",2026,0.00184627957431071,0.00123544613883867,146.629213483146,102.127659574468,0.270718521851177,0.126173222689906
"8478483",2026,0.00134082721143472,4.62160034130949e-05,147.698672642648,78.8667435348378,0.19803839937205,0.00364490568838574
"8478499",2026,0.000175027891481273,0.000413215735532035,95.6859537926804,115.79452712434,0.0167477107367074,0.0478481206962683
"8481604",2026,0.00184219793722968,0,151.905481034023,0,0.27983996381476,0
"8476914",2026,-0.00101263432099596,-0.00154393696916369,113.039309683605,83.9559490390844,-0.114467484607309,-0.129622693502665
"8478042",2026,0.000648079395610183,0,114.522821576763,0,0.0742198809910417,0
"8479591",2026,-0.000371721739751964,0.000128465873092137,96,52.9411764705882,-0.0356852870161885,0.00680113445781903
"8479999",2026,-0.00072707734311183,0,98.0127186009539,0,-0.071262827031549,0
"8482177",2026,-0.000134541643742239,-0.00160770861767092,99.0825688073395,76.4955867930696,-0.0133307316735429,-0.122982614101012
"8482511",2026,-0.000561362118588334,0.000217199190476814,87.8740157480315,49.9504459861249,-0.0493291436491796,0.0108491964321421
"8482821",2026,0.000264231586487964,-0.00153239786559628,94.5454545454545,103.627428036508,0.0249818954497712,-0.158798449540377
"8475722",2026,0.000461744441766824,0,153.191489361702,10.9090909090909,0.0707353187387475,0
"8477949",2026,-0.00205377743831946,0.000234907395382262,88.5196876557568,126.114649681529,-0.181799737354479,0.0296252638762343
"8479312",2026,-0.00225967782883584,9.91401030685758e-05,105.361050328228,127.089337175793,-0.238082029449553,0.0125996499865251
"8479420",2026,-0.00119574413374665,9.83497490850428e-05,148.089751364463,10.6508875739645,-0.177077451462056,0.00104751212043241
"8480064",2026,0.00216654430389205,-2.02781992493687e-05,154.051210101719,24.1071428571429,0.333758771753555,-0.000488849446190138
"8480839",2026,-0.00104625786954694,0.00112393116496585,143.514026576672,54.8780487804878,-0.150152679696211,0.0616791492969066
"8480802",2026,-0.00141536191748319,-0.000633340673834112,77.0766258853831,137.47572815534,-0.109091321006271,-0.0870689703057382
"8481524",2026,-0.000172110821514853,-0.000821084205911802,76.5605875152999,94.9775258940786,-0.0131769056129181,-0.0779845464282071
"8482097",2026,-0.000238849412743239,0.000359069396576519,109.902152641879,39.0243902439024,-0.0262500646177305,0.0140124642566447
"8482659",2026,4.09028313403393e-05,0,130.266102959463,0,0.00532825243871418,0
"8483468",2026,-0.000231388443937517,0,80.4769001490313,0,-0.0186214246983993,0
"8474141",2026,-5.57078455022678e-06,0,161.909400876766,0,-0.000901962388940761,0
"8476434",2026,0.00230618167288784,0.000314302351140061,114.806378132118,126.277193840137,0.264764365178923,0.0396892189193242
"8477946",2026,0.00344609976670498,0.00160127035941967,170.906174819567,120.722269991402,0.588959729174151,0.193308992659089
"8479337",2026,0.00254695182158251,0.000216390664082785,168.376295508902,9.42408376963351,0.428846312557714,0.00203928374528279
"8481542",2026,0.00220752897245703,1.44518319017928e-05,146.650306748466,112.60199456029,0.32373480096695,0.0016273050971919
"8482078",2026,0.0024518738064066,0.000580964301718663,162.048517520216,34.0694006309148,0.397322515474838,0.0197931055475128
"8482487",2026,0.000797741532321808,-0.000252167622474416,103.996148290804,111.273347871433,0.082962046693072,-0.0280595355775078
"8475848",2026,-0.00200602223437583,0,77.9543883897719,0,-0.156378236377052,0
"8480865",2026,-0.00116992653823353,-0.00118086161304851,72.9339746392654,93.2867883995704,-0.0853273924693275,-0.110158787425631
"8479339",2026,-0.000866578452045765,0,110.958904109589,0,-0.0961545953639821,0
"8481523",2026,7.64138354955606e-06,0,78.1900452488688,0,0.00059748012550375,0
"8484984",2026,0.00130667282359678,0,138.125689084895,0,0.180485084167812,0
"8475660",2026,-0.000715952321362855,0.0010393162297327,127.487352445194,118.344584678603,-0.091274865927541,0.122997447557448
"8475167",2026,-0.00070248705819737,-0.000763247977086364,90.7086614173228,55.3652569031807,-0.0637216607120764,-0.0422574203322195
"8476453",2026,-2.69021117466797e-05,1.60915827244265e-05,125.586136595311,3.02775441547519,-0.00337853228052084,4.87213606458666e-05
"8476883",2026,-0.00244055087553935,0.00108748123605188,98.9886219974716,95.1788491446345,-0.241586768084363,0.103505212513803
"8477404",2026,0.00213023770540966,0.00035480904757533,128.330206378987,100.850798920938,0.273373844371521,0.0357827759123491
"8477416",2026,0.00113686001007727,0,119.050632911392,0,0.135343903731351,0
"8478010",2026,0.00191270288495747,0,118.445734702992,0,0.226551498477321,0
"8476999",2026,-0.000963556804492248,-0.000234617170622529,105.858403076227,100.123609394314,-0.102000584596782,-0.0234907179486092
"8480801",2026,0.00174445663192679,-1.98803805701077e-05,141.132193821546,23.3766233766234,0.246198991490373,-0.000464736169171348
"8481528",2026,0.00175845030179904,0.000317826935633913,138.87853147856,26.6949152542373,0.244210995591882,0.00848436311226125
"8481596",2026,-0.0013072567723253,0.00131268105556227,89.5481515289822,111.160123511248,-0.117062427535475,0.145917788267178
"8482105",2026,0.000781001208108881,0.000232293373641064,130.825420014609,121.204516938519,0.102174811082762,0.0281550061401841
"8482116",2026,0.00158328644832542,-0.00140049058771551,136.720921000397,95.7286432160804,0.216468381422499,-0.134067063798897
"8473512",2026,-0.00127957077074417,-0.000562455966971432,99.5038979447201,141.484716157205,-0.127322279385175,-0.0795789228378794
"8474102",2026,-0.000316775167114729,-3.3079931963532e-05,97.6673427991886,19.8895027624309,-0.0309385888368645,-0.000657943398169697
"8478469",2026,0.000124125822829331,-0.00112618493174483,110.172413793103,84.2598010532475,0.0136752415151625,-0.0948921182979841
"8480188",2026,-0.000788464026209357,0.000173825359710691,96.5753424657534,41.8604651162791,-0.0761461833530955,0.00727641040649404
"8482092",2026,-0.000710196858496481,0.00108152872024684,59.504132231405,99.5774106799846,-0.042259647778303,0.107695829538218
"8478055",2026,0.000114943076539674,-0.000373245701364764,45.1882845188285,119.315403422983,0.00519408044614425,-0.044533961434231
"8480185",2026,-0.000923537527677721,0.0015691581106317,106.398852223816,103.640982218459,-0.0982633329305305,0.16262908784193
"8471215",2026,8.6642712224467e-05,0,147.404338289057,0,0.0127715116630167,0
"8471675",2026,0.00113833211729164,0,156.878048780488,0,0.178579321424875,0
"8471724",2026,0.00020421277329038,0.000402599983716294,74.8426473393096,85.2529601722282,0.0152838245735543,0.0343228403771049
"8474578",2026,4.73587191207639e-05,0.00122121358134335,149.310933193332,119.865921787709,0.00707117454676217,0.146381891627391
"8476483",2026,0.000337150585859383,-0.000784913969834949,149.193293261626,74.2632612966601,0.0503006062294479,-0.0582902712372516
"8477465",2026,0.00194697302723113,-0.000792398042549648,128.760782663581,120.172025394225,0.250693770811162,-0.0952240776916104
"8475151",2026,-0.000593194287554727,-9.69388182548403e-05,174.779319041614,98.6301369863014,-0.103678093638191,-0.00956108892376507
"8477494",2026,-0.00216749176218179,0,125.804211987966,0,-0.272679593131687,0
"8477500",2026,0.00159599246797514,-0.00226910260917291,131.476481455166,115.956770502225,0.209835474118318,-0.263117810497863
"8477950",2026,-0.00188325141656881,0,88.5999535639656,0,-0.166855988057269,0
"8478009",2026,0.00132511761951641,-0.00381100717226246,100.663850331925,121.745617306975,0.133391441723197,-0.463973420748402
"8478445",2026,0.00178523620296276,0,130.298995279022,0,0.232614483581783,0
"8475314",2026,-0.000855254030843296,0,76.8562252030984,0,-0.0657315964003501,0
"8476917",2026,-0.000156080303209223,-0.00138506443097898,11.7977528089888,147.469879518072,-0.00184139683561443,-0.204255284761238
"8477407",2026,-0.00057596774348127,0,131.210724759112,0,-0.0755731450600477,0
"8477506",2026,-0.000213138600439769,-0.00209252794885008,18.9331329827198,150.570342205323,-0.00403538146587691,-0.31507264933256
"8482476",2026,-0.00124002748661319,0.000348535036935729,99.9797283600243,81.9915254237288,-0.12397761127055,0.0285769193419761
"8474149",2026,-0.000482444714609297,0,88.4520884520884,0,-0.0426732425698641,0
"8474593",2026,4.67442804882708e-05,0.000769193050302728,106.412261495152,103.207310517828,0.00497416459872059,0.0793863459907492
"8475455",2026,-4.95208348235264e-05,-0.000504836888315866,7.30223123732251,134.156729131175,-0.000361612586946643,-0.0677272656812171
"8478414",2026,-0.000299752003828051,0.000234549927846492,105.907473309609,54.2986425339367,-0.031745977344921,0.0127357426884973
"8480002",2026,0.00219635644299385,-0.000562367372797402,138.247135336017,128.055629847553,0.303639986420705,-0.0720143081292849
"8483495",2026,-0.000593329904165823,0.000481615801870871,101.028999064546,51.2091038406828,-0.0599435263329363,0.0246631136093191
"8475883",2026,-5.7722158328957e-05,0.000192324661082405,120.616570327553,88.4762424904424,-0.00696224876954279,0.017016163350819
"8476906",2026,-1.89432265523474e-05,0.000109308839231213,146.938775510204,22.3880597014925,-0.00278349451381431,0.00244721281860925
"8477940",2026,0.000628435476070106,0.000362990087116255,116.354234001293,25.7756563245823,0.073121128437375,0.0093563077347388
"8478427",2026,-0.00127351105869553,-0.000368574652260348,149.065326633166,76.9803985096387,-0.189836341935398,-0.0283730236115531
"8480830",2026,-0.00116753158424136,4.94994175589198e-05,150.731397074412,11.6504854368932,-0.175983666821202,0.000576692243404891
"8482093",2026,-0.00080730938720808,-0.000516543865965425,152.700270027003,83.2530352669108,-0.123276361422008,-0.0430038446901259
"8476292",2026,-0.000828425351957361,0.000656856939111107,102.336448598131,49.0909090909091,-0.084778108447973,0.0322457042836361
"8476462",2026,8.23801575939248e-05,0.000984860135644991,124.833082059014,82.5347758887171,0.0102837689729569,0.0812852105771909
"8480336",2026,-0.00142938366314354,0.000378128986966387,51.7985611510791,83.4242093784079,-0.0740400170836942,0.0315451117807292
"8480817",2026,0.00116703532348799,-0.000820375167307641,83.4080717488789,78.762954433295,0.0973401659949627,-0.0646151719208584
"8482702",2026,0.00264536647529256,0.000455726532422751,93.9581831290555,7.05882352941176,0.248553827729002,0.00321689317004295
"8482809",2026,0.00206375122274617,0.000124919252121811,100.532481363152,4.36628259551243,0.207474031338912,0.000545432756383892
"8475170",2026,0.00220550802944759,0.000150316399970694,111.406466970839,15.8870255957635,0.245707857436574,0.00238808049379744
"8475764",2026,0.000804395145934295,-0.000315230607179523,86.5046102263202,91.6523867809058,0.0695838885669901,-0.0288916375343974
"8476412",2026,-0.000344158954220619,-0.000608434495978224,79.4671741198858,105.470359349966,-0.0273493395399677,-0.0641718049317386
"8477402",2026,-0.000177318055910037,0.000412565181144565,89.1663310511478,142.281167108753,-0.0158108004746203,0.058700255481683
"8480023",2026,0.00246041911094435,0.000786145908075632,109.290116411778,114.137819475898,0.268899491056872,0.0897289797376522
"8483516",2026,0.00116554902079031,0,99.0663390663391,0,0.115466674492052,0
"8475753",2026,-0.0010627688209574,0.000471368362226282,78.9085215835384,114.103194103194,-0.0838615164468282,0.0537846357292101
"8479385",2026,-0.000905782185878751,0,76.2121557022536,0,-0.069031612982519,0
"8480459",2026,-0.000393076941462924,0.00066035034196216,83.7209302325581,112.844685364129,-0.0329087671922448,0.0745170265688151
"8482077",2026,0.000574078799980309,-0.000591015686593514,106.548590072244,40.7803650094399,0.0611672867282678,-0.0241018354255882
"8482089",2026,0.00114363051645846,0.000100795011169179,98.6642100414555,9.86301369863014,0.112835401485675,0.000994142575915192
"8475765",2026,-0.00180382687892296,0,104.702647952539,0,-0.188865450671198,0
"8478493",2026,-0.00225042393404799,0.00167596332316873,154.843770427507,164.616222101252,-0.348464127008294,0.275890750640296
"8478864",2026,-0.0005157823379758,0,152.574551730751,0,-0.0786952590072963,0
"8479406",2026,-0.00013588625865503,0.000285364909754743,117.733405288721,121.325688714865,-0.0159983519634006,0.0346220942110495
"8481557",2026,-0.00186561828475098,0.00173439200132951,149.954614220877,139.2,-0.279758070173248,0.241427366585068
"8484798",2026,-0.000640467831934361,0.000142964995706151,118.832283915283,9.5364238410596,-0.07610825524303,0.00136337479348912
"8474564",2026,-0.00058576884951131,0.000111373593341944,148.654353562005,6.45161290322581,-0.0870770896608633,0.000718539311883511
"8474600",2026,-0.000101468546707228,-0.00198702417880239,148.016853116374,60.8937137086594,-0.0150190549738957,-0.120997281476177
"8475158",2026,-0.000426254677065666,0.00103588106688843,157.506742583159,84.7144006436042,-0.0671379856954492,0.0877540437195102
"8476539",2026,-0.00102706378707697,0,140.664780763791,0,-0.14447170243961,0
"8476887",2026,7.20264813440343e-05,0,157.053824362606,0,0.0113120343504625,0
"8477424",2026,-0.00133932797840876,-0.00180713595266505,111.243344816787,80.0438116100767,-0.148991324124896,-0.144650049748918
"8476869",2026,-0.000750818376902098,-0.00178254111723732,63.2843791722296,108.93519840137,-0.0475150748533504,-0.194181470264847
"8478047",2026,-0.000118135632715528,0,77.6602364654636,0,-0.00917444117168504,0
"8482768",2026,-0.000714838477629812,-0.000150030162632749,44.0097799511002,51.7823639774859,-0.0314598841010675,-0.00776891648905042
"8483465",2026,-0.000180384600818585,9.71921524559164e-05,50.6151142355009,67.9245283018868,-0.00913018717675788,0.00660173111021319
"8485405",2026,-0.000232210958249089,0,140.869565217391,NA,-0.032711456727263,NA
"8473604",2026,-0.000890672128163516,-0.000982867307227346,101.380082058933,48.5393258426966,-0.090296413440822,-0.047707716485642
"8474679",2026,-0.00189580743039037,-0.000340229680934008,120.166898470097,73.7830913748933,-0.227813299006576,-0.0251031976368047
"8475799",2026,-0.00203077682862577,0,90.4576727490278,0,-0.183699345790138,0
"8476480",2026,-0.00270784738767819,-0.000549308500572064,91.8238993710692,76.4835164835165,-0.248645106038374,-0.0420130457580392
"8476945",2026,0.00124854955897526,-0.000228175195527511,94.4871930009487,116.346048147741,0.117971943150145,-0.0265472822849641
"8480145",2026,-0.00278251860054619,-0.000138824066667019,101.621621621622,128.008245297604,-0.282764052379829,-0.0177706251791226
"8475168",2026,0.00213721448082631,0,115.228936414526,0,0.246268951515338,0
"8475794",2026,0.000219271140809419,-4.7203447818838e-05,96.8421052631579,105.109489051095,0.0212346788994384,-0.00496153028168809
"8479351",2026,0.000145919545372256,-0.00028223842694127,55.1168412570508,110.196779964222,0.00804262441858362,-0.0311017658310953
"8479979",2026,0.00126708696526399,-7.25311740728524e-05,104.764723290914,105.159450350013,0.132746015301406,-0.00762733839874226
"8481581",2026,0.000606406831867889,-0.000356323145032294,64.576802507837,86.7644105242017,0.0391598142209358,-0.0309161676348566
"8482145",2026,0.00100062461627506,-0.000533136604352922,56.3332628462677,34.0962904498816,0.0563684495190685,-0.0181779805114808
"8476460",2026,0.00240572837403037,0.000828984456542164,128.721541155867,46.3320463320463,0.309669063907587,0.0384085462490578
"8477504",2026,0.00129235708614063,0.00105949940062884,119.685039370079,61.2879348630644,0.154675808734941,0.0649345302531963
"8478398",2026,0.0024620599034763,0.00134743685428486,129.597830998644,80.4020100502513,0.31907762327926,0.108336631500291
"8480014",2026,0.00181467040583526,0,130.266789328427,0,0.236391287457472,0
"8480113",2026,0.000260663546227963,0.000223568382264871,81.4301349872309,100.760571950106,0.0212258677555933,0.0225268780669684
"8478449",2026,0.00093947735802943,0.000368381525201991,137.828571428571,58.6402266288952,0.129486822146685,0.0216019761237428
"8480027",2026,0.00268576470808583,0,132.389380530973,0,0.355566725955434,0
"8480036",2026,0.00223546788741605,-0.00118018091812157,132.413793103448,135.102533172497,0.296006782333711,-0.159445431640068
"8482740",2026,0.00275017135437458,0.000172354326317401,136.154352115764,69.8845750262329,0.374447798962205,0.0120449088486242
"8478420",2026,0.0024360888158647,0,132.653321433125,0,0.323155272730541,0
"8477951",2026,-0.000462840470995302,-0.00116748084460539,137.356608478803,78.8897005113221,-0.0635741973626465,-0.0921022141836245
"8478872",2026,0.000464813007904239,-0.000432997838908204,110.049191848208,112.65306122449,0.0511522958803962,-0.0487785320565976
"8479343",2026,-0.000183165228378013,0,132.714948269711,0,-0.0243087638089978,0
"8479410",2026,0.000399752979469773,9.07100917965679e-05,138.608097380259,135.400516795866,0.0554089999063952,0.0122821933078557
"8482699",2026,-0.00027810226460453,0.000546220451749236,138.257016248154,46.8172484599589,-0.0384495893160769,0.025572538603455
"8483431",2026,-0.000938775828304655,-0.00013326089599727,127.625872147841,45.9574468085106,-0.119812083838693,-0.00612433053944899
"8477220",2026,-0.000599067524851153,0.00104133547641123,46.531667384748,98.8080301129235,-0.0278756108073781,0.102892307110896
"8479977",2026,-0.000260059445004963,-0.000127768874082678,51.1848341232227,24.7139588100687,-0.0133110995547564,-0.00315767469128814
"8480434",2026,-0.000493542514490231,7.88562981703891e-05,78.326359832636,48.6785494775661,-0.0386573885826658,0.00383861021210499
"8480855",2026,0.000201698326470664,0.000139605221751055,52.5842696629213,90.6512301013025,0.0106061591896933,0.0126553850802982
"8482175",2026,0.00109577880430344,0,88.622754491018,0,0.0971109359502447,0
"8475169",2026,-0.00101129768046269,6.26225583990328e-05,73.1025299600533,24.9134948096886,-0.0739284189845561,0.00156014678364372
"8477967",2026,-0.00134717062883604,-0.00102891587723654,107.744523295279,115.371525808281,-0.145150257201341,-0.118707594685146
"8478444",2026,0.000119766930765816,0.000247663380721446,139.416445623342,77.0642201834862,0.0166974797905869,0.0190859853033041
"8478498",2026,8.75892541833431e-06,-0.0013452948811676,142.695356738392,71.6003700277521,0.00124985798721418,-0.0963236112880411
"8480012",2026,4.58099263194373e-05,0.00106568667233869,136.417713152677,96.4610717896866,0.00624928538819026,0.102797278605775
"8480800",2026,2.54511392942648e-05,0.000274434704310693,148.878923766816,9.56175298804781,0.00378913822676946,0.00262407685396679
"8478856",2026,0.000942843740443842,-0.000559603106362827,101.757719714964,128.509406657019,0.095941629075093,-0.0719142631621115
"8479425",2026,-0.00119982441299751,0.000119108671204245,105.435988462392,104.01384083045,-0.126504672965701,0.0123889503681648
"8480078",2026,0.00018860673588722,0,94.4262295081967,0,0.0178094229296784,0
"8483476",2026,-0.000531772690537856,0,103.030303030303,0,-0.0547887014493548,0
"8485385",2026,-0.000250079109139461,0,87.378640776699,NA,-0.0218515726432539,NA
"8481068",2026,0.000454294579903077,0.00043112841260804,98.4875444839858,68.4923609109253,0.0447423576470379,0.0295290028353042
"8481033",2026,-0.00124692585610812,0.000398223478899587,131.780366056572,96.1569910057236,-0.164320345763333,0.0382919714788155
"8475200",2026,3.03885654049237e-05,0.00059358710311881,100.699300699301,97.0248512425621,0.00306010728553077,0.0575927003796059
"8475784",2026,5.54868266141833e-05,0,101.083743842365,0,0.0056088161680938,0
"8477505",2026,-0.000163439502351835,0.00082435830870632,125.581395348837,144.891640866873,-0.020524960760463,0.119442628010699
"8477968",2026,-0.000690242525714819,0.000319815376140618,101.881986698741,122.957950700822,-0.0703232798237823,0.0393238432528628
"8478874",2026,7.88021259676659e-05,0,72.108843537415,0,0.00568233017181808,0
"8480798",2026,-0.000575269240388014,-0.000565427552352757,80.9282088469906,103.27868852459,-0.0465555092293708,-0.0583966160626618
"8475726",2026,0.000621051199215711,0,128.979591836735,0,0.080102930184557,0
"8475906",2026,-0.000203857815057903,-0.000205640870873878,118.448883666275,6.76056338028169,-0.0241467306202545,-0.00139024814111918
"8482667",2026,3.45653608401077e-05,-0.00198403544938427,114.705882352941,77.2173913043478,0.00396485021401235,-0.153202041656803
"8484227",2026,-0.000961178612490906,0.000101646359401426,127.058823529412,2.50173731758165,-0.122126223704727,0.000254292490510865
"8484801",2026,0.000982414420132593,0.000763768196023491,126.617259138299,18.9202102245581,0.12439062121513,0.0144506548315959
"8476448",2026,-0.000857259585638203,0.000810162391027825,46.9565217391304,113.192071086808,-0.0402539283690982,0.0917039589570799
"8477447",2026,0.000307651792080221,0.00031240399241299,74.6992153443766,105.769230769231,0.0229813474676839,0.0330427299667585
"8474586",2026,0.000405141458709246,-0.000209019328041772,145.274336283186,5.97014925373134,0.0588566565147875,-0.00124787658532401
"8476905",2026,0.000459994179362462,-0.000720800478137142,147.221712818632,141.726315789474,0.0677211309723427,-0.102156396185668
"8477955",2026,-0.000558172894580852,0.000166587821789576,129.428571428571,31.6251830161054,-0.0722435203557503,0.00526837035234969
"8478407",2026,0.000504394467815246,0.000175789074605458,133.136094674556,31.5789473684211,0.0671531096203729,0.00555123393490919
"8478916",2026,0.000226454663834791,2.04057330613502e-06,105.733558178752,132.608695652174,0.0239438573734256,0.000270597764509209
"8482665",2026,-0.000211302703703146,0.000982789348623329,147.252356393384,58.4890333062551,-0.0311148210325814,0.0574823989446626
"8475184",2026,-0.00038845265712624,-0.000190157159567878,130.631067961165,50.7909362975631,-0.050743985452753,-0.00965826017813765
"8475798",2026,-0.000168109072991662,-0.00083528269193608,125.24123920772,101.818181818182,-0.0210541886235368,-0.0850469649971281
"8478873",2026,-0.000479204118053204,0.000311947238516636,133.028962762163,32.8205128205128,-0.0637480267759748,0.0102382683410588
"8480843",2026,-0.00136835976370684,-0.0014812467700629,106.726457399103,101.42829191939,-0.146040190027905,-0.150240329798592
"8481605",2026,0.000117508604307137,0.000661365685787751,109.347442680776,84.548825710754,0.0128492653739727,0.0559176920987419
"8484153",2026,0.0014876310712112,0.000640201354150304,134.381139489194,37.3814898419865,0.199909558488892,0.0239316804169956
"8473986",2026,-0.00178136726221518,0.000707895914391073,84.3457132939951,131.837677334213,-0.150250692370111,0.0933273531476981
"8482745",2026,-0.000498912174307396,0.000332137936731884,93.6686903729402,23.407022106632,-0.0467324499784898,0.00777436002753436
"8482803",2026,-8.0005104452668e-05,0.000640356942287615,64.0510948905109,80.1002820432466,-0.00512441453702308,0.051292771685589
"8483445",2026,-0.00145631393759428,0.000335953279359382,115.802910390605,53.6312849162011,-0.168645392415819,0.0180176060438551
"8484762",2026,0.00089543860059862,0,100.463075798196,4.35835351089588,0.0899585160045701,0
"8475768",2026,-5.16361443144119e-05,5.96063311725715e-05,126.923076923077,114.929577464789,-0.0065538183168292,0.00685053045588991
"8477986",2026,-0.00130890803594394,0.000275598355122431,89.2440073755378,44.300518134715,-0.116812198413682,0.0122091499289989
"8478975",2026,0.000454301868379665,0,110.702628414362,0,0.0502924109231844,0
"8480009",2026,9.95459601123041e-05,-0.00123365957333535,124.827739497666,141.814239248283,0.0124260971769438,-0.174950493883914
"8483524",2026,-8.42554493975476e-06,6.94289352117198e-05,93.2453021838497,50,-0.000785642483971038,0.00347144676058599
"8484768",2026,8.50660745245785e-05,0,110.214592274678,0,0.0093755227201338,0
"8480981",2026,0.00067493046387628,1.34721172933931e-06,85.3299167200512,106.363636363636,0.0575917602743885,0.000143294338484272
"8480035",2026,0.000687939672170581,-0.000402894190575936,67.9245283018868,73.0769230769231,0.0467279777323414,-0.0294422677728568
"8482671",2026,-0.000205565645157372,0.00204252023030118,57.8933261860091,101.952600983753,-0.0119008789477331,0.20824025004114
"8479982",2026,-0.000107179915220866,0.00029662721239268,8.93300248138958,152.112676056338,-0.000957438448623121,0.0451207590681823
"8482896",2026,-0.00015844783405315,0.000864931864354949,18.9806678383128,98.2578397212544,-0.00300744570786295,0.0849863364975943
"8477429",2026,-0.000397102582718188,-0.00140382044196863,87.6450511945392,140.395256916996,-0.0348040761918194,-0.197089731615517
"8477456",2026,-0.00067891344095262,-0.000872406299163858,83.9413313275668,166.734902763562,-0.0569888980897423,-0.145460579461405
"8483464",2026,-0.000561325606559788,-0.00021949264832351,81.7831118731247,100.46511627907,-0.0459069548785287,-0.0220513544362224
"8484223",2026,-0.0014853418979938,0.000544626307397948,97.1046770601336,78.8321167883212,-0.144233645328574,0.0429340446707871
"8484794",2026,-0.000824342606944935,0,58.6319218241042,0,-0.0483327912866737,0
"8475166",2026,0.000765263238778002,0,131.102979613173,3.33333333333333,0.100328290792223,0
"8476853",2026,-0.000392586874037107,-0.000405928791680612,120.650210716436,80.3385917660639,-0.0473656890770838,-0.0326117474809203
"8477939",2026,-0.000138580476186021,6.60429266500717e-05,120.36036036036,20.3225806451613,-0.0166795960526599,0.00134216270288855
"8479318",2026,0.000338371007720664,0.00132888690854991,133.777549974372,92.5053533190578,0.0452664443952297,0.12292915299648
"8482720",2026,0.000427573427377663,0.000594811888980269,129.590079228384,109.569509185632,0.0554092743298232,0.0651732467333467
"8479996",2026,-0.00119237249124152,0.000455323410816054,63.4760705289673,79.9227799227799,-0.0756871203508471,0.036390712756341
"8481721",2026,-0.000215329327496322,0,128.273947246645,0,-0.0276211427959187,0
"8479407",2026,0.00138535273492734,0.000307973650111748,144.41928178583,73.4416320362675,0.200071646998242,0.0226180874883731
"8481559",2026,0.0019898654291085,-0.000685497288962581,135.728542914172,45.8471760797342,0.27008153528818,-0.0314281149092479
"8482110",2026,0.00087017868117514,-0.000393067578333022,112.639682145518,129.071706503613,0.0980166500573736,-0.0507339031066857
"8482684",2026,0.00118400271712687,0.000134531326799088,111.772315653299,81.1847862672501,0.132338725433068,0.0109218970124335
"8478178",2026,0.00110307991949329,-0.000821218671008743,124.815849631699,60.1702932828761,0.137681857363221,-0.0494129682839698
"8478519",2026,1.56262217622975e-05,-0.000118820446398969,88.3357041251778,140.513833992095,0.00138035330218872,-0.0166959164801713
"8479542",2026,0.00067719945573523,0.000114291764825612,116.883116883117,139.735247924613,0.0791531831378841,0.0159705880936485
"8482070",2026,-0.000211823987138216,0,31.3953488372093,0,-0.00665028796829282,0
"8482201",2026,-0.000952329689018176,-0.000503012039624095,72.2026741731175,73.8461538461538,-0.0687607502415657,-0.0371455044645485
"8478859",2026,-8.17020646524855e-05,0.00148404988899569,33.6763330215154,83.1618841364375,-0.00275142593778249,0.123416384921352
"8485366",2026,0.0018481938694447,-0.00172813608242903,123.454317897372,96.5313653136531,0.228167513494399,-0.166819335484662
"8475810",2026,-0.000504971553505225,0.00109118383672689,155.466284074605,104.304010077682,-0.0785060509868382,0.113814849902566
"8481668",2026,-8.9379743977676e-05,0.00336233993129211,96.6696669666967,109.934657954394,-0.00864031008389055,0.369637690272999
"8483690",2026,-0.00074191555593242,0.000808353305801429,60.4810996563574,99.5498392282958,-0.0448718686749505,0.0804714416321937
"8477511",2026,-0.00106416277228211,1.62272329989956e-05,124.698006112647,8.12641083521445,-0.132698975882886,0.000131869162068588
"8478438",2026,-0.000646578414911013,0,73.9051094890511,0,-0.0477854485472555,0
"8479638",2026,-0.0011045005569168,0,59.4852240228789,0,-0.0657014630615906,0
"8485414",2026,-0.00171873967056524,4.8050718901988e-05,91.8367346938776,74.7508305647841,-0.157843439133543,0.00359183114715857
"8475791",2026,0.00262390511881321,6.08817823517199e-05,96.1930757075133,10.8108108108108,0.252401503743331,0.000658181430829404
"8478439",2026,-0.000885322524739829,0.000451568112341896,113.527334713259,87.8359264497878,-0.100508306595326,0.0396639035027323
"8480015",2026,0.00101490246500269,-0.000228065404009169,114.526174044774,63.716814159292,0.116232896345368,-0.0145316009634161
"8481035",2026,-0.000218026431019206,-0.000426092009451999,105.164758121056,108.411843876178,-0.022928696882132,-0.0461934204055969
"8481533",2026,0.0005296235830974,2.53120093610389e-05,131.133392562508,12.1008403361345,0.0694513372326734,0.000306296583864673
"8482142",2026,-0.000363364678491644,-9.46627719139861e-05,121.587390937236,30.9012875536481,-0.0441805632165466,-0.00292520153553948
"8484387",2026,0.0026513717517211,0,102.32991612302,0,0.271314648964563,0
"8476461",2026,-0.000336624499633507,0.000968935606563401,90.1565217391304,133.987963256256,-0.0303488940191322,0.129825708449895
"8477948",2026,0.00127137025526314,0.00210917267573495,69.0547723596025,134.070062990386,0.0877941835619657,0.282776913493385
"8480220",2026,-0.000684366110869418,0.00132798420932548,113.062098501071,100.866760733723,-0.0773758686379127,0.133949465500195
"8481553",2026,-0.00121377275787803,0,128.60144758347,7.25806451612903,-0.156092933700495,0
"8482159",2026,-0.000477227540904111,-0.000449034280406187,131.596638655462,91.8694362017804,-0.062801540256793,-0.0412525261761886
"8481806",2026,-0.000262045483443792,0.000323964702967185,10.9867751780265,111.479289940828,-0.00287903481301419,0.0361153550526732
"8482176",2026,-0.000176896572914319,-0.00277439896313795,28.436018957346,86.0508792897388,-0.00503023430088111,-0.23873947027856
"8476875",2026,-1.6755244812904e-05,-0.000395044602474821,29.6954314720812,141.164539846193,-0.000497554224139535,-0.0557662895270802
"8476891",2026,-0.00144289780004794,0.00057448672180688,79.8349664775657,34.5268542199488,-0.115193697497381,0.0198352192951224
"8482146",2026,0.00164678994087877,3.6220221079363e-05,100.923482849604,12.2241086587436,0.16619977635518,0.00044275991811785
"8474716",2026,-0.000912020267266124,-0.00101983607849229,72.4200362100181,129.286508819323,-0.0660485407796831,-0.131851046156257
"8475149",2026,-0.00137622329979909,0.00018131098365105,71.523178807947,81.7177914110429,-0.0984318651511934,0.0148163331425275
"8476994",2026,-0.000998626676753745,0,76.3568309419838,0,-0.0762519683310408,0
"8477451",2026,-0.00165934663764005,0,91.8032786885246,0,-0.152333461816136,0
"8482079",2026,-0.000769623965239924,0.000519405374388882,126.484128907197,143.105590062112,-0.0973452168294743,0.074329812583353
"8476432",2026,-0.00122871733136626,-0.000620511375528999,75.4966887417219,103.771551724138,-0.0927640899177176,-0.0643914283011235
"8477497",2026,0.000182279729212513,-0.0024146653509471,103.439902873331,154.298097760655,0.0188549974855193,-0.372578270379702
"8478007",2026,0.000194665480403391,-9.42758418382232e-05,86.8528056383844,121.215189873418,0.0169072431339785,-0.0114276640688965
"8478460",2026,0.000148926953630972,0.00015153588366808,120.089753178758,69.7435897435898,0.0178846011032078,0.0105686565019789
"8480893",2026,-6.71728505640442e-06,4.86587299736354e-06,127.509986684421,5.60747663551402,-0.000856520928097586,2.72852691440946e-05
"8482660",2026,-0.000876414966109759,-0.000543574276446513,91.0063198833252,72.7272727272727,-0.0797593007563184,-0.0395326746506555
"8475745",2026,-0.000141242038681764,-0.000377833576901293,108.511635171014,185.825481360098,-0.0153264045722458,-0.0702111063016906
"8476923",2026,-0.000890416617952437,0.000500499414345562,69.7199685946087,58.3603520148217,-0.0620798186397616,0.0292093220044191
"8478500",2026,-0.00137322681155241,-8.75496686521536e-05,70.4061895551257,138.410021083964,-0.09668366719634,-0.0121177514840386
"8481716",2026,0.000885555491457034,0,126.682986536108,0,0.112184814401228,0
"8484166",2026,0.0011578689646941,-0.000361217861693879,126.196363636364,22.6731980405878,0.146118852911797,-0.00818996411398298
"8475717",2026,0.00103801313357022,-0.00245972635219511,131.333603567086,116.858638743456,0.136326005381739,-0.287440273198926
"8479365",2026,-6.47446745995801e-05,0,28.125,0,-0.00182094397311319,0
"8483455",2026,-0.00039695293254102,0,56.9920844327177,0,-0.0226231750471927,0
"8475852",2026,-0.000243732736654409,0.000573375690402118,108.451882845188,84.7826086956522,-0.0264332742011811,0.0486122867949622
"8482137",2026,0.000362279653318782,0.000900246247447757,102.706227583958,124.175824175824,0.0372083765227963,0.111788819738018
"8471734",2026,0.00056252900542708,-0.000201747226813261,95.6659285036381,127.467811158798,0.0538148596144096,-0.025716277409244
"8479292",2026,-0.000760596555979607,0.00122316202836716,98.5879332477535,134.554781971418,-0.0749856424893887,0.164582300042661
"8480448",2026,-0.000377869548173851,-0.00258047011436102,17.6904176904177,123.914112440584,-0.00668467013968484,-0.319756663900497
"8481641",2026,0.000222709510546193,0.00192898493620016,23.5294117647059,68.471104608632,0.00524022377755747,0.132079729355036
"8484258",2026,-0.000903857758891192,0.000199790564630319,34.6779048765804,62.5180897250362,-0.0313438933847879,0.0124905244457739
"8477992",2026,0.00268827875350529,-0.0010579609442061,108.495713172253,113.029827315542,0.291666720567371,-0.119581142830203
"8478020",2026,-0.000590794315585944,-8.51618613091328e-05,16.0714285714286,81.3768302080658,-0.00949490864334552,-0.00693020232795615
"8481606",2026,2.33064422239231e-05,0.00065035559291507,74.9649040711277,34.7955390334572,0.00174716520555568,0.0226294734189035
"8482095",2026,-0.000518645930689853,0.000185573177727471,27.4459974587039,85.9416445623342,-0.0142347548956809,0.0159484640805572
"8475287",2026,0.000718589856551725,-0.00226511859138072,72.8323699421965,77.9490732721289,0.0523366022690852,-0.176563895049597
"8480246",2026,-0.000525427986891366,0.00123690221670634,16.7597765363128,114.086515607669,-0.008806055646224,0.141113864051428
"8477480",2026,-0.00195561741230872,0.000369356585876778,103.259452411995,110.374729018272,-0.201935983122361,0.0407676330772635
"8485702",2026,0.00043436200407111,0,101.735250371839,0,0.0441899272361883,0
"8474037",2026,0.000430216084662665,0,137.679671457906,0,0.0592320091922623,0
"8478435",2026,0.00197943287616362,0.00120210491221833,99.6370235934664,108.107070900892,0.197224800183998,0.129956040975498
"8480193",2026,0.0003391017617029,0.00157082016081574,120.443493483758,106.535844279158,0.0408426008259942,0.167348652043228
"8482982",2026,-0.000813615910365304,-0.000871702649210399,109.030617884382,111.39940450872,-0.0887090454276928,-0.0971071560307118
"8479671",2026,-3.29685221161679e-05,0.000691643464888652,10.0840336134454,75.7619738751814,-0.000332455685205054,0.052400274117834
"8482705",2026,-0.00060772955033863,0.000855954340747346,62.3024830699774,67.4157303370786,-0.0378630600210975,0.057704787016675
"8474596",2026,0.00128563636162735,-0.000391321967769228,129.21686746988,101.989619377163,0.166125903354859,-0.0399107785467059
"8480947",2026,0.000216259234752292,0.000154829379160457,103.698197361085,96.0664162878039,0.0224256928065004,0.0148739035920107
"8474574",2026,-6.9343736698368e-06,-0.00157863950154792,36.734693877551,104.64299648849,-0.000254732093994005,-0.165193567817071
"8482661",2026,-0.00248045291335155,0.000724474980790184,113.169073916737,129.292929292929,-0.280710559098069,0.0936694924658016
"8477970",2026,-0.000480528653017675,0.000285439354721965,92.1989991168678,91.4893617021277,-0.0443042608552063,0.0261146643681798
"8480849",2026,0.00027513922028346,4.29748987657638e-05,112.212570260603,42.9850746268657,0.0308740790875052,0.00184727923052835
"8481020",2026,0.000709853687751962,-0.000363702510872871,100.24702447788,92.6916221033868,0.0711607200117844,-0.033712175695881
"8480051",2026,9.2546307567677e-05,0.000212206531900192,127.433628318584,86.0557768924303,0.0117935117608367,0.0182615979643193
"8477947",2026,0.000146553144395785,0,75.6669361358124,0,0.0110892274174984,0
"8475191",2026,-0.000324415877629652,-0.00011680627746283,69.2307692307692,95.7055214723926,-0.0224595607589759,-0.0111790056958292
"8477964",2026,-0.000140596753505177,0.00010356583712497,69.6588868940754,11.25,-0.00979381335009136,0.00116511566765591
"8485402",2026,-0.000206169708892178,0,54.0772532188841,0,-0.0111490915538259,0
"8483548",2026,0.00087832722086085,-0.000559849179230524,115.974440894569,86.4749082007344,0.101863508361817,-0.048412906380216
"8481551",2026,-0.000987832443677339,0.000263008075800347,120.621761658031,105.263157894737,-0.119154089579318,0.0276850606105629
"8484145",2026,-0.000237710747956369,0.000974303304200955,106.907682375726,65.6677524429967,-0.0254131051398158,0.0639803081846621
"8476456",2026,-0.000870410559823642,0.000433899904951361,130.927262631871,59.0909090909091,-0.113960471963584,0.025639539838035
"8476399",2026,-0.000858256638931956,0.00130453825227707,104.5830202855,129.076620825147,-0.0897590714795855,0.168385389341068
"8478366",2026,0.000283819857897419,0.000242903815935703,80.2547770700637,82.9389788293898,0.0227778994236145,0.0201461944474692
"8480208",2026,0.00348127618624305,-1.9878738834567e-05,145.968882602546,14.968814968815,0.508157994936751,-0.00029756116342803
"8474189",2026,-0.000491228635864025,0.000424071330239947,88.0733944954128,91.0216718266254,-0.0432641734338958,0.0385996814521809
"8481546",2026,-0.0011472796675831,0.000341154937233009,84.2476094614997,131.306990881459,-0.09665556937766,0.0447960282324194
"8483450",2026,-0.00148536913245074,0.000183569045822363,69.1607684529828,134.814049586777,-0.102729270636633,0.0247476864460934
"8481568",2026,-0.000251821904844099,-0.000909852166206368,8.72374798061389,119.212925931851,-0.00219683083385805,-0.108466138898894
"8479496",2026,-0.000905762967451414,0.00143283234028883,107.606084867894,102.610966057441,-0.0974656067457727,0.147024310635381
"8481601",2026,-0.00106039516633645,-0.000527065935650934,70.035948403468,127.897495631916,-0.0742657811568267,-0.0674104132026471
"8484471",2026,0.000470965420714078,0.00119610110816202,87.8048780487805,97.897026831037,0.0413530613309922,0.117094742278371
"8481013",2026,-0.00133646928398523,0,68.2975536694958,0,-0.091277582650614,0
"8480043",2026,-0.000664800701727183,0.000353412692744767,55.9948152948801,138.117229129663,-0.0372253925011203,0.04881238186116
"8471817",2026,-0.000305040165160425,0,42.6877470355731,0,-0.0130214774060577,0
"8476624",2026,-0.000374472142822255,-1.48909314816204e-05,23.1065468549422,140.300457217505,-0.00865275811399306,-0.00208920449526588
"8479983",2026,-0.000364451032291929,-0.000740258744581933,14.8606811145511,154.455445544554,-0.00541599057275931,-0.114336994212655
"8480848",2026,-0.000160724319491159,0.000436483421030853,21.8844984802432,163.946869070209,-0.00351737112564238,0.0715600902790621
"8481024",2026,-0.00136321618905948,-0.000381346298367464,81.7105263157895,74.2268041237113,-0.111389112290255,-0.0283061169922241
"8476902",2026,-6.73826929398184e-06,0.000267885006708808,37.465564738292,132.28437110237,-0.000252453064457722,0.0354369996402287
"8470621",2026,0.000372518057235623,0,104.808116453463,0,0.0390429159237689,0
"8479675",2026,-0.00103220500568512,0.000707689344735484,85.6358645928637,92.0476706392199,-0.0883937680989273,0.0651411557190972
"8484149",2026,-0.000742861006067628,-3.33809350659782e-05,68.0786686838124,18.9473684210526,-0.0505729883102016,-0.000632480874934323
"8481529",2026,-0.000645229963288839,0.000759191325836543,118.867924528302,101.324503311258,-0.0766971465796167,0.0769246840086034
"8476422",2026,-0.00051032345103791,-0.000456739406036881,72,75.9305210918114,-0.0367432884747295,-0.0346804611035448
"8480829",2026,-3.97364545292115e-05,0.000103626570278739,56.7674113009198,61.9164619164619,-0.00225573565790005,0.00641619059219712
"8473533",2026,-0.00115535225380494,-0.000952709454611606,192.150706436421,131.179564237415,-0.22200175175153,-0.124976011100816
"8476921",2026,-0.000116485396618985,-0.00120571248447162,10.4549854791868,126.240286909743,-0.00121785313018881,-0.152209489970356
"8478970",2026,-4.49754474047701e-06,-0.000266522093325086,26.7206477732794,106.386045841142,-0.000120177308854851,-0.0283542316381597
"8482911",2026,-0.000105902070333784,-0.00052525525194393,50,81.921618204804,-0.00529510351668919,-0.0430297602098188
"8482100",2026,0.00115088212354862,0.00103968368149831,103.426124197002,74.8051948051948,0.119031277446249,0.0777737403302629
"8476931",2026,0.000382745332560381,0.00030515506827081,51.2118018967334,152.259242355089,0.0196010781479816,0.046462679495729
"8484158",2026,-0.000902513026116597,0,105.268965517241,0,-0.0950066126251292,0
"8476474",2026,0.000368516157474123,0,154.994259471871,0,0.0571178889311213,0
"8484806",2026,0.000141519496743265,-0.000192585412137997,54.6428571428571,86.3309352517986,0.00773302964347125,-0.0166260787457264
"8484911",2026,-0.000331019253873895,0.000352524632349425,67.7647058823529,141.648632697226,-0.0224314223801604,0.0499346321643884
"8480990",2026,3.47696500691873e-05,-6.47756339339993e-05,19.7260273972603,50,0.000685867069857942,-0.00323878169669996
"8483573",2026,-0.000685936192632007,0,111.983032873807,0,-0.0768132152088441,0
"8476871",2026,-0.000629367405815704,-0.000569528691406185,49.3996569468268,89.5800933125972,-0.0310905339408101,-0.0510184333203674
"8483565",2026,-0.000665497264525185,0.0002493673443076,72.2654649733716,73.7830913748933,-0.0480924692594193,0.0183990935509621
"8484241",2026,-1.03878537685197e-06,0,73.9900779588944,0,-7.68598110158365e-05,0
"8474150",2026,-0.000937252800572002,0.00106796592568524,78.093197643278,148.219073152049,-0.0731930681967851,0.158292919663037
"8482445",2026,-0.000904885118531702,0.000751795357869659,80.4644412191582,94.3460325163795,-0.0728110754301852,0.0709289092792341
"8481056",2026,0.000157265294341619,-0.000661694764149355,23.0277185501066,71.4744525547445,0.00362146093579848,-0.047294271025916
"8482111",2026,-0.000242869802308214,-0.000126105287187295,17.6759410801964,27,-0.00429295231575893,-0.00340484275405696
"8478406",2026,0.00049762828444388,2.95803425712781e-06,116.310845431255,92.3313670171839,0.0578795664741729,0.00027311934664427
"8479193",2026,0.00219150230800418,-0.000466668033245583,95.2304609218437,99.7521964406398,0.208697774902522,-0.0465511613248804
"8484829",2026,0.0006757074823045,-0.000595646508306808,57.6769025367156,87.3038516405136,0.0389727146002061,-0.0520022343914075
"8480045",2026,0.0021483920608422,0.00118004629247508,111.735146319834,102.502157031924,0.240050901270573,0.12095729037622
"8482765",2026,-0.000852078043176559,0,99.2066805845512,0,-0.0845318342625263,0
"8477989",2026,0.00122149411958167,-0.000233169307340247,99.289843104872,118.494271685761,0.121281959486787,-0.0276292272527559
"8482783",2026,-0.000978838849473391,0.000199391786848029,94.5590994371482,154.545454545455,-0.0925581201002982,0.030815094331059
"8476897",2026,-0.000373695347043654,0.00103101789167178,61.6016427104723,117.406679764244,-0.0230202472511491,0.121048387438714
"8484164",2026,-0.000238519036708763,0,87.4423123633714,0,-0.0208566561124981,0
"8480748",2026,0.000131539370841431,-0.00076585471486886,93.9432989690722,106.999041227229,0.0123572424411602,-0.081945720210321
"8482122",2026,-0.00191911843934419,0.00039262995742485,69.6324951644101,134.508816120907,-0.133633005447565,0.0528121907468186
"8476463",2026,-0.000115761063686108,0.001113704574893,7.29483282674772,124.612272420769,-0.000844457607436652,0.138781257882823
"8482055",2026,-0.000657061182278696,-0.000644233997548033,63.3315008246289,78.8595271210014,-0.0416126708073149,-0.0508039884019102
"8483395",2026,-0.000357821631365054,-0.000163603256237203,66.2576687116564,79.4117647058823,-0.0237084271088502,-0.0129920232894249
"8484136",2026,-0.000337621763636906,0.000375494439746715,27.6391554702495,72.1109399075501,-0.00933158041530027,0.0270772569801946
"8484240",2026,7.80314406072536e-05,0.000788261081372627,57.3913043478261,62.874251497006,0.00447832615659021,0.0495613254755245
"8478458",2026,0.00148939065487873,0,95.4934398174558,0,0.142227036866343,0
"8477380",2026,-0.00058837086507029,0,77.2027972027972,0,-0.0454238765760559,0
"8479390",2026,0.000460838332420106,-0.00148358642617553,51.1297611362169,116.843872411863,0.0235625538590525,-0.173347983092026
"8479619",2026,0.000572374284135801,0,82.9100301334481,0,0.0474555691453101,0
"8476885",2026,-0.000653762232517864,0.000946931565233335,55.5984555984556,124.886877828054,-0.0363481704565917,0.118259326698824
"8483490",2026,-0.000400533125060831,-0.00088860835996759,59.1876208897486,128.077501252714,-0.0237066027598867,-0.113810738336921
"8482762",2026,0.000289956895943188,4.50910539419711e-05,28.8354898336414,111.768953068592,0.00836104912516401,0.00503977989185352
"8482206",2026,-0.000136727838412334,7.12842799222756e-05,94.7368421052632,178.217821782178,-0.0129531636390632,0.012704129095059
"8480842",2026,-6.81522307005548e-05,-0.000273485381324088,26.4705882352941,118.781725888325,-0.00180402963619116,-0.0324850655989018
"8482758",2026,-0.000732651569649331,0,76.5957446808511,0,-0.0561179925688849,0
"8476892",2026,-0.000133586559234241,2.97462929693341e-05,20.0278164116829,133.307883183814,-0.00267544708341178,0.00396541534830749
"8481598",2026,0.000530319540795006,0.000179940812223924,81.4559763895721,121.008403361345,0.0431976959939267,0.0217743503867605
"8481554",2026,-0.000971121332335981,0,101.794453507341,0,-0.098854765314462,0
"8483500",2026,-0.00105124432441095,0,86.8393047179851,29.0322580645161,-0.0912893262205745,0
"8484221",2026,0.00136132929518517,0,125.435540069686,0,0.170759075354238,0
"8476854",2026,-0.00077002793628262,-0.00207765746885299,96.8099129976272,112.930877256976,-0.0745463375172628,-0.234631680597076
"8481611",2026,1.48180096233749e-05,-0.000163661135480537,94.1176470588235,98.5144644253323,0.00139463619984705,-0.0161229891091068
"8484203",2026,0.00050712629414331,-1.27629620916779e-05,85.3080568720379,33.3333333333333,0.0432619587420833,-0.000425432069722596
"8478013",2026,0.00153076496531812,-0.00074480155602436,80.9190809190809,69.0944881889764,0.123868094096671,-0.0514616823158564
"8480426",2026,-0.000253066201405174,-0.00068127653901012,70.6405035172158,39.7546012269939,-0.0178767238904506,-0.0270838771336538
"8483752",2026,-0.000568268654678771,7.95422782596105e-05,62.7177700348432,28.2722513089005,-0.0356405428021529,0.0022488392806382
"8476312",2026,2.60788899256367e-05,-7.18810225776977e-05,13.6105860113422,99.2623814541623,0.000354948974413203,-0.00713508148242268
"8477527",2026,1.63635041851669e-05,0,6.80529300567108,0,0.000111358440579586,0
"8478424",2026,6.26045095257657e-05,1.10818756547346e-05,37.8151260504202,28.3464566929134,0.00236739741904156,0.000314131908323186
"8482178",2026,0.000179307763495319,6.48441438778386e-05,23.6842105263158,81.2793979303857,0.00424676281962598,0.00527049297370203
"8476899",2026,0.000413028551492928,0.000215852002212144,182.432432432432,168.224299065421,0.075349803312899,0.0363115517740055
"8476467",2026,4.21558920137295e-05,-0.00242751305987233,12.0805369127517,130.923011484475,0.000509265809561833,-0.317817320216377
"8479372",2026,4.21558888882805e-05,0.000674221441322291,21.4285714285714,133.630289532294,0.000903340476177439,0.0900964064127783
"8481789",2026,4.21558861056049e-05,0.000711202621383286,5.30973451327434,130.298507462687,0.000223836563392592,0.0926686400697923
"8483497",2026,0.000185588938170218,0,90.3010033444816,0,0.0167588673264077,0
"8484800",2026,-0.000279794133967085,0,89.5927601809955,0,-0.0250675287445624,0
"8482166",2026,-6.94296421271873e-05,-0.000731163287813637,14.4,108.243243243243,-0.000999786846631497,-0.079143485613341
"8480813",2026,-3.49783723428142e-05,-0.00107238286409589,10.0558659217877,114.905484970561,-0.000351737822441707,-0.123222673073058
"8482447",2026,0.00152752666448487,0.00151774226992604,134.152334152334,107.2,0.204921267520575,0.162701971336071
"8482634",2026,-0.000625224016857353,0.00050179731245752,98.9869753979739,87.032967032967,-0.0618890343748813,0.0436729089523468
"8479992",2026,6.13352405872271e-05,0.00083836878210089,23.0954290296712,140.373679935012,0.00141656369600011,0.117684911086136
"8484160",2026,0.000206528747782527,0,76.0697305863708,0,0.0157105862021573,0
"8476458",2026,-0.00128240107174054,-0.000200119674809072,68.4308609765188,38.7096774193548,-0.0877558094564155,-0.00774656805712537
"8478463",2026,4.27045540625706e-05,-0.000299864772261499,49.8329355608592,91.9831223628692,0.00212809329075531,-0.0275824980392433
"8482475",2026,-0.00150200162279796,0,106.731470230863,0,-0.160310841490367,0
"8481522",2026,0.000289202470266611,-6.29289667964148e-05,20.9912536443149,66.9484361792054,0.00607072240792886,-0.00421299591739311
"8482209",2026,-0.000203376139037665,0.000151106057503085,48.4848484848485,133.333333333333,-0.00986066128667466,0.0201474743337447
"8479402",2026,-0.000112557105896892,-0.00016200432454329,50,85.207100591716,-0.00562785529484461,-0.0138039187776532
"8483890",2026,0.000735924403889138,0,83.1594634873323,0,0.0611990785946556,0
"8476925",2026,0.000541748794892739,-9.90298415785652e-05,58.3629893238434,129.2589763178,0.0316180791325299,-0.0128004959473592
"8478396",2026,-0.000526462080960787,0.00097353699694391,81.4605296991515,88.1864875543263,-0.0428858799815833,0.0858528082646704
"8475831",2026,-0.000883178064786611,1.94254229483208e-06,115.644923982344,115.928247244435,-0.102135060165122,0.000225195523438065
"8482149",2026,-0.000182388430166236,0,102.719572001783,10.3746397694525,-0.0187348614847529,0
"8482691",2026,-0.000137885972720135,-0.00103404535130394,31.3725490196078,104.231625835189,-0.00432583443827873,-0.107780228153729
"8478831",2026,-0.000153353228309994,-4.1282090386723e-05,19.8269079464988,152.18736190897,-0.00304052034100066,-0.00628261243004305
"8475692",2026,0.000363353423166274,7.3516227594992e-05,158.908087701467,6.11205432937182,0.0577397976351344,0.000449335177151055
"8483525",2026,0.000257773200900781,-0.000295436257419546,79.4788273615635,41.4159292035398,0.0204875117328308,-0.0122357671214467
"8482775",2026,0.000598344233118615,-0.000961447225690711,68.9895470383275,104.625460499386,0.0412794976158487,-0.100591858733748
"8480355",2026,-0.00031792904292367,0.000668781584257331,17.1428571428571,136.530462441889,-0.00545021216440577,0.0913090589712724
"8477998",2026,-0.00110779034054465,-0.000544231492159712,93.3810375670841,95.7956359765833,-0.103446611406853,-0.0521350019099245
"8481607",2026,-0.000229158311138175,-0.000278048406599411,57.029702970297,100.943155748152,-0.0130688304173851,-0.0280670836128898
"8481032",2026,-0.000267185964077544,-0.000350523376029335,56.9832402234637,35.5555555555556,-0.0152251219753684,-0.0124630533699319
"8475786",2026,0.00219231218992016,-7.25515721119708e-05,143.27166245175,17.8956089478045,0.314096212063099,-0.00129835456306427
"8478882",2026,0.000541882455942142,-0.000466540149347693,63.3802816901408,112.928277752398,0.0343446627005583,-0.0526855755681817
"8478462",2026,-0.000683592889731764,-0.000803305325536348,90.5660377358491,109.522360815333,-0.061910299447405,-0.0879798957082706
"8479361",2026,0.000434184943265296,0.00190331210914332,96.4022894521668,119.77245302534,0.0418564225764337,0.22796436018493
"8479353",2026,-0.000497941630041856,0.000203804937202109,60.7709750566893,93.1979695431472,-0.0302603983789609,0.0189942063301052
"8478476",2026,0.000117582341078516,0,68.5714285714286,0,0.00806278910252683,0
"8482761",2026,3.84975315952408e-05,0.000374806877904533,92.3076923076923,91.4285714285714,0.00355361830109915,0.0342680574084144
"8480003",2026,-0.000253204921806617,-0.000247585796773458,39.6521739130435,86.8906767628963,-0.0100401255951145,-0.0215128974385267
"8479442",2026,3.02163970015657e-06,-0.000430791639809569,24.3654822335025,130.969376007368,7.3623708430211e-05,-0.0564205122550502
"8477426",2026,-0.000584210177250228,-0.00052718237732201,120.246659815005,75.0710900473934,-0.070249322444272,-0.0395761557193395
"8473994",2026,4.36090479647466e-05,0,85.1762433606953,0,0.00371445488217349,0
"8482666",2026,-0.000238206419713939,0,117.277486910995,0,-0.0279362502701164,0
"8479370",2026,9.74255383796528e-05,-0.00154624874681395,6.84410646387833,87.9023307436182,0.000666790756971007,-0.135918868754345
"8479980",2026,9.74257930009815e-05,-0.0012427042189588,4.86486486486486,75.2459016393443,0.000473963317302072,-0.0935083994265722
"8479394",2026,0.00210384157761652,0.000315124145081721,115.968870062063,101.702923516094,0.243980130545775,0.0320490468253209
"8475188",2026,-0.000354650306799149,0.00127491403800045,22.4,119.396051103368,-0.00794416687230095,0.152219701633503
"8475208",2026,-9.70639538976752e-05,0.00154924170685502,28.8461538461538,67.4537987679671,-0.00279992174704832,0.10450223833714
"8482126",2026,-0.000328914962475931,0.000230352487276048,73.9495798319328,54.5454545454545,-0.024323123275531,0.012564681124148
"8478024",2026,0.000842088554583178,0.00254088670118752,95.5948950185261,105.672037077908,0.0804993669716813,0.268500673698651
"8478474",2026,0.000557789618707186,0.000892637665654071,84.4070111541088,143.568215892054,0.0470813545678635,0.128154397096003
"8484388",2026,-0.000311828858670687,-0.000281999473739212,115.295416896742,138.461538461538,-0.0359524382608722,-0.0390460809792754
"8483746",2026,-5.79431541736156e-05,-0.000204625393397531,35.2941176470588,46.1538461538462,-0.00204505250024526,-0.00944424892603989
"8483630",2026,-9.05535887653895e-06,2.34032053065028e-05,86.1415752741775,21.6867469879518,-0.000780042878298071,0.000507539392189217
"8481006",2026,0.000171251867312934,-0.00100535567501283,22.5,90.59955588453,0.00385316701454101,-0.0910847776621539
"8475763",2026,6.70325994383784e-05,5.12831585335626e-05,49.5791889824024,30,0.00332342191553705,0.00153849475600688
"8483710",2026,-0.000722103240388396,0.000246380682211295,109.090909090909,125.231910946197,-0.0787748989514614,0.0308547236535481
"8478233",2026,-0.000149528549418408,-0.000371328005410092,46.4183381088825,110.679611650485,-0.00694086676383441,-0.0410984394337383
"8479998",2026,5.69013069156499e-05,-0.00115404202488335,40.5506883604506,110.210364289379,0.00230738716403887,-0.127187391967647
"8482148",2026,0.0004000648683309,0,53.5537190082645,0,0.0214249615436713,0
"8480074",2026,-8.437517533372e-05,-0.000515874639121606,66.1417322834646,42.2976501305483,-0.00558072025829329,-0.0218202849967886
"8476981",2026,-0.000442705735645899,-0.00048134071043774,20.7642393655371,123.270081324012,-0.00919244786344765,-0.059334908520218
"8478133",2026,-0.000310784663167367,-0.000654207088637935,13.353115727003,138.157384675023,-0.00414994357345148,-0.0903835404020778
"8483676",2026,0.000404859148701553,0,113.170731707317,0,0.0458182060969562,0
"8482090",2026,-0.000397696383180257,-0.00283097317182361,36.144578313253,137.837837837838,-0.0143745680667563,-0.390215220981092
"8482482",2026,-0.000168044551065757,-0.000251265573997613,5.93080724876442,61.6071428571429,-0.000996639841576156,-0.015479754112353
"8484197",2026,-0.000961321413017643,-0.000338812904262304,70.7368421052632,42.1052631578947,-0.0680008410050375,-0.0142658064952549
"8484268",2026,0.000108325988366101,-0.000274692066330216,92.4232936756418,85.9416445623342,0.0100118446354643,-0.0236074879286445
"8477969",2026,-0.000278732206604442,-0.00217877649067365,10.4196816208394,117.833642652269,-0.0029043008502923,-0.256733170421205
"8482858",2026,0.000159290894693955,-0.000488513346650518,54.0540540540541,75.8667573079538,0.0086103186321057,-0.0370619235120311
"8476867",2026,3.66842317514042e-05,0.000119296181271602,76.5957446808511,109.213483146067,0.00280985604904372,0.0130287514826964
"8483432",2026,3.66843909916997e-05,0,71.523178807947,0,0.00262378425635998,0
"8483485",2026,0.000112491753154103,6.57521821660671e-05,94.2716857610475,132.307692307692,0.0106047872040529,0.00869951948658734
"8477507",2026,-0.000180869698152816,0.00124312517089717,13.7667304015296,109.660047122181,-0.00248998437227586,0.136321164819353
"8483489",2026,-0.000261839100613782,-0.000520559813481222,77.377753895755,85.4524089306698,-0.0202605214875791,-0.0444830900544706
"8476457",2026,-6.7254176614024e-05,0.00116656365459643,21.2765957446809,152.723671178607,-0.00143093992795796,0.1781618839935
"8476441",2026,0.000225623273295746,-0.000858866612272854,22.3140495867769,120.47952047952,0.00503456890825217,-0.103475837602504
"8476826",2026,-0.000139890725684857,-0.000189306760406454,27,79.9736712193516,-0.00377704959349115,-0.0151395566163464
"8476419",2026,-0.000365379082450667,-0.00190286759373775,31.0187531677648,147.927507626054,-0.0113336035712016,-0.281486460484013
"8475231",2026,6.41210311214681e-05,-0.000269331938935825,21.7741935483871,124.252953439889,0.001396183742161,-0.033465288868468
"8481237",2026,6.41186046338884e-05,-0.000173913398468845,34.7826086956522,74.7169811320755,0.00223021233509177,-0.0129942841120118
"8483553",2026,6.41162762013409e-05,0,38.1625441696113,0,0.00244684022252467,0
"8484170",2026,0.000528252868417213,-0.000205722289473286,94.6223564954683,108.824963432472,0.0499845312351272,-0.0223877206291748
"8478851",2026,-0.000131628129872595,-0.00169010887872793,15.4838709677419,147.759507970378,-0.00203811297867245,-0.249729656337206
"8477952",2026,2.29156647353318e-05,0,23.7623762376238,0,0.000544530647176201,0
"8481070",2026,-9.33407875330091e-06,0,28.5714285714286,0,-0.000266687964380026,0
"8482733",2026,-0.000263089705994041,-0.00106224460750012,41.522491349481,92.3744127213589,-0.0109241400412751,-0.0981242217842539
"8483463",2026,-9.33272707546747e-06,0,25.7142857142857,128.571428571429,-0.000239984410512021,0
"8481535",2026,-0.000442816525089064,0,42.2700587084149,0,-0.018717880512571,0
"8477015",2026,0.00100242777739401,0.00080703310546852,135.262757044935,104.863709246392,0.13559114490874,0.0846284849240639
"8483460",2026,0.000144038409321984,-0.00053080089007061,77.0053475935829,151.181102362205,0.0110917277766662,-0.0802470636957143
"8477406",2026,-0.000135323877877984,-0.000907480306589769,9.86301369863014,141.211519364449,-0.00133470126126231,-0.128146672886857
"8482088",2026,-0.000671013134089843,0.000200475760283714,93.351724137931,66.1417322834646,-0.0626402329864835,0.0132598140660094
"8484185",2026,-0.0005209645952874,0,64.7191011235955,0,-0.0337163603242182,0
"8478421",2026,0.000220345346918366,-0.000702934616173987,39.2584514721919,116.178343949045,0.00865041710911796,-0.0816657796115511
"8480021",2026,-3.68409057725131e-05,0.000162196019635726,12.4137931034483,66.6666666666667,-0.00045733538200361,0.0108130679757151
"8484304",2026,7.51295996569261e-05,0.00113982837123506,133.194372068786,74.1935483870968,0.0100068398500835,0.0845679114142142
"8477996",2026,-9.09372676641493e-05,0,33.6448598130841,0,-0.00305957162234521,0
"8478399",2026,-0.000195307157540043,0.000759801685924673,11.9800332778702,97.4885346145446,-0.00233978624673595,0.0740719529584569
"8483703",2026,-0.000116451747696801,0.00072436544328572,25.7142857142857,108.771929824561,-0.00299447351220345,0.0787906271644116
"8478508",2026,0.000246286977801166,0.000147579506318089,27.6126558005753,93.1034482758621,0.0068006375461875,0.0137401609330635
"8480259",2026,0.000180063083856828,7.95615749837975e-05,70.5882352941177,74.6113989637306,0.0127103353310702,0.00593620041329888
"8482094",2026,0.000242475005799706,-0.00123723114460731,40.4494382022472,121.272613849033,0.00980797776268476,-0.150042254841959
"8474567",2026,-2.16304083464933e-05,0.000658704253769384,37.3056994818653,122.198275862069,-0.000806937513444308,0.0804925241136295
"8475752",2026,-2.1630502837883e-05,0,49.6551724137931,81.8181818181818,-0.00107406634781212,0
"8477979",2026,-2.16305979941796e-05,0,45.5696202531646,0,-0.000985698136443627,0
"8483424",2026,0.000122873406838169,0,306.382978723404,0,0.0376463203929708,0
"8477919",2026,0.000878342712618281,0.000186025609415827,50.4672897196262,148.78105409798,0.0443275761508291,0.0276770862581058
"8481532",2026,4.14831083447587e-06,0,90.2147971360382,0,0.00037423902038947,0
"8476374",2026,-0.000268562750286452,0.0010090434157277,15.5395683453237,132.228291580335,-0.00417334921308443,0.133424086992059
"8479661",2026,-0.000268562711436619,-0.000283485048006891,16.0177975528365,90.1155327342747,-0.00430178314203261,-0.0255464061233424
"8481599",2026,-0.000126314224466172,-0.000180583197891598,144,29.0322580645161,-0.0181892483231287,-0.00524273800330446
"8481593",2026,-9.67546364025232e-05,-0.000160812498620415,26.0869565217391,37.5782881002088,-0.0025240339931093,-0.00604305840327236
"8475220",2026,5.74876975550809e-05,0.00128215561023908,32.9896907216495,121.681780708986,0.00189650136264184,0.156014977799907
"8484994",2026,0.000916975912242504,0,71.6285924834193,0,0.0656816939351299,0
"8481077",2026,6.60622722241441e-05,0,82.2857142857143,0,0.005435981257301,0
"8478507",2026,-7.62355671979232e-05,-0.000961109480897231,7.95287187039764,80.7713702948266,-0.000606291697892173,-0.0776301297754189
"8479369",2026,-0.000310169398278183,0.000612576090554385,9.20716112531969,89.1990926539871,-0.00285577962609068,0.0546412314589777
"8479944",2026,-9.33480220450116e-05,0.000198143501340705,104.347826086957,171.428571428571,-0.00974066316991426,0.0339674573726922
"8480806",2026,-0.000209182957004484,-0.000670012667358384,27.4390243902439,98.3830562514234,-0.00573977625926937,-0.0659178939418861
"8478840",2026,-1.0909051241118e-05,0.00175043145486921,5.55555555555556,124.57403829264,-6.06058402284333e-05,0.218058315087519
"8484210",2026,0.000825854680729623,0,89.3002591632729,0,0.0737490370203573,0
"8476429",2026,0.000221593928097913,-7.39763136421747e-05,42.8571428571429,82.699735718642,0.0094968826327677,-0.00611782158764722
"8480871",2026,0.000336572183130104,0,69.3790149892934,0,0.0233510465383627,0
"8484142",2026,-0.00025571504367248,0,79.305740987984,0,-0.0202796710202207,0
"8484958",2026,-0.000200024030383275,0,23.6065573770492,0,-0.00472187875003142,0
"8475462",2026,-1.09679390266131e-05,0.000748633874504171,26.4705882352941,84.2167604382588,-0.000290327797763289,0.0630475196650833
"8482245",2026,-0.000274879046721964,0.000408867828817451,11.0974106041924,118.687247115241,-0.00305044564796261,0.0485273970363287
"8478971",2026,0.000763036420931513,7.79407059058297e-05,113.833992094862,118.380642159144,0.0868594819084094,0.00922667081546909
"8477018",2026,0.000521010619035219,0,48.7309644670051,0,0.0253893499631376,0
"8479371",2026,-0.00046787736427248,0.000313002872663234,76.2352941176471,99.896458894181,-0.035668768476302,0.0312678786027633
"8475690",2026,-3.20358686040962e-05,1.29480868174125e-05,64.2857142857143,130.569948186529,-0.00205944869597761,0.00169063102486422
"8478057",2026,0.000773150071872704,9.83629255353437e-05,65.2671755725191,73.6196319018405,0.0504613214848215,0.00724144237070015
"8477845",2026,0.000394420695540174,0.00120991122620273,47.1204188481675,106.699147381242,0.0185852683762386,0.129096496242824
"8478911",2026,0.000806627372530906,0.00124936920229699,32.6283987915408,128.006799830004,0.0263189595871111,0.159927753392202
"8479520",2026,0.000394421258402644,-0.000151695879554892,48.9320388349515,141.011047874121,0.0192998363334886,-0.0213907949342218
"8477446",2026,-0.000229540622155991,-0.00348186256718312,21.0526315789474,138.566037735849,-0.00483243415065245,-0.482467899875337
"8476473",2026,-5.8750049744473e-05,-0.00177380857732818,4.5859872611465,129.470005824112,-0.000269426979719876,-0.229655006837539
"8481617",2026,-0.000975446655375596,-0.000930385462587775,95.8762886597938,91.3457181694608,-0.093522205103021,-0.0849867282545063
"8484150",2026,-0.000718409040000703,5.31712612228244e-05,68.8695652173913,43.5703479576399,-0.0494765182330919,0.00231669035282503
"8481527",2026,-0.000127131386272511,-0.000417016504380468,11.6129032258065,45.9248759744862,-0.00147636448574529,-0.0191514312429868
"8482125",2026,0.000370757063786898,0.000145094564028135,57.1428571428571,104.854368932039,0.0211861179306799,0.0152137989466394
"8476438",2026,1.43492325592041e-05,0.000707175553471814,6.36042402826855,118.950437317784,9.1267203556775e-05,0.0841188413459184
"8479985",2026,6.26516882684549e-05,-0.00114675854951703,102.857142857143,109.345794392523,0.00644417365046965,-0.125393224573357
"8477831",2026,-0.000177538564329,4.76455983528698e-05,110.043668122271,153.658536585366,-0.0195369948519249,0.00732115291763609
"8482062",2026,-0.000130529658882862,0.000210639421160712,12.2587968217934,123.092170465808,-0.00160013656746301,0.0259280635363334
"8483487",2026,-0.000210452680622037,0.00040778451565125,38.7096774193548,43.1137724550898,-0.00814655537891756,0.017581128818497
"8479398",2026,-0.000125192497620489,0.000111132575878841,30.9963099630996,78.3489681050657,-0.00388050546129929,0.00870712264296513
"8482861",2026,2.05081076597436e-05,0.000661275281811409,18.4615384615385,92.6470588235294,0.000378611218333729,0.0612652099325276
"8477405",2026,-0.000274641600161391,5.47294791340572e-05,142.105263157895,166.153846153846,-0.0390280168650398,0.00909351345612028
"8477021",2026,0.000204235563529155,3.04814368070104e-05,55.5489614243323,81.8979525511862,0.0113450734399578,0.00249636726531252
"8477070",2026,3.89734135482187e-05,0,24.3243243243243,0,0.000948001951172887,0
"8480084",2026,3.89737601391771e-05,0,106.930693069307,0,0.00416749118319913,0
"8477484",2026,0.000706661733907788,-0.000336370120515332,115.841584158416,69.9646643109541,0.0818608147200111,-0.0235340225660903
"8475324",2026,-0.000181358233997519,0.00105132828616903,18.75,66.7029972752044,-0.00340046688745347,0.0701267478076783
"8476967",2026,-0.000112752638676583,-0.00128629683613305,24.9258160237389,80.767354901642,-0.00281045152784362,-0.103890793072817
"8483733",2026,-0.000170840878829061,0,30.8747855917667,15.1898734177215,-0.00527467550415626,0
"8483499",2026,0.000167049809627766,0.000130985982098794,48.1132075471698,78.9382573571841,0.0080373021613359,0.0103398051650981
"8476873",2026,-6.2212197314348e-05,-9.2268651855255e-05,55.1301684532925,82.6003824091778,-0.00342976891778948,-0.00762142592762336
"8480835",2026,0.00013239336009409,-0.00204161787679563,18.2370820668693,116.871618298082,0.0024144685731445,-0.238607185207399
"8483406",2026,-0.000200080090056338,0,92.6879505664264,0,-0.018545013496468,0
"8482751",2026,-9.57761870398751e-05,0.000171585006345221,10.7302533532042,158.892254435309,-0.00102770275214173,0.027263528485489
"8483570",2026,-0.000272671827396669,-0.000372700070399437,14.2105263157895,134.21926910299,-0.00387481017879476,-0.0500235310436453
"8480192",2026,2.87203609929425e-06,-0.000542295181149246,9.27835051546392,106.605922551253,2.66477576223178e-05,-0.0578118780815141
"8479378",2026,-8.3917733459087e-05,-0.000371247690096655,21.0526315789474,74.6543778801843,-0.00176668912545446,-0.0277152653436213
"8476278",2026,-2.08806093707545e-05,0.000937605387648929,8.61244019138756,110.21897810219,-0.00017983299936535,0.103341907689772
"8476889",2026,-2.08804855288105e-05,0.00100893215843924,9.42408376963351,133.68700265252,-0.00019677944477413,0.13488111614148
"8480950",2026,-2.08803617135214e-05,0.000653603600447449,16.0714285714286,83.8137472283814,-0.000335577241824452,0.0547809669554625
"8478416",2026,-3.61425992252545e-05,-6.35139435990001e-05,12.3147092360319,151.086493395824,-0.000445085600493442,-0.00959609902011309
"8473503",2026,-0.000161830872059959,-0.000482301191269539,96.1011591148577,97.5333602911444,-0.0155521343855303,-0.0470404558569401
"8475760",2026,-8.36669444551726e-05,-0.0003224124349453,7.42268041237113,76.2352941176471,-0.000621032989770353,-0.0245792068052417
"8477573",2026,-8.36671080353103e-05,7.51567221453436e-06,14.2292490118577,94.9450549450549,-0.00119052011433643,0.000713575911357988
"8480281",2026,-8.36672701803977e-05,-0.00134744286820677,6.94980694980695,119.771863117871,-0.000581471375771104,-0.161385742770013
"8484230",2026,-1.91103885988404e-05,0.000335098465191522,29.1497975708502,74.785100286533,-0.000557063959156481,0.0250603723252112
"8479314",2026,0.00235395323211619,0.000264796235643006,174.590895566796,73.6462093862816,0.410978802917519,0.019501239014864
"8476872",2026,-0.0001773991078576,-0.00110072770886487,76.7441860465116,157.337192474674,-0.0136143501379088,-0.173185407391879
"8476979",2026,-0.000141227467888768,0,51.063829787234,0,-0.00721161538155412,0
"8481525",2026,-0.000307760899467334,-0.00235159936056592,16.7441860465116,111.478910838227,-0.0051532057585228,-0.262153735443761
"8482747",2026,-2.79360846484009e-05,0,34.2857142857143,0,-0.000957808616516602,0
"8478854",2026,-0.00032465028703644,0.00102397290875046,16.6887417218543,115.187260395164,-0.00541800479027702,0.117948634077832
"8480860",2026,-0.000398148254451229,0.000782876451513374,21.4158239143367,126.542324246772,-0.00852667290912804,0.0990670057725676
"8482165",2026,-0.000173025748081237,-0.000212712995894507,6.83111954459203,69.9417152373022,-0.0011819595694354,-0.014877511786127
"8483532",2026,0.000251276317129558,0.000814499987569003,127.639000805802,124.966622162884,0.0320726580445785,0.101785312198209
"8476958",2026,3.38854926896771e-05,-0.000477932531874473,22.8813559322034,102.758730664966,0.000775346019170577,-0.0491117403189141
"8477478",2026,4.09991393545409e-05,0.000111543611041936,14.5454545454545,20.8092485549133,0.000596351117884231,0.00232113872688421
"8480796",2026,-3.27594460740409e-05,-0.00045940765791031,7.47663551401869,155.784998481628,-0.000244930437936754,-0.0715688212900058
"8484177",2026,0.000426083528029225,0,54.9338758901322,0,0.0234064196475872,0
"8483505",2026,-3.47149038601086e-05,0,91.7197452229299,NA,-0.00318404213748767,NA
"8481624",2026,-9.32717268353743e-05,0.000211249995132115,3.40264650283554,100.176118351532,-0.000317370715129818,0.0211622045141154
"8482087",2026,0.000282517484208768,-0.000276784973369889,5.57275541795666,98.5507246376812,0.0015744008407919,-0.0272773596944239
"8480878",2026,-4.58195059548051e-05,0.000177513805320026,22.1948212083847,11.2970711297071,-0.00101695574252342,0.00200538608520531
"8479324",2026,3.15413712360709e-05,0.00157994858669103,8.85608856088561,141.617423602904,0.000279333176998414,0.223748248272233
"8479359",2026,-5.12703173149879e-05,-0.000299125612163884,4.19091967403958,110.425745893396,-0.000214869781529635,-0.0330311688390155
"8480995",2026,-0.000407183181341263,0.000724360758143876,30.0500834724541,67.5844806007509,-0.0122358885878844,0.04895554560672
"8474151",2026,-5.26684020434075e-05,0.000776301639968414,26.7161410018553,142.265713210388,-0.00140709645533408,0.1104411064765
"8481133",2026,-2.80341945643041e-05,-2.4128315640032e-05,11.0429447852761,83.9650145772595,-0.000309580062673297,-0.00202593437444
"8485251",2026,-2.80341329164611e-05,4.0128137390913e-05,38.2978723404255,152.112676056338,-0.00107364764360915,0.00610399836368817
"8476392",2026,0.000304157194776074,2.73728993507891e-07,14.8453608247423,124.9401627573,0.00451532330389223,3.41997450002678e-05
"8477938",2026,0.00063344825527386,-0.000366306129786484,57.2727272727273,98.7681970884658,0.0362793091656847,-0.0361793960214646
"8479705",2026,0.000456374914385287,0.000186241398957029,44.9489216799092,20.9302325581395,0.0205135602833795,0.00389807579212386
"8481618",2026,-0.000472953857364509,-0.00118252145510253,57.7307110438729,117.368109069354,-0.0273039624765955,-0.138790307119324
"8482715",2026,0.000536794166274412,0,80.1369863013699,26.2773722627737,0.0430170667493878,0
"8482742",2026,0.000570251224949226,-0.000406056196208357,71.6417910447761,90.1918976545842,0.0408538191008401,-0.0366229788904339
"8481572",2026,-6.72119604995982e-06,0,140.625,0,-0.000945168194525599,0
"8481028",2026,-0.00015976475355233,0.000147309914464545,19.8895027624309,19.1489361702128,-0.00317764150711817,0.00282082814932108
"8483675",2026,-7.550298496236e-05,0,102.857142857143,0,-0.00776602131041417,0
"8477369",2026,-0.000159742060514265,0.00128724609220175,5.34124629080119,96.5171636181408,-0.000853221688206757,0.124241341697849
"8475179",2026,-7.10906225677592e-05,0.000206572884887311,11.8032786885246,89.5431472081218,-0.000839102430307977,0.0184971862406709
"8483731",2026,0.000976795674475345,0,79.3076317859953,0,0.0774673516814436,0
"8480727",2026,-0.000171472345429084,0.000452026553754011,5.17241379310345,107.292707292707,-0.000886925924633194,0.0484991527204603
"8481725",2026,-0.00019680553697894,-0.000350408877396374,36.734693877551,167.441860465116,-0.0072295911543284,-0.0586731143547417
"8475279",2026,5.84111291505379e-05,0.00173845687707985,2.92445166531275,144.688995215311,0.000170820523917089,0.251535578769831
"8477499",2026,0.00255071142610218,0.000255195217207438,71.2871287128713,91.2192674360261,0.181832893741938,0.02327872076684
"8482123",2026,-0.000398901498729262,-0.000130185326209634,97.2972972972973,64.8648648648649,-0.0388120377141985,-0.00844445359197627
"8483471",2026,-0.000890144034939056,0,85.6236786469345,0,-0.0762174067971074,0
"8482859",2026,-0.000193241437787081,0.000411055210134067,14.3141153081511,139.722089123143,-0.00276608022279719,0.0574334927048844
"8480870",2026,-7.26191271298257e-05,0.000731491715508739,65.625,146.075814201815,-0.00476563021789481,0.106853247924822
"8475714",2026,-0.000498179754217737,-0.000700428956659767,47.1615720524017,139.130434782609,-0.0234949403735876,-0.0974509852744024
"8478443",2026,-2.18356387058481e-05,0.00110752024130173,11.3924050632911,139.644423920573,-0.0002487604409527,0.154659026076953
"8482107",2026,-1.29481812318429e-05,-0.000332055259447896,98.4542211652794,87.19723183391,-0.00127480309868798,-0.0289542994397473
"8483510",2026,-0.000430574107689748,0.000663162243070639,73.6462093862816,73.7560975609756,-0.0317101508912306,0.0489122590986735
"8476879",2026,-6.61020064238543e-05,0.000451442207783979,5.9504132231405,111.748526522593,-0.00039333425310062,0.050448001529966
"8477953",2026,-0.000445118122848499,0.000350919509523096,35.2313167259786,104.411764705882,-0.0156820975665485,0.0366401252590291
"8476316",2026,-6.09743327836935e-05,-0.00122676152434838,39.344262295082,105.494505494505,-0.00239899014230925,-0.129416600370818
"8479026",2026,-8.49713305909384e-05,-0.00023214450260919,52.9411764705882,75.1304347826087,-0.00449848220775556,-0.0174411174134209
"8477450",2026,-1.18582618842945e-06,0.00030633703838407,6.82464454976303,106.689910655916,-8.09284223383128e-06,0.0326830712557944
"8484873",2026,-0.00063981703770461,9.7415010694724e-05,117.209302325581,20.3389830508475,-0.0749925086053776,0.00198132225141812
"8482117",2026,-6.80263168786285e-05,0,75.7894736842105,0,-0.00515567875290658,0
"8480068",2026,-0.00039230387162743,0.000760943385436332,63.4920634920635,133.733797028138,-0.0249081823255511,0.101763848257846
"8482655",2026,-7.78171512258919e-05,0.00143169049895903,9.39947780678851,103.77384765353,-0.000731440585935276,0.148572031725981
"8482193",2026,0.000237526013067079,0.000475518140001548,138.019169329073,115.569823434992,0.032783143017565,0.0549555474801147
"8480762",2026,0.000126094486510509,9.60552477084616e-05,8.47058823529412,75.0617283950617,0.00106809447397137,0.00721007291441292
"8484759",2026,0.000344485443265437,0,129.341317365269,0,0.0445562010451104,0
"8485391",2026,-0.000280252994476603,0,146.651785714286,0,-0.0410996020917697,0
"8478569",2026,0.000384043102235289,0.00240397900874883,21.2014134275618,151.740614334471,0.00814225658449377,0.36478125163472
"8479316",2026,-8.98676535649895e-05,0.000708565059423354,7.08661417322835,135.740839086564,-0.00063685738746843,0.0961812157135472
"8479543",2026,-4.69468428228131e-05,0,40.9090909090909,0,-0.00192055266093326,0
"8484901",2026,-4.69468815613244e-05,-0.000459418066088725,20.4545454545455,118.526785714286,-0.000960277122845271,-0.0544533466725698
"8477903",2026,0.00108729512082057,0.000757616651948085,27.906976744186,109.125717932355,0.0303431196508066,0.0826754610613417
"8479393",2026,0.00019972592141555,-5.4932592236231e-05,40.7239819004525,76.5957446808511,0.00813363480877807,-0.00420760280958365
"8481219",2026,-0.000134482050953262,-7.28639628938242e-05,26.6666666666667,90.4784920251329,-0.00358618802542031,-0.00659262148560845
"8481575",2026,-0.000389126979833712,-0.000532504368274903,81.2903225806452,243.243243243243,-0.0316322577155146,-0.129528089580382
"8478450",2026,-0.00028782469400869,0.00173067166288792,7.88608981380066,135.861091424522,-0.00226981138758222,0.235130941017445
"8480980",2026,-0.00014530237296985,0.00290451046671898,3.87931034482759,142.385549672999,-0.000563672998589934,0.413560319334761
"8485406",2026,-6.78788825078458e-05,0,109.411764705882,0,-0.00742674832144666,0
"8477425",2026,-5.98080659736631e-05,0.00100124544030112,42.3529411764706,85.666851134477,-0.00253304750006103,0.0857735440833499
"8482877",2026,0.000231384177744579,0,23.9202657807309,0,0.00553477102910622,0
"8483669",2026,2.86352062412738e-05,0,13.6882129277567,0,0.000391964800260781,0
"8484169",2026,2.86352414397825e-05,7.9041526714036e-05,26.4705882352941,37.1134020618557,0.000757991685170714,0.00293349996052092
"8482929",2026,-9.68621762760386e-05,0.00118509504339808,29.9168975069252,96.2162162162162,-0.00289781579994797,0.114025360932355
"8484999",2026,-0.000109301695276049,0,177.514792899408,0,-0.0194026678004821,0
"8481592",2026,-6.31467674994551e-05,0,23.841059602649,NA,-0.00150548584766913,NA
"8482515",2026,-0.000241047927488789,-0.00132268740375232,97.2972972972973,98.4375,-0.023453311863774,-0.130202041306869
"8484234",2026,-0.00010839419135077,0,47.787610619469,NA,-0.00517989940968281,NA
"8481655",2026,-0.000112905877353788,0.000254150685642475,34.9514563106796,95.5414012738854,-0.00394622483954988,0.0242819126410008
"8484380",2026,-0.000112905486564007,0,145.945945945946,0,-0.0164780980390713,0
"8476331",2026,-6.36578624822864e-05,0.00075272437820582,8.25057295645531,134.642071416483,-0.000525213838662103,0.101348369487316
"8483668",2026,-4.95931775949723e-05,-0.000316631655069779,55.1020408163265,115.596330275229,-0.0027326852960495,-0.0366014573750386
"8476927",2026,4.27443689929614e-05,0.000369671494935191,17.5895765472313,113.663581927055,0.000751855350364793,0.042018186250663
"8476393",2026,-9.5609996136736e-05,0,2.95809367296631,0,-0.000282823324644412,0
"8482076",2026,-0.000214146022091108,-0.00013843293814529,135,116.129032258065,-0.0289097129822995,-0.016076083139453
"8476874",2026,-7.27400579995908e-05,-0.00115528526554035,8.55106888361045,98.0988593155894,-0.00062200524655232,-0.113332166733616
"8483452",2026,4.07806238175295e-05,0,37.6306620209059,0,0.00153460187187916,0
"8484152",2026,-0.000130376767891193,0,42.8571428571429,NA,-0.00558757576676539,NA
"8477508",2026,-2.27167858398087e-05,-0.00199515448983936,66.0550458715596,226.008968609865,-0.00150055833070296,-0.450922808465936
"8476525",2026,0.000676292985141722,-4.89217660470145e-06,52.9411764705882,16.3636363636364,0.0358037462722088,-8.00537989860238e-05
"8486169",2026,-0.000177394786607897,0,200,NA,-0.0354789573215795,NA
"8476822",2026,0.000200898478139449,0.00010946447734607,12.6315789473684,157.391963608795,0.00253766498702462,0.0172288290349083
"8481477",2026,-0.000140511537618083,-0.000793181087742939,10.8761329305136,118.75,-0.00152822216140514,-0.094190254169474
"8482964",2026,-4.06960701211332e-05,-0.000672702376948611,17.3076923076923,63.1578947368421,-0.000704355059788845,-0.0424864659125439
"8484305",2026,-7.76956217900487e-05,0.000791339223710274,18.1818181818182,90,-0.00141264766890998,0.0712205301339247
"8484148",2026,-5.05756173921341e-06,6.00516513907939e-05,75.7894736842105,118.421052631579,-0.000383309942340385,0.00711137976996244
"8482807",2026,0,0.000436975354897562,0,62.9508196721312,0,0.027507956767322
"8481481",2026,0,0.000243950094927695,0,111.266201395813,0,0.0271434003927525
"8475343",2026,0,0.000272528702451022,2.4776324845148,150.208623087622,0,0.0409361611470241
"8477810",2026,0,0.00108342948827556,0,91.3451511991658,0,0.0989660304201661
"8477993",2026,0,8.52250293828091e-06,0,68.4898929845422,0,0.000583705314203306
"8480834",2026,0,0.000329915439582143,0,111.458665815512,0,0.036771934727764
"8480831",2026,0,-0.000774777630924681,0,104.615384615385,0,-0.081053659850582
"8480807",2026,0,-0.00133481163305184,3.49854227405248,143.89690967665,0,-0.192075268996602
"8475842",2026,0,4.62806548675194e-05,0,129.744525547445,0,0.00600466160781137
"8478891",2026,0,0.000975984921610333,0,129.312638580931,0,0.126207185428635
"8474612",2026,0,0.000380291240946873,0,142.024013722127,0,0.0540104884226434
"8484321",2026,0,0.000213954812323628,0,113.728963684677,0,0.0243328590809157
"8476372",2026,0,0.000943514175580167,6.3943161634103,94.4666286366229,0,0.0891306032379211
"8478454",2026,0,-0.000988612378935524,0,89.9357601713062,0,-0.0889116058143298
"8479022",2026,0,-0.000327132281562751,0,106.983655274889,0,-0.0349978072399971
"8480874",2026,0,-0.000161351739785523,0,150.627615062762,0,-0.0243040277501206
"8478452",2026,0,-0.000126930782113055,0,95.0146627565982,0,-0.0120602854559032
"8477488",2026,0,-0.000931079402404143,0,139.751552795031,0,-0.130119792261449
"8478136",2026,0,0.00252703541129171,6.3716814159292,138.741164591047,0,0.350603835925427
"8475790",2026,0,-0.00306581355481696,0,148.69771112865,0,-0.455879458348473
"8483425",2026,0,-0.000652365605228157,0,41.1642411642412,0,-0.026854135100868
"8474568",2026,0,0.00026764365329336,0,86.9637650978759,0,0.0232752997949411
"8480289",2026,0,0.000407506272677368,0,174.976481655691,0,0.0713040138457107
"8474013",2026,0,0.000234692913278558,0,139.285714285714,0,0.0326893700637991
"8481167",2026,0,0.000508799108062369,0,94.3716268311488,0,0.0480161995580832
"8475762",2026,0,-0.000129600475487578,NA,64.2857142857143,NA,-0.00833145913848718
"8479066",2026,0,-7.57716306988624e-05,0,32.4324324324324,0,-0.00245745829293608
"8478468",2026,0,-0.000729634619184923,0,129.48694540807,0,-0.0944781581022361
"8475181",2026,0,-0.00052096029660534,0,114.87290427258,0,-0.05984422228176
"8481563",2026,0,0.00129089206032327,0,74.0544127405441,0,0.0955962534386705
"8481043",2026,0,-0.000510242620765144,0,167.667904151198,0,-0.0855513108323063
"8484180",2026,0,0.000350584590276185,0,122.448979591837,0,0.042928725339941
"8478472",2026,0,0.000363977306064765,20.2816901408451,73.3392382639504,0,0.0266938183721546
"8479941",2026,0,0.00090712164972623,0,203.571428571429,0,0.18466405012284
"8480887",2026,0,5.12210515151482e-05,0,26.6666666666667,0,0.00136589470707062
"8481122",2026,0,0.000291597058670876,0,93.6078006500542,0,0.0272957593382055
"8481014",2026,0,-0.000680294643340322,0,85.7801691006918,0,-0.0583557895440276
"8480001",2026,0,0.00125216653186748,0,97.752808988764,0,0.122402795811765
"8479293",2026,0,-0.00012777298236951,0,44.4444444444444,0,-0.00567879921642267
"8482470",2026,0,-0.000105115340831491,32.7272727272727,68.5714285714286,0,-0.00720790908558796
"8483678",2026,0,-0.000820977493382573,0,82.3798627002288,0,-0.0676320131848343
"8480196",2026,0,0.000643486926218841,0,112.219451371571,0,0.072211749825057
"8482624",2026,0,6.90219977857929e-05,0,100,0,0.00690219977857929
"8477365",2026,0,0.000519543798957515,0,135.174418604651,0,0.0702290309637339
"8476856",2026,0,-8.78849715649869e-06,0,251.162790697674,0,-0.00220734347186479
"8480879",2026,0,0.000363128380987471,0,139.39766441303,0,0.0506192481917384
"8479576",2026,0,5.886130808875e-05,0,145.922746781116,0,0.00858920375543992
"8480058",2026,0,0.00016183622778552,0,63.1578947368421,0,0.0102212354390855
"8478904",2026,0,0.000691474755209698,0,157.942511346445,0,0.109213259370488
"8484135",2026,0,9.28460267875189e-05,0,253.125,0,0.0235016505305907
"8482103",2026,0,-3.4662848672015e-05,0,81.8181818181818,0,-0.00283605125498305
"8480891",2026,0,0.000606810087608778,0,69.167429094236,0,0.0419714937083473
"8478413",2026,0,0.000703984650804449,11.25,135.830618892508,0,0.0956226708095946
"8476878",2026,0,-0.000615032043754904,0,82.3734729493892,0,-0.0506623254192522
"8482623",2026,0,0.000375104669893042,0,181.005586592179,0,0.0678960408074557
"8481556",2026,0,-0.000456479641819156,0,130.038022813688,0,-0.0593597100768636
"8480840",2026,0,-0.00117843982864052,0,130.404851663662,0,-0.153674271048418
"8481754",2026,0,-9.34682778148859e-05,0,85.3448275862069,0,-0.00797703405489113
"8482131",2026,0,-0.000359623588779654,0,84.2465753424657,0,-0.030297055767053
"8477541",2026,0,0.000125315001264282,NA,82.7586206896552,NA,0.0103708966563543
"8481491",2026,0,-0.000207676555844773,0,152.542372881356,0,-0.0316794746203891
"8482947",2026,0,7.06759167453531e-05,18.9473684210526,72,0,0.00508866600566542
"8480049",2026,0,-0.00199133477278867,2.82574568288854,156.552399608227,0,-0.31174823710337
"8479533",2026,0,-0.000142708464556621,NA,107.730673316708,NA,-0.0153740789746784
"8479383",2026,0,0.00020232192884052,0,55.1020408163265,0,0.0111483511810082
"8481719",2026,0,-0.00108436028069908,0,73.4337056823701,0,-0.0796285937065082
"8482516",2026,0,0.000221483108163432,0,57.3705179282869,0,0.0127066006277029
"8477435",2026,0,0.000129541164979372,0,98.0769230769231,0,0.0127049988729769
"8481609",2026,0,3.0926800372298e-05,0,10,0,0.00030926800372298
"8475755",2026,0,9.01803807868559e-05,0,34.7266881028939,0,0.00313166595658535
"8480144",2026,0,0.000383192040759695,0,156.048387096774,0,0.0597964999088717
"8481178",2026,0,-5.97096719013276e-05,0,105.882352941176,0,-0.00632220055425822
"8483398",2026,0,0.000174375920630543,0,52.2279792746114,0,0.00910730196868326
"8483513",2026,0,5.28687972378818e-05,0,63.8297872340425,0,0.00337460407901373
"8478434",2026,0,0.000164821733426792,4.7808764940239,93.3282500953107,0,0.0153825239583983
"8474090",2026,0,0.000114872774983281,0,48.9425981873112,0,0.00562217206866811
"8484262",2026,0,-0.000105659516348495,0,97.2972972972973,0,-0.0102803853744482
"8479336",2026,0,-0.000231496592766726,0,103.583061889251,0,-0.0239791258957065
"8482804",2026,0,-0.000573602163459553,NA,72.3618090452261,NA,-0.0415068902201888
"8481567",2026,0,6.44061550416461e-05,0,42.1052631578947,0,0.00271183810701668
"8478046",2026,0,9.09789061947657e-05,0,15.8590308370044,0,0.00144283727885972
"8483686",2026,0,-0.000120312803430029,43.7246963562753,34.1232227488152,0,-0.00410546059097731
"8481030",2026,0,0.000249862620943336,0,92.6315789473684,0,0.023145169097909
"8482641",2026,0,0.000555841665199856,0,104.268292682927,0,0.057956661432424
"8482781",2026,0,9.21582868239774e-05,NA,97.2972972972973,NA,0.00896675223152212
"8477463",2026,0,-0.000144647379503711,0,53.2019704433498,0,-0.00769552560906445
"8482172",2026,0,-0.00131139771695032,0,87.9638009049774,0,-0.11535552768106
"8481569",2026,0,0.000497553344846367,0,133.333333333333,0,0.0663404459795156
"8483768",2026,0,0.000532196491709832,0,59.5588235294118,0,0.0316969969327179
"8485512",2026,0,0.000959556469073108,0,104.67111534795,0,0.100437845857223
"8479550",2026,0,0.000145099835254582,0,168.75,0,0.0244855971992106
"8481600",2026,0,0.000277075797773959,0,77.0780856423174,0,0.0213564720702346
"8483771",2026,0,4.08101935763594e-05,35.2941176470588,81.3559322033898,0,0.00332015134180551
"8482408",2026,0,-3.0036980673014e-05,0,75,0,-0.00225277355047605
"8484933",2026,0,0.000103562665658597,0,173.793103448276,0,0.0179984770661838
"8477931",2026,0,0.000392854584264272,0,122.257916475447,0,0.048029582949978
"8484938",2026,0,-0.000296930897325772,0,115.216170690623,0,-0.0342112409496061
"8481161",2026,0,-3.58158005604321e-05,0,68.5714285714286,0,-0.0024559406098582
"8483756",2026,0,0.000236085907638925,0,61.5384615384615,0,0.0145283635470108
"8482726",2026,0,0.000159741851318687,0,81.8181818181818,0,0.0130697878351653
"8481726",2026,0,0.000207514176693979,0,84.7058823529412,0,0.0175776714376076
"8480326",2026,0,9.20894197909867e-05,0,33.6448598130841,0,0.003098335619136
"8475718",2026,0,3.13949441780439e-05,0,22.5,0,0.000706386244005989
"8479942",2026,0,-0.00020422215329936,0,128.571428571429,0,-0.0262571339956321
"8484509",2026,0,-0.000608583666084244,0,96.1672473867596,0,-0.0585258159718646
"8475235",2026,0,0.000271980916103099,0,61.0169491525424,0,0.0165954457283247
"8482067",2026,0,-0.000164718577281514,NA,113.684210526316,NA,-0.0187259014172669
"8481186",2026,0,0.0015146076660246,0,81.1216825237857,0,0.12286752223134
"8480876",2026,0,-0.00032980047378598,0,71.0526315789474,0,-0.0234331915584775
"8484188",2026,0,0.000137611471890833,0,46.3768115942029,0,0.00638198130508211
"8486056",2026,0,0.000280810018404997,0,79.746835443038,0,0.0223937103284997
"8483526",2026,0,-0.00038574206265035,NA,685.714285714286,NA,-0.26450884296024
"8480075",2026,0,0.000400190837023172,0,78.75,0,0.0315150284155748
"8482731",2026,0,-0.000125934140178306,0,53.220696937698,0,-0.00670230270853922
"8483687",2026,0,-0.000430101186400204,NA,117.209302325581,NA,-0.0504118599873727
"8480291",2026,0,0.000185543771044643,0,73.8461538461538,0,0.0137016938617583
"8481004",2026,0,0.000210243159745964,0,62.7906976744186,0,0.0132013146817233
"8484428",2026,0,-4.57714270405346e-05,0,67.1641791044776,0,-0.003074200323618
"8483466",2026,0,0.000116530056257495,NA,54.1353383458647,NA,0.00630839402296214
"8482873",2026,0,9.5610114526616e-05,NA,156.521739130435,NA,0.014965061404166
"8485467",2026,0,-7.27517237176035e-05,0,77.2532188841202,0,-0.00562030483655306
"8486166",2026,0,0.000397984010804434,0,121.348314606742,0,0.0482946889515493
"8484242",2026,0,-0.000150488717149428,0,63.716814159292,0,-0.00958866162368039
"8479639",2026,0,7.79646303185347e-05,0,46.0554371002132,0,0.00359069512767665
