"player_id","team_abbrev","gp_onice","cf_5v5","ca_5v5","gf_5v5","ga_5v5","ev_goals","ev_assists","pp_goals","pp_assists","pk_ga","pp_shots","pk_shots_against","pp_gf_onice","pk_ga_onice","xg_for_5v5","xg_against_5v5","pen_taken","pen_drawn","toi_5v5_sec","toi_pp_sec","toi_pk_sec","cf_pct_5v5","gf_per60_5v5","ga_per60_5v5","ev_points_per60","pp_points_per60","pk_ga_per60","pk_save_pct","pp_gf_onice_per60","pk_ga_onice_per60","xg_for_per60_5v5","xg_against_per60_5v5","toi_all_tracked_sec","pen_taken_per60","pen_drawn_per60","penalty_diff_per60"
"8464975","MTL",85,775,888,34,34,11,11,4,3,1,199,1,11,0,35.2671392205521,36.7170328059001,17,17,51755,8228,540,46.6,2.36,2.36,1.53,3.06,6.67,0,4.81,0,2.453,2.554,60523,1.01,1.01,0
"8465914","MTL",61,741,947,35,41,3,3,0,1,0,81,29,4,1,30.8226330105099,39.6448719747714,14,5,52195,5186,2784,43.9,2.41,2.83,0.41,0.69,0,1,2.78,1.29,2.126,2.734,60165,0.84,0.3,-0.54
"8467407","MTL",98,1178,1406,42,43,11,20,2,5,1,182,268,12,15,49.4792145658867,57.9097411853145,12,23,80281,8015,8858,45.6,1.88,1.93,1.39,3.14,0.41,0.9963,5.39,6.1,2.219,2.597,97154,0.44,0.85,0.41
"8467496","MTL",98,1617,1699,63,58,4,16,2,24,6,737,388,47,22,70.1209103062283,71.8175591626205,17,19,104788,19265,13347,48.8,2.16,1.99,0.69,4.86,1.62,0.9845,8.78,5.93,2.409,2.467,137400,0.45,0.5,0.05
"8468095","MTL",22,47,127,3,9,0,1,0,0,0,2,0,0,0,2.32355740619823,5.01525281707291,5,1,5852,55,31,27,1.85,5.54,0.62,0,0,NA,0,0,1.429,3.085,5938,3.03,0.61,-2.42
"8468635","MTL",69,477,583,17,18,2,9,0,0,0,11,320,0,19,21.1680165586295,22.8089783553733,7,12,37334,911,7322,45,1.64,1.74,1.06,0,0,1,0,9.34,2.041,2.199,45567,0.55,0.95,0.4
"8468778","TOR",54,176,273,6,9,0,0,0,0,0,1,1,0,0,5.7969715896179,8.90829656517599,10,4,16912,196,206,39.2,1.28,1.92,0,0,0,1,0,0,1.234,1.896,17314,2.08,0.83,-1.25
"8469508","TOR",81,577,915,18,30,3,5,0,0,0,3,520,0,40,22.9399280375219,35.4372163628577,16,11,54188,648,12788,38.7,1.2,1.99,0.53,0,0,1,0,11.26,1.524,2.354,67624,0.85,0.59,-0.26
"8469521","MTL",98,1157,1402,43,46,16,16,3,9,1,283,493,21,25,47.4794752584421,55.7889359923429,21,23,83073,11439,12582,45.2,1.86,1.99,1.39,3.78,0.29,0.998,6.61,7.15,2.058,2.418,107094,0.71,0.77,0.06
"8470085","TOR",53,614,835,28,31,5,7,0,0,0,20,155,3,10,27.8933101872681,38.04965290369,18,6,45800,1230,6205,42.4,2.2,2.44,0.94,0,0,1,8.78,5.8,2.192,2.991,53235,1.22,0.41,-0.81
"8470207","TOR",69,874,1174,38,51,13,14,6,6,2,260,7,24,0,36.0247496629599,51.7197341150022,12,22,61050,8857,992,42.7,2.24,3.01,1.59,4.88,7.26,0.7143,9.75,0,2.124,3.05,70899,0.61,1.12,0.51
"8470324","MTL",83,1176,1386,49,44,1,13,0,1,2,38,439,1,25,49.0822127369465,54.1651456909021,9,6,84180,4015,12378,45.9,2.1,1.88,0.6,0.9,0.58,0.9954,0.9,7.27,2.099,2.316,100573,0.32,0.21,-0.11
"8470602","TOR",80,1040,1513,55,52,5,9,2,9,8,429,430,27,31,46.3588693714119,62.959387820214,47,22,79523,12382,10654,40.7,2.49,2.35,0.63,3.2,2.7,0.9814,7.85,10.47,2.099,2.85,102559,1.65,0.77,-0.88
"8470867","TOR",47,313,416,15,9,3,7,0,0,0,0,2,0,0,12.9706247002468,14.245275855239,3,8,23360,315,222,42.9,2.31,1.39,1.54,0,0,1,0,0,1.999,2.195,23897,0.45,1.21,0.76
"8471245","TOR",23,222,280,8,13,3,3,1,1,0,25,39,3,4,8.45089093851857,10.2732460837578,12,1,15611,914,1657,44.2,1.84,3,1.38,7.88,0,1,11.82,8.69,1.949,2.369,18182,2.38,0.2,-2.18
"8471283","MTL",65,520,700,23,25,6,6,0,1,0,18,187,1,7,21.9018146435264,26.8171946229413,24,16,40936,1221,5662,42.6,2.02,2.2,1.06,2.95,0,1,2.95,4.45,1.926,2.358,47819,1.81,1.2,-0.61
"8471504","MTL",80,903,1054,34,28,14,9,3,1,0,130,7,9,0,37.9389497138909,44.190419995808,22,18,59217,6164,994,46.1,2.07,1.7,1.4,2.34,0,1,5.26,0,2.306,2.686,66375,1.19,0.98,-0.21
"8471664","TOR",82,979,1239,41,49,11,18,6,5,3,224,158,22,11,39.089092444221,51.5545258178608,10,16,64538,9755,7282,44.1,2.29,2.73,1.62,4.06,1.48,0.981,8.12,5.44,2.18,2.876,81575,0.44,0.71,0.27
"8471679","MTL",71,2944,3393,122,115,0,0,0,1,6,618,672,41,35,124.004983672174,134.945542513044,2,9,196652,20581,21532,46.5,2.23,2.11,0,0.17,1,0.9911,7.17,5.85,2.27,2.47,238765,0.03,0.14,0.11
"8471742","TOR",79,1037,1274,45,57,4,10,1,17,6,370,229,26,18,41.8999903051299,53.5829798192717,15,10,73855,10558,8035,44.9,2.19,2.78,0.68,6.14,2.69,0.9738,8.87,8.06,2.042,2.612,92448,0.58,0.39,-0.19
"8471748","EDM",42,454,612,14,28,1,1,0,0,0,0,175,0,14,19.0195540749701,26.0747313988395,18,6,32448,389,5182,42.6,1.55,3.11,0.22,0,0,1,0,9.73,2.11,2.893,38019,1.7,0.57,-1.13
"8471976","MTL",96,1262,1248,58,38,10,26,2,14,9,432,9,25,0,53.6722980551422,52.5491160275415,15,17,79507,11736,2457,50.3,2.63,1.72,1.63,4.91,13.19,0,7.67,0,2.43,2.379,93700,0.58,0.65,0.07
"8473503","TOR",36,1199,1661,38,67,0,0,0,0,2,257,302,17,26,46.3180675812764,70.5621113773086,1,2,84382,8189,9511,41.9,1.62,2.86,0,0,0.76,0.9934,7.47,9.84,1.976,3.01,102082,0.04,0.07,0.03
"8473548","TOR",82,1231,1554,69,60,27,28,8,12,8,438,2,28,0,58.7005647038459,73.1155788344913,11,15,81164,11850,1245,44.2,3.06,2.66,2.44,6.08,23.13,-3,8.51,0,2.604,3.243,94259,0.42,0.57,0.15
"8473579","TOR",70,700,996,28,36,9,9,0,0,0,6,306,0,22,30.1980462863576,36.2021654112032,12,13,55225,941,8420,41.3,1.83,2.35,1.17,0,0,1,0,9.41,1.969,2.36,64586,0.67,0.72,0.05
"8474037","TOR",80,1154,1462,64,59,18,23,9,6,8,430,203,26,5,54.2050342666917,68.1624565716484,24,18,76059,11435,7454,44.1,3.03,2.79,1.94,4.72,3.86,0.9606,8.19,2.41,2.566,3.226,94948,0.91,0.68,-0.23
"8474056","MTL",99,1714,1742,72,79,5,23,7,22,8,772,77,49,6,74.1421279130736,75.0243600705289,50,39,109789,21779,5766,49.6,2.36,2.59,0.92,4.79,4.99,0.8961,8.1,3.75,2.431,2.46,137334,1.31,1.02,-0.29
"8474125","TOR",80,941,1405,52,46,3,12,0,1,1,29,421,2,28,42.4034987494815,55.3814507543575,17,7,72348,2325,10934,40.1,2.59,2.29,0.75,1.55,0.33,0.9976,3.1,9.22,2.11,2.756,85607,0.71,0.29,-0.42
"8474157","MTL",90,1202,1151,52,41,27,11,11,9,9,460,106,30,7,51.3326768634724,49.9749887363287,19,20,74419,12039,6662,51.1,2.52,1.98,1.84,5.98,4.86,0.9151,8.97,3.78,2.483,2.418,93120,0.73,0.77,0.04
"8474189","MTL",94,1135,1219,40,53,11,19,2,1,0,147,163,7,9,48.3427765145316,52.1649265183369,37,31,70839,6280,8162,48.2,2.03,2.69,1.52,1.72,0,1,4.01,3.97,2.457,2.651,85281,1.56,1.31,-0.25
"8474581","TOR",80,1195,1378,49,46,7,9,2,9,3,284,76,22,5,48.6917299300549,63.4917132726405,7,13,80233,10177,4478,46.4,2.2,2.06,0.72,3.89,2.41,0.9605,7.78,4.02,2.185,2.849,94888,0.27,0.49,0.22
"8475098","TOR",58,823,1096,54,48,10,26,5,3,7,264,145,18,7,37.0974298120709,49.2299274522229,7,10,56041,7408,4124,42.9,3.47,3.08,2.31,3.89,6.11,0.9517,8.75,6.11,2.383,3.162,67573,0.37,0.53,0.16
"8475154","TOR",32,152,194,5,4,0,3,0,0,0,1,4,0,0,5.63761463505216,8.2887238402036,2,4,11536,151,294,43.9,1.56,1.25,0.94,0,0,1,0,0,1.759,2.587,11981,0.6,1.2,0.6
"8475172","TOR",78,1030,1244,45,52,12,19,7,11,3,250,13,20,0,44.2174952480709,55.1387490460183,21,42,64392,10341,1777,45.3,2.52,2.91,1.73,6.27,6.08,0.7692,6.96,0,2.472,3.083,76510,0.99,1.98,0.99
"8475797","MTL",22,241,224,10,12,0,2,0,0,0,3,84,0,5,9.51087397080846,9.93619172694162,5,2,15416,336,2917,51.8,2.34,2.8,0.47,0,0,1,0,6.17,2.221,2.32,18669,0.96,0.39,-0.57
"8475848","MTL",98,1312,1223,58,50,14,26,9,2,5,372,9,28,0,54.4787640056456,48.8957232534885,32,39,76234,11219,1661,51.8,2.74,2.36,1.89,3.53,10.84,0.4444,8.98,0,2.573,2.309,89114,1.29,1.58,0.29
"8476244","MTL",67,822,819,22,26,2,7,0,4,1,154,213,5,7,33.085663617996,30.5711695121718,8,5,54744,6893,6316,50.1,1.45,1.71,0.59,2.09,0.57,0.9953,2.61,3.99,2.176,2.01,67953,0.42,0.26,-0.16
"8476851","MTL",70,776,869,26,40,9,11,4,7,1,230,5,13,0,32.6327207600698,34.9460606537177,13,16,49888,7283,631,47.2,1.88,2.89,1.44,5.44,5.71,0.8,6.43,0,2.355,2.522,57802,0.81,1,0.19
"8462129","CHI",78,698,746,21,33,5,10,0,0,0,7,399,0,18,28.7079573925585,32.573538511002,12,13,51318,770,9368,48.3,1.47,2.31,1.05,0,0,1,0,6.92,2.014,2.285,61456,0.7,0.76,0.06
"8465058","CHI",59,859,655,38,36,2,12,0,0,0,34,92,0,5,39.5340573848807,29.2752705517923,19,7,52647,2040,3899,56.7,2.6,2.46,0.96,0,0,1,0,4.62,2.703,2.002,58586,1.17,0.43,-0.74
"8466148","CHI",91,1360,1060,61,46,18,26,5,10,0,297,198,27,14,63.0538972498616,47.9116449473659,13,10,74417,11351,8430,56.2,2.95,2.23,2.13,4.76,0,1,8.56,5.98,3.05,2.318,94198,0.5,0.38,-0.12
"8466251","WSH",82,894,1030,49,45,14,22,1,4,3,110,261,9,16,42.7549716351205,45.0487029659562,18,21,59273,5426,7908,46.5,2.98,2.73,2.19,3.32,1.37,0.9885,5.97,7.28,2.597,2.736,72607,0.89,1.04,0.15
"8467365","WSH",37,419,497,21,26,1,3,0,0,0,1,153,0,10,17.2745322698029,20.0452253514668,18,9,28832,489,4692,45.7,2.62,3.25,0.5,0,0,1,0,7.67,2.157,2.503,34013,1.91,0.95,-0.96
"8468064","WSH",70,721,718,31,26,2,19,0,4,2,128,118,4,7,30.5508632955607,30.4829948571278,14,11,48155,5336,4779,50.1,2.32,1.94,1.57,2.7,1.51,0.9831,2.7,5.27,2.284,2.279,58270,0.86,0.68,-0.18
"8468208","WSH",82,860,960,48,40,15,20,6,4,4,213,269,14,13,40.0657866853871,41.171316990687,15,17,57449,9546,8238,47.3,3.01,2.51,2.19,3.77,1.75,0.9851,5.28,5.68,2.511,2.58,75233,0.72,0.81,0.09
"8469544","CHI",101,1563,1265,78,61,24,30,11,16,5,555,5,37,1,71.8118439469254,56.8857316147187,21,21,89817,14058,2390,55.3,3.13,2.44,2.16,6.91,7.53,0,9.48,1.51,2.878,2.28,106265,0.71,0.71,0
"8469639","WSH",51,540,586,20,24,6,3,1,2,2,123,297,9,17,19.7584864289965,23.4915210173931,8,5,37957,4151,6261,48,1.9,2.28,0.85,2.6,1.15,0.9933,7.81,9.77,1.874,2.228,48369,0.6,0.37,-0.23
"8469665","CHI",96,1454,1335,65,61,5,17,0,0,0,19,330,1,28,60.8490715858643,57.1048339531408,23,11,97401,3077,10939,52.1,2.4,2.25,0.81,0,0,1,1.17,9.21,2.249,2.111,111417,0.74,0.36,-0.38
"8470281","CHI",98,1874,1544,93,68,7,36,3,20,5,549,434,39,20,84.1629576648702,65.7446222394938,18,10,111073,13535,12942,54.8,3.01,2.2,1.39,6.12,1.39,0.9885,10.37,5.56,2.728,2.131,137550,0.47,0.26,-0.21
"8470607","CHI",98,1780,1445,87,71,4,31,5,10,1,289,302,24,22,80.8078824995318,65.3168911929242,14,11,99964,11666,11581,55.2,3.13,2.56,1.26,4.63,0.31,0.9967,7.41,6.84,2.91,2.352,123211,0.41,0.32,-0.09
"8470611","WSH",73,814,845,34,35,12,15,0,1,0,60,147,4,9,36.6100053041009,35.8434009196353,16,15,52390,3629,4647,49.1,2.34,2.41,1.86,0.99,0,1,3.97,6.97,2.516,2.463,60666,0.95,0.89,-0.06
"8470645","CHI",78,3539,3057,152,130,0,0,0,1,2,619,619,43,40,155.488236749021,131.439761891321,0,5,221413,20888,20056,53.7,2.47,2.11,0,0.17,0.36,0.9968,7.41,7.18,2.528,2.137,262357,0,0.07,0.07
"8471214","WSH",78,1109,1142,34,61,21,9,24,15,9,745,2,62,0,44.8173506606836,51.7209861230222,24,24,69300,18503,1621,49.3,1.77,3.17,1.56,7.59,19.99,-3.5,12.06,0,2.328,2.687,89424,0.97,0.97,0
"8471242","WSH",70,1175,1106,43,53,5,16,3,12,6,319,53,28,0,49.5041773274424,48.5065884860815,27,16,74448,10276,3364,51.5,2.08,2.56,1.02,5.25,6.42,0.8868,9.81,0,2.394,2.346,88088,1.1,0.65,-0.45
"8471254","CHI",78,900,682,34,39,14,7,2,0,0,86,0,7,0,37.5567879058071,30.7974312521983,13,8,53163,3212,405,56.9,2.3,2.64,1.42,2.24,0,NA,7.85,0,2.543,2.085,56780,0.82,0.51,-0.31
"8471362","WSH",58,765,733,35,25,8,15,3,5,2,132,4,13,0,32.9029970773845,31.574140732293,8,12,45751,5125,655,51.1,2.75,1.97,1.81,5.62,10.99,0.5,9.13,0,2.589,2.484,51531,0.56,0.84,0.28
"8471426","WSH",82,866,941,32,34,10,9,12,9,6,586,368,53,19,36.0361642988282,39.291763404035,26,20,64486,12562,8018,47.9,1.79,1.9,1.06,6.02,2.69,0.9837,15.19,8.53,2.012,2.194,85066,1.1,0.85,-0.25
"8471769","CHI",100,1539,1418,65,65,3,21,0,0,0,11,506,0,31,65.7841459856718,57.1749340039678,24,6,105193,2973,13064,52,2.22,2.22,0.82,0,0,1,0,8.54,2.251,1.957,121230,0.71,0.18,-0.53
"8473563","WSH",82,1086,1118,41,57,10,18,6,38,7,615,168,54,10,43.9988854488474,48.392976533738,27,22,70818,13259,5485,49.3,2.08,2.9,1.42,11.95,4.59,0.9583,14.66,6.56,2.237,2.46,89562,1.09,0.88,-0.21
"8473604","CHI",95,1545,1123,79,57,25,29,7,13,5,528,232,40,18,74.1732705452596,52.3934652470052,16,24,85014,12867,9652,57.9,3.35,2.41,2.29,5.6,1.86,0.9784,11.19,6.71,3.141,2.219,107533,0.54,0.8,0.26
"8473991","WSH",82,1118,1252,41,51,2,12,0,1,0,8,594,2,30,46.8280219834414,50.0521333299694,13,10,77040,1639,14091,47.2,1.92,2.38,0.65,2.2,0,1,4.39,7.66,2.188,2.339,92770,0.5,0.39,-0.11
"8474141","CHI",88,1369,1132,69,49,25,31,11,19,4,514,3,39,0,62.2987904406618,51.0905934729381,15,21,84141,13206,1555,54.7,2.95,2.1,2.4,8.18,9.26,-0.3333,10.63,0,2.665,2.186,98902,0.55,0.76,0.21
"8474519","WSH",13,161,214,2,7,0,0,0,0,0,3,42,0,1,6.56635672220727,9.77629013895057,2,1,11948,250,1394,42.9,0.6,2.11,0,0,0,1,0,2.58,1.978,2.946,13592,0.53,0.26,-0.27
"8474590","WSH",82,1176,1328,47,51,4,6,5,17,4,503,629,40,33,50.4360987107502,55.4551986158476,10,14,81158,13597,14863,47,2.08,2.26,0.44,5.82,0.97,0.9936,10.59,7.99,2.237,2.46,109618,0.33,0.46,0.13
"8474625","FLA",55,440,481,22,23,8,6,3,1,2,105,0,7,0,20.678914201213,23.7404699588078,9,5,31696,3561,305,47.8,2.5,2.61,1.59,4.04,23.61,NA,7.08,0,2.349,2.696,35562,0.91,0.51,-0.4
"8474651","WSH",48,1765,2015,84,78,0,0,0,0,8,442,457,31,33,75.5947601223597,88.7895006611361,1,5,122767,13597,13241,46.7,2.46,2.29,0,0,2.18,0.9825,8.21,8.97,2.217,2.604,149605,0.02,0.12,0.1
"8475149","WSH",80,955,1020,35,50,2,19,6,15,4,447,41,40,1,41.0466798561974,46.4612771456596,2,15,64389,10955,2893,48.4,1.96,2.8,1.17,6.9,4.98,0.9024,13.14,1.24,2.295,2.598,78237,0.09,0.69,0.6
"8475181","CHI",100,1333,1052,59,51,3,16,5,9,0,286,3,23,0,61.8248239641543,49.3925058720633,8,9,80543,12797,1694,55.9,2.64,2.28,0.85,3.94,0,1,6.47,0,2.763,2.208,95034,0.3,0.34,0.04
"8475247","WSH",17,82,88,4,4,1,3,0,0,0,2,30,0,1,3.06578289344907,3.97962908982299,1,4,6632,164,1019,48.2,2.17,2.17,2.17,0,0,1,0,3.53,1.664,2.16,7815,0.46,1.84,1.38
"8475323","CHI",100,936,917,40,41,8,20,0,0,0,9,490,0,30,37.2722365214722,33.3326681460021,21,16,67825,2457,11538,50.5,2.12,2.18,1.49,0,0,1,0,9.36,1.978,1.769,81820,0.92,0.7,-0.22
"8475650","CHI",97,736,751,29,37,7,8,0,0,0,4,27,0,1,29.6061980351224,27.7491146641551,24,13,52564,1480,1193,49.5,1.99,2.53,1.03,0,0,1,0,3.02,2.028,1.9,55237,1.56,0.85,-0.71
"8475807","CHI",23,177,203,5,11,1,2,0,0,0,3,29,0,3,7.84599271224579,9.06427963683382,1,1,13119,421,877,46.6,1.37,3.02,0.82,0,0,1,0,12.31,2.153,2.487,14417,0.25,0.25,0
"8476381","CHI",92,1162,896,64,43,15,20,6,4,4,413,24,33,3,52.8014934181701,41.7990128700039,33,36,71709,10190,1788,56.5,3.21,2.16,1.76,3.53,8.05,0.8333,11.66,6.04,2.651,2.098,83687,1.42,1.55,0.13
"8476438","CHI",97,1313,1002,73,50,16,27,3,8,1,261,66,16,6,59.9941008079913,46.8987472663866,13,29,75860,11507,3893,56.7,3.46,2.37,2.04,3.44,0.92,0.9848,5.01,5.55,2.847,2.226,91260,0.51,1.14,0.63
"8476880","WSH",82,462,563,17,16,2,7,1,0,0,8,0,1,0,20.4052851527231,22.7424259947729,23,21,37333,1096,312,45.1,1.64,1.54,0.87,3.28,0,NA,3.28,0,1.968,2.193,38741,2.14,1.95,-0.19
"8476941","WSH",34,390,494,14,22,1,5,0,0,0,14,80,0,7,18.3468225205434,20.3262845286517,9,6,28000,1183,2533,44.1,1.8,2.83,0.77,0,0,1,0,9.95,2.359,2.613,31716,1.02,0.68,-0.34
"8460496","EDM",72,637,768,19,29,5,11,4,2,5,241,213,18,6,27.6624844497419,34.2926070214016,22,12,49475,8465,5969,45.3,1.38,2.11,1.16,2.55,3.02,0.9765,7.66,3.62,2.013,2.495,63909,1.24,0.68,-0.56
"8466140","WPG",82,1061,1090,40,49,16,15,2,6,1,227,68,12,6,48.3819234585972,47.7288193650311,25,9,66692,8314,3508,49.3,2.16,2.64,1.67,3.46,1.03,0.9853,5.2,6.16,2.612,2.576,78514,1.15,0.41,-0.74
"8466333","EDM",71,970,1283,40,56,2,11,0,2,1,27,391,2,28,41.0751699576504,60.5693713013316,24,14,70876,2405,10344,43.1,2.03,2.84,0.66,2.99,0.35,0.9974,2.99,9.74,2.086,3.076,83625,1.03,0.6,-0.43
"8468513","EDM",70,718,986,23,37,0,3,0,0,0,2,282,0,16,32.04100805911,39.0982137148967,14,8,56959,787,7786,42.1,1.45,2.34,0.19,0,0,1,0,7.4,2.025,2.471,65532,0.77,0.44,-0.33
"8469466","EDM",75,889,902,39,45,11,16,2,12,4,234,24,17,3,42.0746686009807,39.226487284468,12,16,56663,9110,1411,49.6,2.48,2.86,1.72,5.53,10.21,0.8333,6.72,7.65,2.673,2.492,67184,0.64,0.86,0.22
"8469501","WPG",55,352,464,18,18,2,9,0,0,0,5,9,0,0,16.8204202435445,19.590183301887,10,1,27808,667,667,43.1,2.33,2.33,1.42,0,0,1,0,0,2.178,2.536,29142,1.24,0.12,-1.12
"8470159","EDM",74,589,805,20,34,4,8,1,2,0,55,406,3,28,24.5470328745432,33.7825188915594,9,5,51168,2346,8446,42.3,1.41,2.39,0.84,4.6,0,1,4.6,11.93,1.727,2.377,61960,0.52,0.29,-0.23
"8470289","WPG",27,200,203,4,10,1,1,0,0,0,3,84,0,6,9.65527189709246,9.61257719650166,4,2,13810,356,2608,49.6,1.04,2.61,0.52,0,0,1,0,8.28,2.517,2.506,16774,0.86,0.43,-0.43
"8470614","WPG",69,990,1087,43,37,2,10,0,0,0,0,352,0,27,43.9777889337856,46.8058762037545,28,17,62677,1310,9720,47.7,2.47,2.13,0.69,0,0,1,0,10,2.526,2.688,73707,1.37,0.83,-0.54
"8470828","WPG",82,1291,1262,52,54,5,8,4,8,5,444,253,29,14,59.4816808947362,57.9244601356913,28,13,83526,12763,10707,50.6,2.24,2.33,0.56,3.38,1.68,0.9802,8.18,4.71,2.564,2.497,106996,0.94,0.44,-0.5
"8470834","WPG",78,1254,1227,50,72,11,15,8,18,4,469,192,32,14,56.1370262167766,57.0632176697836,38,21,79058,12483,7122,50.5,2.28,3.28,1.18,7.5,2.02,0.9792,9.23,7.08,2.556,2.598,98663,1.39,0.77,-0.62
"8471217","WPG",78,1121,992,50,43,17,19,4,8,3,366,252,24,18,50.0133582404233,45.8114618925611,21,21,65183,10290,8004,53.1,2.76,2.37,1.99,4.2,1.35,0.9881,8.4,8.1,2.762,2.53,83477,0.91,0.91,0
"8471218","WPG",82,1104,1108,51,45,15,26,8,11,5,382,90,24,5,50.9284321995219,47.7387013726402,24,28,68677,10469,5240,49.9,2.67,2.36,2.15,6.53,3.44,0.9444,8.25,3.44,2.67,2.502,84386,1.02,1.19,0.17
"8471222","CGY",73,800,1126,29,44,2,4,0,0,0,5,244,0,21,33.9591386982356,45.545803070534,24,5,66331,1073,8314,41.5,1.57,2.39,0.33,0,0,1,0,9.09,1.843,2.472,75718,1.14,0.24,-0.9
"8471227","EDM",34,1138,1364,53,71,0,0,0,0,5,262,294,24,20,54.1363376283552,61.0857207956142,3,5,83917,9054,8632,45.5,2.27,3.05,0,0,2.09,0.983,9.54,8.34,2.322,2.621,101603,0.11,0.18,0.07
"8471371","SJS",62,317,387,13,21,3,4,0,0,0,4,2,0,0,12.61821408174,13.4272687573684,15,18,25534,558,232,45,1.83,2.96,0.99,0,0,1,0,0,1.779,1.893,26324,2.05,2.46,0.41
"8471682","WPG",75,895,933,28,36,7,15,2,1,1,193,1,9,0,43.7285472616204,40.2984002668527,11,15,57241,7082,813,49,1.76,2.26,1.38,1.52,4.43,0,4.57,0,2.75,2.534,65136,0.61,0.83,0.22
"8471715","WPG",57,2300,2393,94,115,0,0,0,3,5,467,545,30,36,105.079467619071,110.365576130629,0,3,149243,15811,18133,49,2.27,2.77,0,0.68,0.99,0.9908,6.83,7.15,2.535,2.662,183187,0,0.06,0.06
"8473412","WPG",82,1193,1055,55,50,11,29,7,7,4,379,303,23,17,52.491108721646,51.6671154037467,19,22,69188,10533,9125,53.1,2.86,2.6,2.08,4.78,1.58,0.9868,7.86,6.71,2.731,2.688,88846,0.77,0.89,0.12
"8473507","EDM",80,1133,1291,42,60,4,8,1,1,1,77,432,3,27,52.8704329188913,61.2125304775545,21,15,79340,5013,11696,46.7,1.91,2.72,0.54,1.44,0.31,0.9977,2.15,8.31,2.399,2.777,96049,0.79,0.56,-0.23
"8473514","EDM",42,286,368,6,21,2,2,1,0,0,35,6,1,0,10.9584861338953,16.2833985334728,8,8,21219,1564,344,43.7,1.02,3.56,0.68,2.3,0,1,2.3,0,1.859,2.763,23127,1.25,1.25,0
"8473564","WPG",81,1167,1040,55,46,14,23,1,1,2,115,159,3,14,50.1546749362606,47.6773226554506,6,12,64802,5317,6256,52.9,3.06,2.56,2.06,1.35,1.15,0.9874,2.03,8.06,2.786,2.649,76375,0.28,0.57,0.29
"8473989","EDM",67,249,421,6,13,2,2,0,0,0,6,1,1,0,8.04960103216581,18.758116960933,11,10,22625,358,200,37.2,0.95,2.07,0.64,0,0,1,10.06,0,1.281,2.985,23183,1.71,1.55,-0.16
"8474025","WPG",55,426,364,11,15,3,3,0,0,2,11,1,0,0,19.3566235540784,16.1662183009903,8,7,26771,874,349,53.9,1.48,2.02,0.81,0,20.63,-1,0,0,2.603,2.174,27994,1.03,0.9,-0.13
"8474074","WPG",20,238,264,7,7,1,1,0,0,0,18,10,0,2,11.2196117510321,11.5256986299646,4,3,16615,1081,553,47.4,1.52,1.52,0.43,0,0,1,0,13.02,2.431,2.497,18249,0.79,0.59,-0.2
"8474102","EDM",78,966,1149,48,55,17,20,8,5,8,323,50,19,2,46.3531255395501,52.6234442200512,45,41,68969,10385,3261,45.7,2.51,2.87,1.93,4.51,8.83,0.84,6.59,2.21,2.42,2.747,82615,1.96,1.79,-0.17
"8474567","WPG",55,926,947,42,40,3,6,0,1,3,137,187,5,10,42.8596187175717,44.2727526528761,14,5,55662,6272,7546,49.4,2.72,2.59,0.58,0.57,1.43,0.984,2.87,4.77,2.772,2.863,69480,0.73,0.26,-0.47
"8474586","EDM",80,1050,1222,51,56,17,21,7,13,6,380,94,28,4,53.0131552109378,59.6185901246499,9,19,69964,10841,4287,46.2,2.62,2.88,1.96,6.64,5.04,0.9362,9.3,3.36,2.728,3.068,85092,0.38,0.8,0.42
"8474602","EDM",74,1031,1382,47,62,9,10,1,11,4,368,118,23,4,50.2294870004407,64.0253751326818,8,9,77912,10815,5738,42.7,2.17,2.86,0.88,3.99,2.51,0.9661,7.66,2.51,2.321,2.958,94465,0.3,0.34,0.04
"8474674","WPG",59,325,358,11,15,0,2,0,0,0,2,220,0,13,13.3473684717319,15.171669075964,5,8,25902,392,6677,47.6,1.53,2.08,0.28,0,0,1,0,7.01,1.855,2.109,32971,0.55,0.87,0.32
"8475169","WPG",63,961,905,41,52,14,14,1,3,1,200,174,12,11,43.2687291539623,41.8835110055516,28,22,56360,7295,6920,51.5,2.62,3.32,1.79,1.97,0.52,0.9943,5.92,5.72,2.764,2.675,70575,1.43,1.12,-0.31
"8475791","EDM",75,957,1203,54,59,16,37,7,10,7,384,47,32,1,50.8063450487098,56.7156055560336,21,27,67767,10220,3394,44.3,2.87,3.13,2.82,5.99,7.42,0.8511,11.27,1.06,2.699,3.013,81381,0.93,1.19,0.26
"8476062","EDM",41,446,477,17,20,3,12,1,2,1,58,128,4,8,19.7027362520457,21.2008957272628,4,11,28959,2834,3681,48.3,2.11,2.49,1.86,3.81,0.98,0.9922,5.08,7.82,2.449,2.636,35474,0.41,1.12,0.71
"8476179","EDM",30,113,178,5,7,3,2,0,0,0,0,125,0,9,4.32070412818575,6.86907107371371,3,2,11131,256,2922,38.8,1.62,2.26,1.62,0,0,1,0,11.09,1.397,2.222,14309,0.75,0.5,-0.25
"8476460","WPG",63,787,842,39,34,11,14,1,3,2,207,3,10,0,36.0432513425476,36.1554240300902,7,20,50834,7093,904,48.3,2.76,2.41,1.77,2.03,7.96,0.3333,5.08,0,2.553,2.56,58831,0.43,1.22,0.79
"8476855","EDM",63,628,771,26,50,7,11,4,2,5,175,2,8,0,30.556612369779,35.4165727153304,12,21,44413,6973,643,44.9,2.11,4.05,1.46,3.1,27.99,-1.5,4.13,0,2.477,2.871,52029,0.83,1.45,0.62
"8476885","WPG",65,1044,1079,48,52,6,14,0,3,2,185,315,9,19,46.7245374090271,49.5992400380783,14,20,63889,7727,9865,49.2,2.7,2.93,1.13,1.4,0.73,0.9937,4.19,6.93,2.633,2.795,81481,0.62,0.88,0.26
"8477289","EDM",57,667,771,29,37,1,4,0,2,1,111,39,6,3,33.2387673145859,34.4624535627081,12,6,46963,4347,2617,46.4,2.22,2.84,0.38,1.66,1.38,0.9744,4.97,4.13,2.548,2.642,53927,0.8,0.4,-0.4
"8459670","PHI",84,1047,870,38,41,5,6,1,18,4,545,408,37,20,42.8483134328853,37.7548636734718,18,7,67271,12909,12826,54.6,2.03,2.19,0.59,5.3,1.12,0.9902,10.32,5.61,2.293,2.02,93006,0.7,0.27,-0.43
"8467329","PHI",76,762,928,28,44,10,11,9,6,4,266,4,17,1,33.0755732659018,39.9774892042042,8,7,51257,10890,1117,45.1,1.97,3.09,1.47,4.96,12.89,0,5.62,3.22,2.323,2.808,63264,0.46,0.4,-0.06
"8467925","PHI",87,424,552,13,30,2,4,0,0,0,3,377,0,22,14.4707231050124,21.6672649910324,10,5,35955,1078,12787,43.4,1.3,3,0.6,0,0,1,0,6.19,1.449,2.169,49820,0.72,0.36,-0.36
"8468309","PHI",89,1391,1367,55,50,4,17,4,13,5,362,26,24,5,57.4810175984167,58.0872133725206,22,17,84728,13669,3473,50.4,2.34,2.12,0.89,4.48,5.18,0.8077,6.32,5.18,2.442,2.468,101870,0.78,0.6,-0.18
"8468486","PHI",85,1209,1022,49,36,10,22,9,11,6,555,2,41,0,47.5644133271999,45.9360983358929,36,40,66842,12356,1661,54.2,2.64,1.94,1.72,5.83,13,-2,11.95,0,2.562,2.474,80859,1.6,1.78,0.18
"8470171","COL",88,915,1193,36,36,6,16,0,1,0,9,432,1,28,35.8606648249552,55.4012366937823,17,19,69554,1925,10462,43.4,1.86,1.86,1.14,1.87,0,1,1.87,9.63,1.856,2.867,81941,0.75,0.83,0.08
"8470601","PHI",89,1414,1357,54,73,4,12,0,0,1,21,545,1,33,56.3266496993601,58.2440221794532,26,12,89409,3626,16077,51,2.17,2.94,0.64,0,0.22,0.9982,0.99,7.39,2.268,2.345,109112,0.86,0.4,-0.46
"8470816","PHI",34,113,143,3,10,2,0,0,0,0,4,0,1,0,3.22698627808131,5.73047348979162,10,7,9850,148,74,44.1,1.1,3.65,0.73,0,0,NA,24.32,0,1.179,2.094,10072,3.57,2.5,-1.07
"8471236","PHI",56,746,807,39,34,6,15,1,1,0,85,66,7,3,30.5337792432401,36.8208363110898,16,9,48915,3829,3744,48,2.87,2.5,1.55,1.88,0,1,6.58,2.88,2.247,2.71,56488,1.02,0.57,-0.45
"8471269","PHI",82,1146,1272,40,52,1,9,0,0,0,6,302,0,25,45.7031220935751,49.9941719025373,24,13,74364,2204,11574,47.4,1.94,2.52,0.48,0,0,1,0,7.78,2.213,2.42,88142,0.98,0.53,-0.45
"8473461","PHI",66,2779,2696,119,110,0,1,0,0,6,630,549,48,28,109.220112596289,109.245598428068,5,8,169200,19911,21324,50.8,2.53,2.34,0.02,0,1.01,0.9891,8.68,4.73,2.324,2.324,210435,0.09,0.14,0.05
"8473512","PHI",89,1346,1184,59,49,16,26,7,32,8,642,104,47,10,53.6817294600187,52.5629320588196,24,42,78428,14463,5397,53.2,2.71,2.25,1.93,9.71,5.34,0.9231,11.7,6.67,2.464,2.413,98288,0.88,1.54,0.66
"8473541","TOR",55,2005,2616,108,96,0,0,0,1,8,406,467,32,31,90.0864263977273,110.150736364885,2,8,144627,14510,14421,43.4,2.69,2.39,0,0.25,2,0.9829,7.94,7.74,2.242,2.742,173558,0.04,0.17,0.13
"8474161","PHI",89,1236,1016,52,37,15,20,9,16,8,585,6,45,1,49.3302453036304,44.0011575738899,13,22,69785,12854,1556,54.9,2.68,1.91,1.81,7,18.51,-0.3333,12.6,2.31,2.545,2.27,84195,0.56,0.94,0.38
"8474190","PHI",89,1063,1125,43,43,11,19,16,9,8,590,3,45,0,46.4586871163337,43.4030727265636,33,21,69614,12554,1225,48.6,2.22,2.22,1.55,7.17,23.51,-1.6667,12.9,0,2.403,2.245,83393,1.42,0.91,-0.51
"8474568","PHI",86,1138,1259,48,50,4,7,0,0,0,2,221,0,9,44.3425509715453,52.7465474607889,9,4,71556,641,11067,47.5,2.41,2.52,0.55,0,0,1,0,2.93,2.231,2.654,83264,0.39,0.17,-0.22
"8474736","PHI",74,416,498,9,24,2,2,0,0,0,0,44,0,4,14.1153791985707,21.8414165553986,31,22,30340,1058,2022,45.5,1.07,2.85,0.47,0,0,1,0,7.12,1.675,2.592,33420,3.34,2.37,-0.97
"8475170","PHI",89,1038,1127,42,44,14,15,4,7,2,260,19,17,0,46.0687661175034,44.3791979889502,16,18,65706,11691,2217,47.9,2.3,2.41,1.59,3.39,3.25,0.8947,5.23,0,2.524,2.432,79614,0.72,0.81,0.09
"8476177","PHI",82,996,1018,38,46,16,15,0,2,1,163,363,6,21,39.4686393239535,42.5576404476888,10,16,65120,8806,11940,49.5,2.1,2.54,1.71,0.82,0.3,0.9972,2.45,6.33,2.182,2.353,85866,0.42,0.67,0.25
"8476461","PHI",89,1099,1149,40,50,11,17,0,3,1,151,443,8,27,42.9471236362588,48.9014140091604,18,18,72299,8171,13890,48.9,1.99,2.49,1.39,1.32,0.26,0.9977,3.52,7,2.138,2.435,94360,0.69,0.69,0
"8459444","DET",60,557,574,24,37,3,6,6,1,1,277,2,19,0,24.0923354499391,27.098454855266,21,7,41444,7700,616,49.2,2.08,3.21,0.78,3.27,5.84,0.5,8.88,0,2.093,2.354,49760,1.52,0.51,-1.01
"8460621","DET",71,752,718,32,28,11,16,4,14,3,394,12,33,0,31.8576339863939,31.7283920968184,6,13,54038,10730,1765,51.2,2.13,1.87,1.8,6.04,6.12,0.75,11.07,0,2.122,2.114,66533,0.32,0.7,0.38
"8466149","DET",52,444,495,11,23,4,2,0,0,1,105,127,1,7,16.9325236757868,23.1261039029923,12,8,33116,4443,4372,47.3,1.2,2.5,0.65,0,0.82,0.9921,0.81,5.76,1.841,2.514,41931,1.03,0.69,-0.34
"8466182","BUF",64,775,1041,23,47,2,6,0,0,0,3,250,0,15,32.6497578668059,45.4982152747107,17,3,59335,1296,8043,42.7,1.4,2.85,0.49,0,0,1,0,6.71,1.981,2.76,68674,0.89,0.16,-0.73
"8467463","DET",26,153,150,2,5,1,0,0,2,0,94,0,3,0,5.62045705877244,6.28804155741818,3,5,12821,3073,9,50.5,0.56,1.4,0.28,2.34,0,NA,3.51,0,1.578,1.766,15903,0.68,1.13,0.45
"8467514","DET",50,713,562,37,31,11,14,7,7,1,302,68,24,7,30.9183343100594,24.1578955992591,3,17,44803,7570,2838,55.9,2.97,2.49,2.01,6.66,1.27,0.9853,11.41,8.88,2.484,1.941,55211,0.2,1.11,0.91
"8468011","BUF",65,2572,2889,83,130,0,1,0,1,3,575,612,29,36,104.483057015925,122.120910037484,0,3,181898,18845,20600,47.1,1.64,2.57,0.02,0.19,0.52,0.9951,5.54,6.29,2.068,2.417,221343,0,0.05,0.05
"8468083","DET",47,679,600,44,22,12,17,3,14,0,331,45,25,7,31.4867390618892,25.5295004345826,10,17,41508,7892,2761,53.1,3.82,1.91,2.52,7.75,0,1,11.4,9.13,2.731,2.214,52161,0.69,1.17,0.48
"8468505","BUF",88,977,1213,24,54,3,14,5,2,2,209,341,7,22,37.4730322876712,53.1328919075895,28,28,71563,9386,8922,44.6,1.21,2.72,0.86,2.68,0.81,0.9941,2.68,8.88,1.885,2.673,89871,1.12,1.12,0
"8468509","DET",84,1254,1151,61,59,3,17,5,19,4,502,421,38,22,53.0541798216291,53.5334364705486,22,10,86430,13630,12204,52.1,2.54,2.46,0.83,6.34,1.18,0.9905,10.04,6.49,2.21,2.23,112264,0.71,0.32,-0.39
"8469457","DET",26,205,283,5,9,1,1,0,0,0,46,25,1,1,7.13053463294636,11.5073437371757,6,3,18384,2140,1475,42,0.98,1.76,0.39,0,0,1,1.68,2.44,1.396,2.253,21999,0.98,0.49,-0.49
"8469555","BUF",79,1103,1302,41,60,2,13,1,10,3,396,367,26,26,47.8693741040188,56.3703587939381,19,17,82000,11261,10963,45.9,1.8,2.63,0.66,3.52,0.99,0.9918,8.31,8.54,2.102,2.475,104224,0.66,0.59,-0.07
"8469591","BUF",56,258,374,11,16,3,4,0,0,0,1,117,0,4,8.20095805055462,15.032610833121,7,9,24723,250,4132,40.8,1.6,2.33,1.02,0,0,1,0,3.48,1.194,2.189,29105,0.87,1.11,0.24
"8470318","DET",48,713,665,35,38,1,9,0,0,0,16,231,0,14,28.5944638921064,29.6081907729967,17,5,47111,2743,6501,51.7,2.67,2.9,0.76,0,0,1,0,7.75,2.185,2.263,56355,1.09,0.32,-0.77
"8470598","NYI",95,1254,1424,72,57,21,35,10,11,8,565,5,30,0,59.5112407379202,69.9896973916912,25,14,81569,15377,1725,46.8,3.18,2.52,2.47,4.92,16.7,-0.6,7.02,0,2.626,3.089,98671,0.91,0.51,-0.4
"8470657","DET",54,2129,2019,85,87,0,0,0,0,2,453,514,28,36,92.1992579724756,92.69469727244,3,5,145971,15742,16652,51.3,2.1,2.15,0,0,0.43,0.9961,6.4,7.78,2.274,2.286,178365,0.06,0.1,0.04
"8470724","DET",87,1235,1245,50,52,4,8,0,0,0,29,328,0,27,54.2929833317176,51.2424248822499,34,10,87474,3854,11322,49.8,2.06,2.14,0.49,0,0,1,0,8.59,2.234,2.109,102650,1.19,0.35,-0.84
"8470778","DET",87,723,768,27,38,7,9,0,0,0,8,422,0,28,32.5848527233466,32.4679794385447,7,11,57426,2388,11245,48.5,1.69,2.38,1,0,0,1,0,8.96,2.043,2.035,71059,0.35,0.56,0.21
"8471226","BUF",70,784,1047,34,44,13,13,2,5,3,234,188,13,13,33.5968177489121,46.7269180365256,12,20,58516,7466,6388,42.8,2.09,2.71,1.6,3.38,1.69,0.984,6.27,7.33,2.067,2.875,72370,0.6,0.99,0.39
"8471309","DET",59,660,639,32,27,9,12,7,11,2,293,27,26,1,28.7530144219636,30.3167672039126,15,10,47335,8532,2140,50.8,2.43,2.05,1.6,7.59,3.36,0.9259,10.97,1.68,2.187,2.306,58007,0.93,0.62,-0.31
"8471331","BUF",12,81,114,1,6,0,1,0,0,0,1,28,0,1,2.47804869653191,4.84823153167963,1,4,7248,142,885,41.5,0.5,2.98,0.5,0,0,1,0,4.07,1.231,2.408,8275,0.44,1.74,1.3
"8471388","BUF",5,11,23,0,1,0,0,0,0,0,0,12,0,0,0.174967530183494,0.877361446619034,0,0,2128,8,302,32.4,0,1.69,0,0,0,1,0,0,0.296,1.484,2438,0,0,0
"8471693","DET",70,889,837,36,32,2,10,0,7,2,194,10,9,2,36.6986654183129,38.1680087959394,13,11,59976,7023,2201,51.5,2.16,1.92,0.72,3.59,3.27,0.8,4.61,3.27,2.203,2.291,69200,0.68,0.57,-0.11
"8471716","DET",75,891,858,41,34,9,17,0,2,1,91,59,5,3,37.1700816795346,35.8429029997205,16,22,58012,4175,3530,50.9,2.54,2.11,1.61,1.72,1.02,0.9831,4.31,3.06,2.307,2.224,65717,0.88,1.21,0.33
"8473426","BUF",68,771,1122,23,53,0,6,0,0,0,1,224,0,19,30.3462920531165,48.5714306135196,23,5,60990,1261,7355,40.7,1.36,3.13,0.35,0,0,1,0,9.3,1.791,2.867,69606,1.19,0.26,-0.93
"8473558","DET",18,106,105,2,4,0,2,0,0,0,0,37,0,2,4.10549281653948,4.48717844230123,2,1,7955,111,1352,50.2,0.91,1.81,0.91,0,0,1,0,5.33,1.858,2.031,9418,0.76,0.38,-0.38
"8474090","DET",76,1128,964,52,48,4,14,1,0,0,15,81,1,6,47.451511186664,44.004212730797,33,25,72415,1743,4785,53.9,2.59,2.39,0.89,2.07,0,1,2.07,4.51,2.359,2.188,78943,1.5,1.14,-0.36
"8474168","DET",66,578,587,22,33,8,8,0,0,0,18,290,1,18,25.1375091164373,24.8288595116464,6,7,42915,1858,8053,49.6,1.85,2.77,1.34,0,0,1,1.94,8.05,2.109,2.083,52826,0.41,0.48,0.07
"8474551","BUF",58,542,703,11,26,0,7,0,5,0,141,4,7,1,21.7412605450372,30.5394175178371,5,17,41229,6598,612,43.5,0.96,2.27,0.61,2.73,0,1,3.82,5.88,1.898,2.667,48439,0.37,1.26,0.89
"8474570","BUF",72,813,1098,26,44,9,13,8,9,2,344,55,22,5,34.7626634168555,50.390467408055,10,13,60723,8505,2677,42.5,1.54,2.61,1.3,7.2,2.69,0.9636,9.31,6.72,2.061,2.987,71905,0.5,0.65,0.15
"8474574","BUF",62,771,955,25,47,4,6,2,5,1,224,280,11,12,32.8058681662078,42.9232452891301,24,13,59407,7740,7901,44.7,1.51,2.85,0.61,3.26,0.46,0.9964,5.12,5.47,1.988,2.601,75048,1.15,0.62,-0.53
"8474589","BUF",80,986,1260,39,57,14,12,6,9,3,379,3,22,0,44.8647235045792,56.1985126375221,16,16,70787,10262,1853,43.9,1.98,2.9,1.32,5.26,5.83,0,7.72,0,2.282,2.858,82902,0.69,0.69,0
"8475796","BUF",44,531,625,18,28,0,3,0,2,1,79,185,2,7,21.8190270307241,28.2889600662747,8,5,40313,2964,5109,45.9,1.61,2.5,0.27,2.43,0.7,0.9946,2.43,4.93,1.948,2.526,48386,0.6,0.37,-0.23
"8476808","BUF",79,661,925,18,31,5,6,0,0,0,9,326,0,17,26.8854252549936,39.874962289643,7,10,54887,1611,8737,41.7,1.18,2.03,0.72,0,0,1,0,7,1.763,2.615,65235,0.39,0.55,0.16
"8476878","BUF",70,710,878,28,37,7,12,0,0,0,32,214,0,13,34.5170355935115,36.7692905815202,6,18,51391,2386,7133,44.7,1.96,2.59,1.33,0,0,1,0,6.56,2.418,2.576,60910,0.35,1.06,0.71
"8476888","BUF",18,124,191,5,7,2,0,0,1,0,16,0,1,0,5.63056954182684,8.04484725184739,1,0,10631,1062,179,39.4,1.69,2.37,0.68,3.39,0,NA,3.39,0,1.907,2.724,11872,0.3,0,-0.3
"8477215","DET",70,945,973,40,31,2,13,1,3,0,155,258,8,16,41.3487998806522,39.7878189213225,18,14,69155,7013,8477,49.3,2.08,1.61,0.78,2.05,0,1,4.11,6.79,2.152,2.071,84645,0.77,0.6,-0.17
"8477499","BUF",34,388,565,13,25,2,2,0,0,2,79,73,2,2,16.1880248397356,25.4976051940466,3,4,31359,2928,2858,40.7,1.49,2.87,0.46,0,2.52,0.9726,2.46,2.52,1.858,2.927,37145,0.29,0.39,0.1
"8457981","ANA",76,799,786,34,26,6,15,5,7,3,314,3,17,0,38.4202649695799,33.1171556753688,7,19,51214,10007,615,50.4,2.39,1.83,1.48,4.32,17.56,0,6.12,0,2.701,2.328,61836,0.41,1.11,0.7
"8459442","ANA",78,774,927,35,38,8,16,0,0,2,59,228,1,17,31.3789628526429,39.3503954893677,27,14,52600,4089,6514,45.5,2.4,2.6,1.64,0,1.11,0.9912,0.88,9.4,2.148,2.693,63203,1.54,0.8,-0.74
"8464981","COL",54,669,736,34,28,1,9,0,0,0,2,158,0,14,26.2340514181997,30.4640434361063,14,3,47024,548,5586,47.6,2.6,2.14,0.77,0,0,1,0,9.02,2.008,2.332,53158,0.95,0.2,-0.75
"8467332","ANA",81,1085,1149,55,44,1,9,0,0,0,8,331,0,26,50.8604217545362,48.8274049970205,33,9,71154,1125,9851,48.6,2.78,2.23,0.51,0,0,1,0,9.5,2.573,2.47,82130,1.45,0.39,-1.06
"8467338","COL",16,174,189,13,7,3,5,0,2,0,55,8,4,0,8.2756412459421,8.77559913037112,2,2,12772,1862,928,47.9,3.66,1.97,2.25,3.87,0,1,7.73,0,2.333,2.474,15562,0.46,0.46,0
"8467400","ANA",83,1277,1388,78,64,3,10,1,4,3,236,484,15,40,58.9805936722551,59.5258700056002,18,12,84687,9385,13380,47.9,3.32,2.72,0.55,1.92,0.81,0.9938,5.75,10.76,2.507,2.53,107452,0.6,0.4,-0.2
"8469707","COL",62,811,836,39,33,10,18,1,2,1,247,1,12,0,37.3926827159594,34.4189084189129,16,11,50805,7660,767,49.2,2.76,2.34,1.98,1.41,4.69,0,5.64,0,2.65,2.439,59232,0.97,0.67,-0.3
"8470317","COL",75,832,1024,36,35,1,8,0,0,0,5,398,1,28,36.8351994964178,42.9289552579285,14,6,63073,1116,9090,44.8,2.05,2,0.51,0,0,1,3.23,11.09,2.102,2.45,73279,0.69,0.29,-0.4
"8470378","COL",86,1116,1311,54,53,5,9,1,7,2,274,251,20,20,44.3434258410707,54.9314764052979,16,13,78851,10628,9310,46,2.47,2.42,0.64,2.71,0.77,0.992,6.77,7.73,2.025,2.508,98789,0.58,0.47,-0.11
"8470612","ANA",89,1188,1167,81,48,26,40,6,23,4,595,323,38,16,60.0734488130547,49.9854883147636,13,21,79672,15362,8989,50.4,3.66,2.17,2.98,6.8,1.6,0.9876,8.91,6.41,2.714,2.259,104023,0.45,0.73,0.28
"8470621","ANA",94,1306,1196,82,51,32,31,10,12,2,614,81,39,6,66.7318733012653,51.7331012897776,37,53,81466,15446,4435,52.2,3.62,2.25,2.78,5.13,1.62,0.9753,9.09,4.87,2.949,2.286,101347,1.31,1.88,0.57
"8470699","COL",85,1238,1562,62,64,6,9,0,0,0,11,445,1,22,55.0231244944152,67.0361005716259,18,3,91104,2465,10905,44.2,2.45,2.53,0.59,0,0,1,1.46,7.26,2.174,2.649,104474,0.62,0.1,-0.52
"8470750","COL",75,801,946,37,27,7,18,2,0,1,104,232,5,13,29.5025205463753,42.0857277286705,17,13,58173,4889,7319,45.9,2.29,1.67,1.55,1.47,0.49,0.9957,3.68,6.39,1.826,2.604,70381,0.87,0.66,-0.21
"8471241","ANA",39,442,477,21,16,0,3,0,1,0,6,121,1,1,21.111449137039,18.7719534213538,17,4,30066,536,3570,48.1,2.51,1.92,0.36,6.72,0,1,6.72,1.01,2.528,2.248,34172,1.79,0.42,-1.37
"8471326","COL",89,386,535,14,16,6,5,0,0,0,4,0,1,0,13.2468245009077,21.273222517164,10,14,35401,609,43,41.9,1.42,1.63,1.12,0,0,NA,5.91,0,1.347,2.163,36053,1,1.4,0.4
"8471476","ANA",85,884,994,38,35,4,23,0,0,1,10,412,0,19,36.1819426186848,42.6235984506202,10,17,61785,1640,9467,47.1,2.21,2.04,1.57,0,0.38,0.9976,0,7.23,2.108,2.484,72892,0.49,0.84,0.35
"8471657","COL",78,469,681,17,17,4,7,0,0,0,1,194,0,11,16.0806929611717,28.1020187212853,12,11,40506,868,6386,40.8,1.51,1.51,0.98,0,0,1,0,6.2,1.429,2.498,47760,0.9,0.83,-0.07
"8471669","COL",78,1067,1084,58,48,19,24,4,11,1,253,89,19,3,49.150909838907,44.3515778454603,13,14,67139,9505,4091,49.6,3.11,2.57,2.31,5.68,0.88,0.9888,7.2,2.64,2.635,2.378,80735,0.58,0.62,0.04
"8471699","ANA",95,1051,1144,44,47,15,22,0,0,1,27,229,0,20,43.321195686236,49.0849439062877,17,23,68469,3274,8944,47.9,2.31,2.47,1.95,0,0.4,0.9956,0,8.05,2.278,2.581,80687,0.76,1.03,0.27
"8471703","PHI",62,684,696,31,31,0,16,3,3,1,143,1,13,0,27.1556513573159,32.9022511623916,33,23,43073,6811,431,49.6,2.59,2.59,1.34,3.17,8.35,0,6.87,0,2.27,2.75,50315,2.36,1.65,-0.71
"8473446","COL",87,1389,1595,58,62,6,15,2,12,0,304,120,26,5,60.832125253859,71.1500469773309,19,7,93802,11315,5968,46.5,2.23,2.38,0.81,4.45,0,1,8.27,3.02,2.335,2.731,111085,0.62,0.23,-0.39
"8473465","COL",86,1033,1172,49,53,15,16,5,5,0,208,46,17,5,44.4947559218854,52.8222113774391,11,12,68812,7540,2069,46.8,2.56,2.77,1.62,4.77,0,1,8.12,8.7,2.328,2.763,78421,0.5,0.55,0.05
"8473492","ANA",60,615,628,29,20,10,11,1,4,1,131,40,12,2,27.3873347846093,26.3470216978458,21,11,37856,4221,2076,49.5,2.76,1.9,2,4.26,1.73,0.975,10.23,3.47,2.604,2.506,44153,1.71,0.9,-0.81
"8473575","COL",70,2781,3190,133,114,0,1,0,2,2,479,592,38,36,118.591707705637,132.144657503115,1,10,192164,18387,18064,46.6,2.49,2.14,0.02,0.39,0.4,0.9966,7.44,7.17,2.222,2.476,228615,0.02,0.16,0.14
"8473618","ANA",80,838,810,41,32,13,20,6,7,3,291,1,17,0,40.1190469452995,35.6226939976914,22,25,52212,9662,889,50.8,2.83,2.21,2.28,4.84,12.15,-2,6.33,0,2.766,2.456,62763,1.26,1.43,0.17
"8473933","ANA",91,1282,1360,54,39,7,9,0,1,0,26,293,1,11,58.374334021064,57.6020715716877,21,9,85195,2544,11020,48.5,2.28,1.65,0.68,1.42,0,1,1.42,3.59,2.467,2.434,98759,0.77,0.33,-0.44
"8474009","ANA",90,928,966,50,29,16,17,8,14,5,447,299,31,16,41.6982807642198,40.4577789467876,15,14,62711,12322,8477,49,2.87,1.66,1.89,6.43,2.12,0.9833,9.06,6.79,2.394,2.323,83510,0.65,0.6,-0.05
"8474034","ANA",75,716,658,39,25,11,17,2,6,2,262,0,16,0,33.213793900446,28.786363738589,11,17,46146,7684,519,52.1,3.04,1.95,2.18,3.75,13.87,NA,7.5,0,2.591,2.246,54349,0.73,1.13,0.4
"8475151","ANA",80,754,805,43,31,16,14,0,0,4,156,0,2,0,34.0366234861431,34.190695982601,16,21,48478,5399,583,48.4,3.19,2.3,2.23,0,24.7,NA,1.33,0,2.528,2.539,54460,1.06,1.39,0.33
"8475158","COL",87,1199,1302,56,59,20,20,9,14,1,330,164,30,8,53.6205133682233,56.2764798187418,1,16,78385,10279,6595,47.9,2.57,2.71,1.84,8.06,0.55,0.9939,10.51,4.37,2.463,2.585,95259,0.04,0.6,0.56
"8475164","ANA",65,703,719,30,30,8,13,1,0,3,121,135,4,9,32.2286235374631,30.9003386618569,8,12,43275,4704,5113,49.4,2.5,2.5,1.75,0.77,2.11,0.9778,3.06,6.34,2.681,2.571,53092,0.54,0.81,0.27
"8475168","COL",73,1015,1061,54,53,13,32,5,14,0,300,19,28,1,50.3455958744162,46.745015238761,8,31,63598,9028,2207,48.9,3.06,3,2.55,7.58,0,1,11.17,1.63,2.85,2.646,74833,0.38,1.49,1.11
"8475197","COL",67,941,941,46,31,5,15,4,6,1,230,9,21,1,40.339194257278,40.0671119819744,10,12,59475,9145,1325,50,2.78,1.88,1.21,3.94,2.72,0.8889,8.27,2.72,2.442,2.425,69945,0.51,0.62,0.11
"8475222","ANA",53,739,670,39,28,4,9,2,6,1,232,24,12,2,34.5021892270888,27.4107351289713,10,14,45633,6947,1421,52.4,3.08,2.21,1.03,4.15,2.53,0.9583,6.22,5.07,2.722,2.162,54001,0.67,0.93,0.26
"8475764","ANA",83,1221,1269,56,42,1,17,4,14,4,505,425,34,23,53.7067267281818,52.6096377674257,9,5,84306,13676,11314,49,2.39,1.79,0.77,4.74,1.27,0.9906,8.95,7.32,2.293,2.247,109296,0.3,0.16,-0.14
"8476455","COL",88,1211,1281,71,49,21,31,5,5,1,274,30,19,0,55.2890175720095,49.9548026691191,37,27,78252,11247,2611,48.6,3.27,2.25,2.39,3.2,1.38,0.9667,6.08,0,2.544,2.298,92110,1.45,1.06,-0.39
"8476839","EDM",12,444,500,18,24,0,0,0,0,1,79,121,5,6,20.9814100692747,21.4285652992548,0,0,32482,2906,4285,47,1.99,2.66,0,0,0.84,0.9917,6.19,5.04,2.325,2.375,39673,0,0,0
"8477492","COL",89,1161,1322,62,47,17,29,8,9,2,286,10,26,1,50.3993596242508,57.276332914189,15,34,75564,10557,1508,46.8,2.95,2.24,2.19,5.8,4.77,0.8,8.87,2.39,2.401,2.729,87629,0.62,1.4,0.78
"8462042","BOS",90,1385,1229,63,35,21,18,6,11,3,420,56,29,3,57.2703849200625,51.2755590146407,12,15,78126,10847,4272,53,2.9,1.61,1.8,5.64,2.53,0.9464,9.62,2.53,2.639,2.363,93245,0.46,0.58,0.12
"8465009","BOS",89,1582,1282,61,41,7,14,12,6,3,433,462,32,34,63.7980427912553,51.5990558930207,29,20,98081,11020,13403,55.2,2.24,1.5,0.77,5.88,0.81,0.9935,10.45,9.13,2.342,1.894,122504,0.85,0.59,-0.26
"8465978","BOS",76,515,567,14,14,5,3,0,0,0,1,1,0,0,19.2461547959247,19.5752084711567,9,3,37838,825,151,47.6,1.33,1.33,0.76,0,0,1,0,0,1.831,1.862,38814,0.83,0.28,-0.55
"8466142","TBL",81,1043,1034,37,40,4,9,0,0,0,5,305,0,22,45.2131429739529,45.6004085029708,22,9,70967,1042,10083,50.2,1.88,2.03,0.66,0,0,1,0,7.85,2.294,2.313,82092,0.96,0.39,-0.57
"8466378","TBL",106,1439,1492,69,53,23,26,11,16,4,514,198,35,16,65.4694279998075,67.7997360826121,6,26,96602,14743,8892,49.1,2.57,1.98,1.83,6.59,1.62,0.9798,8.55,6.48,2.44,2.527,120237,0.18,0.78,0.6
"8467967","BOS",57,603,567,28,25,6,9,0,0,0,8,154,0,11,23.6845669617178,22.9563069274882,16,13,41903,1253,5002,51.5,2.41,2.15,1.29,0,0,1,0,7.92,2.035,1.972,48158,1.2,0.97,-0.23
"8467988","TBL",57,536,526,18,23,4,7,0,3,1,93,16,6,3,19.2614195658825,21.4719085108954,15,13,34600,3509,1144,50.5,1.87,2.39,1.14,3.08,3.15,0.9375,6.16,9.44,2.004,2.234,39253,1.38,1.19,-0.19
"8469619","BOS",34,583,589,28,21,1,9,0,0,0,19,118,1,4,22.0433773690602,25.9538811974926,5,2,35375,1683,5035,49.7,2.85,2.14,1.02,0,0,1,2.14,2.86,2.243,2.641,42093,0.43,0.17,-0.26
"8470047","TBL",79,1077,992,44,38,17,15,6,14,4,348,143,35,9,43.0344121610397,44.1664437811705,10,27,71425,10420,5839,52.1,2.22,1.92,1.61,6.91,2.47,0.972,12.09,5.55,2.169,2.226,87684,0.41,1.11,0.7
"8470169","BOS",94,709,862,23,29,6,9,0,1,0,11,297,1,17,28.1206511060591,32.4956631015521,12,12,53924,1861,9216,45.1,1.54,1.94,1,1.93,0,1,1.93,6.64,1.877,2.169,65001,0.66,0.66,0
"8470187","BOS",87,1518,1235,76,52,6,13,0,0,1,32,430,1,28,64.780710474879,47.7874543452053,21,13,88887,3077,12358,55.1,3.08,2.11,0.77,0,0.29,0.9977,1.17,8.16,2.624,1.935,104322,0.72,0.45,-0.27
"8470230","BOS",79,589,632,23,16,9,9,0,0,0,1,182,0,15,23.0170760768815,23.4601524309837,4,15,43913,1031,6524,48.2,1.89,1.31,1.48,0,0,1,0,8.28,1.887,1.923,51468,0.28,1.05,0.77
"8470626","BOS",73,938,667,42,27,9,16,3,10,0,255,144,21,10,38.1369597504963,28.6655777134583,5,11,55324,7400,5965,58.4,2.73,1.76,1.63,6.32,0,1,10.22,6.04,2.482,1.865,68689,0.26,0.58,0.32
"8470638","BOS",92,1346,859,62,33,21,23,7,8,3,317,293,26,18,54.5907512312988,34.7421071381541,21,19,73306,9735,8398,61,3.04,1.62,2.16,5.55,1.29,0.9898,9.61,7.72,2.681,1.706,91439,0.83,0.75,-0.08
"8470640","TBL",86,1307,1445,59,55,2,18,1,6,3,158,326,9,19,56.390077545424,61.3153291144408,14,8,86595,7993,11858,47.5,2.45,2.29,0.83,3.15,0.91,0.9908,4.05,5.77,2.344,2.549,106446,0.47,0.27,-0.2
"8470647","TBL",57,409,445,10,14,3,5,0,0,0,1,143,0,11,13.4570775523316,18.1146578464541,12,8,28551,886,4025,47.9,1.26,1.77,1.01,0,0,1,0,9.84,1.697,2.284,33462,1.29,0.86,-0.43
"8470775","TBL",85,806,782,26,27,6,6,0,0,0,2,284,0,19,32.7045494930353,32.5067746437853,10,8,52692,1697,8050,50.8,1.78,1.84,0.82,0,0,1,0,8.5,2.234,2.221,62439,0.58,0.46,-0.12
"8471276","BOS",92,1421,1304,63,37,13,32,3,17,3,452,113,31,4,57.1627614502213,54.962445813464,16,28,82838,11604,6260,52.1,2.74,1.61,1.96,6.2,1.73,0.9735,9.62,2.3,2.484,2.389,100702,0.57,1,0.43
"8471695","BOS",70,3223,2791,134,89,0,1,0,2,3,509,572,39,40,127.921907170443,108.916830897797,2,3,199374,15851,20013,53.6,2.42,1.61,0.02,0.45,0.54,0.9948,8.86,7.2,2.31,1.967,235238,0.03,0.05,0.02
"8471717","BOS",30,366,359,20,10,1,5,0,0,0,0,81,0,8,14.9836892457679,12.1672988265054,12,5,24326,352,3284,50.5,2.96,1.48,0.89,0,0,1,0,8.77,2.217,1.801,27962,1.54,0.64,-0.9
"8473419","BOS",94,1378,941,61,31,17,29,1,1,1,63,230,4,18,56.3678998157848,38.3320961020654,40,30,73475,3637,6996,59.4,2.99,1.52,2.25,1.98,0.51,0.9957,3.96,9.26,2.762,1.878,84108,1.71,1.28,-0.43
"8473473","BOS",92,1387,1208,62,34,21,22,3,9,3,408,1,29,0,57.3460626312299,51.5737561868737,20,21,79151,10587,1867,53.4,2.82,1.55,1.96,4.08,5.78,-2,9.86,0,2.608,2.346,91605,0.79,0.83,0.04
"8473962","TBL",85,1038,919,42,43,8,16,3,14,2,326,1,25,0,43.5082407108857,43.2763588991365,7,8,66341,10232,1635,53,2.28,2.33,1.3,5.98,4.4,-1,8.8,0,2.361,2.348,78208,0.32,0.37,0.05
"8473986","TBL",86,1120,1060,53,45,12,19,2,5,2,202,19,13,1,47.4798132493743,48.5309727598797,25,22,70136,9131,2398,51.4,2.72,2.31,1.59,2.76,3,0.8947,5.13,1.5,2.437,2.491,81665,1.1,0.97,-0.13
"8474201","TBL",13,53,81,0,5,0,0,0,0,0,0,0,0,0,1.5348895204952,3.53454537503421,4,0,5040,175,45,39.6,0,3.57,0,0,0,NA,0,0,1.096,2.525,5260,2.74,0,-2.74
"8474564","TBL",41,590,545,35,25,16,10,9,5,4,225,33,21,2,26.3489946688642,23.2408837755211,11,15,37410,6122,2338,52,3.37,2.41,2.5,8.23,6.16,0.8788,12.35,3.08,2.536,2.236,45870,0.86,1.18,0.32
"8474717","TBL",51,650,581,31,22,4,5,1,0,0,16,22,1,3,27.8414406157099,24.4723063152633,16,0,39109,1287,1643,52.8,2.85,2.03,0.83,2.8,0,1,2.8,6.57,2.563,2.253,42039,1.37,0,-1.37
"8474765","TBL",27,1188,1046,40,50,0,0,0,0,2,137,214,12,21,50.2119423874537,45.461704143323,1,3,73042,5494,7708,53.2,1.97,2.46,0,0,0.93,0.9907,7.86,9.81,2.475,2.241,86244,0.04,0.13,0.09
"8474870","TBL",86,1070,1047,53,38,14,20,5,5,3,252,310,19,19,45.6970531630795,46.3956578517682,13,24,71609,9890,9124,50.5,2.66,1.91,1.71,3.64,1.18,0.9903,6.92,7.5,2.297,2.332,90623,0.52,0.95,0.43
"8475150","BOS",42,350,377,8,15,2,2,0,0,0,2,42,0,1,14.2987192339497,16.8187217448722,14,7,23876,732,1346,48.1,1.21,2.26,0.6,0,0,1,0,2.67,2.156,2.536,25954,1.94,0.97,-0.97
"8475167","TBL",79,1262,1078,58,51,9,24,3,12,3,241,302,24,24,49.9929243128863,46.8358554354054,25,10,80530,8258,9057,53.9,2.59,2.28,1.48,6.54,1.19,0.9901,10.46,9.54,2.235,2.094,97845,0.92,0.37,-0.55
"8475191","BOS",94,1258,878,61,32,14,21,8,9,3,272,0,28,0,52.4489632404875,35.2672224272974,6,8,69746,8310,403,58.9,3.15,1.65,1.81,7.36,26.8,NA,12.13,0,2.707,1.82,78459,0.28,0.37,0.09
"8475209","TBL",52,473,516,12,24,3,5,0,4,2,84,5,6,1,18.1898144141305,21.7142316617537,10,18,34346,3764,433,47.8,1.26,2.52,0.84,3.83,16.63,0.6,5.74,8.31,1.907,2.276,38543,0.93,1.68,0.75
"8475462","TBL",76,1099,1156,51,49,1,15,1,3,2,76,217,5,14,45.9211837991024,53.1395262374426,43,29,69340,4369,8110,48.7,2.65,2.54,0.83,3.3,0.89,0.9908,4.12,6.21,2.384,2.759,81819,1.89,1.28,-0.61
"8476292","TBL",84,1047,1025,58,33,15,25,4,7,3,183,303,20,17,46.2193270128919,43.5332470640424,10,18,69302,6741,8877,50.5,3.01,1.71,2.08,5.87,1.22,0.9901,10.68,6.89,2.401,2.261,84920,0.42,0.76,0.34
"8476462","BOS",76,1183,927,47,25,6,15,3,6,2,232,66,20,1,46.8192947599455,40.0823907275917,27,6,70755,7603,3927,56.1,2.39,1.27,1.07,4.26,1.83,0.9697,9.47,0.92,2.382,2.039,82285,1.18,0.26,-0.92
"8476792","BOS",91,1357,1117,52,38,7,17,7,17,2,438,27,30,3,55.0280986077851,43.5783062127302,16,15,78415,11124,2920,54.9,2.39,1.74,1.1,7.77,2.47,0.9259,9.71,3.7,2.526,2.001,92459,0.62,0.58,-0.04
"8477205","TBL",46,583,561,16,22,1,3,0,0,0,3,85,0,5,23.8183920678566,25.0437413740437,9,2,38014,537,3684,51,1.52,2.08,0.38,0,0,1,0,4.89,2.256,2.372,42235,0.77,0.17,-0.6
"8448208","NJD",82,1124,776,53,34,13,28,5,12,4,322,4,32,0,58.2000816824147,38.4874995159917,23,14,74143,10549,1523,59.2,2.57,1.65,1.99,5.8,9.46,0,10.92,0,2.826,1.869,86215,0.96,0.58,-0.38
"8460542","NJD",65,672,559,31,39,11,13,4,12,3,209,183,23,10,31.2986287338426,27.548747113673,10,11,49904,7419,6135,54.6,2.24,2.81,1.73,7.76,1.76,0.9836,11.16,5.87,2.258,1.987,63458,0.57,0.62,0.05
"8460626","NJD",40,495,487,20,22,1,3,0,0,0,1,260,0,10,24.9406095417798,21.4521520129638,12,9,38964,558,6868,50.4,1.85,2.03,0.37,0,0,1,0,5.24,2.304,1.982,46390,0.93,0.7,-0.23
"8464977","NJD",82,967,819,40,40,11,11,0,0,0,33,259,2,10,47.1400422172155,38.996783490933,23,13,70145,2693,8633,54.1,2.05,2.05,1.13,0,0,1,2.67,4.17,2.419,2.001,81471,1.02,0.57,-0.45
"8465166","PIT",95,550,764,14,33,4,4,0,0,0,3,520,0,29,21.4904568105703,26.6154629572993,14,11,53157,877,12826,41.9,0.95,2.23,0.54,0,0,1,0,8.14,1.455,1.803,66860,0.75,0.59,-0.16
"8466393","PIT",39,587,506,29,20,7,13,0,0,0,9,117,0,6,25.7555328486487,17.9206104915356,4,7,32746,1607,3845,53.7,3.19,2.2,2.2,0,0,1,0,5.62,2.831,1.97,38198,0.38,0.66,0.28
"8467452","PIT",66,812,1017,31,41,0,4,0,0,1,1,354,0,22,34.525551988685,38.3213315497851,4,7,59956,1090,9110,44.4,1.86,2.46,0.24,0,0.4,0.9972,0,8.69,2.073,2.301,70156,0.21,0.36,0.15
"8467545","NJD",82,866,757,30,33,12,11,4,3,1,244,1,19,0,39.3720176310744,33.4145688230637,9,9,62943,9784,842,53.4,1.72,1.89,1.32,2.58,4.28,0,6.99,0,2.252,1.911,73569,0.44,0.44,0
"8468498","PIT",77,1073,1216,55,59,3,10,0,0,0,13,394,1,22,47.3033945367206,48.0564852766693,13,10,78979,2540,9300,46.9,2.51,2.69,0.59,0,0,1,1.42,8.52,2.156,2.19,90819,0.52,0.4,-0.12
"8468501","NJD",56,580,468,22,23,0,6,0,0,0,1,316,0,15,27.6195818193955,21.1448533543153,10,12,44654,794,8820,55.3,1.77,1.85,0.48,0,0,1,0,6.12,2.227,1.705,54268,0.66,0.8,0.14
"8468542","PIT",52,816,750,32,35,1,6,1,11,1,314,267,27,13,35.7324958347017,30.285248475906,8,9,57493,8348,6919,52.1,2,2.19,0.44,5.17,0.52,0.9963,11.64,6.76,2.237,1.896,72760,0.4,0.45,0.05
"8469467","PIT",33,241,291,6,5,2,0,0,0,0,30,35,1,3,9.58277370221913,10.0851073564263,5,5,18999,1930,976,45.3,1.14,0.95,0.38,0,0,1,1.87,11.07,1.816,1.911,21905,0.82,0.82,0
"8469622","NJD",43,501,467,21,31,3,13,3,5,0,132,0,11,0,25.3912952633109,21.1750626458088,4,3,34281,5187,475,51.8,2.21,3.26,1.68,5.55,0,NA,7.63,0,2.666,2.224,39943,0.36,0.27,-0.09
"8469623","NJD",81,1152,1006,45,45,2,17,7,10,1,304,23,29,2,56.4626337986556,47.7671404574648,30,11,83808,10272,3414,53.4,1.93,1.93,0.82,5.96,1.05,0.9565,10.16,2.11,2.425,2.052,97494,1.11,0.41,-0.7
"8469638","PIT",94,1215,986,62,43,19,21,7,15,4,354,4,27,0,50.6618425687193,41.3817029353231,14,19,70687,11928,1132,55.2,3.16,2.19,2.04,6.64,12.72,0,8.15,0,2.58,2.108,83747,0.6,0.82,0.22
"8470543","PIT",91,1333,1171,71,49,21,25,15,9,5,670,16,55,0,59.8071461730869,48.0645790902781,41,25,78551,14396,2404,53.2,3.25,2.25,2.11,6,7.49,0.6875,13.75,0,2.741,2.203,95351,1.55,0.94,-0.61
"8470594","PIT",77,3217,3179,132,128,0,0,0,0,7,732,677,49,36,132.232051587314,123.495805820392,2,7,215160,22798,21070,50.3,2.21,2.14,0,0,1.2,0.9897,7.74,6.15,2.212,2.066,259028,0.03,0.1,0.07
"8470609","NJD",78,691,613,16,32,2,8,0,1,0,80,0,5,0,30.9648034846759,27.5315197462915,9,13,51059,4393,559,53,1.13,2.26,0.71,0.82,0,NA,4.1,0,2.183,1.941,56011,0.58,0.84,0.26
"8470854","PIT",75,463,714,13,22,3,9,0,0,0,1,236,0,11,17.2258347633178,24.1594728028285,17,18,42914,672,6964,39.3,1.09,1.85,1.01,0,0,1,0,5.69,1.445,2.027,50550,1.21,1.28,0.07
"8471215","PIT",73,1094,922,60,40,19,29,8,24,7,647,5,50,1,48.5870951872785,38.8482211792143,35,38,65910,15477,1370,54.3,3.28,2.18,2.62,7.44,18.39,-0.4,11.63,2.63,2.654,2.122,82757,1.52,1.65,0.13
"8471233","NJD",80,1091,768,49,42,14,16,3,12,1,274,242,26,15,55.8620228928048,37.3054941734299,14,15,73217,8691,7590,58.7,2.41,2.07,1.48,6.21,0.47,0.9959,10.77,7.11,2.747,1.834,89498,0.56,0.6,0.04
"8471239","NJD",45,1769,1455,54,63,0,0,0,0,0,272,368,20,15,81.993954468111,67.6905681631179,2,0,126550,10977,13580,54.9,1.54,1.79,0,0,0,1,6.56,3.98,2.333,1.926,151107,0.05,0,-0.05
"8471675","PIT",93,1531,1295,77,60,21,39,11,31,7,786,65,61,2,68.0097146178014,52.7658894833294,24,35,88641,18724,3792,54.2,3.13,2.44,2.44,8.08,6.65,0.8923,11.73,1.9,2.762,2.143,111157,0.78,1.13,0.35
"8471702","PIT",94,1428,1243,79,49,6,24,5,16,2,509,98,40,6,58.5416053698282,50.3029029812897,27,7,92376,14476,4532,53.5,3.08,1.91,1.17,5.22,1.59,0.9796,9.95,4.77,2.281,1.96,111384,0.87,0.23,-0.64
"8471707","PIT",72,1058,861,55,39,16,18,11,16,5,522,0,43,0,45.7258816737449,36.6920337664196,31,26,61168,12313,825,55.1,3.24,2.3,2,7.89,21.82,NA,12.57,0,2.691,2.159,74306,1.5,1.26,-0.24
"8472382","NJD",82,1227,953,47,52,3,10,3,10,3,256,397,20,23,57.6079935575835,41.908842503035,16,11,87396,10483,13497,56.3,1.94,2.14,0.54,4.46,0.8,0.9924,6.87,6.13,2.373,1.726,111376,0.52,0.36,-0.16
"8472394","NJD",33,403,334,13,12,0,4,0,0,0,37,41,0,1,18.7748751130421,15.1452024164028,6,7,30199,2169,2435,54.7,1.55,1.43,0.48,0,0,1,0,1.48,2.238,1.805,34803,0.62,0.72,0.1
"8472410","NJD",66,461,457,12,17,3,6,0,0,0,1,164,0,12,21.6083828607225,19.0972051217686,8,15,40444,874,6158,50.2,1.07,1.51,0.8,0,0,1,0,7.02,1.923,1.7,47476,0.61,1.14,0.53
"8473646","NJD",62,450,421,12,19,7,2,0,0,0,2,84,0,2,21.0901527350652,19.0665154568851,14,21,36305,788,4040,51.7,1.19,1.88,0.89,0,0,1,0,1.78,2.091,1.891,41133,1.23,1.84,0.61
"8474091","PIT",94,811,1034,27,33,10,10,2,3,2,134,387,10,22,31.5072111990303,39.2580218657386,7,18,66009,8221,9836,44,1.47,1.8,1.09,2.19,0.73,0.9948,4.38,8.05,1.718,2.141,84066,0.3,0.77,0.47
"8474138","DAL",33,247,251,7,10,2,2,0,0,0,20,5,0,0,10.4342449710821,12.0166332899244,1,3,17224,1006,467,49.6,1.46,2.09,0.84,0,0,1,0,0,2.181,2.512,18697,0.19,0.58,0.39
"8474145","PIT",62,685,786,28,32,0,9,0,0,0,2,121,1,3,27.8349633184262,27.5614265011973,14,12,49227,584,4305,46.6,2.05,2.34,0.66,0,0,1,6.16,2.51,2.036,2.016,54116,0.93,0.8,-0.13
"8474641","NJD",77,829,741,34,36,15,8,7,5,2,199,236,18,11,40.366980460356,34.0479675288661,10,22,60294,9021,8268,52.8,2.03,2.15,1.37,4.79,0.87,0.9915,7.18,4.79,2.41,2.033,77583,0.46,1.02,0.56
"8474681","NJD",68,660,541,29,27,5,11,2,4,0,104,30,7,1,30.2003553470131,26.0793010761845,7,8,45813,3336,1900,55,2.28,2.12,1.26,6.47,0,1,7.55,1.89,2.373,2.049,51049,0.49,0.56,0.07
"8475761","PIT",33,357,286,13,17,3,7,1,0,0,38,0,3,0,13.7487938491977,12.8507069715415,4,8,22634,2405,159,55.5,2.07,2.7,1.59,1.5,0,NA,4.49,0,2.187,2.044,25198,0.57,1.14,0.57
"8476457","NJD",26,348,279,10,13,1,2,0,0,0,7,31,0,0,14.9421090573305,12.2146321996115,6,3,23684,1129,1725,55.5,1.52,1.98,0.46,0,0,1,0,0,2.271,1.857,26538,0.81,0.41,-0.4
"8476874","PIT",91,1279,1208,60,52,5,19,3,3,1,164,163,10,8,53.9659848914016,48.6055383089697,7,13,79922,7777,6716,51.4,2.7,2.34,1.08,2.78,0.54,0.9939,4.63,4.29,2.431,2.189,94415,0.27,0.5,0.23
"8477059","NJD",60,571,504,22,26,7,7,4,6,3,150,2,13,0,24.7262519518845,23.529157474346,13,11,40199,6109,522,53.1,1.97,2.33,1.25,5.89,20.69,-0.5,7.66,0,2.214,2.107,46830,1,0.85,-0.15
"8467977","CGY",76,362,586,14,18,4,4,0,0,0,3,5,0,0,12.9745799038792,23.118451032904,5,9,29609,397,255,38.2,1.7,2.19,0.97,0,0,1,0,0,1.578,2.811,30261,0.59,1.07,0.48
"8469770","CGY",46,697,817,31,41,2,12,2,2,5,199,115,12,9,29.2223651536624,32.6264960283297,9,10,48218,6928,3911,46,2.31,3.06,1.05,2.08,4.6,0.9565,6.24,8.28,2.182,2.436,59057,0.55,0.61,0.06
"8470162","CGY",63,822,909,33,49,10,15,0,1,0,31,228,2,14,37.2361329108826,38.2053359315614,21,19,55940,2342,5668,47.5,2.12,3.15,1.61,1.54,0,1,3.07,8.89,2.396,2.459,63950,1.18,1.07,-0.11
"8470201","CGY",75,892,1009,48,38,13,22,2,10,3,336,2,22,1,39.5346296918578,40.1903622430982,8,14,66553,10170,1585,46.9,2.6,2.06,1.89,4.25,6.81,-0.5,7.79,2.27,2.139,2.174,78308,0.37,0.64,0.27
"8470740","CGY",86,1054,1122,41,62,11,15,0,4,1,199,151,11,9,44.8309587083058,46.2038349693757,13,12,71747,8005,6974,48.4,2.06,3.11,1.3,1.8,0.52,0.9934,4.95,4.65,2.249,2.318,86726,0.54,0.5,-0.04
"8470839","CGY",45,385,490,16,25,0,3,0,0,0,1,7,0,1,14.7366589484736,20.4075845531188,14,6,28828,351,636,44,2,3.12,0.37,0,0,1,0,5.66,1.84,2.548,29815,1.69,0.72,-0.97
"8470877","CGY",48,531,640,21,20,6,8,2,0,3,118,6,5,1,23.2761624479317,26.124436186743,5,5,36729,4573,673,45.3,2.06,1.96,1.37,1.57,16.05,0.5,3.94,5.35,2.281,2.561,41975,0.43,0.43,0
"8470966","CGY",64,1040,910,46,40,7,15,6,13,4,327,285,26,15,46.0616289031459,40.3720609711017,29,20,70854,9549,8212,53.3,2.34,2.03,1.12,7.16,1.75,0.986,9.8,6.58,2.34,2.051,88615,1.18,0.81,-0.37
"8471185","CGY",38,416,557,17,29,7,6,3,5,0,146,23,11,4,18.9970125831896,22.9634360489435,6,5,31250,4522,1138,42.8,1.96,3.34,1.5,6.37,0,1,8.76,12.65,2.188,2.645,36910,0.59,0.49,-0.1
"8471403","CGY",40,1483,1771,65,72,0,1,0,0,3,274,283,19,21,63.6594968534191,74.139570121537,5,1,104563,9557,9851,45.6,2.24,2.48,0.03,0,1.1,0.9894,7.16,7.67,2.192,2.553,123971,0.15,0.03,-0.12
"8471729","CGY",68,1007,1308,47,55,2,12,4,8,2,311,85,23,3,42.4535192545154,51.1332338556531,5,6,74340,8921,4444,43.5,2.28,2.66,0.68,4.84,1.62,0.9765,9.28,2.43,2.056,2.476,87705,0.21,0.25,0.04
"8471761","CGY",82,1090,1463,36,60,1,13,0,0,0,39,346,1,22,48.3405689004576,59.6333863300388,12,9,81164,2801,10868,42.7,1.6,2.66,0.62,0,0,1,1.29,7.29,2.144,2.645,94833,0.46,0.34,-0.12
"8473607","WSH",15,594,611,20,27,0,0,0,1,1,145,214,9,12,26.0586154930643,28.2900055248756,0,3,38939,4245,6770,49.3,1.85,2.5,0,0.85,0.53,0.9953,7.63,6.38,2.409,2.615,49954,0,0.22,0.22
"8474001","CGY",62,716,727,26,40,3,12,0,0,0,13,116,0,6,29.3098929093103,29.4121053854469,8,24,47445,1511,3706,49.6,1.97,3.04,1.14,0,0,1,0,5.83,2.224,2.232,52662,0.55,1.64,1.09
"8474150","CGY",76,976,905,38,36,7,13,5,6,1,208,219,17,13,42.302166597452,39.1614800378447,16,20,64116,6438,8189,51.9,2.13,2.02,1.12,6.15,0.44,0.9954,9.51,5.71,2.375,2.199,78743,0.73,0.91,0.18
"8474291","WSH",62,478,592,11,20,4,5,0,0,0,2,101,0,6,22.4535766029148,25.5857477890095,14,7,36448,1379,3283,44.7,1.09,1.98,0.89,0,0,1,0,6.58,2.218,2.527,41110,1.23,0.61,-0.62
"8474642","CGY",78,643,837,26,30,4,10,0,0,1,18,276,1,18,25.7274785911432,34.4954802948632,17,18,48045,1605,7144,43.4,1.95,2.25,1.05,0,0.5,0.9964,2.24,9.07,1.928,2.585,56794,1.08,1.14,0.06
"8474673","CGY",81,1351,1268,57,60,2,17,1,6,1,193,241,11,21,57.2929623919772,53.8285232047201,10,19,89276,9377,9613,51.6,2.3,2.42,0.77,2.69,0.37,0.9959,4.22,7.86,2.31,2.171,108266,0.33,0.63,0.3
"8476043","CGY",13,98,141,3,5,0,1,0,0,0,10,26,0,4,3.37950976990396,6.7625508432975,2,2,6513,420,788,41,1.66,2.76,0.55,0,0,1,0,18.27,1.868,3.738,7721,0.93,0.93,0
"8476466","CGY",26,260,345,12,15,1,6,1,3,0,31,0,4,0,11.0925058419234,13.3231737203896,2,8,19508,1730,392,43,2.21,2.77,1.29,8.32,0,NA,8.32,0,2.047,2.459,21630,0.33,1.33,1
"8477497","CGY",75,758,975,33,46,18,6,3,4,5,220,21,14,1,31.8756687856512,39.3373099779128,4,6,58640,7577,2182,43.7,2.03,2.82,1.47,3.33,8.25,0.7619,6.65,1.65,1.957,2.415,68399,0.21,0.32,0.11
"8464989","NSH",77,877,863,47,41,9,21,1,7,0,220,46,14,4,40.1466526926961,36.2304946035729,15,12,56763,8656,2896,50.4,2.98,2.6,1.9,3.33,0,1,5.82,4.97,2.546,2.298,68315,0.79,0.63,-0.16
"8466160","STL",73,626,662,29,25,9,9,4,3,2,102,6,9,1,27.2169824460871,27.6129445628612,28,21,45830,4468,921,48.6,2.28,1.96,1.41,5.64,7.82,0.6667,7.25,3.91,2.138,2.169,51219,1.97,1.48,-0.49
"8467330","NSH",88,1041,1066,41,58,7,21,6,13,2,382,16,33,1,43.1726860437775,44.365430818114,23,9,70210,10633,2136,49.4,2.1,2.97,1.44,6.43,3.37,0.875,11.17,1.69,2.214,2.275,82979,1,0.39,-0.61
"8467370","NSH",75,922,1064,49,52,15,21,4,7,0,313,184,26,14,41.9266742414329,38.6971881856443,19,8,68175,8344,6123,46.4,2.59,2.75,1.9,4.75,0,1,11.22,8.23,2.214,2.043,82642,0.83,0.35,-0.48
"8467890","STL",85,1135,1018,52,56,3,14,0,0,0,2,275,0,21,49.4621282045264,44.6110292160301,29,14,74850,1233,11220,52.7,2.5,2.69,0.82,0,0,1,0,6.74,2.379,2.146,87303,1.2,0.58,-0.62
"8467917","STL",33,407,375,13,11,1,4,0,2,1,36,9,3,0,16.1444221585407,14.8245877198642,4,5,26597,1999,1137,52,1.76,1.49,0.68,3.6,3.17,0.8889,5.4,0,2.185,2.007,29733,0.48,0.61,0.13
"8468611","NSH",77,504,710,9,20,4,2,0,0,1,16,367,0,19,20.227587016765,26.4174457431072,25,18,46285,1679,8399,41.5,0.7,1.56,0.47,0,0.43,0.9973,0,8.14,1.573,2.055,56363,1.6,1.15,-0.45
"8468700","NSH",75,584,727,21,32,6,10,0,0,0,4,332,0,22,24.2077043161262,26.3451283342438,18,8,49304,1615,7790,44.5,1.53,2.34,1.17,0,0,1,0,10.17,1.768,1.924,58709,1.1,0.49,-0.61
"8469485","STL",79,750,699,30,31,5,16,4,12,1,325,11,22,0,35.2106645771419,27.6252209297381,15,13,51279,8788,1459,51.8,2.11,2.18,1.47,6.55,2.47,0.9091,9.01,0,2.472,1.939,61526,0.88,0.76,-0.12
"8470151","STL",88,1509,1297,73,55,2,24,1,9,1,250,426,15,19,63.6872559408657,54.3172724145697,11,9,93277,11750,12784,53.8,2.82,2.12,1,3.06,0.28,0.9977,4.6,5.35,2.458,2.096,117811,0.34,0.28,-0.06
"8470180","NSH",79,792,922,31,52,13,6,0,0,0,6,233,0,19,32.3688192460104,34.0584902519477,10,17,59509,1031,6744,46.2,1.88,3.15,1.15,0,0,1,0,10.14,1.958,2.06,67284,0.54,0.91,0.37
"8470257","STL",74,1092,830,50,42,24,14,7,10,3,499,209,32,8,44.8653112181928,34.5924001578824,26,43,65399,11798,6470,56.8,2.75,2.31,2.09,5.19,1.67,0.9856,9.76,4.45,2.47,1.904,83667,1.12,1.85,0.73
"8470630","NYR",102,1276,1400,47,51,2,10,0,0,0,9,179,0,17,55.8766765752807,59.0384264704771,6,10,86805,1312,7980,47.7,1.95,2.12,0.5,0,0,1,0,7.67,2.317,2.448,96097,0.22,0.37,0.15
"8470642","NSH",79,1403,1516,67,69,8,18,12,14,0,358,341,33,23,62.1370930091362,58.7000079083955,21,12,96314,11621,9746,48.1,2.5,2.58,0.97,8.05,0,1,10.22,8.5,2.323,2.194,117681,0.64,0.37,-0.27
"8470654","STL",77,547,677,26,26,9,6,0,0,0,2,161,0,7,21.8390477866633,27.4307432775386,16,12,45038,835,6301,44.7,2.08,2.08,1.2,0,0,1,0,4,1.746,2.193,52174,1.1,0.83,-0.27
"8470655","STL",78,1086,886,49,38,12,24,10,6,3,402,218,28,13,46.2931961825816,37.3757664469886,38,28,68738,9687,6283,55.1,2.57,1.99,1.89,5.95,1.72,0.9862,10.41,7.45,2.425,1.957,84708,1.61,1.19,-0.42
"8470860","STL",52,1987,1914,82,80,0,1,0,0,3,455,486,41,25,89.1716356608085,81.8391693213489,0,0,136027,14135,15472,50.9,2.17,2.12,0.03,0,0.7,0.9938,10.44,5.82,2.36,2.166,165634,0,0,0
"8471392","STL",78,934,977,33,42,4,8,0,0,0,1,242,0,14,38.3377966765547,38.3260134263546,20,11,66257,1158,10543,48.9,1.79,2.28,0.65,0,0,1,0,4.78,2.083,2.082,77958,0.92,0.51,-0.41
"8471469","NSH",24,958,983,44,53,0,0,0,0,0,150,180,7,9,41.3640518062166,37.4249760847888,0,0,65940,6144,6287,49.4,2.4,2.89,0,0,0,1,4.1,5.15,2.258,2.043,78371,0,0,0
"8471698","STL",84,1109,938,52,37,13,27,4,10,3,450,220,30,12,44.3156128649716,39.0659773857333,22,41,70778,10710,8203,54.2,2.64,1.88,2.03,4.71,1.32,0.9864,10.08,5.27,2.254,1.987,89691,0.88,1.65,0.77
"8471733","NSH",58,334,374,10,17,3,4,0,0,0,0,18,0,1,12.0918804851826,14.4723506490118,28,20,27538,472,882,47.2,1.31,2.22,0.92,0,0,1,0,4.08,1.581,1.892,28892,3.49,2.49,-1
"8471743","STL",67,894,678,39,31,8,16,1,7,1,192,174,14,13,38.8344457653002,27.1453404156491,28,26,51326,6981,6467,56.9,2.74,2.17,1.68,4.13,0.56,0.9943,7.22,7.24,2.724,1.904,64774,1.56,1.45,-0.11
"8471817","STL",69,412,489,16,18,2,6,0,0,0,3,0,0,0,15.8648566593765,18.3120230368222,15,10,33295,508,297,45.7,1.73,1.95,0.86,0,0,NA,0,0,1.715,1.98,34100,1.58,1.06,-0.52
"8471887","NSH",76,1001,960,51,49,15,20,7,10,0,332,0,29,0,45.4401717575965,36.2476506198291,14,29,63054,9156,694,51,2.91,2.8,2,6.68,0,NA,11.4,0,2.594,2.07,72904,0.69,1.43,0.74
"8473485","STL",63,619,683,31,30,11,8,3,3,0,186,4,14,0,29.7212833336671,29.3651363921817,19,10,42728,6094,889,47.5,2.61,2.53,1.6,3.54,0,1,8.27,0,2.504,2.474,49711,1.38,0.72,-0.66
"8473534","STL",82,991,820,40,32,11,14,2,2,3,166,180,9,10,41.8536393255345,34.5384778050939,19,9,59689,7513,6941,54.7,2.41,1.93,1.51,1.92,1.56,0.9833,4.31,5.19,2.524,2.083,74143,0.92,0.44,-0.48
"8473658","NSH",50,513,638,25,24,1,5,0,0,0,3,127,0,12,23.2657854943536,24.5355187676614,8,5,39879,514,4538,44.6,2.26,2.17,0.54,0,0,1,0,9.52,2.1,2.215,44931,0.64,0.4,-0.24
"8474031","STL",87,1286,1062,54,49,4,16,7,20,4,560,87,37,5,55.1635825125268,46.0398522326141,20,11,83812,13657,4643,54.8,2.32,2.1,0.86,7.12,3.1,0.954,9.75,3.88,2.369,1.978,102112,0.71,0.39,-0.32
"8474096","NSH",71,738,885,37,37,9,15,3,3,0,99,171,8,12,31.4507903176709,35.4135015516076,7,7,53169,4999,6265,45.5,2.51,2.51,1.63,4.32,0,1,5.76,6.9,2.129,2.398,64433,0.39,0.39,0
"8474565","STL",87,1592,1326,75,53,5,24,2,15,3,384,452,27,23,68.7126306960708,55.8055759717827,11,12,96558,13230,12987,54.6,2.8,1.98,1.08,4.63,0.83,0.9934,7.35,6.38,2.562,2.081,122775,0.32,0.35,0.03
"8474569","NSH",81,938,1000,37,41,9,16,2,3,0,161,3,10,0,39.7216214309447,38.4708513521473,8,14,62440,6826,850,48.4,2.13,2.36,1.44,2.64,0,1,5.27,0,2.29,2.218,70116,0.41,0.72,0.31
"8474600","NSH",72,1279,1336,58,62,10,13,2,10,0,311,316,22,20,55.6811673347838,50.1703844122821,9,11,85787,10385,8794,48.9,2.43,2.6,0.97,4.16,0,1,7.63,8.19,2.337,2.105,104966,0.31,0.38,0.07
"8475218","NSH",62,759,756,34,42,1,7,0,0,0,17,110,1,9,33.8428223228548,29.3968648089212,5,5,53714,1209,5331,50.1,2.28,2.81,0.54,0,0,1,2.98,6.08,2.268,1.97,60254,0.3,0.3,0
"8475225","NSH",79,974,954,53,38,15,25,7,3,0,210,0,15,0,43.2512959252344,40.3796361057321,11,17,62466,9079,1106,50.5,3.05,2.19,2.31,3.97,0,NA,5.95,0,2.493,2.327,72651,0.55,0.84,0.29
"8475268","NSH",74,879,801,40,43,8,15,0,1,0,42,74,1,7,40.1222133343108,32.8342640704941,4,11,53097,2030,4156,52.3,2.71,2.92,1.56,1.77,0,1,1.77,6.06,2.72,2.226,59283,0.24,0.67,0.43
"8475622","NSH",40,1412,1524,59,67,0,1,0,0,0,264,277,29,20,60.2329677098314,60.1914240706828,1,3,100259,9121,8818,48.1,2.12,2.41,0.04,0,0,1,11.45,8.17,2.163,2.161,118198,0.03,0.09,0.06
"8475765","STL",70,941,684,46,23,15,19,6,2,2,213,52,13,1,43.0367906803149,28.5085083108861,8,24,52030,7550,2370,57.9,3.18,1.59,2.35,3.81,3.04,0.9615,6.2,1.52,2.978,1.973,61950,0.46,1.39,0.93
"8475768","STL",86,1157,904,57,37,17,25,5,5,1,275,184,19,12,51.4499623068259,37.8906641682843,11,18,69766,9011,7198,56.1,2.94,1.91,2.17,4,0.5,0.9946,7.59,6,2.655,1.955,85975,0.46,0.75,0.29
"8477495","NSH",77,1024,1046,36,61,3,10,2,7,0,198,218,17,12,40.7970246294281,43.8176548168412,12,11,71430,8041,7235,49.5,1.81,3.07,0.66,4.03,0,1,7.61,5.97,2.056,2.208,86706,0.5,0.46,-0.04
"8465185","LAK",94,1532,1293,64,43,1,12,1,1,0,48,475,5,27,67.148628410243,56.8962550898432,34,11,91421,4177,14961,54.2,2.52,1.69,0.51,1.72,0,1,4.31,6.5,2.644,2.24,110559,1.11,0.36,-0.75
"8465951","MIN",88,827,970,36,30,9,17,0,1,0,5,307,1,27,30.8071212773793,37.2018957420951,26,26,66308,2061,9391,46,1.95,1.63,1.41,1.75,0,1,1.75,10.35,1.673,2.02,77760,1.2,1.2,0
"8467344","LAK",87,1275,1106,38,45,1,12,0,0,0,12,427,2,27,52.0008540454437,50.8721618013806,19,8,78038,1440,12964,53.5,1.75,2.08,0.6,0,0,1,5,7.5,2.399,2.347,92442,0.74,0.31,-0.43
"8468482","MIN",87,788,936,34,40,9,15,3,6,3,309,2,17,0,29.8404014629778,37.767627445166,11,15,60789,11411,837,45.7,2.01,2.37,1.42,2.84,12.9,-0.5,5.36,0,1.767,2.237,73037,0.54,0.74,0.2
"8468508","LAK",108,1551,1067,67,41,19,32,6,5,3,436,72,18,4,64.4725668063038,48.0243782961625,34,27,84939,13591,4594,59.2,2.84,1.74,2.16,2.91,2.35,0.9583,4.77,3.13,2.733,2.035,103124,1.19,0.94,-0.25
"8468526","LAK",104,1227,1014,45,32,8,17,2,3,1,216,392,8,17,45.824884748552,42.8373736508656,33,12,75926,8866,10359,54.8,2.13,1.52,1.19,2.03,0.35,0.9974,3.25,5.91,2.173,2.031,95151,1.25,0.45,-0.8
"8469459","MIN",78,1082,828,40,38,9,21,2,19,5,462,164,30,16,45.014352469705,29.4791896208772,17,16,71059,11284,5938,56.6,2.03,1.93,1.52,6.7,3.03,0.9695,9.57,9.7,2.281,1.493,88281,0.69,0.65,-0.04
"8469506","MIN",95,1234,1057,54,34,22,23,7,12,6,549,9,36,3,51.0597285364638,39.9615776573191,8,25,82270,13711,1947,53.9,2.36,1.49,1.97,4.99,11.09,0.3333,9.45,5.55,2.234,1.749,97928,0.29,0.92,0.63
"8469820","MIN",59,252,336,8,17,1,2,0,0,0,2,110,0,8,7.45081777841551,12.2304415595718,13,3,23965,225,3128,42.9,1.2,2.55,0.45,0,0,1,0,9.21,1.119,1.837,27318,1.71,0.4,-1.31
"8470054","MIN",48,426,493,21,29,2,5,0,2,1,49,46,5,5,17.4948783320142,18.8724965270376,11,14,33147,2282,1975,46.4,2.28,3.15,0.76,3.16,1.82,0.9783,7.89,9.11,1.9,2.05,37404,1.06,1.35,0.29
"8470121","LAK",58,778,569,29,23,1,8,0,0,0,17,237,0,24,29.3443292328157,24.0773929393035,23,5,42707,1365,7384,57.8,2.44,1.94,0.76,0,0,1,0,11.7,2.474,2.03,51456,1.61,0.35,-1.26
"8470600","MIN",95,1720,1742,72,56,3,21,4,17,7,583,302,38,23,68.4590486331726,63.3035808956483,19,9,125356,16165,11170,49.7,2.07,1.61,0.69,4.68,2.26,0.9768,8.46,7.41,1.966,1.818,152691,0.45,0.21,-0.24
"8470604","LAK",98,1439,1104,58,48,19,25,12,10,5,526,250,38,15,64.731612880656,50.3167072097422,19,16,78033,13596,9598,56.6,2.68,2.21,2.03,5.83,1.88,0.98,10.06,5.63,2.986,2.321,101227,0.68,0.57,-0.11
"8470606","LAK",105,1392,1093,51,36,16,16,2,3,3,386,134,21,7,56.1304396607447,48.8387318931636,29,48,78937,12359,5204,56,2.33,1.64,1.46,1.46,2.08,0.9776,6.12,4.84,2.56,2.227,96500,1.08,1.79,0.71
"8470610","MIN",80,1171,932,51,38,13,25,16,7,5,463,123,31,12,51.2013383539161,35.2549715293571,18,24,72257,11161,5680,55.7,2.54,1.89,1.89,7.42,3.17,0.9593,10,7.61,2.551,1.756,89098,0.73,0.97,0.24
"8470617","LAK",108,1241,1058,36,53,8,19,4,10,4,493,244,22,14,54.7712869471288,51.0107910105726,19,26,76178,13552,10264,54,1.7,2.5,1.28,3.72,1.4,0.9836,5.84,4.91,2.588,2.411,99994,0.68,0.94,0.26
"8470662","LAK",33,236,217,2,6,0,2,0,0,0,2,27,0,0,7.79534284753026,9.10621913650539,10,12,15740,469,1439,52.1,0.46,1.37,0.46,0,0,1,0,0,1.783,2.083,17648,2.04,2.45,0.41
"8470803","MIN",93,855,1063,33,36,8,15,0,1,0,12,349,1,22,31.7312988098129,40.8933953832602,24,15,70750,2480,9564,44.6,1.68,1.83,1.17,1.45,0,1,1.45,8.28,1.615,2.081,82794,1.04,0.65,-0.39
"8470886","MIN",76,706,757,26,29,2,6,0,0,0,0,120,0,12,25.9084481077152,28.6774816778488,30,15,52438,556,5489,48.3,1.78,1.99,0.55,0,0,1,0,7.87,1.779,1.969,58483,1.85,0.92,-0.93
"8471338","MIN",67,442,528,16,19,2,8,0,0,0,3,167,0,11,15.2904129537055,17.9307225265075,10,10,35359,969,5978,45.6,1.63,1.93,1.02,0,0,1,0,6.62,1.557,1.826,42306,0.85,0.85,0
"8471685","LAK",108,1717,1176,77,36,22,34,10,19,4,630,373,43,29,76.0777979523409,53.7057931484305,18,33,95847,15861,12178,59.4,2.89,1.35,2.1,6.58,1.18,0.9893,9.76,8.57,2.857,2.017,123886,0.52,0.96,0.44
"8471734","LAK",75,3511,2778,128,110,0,1,0,1,6,753,720,49,46,147.73848069529,126.235577422543,3,17,206733,24427,24426,55.8,2.23,1.92,0.02,0.15,0.88,0.9917,7.22,6.78,2.573,2.198,255586,0.04,0.24,0.2
"8473404","MIN",21,712,740,28,35,0,0,0,0,1,151,174,11,15,28.2637894343934,31.4123554361286,0,5,50249,5872,5320,49,2.01,2.51,0,0,0.68,0.9943,6.74,10.15,2.025,2.25,61441,0,0.29,0.29
"8473453","LAK",99,952,862,19,31,9,3,0,0,0,22,303,1,24,35.8376324669807,37.7643553821254,6,22,63941,2800,8318,52.5,1.07,1.75,0.68,0,0,1,1.29,10.39,2.018,2.126,75059,0.29,1.06,0.77
"8474100","LAK",103,1422,1043,60,46,13,21,0,1,1,55,199,3,12,58.405674423906,50.2915612911456,14,14,77827,3817,7375,57.7,2.78,2.13,1.57,0.94,0.49,0.995,2.83,5.86,2.702,2.326,89019,0.57,0.57,0
"8474162","LAK",102,1743,1211,60,42,5,17,4,7,4,416,117,18,4,70.6834454397904,53.9229469162528,32,23,96001,12887,5984,59,2.25,1.57,0.82,3.07,2.41,0.9658,5.03,2.41,2.651,2.022,114872,1,0.72,-0.28
"8474192","LAK",44,425,381,11,14,1,4,1,1,1,74,1,2,0,17.7255005190382,16.0156790936599,3,13,27674,3122,306,52.7,1.43,1.82,0.65,2.31,11.76,0,2.31,0,2.306,2.083,31102,0.35,1.5,1.15
"8474563","LAK",104,2000,1498,76,57,8,14,7,18,5,657,440,43,23,82.1019320646883,68.2316885509645,47,28,116466,19350,15565,57.2,2.35,1.76,0.68,4.65,1.16,0.9886,8,5.32,2.538,2.109,151381,1.12,0.67,-0.45
"8474594","LAK",108,1792,1524,62,54,4,20,2,15,4,489,381,26,19,76.4262413634569,70.8209965768037,30,16,110059,15531,13085,54,2.03,1.77,0.79,3.94,1.1,0.9895,6.03,5.23,2.5,2.317,138675,0.78,0.42,-0.36
"8474618","MIN",89,1232,1189,53,39,3,15,0,0,0,27,248,1,16,49.7566057064687,43.1279084513662,10,7,84137,2873,9083,50.9,2.27,1.67,0.77,0,0,1,1.25,6.34,2.129,1.845,96093,0.37,0.26,-0.11
"8474716","MIN",80,1276,1150,61,36,5,17,3,5,3,245,212,15,17,52.0831940483185,42.6522620339529,9,10,83545,9257,8383,52.6,2.63,1.55,0.95,3.11,1.29,0.9858,5.83,7.3,2.244,1.838,101185,0.32,0.36,0.04
"8475160","LAK",95,804,716,27,23,4,11,0,0,0,12,25,0,1,29.5042011278565,30.4233574961545,25,9,53266,1492,1982,52.9,1.82,1.55,1.01,0,0,1,0,1.82,1.994,2.056,56740,1.59,0.57,-1.02
"8475325","LAK",67,526,467,11,14,6,4,0,0,0,6,5,0,0,17.1189840688021,18.1372885372257,13,16,34697,775,471,53,1.14,1.45,1.04,0,0,1,0,0,1.776,1.882,35943,1.3,1.6,0.3
"8475745","MIN",83,983,989,40,46,11,17,3,1,6,251,17,14,3,40.4926546913339,37.0960305618937,17,22,68187,9504,1938,49.8,2.11,2.43,1.48,1.52,11.15,0.6471,5.3,5.57,2.138,1.959,79629,0.77,0.99,0.22
"8475798","MIN",76,898,916,42,32,8,26,2,10,5,239,51,20,5,37.6540523008443,33.0270293285721,12,19,61291,9700,3590,49.5,2.47,1.88,2,4.45,5.01,0.902,7.42,5.01,2.212,1.94,74581,0.58,0.92,0.34
"8475799","MIN",94,987,966,44,34,14,17,2,4,2,140,1,11,0,40.0091668962268,34.3254975693999,26,20,68150,7644,1001,50.5,2.32,1.8,1.64,2.83,7.19,-1,5.18,0,2.113,1.813,76795,1.22,0.94,-0.28
"8476235","MIN",75,627,707,27,20,12,8,1,1,1,74,1,3,0,25.1439265192021,26.0034614012111,14,8,47725,4805,251,47,2.04,1.51,1.51,1.5,14.34,0,2.25,0,1.897,1.961,52781,0.95,0.55,-0.4
"8476463","MIN",92,1363,1438,53,55,5,7,3,4,1,145,312,10,23,53.1249136239057,52.3837631274364,16,14,101752,9749,10385,48.7,1.88,1.95,0.42,2.58,0.35,0.9968,3.69,7.97,1.88,1.853,121886,0.47,0.41,-0.06
"8458537","DAL",74,697,700,21,26,6,11,3,12,2,415,1,23,0,31.2688312193495,32.2903999681002,7,6,47681,10902,237,49.9,1.59,1.96,1.28,4.95,30.38,-1,7.59,0,2.361,2.438,58820,0.43,0.37,-0.06
"8458951","DAL",81,1062,1134,38,45,1,7,1,12,2,302,37,18,2,49.3411575469072,53.0674264455447,12,8,66729,11602,2565,48.4,2.05,2.43,0.43,4.03,2.81,0.9459,5.59,2.81,2.662,2.863,80896,0.53,0.36,-0.17
"8460703","FLA",48,1834,1818,77,95,0,1,0,0,2,330,350,16,27,83.8324912773678,81.4787997514941,2,7,123213,12423,11451,50.2,2.25,2.78,0.03,0,0.63,0.9943,4.64,8.49,2.449,2.381,147087,0.05,0.17,0.12
"8462196","DAL",41,633,617,37,31,3,5,1,0,1,47,156,2,8,27.6807836565422,28.6318312431686,11,6,39284,2027,4306,50.6,3.39,2.84,0.73,1.78,0.84,0.9936,3.55,6.69,2.537,2.624,45617,0.87,0.47,-0.4
"8466285","FLA",82,1464,1319,58,63,5,15,2,10,2,483,244,21,16,67.8719299287186,61.9412680384703,10,10,98030,15252,9451,52.6,2.13,2.31,0.73,2.83,0.76,0.9918,4.96,6.09,2.492,2.275,122733,0.29,0.29,0
"8467351","FLA",46,426,452,15,24,2,8,0,2,0,77,4,2,0,19.0339553091908,21.7782238275395,12,7,30715,3603,689,48.5,1.76,2.81,1.17,2,0,1,2,0,2.231,2.553,35007,1.23,0.72,-0.51
"8467396","DAL",77,850,880,30,45,13,7,3,4,1,325,5,15,2,37.9779299208894,41.2377186883823,11,20,55472,9860,857,49.1,1.95,2.92,1.3,2.56,4.2,0.8,5.48,8.4,2.465,2.676,66189,0.6,1.09,0.49
"8467423","DAL",82,770,808,26,24,1,17,4,0,1,149,151,8,10,33.4549471240607,37.6576560144895,25,9,50910,6355,5335,48.8,1.84,1.7,1.27,2.27,0.67,0.9934,4.53,6.75,2.366,2.663,62600,1.44,0.52,-0.92
"8468478","FLA",89,1069,1175,50,46,2,12,0,0,0,5,428,1,35,49.6129628572962,51.0621939254925,15,23,77092,1455,12088,47.6,2.33,2.15,0.65,0,0,1,2.47,10.42,2.317,2.384,90635,0.6,0.91,0.31
"8468504","FLA",78,996,954,49,55,18,14,2,1,0,286,44,10,6,49.5241231380496,45.2432519663707,12,6,62496,9301,2747,51.1,2.82,3.17,1.84,1.16,0,1,3.87,7.86,2.853,2.606,74544,0.58,0.29,-0.29
"8468518","FLA",49,537,501,15,18,3,7,0,0,0,78,138,2,6,21.2066132950713,21.425728455768,9,13,36526,4206,3934,51.7,1.48,1.77,0.99,0,0,1,1.71,5.49,2.09,2.112,44666,0.73,1.05,0.32
"8469473","FLA",83,884,843,32,40,9,12,0,2,2,77,315,3,25,34.2919389950112,36.8286358530167,12,11,62171,4555,7917,51.2,1.85,2.32,1.22,1.58,0.91,0.9937,2.37,11.37,1.986,2.133,74643,0.58,0.53,-0.05
"8469759","DAL",81,776,836,32,31,6,15,0,1,0,13,306,1,24,32.2147317769704,35.6796154004987,18,20,52234,2449,6664,48.1,2.21,2.14,1.45,1.47,0,1,1.47,12.97,2.22,2.459,61347,1.06,1.17,0.11
"8470039","FLA",80,941,899,33,52,6,13,2,5,1,316,131,10,16,40.6509438435314,41.874853250396,11,9,63081,9326,4905,51.1,1.88,2.97,1.08,2.7,0.73,0.9924,3.86,11.74,2.32,2.39,77312,0.51,0.42,-0.09
"8470104","FLA",73,1160,1081,50,52,1,19,2,4,2,231,111,11,8,53.8896754071466,51.7084358281572,9,8,73532,8378,4814,51.8,2.45,2.55,0.98,2.58,1.5,0.982,4.73,5.98,2.638,2.532,86724,0.37,0.33,-0.04
"8470105","FLA",76,866,806,38,35,11,17,1,5,2,155,154,10,15,39.4738830015995,37.5046254132176,34,36,56609,6714,5458,51.8,2.42,2.23,1.78,3.22,1.32,0.987,5.36,9.89,2.51,2.385,68781,1.78,1.88,0.1
"8470110","DAL",72,1182,1103,57,46,7,14,0,2,1,140,312,3,18,56.0477159206639,48.8740426363656,22,4,70470,6161,9135,51.7,2.91,2.35,1.07,1.17,0.39,0.9968,1.75,7.09,2.863,2.497,85766,0.92,0.17,-0.75
"8470140","DAL",71,3164,2973,136,113,0,2,0,2,4,741,597,38,40,142.998188407917,137.128292277921,2,11,192179,23543,18429,51.6,2.55,2.12,0.04,0.31,0.78,0.9933,5.81,7.81,2.679,2.569,234151,0.03,0.17,0.14
"8470309","FLA",7,70,96,2,6,0,0,0,0,3,15,4,0,0,3.10789100651164,3.70643950812519,3,0,5863,880,189,42.2,1.23,3.68,0,0,57.14,0.25,0,0,1.908,2.276,6932,1.56,0,-1.56
"8471274","DAL",86,1428,1356,66,51,4,20,3,14,2,556,377,26,22,66.7646017896477,60.9744480955414,18,12,90891,14528,10815,51.3,2.61,2.02,0.95,4.21,0.67,0.9947,6.44,7.32,2.644,2.415,116234,0.56,0.37,-0.19
"8471346","CHI",96,1016,916,41,47,10,16,1,8,2,256,7,15,0,44.0770848345128,42.6197905397858,15,21,66625,10251,819,52.6,2.22,2.54,1.4,3.16,8.79,0.7143,5.27,0,2.382,2.303,77695,0.7,0.97,0.27
"8473574","FLA",77,687,731,32,34,12,11,0,0,0,49,208,0,18,31.8520004562452,32.9819412272191,13,15,48601,2278,6919,48.4,2.37,2.52,1.7,0,0,1,0,9.37,2.359,2.443,57798,0.81,0.93,0.12
"8473994","DAL",86,1234,1117,75,46,27,29,6,14,3,637,101,35,6,60.5168481202563,48.2995229201624,24,30,70535,14646,5499,52.5,3.83,2.35,2.86,4.92,1.96,0.9703,8.6,3.93,3.089,2.465,90680,0.95,1.19,0.24
"8474498","FLA",52,496,462,21,23,8,9,1,0,1,24,148,1,19,21.6838678661734,22.5645699493471,9,7,32325,1777,3974,51.8,2.34,2.56,1.89,2.03,0.91,0.9932,2.03,17.21,2.415,2.513,38076,0.85,0.66,-0.19
"8474535","DAL",13,92,95,0,4,0,0,0,0,0,1,2,0,1,3.48852784332121,3.46275583724491,1,2,6107,184,152,49.2,0,2.36,0,0,0,1,0,23.68,2.056,2.041,6443,0.56,1.12,0.56
"8474818","DAL",83,1278,1238,54,42,1,16,1,1,1,67,222,5,25,56.8939874107018,53.2516386134666,16,7,77434,4173,8538,50.8,2.51,1.95,0.79,1.73,0.42,0.9955,4.31,10.54,2.645,2.476,90145,0.64,0.28,-0.36
"8474849","DAL",86,989,896,36,36,12,16,0,0,1,14,275,0,17,43.4608687045402,39.6799312207731,43,31,56544,2441,6106,52.5,2.29,2.29,1.78,0,0.59,0.9964,0,10.02,2.767,2.526,65091,2.38,1.71,-0.67
"8475163","DAL",84,818,827,31,54,6,14,7,8,2,557,64,28,8,37.0019801757298,39.0136665584287,15,15,56070,13267,2833,49.7,1.99,3.47,1.28,4.07,2.54,0.9688,7.6,10.17,2.376,2.505,72170,0.75,0.75,0
"8475179","FLA",81,1201,1149,47,72,4,7,2,3,2,226,253,10,20,56.1079279574333,55.6254066380789,22,15,81022,10295,7291,51.1,2.09,3.2,0.49,1.75,0.99,0.9921,3.5,9.88,2.493,2.472,98608,0.8,0.55,-0.25
"8475213","FLA",24,196,186,6,7,3,2,1,0,1,23,72,2,3,7.5232221854385,9.62638022692408,3,2,13517,1207,2368,51.3,1.6,1.86,1.33,2.98,1.52,0.9861,5.97,4.56,2.004,2.564,17092,0.63,0.42,-0.21
"8475236","DAL",86,1051,1006,36,48,11,16,3,3,1,278,238,13,18,47.2112194456276,47.1261611825321,18,27,64667,10893,7552,51.1,2,2.67,1.5,1.98,0.48,0.9958,4.3,8.58,2.628,2.624,83112,0.78,1.17,0.39
"8475455","DAL",81,1349,1314,59,53,4,11,0,0,0,14,336,0,24,58.1520477102022,60.0057972827926,29,21,83251,1996,9526,50.7,2.55,2.29,0.65,0,0,1,0,9.07,2.515,2.595,94773,1.1,0.8,-0.3
"8475790","FLA",65,908,871,37,43,3,5,0,1,2,69,199,2,24,38.5900085121975,39.3091197232716,17,16,56760,3717,6816,51,2.35,2.73,0.51,0.97,1.06,0.9899,1.94,12.68,2.448,2.493,67293,0.91,0.86,-0.05
"8475794","DAL",85,1270,1131,71,44,25,30,11,14,4,646,6,36,0,61.3159040380269,50.2249151481083,4,28,73354,15203,1892,52.9,3.48,2.16,2.7,5.92,7.61,0.3333,8.52,0,3.009,2.465,90449,0.16,1.11,0.95
"8476116","DAL",80,902,847,41,29,17,14,0,0,0,6,166,0,8,39.3225039087702,36.4484058744856,43,35,51617,2023,6113,51.6,2.86,2.02,2.16,0,0,1,0,4.71,2.743,2.542,59753,2.59,2.11,-0.48
"8476456","FLA",69,831,805,36,39,7,15,2,3,2,187,3,6,0,38.9748513160739,36.8747791471542,16,35,53520,6931,899,50.8,2.42,2.62,1.48,2.6,8.01,0.3333,3.12,0,2.622,2.48,61350,0.94,2.05,1.11
"8477493","FLA",54,691,629,31,33,4,13,3,3,0,211,8,9,0,32.8049128717394,28.7736964604119,5,6,42701,6977,1200,52.3,2.61,2.78,1.43,3.1,0,1,4.64,0,2.766,2.426,50878,0.35,0.42,0.07
"8477501","DAL",84,1069,1032,54,32,12,18,2,1,2,140,2,5,0,51.3750445577898,46.9922210117802,4,22,63012,7059,1198,50.9,3.09,1.83,1.71,1.53,6.01,0,2.55,0,2.935,2.685,71269,0.2,1.11,0.91
"8462038","PHX",69,967,932,43,40,13,14,10,9,2,349,6,31,0,38.7393147134571,42.21828490193,12,15,62781,8865,1326,50.9,2.47,2.29,1.55,7.72,5.43,0.6667,12.59,0,2.221,2.421,72972,0.59,0.74,0.15
"8464966","PHX",63,971,953,37,41,5,10,0,1,0,45,196,1,16,36.1208804994822,42.5929269803455,18,5,59974,2775,6729,50.5,2.22,2.46,0.9,1.3,0,1,1.3,8.56,2.168,2.557,69478,0.93,0.26,-0.67
"8467371","PHX",80,1098,978,39,39,11,17,4,11,4,467,16,30,1,39.3268170629744,42.1921355645754,21,12,66598,12802,1822,52.9,2.11,2.11,1.51,4.22,7.9,0.75,8.44,1.98,2.126,2.281,81222,0.93,0.53,-0.4
"8467389","NYR",107,1498,1370,52,51,18,19,7,17,6,766,2,47,0,67.2869674483081,64.9149055070593,10,10,89720,19136,1164,52.2,2.09,2.05,1.48,4.52,18.56,-2,8.84,0,2.7,2.605,110020,0.33,0.33,0
"8467881","PIT",56,425,575,8,30,3,1,1,0,1,32,58,2,3,15.2988846415537,27.4991512181005,10,5,33805,2146,2066,42.5,0.85,3.19,0.43,1.68,1.74,0.9828,3.36,5.23,1.629,2.928,38017,0.95,0.47,-0.48
"8468085","PHX",80,1074,1025,44,42,9,19,8,11,3,393,52,24,2,42.0513486873824,45.9952963891556,10,14,65240,11289,3135,51.2,2.43,2.32,1.55,6.06,3.44,0.9423,7.65,2.3,2.32,2.538,79664,0.45,0.63,0.18
"8468535","PHX",82,960,1024,40,31,12,14,7,4,3,328,340,28,23,39.08388994087,46.8247748848516,22,20,67619,10178,8707,48.4,2.13,1.65,1.38,3.89,1.24,0.9912,9.9,9.51,2.081,2.493,86504,0.92,0.83,-0.09
"8468575","NYR",98,829,924,26,34,8,12,0,0,0,13,265,1,15,37.4632498831488,40.6172869090224,21,23,58425,1766,9055,47.3,1.6,2.09,1.23,0,0,1,2.04,5.96,2.308,2.503,69246,1.09,1.2,0.11
"8468685","NYR",88,3873,3774,147,138,0,1,0,3,7,837,637,43,38,180.587777999346,175.697187853977,0,10,242951,27405,21908,50.6,2.18,2.04,0.01,0.39,1.15,0.989,5.65,6.24,2.676,2.603,292264,0,0.12,0.12
"8469608","PHX",62,2564,2590,102,102,0,2,0,1,1,586,624,42,46,98.318031800678,115.663927447284,7,7,166879,17678,18468,49.7,2.2,2.2,0.04,0.2,0.19,0.9984,8.55,8.97,2.121,2.495,203025,0.12,0.12,0
"8469664","PHX",79,919,838,34,32,8,12,0,2,1,42,308,3,22,34.5154177109944,36.1227412143489,9,20,55479,3300,7736,52.3,2.21,2.08,1.3,2.18,0.47,0.9968,3.27,10.24,2.24,2.344,66515,0.49,1.08,0.59
"8469760","PHX",59,829,865,32,25,2,7,0,0,0,1,289,0,17,32.5391346322722,35.738369219529,12,8,57824,1175,8207,48.9,1.99,1.56,0.56,0,0,1,0,7.46,2.026,2.225,67206,0.64,0.43,-0.21
"8470041","NYR",90,1273,1105,46,36,20,13,5,4,3,376,72,18,4,57.1574737740448,49.5051544417511,17,35,69417,11392,4207,53.5,2.39,1.87,1.71,2.84,2.57,0.9583,5.69,3.42,2.964,2.567,85016,0.72,1.48,0.76
"8470619","NYR",107,891,1020,26,34,6,12,1,1,0,27,396,2,21,41.6848695568042,45.3589952114271,25,16,66182,3034,9320,46.6,1.41,1.85,0.98,2.37,0,1,2.37,8.11,2.267,2.467,78536,1.15,0.73,-0.42
"8471231","PHX",80,690,648,29,26,5,15,0,0,0,0,7,0,1,25.5602685485501,28.5241260732291,10,18,44092,923,514,51.6,2.37,2.12,1.63,0,0,1,0,7,2.087,2.329,45529,0.79,1.42,0.63
"8471232","PHX",64,700,808,22,24,7,12,1,1,0,76,232,3,16,26.7448926017387,34.13026040158,12,10,48287,3302,6580,46.4,1.64,1.79,1.42,2.18,0,1,3.27,8.75,1.994,2.545,58169,0.74,0.62,-0.12
"8471678","NYR",105,1172,993,56,36,12,24,8,1,1,378,0,18,0,56.7674840714899,46.3696725731716,31,21,71678,12035,731,54.1,2.81,1.81,1.81,2.69,4.92,NA,5.38,0,2.851,2.329,84444,1.32,0.9,-0.42
"8471686","NYR",97,1610,1447,59,58,3,12,1,0,2,38,303,2,16,73.864464179147,67.8880474903854,15,11,98764,4027,11971,52.7,2.15,2.11,0.55,0.89,0.6,0.9934,1.79,4.81,2.692,2.475,114762,0.47,0.35,-0.12
"8471691","PHX",65,840,839,30,35,10,15,5,7,1,329,137,21,13,33.2424302485306,37.8441528588883,33,26,52685,9232,5528,50,2.05,2.39,1.71,4.68,0.65,0.9927,8.19,8.47,2.271,2.586,67445,1.76,1.39,-0.37
"8471735","PHX",82,1498,1422,58,65,4,15,3,27,5,613,25,44,5,57.1057696563657,65.2527807218139,18,12,91321,17078,2534,51.3,2.29,2.56,0.75,6.32,7.1,0.8,9.28,7.1,2.251,2.572,110933,0.58,0.39,-0.19
"8471873","NYR",106,1756,1454,67,55,1,17,0,0,1,43,266,1,16,83.6626593407709,65.6567288876977,15,13,103219,4041,11713,54.7,2.34,1.92,0.63,0,0.31,0.9962,0.89,4.92,2.918,2.29,118973,0.45,0.39,-0.06
"8471958","NYR",106,1730,1839,71,70,4,16,1,2,4,265,489,13,24,81.4431660103146,84.2556167840958,13,13,112245,10907,13480,48.5,2.28,2.25,0.64,0.99,1.07,0.9918,4.29,6.41,2.612,2.702,136632,0.34,0.34,0
"8473432","NYR",74,630,630,15,18,4,5,0,0,0,10,53,0,4,31.500135899114,28.0772404744057,26,29,41724,1745,2306,50,1.29,1.55,0.78,0,0,1,0,6.24,2.718,2.423,45775,2.04,2.28,0.24
"8473544","NYR",104,1231,1089,55,47,15,19,7,14,2,467,4,25,0,59.0222225944744,52.3007341370685,22,34,76546,14609,1336,53.1,2.59,2.21,1.6,5.17,5.39,0.5,6.16,0,2.776,2.46,92491,0.86,1.32,0.46
"8473673","PHX",48,645,559,25,21,1,5,0,3,1,72,171,6,13,27.7275676724385,25.2843631576397,9,3,37164,3715,5177,53.6,2.42,2.03,0.58,2.91,0.7,0.9942,5.81,9.04,2.686,2.449,46056,0.7,0.23,-0.47
"8473970","PHX",72,780,670,28,24,9,9,1,0,0,9,25,1,3,30.6504383489955,29.0029473216273,7,14,45425,902,1295,53.8,2.22,1.9,1.43,3.99,0,1,3.99,8.34,2.429,2.299,47622,0.53,1.06,0.53
"8474151","NYR",102,1785,1775,74,68,8,21,4,14,3,603,459,33,26,84.768862279132,82.7606608652859,22,29,113044,15689,13010,50.1,2.36,2.17,0.92,4.13,0.83,0.9935,7.57,7.19,2.7,2.636,141743,0.56,0.74,0.18
"8474571","PHX",82,1010,1072,39,42,11,19,5,11,1,299,29,24,1,38.8458646326326,50.1624257625663,10,23,68544,9249,2180,48.5,2.05,2.21,1.58,6.23,1.65,0.9655,9.34,1.65,2.04,2.635,79973,0.45,1.04,0.59
"8474584","NYR",67,942,929,35,40,2,8,1,4,1,157,31,10,4,40.2025877797278,45.215149863332,9,6,58813,5445,1964,50.3,2.14,2.45,0.61,3.31,1.83,0.9677,6.61,7.33,2.461,2.768,66222,0.49,0.33,-0.16
"8474613","NYR",106,1433,1295,53,38,14,27,6,17,6,570,177,36,11,67.1956041434314,60.1544924454065,10,21,84453,15304,7718,52.5,2.26,1.62,1.75,5.41,2.8,0.9661,8.47,5.13,2.864,2.564,107475,0.33,0.7,0.37
"8475161","PHX",12,76,93,2,2,1,1,0,0,0,1,0,0,0,2.91604255011771,4.41557438182645,1,1,6034,91,98,45,1.19,1.19,1.19,0,0,NA,0,0,1.74,2.634,6223,0.58,0.58,0
"8475171","PHX",80,1154,1197,43,40,5,14,8,14,3,587,391,43,22,44.2350541383494,52.2033644149196,25,23,85794,15620,11260,49.1,1.8,1.68,0.8,5.07,0.96,0.9923,9.91,7.03,1.856,2.191,112674,0.8,0.73,-0.07
"8475182","PHX",17,234,185,5,7,0,0,0,1,0,42,1,2,0,9.31305708037689,9.62293549138121,3,1,12280,1207,279,55.8,1.47,2.05,0,2.98,0,1,5.97,0,2.73,2.821,13766,0.78,0.26,-0.52
"8475186","NYR",95,1211,1158,42,35,3,8,0,3,0,187,10,9,1,55.7100818714825,54.9583350344328,13,10,73575,7378,1844,51.1,2.06,1.71,0.54,1.46,0,1,4.39,1.95,2.726,2.689,82797,0.57,0.43,-0.14
"8475692","NYR",102,1274,1133,64,44,19,28,4,16,4,492,76,28,4,63.0382827445865,53.737733048154,26,43,80399,14753,4316,52.9,2.87,1.97,2.1,4.88,3.34,0.9474,6.83,3.34,2.823,2.406,99468,0.94,1.56,0.62
"8475855","NYR",14,117,88,2,7,0,1,0,0,0,4,26,0,2,4.69758702878607,4.17662587948143,1,3,7768,300,888,57.1,0.93,3.24,0.46,0,0,1,0,8.11,2.177,1.936,8956,0.4,1.21,0.81
"8476451","PHX",3,30,36,0,2,0,0,0,0,0,0,0,0,0,1.25428367126733,2.24173268175218,1,2,2007,20,27,45.5,0,3.59,0,0,0,NA,0,0,2.25,4.021,2054,1.75,3.51,1.76
"8476468","NYR",34,334,311,10,11,3,3,0,2,0,49,0,5,0,15.4116568459431,16.1806775268051,10,9,20375,1736,239,51.8,1.77,1.94,1.06,4.15,0,NA,10.37,0,2.723,2.859,22350,1.61,1.45,-0.16
"8466138","SJS",89,1428,1045,63,46,9,39,3,18,4,741,54,42,6,65.070290561649,44.8306545509258,20,24,74699,15342,3141,57.7,3.04,2.22,2.31,4.93,4.58,0.9259,9.86,6.88,3.136,2.161,93182,0.77,0.93,0.16
"8466139","SJS",89,1326,1173,59,56,18,26,11,13,5,706,259,42,19,63.9711396196508,49.3165844871546,10,12,78308,14798,5817,53.1,2.71,2.57,2.02,5.84,3.09,0.9807,10.22,11.76,2.941,2.267,98923,0.36,0.44,0.08
"8466141","VAN",56,2349,2335,95,92,0,0,0,0,2,523,423,25,28,99.4925562994322,101.247216344171,1,5,149815,16703,14783,50.1,2.28,2.21,0,0,0.49,0.9953,5.39,6.82,2.391,2.433,181301,0.02,0.1,0.08
"8466158","SJS",63,900,898,44,46,3,9,0,0,0,8,179,0,12,42.7213552595931,37.4291790126008,15,4,56415,1422,6424,50.1,2.81,2.94,0.77,0,0,1,0,6.72,2.726,2.388,64261,0.84,0.22,-0.62
"8467096","SJS",82,1409,1253,43,46,5,9,6,15,4,648,26,32,1,63.841590825934,50.1567605393939,19,14,81646,13575,2770,52.9,1.9,2.03,0.62,5.57,5.2,0.8462,8.49,1.3,2.815,2.212,97991,0.7,0.51,-0.19
"8467875","VAN",73,1107,835,43,33,11,18,5,13,3,510,94,26,4,47.4114319290384,35.9984397455701,13,25,64876,12200,5146,57,2.39,1.83,1.61,5.31,2.1,0.9681,7.67,2.8,2.631,1.998,82222,0.57,1.09,0.52
"8467876","VAN",70,1039,827,43,29,7,25,4,14,2,499,94,25,7,43.5876985070063,36.7255645046826,21,20,62619,11194,5257,55.7,2.47,1.67,1.84,5.79,1.37,0.9787,8.04,4.79,2.506,2.111,79070,0.96,0.91,-0.05
"8469465","VAN",79,1304,1226,62,47,5,14,0,3,1,252,354,7,25,55.7418395153945,55.1415996038704,13,24,84644,8597,11439,51.5,2.64,2,0.81,1.26,0.31,0.9972,2.93,7.87,2.371,2.345,104680,0.45,0.83,0.38
"8469598","VAN",76,1340,1262,48,50,2,12,1,7,1,237,241,12,12,53.7621372583671,55.4660813114024,27,20,78332,8710,9738,51.5,2.21,2.3,0.64,3.31,0.37,0.9959,4.96,4.44,2.471,2.549,96780,1,0.74,-0.26
"8470274","VAN",78,1115,1089,43,47,14,18,2,1,1,193,219,6,14,44.4340496784425,49.0693716356764,15,11,67181,7853,7638,50.6,2.3,2.52,1.71,1.38,0.47,0.9954,2.75,6.6,2.381,2.629,82672,0.65,0.48,-0.17
"8470358","VAN",49,690,533,16,22,3,5,2,4,0,190,145,12,7,28.3542183610261,23.2136430212995,23,22,38533,5747,4969,56.4,1.49,2.06,0.75,3.76,0,1,7.52,5.07,2.649,2.169,49249,1.68,1.61,-0.07
"8470613","SJS",76,1203,923,56,37,18,16,3,9,2,361,5,17,1,55.0394376679324,39.6208130908781,21,21,60972,9820,1534,56.6,3.31,2.18,2.01,4.4,4.69,0.6,6.23,2.35,3.25,2.339,72326,1.05,1.05,0
"8470616","VAN",77,1152,1057,46,45,14,11,9,7,3,533,236,27,19,49.8157774921274,48.5828912894358,23,27,70731,12630,8168,52.2,2.34,2.29,1.27,4.56,1.32,0.9873,7.7,8.37,2.535,2.473,91529,0.9,1.06,0.16
"8470755","VAN",73,787,860,32,35,7,10,1,0,0,4,207,1,12,30.0222478279029,36.018289017491,17,15,53774,1845,6917,47.8,2.14,2.34,1.14,1.95,0,1,1.95,6.25,2.01,2.411,62536,0.98,0.86,-0.12
"8470794","SJS",89,1380,1093,55,34,23,22,17,16,4,719,230,43,16,63.219428537006,46.5355595100555,16,30,78084,14205,6278,55.8,2.54,1.57,2.07,8.36,2.29,0.9826,10.9,9.17,2.915,2.145,98567,0.58,1.1,0.52
"8471266","VAN",66,804,745,26,24,9,8,0,1,0,37,6,4,0,31.6300944747054,31.9960050911177,9,15,47557,3214,865,51.9,1.97,1.82,1.29,1.12,0,1,4.48,0,2.394,2.422,51636,0.63,1.05,0.42
"8471303","VAN",63,1089,989,19,43,3,6,4,8,3,339,196,18,14,39.5264726346941,42.5463040824397,24,14,63959,9070,8050,52.4,1.07,2.42,0.51,4.76,1.34,0.9847,7.14,6.26,2.225,2.395,81079,1.07,0.62,-0.45
"8471311","SJS",67,808,739,24,35,4,11,0,1,0,58,22,2,2,32.9169102193555,28.6807808073354,12,21,45199,2632,1093,52.2,1.91,2.79,1.19,1.37,0,1,2.74,6.59,2.622,2.284,48924,0.88,1.55,0.67
"8471390","VAN",49,723,704,32,22,8,15,0,0,0,78,117,1,5,29.806483367749,30.2729844216374,3,9,42240,4793,3905,50.7,2.73,1.88,1.96,0,0,1,0.75,4.61,2.54,2.58,50938,0.21,0.64,0.43
"8471498","VAN",71,901,843,28,37,9,8,0,1,0,81,79,4,7,35.0333888293826,39.2077662813244,14,9,55588,3868,3815,51.7,1.81,2.4,1.1,0.93,0,1,3.72,6.61,2.269,2.539,63271,0.8,0.51,-0.29
"8471700","SJS",6,18,19,1,0,1,0,0,0,0,0,0,0,0,0.831357529852539,0.460196592845023,1,0,1360,33,21,48.6,2.65,0,2.65,0,0,NA,0,0,2.201,1.218,1414,2.55,0,-2.55
"8471709","SJS",86,1564,1145,65,45,4,16,1,1,0,124,297,5,21,71.8799576919992,42.3010458283243,9,12,83873,4954,8931,57.7,2.79,1.93,0.86,1.45,0,1,3.63,8.46,3.085,1.816,97758,0.33,0.44,0.11
"8471956","SJS",88,725,754,20,28,3,16,0,0,0,8,153,0,5,29.003786996298,28.3364226796548,16,18,50169,1304,5861,49,1.44,2.01,1.36,0,0,1,0,3.07,2.081,2.033,57334,1,1.13,0.13
"8473536","SJS",74,797,723,33,26,6,19,0,1,0,26,13,1,0,36.524880265235,27.5354418720817,17,17,49958,1986,802,52.4,2.38,1.87,1.8,1.81,0,1,1.81,0,2.632,1.984,52746,1.16,1.16,0
"8473542","VAN",77,373,468,11,25,4,4,1,0,0,16,1,2,0,13.8782611872884,20.4873227927601,19,3,28738,549,356,44.4,1.38,3.13,1,6.56,0,1,13.11,0,1.739,2.566,29643,2.31,0.36,-1.95
"8474027","SJS",89,1514,1331,62,49,4,14,1,0,0,140,336,4,22,69.5296608679928,52.9165658748243,11,12,87423,6895,9420,53.2,2.55,2.02,0.74,0.52,0,1,2.09,8.41,2.863,2.179,103738,0.38,0.42,0.04
"8474053","SJS",72,1024,887,50,33,14,18,4,10,3,540,163,28,11,50.6230763840722,35.4555908284383,11,24,57366,11727,5083,53.6,3.14,2.07,2.01,4.3,2.12,0.9816,8.6,7.79,3.177,2.225,74176,0.53,1.16,0.63
"8474218","SJS",82,1325,1096,60,56,4,18,1,8,0,301,160,17,6,61.4694799219724,43.4891194947413,21,15,75155,9171,6221,54.7,2.87,2.68,1.05,3.53,0,1,6.67,3.47,2.944,2.083,90547,0.83,0.6,-0.23
"8474520","VAN",81,1171,1207,45,48,2,12,4,11,1,414,167,23,10,48.5810422549257,53.0238917387323,21,2,76349,11061,7250,49.2,2.12,2.26,0.66,4.88,0.5,0.994,7.49,4.97,2.291,2.5,94660,0.8,0.08,-0.72
"8474550","SJS",70,3292,2931,137,121,0,2,0,0,2,855,489,46,34,153.177798076184,114.922796024417,0,3,188476,22899,15909,52.9,2.62,2.31,0.04,0,0.45,0.9959,7.23,7.69,2.926,2.195,227284,0,0.05,0.05
"8474610","VAN",55,305,376,7,14,3,3,1,0,0,21,4,3,0,10.4008459071629,16.2778600852471,3,6,21865,1018,390,44.8,1.15,2.31,0.99,3.54,0,1,10.61,0,1.712,2.68,23273,0.46,0.93,0.47
"8474668","VAN",77,483,627,25,18,7,14,1,0,0,11,25,1,2,19.3653342272737,24.5250506906305,9,12,37688,619,1581,43.5,2.39,1.72,2.01,5.82,0,1,5.82,4.55,1.85,2.343,39888,0.81,1.08,0.27
"8474739","SJS",84,1146,1037,46,45,13,17,0,5,0,200,153,6,7,54.5368257203954,41.1153486864641,17,23,63993,7430,5934,52.5,2.59,2.53,1.69,2.42,0,1,2.91,4.25,3.068,2.313,77357,0.79,1.07,0.28
"8475598","VAN",64,843,751,36,32,1,14,0,0,0,3,45,0,2,33.4587452061824,30.459548605606,11,6,51367,960,2465,52.9,2.52,2.24,1.05,0,0,1,0,2.92,2.345,2.135,54792,0.72,0.39,-0.33
"8475625","SJS",64,1007,995,37,34,2,11,1,5,2,217,15,14,1,45.247228346183,41.5806684925919,10,6,58942,8017,1796,50.3,2.26,2.08,0.79,2.69,4.01,0.8667,6.29,2,2.764,2.54,68755,0.52,0.31,-0.21
"8475690","VAN",64,947,909,44,34,5,11,0,0,0,13,283,1,20,39.9885802040808,38.8909805143485,4,7,62422,1914,8669,51,2.54,1.96,0.92,0,0,1,1.88,8.31,2.306,2.243,73005,0.2,0.35,0.15
"8476442","SJS",73,921,856,30,31,11,12,1,3,1,75,65,4,3,43.0507123207208,33.0455248489161,7,14,51932,4028,2943,51.8,2.08,2.15,1.59,3.57,1.22,0.9846,3.57,3.67,2.984,2.291,58903,0.43,0.86,0.43
"8476881","SJS",44,605,493,30,23,12,12,3,1,0,162,1,6,0,28.4920014382224,20.8501934587839,3,10,31600,5898,605,55.1,3.42,2.62,2.73,2.44,0,1,3.66,0,3.246,2.375,38103,0.28,0.94,0.66
"8464956","OTT",70,983,915,36,52,0,7,1,7,0,148,341,12,28,39.4440936839674,41.9130987591925,15,7,59065,5520,10643,51.8,2.19,3.17,0.43,5.22,0,1,7.83,9.47,2.404,2.555,75228,0.72,0.33,-0.39
"8467493","OTT",76,805,780,23,31,8,4,0,1,1,69,4,6,1,29.011413181026,35.7079840365332,41,16,48683,3102,468,50.8,1.7,2.29,0.89,1.16,7.69,0.75,6.96,7.69,2.145,2.641,52253,2.82,1.1,-1.72
"8467950","OTT",53,2397,2129,100,95,0,0,0,1,6,434,451,32,42,93.5355440605199,95.3400924227899,1,5,138682,13787,16487,53,2.6,2.47,0,0.26,1.31,0.9867,8.36,9.17,2.428,2.475,168956,0.02,0.11,0.09
"8469455","OTT",75,1066,977,48,66,13,24,9,14,8,396,82,28,7,42.5503779907012,47.168844032567,23,7,60807,10644,4951,52.2,2.84,3.91,2.19,7.78,5.82,0.9024,9.47,5.09,2.519,2.793,76402,1.08,0.33,-0.75
"8470599","OTT",82,1106,1028,49,68,11,15,5,4,5,293,194,20,16,43.9338003892917,48.0913363440195,18,13,62668,9123,9414,51.8,2.81,3.91,1.49,3.55,1.91,0.9742,7.89,6.12,2.524,2.763,81205,0.8,0.58,-0.22
"8470667","OTT",79,1085,924,51,37,14,22,8,7,4,344,172,27,15,46.8655831845244,41.3868019790971,29,18,61412,10060,6288,54,2.99,2.17,2.11,5.37,2.29,0.9767,9.66,8.59,2.747,2.426,77760,1.34,0.83,-0.51
"8470760","OTT",75,1342,1226,56,59,4,13,0,3,1,70,321,3,22,51.4285996021354,52.2336603424046,14,6,77304,3046,10914,52.3,2.61,2.75,0.79,3.55,0.33,0.9969,3.55,7.26,2.395,2.432,91264,0.55,0.24,-0.31
"8471676","OTT",70,972,934,49,38,15,20,6,3,4,280,23,21,0,41.9679195052013,40.8524279174744,15,11,56001,8912,1617,51,3.15,2.44,2.25,3.64,8.91,0.8261,8.48,0,2.698,2.626,66530,0.81,0.6,-0.21
"8471862","OTT",76,867,831,24,40,3,9,2,1,1,48,127,5,9,32.1387504450395,37.5742124487879,13,16,52145,2308,5280,51.1,1.66,2.76,0.83,4.68,0.68,0.9921,7.8,6.14,2.219,2.594,59733,0.78,0.96,0.18
"8473468","OTT",57,736,705,32,26,2,8,0,0,0,5,252,1,16,30.8628872251138,32.6263047751854,27,20,47252,1055,8149,51.1,2.44,1.98,0.76,0,0,1,3.41,7.07,2.351,2.486,56456,1.72,1.28,-0.44
"8473588","OTT",76,715,616,20,22,5,7,0,0,0,3,266,0,20,25.6578704515705,26.294165344385,14,19,42364,779,7997,53.7,1.7,1.87,1.02,0,0,1,0,9,2.18,2.234,51140,0.99,1.34,0.35
"8473722","BUF",56,240,367,6,18,1,0,0,0,0,9,0,1,0,8.3721582328435,16.6354758380912,25,7,21846,573,172,39.5,0.99,2.97,0.16,0,0,NA,6.28,0,1.38,2.741,22591,3.98,1.12,-2.86
"8474068","OTT",82,1202,1076,62,39,16,23,6,8,4,321,219,23,17,51.5975997187779,48.6073040807969,17,27,68274,9814,7532,52.8,3.27,2.06,2.06,5.14,1.91,0.9817,8.44,8.13,2.721,2.563,85620,0.71,1.14,0.43
"8474250","OTT",82,1038,1023,31,45,12,5,0,1,0,34,201,1,11,36.697802747658,46.4488585244399,38,32,62653,3060,6089,50.4,1.78,2.59,0.98,1.18,0,1,1.18,6.5,2.109,2.669,71802,1.91,1.6,-0.31
"8474578","OTT",82,1812,1499,72,76,14,23,5,26,9,565,155,39,20,70.7647998279426,69.4714269522228,18,22,97713,16388,8624,54.7,2.65,2.8,1.36,6.81,3.76,0.9419,8.57,8.35,2.607,2.56,122725,0.53,0.65,0.12
"8474605","OTT",53,720,639,28,25,1,10,3,9,1,229,27,15,1,27.6100462247268,30.2190008513862,10,4,40555,7402,1500,53,2.49,2.22,0.98,5.84,2.4,0.963,7.3,2.4,2.451,2.682,49457,0.73,0.29,-0.44
"8475174","OTT",68,1130,1097,47,45,6,7,0,1,0,13,311,3,27,45.82498745271,49.9914349883911,20,4,66916,1262,10389,50.7,2.53,2.42,0.7,2.85,0,1,8.56,9.36,2.465,2.689,78567,0.92,0.18,-0.74
"8475728","BUF",28,245,281,6,7,0,4,0,0,0,6,48,0,3,8.59299576561898,12.5555691719055,7,5,19141,793,1952,46.6,1.13,1.32,0.75,0,0,1,0,5.53,1.616,2.361,21886,1.15,0.82,-0.33
"8476195","OTT",79,810,826,38,35,4,19,1,0,1,165,1,6,0,31.5865651934873,35.3811430577189,25,36,52154,6132,714,49.5,2.62,2.42,1.59,0.59,5.04,0,3.52,0,2.18,2.442,59000,1.53,2.2,0.67
"8476205","OTT",12,135,87,6,4,2,1,1,0,0,16,0,3,0,4.21681611420354,3.89643062045798,1,0,6594,520,71,60.8,3.28,2.18,1.64,6.92,0,NA,20.77,0,2.302,2.127,7185,0.5,0,-0.5
"8476419","OTT",28,213,203,4,9,2,0,0,0,0,0,65,0,5,8.31219601893099,8.28425810870249,6,6,14087,77,2145,51.2,1.02,2.3,0.51,0,0,1,0,8.39,2.124,2.117,16309,1.32,1.32,0
"8455710","NJD",39,1469,1257,69,71,0,3,0,0,4,251,284,26,18,72.1724612470716,57.9491488093627,1,4,108923,10622,10720,53.9,2.28,2.35,0.1,0,1.34,0.9859,8.81,6.04,2.385,1.915,130265,0.03,0.11,0.08
"8460705","NYI",40,1617,1629,59,72,0,0,0,1,1,333,283,27,24,81.0380150804413,81.0598259916878,2,1,106539,10439,9869,49.8,1.99,2.43,0,0.34,0.36,0.9965,9.31,8.75,2.738,2.739,126847,0.06,0.03,-0.03
"8468598","NYI",24,371,314,15,14,0,2,2,5,0,166,8,10,0,21.3000448028906,15.5612103033927,5,1,23045,3960,776,54.2,2.34,2.19,0.31,6.36,0,1,9.09,0,3.327,2.431,27781,0.65,0.13,-0.52
"8470144","NYI",80,868,845,37,49,15,16,5,15,4,446,263,34,27,41.8584156007855,41.0627153087407,4,14,61730,11198,7900,50.7,2.16,2.86,1.81,6.43,1.82,0.9848,10.93,12.3,2.441,2.395,80828,0.18,0.62,0.44
"8470153","NYI",28,327,315,7,17,2,4,1,0,0,73,1,3,0,15.6393265170045,16.0596426030388,6,2,19568,2528,105,50.9,1.29,3.13,1.1,1.42,0,1,4.27,0,2.877,2.955,22201,0.97,0.32,-0.65
"8470644","NYI",70,678,758,25,45,8,9,0,0,1,35,27,3,2,31.9969847223256,37.3466303503956,12,26,46759,2718,1618,47.2,1.92,3.46,1.31,0,2.22,0.963,3.97,4.45,2.463,2.875,51095,0.85,1.83,0.98
"8470852","BUF",85,1021,1102,46,38,13,18,9,9,1,374,7,28,0,46.4792484446079,47.7351304564509,18,18,70964,10571,1476,48.1,2.33,1.93,1.57,6.13,2.44,0.8571,9.54,0,2.358,2.422,83011,0.78,0.78,0
"8471299","NYI",66,616,576,16,27,3,4,0,1,0,45,63,1,5,28.2130954846507,25.486822047329,5,15,39828,2151,2244,51.7,1.45,2.44,0.63,1.67,0,1,1.67,8.02,2.55,2.304,44223,0.41,1.22,0.81
"8473449","NYI",71,1122,1119,60,56,19,29,5,10,5,465,18,32,2,54.6135377057362,56.5768667508382,18,21,66827,11653,2207,50.1,3.23,3.02,2.59,4.63,8.16,0.7222,9.89,3.26,2.942,3.048,80687,0.8,0.94,0.14
"8473546","NYI",64,654,632,26,39,6,13,0,0,0,26,166,0,14,31.2229473565822,32.6719308964675,6,13,42096,1526,6525,50.9,2.22,3.34,1.62,0,0,1,0,7.72,2.67,2.794,50147,0.43,0.93,0.5
"8473565","NYI",47,551,687,22,38,2,3,0,0,0,3,192,0,11,27.4134908493725,34.5888690805295,7,10,41444,652,6055,44.5,1.91,3.3,0.43,0,0,1,0,6.54,2.381,3.005,48151,0.52,0.75,0.23
"8473584","NYI",89,1329,1661,51,70,3,11,2,9,5,365,366,28,30,60.7324842721573,76.2031163246138,29,20,98116,12711,11052,44.4,1.87,2.57,0.51,3.12,1.63,0.9863,7.93,9.77,2.228,2.796,121879,0.86,0.59,-0.27
"8474066","NYI",82,1221,1192,52,50,3,15,0,1,0,23,242,1,21,60.7950375173823,57.3945536933606,16,7,75666,1738,9489,50.6,2.47,2.38,0.86,2.07,0,1,2.07,7.97,2.892,2.731,86893,0.66,0.29,-0.37
"8474573","NYI",77,931,841,38,40,6,20,2,8,1,225,56,14,6,45.9329195037717,37.029648709402,8,8,58218,8463,2025,52.5,2.35,2.47,1.61,4.25,1.78,0.9821,5.96,10.67,2.84,2.29,68706,0.42,0.42,0
"8474612","NYI",69,1248,1244,48,48,1,12,2,1,2,134,354,8,29,59.2272764904774,54.2887095261249,19,13,79273,6672,10019,50.1,2.18,2.18,0.59,1.62,0.72,0.9944,4.32,10.42,2.69,2.465,95964,0.71,0.49,-0.22
"8474659","NYI",52,789,675,30,39,1,7,1,5,1,136,62,8,7,37.3948639645823,35.30646449083,13,4,44886,4927,2911,53.9,2.41,3.13,0.64,4.38,1.24,0.9839,5.85,8.66,2.999,2.832,52724,0.89,0.27,-0.62
"8474709","NYI",79,680,839,24,31,8,6,0,0,0,33,101,3,11,33.5240868201945,39.5808462038403,15,16,49491,2507,3218,44.8,1.75,2.25,1.02,0,0,1,4.31,12.31,2.439,2.879,55216,0.98,1.04,0.06
"8475166","NYI",59,954,972,50,43,16,21,8,17,4,403,17,32,0,47.5743701000465,49.0515171105508,15,16,56802,9832,2257,49.5,3.17,2.73,2.34,9.15,6.38,0.7647,11.72,0,3.015,3.109,68891,0.78,0.84,0.06
"8475231","NYI",80,647,785,14,29,5,7,1,1,1,20,329,3,23,30.4325836188509,36.129921510932,15,17,49991,2338,9346,45.2,1.01,2.09,0.86,3.08,0.39,0.997,4.62,8.86,2.192,2.602,61675,0.88,0.99,0.11
"8475754","NYI",72,771,676,28,37,10,8,3,4,2,217,95,11,7,33.2013539771433,28.9979191101738,6,17,48065,6800,3303,53.3,2.1,2.77,1.35,3.71,2.18,0.9789,5.82,7.63,2.487,2.172,58168,0.37,1.05,0.68
"8462041","CAR",60,421,564,20,18,4,5,0,0,1,14,86,0,7,16.7942066725809,23.5518286090228,12,3,33930,905,2421,42.7,2.12,1.91,0.95,0,1.49,0.9884,0,10.41,1.782,2.499,37256,1.16,0.29,-0.87
"8468493","CAR",82,1363,1305,40,49,4,6,0,0,1,60,232,2,16,61.470710457128,53.6454745659139,15,9,86478,4440,8602,51.1,1.67,2.04,0.42,0,0.42,0.9957,1.62,6.7,2.559,2.233,99520,0.54,0.33,-0.21
"8469531","CAR",68,922,1010,36,37,2,6,1,5,1,120,72,8,3,38.5020495656645,49.5564755532541,17,9,57655,4121,3461,47.7,2.25,2.31,0.5,5.24,1.04,0.9861,6.99,3.12,2.404,3.094,65237,0.94,0.5,-0.44
"8470120","CAR",65,1118,906,42,35,12,14,6,6,5,409,36,18,4,49.2036087834276,42.031387431256,21,24,58398,10850,2770,55.2,2.59,2.16,1.6,3.98,6.5,0.8611,5.97,5.2,3.033,2.591,72018,1.05,1.2,0.15
"8470302","CAR",75,833,885,21,26,6,13,0,0,0,7,212,0,16,38.5349845555611,38.875662364997,7,20,55148,1384,5711,48.5,1.37,1.7,1.24,0,0,1,0,10.09,2.516,2.538,62243,0.4,1.16,0.76
"8470320","CAR",30,1293,1211,45,55,0,1,0,0,2,280,205,16,19,58.2857055889326,54.8987573682098,1,3,77114,8971,7020,51.6,2.1,2.57,0.05,0,1.03,0.9902,6.42,9.74,2.721,2.563,93105,0.04,0.12,0.08
"8470595","CAR",79,1271,1157,50,57,15,24,1,11,5,482,84,24,6,55.3610546702403,57.0218214269844,36,24,70963,12631,5014,52.3,2.54,2.89,1.98,3.42,3.59,0.9405,6.84,4.31,2.809,2.893,88608,1.46,0.98,-0.48
"8471284","CAR",74,1331,1246,59,57,5,18,4,11,5,358,292,19,24,58.6124981808825,62.5240666423342,10,9,77060,10502,8699,51.6,2.76,2.66,1.07,5.14,2.07,0.9829,6.51,9.93,2.738,2.921,96261,0.37,0.34,-0.03
"8471804","CAR",81,1079,1010,28,33,10,10,3,4,3,245,99,10,7,49.2028585299267,45.6707088901312,18,23,62774,8760,4639,51.7,1.61,1.89,1.15,2.88,2.33,0.9697,4.11,5.43,2.822,2.619,76173,0.85,1.09,0.24
"8471840","CAR",17,101,115,3,7,1,1,0,0,0,1,13,0,0,3.84073397750035,5.34816514700651,2,5,7084,167,387,46.8,1.52,3.56,1.02,0,0,1,0,0,1.952,2.718,7638,0.94,2.36,1.42
"8473482","CAR",68,847,807,37,34,13,12,0,1,3,166,54,3,1,35.3788173280773,35.7882001895923,11,18,50327,5793,2256,51.2,2.65,2.43,1.79,0.62,4.79,0.9444,1.86,1.6,2.531,2.56,58376,0.68,1.11,0.43
"8473533","CAR",82,1245,1064,32,28,10,13,2,8,4,313,180,19,23,55.0994789901306,47.0787510275841,17,18,69086,11119,6135,53.9,1.67,1.46,1.2,3.24,2.35,0.9778,6.15,13.5,2.871,2.453,86340,0.71,0.75,0.04
"8474062","CAR",73,722,705,29,27,9,10,1,2,0,98,83,7,0,32.7099055935978,32.1060467799543,7,10,46227,3342,3612,50.6,2.26,2.1,1.48,3.23,0,1,7.54,0,2.547,2.5,53181,0.47,0.68,0.21
"8474135","CAR",64,860,918,25,27,2,6,0,0,0,7,162,0,9,38.1714820245979,38.7809344168636,15,11,56848,1376,6181,48.4,1.58,1.71,0.51,0,0,1,0,5.24,2.417,2.456,64405,0.84,0.61,-0.23
"8474137","CAR",70,558,657,21,22,4,7,0,0,0,39,36,0,0,24.1079129727441,31.4900276896078,8,8,39042,1908,1511,45.9,1.94,2.03,1.01,0,0,1,0,0,2.223,2.904,42461,0.68,0.68,0
"8475753","CAR",76,1375,1273,57,65,3,17,2,6,3,279,301,19,26,58.0346020722063,63.24474159081,16,7,80279,9087,8539,51.9,2.56,2.91,0.9,3.17,1.26,0.99,7.53,10.96,2.602,2.836,97905,0.59,0.26,-0.33
"8475784","CAR",71,962,919,40,45,19,12,11,9,4,411,2,29,0,40.278578153695,44.2298648408614,11,26,57612,10438,1074,51.1,2.5,2.81,1.94,6.9,13.41,-1,10,0,2.517,2.764,69124,0.57,1.35,0.78
"8476465","CAR",48,689,729,20,26,1,7,1,2,1,190,4,5,0,28.5092224264517,34.7877245877171,5,10,42726,5976,992,48.6,1.69,2.19,0.67,1.81,3.63,0.75,3.01,0,2.402,2.931,49694,0.36,0.72,0.36
"8477496","CAR",58,633,642,23,31,5,8,4,3,2,252,5,14,0,27.1457922141417,33.2650642237277,2,3,41020,6722,721,49.6,2.02,2.72,1.14,3.75,9.99,0.6,7.5,0,2.382,2.919,48463,0.15,0.22,0.07
"8468001","CBJ",76,573,594,19,26,7,8,0,0,0,4,254,0,13,23.0833449130878,23.8325949574355,12,13,42401,1193,6213,49.1,1.61,2.21,1.27,0,0,1,0,7.53,1.96,2.023,49807,0.87,0.94,0.07
"8468483","LAK",67,903,776,48,28,19,16,4,11,3,313,2,25,0,43.0275023709983,35.8104219013476,8,12,54882,8608,844,53.8,3.15,1.84,2.3,6.27,12.8,-0.5,10.46,0,2.822,2.349,64334,0.45,0.67,0.22
"8469469","CBJ",78,777,918,34,41,8,11,8,4,2,218,132,18,8,33.5813431349816,38.2028517577564,14,22,56131,8710,5746,45.8,2.18,2.63,1.22,4.96,1.25,0.9848,7.44,5.01,2.154,2.45,70587,0.71,1.12,0.41
"8469732","CGY",11,424,444,22,22,0,0,0,0,0,69,57,4,6,18.2007170632714,18.5854669681285,1,2,28979,3005,2143,48.8,2.73,2.73,0,0,0,1,4.79,10.08,2.261,2.309,34127,0.11,0.21,0.1
"8470222","CBJ",80,1238,1057,50,46,3,16,3,26,9,483,231,39,22,50.9226573926862,42.7977161820745,28,22,78419,13651,9366,53.9,2.3,2.11,0.87,7.65,3.46,0.961,10.28,8.46,2.338,1.965,101436,0.99,0.78,-0.21
"8471260","CBJ",66,658,583,25,30,5,11,0,0,0,5,36,0,2,25.3555607878952,24.1338248819229,18,14,42799,1501,2045,53,2.1,2.52,1.35,0,0,1,0,3.52,2.133,2.03,46345,1.4,1.09,-0.31
"8471273","CBJ",81,1026,953,47,36,9,27,4,7,5,374,271,25,19,44.790494304907,39.3279164744308,32,29,64412,11117,8937,51.8,2.63,2.01,2.01,3.56,2.01,0.9815,8.1,7.65,2.503,2.198,84466,1.36,1.24,-0.12
"8471348","CBJ",71,955,986,41,32,1,13,0,0,0,70,78,4,2,35.8714047877584,39.461751429073,10,4,61509,4296,4030,49.2,2.4,1.87,0.82,0,0,1,3.35,1.79,2.099,2.31,69835,0.52,0.21,-0.31
"8471677","CBJ",87,1251,1379,60,63,3,12,5,16,9,487,464,36,26,56.1148497372633,56.7022618006449,26,16,91993,14795,12453,47.6,2.35,2.47,0.59,5.11,2.6,0.9806,8.76,7.52,2.196,2.219,119241,0.78,0.48,-0.3
"8473422","CBJ",74,865,845,48,39,16,18,3,3,1,172,18,10,2,37.6577511967625,32.6384185532806,25,26,57527,7310,2028,50.6,3,2.44,2.13,2.95,1.78,0.9444,4.92,3.55,2.357,2.042,66865,1.35,1.4,0.05
"8473573","CBJ",86,871,868,37,39,16,13,4,4,4,309,316,20,27,34.4348193304031,35.2277300999849,12,18,61816,9214,9551,50.1,2.15,2.27,1.69,3.13,1.51,0.9873,7.81,10.18,2.005,2.052,80581,0.54,0.8,0.26
"8473914","CBJ",87,745,771,26,32,6,12,5,7,2,219,362,18,21,29.8486432521022,30.1701044804067,10,5,57262,6717,8938,49.1,1.63,2.01,1.13,6.43,0.81,0.9945,9.65,8.46,1.877,1.897,72917,0.49,0.25,-0.24
"8474577","CGY",80,784,940,33,45,9,15,1,3,3,159,33,9,4,32.718360280036,39.9467083609197,17,10,57618,6267,2055,45.5,2.06,2.81,1.5,2.3,5.26,0.9091,5.17,7.01,2.044,2.496,65940,0.93,0.55,-0.38
"8474685","CBJ",61,704,657,32,30,6,13,2,2,1,162,123,7,6,30.0299608049681,26.9323611842119,16,19,45081,5301,5320,51.7,2.56,2.4,1.52,2.72,0.68,0.9919,4.75,4.06,2.398,2.151,55702,1.03,1.23,0.2
"8474715","CBJ",84,995,955,39,35,16,13,4,6,4,328,17,21,1,42.0506415879936,36.6431163699017,8,11,63240,9765,1516,51,2.22,1.99,1.65,3.69,9.5,0.7647,7.74,2.37,2.394,2.086,74521,0.39,0.53,0.14
"8474774","CBJ",51,655,661,22,30,2,4,0,0,0,3,114,0,10,28.0830236810725,25.6318483576179,7,6,44200,833,4664,49.8,1.79,2.44,0.49,0,0,1,0,7.72,2.287,2.088,49697,0.51,0.43,-0.08
"8475233","CBJ",75,968,1076,41,36,4,7,1,4,0,103,193,10,10,37.6888890647679,42.7217915339279,16,6,67987,4375,6694,47.4,2.17,1.91,0.58,4.11,0,1,8.23,5.38,1.996,2.262,79056,0.73,0.27,-0.46
"8475683","CBJ",63,2472,2507,102,98,0,0,0,0,9,613,563,48,34,101.513529731426,103.288839170651,1,6,166766,20138,18089,49.6,2.2,2.12,0,0,1.79,0.984,8.58,6.77,2.191,2.23,204993,0.02,0.11,0.09
"8475793","CBJ",87,1074,1054,46,42,22,16,9,14,4,407,102,35,9,45.8483622884378,42.8942721693311,21,12,68784,11921,4865,50.5,2.41,2.2,1.99,6.95,2.96,0.9608,10.57,6.66,2.4,2.245,85570,0.88,0.5,-0.38
"8476432","CBJ",77,896,907,33,28,11,10,6,5,1,154,0,14,0,35.084686228307,35.5008124756278,21,33,57708,5036,1042,49.7,2.06,1.75,1.31,7.86,3.45,NA,10.01,0,2.189,2.215,63786,1.19,1.86,0.67
"8476850","CBJ",70,970,942,45,42,1,10,3,5,0,212,175,12,17,37.1143417088897,38.1699598568957,5,3,64091,7669,7698,50.7,2.53,2.36,0.62,3.76,0,1,5.63,7.95,2.085,2.144,79458,0.23,0.14,-0.09
"8475681","EDM",40,1487,1674,51,63,0,1,0,0,5,314,374,17,19,60.8841323670349,73.749111331359,3,5,103391,10441,11717,47,1.78,2.19,0.03,0,1.54,0.9866,5.86,5.84,2.12,2.568,125549,0.09,0.14,0.05
"8471718","COL",83,433,647,8,22,1,4,0,0,0,3,371,0,26,14.8576686488232,27.9517535537598,7,5,42453,1042,8457,40.1,0.68,1.87,0.42,0,0,1,0,11.07,1.26,2.37,51952,0.49,0.35,-0.14
"8475193","DET",78,875,675,43,27,16,15,2,4,3,270,0,13,0,37.6688307718141,31.1464161762851,19,21,53910,9806,687,56.5,2.87,1.8,2.07,2.2,15.72,NA,4.77,0,2.515,2.08,64403,1.06,1.17,0.11
"8466215","OTT",25,374,338,13,17,3,5,0,2,2,84,4,7,0,14.3056735065184,15.8027083505294,5,2,21303,2966,488,52.5,2.2,2.87,1.35,2.43,14.75,0.5,8.5,0,2.418,2.671,24757,0.73,0.29,-0.44
"8471719","OTT",33,130,146,3,5,0,1,0,0,0,0,0,0,0,4.84119031805312,5.22179831459653,4,4,8638,79,17,47.1,1.25,2.08,0.42,0,0,NA,0,0,2.018,2.176,8734,1.65,1.65,0
"8475190","TOR",2,6,11,0,1,0,0,0,0,0,0,0,0,0,0.238563114777207,0.683435146231204,0,0,703,0,0,35.3,0,5.12,0,NA,NA,NA,NA,NA,1.222,3.5,703,0,0,0
"8476805","TOR",1,5,12,0,2,0,0,0,0,0,0,0,0,0,0.258122306317091,0.407414325512946,0,0,316,0,0,29.4,0,22.78,0,NA,NA,NA,NA,NA,2.941,4.641,316,0,0,0
"8476853","TOR",73,973,1215,46,53,1,14,1,11,4,195,13,19,2,40.9406049155514,52.3671170213493,6,5,63442,8294,1960,44.5,2.61,3.01,0.85,5.21,7.35,0.6923,8.25,3.67,2.323,2.972,73696,0.29,0.24,-0.05
"8469548","PHI",31,986,1106,28,51,0,0,0,0,4,254,271,13,22,41.7945713686058,51.1600893480354,3,1,69862,8868,9601,47.1,1.44,2.63,0,0,1.5,0.9852,5.28,8.25,2.154,2.636,88331,0.12,0.04,-0.08
"8473466","MTL",52,263,438,10,18,2,3,0,0,0,2,176,0,9,10.2037593907444,17.1070950514404,10,8,24239,512,5002,37.5,1.49,2.67,0.74,0,0,1,0,6.48,1.515,2.541,29753,1.21,0.97,-0.24
"8475739","MTL",74,565,715,21,29,6,6,1,2,0,27,57,3,5,22.1185988999205,27.019296866667,9,7,40470,1435,2683,44.1,1.87,2.58,1.07,7.53,0,1,7.53,6.71,1.968,2.403,44588,0.73,0.57,-0.16
"8471856","PIT",66,486,591,17,18,1,12,0,1,0,5,77,1,6,17.9124298815732,21.39619861549,14,13,38368,889,2144,45.1,1.6,1.69,1.22,4.05,0,1,4.05,10.07,1.681,2.008,41401,1.22,1.13,-0.09
"8473523","BUF",28,970,1229,33,47,0,0,0,0,2,206,229,10,16,41.7253137888038,54.4569124670234,0,1,73588,8367,8002,44.1,1.61,2.3,0,0,0.9,0.9913,4.3,7.2,2.041,2.664,89957,0,0.04,0.04
"8473571","BUF",69,814,1191,25,36,3,7,2,3,1,235,122,14,9,34.3250790626043,52.6078365027788,7,7,65131,9339,4926,40.6,1.38,1.99,0.55,1.93,0.73,0.9918,5.4,6.58,1.897,2.908,79396,0.32,0.32,0
"8465202","TBL",73,858,802,40,32,3,6,0,6,2,188,290,15,18,37.8975018862402,32.9378053980763,9,6,58480,6115,7464,51.7,2.46,1.97,0.55,3.53,0.96,0.9931,8.83,8.68,2.333,2.028,72059,0.45,0.3,-0.15
"8471750","TBL",63,2467,2485,113,89,0,2,0,0,6,460,579,37,32,103.989874439372,107.09975090978,2,6,165744,17028,18900,49.8,2.45,1.93,0.04,0,1.14,0.9896,7.82,6.1,2.259,2.326,201672,0.04,0.11,0.07
"8474497","TBL",31,384,360,25,11,3,9,0,0,1,42,5,2,0,15.9269931226736,16.8062243765453,4,3,25035,2246,641,51.6,3.59,1.58,1.73,0,5.62,0.8,3.21,0,2.29,2.417,27922,0.52,0.39,-0.13
"8474727","CHI",94,876,887,43,35,16,12,1,1,0,49,169,2,9,36.9773917428683,33.243893093837,2,14,63111,3254,6374,49.7,2.45,2,1.6,2.21,0,1,2.21,5.08,2.109,1.896,72739,0.1,0.69,0.59
"8467428","FLA",55,236,298,5,15,0,4,0,0,0,0,0,0,0,9.47898351144977,14.256919830048,7,2,19397,112,178,44.2,0.93,2.78,0.74,0,0,NA,0,0,1.759,2.646,19687,1.28,0.37,-0.91
"8474593","FLA",16,609,536,24,34,0,0,0,0,1,105,88,5,8,25.4559862893075,26.0785375472624,0,1,39068,3493,3488,53.2,2.21,3.13,0,0,1.03,0.9886,5.15,8.26,2.346,2.403,46049,0,0.08,0.08
"8471514","DAL",62,684,700,28,26,5,19,0,3,1,219,126,10,5,31.078128250374,32.5966585354181,5,7,42679,7056,4294,49.4,2.36,2.19,2.02,1.53,0.84,0.9921,5.1,4.19,2.621,2.75,54029,0.33,0.47,0.14
"8476162","WSH",33,365,420,20,14,2,8,0,0,0,0,105,0,6,15.5925754164928,17.6064229956828,14,8,25724,196,3834,46.5,2.8,1.96,1.4,0,0,1,0,5.63,2.182,2.464,29754,1.69,0.97,-0.72
"8471208","ANA",67,694,711,45,19,9,14,5,6,1,214,1,16,0,36.2730342221912,29.6365546516026,10,9,49031,6129,734,49.4,3.3,1.4,1.69,6.46,4.9,0,9.4,0,2.663,2.176,55894,0.64,0.58,-0.06
"8473972","ANA",56,2205,2160,112,81,0,0,0,2,5,554,510,27,35,101.284560009139,91.3977817401174,0,0,142767,17219,15279,50.5,2.82,2.04,0,0.42,1.18,0.9902,5.64,8.25,2.554,2.305,175265,0,0,0
"8476856","MIN",13,125,109,1,5,0,0,1,1,0,31,0,3,0,5.21846014843322,5.28406782081584,1,2,7955,1337,149,53.4,0.45,2.26,0,5.39,0,NA,8.08,0,2.362,2.391,9441,0.38,0.76,0.38
"8467391","EDM",7,230,205,13,11,0,0,0,0,0,44,59,1,7,10.2495704949833,8.42144990724046,0,0,16476,1362,1606,52.9,2.84,2.4,0,0,0,1,2.64,15.69,2.24,1.84,19444,0,0,0
"8474134","VAN",49,421,423,16,19,3,2,3,2,2,123,19,7,1,16.0476684959722,19.5004081709776,8,2,28400,4261,1347,49.9,2.03,2.41,0.63,4.22,5.35,0.8947,5.91,2.67,2.034,2.472,34008,0.85,0.21,-0.64
"8473562","SJS",36,302,314,5,15,1,1,0,0,0,4,62,0,4,12.2489384064102,10.7941742129624,2,2,20137,606,2624,49,0.89,2.68,0.36,0,0,1,0,5.49,2.19,1.93,23367,0.31,0.31,0
"8470232","PHI",4,10,19,1,1,0,1,0,0,0,0,0,0,0,0.385912189725786,0.360542815178633,1,0,1176,3,0,34.5,3.06,3.06,3.06,0,NA,NA,0,NA,1.181,1.104,1179,3.05,0,-3.05
"8471418","CAR",36,1592,1633,67,57,0,0,0,0,6,331,207,17,12,72.6724438932142,76.4694076189771,0,3,100681,10056,7468,49.4,2.4,2.04,0,0,2.89,0.971,6.09,5.78,2.599,2.734,118205,0,0.09,0.09
"8471482","WPG",32,518,484,23,30,2,8,0,2,0,66,74,2,5,22.3859485806315,23.4635995623539,9,3,30063,2587,2651,51.7,2.75,3.59,1.2,2.78,0,1,2.78,6.79,2.681,2.81,35301,0.92,0.31,-0.61
"8474061","WPG",53,216,256,9,15,1,3,0,0,0,3,0,0,0,9.40596728317905,11.860107008717,5,6,18072,169,25,45.8,1.79,2.99,0.8,0,0,NA,0,0,1.874,2.363,18266,0.99,1.18,0.19
"8476854","ANA",89,1353,1334,80,52,5,20,1,4,3,319,55,17,3,65.7567432672367,58.1919048022828,18,11,81785,11606,3564,50.4,3.52,2.29,1.1,1.55,3.03,0.9455,5.27,3.03,2.894,2.561,96955,0.67,0.41,-0.26
"8475663","VAN",41,1667,1593,57,62,0,0,0,0,2,315,326,17,21,66.1055456915055,69.5219058178482,0,3,107626,10482,12165,51.1,1.91,2.07,0,0,0.59,0.9939,5.84,6.21,2.211,2.325,130273,0,0.08,0.08
"8472424","EDM",2,12,16,0,2,0,0,0,0,0,2,4,0,0,0.40746340341866,0.637893450446427,0,1,931,122,118,42.9,0,7.73,0,0,0,1,0,0,1.576,2.467,1171,0,3.07,3.07
"8476454","EDM",80,1012,1242,50,57,11,20,6,14,3,368,159,29,11,53.4015195565298,59.3392761945724,13,18,71771,10721,6534,44.9,2.51,2.86,1.55,6.72,1.65,0.9811,9.74,6.06,2.679,2.976,89026,0.53,0.73,0.2
"8465025","NYR",6,31,48,0,5,0,0,0,0,0,0,0,0,0,1.16953538823873,2.57677843328565,2,0,2665,3,0,39.2,0,6.75,0,0,NA,NA,0,NA,1.58,3.481,2668,2.7,0,-2.7
"8471339","NYR",69,961,938,38,34,9,14,7,4,5,275,149,27,13,43.969406102784,42.5690087526455,11,21,59334,7146,5563,50.6,2.31,2.06,1.4,5.54,3.24,0.9664,13.6,8.41,2.668,2.583,72043,0.55,1.05,0.5
"8473942","TOR",28,200,288,7,10,3,4,0,1,0,13,13,2,4,7.99199923546985,12.2254273226135,2,4,15238,862,600,41,1.65,2.36,1.65,4.18,0,1,8.35,24,1.888,2.888,16700,0.43,0.86,0.43
"8471306","PHX",25,973,892,34,30,0,0,0,0,4,179,130,12,10,38.5148070428986,38.7043737849453,0,0,62357,6525,4764,52.2,1.96,1.73,0,0,3.02,0.9692,6.62,7.56,2.224,2.234,73646,0,0,0
"8474628","PHX",70,947,953,38,43,6,8,2,4,1,141,197,9,17,33.8120043384843,44.2163149215048,19,8,61589,5608,6092,49.8,2.22,2.51,0.82,3.85,0.59,0.9949,5.78,10.05,1.976,2.585,73289,0.93,0.39,-0.54
"8471768","TBL",28,244,256,10,10,3,4,0,0,0,3,49,0,4,10.6766001321375,10.0413153682603,2,5,16757,445,1427,48.8,2.15,2.15,1.5,0,0,1,0,10.09,2.294,2.157,18629,0.39,0.97,0.58
"8474048","TBL",16,107,160,3,6,0,1,0,0,0,0,9,0,0,4.19261591963004,6.67593778000446,2,1,9096,0,455,40.1,1.19,2.37,0.4,NA,0,1,NA,0,1.659,2.642,9551,0.75,0.38,-0.37
"8475220","BUF",74,694,927,23,38,6,11,0,1,2,114,119,3,10,28.3670101341559,40.3980726183509,16,12,53300,5565,5037,42.8,1.55,2.57,1.15,0.65,1.43,0.9832,1.94,7.15,1.916,2.729,63902,0.9,0.68,-0.22
"8470216","MIN",29,1122,1072,42,31,0,0,0,0,1,207,189,15,11,43.697113253118,37.2849763287813,0,1,79200,7262,7192,51.1,1.91,1.41,0,0,0.5,0.9947,7.44,5.51,1.986,1.695,93654,0,0.04,0.04
"8475176","NSH",80,953,942,51,40,6,13,0,6,0,198,8,16,0,42.5142449273262,35.5731739283656,12,15,65114,7825,855,50.3,2.82,2.21,1.05,2.76,0,1,7.36,0,2.351,1.967,73794,0.59,0.73,0.14
"8475722","MIN",21,193,255,8,6,3,0,1,1,0,15,5,3,1,8.05040693940828,8.78812596143689,1,3,14243,1366,298,43.1,2.02,1.52,0.76,5.27,0,1,7.91,12.08,2.035,2.221,15907,0.23,0.68,0.45
"8476887","NSH",13,94,107,1,9,0,1,1,3,0,30,0,5,0,3.488091605308,4.2844233228825,2,1,7552,1130,97,46.8,0.48,4.29,0.48,12.74,0,NA,15.93,0,1.663,2.042,8779,0.82,0.41,-0.41
"8471220","NJD",10,75,64,1,2,0,1,0,1,0,5,9,2,0,3.41267252899706,3.22182316251565,0,0,6065,141,562,54,0.59,1.19,0.59,25.53,0,1,51.06,0,2.026,1.912,6768,0,0,0
"8471816","NJD",72,938,759,37,45,3,7,0,0,0,3,191,0,12,43.1597911309218,32.6054487588117,15,5,66513,1004,7702,55.3,2,2.44,0.54,0,0,1,0,5.61,2.336,1.765,75219,0.72,0.24,-0.48
"8462047","NYR",2,55,63,2,5,0,0,0,0,0,14,8,1,3,2.52780876029283,3.30516898463247,0,0,3317,292,344,46.6,2.17,5.43,0,0,0,1,12.33,31.4,2.743,3.587,3953,0,0,0
"8467331","SJS",68,1080,1067,45,39,2,8,0,0,0,13,243,0,15,47.4831828274182,43.4137892117142,15,13,64938,1764,7128,50.3,2.49,2.16,0.55,0,0,1,0,7.58,2.632,2.407,73830,0.73,0.63,-0.1
"8469992","CHI",55,608,590,26,22,2,7,0,0,0,2,44,0,4,23.9365578171564,26.3772984426469,6,7,39691,337,2204,50.8,2.36,2,0.82,0,0,1,0,6.53,2.171,2.392,42232,0.51,0.6,0.09
"8470666","NYR",65,547,536,18,17,6,1,0,0,0,9,1,2,0,22.6155772124766,20.7542256499873,26,25,34549,762,216,50.5,1.88,1.77,0.73,0,0,1,9.45,0,2.357,2.163,35527,2.63,2.53,-0.1
"8474166","LAK",87,1159,896,50,35,11,8,5,8,2,328,65,20,5,47.259402575728,36.8549393519643,13,9,68101,9441,3081,56.4,2.64,1.85,1,4.96,2.34,0.9692,7.63,5.84,2.498,1.948,80623,0.58,0.4,-0.18
"8462044","COL",22,787,929,37,37,0,0,0,0,0,138,188,13,14,34.2499835104682,42.1261818907224,2,3,57711,5128,6262,45.9,2.31,2.31,0,0,0,1,9.13,8.05,2.137,2.628,69101,0.1,0.16,0.06
"8471766","CBJ",29,140,198,3,9,1,1,0,0,0,0,0,0,0,5.77183258906007,7.70501159160631,6,11,12857,134,61,41.4,0.84,2.52,0.56,0,0,NA,0,0,1.616,2.157,13052,1.65,3.03,1.38
"8475248","WSH",20,203,259,8,8,1,0,0,0,0,0,65,0,4,9.18026243383065,10.7126787793823,2,2,14781,76,2279,43.9,1.95,1.95,0.24,0,0,1,0,6.32,2.236,2.609,17136,0.42,0.42,0
"8468484","PHX",25,334,307,11,12,1,3,0,0,0,1,96,0,10,11.8084498685203,12.4789281030535,7,5,19297,251,2714,52.1,2.05,2.24,0.75,0,0,1,0,13.26,2.203,2.328,22262,1.13,0.81,-0.32
"8470713","PHX",39,171,154,10,4,2,6,0,0,0,0,0,0,0,7.1610166686587,5.38941590010654,9,6,11024,0,44,52.6,3.27,1.31,2.61,NA,0,NA,NA,0,2.339,1.76,11068,2.93,1.95,-0.98
"8471842","PHX",37,401,391,12,13,2,6,0,0,0,2,4,0,0,16.9307667264366,16.588917294459,2,7,24500,341,405,50.6,1.76,1.91,1.18,0,0,1,0,0,2.488,2.438,25246,0.29,1,0.71
"8466339","FLA",17,685,630,26,27,0,0,0,0,1,154,119,5,17,31.3611972187646,28.4516417726409,0,1,41531,5941,4143,52.1,2.25,2.34,0,0,0.87,0.9916,3.03,14.77,2.718,2.466,51615,0,0.07,0.07
"8470156","FLA",9,63,102,1,3,0,1,0,0,0,4,35,0,3,2.60156021546572,3.39758816204267,1,2,6298,418,888,38.2,0.57,1.71,0.57,0,0,1,0,12.16,1.487,1.942,7604,0.47,0.95,0.48
"8476304","TOR",5,36,48,2,1,0,1,0,0,0,0,0,0,0,1.27316390955821,1.96857379423454,0,0,2383,64,0,42.9,3.02,1.51,1.51,0,NA,NA,0,NA,1.923,2.974,2447,0,0,0
"8476410","TOR",7,41,58,2,2,1,1,0,0,0,2,0,0,0,1.57319643243682,2.53517184138764,0,1,3769,174,23,41.4,1.91,1.91,1.91,0,0,NA,0,0,1.503,2.421,3966,0,0.91,0.91
"8469542","MIN",38,171,241,6,7,3,0,0,0,0,0,66,0,3,4.46970421227161,7.93810492666671,10,6,15880,71,2682,41.5,1.36,1.59,0.68,0,0,1,0,4.03,1.013,1.8,18633,1.93,1.16,-0.77
"8474094","WPG",46,370,471,15,19,5,5,0,0,0,3,71,0,5,17.0156947904616,19.8478679393302,3,7,27245,845,2493,44,1.98,2.51,1.32,0,0,1,0,7.22,2.248,2.623,30583,0.35,0.82,0.47
"8469514","MTL",25,861,967,30,39,0,0,0,0,3,207,199,13,13,34.8771946107154,40.1503509724862,3,3,61296,7538,7173,47.1,1.76,2.29,0,0,1.51,0.9849,6.21,6.52,2.048,2.358,76007,0.14,0.14,0
"8476470","MTL",24,244,273,13,3,0,3,0,1,0,31,0,1,0,9.42939176026266,10.8565782484366,5,6,15324,2107,215,47.2,3.05,0.7,0.7,1.71,0,NA,1.71,0,2.215,2.55,17646,1.02,1.22,0.2
"8475770","ANA",33,310,334,12,11,4,4,2,0,0,34,50,3,4,14.0586133382167,13.3873983602389,3,3,20653,1519,1777,48.1,2.09,1.92,1.39,4.74,0,1,7.11,8.1,2.451,2.334,23949,0.45,0.45,0
"8469460","CAR",32,324,343,10,15,0,4,0,0,0,8,27,0,3,12.5754309074837,17.4385997614008,7,5,20528,476,1228,48.6,1.75,2.63,0.7,0,0,1,0,8.79,2.205,3.058,22232,1.13,0.81,-0.32
"8473908","CGY",48,243,328,10,14,4,3,0,0,0,0,0,0,0,8.89419716072734,13.4098854423501,14,3,18258,41,218,42.6,1.97,2.76,1.38,0,0,NA,0,0,1.754,2.644,18517,2.72,0.58,-2.14
"8473553","PIT",20,734,844,44,37,0,0,0,1,2,213,193,23,12,32.8057288388372,33.7549721159739,0,4,54772,6483,5222,46.5,2.89,2.43,0,0.56,1.38,0.9896,12.77,8.27,2.156,2.219,66477,0,0.22,0.22
"8475118","FLA",16,198,210,8,9,1,1,0,0,0,23,2,0,0,8.89502510020975,8.83470401121303,3,1,13586,1312,166,48.5,2.12,2.38,0.53,0,0,1,0,0,2.357,2.341,15064,0.72,0.24,-0.48
"8459140","CHI",4,140,87,8,9,0,0,0,0,1,36,26,2,3,5.55657378293108,4.19493685546331,0,0,7578,1294,754,61.7,3.8,4.28,0,0,4.77,0.9615,5.56,14.32,2.64,1.993,9626,0,0,0
"8473504","NYI",73,730,767,18,32,6,5,0,0,1,158,214,2,16,34.7879563777824,36.0480307299295,20,29,47151,6345,6186,48.8,1.37,2.44,0.84,0,0.58,0.9953,1.13,9.31,2.656,2.752,59682,1.21,1.75,0.54
"8474690","NYI",28,1208,1249,55,65,0,0,0,0,2,231,236,11,17,52.5889515139861,56.1084720269428,0,5,76271,8028,7639,49.2,2.6,3.07,0,0,0.94,0.9915,4.93,8.01,2.482,2.648,91938,0,0.2,0.2
"8468540","DAL",20,734,750,32,47,0,1,0,0,2,171,155,5,10,34.2395063990843,34.9183063811506,0,0,47419,5966,5110,49.5,2.43,3.57,0.08,0,1.41,0.9871,3.02,7.05,2.599,2.651,58495,0,0,0
"8469490","ANA",36,232,240,8,11,4,1,0,0,0,8,3,0,0,9.79715004924219,10.0622113218997,8,2,14840,292,135,49.2,1.94,2.67,1.21,0,0,1,0,0,2.377,2.441,15267,1.89,0.47,-1.42
"8475185","NJD",27,174,175,6,8,0,1,0,0,0,0,38,0,2,7.18226842605509,9.04390659055207,2,5,14103,247,1858,49.9,1.53,2.04,0.26,0,0,1,0,3.88,1.833,2.309,16208,0.44,1.11,0.67
"8469547","DET",11,61,59,2,5,0,1,0,0,0,0,0,0,0,1.60515450173989,2.49219406512566,0,2,4462,85,0,50.8,1.61,4.03,0.81,0,NA,NA,0,NA,1.295,2.011,4547,0,1.58,1.58
"8474873","DET",80,798,793,33,37,0,5,0,0,0,1,312,0,23,32.2403317179997,36.517456611793,18,11,57178,227,9868,50.2,2.08,2.33,0.31,0,0,1,0,8.39,2.03,2.299,67273,0.96,0.59,-0.37
"8475640","PHI",33,492,519,25,19,2,6,0,2,0,19,30,2,0,20.3572050733492,21.0339212286053,4,1,29189,1779,2059,48.7,3.08,2.34,0.99,4.05,0,1,4.05,0,2.511,2.594,33027,0.44,0.11,-0.33
"8475775","PHI",18,145,170,9,9,4,1,0,0,0,18,0,1,0,6.55416926403996,6.71007112547522,2,0,10701,836,145,46,3.03,3.03,1.68,0,0,NA,4.31,0,2.205,2.257,11682,0.62,0,-0.62
"8476822","DET",61,483,565,14,25,2,6,0,0,0,6,287,0,18,19.3021955653094,24.2450924827717,11,14,39681,1729,7384,46.1,1.27,2.27,0.73,0,0,1,0,8.78,1.751,2.2,48794,0.81,1.03,0.22
"8477290","PHI",75,770,699,29,31,9,12,0,0,0,15,172,0,9,32.2136596338823,29.4737684107386,14,19,46566,1804,7637,52.4,2.24,2.4,1.62,0,0,1,0,4.24,2.49,2.279,56007,0.9,1.22,0.32
"8468674","PIT",56,505,647,22,27,6,4,0,1,1,10,84,1,4,19.6664321676944,24.1388297112426,9,6,38741,969,2817,43.8,2.04,2.51,0.93,3.72,1.28,0.9881,3.72,5.11,1.827,2.243,42527,0.76,0.51,-0.25
"8473700","COL",32,344,434,21,20,0,7,0,0,0,7,48,0,2,15.743601192662,20.3812222185079,7,8,24625,571,2124,44.2,3.07,2.92,1.02,0,0,1,0,3.39,2.302,2.98,27320,0.92,1.05,0.13
"8477220","WSH",29,459,447,23,18,2,3,0,0,0,6,28,0,2,20.3381473242771,20.2626767071197,3,8,28085,685,1560,50.7,2.95,2.31,0.64,0,0,1,0,4.62,2.607,2.597,30330,0.36,0.95,0.59
"8469492","CBJ",72,945,995,43,46,3,12,1,8,0,205,337,14,17,42.2747920055408,40.3126219597179,24,8,68246,7148,8978,48.7,2.27,2.43,0.79,4.53,0,1,7.05,6.82,2.23,2.127,84372,1.02,0.34,-0.68
"8474749","BOS",72,1211,1030,55,35,0,18,0,0,0,13,200,0,14,50.7638053438277,43.44404561189,20,5,71074,1956,7793,54,2.79,1.77,0.91,0,0,1,0,6.47,2.571,2.201,80823,0.89,0.22,-0.67
"8470685","BUF",25,293,419,8,11,0,0,0,1,0,18,76,1,7,12.5559434167808,17.8486897527473,4,1,21781,1300,2479,41.2,1.32,1.82,0,2.77,0,1,2.77,10.17,2.075,2.95,25560,0.56,0.14,-0.42
"8475204","CHI",49,530,494,26,19,9,9,3,3,2,124,0,6,0,22.9789123547962,22.2002830129932,4,8,32929,4224,190,51.8,2.84,2.08,1.97,5.11,37.89,NA,5.11,0,2.512,2.427,37343,0.39,0.77,0.38
"8473992","NYR",21,187,229,3,9,0,2,0,0,0,0,16,0,0,6.40435502363835,9.69354145455873,5,1,13726,121,1014,45,0.79,2.36,0.52,0,0,1,0,0,1.68,2.542,14861,1.21,0.24,-0.97
"8467931","NYI",53,601,611,17,25,0,3,0,0,0,2,22,0,5,26.7663432947593,29.9239226637874,27,12,35874,129,1457,49.6,1.71,2.51,0.3,0,0,1,0,12.35,2.686,3.003,37460,2.59,1.15,-1.44
"8473537","NSH",70,709,741,25,36,8,10,0,0,0,15,2,0,0,29.8670845201705,28.1118542619515,15,18,48729,1592,742,48.9,1.85,2.66,1.33,0,0,1,0,0,2.207,2.077,51063,1.06,1.27,0.21
"8475178","VAN",73,836,801,38,35,13,15,1,0,2,58,1,2,0,32.6935499736574,33.7026910776622,17,14,50925,3954,432,51.1,2.69,2.47,1.98,0.91,16.67,-1,1.82,0,2.311,2.383,55311,1.11,0.91,-0.2
"8475215","OTT",36,1489,1410,54,67,0,0,0,0,3,269,317,18,17,61.0104689018335,64.3843273582752,1,3,87407,9289,11027,51.4,2.22,2.76,0,0,0.98,0.9905,6.98,5.55,2.513,2.652,107723,0.03,0.1,0.07
"8469462","CAR",76,944,860,30,44,5,16,3,0,1,186,16,9,2,40.0136564232525,40.4172171773971,21,25,55487,6515,1805,52.3,1.95,2.85,1.36,1.66,1.99,0.9375,4.97,3.99,2.596,2.622,63807,1.18,1.41,0.23
"8471219","WPG",28,1200,1114,54,44,0,0,0,0,2,215,168,9,10,54.3107824707404,46.6734433083911,1,4,72330,6983,6994,51.9,2.69,2.19,0,0,1.03,0.9881,4.64,5.15,2.703,2.323,86307,0.04,0.17,0.13
"8475361","DET",29,1095,1050,62,51,0,0,0,0,3,261,264,21,18,45.4192304096068,43.2023212361382,0,1,77084,8908,9135,51,2.9,2.38,0,0,1.18,0.9886,8.49,7.09,2.121,2.018,95127,0,0.04,0.04
"8475311","MIN",32,1181,1232,45,42,0,0,0,0,5,262,213,14,18,47.0063776496681,44.0434724473744,0,2,83877,8869,8404,48.9,1.93,1.8,0,0,2.14,0.9765,5.68,7.71,2.018,1.89,101150,0,0.07,0.07
"8475613","MIN",63,610,681,30,26,1,4,0,0,0,0,133,0,14,21.4540784739656,26.2184414202929,10,6,46377,543,5035,47.3,2.33,2.02,0.39,0,0,1,0,10.01,1.665,2.035,51955,0.69,0.42,-0.27
"8460720","NYI",23,99,166,4,4,2,2,0,0,0,3,2,0,0,6.34824221627787,7.30620011931751,9,5,8434,232,122,37.4,1.71,1.71,1.71,0,0,1,0,0,2.71,3.119,8788,3.69,2.05,-1.64
"8475147","VAN",25,243,220,6,10,3,2,0,1,0,32,3,3,0,8.59511636407115,9.10754566040123,1,2,15061,1446,404,52.5,1.43,2.39,1.2,2.49,0,1,7.47,0,2.054,2.177,16911,0.21,0.43,0.22
"8471323","EDM",52,339,458,13,12,2,4,0,0,0,29,82,3,5,12.9810971424449,19.853262395307,10,14,25410,2035,2542,42.5,1.84,1.7,0.85,0,0,1,5.31,7.08,1.839,2.813,29987,1.2,1.68,0.48
"8476158","PIT",13,75,100,2,2,2,0,0,0,0,0,0,0,0,3.28657557384577,3.83396342321066,6,8,7663,60,42,42.9,0.94,0.94,0.94,0,0,NA,0,0,1.544,1.801,7765,2.78,3.71,0.93
"8470065","CBJ",6,20,48,0,3,0,0,0,0,0,0,0,0,0,0.783173008821905,1.63036027550697,0,0,2508,0,0,29.4,0,4.31,0,NA,NA,NA,NA,NA,1.124,2.34,2508,0,0,0
"8470880","STL",31,1199,1076,63,41,0,2,0,0,2,223,224,17,7,53.2971426419681,43.3474763060804,0,0,76791,7249,7561,52.7,2.95,1.92,0.09,0,0.95,0.9911,8.44,3.33,2.499,2.032,91601,0,0,0
"8475760","FLA",76,949,921,43,49,15,18,0,3,1,213,48,7,7,45.7753319777548,42.868884361058,8,10,58681,7619,2742,50.7,2.64,3.01,2.02,1.42,1.31,0.9792,3.31,9.19,2.808,2.63,69042,0.42,0.52,0.1
"8475283","DAL",7,33,30,2,1,0,2,0,0,0,0,0,0,0,0.972601993009448,0.912326880381443,1,1,2267,53,7,52.4,3.18,1.59,3.18,0,0,NA,0,0,1.544,1.449,2327,1.55,1.55,0
"8467831","PHX",69,465,481,17,24,5,7,0,0,0,5,235,0,20,17.5817284309305,19.1010246094083,12,14,34162,907,6358,49.2,1.79,2.53,1.26,0,0,1,0,11.32,1.853,2.013,41427,1.04,1.22,0.18
"8469626","VAN",10,57,65,2,2,0,0,0,0,0,0,3,0,0,1.71955657278886,2.55547264229972,0,1,4231,46,106,46.7,1.7,1.7,0,0,0,1,0,0,1.463,2.174,4383,0,0.82,0.82
"8474744","CBJ",6,37,39,2,1,0,1,0,0,0,0,0,0,0,0.961890044622123,1.61935216502752,0,1,2773,122,0,48.7,2.6,1.3,1.3,0,NA,NA,0,NA,1.249,2.102,2895,0,1.24,1.24
"8474582","NJD",15,98,109,2,10,1,0,0,0,0,0,1,0,0,3.75396691751666,4.21572214644402,4,3,8644,164,177,47.3,0.83,4.16,0.42,0,0,1,0,0,1.563,1.756,8985,1.6,1.2,-0.4
"8475792","TBL",11,98,101,3,7,1,0,0,0,1,11,0,0,0,4.15063991874922,4.42477480979869,2,2,6790,759,14,49.2,1.59,3.71,0.53,0,257.14,NA,0,0,2.201,2.346,7563,0.95,0.95,0
"8475175","STL",55,485,427,15,22,6,5,0,0,0,11,4,0,2,19.3513254974969,17.9252061578445,3,8,31420,1066,297,53.2,1.72,2.52,1.26,0,0,1,0,24.24,2.217,2.054,32783,0.33,0.88,0.55
"8471996","SJS",25,277,251,7,11,2,2,1,0,0,25,19,1,0,11.6694979630411,9.10085736430483,3,4,17214,1397,858,52.5,1.46,2.3,0.84,2.58,0,1,2.58,0,2.44,1.903,19469,0.55,0.74,0.19
"8471490","STL",24,175,195,7,7,1,2,0,0,0,5,5,0,0,6.57566188904457,8.79966482298914,1,4,12398,367,260,47.3,2.03,2.03,0.87,0,0,1,0,0,1.909,2.555,13025,0.28,1.11,0.83
"8474013","STL",46,537,555,25,12,2,6,0,2,0,18,50,2,1,23.2490185043425,20.1529703772394,13,6,36828,1150,2167,49.2,2.44,1.17,0.78,6.26,0,1,6.26,1.66,2.273,1.97,40145,1.17,0.54,-0.63
"8474616","WPG",9,44,53,2,0,0,3,0,0,0,1,0,0,0,1.92315687565133,2.4787039719522,1,1,3653,54,0,45.4,1.97,0,2.96,0,NA,NA,0,NA,1.895,2.443,3707,0.97,0.97,0
"8472368","PIT",19,135,237,7,10,4,1,0,0,0,7,0,0,0,4.89891344716307,8.13123491714941,1,2,12533,519,3,36.3,2.01,2.87,1.44,0,0,NA,0,0,1.407,2.336,13055,0.28,0.55,0.27
"8470268","EDM",7,78,71,4,4,0,1,0,0,1,3,0,0,0,2.98177128518,2.71526894951239,1,0,4924,399,45,52.3,2.92,2.92,0.73,0,80,NA,0,0,2.18,1.985,5368,0.67,0,-0.67
"8474683","OTT",20,145,123,4,8,0,2,0,0,0,1,78,0,11,5.87540162989171,4.99885218555573,2,3,8935,55,2181,54.1,1.61,3.22,0.81,0,0,1,0,18.16,2.367,2.014,11171,0.64,0.97,0.33
"8477507","BUF",7,63,93,2,5,1,0,0,0,0,1,8,0,0,1.9983934154734,4.04177115950733,2,0,6364,133,484,40.4,1.13,2.83,0.57,0,0,1,0,0,1.13,2.286,6981,1.03,0,-1.03
"8471262","BOS",85,947,820,45,33,12,24,5,12,3,242,0,25,0,38.8735006375355,32.8846042843652,19,17,62216,7750,773,53.6,2.6,1.91,2.08,7.9,13.97,NA,11.61,0,2.249,1.903,70739,0.97,0.87,-0.1
"8473932","NYR",1,6,6,0,2,0,0,0,0,0,0,0,0,0,0.0916231572628021,0.230267668142915,0,0,435,0,78,50,0,16.55,0,NA,0,NA,NA,0,0.758,1.906,513,0,0,0
"8471681","CBJ",21,166,196,6,7,4,1,0,0,0,1,0,0,0,5.03723271592753,6.82507663231809,3,6,11175,129,186,45.9,1.93,2.26,1.61,0,0,NA,0,0,1.623,2.199,11490,0.94,1.88,0.94
"8475619","WSH",41,191,292,4,7,2,0,0,0,0,1,0,0,0,7.21923009707825,11.5177896125242,7,2,17700,176,199,39.5,0.81,1.42,0.41,0,0,NA,0,0,1.468,2.343,18075,1.39,0.4,-0.99
"8470147","CBJ",28,957,951,42,45,0,1,0,0,0,186,208,11,16,40.3648128782515,35.8935452171136,0,2,66492,6331,7609,50.2,2.27,2.44,0.05,0,0,1,6.25,7.57,2.185,1.943,80432,0,0.09,0.09
"8476819","VAN",19,102,117,4,5,1,0,0,0,0,5,1,1,0,4.11322334402939,4.8826478922274,3,3,7612,61,140,46.6,1.89,2.36,0.47,0,0,1,59.02,0,1.945,2.309,7813,1.38,1.38,0
"8471385","WPG",60,730,632,30,26,0,6,0,0,0,1,91,0,4,34.05562087422,26.3498974856921,14,6,46547,419,4241,53.6,2.32,2.01,0.46,0,0,1,0,3.4,2.634,2.038,51207,0.98,0.42,-0.56
"8475789","DAL",1,48,46,2,3,0,0,0,0,1,13,20,1,2,1.50945454323664,2.34227245301008,0,0,2666,327,434,51.1,2.7,4.05,0,0,8.29,0.95,11.01,16.59,2.038,3.163,3427,0,0,0
"8475883","ANA",35,1403,1468,76,58,0,1,0,0,3,305,313,27,15,65.901528778777,64.56665864971,0,3,90401,10144,9992,48.9,3.03,2.31,0.04,0,1.08,0.9904,9.58,5.4,2.624,2.571,110537,0,0.1,0.1
"8475878","SJS",11,86,97,1,6,0,0,0,0,0,4,1,0,0,2.66192137170583,3.54681145644281,1,1,6486,229,86,47,0.56,3.33,0,0,0,1,0,0,1.477,1.969,6801,0.53,0.53,0
"8476443","DET",5,58,40,0,1,0,0,0,0,0,0,4,0,0,2.28667773702182,2.20757424505427,1,0,3559,134,181,59.2,0,1.01,0,0,0,1,0,0,2.313,2.233,3874,0.93,0,-0.93
"8469500","CGY",63,866,839,37,44,20,10,6,7,2,293,36,15,4,36.3183456663974,34.793447299453,13,15,58541,7977,2002,50.8,2.28,2.71,1.84,5.87,3.6,0.9444,6.77,7.19,2.233,2.14,68520,0.68,0.79,0.11
"8470280","EDM",7,36,45,1,0,0,1,0,0,0,0,0,0,0,1.46134456479922,1.24570694193244,1,1,2946,33,54,44.4,1.22,0,1.22,0,0,NA,0,0,1.786,1.522,3033,1.19,1.19,0
"8471663","MTL",7,20,57,1,3,0,0,0,0,0,0,4,0,0,0.814484253525734,2.48386021563783,0,1,2426,55,81,26,1.48,4.45,0,0,0,1,0,0,1.209,3.686,2562,0,1.41,1.41
"8475752","EDM",10,61,85,1,3,1,0,0,0,0,1,1,0,0,1.83191600523423,3.9380259414902,0,1,5177,99,9,41.8,0.7,2.09,0.7,0,0,1,0,0,1.274,2.738,5285,0,0.68,0.68
"8475889","MTL",5,13,45,0,0,0,0,0,0,0,0,7,0,0,0.526964843273163,2.18253391608596,0,0,1957,55,274,22.4,0,0,0,0,0,1,0,0,0.969,4.015,2286,0,0,0
"8471450","PHX",2,11,10,1,1,0,0,0,0,0,0,0,0,0,0.628373456187546,0.436661521904171,0,0,825,0,0,52.4,4.36,4.36,0,NA,NA,NA,NA,NA,2.742,1.905,825,0,0,0
"8475264","EDM",3,19,45,1,2,1,0,0,0,0,1,0,0,0,0.713833943940699,1.86636732751504,0,0,1546,135,12,29.7,2.33,4.66,2.33,0,0,NA,0,0,1.662,4.346,1693,0,0,0
"8475648","CGY",9,83,102,6,5,0,2,0,0,0,0,2,0,0,3.30442799080629,5.34194580325857,0,0,4709,19,314,44.9,4.59,3.82,1.53,0,0,1,0,0,2.526,4.084,5042,0,0,0
"8476459","OTT",69,834,714,31,39,11,12,3,5,1,219,21,12,1,33.247089571727,31.3405706935446,9,17,46942,7262,1746,53.9,2.38,2.99,1.76,3.97,2.06,0.9524,5.95,2.06,2.55,2.404,55950,0.58,1.09,0.51
"8473434","BOS",27,1193,993,56,35,0,0,0,0,3,236,218,20,11,52.3112423055572,44.1633351626806,0,1,70353,7531,8026,54.6,2.87,1.79,0,0,1.35,0.9862,9.56,4.93,2.677,2.26,85910,0,0.04,0.04
"8475199","NJD",60,666,586,31,31,2,9,5,12,2,195,2,22,1,30.3032415609341,29.7518874733942,11,5,47902,7558,1511,53.2,2.33,2.33,0.83,8.1,4.77,0,10.48,2.38,2.277,2.236,56971,0.7,0.32,-0.38
"8474850","NYR",6,28,26,0,1,0,0,0,0,0,0,0,0,0,1.06653151661158,1.14864344615489,0,0,1644,0,0,51.9,0,2.19,0,NA,NA,NA,NA,NA,2.335,2.515,1644,0,0,0
"8475184","NYR",81,1106,941,48,34,12,18,8,8,3,332,1,22,0,51.561403736996,46.4533216876443,32,16,61659,10294,897,54,2.8,1.99,1.75,5.6,12.04,-2,7.69,0,3.01,2.712,72850,1.58,0.79,-0.79
"8475660","NYR",23,979,810,37,27,0,0,0,0,1,206,154,15,4,44.7746928706183,37.3917603269219,0,1,58477,6287,5812,54.7,2.28,1.66,0,0,0.62,0.9935,8.59,2.48,2.756,2.302,70576,0,0.05,0.05
"8475758","ANA",31,289,374,15,11,4,6,2,0,1,48,16,2,1,13.4833518879605,14.7918830623967,7,8,20646,2022,1243,43.6,2.62,1.92,1.74,3.56,2.9,0.9375,3.56,2.9,2.351,2.579,23911,1.05,1.2,0.15
"8471251","CAR",21,935,929,24,38,0,2,0,0,0,177,149,8,10,34.2087981498335,43.5640971803223,2,0,57590,6123,5287,50.2,1.5,2.38,0.13,0,0,1,4.7,6.81,2.138,2.723,69000,0.1,0,-0.1
"8475246","DAL",40,524,540,18,22,0,4,0,2,0,42,14,2,0,23.3793714798521,24.8875931283692,11,7,31586,1512,1030,49.2,2.05,2.51,0.46,4.76,0,1,4.76,0,2.665,2.837,34128,1.16,0.74,-0.42
"8468101","NYI",13,206,193,13,10,0,3,0,0,0,1,1,0,0,9.16459792514797,10.2578916797065,2,0,11240,88,208,51.6,4.16,3.2,0.96,0,0,1,0,0,2.935,3.285,11536,0.62,0,-0.62
"8471724","PIT",50,814,788,26,31,4,5,6,7,5,294,167,20,10,33.6407663488644,31.6964746965677,15,17,52436,8712,5747,50.8,1.79,2.13,0.62,5.37,3.13,0.9701,8.26,6.26,2.31,2.176,66895,0.81,0.91,0.1
"8477126","PIT",38,285,347,15,15,5,4,0,0,0,0,11,0,0,11.4347318028449,11.8002761747921,3,7,22489,329,461,45.1,2.4,2.4,1.44,0,0,1,0,0,1.83,1.889,23279,0.46,1.08,0.62
"8470920","TOR",60,666,908,19,31,4,5,1,1,1,83,2,3,1,26.0821670227451,38.6716350395582,19,9,47180,4072,577,42.3,1.45,2.37,0.69,1.77,6.24,0.5,2.65,6.24,1.99,2.951,51829,1.32,0.63,-0.69
"8473712","TOR",27,64,92,1,3,0,0,0,0,0,0,1,0,0,1.97878889925778,3.37435449083569,5,2,6416,0,74,41,0.56,1.68,0,NA,0,1,NA,0,1.11,1.893,6490,2.77,1.11,-1.66
"8470176","FLA",62,832,678,33,46,12,11,3,1,0,202,29,5,2,42.9019153845147,33.0698720733053,18,15,47778,6603,2505,55.1,2.49,3.47,1.73,2.18,0,1,2.73,2.87,3.233,2.492,56886,1.14,0.95,-0.19
"8469752","VAN",3,16,33,0,0,0,0,0,0,0,0,0,0,0,0.534348347224295,0.919063025503419,0,0,1587,0,0,32.7,0,0,0,NA,NA,NA,NA,NA,1.212,2.085,1587,0,0,0
"8475423","VAN",16,104,115,6,5,1,2,0,0,0,0,0,0,0,3.54997357376851,3.71513383241836,0,4,7289,108,23,47.5,2.96,2.47,1.48,0,0,NA,0,0,1.753,1.835,7420,0,1.94,1.94
"8469476","TOR",56,678,936,17,39,1,4,0,0,0,3,170,0,11,26.7400086778798,38.0472321016714,20,6,47942,662,5811,42,1.28,2.93,0.38,0,0,1,0,6.81,2.008,2.857,54415,1.32,0.4,-0.92
"8471851","BUF",57,582,652,11,26,2,4,2,0,3,112,26,5,1,22.177574339381,27.6484957091161,13,17,40968,5636,2049,47.2,0.97,2.28,0.53,1.28,5.27,0.8846,3.19,1.76,1.949,2.43,48653,0.96,1.26,0.3
"8473927","CHI",3,23,20,1,2,0,0,0,0,0,0,10,0,1,0.844812209717929,0.607390821678564,0,0,1493,28,248,53.5,2.41,4.82,0,0,0,1,0,14.52,2.037,1.465,1769,0,0,0
"8475214","CHI",26,245,151,13,10,5,6,0,0,0,10,0,2,0,10.4680046992144,6.77785148622934,7,11,13220,531,125,61.9,3.54,2.72,3,0,0,NA,13.56,0,2.851,1.846,13876,1.82,2.85,1.03
"8476433","NSH",1,5,6,0,0,0,0,0,0,0,1,1,0,1,0.244747087359428,0.130501685896888,0,0,614,61,57,45.5,0,0,0,0,0,1,0,63.16,1.435,0.765,732,0,0,0
"8473953","CGY",14,109,117,2,12,0,1,0,0,0,0,2,0,0,2.83239829255035,4.72745685593691,1,1,7865,17,98,48.2,0.92,5.49,0.46,0,0,1,0,0,1.296,2.164,7980,0.45,0.45,0
"8471774","SJS",27,1101,920,41,34,0,0,0,0,3,199,137,8,4,47.6226250509499,37.8865432419116,1,2,65796,6023,5184,54.5,2.24,1.86,0,0,2.08,0.9781,4.78,2.78,2.606,2.073,77003,0.05,0.09,0.04
"8475180","TOR",43,382,508,18,18,5,5,1,0,0,13,2,3,0,16.4854063392268,23.4535525202518,9,6,27058,734,274,42.9,2.39,2.39,1.33,4.9,0,1,14.71,0,2.193,3.12,28066,1.15,0.77,-0.38
"8475808","CBJ",17,87,153,5,5,0,1,0,0,0,0,1,0,0,2.98730229993816,5.0446341005154,1,4,8585,118,299,36.2,2.1,2.1,0.42,0,0,1,0,0,1.253,2.115,9002,0.4,1.6,1.2
"8473614","EDM",3,93,115,0,7,0,0,0,0,0,20,21,1,0,3.64270915999077,5.49405171861872,0,0,6232,621,714,44.7,0,4.04,0,0,0,1,5.8,0,2.104,3.174,7567,0,0,0
"8475165","EDM",27,211,267,5,14,0,1,0,0,0,37,83,3,5,8.3487660852843,12.0677283983096,2,8,16975,1895,2661,44.1,1.06,2.97,0.21,0,0,1,5.7,6.76,1.771,2.559,21531,0.33,1.34,1.01
"8468114","MTL",56,492,726,13,27,0,2,0,0,0,0,253,0,13,19.7132892789086,28.0887922100956,6,4,38932,65,7589,40.4,1.2,2.5,0.18,0,0,1,0,6.17,1.823,2.597,46586,0.46,0.31,-0.15
"8475183","MTL",8,59,70,2,1,0,0,0,0,0,0,0,0,0,2.40152439661324,2.33759483101312,2,1,4379,183,38,45.7,1.64,0.82,0,0,0,NA,0,0,1.974,1.922,4600,1.57,0.78,-0.79
"8474176","NYR",97,1268,1207,50,46,17,19,0,0,1,18,273,0,11,57.5908703833702,56.7085988523904,30,25,76587,1987,8012,51.2,2.35,2.16,1.69,0,0.45,0.9963,0,4.94,2.707,2.666,86586,1.25,1.04,-0.21
"8474040","EDM",67,792,1003,32,56,6,17,1,6,6,245,45,14,3,36.6196066502016,45.435340642347,13,4,57095,8517,2932,44.1,2.02,3.53,1.45,2.96,7.37,0.8667,5.92,3.68,2.309,2.865,68544,0.68,0.21,-0.47
"8475224","PHX",26,170,178,4,10,3,0,0,0,0,1,40,0,3,5.80118162848521,7.39820531487931,2,2,11766,269,1326,48.9,1.22,3.06,0.92,0,0,1,0,8.14,1.775,2.264,13361,0.54,0.54,0
"8476206","PHX",7,56,71,5,1,0,2,0,0,0,6,0,0,0,1.68277795612812,3.65890872932505,0,1,3501,229,40,44.1,5.14,1.03,2.06,0,0,NA,0,0,1.73,3.762,3770,0,0.95,0.95
"8470622","DET",30,246,234,6,13,1,1,1,1,0,54,40,2,1,9.91366959759034,9.94584468426183,1,3,16156,1814,1819,51.2,1.34,2.9,0.45,3.97,0,1,3.97,1.98,2.209,2.216,19789,0.18,0.55,0.37
"8467899","SJS",49,559,564,29,18,10,8,1,1,0,154,11,5,0,25.9115268979222,24.1999725616188,5,11,34691,5523,768,49.8,3.01,1.87,1.87,1.3,0,1,3.26,0,2.689,2.511,40982,0.44,0.97,0.53
"8475727","BOS",23,216,197,9,6,0,5,0,6,2,67,15,7,0,9.47741434280761,7.66872800607234,3,3,14220,2053,738,52.3,2.28,1.52,1.27,10.52,9.76,0.8667,12.27,0,2.399,1.941,17011,0.63,0.63,0
"8467334","CAR",69,486,683,19,24,5,3,0,0,0,7,187,0,12,19.7110250979895,31.1494093916262,8,7,41394,849,3833,41.6,1.65,2.09,0.7,0,0,1,0,11.27,1.714,2.709,46076,0.63,0.55,-0.08
"8474207","COL",61,799,904,40,33,7,8,4,5,0,168,166,15,11,33.836558898096,37.7630467662821,15,10,55116,5254,5836,46.9,2.61,2.16,0.98,6.17,0,1,10.28,6.79,2.21,2.467,66206,0.82,0.54,-0.28
"8475279","WPG",1,8,14,0,3,0,0,0,0,0,0,0,0,0,0.133743397891521,0.495330732315779,0,0,647,0,0,36.4,0,16.69,0,NA,NA,NA,NA,NA,0.744,2.756,647,0,0,0
"8475726","LAK",88,1107,749,45,25,16,18,1,5,0,183,35,11,2,46.2768187118927,33.1483327275491,10,13,58303,6257,1985,59.6,2.78,1.54,2.1,3.45,0,1,6.33,3.63,2.857,2.047,66545,0.54,0.7,0.16
"8474130","CBJ",54,365,425,21,18,2,9,0,0,0,9,5,0,0,14.4980254386901,15.9347552383551,11,12,27396,640,430,46.2,2.76,2.37,1.45,0,0,1,0,0,1.905,2.094,28466,1.39,1.52,0.13
"8470871","STL",28,230,261,7,8,1,3,0,0,0,3,11,0,1,10.4046602409217,10.4950852228794,0,1,16777,244,787,46.8,1.5,1.72,0.86,0,0,1,0,4.57,2.233,2.252,17808,0,0.2,0.2
"8459628","PHI",7,68,76,3,5,0,0,0,0,0,0,14,0,0,2.81848565069959,3.54922448395519,1,0,5132,43,776,47.2,2.1,3.51,0,0,0,1,0,0,1.977,2.49,5951,0.6,0,-0.6
"8471794","DET",47,491,453,24,23,9,8,1,0,0,35,129,4,8,20.7646326039685,21.976239780779,7,22,32601,2460,5093,52,2.65,2.54,1.88,1.46,0,1,5.85,5.65,2.293,2.427,40154,0.63,1.97,1.34
"8474707","EDM",30,319,429,13,18,1,4,1,4,3,101,3,9,0,14.6037408168777,16.5345494117355,4,2,24312,3832,400,42.6,1.92,2.67,0.74,4.7,27,0,8.46,0,2.162,2.448,28544,0.5,0.25,-0.25
"8475852","DET",9,312,271,9,13,0,0,0,0,0,76,43,1,0,11.7717583711492,12.5610799939022,0,0,21360,2672,1791,53.5,1.52,2.19,0,0,0,1,1.35,0,1.984,2.117,25823,0,0,0
"8474697","OTT",13,118,128,3,6,1,0,0,0,0,0,27,0,1,3.82144900207641,4.17648861830821,9,7,8444,93,1032,48,1.28,2.56,0.43,0,0,1,0,3.49,1.629,1.781,9569,3.39,2.63,-0.76
"8473499","CGY",31,1124,1346,37,64,0,0,0,0,2,173,222,8,15,45.6731978402822,55.5425787565182,1,2,83875,6201,7780,45.5,1.59,2.75,0,0,0.93,0.991,4.64,6.94,1.96,2.384,97856,0.04,0.07,0.03
"8474077","MIN",1,4,7,0,0,0,0,0,0,0,0,2,0,0,0.173184125684202,0.241027113981545,0,0,399,0,73,36.4,0,0,0,NA,0,1,NA,0,1.563,2.175,472,0,0,0
"8475750","NJD",52,672,586,21,25,1,6,0,2,0,88,47,5,2,34.4259415969718,30.5661490066559,6,3,48576,4470,3397,53.4,1.56,1.85,0.52,1.61,0,1,4.03,2.12,2.551,2.265,56443,0.38,0.19,-0.19
"8474579","ANA",32,400,430,16,19,1,4,0,1,0,12,62,2,1,17.9297444414697,19.6012764168554,14,5,27335,975,2482,48.2,2.11,2.5,0.66,3.69,0,1,7.38,1.45,2.361,2.581,30792,1.64,0.58,-1.06
"8476483","ANA",22,226,190,4,10,0,4,1,1,0,15,3,3,0,11.7158528003492,7.88218919723295,1,2,13878,680,284,54.3,1.04,2.59,1.04,10.59,0,1,15.88,0,3.039,2.045,14842,0.24,0.49,0.25
"8474184","WPG",51,580,633,23,20,1,4,1,0,0,4,14,1,1,28.3539002163452,25.4915514100576,1,9,39366,684,1137,47.8,2.1,1.83,0.46,5.26,0,1,5.26,3.17,2.593,2.331,41187,0.09,0.79,0.7
"8475332","DET",2,21,21,2,2,1,0,0,0,0,3,2,0,0,1.28308121766895,1.44898680655751,0,0,1677,117,45,50,4.29,4.29,2.15,0,0,1,0,0,2.754,3.111,1839,0,0,0
"8470366","MTL",1,5,11,0,0,0,0,0,0,0,2,0,0,0,0.314949591644108,0.0418730452656746,0,0,524,69,0,31.2,0,0,0,0,NA,NA,0,NA,2.164,0.288,593,0,0,0
"8476166","EDM",4,37,43,3,4,2,0,0,0,0,0,10,0,0,1.57138737943023,1.73219719063491,0,0,2562,0,315,46.2,4.22,5.62,2.81,NA,0,1,NA,0,2.208,2.434,2877,0,0,0
"8476827","CGY",10,87,109,4,7,0,3,0,0,0,9,0,0,0,3.03040677809622,3.92131862509996,0,0,6420,852,0,44.4,2.24,3.93,1.68,0,NA,NA,0,NA,1.699,2.199,7272,0,0,0
"8470123","NJD",24,80,76,5,2,3,0,0,0,0,0,0,0,0,3.43099093390629,3.27804257918615,1,0,6969,26,18,51.3,2.58,1.03,1.55,0,0,NA,0,0,1.772,1.693,7013,0.51,0,-0.51
"8474052","CAR",10,81,85,1,5,0,0,0,2,0,25,0,2,0,2.42091008089483,3.84253310889471,0,0,6040,1026,83,48.8,0.6,2.98,0,7.02,0,NA,7.02,0,1.443,2.29,7149,0,0,0
"8474604","NYI",20,253,271,3,13,1,2,0,0,1,10,16,0,2,11.0585336640361,12.3563366225571,5,2,15639,408,1087,48.3,0.69,2.99,0.69,0,3.31,0.9375,0,6.62,2.546,2.844,17134,1.05,0.42,-0.63
"8474059","BUF",14,129,139,2,8,0,0,0,2,0,25,0,2,0,5.11501458776183,5.47452046489343,3,5,8512,1485,214,48.1,0.85,3.38,0,4.85,0,NA,4.85,0,2.163,2.315,10211,1.06,1.76,0.7
"8475733","CGY",8,67,80,3,2,0,2,0,0,0,7,1,1,0,2.24541479488835,3.43834079080261,1,0,4652,408,71,45.6,2.32,1.55,1.55,0,0,1,8.82,0,1.738,2.661,5131,0.7,0,-0.7
"8475223","LAK",18,140,137,4,4,0,3,0,1,1,39,23,1,2,5.0871411516564,5.30110202555079,0,4,10008,1630,1152,50.5,1.44,1.44,1.08,2.21,3.12,0.9565,2.21,6.25,1.83,1.907,12790,0,1.13,1.13
"8468162","TOR",18,61,125,0,4,0,0,0,0,0,2,64,0,6,1.30960482166847,3.16541570669506,2,2,7414,73,1669,32.8,0,1.94,0,0,0,1,0,12.94,0.636,1.537,9156,0.79,0.79,0
"8475192","NSH",7,66,54,0,2,0,0,0,0,0,8,0,0,0,1.80820902937558,2.02955024625408,3,0,4620,429,107,55,0,1.56,0,0,0,NA,0,0,1.409,1.581,5156,2.09,0,-2.09
"8476992","NSH",25,942,1036,42,47,0,0,0,0,0,135,178,8,11,41.6117129022023,39.8994654511916,0,0,65616,5263,5963,47.6,2.3,2.58,0,0,0,1,5.47,6.64,2.283,2.189,76842,0,0,0
"8475254","MTL",2,8,15,0,0,0,0,0,0,0,0,2,0,0,0.250779745168984,0.57601819653064,0,1,774,0,44,34.8,0,0,0,NA,0,1,NA,0,1.166,2.679,818,0,4.4,4.4
"8476806","TBL",67,733,664,23,32,4,13,0,1,0,43,115,3,8,33.3293331048917,27.9926886583562,3,8,45036,1695,3768,52.5,1.84,2.56,1.36,2.12,0,1,6.37,7.64,2.664,2.238,50499,0.21,0.57,0.36
"8466309","FLA",8,60,92,3,6,0,0,0,0,0,1,17,0,2,2.79387374437647,4.15145083330572,2,0,5175,82,617,39.5,2.09,4.17,0,0,0,1,0,11.67,1.944,2.888,5874,1.23,0,-1.23
"8470714","EDM",20,171,234,10,11,0,3,0,2,0,20,37,3,1,8.58734792517498,8.37821594753768,3,6,13801,925,1461,42.2,2.61,2.87,0.78,7.78,0,1,11.68,2.46,2.24,2.185,16187,0.67,1.33,0.66
"8471474","DAL",4,45,43,3,1,0,1,0,0,0,0,0,0,0,1.6273519678507,1.68599961698055,0,0,2376,46,15,51.1,4.55,1.52,1.52,0,0,NA,0,0,2.466,2.555,2437,0,0,0
"8476871","LAK",49,564,444,22,13,4,11,1,0,0,41,15,3,1,23.9844777842518,17.2839685130166,8,12,30420,2017,641,56,2.6,1.54,1.78,1.78,0,1,5.35,5.62,2.838,2.045,33078,0.87,1.31,0.44
"8470729","WSH",18,187,277,6,8,0,2,0,0,0,3,33,0,4,8.47787837678334,12.6233446800616,4,2,16104,469,1273,40.3,1.34,1.79,0.45,0,0,1,0,11.31,1.895,2.822,17846,0.81,0.4,-0.41
"8471296","MTL",74,1108,1324,42,44,2,13,1,2,3,54,231,5,14,46.4507570933201,54.4830445863772,24,19,71567,4419,7221,45.6,2.11,2.21,0.75,2.44,1.5,0.987,4.07,6.98,2.337,2.741,83207,1.04,0.82,-0.22
"8475119","PIT",20,95,185,1,5,0,0,0,0,0,0,66,0,4,2.20106858154759,6.62537137256004,1,0,10602,155,1991,33.9,0.34,1.7,0,0,0,1,0,7.23,0.747,2.25,12748,0.28,0,-0.28
"8476473","PHX",30,432,415,21,17,1,7,0,0,0,0,95,0,7,19.6235320632695,17.1642714022892,5,7,27548,315,2991,51,2.74,2.22,1.05,0,0,1,0,8.43,2.564,2.243,30854,0.58,0.82,0.24
"8471436","COL",1,18,15,1,1,0,0,0,0,0,0,0,0,0,1.18206221365836,0.515376146882772,0,0,948,36,63,54.5,3.8,3.8,0,0,0,NA,0,0,4.489,1.957,1047,0,0,0
"8474743","WPG",10,130,125,5,4,1,2,0,0,0,6,0,0,0,4.73504901042907,5.05291951517574,0,3,8175,478,178,51,2.2,1.76,1.32,0,0,NA,0,0,2.085,2.225,8831,0,1.22,1.22
"8476207","PIT",49,435,408,22,15,5,11,1,0,1,19,56,3,4,19.5608350694529,15.3954419061192,4,15,28684,1469,2544,51.6,2.76,1.88,2.01,2.45,1.42,0.9821,7.35,5.66,2.455,1.932,32697,0.44,1.65,1.21
"8474089","COL",38,155,223,5,10,3,2,0,0,0,3,0,0,0,5.26573381130584,8.23572154552676,5,4,14790,89,78,41,1.22,2.43,1.22,0,0,NA,0,0,1.282,2.005,14957,1.2,0.96,-0.24
"8477293","CHI",25,1039,866,60,48,0,0,0,1,2,179,212,16,12,48.6812293362455,39.7474395325407,0,3,64983,6319,7276,54.5,3.32,2.66,0,0.57,0.99,0.9906,9.12,5.94,2.697,2.202,78578,0,0.14,0.14
"8477082","TBL",3,24,31,0,0,0,1,0,0,0,0,0,0,0,0.874162794731092,1.10477301763603,1,0,1790,74,60,43.6,0,0,2.01,0,0,NA,0,0,1.758,2.222,1924,1.87,0,-1.87
"8476191","BOS",58,778,759,27,14,1,5,0,0,0,4,178,1,10,30.8523358319653,29.1173058017157,13,10,52415,475,7008,50.6,1.85,0.96,0.41,0,0,1,7.58,5.14,2.119,2,59898,0.78,0.6,-0.18
"8474609","BUF",12,117,117,3,3,1,0,0,0,0,5,0,1,0,3.94246538495645,5.03065429831622,2,3,8429,561,168,50,1.28,1.28,0.43,0,0,NA,6.42,0,1.684,2.149,9158,0.79,1.18,0.39
"8475188","BUF",12,136,165,4,3,0,0,0,0,0,20,10,1,0,4.81457690161187,6.73185297532473,3,6,9398,1499,990,45.2,1.53,1.15,0,0,0,1,2.4,0,1.844,2.579,11887,0.91,1.82,0.91
"8474679","DET",62,757,619,43,20,21,16,6,3,3,314,1,18,0,32.3410095246509,25.8910831335234,5,15,47645,9530,999,55,3.25,1.51,2.8,3.4,10.81,-2,6.8,0,2.444,1.956,58174,0.31,0.93,0.62
"8471767","CGY",14,104,133,2,2,1,0,0,0,0,6,21,0,2,3.99876695405692,4.32927850226406,3,2,8030,259,918,43.9,0.9,0.9,0.45,0,0,1,0,7.84,1.793,1.941,9207,1.17,0.78,-0.39
"8475148","CBJ",2,26,28,3,1,0,0,0,0,0,2,0,0,0,1.21852925885469,1.15940944303293,1,0,1580,77,33,48.1,6.84,2.28,0,0,0,NA,0,0,2.776,2.642,1690,2.13,0,-2.13
"8475195","NYI",19,774,798,26,33,0,0,0,0,4,167,174,10,17,39.4975427814061,39.4849878699752,1,0,50663,5122,5813,49.2,1.85,2.34,0,0,2.48,0.977,7.03,10.53,2.807,2.806,61598,0.06,0,-0.06
"8476453","TBL",54,625,533,20,14,7,8,3,1,0,74,0,6,0,29.0537497607875,22.1860911183758,7,8,36132,3834,421,54,1.99,1.39,1.49,3.76,0,NA,5.63,0,2.895,2.211,40387,0.62,0.71,0.09
"8475153","FLA",44,555,527,25,29,3,8,0,1,0,8,104,3,17,25.6477238527732,24.177072494349,4,3,34777,958,3596,51.3,2.59,3,1.14,3.76,0,1,11.27,17.02,2.655,2.503,39331,0.37,0.27,-0.1
"8467336","MIN",13,56,61,1,0,0,1,0,0,0,0,0,0,0,1.59724358603125,2.59830758918542,4,0,4674,4,36,47.9,0.77,0,0.77,0,0,NA,0,0,1.23,2.001,4714,3.05,0,-3.05
"8469470","STL",25,300,280,8,10,1,2,0,1,0,43,0,3,0,13.0692993808188,10.4537725714035,9,4,19686,1762,347,51.7,1.46,1.83,0.55,2.04,0,NA,6.13,0,2.39,1.912,21795,1.49,0.66,-0.83
"8468524","MIN",41,1469,1637,72,65,0,0,0,0,4,252,310,15,24,63.1615449443343,68.3512013957952,0,2,109015,10136,10595,47.3,2.38,2.15,0,0,1.36,0.9871,5.33,8.15,2.086,2.257,129746,0,0.06,0.06
"8467910","ANA",2,31,34,3,4,0,1,0,0,0,0,0,0,0,1.79844409879297,1.57794229406863,0,0,1771,0,0,47.7,6.1,8.13,2.03,NA,NA,NA,NA,NA,3.656,3.208,1771,0,0,0
"8473682","PIT",9,57,88,1,5,0,1,0,0,0,8,12,0,0,2.32862333429512,3.36384463217109,0,1,5321,314,206,39.3,0.68,3.38,0.68,0,0,1,0,0,1.575,2.276,5841,0,0.62,0.62
"8475155","PIT",34,461,427,18,13,0,3,0,1,1,39,39,1,2,17.8906510795932,16.8326508239843,13,7,28929,1999,1975,51.9,2.24,1.62,0.37,1.8,1.82,0.9744,1.8,3.65,2.226,2.095,32903,1.42,0.77,-0.65
"8474095","TBL",7,26,56,0,1,0,0,0,0,0,0,11,0,0,0.885411648079753,1.82343827560544,2,0,3215,10,545,31.7,0,1.12,0,0,0,1,0,0,0.991,2.042,3770,1.91,0,-1.91
"8475287","MIN",59,457,445,25,12,9,11,0,0,0,3,95,0,6,15.2842997837579,15.8181619675015,7,3,32982,754,4077,50.7,2.73,1.31,2.18,0,0,1,0,5.3,1.668,1.727,37813,0.67,0.29,-0.38
"8475177","NYI",51,826,752,33,35,2,10,1,2,1,108,139,5,12,38.2070795853506,34.436478240008,14,9,50250,4473,4910,52.3,2.36,2.51,0.86,2.41,0.73,0.9928,4.02,8.8,2.737,2.467,59633,0.85,0.54,-0.31
"8475200","WSH",54,852,818,33,36,3,7,0,1,1,6,20,1,1,37.4982471482363,35.7129566731164,7,14,54947,1839,2020,51,2.16,2.36,0.66,1.96,1.78,0.95,1.96,1.78,2.457,2.34,58806,0.43,0.86,0.43
"8473921","NSH",2,22,12,1,0,0,0,0,0,0,0,0,0,0,1.24450260587037,0.452161991968751,0,0,1410,51,0,64.7,2.55,0,0,0,NA,NA,0,NA,3.177,1.154,1461,0,0,0
"8474038","CGY",47,487,476,19,17,4,7,2,1,0,48,85,3,3,20.7790283533977,21.9190599628491,6,8,32566,2372,3687,50.6,2.1,1.88,1.22,4.55,0,1,4.55,2.93,2.297,2.423,38625,0.56,0.75,0.19
"8474005","ANA",2,30,20,3,0,2,0,0,0,0,0,0,0,0,1.26274310785811,1.27899246290326,1,0,1373,12,49,60,7.87,0,5.24,0,0,NA,0,0,3.311,3.354,1434,2.51,0,-2.51
"8476467","DAL",7,94,94,4,7,0,0,0,0,0,15,43,0,3,4.49164431774989,4.0455054519698,1,1,5799,372,950,50,2.48,4.35,0,0,0,1,0,11.37,2.788,2.511,7121,0.51,0.51,0
"8474012","WPG",9,37,45,1,4,1,0,0,0,0,0,0,0,0,1.45199541561306,1.73882103088545,0,0,2761,0,0,45.1,1.3,5.22,1.3,NA,NA,NA,NA,NA,1.893,2.267,2761,0,0,0
"8471636","NJD",16,83,75,2,3,0,2,0,0,0,0,13,0,0,3.45659113489091,3.11373044748325,1,0,7661,82,814,52.5,0.94,1.41,0.94,0,0,1,0,0,1.624,1.463,8557,0.42,0,-0.42
"8475831","WSH",17,626,648,17,26,0,0,0,0,1,132,153,16,6,23.798665764858,24.8633216448943,0,1,40304,4548,4173,49.1,1.52,2.32,0,0,0.86,0.9935,12.66,5.18,2.126,2.221,49025,0,0.07,0.07
"8474884","OTT",25,301,237,7,6,2,1,1,2,2,106,0,7,0,10.7319934841362,10.4291802596417,1,4,15995,2665,268,55.9,1.58,1.35,0.68,4.05,26.87,NA,9.46,0,2.415,2.347,18928,0.19,0.76,0.57
"8474889","LAK",21,992,723,41,20,0,1,0,0,0,160,184,6,13,40.7906073442427,31.1905129153165,0,2,54107,4860,6249,57.8,2.73,1.33,0.07,0,0,1,4.44,7.49,2.714,2.075,65216,0,0.11,0.11
"8476423","NJD",23,209,160,9,7,2,5,0,0,0,22,0,0,0,8.58392032678239,7.0418729353114,2,3,14019,1295,102,56.6,2.31,1.8,1.8,0,0,NA,0,0,2.204,1.808,15416,0.47,0.7,0.23
"8475309","TOR",22,94,149,5,6,1,2,0,0,0,0,39,0,5,4.29088538233191,5.43526082643075,0,7,8871,82,1482,38.7,2.03,2.43,1.22,0,0,1,0,12.15,1.741,2.206,10435,0,2.41,2.41
"8475060","TBL",7,69,53,1,1,0,0,0,0,0,21,3,1,0,2.78969713114202,2.16229148750426,0,0,4288,697,230,56.6,0.84,0.84,0,0,0,1,5.16,0,2.342,1.815,5215,0,0,0
"8475716","EDM",44,600,661,20,23,0,4,0,1,0,31,189,3,9,27.6464686235995,32.9304496866534,8,4,40746,1763,5240,47.6,1.77,2.03,0.35,2.04,0,1,6.13,6.18,2.443,2.909,47749,0.6,0.3,-0.3
"8474576","CAR",11,78,90,4,2,1,3,0,0,0,17,0,0,0,3.31299978401512,4.24038024962647,0,2,6002,594,0,46.4,2.4,1.2,2.4,0,NA,NA,0,NA,1.987,2.543,6596,0,1.09,1.09
"8469483","ANA",6,61,35,0,0,0,0,0,0,0,2,13,0,0,2.66919470159337,1.27383477985859,0,0,3390,90,346,63.5,0,0,0,0,0,1,0,0,2.835,1.353,3826,0,0,0
"8468639","CAR",41,623,638,26,20,1,4,1,3,1,170,13,9,0,29.8654671601253,25.6485425037099,4,4,39618,5081,1048,49.4,2.36,1.82,0.45,2.83,3.44,0.9231,6.38,0,2.714,2.331,45747,0.31,0.31,0
"8475275","WSH",9,96,111,5,6,0,3,0,0,0,0,25,0,2,3.74887957889587,5.6779214842245,0,1,6999,46,795,46.4,2.57,3.09,1.54,0,0,1,0,9.06,1.928,2.92,7840,0,0.46,0.46
"8475671","BOS",18,173,143,8,5,3,1,0,0,1,6,0,0,0,6.9326287478907,5.8801594923716,0,1,10407,227,106,54.7,2.77,1.73,1.38,0,33.96,NA,0,0,2.398,2.034,10740,0,0.34,0.34
"8471280","BOS",9,61,73,0,4,0,0,0,0,0,1,0,0,0,2.89928947389126,2.70988140953705,0,2,5078,110,15,45.5,0,2.84,0,0,0,NA,0,0,2.055,1.921,5203,0,1.38,1.38
"8470093","CBJ",4,137,153,9,5,0,0,0,0,0,31,43,1,4,5.166611448396,5.46993954794016,0,0,9488,1271,1428,47.2,3.41,1.9,0,0,0,1,2.83,10.08,1.96,2.075,12187,0,0,0
"8475795","NYR",2,20,12,0,1,0,0,0,0,0,0,0,0,0,0.619197469437495,1.05416281241924,1,1,837,0,6,62.5,0,4.3,0,NA,0,NA,NA,0,2.663,4.534,843,4.27,4.27,0
"8471762","PHI",18,73,87,2,5,0,0,0,1,0,2,33,1,1,2.60957583005074,3.37400221335702,3,2,6539,165,1523,45.6,1.1,2.75,0,21.82,0,1,21.82,2.36,1.437,1.858,8227,1.31,0.88,-0.43
"8476879","OTT",49,661,633,27,32,2,6,0,0,0,95,119,3,6,28.8803814846906,26.7593472209992,7,4,38773,4265,4782,51.1,2.51,2.97,0.74,0,0,1,2.53,4.52,2.681,2.485,47820,0.53,0.3,-0.23
"8470310","DAL",26,272,297,10,18,0,1,0,0,0,2,46,1,4,11.6280247394461,13.19125468313,3,1,17880,405,1495,47.8,2.01,3.62,0.2,0,0,1,8.89,9.63,2.341,2.656,19780,0.55,0.18,-0.37
"8475757","MIN",5,41,43,0,2,0,0,0,0,0,0,0,0,0,0.925522547215223,1.6173835452646,1,3,3023,11,35,48.8,0,2.38,0,0,0,NA,0,0,1.102,1.926,3069,1.17,3.52,2.35
"8470018","BUF",50,281,376,6,14,4,1,0,0,0,6,110,0,9,9.978814910457,14.7423103395849,2,1,23335,840,3698,42.8,0.93,2.16,0.77,0,0,1,0,8.76,1.539,2.274,27873,0.26,0.13,-0.13
"8474098","DAL",31,353,344,18,18,7,5,2,1,1,93,9,4,2,16.0186206945218,14.6197010969045,2,4,22110,3722,589,50.6,2.93,2.93,1.95,2.9,6.11,0.8889,3.87,12.22,2.608,2.38,26421,0.27,0.55,0.28
"8475720","CHI",1,24,15,1,2,0,0,0,0,0,0,0,0,0,0.332757966592908,0.632881126366556,0,0,1192,0,0,61.5,3.02,6.04,0,NA,NA,NA,NA,NA,1.005,1.911,1192,0,0,0
"8475208","PIT",6,58,77,4,3,0,1,0,0,0,22,8,1,2,2.7119171617087,2.87091227434576,2,1,4946,784,439,43,2.91,2.18,0.73,0,0,1,4.59,16.4,1.974,2.09,6169,1.17,0.58,-0.59
"8476458","NYI",37,445,412,17,16,3,8,4,2,1,131,1,12,0,22.5817204474588,21.1477860616869,4,3,27107,4317,575,51.9,2.26,2.12,1.46,5,6.26,0,10.01,0,2.999,2.809,31999,0.45,0.34,-0.11
"8476430","DET",39,418,327,19,19,5,6,2,1,1,110,0,4,0,17.223867776047,16.534839363012,7,11,25944,4123,340,56.1,2.64,2.64,1.53,2.62,10.59,NA,3.49,0,2.39,2.294,30407,0.83,1.3,0.47
"8475194","PIT",5,57,63,0,1,0,0,0,0,0,0,5,0,0,2.11976215033792,2.57720763492398,0,0,4175,13,415,47.5,0,0.86,0,0,0,1,0,0,1.828,2.222,4603,0,0,0
"8475414","BOS",2,16,14,0,0,0,0,0,0,0,0,2,0,1,0.775680365040898,0.790882124681957,0,0,1021,30,40,53.3,0,0,0,0,0,1,0,90,2.735,2.789,1091,0,0,0
"8474603","WPG",30,243,232,10,11,2,4,0,0,0,12,0,0,0,11.9153535437072,9.42797582346248,5,6,15876,931,235,51.2,2.27,2.49,1.36,0,0,NA,0,0,2.702,2.138,17042,1.06,1.27,0.21
"8475772","DET",47,544,417,28,17,7,11,2,3,1,157,0,7,0,22.7252892788383,21.1199082866078,3,11,32597,5463,516,56.6,3.09,1.88,1.99,3.29,6.98,NA,4.61,0,2.51,2.332,38576,0.28,1.03,0.75
"8475602","WSH",13,98,109,5,2,2,1,0,0,0,0,0,0,0,3.80800005508354,3.87014908704441,0,1,7201,61,32,47.3,2.5,1,1.5,0,0,NA,0,0,1.904,1.935,7294,0,0.49,0.49
"8474611","DAL",9,135,111,8,6,0,0,0,0,0,0,9,0,0,6.55859914980829,5.6627947522793,1,2,6545,92,603,54.9,4.4,3.3,0,0,0,1,0,0,3.607,3.115,7240,0.5,0.99,0.49
"8474660","BOS",6,74,63,6,4,1,1,0,0,0,23,1,3,0,3.09239025902934,2.8730621727882,0,0,4846,821,27,54,4.46,2.97,1.49,0,0,1,13.15,0,2.297,2.134,5694,0,0,0
"8471680","PHX",3,33,32,0,1,0,0,0,0,0,1,0,0,0,1.08546909806319,0.94834478572011,1,0,2051,28,0,50.8,0,1.76,0,0,NA,NA,0,NA,1.905,1.665,2079,1.73,0,-1.73
"8468745","TBL",19,190,140,2,2,0,4,0,0,0,0,25,0,2,8.69043639488518,5.54398785671219,6,3,9946,11,1177,57.6,0.72,0.72,1.45,0,0,1,0,6.12,3.146,2.007,11134,1.94,0.97,-0.97
"8475755","FLA",7,61,77,6,4,0,0,0,0,0,0,7,0,0,2.62030682200566,3.32376093510538,4,2,4811,9,271,44.2,4.49,2.99,0,0,0,1,0,0,1.961,2.487,5091,2.83,1.41,-1.42
"8476436","STL",18,148,135,3,5,1,1,0,0,1,10,2,0,0,6.33711973222671,5.67268308403436,4,3,10288,669,286,52.3,1.05,1.75,0.7,0,12.59,0.5,0,0,2.217,1.985,11243,1.28,0.96,-0.32
"8469798","DAL",1,13,17,1,0,0,1,0,0,0,0,2,0,0,0.714268874377012,0.523575005121529,0,0,819,38,83,43.3,4.4,0,4.4,0,0,1,0,0,3.14,2.301,940,0,0,0
"8475815","WPG",1,2,5,0,1,0,0,0,0,0,0,0,0,0,0.0264716167002916,0.254361528903246,0,0,504,0,16,28.6,0,7.14,0,NA,0,NA,NA,0,0.189,1.817,520,0,0,0
"8475902","BOS",2,21,17,0,0,0,0,0,0,0,4,0,0,0,1.4810791881755,0.691333231399767,0,0,1596,198,0,55.3,0,0,0,0,NA,NA,0,NA,3.341,1.559,1794,0,0,0
"8477214","NYR",3,26,27,0,1,0,0,0,0,0,0,0,0,0,0.850487544201314,1.2749168946757,0,2,2465,15,35,49.1,0,1.46,0,0,0,NA,0,0,1.242,1.862,2515,0,2.86,2.86
"8476302","VAN",15,168,176,6,7,1,0,0,0,0,11,4,1,1,6.69140936376061,6.62054786173394,2,1,10267,504,324,48.8,2.1,2.45,0.35,0,0,1,7.14,11.11,2.346,2.321,11095,0.65,0.32,-0.33
"8476844","BOS",1,54,45,2,2,0,0,0,0,0,8,3,0,0,1.80114958679769,2.06651006813627,0,0,3141,230,101,54.5,2.29,2.29,0,0,0,1,0,0,2.064,2.368,3472,0,0,0
"8475913","OTT",19,272,198,10,6,3,4,1,0,0,60,3,4,1,13.2164053032175,9.86271905619651,2,1,14327,1285,359,57.9,2.51,1.51,1.76,2.8,0,1,11.21,10.03,3.321,2.478,15971,0.45,0.23,-0.22
"8470596","CBJ",35,459,419,20,19,2,11,2,2,2,119,1,9,0,18.5790506634512,19.7471003818791,12,3,27096,3656,619,52.3,2.66,2.52,1.73,3.94,11.63,-1,8.86,0,2.468,2.624,31371,1.38,0.34,-1.04
"8476209","NJD",14,104,69,0,1,0,0,0,0,0,0,8,0,0,5.39639455173165,2.18166860629572,0,1,6725,71,530,60.1,0,0.54,0,0,0,1,0,0,2.889,1.168,7326,0,0.49,0.49
"8476779","EDM",3,16,36,0,3,0,0,0,0,0,1,0,0,0,0.52742654888425,1.57276363763958,0,0,1968,136,56,30.8,0,5.49,0,0,0,NA,0,0,0.965,2.877,2160,0,0,0
"8475845","BOS",10,92,76,4,3,2,1,0,0,0,2,7,1,0,4.38516292429995,2.54014517623,1,0,6059,107,635,54.8,2.38,1.78,1.78,0,0,1,33.64,0,2.605,1.509,6801,0.53,0,-0.53
"8460492","FLA",37,425,467,19,24,1,2,0,1,0,68,126,1,7,18.4679799899459,22.1656480203965,12,5,27322,3543,3849,47.6,2.5,3.16,0.4,1.02,0,1,1.02,6.55,2.433,2.921,34714,1.24,0.52,-0.72
"8476289","DET",1,12,12,2,0,0,0,0,0,0,0,2,0,0,0.873795505613089,0.793195541307796,1,0,709,0,92,50,10.16,0,0,NA,0,1,NA,0,4.437,4.028,801,4.49,0,-4.49
"8474030","CAR",2,18,14,0,1,0,0,0,0,0,2,2,0,0,0.849568091332912,0.470870830584317,0,0,1020,42,44,56.2,0,3.53,0,0,0,1,0,0,2.998,1.662,1106,0,0,0
"8477227","SJS",15,110,104,2,3,1,0,0,0,0,1,0,0,0,4.82962931215297,4.01750200777315,1,3,6878,99,25,51.4,1.05,1.57,0.52,0,0,NA,0,0,2.528,2.103,7002,0.51,1.54,1.03
"8473600","VAN",2,2,11,0,0,0,0,0,0,0,0,0,0,0,0.0322399735450745,0.606525716371834,0,0,523,0,0,15.4,0,0,0,NA,NA,NA,NA,NA,0.222,4.175,523,0,0,0
"8470189","COL",2,10,8,0,0,0,0,0,0,0,0,0,0,0,0.358029015362263,0.0763884671032429,0,0,681,0,0,55.6,0,0,0,NA,NA,NA,NA,NA,1.893,0.404,681,0,0,0
"8474164","MIN",15,140,117,2,2,0,1,0,0,0,3,7,1,1,5.32418824906927,3.80880999180954,0,1,9454,397,336,54.5,0.76,0.76,0.38,0,0,1,9.07,10.71,2.027,1.45,10187,0,0.35,0.35
"8476798","COL",2,11,5,1,0,0,0,0,0,0,0,0,0,0,0.401531636249274,0.11685180850327,1,0,703,0,41,68.8,5.12,0,0,NA,0,NA,NA,0,2.056,0.598,744,4.84,0,-4.84
"8471428","PIT",1,2,8,0,0,0,0,0,0,0,0,0,0,0,0.109967045485973,0.247136729769409,0,0,274,0,0,20,0,0,0,NA,NA,NA,NA,NA,1.445,3.247,274,0,0,0
"8471832","PIT",1,7,4,0,1,0,0,0,0,0,1,0,0,0,0.471920287236571,0.468580843880773,1,0,530,58,13,63.6,0,6.79,0,0,0,NA,0,0,3.205,3.183,601,5.99,0,-5.99
"8474754","VAN",1,26,22,0,1,0,0,0,0,0,4,27,1,5,0.765250769327395,0.969630293082446,0,0,1353,211,584,54.2,0,2.66,0,0,0,1,17.06,30.82,2.036,2.58,2148,0,0,0
"8475198","MTL",1,0,5,0,0,0,0,0,0,0,0,0,0,0,0,0.045608714222908,0,0,105,0,0,0,0,0,0,NA,NA,NA,NA,NA,0,1.564,105,0,0,0
"8477201","VAN",9,43,53,2,1,1,0,0,0,0,0,1,0,1,1.74697244470008,1.88240016368218,3,2,2752,21,43,44.8,2.62,1.31,1.31,0,0,1,0,83.72,2.285,2.462,2816,3.84,2.56,-1.28
"8475321","BUF",9,93,92,2,4,1,1,0,0,0,1,0,0,0,4.0054720826447,3.42386082420126,2,0,5864,251,29,50.3,1.23,2.46,1.23,0,0,NA,0,0,2.459,2.102,6144,1.17,0,-1.17
"8476227","NJD",1,4,5,0,0,0,0,0,0,0,0,0,0,0,0.154424231499434,0.389148917980492,0,0,480,0,0,44.4,0,0,0,NA,NA,NA,NA,NA,1.158,2.919,480,0,0,0
"8475824","COL",1,38,28,2,3,0,0,0,0,0,3,8,0,0,1.63827980309725,1.23533372208476,0,0,1887,207,217,57.6,3.82,5.72,0,0,0,1,0,0,3.125,2.357,2311,0,0,0
"8471760","CBJ",1,1,3,0,0,0,0,0,0,0,0,0,0,0,0,0.236274296417832,0,0,163,0,0,25,0,0,0,NA,NA,NA,NA,NA,0,5.218,163,0,0,0
"8477244","BUF",21,265,326,5,8,0,0,0,1,0,30,34,2,5,10.7225841682521,12.8807267081575,1,1,18788,1165,1571,44.8,0.96,1.53,0,3.09,0,1,6.18,11.46,2.055,2.468,21524,0.17,0.17,0
"8474597","CBJ",5,37,41,0,0,0,0,0,0,0,0,0,0,0,1.12698488263413,0.856020071543753,1,0,2857,12,76,47.4,0,0,0,0,0,NA,0,0,1.42,1.079,2945,1.22,0,-1.22
"8476925","NSH",17,119,125,6,6,1,3,0,0,0,0,12,0,0,5.17206239432562,5.46001601387979,2,0,9867,174,647,48.8,2.19,2.19,1.46,0,0,1,0,0,1.887,1.992,10688,0.67,0,-0.67
"8475749","MTL",2,9,23,0,1,0,0,0,0,0,0,0,0,0,0.29186378698796,0.539215198718011,0,0,862,0,0,28.1,0,4.18,0,NA,NA,NA,NA,NA,1.219,2.252,862,0,0,0
"8475735","TOR",1,3,0,0,0,0,0,0,0,0,0,0,0,0,0.121412234380841,0,0,0,223,0,0,100,0,0,0,NA,NA,NA,NA,NA,1.96,0,223,0,0,0
"8477666","NSH",6,52,36,2,2,1,1,0,0,0,0,3,0,0,2.14893310063053,1.64628579560667,1,0,3318,54,227,59.1,2.17,2.17,2.17,0,0,1,0,0,2.332,1.786,3599,1,0,-1
"8474601","VAN",3,23,39,0,1,0,0,0,0,0,0,0,0,0,1.14337400370277,1.63647201354615,0,0,2087,15,65,37.1,0,1.72,0,0,0,NA,0,0,1.972,2.823,2167,0,0,0
"8470063","SJS",15,113,101,2,6,0,0,0,0,0,3,34,0,2,5.81734395748936,3.61358994035982,3,1,7488,179,931,52.8,0.96,2.88,0,0,0,1,0,7.73,2.797,1.737,8598,1.26,0.42,-0.84
"8475567","WSH",10,101,152,6,5,1,1,0,0,0,1,7,0,0,4.33592486404814,7.7031453223899,0,1,8723,126,301,39.9,2.48,2.06,0.83,0,0,1,0,0,1.789,3.179,9150,0,0.39,0.39
"8473638","TBL",1,15,17,1,2,0,0,0,0,0,0,0,0,0,0.804569181054831,1.02012568898499,1,0,1032,0,0,46.9,3.49,6.98,0,NA,NA,NA,NA,NA,2.807,3.559,1032,3.49,0,-3.49
"8476480","TBL",4,37,41,0,0,0,0,0,0,0,0,0,0,0,2.4592099674046,1.51688515418209,2,0,2198,0,27,47.4,0,0,0,NA,0,NA,NA,0,4.028,2.484,2225,3.24,0,-3.24
"8475314","NYI",22,271,227,13,10,6,4,2,0,1,93,0,5,0,14.6308544821804,10.5899263884639,7,3,16786,2630,225,54.4,2.79,2.14,2.14,2.74,16,NA,6.84,0,3.138,2.271,19641,1.28,0.55,-0.73
"8476765","NYI",20,158,138,1,2,1,0,0,0,0,4,3,0,1,7.2056061058538,6.39021436055191,6,7,10778,329,247,53.4,0.33,0.67,0.33,0,0,1,0,14.57,2.407,2.134,11354,1.9,2.22,0.32
"8468485","SJS",12,86,109,9,1,5,3,0,0,0,7,0,0,0,5.316059198929,3.45482712588273,5,7,6406,442,52,44.1,5.06,0.56,4.5,0,0,NA,0,0,2.987,1.942,6900,2.61,3.65,1.04
"8477202","OTT",1,22,13,0,0,0,0,0,0,0,11,3,0,0,0.489813066087663,0.362488260027021,0,0,1347,417,243,62.9,0,0,0,0,0,1,0,0,1.309,0.969,2007,0,0,0
"8474598","WSH",3,13,23,0,1,0,0,0,0,0,0,0,0,0,0.85358533076942,1.141865439713,0,0,1225,2,0,36.1,0,2.94,0,0,NA,NA,0,NA,2.508,3.356,1227,0,0,0
"8474646","PHX",22,235,202,9,9,2,4,0,0,0,0,28,0,2,9.79422508605057,9.32022359385155,2,8,14792,283,1139,53.8,2.19,2.19,1.46,0,0,1,0,6.32,2.384,2.268,16214,0.44,1.78,1.34
"8475299","CGY",9,338,340,15,19,0,1,0,0,1,74,67,7,1,14.4500000241678,14.6458226965042,0,0,23854,2509,2421,49.9,2.26,2.87,0.15,0,1.49,0.9851,10.04,1.49,2.181,2.21,28784,0,0,0
"8476440","CGY",7,45,56,3,2,1,1,0,0,0,11,6,0,0,2.2278505358845,2.24272742890753,0,1,4011,646,292,44.6,2.69,1.8,1.8,0,0,1,0,0,2,2.013,4949,0,0.73,0.73
"8471708","WSH",3,17,24,0,1,0,0,0,0,0,0,0,0,0,0.58136077132076,0.689776648767292,0,0,1623,0,0,41.5,0,2.22,0,NA,NA,NA,NA,NA,1.29,1.53,1623,0,0,0
"8475196","CGY",11,59,72,3,5,0,2,0,0,0,2,1,0,0,1.74000966898166,3.05677954247221,1,1,4624,117,27,45,2.34,3.89,1.56,0,0,1,0,0,1.355,2.38,4768,0.76,0.76,0
"8475260","CGY",7,42,55,3,4,1,0,0,0,0,3,0,1,0,1.46081156248692,2.82860445324332,0,0,3249,84,0,43.3,3.32,4.43,1.11,0,NA,NA,42.86,NA,1.619,3.134,3333,0,0,0
"8474682","MTL",8,299,322,15,13,0,0,0,0,1,74,70,2,3,13.9552379663219,16.1054609095445,0,1,20414,2955,2486,48.1,2.65,2.29,0,0,1.45,0.9857,2.44,4.34,2.461,2.84,25855,0,0.14,0.14
"8476799","WSH",1,13,26,0,1,0,0,0,0,0,0,0,0,0,0.461466112174094,1.19124053325504,0,0,1051,0,0,33.3,0,3.43,0,NA,NA,NA,NA,NA,1.581,4.08,1051,0,0,0
"8475235","BUF",17,154,181,1,8,1,0,0,0,1,43,2,1,0,5.75238734832965,9.76895419269567,4,2,11104,1920,126,46,0.32,2.59,0.32,0,28.57,0.5,1.88,0,1.865,3.167,13150,1.1,0.55,-0.55
"8476389","FLA",20,226,213,6,16,2,3,1,0,2,89,92,4,8,10.3534387506079,9.67678168934071,3,5,16535,2709,2079,51.5,1.31,3.48,1.09,1.33,3.46,0.9783,5.32,13.85,2.254,2.107,21323,0.51,0.84,0.33
"8476452","CGY",14,140,203,7,10,0,4,0,0,0,0,0,0,0,6.134974714485,9.93418932589702,2,0,10942,39,92,40.8,2.3,3.29,1.32,0,0,NA,0,0,2.018,3.268,11073,0.65,0,-0.65
"8473589","PHX",18,173,222,6,6,2,1,0,0,0,0,65,0,5,7.45418911613524,9.25460160331568,5,0,13938,190,1598,43.8,1.55,1.55,0.77,0,0,1,0,11.26,1.925,2.39,15726,1.14,0,-1.14
"8476482","VAN",17,243,177,9,9,3,2,0,1,1,48,1,4,0,9.39628773019649,8.18709267734084,5,1,12938,1469,357,57.9,2.5,2.5,1.39,2.45,10.08,0,9.8,0,2.615,2.278,14764,1.22,0.24,-0.98
"8475744","WSH",17,141,192,7,10,2,4,0,2,0,20,0,3,0,5.99152073235018,8.27586288232123,3,3,11703,1259,77,42.3,2.15,3.08,1.85,5.72,0,NA,8.58,0,1.843,2.546,13039,0.83,0.83,0
"8475759","PHX",5,54,58,4,0,0,0,0,0,0,3,8,0,2,2.23724277224392,2.27489117160439,1,0,3869,167,191,48.2,3.72,0,0,0,0,1,0,37.7,2.082,2.117,4227,0.85,0,-0.85
"8476472","EDM",17,188,239,8,15,1,2,0,0,0,4,20,0,0,8.87214923085412,11.0469115033047,0,3,13839,289,1088,44,2.08,3.9,0.78,0,0,1,0,0,2.308,2.874,15216,0,0.71,0.71
"8474008","COL",15,60,70,3,2,0,0,0,0,0,4,0,0,0,1.80245502234902,3.07568988739513,0,1,5120,160,0,46.2,2.11,1.41,0,0,NA,NA,0,NA,1.267,2.163,5280,0,0.68,0.68
"8475769","FLA",16,149,179,6,7,3,2,0,0,0,0,44,0,2,7.12342878244817,8.31446425430477,5,3,11190,234,1423,45.4,1.93,2.25,1.61,0,0,1,0,5.06,2.292,2.675,12847,1.4,0.84,-0.56
"8476445","NYI",11,87,82,2,2,0,1,0,0,0,3,2,0,1,4.3357920749113,3.50935967033729,3,2,5326,187,173,51.5,1.35,1.35,0.68,0,0,1,0,20.81,2.931,2.372,5686,1.9,1.27,-0.63
"8475800","DET",3,16,9,0,0,0,0,0,0,0,7,0,0,0,0.723164115101099,0.380070273764431,1,0,980,364,0,64,0,0,0,0,NA,NA,0,NA,2.657,1.396,1344,2.68,0,-2.68
"8474606","FLA",16,210,211,5,10,0,1,0,0,1,13,69,1,5,9.16291103279218,10.2260609943187,3,5,14742,491,1617,49.9,1.22,2.44,0.24,0,2.23,0.9855,7.33,11.13,2.238,2.497,16850,0.64,1.07,0.43
"8477228","BOS",2,10,23,0,0,0,0,0,0,0,0,2,0,0,0.276080055162311,0.721997092477977,0,0,1276,24,67,30.3,0,0,0,0,0,1,0,0,0.779,2.037,1367,0,0,0
"8476319","BUF",7,222,338,4,15,0,0,0,0,1,41,26,2,2,8.19815881014802,16.0891205669614,0,1,18002,1727,966,39.6,0.8,3,0,0,3.73,0.9615,4.17,7.45,1.639,3.217,20695,0,0.17,0.17
"8476846","DAL",1,23,23,0,2,0,0,0,0,0,3,7,0,1,0.923416369361803,1.28029113961384,0,0,1720,130,479,50,0,4.19,0,0,0,1,0,7.52,1.933,2.68,2329,0,0,0
"8477814","NYI",13,181,203,7,12,0,2,0,0,0,14,36,0,3,9.3095756706316,10.913911100477,7,1,12491,558,1313,47.1,2.02,3.46,0.58,0,0,1,0,8.23,2.683,3.145,14362,1.75,0.25,-1.5
"8474855","OTT",1,13,13,2,2,0,0,0,0,0,0,2,0,0,0.929624900221825,0.317909177392721,0,0,605,0,92,50,11.9,11.9,0,NA,0,1,NA,0,5.532,1.892,697,0,0,0
"8475157","DET",4,14,29,0,0,0,0,0,0,0,0,9,0,0,0.310737969819456,0.920599372708239,1,0,1759,71,285,32.6,0,0,0,0,0,1,0,0,0.636,1.884,2115,1.7,0,-1.7
"8475253","FLA",3,17,20,0,1,0,0,0,0,0,1,0,0,0,0.833909609820694,0.922632307745516,0,0,1692,97,36,45.9,0,2.13,0,0,0,NA,0,0,1.774,1.963,1825,0,0,0
"8475252","BUF",8,242,337,9,16,0,0,0,0,0,44,104,2,6,9.96037511050235,13.1348073688569,0,2,20007,1541,3113,41.8,1.62,2.88,0,0,0,1,4.67,6.94,1.792,2.363,24661,0,0.29,0.29
"8475714","NSH",12,115,108,11,4,2,6,0,1,0,25,1,2,0,5.97664026106941,3.66026707459241,2,1,8155,1079,323,51.6,4.86,1.77,3.53,3.34,0,1,6.67,0,2.638,1.616,9557,0.75,0.38,-0.37
"8475844","CGY",8,71,94,2,4,1,1,0,0,0,3,0,0,0,3.24576521111885,4.63362643803703,0,1,4978,175,79,43,1.45,2.89,1.45,0,0,NA,0,0,2.347,3.351,5232,0,0.69,0.69
"8469569","TOR",2,54,73,2,3,0,0,0,0,1,9,10,1,0,2.50583196803927,4.08057183213532,0,1,4697,335,505,42.5,1.53,2.3,0,0,7.13,0.9,10.75,0,1.921,3.128,5537,0,0.65,0.65
"8475296","DET",1,7,4,0,0,0,0,0,0,0,0,0,0,0,0.0775282557588071,0.214972319081426,0,0,514,0,21,63.6,0,0,0,NA,0,NA,NA,0,0.543,1.506,535,0,0,0
"8476882","CHI",3,32,29,0,0,0,0,0,0,0,6,0,1,0,1.17227130476385,1.78019871097058,0,0,2316,114,0,52.5,0,0,0,0,NA,NA,31.58,NA,1.822,2.767,2430,0,0,0
"8476367","NYI",10,109,119,2,6,1,0,0,0,0,1,0,0,0,3.96804451412754,5.11547185969539,3,4,7031,64,25,47.8,1.02,3.07,0.51,0,0,NA,0,0,2.032,2.619,7120,1.52,2.02,0.5
"8477836","CHI",2,15,18,1,2,1,0,0,0,0,1,0,0,0,0.599761936813593,0.844429730437696,1,0,1067,75,6,45.5,3.37,6.75,3.37,0,0,NA,0,0,2.024,2.849,1148,3.14,0,-3.14
"8474939","NSH",1,4,4,0,0,0,0,0,0,0,0,0,0,0,0.151447970420122,0.0705580040812492,0,0,441,0,66,50,0,0,0,NA,0,NA,NA,0,1.236,0.576,507,0,0,0
"8477847","CGY",6,37,65,1,2,0,0,0,0,0,0,0,0,0,1.49087195959873,2.8639107090421,1,2,3152,19,17,36.3,1.14,2.28,0,0,0,NA,0,0,1.703,3.271,3188,1.13,2.26,1.13
"8476411","FLA",1,11,20,0,1,0,0,0,0,0,0,2,0,0,0.355132164433599,1.02192139625549,1,0,845,8,82,35.5,0,4.26,0,0,0,1,0,0,1.513,4.354,935,3.85,0,-3.85
"8475747","DAL",12,134,131,3,7,0,0,0,0,0,1,22,0,2,5.91927458817372,5.44039657269605,4,1,8743,95,1112,50.6,1.24,2.88,0,0,0,1,0,6.47,2.437,2.24,9950,1.45,0.36,-1.09
"8473911","EDM",6,41,57,2,3,0,2,0,0,0,0,0,0,0,1.58242553321179,2.80445483129006,0,0,3343,90,16,41.8,2.15,3.23,2.15,0,0,NA,0,0,1.704,3.02,3449,0,0,0
"8471352","MIN",1,5,5,0,1,0,0,0,0,0,0,1,0,0,0.0596119565889239,0.39715498033911,0,0,394,0,35,50,0,9.14,0,NA,0,1,NA,0,0.545,3.629,429,0,0,0
"8476931","BUF",7,65,108,2,5,0,1,0,0,0,0,15,0,0,2.95045299222693,5.44792192644672,0,2,5639,52,462,37.6,1.28,3.19,0.64,0,0,1,0,0,1.884,3.478,6153,0,1.17,1.17
"8475637","FLA",2,28,10,2,1,0,1,0,0,0,4,0,0,0,0.977123883552849,0.572062540799379,1,0,1515,105,30,73.7,4.75,2.38,2.38,0,0,NA,0,0,2.322,1.359,1650,2.18,0,-2.18
"8474638","LAK",3,33,38,1,1,0,0,0,0,0,0,0,0,0,1.20678869856056,1.76107811741531,0,1,2180,0,92,46.5,1.65,1.65,0,NA,0,NA,NA,0,1.993,2.908,2272,0,1.58,1.58
"8476429","NYI",5,75,66,1,4,0,0,0,0,0,0,9,0,1,3.26129419414792,3.93542137369514,1,1,4557,43,473,53.2,0.79,3.16,0,0,0,1,0,7.61,2.576,3.109,5073,0.71,0.71,0
"8476522","PIT",2,12,24,0,1,0,0,0,0,0,0,0,0,0,0.361695233732462,0.635361473076046,1,0,1078,11,9,33.3,0,3.34,0,0,0,NA,0,0,1.208,2.122,1098,3.28,0,-3.28
"8474837","CGY",4,41,45,0,4,0,0,0,0,0,0,0,0,0,1.28129834588617,1.68157636700198,0,0,2571,12,0,47.7,0,5.6,0,0,NA,NA,0,NA,1.794,2.355,2583,0,0,0
"8474636","WPG",3,147,133,5,3,0,0,0,0,0,9,28,0,2,5.95777202531463,5.84627599944361,0,0,8504,588,1012,52.5,2.12,1.27,0,0,0,1,0,7.11,2.522,2.475,10104,0,0,0
"8475159","WPG",3,21,25,2,0,1,0,0,0,0,0,0,0,0,0.737581588793546,0.856431706342846,0,0,1563,0,0,45.7,4.61,0,2.3,NA,NA,NA,NA,NA,1.699,1.973,1563,0,0,0
"8476434","ANA",7,240,343,13,11,0,0,0,0,0,46,65,2,2,11.047369669599,13.8241704184911,0,0,17902,1701,2149,41.2,2.61,2.21,0,0,0,1,4.23,3.35,2.222,2.78,21752,0,0,0
"8474236","NYI",4,27,24,0,0,0,0,0,0,0,0,0,0,0,1.21407266182359,1.10438344348222,1,1,1647,0,0,52.9,0,0,0,NA,NA,NA,NA,NA,2.654,2.414,1647,2.19,2.19,0
"8474202","MIN",2,33,56,3,1,0,0,0,0,1,7,16,0,2,1.40698868501931,2.7631880940753,0,1,3391,369,706,37.1,3.18,1.06,0,0,5.1,0.9375,0,10.2,1.494,2.933,4466,0,0.81,0.81
"8477850","MIN",1,4,12,2,0,0,1,0,0,0,2,3,0,0,0.426319494843483,0.617023292928934,0,0,830,125,158,25,8.67,0,4.34,0,0,1,0,0,1.849,2.676,1113,0,0,0
"8476975","TBL",6,52,55,3,4,0,3,0,0,0,0,2,0,0,2.44613803364336,2.09827700001188,3,3,4110,0,31,48.6,2.63,3.5,2.63,NA,0,1,NA,0,2.143,1.838,4141,2.61,2.61,0
"8477356","TBL",3,72,82,4,2,0,0,0,0,0,5,13,1,2,2.88065534597263,3.50264553446323,0,0,5050,262,308,46.8,2.85,1.43,0,0,0,1,13.74,23.38,2.054,2.497,5620,0,0,0
"8476086","NYI",2,11,10,0,1,0,0,0,0,0,0,0,0,0,0.184007978998125,0.492372657172382,1,0,772,0,5,52.4,0,4.66,0,NA,0,NA,NA,0,0.858,2.296,777,4.63,0,-4.63
"8469779","STL",2,17,20,0,3,0,0,0,0,0,2,5,0,0,0.61395157861989,1.54098754934967,0,0,1297,67,222,45.9,0,8.33,0,0,0,1,0,0,1.704,4.277,1586,0,0,0
"8476427","STL",2,14,15,0,2,0,0,0,0,0,3,0,0,0,0.710776275023818,0.470110878348351,0,0,970,254,53,48.3,0,7.42,0,0,0,NA,0,0,2.638,1.745,1277,0,0,0
"8475303","BUF",2,54,46,3,2,0,1,0,0,0,6,11,0,2,2.3666194321122,1.33811392489588,0,0,3398,310,326,54,3.18,2.12,1.06,0,0,1,0,22.09,2.507,1.418,4034,0,0,0
"8475774","TOR",1,4,17,0,0,0,0,0,0,0,0,0,0,0,0.102168198674917,0.6677930256119,0,0,620,35,51,19,0,0,0,0,0,NA,0,0,0.593,3.878,706,0,0,0
"8475771","PHX",1,60,41,2,2,0,0,0,0,0,3,8,0,1,2.28034366667271,1.24793170485646,0,0,3120,138,197,59.4,2.31,2.31,0,0,0,1,0,18.27,2.631,1.44,3455,0,0,0
"8477816","VAN",2,19,15,2,0,0,0,0,1,0,1,0,1,0,0.734365197829902,0.424449805170298,0,0,1359,74,0,55.9,5.3,0,0,48.65,NA,NA,48.65,NA,1.945,1.124,1433,0,0,0
"8476435","BOS",1,7,12,0,0,0,0,0,0,0,0,0,0,0,0.393109312281013,0.795240959152579,1,1,851,32,0,36.8,0,0,0,0,NA,NA,0,NA,1.663,3.364,883,4.08,4.08,0
"8475917","PHI",8,100,84,4,5,1,2,1,0,0,18,2,3,0,4.25233543303329,3.70730016217567,1,0,5065,869,32,54.3,2.84,3.55,2.13,4.14,0,1,12.43,0,3.022,2.635,5966,0.6,0,-0.6
"8476763","PHI",1,53,43,3,4,0,0,0,0,0,8,13,1,1,2.47938478237484,1.80512606096454,0,0,2935,127,420,55.2,3.68,4.91,0,0,0,1,28.35,8.57,3.041,2.214,3482,0,0,0
"8473505","WSH",1,4,13,0,0,0,0,0,0,0,0,0,0,0,0.197252221405506,0.722563512390479,0,0,566,0,0,23.5,0,0,0,NA,NA,NA,NA,NA,1.255,4.596,566,0,0,0
"8477832","TBL",1,11,10,0,0,0,0,0,0,0,0,0,0,0,0.591327423229814,0.45268752425909,0,0,612,0,0,52.4,0,0,0,NA,NA,NA,NA,NA,3.478,2.663,612,0,0,0
"8476450","DET",1,13,5,0,0,0,0,0,0,0,7,0,0,0,0.363835208700038,0.13870664127171,0,0,766,292,27,72.2,0,0,0,0,0,NA,0,0,1.71,0.652,1085,0,0,0
"8475833","CGY",1,10,12,0,1,0,0,0,0,0,0,0,0,0,0.235207638703287,0.437958014197648,0,0,805,0,10,45.5,0,4.47,0,NA,0,NA,NA,0,1.052,1.959,815,0,0,0
"8476346","CGY",1,11,9,1,0,1,0,0,0,0,3,0,0,0,0.351288857869804,0.28880150988698,0,1,839,47,10,55,4.29,0,4.29,0,0,NA,0,0,1.507,1.239,896,0,4.02,4.02
"8475206","COL",1,14,18,1,1,1,0,0,0,0,1,0,0,0,0.818293273216113,1.00698819081299,0,0,891,66,40,43.8,4.04,4.04,4.04,0,0,NA,0,0,3.306,4.069,997,0,0,0
"8475767","COL",3,12,7,1,1,0,1,0,0,0,5,0,0,0,0.437327980063856,0.371601381339133,1,0,794,292,2,63.2,4.53,4.53,4.53,0,0,NA,0,0,1.983,1.685,1088,3.31,0,-3.31
"8471240","LAK",7,105,87,2,3,0,0,0,0,0,2,34,0,3,3.72259647661122,3.48987839964684,0,0,6492,192,1049,54.7,1.11,1.66,0,0,0,1,0,10.3,2.064,1.935,7733,0,0,0
