"player_id","season","pp_rapm_raw","pk_rapm_raw","own_pp_shots_per60","own_pk_sa_per60","pp_rapm_per60","pk_rapm_per60"
"8470599",2017,-0.000985551615114757,-0.000421576202170258,71.5909090909091,103.937007874016,-0.0705565360820792,-0.0438173690444678
"8473463",2017,0.00199979737399598,-0.000589294322804593,122.574994525947,125.133689839572,0.24512515217056,-0.0737405730140506
"8475883",2017,0.00195223572714503,0.000228854898308398,119.653179190751,112.710195424936,0.233591211282671,0.0257942803122933
"8477939",2017,0.00135007386887737,0,126.26683460905,0,0.170469553911538,0
"8479318",2017,0.000393862633909453,0,124.558352402746,0,0.0490588807527674,0
"8479458",2017,0.00264493136015124,-0.000941438786039313,124.558737580362,109.605853198017,0.329449311207149,-0.103187201377545
"8474037",2017,0.0024674201694983,3.13982684600657e-05,136.810470189045,4.98960498960499,0.337568913542996,0.000156664956973301
"8474581",2017,-0.000570024844306309,0.000536421069052129,120.385651003214,38.6549872845437,-0.0686228119698206,0.0207353496033713
"8475098",2017,0.00141606441793587,0.000122252670766726,137.12506486767,4.69361147327249,0.194177925166255,0.00057380653814891
"8475172",2017,0.0041361546204831,9.29709357199693e-05,139.036544850498,27.4809160305344,0.575076647399395,0.00255492647780068
"8478483",2017,0.00132196947087277,0.00055112147587708,133.457595526561,13.5849056603774,0.1764268669422,0.00748693325719807
"8467950",2017,0.000434243943505854,0.000997976906592264,98.5203613984549,121.101671690874,0.042781870249287,0.120856671697211
"8471676",2017,-0.00289501814912679,0.000216291473086377,115.233320478211,11.7519042437432,-0.333602554168564,0.00254183668044926
"8473544",2017,-0.00135668765766644,0.000302291206492384,103.036744609778,20.5479452054795,-0.139788679698215,0.00621146314710378
"8474578",2017,-0.00107246974386387,0.000338255240910186,130.458817025981,95.2081696779262,-0.139913134080637,0.0322046623710248
"8474884",2017,-0.0017171472197306,0.000190475013995514,139.075731913864,10.0558659217877,-0.238813506387889,0.00191539120218953
"8475913",2017,-0.000955235737354275,0.000155305769734253,140.860305924111,14.6938775510204,-0.134554798193367,0.00228204396344208
"8470602",2017,-0.000909554683550267,0.000592002402253426,110.328832932991,150.795683190049,-0.100350106724837,0.0892714066979557
"8474068",2017,-0.000305759302864428,-0.000748938820280932,129.923113133532,83.3551769331586,-0.039725200497685,-0.0624279278766282
"8474250",2017,-0.000619113515402839,-0.000244103158794419,73.4795200661978,127.810650887574,-0.0454921639782972,-0.0311989836092276
"8475321",2017,6.39592508274028e-05,0,40.1486988847584,0,0.00256788070236413,0
"8476879",2017,-0.000269023423419906,0.00208100509394774,58.4256029121796,143.236787100627,-0.0157178557108066,0.298076483597113
"8470281",2017,-0.000219938181700661,0.000204504396864131,126.517571884984,140.444634459171,-0.0278260447135661,0.028721545262876
"8470607",2017,1.46502837443033e-05,0.00207290567173993,111.415349016583,121.685313020709,0.00163226647656353,0.252242175528077
"8470645",2017,0.000693646610405903,-4.66268081849666e-06,104.176969858986,123.785984297761,0.0722620020250433,-0.000577174534583899
"8473573",2017,-0.000206965255933801,-0.00175794222370419,127.776979451071,105.060540204905,-0.0264453952545388,-0.184690359671375
"8474141",2017,0.0013664116649852,-0.000263645025618491,135.915378356387,7.81928757602085,0.185716358437045,-0.00206151627329837
"8478550",2017,0.000476888320679179,0.000119834608485726,142.329317269076,4.1002277904328,0.0678751890958639,0.000491349191968808
"8466148",2017,-0.000130342272788929,0.00219824778457368,77.920139320811,111.518796992481,-0.0101562880551045,0.245145948427044
"8466285",2017,0.000408485828778764,0.000277984264987275,74.687015619411,27.979274611399,0.0305085874743076,0.00777779808772687
"8473604",2017,0.000156630287251033,-0.000302567609483695,126.732673267327,128.020565552699,0.0198501750179527,-0.0387348764840308
"8475209",2017,0.00171672346833376,6.3600681926273e-05,102.801724137931,19.3029490616622,0.176482132412759,0.00122768072350983
"8478055",2017,0.00118293996908867,-0.000449469696726224,66.7255075022065,51.4285714285714,0.0789322697820861,-0.0231155844030629
"8473534",2017,-0.00204581283571839,0.000123884491195797,83.596837944664,91.786348233016,-0.171023484092664,0.0113709050495675
"8474102",2017,-0.00154825661750668,-0.00043148291051914,95.9760359460809,67.1440466278102,-0.148595532775578,-0.0289715086630003
"8474596",2017,-0.000246875054970114,0.000740086683564467,101.06923122872,100.784086723149,-0.0249514720153774,0.0745889604990089
"8474627",2017,2.95067266691377e-05,0.00019941678803832,115.454334185452,57.3178199632578,0.00340667948157741,0.0114301355544316
"8476892",2017,-0.00305203772031057,-0.000834062043396009,88.3391521197007,85.5693047271432,-0.26961442444958,-0.0713701091526969
"8477952",2017,0.000157620371187059,-2.23545356865552e-06,107.509605309116,7.70877944325482,0.0169457038949971,-1.72326185164023e-05
"8470257",2017,-0.000433210977129576,0.00118229918517734,136.704377766847,135.195227765727,-0.0592218370702664,0.159841207627284
"8471669",2017,0.00022318561142007,0.00157193863281561,127.673505019642,121.348314606742,0.0284948892799522,0.1907521037574
"8474031",2017,-0.000801342737137653,0.000640935734270774,133.290218270008,25.8101519931173,-0.106811148342164,0.0165426487193489
"8474565",2017,-0.000772591045667016,0.000502199310050168,101.20365134502,124.939009994491,-0.078189034817969,0.0627442846175846
"8475765",2017,0.00047194479769434,0.00024806095539237,141.585462207006,18.6927306047648,0.0668205223177449,0.00463693661271016
"8471678",2017,-0.000118453172318562,0.00139804348667455,91.4964370546318,122.264150943396,-0.0108380432249668,0.17093059988021
"8474034",2017,-0.000818963340494084,1.408976255794e-05,106.185567010309,13.6882129277567,-0.0869620866710212,0.000192863669994616
"8475660",2017,0.00185263156948805,-0.000446452906719393,123.711891602781,116.20723713747,0.229192555904396,-0.0518810588018531
"8476454",2017,0.000197032800995452,0.000350595458694976,116.894446059901,137.254490074572,0.0230320401279941,0.0481208009056397
"8476472",2017,0.00040939963544982,-0.00124677551172402,131.768388106416,112.631690965202,0.0539459300545773,-0.140426434139481
"8479344",2017,-0.000990023282788534,0,101.25,17.2248803827751,-0.100239857382339,0
"8470880",2017,-0.000334691353314739,0.000577135417042204,117.091361093847,107.93195594082,-0.0391894661059645,0.0622913544040859
"8470966",2017,-0.000416836865411982,0.000810893909740855,106.933617789448,135.940660822657,-0.0445738740465163,0.11023345394724
"8471426",2017,0.000517118336980877,0.00161043529610824,148.892171344165,101.468624833111,0.0769948720349666,0.163408654878807
"8476346",2017,0.000511502948466211,-0.000192777051580363,150.346484338908,3.63820111167256,0.0769026700308804,-0.000701361683364637
"8476462",2017,-8.58961711105819e-05,0.000356034316821036,97.3229175809708,64.8999459167117,-0.00835966598151612,0.0231066079061787
"8477497",2017,0.00109806070114728,0.00130231555139632,149.082202713488,39.1304347826087,0.163701308040154,0.0509601737502908
"8469770",2017,-0.0033335899791919,-0.000740141408101778,74.7826086956522,77.0798400619115,-0.249294554965655,-0.057049981359683
"8474150",2017,-0.00128177445126671,-0.000113639777906562,91.6871804582465,137.282138645001,-0.117522285420061,-0.0156007117461557
"8474673",2017,0.00170579686198797,-1.32313672499592e-06,127.022900763359,77.810650887574,0.216675265522746,-0.000102954129785186
"8477935",2017,-0.00227898059922509,0.00127421035214787,76.5717860494213,75.4108926844989,-0.174505614854646,0.0960893401233005
"8479314",2017,0.00174346393611955,-0.000323885380694463,90.3003944573683,22.4066390041494,0.157435481153791,-0.00725718280394231
"8473473",2017,0.00286555039328092,0,157.453995910748,2.76710222905457,0.451192359905695,0
"8474586",2017,0.0007869419318206,-0.000187505484357997,124.810400866739,9.39947780678851,0.098218537969375,-0.00176245363887412
"8477934",2017,0.00286136100725739,8.73259103334453e-05,150.496923805017,74.7652916073969,0.43062602948786,0.00652894715096143
"8478402",2017,0.00450389595970837,0.000100195749487161,155.057769394011,78.7376972348071,0.698364061095078,0.00788918258733468
"8471284",2017,0.000499899963932462,-0.000821679678018028,126.483714746938,129.133218168885,0.0632292044400379,-0.106106141126441
"8470604",2017,0.000766910865244199,0.00127742553364429,169.914630556373,87.6798176897878,0.130309376337637,0.112004437902212
"8471685",2017,-0.000631473959358109,-0.000432174940690383,162.643049059608,128.953542937588,-0.102704850151746,-0.0557304897708668
"8471734",2017,-1.73418897940165e-05,-0.00204109802938409,121.212121212121,103.423509695954,-0.00210204724775958,-0.211097521832398
"8474162",2017,0.000230542017769171,0.000924146123607496,138.138260075119,97.7844056242011,0.0318466732088405,0.0903670794068685
"8474563",2017,-0.00127606246866959,0.00191197014238172,143.697478991597,117.887697905399,-0.183366959783613,0.225397758549238
"8475726",2017,-0.00179169870786611,0.000531672428569288,160.059084194978,85.3944562899787,-0.286777654334375,0.0454018779620469
"8466138",2017,-0.000287358359278083,0,156.134564643799,0,-0.04486657232264,0
"8466139",2017,0.00209499616662948,0.00020056251021767,151.104565537555,25.0474383301708,0.316563485561391,0.00502357710602133
"8470613",2017,0.00147544341851129,-0.00135734050456001,144.356674253581,97.1147079521464,0.212990104945624,-0.131817726691964
"8470794",2017,0.000536154747072866,0.00201555813308217,155.191256830601,46.8377303939284,0.0832065290539311,0.0944041684305923
"8474053",2017,0.000127955886122347,0.00302017459684649,166.776507075015,100.91314504141,0.0213400357471733,0.304775317141952
"8474889",2017,0.000718849106612848,-0.00135152122520823,113.855421686747,117.913628715648,0.0818448681625471,-0.159362771950521
"8471709",2017,-0.00171730919191433,0.000585881331379537,79.0453460620525,154.848334162108,-0.135745299370412,0.0907227481807995
"8473673",2017,-8.69188637815929e-06,-0.000365672289716601,91.3785557986871,63.1086871834827,-0.000794252024402477,-0.0230770981433928
"8474571",2017,-0.00273713705646227,0.000185240129003023,80.2414673786859,101.128451380552,-0.21963189382711,0.0187330473796094
"8475820",2017,-0.000225582791574533,0,81.7802503477051,0,-0.0184482171690995,0
"8476881",2017,-0.000812704784635465,0.000495395962579745,95.4166056523649,137.762423598193,-0.0775455319473523,0.0682469484457454
"8475455",2017,-0.000627808861098658,-0.000419405861986563,23.0621396540679,74.8675691583284,-0.0144786156307186,-0.0313998973776873
"8467496",2017,7.77195607336328e-05,0.000755657211647595,109.282488710487,95.0442477876106,0.00849338701845721,0.0718208712663289
"8470642",2017,-0.00362113144480654,-0.000685020349069243,123.812024153321,129.67032967033,-0.448339613906738,-0.0888268144946931
"8471219",2017,-0.000712533261366383,0.000457501916181566,106.224066390041,103.054902798547,-0.0756881804604954,0.0471478155022404
"8474157",2017,-0.0015766357145238,-0.000375255828690277,112.11317418214,65.2849740932643,-0.176761634484189,-0.0244985670543911
"8475848",2017,-0.000336661608421868,0,104.956268221574,5.32544378698225,-0.0353347460734322,0
"8476851",2017,-0.00116346098680471,-2.04178435795124e-05,103.701642081826,16.5593376264949,-0.12065281482979,-0.000338105965438107
"8471976",2017,-0.00192661736117805,0,54.6316787859627,10.9090909090909,-0.105254340819338,0
"8477476",2017,0.000797278265343144,-8.8402271573582e-05,79.2608610182819,61.5661566156616,0.0631929617822599,-0.0054425880968794
"8477901",2017,-0.00060170305393255,0,46.3320463320463,0,-0.0278781337729367,0
"8470852",2017,-0.000209732793656602,0,121.307011572498,0,-0.0254420584272338,0
"8474589",2017,-0.000868649866305288,0,85.2928028609745,0,-0.0740895818019888,0
"8475158",2017,0.000950378297012047,0.00102121256470758,172.684310018904,163.171355498721,0.164115420476466,0.166632638435661
"8475215",2017,-0.00132448060839811,3.41119293182019e-05,108.847114499803,121.086675291074,-0.144165892435077,0.00413050010890517
"8477499",2017,-0.000558480340246889,0.000510030317582508,147.835382148584,149.959774738536,-0.0825631545228699,0.0764840315344968
"8477933",2017,0.000574575575070803,-4.11073561138366e-06,169.278996865204,2.61437908496732,0.0972635769712331,-1.07470212062318e-05
"8467407",2017,-0.00100162028710762,0.00204986960691001,76.5134328358209,128.172043010753,-0.0766374065646045,0.262735975423304
"8471742",2017,-0.000951229698636713,0.000159748147349713,72.2253841775754,77.5790921595598,-0.0687029304251559,0.0123931162455623
"8474683",2017,-0.000889901958244773,0.000806603306272358,74.028941355674,146.264744429882,-0.0658784998792018,0.117977626448224
"8475169",2017,-0.00263466774138994,-0.00155672313370556,85.9537719075438,106.795446705761,-0.226459630095595,-0.166250942461277
"8476931",2017,-0.00170277163754312,0.000860318666518483,86.1865855975679,108.140855736463,-0.146756073492221,0.0930355968033618
"8468685",2017,-0.00114200743625215,-0.000959023598659371,106.354285714286,103.232077764277,-0.121457385163001,-0.099001998714581
"8474151",2017,0.00111498832676599,-0.000473586597027439,136.905311778291,116.037735849057,0.152647824505053,-0.0549539164475236
"8475184",2017,-0.000896743392454558,0,144.096064042695,0,-0.129217193308996,0
"8475204",2017,0.000107607043072874,8.08400341761254e-05,152.200172562554,19.8895027624309,0.0163778105246376,0.00160786808306106
"8476459",2017,0.00142951032140018,-0.000264456043459438,141.978609625668,113.207547169811,0.20295988787794,-0.029938420014276
"8477402",2017,0.00253959055683143,0.000152919399972902,119.823788546255,17.3913043478261,0.304303361875836,0.00265946782561568
"8470041",2017,0.00104630835135475,0.000507338746642344,98.5439720442632,118.172829740953,0.103107380925581,0.0599536553279543
"8474613",2017,-0.000553932301974373,-0.000531350840814142,131.373063796272,95.137976346912,-0.0727717836460952,-0.0505516437252877
"8475692",2017,0.000793931277718127,0.000409713606867279,141.079408731523,58.8235294117647,0.112007355233936,0.0241008004039576
"8476431",2017,0.000527404470044574,-0.00023642473189187,73.8882554161916,45.859872611465,0.0389689961902946,-0.0108424080867609
"8476918",2017,0.000624095753078929,-0.000135792564395927,81.3920995808459,8.31408775981524,0.0507964636825832,-0.0011289912975181
"8474207",2017,-0.00025246840309369,-0.000808563725517027,59.0497737556561,92.3076923076923,-0.0149082020831342,-0.0746366515861871
"8470187",2017,-0.00347185154284466,0.000215273884359383,97.8448867536033,116.082029141932,-0.339702921034959,0.0249894293177028
"8470860",2017,0.00022225007373913,0.000566777894550511,100.495049504951,127.924907810929,0.0223350321628927,0.0725050099096464
"8474573",2017,0.00194565523963518,-0.000172944967048344,136.030828516378,71.2252690038181,0.264669094254804,-0.0123180518008747
"8474612",2017,-0.00118433309985771,0.000916339890880229,72.3791287697463,138.559322033898,-0.0857209979408737,0.126967434032981
"8475166",2017,0.00249427473798078,0.000847896901531397,143.761566182916,105.988023952096,0.3585808428226,0.0898669171084175
"8475314",2017,-0.000760392161689509,5.68689424635143e-06,129.528535980149,5.09193776520509,-0.0984924834744227,2.89573115797244e-05
"8471217",2017,-0.000372392708890129,0.000397618164713181,103.333333333333,94.5369284876905,-0.0384805799186466,0.0375896000028968
"8475181",2017,0.00323573632454428,-0.000452193842277606,136.841119745342,114.118507681053,0.442781781851318,-0.051603686463282
"8475754",2017,-0.00208265251923308,0.00147448245845548,103.863751906457,87.3342736248237,-0.216312104564981,0.128772854481754
"8476458",2017,0.00230895315348593,-0.000442137788589494,144.580192357681,9.05660377358491,0.333828891075871,-0.0040042667645841
"8473504",2017,-0.00093845475842385,0.00253047877177948,57.4397031539889,151.628057670501,-0.0539045627473143,0.383691581141356
"8474066",2017,0.000772531290643173,0.000399191755331694,79.8617113223855,121.251002405774,0.061695670920855,0.0484024004860883
"8475231",2017,0.000384748747280242,-0.000847506460823919,15.2450090744102,154.379562043796,0.00586549814365524,-0.130837676251284
"8476386",2017,-0.00057865444551854,0,96.707927311035,0,-0.0559604720554142,0
"8471214",2017,-0.0010302744727333,5.89070589371462e-05,141.163715215034,1.9629225736096,-0.145437372262243,0.000115629995732675
"8471698",2017,-0.000592865885036565,-0.00104197515031868,150.785340314136,67.7779956854285,-0.08939548423588,-0.0706229872426235
"8473563",2017,-0.00112856349507752,0.000891177833711888,150.197017692961,56.8122041031036,-0.169506871237789,0.0506297769810015
"8474590",2017,0.00211552234827267,0.000486160434396444,124.916122196716,115.788538427366,0.264262848166711,0.0562918061399774
"8474651",2017,-0.000941658615860624,-0.000790119145166234,113.748932536294,94.3636363636364,-0.10711266236775,-0.0745585156984137
"8475149",2017,-2.87399206628872e-05,0,139.698897029225,4.93827160493827,-0.00401493521731277,0
"8470594",2017,0.00182265534568721,-0.00128117597439945,119.246766996899,111.772646536412,0.217345757322815,-0.143200429337493
"8471215",2017,0.00126018925803862,-0.000141314686779402,151.857068722663,8.80913539967374,0.191368646761532,-0.00124486020980223
"8471724",2017,0.000436787888451437,-0.000625118794217003,129.261246388774,109.068727124847,0.0564597468687536,-0.068180911187068
"8471887",2017,0.00171914091427747,0,150.748396293656,0,0.259157735830138,0
"8473548",2017,0.00352380337687749,0.000138675686919684,149.389567147614,9.12162162162162,0.526419461185027,0.00126494714419982
"8474009",2017,0.000374960047929495,-0.000474906072337976,76.4485125858124,118.750546854493,0.0286651379433148,-0.056395355794654
"8473422",2017,0.00188133741806527,-0.00150969205001843,162.512716174975,65.8481583563017,0.3057412538514,-0.099410441178863
"8474715",2017,0.00214695324949703,-0.002100074238523,166.378872524124,127.87477423239,0.357207661013319,-0.268546519122387
"8475683",2017,0.000859789274405079,-0.00457306253152675,101.446691806651,108.375064755655,0.0872227775392358,-0.495605947985872
"8477416",2017,-0.000971759189515984,0,119.083969465649,0,-0.115720941652285,0
"8477505",2017,0.00148327158083655,0.000811756333315383,164.605113994206,56.3921172309247,0.244154087647967,0.0457766583112667
"8478460",2017,0.00220397193071113,-0.00387751788668684,145.645330535152,93.5794125292436,0.32099822033862,-0.362855845907788
"8470655",2017,0.000849917813718815,-0.000273546073413204,120.156788217128,63.0105017502917,0.102123394744976,-0.0172362753375881
"8471276",2017,-0.00112656347917263,0.000576172404796346,124.505588993981,47.2933182332956,-0.140263449513497,0.0272491048972768
"8471695",2017,-0.00370837803076777,0.00111262288959485,122.083165119096,96.6064345526664,-0.452730527454249,0.107486530365444
"8475727",2017,-0.000865774950251271,0.000543382419303139,152.796950654167,30.5246422893482,-0.132287772351157,0.0165865539755489
"8476792",2017,0.000106669227847297,-7.83755068441534e-05,150.500667556742,43.3225711769886,0.0160537899987804,-0.00339542847378839
"8478512",2017,-0.00128513225194947,0.00127087262340568,114.512922465209,63.2432432432432,-0.147164249925029,0.0803741064532239
"8468639",2017,0.000627722684118983,0.000322801733119598,106.25,70.197904540163,0.066695535187642,0.0226600052469287
"8473419",2017,0.00059799358007958,-9.55113573550359e-06,137.328828027743,116.682554814109,0.0821217575204431,-0.00111445091899489
"8473492",2017,-0.00151665242204167,0.000358781411886775,103.763696998571,75.5244755244755,-0.157373462372881,0.0270967779606795
"8476525",2017,-0.00202509186379462,0.000270447333154791,85.830233344606,37.5,-0.173814107213756,0.0101417749933047
"8477956",2017,0.00362642083712775,-9.35650274389166e-05,140.273135326139,6.41711229946524,0.508689420835951,-0.000600417288378075
"8468486",2017,-0.000906766773810959,0.000111960237829559,69.4229364499635,6.33802816901408,-0.0629504121132166,0.000709607141173261
"8474040",2017,0.00273266518908084,0.000139393463675977,162.618956985154,4.43349753694581,0.444383162837966,0.000618000577873792
"8476432",2017,0.000606281837645478,-0.000892737761377507,62.2250157133878,93.6188811188811,0.0377258968742315,-0.0835771103527369
"8476438",2017,-0.000682242579714202,-0.00123007374386553,65.4008438818565,60.5818596691386,-0.0446192404454436,-0.0745201549335535
"8476850",2017,-0.00056188511846433,0.00104432642178913,29.6703296703297,97.4117647058824,-0.0166713167016889,0.101729679675458
"8468083",2017,0.00188960532342717,-0.000107119802920866,108.295350957156,2.19378427787934,0.204635471671055,-0.00023499773949733
"8470144",2017,0.00434443729883181,-0.000381594531173309,128.747714808044,120.331622581919,0.559336374351427,-0.0459178891044708
"8470598",2017,0.000997378187626465,0,97.0167461461684,0,0.0967623864406822,0
"8471242",2017,0.00340576363497858,0.000826820787429249,98.5030236938634,68.4331797235023,0.335478016031994,0.0565819755452735
"8475193",2017,-0.000678933982701525,0.000124211180908998,98.8884138520735,8.18181818181818,-0.067138704659625,0.00101627329834635
"8475852",2017,0.00251934702030134,0.000108519107012612,94.2707506744961,113.283544516237,0.237500734813362,0.0122934290901255
"8471750",2017,0.00155444758764662,0.00141128368188413,113.915618060696,102.204305686594,0.177075857689723,0.144239268833787
"8471873",2017,-5.01154049605949e-05,0.0041836768366656,83.9579401455918,123.261288251658,-0.00420758617005372,0.515685396516025
"8474564",2017,0.00097403099906561,-0.000225727992177496,139.310344827586,79.3587174348697,0.135692594352588,-0.0179134839483544
"8474870",2017,0.00229059429134264,0.000537308758621842,130.848861283644,116.355983162959,0.299721654684999,0.0625190888715131
"8476292",2017,0.000269572082155265,4.92028176367656e-05,131.743727970143,111.659382489779,0.0355144310598083,0.00549395623407844
"8476480",2017,-0.000471654665552504,0.000944112328795359,109.896159139247,47.8969957081545,-0.0518330361843262,0.0452201441603271
"8476453",2017,-0.000800920478675784,0,133.868715083799,0,-0.107218195364628,0
"8477494",2017,-0.000262861913686578,0,122.005571030641,0,-0.0320706178815379,0
"8473986",2017,-8.16519478746234e-05,0.00184431322048453,107.732406602954,88.5157421289355,-0.00879656084835213,0.163250753429395
"8475167",2017,-0.00112160037442952,0.000674070076558507,130.909090909091,99.2772156121428,-0.146827685379864,0.0669198003281925
"8478010",2017,0.000673231705256633,0.000305831116894832,123.736526946108,74.5631067961165,0.0833033530384614,0.0228037182306049
"8470047",2017,0.00229154927513029,-0.000214868315420647,89.8111447889951,116.759612562372,0.205806663739844,-0.0250879412604442
"8471716",2017,0.000304921974861643,0.00162421501131583,118.331226295828,96.085409252669,0.0360817912099239,0.15606336407661
"8474090",2017,-0.00181210592479529,-0.0011983980374143,100.945945945946,92.7038626609442,-0.182924746732714,-0.111096127073601
"8474679",2017,0.0010381987877419,0.000298770523986871,113.137742416708,18.1086519114688,0.117459467024881,0.0054103314202854
"8475772",2017,-0.00028415058090531,-0.000259386786199861,82.9064919594997,83.2169516012521,-0.0235579278511132,-0.0215853776331981
"8477946",2017,-0.0016142114645625,0.00153036207571107,106.066633515664,68.3316683316683,-0.171213975828534,0.104572193784852
"8448208",2017,-8.88922644875305e-05,0,138.809994607226,6.76691729323308,-0.0123391347541382,0
"8466141",2017,-0.00161882080592271,0.000756104085361775,106.236689990873,97.6970855231725,-0.171978164109587,0.0738691654920094
"8475191",2017,-0.000664820865775912,0.00103265977560303,112.837973162427,86.5480822679266,-0.0750170390102441,0.0893747232136698
"8476539",2017,-0.000488702951990155,0.000347764092136265,132.039231712301,11.088295687885,-0.0645279623163135,0.00385611108323579
"8477932",2017,-0.00267553265077244,0.000363443991783824,119.458079717259,53.6188038166162,-0.319613992682103,0.0194874320937847
"8478843",2017,0.00133675271806784,0,105.2791492594,0,0.140732188928373,0
"8469638",2017,-0.00209230591758418,0.000481759046222786,114.867617107943,70.1967799642218,-0.240338195013743,0.0338179337634743
"8476389",2017,9.42066575455285e-05,0.000225307975684045,113.963039014374,101.679731243001,0.0107360769892748,0.0229092544144584
"8471735",2017,-0.00215623820042362,0.00181640944287495,140.282948622487,71.8753606462781,-0.302483452687871,0.130555083787942
"8477493",2017,0.00043412774976547,-0.000530275873449778,141.584976969411,62.3744831659776,0.0614659674523261,-0.0330756835418172
"8470595",2017,0.000854332586383615,0.000114031658100256,124.558247804465,99.1963260619977,0.1064141700022,0.0113115215383033
"8470600",2017,-0.00177902787123247,4.39002231847681e-05,116.877172162414,127.416798732171,-0.20792774678777,0.00559362590183099
"8470610",2017,0.000254007700779171,0.000575311613792843,126.307672535664,93.9653372311547,0.0320831214915525,0.0540593498030443
"8471227",2017,-0.000144569712541668,-0.00011124450433486,108.029842497928,107.698001480385,-0.015617843275847,-0.0119808107925404
"8474716",2017,0.00321037904481604,0.000812502368101612,110.984848484848,132.679191097284,0.356303431867841,0.107802156964349
"8475745",2017,0.00139268965585319,-0.000831477479853162,123.122984799632,67.0252378982209,0.171472107328216,-0.0557299758941714
"8469459",2017,0.00075375571677523,0.00106805536512244,125.109580463369,164.519200253888,0.0943020614976149,0.175715614496818
"8469506",2017,-0.00194061834997556,0.000759333906553485,99.8722394597554,73.0685290266259,-0.193813900548754,0.0554834115919046
"8475798",2017,-0.000229023907144765,0.000286461519327056,119.748163693599,165.975437890074,-0.027425192322519,0.0475455761089641
"8476422",2017,-0.000332161298729897,0,111.18530884808,0,-0.036931456586663,0
"8476856",2017,-0.00251119603622938,-0.000774308393910336,119.421940004379,76.5346797767739,-0.299891902377819,-0.0592614449763957
"8475800",2017,-8.05435382832591e-05,0,114.97005988024,0,-0.00926009541939267,0
"8474618",2017,-0.00116093540861474,-0.000677286594245463,53.7090758392043,98.8691437802908,-0.0623527679057068,-0.0669627456669181
"8475799",2017,0.00255806026711024,0,121.398664705217,0,0.310545100662653,0
"8470834",2017,0.00092829540455205,-0.00044993156051892,115.67881905614,99.9908634079488,0.107384116133822,-0.0449890452107725
"8471218",2017,0.000376325691487458,-0.000916829188643581,131.290322580645,107.403936269916,0.0494079214307728,-0.0984710637474736
"8473618",2017,0.000631393000376284,1.89021813675904e-05,121.679316888046,10.0418410041841,0.0768274689736797,0.000189812699925594
"8476460",2017,0.00069286861051562,-0.00066270096915183,124.320124320124,84.3813387423935,0.0861375117968137,-0.055919594962913
"8476945",2017,0.000757548320092034,-0.00111713074948697,111.567214897377,115.746475161418,0.0845175562228547,-0.12930394654755
"8477940",2017,0.00114549941120081,7.98042893198451e-05,99.3283717553095,5.30973451327434,0.113780591361242,0.000423739589308912
"8478398",2017,0.00127398542514617,0,102.05066344994,0,0.13001105786172,0
"8470320",2017,0.000220511522628627,-0.000629278095246787,107.330087374108,92.9981492905614,0.0236675209907281,-0.0585216982470408
"8470740",2017,-0.00280098707458275,0.000128376862512623,99.3073799856699,5.52147239263804,-0.278158687750539,0.000708829302216936
"8471254",2017,0.000181833496618884,0,117.03511053316,0,0.021280903375422,0
"8475784",2017,0.00108495208099699,-0.000162109767036616,99.9177631578947,9.50704225352113,0.108405985066722,-0.00154118440492558
"8476437",2017,0.00152989393266653,-0.000755280570447091,105.882352941176,50.4310344827586,0.161988769341162,-0.0380895804923748
"8478396",2017,0.000469025370354653,-0.000168999017096872,103.760984182777,11.5848753016895,0.0486665340346902,-0.00195783253917535
"8473533",2017,0.000545026131698765,-3.40014574893518e-05,134.632034632035,109.79381443299,0.073377977038232,-0.00373314971403708
"8476882",2017,0.00153548721328285,0.000105713942730496,140.361308026526,8.86699507389162,0.215522993714387,0.000937365009432971
"8477488",2017,0.000489915961148974,-0.000933583386489107,81.3205907906169,99.9652898299202,0.0398402553983874,-0.0933259338107819
"8477496",2017,0.00336750796610922,2.78495386690043e-05,140.800851403485,73.0310262529833,0.474147988736198,0.00203388038966953
"8478427",2017,0.00179900600089916,0.000698472706620987,140.346020761246,45.7219251336898,0.2524833335518,0.0319355168000505
"8475753",2017,0.000862763363031757,0.000308254277976505,125.012057490113,50.9605662285137,0.107855823139689,0.0157088125480444
"8470828",2017,-0.00271604482734767,-2.31155603805188e-05,81.3048933500627,136.197217476202,-0.220827735021492,-0.0031482750042298
"8471226",2017,-0.000991723827701826,-0.000516624226876273,115.068493150685,53.5980148883375,-0.114116166475279,-0.0276900330037903
"8479339",2017,-0.00137529780311044,0,112.959458113358,6.32688927943761,-0.155352894583846,0
"8470612",2017,0.000554965300756831,0.00164459485923101,154.297018096564,109.592920353982,0.0856294910538417,0.180235953422273
"8470621",2017,0.00554182285823568,-6.8245777674235e-05,133.746898263027,7.97047970479705,0.741201618012167,-0.000543951585890581
"8475164",2017,-0.00456641006531324,-0.000389088995322583,117.078315900501,122.435811264955,-0.534627600157971,-0.0476384267965867
"8475222",2017,0.00353428152672194,-0.00086461061343087,145.425361155698,123.271006983555,0.51397416744945,-0.106581420966292
"8475764",2017,6.21358826269468e-05,-0.00165336582810972,147.617672538262,129.672194369456,0.00917235437450049,-0.21439557502646
"8476434",2017,-0.000612664996504193,-0.00355064631981861,122.260495156082,108.323353293413,-0.0749047258374018,-0.384617915721669
"8468535",2017,0.00124559252045288,0.000385645895641739,102.846796096972,125.541125541126,0.128105199970931,0.0484144197991794
"8469598",2017,0.000462793660072853,-0.00238494236286034,79.1788856304985,91.9281540792036,0.0366434862814282,-0.219243349003045
"8470616",2017,-3.12486223786867e-05,-0.000881819675313129,151.003669328729,158.402602096133,-0.00471865664064952,-0.139682531149167
"8475155",2017,0.000157665079813474,-0.000129968075551573,92.7038626609442,29.2682926829268,0.0146161619054551,-0.00380394367468018
"8477466",2017,0.000269949784055734,0,68.2926829268293,0,0.0184355950086843,0
"8471664",2017,0.000184443823704146,0,257.142857142857,0,0.0474284118096375,0
"8471699",2017,-0.000263682354661408,-0.00299121102329277,26.1501210653753,90.5828644229748,-0.00689532549719904,-0.270952462583436
"8469455",2017,0.000247270004190427,0.00011326918856056,138.945844892052,51.7719568567026,0.0343571396487001,0.00586416754335103
"8470622",2017,0.000323960909751185,-0.000747291967464917,166.358595194085,49.8557414887478,0.0538936818440049,-0.0372567951465487
"8473994",2017,0.00205094879221,-0.003255841392254,157.209953032877,100.610873549175,0.32242956329617,-0.327573046612238
"8474550",2017,0.0018382288904401,0.000195553183761974,111.887072808321,112.748864827104,0.205674049703031,0.0220483994824887
"8475794",2017,0.00061253473852383,1.52015796051713e-05,152.885662431942,2.36686390532544,0.0936477792617921,3.59800700714112e-05
"8475906",2017,0.00288354823993323,0.000203342587522399,141.926192619262,19.203413940256,0.409251022927697,0.00390487187987537
"8469465",2017,0.000141530939040909,0.0030001196368779,81.5595363540569,113.629842180775,0.0115431977679308,0.340903120861879
"8469544",2017,0.000327139937560647,-0.000208401577099863,122.774566473988,51.778955336866,0.0401644640103361,-0.0107908159527862
"8470201",2017,2.88655299827405e-05,0,116.195965417867,0,0.00335405812364294,0
"8476439",2017,0.000465156669725398,2.18189789006863e-05,88.2424242424242,8.07174887892377,0.0410465521891018,0.000176117318480876
"8476913",2017,7.31580245770698e-05,-0.00111112192693925,89.172831203766,50.6329113924051,0.006523708176812,-0.0562593380728734
"8478491",2017,-1.12742099040628e-05,0.000127803874213889,86.4,111.340206185567,-0.000974091735711027,0.0142297097062887
"8467370",2017,-0.0013902395683358,-0.000182683941939411,116.795865633075,154.50852965069,-0.162374233821132,-0.0282262272598506
"8471469",2017,-0.000592804901465177,0.00107225948341579,104.520747713111,105.547467242331,-0.0619604115491377,0.113174272701107
"8471707",2017,0.00142207100413417,0.000127597939508771,124.835086468176,6.68730650154799,0.177524356764975,0.000853286530461134
"8474600",2017,0.00355709052948138,0.000333766464625604,116.404397499461,115.039390988758,0.414060979935319,0.0383962908230004
"8475793",2017,0.00112116087537181,0.0010286336987108,124.675324675325,62.992125984252,0.139781096150251,0.0647958235408379
"8476887",2017,0.00292307993290728,0.00098382865255636,128.215384615385,97.1878515185602,0.374783817859219,0.0956161930043526
"8474056",2017,-0.0023310011179274,-0.000108537222095413,104.576745593464,95.0242718446602,-0.243768510887574,-0.0103136704976588
"8467371",2017,-0.00182170463454607,3.46264314982268e-06,106.134094151213,5.20231213872832,-0.193344971198613,1.8013750490407e-05
"8475225",2017,-0.00125611555688221,-0.000105867772602887,85.3017400962606,4.76190476190476,-0.107148842764036,-0.000504132250489939
"8476279",2017,0.000616565057530485,0.000446388951461698,30.379746835443,33.6734693877551,0.0187310903553565,0.0150314646920776
"8473512",2017,0.00105803239053764,-0.00014269388872437,182.281961203605,30.8162641394069,0.19286021916414,-0.00439729256600932
"8473607",2017,-0.000588868038288194,-0.000855978796424898,124.88928255093,90.9556938850238,-0.0735433068189862,-0.0778561453796941
"8474161",2017,-0.000232108466775852,0,177.10928319624,0,-0.0411085641744493,0
"8474190",2017,0.000815810321661138,-0.000611067029169564,181.289044644218,74.2119962761005,0.147897473824839,-0.0453485040931795
"8476393",2017,-0.00353813181582232,-0.000120497642386607,64.4776119402985,13.8461538461538,-0.228130290214215,-0.00166842889458379
"8476906",2017,0.00107627169182009,-6.52474392640388e-06,174.779319041614,6.83977200759975,0.188110033400082,-4.46277608645737e-05
"8468309",2017,-0.00236408297508191,-0.000428516671953904,97.1649754158385,64.0849469081824,-0.229706064154836,-0.0274614681714369
"8474668",2017,-0.00195925291391204,6.1902853435459e-05,57.8982154659617,10.5263157894737,-0.113437247361992,0.000651608983531147
"8476461",2017,-0.000255352449219353,-0.0012749525511491,64.1288433382138,82.4082784571966,-0.016375457212017,-0.105066644854808
"8478439",2017,-0.000342109174567526,0,64.5314353499407,0,-0.0220767960812259,0
"8478500",2017,-0.00160366697634305,0.000499747633887232,67.3679548222788,129.531100478469,-0.108035764412259,0.0647328609789241
"8470606",2017,-0.00161201676655137,-0.0011802368984464,82.5885161119215,121.13640942978,-0.133134072697015,-0.142969660154338
"8471682",2017,-0.000949101722025432,0,78.2608695652174,0,-0.0742775260715555,0
"8473553",2017,-0.000509805497204472,0.000723605571175901,116.612679315132,89.2561983471074,-0.0594497849585965,0.0645862823859482
"8473962",2017,-0.000381318735385474,0,116.129032258065,64.2857142857143,-0.0442821757221841,0
"8474166",2017,-0.00198119441285058,-0.000748828570244442,97.7711181869264,93.5532233883058,-0.193703593090093,-0.0700553265116239
"8475188",2017,-0.000246229110377533,0.000529751680298165,18.4300341296928,62.874251497006,-0.00453801090798183,0.0333077403780284
"8475180",2017,-0.000982969110077669,-0.00104187316104224,68.5510264802142,54.8780487804878,-0.0673835414941669,-0.0571759661547571
"8471418",2017,0.00090814093537464,0.00181538829817163,99.6727913415555,97.0971428571429,0.0905169419603216,0.176269016928756
"8478046",2017,4.26499485260058e-05,8.65638423880126e-05,95.5752212389381,40.4494382022472,0.00407627826620233,0.00350145879322298
"8476941",2017,0.00146173169409992,-0.000418483504533608,124.321657622102,57.7821011673152,0.181724907209265,-0.0241808561958135
"8476853",2017,-0.00310522599259631,-0.000966143630517372,91.5356306457009,125.762645148593,-0.284238819529726,-0.121504778567329
"8469521",2017,0.00167639308389839,0.000134629074929266,82.7879002299664,120.152284263959,0.138785063375986,0.016175990881095
"8471228",2017,-0.00406724703206226,0,113.061851709566,0,-0.459850480805195,0
"8476381",2017,-0.00116177090146553,0.000372214413643522,91.1070267213346,45.2571428571429,-0.105845492563889,0.0168453608917525
"8467493",2017,-5.2201992512761e-05,0,55.9585492227979,0,-0.00292114776755347,0
"8473507",2017,-0.000511226783745399,0.000509454201702031,71.0814094775213,72.5992317541613,-0.0363387203512829,0.036985983657497
"8476470",2017,-0.000491353180781682,-0.000234566095211485,84.3006420747828,63.3511859219587,-0.0414213886253826,-0.0148600403087306
"8474038",2017,4.64244202058461e-05,0.000442056959898764,72.6690163409164,122.509416807378,0.0033736169505562,0.0541561403528399
"8476419",2017,-0.00021116434799846,0.000617829409111019,42.1566235667236,129.208804283165,-0.00890197592928369,0.079828999202209
"8476883",2017,-0.00142278974277657,0.00316347328405023,104.064563462949,113.158705701079,-0.148061993481606,0.357974542343065
"8469500",2017,-0.00131009202510748,-0.00046057802002955,92.5829295564666,15.0313152400835,-0.121292157673015,-0.00692309341171766
"8469707",2017,0.00248583689862472,-0.00195378269087028,87.042777433354,20.2816901408451,0.216374147902611,-0.0396260151387776
"8471239",2017,0.000157756901487671,-0.000544495619054474,95.0426026336173,113.789016199131,0.0149936265008034,-0.0619576208169452
"8475758",2017,-6.03050174275878e-05,-0.0019541257294316,77.771461057419,110.47619047619,-0.00469000931443662,-0.21588436629911
"8478401",2017,-0.000275207615093787,-0.0023211296481903,92.0162381596752,73.1422209852491,-0.0253235694538262,-0.169772577663348
"8479483",2017,-0.000454663726093556,0,90.2861179795125,0,-0.0410498228150876,0
"8475761",2017,-0.000459908635626293,-0.000236981986413198,69.9626865671642,15.6862745098039,-0.0321764437238545,-0.00371736449275605
"8471233",2017,0.00337955803858766,-0.000494881769501466,136.5096710742,127.074396372104,0.461342356223768,-0.0628868021349577
"8474641",2017,0.00253319186479971,-0.000413921015401356,97.3903068540292,125.381679389313,0.246708333032974,-0.0518981120455518
"8475151",2017,-0.000582870646565775,0.000239645226394206,136.812472932005,97.7777777777778,-0.0797439745561405,0.0234319776918779
"8475791",2017,-0.000442097285846366,-0.000286318110121878,129.890764647468,26.832298136646,-0.0574243545071546,-0.00768257289271127
"8476923",2017,0.001804941307581,-0.00228634669130983,109.39226519337,43.5191403626595,0.197446618177369,-0.0994998425768147
"8474098",2017,0.000331074787725586,0.0010399335134277,67.7647058823529,105.268245529241,0.0224351856152868,0.109471976425593
"8473541",2017,0.000392716557582015,0.000463592394386609,118.499519076627,113.536055603823,0.0465367232068973,0.0526344518665873
"8464989",2017,-0.00047992686208562,-0.000797109496255252,39.2178770949721,134.047770411407,-0.0188217126918495,-0.106850750746776
"8470110",2017,-0.000622802083674386,0.000766026184579343,75.9404664244697,123.104508196721,-0.0472958807243644,0.0943012767184509
"8470543",2017,0.00213335839468235,-0.00174003401230735,88.4210526315789,69.5078879208853,0.188633794898229,-0.120946089105987
"8474602",2017,0.00326497410133361,0.000412183934803688,130.714285714286,13.599568267674,0.426778757531464,0.00560552356020126
"8477839",2017,0.00120808104131844,-7.69271972384915e-06,91.9775166070516,3.92584514721919,0.111116294040531,-3.02004263967906e-05
"8468508",2017,-0.00103227678530352,0.00041562340898221,108.379013312451,45.8362009635237,-0.111877139456545,0.0190505980992534
"8475200",2017,0.00037456924668007,-0.000310598525852872,78.1468531468531,39.8369248689575,0.0292714079136349,-0.0123732901388098
"8475744",2017,0.000974349200306317,0,96.6526116513209,2.14285714285714,0.0941733948699815,0
"8477444",2017,-0.000889127359426968,0,92.8938124831127,0,-0.0825944302002139,0
"8471306",2017,0.000737987019261244,-8.19704750704701e-05,113.549948150709,114.269662921348,0.0837983877730102,-0.00936673855580541
"8478445",2017,0.000175558880929018,0,100,0,0.0175558880929018,0
"8471702",2017,0.000666413668235733,-0.00060933725883403,103.296,92.89935902772,0.0688378662740783,-0.0566070407773893
"8477495",2017,-0.00109323737440744,0.000726920718687542,77.4439918533605,105.847373637265,-0.084664666317399,0.0769426489155892
"8474636",2017,-0.00119437952450463,0.000610468999137837,94.7368421052632,114.61180357411,-0.113151744426755,0.0699669530172694
"8475287",2017,-0.000965092012744216,-0.000843037434701918,33.0564057717534,82.2934232715008,-0.031902473180351,-0.0693764364476452
"8473485",2017,-9.80044575458974e-05,0,40.5760801502818,13.2352941176471,-0.00397663672446722,0
"8475622",2017,-0.001124167028948,7.53989059054243e-05,117.254528122021,94.878840869348,-0.131813674509632,0.0071537607951237
"8474152",2017,-0.000303630444452227,0.00190131973271403,96.8363136176066,119.523637675929,-0.0294024529428291,0.227252650839007
"8475218",2017,-0.00153912925842331,0.000768964873294703,81.6045126919461,106.623270951993,-0.125599893103551,0.0819895500378664
"8476992",2017,3.15689731621584e-05,-0.000104891104578313,135.72710951526,122.783083219645,0.00428476547766459,-0.0128788532224395
"8474569",2017,0.000996610215635954,3.46380156560042e-06,104.198473282443,7.80065005417118,0.103845262926952,2.70199038703391e-05
"8475176",2017,-0.00217036864851457,-3.00525534584579e-05,99.1405016663743,120.406567630962,-0.215171436614705,-0.0036185248104789
"8471769",2017,-0.000263061479501495,0.000806641991776264,15.748031496063,138.948675496689,-0.00414270046459047,0.112081836357323
"8473446",2017,-0.000641579328967181,-0.00119463028584718,83.879522636863,126.25,-0.0538153678474461,-0.150822073588207
"8473575",2017,-0.0016891682165959,0.00201922857496982,100.476112296831,99.2016482101468,-0.169721055418928,0.200310802750032
"8474577",2017,0.000913352343416222,-0.000662621727950683,89.2035398230089,90.1803607214429,0.0814742621383674,-0.0597554664484584
"8476455",2017,-0.00340365922205345,0.000374271653019813,106.966746744215,103.056508125839,-0.364078354009005,0.0385711296507074
"8476888",2017,-0.000101829163134981,-0.00085229563129125,80.8823529411765,89.6592946802152,-0.00823618231238816,-0.0764162251606022
"8477492",2017,-0.000270899354690851,0.000909791840425972,126.888591157374,117.080909571655,-0.0343740374621639,0.106519256197943
"8467400",2017,-0.00154214045688356,-0.000180192911697247,67.2706681766704,119.278969957082,-0.103740818956833,-0.0214932249008149
"8470140",2017,-0.000234981001558011,-0.00121800399244468,112.303280408477,106.860517946388,-0.0263891373086342,-0.130156537493407
"8468085",2017,-0.00162909141782094,0.0010962755730692,132.743362831858,49.4084240416469,-0.216251073162072,0.0541652483807025
"8469608",2017,-0.000221117471511435,0.00141571339409851,98.8954238990102,122.833996979267,-0.0218675060766007,0.173897734774204
"8471274",2017,-0.0025418836100243,-0.00037249795692833,82.0345879959308,131.384317521781,-0.208522374681953,-0.0489403898492865
"8471691",2017,0.0011265305361194,0.000531831558519512,121.120689655172,113.892709766162,0.136446155452393,0.0605717373389486
"8475171",2017,-0.000334268772477838,-0.000384022238568413,121.323359296676,113.032886723508,-0.0405546103849876,-0.0434071421914113
"8477503",2017,0.000325450119334538,-0.000159756945169506,131.620553359684,25.8373205741627,0.042835924797787,-0.00412769140629346
"8462038",2017,0.000994942024140276,0,72.3697725605282,0,0.0720037279979434,0
"8473571",2017,-0.00043052130329597,0,91.8367346938776,0,-0.0395376707108544,0
"8476473",2017,-0.00115127990669606,-0.000874350176968566,32.6989619377163,130.795012736292,-0.0376456578487119,-0.114360642532583
"8477407",2017,0.000153525442030949,0,73.8633714152483,0,0.0113399067464222,0
"8477989",2017,-0.00220297207458813,0.000920940820479736,92.2419928825623,97.0735785953177,-0.203206534424642,0.0893990211184761
"8473461",2017,0.000166605092628492,0.00153115980197569,122.615803814714,106.190476190476,0.0204284173522674,0.162594588495513
"8467875",2017,-0.00027900061768752,0.000152653945866496,125.847085245581,19.7802197802198,-0.0351114145176912,0.00301952859955707
"8467876",2017,8.87039991062309e-05,-0.000128724574106685,124.091037869487,14.8804251550044,0.0110073713122663,-0.00191547639060434
"8468011",2017,0.00105899489436958,-0.000484796500558667,95.0284746806218,117.670482827277,0.100634669506507,-0.0570462382937127
"8470626",2017,-0.000477476584838403,-0.000364281243402017,93.64565808205,106.650093225606,-0.044713609005962,-0.0388506285691648
"8474091",2017,-0.000441292698329064,-0.00120244701608734,133.067729083665,118.490345231129,-0.0587218172278516,-0.14247836205833
"8474707",2017,-0.000873522864005825,0,122.907488986784,10.0558659217877,-0.1073625017875,0
"8475690",2017,-0.000881187486151111,0.00102251608086547,32.6959847036329,151.554775952799,-0.0288112925682295,0.154967195543701
"8471303",2017,-0.00221008385183498,-0.000287939960425333,97.444352844188,134.362348178138,-0.21536019067345,-0.0386882892170678
"8476440",2017,-0.000723771603822576,-0.0008836296767638,82.5734265734266,90.2444119490286,-0.0597643013841747,-0.0797426405602594
"8476466",2017,-7.05964002126126e-05,0.000134302286970154,113.953488372093,116.739702015776,-0.00804470607073957,0.015678408960933
"8477018",2017,-0.000801896807073185,-0.000641800078028384,87.7835739415261,44.9197860962567,-0.0703933676571826,-0.0288295222215959
"8477500",2017,-0.00161001923274864,-0.00129716399007381,89.346757199719,159.160136034304,-0.14384999747527,-0.206456797118949
"8473434",2017,0.000685612730517208,0.000765273505591996,96.2286158631415,94.440353460972,0.0659755640758199,0.0722727003624253
"8471346",2017,0.00274045952346808,0,144.549028952699,0,0.396130763001487,0
"8476409",2017,0.001079750822183,-0.000232814951966612,75.5544955878846,127.087576374745,0.0815800287306399,-0.0295878879892395
"8477941",2017,-0.00158888019740412,-0.000480495169630672,89.2727779325718,19.795758051846,-0.141843749024319,-0.0095117661230895
"8476312",2017,-0.000307849432665332,-0.000970463204037786,16.374269005848,120.981193785773,-0.00504080942375982,-0.117407796949657
"8473449",2017,0.00222628091830777,-0.000179012235584497,175.230787675339,56.575682382134,0.390112958901647,-0.0101277393829442
"8474567",2017,0.000714726605162949,-0.00145904734256223,25.160163075131,105.660377358491,0.0179826379400346,-0.154163492799028
"8475179",2017,-0.00113805620687143,0.000182366182452573,74.1312741312741,109.792531120332,-0.084365556648384,0.0200224447622202
"8475235",2017,4.90032603357891e-05,-2.34131092123161e-05,17.1021377672209,42.1052631578947,0.000838060509305656,-0.000985815124729099
"8476878",2017,7.8706375243314e-05,-0.00102374803819701,7.04156479217604,144.442008331506,0.000554216040833115,-0.147872222662616
"8477392",2017,-0.000477374474106899,0.000283255458358873,63.1578947368421,72,-0.0301499667856989,0.0203943930018389
"8475165",2017,-0.000203377312227004,-0.000566997446137486,18.815331010453,148.584905660377,-0.00382661144956733,-0.0842472620440132
"8473914",2017,0.00121439782764008,-0.00141021431663072,156.362153344209,140.881921732266,0.189885859346333,-0.19867370298129
"8475663",2017,0.00129598814257069,-0.00111960423227037,121.651153379199,82.5851011346818,0.157658452309489,-0.0924626287528661
"8469508",2017,-0.000233994686462619,-0.001225447810571,20.3581526861451,122.906155398587,-0.00476369955475266,-0.150615079038898
"8474593",2017,-0.00320192283609244,-0.00177971076298731,100.977475563111,104.14603960396,-0.323322084936491,-0.185349827605671
"8475763",2017,-0.00145102024820805,-0.00125928257470382,83.6905194333454,107.156798959011,-0.121436638280834,-0.134940689690123
"8477293",2017,0.00247977817842662,-0.000824906763154374,106.520031421838,97.2972972972973,0.264146049485192,-0.0802611985771824
"8468542",2017,-0.00116886839028691,-0.000873745186419116,46.8061051441492,106.651532349603,-0.0547101767754416,-0.093186263014688
"8468208",2017,-0.001247311789891,-0.00250576760584216,86.0455130957492,136.093055080397,-0.107325582951549,-0.341017568800552
"8475717",2017,0.00125632191242587,0.000407133246673825,95.5801967827581,103.394968172173,0.120079495612155,0.0420955290816738
"8462042",2017,0.00125913937723707,0,112.141882673943,0,0.141202260312261,0
"8471262",2017,0.000672015206946377,-7.46444299296779e-06,79.4117647058823,68.7179487179487,0.0533659134928005,-0.000512941210798812
"8475168",2017,-0.0020640176941308,0.000492176496450113,102.221740544055,105.143447919359,-0.210987481207778,0.051749133821635
"8475197",2017,0.000355049870681127,0.000871065616727292,112.635781264507,32.5991189427313,0.0399913195720308,0.0283959716466166
"8471260",2017,-0.00111778232104338,-0.000420916632964341,48,113.389830508475,-0.0536535514100821,-0.0477276656700244
"8476293",2017,-0.000206670754337898,0.00025975029310922,61.1248673505483,15.7434402332362,-0.0126327224441417,0.00408936321513058
"8477202",2017,-0.000100555265087794,-0.000354424965068469,136.443148688047,108.597285067873,-0.0137200769857398,-0.0384895889667116
"8476477",2017,-2.79712880503533e-05,0,86.7469879518072,0,-0.00242642498750053,0
"8475227",2017,-0.00099231713351104,-8.52033292598316e-05,76.1928064595057,27.8737343656939,-0.0756074273000582,-0.0023749349668613
"8471794",2017,0.000321425219268691,-0.00269498930743974,67.2172351885099,128.571428571429,0.021605314559102,-0.346498625242253
"8477215",2017,-0.00048075129607272,0.00135283735117098,46.9601677148847,138.313018039981,-0.0225761614927231,0.187115016957672
"8476392",2017,0.00107417384006289,-0.000527529638784528,120.99173553719,150.834087676193,0.129966157177857,-0.0795694517882159
"8477504",2017,-0.00202702452144233,-0.000483086573573615,62.8378378378378,81.6238393435543,-0.127373838171714,-0.0394313808704009
"8474574",2017,-8.91426304221964e-05,-1.12033309954352e-05,48.3412322274881,138.461538461538,-0.00430926459860854,-0.00155123044552179
"8476469",2017,-0.000272094867891418,-0.000568523461951231,74.2163230725784,125.09943479171,-0.02019388062182,-0.0711219637559254
"8475185",2017,0.000942120197457785,-0.000158591649555214,107.164480322906,65.4135338345865,0.100961821362277,-0.0103740402340629
"8469759",2017,-0.000150018652986699,-0.00166050927154287,9.15254237288136,131.221374045802,-0.00137305207818335,-0.217894308227648
"8477180",2017,-0.00147197067182681,0.00034577295442533,106.062819576333,106.828003457217,-0.156121359787621,0.0369382343707613
"8475831",2017,0.00178456178156513,0.000574265399771675,116.878402903811,99.4231005278017,0.208576730912513,0.0570952465711374
"8471504",2017,0.00014105330172806,2.18536201252111e-05,94.5578231292517,37.3584905660377,0.0133376931565988,0.00081641826128147
"8474013",2017,0.000132445355305894,-0.00228162356714579,27.7992277992278,115.132399325167,0.00368187860309822,-0.262688795642341
"8478440",2017,4.58712135077947e-05,0,53.8653366583541,0,0.0024708683585246,0
"8476356",2017,-0.00171678897663792,-0.000627421409523728,96.0407816482583,149.523576838505,-0.164881755241419,-0.0938142933370441
"8476288",2017,0.0019441500894226,-7.20477094924045e-05,75.6673114119923,41.6452442159383,0.147108610247993,-0.00300044445701016
"8473503",2017,-5.87143034614911e-05,0.000864913138830081,117.343623070674,85.5493264161995,-0.0068897490942424,0.0739927364354343
"8474218",2017,-0.000343601181446789,8.9926144572751e-05,89.6625602570969,70.5078569801867,-0.0308081616358825,0.00634049974031512
"8476889",2017,0.00095656999112018,0.000802527785131672,61.4953794455335,144.773519163763,0.058824634570146,0.116184771680212
"8471490",2017,0.000360097057120695,-2.14037016854418e-05,18.8646288209607,76.1194029850746,0.00679309732210219,-0.00162923699396646
"8475730",2017,0.000996595716232621,-0.00142375371032396,39.7191574724173,108.534809204777,0.0395839421893799,-0.154526837304605
"8475311",2017,0.000813027150241978,0.000956495197227774,107.490347490348,119.866814650388,0.0873925708985971,0.114652032520088
"8475343",2017,-0.000847784246879557,1.49933442689655e-05,94.22143802382,24.6913580246914,-0.0798794508749331,0.00037020603133248
"8476871",2017,-0.00113426208848215,0.00142065175452619,151.779748876857,73.7357259380098,-0.17215801495036,0.104752788425096
"8469514",2017,-0.00227099806299841,0.000833420330789261,116.355846774194,97.971878442299,-0.264243902642734,0.081651755339426
"8470104",2017,-0.000298366427621089,-0.000205468483160589,91.6666666666667,69.12,-0.0273502558652665,-0.0142019815560599
"8477290",2017,-0.00031627966688184,-5.56664181128921e-05,24.1206030150754,18.204804045512,-0.00762885628659716,-0.00101339623366074
"8475323",2017,-0.00036574691870522,0.00146459979390663,12.5962211336599,162.559314250727,-0.00460702906696568,0.238084338149218
"8473584",2017,2.43407104276326e-05,0.000446155242655403,21.8512898330804,133.583489681051,0.000531875918297284,0.0595989742534047
"8476177",2017,-0.00116817651752132,0.000666337563570952,70.2819956616052,104.476690336524,-0.0821017769364224,0.069616743288796
"8470162",2017,0.000870650895807464,-0.00111719247568958,14.2533936651584,118.608328940432,0.0124097299628666,-0.132508332646366
"8475163",2017,-0.000962095206891131,0.000173046093160779,103.409090909091,65.6837449318098,-0.0994893907126056,0.0113663154446188
"8475907",2017,0.000446790015334156,-7.3878251146303e-05,83.6338418862691,17.985012489592,0.0373667654988206,-0.00132870126957547
"8471729",2017,-0.000383537778706091,-0.000209747834493947,46.8814256339959,137.780010045203,-0.0179807978502376,-0.0288990587435357
"8470657",2017,-0.000524772343824329,0.000775701052700376,107.259528130672,115.883596163225,-0.056286833974624,0.0898910275345193
"8476468",2017,-0.000552023711642511,-0.00169834528196574,86.5660655134339,117.255260750229,-0.0477865207870146,-0.199139918880813
"8470638",2017,0.00038129488564258,-6.77543719958111e-05,163.830369357045,120.014653803883,0.0624676819487762,-0.00813151749877679
"8475170",2017,0.000480180604849112,0,180.582984437949,0,0.0867124466928723,0
"8476884",2017,-0.000684736217740992,9.5968481191643e-05,84.6473029045643,98.5074626865672,-0.0579610740328475,0.00945361158007229
"8471679",2017,-0.00172607252069399,-0.00010242578237672,89.1233766233766,99.9506172839506,-0.153833411341071,-0.0102375201743447
"8475839",2017,-0.00111427983821339,-0.00141190302645715,86.5486725663717,123.199363310784,-0.0964394408648401,-0.17394555391609
"8476300",2017,-0.00115868639796407,3.61084331433665e-05,93.371757925072,11.4893617021277,-0.108188585861775,0.000414862848881232
"8476875",2017,-0.000803670176622957,0.000340224237605118,58.008658008658,117.530163236338,-0.0466198284274789,0.0399866101826881
"8473523",2017,0.00092509278102876,-0.000520245994909625,118.918918918919,114.239218877136,0.110011033419636,-0.059432496082434
"8476463",2017,0.00275724456155465,0.00365172683785843,99.1766941101963,107.374469831714,0.273454400468307,0.392102233185292
"8474100",2017,-0.000944374972436663,0.000886851652797894,51.85508511567,91.1319853526508,-0.0489706445768117,0.0808205518327518
"8475768",2017,-0.000459738033006217,0.000790980779511569,128.781550753586,67.3765730880929,-0.0592057768309441,0.053293574302038
"8476855",2017,-0.000188078926855697,0,44.3896424167694,9.97229916897507,-0.00834875630925411,0
"8477506",2017,1.46586034593847e-05,0,126.315789473684,NA,0.00185161306855386,NA
"8475177",2017,-0.00098535316798807,-0.000436849472460547,53.2908221361877,120.147783251232,-0.0525102804165813,-0.0524864957306046
"8474628",2017,0.000404633365820016,0.00155177149939649,71.874394262454,110.618836644276,0.0290827780666916,0.171655158000984
"8477951",2017,-0.00105847646798685,0,66.6827038729853,7.40740740740741,-0.0705820728712905,0
"8476450",2017,-0.00143610598910857,0,91.7620982637606,0,-0.131780098889756,0
"8470778",2017,-0.000181867696602149,-0.000517473361481084,14.7945205479452,123.412899949213,-0.00269064537438796,-0.0638628881868478
"8476289",2017,1.27610031930674e-05,0.00131596379136335,14.6938775510204,144.578313253012,0.000187508618347112,0.190259825257351
"8476822",2017,-0.000145490222330331,0.000750063213769801,7.10994075049375,148.52187623177,-0.00103442686054482,0.111400795801522
"8478042",2017,0.00132642611185718,0.00156520186535414,110.067384089309,78.9886660854403,0.145996252319874,0.123633207498766
"8476960",2017,0.00152431951553356,-4.98497006012168e-05,104.031083050024,81.2952705581594,0.158576610115245,-0.00405254489761916
"8474027",2017,-0.000165952759744552,0.000378060921030706,16.0833953834698,155.330986715113,-0.00266908384994962,0.0587245759021239
"8476415",2017,-0.000776648375912183,0,112.181303116147,0,-0.0871254268728682,0
"8477424",2017,-0.000768768293471965,0.000944458931672798,101.031276415892,99.8717126363053,-0.0776696419575396,0.0943247310208176
"8474660",2017,0.000328612269065379,-0.00129925204569993,64,103.664921465969,0.0210311852201843,-0.134686861281982
"8477237",2017,-0.00236651563691605,0.00229917620947521,103.064394257409,112.5,-0.243903500619439,0.258657323565961
"8469466",2017,0.000245959044366801,-3.96565483736378e-05,95.774647887324,36.734693877551,0.023556640868933,-0.00145677116474588
"8474818",2017,-0.000223426935431023,-0.000950429345764571,75.9586122945831,128.033472803347,-0.0169711999645719,-0.121686769792451
"8473564",2017,-0.000245904822577765,-0.00101638606557987,82.0645161290323,128.931169557918,-0.0201800602786398,-0.131043844157584
"8466251",2017,0.000264053711939355,-0.000502798095794302,47.4377745241581,104.330037504262,0.0125261204492461,-0.0524569441912909
"8475722",2017,-0.000672967368155831,0.00058272320372105,45.7350272232305,70.7569721115538,-0.0307781809029527,0.0412317294744456
"8477447",2017,-0.00197667642829038,-0.000634208663765277,118.178609248147,72.849915682968,-0.233600871228951,-0.0462020476807082
"8476876",2017,-0.000142680585472863,3.23178969497216e-05,59.0163934426229,137.142857142857,-0.0084204935688903,0.00443216872453325
"8475876",2017,0.00105400746005469,0.000172395495011896,140.499040307102,118.990384615385,0.148087036614209,0.0205134062574251
"8471251",2017,-0.000390750097218118,-2.58880094736593e-05,102.857142857143,77.8378378378378,-0.0401914385710064,-0.0020150666833551
"8473465",2017,-0.0011630717490135,0,59.9452554744526,0,-0.0697206331297327,0
"8476921",2017,-0.000668791451548906,0.00109777085565673,48.8872123726896,149.959426562077,-0.0326953497249107,0.164621088010844
"8475195",2017,-0.000243202600672423,0.000430938775196353,121.529041866623,124.256013045251,-0.0295561790391904,0.0535467340725024
"8471675",2017,0.0031805908431789,0.000462204713004005,148.706199460916,18.9556823168056,0.472973576329325,0.00876140570503422
"8476902",2017,-0.00120046607824916,0.000314153654360779,81.3125932239506,108.921977367481,-0.0976130098998251,0.0342182372301961
"8475413",2017,-2.46385920748386e-05,4.99572125918277e-06,54.8223350253807,60,-0.00135074514928049,0.000299743275550966
"8475747",2017,6.3973162882656e-05,-0.00122812116745434,28.0519480519481,110.260336906585,0.00179457184190308,-0.135413053685624
"8474688",2017,0.000177419852324939,0.000376132879618054,12.7659574468085,81.447963800905,0.00226493428499923,0.0306352571634614
"8471958",2017,-0.000542317481754474,-0.00106261794158036,15.6748911465893,123.084491452466,-0.00850076749339379,-0.130791788947685
"8476869",2017,0.00119350769051342,0.0004597720806866,85.6414613423959,45.1127819548872,0.102213742738957,0.0207415976249594
"8471476",2017,-0.000253157347926041,0.000881855080944203,16.7330677290837,107.070083359061,-0.00423609904896164,0.0944202970273077
"8474291",2017,0.000204571694213011,-0.000262160674261892,24.6857142857143,117.439216372223,0.0050499983942869,-0.0307879441489303
"8476880",2017,-7.40181026296254e-05,-0.000396486309167093,10.3806228373702,112.743423300307,-0.000768354006535903,-0.0447012237872021
"8475958",2017,-0.000468868614389741,-0.000721402282567436,73.866090712743,30.7692307692308,-0.0346334916028707,-0.0221969933097673
"8475770",2017,-0.000174518902321791,-1.88497784584772e-05,92.3076923076923,139.805825242718,-0.0161094371373961,-0.00263530883302982
"8475780",2017,-0.000321905114308779,-0.000468204678619597,13.3663366336634,85.5,-0.00430269212194903,-0.0400315000219756
"8476116",2017,-0.00011542829812343,0.00069179593317347,21.6867469879518,81.4028610982926,-0.0025032642966527,0.0563141682564837
"8471766",2017,0.000140309176998191,0,33.6448598130841,0,0.00472068259059335,0
"8476495",2017,0.000704757992143218,0,134.736842105263,0,0.094956866309823,0
"8471273",2017,0.000339259149744348,-0.000375483180123207,63.3165829145729,128.881943457878,0.0214807300843155,-0.0483930019900233
"8476234",2017,0.00421594769221306,-0.00384524556128543,101.692205196536,106.389776357827,0.428729017814391,-0.409094815306086
"8474605",2017,-0.000654419838027327,0.000657327772896263,82.4727272727273,72.8426899424717,-0.0539717888234901,0.047881523151658
"8478420",2017,0.000474658649836617,-1.46800758116598e-05,123.742317323014,13.7667304015296,0.058735361268196,-0.000202096645973137
"8476904",2017,-0.000168195661060642,0.000311334734728765,200,80,-0.0336391322121284,0.0249067787783012
"8479442",2017,-0.00147998270826785,0.000275316103355141,118.03967327888,14.9480968858131,-0.174696675342329,0.00411545178717719
"8471677",2017,-9.38276753276815e-06,-0.000541723026401142,37.8947368421053,120.442396313364,-0.000355557506504898,-0.0652464194378813
"8475233",2017,0.000890776481298841,-0.000155084783266838,29.7074268567142,119.536961819659,0.0264626771638665,-0.0185383638161781
"8477955",2017,-0.000505999052845687,0,75.6126021003501,0,-0.0382599050459749,0
"8474625",2017,-0.000794406286404524,0.000159617168479078,74.3362831858407,48.9795918367347,-0.0590532106707788,0.00781798376224054
"8475430",2017,-0.000343002621037242,-0.000607305931376,23.4952864394489,71.6041397153946,-0.00805894483075174,-0.0434856187602349
"8475462",2017,-0.000371527952401775,-0.000463666828154438,12.6426690079017,91.652754590985,-0.00469710492939909,-0.0424963420128191
"8475246",2017,-4.14102252279489e-05,-0.000570207687384192,15.1578947368421,104.470588235294,-0.000627691835034172,-0.0595699325173132
"8477491",2017,-0.000231971655424788,0,58.8410104011887,0,-0.0136494465896309,0
"8468001",2017,-0.00106872385131989,0.000251563455087847,39.5170142700329,119.6,-0.0422327756833326,0.0300869892285065
"8475597",2017,-0.000172550245388475,0,32.4324324324324,0,-0.00559622417476134,0
"8475735",2017,6.97550752875318e-05,0.00122565047827556,45.6852791878173,93.6908517350158,0.0031867800892781,0.114832237239066
"8465058",2017,-2.20266643099197e-06,5.35468055936669e-05,43.0622009569378,72.6840855106888,-9.48516644924771e-05,0.00389200059659432
"8474520",2017,-4.80599098044083e-05,0.000733625877588912,10.6644096487516,124.137931034483,-0.000512530565836263,0.0910707985972442
"8470601",2017,-0.000472821345416107,0.00272082578323101,10,97.329507834915,-0.00472821345416106,0.264816634386422
"8471339",2017,-0.000269662835375732,-0.0005986231327646,24.3243243243243,140.183883180097,-0.00655936626589617,-0.0839173153123766
"8476886",2017,-0.000153436352498905,0.000379734780240724,11.1111111111111,48.1069042316258,-0.00170484836109895,0.018267864706458
"8476436",2017,0.000852310350223565,-0.00012319378073524,81.0623556581986,18.4143222506394,0.0690902847409865,-0.00226852997773332
"8471232",2017,-0.00054803074624112,5.84212048677791e-05,49.0309062336302,97.8731274274089,-0.0268704441320947,0.0057178660284869
"8476966",2017,-0.000204601536863637,0.000346133842033863,10.5882352941176,100.934579439252,-0.00216636921385027,0.0349368737753805
"8474849",2017,0.000573878229012456,0.000366177132475088,87.6654314452091,139.341810022438,0.0503092825433895,0.051023784427905
"8475250",2017,-6.97895027478046e-05,0,73.469387755102,0,-0.00512739203861422,0
"8473537",2017,-0.00181214077539046,0.0013387677032911,43.4782608695652,118.492854049372,-0.0787887293648027,0.158634406072086
"8476858",2017,-0.00027100145974367,-0.000101711289860101,121.663778162912,295.081967213115,-0.0329710614800791,-0.030013167499702
"8476958",2017,-0.000790610740872491,-0.000557226244081415,94.0779768177028,107.249870845531,-0.0743790589516291,-0.0597624427094722
"8468493",2017,9.2419520814485e-05,-0.000976463724127665,18.1325067803177,107.834725671709,0.00167579758780236,-0.105296697819682
"8479345",2017,-0.000636742689783852,0.00145568105904594,53.880960668291,107.462686567164,-0.0343083078240655,0.156431397390011
"8476483",2017,-0.000753410630252346,0.000142364245429009,111.869238810225,3.45158197507191,-0.084283473717862,0.00049138186341748
"8475789",2017,-0.00027946753125041,0.000425469835527953,156.521739130435,135.849056603774,-0.0437427440218033,0.0577996757698351
"8476443",2017,1.48198012130764e-05,-0.00267558939526824,33.1415420023015,106.120157215048,0.00049115106436893,-0.283933967268781
"8476899",2017,0.0012673988139158,-3.82791766247064e-05,101.277068295391,110.649245142509,0.128358436234448,-0.00423556199820054
"8478131",2017,-0.000367640974286935,0,50.2179598953792,0,-0.0184621797026394,0
"8474176",2017,-0.000326663249740704,0.000364822780071275,25.5060728744939,98.0869565217391,-0.0083318966533054,0.0357843561669912
"8475208",2017,-0.000639664987135169,0.000513391986865607,48.4107579462103,104.911955514365,-0.0309666668588664,0.0538609572874761
"8475857",2017,-0.000243437115528861,-0.000336556469485858,82.1600771456123,53.0526315789474,-0.0200008121919566,-0.0178552063811445
"8468509",2017,-0.00102308012713798,0.000290944056815527,118.138775510204,81.618722574354,-0.120865433468905,0.0237464822578836
"8475786",2017,-0.000543323640779657,-0.00392840492932149,57.6,148.875760514946,-0.0312954417089082,-0.584844271463399
"8475790",2017,-0.000614354866661704,-0.00128065894245435,35.0791717417783,121.130551816958,-0.0215510598780232,-0.155126924388818
"8477205",2017,-0.00028913998498041,-0.000803227273832119,4.53115166771554,112.587959343237,-0.00131013712514723,-0.0904337196495897
"8472382",2017,0.00398618821518513,-0.00405505775101834,87.5876288659794,130.526779810447,0.349140773981576,-0.52929363018582
"8475186",2017,-0.00138684970169734,-0.00108126227392054,78.9064341267971,107.857247760317,-0.109431364630749,-0.116621972972132
"8476988",2017,0.00157731219115543,0.000220744993562258,91.2676056338028,74.9455337690632,0.143957507023764,0.0165438513693719
"8470147",2017,0.0013368507533102,0.000924696876055118,109.006211180124,132.827324478178,0.145725035531639,0.122825011999731
"8476967",2017,-3.89891080764513e-05,-4.94070718454618e-05,56.544502617801,29.2682926829268,-0.00220461972369463,-0.00144606063937937
"8477922",2017,-0.000547506607432044,0.00107772478358461,15.0208623087622,126.327392981811,-0.00822402136337424,0.13614616226213
"8476919",2017,-0.000241172532312454,-0.000478300972230044,36.9291859695566,144.040718224233,-0.00890630529651552,-0.0688948155673645
"8476442",2017,-0.00079823583063552,-0.000782755709566332,61.7899468737229,115.496368038741,-0.0493229495676709,-0.0904054415164988
"8475361",2017,-0.000603678945395349,-0.000113365112831985,94.2056074766355,117.903930131004,-0.0568699417718235,-0.0133661923426358
"8476423",2017,0.00347891952038826,7.36498497827141e-05,109.85657613671,70.3125,0.382182187165021,0.00517850506284708
"8479250",2017,0.00236123677695063,0.000114123352485363,51.6531503431067,96,0.121965318235504,0.0109558418385948
"8477464",2017,0.000914784168274428,0.000456054632044443,110.655737704918,37.8151260504202,0.101226116981187,0.0172457633966386
"8477213",2017,-0.00024465286357074,0.000949180260233503,70.1195219123506,66.9033201085822,-0.0171549418280678,0.0635033107911494
"8471768",2017,7.16627027986901e-05,0.00194377004765446,19.9488491048593,134.906832298137,0.00142958844457745,0.262227859845062
"8477448",2017,-0.000684901062885328,0,93.1034482758621,34.7826086956522,-0.0637666506824271,0
"8477950",2017,-0.00150978625458532,-2.8519686526874e-06,118.793706293706,34.6153846153846,-0.179353104893483,-9.87219918237945e-05
"8476854",2017,-0.00169250358939628,0.000254909088961929,90.5609065155807,97.94474393531,-0.153274659336601,0.0249670054451593
"8475728",2017,0.000300511338472961,-0.00181730070536621,40.3361344537815,120.605187319885,0.0121214657535312,-0.21917589198725
"8474685",2017,0.000659203206825682,-0.000851217378018654,21.7391304347826,127.601809954751,0.0143305044962105,-0.108616878100118
"8477947",2017,5.80848212245676e-05,0,34.5323741007194,0,0.00200580677610018,0
"8475223",2017,-0.000325648214358973,0,103.846153846154,NA,-0.0338173145680472,NA
"8473933",2017,-0.000248181917570527,-0.000687704155027666,8.04649083594099,132.829658262321,-0.00199699352537751,-0.0913475078979031
"8476885",2017,0.00102995169972975,0.00135342998729375,104.789304450838,135.411295992501,0.107927922232639,0.183269708614561
"8477511",2017,0.00101890263223814,0,91.2400068038782,0,0.0929646830978971,0
"8473579",2017,7.2590400823365e-05,-0.000235494142077366,34.6361996392063,120.576749774707,0.00251425561480807,-0.0283951182426719
"8477015",2017,0.000435928652939389,0.00151782851160723,99.2005443102568,97.2090680100756,0.0432443596520244,0.147546695012459
"8478585",2017,0.00084007043376729,0.000779266065273126,96.6027759418374,48.9028213166144,0.0811531358885837,0.0381083091481529
"8475792",2017,0.00228730480579032,-0.000113704503998827,84.6473029045643,22.0183486238532,0.193614182730799,-0.00250358540914848
"8473453",2017,-0.000717912608194738,-0.00103034320882375,14.8012791228872,90.2204635387224,-0.0106260248997302,-0.092958041904053
"8471717",2017,-4.12880900698167e-05,0.000283088236436514,24.1610738255034,100.445650067816,-0.000997564592290873,0.0284349819354173
"8478421",2017,0.000311608635242007,0.000115884417123546,83.2369942196532,18.9473684210526,0.025937366170433,0.00219570474549876
"8478463",2017,-0.000702759022632589,-0.0002472582356158,86.1085556577737,16.7832167832168,-0.0605135644143609,-0.00414978856977567
"8474052",2017,-6.10730639054881e-05,0.000331432568773793,33.4365325077399,46.6019417475728,-0.00204207148662313,0.0154454012632447
"8475769",2017,-2.58359253216888e-05,0,77.4193548387097,0,-0.00200020067006623,0
"8475788",2017,0.000959328135725922,0.000253496197642052,96.25,79.9753162604135,0.09233533306362,0.0202734385772353
"8470630",2017,-0.000164413185475755,0.00032827928870205,12.7508854781582,90.2176302484063,-0.00209641369910053,0.0296165794863314
"8475715",2017,-8.19274444158268e-05,0.000136913666222337,6.77115987460815,72.9113924050633,-0.000554743824257636,0.00998256604355266
"8476922",2017,-0.000180691979141392,0,116.129032258065,NA,-0.0209835846744842,NA
"8476166",2017,-0.00177751678272066,0,87.8514588859416,0,-0.156157442556255,0
"8469501",2017,0.000140230777165599,-0.000342936457730441,15.3518123667377,85.9504132231405,0.00215279657908809,-0.0294755302512114
"8474584",2017,0.000935411461685282,0.00109412012486425,63.1394329143525,79.7808764940239,0.0590613492323943,0.0872898625514207
"8470151",2017,0.000120024725033808,0.000930845059425449,15.5111633372503,128.870942692965,0.00186172311450795,0.119958880309246
"8475762",2017,0.000418404152173021,0.00119736369943162,26.0987766198459,106.023029229407,0.0109198365043797,0.126948126503069
"8476874",2017,-0.000261059511270604,-0.000186689716706703,44.2940633651184,112.021490933512,-0.011563386534287,-0.0209132604074399
"8476948",2017,0.000334750100630823,0,87.8048780487805,0,0.0293926917627064,0
"8470724",2017,0.000551804626064379,-0.000131473360255329,52.6187576126675,100.096292729899,0.0290352738684302,-0.0131599959543009
"8465009",2017,-0.00186761929403474,0.000582339613268229,56.4558285415578,121.791044776119,-0.10543799464493,0.070923749914459
"8477429",2017,-0.000592994086446909,0.00105410461232584,37.1134020618557,96,-0.0220080279506069,0.101194042783281
"8471811",2017,-0.000494235107005711,0,93.2038834951456,0,-0.0460646313325712,0
"8476457",2017,-0.000496806189178317,3.40787623652085e-05,21.5720831864646,110.531400966184,-0.0107171444405051,0.00376677334742014
"8479465",2017,-0.000119467389662167,0.000266686472125452,109.522360815333,86.040195545899,-0.0130843505562459,0.0229457562111198
"8476807",2017,7.61599592505801e-05,-0.000455083811149427,43.7956204379562,70.8777686628384,0.00333547266790862,-0.0322553250888519
"8477404",2017,-0.000326336482898346,9.38722158912305e-05,97.124394184168,5.23255813953488,-0.0316952332016939,0.000491191827337834
"8477945",2017,-0.000224297790973511,0,92.604501607717,0,-0.0207709851448139,0
"8478566",2017,0.00359343103364738,-0.0004204869826716,59.8752598752599,125.934861278649,0.21515761698346,-0.0529539698322256
"8475760",2017,0.00252518758674919,0,117.935423049729,0,0.29780906632319,0
"8475796",2017,0.000205501485984139,0.00126354353514818,14.6171693735499,125.361366622865,0.00300385002714635,0.158399544353662
"8477479",2017,-0.000198278654250742,0,81.8181818181818,0,-0.0162227989841516,0
"8475714",2017,-0.00213845825791955,0.000629753503335552,78.1331592689295,114.31823355338,-0.167084499655986,0.0719923080753732
"8475178",2017,-0.000250380216177158,-0.00188808926923378,13.5934550031466,120.883462021907,-0.00340353220228232,-0.228238767471392
"8477415",2017,-0.000433363410224559,0.000114141256729202,21.2703101920236,26.7657992565056,-0.00921777416134956,0.00305508196449907
"8474739",2017,-0.000327182657179183,-0.00266598817661916,7.41503604531411,104.145541306293,-0.00242607119638529,-0.27765078177018
"8478373",2017,0.000223116625237237,0.000259665712458632,98.4802431610942,80,0.0219725795066459,0.0207732569966905
"8470611",2017,0.00035533117315568,-0.000812271777554351,50.3937007874016,139.577434110216,0.0179064528204437,-0.11337481051118
"8475810",2017,-0.000307939801635119,0.000989456713576237,47.3684210526316,117.629846378932,-0.0145866221827162,0.116389641216576
"8474579",2017,0.000403845920359054,-6.30938655669915e-05,16.4634146341463,111.680911680912,0.00664868283517954,-0.00704638042799449
"8470358",2017,-0.000823250326785132,-0.000599151909954645,80.1548886737657,133.469138317376,-0.0659875382941035,-0.0799682891428567
"8468038",2017,0.00030311966366218,0.000744613088048336,83.3836858006042,123.995407577497,0.025275234794792,0.0923286033400922
"8477942",2017,-0.00113255474742402,0.000504207503990158,109.73328714929,43.4316353887399,-0.124278955311372,0.0218985564735672
"8476932",2017,-0.000480706775145612,-0.000193472949194521,111.823647294589,103.567318757192,-0.0537543848760023,-0.020037474600123
"8477930",2017,-0.000266165048761932,0.000562256649109168,5.31365313653137,141.521539871677,-0.00141430874618886,0.0795714267850188
"8478403",2017,0.000966455435747748,0.000129039059164416,162.714592274678,25.4817145104208,0.157256402179341,0.00328813646632093
"8473412",2017,0.000405950304557452,0.000633000599396984,115.816250187042,110.452418096724,0.0470156420361316,0.0699164468600724
"8477425",2017,-9.21885465761373e-05,-0.000295281672266674,122.125218258917,6.55737704918033,-0.0112585463715831,-0.00193627326076508
"8477498",2017,3.5868581833447e-05,-0.000728004511546949,26.7657992565056,104.98177399757,0.000960051260969586,-0.0764272051004331
"8468483",2017,0.00100661902808282,0.000134431837406717,102.534031413613,10.5263157894737,0.103212707046984,0.00141507197270228
"8470619",2017,-0.00156197430844618,-0.000668918630927777,107.612903225806,146.422487223169,-0.168088590096015,-0.0979447296903618
"8479482",2017,0.000158319832039251,-0.000735702281383471,23.3766233766234,102.546396201985,0.00370098308663184,-0.0754436176334539
"8470750",2017,-0.000248058375492238,-0.000832398834375698,36.5894974590627,81.8481848184819,-0.00907633129977244,-0.068130333638671
"8476476",2017,4.32166850840889e-05,0.000767486836099839,20.6896551724138,73.0038022813688,0.000894138312084597,0.056029457236186
"8475855",2017,2.30292591066235e-05,-0.000697209469165629,7.28008088978766,94.127732533219,0.000167654869128098,-0.06562674643325
"8477944",2017,0.00202684415136462,0,101.321961620469,0,0.205363825315238,0
"8477225",2017,0.000150378694553711,-0.00109905213262364,89.8356664637858,112.167923909479,0.0135093702471867,-0.123278395984679
"8475199",2017,-3.31839099766818e-05,0.00030048296772292,40,32.1428571428571,-0.00132735639906727,0.00965838110537958
"8477326",2017,0.00019792205288031,0.000399638236427757,27.5510204081633,128.971962616822,0.005452954518131,0.0515421276888135
"8471693",2017,-0.000523368830066711,0.000386031194434359,53.3029612756264,20.8293153326905,-0.0278971084819158,0.0080407654771284
"8476448",2017,0.000578801562394464,-0.00184968863683738,23.4432234432234,140.325610519724,0.0135689743565002,-0.259558687235602
"8478906",2017,-0.00038130228579667,-0.000399721282243705,56.4389697648376,32.8018223234624,-0.0215203081793417,-0.0131115864790646
"8471338",2017,-0.000593731814212159,0.000818252292255145,25.3125,121.963824289406,-0.0150288365472453,0.09979717879701
"8474717",2017,-0.00201066424147771,1.04188622900091e-05,85.2760736196319,48.1132075471698,-0.171461551880615,0.000501284883764589
"8477845",2017,-0.000699013997364627,0.000538661335464083,77.6859504132231,94.9663526244953,-0.0543035667374173,0.0511547023288636
"8476331",2017,-0.000331998872691501,-0.000168391995809399,82.3529411764706,30.1570680628272,-0.0273410836334177,-0.00507820887885935
"8478099",2017,0.0017329213026312,-0.000335872919978276,88.4722574106917,59.7510373443983,0.153315459558859,-0.0200687553845941
"8474722",2017,-0.000210722510197589,0,40.5633802816901,0,-0.00854761731505715,0
"8476806",2017,-0.000319383766532121,0.00151292540292451,8.10810810810811,82.3115577889447,-0.0025895981070172,0.124531246733183
"8476482",2017,0.00104454812573343,0,149.61038961039,NA,0.15627525205778,NA
"8476467",2017,-5.64473677658788e-06,-0.00171316536553715,15.7434402332362,94.980694980695,-8.88675760745614e-05,-0.162717637035575
"8477943",2017,0.00277220528900968,-0.000304870075710656,103.049159925327,16.1434977578475,0.285673426172995,-0.00492166938366978
"8476994",2017,-6.73123618902861e-05,0,39.2370572207084,0,-0.00264113899515019,0
"8476390",2017,0.00028489552041915,-0.00013026185630259,23.3009708737864,67.618332081142,0.00663834222335884,-0.00880808945697456
"8476400",2017,-0.000396657044956795,-0.00240102681134493,46.3768115942029,93.6619718309859,-0.0183956890414746,-0.22488490556963
"8476474",2017,1.92844874488376e-05,0.000358099865853113,39.1730141458107,81.0810810810811,0.000755431499628023,0.0290351242583605
"8475325",2017,-0.000566480065725729,0.000246521965812341,40.0684931506849,24.2424242424242,-0.0226980026335309,0.00597629008029918
"8476406",2017,-0.00133912996949034,0.000562223587119772,40.0317712470214,102.426778242678,-0.053607744608668,0.0575867506807198
"8476479",2017,-0.000368054810875363,2.60530429357082e-05,104.697986577181,80.4072918377402,-0.0385345976486957,0.00209485462659266
"8475234",2017,-0.000403028889203176,0.000176204580805367,94.5779765231973,92.0930232558139,-0.0381176568212282,0.0162272125578896
"8475766",2017,-0.000636608811299725,-0.000625913368853358,31.4491264131552,131.907680271222,-0.0200207909822935,-0.082562780536192
"8474134",2017,-1.16026267987591e-05,0.00090858439344118,45.1539338654504,48.2758620689655,-0.000523904243136669,0.0438626948557811
"8468505",2017,-8.23901416132011e-05,0.000424956386296167,16.8028004667445,140.990099009901,-0.00138438510995344,0.0599146429787864
"8476430",2017,-0.000510426794461397,0.000116491258479006,66.2068965517241,15.1898734177215,-0.0337937739781339,0.00176948747056717
"8473415",2017,-4.73507784493583e-05,-0.00123705491943556,31.2590448625181,98.2456140350877,-0.00148014010782365,-0.121535220155072
"8477312",2017,-0.000561686830454479,0.000292495362309259,118.562874251497,90.0938477580813,-0.0665952050478963,0.0263520326418352
"8471686",2017,-0.000275959497039706,-0.00115956448580446,10.9823062843197,94.5904173106646,-0.00303067171855687,-0.10968368861087
"8475949",2017,0.000170037162610761,0.00017298942502337,39.1304347826087,64.7482014388489,0.0066536281021602,0.0112007541382038
"8477451",2017,-0.00011701791089762,-0.000425434110221445,50.5933791380387,69.2307692307692,-0.00592033153198454,-0.0294531307076385
"8477413",2017,0.000305033951675415,-6.51298534608683e-05,79.940784603997,9.375,0.0243846534277904,-0.00061059237619564
"8468575",2017,-0.00118356512505864,0.00112045696160981,41.9919246298789,123.911457066407,-0.0497001775260155,0.138837454693271
"8477126",2017,0.000504657298264529,-0.000341164374820022,74.7624076029567,51.5337423312883,0.0377293946326596,-0.0175814769845901
"8476779",2017,-0.000118023175140644,0.000209408678748786,62.3762376237624,27.4809160305344,-0.00736184161768375,0.00575474231676052
"8476344",2017,-7.60961951468078e-06,0,21.9959266802444,0,-0.000167380632909475,0
"8476891",2017,-0.000218925456797674,0,134.579439252336,0,-0.0294628652138926,0
"8476195",2017,0.000497966652436164,0,64.9180327868852,0,0.0323270154696264,0
"8474062",2017,-0.000976476270558864,0.00143288650080152,25.5979314802844,123.378212974296,-0.0249957726658895,0.176786975863885
"8478443",2017,0.000152831897220377,0.00288912809276444,21.6748768472906,109.896602658789,0.00331261255058946,0.317505362040877
"8476808",2017,4.35137352279335e-05,-0.000942048925124216,13.4663341645885,110.769230769231,0.000585970499328781,-0.10435003478299
"8477446",2017,0.000275948511538787,0,86.5573770491803,0,0.0238853793594229,0
"8477507",2017,-0.000844194925248975,0.000284542385650808,67.379679144385,107.830317774061,-0.056881583198594,0.0306822958649161
"8470318",2017,-0.000206274206418349,-0.000520302824134293,12.5984251968504,130.103806228374,-0.00259873015960124,-0.0676933778112436
"8476418",2017,0.000857570383425117,0.000603023100114791,57.7540106951872,75.2528658125421,0.04952812909621,0.0453792164348015
"8476410",2017,0.00247255986427911,0,132.374100719424,0,0.327302888508889,0
"8477512",2017,-4.32232422667199e-05,-0.000395527310521442,14.968814968815,170.132325141777,-0.000647000715842792,-0.0672919809960866
"8471681",2017,0.000129876750976538,0,7.57894736842105,0,0.00098432906003271,0
"8475808",2017,-6.30326143789205e-05,0.000569166474746004,7.24346076458752,93.3521923620934,-0.000456574269143086,0.0531329382365436
"8478366",2017,0.000138679207539948,0.000141810472848842,93.7347436940602,10.3896103896104,0.0129990599744524,0.00147335556206589
"8475625",2017,-0.000195836651841364,0.001437583901303,4.28061831153389,83.9981081507173,-0.000838301957941631,0.12075432801738
"8475220",2017,-0.000176052922250575,0.0015000960991691,20.2898550724638,100.162469536962,-0.00357208827754791,0.15025332983554
"8475739",2017,-0.000464383684662319,0,72,0,-0.033435625295687,0
"8476191",2017,-0.00051420752280414,0.00115602310402705,33.8823529411765,89.6659082744582,-0.0174225607726579,0.103655861608844
"8476285",2017,-0.000294288031519678,0,42.7118644067797,0,-0.0125695904988066,0
"8477986",2017,-0.000472731077809824,0.000299734263382114,101.21107266436,76.4289602612956,-0.0478456194669113,0.0229083781049803
"8476465",2017,0.000301874200917317,0,62.5592417061611,0,0.0188850211000407,0
"8465978",2017,-0.000172578566106598,0,41.7149478563152,0,-0.00719910588625436,0
"8475236",2017,-0.00124112129884887,0.000341593709214283,104.493441250349,112.204280886219,-0.129689035525821,0.0383282764976447
"8477454",2017,0.000755236706048083,0,66.2696264212236,0,0.0500492543694019,0
"8477957",2017,-0.00016989858042904,0,77.4193548387097,0,-0.0131534384848289,0
"8477973",2017,-0.00011683071581706,0,144,0,-0.0168236230776567,0
"8476341",2017,-6.656802880088e-05,0.000138055645052787,47.2131147540984,63.905325443787,-0.00314288398273007,0.00882249092645028
"8478414",2017,1.71337022612778e-05,-0.000618811321924124,65.158371040724,89.2857142857143,0.00111640412924163,-0.0552510108860825
"8475841",2017,-0.000190962406990167,0,46.1538461538462,NA,-0.00881364955339232,NA
"8476914",2017,0.000402057613449574,-0.000944006066099778,102.296613468276,121.773399014778,0.0411291322750284,-0.114954827359539
"8476798",2017,-0.000238379825684087,-0.000119782399610646,112.680577849117,36,-0.0268607765056547,-0.00431216638598325
"8471657",2017,-0.000702856873426842,0,51.6746411483254,0,-0.036319876712966,0
"8475868",2017,-0.000471745674444014,0.000193347715526469,68.1388012618297,53.8116591928251,-0.0321441847570685,0.0104043613736216
"8475324",2017,0.00026464032619236,-0.000742122279092492,4.21052631578947,120,0.00111427505765204,-0.0890546734910991
"8474145",2017,-0.000111427239012811,-0.00100995483583324,6.99029126213592,84.2652795838752,-0.000778908855235182,-0.0851041266085746
"8477220",2017,-2.29245098968997e-05,-0.000188815966620356,67.9245283018868,65.1363759114232,-0.00155713652129885,-0.0122987877798622
"8469619",2017,0.000851369105960541,0.000245508788386466,20.0780814277747,108.974015537102,0.0170938582345675,0.0267540785201217
"8472410",2017,3.83553019745892e-05,-0.000849931218307833,24.7139588100687,109.611940298507,0.000947911353147742,-0.0931626099589959
"8475160",2017,0.00027761988383556,-5.37197108889257e-05,18.6915887850467,23.801652892562,0.00518915670720674,-0.00127861791206699
"8476433",2017,-0.000177615851474937,0,189.473684210526,NA,-0.033653529753146,NA
"8477968",2017,-0.000182916456987912,-0.00029910111420932,48.6486486486486,32.8267477203647,-0.00889863844806059,-0.00981851681902935
"8476200",2017,-1.62920035924928e-05,-6.5815708206776e-05,18.4615384615385,42.8571428571429,-0.000300775450938328,-0.00282067320886183
"8471715",2017,0.000988618006722024,-0.000194718398808528,109.573879358052,128.388017118402,0.108326710199757,-0.0249995091194972
"8476917",2017,-0.000174866467752851,0.000551678521483977,26.2773722627737,93.5779816513761,-0.00459503126941797,0.051624962560886
"8471436",2017,-0.000406313756380568,-0.00148836731749971,5.7784911717496,124.078506462422,-0.00234788045420553,-0.184674393822846
"8477831",2017,-0.000432393857575649,-0.000121257048018252,140.119760479042,87.8048780487805,-0.0605869237561089,-0.0106469603137977
"8476441",2017,-5.36335891885631e-05,0.000729914795817425,22.360248447205,82.2672790411112,-0.0011992603793716,0.0600481041837479
"8475750",2017,0.000118804557832938,-0.00203777437922217,21.9244823386114,110.099573257468,0.00260472842995479,-0.224358089547363
"8475254",2017,-0.000133351386716247,-3.11214514819842e-05,14.1453831041257,127.126805778491,-0.00188630645256774,-0.00395637071809494
"8476975",2017,-0.000204799154805736,0.000608016951833781,11.6129032258065,125.238200753379,-0.00237831276548596,0.0761469490752167
"8477009",2017,0.000728578190325574,-1.70174467748189e-05,92.9032258064516,9.52380952380952,0.0676872641334727,-0.000162070921664942
"8478474",2017,3.0229141481283e-05,-0.000991310145959039,5.37313432835821,131.730941704036,0.000162425237809879,-0.130586219047949
"8476316",2017,0.000615544043463189,-0.000233427163508717,114.090687469527,128.345996493279,0.0702278430864877,-0.0299594419091258
"8477484",2017,-0.000425950449058861,-0.000639088736486516,70.1298701298701,134.536082474227,-0.0298718496742578,-0.0859804949602994
"8477244",2017,-0.00102136563547038,-0.000542767731027599,69.7303456133688,80.0317586343787,-0.0712201787589677,-0.0434386560441302
"8474189",2017,0.000680166383525996,-0.000426743737504783,37.164487267722,110.962946770139,0.0252780349004844,-0.0473527426292333
"8471762",2017,-0.000123940423282913,0.00125102531445969,4.12371134020619,133.816863100635,-0.000511094529001703,0.167408283240481
"8479648",2017,-0.000123940407100352,0.000562944290703323,6.3943161634103,80.184331797235,-0.000792514148421432,0.0451393117891144
"8476456",2017,0.00080433420728967,0.000100014557735189,159.29203539823,39.1304347826087,0.128124033019593,0.00391361312876827
"8475844",2017,-0.000288968252090151,0,64.0569395017794,0,-0.0185104218420737,0
"8476404",2017,-0.000193693249519461,0.000182520746723398,33.9622641509434,34.1232227488152,-0.00657826130443454,0.00622819609672257
"8476983",2017,-0.00147809422178662,-7.41277489668601e-05,85.3889943074004,15.1578947368421,-0.126212979089939,-0.00112362061591872
"8477417",2017,0.000832861829807827,0,65.0112866817156,0,0.0541454191838949,0
"8477467",2017,0.00163501368192906,0,140.25974025974,0,0.229326594348492,0
"8475613",2017,-0.000103738419874991,1.21063087457649e-05,18.6046511627907,63.8214051214708,-0.00193001711395332,0.000772641634989069
"8471498",2017,0.000688568179233856,0.000117479677234277,52.6401299756296,106.443514644351,0.0362463184519528,0.0125049497441005
"8474092",2017,-0.00133617328537144,-0.00088966904764669,80.9726443768997,112.955465587045,-0.108193484262295,-0.100492981495314
"8477463",2017,-5.1294238797704e-06,0.000785737962924777,28.2352941176471,99.7641509433962,-0.0001448307918994,0.0783884807351841
"8476368",2017,6.78658588879542e-05,0.000133834956321786,42.1725239616613,77.2009029345372,0.00286207456013098,0.0103321794722463
"8475738",2017,0.00262839207803854,0,73.0038022813688,0,0.191882615583042,0
"8470775",2017,-0.000418382000614611,-0.000371933358785965,27.0676691729323,102.660140455416,-0.0113246255805459,-0.0381827308530218
"8477010",2017,0.0010365240719539,-0.000295273670171214,109.579230080573,13.8461538461538,0.113581509764688,-0.00408840466390912
"8476429",2017,0.000417427016617629,5.68233821475139e-06,26.2773722627737,13.2841328413284,0.0109688851082005,7.54849356941144e-05
"8477929",2017,-8.84468994996583e-05,0.003442051210852,5.25547445255475,121.769798012183,-0.000464830420728131,0.419137880693039
"8477960",2017,-0.000370200075758029,0.000145407963915693,71.7032967032967,87.887323943662,-0.0265445658716609,0.0127795168286468
"8476399",2017,-0.000128420833842092,-0.000607857546814963,22.7368421052632,111.206896551724,-0.00291988422209388,-0.0675979513268364
"8477456",2017,-0.000810262352398104,-0.000630999520987185,99.1394148020654,98.2532751091703,-0.0803289354528929,-0.0619977695293086
"8477482",2017,-0.000601204909089917,8.23994916295581e-06,83.1768953068592,79.0629575402636,-0.0500063577813418,0.000651474750804705
"8477959",2017,9.91786676612894e-05,0,106.916192026037,0,0.010603805476561,0
"8476877",2017,-5.0226831526998e-05,0,109.422492401216,0,-0.00549594509110008,0
"8473614",2017,-0.00019697617689942,0.000419753021335708,121.224489795918,71.1281070745698,-0.0238783365465828,0.0298562378464404
"8476867",2017,0.000191108643005557,-0.000237988343980727,15.8241758241758,100.558659217877,0.00302413676843958,-0.0239317887801849
"8477958",2017,0.000230210692958912,0,110.769230769231,0,0.0255002613739102,0
"8477461",2017,-7.82081394622152e-05,0.000656649471558409,20.8092485549133,96.4016736401674,-0.00162745261308656,0.0633021080531622
"8471392",2017,-0.000165655743721023,-0.000115333077838177,4.14269275028769,130.827867399397,-0.000686260848556596,-0.0150887806141774
"8474709",2017,-0.000165655850666845,-0.000866295097254536,3.37078651685393,70.2258726899384,-0.000558390507865771,-0.0608363292117149
"8473499",2017,-0.000220124425681715,-0.000172158043172576,130.316742081448,123.7721021611,-0.028685898007391,-0.0213083629074112
"8470105",2017,-6.74351487997336e-05,0.000965720100401774,2.96784830997527,111.511092507325,-0.00020013729239822,0.107688503452086
"8473992",2017,-1.74947198227416e-05,-0.000838491375365966,19.9630314232902,94.0014114326041,-0.000349247641563049,-0.0788193727584662
"8476826",2017,-0.000538698877592975,0.000464937073798322,40.7643312101911,101.634472511144,-0.0219596994687582,0.0472536342463673
"8475834",2017,-4.57794857826587e-05,0.000153539200624895,37.1134020618557,117.017208413002,-0.00169903246203682,0.017966728639089
"8474568",2017,0.000170577407926389,-0.000507681031100487,4.2654028436019,123.274052800177,0.000727581360823461,-0.0625838982335296
"8477964",2017,1.86953670580592e-05,0,107.027027027027,0,0.00200090955540309,0
"8475175",2017,-0.000411540607332672,0.000489383351556947,56.4705882352941,63.8297872340426,-0.0232399401787862,0.0312372352057626
"8477961",2017,0.000709765783331506,0,103.02066772655,0,0.0731205449282696,0
"8475755",2017,3.02445981872427e-05,-0.00121913099752592,17.0940170940171,86.3399374348279,0.000517001678414406,-0.105259694051248
"8474074",2017,0.000143991733729724,-0.000138022065019627,13.5849056603774,16.5898617511521,0.00195611411859248,-0.00228976697728413
"8475807",2017,-0.000247701808951938,-0.00122494236789996,13.503375843961,112.159515755741,-0.00334481062350704,-0.13738894281235
"8478027",2017,-0.000247701578739793,0,38.9189189189189,0,-0.00964027765906221,0
"8475278",2017,-5.68924519911007e-06,0.000117206241416985,50.1742160278746,41.8604651162791,-0.000285453417655697,0.00490630778024586
"8473546",2017,-0.000186196656593627,-0.000276969562732064,3.52078239608802,95.9427207637231,-0.000655557910745287,-0.0265732134172529
"8470614",2017,0.00047022784216961,-0.00128387855817627,26.2773722627737,133.49906774394,0.0123563520570116,-0.171396590612967
"8475279",2017,0.000470227953930367,-3.53996355658504e-05,28.4023668639053,102.146824801081,0.0133555868571939,-0.00361596037216703
"8478542",2017,0.000285925181517602,0.000106315617236849,25.0289687137891,89.9559039686428,0.00715641242268854,0.00956371745452497
"8476981",2017,0.000624926412027643,0.000555993613165918,12.4209315698677,66.0287081339713,0.00776216819999833,0.0367115400080846
"8476302",2017,0.000109638642583914,0,423.529411764706,19.3548387096774,0.046435189800246,0
"8473565",2017,-2.83610558072215e-05,0,32.4324324324324,24,-0.000919818026180158,0
"8476925",2017,0.000261740124616377,0.000260474139906932,37.8748027354024,84.0150564617315,0.00991335558778491,0.0218837495711019
"8478444",2017,0.000111264163534528,0,119.363395225464,0,0.0132808683264026,0
"8479343",2017,-9.41381132089437e-05,0,59.2105263157895,NA,-0.00557396722947693,NA
"8471774",2017,-0.00043816592791637,0.000612714297273627,105.882352941176,140.674955595027,-0.0463940394264392,0.0861935565614055
"8480081",2017,-8.91533386292221e-05,-0.000293629949415143,94.1176470588235,48.4848484848485,-0.00839090245922091,-0.0142366036080069
"8479370",2017,-0.000351468941672175,-0.000217251160076584,95.4907161803714,99.3865030674847,-0.0335620209554332,-0.021591833087366
"8479423",2017,-0.000124467066939168,0,21.8181818181818,0,-0.00271564509685457,0
"8480083",2017,-0.00012446712523208,0,56.25,NA,-0.0070012757943045,NA
"8479292",2017,-0.000280270984014305,1.88496607535627e-05,83.7209302325581,102.857142857143,-0.0234645474988721,0.00193882224893787
"8470667",2017,0.000613380230286558,0.000169351462587122,94.3448275862069,69.2307692307692,0.0578692520711732,0.0117243320252623
"8469665",2017,-0.000149441455006352,0.000622190102522097,10.2710413694722,144.383518721604,-0.00153491936668435,0.089833996315896
"8478528",2017,-0.000158265482454554,0.000528787825779399,9.78260869565217,133.945397438995,-0.00154824928488151,0.0708286954849236
"8477380",2017,-1.06016240791325e-05,0,105.263157894737,0,-0.00111596042938237,0
"8476403",2017,-0.000173456206262235,0.000786843819413796,11.3207547169811,43.1898376852505,-0.00196365516523285,0.0339836568441244
"8476934",2017,-0.000173456295587032,0.000437310048460092,23.0031948881789,67.8711704634721,-0.00399004897197007,0.0296807448444241
"8477480",2017,-0.000381961806487357,0,121.348314606742,NA,-0.0463504214613871,NA
"8476903",2017,-4.18917708198943e-06,0.000250061745406148,226.285714285714,55.7275541795666,-0.000947950928267323,0.0139353294653581
"8476336",2017,-0.000210426414732592,-0.000372694711062783,11.9205298013245,83.7209302325581,-0.00250839434780573,-0.0312023479029307
"8475192",2017,5.46214187199682e-05,0,52.9411764705882,0,0.00289172216752773,0
"8478866",2017,4.81139159396653e-05,0,46.7532467532468,0,0.00224948178419214,0
"8477346",2017,0.000190803180195394,0,80.4469273743017,0,0.0153495295799647,0
"8476982",2017,0.000236224699874688,-0.00153719476840319,80,97.2972972972973,0.018897975989975,-0.149564896385175
"8478371",2017,0.000483673806434936,0,64.2857142857143,NA,0.0310933161279602,NA
"8478400",2017,-7.98205068329733e-05,0,243.609022556391,NA,-0.0194449956495364,NA
"8474018",2017,0.000112218996423435,0,42.3529411764706,0,0.0047528045544043,0
"8477433",2017,0.000112218913395845,9.27586725629413e-05,22.7848101265823,77.8625954198473,0.00255688663433571,0.00722243099345039
"8471743",2017,-0.000205491281215013,-0.000712237530768672,103.000697836706,95.8762886597938,-0.0211657453645051,-0.068286691094316
"8475869",2017,7.11510140762322e-05,-0.000119318324401227,28.8,99.4786235662148,0.00204914920539549,-0.0118696226776611
"8479325",2017,-0.000522846423267049,-1.69415060497706e-05,145.638432364096,18.5567010309278,-0.0761465334517877,-0.000314378462779248
"8478569",2017,-8.57595885929485e-05,0.000107449231958021,5.94059405940594,37.1986222732491,-0.000509462902532367,0.00399696339315716
"8476158",2017,-0.000106637579068583,-3.28562261176943e-05,24.1610738255034,11.8421052631579,-0.00257647842044898,-0.000389086888235853
"8470760",2017,-0.000106326312416012,0.00199073682045263,7.45341614906832,106.593868122638,-0.000792494254032388,0.212200338106206
"8476857",2017,-0.000147101583262637,-3.28562399205189e-05,26.1248185776488,10,-0.00384300217522128,-0.000328562399205189
"8467967",2017,0,0.000915659291609018,0,137.958514004453,0,0.12632299520475
"8475716",2017,0,0.00172099276482367,0,133.918669131238,0,0.230473060649677
"8477353",2017,0,-0.000636593866300517,0,143.273542600897,0,-0.0912070584228768
"8475752",2017,0,7.25857725153742e-05,6.16438356164384,61.7142857142857,0,0.00447957910380595
"8468674",2017,0,0.00127473365980529,3.30578512396694,137.32145857839,0,0.175048285463431
"8474642",2017,0,-0.000347916013607697,0,106.821060249683,0,-0.0371647574514175
"8470324",2017,0,0.000715084698059518,0,148.326991208503,0,0.106066361722409
"8471296",2017,0,4.08767640521871e-05,2.68456375838926,123.824175824176,0,0.00506153161912137
"8473991",2017,0,0.00010091332141068,0,124.738853503185,0,0.0125878120159666
"8470803",2017,0,-0.00153605023858857,0,114.208899045571,0,-0.175430606627887
"8479293",2017,0,-0.000893971771337926,0,145.250255362615,0,-0.129849628073803
"8473574",2017,0,0.000696794459075716,0,114.253329555115,0,0.0796110869649557
"8476447",2017,0,0.000371562026554881,0,146.606334841629,0,0.0544733468795391
"8473468",2017,0,0.000495791423712196,0,125.487256371814,0,0.062215505494319
"8468513",2017,0,-8.16125142626493e-05,0,107.641196013289,0,-0.00878486864488318
"8470159",2017,0,-5.98111674892139e-05,0,189.695550351288,0,-0.0113459123340195
"8476303",2017,0,0.000508144987697636,NA,118.481012658228,NA,0.0602055327196187
"8474697",2017,0,0.00132554445921733,0,79.6680497925311,0,0.10560354197914
"8478480",2017,0,0.000224973418710996,0,96.7741935483871,0,0.0217716211655802
"8475832",2017,0,-0.00152378503364326,3.51219512195122,142.993521991135,0,-0.21789138871803
"8468498",2017,0,0.000218254349295005,3.11418685121107,82.8292682926829,0,0.0180778480538009
"8474774",2017,0,-0.00111760424654703,0,89.3203883495146,0,-0.099824845322647
"8477850",2017,0,-6.39612899366478e-05,3.71900826446281,94.2056074766355,0,-0.00602551217347112
"8470640",2017,0,2.13159540849657e-05,0,105.263157894737,0,0.0022437846405227
"8469492",2017,0,-0.000434483634893465,7.86885245901639,128.7727327472,0,-0.0559496449991681
"8475268",2017,0,9.1656732662805e-05,0,158.241758241758,0,0.0145039225312571
"8470755",2017,0,-0.000378073015403311,0,127.384615384615,0,-0.0481606856544526
"8477460",2017,0,0.00024238899886126,0,131.031264582361,0,0.0317605370416435
"8470886",2017,0,-0.000425428492710482,0,100.871731008717,0,-0.0429137084801358
"8478561",2017,0,0.00221219181709134,4.36363636363636,93.3496034167175,0,0.206507228807185
"8471760",2017,0,1.0593916038642e-05,0,68.3544303797468,0,0.000724141096312236
"8473560",2017,0,-0.000115938758678254,0,78.6096256684492,0,-0.00911390242016218
"8474727",2017,0,0.00168398283315959,0,168.820154652033,0,0.284290242325371
"8475310",2017,0,-9.93052211698257e-05,0,111.777301927195,0,-0.0111000696896465
"8473432",2017,0,0.000141746519905603,0,59.0163934426229,0,0.00836536838787167
"8476310",2017,0,-0.000682070080029838,12.8113879003559,102.946273830156,0,-0.0702165732301081
"8477919",2017,0,0.000106283106571705,0,11.3924050632911,0,0.00121082020144981
"8471269",2017,0,0.000333295472217984,0,76.5957446808511,0,0.0255290148932924
"8474682",2017,0,-0.000184175191448386,NA,110.429447852761,NA,-0.0203383646998217
"8474000",2017,0,-0.000257881480499118,0,45,0,-0.0116046666224603
"8474125",2017,0,0.000364101572590623,0,51.9092122830441,0,0.0189002258241968
"8470121",2017,0,-0.000894414378177576,0,72.972972972973,0,-0.0652680762453907
"8475815",2017,0,-0.000177848339937473,19.047619047619,103.378378378378,0,-0.0183856729800225
"8473466",2017,0,0.000338395694460148,4.59183673469388,54.061433447099,0,0.0182941563148421
"8477997",2017,0,-0.00147535893601298,0,88.7382529656447,0,-0.130920774479044
"8475878",2017,0,0.000575301685091725,0,71.2230215827338,0,0.0409747243338711
"8471956",2017,0,-0.000510510205725525,0,132.403297400127,0,-0.0675932345944766
"8471710",2017,0,-0.000385140787532269,0,75.5244755244755,0,-0.0290875559814581
"8476449",2017,0,-0.00104578539074683,0,106.594885598923,0,-0.111475374087684
"8475795",2017,0,0.000105110610357935,0,21.1764705882353,0,0.00222587174875628
"8468611",2017,0,6.53938055747685e-05,0,141.968162083936,0,0.00928383838912415
"8477591",2017,0,0.000200819685186023,0,141.799952255908,0,0.0284762217714245
"8478541",2017,0,0.000174976898049751,0,165.245901639344,0,0.0289142152842867
"8477846",2017,0,1.82788228161642e-05,0,93.4131736526946,0,0.00170748284989318
"8477715",2017,0,-0.000305130960295375,NA,187.012987012987,NA,-0.0570634523149793
"8477903",2017,0,8.45315440227915e-05,0,38.5026737967914,0,0.00325469046504866
"8477508",2017,0,0.000186883600874822,15.1898734177215,32.2663252240717,0,0.00603004704487261
"8477971",2017,0,7.00032710086629e-05,NA,50,NA,0.00350016355043314
"8475774",2017,0,6.03893777197806e-06,0,82.9493087557604,0,0.000500925713804632
"8474597",2017,0,0.000661306597100731,8.29493087557604,99.1735537190083,0,0.0655841253323039
"8476955",2017,0,-0.000102264574555448,NA,53.3333333333333,NA,-0.00545411064295724
"8474873",2017,0,1.76014360187127e-06,0,38.5026737967914,0,6.7770234938359e-05
"8477478",2017,0,-1.39155783407823e-05,0,79.4952681388013,0,-0.00110622263150699
"8476162",2017,0,0.000120077066512912,65.4545454545455,67.7279305354559,0,0.00813257121968785
"8477320",2017,0,0.000223689763060927,20,88.5245901639344,0,0.0198020445988361
"8475274",2017,0,-0.000213483656019513,0,69.7899838449111,0,-0.0148990209047544
"8474743",2017,0,0.000101206946235395,0,51.4285714285714,0,0.00520492866353458
"8477455",2017,0,-6.68624442774737e-05,0,88.5826771653543,0,-0.00592285431591794
"8474611",2017,0,0.000190149453372597,0,87.21399730821,0,0.0165836939145953
"8478432",2017,0,-6.88843412548198e-05,0,54.5454545454545,0,-0.00375732770480835
"8477240",2017,0,0.00132607436524923,18.9973614775726,101.098901098901,0,0.13406466110212
"8476326",2017,0,0.000601250471076965,0,95.8579881656805,0,0.0576346605411055
"8476986",2017,0,0.000178784117832047,0,197.802197802198,0,0.035363891439306
"8474749",2017,0,-0.00015893991879522,19.7802197802198,64.8064806480648,0,-0.0103003367716074
"8470854",2017,0,2.12156225583064e-05,0,120,0,0.00254587470699677
"8479291",2017,0,0.00026101909564073,0,118.032786885246,0,0.030808811288742
"8476897",2017,0,-0.000139505990749204,0,143.283582089552,0,-0.0199889180774979
"8476370",2017,0,-0.000623393082371246,0,100.173913043478,0,-0.0624477244253631
"8478073",2017,0,-0.000309119852981272,0,63.8164754953076,0,-0.0197269395228925
"8469760",2017,0,0.000246806913114216,NA,104.347826086957,NA,0.0257537648467008
"8479268",2017,0,0.000111944551568436,0,27.6923076923077,0,0.00310000296651053
"8477041",2017,0,0.000110356631228739,0,38.1625441696113,0,0.00421148981367624
"8475213",2017,0,0.000520901053812171,18,75.8508914100486,0,0.0395108092680869
"8477931",2017,0,-2.43694573879797e-05,0,74.3801652892562,0,-0.00181260426852742
"8477953",2017,0,-0.000301862262359312,0,98.2456140350877,0,-0.0296566433195114
"8478493",2017,0,-6.55850775295637e-05,0,27.4809160305344,0,-0.00180233800844603
"8477502",2017,0,-0.000106057072880739,NA,39.344262295082,NA,-0.00417273729366841
"8476464",2017,0,0.000280128142286007,NA,88.5245901639344,NA,0.024798228989253
"8477034",2017,0,-0.000109567646318144,NA,61.0169491525424,NA,-0.00668548350415796
"8478004",2017,0,2.3595071712928e-05,NA,171.428571428571,NA,0.00404486943650194
"8471331",2017,0,-0.000762969747943211,NA,102.272727272727,NA,-0.0780309969487375
"8479496",2017,0,-0.000317737418305154,NA,205.714285714286,NA,-0.065363126051346
"8476999",2017,0,-0.000107556862483141,0,90,0,-0.00968011762348269
"8477881",2017,0,-7.58777327243963e-05,0,30.7692307692308,0,-0.00233469946844296
"8471761",2017,0,8.25993122196086e-05,0,63.1578947368421,0,0.0052167986665016
"8477465",2017,0,9.17245533179991e-05,NA,276.923076923077,NA,0.0254006455342151
"8476905",2017,0,-0.000195429611312641,0,63.1578947368421,0,-0.0123429228197457
"8474019",2017,0,2.70650471573529e-06,NA,94.1176470588235,NA,0.000254729855598616
"8476374",2017,0,0.000124506223268418,0,15.3191489361702,0,0.00190732937772895
"8476866",2017,0,6.35775051535321e-07,0,88.3435582822086,0,5.61666303196848e-05
