"player_id","season","off_rapm_raw","def_rapm_raw","toi_5v5_sec","own_cf_per60","own_ca_per60","off_rapm_per60","def_rapm_per60"
"8474593",2025,0.000481642114821384,0.00185584744977604,156126,58.1530302448023,55.4321509549979,0.0280089484703785,0.102873615985434
"8475193",2025,-0.000212303200650205,0.000821307243335125,44164,52.9843311294267,51.9246445068381,-0.0112487430830876,0.0426460866410676
"8476292",2025,0.000556313131185974,4.95631544036157e-05,57991,61.8302840095877,64.0651135521029,0.0343969988994918,0.00317526911486805
"8478399",2025,-0.000231317706399304,0.0022841930646412,59493,55.6099036861479,54.2786546316373,-0.0128635553737659,0.123982926467641
"8480002",2025,0.000719325041914272,-0.000656721107857805,71286,60.9039643127683,52.2683275818534,0.0438097466820274,-0.0343257139954294
"8483495",2025,-0.000201330608440447,-0.000387703814833727,23718,50.2403238047053,65.4186693650392,-0.0101149149598464,-0.025363067674172
"8478414",2025,0.000603541568432746,0.000718336827120579,73540,66.5760130541202,59.6736469948327,0.0401813913386827,0.0428657782449816
"8479407",2025,0.00140896402530024,0.000361837770918828,69509,63.3932296537139,58.2658360787812,0.0893187800296793,0.021082780247468
"8481559",2025,0.00239908658693171,0.000318679029300988,59117,67.5338735050832,54.5629852665054,0.162019610089588,0.017388079180494
"8475455",2025,0.000160855880264834,0.000846909891199747,74183,61.1946133211113,60.8063842120162,0.00984351339323352,0.0514975282372487
"8476462",2025,-0.000478410044779768,-0.000201669004128909,67811,65.1398740617304,61.8483726828981,-0.0311635700668209,-0.0124728997259537
"8477949",2025,0.00037942359786982,-0.000252564273483518,65486,56.5128424396054,56.3479216931863,0.0214423060042853,-0.0142314719047457
"8479420",2025,0.00155110776692889,0.000451668671341061,64139,60.5622164361777,58.2609644677965,0.0939385242965836,0.0263146524122184
"8480045",2025,0.000112592211248255,0.000182849499298389,151937,58.5716448264741,57.3869432725406,0.00659471100746011,0.0104931738436491
"8481524",2025,0.000724425133188368,-0.000725655910491865,85756,57.0502355520313,57.6379495312281,0.0413286244882081,-0.0418253187459675
"8482175",2025,6.41305096539482e-05,-0.0015891976100173,63730,58.013494429625,60.2165385218892,0.00372043496457834,-0.0956959791025012
"8482671",2025,-0.0010952199673559,-0.0013745036288854,77349,61.7616258775162,57.5728192995385,-0.0676425658774207,-0.0791340490523791
"8475722",2025,-4.26522896563845e-05,5.83151364168402e-05,53639,55.7728518428755,59.1957344469509,-0.00237883983176495,0.00345200732956899
"8480802",2025,-0.000131423187596149,7.62819823075641e-05,60438,55.1573513352527,57.7782190012906,-0.0072489549318396,0.00440743707961901
"8480807",2025,-0.000882560853145836,-9.42241082054217e-05,55991,50.1509171116787,59.1523637727492,-0.0442612361921292,-0.00557357872472999
"8484145",2025,-0.000876663566962999,0.0001791901164015,50619,64.6476619451194,49.8547976056421,-0.0566742499166265,0.00893348698612826
"8477365",2025,-0.000572879883112896,0.00095796487727712,55233,52.2079191787518,60.2900439954375,-0.0299088666366909,0.0577557445971215
"8477979",2025,-0.000170081823147954,0.00018847236819453,12080,54.2384105960265,55.1324503311258,-0.0092249677588195,0.0103909434782746
"8478413",2025,-0.000957487419759679,-0.00053645882500737,24983,58.7919785454109,54.6131369331145,-0.0562925798400119,-0.0292976992691052
"8480839",2025,-0.000782433845151155,-0.000112069564675531,79671,63.4860865308582,51.9637007192077,-0.0496736627979383,-0.00582354931853117
"8480035",2025,-0.000654759898680721,0.000159130738346378,52975,59.8017932987258,56.9476168003775,-0.0391558161211991,0.00906211630851069
"8475287",2025,0.00078196672870371,-0.000424754443852221,51088,56.0914500469778,58.2054494206076,0.0438616477014828,-0.0247230232978188
"8476474",2025,0.000434519906943803,-0.000553018872304715,61242,59.2534535122955,54.9034975996865,0.0257468051062616,-0.0303626703281632
"8480192",2025,0.000149652875339039,0.000604024468585186,81017,54.5663255859881,51.4114321685572,0.00816600752062928,0.0310537629948161
"8482110",2025,0.000132159477209798,0.000338018930111265,70856,56.6501072597945,57.971096308005,0.00748684855933341,0.019595327951409
"8481528",2025,-0.000279871395274516,-0.000914832511694882,68748,57.968231803107,58.1776924419619,-0.0162236499163321,-0.0532228445012924
"8482097",2025,-0.000570223741225789,8.33656463517792e-05,51312,55.7764265668849,59.2843779232928,-0.0318050426291746,0.00494228048413845
"8478043",2025,-0.00153594666849311,-1.90522508661012e-05,29675,52.0438079191238,59.201347935973,-0.0799365133890736,-0.0011279189324875
"8479359",2025,-0.000873011951332792,0.000321570079857328,37658,48.8501779170429,56.2111636305699,-0.0426467891463116,0.0180758283775557
"8483429",2025,1.33022553093415e-05,0.000492611561362333,7810,47.9385403329065,74.6734955185659,0.000637690702665489,0.0347474633295753
"8479414",2025,-0.000232998565629874,0.000751456328438647,35785,46.3769735922873,54.8274416655023,-0.0108057683252575,0.0412004280116424
"8481032",2025,-8.47312674559574e-05,0.000232472041723147,58751,52.1454953958231,56.0058552194856,-0.00441835391700688,0.0130197955113248
"8477508",2025,-0.000151955615335458,0.00103730371004632,25676,42.2028353326063,58.0464246767409,-0.00664829130981692,0.0602117716721078
"8482221",2025,-0.00183164598634159,8.1833427382119e-05,23760,60.1515151515152,53.1818181818182,-0.110176281299638,0.00435205045623087
"8474596",2025,0.000859141677332204,-0.000990819671460796,79658,57.9828767983128,60.6492756534184,0.049815506029049,-0.0600924953772552
"8481522",2025,0.000492685318146779,-0.000443116688062594,55525,55.1751463304818,55.7586672669969,0.0271839845236285,-0.0247075959701358
"8483468",2025,0.000152705301620618,-0.000326398194623693,42643,66.6932439087306,61.7967779002415,0.0101844119271402,-0.0201703567402002
"8477073",2025,-0.000107036002170924,0.000572527813465055,7605,34.0828402366864,59.6449704142012,-0.00468298931566006,0.0341484044954305
"8475753",2025,-0.000991146662841462,0.00116400344150466,91581,48.7830445179677,57.784911717496,-0.0483511517772302,0.0672618361062085
"8476412",2025,-0.00161791385629122,0.000702934374582768,181076,53.7586427798273,55.6672336477501,-0.0869768530488925,0.0391304120689341
"8477402",2025,0.00229985793312366,-0.000409365892254158,73527,54.5432290179118,56.0610388020727,0.125441677955025,-0.0229494771699055
"8479385",2025,0.00119730152231428,3.34238808425522e-05,75695,55.1212101195588,54.0749058722505,0.0659967087879532,0.00180739321044633
"8481598",2025,0.00193339286964743,0.000884384198698424,78805,54.4077152464945,59.1586828246939,0.10519148871138,0.0523190043059711
"8482077",2025,0.000409298024607513,-0.000194550566834831,65023,57.9671808437015,54.4238192639528,0.0237258526113934,-0.0105881848871184
"8470600",2025,0.000199368535079886,0.000274044722904999,86878,50.263588019982,59.7941941573241,0.0100209779114028,0.0163862833691716
"8480074",2025,-0.000861384280592789,-0.0002817217615916,22721,51.3357686721535,60.5255050393909,-0.0442198241663408,-0.0170513519009184
"8475831",2025,-0.000588563817680431,0.000407837185029094,70679,59.3387003211704,62.343836217264,-0.034924611997223,0.0254261346667638
"8476905",2025,-0.00117731419686632,-0.00122249876658549,65357,51.666998179231,61.747020212066,-0.0608282904658751,-0.0754856560495804
"8477416",2025,-0.00114473210336541,0.000126892364617231,57926,57.9221765701067,54.6904671477402,-0.0663053750166006,0.00693980269839776
"8478840",2025,-0.00121313069957827,-0.000973442319408978,71999,54.9007625105904,63.600883345602,-0.0666018004318528,-0.0619117914004027
"8480009",2025,-0.00146102469332132,0.000313481862781687,58939,56.987733079964,64.3784251514277,-0.0832604852462316,0.020181468639421
"8482858",2025,-0.00144346961010692,0.000265891965168291,71320,52.9500841278744,60.5215928210881,-0.0764318372911914,0.0160922052503142
"8483524",2025,0.000255096001892469,0.00037565794318843,53182,56.861344063781,65.0520852920161,0.0145051015329026,0.0244373325609171
"8476467",2025,-0.00130649940829119,0.00184965325083651,74874,54.7159227502204,63.9474316852312,-0.0714863206972692,0.118280574899233
"8476826",2025,-0.00163557122836262,0.000756161063983866,47540,62.0950778291965,57.7029869583509,-0.101560922720371,0.0436327520134737
"8477986",2025,-0.000113005646919354,0.00149150471829325,89209,58.1914380836014,62.3076147025524,-0.00657596110580493,0.0929321013144547
"8479293",2025,-0.000447736553823318,0.000209393355293501,56874,53.3600590779618,63.7409009389176,-0.0238912489633753,0.0133469211170306
"8481789",2025,0.000559932645448044,0.00150137529413165,32971,56.0128597858724,60.9262685390191,0.0313634287590139,0.0914731943481137
"8474586",2025,0.00344689294896875,-0.000394664934461096,30967,52.3137533503407,61.1489650272871,0.18031990755738,-0.0241333522748581
"8476457",2025,-0.000796971594126635,-0.00117438396278915,85425,58.1562774363477,61.4855136084284,-0.0463489011369169,-0.0722076011255924
"8477955",2025,0.000192119222029979,0.00105610678094631,59857,54.24929415106,60.2636283141487,0.0104223321879771,0.0636448265070004
"8478407",2025,0.000398552955640193,-0.00101778959651664,65290,63.1337111349364,60.8730280287946,0.0251621271733631,-0.0619559346361727
"8482665",2025,-0.000873753328377406,0.00045835422076273,71163,56.8610092323258,57.0127734918427,-0.0496824960716431,0.0261320453673756
"8475181",2025,-0.000884026740143569,6.22737822360232e-05,35774,52.6304019679096,57.1588304355118,-0.0465266826841368,0.00355949655940684
"8476889",2025,-0.000695060370612044,0.000521998508133416,51648,49.0009293680297,54.7862453531599,-0.0340586041268774,0.0285983383405807
"8476892",2025,-0.000430903261839578,9.35856462917251e-05,84659,52.9843253522957,56.4712552711466,-0.0228311186206737,0.00528489892145524
"8477573",2025,-0.000645069394707484,0.000603260324187639,52158,46.3821465546992,54.1815253652364,-0.0299197032032736,0.0326855645568133
"8480281",2025,-0.000960403733084157,0.000931628617528237,56824,48.0219625510348,55.6243840630719,-0.0461204721040414,0.0518212680255394
"8480023",2025,0.0038243979025878,-7.85689911148609e-05,70854,56.0420018629859,55.1274451689389,0.214326914381625,-0.00433130774966334
"8482089",2025,-5.28870607542553e-05,-0.000486450764017584,69658,51.836113583508,59.1748255763875,-0.00274145968835547,-0.028785639112241
"8475170",2025,0.000796598066071699,-0.000677222954535757,74211,52.8762582366496,59.2796216194365,0.0421211250524228,-0.0401455204968765
"8477953",2025,-0.000664510771379841,-0.000926038774214786,49073,55.2401524259776,57.0007947343753,-0.0367076762997264,-0.0527849460850896
"8475768",2025,-0.00167971172569333,-0.000974867453977174,68287,59.9411308155286,58.6758826716652,-0.100683820282161,-0.0572012083499896
"8477444",2025,-0.00147045224414453,0.000889129975883938,56642,57.1378129303344,62.9215070089333,-0.0840184252489206,0.0559453980094339
"8482516",2025,0.000559107210862142,-0.000111994838391524,21537,54.8265775177601,53.3221897200167,0.0306539348370719,-0.00597181002037548
"8478472",2025,-0.000133331125627221,0.00109475930397482,39568,53.9526890416498,55.3174282248281,-0.00719357276053862,0.0605592692210901
"8475683",2025,0.000829372505995314,0.00171469556859793,215117,64.3631140263206,51.5775136321165,0.0533809971736716,0.0884397340642895
"8477932",2025,-0.00177796314346441,-0.000668893399666771,82196,67.2733466348728,53.696043603095,-0.119609530854309,-0.0359169291543294
"8477935",2025,0.00132162864270469,-0.000291716028233335,82447,68.3784734435455,55.0171625407838,0.0897740764427251,-0.0160493881410653
"8478055",2025,-0.000672731941321643,0.000178632235377218,112214,67.7562514481259,55.5010961199137,-0.0455817945733751,0.00991428486578601
"8478542",2025,-0.0022915329120024,-0.000197255488019162,78364,66.2906436629064,51.1306212036139,-0.151907191711374,-0.0100857956382418
"8479314",2025,0.00110932570684341,-0.000936745838401457,63646,67.7623102787292,47.3996794771077,0.0751704727472937,-0.0445705123065693
"8477409",2025,0.000201595986256128,-0.000791839479737287,89654,67.7805786691057,51.8794476543155,0.0136642926058094,-0.041080194839651
"8477493",2025,-0.00126677721646987,-0.000276816373822725,79136,64.7341285887586,45.9917104731096,-0.0820037192242705,-0.0131709660084319
"8477933",2025,-0.00115634913076196,0.00131913448014907,90258,61.9025460347005,46.5066808482351,-0.0715809552991783,0.0627646232000733
"8478859",2025,0.000371035514786984,0.000686181440890499,98103,61.6494908412587,53.4662548545916,0.0228741505706419,0.0366875517951423
"8475179",2025,0.00105854359669584,0.000306315751348588,88434,58.8642377366171,51.1703643395074,0.0623103619304778,0.0156742885994372
"8480185",2025,-0.000883207694845179,0.000110094832366137,75281,58.484876662106,51.9812436072847,-0.0516542931000432,0.00572286630112732
"8482113",2025,0.000319601416422626,0.00102324499531273,76253,59.8638742082279,52.0268055027343,0.0191325789894955,0.0532361683527818
"8482713",2025,0.000649778704162161,0.00116522245916607,48474,62.6810248793167,54.2146305235797,0.0407287951216386,0.0631721051014653
"8473419",2025,0.00191106614252424,-0.00123364948938148,72679,60.3310447309402,57.3590720840958,0.115296616928415,-0.07076098998794
"8475745",2025,-0.000458323210246147,0.000674286009848998,64579,57.5295374657396,61.2087520711067,-0.0263671222952738,0.0412722052018631
"8476914",2025,-0.000101730444158342,0.000613000962219819,72956,54.970118975821,58.4736005263446,-0.00559213461884718,0.0358443733871066
"8478443",2025,-0.001741152725317,0.00123711505115455,88953,50.6694546558295,62.8916394050791,-0.0882232590643236,0.0778041936998081
"8479987",2025,0.00196357280120117,-8.53704866075218e-05,63614,60.3829345741503,57.8363253371899,0.118566287986511,-0.00493751523762685
"8482511",2025,0.000762766577770606,-0.000823132597579998,70723,56.5021280205874,63.0685915473043,0.0430979348270201,-0.0519138135860445
"8476854",2025,-0.000224071322662934,0.000468371576845166,15051,58.3615706597568,51.9035280047837,-0.013077154330418,0.0243101372554278
"8477496",2025,-0.000719176229876444,0.000477526705121052,62339,53.9950913553313,56.1317955052215,-0.0388319862327614,0.0268044313601371
"8477956",2025,0.00160852808099519,-0.000833964760359105,74882,57.2580860553938,54.80622846612,0.0921012392841403,-0.0457064631889341
"8478401",2025,0.00088851782379973,0.000230509535548734,67633,54.1333372761817,56.1027900581077,0.0480984350316498,0.0129322280792825
"8479325",2025,0.000533974098431125,-0.000397573189020455,54042,55.2237148884201,54.4243366270678,0.0294880333695616,-0.0216376570731461
"8477507",2025,0.000465008466189387,0.00106449619626578,82102,53.0559547879467,58.1423107841466,0.0246714681581566,0.0618922686718266
"8479365",2025,0.00194230552989635,0.000238943654175286,56243,57.0951051686432,63.7519335739559,0.110896138499069,0.0152331199689011
"8479368",2025,-0.00081067187409476,-0.000231815347183813,11833,45.9393222344291,59.6298487281332,-0.0372417164504277,-0.0138231140854304
"8479369",2025,-0.00012734594314656,0.00172856907562624,69824,53.87832263978,62.7463336388634,-0.00686118581171743,0.108461371937066
"8479638",2025,-9.65811076875279e-05,-0.000144022587570179,49284,54.5653761869978,61.5047479912345,-0.00526998447352691,-0.00885807295354938
"8480871",2025,0.000953207885528989,-0.000147077317182655,25207,58.6979807196414,59.1264331336534,0.0559513780865907,-0.00869615715987737
"8484304",2025,0.000217063699459666,0.000127139684689633,58821,59.2441474983424,49.7577395828021,0.0128597538273243,0.00632618332142633
"8479981",2025,5.87661410272066e-05,0.000846962941884601,24533,60.3106020462235,59.4301553010231,0.0035442213452841,0.0503351391704133
"8480003",2025,0.00020491721354931,-0.000236679716165232,57980,56.8747844084167,55.6329768885823,0.0116546223421905,-0.0131671971794166
"8478421",2025,0.00154640967112716,0.000561579864734671,46637,60.5184724574908,56.2729163539679,0.0935863510901068,0.0316017367542868
"8480355",2025,-0.000650982841867324,0.000241874999500479,36477,46.5827781889958,60.3010115963484,-0.0303245893275477,0.0145853071497452
"8481043",2025,-0.000190673756895726,0.00109962163427534,41803,46.5899576585413,59.3354543932254,-0.00888348226036685,0.0652465493303482
"8481556",2025,-0.00119675830029593,0.000561086411847957,43701,46.049289489943,60.1359236630741,-0.0551098694198196,0.0337414496312769
"8473422",2025,0.000314699847448508,-0.000433945254675098,57957,48.8224028158807,55.2823645116207,0.0153644027182273,-0.0239895197470368
"8475852",2025,0.00108521180851902,0.000157517511450416,105317,48.8809973698453,62.177995955069,0.0530462355579433,0.00979412318981653
"8476473",2025,-0.000118135360236695,-0.000339867054140892,70208,49.6353691886964,59.7880583409298,-0.00586369221958801,-0.0203199912611356
"8477450",2025,-0.00125726143962241,0.000424564245404095,45410,43.9198414446157,55.7322175732218,-0.0552187230826457,0.0236619068986717
"8479315",2025,-0.000113689287952731,0.000518068242714225,11373,48.1139541018201,62.6747560010551,-0.00547004118242633,0.0324698007040095
"8482700",2025,-0.000775679158758635,-0.000165026309461174,35363,46.217798263722,65.7636512739304,-0.0358501828768801,-0.0108527326664284
"8477951",2025,0.00292470954688119,-0.000719485607284216,68530,59.9912447103458,53.0045235663213,0.175456966133634,-0.0381359918269252
"8478971",2025,-0.000482344714762481,0.000588092216595067,60428,60.2303567882439,55.6430793671808,-0.029051794265068,0.0327232618832206
"8479343",2025,0.00127247079630129,-0.000806107885668812,70340,58.3963605345465,50.6170031276656,0.0743076633904917,-0.0408027653701342
"8479410",2025,-0.00112002119891906,-0.00113305933956602,83274,60.0907846386627,52.3524749621731,-0.0673029526549819,-0.0593184607052865
"8480434",2025,0.000602212432859607,-0.000731936146858091,26234,62.9869634825036,57.2234504841046,0.0379315325172378,-0.0418839118572603
"8480849",2025,0.00119807461449798,-0.000836539720413389,60308,68.4685282217948,50.6798434701864,0.0813814399526929,-0.042395702087144
"8479976",2025,0.000918329040108794,-0.000161731758289487,37217,60.3595131257221,59.0052932799527,0.0554298937501786,-0.00954302983055363
"8480855",2025,0.00112864745798125,0.000617047278228933,53231,60.4610095620973,58.9731547406586,0.068239164749241,0.0363892246212971
"8480891",2025,-0.000529116554565296,0.000569590405352545,73346,65.868622692444,56.0030540179424,-0.0348521786929875,0.0318988022390603
"8482699",2025,-0.00215527359535226,-0.000695266325125219,51669,61.5920571329037,55.7394182198223,-0.132747734421975,-0.0387537404703136
"8483431",2025,0.00035597941492838,-0.000650504658936282,58610,58.5975089575158,58.9660467497014,0.020859506954957,-0.0383576881297354
"8474034",2025,-0.000955830661229703,-0.00134303000865908,40865,53.3855377462376,66.0712100819772,-0.0510275338440896,-0.0887356178485135
"8474166",2025,0.0014013127456736,-0.000425753605243207,41804,49.8612572959525,71.0458329346474,0.0698712153641289,-0.0300314871715758
"8475225",2025,0.000287927615577626,-0.000616299340075277,33791,54.5470687461158,69.5688201000266,0.015705607440818,-0.0428752179174621
"8477495",2025,-0.0010167268149859,0.000571106519387994,94099,55.1674300470781,57.3863696744918,-0.0560902054427232,0.0327737298451117
"8477987",2025,0.00128130412369895,-0.000288495471560095,63380,50.3818239192174,61.0034711265383,0.0645544387471675,-0.0175992251694533
"8484144",2025,-0.000126390449262232,-0.000187412625086299,79633,48.417113508219,64.963017844361,-0.00611946072828427,-0.0121748897077398
"8478474",2025,0.000366233896947875,0.00067602286930567,52676,62.9432758751614,54.6738552661554,0.0230519612104255,0.0369607765130293
"8481711",2025,-0.00248905291317688,0.000151414393423533,38631,67.282752193834,54.7953715927623,-0.16747033035462,0.00829680795213517
"8482659",2025,0.000244935851259868,0.000712177269697395,33521,66.1555442856717,47.1465648399511,0.0162038645551709,0.0338855049707764
"8477479",2025,6.04386676196118e-05,-0.000595129089099794,64328,44.5466981718692,60.2723541848029,0.00269234308436077,-0.0358698312439019
"8480798",2025,-0.00127255942147126,0.000483996218387393,34600,49.4219653179191,63.7803468208092,-0.0628923875929438,0.030869446668708
"8474013",2025,-0.00020310418730846,-0.000567485493854845,79515,62.7956989247312,56.7289190718732,-0.0127540693965743,-0.0321928386553535
"8477021",2025,0.00016681201985229,-1.33080736256663e-06,58398,61.6459467789993,52.1524709750334,0.0102832848979117,-6.94048923496169e-05
"8477070",2025,-1.69598015868456e-05,8.10185215850081e-05,14630,59.5488721804511,60.041011619959,-0.00100993705690088,0.00486443399591737
"8478831",2025,-0.0010924087191083,0.000805886524529149,54080,55.4511834319527,56.8491124260355,-0.060575356265939,0.0458139336355846
"8481609",2025,0.000676062059565751,0.0007802674911817,25808,62.6317420954743,61.9342839429634,0.0423429445552573,0.0483253083503111
"8475791",2025,0.00125444113035956,-0.000887274729526883,68384,63.1200280767431,58.1188582124474,0.0791803593689168,-0.0515673942008605
"8474673",2025,-0.000706129727378982,0.000103918838492593,47274,52.0116766087067,61.8352582815078,-0.0367269910242298,0.0064258482185038
"8481568",2025,0.000584140915137907,-0.000450615661258559,89188,44.8445979279724,61.1920886217877,0.0261955644726373,-0.0275741134780992
"8476882",2025,0.00118403255672661,-0.00124414722468128,62914,44.6323552786343,53.0438376196077,0.0528461617332919,-0.0659943433608794
"8481624",2025,-0.000884361151867015,0.00121891010669397,59374,48.8698757031697,53.3566881126419,-0.043218619568453,0.065037006400217
"8475690",2025,0.00153104285650087,0.00223011547739046,84384,51.5358361774744,57.2098976109215,0.0789035738333213,0.127584678122039
"8476853",2025,0.00103653006315932,0.000445801521808317,100075,57.6647514364227,63.8880839370472,0.0597712484484617,0.0284814050445531
"8476932",2025,7.32111033699329e-05,0.00108962979437997,112969,50.1907602970727,60.5794509998318,0.00367452094032451,0.066009174736598
"8478483",2025,0.00216483276052685,0.000487948972517239,86293,53.8166479320455,55.5270995329865,0.116504042505031,0.0270943911639832
"8479318",2025,0.00246433781551472,-0.000941741841822184,70652,57.3232180263828,54.1640717884844,0.141263773889411,-0.0510085727266763
"8482720",2025,0.00277940198953552,0.000419678614762398,75450,55.9204771371769,58.4493041749503,0.155425485410845,0.0245299230099692
"8475166",2025,0.00116629714690501,0.00125137798794543,74658,51.6434943341638,62.9751667604275,0.0602316600981404,0.0788057374711915
"8475233",2025,-0.000243175420660056,0.000262217202039304,61063,48.815158115389,66.3838985965315,-0.0118706466092969,0.0174070001504434
"8476469",2025,-0.000828204225399725,1.1446444356799e-05,53234,50.1784573768644,56.8058008039974,-0.0415580104235591,0.000650224438046365
"8478470",2025,0.0022420338667594,-0.00171324756814061,172885,56.1390519709634,59.9496775313069,0.125865655766666,-0.102708639241325
"8481523",2025,0.000964742468391789,-0.00014669399686845,43819,50.7724959492458,63.0959172961501,0.0489823830684875,-0.00925579229425343
"8481618",2025,0.00195723769865206,-0.00070307227553678,63603,55.8086882694213,65.1478703834725,0.109230868593232,-0.0458036614768832
"8483457",2025,0.00201992803803868,-0.00124802764058938,94316,61.1858009245515,57.0634886975699,0.123590914817355,-0.0712168111630272
"8480018",2025,0.000223259741369219,-0.0025986365782043,77093,60.3790227387701,54.2150389788956,0.013480205000784,-0.14088518337933
"8481540",2025,-0.000199813895682881,-0.00216788751951895,73569,60.8245320719325,56.9098397422827,-0.0121535867063812,-0.123374131315118
"8482111",2025,0.000435870516672326,-0.00065492169260856,51995,62.0367343013751,55.0437542071353,0.0270399834326042,-0.0360493486728666
"8482964",2025,-8.49786590888698e-05,-0.00022908396016702,57285,53.5428122545169,63.095051060487,-0.00454999638923595,-0.0144540641638767
"8483515",2025,0.000317712939057992,-0.00201467495966923,69622,60.0327482692252,58.584930050846,0.0190731808923441,-0.118029591587413
"8481122",2025,-0.0016102423529839,-0.00110547191857287,75107,47.5002330009187,65.139068262612,-0.0764868869546828,-0.0720094107663188
"8474157",2025,-0.000717637880532475,-0.00146455275035459,34178,60.5652759084791,67.5171162736263,-0.0434639362368255,-0.0988823783345501
"8477939",2025,0.00250364199932532,0.000906737725218892,84871,56.9240376571503,62.8624618538723,0.142517411449618,0.0569997656630396
"8479982",2025,0.000263407856938651,-0.00046684429142767,55986,61.7297181438217,57.0999892830351,0.0162600927656911,-0.026656804037366
"8480995",2025,5.75105644516426e-05,0.00125919918208996,52607,55.9773414184424,63.9154485144562,0.00321928850147694,0.0804822804923163
"8481582",2025,-0.00288299326599589,0.000582684615266129,42918,60.813644624633,62.9106668530686,-0.175325327933484,0.0366570777114159
"8476875",2025,-0.000232060797522514,-0.00102371807777476,92350,54.9648077964266,60.7731456415809,-0.0127551771329105,-0.0622145678365249
"8479718",2025,3.49126507469092e-05,2.44417224386406e-05,872,45.4128440366972,94.954128440367,0.00158548276327707,0.00172405181031397
"8482087",2025,0.000875552690540069,-0.000335992478166386,60846,56.858297998225,61.8282220688295,0.0497824357918749,-0.0207738175535277
"8475848",2025,0.00314108765337415,0.000222187580729108,59709,60.6541727377782,62.8849922122293,0.190520073112258,0.013972264283804
"8478133",2025,0.000603382183803373,-0.00051924988800309,60403,52.8649239276195,55.8449083654785,0.0318977532460462,-0.0289974624143175
"8482476",2025,-0.00158957321186649,0.00111137036712203,40045,53.3100262205019,55.8271944062929,-0.0847401896040099,0.0620446895427147
"8476931",2025,0.00078693776894968,0.00152694224553317,86244,53.8472241547238,59.8580770836232,0.0423744144404517,0.0913998266353652
"8475171",2025,-0.000818824012497371,0.000465881618177144,91330,57.2342056279426,61.5307127997372,-0.0468647419043716,0.0286660280467347
"8478904",2025,-0.000702049467123323,-0.000200312036100876,49799,48.1455450912669,56.6035462559489,-0.0338005542756858,-0.0113383716010592
"8480144",2025,-0.00164591175618382,0.000920936583183633,36049,46.8362506588255,56.9225221226664,-0.0770883355749329,0.0524220330298431
"8477503",2025,-0.00127377914284182,0.000814237799668386,59807,57.484909793168,66.2731787248984,-0.0732230791226811,0.053962127221991
"8471817",2025,-0.000302700911157188,0.000615715760850268,15808,45.3188259109312,58.9827935222672,-0.0137180498958128,0.036316635590637
"8476981",2025,0.00231983162707631,-0.000277987332670937,59265,56.3705391040243,67.243735763098,0.130770159448857,-0.0186929067436129
"8477989",2025,0.00106057975540626,0.00139779063600471,60389,56.3943764592889,65.3364023249267,0.0598107339914813,0.0913266113600189
"8471675",2025,0.00107874815553737,-0.000621976739831567,76285,65.4545454545455,58.4702103952284,0.0706089701806279,-0.03636711083889
"8471724",2025,-0.000716290286415946,-0.000465606822835256,81810,57.2497249724972,58.4818481848185,-0.0410074218977842,-0.0272295475268671
"8476891",2025,-0.0013537520343223,-0.000354019019768972,82653,60.498711480527,60.3244891292512,-0.0819002537406416,-0.0213560165096015
"8477465",2025,-0.00197471823160565,-0.000153993266973893,92173,56.67169344602,57.9215171471038,-0.111910626263822,-0.0089195236535669
"8478463",2025,-0.000167152987222681,0.00188676721060861,63641,62.6765764208608,58.8299995286058,-0.0104765769776376,0.110998514110693
"8482055",2025,-0.00073381691188768,-0.00108509863618789,59803,61.3414042773774,56.8867782552715,-0.0450133598576788,-0.0617277655019178
"8471215",2025,0.00168251919576274,-0.00201264660313771,57557,58.7313445801553,58.7938912729989,0.0988166146490675,-0.118331325555849
"8474578",2025,0.000399881815445378,-0.00148644581934903,91055,64.2864202954258,59.6606446653122,0.0257069704562195,-0.0886823158424215
"8476483",2025,-0.000223528493927619,0.000608518981321009,75225,64.6061814556331,57.284147557328,-0.0144413224391921,0.0348584911174276
"8477969",2025,0.00352820764612468,0.000247786383798442,81660,62.8214548126378,60.7935341660544,0.221647137210624,0.0150638099893337
"8478047",2025,0.000574232674010122,-0.00117470969821207,56417,62.5981530389776,54.9408866121914,0.0359459048076669,-0.0645395923317109
"8474189",2025,-0.00099393324698748,7.54288339086277e-05,58156,57.1978815599422,54.5979778526721,-0.0568508761396787,0.00411826180319614
"8477435",2025,0.000372051840604864,0.000360548161849596,46155,55.1446213844654,55.3786155346116,0.0205166578855487,0.0199666580367797
"8479344",2025,-0.000275832684063088,-0.00040689803973308,17664,68.070652173913,64.6059782608696,-0.0187364465813979,-0.0262880459093858
"8481030",2025,-0.000419250192567067,0.000592433708557978,15781,52.6962803371143,61.1368100880806,-0.0220929256789033,0.0362195071298864
"8483487",2025,-0.000186599737368509,-0.000113791774643399,5752,68.2197496522949,45.6884561891516,-0.0126751331996186,-0.00541423028981356
"8475842",2025,0.000314309475496726,0.000129202612233756,47126,51.1055468318975,63.0225353308153,0.0160629576197071,0.00814267619433548
"8476885",2025,-0.000502653430392986,0.000490396831469237,77138,57.1235966709015,70.6577821566543,-0.028713371823014,0.0345912423802893
"8477380",2025,-0.000251478236193303,0.000489580834565285,29549,53.7277065213713,64.3270499847711,-0.0135113488707059,0.031493290816667
"8478048",2025,0.000680694784403125,-0.0019849956498919,165581,56.4847416068269,60.3112675971277,0.0384488690101252,-0.119717603819765
"8481726",2025,0.00052170744573735,0.000344837916939289,27466,48.8895361537901,60.0305832665841,0.0255060350300777,0.0207008212862994
"8482073",2025,0.000620991922774973,4.12903051419633e-05,71977,55.0175750586993,65.8210261611348,0.0341654697221181,0.00271777025495041
"8476389",2025,-1.70579393523682e-05,-0.00154981545106245,74229,59.4592409974538,55.4338600816392,-0.00101425212687241,-0.0859122528665587
"8478550",2025,4.75955185131936e-05,-0.00113876582865499,72489,62.8729876257087,54.7283036046848,0.00299247244651921,-0.0623227220052707
"8481708",2025,-0.000775054144183611,0.000535634704796916,39332,57.2968575205939,60.5003559442693,-0.0444081668700342,0.032406090296317
"8482109",2025,0.000192486559833665,-0.0017895951022471,68477,64.611475385896,58.1450706076493,0.0124368406228087,-0.104056133579261
"8483768",2025,0.000100974165290034,-0.00045027888824608,23284,48.0845215598694,74.2140525682872,0.00485529442787845,-0.0317614331140401
"8475184",2025,-0.00116459785898588,0.00143650765128284,46054,54.7183740825987,62.2226082424979,-0.0637249013037831,0.0893832528231231
"8475191",2025,0.000735508434752355,0.00107348454527944,66171,60.5522056490003,61.2050596182618,0.0445366579976989,0.0657026855931108
"8476459",2025,-0.00107500120772786,0.000377050980066704,63126,54.8046763615626,58.2264043341888,-0.0589150932778141,0.0219543228199661
"8479323",2025,0.00180110969684199,-0.000930109096231945,75254,63.098307066734,50.2298881122598,0.113646972712208,-0.0467192758359257
"8480817",2025,0.000644082696458695,-0.00059642418287806,77054,58.8210865107587,58.7743660290186,0.0378856440084796,-0.0350544532330335
"8475763",2025,-0.000412211989409432,0.000593689866540793,35817,61.2111567132926,54.9794790183432,-0.0252319726828388,0.0326407595608825
"8478569",2025,-0.00143590680094542,0.00113575088125083,52449,48.8016930732712,61.4311045015158,-0.070074682981561,0.0697704310738081
"8479996",2025,-0.000984192866630944,0.00133840843204246,45336,62.1757543673902,53.9174166225516,-0.0611929339257831,0.0721635250415694
"8480078",2025,0.00162086884791261,-0.000575063317395027,42221,63.0965633215698,61.0501882949243,0.102271253898278,-0.0351077238084702
"8482157",2025,0.000243840181929076,-0.00145335025152128,58815,58.4544758990054,59.8622800306044,0.0142535500377823,-0.087000859739116
"8481554",2025,-0.00102728516324414,9.97886018100139e-05,61404,58.8626148133672,59.624780144616,-0.0604686908675272,0.00594987344386071
"8476331",2025,0.000491083738869873,0.00100698551699371,102959,56.6788721724181,56.6439067978516,0.0278340724613587,0.0570395937713779
"8476460",2025,0.00232745842627527,0.000619144307077118,89516,55.4984583761562,60.8070065686581,0.129170354592872,0.0376483119473856
"8476945",2025,-0.000284045323683616,0.000670750345010693,220611,56.8366944531324,56.5429647660361,-0.0161441972730468,0.0379262131247462
"8477504",2025,0.000583316558865669,0.000588963769364569,106460,58.2303212474169,55.8294195002818,0.0339667106116857,0.0328815053503218
"8478398",2025,0.00184464811143142,0.000406047849362384,89807,55.9199171556783,59.4875677842484,0.103152569572623,0.0241547989625931
"8480014",2025,0.00121090197530565,7.87779500974057e-05,73445,55.7314997617265,59.5547688746681,0.0674853831482211,0.00469160261047114
"8476480",2025,-0.000964074583634815,0.000131698517752578,65942,60.3803342331139,54.7026174517,-0.0582111455855203,0.00720425363557522
"8477940",2025,0.000136530142426163,0.000742278263743025,59270,58.734604352961,53.3288341488105,0.00801904389765409,0.0395848344194188
"8482149",2025,-0.000160420090625052,-0.000433762769181893,71698,60.0518842924489,52.2190298195208,-0.00963352872039982,-0.0226506709785072
"8474641",2025,-0.000818445981340516,-0.000151514885035771,71339,52.3808856305807,60.6568637070887,-0.042870925343406,-0.00919041773120997
"8477015",2025,8.30848325573506e-05,0.00105026022365037,70404,53.0765297426283,60.3374808249531,0.00440985458639151,0.0633700561057152
"8477406",2025,-0.00101412489433157,-0.00111468639359487,64577,50.2284094956409,57.1968347863791,-0.0509378804722098,-0.0637565334930706
"8479973",2025,0.001754572636268,-0.002083301967345,191013,59.7069309418731,55.0140566348887,0.104760147226153,-0.114610892419093
"8480803",2025,-0.000123232331829235,-0.000920071068713038,116802,67.930343658499,47.5574048389582,-0.0083707846670247,-0.0437771241780721
"8480834",2025,0.00114308781244174,-8.93269124593009e-05,60147,52.192129283256,54.9453838096663,0.0596601868890737,-0.00490810148960875
"8480049",2025,-0.000675299112496468,2.67451487895271e-05,77716,62.2574502033043,54.70688146585,-0.0420424008685845,0.00146314368461518
"8480145",2025,-0.00226131350933516,0.000446547333901995,86351,60.0757373973666,56.9072738011141,-0.135850076559936,0.0254117913955183
"8475784",2025,-0.000276909357911679,-0.00137435937466575,49883,62.3539081450594,59.9001663893511,-0.0172663806677322,-0.0823243552212429
"8476967",2025,3.01731262809649e-05,0.000533301002334187,109167,59.8202753579378,54.906702574954,0.00180496472253715,0.029281799518088
"8477934",2025,0.00270246965941613,-0.000510054360456164,97331,68.9811057114383,49.1189857291099,0.183570263195923,-0.0250533528523166
"8478042",2025,-0.00146240934062722,-0.000802178185958229,59500,67.7042016806723,53.909243697479,-0.0990112569375246,-0.0432448193156238
"8478408",2025,-0.000974009140725157,-0.000253477484115829,13070,54.5371078806427,61.6985462892119,-0.05311964158446,-0.0156391922869934
"8470621",2025,-0.00026555917540693,-0.000757779258725313,63434,63.7323832644954,51.7577324463222,-0.0169247191464378,-0.0392209361264771
"8478585",2025,-0.000820502011363996,2.22207161175866e-05,18325,55.9890859481583,55.0068212824011,-0.0459391576348955,0.00122229096024705
"8481617",2025,-0.00147606366856535,-7.41397133511785e-05,70311,65.8446046848999,52.0715108588983,-0.097190828746429,-0.0038605668888415
"8475218",2025,0.00195339748390099,-0.00154581368634043,78806,68.8881557241834,48.6054361343045,0.132688146561257,-0.0751349484069538
"8475786",2025,0.00306098059250809,-0.00014330258647634,78939,71.4627750541557,50.6213658647817,0.207922783164833,-0.00725417265938834
"8476454",2025,-8.33826600365154e-06,0.00141898675100561,85399,58.0896731811848,51.5134837644469,-0.000484367147049902,0.0730969509598929
"8478402",2025,0.00317854567207763,-0.0015423984168736,92823,70.1593355095181,47.4322096894089,0.215908609212514,-0.0733875559438951
"8475799",2025,-0.00137916816703288,-0.000792401431123779,71499,59.0106155330844,57.6008056056728,-0.0813855624602463,-0.0456429607958177
"8476392",2025,-0.0011363547632189,0.00104744435036503,66758,60.3972557596093,54.681086910932,-0.0686327092677822,0.0572753955566752
"8478891",2025,-0.00105500674944353,-0.000230445144070723,64130,60.9075315764853,60.4584437860596,-0.0642578569051372,-0.0139323547885702
"8477938",2025,-0.0017173268505104,-0.000824922826367001,38554,52.1035430824298,58.4530787985682,-0.0894788135421822,-0.0482192789723679
"8480113",2025,-5.31301605131089e-05,0.000757119778587625,57031,53.0869176412828,50.8144693237011,-0.00282051645542755,0.0384726397634083
"8480289",2025,-4.52290158028576e-05,0.00063741772392727,45653,52.6756182507174,53.8584539898802,-0.00238246637028699,0.034330333156471
"8480845",2025,0.000198370337694456,0.000196951267258994,31882,51.8286180289819,52.2802835455743,0.0102812604606461,0.0102966680969604
"8476525",2025,0.000202659920450534,0.00198919179654318,49655,58.2177021447991,56.1876950961635,0.0117983948854779,0.111768102151958
"8477498",2025,0.000289561365508732,0.00038973985396452,107083,60.6146633919483,59.0009618706984,0.0175516647016247,0.0229950262632522
"8475717",2025,0.000322518551881314,0.000172606247997536,111910,64.819944598338,53.4000536145117,0.020905634664883,0.00921718289726813
"8474574",2025,0.000595836204369756,0.00052822046580624,73438,53.4818486342221,59.4624036602304,0.0318664216928927,0.0314092585593656
"8478466",2025,-0.00150060728948972,0.000830636007687725,16669,55.0722898794169,57.231987521747,-0.0826418796419441,0.0475389496270976
"8478498",2025,0.000799328613028532,0.000141966120049615,62865,51.1954187544739,56.6929133858268,0.0409219630664285,0.00804847294769473
"8480012",2025,-0.000357983728745129,0.000872579199229105,55109,51.8027908327133,54.7424195684915,-0.0185445562216987,0.047767096630938
"8480800",2025,-0.000452803516637573,-0.00143064701182433,79335,61.5314804310834,48.0544526375496,-0.0278616707231105,-0.0687489590707643
"8481668",2025,-0.00119027847464504,0.000147531352346087,26536,54.40156768164,56.8435333132349,-0.0647530149984014,0.00838620334183141
"8475172",2025,-0.000754044903738951,0.000766918695715936,74150,65.9312204989885,59.3283884018881,-0.0497151008145514,0.0455000502521044
"8477346",2025,-0.00177626845473389,-0.00130348974594032,87583,62.6422935957891,51.256522384481,-0.111269530046379,-0.0668123513407313
"8478435",2025,-0.00120929429305252,0.000984325723634749,88481,59.2398368011212,56.8393214362406,-0.0716383965649585,0.0559484062036356
"8482624",2025,-0.00121837223295915,-0.000797855095868849,42745,63.16528248918,57.4382968768277,-0.0769588262718377,-0.0458274378612048
"8483808",2025,0.000460054484882424,0.00023051904484645,54000,58.8,58.0666666666667,0.0270512037110865,0.0133854725374172
"8484180",2025,0.000109838084751627,0.000234626069305655,3095,56.9951534733441,81.421647819063,0.00626023849763717,0.0165498769797732
"8475762",2025,-0.0026213661901687,0.000916260615523098,44831,49.1445651446544,55.970199192523,-0.12882590150074,0.0512832891630916
"8476468",2025,0.000164341974389525,-0.000308350096241846,56085,52.8911473656058,51.7357582241241,0.00869223558579097,-0.0159527260275535
"8477369",2025,-0.00149798198603099,0.000265803688146156,65245,51.4246302398651,60.7494827189823,-0.0770331697376227,0.0161474365596767
"8478046",2025,0.000498525075189589,-0.000911603178545848,52380,55.1202749140893,55.3951890034364,0.0274788391960172,-0.0504984303716807
"8478444",2025,-0.000228242963265862,-0.000741717552339878,61454,52.8395222442803,56.1786051355485,-0.012060249134587,-0.0416686574950076
"8481535",2025,0.000778368602573737,0.00147882790864582,44471,57.394706662769,57.394706662769,0.044674237620229,0.084876894021443
"8476927",2025,-0.00257098685418553,-9.36486056730283e-06,56561,52.8279202984389,58.238008521773,-0.135819888621247,-0.000545390829523798
"8479425",2025,0.00152585773956994,0.000971634385094888,64659,59.9081334385004,52.2247482949009,0.0914112890703249,0.0507433611962514
"8480748",2025,-0.00119200027364665,-0.000518686884549284,53695,56.9885464195921,57.0555917683211,-0.0679303629268785,-0.0295939871404263
"8482496",2025,-0.000225245688919769,4.93363981553694e-05,11439,52.8717545239968,56.9630212431157,-0.0119091347721546,0.00281035029618312
"8474150",2025,0.000228149613470028,9.83402534741905e-05,62831,61.0208336649106,55.5203641514539,0.0139218796142682,0.00545988668363333
"8477511",2025,0.000262123734026781,0.000502304585370737,9118,60.407984207063,62.7769247642027,0.0158343663853861,0.0315331371645328
"8482074",2025,0.000285061411175396,0.000431801444443779,43429,64.4914688341891,57.1139100600981,0.018384029114648,0.0246618688617824
"8481167",2025,-0.000712918501237982,0.000352338706769516,55802,61.2881258736246,61.1590982402064,-0.0436934388415092,0.0215487175811441
"8479576",2025,0.000365761057220414,0.000390771556186258,42849,50.2415458937198,56.542743121193,0.0183764009424749,0.0220952957205084
"8478856",2025,0.000562881110516178,0.0015404972396801,65224,53.7593523856249,52.8762418741567,0.0302601239714511,0.0814557046517958
"8482691",2025,-0.000704427103916917,0.000112921677655215,17081,54.7977284702301,53.5331655055325,-0.0386010051675098,0.006045054859079
"8479066",2025,-0.00131086164857873,0.00079622018626208,38018,53.1222052711873,62.1179441317271,-0.0696358615779266,0.0494595610467812
"8479402",2025,0.000149509848005433,0.00093357115164977,52374,65.4370489174018,58.700882117081,0.00978348323756483,0.0548014501209007
"8483609",2025,0.000701232342490888,0.000107576846311021,14208,62.5844594594595,68.6655405405405,0.0438862471102827,0.00738682230159291
"8476399",2025,0.000652994093518806,-0.0011344435644491,65795,64.673607416977,55.8097119841933,0.04223148364984,-0.0633129685942258
"8478397",2025,-0.00117493391611645,0.00070416754947687,86717,62.5206130285872,63.3924144054799,-0.073457588703679,0.044638881107329
"8480860",2025,-0.00124510752219967,-0.00010641757921634,76826,60.0265535105303,61.6666232785776,-0.0747395133076824,-0.00656241276775224
"8476456",2025,0.000625190720616147,-0.00110610825257107,69688,61.5256572150155,56.1531397084146,0.0384652699706376,-0.0621114512392539
"8481028",2025,-0.00342738719273429,-0.000796702384723385,58813,66.4138880859674,56.436502133882,-0.227626109445533,-0.0449630958355102
"8477492",2025,0.00376897573420776,-0.00167442127789594,90391,72.166476751004,49.5845825358719,0.256014666102503,-0.0830254800536513
"8477494",2025,-0.00162880338032597,-0.0025721402147334,43049,67.1513856303282,49.7572533624474,-0.109376403908252,-0.12798263234823
"8478038",2025,0.000304901015471074,-0.00142549048670845,96982,67.1134849765936,51.0403992493452,0.020462969721166,-0.0727576035677428
"8478420",2025,0.00286868339237309,-0.00143706545060537,96245,61.792300898748,56.4060470673801,0.177262547364759,-0.0810591814457521
"8480069",2025,0.00240316940913277,0.000282525949335664,99775,65.1986970684039,49.9002756201453,0.156683514310103,0.0140981227416929
"8480382",2025,0.00063355152041484,-0.00309123426017204,128707,58.0947423217074,58.1227128283621,0.0368060123260261,-0.179670921189174
"8474565",2025,-0.00033600552123943,-0.000789504973564783,90354,63.9484693538748,59.4063350820108,-0.0214870387777124,-0.0469015970085036
"8476871",2025,0.00128604354625502,-0.00133638249633622,54806,58.1980075174251,63.5185928547969,0.0748451719726859,-0.0848851356830574
"8477447",2025,0.00028669532475377,0.000214432493114954,85350,59.0509666080844,53.6942003514939,0.0169296360487288,0.0115137812471847
"8478434",2025,0.00101825042682102,-0.000390396754295243,66017,59.8754866170835,56.7126649196419,0.0609682398039616,-0.0221404403120619
"8478499",2025,0.000157590765326563,0.000543528124829076,181941,59.1224627763945,57.3020924365591,0.00931715415692324,0.0311452988508254
"8479353",2025,-0.00133259069586664,-0.000519852060887164,68632,58.1186618487003,59.3775498309826,-0.0774483880357977,-0.0308675416500666
"8475177",2025,-0.00260253875611628,0.00120084997992438,38195,61.1703102500327,57.1174237465637,-0.159198103149367,0.0685894571593932
"8479999",2025,-0.00182783473659323,-0.000635379417730723,66476,52.0969974126,55.6712196883086,-0.0952247015429581,-0.0353723471499167
"8481042",2025,0.000437376117078118,-0.000504495950137432,34192,54.7496490407113,57.2765559195133,0.023946188908816,-0.0288957904992147
"8484221",2025,-0.000102446106893908,0.000279095488962412,4538,50.771264874394,69.0171881886293,-0.00520131842846109,0.0192623858843163
"8484258",2025,-0.00056039641300708,0.000573258038050428,67359,63.5995189952345,57.2930120696566,-0.0356409423139051,0.0328436796930509
"8476312",2025,-0.000559542354679224,-0.000488214865864115,53102,57.6249482128733,49.8964257466762,-0.0322435992112995,-0.0243601768030123
"8477425",2025,-0.00011909669800736,0.000402336916060019,21663,61.9858745326132,62.8167843788949,-0.00738231297993273,0.0252735113038117
"8479398",2025,0.000866001878499011,-0.000374430409142842,80650,64.0991940483571,55.4841909485431,0.0555100224561499,-0.0207749683178225
"8479525",2025,0.000444475540053515,0.00127486200602317,44875,64.6596100278552,56.7977715877437,0.0287396150867806,0.0724093210239968
"8481186",2025,-0.000700695969205588,0.00126817047345939,58783,58.6087814504193,49.7286630488407,-0.0410669369223601,0.0630644221631506
"8478396",2025,0.00189729412437514,-0.00112249798578056,98118,63.621353880022,56.4667033571822,0.120708420901357,-0.0633837607821052
"8478462",2025,0.000709401640923741,-0.00173712751092874,59964,58.4150490294177,54.3325995597358,0.0414397316361097,-0.0943826534354921
"8479980",2025,-0.00107270489716819,-0.000378874784273187,73184,56.3237866200262,61.9315697420201,-0.0604188017343583,-0.0234643101257077
"8480448",2025,-0.000765477286923027,0.000723163273736878,52594,58.7291326006769,51.1997566262311,-0.0449558170865088,0.0370257836163567
"8481641",2025,0.000616095109673651,0.00195683076266119,52280,59.150726855394,53.3664881407804,0.0364424735492502,0.104429185689073
"8483930",2025,-0.000686612092097852,0.000442020458298829,20386,54.566859609536,51.0350240361032,-0.0374662656357132,0.0225585247137301
"8476881",2025,0.000905015912114659,0.000308433969032469,69864,62.3497080041223,52.8684300927516,0.0564274778594334,0.016306419730023
"8481604",2025,0.0002619544915372,0.000359345712685344,73678,61.5163278047721,52.1838269225549,0.0161144783713348,0.0187520344761341
"8482125",2025,8.64925394157214e-05,0.000492319235635163,32782,55.7867122201208,62.0462448904887,0.00482513440557231,0.0305465598585175
"8475913",2025,4.93693532854263e-05,0.000411446061166887,67659,59.6461668070767,54.7510309049794,0.00294469268122004,0.0225270960106803
"8480727",2025,-0.000571449339015933,0.000535623676210493,78347,60.6532477312469,55.6907092805085,-0.0346602583251907,0.0298292624355958
"8477964",2025,0.00208475300209483,0.000458441816338122,70889,62.3622846986133,63.1748226099959,0.130009960242927,0.0289619804241652
"8478109",2025,-0.00137193489930393,0.00187083054132745,48926,59.0115684911908,51.7270980664677,-0.0809600302757286,0.0967726348769879
"8478403",2025,0.00128377440916895,-0.000525936535669248,85389,58.4337561044163,55.6090362927309,0.0750157607184694,-0.0292468238997044
"8482153",2025,-0.000880094568583525,8.37219795033493e-05,5210,47.6775431861804,64.9520153550864,-0.0419607468015639,0.00543791129825977
"8475188",2025,0.00114205052932695,0.00124293595541489,96329,58.3749442016423,54.974099180932,0.0666671359249165,0.0683292844885249
"8481020",2025,0.000495494454752305,0.00073207340920393,82018,58.7724645809456,55.7438611036602,0.0291214302919848,0.0408085984403469
"8480280",2025,-7.52355157036845e-05,-0.000145995331468198,157957,52.966313616997,59.1882600961021,-0.00398494791989786,-0.00864120965175634
"8480051",2025,-0.000381471480584172,-0.00129136868458437,24595,53.1327505590567,61.3295385240903,-0.0202686290232729,-0.0791990454900207
"8478450",2025,-0.000390445232645656,0.00051302980538644,48683,52.6508226691042,58.122958733028,-0.0205572627060235,0.0298188102072894
"8482775",2025,0.000315978529147848,-0.000647582845185683,8774,50.8775928880784,73.0339639844997,0.016076226967358,-0.0456787110390222
"8479362",2025,-0.000438271219828504,-9.34055498722073e-05,3128,43.7340153452685,46.0358056265985,-0.0191750382879651,-0.00444425055272775
"8475311",2025,-0.00146744752672802,0.000981504647792098,158703,59.4771365380617,56.0291865938262,-0.0872795769096433,0.0549929070538511
"8477960",2025,-0.000381729718693331,0.000503260375882124,75287,57.4282412634319,57.1413391422158,-0.0219220663825426,0.0287569718151194
"8479998",2025,0.000789141170420151,0.00168083375868288,93249,54.5507190425635,53.9330180484509,0.0430482182725094,0.0906524374434895
"8481532",2025,-5.16229465376893e-05,0.00146634598878259,43570,62.8781271517099,56.4333256828093,-0.00324595419634275,0.0827507807486488
"8481606",2025,-0.000585928873226612,-5.66192435622739e-05,67776,64.5892351274787,50.885269121813,-0.0378446977608123,-0.00288108544613979
"8481732",2025,0.000841170556408999,0.000460389259148944,10014,53.2055122828041,51.0485320551228,0.0447549103709521,0.0235021958534991
"8471685",2025,-0.000291120882479263,-0.000986156969937259,75611,57.6582772347939,56.9440954358493,-0.0167855285508272,-0.0561558166108352
"8482155",2025,0.00139830554704746,-0.000368379196622236,69499,63.0397559677118,52.9906905135326,0.0881488404541693,-0.0195206679998327
"8473453",2025,-0.00273041548002494,0.000656500045476137,33132,49.5472654835205,58.0224556320174,-0.13528462066911,0.0380917447610566
"8476441",2025,-0.000394422668671743,-0.000435530855839273,85510,61.5506958250497,60.5823880247924,-0.0242769897059188,-0.0263854993052248
"8477998",2025,0.00164540426406282,0.000828496653639485,68953,63.5389323162154,55.1854161530318,0.1045472301671,0.0457209326124892
"8478882",2025,-0.00185957844852472,0.000957966909517506,97595,60.7531123520672,52.1952968902095,-0.112975178410705,0.0500013672532627
"8477942",2025,-0.000833380309635024,0.000366835137588865,76804,64.7778761522837,51.9816676214781,-0.0539846064852895,0.0190687021940235
"8482124",2025,0.0016069761279413,0.000776488555311033,74567,61.9898882883849,52.1410275322864,0.0996162706531823,0.0404869111409779
"8479661",2025,-0.000848163013421428,0.00120366420422961,42769,55.3017372395894,54.7966985433375,-0.0469048881045702,0.0659568245465761
"8482730",2025,-0.000616041275491056,-0.000158943097990521,66791,66.1885583386983,58.3731341048944,-0.0407748839018859,-0.00927800677404804
"8477335",2025,0.000499083389919117,-9.11656126272898e-05,13377,58.936981385961,52.7472527472527,0.0294144684617053,-0.00480873561110979
"8476479",2025,0.00102454185361294,-0.00109614954868826,70078,66.3203858557607,52.5014983304318,0.0679480110569862,-0.0575494937003604
"8479675",2025,-0.00105451763363651,-0.000780793541825613,60624,64.7862232779097,55.4038004750594,-0.0683182148632681,-0.0432589296035212
"8473512",2025,-0.00246424257206303,-0.000712699089196687,66641,60.2872105760718,52.1840908749869,-0.148562310852485,-0.0371915540371603
"8475324",2025,-0.000633916058898816,-0.000107999712618271,77958,62.0180096975294,58.138997921958,-0.0393142122882064,-0.00627899506748574
"8476999",2025,-0.000277556742990227,-3.49221350006641e-05,136241,58.2643991162719,56.5732782348926,-0.0161716768509951,-0.00197565965994905
"8478469",2025,3.70905131758892e-05,0.00019704972589444,91559,66.3703185923831,57.6808396771481,0.00246170917623875,0.0113659936477432
"8480801",2025,0.00164850055857391,0.000469754439672733,67252,65.0924879557485,54.4400166537798,0.107305002754017,0.0255734395189706
"8482116",2025,-0.000126540706727236,-0.000710511806298419,80428,62.3066593723579,49.3708658676083,-0.00788432871079132,-0.0350785830861113
"8480064",2025,-0.00104757307107095,-0.000286547899416823,44666,51.5022612277795,56.4187525186943,-0.0539523819614835,-0.0161666750219494
"8480208",2025,0.000740856762156028,0.000900176370068813,73665,56.9334147831399,57.17776420281,0.0421795053347232,0.051470072228736
"8482092",2025,-0.00056137580324761,4.25441860000096e-06,64926,54.7823676185195,59.9944552259495,-0.0307534956256523,0.000255241526210204
"8477220",2025,0.000519352513437948,0.00165400981436183,81485,63.6190709946616,48.995520647972,0.0330407244236647,0.0810390720115134
"8482105",2025,-0.00167598822278259,0.000911541253074171,90491,55.4574488070637,53.9059132952448,-0.092946031066207,0.0491374637532551
"8482245",2025,4.67293122533144e-05,0.00227505779569859,61615,54.6295544916011,53.6947171954881,0.00255280151009748,0.122158584943427
"8474102",2025,-8.54650008871633e-05,-1.75508072576861e-05,32586,58.2213220401399,55.1279690664703,-0.00497588533981238,-0.000967540359593304
"8478020",2025,0.000561167885960958,0.000577082696170397,57017,55.4360980058579,58.4036340038936,0.0311089579238718,0.033703726577116
"8481596",2025,0.0016482819721947,0.000801825626592491,59540,55.5055424924421,58.2264024185422,0.0914887850471792,0.0466874216034741
"8474612",2025,0.000702451884317989,-0.00112964049569706,51781,57.7740870203356,65.0045383441803,0.0405835162921863,-0.0734317589176784
"8476393",2025,-0.000544123658083125,0.00018942102821199,35774,59.8758875160731,55.9512495108179,-0.0325798869462194,0.0105983432120847
"8478874",2025,-0.000351951391635045,0.00113901853588569,43960,58.7170154686078,56.8334849863512,-0.020665535306833,0.064734392858435
"8482095",2025,-0.00176971103365975,0.000784505732688243,66833,51.6032498915207,57.6900632920862,-0.0913228407057253,0.0452581853717893
"8479393",2025,-0.00264367285034029,0.000342647740558667,28885,49.2297039986152,62.9392418210144,-0.130147231891428,0.0215659890024461
"8475765",2025,-7.32645259706221e-05,0.00119082241670246,57358,51.9683392029011,63.516859025768,-0.00380743573718104,0.0756372995664142
"8476874",2025,-0.000603786673202994,0.000365349261959132,74295,57.9527559055118,54.8516050878256,-0.0349911016911341,0.0200399934361109
"8476979",2025,-0.000220814568482123,8.7151496333629e-05,50955,57.0856638210185,53.2705328230792,-0.0126053462231537,0.00464260664602105
"8477429",2025,0.00159123986913278,-7.47771536411175e-05,42994,53.0027445690096,59.450155835698,0.0843400803316691,-0.00444551343691437
"8478024",2025,0.00012007845362727,0.00158912223464902,29326,60.2741594489531,63.8341403532701,0.00723762786031382,0.101440251765088
"8478432",2025,-0.000567150999364855,-0.000218210434901046,27986,47.2093189451869,62.1310655327664,-0.0267748124190969,-0.0135576468307704
"8474141",2025,0.000249591831099584,-0.00154913237975702,59742,52.4856884603796,57.7282313949985,0.0130999990893484,-0.089428672480098
"8475279",2025,-0.000314351516844052,-0.000282692938021129,85906,52.3828370544549,66.1280934975438,-0.0164666242846627,-0.0186939450365566
"8477456",2025,-0.000432399101138028,0.000907960015073561,57340,47.5270317404953,62.4066968957098,-0.0205506458043487,0.0566627854541199
"8479992",2025,0.00225792467941734,0.000865010707257534,48778,50.9245971544549,59.7072450694985,0.11498390470443,0.0516474062859659
"8481542",2025,0.000219879375189851,-0.000808852061350734,92079,53.0935392434757,54.3055419802561,0.0116741742354733,-0.043925149573499
"8482446",2025,0.00177492809652257,-0.000906798036188112,39252,63.4668297156833,58.2390706206053,0.11264905925958,-0.0528110748681857
"8477946",2025,-0.000972379270385735,0.000207105853196746,72752,56.5097866725313,51.7594018033868,-0.0549489451342896,0.0107196750714436
"8479337",2025,-0.000195980573650339,-0.000355089756562428,68295,56.9822095321766,56.3496595651219,-0.0111674061119798,-0.0200091868973548
"8482078",2025,0.00178655696846998,0.000227855795539758,68648,55.8501340170143,51.0779629413821,0.0997794461180792,0.0116384098805589
"8473507",2025,0.00126401888740681,0.00154397327081561,41071,51.9782815125027,68.0187967178788,0.0657015295667519,0.105019204045445
"8482762",2025,0.0020497471471704,-0.000434041954918407,81157,54.2504035388198,58.8193255048856,0.111199609886539,-0.0255300550291227
"8477353",2025,-0.000359376229556586,0.000270239961761432,29503,48.6865742466868,57.1060570111514,-0.0174967974828011,0.0154323386630397
"8481013",2025,-0.000917068235550108,0.00123607793350523,50021,51.4583874772595,61.0303672457568,-0.0471908526080242,0.0754382902262001
"8480813",2025,-0.00126467501170624,-0.000594047584964256,46439,49.7685135338832,60.6989814595491,-0.0629409954360661,-0.0360580833458353
"8475660",2025,-0.000292186893560995,-0.000699924782658077,125265,53.7133277451802,59.0875344270147,-0.0156943303766878,-0.0413568296916299
"8483710",2025,0.00113626951995305,-0.000204953021729663,18100,59.4696132596685,55.6906077348066,0.0675735089103572,-0.01141395833721
"8482259",2025,-0.00145629712495836,-0.000626342618150583,62667,58.193307482407,64.1677437885969,-0.0847467463784471,-0.0401909926453656
"8479619",2025,-0.000130157090531653,-0.00118162433485194,31644,68.6006825938567,57.9067121729238,-0.00884116174346733,-0.0684239802547936
"8473575",2025,0.000532183604189175,-0.000746441940583191,30349,56.2259053016574,57.4121058354476,0.0299225049322353,-0.042854803692779
"8477500",2025,0.00139408644223534,-0.000584886463650386,72034,61.3210428408807,58.222506038815,0.0854868344482043,-0.0340535556619058
"8478445",2025,0.00180497715804504,0.000461511577110285,29852,72.1157711376122,51.6146321854482,0.12260642069023,0.0238207503018735
"8480865",2025,0.000529041556339693,0.000600148876716294,75456,62.6908396946565,54.7232824427481,0.0331660594003033,0.0328421164882438
"8481014",2025,-0.000368236698400314,-0.00205705253663051,70219,60.6502513564705,62.8035147182387,-0.0223336483166559,-0.129190129260464
"8484958",2025,0.00101746323804638,-0.00039365394588398,57402,61.9002822201317,57.0084666039511,0.06298126158368,-0.0224416078274404
"8475151",2025,0.00119573072311011,-0.000467624061517594,67958,57.9534418317196,64.1513876217664,0.0692967109081619,-0.0299987324316799
"8475754",2025,0.000319840255811676,0.000375894821668755,73996,60.1329801610898,60.2789339964322,0.0192329477574414,0.0226585391449716
"8475314",2025,0.00177912562592434,0.000682636510747131,65660,66.3965884861407,60.420347243375,0.118127872049646,0.0412451350203475
"8476422",2025,0.00096828888067955,0.000394920282541962,14281,72.3478747986836,54.7020516770534,0.0657728178581783,0.021602949703927
"8476429",2025,-0.000477688755828245,-5.98579400644127e-05,55328,55.762001156738,61.617987275882,-0.0266368809550553,-0.00368832578924949
"8476419",2025,5.61513849352816e-05,-0.000111875313965152,59320,64.6931894807822,57.3499662845583,0.00363261218522651,-0.00641604548397583
"8481601",2025,-0.000589482654154613,0.000541915388444662,56701,58.4751591682686,60.3163965362163,-0.0344700920286245,0.0326863834585059
"8475231",2025,-0.00165315438617293,-0.000225535940206521,54260,56.8595650571323,58.1201621820862,-0.0939976393700832,-0.0131081854226923
"8480789",2025,-0.00122549286184147,0.000544798980070238,23864,47.8209855849816,65.3201475025142,-0.0586042764806186,0.0355863497374073
"8481237",2025,-0.00218725073897954,-9.02521108118157e-05,43088,46.0360193093205,58.2343111771259,-0.100692317253987,-0.00525576950540772
"8476917",2025,-0.00223733194912663,0.000301546583072036,62417,66.1550539115946,51.5628754986622,-0.148010815712605,0.0155486089199904
"8477506",2025,-0.000359285257069974,6.2836361360063e-05,73459,53.7606011516628,63.1699315264297,-0.0193153914050115,0.00396936864448518
"8477407",2025,-0.000900244735535507,-0.000704129643258647,34361,60.4522569191816,63.1762754285382,-0.0544218260427332,-0.0444842882799066
"8474600",2025,-0.000911133120317384,-0.000489097076786711,61227,65.3241217110099,53.7997942084375,-0.059518970846545,-0.0263133220790734
"8475809",2025,-0.00177923990474458,2.23288810980424e-05,61885,59.9175890765129,54.1585198351782,-0.10660776548102,0.00120929914984566
"8476869",2025,-0.000334118016327583,-0.0015627100036497,80401,58.790313553314,57.5365978035099,-0.0196429029437099,-0.0899130169635144
"8476873",2025,0.000373018918913901,0.00158395768319748,39416,64.3900953927339,47.5847371625736,0.0240187237721606,0.075372210031591
"8477446",2025,0.000302069592898165,-0.000168990265580589,46463,53.3844134042141,57.0260207046467,0.0161258080241183,-0.00963684238388243
"8482062",2025,-0.000808709936527665,0.000925428228052591,44910,53.2264529058116,53.8677354709419,-0.0430447613510517,0.0498507229860794
"8473994",2025,0.00163852340564266,-0.000709035241791852,66710,58.4440113925948,65.0816968970169,0.0957618805864127,-0.0461452166956004
"8474149",2025,0.000768926320142971,-0.000127102452163348,65795,57.2323124857512,61.8831218177673,0.0440074314329413,-0.00786549653056138
"8479979",2025,0.00244701448642801,0.000737791775376575,211194,58.603937611864,58.8937185715503,0.143404684297954,0.0434513011834325
"8480036",2025,0.00211151189372492,-0.000624663362486291,68222,61.5813080824367,53.5076661487497,0.130029664447204,-0.0334242786552718
"8481581",2025,0.00207858031349637,-0.000754201683327549,106364,62.1413260125606,57.8090331315107,0.129165736904269,-0.0435996700993234
"8482740",2025,0.0023348151987678,0.000553201599333781,82462,52.4750794305256,59.853023210691,0.122519613010939,0.0331107881651162
"8474679",2025,3.81086615108217e-05,0.000119580894033232,63215,61.8460808352448,58.7139128371431,0.00235687136032126,0.00702106218925484
"8476887",2025,0.000897466549718823,-0.000404597235672984,68277,60.0553627136517,58.0517597433982,0.0538976791667335,-0.0234875815181311
"8478468",2025,-0.000103684054922838,0.000523784910386471,25068,52.9918621349928,54.2843465773097,-0.00549441114406804,0.0284333216073843
"8478851",2025,5.85528868928356e-05,-0.000550444717974616,84697,55.2132897269089,62.1415162284378,0.00323289750836105,-0.0342054693748775
"8476925",2025,-0.000494002950574732,0.00125710439201755,50288,52.8316894686605,56.6974228444162,-0.0260990104813663,0.0712745792737919
"8478438",2025,9.49642760541567e-05,-0.00173842579038048,36676,66.2558621441815,54.3788853746319,0.0062919399828662,-0.094533656787404
"8474564",2025,0.00022200311427558,0.000170642734413271,65678,56.2380096836079,59.8556594293371,0.0124850132904212,0.0102139333951316
"8476539",2025,0.000176546683155237,0.00184581594419995,62750,56.796812749004,61.0996015936255,0.0100272889046258,0.112778618805779
"8479371",2025,0.000437224578576764,0.000427697651894094,71960,64.2857142857143,61.5341856586993,0.0281072943370777,0.0263180267174409
"8476902",2025,0.00182827008060489,0.00140589102424399,103618,52.4271844660194,63.1975139454535,0.0958510527695768,0.0888488176104478
"8478449",2025,0.00187060144602064,-0.000231593077051801,68060,54.6400235086688,60.6699970614164,0.102209706985918,-0.0140507513041771
"8480027",2025,0.00095631595626161,0.00107004533322374,75397,57.8219292544796,58.2039073172673,0.0552960335678888,0.0622808194002289
"8482702",2025,4.78661059273169e-05,-0.00109117274253378,67943,66.2319885786615,55.7408415878015,0.00317026738108306,-0.0608228869865022
"8476856",2025,0.000581969169348417,-0.000575270601193584,48473,64.6875580219916,59.563055721742,0.037646164409236,-0.0342648748739734
"8480950",2025,0.000352810188708158,0.000366920322575854,80814,52.6096963397431,61.2072165713861,0.0185612368935036,0.0224581716483432
"8474568",2025,0.00182483649307652,0.000342817969926007,72772,55.6532732369593,59.3140218765459,0.101558123961962,0.0203339125678642
"8481577",2025,0.00025421771794103,-0.00084467828716384,40814,59.8030087715,55.7455774979174,0.0152029844158981,-0.0470870789178999
"8482146",2025,-0.00138354287514558,-0.000629278107612576,46082,61.8723145696801,51.4040189227898,-0.0856029999916468,-0.0323474237514142
"8475158",2025,-0.00064794794388111,-0.000376671033818757,64882,59.9796553743719,52.2117074072932,-0.0388636943745219,-0.0196666378065476
"8475168",2025,0.00220248068576725,-0.000814749523105912,78291,64.3752155420163,61.1564547649155,0.141785168873395,-0.0498271923545632
"8475794",2025,0.000886856775366936,-0.00017107602602607,28205,67.775217160078,57.0537138805176,0.0601069105403806,-0.00976052264070737
"8478975",2025,-0.000845539927982275,-0.00131168555934395,59979,63.2021207422598,61.5815535437403,-0.0534399166207374,-0.0807756345052907
"8480878",2025,-2.71372171483496e-05,-0.000385769682592279,32861,67.3746994917988,61.0206627917592,-0.00182836185041375,-0.0235399217167474
"8479351",2025,0.000137826054069655,-0.000624150943451685,65274,53.3872598584429,51.7878481478077,0.00735815536388044,-0.0323234342807868
"8476278",2025,-0.00192651995289749,-0.000105265047692191,41000,55.1414634146341,53.8243902439024,-0.10623112950026,-0.00566582700602747
"8480840",2025,-0.00152078567168478,0.00078986463543887,47100,54.8025477707006,53.656050955414,-0.0833429294215021,0.0423810171269875
"8474716",2025,-0.00138725448377162,0.00151497307078125,72335,59.7718946568051,58.9755996405613,-0.082918828866178,0.0893464452886265
"8475220",2025,0.000550711310482293,0.00149145155075301,59428,56.7611227031029,54.2774449754325,0.0312589922682721,0.0809521794795201
"8477919",2025,-0.00190710948556199,0.00191506698311788,63150,49.4821852731591,63.1638954869359,-0.0943679449007776,0.120963090772139
"8478136",2025,0.000256012337435952,0.000171562741349423,84066,54.0004282349582,65.4343016201556,0.013824775854974,0.0112260881642389
"8479406",2025,-0.00148765252014006,0.00209963916128105,184725,54.9768574908648,62.2070645554202,-0.081786460595666,0.130612388848899
"8482177",2025,-0.00288624289980361,0.00107987619161862,43532,46.3107599007627,64.2561793623082,-0.133664101948086,0.0693887182577324
"8480880",2025,-0.00126307216721079,0.000884803692369278,29543,45.3305351521511,66.6553836780286,-0.0572557372754522,0.0589769295946107
"8471677",2025,-0.000240564475783488,-0.000481793517898185,27586,53.244399332995,63.8149786123396,-0.0128087110139486,-0.0307456430402365
"8475790",2025,-2.32351831595092e-05,-0.000479574590100966,10411,57.4008260493709,62.9334357890693,-0.00133371870676426,-0.0301812766721883
"8478007",2025,-0.00151717746167154,0.000906134158792911,156101,57.2859879180787,61.298774511374,-0.086913009738897,0.0555449134769003
"8482451",2025,-0.00292436803529693,0.000404703374543189,29508,50.1423342822285,66.0024400162668,-0.146634639590123,0.0267114102026676
"8482660",2025,0.00124810100997333,-0.000600789754562797,54350,54.6458141674333,53.6522539098436,0.0682034958531883,-0.0322337244582358
"8482705",2025,-0.00199532145502326,-0.00088909413699168,49798,51.8334069641351,63.9061809711233,-0.103424309002491,-0.056818610818955
"8474567",2025,0.000660495244153576,0.000680640613819821,68380,52.0678560982744,63.3869552500731,0.034390571326183,0.0431437361295793
"8475149",2025,-0.00115174495752953,0.000682321241607569,61697,57.7661798790865,64.1262946334506,-0.0665319063914817,0.0437547329739888
"8475750",2025,-0.00139319014918808,0.00159405074183654,52943,49.9782785259619,62.4218499140585,-0.0696292453157484,0.0995035961623143
"8478493",2025,-4.58894410767897e-05,0.000971032620271679,43774,58.2263444053548,52.3050212454882,-0.00267197440070639,0.0507898818333722
"8481557",2025,0.000886365644477482,0.000288666310869202,82317,58.1216516636904,56.0224497977332,0.0515170352349826,0.0161717939089667
"8476374",2025,-0.00141009345869885,0.000123473285558593,49224,59.4588005850804,63.1155533885909,-0.0838424657671011,0.00779308474673813
"8476923",2025,0.00106089080759689,-0.000357351461162726,69502,57.701936634917,59.8256165290207,0.0612154541565216,-0.0213787714816065
"8479671",2025,0.00147088687738573,0.000751308877797336,59254,53.2824788199953,65.8588449724913,0.078372498890914,0.0494803349093111
"8479944",2025,0.00217156629802953,-0.000150621768603428,54124,53.2776587096297,61.3923582883748,0.115695968091751,-0.00924702558413031
"8481161",2025,-0.00104527409933571,0.000326235783059564,46747,52.5980276809207,67.0759620938242,-0.0549793560110091,0.0218825790181523
"8478460",2025,0.00126698718105319,-0.000338075665089704,101064,65.4713844692472,58.5965328900499,0.0829514048483413,-0.0198100618287544
"8482475",2025,-0.00128410746428645,2.52947725273318e-05,23577,66.4206642066421,58.4807227382619,-0.0852912706906127,0.00147925657889829
"8475692",2025,0.00106250311565136,0.000349323644928301,67780,54.7595160814399,61.2924166420773,0.0581821564480905,0.0214108903878745
"8478864",2025,0.000304784282083786,0.000188645948523851,48828,59.0562791840747,53.5266650282625,0.0179994256536578,0.010097588495575
"8482079",2025,0.00213899026806672,-0.00030097519966934,75525,58.4389275074479,58.8202581926514,0.125000297214687,-0.0177034389541354
"8476463",2025,-0.000645590592605097,0.000844416131104338,64731,54.7805533670112,59.3409649163461,-0.0353658099114439,0.0501084680106592
"8482122",2025,-0.000302402667268638,-8.63488593592166e-05,99509,54.1579153644394,62.5149483966274,-0.0163774980599156,-0.00539809448694906
"8474037",2025,0.000514295956227519,-0.000374433597938468,44777,58.2888536525448,61.5851888246198,0.0299777217266415,-0.0230595638313223
"8478099",2025,-0.000571078500349164,0.00056267486075386,19682,64.2007926023778,58.3477288893405,-0.0366636923605936,0.0328308002281136
"8484166",2025,-0.00208409201215955,-0.000507965436730691,69477,55.1319141586424,63.2669804395699,-0.114899981913093,-0.0321374393496182
"8477497",2025,0.00094046786575413,-0.000386667050975307,44196,65.0013575889221,52.5386912842791,0.0611316880427746,-0.0203149808209943
"8480893",2025,0.00152452305303092,-0.000161113645694237,69806,63.8970862103544,57.7085064321119,0.0974125809491895,-0.00929762785884689
"8478500",2025,-0.000247435563039026,-0.000523506451470988,87670,54.9013345500171,59.5003992243641,-0.0135845426259774,-0.031148842859054
"8477451",2025,-0.00159093632170708,0.000255281653885212,57182,59.242418943024,64.7196670280858,-0.0942509160822445,0.01652174363783
"8478508",2025,6.57371196582431e-05,0.000212568966132101,52582,49.9790802936366,60.9333992621049,0.00328548078167173,0.0129525496840601
"8480981",2025,0.00259314612023046,0.000926266963968773,86223,49.9773842246268,56.7829929369194,0.129598660001358,0.0525962104727406
"8482737",2025,-0.000579329946216059,0.00146155168147985,51490,53.2763643425908,51.3886191493494,-0.0308645932891803,0.0751071227266592
"8475798",2025,0.000150767919039815,-0.000676613936239643,84329,53.7039452620095,67.5354860131153,0.00809683207138131,-0.0456954510271913
"8476988",2025,0.00118758560143728,-0.000229337245366803,4832,55.8774834437086,79.7185430463576,0.0663592947822985,-0.0161768178997882
"8478406",2025,0.000243687514522419,-0.000186407822400004,174569,62.3822098998104,57.3091442352308,0.0152017656809006,-0.0106828727804971
"8480188",2025,0.000599161369541866,0.000151677133271982,70619,55.769693708492,66.0162279273283,0.0334150460613105,0.0100131522014469
"8481567",2025,-0.00128269632184538,-0.000119090576968283,51089,51.7215056078608,70.9585233611932,-0.0663429850035082,-0.00840032143106697
"8484227",2025,-0.000635778704325866,-0.000697112701315779,54108,57.418496340652,64.1383898868929,-0.0365054572077992,-0.0447116862320966
"8475726",2025,0.000121746890363024,-0.00105773246485079,59446,60.0141304713522,58.5607105608451,0.00730653376272792,-0.0619415647249362
"8476879",2025,-0.000480772891017562,-0.000407716407364838,107698,52.0121079314379,70.1294360155249,-0.0250060114981149,-0.0285929217027721
"8478013",2025,0.00104010936385517,-0.00136849604193493,90075,63.6669442131557,61.0291423813489,0.0662205848441482,-0.0835181397915594
"8482667",2025,-0.000737020081167681,0.000462976307557288,65405,59.3349132329333,58.6193716076753,-0.0437310225670138,0.02713938021825
"8484801",2025,-0.000417093188129734,-0.00133174143670998,62071,57.5341141595914,59.7380419197371,-0.0239970871010441,-0.0795556257724315
"8479983",2025,0.00149712738366641,-0.00136599934801402,84316,55.9324446131221,63.06276388823,0.0837379944657099,-0.086143694355284
"8480172",2025,-0.00176176572323192,-0.000281155316369758,47001,52.6967511329546,65.1815918810238,-0.0928393298717225,-0.0183261510867937
"8480848",2025,-0.000181137098692371,-0.000211875554842895,40069,47.7975492275824,67.5634530435,-0.00865790939169004,-0.0143150441006934
"8481477",2025,-0.000519188937670155,-0.000190182474944839,34130,56.8532083211251,64.6586580720773,-0.029517556831385,-0.0122969436187597
"8482101",2025,-0.000360621252615745,-8.66630001426919e-05,7019,52.8280381820772,63.0859096737427,-0.0190509133024531,-0.00546721419905741
"8476624",2025,-0.00243790374844932,0.000114750159297301,49354,50.5490942983345,66.81525306966,-0.123233826470628,0.00766706093323297
"8477505",2025,-0.00172989299419152,-8.25791378128291e-05,60320,53.8328912466843,59.1445623342175,-0.0931251414247132,-0.00488410696387681
"8479316",2025,0.000603851413573636,0.00123216426912168,54036,50.4996668887408,72.9513657561626,0.0304942952357639,0.0869134752723086
"8474151",2025,0.00123617910698803,0.00107555624607945,85042,54.2273229698267,56.5979163236989,0.067034683683192,0.0608742424170364
"8476883",2025,0.0017043580781303,0.00121712272527999,194005,55.5202185510683,55.0192005360687,0.094626332987073,0.0669651192991864
"8477426",2025,-0.00059592011912602,-0.000961004832545062,64578,54.464368670445,55.6350459908947,-0.0324564130662151,-0.0534655480561166
"8478416",2025,0.00053171604242321,-3.5126775353351e-05,72482,53.6905714522226,57.0679617008361,0.0285481381680164,-0.00200461347053891
"8478519",2025,0.00154013891645737,0.000855645641015069,71654,62.2993831467887,52.2008541044464,0.0959497044556579,0.0446654332717331
"8479542",2025,0.00215761995942341,0.00102050079242426,77272,60.7516306035822,52.6917900403768,0.131078930757807,0.0537720134904574
"8475883",2025,0.00206086980890204,-0.00153762699134832,93919,72.3687432787828,48.910231156635,0.139988403538419,-0.0752056915795276
"8476906",2025,0.00144202505520048,-0.000511575388622389,73100,71.5075239398085,42.500683994528,0.097952226029971,-0.0243408363502763
"8478458",2025,-0.00103508980399854,-0.00238547134710879,61218,71.3319611878859,52.9844163481329,-0.0703103944532274,-0.126392807041754
"8480039",2025,0.000799288847805567,-0.00217406100748371,73101,68.9949521894365,47.7202774243854,0.0542931772240262,-0.103746794414661
"8480336",2025,0.000154077786153364,-0.00138894675127187,79706,75.1110330464457,47.8759440945475,0.0104660193531752,-0.0664971370141955
"8480829",2025,0.00139141348410462,0.00101902057754877,65526,71.0374507828953,51.2041021884443,0.0945143412069332,0.0521780337849346
"8474715",2025,-0.000751450358807052,-0.000836625153721369,18881,49.1923097293576,62.1577246967851,-0.0369655787966734,-0.0520027159794184
"8475167",2025,-0.000180515390848425,0.000138081565779806,86272,61.0070474777448,56.2082715133531,-0.0110127110199535,0.00776132614034024
"8476453",2025,0.00235224840491247,-0.000467275886373164,79837,62.4071545774516,56.9059458646993,0.146797129809936,-0.0265907762938307
"8478178",2025,-0.000865636693463811,-0.000162035314118163,66002,59.0709372443259,57.7073422017515,-0.0511339707959866,-0.00935062732058513
"8483447",2025,-0.000568436496878635,-0.000444393855350829,37194,54.9766091305049,55.2669785449266,-0.0312507111044102,-0.0245603056691715
"8473533",2025,0.000194029298140872,-0.00113315496743432,67445,70.1371487879013,48.0925198309734,0.0131797998927896,-0.0544962777429008
"8477478",2025,-0.00015763967347162,0.000159860283724337,36753,77.2834870622806,49.9551057056567,-0.0107079671545902,0.00798583737158554
"8480830",2025,-0.000700087356211565,-0.00173540821589073,66826,72.1336006943405,51.0160715889025,-0.04755473194384,-0.088533709777851
"8476822",2025,-0.00102722772394086,0.000477986828010495,43727,45.2809476982185,56.5600201248656,-0.0465138448419262,0.0270349446116943
"8476878",2025,-0.0020159205421712,0.00100259537601342,50668,49.2381779426857,49.8065840372622,-0.0992602543737408,0.0499358508507827
"8480246",2025,0.000482969985297664,-0.00160845933528606,62326,57.9340885023907,54.5839617495106,0.0279804258722332,-0.0877960828328976
"8482070",2025,-0.00222586152177967,-0.00038511430782285,42885,45.5823714585519,60.1888772298006,-0.101460046701059,-0.0231795977929892
"8482655",2025,0.000421609746611368,-1.24628893203367e-05,53131,57.322467109597,56.5093824697446,0.0241677108332157,-0.000704270179281002
"8476958",2025,-0.000902887130778883,0.00110975009622929,99127,70.3461216419341,52.0060124890292,-0.061330282712258,0.0577136773642017
"8482093",2025,0.00150532517697519,0.000873051462943947,69981,66.0522141724182,47.3271316500193,0.0994300609886985,0.0415399240415254
"8477404",2025,0.00160811309630152,0.000175165689626675,77593,60.5466988001495,57.9021303468096,0.0973659392783438,0.0101424665930526
"8478010",2025,0.00122028132716184,-0.000351279828775216,73311,58.632401685968,61.1859066170152,0.0715480249440391,-0.0214933747998815
"8482929",2025,-0.000650251437400902,-0.000766663326771415,64925,52.9534077782056,55.7258375048132,-0.0344330295230543,-0.0427229559685634
"8475200",2025,-0.000863199157891075,-0.00137200428572052,90893,67.4111317703234,47.8452686125444,-0.0581892321766274,-0.0656439135878602
"8478970",2025,-1.65677009767745e-05,-0.00110967478292086,83851,67.9204779907216,48.2140940477752,-0.00112528616954987,-0.0535019643461908
"8470613",2025,-0.000341791033062335,-0.000982372774128821,92181,70.8822859374492,53.1910046538875,-0.0232167897532714,-0.0522533948005384
"8476921",2025,-0.00139942758718675,-0.000521548097241205,71745,69.2954212837132,47.6186493832323,-0.0950587140204964,-0.0248354159790209
"8478427",2025,0.000448604377279842,-0.00084893961360443,78628,69.9140255379763,47.6166251208221,0.0304722842386676,-0.0404236393312177
"8480762",2025,0.000295277028990665,-0.000804290970074642,60956,69.9849071461382,48.4283745652602,0.0200572397690627,-0.0389505043582312
"8480835",2025,-0.0017246569953279,-0.00131298168848147,46587,67.9245283018868,48.605834245605,-0.117146512890197,-0.0638185703178448
"8482809",2025,0.00133396319781484,0.000509053142749123,63081,69.4535597089456,45.0848908546155,0.0906119239723306,0.0242208275003555
"8482821",2025,-0.000236488564642665,-0.000890871742641719,101144,48.8333465158586,61.5755754172269,-0.0115485280242333,-0.0548559401761116
"8482176",2025,1.9394123372513e-05,-0.000623348724374801,51669,52.0466817627591,58.7354119491378,0.00100939976723687,-0.0366126441141235
"8476960",2025,-0.000400976986643622,-9.68981074880406e-05,4528,42.9328621908127,80.3003533568905,-0.0175433583672068,-0.00683492573201995
"8477499",2025,-0.00154618089877214,0.000351724533040117,63967,55.3222755483296,56.5604139634499,-0.0855382457294364,0.0198936851898501
"8480015",2025,-0.00123720773567021,0.00110688990282524,59342,58.2386842371339,59.0879983822588,-0.0720533506534366,0.0654039087874761
"8480028",2025,-0.000597727083366525,-0.000185029400981499,61907,54.546335632481,54.6044873762256,-0.0326038221059344,-0.0101034355901249
"8481035",2025,0.00117397924889753,0.00133770270051398,125168,53.4961012399335,58.5005752268951,0.0628033127526033,0.0782563774626387
"8481178",2025,-0.000200810841925134,0.000538979758377965,54172,55.6228309827955,54.8918260355903,-0.0111696675199146,0.0295855831335878
"8482159",2025,0.00245214606714443,0.000443486158728677,62517,50.1559575795384,55.3385479149671,0.122989734122528,0.0245418800444316
"8473446",2025,-0.000909047314542586,0.000786345776884871,25117,59.624955209619,60.0549428673807,-0.0542019054130261,0.047223950704827
"8476872",2025,-0.000879237629624329,0.00234680427879776,64856,48.1250770938695,63.0566177377575,-0.0423133787095019,0.147981540313484
"8477903",2025,-0.000664384300364379,0.00170764657531426,39680,50.9879032258065,59.9697580645161,-0.0338755624117241,0.102407151981296
"8480068",2025,-0.000893679427119478,0.000753868520211545,45690,50.3479973736047,59.4878529218647,-0.0449949694494561,0.0448460196527682
"8482142",2025,0.00120882989582522,-0.000388176984370898,68129,54.2676393312686,63.0920753276872,0.0656003447994982,-0.0244908915384031
"8478454",2025,-0.000204783677841869,-0.000520860348883368,28688,46.3050752928054,59.3558282208589,-0.00948252362120533,-0.0309160973953778
"8480947",2025,0.000550090053361682,0.00172646329493836,143089,54.3186408459071,56.2307375130164,0.0298801440414591,0.0970803043635362
"8477948",2025,0.0015538063912907,0.000146256307100994,95872,55.9495994659546,58.0148531375167,0.0869348452403548,0.00848503817689969
"8480797",2025,0.000971273047965925,-0.000645325386617012,59308,59.303972482633,60.7607742631685,0.0576003501096944,-0.0392104701425282
"8481546",2025,0.00131087531271598,0.00130778101881873,68013,54.360195844912,56.9538176525076,0.0712594387275007,0.0744831216752123
"8484779",2025,5.27209317212077e-05,0.000314064881364511,2498,40.3522818254604,70.6164931945556,0.00230662165023505,0.022153272079406
"8476461",2025,0.000375378224042359,-4.99160750179269e-05,66632,60.673550246128,60.673550246128,0.0227755295377364,-0.00302858548568968
"8478439",2025,-0.0013037912977277,-0.000906421531476407,75313,55.4485945321525,58.6990293840373,-0.0722933950222521,-0.0532060641104577
"8484387",2025,0.000627021064473983,-0.000512625030738853,61385,57.1800928565611,60.6402215524965,0.0358531226896421,-0.0310856954373594
"8480459",2025,0.000661239901713323,0.0013001870829073,61060,52.1781853914183,53.6521454307239,0.034502298179801,0.069757826459291
"8481553",2025,0.00286534201680135,-0.000228576758957856,56290,50.5880262924143,54.3613430449458,0.144951997282706,-0.0124257396058099
"8480058",2025,0.000106839755408803,-0.00152208610847719,38619,56.21067350268,53.4141225821487,0.00600553460839041,-0.0813008939787861
"8481655",2025,0.00101781446619229,0.00102422542344736,21917,49.6053291965141,60.7747410685769,0.0504890216564431,0.0622470349058668
"8483505",2025,-0.000110964602032803,0.000407887619354821,22230,59.2712550607287,56.8421052631579,-0.00657701122979854,0.0231851909949056
"8481519",2025,-0.000728133341630958,-0.000528232973709427,105168,54.8379735280694,55.6937471474213,-0.0399293569132632,-0.0294192736727032
"8480825",2025,-0.00120730792055159,0.000809696145090612,8732,46.587265231333,66.376546037563,-0.0562451743106261,0.0537448334510443
"8478502",2025,5.25337398786792e-05,-6.16635422875135e-05,16011,54.4125913434514,62.5070264193367,0.00285849691976175,-0.00385440466687549
"8475810",2025,0.00309689363890668,-0.00115632078449835,63068,60.4490391323651,60.8486078518425,0.187204244767042,-0.0703605099668752
"8479772",2025,-0.00031198863216943,9.01661320184632e-05,9443,64.0474425500371,58.3289208937838,-0.0199820739951362,0.00525929318180341
"8477424",2025,-0.000246122708948882,-3.08942416392476e-05,160279,59.3190623849662,56.4440756430973,-0.0145997683264956,-0.00174379691202182
"8481607",2025,-0.00112718405569612,-0.00113200742453839,52881,52.7599704998014,57.5253871901061,-0.0594701975263741,-0.065119165398646
"8475718",2025,0.00012990027537953,0.000330920011087376,55822,57.3322346028448,55.0105693095912,0.00744747306303337,0.0182040982058528
"8481611",2025,0.000588505301719314,-0.00165567149781452,142621,69.9700605100231,48.0854853072128,0.039975313969723,-0.0796137674817309
"8480883",2025,-0.000513216072753645,0.000165175255745342,5148,65.034965034965,51.7482517482518,-0.0333769893469154,0.0085475307168918
"8479591",2025,-0.000593775783890652,0.000575076760428784,44913,59.3948300046757,54.6656869948567,-0.0352672117450783,0.0314369661836161
"8484929",2025,-0.00131955101965249,0.000719177514572353,9143,67.7239418134092,40.9493601662474,-0.0893651964747702,0.0342185777078603
"8482201",2025,-6.27813922248038e-05,-0.0013153021271878,44484,53.0078230374966,55.1928783382789,-0.00332790492910007,-0.0725953102839557
"8482460",2025,-6.47290074866321e-05,-0.00100702486838839,18346,49.0570151531669,65.540172244631,-0.00317541190112117,-0.0660005833288017
"8476880",2025,1.36046710163738e-05,-0.000796894598078372,75064,55.6804859852925,57.4070126825109,0.000757514693861716,-0.0457473382985095
"8478911",2025,0.000120277522167512,0.000573566793398099,78597,55.8341921447384,61.9718309859155,0.00671559828339387,0.0355449843796005
"8479292",2025,-0.00051364098472723,9.24023642495516e-05,104875,59.0417163289631,53.6524433849821,-0.0303262453151944,0.00495761261653756
"8479400",2025,0.00213514307445603,-0.000361107526593064,75000,60.816,59.136,0.129850861216118,-0.0213544546926074
"8480796",2025,0.00103872042709417,-0.00137078251250502,73382,57.349213703633,55.5831130249925,0.0595697997517524,-0.0761923593252497
"8481580",2025,0.00300536978193,-0.00124476045010646,73140,60.4429860541427,64.8236259228876,0.181653523816737,-0.0806898857813066
"8474590",2025,0.000800350359033699,-0.00207698640627121,92770,57.5099708957637,52.2712083647731,0.0460281258544421,-0.108566589213004
"8475343",2025,0.000136700401663803,0.000898080346680676,66405,53.9959340411114,57.8450417890219,0.00738126587163212,0.051949495183643
"8477845",2025,0.000623895707674141,0.00132762160740915,81719,57.4015834750792,60.7055886635911,0.0358126015438009,0.0805940512002755
"8478440",2025,0.000697664220740662,-0.00190745269453565,74553,56.0621302965675,59.9734417126071,0.0391125424464162,-0.114396502995289
"8479345",2025,-0.0016920007419318,-0.000415002977538308,89318,60.1760003582704,58.6040887615038,-0.101817837252682,-0.0243208713319434
"8479390",2025,0.00252038011604848,0.00110603272111803,57623,59.538725855995,58.1642746819846,0.150060220782311,0.0643315909983718
"8479520",2025,-0.00104997886093332,0.00115806307910108,60569,52.185111195496,56.464528058908,-0.0547932636107258,0.0653894852238884
"8471214",2025,-0.000560759081208538,-0.00134791011123014,57166,57.4957142357345,61.5260819368156,-0.0322412438882592,-0.0829316279470077
"8478233",2025,-0.000573492095530485,-0.000459335827397827,57945,57.5925446544137,54.6104064198809,-0.0330288691207927,-0.0250845162174076
"8480873",2025,0.00202502546599713,-0.000390296595054991,89968,57.1003023297172,60.6215543304286,0.115629566333813,-0.0236603862421074
"8477947",2025,0.000387237534869412,-0.000167922994039056,1214,53.3772652388797,85.996705107084,0.0206696806091745,-0.0118448256907085
"8481656",2025,0.00110926706971113,-0.00115352388102207,68383,61.0151645876899,56.3297895675826,0.0676821128301294,-0.0649777574791546
"8482148",2025,-0.000638567789455875,-0.00133208312467659,14442,59.3269630245118,58.0805982550893,-0.037884287633693,-0.0773681848067251
"8478916",2025,-0.000987749872480498,0.000155494171165823,159797,55.7357146880104,61.6382034706534,-0.0550529450756917,0.00958438136081958
"8470594",2025,-0.000377652543086733,0.00119154465892267,67449,54.1208913401237,58.177289507628,-0.0204388922487184,0.0693208385834122
"8480193",2025,7.42713892242001e-05,-0.00119609520611956,55792,56.3951821049613,59.1052480642386,0.00418854852048722,-0.070695503866143
"8475780",2025,-0.000619880636282182,-0.000630993286361211,9076,53.5478184222124,58.7042750110181,-0.0331932557550838,-0.0370420034126546
"8478905",2025,-4.61958867201803e-05,0.000836779346845173,68925,55.5734494015234,57.4015233949946,-0.00256726477320245,0.0480324092543815
"8481692",2025,-0.00167156565659644,-0.000722147009166272,146705,63.3352646467401,58.7219249514331,-0.105869053234937,-0.0424058624761637
"8480220",2025,0.000811203868232217,-0.000501225560532777,57823,52.2975286650641,54.6011102848347,0.0424239575520852,-0.0273674721082283
"8477993",2025,0.000454351793262062,0.000173577406772488,10436,50.3641241855117,70.026830203143,0.0228830301397604,0.0121550755911589
"8476458",2025,-0.000860888448666561,-0.00163344058573708,64626,61.219942438028,63.7266734750719,-0.0527035412729301,-0.104093734848197
"8478366",2025,0.0013841363332048,-0.000960412151538984,64070,61.4140783518027,64.7292024348369,0.0850054572170165,-0.0621667125778441
"8478873",2025,0.000899866589348302,-0.000857491390726375,66791,61.2298064110434,63.9786797622434,0.0550986570615625,-0.0548611670861635
"8480843",2025,0.000395189777212638,-0.000380681436649307,142052,55.2980598654014,66.7023343564329,0.0218532279584991,-0.0253923404706693
"8482803",2025,-0.000115808818704524,-0.000404522548486312,57086,61.1078022632519,64.3870651298042,-0.00707682239373683,-0.0260460196758625
"8483490",2025,0.000173875305036366,-0.000188336892860591,59125,54.4338266384778,72.7002114164905,0.00946469821106199,-0.0132847659120733
"8477970",2025,0.00124157783707095,0.000438323843205526,63184,55.1532033426184,63.4717650037984,0.0684769949136624,0.0278211879715029
"8475764",2025,0.000888532538139755,-0.000455947862124418,78959,57.903468888917,56.2165174330982,0.0514491161789658,-0.0256318009397012
"8477952",2025,-7.43073032506451e-05,-0.000740420744409515,35488,56.8079350766456,78.1109107303877,-0.00422124445878326,-0.0522272408582445
"8481533",2025,9.28481760339084e-05,-0.00101017170268771,45411,56.2066459668362,65.7197595296294,0.00521868455900438,-0.0663882413842728
"8482745",2025,0.000866245366743506,0.000376328496035414,60047,57.8546805002748,70.4448182257232,0.0501163489277889,0.0265103924963745
"8483482",2025,0.000144424720959342,-0.000873021849889273,5676,43.7632135306554,74.8414376321353,0.00632048990244903,-0.061580557774674
"8473986",2025,-0.00192550138212768,-0.000319301919262463,62574,58.9126474254483,57.1291590756544,-0.113436384042501,-0.018241450138707
"8475462",2025,-0.000311789085773524,-0.000116849891715677,79761,57.0053033437394,65.1747094444653,-0.0177736314137869,-0.00761565774118647
"8483445",2025,-0.000699440785954388,0.000514649284556227,57834,59.5082477435419,68.9698101462807,-0.0416224955725114,0.0354952634477622
"8484153",2025,-0.000405986231583014,-0.000213549266510072,57173,55.7885715285187,61.5185489654207,-0.0226493919202627,-0.0131372410083296
"8480011",2025,0.000380504234965591,-0.0011065856537924,19446,53.3168775069423,73.4958346189448,0.0202872976865332,-0.0780555054774761
"8475208",2025,0.00114685231166039,-0.000599030058530391,83371,52.2052032481318,64.1661968790107,0.0598716580258206,-0.0384374806721064
"8476934",2025,-4.41314879639204e-05,-9.57491994116763e-05,15264,53.5377358490566,75.7075471698113,-0.00236269994523819,-0.00675388491937212
"8480806",2025,-0.00100644473335901,-6.20904387332189e-05,49549,45.1916284889705,62.7742234959333,-0.0454828764846413,-0.00389767907799964
"8481517",2025,-0.000689028862440504,-4.77692210762067e-05,39309,48.8132488743036,69.1444707318934,-0.0336337373438866,-0.00330297750858912
"8479336",2025,-0.00136289720115436,0.000737361925761682,28066,59.2603149718521,62.7235801325447,-0.0807657174146627,0.0462499798372004
"8483499",2025,-0.00112456445319588,7.37717152436614e-06,14153,52.6531477425281,68.6780187946019,-0.059211858300118,0.00050664952460142
"8480990",2025,-0.000444139780001572,0.00149941135035381,58648,57.7615604965216,56.2883644796072,-0.0256542067714726,0.0843994125935752
"8479193",2025,0.00027635379868372,-0.00138963947755897,71551,56.6029824880155,61.9865550446535,0.0156424492273912,-0.0861389639679328
"8474090",2025,-0.000856676453329591,-0.00107868446859367,21201,61.2989953304089,60.7895853969152,-0.0525134059123219,-0.0655727816199013
"8479372",2025,0.00021373630378807,-0.000353186192390739,46230,53.2641142115509,59.7274497079818,0.0113844748961225,-0.0210949105435714
"8475197",2025,-0.000290563226852585,-0.000129607853868444,10521,61.5911035072712,64.3284858853721,-0.0178961097804843,-0.00833747699820958
"8482679",2025,-0.000493229883546066,-0.000712339850929986,64574,62.9417412580915,55.8057422492025,-0.0310447477109151,-0.0397526541148341
"8479442",2025,-0.000540245473341611,0.000586418404659005,54590,52.9547536178787,59.3515295841729,-0.0286085659339793,0.0348048292928224
"8473503",2025,0.000103548873343012,-0.00161449396966521,57795,53.2572021801194,60.5450298468726,0.00551472328315235,-0.0977495855809758
"8480001",2025,-0.00130919940377507,0.00142636381476534,43015,53.8137858886435,62.2666511681971,-0.0704529764002913,0.0888148980929324
"8478492",2025,0.00116231089662152,-0.000550825129257946,90980,61.1738843701913,56.2277423609585,0.071103072392138,-0.0309716534538574
"8476341",2025,-0.00137076369049714,0.000471891192137955,76917,56.6792776629354,58.0833885876984,-0.0776938958239572,0.0274090394840611
"8481544",2025,0.000119219631595277,-0.000218024537560549,4388,68.0948040109389,56.6089334548769,0.0080982145623031,-0.0123421365382954
"8478872",2025,0.00205696039076109,-0.000692855102623429,155150,62.8810828230744,54.0406058652917,0.129343896695231,-0.0374423095226289
"8479312",2025,-0.000498409369177022,-0.000778211632813113,73669,51.7503970462474,57.125792395716,-0.0257928827464806,-0.044455956176013
"8475766",2025,0.000259981963781856,-0.000882815140576348,4113,47.2647702407002,47.2647702407002,0.0122879877848755,-0.042004481337894
"8478854",2025,-0.000239204613468161,0.000252563104149887,31860,54.4632768361582,54.3502824858757,-0.0130278670838027,0.013726876056056
"8478430",2025,0.000800612204002308,3.53634423652338e-05,12885,66.7753201396973,58.3934807916182,0.0534611362300028,0.00206499449247977
"8481206",2025,0.000120746318652113,-0.000569421645519611,5895,58.0152671755725,64.1221374045802,0.00700512993706916,-0.0365125329951506
"8478009",2025,-0.000868606435969019,0.000401889384583202,171348,58.8486588696687,59.3318859864136,-0.0511163238423396,0.0238448551452405
"8483395",2025,9.61720942063505e-05,-0.000142356959474381,7453,58.4462632496981,63.7595599087616,0.00562089953525913,-0.00907661708603592
"8477839",2025,0.00022663875443192,0.000125522714639031,3279,47.2095150960659,57.0905763952425,0.0106995056987073,0.00716616412943783
"8480313",2025,0.00263530383579552,-0.00144419802073524,156118,56.5879655132656,61.4304564496086,0.149126482576974,-0.0887177436173872
"8477944",2025,-0.00035097332644807,-0.00144466309907148,19528,53.0929946743138,62.3105284719377,-0.0186342249519336,-0.090017721167051
"8475795",2025,0.000946593919578732,-0.000360238626358505,9973,48.7315752531836,70.3900531434874,0.046129012826157,-0.0253572160537121
"8480887",2025,-0.000731455860741181,-0.000652898886515239,19987,50.4327813078501,70.6058938309901,-0.0368893534611052,-0.0460536899588153
"8476438",2025,0.000169547798400857,0.000442091553672795,60173,61.8616322935536,56.4771575291244,0.0104885035608554,0.0249680743190738
"8482094",2025,-0.000204470289702089,-1.20781395502286e-05,445,113.258426966292,56.6292134831461,-0.013889023606825,-0.000683975543069123
"8481704",2025,-0.00112584791876225,-0.000851223233160065,25641,50.4036504036504,59.95085995086,-0.0567468449049697,-0.0510315648380973
"8482145",2025,-0.000590080584830709,0.000347153291904214,47332,58.4129130398039,55.4466322995014,-0.0344683258881928,0.0192484809277744
"8479496",2025,0.000520675362245597,-8.82048152658261e-05,93773,61.6936644876457,53.2477365552984,0.0321223711053632,-0.00469670676618347
"8477971",2025,-0.00044801947636574,0.000635668495299306,23328,48.4567901234568,54.0123456790123,-0.0217095857374757,0.0343339465053638
"8478452",2025,-7.6914644995344e-06,-0.000242605923741335,4061,66.4860871706476,43.4375769514898,-0.000511375379185986,-0.0115432274865636
"8480043",2025,0.000759793994512757,0.00103790311251068,62288,57.9694323144105,66.0030824556897,0.0440448265378028,0.0685048047160596
"8477831",2025,0.000184905157191388,4.44498611104629e-05,1225,67.5918367346939,26.4489795918367,0.0124980791962832,0.00211493128705006
"8481737",2025,0.000477115329158861,-3.89229882562466e-05,2621,53.5673407096528,49.4467760396795,0.0255577993948508,-0.0019246162831017
"8474145",2025,0.00054835653101644,0.000692285465801572,9428,58.0398812049215,50.7848960543063,0.031826547918137,0.0351576454206399
"8480879",2025,-0.000798257293200629,5.31358808667677e-05,27762,55.6299978387724,56.1486924573158,-0.0444070514955353,0.00298351023323671
"8471734",2025,-0.00134423002730178,0.000935361874817787,61845,59.7235023041475,59.6652922629154,-0.080282125132862,0.0558086396325917
"8480073",2025,-0.000169975671031199,-9.06913270885161e-05,21933,53.6725482150185,55.6421830118999,-0.00912302739880214,-0.00504626341945129
"8479941",2025,0.00114692388652795,0.000377297540850467,40907,55.7068472388589,60.4590901312734,0.0638915137414106,0.0228110660285862
"8482117",2025,0.000450882417206217,0.000789914723873192,42326,45.9292160846761,67.7881207768275,0.0207086759686454,0.0535468347053102
"8479379",2025,-0.000451433263850936,0.000197340248646166,4735,34.2133051742344,73.7486800422386,-0.0197508979078981,0.0139198378420484
"8477527",2025,-0.000645828839802372,0.000326148260911116,21947,46.2568916024969,64.1363284275755,-0.0298740346365047,0.0209179519778779
"8478424",2025,-0.00123930976827119,0.000471948444840631,32495,47.194953069703,63.7021080166179,-0.0584891663523832,0.0300641108115127
"8481743",2025,-0.000107546674687976,0.000617299736394873,38042,59.2397876031754,61.7002260659271,-0.00637104216594353,0.0380875332860009
"8483464",2025,0.000875479151061459,-0.000827725854502171,56343,60.3162770885469,58.7828124168042,0.0528056430606688,-0.0486560536377401
"8481712",2025,7.68445088728873e-05,0.000190733712904742,3396,44.5229681978799,54.0636042402827,0.00342134562472926,0.0103117519697616
"8477244",2025,-0.000279025879257132,-0.000397109641620036,3374,52.2821576763485,73.6218138707765,-0.0145880750151032,-0.0280110208372955
"8481593",2025,0.000846864252217405,-2.19459170247331e-05,45046,60.4182391333304,56.0227323180749,0.0511660469039402,-0.0012294702349513
"8482733",2025,0.000539391643931051,-0.00122565800713387,6209,63.778386213561,75.3744564342084,0.0344015285870021,-0.0864545414640791
"8479328",2025,-5.47955239134074e-05,-2.55286829336435e-05,458,47.1615720524018,62.882096069869,-0.00258424304919126,-0.00160529709277059
"8483460",2025,0.000213653192986974,0.000242440474124103,8049,52.7767424524786,63.5109951546776,0.0112759195404232,0.0153976357773936
"8479977",2025,0.000841378779552047,0.000347964953970087,5660,71.8727915194346,50.8833922261484,0.0571522138913496,0.0177056372338136
"8477480",2025,-1.54044402720669e-06,0.00116485450038272,58073,58.7054224854924,56.3497666729806,-9.0432417432422e-05,0.0656392793045376
"8477968",2025,0.000974405709770318,-0.000107297165367685,106827,61.0632143559213,57.1877896037519,0.0595003447253385,-0.00613608771812614
"8479378",2025,-0.000262303888160876,0.00115788564809988,53318,52.8676994635958,59.8897182940095,-0.0138674031274218,0.0693454452813784
"8481703",2025,0.000404325070190653,1.52275991060435e-05,5697,48.6571879936809,63.1911532385466,0.0196733209508248,0.000962249548565149
"8481019",2025,0.000273583342213801,0.00135611973570625,19480,57.4743326488706,52.4845995893224,0.0157240200175858,0.0711754013237201
"8482144",2025,-0.000859672807438058,0.00103265849683993,22752,57.5949367088608,64.3987341772152,-0.0495128009347236,0.0665019000338376
"8481605",2025,0.000768403051496283,-0.000900218537456168,74515,58.1681540629403,59.569214252164,0.0446965870818693,-0.0536253109314962
"8477992",2025,-0.000926971519290886,-0.000744426293798607,53382,58.7389007530628,59.2784084522873,-0.0544492880725432,-0.0441284059064162
"8476372",2025,-6.96586782812638e-05,0.000344473318706436,66792,51.9583183614804,65.4868846568451,-0.00361934778277785,0.022558484489489
"8475235",2025,-0.000737418736186456,-0.000462792800809625,12253,55.5292581408635,53.1788133518322,-0.040948315359607,-0.0246107719748267
"8481536",2025,-0.000210736104392371,4.54117085916031e-05,741,48.582995951417,38.8663967611336,-0.0102381913065119,0.00216069613941211
"8479543",2025,-0.00014925907856325,0.000812606164643128,7718,54.1072816791915,52.2415133454263,-0.00807600300699833,0.0424517757947796
"8479324",2025,-0.0011877200050512,-0.00150052338374501,79480,58.0674383492703,56.7086059386009,-0.0689678581695052,-0.0850925892704516
"8480853",2025,-8.18938205943346e-05,-0.000101795894118505,876,24.6575342465753,69.8630136986301,-0.00358298029712875,-0.00711176794526545
"8482742",2025,6.98205121305022e-05,0.000640921609213026,37015,59.5218154802107,58.743752532757,0.00415584363976556,0.0376501404045064
"8481527",2025,0.000279622939471621,0.00131268784347081,33094,54.1729618661993,56.5661449205294,0.0151480028369107,0.0742536907891873
"8479361",2025,-0.00116814521540204,0.000322815572871961,136966,55.3538834455266,61.8722894732999,-0.0646613741008142,0.0199733385712231
"8481059",2025,-5.98007520217682e-05,0.000450386218152757,29733,58.238321057411,56.0589244274039,-0.00348269539571835,0.0252481669665696
"8476897",2025,-0.00124731969085801,0.00214273025678585,47484,49.2797573919636,54.0561031084155,-0.0614676117557019,0.115827647694338
"8477488",2025,0.000308391765386907,0.000321461508661458,79972,58.4754664132446,57.3950882808983,0.0180333523190033,0.0184503116685352
"8482684",2025,0.000993057535476132,-0.00116348945384414,73060,60.7555433889953,55.630988228853,0.0603337501843889,-0.0647260681111979
"8479291",2025,-0.00131778008020221,0.00029428694941396,30170,51.070599933709,58.4686774941995,-0.067299819276618,0.0172065687360367
"8483472",2025,-0.000358673350671347,0.000393480131815839,13318,60.5496320768884,45.1419132001802,-0.0217175394189348,0.0187218457115497
"8481133",2025,-0.000559892417739619,-0.000407524077390304,8172,48.0176211453744,61.6740088105727,-0.0268847019971887,-0.0251336435394901
"8475760",2025,0.000179830570576171,-0.000437622449293922,41553,61.6850768897553,59.5191682910981,0.0110928625731197,-0.0260469242074875
"8479026",2025,-0.000173701409665246,-0.000538896599456752,29480,58.0054274084125,57.1506105834464,-0.0100756245090763,-0.0307982697002964
"8477810",2025,-0.000970890618313712,0.000511841036565766,48749,60.6289359781739,54.868817821904,-0.0588640651395517,0.0280841125891015
"8481068",2025,-0.001712439345842,0.00032882457780295,55818,61.0125765881974,56.1754272815221,-0.104480336740828,0.0184718611587468
"8479395",2025,-0.000821213321020247,0.00128075290309873,28189,50.0620809535634,61.17279789989,-0.0411116477570603,0.0783472385009558
"8474709",2025,-0.00134317967450961,-5.32605206374074e-06,13510,35.7068837897853,64.7520355292376,-0.0587661715419424,-0.000344872712461909
"8478115",2025,-0.00087169438260191,-0.00114953788400393,38769,58.1289174340323,55.9931904356574,-0.0506706507939762,-0.0643662936520346
"8476448",2025,-0.000796045174662893,0.00103239438411381,50821,62.8322937368411,51.0733751795518,-0.0500173442422139,0.052727865713107
"8482126",2025,0.00136484884691747,-0.000567172906337031,36850,54.2198100407056,49.6282225237449,0.0740018452141413,-0.0281477832051333
"8482783",2025,0.000499788168927995,-0.000753062923173703,43662,54.665384086849,60.3545417067473,0.0273211122165118,-0.0454507676044923
"8482859",2025,-0.000809182173470694,0.00073803992860185,27444,50.8963707914298,60.4722343681679,-0.0411844359387795,0.044630923535477
"8475958",2025,0.000197240940786878,0.000299047693875599,1646,52.4908869987849,63.4264884568651,0.0103533519343781,0.0189675451036528
"8477392",2025,0.00134081222095951,4.94848360863939e-05,23772,62.8470469459869,54.3664815749621,0.0842660885963955,0.00269031642933095
"8480851",2025,-0.00110614613935047,0.000428004509497108,14212,52.4345623416831,56.4874753729243,-0.0580002887027845,0.0241768941897184
"8482206",2025,-0.00018413392760433,-2.92288024435564e-06,3692,55.5796316359697,80.931744312026,-0.010234095867933,-0.000206171925455044
"8476391",2025,-0.000340500556930466,-0.000192001675349637,3176,66.8765743073048,43.0730478589421,-0.022771510797239,-0.00913546949795514
"8478039",2025,0.000266536632798374,-8.04119943295484e-05,2707,66.4942741041744,45.2161063908386,0.0177231599200988,-0.00382601516434487
"8475413",2025,-0.0012525318400416,-0.000183008548864605,32076,49.8316498316498,59.9326599326599,-0.0624157280559452,-0.010968189123872
"8479985",2025,-0.000810576261477244,0.00113100736250618,9472,67.2719594594595,63.0912162162162,-0.0545290534008974,0.0713566300500099
"8481481",2025,-0.0013744185722348,4.14331411542876e-05,38599,50.8303323920309,57.6387989326148,-0.0698621528724756,0.00238815649213863
"8480823",2025,0.000395286110217173,-0.000206347094333223,12202,55.7613505982626,65.2024258318309,0.0220416873784432,-0.0134543311138758
"8481491",2025,-0.000183387532584367,-0.000396511943454705,6032,57.8912466843501,54.3103448275862,-0.0106165328876759,-0.0215347003772814
"8479465",2025,0.0001496979675541,-0.000369933099762659,2981,43.4753438443475,68.8359610868836,0.00654951575557172,-0.0254647004600127
"8477931",2025,0.000342826046634223,0.00112305200347807,35809,60.420564662515,54.2880281493479,0.0207137433186574,0.0609682787779989
"8481716",2025,0.000939011358460541,-0.00177987076110849,60141,63.1515937546765,59.6198932508605,0.059300063840527,-0.106115704777616
"8482192",2025,-0.000512958278903298,-7.08533284031358e-05,2010,39.4029850746269,75.2238805970149,-0.0224427117115933,-0.00499779871925387
"8480196",2025,0.00085799647017111,-0.000985561130909525,36383,53.0357584586208,60.8525959926339,0.0455044935503442,-0.0599739533252807
"8485105",2025,-0.000376296867096825,0.000296496398883535,3758,57.47738158595,53.6455561468866,-0.0216285586197217,0.0159057142136564
"8480306",2025,0.000384735900724712,-0.000196337708642851,9312,42.139175257732,57.9896907216495,0.0168327859402629,-0.0113855630011963
"8481541",2025,1.13173759833037e-05,-3.98035591847969e-05,349,72.2063037249284,20.6303724928367,0.000768753751111908,-0.00189385952065575
"8476918",2025,-0.000622534378248113,-0.000564370155929424,23795,53.7087623450305,58.550115570498,-0.0334355509729392,-0.0330439378542077
"8474870",2025,-0.00110855278347337,-0.00025663901231461,6012,50.8982035928144,59.8802395209581,-0.0564233452666089,-0.015367605527821
"8483448",2025,0.000426652628982174,0.000230558708525231,29530,52.9089061970877,62.6616999661361,0.0225737239255587,0.0144472006181879
"8477401",2025,0.000461090959269456,-0.000414810513746319,9195,62.6427406199021,62.6427406199021,0.0288840013636984,-0.025984867419019
"8477476",2025,0.00185602581523093,0.000659684170013263,71033,68.1655005420016,51.4915602607239,0.126073995396485,0.0339681671932836
"8482751",2025,-0.000222688517946681,0.000258458243579225,5509,54.8919949174079,64.694136866945,-0.0122238169952943,0.0167207329845046
"8477018",2025,-8.23577801421663e-06,0.000262161532406236,5933,52.1827068936457,68.5656497556042,-0.000429765190156998,0.0179752758103585
"8478409",2025,-2.83873194684659e-05,0.000605598542559926,9681,56.5230864580105,57.2668112798265,-0.00160453891262727,0.0346806974481172
"8483549",2025,-0.000240416776762084,-2.04365329975636e-05,3154,55.9289790741915,55.9289790741915,-0.0134462648766112,-0.00114299442636976
"8480007",2025,-0.0009379535312691,-6.28451887986383e-05,7039,54.7236823412417,56.7694274754937,-0.0513282710960161,-0.00356768538768801
"8477484",2025,-0.00149680377189977,-0.000264772761837711,19573,59.4083686711286,50.3959536095642,-0.0889226703093574,-0.0133434758226495
"8482726",2025,-0.00165841821486421,0.00100448885670339,25206,52.1304451321114,59.9857176862652,-0.0864540797560731,0.0602549849772086
"8476434",2025,-0.00120263984709474,-0.000662733159274103,78394,57.2645865755032,64.1069469602266,-0.0688686736431067,-0.0424857994903683
"8479370",2025,-0.000381298519986736,0.00010122070815444,18768,73.4654731457801,47.7621483375959,-0.0259004090670544,0.00483451847770888
"8481033",2025,-0.000463259149736218,0.000921843214402913,9019,59.8736001774033,47.8988801419226,-0.0277369931098301,0.0441552576363298
"8480980",2025,-0.000458472586376705,-0.000142599261137317,26516,48.0615477447579,57.5652436264897,-0.0220349020998067,-0.00820876120832709
"8483476",2025,0.000799703494687297,-0.000843504084750285,15255,54.9852507374631,50.5014749262537,0.0439718971710066,-0.0425982003862091
"8481591",2025,0.00048510685369257,2.82277070000959e-05,4120,74.2718446601942,52.4271844660194,0.03295178264082,0.00147989920194677
"8475825",2025,0.000127032102464952,-0.000357533995443252,1550,48.7741935483871,76.6451612903226,0.0061958883524841,-0.0252194637116994
"8482634",2025,6.12184980652872e-06,-6.15674405529379e-05,3878,50.1289324394018,53.8421866941722,0.000306881795355643,-0.00331492562853364
"8480844",2025,-0.000115158124903085,0.000145292180318983,503,50.0994035785288,42.9423459244533,-0.00576935337486628,0.00691302447845011
"8477851",2025,0.000135326408960886,-0.000853536983048116,30686,58.1894023333116,55.725738121619,0.00787456285734728,-0.0475639783944561
"8477887",2025,-0.000622299669242475,-0.000766616381639012,8498,43.2101670981407,61.4262179336314,-0.0272265652966711,-0.0470903449300499
"8478057",2025,0.000352837608770069,0.000278537298993698,36657,50.7733857107783,61.2816106064326,0.0179147600033514,0.0170692142962993
"8476442",2025,-0.00121293013375393,0.000928526969280281,18811,45.7391951517729,55.3080644303865,-0.0554784480932368,0.0513550294423052
"8477501",2025,0.000711341579821638,-0.00191623882472982,42112,63.7727963525836,52.6595744680851,0.0453642417070904,-0.100908321089496
"8481529",2025,-0.000487884934079699,0.000411615622557588,5811,53.8977800722767,43.9855446566856,-0.0262959148776048,0.019584735174363
"8481563",2025,-0.00211494201257669,0.00065106031066897,46752,52.7464065708419,68.4548254620123,-0.111555591269125,0.0445682199320879
"8481461",2025,-0.000521961150527503,-0.000241779774326005,3264,65.0735294117647,50.7352941176471,-0.03396585428065,-0.0122667679621282
"8483567",2025,-2.75520934190338e-05,0.000685257456136828,4257,52.431289640592,68.4989429175476,-0.00144459179025801,0.0469394113717405
"8483503",2025,-0.000610958807166808,0.00055555131394531,19792,54.0218270008084,54.3856103476152,-0.0330051109853856,0.0302139972883353
"8482102",2025,-0.000378156679122655,4.60137822859295e-05,2761,50.8511408909815,54.7627671133647,-0.0192296985689318,0.00251984204332942
"8482829",2025,-9.14417951913901e-05,4.10713120191458e-06,394,18.2741116751269,54.8223350253807,-0.00400071883479202,0.000225162522744556
"8479421",2025,0.000910459286659577,0.000360626647047736,31758,58.6057056489703,52.1443415832231,0.0533581089593426,0.0188046390676696
"8483570",2025,3.35353692511684e-05,0.000161533097143752,3922,44.0591534931158,67.0066292707802,0.00147753998128554,0.0108237883552723
"8479705",2025,3.45374184611673e-05,-8.3676578406954e-05,2249,54.4241885282348,59.2263228101378,0.0018796709736091,-0.00495585604437807
"8482169",2025,0.000433226702315725,0.000241381202221403,4844,51.2799339388935,67.6300578034682,0.022215836675315,0.0163246246589041
"8477384",2025,-0.000533982896622929,0.000377184493234454,6181,52.4187024753276,63.4848729978968,-0.027990690584991,0.0239455096497654
"8480259",2025,-0.000261561256189712,0.000851331216229558,12695,47.3572272548247,72.5955100433241,-0.0123868158504336,0.0600505601928027
"8482118",2025,0.000491409449895623,0.000658272403607901,19915,52.0612603565152,75.9226713532513,0.0255833953126679,0.0464327230607014
"8482250",2025,-0.000183790415401825,-5.25475369431646e-05,4477,49.8548134911771,69.1534509716328,-0.00916283688132395,-0.0036338435196792
"8483489",2025,-0.000883135498136617,-8.59350851323085e-05,11208,41.4346895074946,68.0942184154176,-0.0386385329998559,-0.00585168245654692
"8483733",2025,0.000207207284060004,0.000101011043522889,3455,40.6367583212735,64.6020260492041,0.00906563658674774,0.00652551806492294
"8477462",2025,-4.05083426257491e-05,0.000195921646284046,1337,40.3889304412865,64.6222887060583,-0.00177230214006453,0.0126609051899339
"8480032",2025,-0.000105251798996345,-9.90110589792471e-05,2065,43.5835351089588,47.0702179176755,-0.0046049276893469,-0.00471096154561163
"8482137",2025,-0.00219614841564134,-0.000635254553607651,36592,51.4538696982947,61.0953213817228,-0.113000334416526,-0.0388110811118622
"8476913",2025,-0.000555470394587807,-1.96905425253674e-05,27526,49.3061105863547,71.4088498147206,-0.0273880847029925,-0.00138891665970543
"8481806",2025,-0.000288722281365837,0.00112464355385351,28232,43.2275432133749,62.9923491073959,-0.0126320427837924,0.0708439393657228
"8484136",2025,0.000445508181554373,-0.000106082168071791,15917,47.4963875102092,56.3171451906766,0.0211600292300751,-0.00597424486144082
"8481518",2025,-0.000490757589615268,6.84404699958767e-05,3477,63.1578947368421,44.5211389128559,-0.0309952161862275,0.00325640817943117
"8483491",2025,-0.000452859012480659,-8.10201326292421e-05,8938,56.7912284627433,55.5829044528977,-0.0257184196392014,-0.00450333429069227
"8482765",2025,-0.000131115947412249,-0.000680953446529794,4378,64.9611694837825,59.2051164915487,-0.00851744528187386,-0.040315928127118
"8479423",2025,7.71253062119411e-05,-0.00010048848016257,2613,41.3318025258324,50.9758897818599,0.00337435047677484,-0.00512248968911378
"8482768",2025,0.000229598102619163,-0.00091317504605197,30938,58.8790484194195,56.5518133040274,0.0135185178011205,-0.0516417047182276
"8482132",2025,2.68074899964015e-05,-0.00123003089742318,19704,54.0803897685749,65.9561510353228,0.00144975950772256,-0.0811281036485567
"8481462",2025,-4.52403147646929e-05,-3.04649143912239e-05,451,15.9645232815965,31.9290465631929,-0.00197933318120234,-0.00144952535269306
"8481572",2025,0.000977940451644863,-0.000227109912590608,13557,54.7023677804824,59.4821863244081,0.0534956582532884,-0.0135089941368346
"8483397",2025,-9.4753641112228e-05,0.000216736162903868,7027,47.6447986338409,55.329443574783,-0.00451451815061533,0.0119918912960045
"8482749",2025,0.000106717249142638,0.000640472140467285,7686,51.5222482435597,77.2833723653396,0.0054983126021968,0.0451771415046681
"8476329",2025,0.00010960479231392,0.000134687278883099,1282,33.6973478939158,106.708268330733,0.00479537782559912,0.00950046984485696
"8483565",2025,0.000363870682378231,-8.91753760928926e-05,53045,56.6688660571213,55.7865962861721,0.0206201389618053,-0.00497479070476176
"8482482",2025,0.000459068132439868,0.00123474852625501,21964,58.1861227463122,52.9411764705882,0.0267113947030664,0.0653690396252654
"8482507",2025,-0.000138526841611412,5.72360140639033e-05,661,43.5703479576399,49.0166414523449,-0.00606076185620652,0.00280551717953172
"8481707",2025,-0.000110851819049583,0.000204722969806106,2872,52.6462395543175,57.6601671309192,-0.00583593142071623,0.0118043606545582
"8475755",2025,-0.0011730242725744,0.000151476374203275,14437,63.5866177183625,50.3705756043499,-0.0745886459945486,0.00762995215907887
"8479639",2025,0.00077357845823761,0.000243401327129294,5001,56.8686262747451,65.5068986202759,0.0439923442357081,0.0159444660602993
"8484293",2025,-2.61389412153462e-05,8.18065933553461e-05,375,38.4,67.2,-0.00114361878201188,0.00549740307347926
"8483530",2025,-0.000599424481998272,-0.000425418017696221,15226,58.1636674110075,60.2916064626297,-0.034864726208963,-0.0256491357050526
"8478477",2025,3.14190595748936e-05,-0.000254600747489332,13056,47.9779411764706,63.9705882352941,0.00150742179210427,-0.0162869595820382
"8481594",2025,0.000356629381887506,0.000231463511221481,1778,32.3959505061867,62.7671541057368,0.0156030826185259,0.0145283058786937
"8482635",2025,0.00037806468911641,-3.28898359576637e-05,1033,62.729912875121,41.8199419167473,0.0237159650094321,-0.00156490349699729
"8479339",2025,0.000553693570320978,-0.000757455286225298,34687,44.6276703087612,63.5165912301439,0.0247100541083655,-0.0481109777902839
"8483471",2025,-0.000224334380479961,0.00012397983662596,2988,60.2409638554217,59.0361445783133,-0.0135141193060217,0.00731929155984586
"8482652",2025,0.000175173504054565,0.000540286862282599,11983,50.7719268964366,66.9949094550613,0.00889389634205101,0.0361964694183819
"8481592",2025,0.000476721908879191,8.5494135754789e-05,28436,57.3498382332255,54.1848361232241,0.0273399243564561,0.00463248573536991
"8482896",2025,-0.000917473964098605,0.000592503542013857,12030,48.4788029925187,62.8428927680798,-0.0444780395563014,0.0372346365554843
"8477405",2025,-0.0007081892018381,-0.000573981755251898,30670,62.0932507336159,60.0978154548419,-0.0439737696765725,-0.0344950496015748
"8481147",2025,-0.00020843264027826,0.000279835097904138,1660,41.2048192771084,62.8915662650602,-0.00911924780130715,0.0175992676031277
"8479387",2025,-0.000453640786382493,0.00074398056702995,23342,58.1441178990661,53.3630365864108,-0.0263765433672487,0.0397010622179978
"8481564",2025,-0.00011441513142167,-0.000361009431289451,3008,56.25,76.5957446808511,-0.00643585114246891,-0.0254646113880676
"8482657",2025,-0.000132871746382574,-0.000201808505241013,1936,66.9421487603306,50.2066115702479,-0.00889472021238718,-0.0101321212342079
"8483466",2025,0.000364492566616626,0.000430455061600657,12988,54.3270711425932,64.0283338466277,0.0198018135975278,0.0275613203901375
"8482787",2025,0.000399561456628055,0.000418324471059059,2485,52.1529175050302,79.6780684104628,0.0208382956857127,0.0295074564993758
"8477967",2025,0.00016160055131923,-0.00110350175023333,60560,52.8467635402906,54.5112285336856,0.00854006612354796,-0.0601532360942913
"8478017",2025,-5.92542884039361e-05,-0.00061744349704188,3830,48.8772845953003,59.2167101827676,-0.00289618871781119,-0.0365629726185636
"8482982",2025,0.00162075460114673,-0.000542211543047169,25036,64.4192362997284,63.5564786707142,0.104407773635143,-0.0344610563706924
"8482123",2025,0.0002021836719105,-0.000159317431908924,3512,59.4533029612756,58.4282460136674,0.0120204870999181,-0.00930863810584031
"8482166",2025,-0.000977910741582512,-0.000194804837882104,27823,54.602307443482,59.2603241922151,-0.0533961829641718,-0.0115441978471054
"8475857",2025,-0.000319920540663015,-2.80116049757843e-05,5880,54.4897959183673,62.4489795918367,-0.0174324049708214,-0.00174929614746735
"8483425",2025,2.05583488240483e-05,-0.000416575959261612,40056,60.1258238466147,53.9245056920312,0.00123608765997199,-0.0224636526863661
"8477463",2025,-0.000262044685577297,9.96805515911156e-05,697,51.6499282639885,46.4849354375897,-0.0135345892120268,0.00474281610794133
"8483493",2025,0.0010229900765265,-0.00147270978239604,38128,46.8317247167436,64.4880402853546,0.0479083896518495,-0.0949721677757913
"8482067",2025,-0.000423256860476341,0.000252367246970536,1785,48.4033613445378,52.436974789916,-0.0204870547591909,0.0132333749671945
"8483398",2025,-0.00030700575266234,3.95670356900736e-05,2283,59.9211563731932,48.8830486202365,-0.0183961397127499,0.0019341573293965
"8474682",2025,-0.00183899061454964,0.00101707385598189,17340,68.9273356401384,50.242214532872,-0.124916847799373,0.0511000428680176
"8482661",2025,0.000201376318347021,-2.81455795552875e-06,6086,48.5047650345054,61.5182385803483,0.00976771100493602,-0.000173146647806435
"8479746",2025,-1.91756202855908e-05,-0.00016163878167423,1608,67.1641791044776,55.9701492537313,-0.00128791479530087,-0.00904694673549793
"8476867",2025,-0.000463456551508241,-3.49733425225613e-05,6402,45.5482661668229,79.8500468603561,-0.0211096423648552,-0.00246692329642975
"8481006",2025,-0.000664557675537945,6.49219640347696e-05,31267,55.3810726964531,53.9994243131736,-0.0368039169399529,0.00350574868315812
"8482744",2025,-0.000127208849546221,1.67496549997079e-05,1261,34.2585249801745,91.3560666137986,-0.00556558233865151,0.00118147455020306
"8476858",2025,-0.00038634379577998,-6.61882681323058e-05,12622,57.8989066708921,52.765013468547,-0.0223688833747433,-0.00349242485946091
"8479550",2025,0.000446314666359317,5.42487907472234e-05,3877,49.2133092597369,65.9272633479494,0.0219646217026973,0.0035764743139
"8481024",2025,0.000743196937469763,0.00036081012899452,11049,53.1088786315504,55.7154493619332,0.0394703559514216,0.0201026984712668
"8476899",2025,0.000466382014903937,0.000503041628126469,6521,63.4871952154578,58.5186321116393,0.0296092860251848,0.0294373079731729
"8484976",2025,-0.000465933516237909,8.66135734138416e-05,5864,39.9045020463847,50.3410641200546,-0.0203853061969347,0.00436021945289326
"8478021",2025,-0.000603306616734718,-0.00012986732720795,4825,44.7668393782383,60.4352331606218,-0.0270081304071915,-0.00784856219975919
"8480245",2025,-9.3198815920352e-05,4.49905481027471e-05,12393,55.4829339143065,51.1256354393609,-0.0051709437446005,0.00230017036051808
"8482447",2025,0.000201232283757929,0.00123922508412794,31641,56.7744382288802,54.7264625011852,0.011424849863871,0.0678184050970558
"8479335",2025,0.000221020131300992,0.0002466412820525,1641,63.6197440585009,50.4570383912249,0.0140612441851454,0.0124447886373839
"8477541",2025,0.000395624881784559,-0.000325154057816904,2894,55.9778852798894,58.465791292329,0.0221462442464059,-0.019010389282177
"8483485",2025,-0.00081403777942988,0.000268236653689103,38169,50.6484319735911,62.2494694647489,-0.0412297370953875,0.0166975893831462
"8482487",2025,0.000905115302139604,0.000932119041137134,47834,55.9183844127608,62.3155077978007,0.0506125854029145,0.0580854713764596
"8482763",2025,-1.8925759446684e-05,-7.91246536617189e-06,5766,44.9531737773153,56.1914672216441,-0.000850772953274453,-0.000444613038265642
"8484829",2025,-0.000100449476517837,7.88541351625026e-05,2345,42.9850746268657,58.3368869936034,-0.00439481871291772,0.00460010477195324
"8479594",2025,0.000233085433965186,0.000119377635103567,648,116.666666666667,33.3333333333333,0.0158327603460937,0.00568000639703123
"8484321",2025,0.000972062011609173,0.000221896673121656,33064,54.7665134285023,59.0128236148076,0.0532364472121307,0.0130947492316409
"8476994",2025,0.00110863299535031,0.000714027484338027,27066,57.7255597428508,57.5925515406783,0.0639964602059902,0.0411226646931987
"8484938",2025,-0.000328550534284892,-0.000125609407122095,2717,67.5745307324255,71.5495031284505,-0.0222016481761892,-0.00886014176312516
"8482712",2025,-5.57740346309718e-05,0.000109051971495415,817,26.438188494492,39.6572827417381,-0.00244019958678022,0.00518870972075672
"8478465",2025,-0.000695327870259689,0.000233122075969344,2722,48.9346069066863,54.2248346803821,-0.0340255960024212,0.0126410060297852
"8484911",2025,0.00030226424948966,5.46995179104503e-05,24671,48.0077824166025,60.5569291881156,0.0145110363218173,0.0033124348327272
"8471709",2025,-0.000478369884453452,0.000162698760634154,18791,49.8110797722314,63.4133361715715,-0.023828120475144,0.0103172712027916
"8482703",2025,0.000585263454000412,-0.000102388101924111,16785,46.112600536193,66.4879356568365,0.0269880198627536,-0.00680757353275593
"8482103",2025,-9.09918928401775e-05,0.000284949144115152,3089,41.9553253480091,68.7601165425704,-0.00398103491666086,0.0195931363580636
"8481056",2025,0.000465351074000268,-0.000361489685494968,19751,60.1488532226216,58.1438914485343,0.0279903334470315,-0.0210184170331842
"8475839",2025,-9.77449082140328e-05,0.00018539121487995,3468,59.1695501730104,45.6747404844291,-0.00578352225072651,0.00882094276334047
"8481754",2025,0.00092779729208175,0.000163828666950875,10110,50.919881305638,65.8753709198813,0.047243327988495,0.0107922742026986
"8481600",2025,7.78124441485998e-05,0.000161709337153134,10219,65.8772874058127,52.4904589490165,0.00512607274692606,0.00848819732350925
"8480890",2025,-0.000113555888720909,3.67068998441572e-05,876,41.0958904109589,98.6301369863014,-0.00496824435540025,0.00258920365723835
"8474563",2025,-0.00100972712818186,-0.000177103509304017,42387,58.3480784202704,62.0850732535919,-0.0589156376582294,-0.0109954843486081
"8483406",2025,-8.75631092263386e-05,7.62081539743142e-05,840,51.4285714285714,30,-0.00450324561735456,0.00362599578810984
"8484150",2025,0.000461891203083983,0.000257765741683355,1063,77.892756349953,54.1862652869238,0.0313748165210953,0.013967362860735
"8478211",2025,5.53873505730214e-05,0.000423096795522204,3446,47.0110272780035,63.7260591990714,0.00260381624864465,0.0269622914383854
"8484768",2025,0.000123412658327831,-0.000120128476955938,1012,46.2450592885376,39.1304347826087,0.00570722570132659,-0.00571573156884357
"8484821",2025,-9.55843653888993e-05,-4.80387278226167e-05,641,39.3135725429017,50.5460218408736,-0.0041819626366983,-0.00242816658572977
"8482408",2025,-0.000439518830126539,-4.47511454743792e-05,7085,50.8115737473536,66.0550458715596,-0.0223326434503252,-0.00295603896711496
"8484234",2025,0.000319864426101946,0.000165325200348171,723,54.7717842323651,94.6058091286307,0.0175195453300651,0.0116615844757395
"8481560",2025,-0.00100090792220475,0.000877233655869287,9026,56.2375360070906,59.0294704187902,-0.056288595314772,0.0517826381395032
"8483432",2025,0.000386164027294537,0.000505802693551499,10988,42.591918456498,64.8707681106662,0.0168952686688052,0.0328118092431297
"8483538",2025,-5.32478128327685e-05,0.000143898313884547,633,28.436018957346,96.6824644549763,-0.0023296735072366,0.010150190894958
"8483573",2025,-0.000338476770053112,0.000284151840639408,13531,59.0643707043086,57.4680363609489,-0.0199919174212141,0.0163296483098961
"8480084",2025,4.16033528206049e-06,-0.00013040331141508,14134,56.7992075845479,56.544502617801,0.000236303747307072,-0.00737359038367994
"8478146",2025,-0.0005575526994316,0.00123862336710105,22238,50.0224840363342,63.9445993344725,-0.0278901710067323,0.0792032749355917
"8476952",2025,-0.000504685345261929,0.000228060137659076,2763,48.2084690553746,62.5407166123779,-0.0243301078497607,0.0142630444399162
"8482209",2025,-0.000187650759019045,0.000140828696148616,3235,56.7542503863988,66.7697063369397,-0.0106499781625646,0.00940309068565718
"8479968",2025,0.00050464943994458,0.000338593115620592,16727,49.5008070783763,60.6922938960961,0.0249805545689073,0.0205499928844398
"8480828",2025,-0.00044655946387009,8.46464238543896e-05,11261,53.7074860136755,76.0856051860403,-0.0239835861600773,0.00597072569861327
"8482090",2025,-0.00016774186805942,-0.000124238849735558,505,49.9009900990099,28.5148514851485,-0.00837048529722255,-0.00591130374333145
"8483553",2025,-0.00070629399915977,-0.000261996697274495,19635,48.4033613445378,53.903743315508,-0.034187003656809,-0.0141226027193952
"8484255",2025,7.77164676285123e-05,-6.34370974989009e-05,622,63.6655948553055,57.8778135048232,0.00494786514162233,-0.00367160049832867
"8478507",2025,0.00186175581732221,-0.000516999945445219,37516,64.2925685041049,55.5602942744429,0.119697063423104,-0.0287246691088073
"8482131",2025,-0.000323232120957428,-0.000137616582963382,1237,66.9361358124495,61.1156022635408,-0.0216359091473525,-0.00841052034925765
"8483531",2025,-0.000289809549354221,-6.16748717119975e-05,1404,76.9230769230769,56.4102564102564,-0.0196858510756195,-0.00347909532734345
"8481719",2025,5.73351232468307e-05,0.000448182279332796,4897,62.4872370839289,56.6060853583827,0.00358271343956099,0.0253698443600267
"8483424",2025,0.0002993296890485,-1.24320761996393e-05,7071,59.0581247348324,61.6037335596097,0.0176778501126649,-0.000765862309795345
"8481725",2025,0.000652008629272188,-0.000427970443526455,19064,56.8401174989509,60.6168694922367,0.0370602470981611,-0.0259422285217777
"8479022",2025,0.000661396573817721,-0.000532503807462854,11838,57.7800304105423,61.7334009123163,0.0382155141486164,-0.0328732710334392
"8478056",2025,-0.000448115313738958,0.000443768575952237,2434,45.8504519309778,62.1199671322925,-0.0205462896521232,0.0275668893524972
"8482807",2025,0.00074399704605331,-0.000247204829515606,23718,47.5082216038452,53.8831267391854,0.0353459765365069,-0.0133201691593281
"8478147",2025,-0.00126148165477275,0.00056412931407775,5382,53.5117056856187,63.5451505016722,-0.0675040350380066,0.0358476821654758
"8477950",2025,0.000531877752477394,-0.00224245028487792,35441,65.6189159448097,62.0637115205553,0.0349012415327284,-0.13917478757985
"8483678",2025,0.000172139744662528,0.000205349138429541,17432,56.5855897200551,56.7921064708582,0.00974062896598886,0.0116622101333895
"8477149",2025,-5.38982073957525e-05,-0.000205729519240358,602,17.9401993355482,83.7209302325581,-0.00235812926723924,-0.0145115938932612
"8479942",2025,0.000557393096991872,-6.66778770933971e-05,4398,45.0204638472033,63.8472032742156,0.0250940957718032,-0.00425719597267529
"8478400",2025,0.000100365414740859,7.87214989513958e-05,1212,56.4356435643564,65.3465346534653,0.00566418677250395,0.00514417715920012
"8482172",2025,0.000589839885801218,-0.000748747755342621,19727,48.177624575455,67.5216708065088,0.0284170845777603,-0.0505566994533569
"8479388",2025,5.26350723231781e-05,-5.73834880232284e-06,2007,66.3677130044843,46.6367713004484,0.00349326937391496,-0.000273031526192601
"8481534",2025,-8.91745879968409e-05,0.000251135800456702,5094,60.0706713780919,54.416961130742,-0.00535677737083496,0.0136660470919901
"8484135",2025,-0.00013467241207648,8.27972622017904e-05,1349,40.0296515937732,53.3728687916975,-0.00589212465036967,0.00441912741180794
"8481093",2025,-8.9248748672899e-05,0.000119513850679401,520,34.6153846153846,62.3076923076923,-0.00390476968491216,0.00744663223463959
"8480874",2025,-0.000113127549220115,9.42687586397315e-05,768,56.25,56.25,-0.00636342464363149,0.00530261767348489
"8481576",2025,9.59592099848348e-05,4.88354088834722e-05,791,59.165613147914,36.409608091024,0.00567748549594219,0.00232359633041072
"8475906",2025,-0.000502188893381804,-0.00168632853266122,30266,66.3715059803079,67.3230687900615,-0.0333310331403346,-0.113528811806995
"8478476",2025,-0.000127575334503087,-4.18517459077609e-05,618,29.126213592233,40.7766990291262,-0.00558161661779635,-0.00199131256266531
"8482076",2025,-0.000345039886378089,0.000336292267769417,12347,59.1884668340488,59.4800356361869,-0.0204223818713135,0.020002676071099
"8481848",2025,0.00010069950617801,-9.8509309157675e-05,1762,57.2077185017026,63.3371169125993,0.00576078900269203,-0.00623929563109905
"8480819",2025,0.000486708855780908,7.69245973641196e-05,3863,68.0300284752783,58.7108464923634,0.0330606016034943,0.00451630822733169
"8482666",2025,0.000333072904418766,-0.000377222798362141,12246,77.3150416462518,55.2670259676629,0.0226245946978709,-0.0208479821926749
"8479249",2025,0.000347370061558483,-0.00026814878311182,2297,54.8541575968655,84.6321288637353,0.0190546921011619,-0.0189144769202744
"8480205",2025,-0.00068136985239358,0.000190734354231632,6142,58.0267014001954,40.4428524910453,-0.0395376449679375,0.00907517016256358
"8483465",2025,-0.000116969730242975,8.76762344466773e-05,1138,37.9613356766257,50.6151142355009,-0.00511760515969917,0.00443774262225713
"8482663",2025,4.10365441958228e-05,-3.65013367797874e-05,927,27.1844660194175,54.3689320388349,0.00179541176915194,-0.00198453869870689
"8482470",2025,-0.000421623280567634,-8.49768571716265e-05,3961,64.5291593032063,66.3468821004797,-0.0272069958376893,-0.00563794952403521
"8483512",2025,0.000782748139350904,-0.000483283608202668,2857,63.0031501575079,59.2229611480574,0.0493155985590349,-0.0286214863520796
"8476432",2025,0.000507178280713887,-0.000896598077147961,18738,65.3218059558117,57.4447646493756,0.0331298012377948,-0.0515048655268473
"8476425",2025,0.000223241688049349,0.000237359292405245,3196,32.665832290363,86.7334167709637,0.00976716636217011,0.0167426710123816
"8478848",2025,3.59067037881709e-05,-0.000127646152108858,3314,58.6602293301147,52.142426071213,0.0021062954787026,-0.00665578004961095
"8482747",2025,-8.635825548421e-05,0.000355910076841293,11425,67.1159737417943,60.4989059080963,-0.00579601840746541,0.0215321702505647
"8483668",2025,-0.000292514548638637,3.07308410850999e-05,1559,50.8017960230917,27.71007055805,-0.0148602644337268,0.00146217818604033
"8479356",2025,0.000221997116780867,4.57240935971081e-05,11306,49.6727401379798,55.7226251547851,0.0110272050932367,0.00254786652805396
"8482088",2025,9.09855261570734e-05,4.6986916300236e-05,490,51.4285714285714,22.0408163265306,0.0046792556309352,0.00223564476654755
"8481065",2025,-0.000254255621181122,6.42395423399097e-05,3392,60.4952830188679,41.3915094339623,-0.01538126576249,0.00305652738987912
"8481422",2025,-4.07322967194204e-05,-0.000190680056866593,1799,52.0289049471929,56.0311284046693,-0.00211925679429558,-0.0106840187505017
"8480070",2025,-9.23178323512928e-05,-0.000188267085352566,11856,41.2955465587045,63.7651821862348,-0.00403904680460347,-0.0120048849971778
"8475714",2025,-0.000169071430482125,0.000850323435532046,18425,39.8588873812754,68.5807327001357,-0.00739713448253425,0.0583158042408843
"8482802",2025,-3.40641560726782e-05,0,70,51.4285714285714,0,-0.00175187088373774,0
"8482874",2025,-3.51549746081964e-05,-7.78991078571039e-05,573,56.544502617801,69.1099476439791,-0.00198782055376189,-0.00538360326551713
"8479341",2025,-0.00022873665345504,8.75817025978041e-05,2091,79.1965566714491,49.9282639885222,-0.0155373613653698,0.00437280236786741
"8481486",2025,-0.000367431642501615,-2.09008205202386e-05,5233,44.0282820561819,58.4750621058666,-0.0161773839924273,-0.00122217677798452
"8482623",2025,-0.000229275530553528,-0.000542322367513531,810,31.1111111111111,93.3333333333333,-0.01003115622919,-0.0382539267366569
"8484783",2025,-8.09192864603788e-05,-0.000963542482922677,15391,46.5466831265025,60.1130530829706,-0.00376652438569394,-0.0579214804236281
"8483497",2025,0.000496048993366063,-0.000232190224032291,8754,48.9376285126799,64.5647703906785,0.0242754613614372,-0.0149913085016051
"8484312",2025,-0.000339286000836294,0.000879645530009716,14847,47.0398060214185,65.4677712669226,-0.0159599476651221,0.057588432354647
"8479419",2025,-0.000273461941801317,-4.69261714404684e-06,1352,39.9408284023669,74.5562130177515,-0.0119643795145695,-0.00033100429409648
"8479533",2025,0.000144602189900486,-0.000396157988785283,5766,46.2018730489074,53.0697190426639,0.00668089202037623,-0.0210239931613418
"8484152",2025,-0.000363975331583685,0.000304753119915448,4281,47.9327259985985,63.0693763139453,-0.0174463298390498,0.0192205892027963
"8477990",2025,-0.000385663578964162,-0.000787435981317983,3124,66.8373879641485,50.7042253521127,-0.0257767462508697,-0.039926331447109
"8479523",2025,-0.000254753495857358,0.000195849400836956,8601,60.2720613882107,72.4101848622253,-0.0153545183411759,0.0138146775420399
"8484164",2025,-6.67715932301373e-05,-0.000123459022210806,546,46.1538461538462,72.5274725274725,-0.00308176584139095,-0.00870845953170764
"8480885",2025,-0.000728971106970205,7.95426049234104e-05,3494,78.30566685747,49.4562106468231,-0.0495167142774343,0.00393387582448922
"8483481",2025,-0.000760270240651338,-0.000199540755858446,5107,59.9177599373409,70.4914822792246,-0.0455536897668513,-0.0140659236555787
"8483506",2025,-2.30486979058945e-05,-0.000239172037192199,5540,56.5342960288809,66.9314079422383,-0.00130304191049208,-0.0160081211896873
"8484197",2025,-0.00013615431041676,-0.000248565926204815,3402,53.968253968254,60.3174603174603,-0.00734801040344419,-0.0149928653901317
"8482758",2025,0.000413085882927089,-0.000136599401747155,4703,73.4850095683606,48.2245375292367,0.0280596246426792,-0.00658744297602694
"8484186",2025,0.00130891698213631,-0.00058943609667227,9133,52.8194459651812,58.7320705135224,0.0691362698108571,-0.0346188023929712
"8483516",2025,-0.000138023495529606,-0.000147454288427792,9814,46.2196861626248,62.7267169349908,-0.00637940264644683,-0.00924932341106058
"8484210",2025,-0.000264508539179021,2.57508744691463e-06,2987,40.9775694676933,53.0297957817208,-0.0115726544130279,0.000136556361429955
"8477034",2025,-0.000474872040091332,-0.000340407435104052,2958,66.9371196754564,38.9452332657201,-0.0317865665781216,-0.0161966385689462
"8479994",2025,-0.000474028264200285,4.5899718108552e-05,4503,58.3610926049301,49.5669553630913,-0.0276648074243471,0.00227510927866507
"8482785",2025,-0.000121836048612371,-0.000223617596180424,1293,83.5266821345708,41.7633410672854,-0.00827593954018939,-0.0106397599155958
"8483500",2025,-0.00015769499366393,-0.000316576283840802,2110,68.2464454976303,35.8293838862559,-0.0107117248812411,-0.0150627486949639
"8485483",2025,0.000173267025055091,-8.25203898662778e-05,1034,38.2978723404255,52.2243713733075,0.00758069818221978,-0.00430957548624661
"8482641",2025,0.000148497713162047,-7.532420777317e-05,1346,50.8172362555721,50.8172362555721,0.00754624337316789,-0.00382776806217298
"8484241",2025,0.000167578614867126,-4.05403353886614e-05,1344,53.5714285714286,53.5714285714286,0.00897742579645317,-0.00217180368153543
"8483450",2025,-0.000159062581112494,-6.38524876389247e-05,726,64.4628099173554,34.7107438016529,-0.0102536209312186,-0.00303811126716326
"8482178",2025,7.51996622691341e-05,8.70354414650311e-05,1524,66.1417322834646,70.8661417322835,0.00497383592961202,0.00613924042366338
"8485512",2025,3.41414837246503e-05,9.27293516380048e-05,928,100.862068965517,42.6724137931035,0.00231912359548467,0.00441207693584717
"8482866",2025,-7.85423985106843e-05,6.82343555153868e-05,807,71.3754646840149,26.7657992565056,-0.00533513807135966,0.00324660122047535
"8484984",2025,-0.000361992302984656,-0.000331979512945878,3940,46.5989847715736,55.736040609137,-0.0168684738142089,-0.018503223614953
"8481562",2025,-0.000478754171119325,-5.37513864797768e-05,1993,65.0275965880582,54.1896638233818,-0.0311322331043976,-0.00291276956337978
"8484203",2025,0.000410964313393439,0.000135231706677488,1188,72.7272727272727,42.4242424242424,0.027915513097773,0.00643434558192745
"8480291",2025,0.000220003714035649,-0.00036908813415211,1542,63.0350194552529,65.3696498054475,0.013867938394465,-0.0241271620768695
"8483467",2025,-0.000126399295081035,0.000171561930145172,842,42.7553444180523,47.0308788598575,-0.00553016308873545,0.00816294325035165
"8484268",2025,-0.0002534696704432,0.000160118076658923,911,35.5653128430296,51.3721185510428,-0.0110896869693796,0.00822560481628715
"8485511",2025,0.000191759605559061,0.000232951934181718,732,49.1803278688525,59.0163934426229,0.00943080027339644,0.0137479830008883
"8483461",2025,4.82249937056269e-05,3.57047263094962e-06,732,49.1803278688525,93.4426229508197,0.00237172100191608,0.000251851309518739
"8481525",2025,-0.000220699176493067,-0.000308986994280952,1040,55.3846153846154,45,-0.0122233390057698,-0.0147016491203956
"8483532",2025,-1.26185875132628e-05,-0.000198134736628901,3262,40.8338442673207,71.7351318209687,-0.00055208256385517,-0.0139758788370455
"8485469",2025,-0.000221780586192388,-2.66322270038579e-05,669,64.5739910313901,69.9551569506726,-0.0143212575837237,-0.00186306162000082
"8476455",2025,-0.000735420783729087,0.000188805573288932,4162,83.0370014416146,47.573282075925,-0.0499548205318491,0.00898339846610215
"8484798",2025,0.000142322384868331,-0.000247398227810937,2721,48.9525909592062,82.0286659316428,0.00696704949079813,-0.0174507898777054
"8475169",2025,0.000112491875674953,0.0010259978288621,18929,57.055311955201,67.1350837339532,0.00641825905906014,0.0688804501515114
"8482100",2025,-0.000266127649882358,-0.000107314690391125,3447,58.4856396866841,48.0417754569191,-0.0155646458416836,-0.00515558825899922
"8484901",2025,0,-0.000251323587420013,286,25.1748251748252,75.5244755244755,0,-0.0177276739376218
