"player_id","season","pp_rapm_raw","pk_rapm_raw","own_pp_shots_per60","own_pk_sa_per60","pp_rapm_per60","pk_rapm_per60"
"8473986",2022,0.00195507402341169,0.000684695878430614,129.281767955801,105.903542125275,0.252755426231124,0.0725117188043788
"8474564",2022,0.0016077211124508,-0.000115158990619269,139.176771246805,93.1034482758621,0.223757433496224,-0.0107216991266216
"8475167",2022,0.00103382066859858,0.000387312165757329,137.861125190066,79.2739175717899,0.142523680617746,0.0307037527027979
"8476453",2022,0.00438791056431968,0,146.375957572186,0,0.642284610593405,0
"8476883",2022,0.0032042999744721,0.00051873028081785,102.516368225921,114.2330877428,0.328493196089291,0.0592561616835126
"8478010",2022,0.00159187499199306,0,139.5,0,0.222066561383032,0
"8475149",2022,-0.00189796115097421,0,112.945973496432,0,-0.214367069855191,0
"8475820",2022,-0.00129974363277759,-0.00129596950084341,88.6266531027467,137.178166838311,-0.115191928064683,-0.17777872040406
"8475831",2022,-0.00342067148522437,0.000877958110379925,101.359223300971,108.71315831857,-0.34671660491012,0.0954455990508052
"8477987",2022,0.00146420007816142,0,99.7134670487106,0,0.146000466246468,0
"8478407",2022,-0.0012224026613516,-0.000315941995917695,100.961872754665,33.0564057717534,-0.123416061950344,-0.010443906817393
"8479987",2022,0.000164247596490173,-0.00028697452224959,93.3095739510773,76.1904761904762,0.0153258732509865,-0.0218647255047307
"8470966",2022,-0.00073808795757142,0.000827582615218934,112.272485364556,104.060231244958,-0.0828669694141921,0.0861184383139896
"8474586",2022,-0.000991260786377445,0,140.742367669668,0,-0.139512390052859,0
"8475768",2022,-0.000805341926723524,0.000298591042310127,109.533468559838,35.2941176470588,-0.0882118946106903,0.0105385073756516
"8477505",2022,-1.42427719127008e-05,-3.45677723628341e-05,101.854081386949,80.7251908396947,-0.00145068444957198,-0.00279049002089291
"8477955",2022,-0.000336377651249887,0.000260278255744743,139.277052777457,36.734693877551,-0.0468496878862875,0.00956124204776608
"8474166",2022,-0.000204567400073425,-0.001292253822603,50.7042253521127,88.2629107981221,-0.0103724315530188,-0.114058083872941
"8474565",2022,-0.000558141051718498,-0.00041327466101291,106.344913667568,131.923076923077,-0.0593554619593294,-0.0545204648951647
"8475191",2022,0.000156270869017301,0.00108653363448233,117.882481353466,136.319556684369,0.0184215978030218,0.148115783375286
"8475215",2022,7.44273101423631e-06,-0.00305362788486625,112.684124386252,114.378818737271,0.00083867762738162,-0.349270350334193
"8476448",2022,-0.000341693808210547,-0.000457846693420755,108.66648779179,153.554502369668,-0.0371306660384415,-0.0703044211698221
"8476539",2022,0.00105425594315098,0.000106623837643155,123.368740515933,10.0981767180926,0.130062227887974,0.00107670635488179
"8474149",2022,-0.000563553196049986,-0.000140996532428953,115.54540262707,12.7208480565371,-0.0651159809393679,-0.00179359546552732
"8474157",2022,0.00105448717748049,0,139.424860853432,0,0.147021727991946,0
"8475913",2022,0.000939988301985531,0.000460984520610332,133.425414364641,104.115684093437,0.125418328690335,0.0479957187198299
"8477447",2022,-7.93362515731117e-05,0.000591400400083794,120.264608599779,54.244762954796,-0.00954134324321392,0.032080374513917
"8479974",2022,-0.00056909669394307,0,95.0649350649351,0,-0.0541011402553672,0
"8476905",2022,0.00140620628928295,-0.00262341908256758,112.593294633337,116.705607476636,0.158329399044487,-0.306167717696847
"8469455",2022,-0.000558110607575718,-2.10013471153259e-05,96.1055276381909,76.8539325842697,-0.0536375144215357,-0.00161403611538011
"8475166",2022,0.00162829442502004,-1.25269673344981e-05,176.992389117313,6.38297872340426,0.288195720470698,-7.99593659648816e-05
"8475789",2022,-0.00205008566982675,0.00110867297546267,125.306244397968,90.3102765348786,-0.256888535980083,0.100124563000781
"8476853",2022,-3.77700581912912e-05,-6.72308692608036e-05,170.623671155209,74.5324079520056,-0.00644446598834398,-0.00501087857471417
"8477939",2022,0.00182615826353637,-0.000588816975661593,173.056559374737,40.5436893203883,0.31602866596135,-0.0238728125277943
"8478483",2022,0.00160308955700994,0.00089763118408146,169.559388685316,110.315678245938,0.27181888529442,0.099022792886651
"8477941",2022,0.000461804978227193,-0.000113470049105785,95.5162484574249,24.2424242424242,0.0441098790392243,-0.00275078906923116
"8478047",2022,-5.20421417952437e-05,0,91.7667740990331,0,-0.00477573946975397,0
"8478115",2022,4.31826996349801e-05,0.000995263375158748,68.2381530984204,60.0931677018634,0.00294670766889487,0.0598085289109372
"8478131",2022,0.00088783872760051,-9.97358644945436e-05,86.8930676396295,81.203007518797,0.0771470306104737,-0.00809885215444414
"8480873",2022,-5.76164550099495e-05,0,78.4557907845579,0,-0.00452034454000849,0
"8474596",2022,-0.000696368292056879,0.000128824654920011,101.185384333374,122.07874015748,-0.0704622932693506,0.0157267515738571
"8475227",2022,-0.00127921643561883,0.000260978496855961,126.901669758813,11.4376489277204,-0.162334701662946,0.00298498042472267
"8476469",2022,-0.00019324771057919,-0.00127584316885379,78.3596214511041,116.477929281257,-0.0151428174472779,-0.148607570395726
"8476981",2022,-0.00170702999509474,0.000225806930384982,81.767955801105,14.0625,-0.139580353190067,0.00317540995853881
"8477494",2022,-0.001476928934472,9.60153164164834e-05,118.081587651599,55.5127216653817,-0.174398113431037,0.00533007153584179
"8477989",2022,-0.000509414023035726,0.000578859185020238,112.982241273729,131.688643130583,-0.0575547380588435,0.0762291806389901
"8473507",2022,-0.000286037467334296,3.73344439016461e-05,74.3237945903567,111.785755511947,-0.0212593899673001,0.00417345901816393
"8475726",2022,0.000352480398192303,0.000881057167875509,145.96533173939,81.0457516339869,0.0514499182537718,0.0714059404029824
"8480018",2022,0.000755130393353854,0.000898390240303428,122.438696674505,110.313519648177,0.0924571811815519,0.0991045894254427
"8481540",2022,0.000272470525105104,0,118.506787330317,0,0.0322896065724103,0
"8475848",2022,0.000393901510340869,-1.07654817392714e-05,99.5367689635206,5.20984081041968,0.0392076836291809,-5.60864461090837e-05
"8474673",2022,0.000323767981697267,0.00123032803161654,34.8512011473646,94.8071216617211,0.0112837030552077,0.116643859377295
"8475184",2022,0.000906582086411953,0.000267540171868997,159.464882943144,96.1504702194357,0.144568006288033,0.0257241133277927
"8476458",2022,0.00146139221744296,-2.18271626259423e-05,163.085106382979,68.6406460296097,0.238331305248942,-0.00149823054363803
"8476459",2022,0.000367389364697232,0.0014390826746955,157.843713278496,95.4897675342738,0.0579901015428387,0.137417670069274
"8478550",2022,0.000214987806615988,-0.000127193321175126,159.522313010685,2.297383535418,0.0342953521804762,-0.000292211841882868
"8479323",2022,0.000557760514623105,-0.000169070588717779,151.786374731859,118.431874257516,0.0846604464832171,-0.0200233467036682
"8480382",2022,0.00021141631893042,-0.00107392574190132,124.992517210416,108.314461339372,0.0264254578824733,-0.116321688252527
"8476624",2022,6.00941127999648e-05,0.000183236521374373,57.6821773485514,141.690408357075,0.00346635927213142,0.0259628575394648
"8476885",2022,-0.00220213228617874,0.00117646725513661,70.2303537969801,115.230728194185,-0.154656529566085,0.135565178506005
"8480078",2022,-0.000908943311301101,3.22010829196465e-05,75.6864988558352,4.84522207267833,-0.0687947368908099,0.000156021397726416
"8481554",2022,-0.0010536390765363,0.000192156750636355,81.9037656903766,66.8004012036108,-0.0862970080468539,0.0128361480364907
"8482109",2022,-0.0021892257665306,-0.000138890387511967,76.6457680250784,13.9130434782609,-0.167794890256029,-0.00193238800016649
"8471214",2022,-0.00169309037893143,9.57133162035923e-05,122.898060561222,7.51043115438109,-0.208077523925537,0.000718848271904588
"8471698",2022,8.76914644535868e-05,0.00129839446200293,119.079578139981,76.1811023622047,0.0104422625936102,0.0989131214163647
"8474590",2022,-0.00183539759778008,0.000951310537781755,126.583253128008,81.38036474828,-0.232330598710333,0.0774179985535617
"8475744",2022,-0.000784486343479743,-0.000971186188983326,131.432114073156,71.9341061622941,-0.103106698585062,-0.0698614104216804
"8477511",2022,-0.000298807149537189,0,69.877311847647,0,-0.0208798403705167,0
"8477970",2022,0.0003556276350836,0.000835480183354944,94.9350067234424,94.8561464690497,0.0337615119277035,0.0792504306443051
"8478104",2022,-0.00105494143003071,0,66.9902912621359,0,-0.0706708336622514,0
"8474189",2022,-0.000802116620833533,0.00090067201944683,59.8617056305565,109.074382669293,-0.0480160690377136,0.098240244508668
"8474602",2022,-0.000413476335246863,1.18319922003101e-05,66.2222222222222,8.16326530612245,-0.0273813217563478,9.65876914311032e-05
"8476880",2022,-0.0015800927362021,0.000714399306967731,119.096671949287,107.001321003963,-0.188183786252913,0.0764416695698629
"8482148",2022,-0.000410840644274095,0,68.7350835322196,0,-0.0282391660026108,0
"8475200",2022,-0.000103240617629613,0.000252865322290364,45.4632807137955,48.6192299939528,-0.0046936571803607,0.0122941172619302
"8470594",2022,0.00235379158009856,-0.00277570528404484,101.045029271762,113.832227664455,0.237838939110686,-0.315964715822824
"8477330",2022,0.00112478812618139,0,83.3146696528555,0,0.0937113511622566,0
"8479404",2022,0.000822073849076588,-0.000582136015236189,63.6542239685658,32.1428571428571,0.0523284729078221,-0.0187115147754489
"8480070",2022,0.000115660070184536,0.000607366062338444,83.7209302325581,89.1428571428571,0.00968316866661235,0.0541423461284556
"8480798",2022,-0.000107416461888685,0,58.3291139240506,7.75862068965517,-0.00626550704282356,0
"8481523",2022,-0.000651638776363867,-0.00046893833562169,100.254384790467,79.6051332675222,-0.0653296446299724,-0.0373298987014147
"8475311",2022,9.36141044559653e-06,0.000642418289381993,119.081708220193,107.450806986513,0.00111477274721199,0.0690283636169907
"8476455",2022,-0.000175979609578678,0.000247151779358149,177.874818049491,14.9554896142433,-0.0313023410342277,0.00369627586933256
"8477444",2022,-0.00245684590651684,0,98.6949924127466,0,-0.242478388102967,0
"8477456",2022,-0.000516061569014276,0.000863350067955944,93.7796713329276,120.842233750381,-0.0483960843297137,0.10432915072034
"8478420",2022,0.000737341511984458,-1.99270192597689e-05,171.5437717637,5.99500416319734,0.126486344043763,-0.000119462563422428
"8480069",2022,-2.3358255786544e-05,0.000398647763304767,170.617162527662,90.5998209489705,-0.00398531932389547,0.0361174159771195
"8475172",2022,0.00132186427867615,0.000272500443103834,162.350442477876,75.8720930232558,0.214605250538771,0.0206751789680525
"8477501",2022,-0.00220442429837509,0.00144978312205134,99.7229916897507,93.75,-0.219831785987543,0.135917167692313
"8479398",2022,-0.0013979355488231,-0.000420771215744766,63.4361233480176,54.3754495324862,-0.0886796119077207,-0.0228796240064524
"8480846",2022,9.74787802950299e-06,-0.000242532425127757,57.5079872204473,82.4427480916031,0.000560580845147137,-0.0199950396288533
"8481618",2022,-0.000485926698973655,-0.000494171135833186,58.0506450071668,29.2682926829268,-0.028208358301624,-0.0144635454390201
"8473604",2022,-0.000412456824621099,0.000983270166048432,108.235799420165,176.39751552795,-0.0446425941391676,0.173446414383699
"8474141",2022,-0.000424875114853333,-8.40814298347281e-05,125.040612671153,2.21538461538462,-0.0531266446699874,-0.000186272706095398
"8474870",2022,0.00139779310791037,0.000158390729347882,94.4223107569721,14.0625,0.131982855209067,0.00222736963145459
"8477495",2022,0.00197691900098888,0.000805953352511332,116.13849287169,105.941817364933,0.229596393304257,0.0853841628764111
"8479337",2022,0.00126361544231771,-0.000672874945941891,127.467517665831,48.0217047252996,0.16106992371645,-0.0323126019710734
"8475163",2022,0.00255734808037592,-0.000151920169205176,132.361516034985,8.82352941176471,0.338494468947716,-0.00134047208122214
"8476468",2022,0.00119362843597398,-0.000732489105858272,152.600554785021,141.833482085937,0.182148361536807,-0.103891480473893
"8477500",2022,0.000199541800231005,0.00030273918320713,146.975265719678,104.024767801858,0.0293277091111349,0.0314923732376457
"8477967",2022,0.00024171596752743,-0.000947105513705563,107.632425114233,113.75058950347,0.0260164757738104,-0.107733810505994
"8480012",2022,0.00213711122847041,-0.000835209491499859,152.328101968265,48.5372678707708,0.325542097127965,-0.0405387868171389
"8480800",2022,0.000347745960395674,-0.000401059913019883,144.323284156511,81.2344449975112,0.0501878390564636,-0.0325798794449203
"8469608",2022,0.000601238163843264,-0.00245983212535292,115.290058227302,114.397062129956,0.0693167829179661,-0.281397568473259
"8475197",2022,0.00392983626109009,-0.00114299194147999,148.811574233551,63.3224755700326,0.58480512049291,-0.0723770792911107
"8475786",2022,0.0013991666788936,-0.00105720914885708,140.404592673592,118.237539030878,0.196449427632519,-0.12500180800179
"8476454",2022,0.00281502472000524,-0.000834660512334258,153.408286815001,125.388349514563,0.431848119637882,-0.104656704046572
"8477934",2022,0.00338134080590436,-0.002347499022559,149.035200561338,92.4276893077673,0.503938805174192,-0.216973910307371
"8478402",2022,0.00381120388711352,0.000257827656993857,153.069827112224,17.7977528089888,0.583380320089903,0.00458875290649741
"8479344",2022,0.00133670470127865,-5.07350796978907e-05,123.924268502582,2.65095729013255,0.165650152309918,-0.000134496529390579
"8475171",2022,0.000123097107427194,0.000504941488215557,82.1937154289749,125.939709713435,0.0101178086180007,0.0635921844481371
"8475413",2022,0.000171742183420902,0.000280543740493085,85.3556485355649,39.1304347826087,0.014659165446805,0.0109777985410337
"8476871",2022,-0.000488285073689637,0.000361535825215894,91.7516218721038,103.111739745403,-0.0448009474469639,0.0372785879183008
"8478856",2022,-0.00172146070896511,0.000175172725331188,78.877755511022,13.4453781512605,-0.13578495692358,0.00235526353386472
"8481535",2022,-0.000262014636485758,-0.000134421996265744,82.8644501278772,33.3848531684699,-0.021711698777848,-0.00448765860794447
"8467950",2022,-0.00142815704005363,0.00263726859150141,94.6424121604784,108.999581414818,-0.135164227214645,0.2874611725521
"8475784",2022,-0.00132159675265926,-1.90727236284867e-05,135.424435183154,5.9064807219032,-0.178976493768771,-0.000112652674425844
"8478109",2022,-0.0031123839865442,-0.000186715391881884,109.969325153374,6.38864241348713,-0.342266766618434,-0.00119285787182747
"8479420",2022,-0.00093755481460312,0.000945802778702006,133.616118769883,82.8273244781784,-0.125272435461286,0.0783383136439138
"8479999",2022,-0.000757799443143742,0.000321762676704398,106.707053223713,78.0551905387648,-0.0808625455124391,0.0251152470384248
"8480839",2022,-0.001229336060504,0.000667905281664019,118.216840946615,71.169686985173,-0.14532822553454,0.047534609831772
"8473449",2022,-0.00133307311680114,0.00138321789489227,86.2713241267262,120.666538977207,-0.115005982944176,0.166908116027988
"8476525",2022,-0.00142122653347847,0.000587958338163448,62.9046118590662,95.5636363636364,-0.0894017034522694,0.0561874368252197
"8479335",2022,-0.00241723850797158,-0.00113224929448966,76.2168579343095,90.763854218672,-0.184234323955412,-0.102767309904254
"8480196",2022,-0.00216836919372545,-0.00159456640199237,50.3389830508475,74.7603833865815,-0.109153500090925,-0.119210395548312
"8481528",2022,-0.0032465582227675,0.00026632946227038,92.0070157855174,75.7475083056478,-0.298706133650771,0.0201737931553644
"8478470",2022,0.000658327742030072,1.80044499848583e-05,89.4272223362759,115.551874094015,0.0588724213566617,0.00208044793778234
"8473618",2022,0.000166082187154782,4.09369696110016e-05,103.368304803976,33.0275229357798,0.0171676341443265,0.00135204670274868
"8476878",2022,-0.00126908933979714,-0.000672853820103544,67.3616680032077,136.885669943094,-0.0854879747738249,-0.0921040459386434
"8475852",2022,0.00177788127484921,0.000663053537987579,106.866566716642,77.0712909441233,0.189996067872941,0.051102392137771
"8474162",2022,0.000682941618197716,-0.000892270853479786,43.0577223088924,116.533604296705,0.0294059105495429,-0.103979538564897
"8474589",2022,-0.00112769344301659,0,103.813953488372,0,-0.117070314642466,0
"8476341",2022,0.00130729230978104,-3.35144326121467e-05,100.983133399477,111.448102459338,0.132014473710728,-0.00373511991962512
"8478469",2022,0.000743530304167489,-0.000522908646264068,133.834919229918,20.8393632416787,0.0995103182032524,-0.0108970832217114
"8480064",2022,0.00366554693106551,0.000699153584025001,149.095460234384,72.6625111308994,0.546516406697946,0.0508022550814248
"8480208",2022,0.00221764224475259,0,152.046014790468,0,0.33718366554562,0
"8482116",2022,0.00353174686234267,-0.000225157934634806,147.481085071046,20.6698564593301,0.520865859454561,-0.00465398218958068
"8476919",2022,-0.000534225224603366,-0.000528552925383006,75.0862210543603,77.5862068965517,-0.0401129533073837,-0.0410084166245435
"8477015",2022,0.00127866468525103,-0.000693458441652648,100.355288330145,116.913048539169,0.128320763165941,-0.0810743404488324
"8477482",2022,-0.00131721844820672,0.000438798948730352,77.9341271068502,85.5345911949686,-0.10265626997003,0.0375324886964327
"8479376",2022,0.000366297232956587,-0.000612455135968408,76.3133640552995,106.109324758842,0.0279533740910649,-0.0649872009226928
"8481596",2022,0.000501760219258091,-1.73961310082693e-05,134.328358208955,210.810810810811,0.0674006264675047,-0.00366729248282434
"8477454",2022,0.000561186024950868,7.28750016254987e-05,58.2814445828144,34.7406513872135,0.0327067322138239,0.00253172502631407
"8477479",2022,0.000944804964354597,-0.000723124345293559,116.95192412515,59.6414991852254,0.110496758504264,-0.0431282200506425
"8477946",2022,0.000365678161726973,0.000444013407517827,120.884210526316,99.9183673469388,0.0442047158870796,0.0443650947593323
"8477968",2022,0.00194916619302816,-0.00145807934737535,89.6341463414634,106.532813904705,0.17471184778972,-0.155333295772232
"8481542",2022,0.00207402677069319,-0.00136442038666036,112.861736334405,129.567844476553,0.234078262544472,-0.176785008459448
"8482078",2022,0.000876404506898569,8.82534563055466e-05,120.114394661582,3.01255230125523,0.105268796824804,0.000265868152887002
"8475181",2022,-0.000166629564569604,-1.90492989689108e-05,80.7213192549531,62.9803186504217,-0.0134505582789369,-0.00119973091912915
"8470621",2022,0.00180868203175103,0,94.5538818076477,0,0.171017907057803,0
"8474034",2022,-0.000652461857301089,-0.000478238520996376,56.5983801810386,23.7362637362637,-0.0369282842531536,-0.0113515956632107
"8476292",2022,-0.000982440282102302,-0.000596282664872765,101.889723013202,43.327092805563,-0.100100568220416,-0.0258351943592907
"8478519",2022,-0.000253488149219609,-0.00112830774556203,108.354955889984,125.63799222579,-0.0274666972273246,-0.141758319765222
"8479410",2022,0.000511138402844446,0.000572993404220482,55.8809941790631,96.7927237912877,0.0285629221140461,0.0554615923089427
"8477952",2022,0.000163178133351979,-2.16464250580755e-05,118.974933482705,8.12641083521445,0.0194141075613837,-0.000175907743135602
"8479425",2022,0.000763455104475243,-0.000282874271273227,84.7984458474988,96.3005122367672,0.0647398063338404,-0.027240937222214
"8480459",2022,-0.0001671388838052,4.98325598722291e-05,77.4676438484329,98.1818181818182,-0.0129478555238458,0.00489265133290976
"8480821",2022,0.00152966910197669,0,83.1699803976477,0,0.127222549226289,0
"8480184",2022,-1.63438540166481e-05,-0.00179016369140336,14.4288577154309,84.8030018761726,-0.000235823144127989,-0.151811254880735
"8474151",2022,0.000197519788368244,-0.000486971826784382,31.0832025117739,147.713349479983,0.00613954758193287,-0.0719322396367071
"8478472",2022,7.02272153434637e-05,0.00111681644869047,19.5348837209302,98.681845416417,0.00137188048577929,0.110209508148185
"8475683",2022,0.00227091993167642,0.000177080409285771,109.828279137742,98.5745675812722,0.24941122815562,0.0174556247724595
"8476456",2022,0.00148444445014017,-0.000254743073749405,147.757331799885,89.546935149541,0.219337551157859,-0.0228114615048327
"8477493",2022,0.000192044819222731,0.0026878340793529,152.677871636332,133.108458744162,0.0293209942577108,0.357773451662698
"8477932",2022,0.00253166133691656,0.000744906597607388,141.383352872216,116.796714579055,0.357934768150219,0.0870026432688054
"8477933",2022,0.00141190134311296,-0.00132238492940826,145.440114294785,81.1569544874522,0.20534709271531,-0.107320733530879
"8477935",2022,0.00146336354342036,-0.000248908884182308,105.870690604692,47.0083804326642,0.154927308947643,-0.0117008035207119
"8466138",2022,-0.000326205004720544,1.75444053803553e-06,72.8395061728395,34.1232227488152,-0.0237606114549532,5.98671652789375e-05
"8471887",2022,0.0017139350430623,0,115.325809974518,0,0.19766094708487,0
"8477409",2022,0.000445754545951983,-0.000917696539548322,66.8030391583869,49.5619524405507,0.0297777583882593,-0.0454828322479519
"8480015",2022,2.54569091474708e-05,0,95.3271028037383,0,0.00242673339536637,0
"8477986",2022,-0.000118332964359658,0.000152104726491342,78.0831251419487,59.9201065246338,-0.00923980766451292,0.00911413141426148
"8470604",2022,-4.2457041502987e-05,0.00125018887885519,110.434136503556,129.38689217759,-0.004688706716878,0.161758053670058
"8471724",2022,0.00290586508610199,0.000484909545970121,140.576813249572,82.8947368421053,0.408497253537409,0.0401964492054179
"8475810",2022,0.00303647429728045,-0.00079277396011258,151.686381855509,83.0556267623686,0.460591799751721,-0.0658443381380353
"8477404",2022,0.001642794365006,0.000215576958016812,149.988678390822,14.5161290322581,0.24640055567514,0.00312934293895373
"8477953",2022,0.00072283238100409,0,95.3313253012048,0,0.0689085688517453,0
"8479193",2022,0.00115981557144096,0.000746502993264464,118.656363349629,102.012072434608,0.137619497863457,0.0761523174215459
"8475722",2022,0.00227020985306039,0,88.8780249327793,0,0.201771767922942,0
"8477969",2022,-0.000862089014274894,-0.000759003188011052,64.1010913268237,74.2268041237113,-0.0552608466358863,-0.0563383809657688
"8478046",2022,-0.000983790405584604,0,68.5507027353786,0,-0.0674395236471477,0
"8478507",2022,-4.51800971747944e-05,0.000749551931630336,56.2944242615701,138.288100208768,-0.00254338755853684,0.103654112632972
"8478542",2022,-0.00079384492925186,0.00110182153701724,102.521179953047,63.0841121495327,-0.0813859188466437,0.0695074334099663
"8478866",2022,-0.000655764645859649,0,51.8218623481781,0,-0.0339829452105405,0
"8478048",2022,-0.00154002192713819,0.00211615997437748,110.457899051411,111.665796344648,-0.17010758656479,0.23630268873153
"8479328",2022,-0.000764652245242193,0,61.5009151921904,0,-0.0470268128861581,0
"8480878",2022,-0.00146765530621768,-0.000149519938419298,85.207100591716,30.6122448979592,-0.125054653310856,-0.00457714097201932
"8470794",2022,0.000416500710925767,-0.000204224886210619,132.051847279781,51.2352309344791,0.0549996882710898,-0.0104635092075688
"8471228",2022,-0.00122965042841839,0,113.316119513095,0,-0.139339214905987,0
"8474651",2022,0.00108124701155005,0.00214692494970345,100.82564351627,97.0059880239521,0.109017425739577,0.208264575959257
"8475906",2022,0.000457528976790872,0.000330296472275418,127.666575267343,34.2313787638669,0.0584111575524623,0.0113065036468289
"8478449",2022,0.00109913881119121,0.000527322842235066,136.423314103839,80.4866920152091,0.149948159282859,0.0424424711955584
"8480216",2022,-0.000907747609101975,0,59.8049837486457,0,-0.0542878310102156,0
"8475794",2022,0.0012860563376332,-3.78250289752032e-06,114.5820295038,58.9611605053814,0.147358945222236,-0.000223020760452766
"8480036",2022,0.000975911731721504,0.00184768792771718,89.4080691076863,99.7981429148163,0.087254383552758,0.1843958238723
"8470600",2022,-0.000233445284067605,0.000800212637669008,89.9919072025897,88.7203791469194,-0.0210081863406941,0.0709951686121508
"8476889",2022,0.000148348322705233,0.000648312143744578,14.1662567634038,115.696104897802,0.00210154042986263,0.0750071897891914
"8478495",2022,-0.00055701508504796,0,96.4552459988145,0,-0.0537270270533515,0
"8475883",2022,-0.000488413450068035,1.0982669508111e-05,113.416026177612,71.6679315780256,-0.0553939126384141,0.000787105206851369
"8476389",2022,-0.000222843577531552,-0.00141945558628858,153.495691270139,118.219789716261,-0.0342055289783164,-0.167807740922608
"8476882",2022,0.000434693422193169,-0.000390408504485016,159.614457831325,64.3565568752296,0.0693833549062061,-0.0251253471234633
"8477950",2022,-0.00116169211241592,-9.45341790166428e-05,147.703423361431,7.41885625965997,-0.171585901895805,-0.000701335485749436
"8478427",2022,0.000391667758033263,0.00030271034470275,157.189666996876,67.0460424211071,0.0615661244586615,0.0202955306122485
"8480830",2022,0.00152930227624094,0.000132885368877916,148.698167791707,4.85502360080917,0.227404446476714,0.000645161602104515
"8473548",2022,-0.00136490523885441,-1.84842386349016e-05,102.238438023864,5.87275693311582,-0.139545779671063,-0.000108553440596486
"8475622",2022,-0.000299223443721904,-8.08935599434507e-05,114.206896551724,157.009345794393,-0.0341733808829981,-0.0127010449257007
"8476906",2022,-0.000878415626578481,0.000328892806901731,105.781666032712,78.2452642073779,-0.0929202684486403,0.0257343045719321
"8478432",2022,-0.000156117934215897,0.000243211763789285,91.1854103343465,93.1147540983607,-0.0142356778920271,0.0226466035790678
"8478474",2022,-0.00039413780725675,0.000823329718261561,90.219690805533,147.357512953368,-0.0355589911054747,0.121323819623621
"8479343",2022,-0.001114200303459,-0.000744621216885088,112.830144383144,118.239544558791,-0.125715381111022,-0.0880436735533057
"8474161",2022,-0.000565993808701653,0,142.570888468809,0,-0.0806942401744398,0
"8476432",2022,-0.000531908952221095,-0.00124913408624019,143.068840091607,103.83327130629,-0.0760995968286141,-0.129701678474512
"8477416",2022,-0.000208349627589178,0.000174727544076331,142.920311448621,12.987012987013,-0.0297773936652494,0.0022691888841082
"8478007",2022,-0.001418667822055,0.000474506261731907,106.090889196878,102.652191837296,-0.150507730716813,0.0487091078073017
"8478460",2022,-0.0014089388897252,-0.00129354220709625,138.78981548294,78.6183271481587,-0.195546368531698,-0.101696124417445
"8479339",2022,-0.000108533870678723,0,126.923076923077,0,-0.0137754528169148,0
"8471217",2022,-0.000957198981218424,0.0014879751707233,85.6102887648629,108.015430775825,-0.0819460811875418,0.16072427904941
"8476436",2022,-0.000992535006338112,0,70.0819672131148,0,-0.0695588057720562,0
"8477951",2022,0.000652493391446527,7.84635688255376e-05,100.558659217877,60.4477611940299,0.0656138605923882,0.00474294707079742
"8479345",2022,-0.00316791535650522,-1.92396758728692e-05,80.5263157894737,99.4435612082671,-0.255100552392262,-0.00191326188529089
"8479982",2022,-0.000222785038407777,-0.000782199350775819,61.8025751072961,164.210526315789,-0.0137686890689785,-0.128445367074766
"8481599",2022,-0.000591132955618454,-8.38755615967607e-05,80,32.9411764705882,-0.0472906364494763,-0.00276295967612859
"8477369",2022,0.000181228984000471,-0.000284741272422439,88.3928571428572,102.545842976678,0.0160193476928988,-0.0291990338108109
"8478468",2022,0.00012088687026208,0.000591894935829258,6.55141037306642,132.443112140619,0.000791979495802526,0.0783924073614987
"8479293",2022,0.000115718995170079,0.00133439710762033,33.0949948927477,108.851884312007,0.00382971955414767,0.145251639584965
"8474600",2022,-0.000475000549469517,-8.40445490757965e-05,131.287915765986,67.3246753246753,-0.0623618321275508,-0.00565827197933674
"8475168",2022,0.000434614623883103,1.8436365216767e-06,144.238905018664,2.15827338129496,0.0626883374539974,3.97907162951805e-06
"8475793",2022,0.000284864037080793,-7.99224187376807e-05,150.36623648413,24.4995996797438,0.0428339331655144,-0.00195806726451003
"8475798",2022,-2.18073764242629e-05,-0.000118864947516501,142.691016296782,116.909711448961,-0.00311171670474454,-0.0138964667155499
"8476887",2022,9.76755201540095e-05,-5.68292414368173e-05,140.795017402455,7.84313725490196,0.0137522265598776,-0.00044571954068092
"8477424",2022,-0.00172901308987366,0.00160262184479984,104.06955037602,114.366515837104,-0.179937614857405,0.18328627659419
"8475218",2022,-0.000710110070538686,-0.00124601450582338,58.2932166301969,136.619024149827,-0.0413946001731961,-0.17022928586212
"8476393",2022,-0.00092704261915895,0,70.4684849275741,7.00389105058366,-0.0653272888354213,0
"8479316",2022,-0.000410797184717277,-0.000473582572210353,66.9093696110366,90.3068679980516,-0.0274861806674215,-0.0427677588347781
"8480009",2022,-0.000201675350844212,0.000351967560695657,106.122448979592,25.1748251748252,-0.0214022821304062,0.00886072180772284
"8479996",2022,-0.000252629095977137,0,103.237742830712,0,-0.026080857642043,0
"8471218",2022,-0.00044760016084169,-0.000527794403098565,125.803310613437,46.7937608318891,-0.0563095820649916,-0.0246974850670039
"8476392",2022,0.000660422848137884,0.00195379370887278,79.3014487001389,148.621716060567,0.052372488612006,0.290376173841012
"8476945",2022,0.00195405842945241,-0.000292729530440323,108.82935473783,114.341132258456,0.212658917997322,-0.0334710259560326
"8478398",2022,0.000530880136031197,-0.000415779425180075,137.862333632726,92.3214551960638,0.07318837443252,-0.0383853615732075
"8479400",2022,0.00178527719478992,4.60646364622702e-05,134.332988624612,4.82573726541555,0.239821621099495,0.000222295832793797
"8480145",2022,0.000123968827616794,0.00145695113529151,98.0470811780851,75.7448241036863,0.0121547817048958,0.110356507470321
"8471669",2022,0.00027210787319243,-0.00275947251224794,99.8901098901099,105.390046495609,0.0271808853551559,-0.290820936369164
"8477220",2022,-0.000275216797722381,0.000857899189660277,90.7984790874525,74.25320056899,-0.0249892666525113,0.0637017605978186
"8477429",2022,0.000963491057857795,0.00115456899320285,109.069585613761,132.260061919505,0.105087570423114,0.152703366531349
"8477504",2022,0.00144492412148811,-0.00118265172973364,113.997717763408,84.1825095057034,0.164718052190942,-0.0995585904802389
"8477940",2022,-0.000266321548809388,0,107.560405300078,4.14746543778802,-0.0286456537300823,0
"8470612",2022,0.000315494905872111,-0.000822516277932822,128.450704225352,111.681348142474,0.0405255428387839,-0.0918597267886675
"8476434",2022,-0.00112372151495641,-0.000618192714368102,99.1953848489449,118.672386543238,-0.11146798813914,-0.0733624047577047
"8476483",2022,-0.000500295201108746,0.000133265792048228,110.989557434112,2.8324154209284,-0.05552754295747,0.000377464084479639
"8480031",2022,-0.00122956292760376,8.94459950696069e-05,110.322580645161,33.7078651685393,-0.135648555238867,0.00301503354167214
"8481533",2022,-0.000193738076031924,0,117.810718358039,0,-0.0228244219106253,0
"8482142",2022,-0.000626035875923646,0.000150158296186355,105.598882551507,9.03765690376569,-0.0661086889346911,0.0013570791621863
"8474031",2022,-0.00202277892256988,0.000696378961141955,101.066376496192,110.791957324579,-0.204434936157009,0.0771531881445745
"8474641",2022,-0.00212179303469956,0.000439679082828039,116.52853792025,19.0620272314675,-0.24724944010291,0.00838117464997473
"8475164",2022,-0.000563323296604524,0.00124977179324086,107.320754716981,136.930860033727,-0.0604562813412554,0.171132326494364
"8475764",2022,-0.00155883424804834,-0.000353285330776628,100.972175662085,142.510578279267,-0.157398885522012,-0.0503468967865592
"8482745",2022,-0.000789360199898508,-3.00741222153645e-05,130.464326160815,45,-0.102983346577925,-0.0013533354996914
"8470606",2022,0.00333991502770384,0.000109395842698759,116.298159671654,17.28,0.388425971181656,0.00189036016183455
"8471685",2022,-0.00139575038530419,-0.00146703524181819,148.055431381314,119.778188539741,-0.206648425396848,-0.175718823788944
"8474563",2022,-0.000968191593403329,-0.0019645671659473,137.385598342255,141.176470588235,-0.133015581369658,-0.277350658721972
"8477361",2022,-0.00108069486938972,-0.00163519867917693,108.442191460324,111.340206185567,-0.11719291993655,-0.182063358093926
"8478042",2022,-0.000464291249863061,-0.000125628141074881,140.939113726432,12.2657580919932,-0.0654367972666372,-0.00154092438797128
"8478250",2022,0.000343958966629699,0,163.636363636364,0,0.0562841945394053,0
"8476316",2022,-0.00129619384665831,0.0014385813052282,83.7795275590551,116.786118445869,-0.108594508097987,0.168006326706394
"8480947",2022,0.00146777082867183,0.000379178880551809,94.374202528709,120.423429781228,0.138519701450806,0.0456620212966554
"8473541",2022,-0.000956798185760203,0.00100156535006597,83.9419269687638,91.8702150929639,-0.0803154834329286,0.0920140241402208
"8476462",2022,-0.000378694657377043,0.00010864006665564,107.090652647775,48.7616099071207,-0.0405546580127332,0.00529746455054593
"8478401",2022,0.000556587395048995,-0.000609513729208609,106.130320980851,47.8060046189376,0.0590707988904457,-0.0291384161538526
"8479407",2022,0.000319531639871914,1.04978957960687e-05,133.603497920444,8.29493087557604,0.0426905447831431,8.70793199673899e-05
"8479511",2022,2.16229151622014e-05,-0.00138456911588098,14.2762723066755,79.0269949569861,0.000308694624919729,-0.109418336538325
"8481559",2022,1.78491148582567e-05,0,134.906713442832,0,0.00240796542339103,0
"8480002",2022,-0.000452361185740369,-0.0015502653853098,130.727373681288,108.918105496594,-0.0591359897671918,-0.168851968784891
"8476979",2022,0.000179754822038948,0.000265512088033629,94.4065484311051,10.8515448379804,0.0169700323125446,0.00288121632832273
"8473544",2022,0.00106373721824509,0,97.6855546687949,0,0.103911760186113,0
"8474715",2022,-0.000174797329251441,0.00013953299788735,122.993931220499,120.114942528736,-0.0214990106914786,0.0167599980221012
"8475176",2022,0.000186815873687017,-0.000881935085481394,142.657342657343,109.090909090909,0.0266506561063997,-0.0962111002343339
"8478500",2022,-0.000712165137414175,-0.000700371552418924,90.5931695626123,124.687319607466,-0.0645172970503435,-0.0873274516004354
"8479394",2022,-0.00285246022964795,-0.000654067324642537,105.481182116696,113.663034367142,-0.300880876964128,-0.074343276799269
"8480797",2022,-0.000542504190019818,-0.000433565658084417,106.51493598862,97.8335233751425,-0.0577847990735192,-0.0424172559448608
"8476872",2022,0.00019371318039664,-0.00118108607008679,67.2687636250389,117.158047365877,0.0130308461431561,-0.138373737742406
"8471735",2022,-0.000961383015172421,-5.17898097345325e-05,127.755472089108,10.0840336134454,-0.122821940961802,-0.000522250182196966
"8473512",2022,-0.00168190622777994,-0.00070161337871051,156.225245393491,101.99370409234,-0.262756213163761,-0.0715601473354267
"8474037",2022,-0.000606256218248488,0.000118535330367947,128.426862925483,4.63320463320463,-0.0778595842387202,0.000549198441859212
"8476461",2022,-0.000106878578879381,-0.000815057631795517,147.368421052632,127.905255366395,-0.0157505274138035,-0.104250154533135
"8478439",2022,-0.000687651366923432,-0.000403850581741604,127.190082644628,14.8936170212766,-0.0874624341896828,-0.00601479589827921
"8471274",2022,0.000481014354305062,-0.000272303729753675,88.4855360181509,84.6217513656679,0.0425628129731082,-0.0230428185151595
"8475220",2022,-0.00181972933859636,0.00169330717243205,70.3347766395607,148.459214501511,-0.127990256574631,0.251387052729037
"8475660",2022,-0.00357543859010836,0.00265121969374806,102.980058256778,108.095682781409,-0.368198874302891,0.286585402999215
"8476856",2022,-0.00218649962593296,0.000130382388352089,75.9894459102902,115.022150624245,-0.166150895057703,0.0149968627117828
"8477451",2022,-0.000155446650738438,-0.000676478462784884,107.332796132151,93.8893100833965,-0.0166845236731345,-0.0635140961571494
"8477919",2022,-0.00128408663534394,-0.00150643527109431,86.0956618464961,110.887906789875,-0.110554288738176,-0.167045453926087
"8476932",2022,-0.0015197326767009,0.000207316025085302,103.533278553821,102.367128182224,-0.157342906544219,0.0212223461141363
"8474716",2022,0.000966971981457389,-0.000135586312720194,139.490635219503,118.032786885246,0.134883535932952,-0.0160036303538589
"8475692",2022,-0.000187223197801701,0.000397934477054681,141.527491086508,18.2094081942337,-0.0264972294580677,0.00724615132724761
"8477942",2022,-0.0027354307839218,-7.7478207552801e-05,113.736643861942,95.7662045710004,-0.311118716879906,-0.00741979387429597
"8478493",2022,0.000217001263093882,0.00241530637643811,144.503716659379,150.922555541609,0.0313574890368458,0.364524210747984
"8478864",2022,0.000362929358405051,-2.23710764528257e-06,140.833965125095,3.5964035964036,0.05111278060449,-8.04554198103622e-06
"8476463",2022,-0.0014812722466995,0.00140050742632728,75.4962431310979,132.103746397695,-0.111830489680173,0.185012277875627
"8478413",2022,-0.000172553503274774,0.000707002737914516,54.635761589404,91.4438502673797,-0.00942759206633697,0.0646510525044825
"8476854",2022,0.000156978707615073,-0.00126332507742413,74.3545611015491,89.3041237113402,0.0116720829070072,-0.112820139001923
"8470638",2022,-0.000234323219881825,0.00055910870854875,157.345971563981,126.186733731531,-0.0368698146923061,0.0705521017326213
"8473419",2022,0.000380287744302341,5.01161134542754e-05,143.470090823677,114.736323311976,0.054559917214188,0.00575013859642943
"8475791",2022,-0.000588658496776028,0.000193607653625471,133.431516936672,4.61834509300834,-0.0785455961824862,0.000894146957090051
"8477956",2022,0.00207495672168332,0.000148725917765187,148.065348237317,9.04522613065327,0.307229189573403,0.00134525955767506
"8479325",2022,0.000129818078695575,-0.000596731095472092,135.08390304537,100.819450697884,0.0175363327560493,-0.0601621012598428
"8480280",2022,-0.00122498442038653,0.00216467596732151,112.646293888166,97.476271061732,-0.137989955027286,0.211004541351448
"8473994",2022,0.000178530331742665,0.000329599702126979,95.4492865406865,86.7737948084054,0.0170405927907094,0.028600616921278
"8475825",2022,-2.58244459438526e-05,0.000585747202662802,2.6431718061674,118.409067908106,-6.82584474286853e-05,0.0693577802970831
"8476902",2022,0.000259671435204928,0.000622502204334497,53.6697247706422,122.645942526658,0.0139364944582461,0.0763473695755267
"8473422",2022,0.000852516413771398,0.000735778801584705,120.261437908497,69.6043165467626,0.102524849760743,0.0512133806138994
"8475225",2022,-0.000825077645828663,0.000277887407481178,89.346757199719,12.485549132948,-0.0737180120927693,0.00346957687953379
"8475287",2022,-0.000939418216863961,0.00015554543706084,78.7481070166583,71.9218241042345,-0.0739774062750015,0.011187111564506
"8476422",2022,-0.00109225092345018,0.0010305842489629,89.2866274610074,54.8687552921253,-0.0975234012960377,0.0565468749642641
"8478498",2022,-0.00212034239696522,0.000136735658589278,97.1906262847746,63.0727762803235,-0.20607740549921,0.00862429760374422
"8474682",2022,-0.00112684984945927,-0.00013538190521181,88.002399520096,92.9159802306425,-0.0991654906512748,-0.0125791424282473
"8475236",2022,0.00045822136668551,0.000704526249435156,15.4258168184253,127.42671009772,0.00706843886477915,0.0897754621430075
"8479465",2022,0.000414638288622387,-0.000392076816718931,41.7391304347826,93.2642487046632,0.0173066416120648,-0.0365667497458071
"8478872",2022,-0.000211202854217609,-0.00119985034082319,77.8436018957346,123.188933381871,-0.0164407909029584,-0.147808283703883
"8470626",2022,0.000253225426338219,0.00161730781927063,43.2952495490078,116.015625,0.0109634580254671,0.187632977470069
"8474190",2022,-4.25845144319457e-05,2.14020409349427e-05,35.1219512195122,25.8992805755396,-0.00149565123858541,0.000554297463063265
"8478211",2022,-0.000647866303179501,-4.81471342610081e-05,47.7272727272727,3.93873085339168,-0.030920891742658,-0.000189638603216225
"8475233",2022,-0.000263734557702052,0.000847055410781055,18.0904522613065,124.285714285714,-0.00477107742576577,0.105276886768503
"8475279",2022,-6.79117336410439e-05,-0.000136298610652502,53.3622559652928,128.747855917667,-0.00362392331360017,-0.0175481538860665
"8477476",2022,6.3206186092314e-05,0.000840069658096449,103.058610818141,111.847195357834,0.00651394173378677,0.0939594351633021
"8478133",2022,6.54361118392009e-05,0.000291341345464434,26.657263751763,133.498759305211,0.00174434769218744,0.0388937081538128
"8470860",2022,0.000423643374711524,-6.56896786416841e-05,118.79124696075,104.143862392494,0.0503251247486423,-0.00684117685306671
"8471306",2022,-0.00021207634483779,-0.00146478290732377,96.5714285714286,106.936708860759,-0.0204805155871923,-0.156639063304699
"8479992",2022,0.000289720284737527,-0.00131591579985148,73.9409499358151,103.273495248152,0.0214221930691676,-0.13589922410293
"8474040",2022,-0.000540163758781114,-4.86121820442977e-05,69.0380451592948,140.801134349521,-0.0372918499721449,-0.00684465037504256
"8475151",2022,0.0015785673994255,0.000436931057766413,89.9537908608592,45.98190526876,0.141998121707692,0.0200909225071943
"8475314",2022,0.00101155543720039,6.43766348703064e-05,150.305002033347,2.83018867924528,0.152041842045248,0.000182198023217848
"8478009",2022,-0.000502292252838032,0.00198013091637031,106.375868437253,109.000414765657,-0.0534317746049497,0.215835091174665
"8478445",2022,0.00168991394383924,-8.93687003991784e-05,135,12.0906801007557,0.228138382418297,-0.00108052836754674
"8478463",2022,0.000209484022698954,-8.96303341348947e-05,92.015940634877,47.2263868065967,0.0192758693966222,-0.00423291682945904
"8480865",2022,0.00116060455278739,0.000191661029234215,135.04907306434,58.002967988128,0.15673856904819,0.0111169085432438
"8476419",2022,0.000772872296873538,0.000481471208950231,131.819472040874,120.888418826018,0.101879618128888,0.0582042931602447
"8470610",2022,0.00175857865210003,0.00121137665980896,82.8480610298792,110.252296922853,0.145694831495026,0.13355705918267
"8474573",2022,0.00126968385414843,0.000294441624817867,86.0363745678641,75.5590427618674,0.109238995658284,0.0222477273204869
"8475754",2022,0.00137613803926329,-0.000465474780776769,133.082403548864,47.9008947006194,0.18313975788018,-0.0222966584597819
"8477506",2022,0.000591864922450581,-0.000496054381696333,81.5015479876161,110.996119016818,0.0482379073792927,-0.05506011118958
"8480789",2022,-0.000913132061959648,0,115.996186844614,0,-0.105919837272879,0
"8477465",2022,0.00142843022996921,0.00186405276003909,107.64265270081,108.298171589311,0.153760019151914,0.201873505658242
"8478851",2022,-0.000376786266712562,-0.00146037367494517,57.6534052596089,133.872004407309,-0.0217230113310344,-0.195503151048578
"8473533",2022,5.11232717342964e-07,0.000800985849226727,41.2776412776413,129.783439490446,2.11024807158767e-05,0.10395469849582
"8475799",2022,-0.000480016718160336,0,74.748322147651,0,-0.035880444285307,0
"8475855",2022,-0.00100419602862721,0.000790462064070039,34.7826086956522,57.8089687165457,-0.0349285575174681,0.0456957967334411
"8476958",2022,0.00101837013638323,0.00113267420753272,100.119875329657,82.6742120155294,0.101959091094135,0.093642947578082
"8478451",2022,-0.000253937669093961,0.000668639275957709,63.5634028892456,55.1224944320713,-0.0161411423693754,0.036857064766043
"8479370",2022,-0.000452664962876994,-0.0012859273951082,31.5012305168171,125.954503126247,-0.0142595033424746,-0.161968346107283
"8481524",2022,-0.000859873907088934,0.000263716292288555,63.6042402826855,34.9514563106796,-0.0546916265992962,0.00921726846833786
"8474102",2022,0.00161093378675653,0,136.361001062905,0,0.219668543808176,0
"8475158",2022,0.00188154213721461,-0.000814283895913933,131.780366056572,144.710491946017,0.247950311593006,-0.117835423161424
"8475170",2022,-0.000386655790759829,-0.000504159901325869,135.429769392034,55.4225111187137,-0.052364704576698,-0.0279418077368426
"8475765",2022,5.21289513450267e-05,-0.000130074921564554,136.581608088589,16.7344567112144,0.00711985600267558,-0.00217673314413664
"8476412",2022,0.000200153946666528,0.000108000544819365,105.285658764089,88.1592222324131,0.0210733401290177,0.0095212440319521
"8476792",2022,-0.000738147884787066,-0.000416947458559459,147.308921110838,16.3719050025265,-0.10873576852823,-0.00682622418258033
"8475753",2022,0.000885403323480331,0.000227529504822083,82.0220719117124,87.4118831822759,0.0726226150693728,0.019888782496029
"8476438",2022,0.00393151998921785,-0.000723184599524742,103.646017699115,72.849915682968,0.407486390386897,-0.0526839370985984
"8477402",2022,0.00103890787159194,-0.000870139506887764,96.7588932806324,93.6204794798862,0.100523575875773,-0.0814628778492242
"8479385",2022,0.000814818470739575,0.000151844561914737,95.364238410596,5.45868081880212,0.0777045429049661,0.000828870997563386
"8480023",2022,0.000831747512925393,0.000161628105258151,90.4232963074152,77.4967650864604,0.0752093518142084,0.0125256553045606
"8476892",2022,-0.00055836180519552,-0.000196453217759607,30.9556380691812,91.831750339213,-0.0172844459532871,-0.0180406428466353
"8477964",2022,0.000120044205482125,0.000857052004623473,93.8626043650212,83.5143139190523,0.011267661765482,0.0715761101590778
"8477498",2022,-0.000100642028256435,-0.000343324232461847,82.5713839912623,123.36796402543,-0.0083101515608216,-0.0423552115594116
"8480803",2022,0.000783934958177942,0.000276868754986656,99.4082840236686,91.0790892091079,0.0779296289786357,0.0252169540346443
"8477998",2022,0.000654086426745589,-0.000185036717306984,62.1639344262295,38.6058981233244,0.0406605857412995,-0.00714350865742781
"8474593",2022,-0.00023058626174998,0.00130347626947505,117.444574095683,91.4319077506933,-0.027081105303542,0.11917932202586
"8476346",2022,0.000135493900260133,8.33443852647099e-05,158.851104992931,1.91082802547771,0.0215233557761242,0.000159256787130019
"8477496",2022,0.000439337708209123,-0.00019436935850773,159.809859694855,120.574162679426,0.0702104975075592,-0.0234359226526067
"8478397",2022,0.00166193740894296,0.00137263734191741,154.585152838428,67.9124399359317,0.256910848369349,0.093219151036783
"8479314",2022,0.000804264573675485,6.76013988925421e-06,162.004175365344,9.51751487111699,0.130294219033857,6.43397319268081e-05
"8477507",2022,0.00037496105830869,0.0008456074527005,33.1288343558282,77.5543701272056,0.0124220227905946,0.0655805533690581
"8477497",2022,-0.00177173842611137,0.000298768130936921,159.144023651978,11.6788321167883,-0.281961581990186,0.00348926284305893
"8478396",2022,-0.000854528144183455,0.000974857128525923,107.166853303471,69.4232666606871,-0.091577092271396,0.0676777663897268
"8471734",2022,0.0009059165190696,-0.00176721585291438,117.04009041952,108.966639544345,0.106028551304443,-0.192567572841574
"8477960",2022,-0.00222248260039076,-0.00256702079064782,148.917013505479,131.797380463942,-0.330965471418082,-0.33832661580386
"8480014",2022,-0.00093986426936148,9.96645725445754e-05,86.9443472173609,9.09090909090909,-0.0817158853725557,0.000906041568587049
"8480113",2022,-0.000830051284059932,-0.0013501472857299,138.122171945701,124.956063268893,-0.114648486180676,-0.168709089657989
"8480336",2022,-0.000461595321844934,-0.000258336755619819,83.3333333333333,124.752475247525,-0.0384662768204112,-0.0322281497109873
"8481560",2022,-0.000931820848393156,0,112.375790424571,0,-0.104714104372275,0
"8476460",2022,0.000811248465225773,4.27345632720341e-05,132.050304878049,8.65904990980156,0.107125607164912,0.000370040716246116
"8470613",2022,-0.000785610241018409,0.000573449747310852,128.498196316689,127.618014107434,-0.100949498978785,0.0731825179422205
"8474009",2022,-0.000994250097613945,-0.00131668275413324,97.7026544458993,102.915659223439,-0.0971408737199769,-0.135507273629755
"8474053",2022,-0.00112543500861492,-0.000671828086943661,146.964856230032,127.611940298507,-0.165399394237336,-0.0857332857219149
"8478414",2022,0.00027711991923402,-4.84679829679509e-05,141.617357001972,20.2626641651032,0.039244990534522,-0.00098209046163953
"8478499",2022,-0.000111664378402951,0.0021521009132922,111.023622047244,100.59880239521,-0.0123973837439496,0.216498774510833
"8479373",2022,-0.000144165251234479,0.000157712062303084,121.291233021697,38.9891696750903,-0.0174859810811127,0.00614906235694335
"8471699",2022,-0.0003886681255156,0.000866680277697793,15.7549234135667,135.163911459793,-0.00612343655079282,0.117143896318693
"8474578",2022,-0.00067474969773725,-0.00040025643289347,125.888617067204,71.1683696135051,-0.0849433063146563,-0.0284855977563456
"8478099",2022,-0.000462170865220087,0,95.4947368421053,0,-0.0441348851502803,0
"8479983",2022,-0.000536827189365473,-0.000761404333277734,55.4604587470044,133.401247930727,-0.0297726821900742,-0.101572288239113
"8481061",2022,-0.000863752308313008,0.000177879374269473,76.1538461538462,46.5804066543438,-0.0657780604022983,0.00828569358889228
"8476881",2022,-0.000280828154287791,0.000856678190594575,130.325288562434,94.4552151996898,-0.0365990102440122,0.0809177228494915
"8482667",2022,-0.000138779306011046,0.000111970358495024,92.4712134632418,67.9245283018868,-0.012833090830428,0.00760553378456767
"8471418",2022,-0.000691298863593113,0.000525298512665764,85.8012170385395,112.168421052632,-0.0593142838336485,0.0589219047470145
"8479406",2022,0.00165150767952102,-0.000416263419412141,119.231618458821,105.400130123617,0.196911933526463,-0.0438742185717417
"8474584",2022,0.000333948787306244,-0.000421555797988964,55.4272517321016,62.2837370242215,0.0185098634996532,-0.0262560704629805
"8479318",2022,0.00170229400354825,0.000138061454617047,164.017185821697,3.3195020746888,0.279205471903134,0.000458295285035839
"8476904",2022,0.00176523970155671,-0.00043044975695077,105.219206680585,108.351248553001,0.185737120998869,-0.046639768604952
"8477938",2022,0.000526035761225131,-6.19420872181559e-06,35.2941176470588,75.1631143975642,0.0185659680432399,-0.000465576018760215
"8478891",2022,0.00145636623533044,-0.000497308125216484,41.0958904109589,137.105549510337,0.0598506672053605,-0.0681837037837616
"8478873",2022,-0.00175070004853499,0,107.469512195122,0,-0.188146880216031,0
"8473473",2022,-0.000838114217618339,0.000136032481035448,71.3849908480781,9,-0.0598287757543293,0.00122429232931904
"8474150",2022,-0.000455520708488888,-3.551361608803e-05,90.7856450048497,139.144342263095,-0.0413547413332298,-0.004941518751953
"8478233",2022,-0.000928268034073273,0.00234085625346282,98.7264107093056,77.1282633371169,-0.0916445711802376,0.180546177551417
"8479346",2022,-0.000624297351158986,0.00099108830520074,82.3728813559322,77.3739742086753,-0.0514251716378419,0.0766844409651217
"8475728",2022,0.000162263665007921,0.000581685734812452,72.3948811700183,110.783553141971,0.0117470587464601,0.0644412125145214
"8475098",2022,0.000285578874093669,0.000516917530832909,53.9813857290589,106.786516853933,0.0154159433585207,0.0551998226183816
"8476779",2022,0.000215973599594609,-1.23809840169408e-05,63.334264172019,14.19185282523,0.0136785290109068,-0.000175709102999948
"8480056",2022,-0.000282357869971575,0.000215528152595548,59.0163934426229,28.125,-0.0166637431458634,0.00606172929174978
"8477355",2022,-0.000649399944269578,0.000133770825253302,81.5402038505096,16.4634146341463,-0.052952203836251,0.00220232456209705
"8481626",2022,-0.000286247213869105,0.000485463102024839,52.1739130434783,61.9502868068834,-0.0149346372453446,0.0300745784045981
"8478444",2022,-0.0015231926077307,0.000103859333525315,142.902967121091,3.85026737967914,-0.217668743141628,0.000399886203947738
"8474884",2022,0.000426239640856452,-0.000132844601866175,129.180483183325,4.14746543778802,0.0550618427577236,-0.00055096839483667
"8476914",2022,0.000327196586560243,-0.00335791863282912,86.3123993558776,101.199641897941,0.0282411224470677,-0.33982016316473
"8474679",2022,0.000406543197174146,-0.00253700341285128,87.6906704505144,94.2073170731707,0.0356500455272966,-0.239004284930197
"8478458",2022,-0.000120327279794533,-0.00112362653462786,87.3594735398958,96.6382338183643,-0.0105117278153382,-0.108585283777885
"8480871",2022,-0.000392425160503366,0,84.4321329639889,0,-0.0331332933300349,0
"8482475",2022,-0.000640655604507624,0.000103774499232353,62.475896644813,10.3896103896104,-0.0400255333321385,0.00107817661540107
"8482705",2022,0.00038692624717481,0.000244174914271295,82.2676334871457,77.6978417266187,0.031831506689134,0.0189718638426618
"8481519",2022,-0.000433027121751752,0.000687503080968913,112.658714890342,108.76254180602,-0.0487842790492162,0.074774582585649
"8479525",2022,-0.00113326883761877,-0.000218308566986312,59.0928725701944,11.2382934443288,-0.0669681110091782,-0.00245341573720309
"8478055",2022,-0.000232824230008962,0.000718409062974297,12.143928035982,105.305692199578,-0.00282740069426176,0.0756525636589588
"8478975",2022,0.000525549171036776,-0.000361828633627951,69.1346598796853,31.3497822931785,0.0363336631896781,-0.0113432488916745
"8482113",2022,-0.000229466488653327,0.000504255252850003,61.1188421931534,125.294117647059,-0.0140247261086197,0.0631802169747357
"8476826",2022,-0.000945107554882146,0.00112640707936277,101.750875437719,105.425400739827,-0.0961655210920603,0.118751917737998
"8478916",2022,0.000680063143662759,-0.000206909679885865,110.242872228089,129.562982005141,0.0749721142538458,-0.0268078351317419
"8475193",2022,-0.00038919418518833,-1.89822039279745e-05,73.9350912778905,6.17495711835334,-0.0287751076067234,-0.000117214295267081
"8474056",2022,-0.000617454618493132,0.000419590971658366,49.5644844057319,55.7570817199919,-0.03060381980955,0.0233951680957263
"8476923",2022,-0.00149895202668952,-0.00167310836448925,97.711548696115,105.986261040236,-0.146464923949013,-0.17732649986736
"8477341",2022,0.000172295278970354,0.000374768874222139,72.3580605055947,29.3577981651376,0.0124669522205652,0.0110023889679894
"8481068",2022,2.55263097876744e-05,-0.000232526182435395,63.6457260556128,94.2324755989352,0.00162464051995703,-0.0219115178124569
"8482110",2022,0.00148310344265205,-0.000407702940424242,80.6896551724138,44.0456769983687,0.119671105372614,-0.0179575520252113
"8478492",2022,-0.00130189103659867,0.000465242891420528,98.3873705652691,96.7968961472526,-0.128089635853435,0.0450340678440803
"8477492",2022,0.00121888071139393,-0.000138191302414958,175.91763652641,3.12228967909801,0.21442261395605,-0.000431473277271336
"8479573",2022,0.000147347014243303,0,53.0278232405892,0,0.00781349142632244,0
"8471677",2022,-7.20876500286912e-05,0.00051660329426648,13.6882129277567,121.353115727003,-0.000986751103054328,0.0626914193540711
"8480822",2022,0.000269618561344283,0,65.4545454545455,0,0.0176477603788985,0
"8478466",2022,-0.000555158182541271,0,69.5522942597065,0,-0.0386125252727943,0
"8478438",2022,-0.000507464726454267,0,68.4266103484688,0,-0.0347240911026784,0
"8476479",2022,0.000590621287854392,-0.000308063774908422,122.535615259585,128.445501609067,0.0723721428926464,-0.0395694060956949
"8474062",2022,-0.000639181866514878,0.00121075352062472,73.7349397590361,157.700892857143,-0.0471300364225428,0.190936911232448
"8476331",2022,-0.000214745106794364,-0.00138885457449967,7.47663551401869,155.519329296693,-0.00160557089192048,-0.215993731916832
"8474068",2022,0.000179483528532843,0,52.1052631578947,0,0.0093520364867113,0
"8475178",2022,-0.000306523353651166,-0.00044016041751334,43.2865731462926,26.1343012704174,-0.0132683455688681,-0.0115032849586063
"8478585",2022,1.89073797619322e-05,0.00101367556945308,15.3846153846154,137.998456393105,0.000290882765568188,0.139885663867928
"8475156",2022,0.00382234589883785,-0.000726417125079276,121.348314606742,104.409672830725,0.463835232667964,-0.0758449743681634
"8474889",2022,0.000896988656995994,-0.000475789998550135,103.818857722203,99.7126767038272,0.0931243377590974,-0.0474422943043441
"8471707",2022,0.000193685075383095,0,96.4434180138568,0,0.0186796506882172,0
"8473503",2022,-0.00160521032582889,-0.000598800873946259,108.06890299184,100.088542588985,-0.173473318983502,-0.0599331067742918
"8478870",2022,8.53105223902873e-05,-0.000390051549619577,46.42166344294,71.4563106796116,0.00396025635854332,-0.0278716447106805
"8476899",2022,0.000115413929542075,-0.000258302269248891,102.456140350877,114.056809905317,0.0118248657636091,-0.0294611328218327
"8477426",2022,-0.00010145617053205,0.0011060207977245,61.4537444933921,143.130183916336,-0.00623486158115459,0.158304960193601
"8479458",2022,-0.000149867030811041,0.000667980773304488,14.4,141.697953251786,-0.00215808524367898,0.0946515083887915
"8480801",2022,0.00360055443653921,-0.000292634546607558,152.287769784173,10.0438421681945,0.548320405127065,-0.00293917519908747
"8477992",2022,-0.000339526234412786,0.0011664061115098,110.944290794153,85.7559552746719,-0.0376684972829357,0.100026270330739
"8478366",2022,-0.000171619056711102,6.06310334798793e-05,60.5802707930368,9.3143596377749,-0.0103967289288041,0.000564739251041566
"8477346",2022,0.000355924327906409,0.00157971918619479,85.5465473860777,115.954606141522,0.0304480973831035,0.183175716049423
"8475809",2022,-0.00145244789438287,0.00165903788864432,94.3110312058559,111.43481427531,-0.136981858692022,0.184874578996781
"8478440",2022,0.000934215643319212,0,115.589016829052,0,0.107985067717588,0
"8475747",2022,-0.000152467841012338,0.000228794249884831,29.1329479768786,112.554112554113,-0.00444183768035943,0.025751733753271
"8481577",2022,-0.000527247815241798,0,67.7279305354559,0,-0.0357094034056674,0
"8479351",2022,-6.85730743515826e-05,0.000477005047860681,88.9858233369684,78.0114722753346,-0.00610203147992273,0.0372118660663782
"8478424",2022,-0.00023707188651604,0.000172270591502163,21.3438735177866,13.3333333333333,-0.00506003236042141,0.00229694122002884
"8476999",2022,0.000101189565521261,-0.0011366231747991,112.103407755582,106.696571611663,0.0113436951242401,-0.121273795965427
"8475745",2022,-0.000846522552541085,0.000585656217560043,100.121325244984,85.1728936944653,-0.0847549598101797,0.0498820347597442
"8476891",2022,-0.00124340449758708,-0.000301596150763673,90.4938114074263,37.6306620209059,-0.112520412107791,-0.011349262816194
"8474636",2022,6.72355997105489e-05,-0.00011400009186361,158.823529411765,76.8683274021352,0.010678595248146,-0.00876299638524544
"8480160",2022,6.23885775743507e-05,0.000289251147731081,39.6694214876033,38.7931034482759,0.00247491877980895,0.0112209496964644
"8478911",2022,5.10271601681242e-05,-0.000153305134458479,71.551724137931,115.461282903143,0.00365108128789165,-0.0177008075002149
"8478434",2022,-6.54892333221473e-05,-0.00282091208142358,50.8089500860585,97.7142857142857,-0.00332743918703922,-0.275643409099104
"8479639",2022,-0.000400421982186614,0.000232089332796669,80.5776173285199,56.5815324165029,-0.0322650492505604,0.0131319701071593
"8478915",2022,-2.74417986960915e-05,-8.2592773525987e-05,81.2411847672779,26.3414634146341,-0.00222940423821561,-0.00217561452214795
"8479442",2022,-0.000393201692583309,-0.000622841254807324,29.5081967213115,99.7946611909651,-0.0116026728959009,-0.0621562319992525
"8481014",2022,-0.000307938690373077,-0.000496649779684496,10.7591153616258,129.605145613722,-0.00331314789403191,-0.0643683670150318
"8482245",2022,-0.000798023364619209,6.49283693481502e-05,39.7350993377483,96.9060650061432,-0.0317095376669884,0.00629195278079471
"8482076",2022,0.00055176354034316,-0.00309491172955134,95.6479217603912,88.7714663143989,0.052775035936979,-0.274739852345905
"8477407",2022,0.00166046157208287,0.000141821275561289,141.335740072202,14.55525606469,0.234682565151784,0.00206424498121552
"8475208",2022,-4.83205741936726e-07,0.000656089873277048,8.46063454759107,133.943407585792,-4.08822719382424e-06,0.0878789133092581
"8476875",2022,-0.00122817201614172,0.00116474723856134,62.6086956521739,44.4273042807559,-0.076894247967134,0.0517465799777349
"8482055",2022,-0.000261560145218199,-0.000425352234985491,63.2040965618142,234.782608695652,-0.0165316726750932,-0.0998653073444196
"8478435",2022,0.000143418444418909,0.00120689223955586,112.66677647834,90.7131537242472,0.0161584938202163,0.109481001255432
"8475690",2022,0.000182070599329351,0.00104595640136815,22.8510975932293,120.819630660258,0.00416051303413275,0.126372066100033
"8478430",2022,-0.000248558882937878,-5.37088498773045e-05,65.1360802797628,13.7704918032787,-0.0161901513532898,-0.000739597276998947
"8477839",2022,-0.000435396063180855,0.000871066117497497,91.4131501472031,69.5652173913043,-0.0398009256970527,0.0605959038259129
"8477488",2022,5.04064651456318e-06,1.12958839601037e-05,42.0512820512821,89.0481601258631,0.000211965648304708,0.00100587768364248
"8480039",2022,-0.000578022326644887,-0.000659339040815668,84.9730389663241,52.7774041694687,-0.0491163136854014,-0.0347982030418384
"8480829",2022,-0.000367816538948558,0,79.6909820234735,0,-0.0293116611932858,0
"8474145",2022,0.000234581125416461,-0.00180473457921566,13.2110091743119,121.110555277639,0.00309905339999729,-0.218572407017564
"8476925",2022,0.000347273953775592,-0.000893296788832992,57.1003717472119,145.792369441688,0.0198294718587104,-0.130235855458614
"8479371",2022,0.000181521564557908,0.000645455776632803,23.6194641880809,76.7027593433461,0.00428744209343993,0.0495082391018385
"8475714",2022,-0.0012704109074519,0.000931570355681878,122.225545916841,120.64631956912,-0.155276666702018,0.112390534832715
"8482222",2022,-0.00102380644616658,0,100.899837734179,0,-0.103301904289414,0
"8478874",2022,-0.000137311450179339,0,76.0009706381946,0,-0.0104358034933679,0
"8477215",2022,-0.000518493190475061,-0.000342628701854622,18.6367558239862,128.762155925499,-0.00966303098728328,-0.044117610332756
"8478971",2022,2.08611736335182e-05,-0.00184409288107933,91.1610129001433,142.936288088643,0.00190172571871728,-0.263587791312169
"8478039",2022,-0.00127852676403001,-2.96633954084459e-05,95.1203058241511,112.182296231376,-0.121613856798897,-0.00332770781093872
"8481522",2022,-0.000258269063080522,0.000309091078459832,110.107224468272,38.1176470588235,-0.0284372897018174,0.011781824637763
"8472382",2022,-8.62333138451328e-05,0.000718698173664667,10.546875,86.0371476815171,-0.000909491981960385,0.0618347409060236
"8470880",2022,-4.92655065382167e-05,-0.00132573294403189,109.003408863044,93.5685828116107,-0.0053701081520302,-0.124046952759729
"8479718",2022,0.000203540647645675,0,73.3245729303548,0,0.0149245310625869,0
"8473453",2022,-3.92218554619902e-05,-0.000505761254896363,7.53138075313808,82.9314872284555,-0.000295394727328796,-0.0419435330510853
"8475752",2022,-9.21123586223223e-05,-0.000854092321057322,15.8940397350993,55.6570625439213,-0.00146403748803691,-0.0475362697313703
"8476399",2022,0.000843829511012748,0.000541710873664776,63.2040965618142,71.4380209022357,0.0533334818957582,0.0386987527158327
"8476439",2022,0.000193714277870821,0,9.102402022756,0,0.00176326523472808,0
"8479402",2022,0.000321968124112228,-0.00163391253324302,67.1232876712329,61.9047619047619,0.0216115590157523,-0.101146966343615
"8478024",2022,0.00115924304742712,-8.5790644992692e-05,102.993451824135,103.216783216783,0.119394442957648,-0.0088550344062387
"8471303",2022,-0.000150390042094246,-0.00024835397277141,45.5392809587217,133.689126084056,-0.00684865438032386,-0.0332022255793133
"8479336",2022,0.000284762259853449,-2.3080758053911e-05,35.0917431192661,25.5017709563164,0.00999280407283892,-0.000588600205388993
"8479675",2022,0.00121538773198174,-1.76692202875639e-05,90.7749077490775,87.369985141159,0.110326709250003,-0.00154375951398033
"8478462",2022,-0.000415473975783317,0.00105960673106956,107.881773399015,118.363534466654,-0.0448220693086436,0.125418797834051
"8476312",2022,-0.000116457706038784,0.000872557117212179,6.66666666666667,114.674868189807,-0.000776384706925229,0.100060372404384
"8477947",2022,0.00051845634340689,0,120.629370629371,0,0.062541062403978,0
"8480806",2022,-0.000867587965892635,-0.00192160019822805,44.5544554455446,114.927850849189,-0.038654909371454,-0.220845380973725
"8479542",2022,-0.000225914303693182,0.000307122564119066,81.1827956989247,97.5803981623277,-0.0183403547621885,0.0299691420913735
"8480027",2022,0.00176382934559208,0,132.526294899782,0,0.233753768006825,0
"8477499",2022,0.00028928042896037,-0.00010460123102936,49.8371335504886,101.877551020408,0.0144169073716406,-0.0106565172509911
"8481031",2022,-0.000228090541827731,0.000890590388668814,58.6666666666667,107.608695652174,-0.0133813117872269,0.0958352700850137
"8480849",2022,-0.00141975340113433,-0.00164474966486825,99.6080239797095,137.691794529686,-0.141418830825462,-0.22646853290781
"8470619",2022,-0.000580838723421233,-0.000366591720359475,32.8392246294185,114.715536105033,-0.0190742933118946,-0.0420537657327035
"8476921",2022,0.000201537285678204,-0.000324345020664452,6.58135283363803,32.1773328566321,0.00132638798618196,-0.0104365576903113
"8473446",2022,-0.00106626365186013,-0.00095060825673117,42.1326397919376,130.521403571749,-0.0449245023670587,-0.124074723915446
"8477126",2022,-0.000190738727833919,1.42523650816045e-05,29.1105121293801,103.597122302158,-0.00555250205015183,0.00147650400845399
"8479439",2022,-0.000111928802097945,0.000267438140140164,41.3793103448276,72,-0.00463153663853567,0.0192555460900918
"8476952",2022,-0.000212871126057242,-0.00234274167382526,23.3261339092873,125.706264256887,-0.00496546039183199,-0.2944973039355
"8477480",2022,-0.00109480939472292,-0.000507906614931062,98.0544747081712,108.865339881106,-0.107350960105127,-0.0552934262623323
"8477503",2022,-8.67234392143504e-05,0,74.3826642029229,0,-0.00645072045760362,0
"8477293",2022,0.000475450893263935,0.000428288480642343,113.919259882254,80.4892031339576,0.054163013870984,0.0344725985183556
"8482635",2022,0.000505424489418925,0,36.6598778004073,0,0.0185288000194311,0
"8471675",2022,0.00277370591204528,0.000290278830863499,150.236717517096,10.958904109589,0.416712471583447,0.0031811378724767
"8480883",2022,-0.00104488035608161,5.23648755882621e-05,67.4662668665667,2.73972602739726,-0.0704941769470355,0.000143465412570581
"8480945",2022,-8.19838670792426e-05,0,98.3606557377049,0,-0.00806398692582714,0
"8479415",2022,6.08037241339094e-05,-0.000105349782521069,14.9034038638454,110.877403846154,0.000906182457193498,-0.011680910381693
"8475760",2022,0.000196611788641617,-0.000246694265636512,37.8223495702006,32.258064516129,0.00743631979962564,-0.00795787953666168
"8479348",2022,0.00040417586733623,0.000102020398083731,118.46877098724,56.8608094768016,0.0478822182660248,0.0058009624181865
"8476967",2022,-8.92705195393886e-05,-0.00124310023511172,15.6657963446475,76.9252115998335,-0.00139849377868494,-0.0956257486257717
"8480845",2022,0.000561560101070541,-0.0010165166975112,62.5688851208139,75.9375,0.0351361894523153,-0.0771917367172566
"8482093",2022,-0.00102607966547793,-0.000517618772667676,96.5321644965837,7.82608695652174,-0.0990496910545155,-0.00405092952522529
"8479968",2022,-1.6138904764965e-05,-0.00028297061675397,83.7209302325581,54.1353383458647,-0.00135116411985753,-0.0153187100799141
"8480870",2022,-0.000228081992395432,0.000526802255841533,23.6065573770492,97.7777777777778,-0.00538423064015447,0.0515095539045055
"8480072",2022,0.00102058133813768,0.000203695669246476,67.1641791044776,44.6650124069479,0.0685465077853668,0.00909806959413542
"8479998",2022,0.000281949552706193,-0.000104072530389454,17.9615110477548,128.549874266555,0.00506424000584181,-0.0133785106961665
"8477846",2022,-0.000364455813748143,0.000394812031089082,62.1915103652517,148.386028803178,-0.0226660575183939,0.0585845894170258
"8478020",2022,-0.000154083960792692,0.000136319113408048,25.8992805755396,59.5488721804511,-0.00399066373276037,0.00811764946008824
"8481550",2022,1.70676591293049e-05,0,225,0,0.00384022330409361,0
"8474574",2022,9.2124985556046e-05,-0.000912497903659805,32.3686428772127,134.701267350634,0.00298196075753203,-0.122914624077772
"8477450",2022,0.000114130418536786,-0.000355005810703517,23.3983286908078,125.874125874126,0.00267046104654318,-0.0446860461025406
"8480748",2022,-2.85178951820068e-05,0,76.2352941176471,0,-0.00217407012681652,0
"8476917",2022,-0.00069300071333204,0.000714030930250671,17.6006017299737,131.36403127715,-0.0121972295539449,0.0937979814543019
"8478967",2022,-0.000692505853693265,3.97991591005251e-05,63.9204545454545,12.3711340206186,-0.0442652889434615,0.000492360731140516
"8478447",2022,-0.000587217648954758,0,70.4730831973899,0,-0.0413830382297643,0
"8480981",2022,0.000571742083080645,-5.16035533992722e-05,93.8722294654498,109.505703422053,0.0536707040180005,-0.00565088341406479
"8479661",2022,-0.000597807389907697,-0.000127563238778866,46.8510341622124,147.805911429436,-0.0280078944469886,-0.0188546007726011
"8481600",2022,0.000226796306712408,-0.000863119686144823,15.5306298533218,84.4147968465737,0.00352228949165086,-0.0728600729601937
"8476960",2022,-0.000721994533355183,0.000212779669029003,95.1677089255259,22.4066390041494,-0.068710565596167,0.00476767723135526
"8481481",2022,0.000106622206917983,4.74040694235568e-06,18.52487135506,86.6030692658648,0.00197516266674823,0.000410533790777215
"8478406",2022,-0.00078091837520789,0.00030365411179596,91.5365056302216,78.1494661921708,-0.0714825392489605,0.023730406743912
"8482125",2022,-0.000561019666187679,0,87.5,0,-0.0490892207914219,0
"8478038",2022,0.000192599069532205,0.000853225776258498,66.4571877454831,112.310286677909,0.0127995925235071,0.0958260315325733
"8476345",2022,-0.00073106222538337,-0.000359330566316651,63.0927835051546,56.6292134831461,-0.0461247507149095,-0.0203486073509654
"8480847",2022,-0.0005977729391261,-6.02543983261921e-05,66.9265367316342,20.8092485549133,-0.0400068725675999,-0.00125384875129648
"8481077",2022,0.000315479571474194,0.000225818010603207,73.5766423357664,59.0163934426229,0.0232119275945976,0.0133269645601893
"8478508",2022,-7.72028593948414e-05,-0.00147340308771436,18.6335403726708,97.8354978354978,-0.0014385625974194,-0.144151124598894
"8474618",2022,-0.000165008672153686,0.000281940368622955,2.67857142857143,122.081648623973,-0.000441987514697374,0.0344197450151409
"8476874",2022,0.000711223059559706,0.00088935943581825,28.9067325509574,99.097721364123,0.020559134766766,0.0881334935632705
"8480073",2022,0.00238591034756638,-0.000732320620089797,110.335433339009,69.3317770644879,0.263250452106763,-0.0507730899717933
"8481102",2022,0.000130060671802358,0,51.5337423312883,0,0.00670251314809695,0
"8479973",2022,-0.000107285409572038,0.000332927715513667,114.627994955864,94.2093541202673,-0.0122979113872614,0.0313649050472786
"8479977",2022,0.00125985630720062,-0.00178307236935652,110.021829728121,105.193035579107,0.138611696112726,-0.187566795189842
"8476467",2022,-1.41537416663047e-05,-0.000554273420290091,16.5771297006907,95.7096638064425,-0.000234628411352403,-0.0530493227128117
"8479026",2022,8.72132205181071e-05,-0.000564066604689166,49.3150684931507,80.7627593942793,0.00430092594335871,-0.0455555754768592
"8479671",2022,-0.000107513204941195,8.16835359637992e-05,34.6153846153846,77.7408637873754,-0.00372161094027213,0.0063501486430329
"8471873",2022,-0.000470448455919966,0.00168109568997175,21.4030915576694,140.36929421689,-0.0100690513752193,0.235974215512391
"8479341",2022,-0.00047838459616957,0.000477462611041548,36.272040302267,82.8087167070218,-0.0173519853522464,0.0395380660959344
"8477457",2022,-0.000599574364529599,-0.00022950902014624,79.2344497607655,100.363636363636,-0.0475069448641634,-0.0230343598401318
"8481580",2022,-0.00018505718918355,0,23.6842105263158,0,-0.00438293342803145,0
"8476429",2022,-0.000192350727606896,0.00161319618378705,11.8226600985222,138.393297190734,-0.00227409727219976,0.2232555388898
"8465009",2022,0.000164174061293275,0.00165021273351832,47.7272727272727,81.3666228646518,0.00783558019808814,0.134272237134631
"8481186",2022,-0.000340194382015698,-0.000990851730414494,10.5032822757112,104.747861987614,-0.003573157622922,-0.103789600307646
"8479980",2022,-0.000422317963181832,0.000706196856298843,76.8683274021352,96.4285714285714,-0.032462875461664,0.0680975540002456
"8478067",2022,-0.0017663565393583,0.00043643408651183,67.8148546824543,90.1093560145808,-0.119785212033986,0.0393267944783929
"8476869",2022,-0.000326782675701674,-0.00152970926047595,11.6504854368932,80.7121661721068,-0.00380717680429135,-0.123466148026545
"8477948",2022,-0.000541306495173486,-0.000244070893288377,44.6629213483146,109.271728996167,-0.0241763294192653,-0.02667004850726
"8474291",2022,-0.000131341128310769,3.13217443662219e-05,16.6666666666667,172.091388400703,-0.00218901880517949,0.00539020247511502
"8476851",2022,0.00013399300216329,-0.000343026793437662,40.7506702412869,13.0909090909091,0.00546030464579627,-0.00449053256863848
"8478476",2022,-8.34328905423869e-05,-0.000429779100893918,48.8964346349745,11.5107913669065,-0.00407957087881281,-0.00494709756424654
"8476473",2022,1.65136882845557e-06,0.00214033486085413,4.23778693349029,143.270988609197,6.99814924360218e-06,0.306647891469299
"8477180",2022,-0.000454965957474755,-0.000955582568217499,98.0405181002989,114.285714285714,-0.0446050981888235,-0.109209436367714
"8479361",2022,0.000244742468144093,-0.000441556106009347,114.588859416446,87.4887488748875,0.0280447602753974,-0.038631191272825
"8479312",2022,-0.000140281017489075,-0.000855292768724531,75.1423149905123,92.0127795527157,-0.0105410404033536,-0.0786978649816821
"8480817",2022,-0.000269478354913446,0.000167606229079945,39.7297297297297,97.9965156794425,-0.0107063022087234,0.0164248264560051
"8475763",2022,-0.00198331906473259,0.000892159122839034,110.433275563258,91.334431630972,-0.219024420805478,0.0814848464088897
"8477290",2022,-0.000113111907139581,0.0018979730305736,32.9162656400385,116.508161816891,-0.00372322158245781,0.221129348970164
"8477406",2022,0.00113807352008871,-0.000352140173781389,53.9079620160701,112.157413914266,0.0613512240924373,-0.0394951312266407
"8481617",2022,-0.000117102133695874,-0.000155933990476866,73.2471817431949,30.8171206225681,-0.00857740126933759,-0.00480543659368397
"8481575",2022,0.000234758300411322,0.000209885474358991,100.604229607251,75.9493670886076,0.0236176779567886,0.0159406689386575
"8473575",2022,0.00197105210019506,0.000504309528445613,91.0300771892467,86.1878453038674,0.179425024824783,0.0434653516229368
"8480222",2022,-0.000336243890027663,-7.51339110055163e-06,79.8598949211909,12.2310305775764,-0.0268524017255016,-9.18965162921377e-05
"8479390",2022,0.000302559310726203,0.000906929527991203,113.36233685519,57.5539568345324,0.0342988305012178,0.0521973829059686
"8475718",2022,-0.000132569633189041,0.000785632427228332,6.05720695457095,109.269893355209,-0.00080300170411758,0.085845971539634
"8477021",2022,-0.000256417490428335,-0.00077126776728192,29.3023255813953,83.8664812239221,-0.00751362878929541,-0.0646835137233655
"8480144",2022,-6.8604425156486e-05,0.00104293643387832,6.49584987369181,124.189839013172,-0.000445644046487459,0.129522107824319
"8479324",2022,0.000156354176702798,0.00131865929057002,18.2895850973751,122.442057659695,0.00285965302013586,0.161459356889466
"8480051",2022,-0.00092560926015007,0.00202578752476931,78.8908765652952,103.156146179402,-0.0730221258901933,0.208972434033512
"8481059",2022,0.00124414076926347,0,121.973684210526,0,0.151752433303584,0
"8476329",2022,0.000662378722102687,-0.000138360395360011,83.6357469899949,75.6676557863502,0.0553985392133365,-0.0104694067705647
"8479979",2022,0.000543881533611247,0.000238970428706616,104.528710725894,102.117102216341,0.0568512354960055,0.0244029676949165
"8478136",2022,0.000209928817142804,0.000787937883924221,40.4255319148936,95.7990731050979,0.0084864840972623,0.0754837189443326
"8478400",2022,0.00235620233593941,0,131.193580742227,16.2162162162162,0.30911862140509,0
"8476437",2022,-0.00051176479555008,-0.000113298030539091,72.7741935483871,16.8224299065421,-0.0372432702826123,-0.00190594817729312
"8476288",2022,-0.00046016333464316,-0.000178009697810771,54.5830461750517,62.7906976744186,-0.0251171165428934,-0.0111773531183507
"8480074",2022,6.32449986352737e-05,-0.00258781386451672,27.979274611399,90.7968875771398,0.00176954918461388,-0.234965444527089
"8476278",2022,-0.000828174639436354,0.000178801213286657,55.1959114139693,91.1819887429644,-0.045711854033625,0.0163034502171323
"8476457",2022,0.000163148873110022,0.000323349379095593,4.7079337401918,135.697639071841,0.000768094084388946,0.0438777473386177
"8479496",2022,0.000909106832689865,-0.000803421763317896,97.5232198142415,112.738853503185,0.0886590254790426,-0.0905768484759666
"8479356",2022,-0.000159247558209045,0,98.8558352402746,14.0077821011673,-0.0157425503767294,0
"8480071",2022,0.000613780699894327,-0.000416804338734905,82.6481580352376,24.2152466367713,0.0507278442838451,-0.0100930198617421
"8475209",2022,-0.000569980371886703,0,110.858995137763,0,-0.0631874512756086,0
"8478452",2022,0.000479763486387287,0.00059893935783458,53.475935828877,48.624312156078,0.0256558014110849,0.0291230142979095
"8470281",2022,-0.000283951516700023,-0.000521791759527657,60.8472400513479,99.5639201285288,-0.0172776660995906,-0.0519516330693361
"8480802",2022,2.76662719949724e-05,0.000347018769472487,58.5462993693993,107.682249101013,0.00161975784265288,0.0373677615770635
"8479393",2022,-0.00104310770826604,0.000853660560473205,80.9243697478992,39.7694524495677,-0.084412833870605,0.0339496130678104
"8473504",2022,-0.00019823396135492,0.000681921864574002,17.439446366782,149.496644295302,-0.00345709053712387,0.101945030425409
"8481656",2022,-2.35640764635862e-05,0,77.4407060121346,0,-0.00182481871786404,0
"8478996",2022,-0.00025439142438992,0.000360351906931624,47.7611940298507,86.1244019138756,-0.0121500381798171,0.0310350924630107
"8477508",2022,-2.9582024360185e-05,2.70227817802782e-05,8.07174887892377,126.132190942472,-0.000238778671965619,0.00340844267130682
"8477931",2022,4.3910385357423e-05,0.000835173702693526,14.5258910558171,136.032388663968,0.000637837473920872,0.113610673726731
"8478415",2022,-2.95819701832224e-05,5.87974115088333e-05,85.7142857142857,25.130890052356,-0.00253559744427621,0.00147763128399162
"8476918",2022,-0.000363024679648102,0.00162117964935312,40.0635930047695,99.7280761386812,-0.0145440730161084,0.161677127505169
"8479526",2022,0.000163842103098252,0.000186639056500723,50.4672897196262,73.2203389830509,0.00826866688533232,0.0136657749844597
"8480068",2022,-0.00113126342424544,-0.000868958133475183,66.9260700389105,52.5773195876289,-0.0757110151635081,-0.0456874894919941
"8480434",2022,0.00130553698820401,-0.0013349260973547,130.313372634192,80.8454425363276,0.17012892803155,-0.107922691093933
"8480029",2022,-0.000881633505987735,-0.00196746579890747,67.6056338028169,102.040317654246,-0.0596033919541004,-0.200760835094382
"8480028",2022,-0.000112496258400889,0.00017896821327828,102.452120995167,19.3756727664155,-0.0115254802771915,0.00346762953607
"8475958",2022,0.000173608075486001,0,48.5393258426966,0,0.00842681894493848,0
"8479395",2022,-3.57804868682375e-05,5.79628736161382e-05,26.3414634146341,31.858407079646,-0.000942510385797476,0.00184660482316901
"8481477",2022,-0.000178139009042284,0.000363463146039524,16.0356347438753,111.455108359133,-0.00285657208263796,0.0405098243263866
"8474818",2022,-0.000329001550040351,0.000278317878035087,23.5807860262009,79.7658862876254,-0.00775811515378994,0.02220027221116
"8479514",2022,0.000556350519633715,0.000229958625802139,76.1478933791917,120.115495668912,0.042364920050526,0.0276215943215659
"8479369",2022,-0.000347986968586011,-0.000390756536129775,8.74848116646416,133.354807537446,-0.00304435744084967,-0.0521092626695851
"8479945",2022,-5.2522468681319e-05,-6.58763799807527e-05,18.8976377952756,61.3200851667849,-0.000992550589253272,-0.00403954523089924
"8481598",2022,0.000513142841288056,1.51983775457936e-06,35.5995055624227,58.4070796460177,0.0182676314327516,8.87692847807416e-05
"8479580",2022,0.000298812709604274,-0.000912645467165985,18.2344428364689,136.153846153846,0.0054486832720895,-0.124260190529523
"8476372",2022,-0.000115459674136154,0.000246386767121104,15.5507559395248,83.3976833976834,-0.0017954852133484,0.0205480855977446
"8481546",2022,-0.000260448152427153,0.000638852353765934,116.898608349901,85.2631578947368,-0.030446026566037,0.0544705691105691
"8479772",2022,-0.000380968583104738,0,19.3432835820896,0,-0.0073691833388618,0
"8480884",2022,0.000303012334206306,0,92.3076923076923,0,0.0279703693113513,0
"8475842",2022,-0.000986501088651255,0.000359972582058777,38.4683882457703,110.276679841897,-0.0379491068831115,0.0396965811835568
"8474568",2022,0.000113045240694381,-0.0016171919392757,8.43091334894614,104.568389472249,0.000953074628805083,-0.169107156557563
"8479320",2022,0.000191395994307763,0,26.6009852216749,0,0.00509132201606857,0
"8478443",2022,-0.000200581811306399,0.00276991371700015,6.64513151822797,118.393305439331,-0.0013328925162954,0.327939240737391
"8480193",2022,0.000139202971247226,-5.12203957316526e-05,67.741935483871,75.8620689655173,0.00942987869739274,-0.00388568519343571
"8481020",2022,-0.000178951583183862,0.000556502870065722,120.948616600791,127.918781725888,-0.0216439464246093,0.0711871691657675
"8476876",2022,0.000266956021310543,-0.00074546405935308,71.6981132075472,135.616438356164,0.0191402430373597,-0.101097180651993
"8478431",2022,-2.25476445525681e-05,0,17.007874015748,0,-0.000383487497901945,0
"8480005",2022,0.000410295264768647,0,31.1495673671199,0,0.0127805199903213,0
"8476391",2022,-0.000154234406336504,0,60,NA,-0.00925406438019023,NA
"8480045",2022,-0.000736569775608394,5.54191341340773e-05,104.53720508167,97.8350990327038,-0.0769989456897341,0.00542193647631415
"8479366",2022,0.000118927082114978,2.18115655252258e-05,50.2875924404273,17.910447761194,0.00598055663552727,0.000390654904929417
"8478903",2022,0.000115700723829332,0.000187488719161343,59.1780821917808,53.4124629080119,0.00684694694442077,0.0100142342578759
"8471817",2022,0.000206361015253059,0,19.2642140468227,0,0.00397538276875457,0
"8479291",2022,4.75257257882551e-05,-0.000279282277949445,24.8790601243953,144.486915613055,0.00118239538934152,-0.0403526349263032
"8477335",2022,-2.41505317563796e-05,-0.000468413854844732,10.3151862464183,76.9836803601576,-0.000249117233017096,-0.0360602224776361
"8477359",2022,-0.000143958743247447,0.000365116746444115,33.0275229357798,122.847240735804,-0.00475460069441111,0.0448535848470937
"8481058",2022,0.000265548746443562,0,63.0414746543779,0,0.0167405845684236,0
"8476897",2022,-9.75604380494911e-05,-0.00158098501380985,55.4049102235251,147.088036117381,-0.00540532731149984,-0.232543980812303
"8479292",2022,0.000588872832003038,-0.000795079989147098,86.1085556577737,86.7469879518072,0.0507069890298844,-0.0689707942392664
"8476480",2022,-0.000331189540205478,-0.00120276317878421,58.2035928143713,99.8239436619718,-0.0192764211424985,-0.120064563797649
"8480813",2022,-0.000420213261986358,0.000150997870697778,60.7142857142857,55.5716353111433,-0.0255129480491718,0.00839119860317611
"8476931",2022,-0.000249808465688615,0.000846356237679046,9.29752066115702,150.908244061481,-0.00232259937107184,0.127722133678626
"8481033",2022,0.000120223466496194,0.0005164412764073,70.7514450867052,81.5533980582524,0.00850598398793882,0.0421175409885565
"8477962",2022,-0.000142658646586221,-1.94919539951722e-05,22.0408163265306,32.579185520362,-0.00314431302679833,-0.000635031985363075
"8476903",2022,0.000496343584376742,-0.000554396268855537,88.9997731911998,95.5188679245283,0.0441744664344372,-0.0529553039826634
"8480037",2022,5.81332373479061e-05,1.98535027330986e-05,55.3846153846154,20,0.00321968699157634,0.000397070054661973
"8481557",2022,0.000622833608209611,0,107.511808624105,0,0.0669619676904924,0
"8479419",2022,0.000290512439149955,0,75.4914809960682,0,0.0219312142792103,0
"8481624",2022,0.00123836635981189,0.00141090977334374,63.9870733185215,74.9570200573066,0.0792394390604741,0.105757592179577
"8473563",2022,-0.0004478158410108,-0.000134275317852341,134.713375796178,27.6923076923077,-0.0603267836775696,-0.00371839341744945
"8476234",2022,-0.000155299882347652,-0.000641514436136843,130.120481927711,64.2857142857143,-0.0202076955343933,-0.0412402137516542
"8478846",2022,-4.19784168421082e-05,-0.000223612009291862,36.8600682593857,82.2335025380711,-0.00154732731022106,-0.0183883987336455
"8479249",2022,0.000314031913097329,0,52.6829268292683,0,0.0165441202997617,0
"8480925",2022,-0.00135641255142043,-0.000213155969977469,127.855153203343,101.357204735778,-0.173424334568796,-0.0216048932896597
"8480304",2022,2.9468634590466e-05,0,64.2857142857143,0,0.00189441222367281,0
"8482655",2022,0.00102352466934842,-5.38624965681826e-05,57.2101236021189,122.301369863014,0.0585559728432411,-0.00658745711453061
"8477460",2022,2.38170602617811e-05,-0.000239759575532661,30,115.901060070671,0.000714511807853433,-0.0277883889663296
"8481433",2022,0.00039387493836619,0,109.274873524452,0,0.0430406340744167,0
"8476474",2022,-8.52568428647402e-05,0,130.434782608696,0,-0.0111204577649661,0
"8477353",2022,-5.60143115047897e-05,-0.000761279263927835,19.6613872200983,142.167101827676,-0.00110131906836288,-0.108228866634127
"8479414",2022,-0.000470489967944299,-0.000120926834934227,133.110367892977,66.543438077634,-0.0626270927230203,-0.00804688735236998
"8478512",2022,-0.000238253694327684,-0.00031727169962065,52.0984081041968,67.9245283018868,-0.0124126381994162,-0.0215505305402706
"8476343",2022,0.000429585358447263,0.00017070140319494,95.0631458094145,93.8110749185668,0.0408377355676617,0.016013682123825
"8477903",2022,-0.000724060381240038,0.000998692881078182,22.3206377325066,100.476947535771,-0.0161614894661195,0.10034561221644
"8477845",2022,-0.000123698389201487,0.0007999802549088,20.506329113924,129.969727547931,-0.00253659987982796,0.103973215774221
"8480796",2022,-3.13108606059322e-05,0.000546285325271704,5.84890333062551,88.5027021299142,-0.000183134196882788,0.0483477274204649
"8474013",2022,0.000196041810351944,-0.000654960989558205,6.23916811091854,76.9873051035188,0.00122313781155459,-0.0504236815340201
"8474090",2022,0.000196041678480213,1.45689089964122e-05,10.9756097560976,44.6842957366433,0.00215167695892916,0.000651001438155928
"8479378",2022,-2.86217654775367e-05,-0.00103007698941413,23.841059602649,152.312435765673,-0.000682373216682995,-0.156893535283838
"8478567",2022,-0.000462345436224397,-0.00034654604245048,36.409608091024,63.9462313970235,-0.0168338161356038,-0.0221603134202611
"8477949",2022,0.00166016898595657,0.00103381062297355,132.288094071534,111.123470522803,0.219620590988865,0.114880624288162
"8480035",2022,-0.000375839354392864,-0.00106484535912887,65.2034945663755,110.498220640569,-0.0245060393019851,-0.117663517441108
"8477202",2022,-0.000454114988045384,-0.00051976704758179,84.7058823529412,119.129646418858,-0.0384662107520796,-0.0619196645985922
"8475169",2022,0.00167297034160828,0.000336833382632944,114.277355178467,39.9147121535181,0.191182625931011,0.0134446075114898
"8480021",2022,0.000612242258902955,-0.00042251053887437,120.446096654275,50.8997429305913,0.073742190291657,-0.021505677814171
"8479933",2022,3.18541174523339e-05,0,98.0544747081712,0,0.00312343875408099,0
"8480019",2022,-0.000332204528286786,0,82.6952526799387,0,-0.0274717374080957,0
"8481441",2022,0.000331096678507724,0,60.2510460251046,0,0.0199489212155282,0
"8471215",2022,0.00144106322205261,0,152.64694680716,0,0.219973901002419,0
"8480831",2022,-0.000622719519400905,-0.000304977184628068,36.9747899159664,114.725274725275,-0.02302492340642,-0.0349885912913959
"8482117",2022,-0.000677668562053569,0,85.207100591716,0,-0.0577421733347419,0
"8482149",2022,0.000486945640691126,0,96.7886482449589,0,0.0471308103312695,0
"8482073",2022,0.000236527276294384,5.80081119992363e-05,36.9230769230769,64.5161290322581,0.00873331481702343,0.00374245883866041
"8481708",2022,-0.00044832509871178,0,72.4137931034483,0,-0.0324649209411978,0
"8474207",2022,-0.000308211481625846,0.00107156048862849,7.9295154185022,142.40043348686,-0.00244396769571156,0.152590678088088
"8480188",2022,-0.000950179269348632,0,98.9010989010989,0,-0.093973773891623,0
"8475234",2022,-0.000313979362002726,-3.81066455278404e-05,77.0206022187005,104.231625835189,-0.0241828795456933,-0.00397191761849205
"8474683",2022,0.000165869917280849,-0.000493767562044657,60.4580152671756,154.583772391992,0.0100281659913307,-0.0763284524256599
"8475235",2022,-0.00016899154694174,-0.00116196506472065,6.2882096069869,94.1602237210067,-0.00106265426897863,-0.10941089045009
"8478403",2022,0.000890849178242068,0,139.886773031395,0,0.124618016801953,0
"8482241",2022,0.000345861571610519,0,86.5822784810127,0,0.0299454829090627,0
"8476822",2022,-9.06954836269968e-05,0.0024760686242041,7.84313725490196,134.312696747114,-0.00071133712648625,0.332567454247769
"8481572",2022,-0.000310769789120179,0,57.5488454706927,0,-0.0178844425710369,0
"8475968",2022,0.000141971965097869,0.000150861093036936,26.865671641791,37.696335078534,0.00381417219665916,0.00568691031343424
"8476509",2022,-0.000826731472781668,-0.000169941753679859,146.548672566372,52.0064205457464,-0.121156399904995,-0.0088380623101564
"8475792",2022,7.26424304722005e-05,0,33.6448598130841,0,0.00244404438971889,0
"8482821",2022,0.00053212568168714,0.000656346873334324,100.531914893617,170.444763271162,0.0534956137440795,0.111870887449236
"8477320",2022,-4.48119218115873e-05,-0.000130570997164419,6.14334470989761,85.9138533178114,-0.00027529508280156,-0.0112178574979442
"8479365",2022,-8.80601943940127e-05,7.92194306459456e-05,37.597911227154,64.5614035087719,-0.00331087937147202,0.00511451762766807
"8477944",2022,5.63654057971316e-05,0,110.151187904968,0,0.00620871640529959,0
"8481597",2022,-0.000192648535637544,-0.000100156245674576,67.9245283018868,60,-0.0130855609112294,-0.00600937474047459
"8477461",2022,-9.52118787910342e-05,0,49.3150684931507,NA,-0.00469538032394141,NA
"8479553",2022,0.000274530218373908,0,17.2248803827751,0,0.0047287501729477,0
"8477936",2022,-3.83813233820896e-06,0,133.333333333333,NA,-0.000511750978427862,NA
"8481093",2022,-2.95094602784875e-06,5.60792120053734e-05,129.83606557377,61.5384615384615,-0.000383139221976428,0.0034510284310999
"8476975",2022,0.000207761186476833,0.000323624302606804,9.39947780678851,136.248948696384,0.00195284666140104,0.0440934710027774
"8480205",2022,-0.000238450238906514,0,87.0419342652059,0,-0.0207551700204234,0
"8478433",2022,0.000365444201273131,-0.00054349371465447,105.54675118859,132.663316582915,0.038571448185088,-0.0721016787280302
"8477930",2022,-3.63218827651593e-05,2.03504980888723e-05,9.77596741344195,134.332884097035,-0.000355081542307056,0.00273374110108941
"8480172",2022,0.000127196958790711,-0.00145350096863423,4.63320463320463,74.6666666666667,0.000589329538798661,-0.108528072324689
"8478040",2022,-0.000136019903239872,0,15.5844155844156,0,-0.00211979069984216,0
"8478408",2022,4.19404425023036e-05,-0.00105117607083987,42.5531914893617,45.2261306532663,0.00178469968094909,-0.047540626319391
"8474709",2022,-0.000118996050089421,5.85057878430679e-05,7.95580110497238,13.7931034482759,-0.000946708906788764,0.000806976384042316
"8475231",2022,-0.000106776220500531,0.00186159705120856,3.51734245236932,125.38473999676,-0.000375568533270067,0.233415862244521
"8480420",2022,-0.00106629422202909,0.000245878441394209,100.163666121113,118.794835007174,-0.106803938442193,0.0292090888772461
"8479388",2022,-1.33402204360121e-05,-0.00120537938396317,21.0526315789474,95.7590966122961,-0.000280846746021307,-0.1154260408834
"8475179",2022,-0.000390832727151287,0.00136273865437227,20.9912536443149,114.855827211929,-0.00820406890813196,0.156518475421598
"8479546",2022,-0.00020820425884196,-0.000549436707034408,61.2765957446808,55.705996131528,-0.0127580482013797,-0.0306069190765782
"8477365",2022,-0.000158687534530659,0.000592012051739447,16.1797752808989,62.5538020086083,-0.00256752864858595,0.0370326046712194
"8479313",2022,0.000549666583027013,-8.83778084803214e-05,60.5504587155963,77.2117962466488,0.0332825637429201,-0.00682380934110792
"8480060",2022,0.000310293143144229,0,82.7452249919068,0,0.0256752759429151,0
"8480313",2022,0.00172267314889333,-0.000815367174666681,118.650996423097,121.744627054362,0.204396885627507,-0.0992665725921636
"8482079",2022,-0.000440622971801982,0,124.615384615385,0,-0.0549084011014778,0
"8480980",2022,0.000274836898924039,0.000272244064021782,14.7540983606557,88.9621087314662,0.00405497063986288,0.024219406025002
"8475186",2022,2.47582858132368e-05,0.000144135542239007,36.241610738255,125.874125874126,0.000897280156989792,0.0181429353867282
"8475796",2022,6.2357593429824e-06,0.0017609271015036,8.78048780487805,116.797752808989,5.47530088652113e-05,0.205672328316066
"8479383",2022,-0.000183299110387336,0.00111025747410777,11.6316639741519,76.9104354971241,-0.00213207365878646,0.0853903858475659
"8478399",2022,-2.1873843527615e-05,0.00148412824440414,2.89621882542237,98.847756803138,-6.33514374090216e-05,0.146702747767528
"8475462",2022,0.000169903575093577,0.000293011028811819,12.7118644067797,93.1701392133047,0.00215979120881666,0.0272998783454308
"8474849",2022,-9.5446072573747e-05,0.00109118348785708,16.796267496112,118.647671698916,-0.00160313776640197,0.129466380230544
"8477070",2022,-0.00019097349174881,-0.000513856072990363,28.4023668639053,41.6184971098266,-0.0054240991739307,-0.0213859174886163
"8478062",2022,0.0001226294114314,0.00207689384886358,23.3766233766234,152.372808892689,0.00286666156592884,0.316462149523291
"8477478",2022,-0.000147194091336944,0.000422733985555673,40.8060453400504,67.5422138836773,-0.00600640876488284,0.0285523892683006
"8479353",2022,-8.80897931340403e-05,0.000238711567995237,33.7236533957845,80.2096985583224,-0.00297070965135874,0.0191469829112825
"8480727",2022,-0.000170006064642845,-0.00307709604541592,17.4927113702624,119.213973799127,-0.00297386701999146,-0.36683284733561
"8480843",2022,-7.75720888588024e-05,0.000126913728201018,91.3705583756345,81.064483111566,-0.00708780507339311,0.0102881957763773
"8476924",2022,-0.000480730238530268,0,99.0239574090506,0,-0.047603810665464,0
"8482665",2022,0.0013843461974792,0,149.554896142433,0,0.207035751789175,0
"8480008",2022,-7.7717061898743e-05,0,24.9653259361997,0,-0.00194023178110593,0
"8480003",2022,0.000127945431972122,-0.000443488035575876,43.9949431099874,39.8523985239852,0.00562895200079627,-0.0176740619343892
"8480326",2022,-0.000156311899025245,0,95.9247648902821,0,-0.0149941821635502,0
"8477464",2022,-0.000132098453617478,-0.000151925955693811,92.7480916030534,23.5294117647059,-0.0122518794767356,-0.00357472836926614
"8475797",2022,2.8365121610488e-05,-4.29327774370377e-05,93.5064935064935,40.2234636871508,0.002652323059682,-0.00172690501422721
"8475750",2022,-0.000167427539191575,0.00143477027510205,10.9422492401216,110.30889467808,-0.00183203386349444,0.158267923163471
"8482097",2022,-0.000182851018297504,0,137.579617834395,0,-0.0251565732180005,0
"8476994",2022,-5.41122397187499e-05,0.00010968408395932,16.271186440678,67.3748103186646,-0.000880470341186438,0.00738994435173565
"8480231",2022,-0.000367905460571783,-0.00131565895371168,69.4533762057878,110.556621880998,-0.0255522763612556,-0.145454809469852
"8477018",2022,0.000303807692266359,-0.000839410204515352,6.45161290322581,100.161290322581,0.00196004962752489,-0.084076409194199
"8475762",2022,-0.000117395481404194,0.00154098830996413,3.0379746835443,133.097524002021,-0.000356644500468437,0.205101728572285
"8481461",2022,1.74423914822654e-05,0.000182342232261143,86.1460957178841,79.8561151079137,0.00150259392618004,0.0145611422884797
"8471695",2022,0.000132827019337608,0.000801561848787106,97.5081256771398,85.9504132231405,0.0129517136948913,0.0688945721271562
"8482072",2022,0.000136101092719273,0,127.55905511811,0,0.0173609267878127,0
"8479581",2022,-0.000170202299431243,6.86824434823864e-05,50,20.8092485549133,-0.00851011497156214,0.00142923003778376
"8476873",2022,-0.000131888459769932,-0.00017651745661844,8.53080568720379,172.28714524207,-0.00112511482268189,-0.030411688686182
"8480185",2022,2.74625359746346e-05,0.000795920924264928,11.0497237569061,105.016574585635,0.000303453436183808,0.0835848891073356
"8480988",2022,-3.11898878829027e-05,0,80.3571428571429,0,-0.00250633027630468,0
"8475839",2022,-0.000608683461376657,-0.000934021009254992,105.744125326371,129.178470254957,-0.0643647002239023,-0.120655405161551
"8477996",2022,0.000166682170047514,-0.000225171833904347,16.491067338525,100.845350571855,0.00274876689038503,-0.0227075325289913
"8478146",2022,-2.72659353677697e-05,-0.000260217504206519,30.3448275862069,95.8083832335329,-0.000827380107711634,-0.0249310183670916
"8481609",2022,-0.000139629991140177,-0.000394675349601588,39.1304347826087,71.3602187286398,-0.00546378226200691,-0.0281641192743717
"8481239",2022,-1.62709931232538e-05,0.000120324354935327,51.7985611510791,27.2727272727273,-0.000842814032283651,0.00328157331641801
"8477034",2022,-0.000120332958856099,-0.00137133010703848,5.92105263157895,103.405826836274,-0.000712497782700586,-0.141803523583791
"8475920",2022,-0.000113637537673893,-1.49922436380978e-05,96.2138084632517,149.136939010357,-0.0109335002839915,-0.00223589732508341
"8480950",2022,-0.000129696131570091,0.000683753122493604,5.23255813953488,121.460416917701,-0.000678642548913266,0.083048939326853
"8480001",2022,-0.000353652448645497,0.000193638598667105,54.5454545454545,88.8556469708302,-0.0192901335624816,0.0172058829630905
"8482124",2022,0.000681021185829816,0.000318034608117688,83.0769230769231,30.5732484076433,0.0565771446689386,0.00972335107620956
"8477484",2022,-0.00012895778963567,-0.000423664105214438,131.969309462916,120.736891828059,-0.0170184704480833,-0.0511518872427068
"8477943",2022,-3.76717217067182e-05,0,13.7404580152672,0,-0.000517626710473991,0
"8480022",2022,9.63749616027491e-05,-0.000125532106377833,157.894736842105,62.7906976744186,0.0152170992004341,-0.00788224854000345
"8479523",2022,1.55696460821156e-06,-0.000479098796871526,33.9622641509434,35.6877323420074,5.28780432977512e-05,-0.0170979496281288
"8482641",2022,-0.000135790185737823,0.000394292571125199,23.6842105263158,99.3506493506493,-0.00321608334642211,0.0391732229754256
"8479372",2022,-1.84236527566546e-05,7.78734275827137e-05,44.0816326530612,26.4058679706601,-0.000812144692946408,0.0020563154471719
"8475717",2022,-0.000618124484830788,0.000314325386569634,131.155778894472,120.174165457184,-0.0810705982617264,0.0377737910130126
"8478051",2022,-0.000124522517393314,-0.000510939077501775,8,83.2535885167464,-0.000996180139146512,-0.0425375117154588
"8476966",2022,-0.000138202993403344,0,138.461538461538,0,-0.0191357990866168,0
"8477831",2022,-0.00052175909581948,0.000188874635024731,71.7131474103586,88.5245901639344,-0.0374169869511978,0.016720049657927
"8475177",2022,-0.000150602848549426,-0.000647395265826591,7.94701986754967,106.986152170531,-0.00119684382953187,-0.0692623284242048
"8476374",2022,-0.000585281409120077,-0.000394373220099165,23.4432234432234,137.21293735722,-0.0137208828511666,-0.0541131079448319
"8478882",2022,-0.000184663512639795,0.00144505331638688,5.88716271463614,118.931513688941,-0.00108714414636674,0.171862378279115
"8481582",2022,0.000148866577990008,0,38.5026737967914,0,0.0057317612915939,0
"8481720",2022,0.000105874216160084,0,88.468809073724,0,0.00936656581529668,0
"8477851",2022,5.1062816580063e-06,-0.000447351082591185,53.4818941504178,97.511811023622,0.000273093615135713,-0.0436220142268443
"8478013",2022,4.07095721270075e-05,-0.000943471453253654,71.3754646840149,67.5791943684005,0.00290566462765258,-0.0637590407204659
"8478416",2022,-0.000278632464102283,-0.000394179862768065,10.6508875739645,154.522227899847,-0.00296768304961011,-0.0609095505881772
"8479347",2022,-0.000190332993073451,0,25.0580046403712,0,-0.00476936502365027,0
"8478057",2022,0.00010820083315025,-9.72874136116758e-06,56.25,30.7692307692308,0.00608629686470157,-0.000299345888035926
"8480011",2022,0.000108202239736066,0,33.8345864661654,0,0.00366097803618269,0
"8479941",2022,-0.000660429729475182,7.41008868485812e-05,49.244060475162,56.2100780695529,-0.0325222415378707,0.00416521663478185
"8474027",2022,4.25417265662336e-05,-0.000713142440312595,6.33245382585752,116.186693147964,0.000269393519152931,-0.0828576618833899
"8477887",2022,-0.000131048544005131,-0.000362483821466024,8.66425992779783,146.606334841629,-0.0011354386484199,-0.0531424245045212
"8481711",2022,0.000773350098031921,8.94708292660185e-05,64.9298597194389,29.7520661157025,0.0502135133792269,0.00266194202774931
"8471774",2022,4.72604012921925e-05,-0.000187177949785811,91.1392405063291,77.1428571428571,0.00430727707979476,-0.0144394418406197
"8477446",2022,2.79993066608132e-05,0.0010201653785854,21.2180746561886,109.801876955162,0.000594091379050654,0.11201607337335
"8479644",2022,-0.000138235481978478,0,14.6938775510204,0,-0.00203121524539805,0
"8479362",2022,3.46676041330214e-05,0,72,0,0.00249606749757754,0
"8477435",2022,6.34368416980454e-05,-0.00227738957856812,8.03571428571429,101.277783743155,0.000509760335073579,-0.230648969237136
"8475790",2022,-1.89225807568164e-05,0.000122421042584522,18.568665377176,120.641384576228,-0.000351367070145915,0.0147690440786621
"8481606",2022,-0.000534669098906779,5.39772493566432e-05,98.5687616677038,48.7261146496815,-0.0527016709812283,0.00263010164062624
"8481703",2022,0.000217702639689084,0,211.764705882353,NA,0.0461017354635708,NA
"8474038",2022,-0.000372683124147319,-0.000430563261598112,24.9134948096886,115.580736543909,-0.00928483907910275,-0.0497648189042577
"8474089",2022,-7.8547422187855e-05,-0.00125760121593255,29.0322580645161,120.670391061453,-0.00228040903126031,-0.151755230525939
"8476879",2022,0.000104936775578338,-0.000239269387364736,4.55407969639469,131.788693234476,0.000477890439066435,-0.0315329998918123
"8476913",2022,1.13947605652933e-05,0.000505981949376089,17.4334140435835,100.840336134454,0.000198649578862257,0.051023389853051
"8478902",2022,0.00189406829227569,7.62970466351124e-05,114.342431761787,95.1239444293108,0.216572374461697,0.00725767602423897
"8480007",2022,5.62607203967407e-06,-0.00110474788926793,16.1434977578475,122.777101096224,9.08244813579671e-05,-0.135637743286488
"8480226",2022,-0.000105485009990673,0.000404137839878152,36.3636363636364,31.0077519379845,-0.00383581854511537,0.0125314058876946
"8471729",2022,0.000199139050519296,6.46992774758831e-05,50.5263157894737,111.000783903841,0.0100617625525539,0.00718167051783515
"8478569",2022,5.73319981857039e-05,0.000490157986956639,43.6893203883495,158.904109589041,0.00250479603723949,0.0778881184753016
"8478467",2022,-4.07459816504122e-05,-0.000105803883770826,10.6194690265487,63.2989115266536,-0.000432700690092872,-0.00669727067798584
"8480025",2022,0.000322881327352311,7.69433326205322e-05,28.5714285714286,97.3835920177384,0.00922518078149459,0.00749301811240305
"8478838",2022,-0.000111580651648824,0.000289642383647289,20.1117318435754,166.242038216561,-0.00224408014489255,0.0481507402114283
"8479543",2022,0.000224349163822134,0,43.1654676258993,0,0.0096841365678619,0
"8480043",2022,0.000390901727667871,0.00187098595915565,49.7379704621248,62.0068095333467,0.0194426585843381,0.11601387000893
"8475766",2022,0.000265898040527207,0.00121481432362288,2.5531914893617,130.42304230423,0.000678888614112018,0.158439779921653
"8476927",2022,-0.000343235965958721,0.0020531998226637,10.2739726027397,130.186335403727,-0.0035263969105348,0.267298560764169
"8480373",2022,-0.000312617367776298,-3.57152575321266e-05,61.5384615384615,82.0253164556962,-0.0192379918631568,-0.00292955530136937
"8483397",2022,1.05363448979639e-06,0,62.6086956521739,0,6.59666811002957e-05,0
"8482111",2022,0.000708384654347058,0.000224381177273716,65.3061224489796,109.6018735363,0.0462618549777671,0.0245925974154799
"8471709",2022,8.72975771712956e-05,0.000896834452359665,9.56175298804781,65.3287788215201,0.00083471786936697,0.0585890995777237
"8477205",2022,-9.35616398702522e-05,0.000706617325682472,11.7263843648208,113.36032388664,-0.00109713975092152,0.0801023689032762
"8481544",2022,0.000146396790384631,0.000290620223084066,155.808656036446,92.7835051546392,0.0228098871578788,0.0269647629665629
"8476884",2022,8.51279182728857e-05,0,114.285714285714,0,0.00972890494547265,0
"8478840",2022,8.51279205889065e-05,-0.000488655236120432,32.7272727272727,93.0190389845875,0.00278600467381876,-0.0454542404587092
"8481521",2022,-0.000489572778852509,-0.000275092507625449,64.8,88.0526810912512,-0.0317243160696426,-0.0242226328445362
"8471239",2022,0.000267762890491764,-0.000195441347671358,40.4494382022472,99.6539792387543,0.0108308584918017,-0.0194765080032357
"8480890",2022,-0.000160857121938063,-5.10004854001976e-05,52.5,46.7532467532468,-0.00844499890174829,-0.0023844382784508
"8477384",2022,-0.000106363870144119,-0.00051064080833755,8.10810810810811,108.48787446505,-0.000862409757925291,-0.0553983359116557
"8474628",2022,-0.000657749113181445,0.000398164610511335,122.100656455142,54.0901502504174,-0.0803115985022421,0.021536783606957
"8471794",2022,-9.97329450361209e-05,0.00218513029385264,13.7012369172217,130.346988511083,-0.00136646470839214,0.284825153308029
"8474667",2022,0.00102208959206477,0.000280679865478867,96.8354430379747,135.196506550218,0.0989744984720952,0.037946937271728
"8482660",2022,3.52208659039745e-05,0,61.3636363636364,0,0.00216128040774389,0
"8481553",2022,-7.47023721023001e-06,0,136.669542709232,0,-0.00102095390345162,0
"8475343",2022,-1.08441660691358e-05,-0.000274283786420594,4.15704387990762,123.506237688772,-4.50796741904031e-05,-0.0338757585198383
"8480053",2022,7.44697403488634e-05,0.000507576899176264,46.7532467532468,95.6962025316456,0.00348170214618063,0.0485731817439564
"8480979",2022,0.000608821437808639,0,61.8806875631952,0,0.0376742891748116,0
"8482834",2022,-0.000443565806084688,0.000235591026352147,39.344262295082,45.859872611465,-0.0174517694197254,0.0108041744569137
"8471679",2022,-2.78117932555407e-05,-0.000891832889661306,109.615384615385,103.746397694525,-0.00304860041454965,-0.0925244496478589
"8475246",2022,7.79061705621563e-07,-0.000425922600120675,14.8148148148148,91.2328767123288,1.15416548980972e-05,-0.0388581440658041
"8470755",2022,0.000159978979844701,-0.000319592491951437,21.6867469879518,92.2070844686649,0.00346942365928268,-0.0294686919009172
"8477003",2022,0.000266820093154558,0,141.871921182266,0,0.0378542792258683,0
"8480887",2022,-0.00017732362653755,-9.21653153915167e-05,46.3022508038585,51.7985611510791,-0.00821048302939137,-0.00477403072531597
"8482133",2022,-0.000502068731754583,0,138.036809815951,0,-0.069303966039743,0
"8479578",2022,-6.57948703233206e-05,5.21476123196127e-05,9.97229916897507,113.793103448276,-0.000656126130648072,0.00593403864326628
"8480157",2022,-0.000128402439532944,3.57595812913117e-05,17.3076923076923,75.1740139211137,-0.00222234991499326,0.00268819126180626
"8483565",2022,-6.32704386136273e-05,-0.00010724958841092,70.7616707616708,20.6896551724138,-0.00447712194612399,-0.00221895700160524
"8477979",2022,-0.000144623797473033,7.75965496222573e-05,7.77537796976242,13.6882129277567,-0.0011245046887752,0.00106215809368869
"8482671",2022,-0.000340122324121706,0.000255677298512102,48.4522207267833,116.991643454039,-0.0164796819224515,0.0299121073468197
"8480448",2022,5.22208499859563e-05,-0.000666911334690694,8.56123662306778,121.008403361345,0.000447075053387498,-0.0807018757945041
"8481611",2022,0.000116818066349295,9.70253735051743e-05,107.036669970268,96.219035202086,0.0125038168143944,0.00933568782878991
"8479986",2022,-0.000160796241457704,0,35.5263157894737,17.0616113744076,-0.00571249805178684,0
"8479619",2022,0.000562087839162389,0,90,0,0.050587905524615,0
"8481518",2022,-8.07176066750666e-05,0,27.2727272727273,0,-0.00220138927295636,0
"8480220",2022,6.58658135213012e-05,0.00075432383718091,29.0322580645161,97.0513900589722,0.00191223329577971,0.0732081769530252
"8482061",2022,-0.000147192928165652,0,32.1428571428571,NA,-0.00473120126246737,NA
"8475324",2022,-0.000123409440989497,0.000643746823442821,6.97224015493867,125.479394003602,-0.000860440259965508,0.080776961297349
"8480901",2022,-2.89427928234836e-05,-0.000118904497447497,4.56852791878173,114.911862791806,-0.0001322259570616,-0.0136635372960154
"8476433",2022,-8.64123392650659e-05,0,18.3673469387755,58.0645161290323,-0.00158716541507264,0
"8481657",2022,-9.19838698783338e-05,0,37.5,0,-0.00344939512043752,0
"8480591",2022,2.41525448304115e-05,-6.57239610895237e-05,115.2,73.469387755102,0.0027823731644634,-0.00482869918208745
"8479520",2022,0.000127190576576696,0.00148504835152427,16.6795366795367,97.1751412429379,0.00212147988730242,0.144309783311963
"8479602",2022,-0.000191551113005466,0,72,0,-0.0137916801363936,0
"8480855",2022,0.000637419711583033,0.000408200321527605,63.2967032967033,104.752667313288,0.0403465663595415,0.0427600724781584
"8476934",2022,-0.000131736883117839,-7.78099343808663e-05,2.55863539445629,139.832033593281,-0.000337066651900655,-0.0108803213582363
"8475188",2022,0,-0.00099335782245007,0,145.522914218566,0,-0.144556325184743
"8475772",2022,0,-0.00169338809452385,0,144.160816847479,0,-0.244120210946355
"8474176",2022,0,-0.00115584080517903,0,108.110477860587,0,-0.124958501778671
"8476850",2022,0,0.00088377970626835,10.9422492401216,94.8486040110106,0,0.083825271392814
"8476915",2022,0,0.000236035305265482,6.23916811091854,168.88063167673,0,0.0398617914512444
"8477462",2022,0,0.00108699850565957,6.66666666666667,115.647094989241,0,0.125708219437175
"8478075",2022,0,-0.000924343977993558,0,75.7081545064378,0,-0.0699803767030316
"8471686",2022,0,-0.000901725143187931,0,114.525277435265,0,-0.103270322193952
"8478477",2022,0,-0.000629177397379129,0,124.794359576968,0,-0.0785177903662321
"8478043",2022,0,1.07497554952382e-05,0,147.836538461538,0,0.00158920664172391
"8479066",2022,0,0.000628280941086019,0,97.6403580146461,0,0.0613455760214176
"8477244",2022,0,0.00129123972990315,0,94.853683148335,0,0.122478844208775
"8478017",2022,0,-0.000103399268673105,0,108.361204013378,0,-0.0112044692475204
"8471284",2022,0,0.000189225655315616,0,86.7888138862102,0,0.0164226701816832
"8480762",2022,0,0.00143621114696417,4.6814044213264,121.229128665638,0,0.174110625926342
"8477433",2022,0,-0.000383464678620607,0,88.9366272824919,0,-0.0341040551984814
"8474688",2022,0,-0.00129085700396461,39.1304347826087,132.98768632534,0,-0.171668086334114
"8475455",2022,0,0.00027223825504681,0,111.087866108787,0,0.0302423668263298
"8470775",2022,0,-0.00166742959109879,0,149.803407601573,0,-0.249786634682296
"8479368",2022,0,6.39182539049981e-05,0,151.578947368421,0,0.00968866164454707
"8475735",2022,0,0.00113853483824727,7.34693877551021,117.611716109651,0,0.133905036176885
"8479944",2022,0,0.00055501263517709,0,126.755658734765,0,0.0703509921779899
"8474613",2022,0,-3.66607726763538e-05,0,64.4919786096257,0,-0.00236432576725576
"8478904",2022,0,0.000230810729410668,0,35.5701934952655,0,0.00820998230592084
"8476442",2022,0,-0.00020392739314009,4.97581202487906,120.212937570576,0,-0.0245147109804799
"8477810",2022,0,0.000696582008448895,0,70.7114797031864,0,0.0492563445520389
"8478528",2022,0,-9.07481755348429e-05,0,66.9767441860465,0,-0.00607801733814762
"8478841",2022,0,3.69446505858769e-05,0,76.2214983713355,0,0.00281597662446098
"8474697",2022,0,0.000678991928269803,0,128.919306063982,0,0.0875351682155882
"8476988",2022,0,7.39630802984723e-05,10.8761329305136,122.033898305085,0,0.00902600301947459
"8476470",2022,0,-0.000739297293960267,0,120.96980008507,0,-0.0894326458538068
"8476400",2022,0,1.67493831268375e-05,0,169.989506820567,0,0.00284721937727983
"8477512",2022,0,0.000398827841160675,0,123.287671232877,0,0.0491705557595352
"8480289",2022,0,5.15321356233781e-05,0,61.0169491525424,0,0.00314433369905358
"8476449",2022,0,-0.00116210275105239,0,111.844660194175,0,-0.12997498730217
"8481147",2022,0,0.000140186641918254,0,116.429495472186,0,0.0163218599904824
"8479991",2022,0,-0.00116743226940308,7.31707317073171,101.25,0,-0.118202517277062
"8478506",2022,0,-0.001565083887964,0,101.620491374804,0,-0.15904459373769
"8480467",2022,0,-0.000546862496158053,0,119.502074688797,0,-0.0653512028603814
"8479976",2022,0,0.000178571937097764,0,68.8336520076482,0,0.0122917585765191
"8482624",2022,0,0.000208158269707652,0,81.8181818181818,0,0.0170311311578988
"8477073",2022,0,0.000251566660706675,0,43.5483870967742,0,0.0109553223210971
"8477473",2022,0,-0.00059922277663124,0,107.692307692308,0,-0.0645316836372104
"8481489",2022,0,-0.000140990903936878,NA,51.4285714285714,NA,-0.00725096077389659
"8471260",2022,0,-3.6099350349064e-05,0,91.1392405063291,0,-0.00329006737358558
"8475160",2022,0,-0.000479061053053382,0,64.7191011235955,0,-0.031004400736938
"8474612",2022,0,-0.00176304434565295,0,108.613904678618,0,-0.191491130502927
"8476428",2022,0,-0.000166882649753002,0,70.9859154929577,0,-0.0118463176726075
"8479597",2022,0,2.04246347927437e-05,0,83.7209302325581,0,0.00170996942450877
"8478859",2022,0,0.000884068337421741,2.59179265658747,77.8080326752893,0,0.0687876180852995
"8482089",2022,0,-7.11677454695315e-05,0,29.9168975069252,0,-0.00212911814701091
"8479984",2022,0,-0.000711741983318761,0,44.300518134715,0,-0.0315305386392508
"8474098",2022,0,0.000455683170803669,0,136.826568265683,0,0.0623495644774909
"8476886",2022,0,-0.000481146073481098,0,80.6517311608961,0,-0.0388052637675183
"8480058",2022,0,0.000358196846066862,52.9411764705882,58.0645161290323,0,0.0207985265458178
"8481122",2022,0,-0.000564412653399924,0,98.1938813122005,0,-0.0554218690990563
"8481641",2022,0,-0.000133358112647551,0,43.3734939759036,0,-0.00578420729555644
"8477471",2022,0,0.000195378674688431,0,96.9555035128806,0,0.0189430377800962
"8481740",2022,0,0.000161959569497586,0,71.2871287128713,0,0.0115456326770557
"8477474",2022,0,-0.000366604756186411,NA,151.456310679612,NA,-0.0555246038495923
"8480879",2022,0,0.000147575780126822,0,23.3766233766234,0,0.0034498234315361
"8477240",2022,0,0.000575809901617293,0,113.966480446927,0,0.0656230278938144
"8477392",2022,0,-5.35687464188368e-05,0,38.7096774193548,0,-0.00207362889363239
"8479536",2022,0,3.031910186587e-05,0,66.1899897854954,0,0.00200682104280733
"8480306",2022,0,0.000193402148338023,0,63.6655948553055,0,0.0123130628202343
"8477401",2022,0,-0.000453314262197504,0,78.5746102449889,0,-0.0356189914706635
"8474066",2022,0,0.000303711337633134,0,138.019169329073,0,0.041917986535947
"8474567",2022,0,-0.00015246492000159,0,35.485460818137,0,-0.00541028794485682
"8477380",2022,0,0.000190683975601311,0,118.610863757792,0,0.0226171910508412
"8479359",2022,0,0.000350323008178923,0,74.2268041237113,0,0.0260033573081262
"8479382",2022,0,-0.000326591448745727,0,95.8837772397094,0,-0.0313148217199293
"8478021",2022,0,-0.00113919199488862,0,93.3125972006221,0,-0.106300963753215
"8481004",2022,0,-0.0009394660292295,0,133.483146067416,0,-0.125402881205016
"8479338",2022,0,-0.000638397528425108,0,82.2284122562674,0,-0.052494415150722
"8478970",2022,0,2.11879969256299e-05,0,51.8918918918919,0,0.00109948524587053
"8479729",2022,0,0.000114351102580975,0,26.865671641791,0,0.00307211917381724
"8479994",2022,0,-0.000259026435023941,12.5,60.6741573033708,0,-0.015716210664374
"8475625",2022,0,-0.000314723021111909,0,91.6167664670659,0,-0.0288339055270192
"8481568",2022,0,0.000132979515180819,0,79.646017699115,0,0.0105912888197112
"8480860",2022,0,-0.00069267700226132,0,69.7899838449111,0,-0.048341916797559
"8480835",2022,0,1.0875847439219e-07,0,66.6666666666667,0,7.25056495947933e-06
"8482062",2022,0,-6.62044679376654e-05,0,109.39226519337,0,-0.00724225671362306
"8478454",2022,0,0.000545742103796653,0,96.7468175388967,0,0.0527988117393084
"8476285",2022,0,0.000161095844098206,0,41.3793103448276,0,0.00666603492820162
"8480807",2022,0,-7.11618147923926e-05,0,127.420042643923,0,-0.00906744147546564
"8476441",2022,0,-0.000879567124717028,0,154.42690459849,0,-0.135828828456645
"8480355",2022,0,0.000162629420545297,0,232.258064516129,0,0.0377719944492302
"8479482",2022,0,-0.000370977629017347,0,73.6949846468782,0,-0.0273391906747687
"8478178",2022,0,-0.000100154276795424,NA,62.0689655172414,NA,-0.00621647235281941
"8479289",2022,0,-9.21895762782544e-05,0,74.5562130177515,0,-0.00687330568701779
"8482654",2022,0,0.000283480625763174,0,135.260115606936,0,0.0383436222130536
"8476323",2022,0,6.94532570368998e-05,0,92.3076923076923,0,0.00641106988032921
"8477210",2022,0,0.000309154245051973,0,82.6855123674912,0,0.0255625771527073
"8479333",2022,0,-0.00038825370361133,0,60.377358490566,0,-0.0234417330482313
"8476415",2022,0,0.000177366441386485,NA,69.2307692307692,NA,0.0122792151729105
"8479512",2022,0,-0.000393441991955851,NA,91.7197452229299,NA,-0.0360863992621927
"8480049",2022,0,1.73408451456008e-05,0,57.5079872204473,0,0.000997237101024964
"8477343",2022,0,7.16021749425143e-05,NA,67.9245283018868,NA,0.00486354395835946
"8478425",2022,0,7.00743356741506e-05,0,44.4444444444444,0,0.00311441491885114
"8478933",2022,0,3.93142154338026e-05,NA,48,NA,0.00188708234082252
"8478056",2022,0,-0.000224161332916944,0,55.9585492227979,0,-0.0125437429818808
"8479421",2022,0,-0.00107558820523722,0,108.387096774194,0,-0.116579882890228
"8480192",2022,0,0.000109832716715259,NA,52.9411764705882,NA,0.00581467323786665
"8481527",2022,0,9.41539689518583e-05,NA,51.4285714285714,NA,0.00484220411752414
"8480281",2022,0,-7.93352676502979e-05,0,22.4299065420561,0,-0.00177948263888519
"8476326",2022,0,-0.00117653711815326,0,96.7234600262123,0,-0.113798740917052
"8479355",2022,0,0.000541441985829077,0,43.5703479576399,0,0.0235908157214484
"8476807",2022,0,0.000104998653546494,0,38.5714285714286,0,0.00404994806536475
"8481849",2022,0,-2.84016130204768e-05,0,291.891891891892,0,-0.00829020055732835
"8477425",2022,0,-0.000682377736927622,0,675,0,-0.460604972426145
"8481161",2022,0,-5.65601432875455e-05,211.764705882353,18.0904522613065,0,-0.001023198572036
"8479985",2022,0,0.000353651730604099,0,130.362116991643,0,0.0461027882793087
"8480292",2022,0,0.000251446637485386,0,72.7272727272727,0,0.0182870281807554
"8479550",2022,0,7.90878090208321e-05,0,211.764705882353,0,0.0167480066161762
"8479367",2022,0,-0.000190546037749825,0,88.8888888888889,0,-0.0169374255777622
"8481178",2022,0,-0.000521146295725944,0,107.655502392345,0,-0.0561042662862859
"8477573",2022,0,2.1811288048929e-05,0,25.3521126760563,0,0.000552962232226369
"8477472",2022,0,6.56018065534905e-05,0,57.1428571428571,0,0.00374867466019946
"8479534",2022,0,-0.000924495565905176,0,135.849056603774,0,-0.12559185046259
"8476989",2022,0,-9.76071438524119e-05,NA,32.6283987915408,NA,-0.00318476481451978
"8475780",2022,0,0.00038751009216429,0,99.604743083004,0,0.0385978431720953
"8480848",2022,0,-0.000170850445550583,0,122.727272727273,0,-0.0209680092266624
