"player_id","team_abbrev","gp_onice","cf_5v5","ca_5v5","gf_5v5","ga_5v5","ev_goals","ev_assists","pp_goals","pp_assists","pk_ga","pp_shots","pk_shots_against","pp_gf_onice","pk_ga_onice","xg_for_5v5","xg_against_5v5","pen_taken","pen_drawn","toi_5v5_sec","toi_pp_sec","toi_pk_sec","cf_pct_5v5","gf_per60_5v5","ga_per60_5v5","ev_points_per60","pp_points_per60","pk_ga_per60","pk_save_pct","pp_gf_onice_per60","pk_ga_onice_per60","xg_for_per60_5v5","xg_against_per60_5v5","toi_all_tracked_sec","pen_taken_per60","pen_drawn_per60","penalty_diff_per60"
"8462196","TOR",52,585,745,27,20,1,5,0,0,0,9,179,1,14,24.2572505413555,34.3048270560103,17,4,43956,945,6346,44,2.21,1.64,0.49,0,0,1,3.81,7.94,1.987,2.81,51247,1.19,0.28,-0.91
"8467334","MTL",58,289,521,7,11,1,3,0,0,0,3,229,0,14,10.2410323377699,18.9129412187031,6,7,30409,307,5644,35.7,0.83,1.3,0.47,0,0,1,0,8.93,1.212,2.239,36360,0.59,0.69,0.1
"8467496","MTL",93,1647,1581,69,50,5,15,4,22,3,503,331,34,25,66.0516949350131,64.4051617159857,18,8,100884,13915,11591,51,2.46,1.78,0.71,6.73,0.93,0.9909,8.8,7.76,2.357,2.298,126390,0.51,0.23,-0.28
"8468478","MTL",31,291,346,14,16,0,4,0,0,0,0,165,0,9,12.2888747570687,13.4174077442149,3,2,20911,173,4094,45.7,2.41,2.75,0.69,0,0,1,0,7.91,2.116,2.31,25178,0.43,0.29,-0.14
"8469521","MTL",94,1310,1331,49,46,15,22,7,8,0,365,273,19,18,51.2327544312575,53.9466583466274,21,23,78689,11779,9837,49.6,2.24,2.1,1.69,4.58,0,1,5.81,6.59,2.344,2.468,100305,0.75,0.83,0.08
"8469707","MTL",64,721,700,30,23,6,14,2,1,3,198,0,10,0,27.5092987090466,27.5594820352271,11,13,47171,6980,699,50.7,2.29,1.76,1.53,1.55,15.45,NA,5.16,0,2.099,2.103,54850,0.72,0.85,0.13
"8470104","MTL",84,1129,1305,49,41,6,9,0,0,0,87,276,1,18,45.496501287038,50.3006443544291,15,8,78086,5013,9110,46.4,2.26,1.89,0.69,0,0,1,0.72,7.11,2.098,2.319,92209,0.59,0.31,-0.28
"8470207","TOR",55,592,753,34,35,8,9,2,1,5,154,4,6,1,27.7973041575751,33.6459760433063,13,8,40467,6900,741,44,3.02,3.11,1.51,1.57,24.29,-0.25,3.13,4.86,2.473,2.993,48108,0.97,0.6,-0.37
"8470602","TOR",70,997,1208,49,57,1,10,2,13,5,402,363,28,22,43.4999097742257,57.6444751817617,39,39,70548,11023,8882,45.2,2.5,2.91,0.56,4.9,2.03,0.9862,9.14,8.92,2.22,2.942,90453,1.55,1.55,0
"8470920","TOR",61,592,703,24,28,8,5,1,0,5,155,0,6,0,26.3623086962034,31.647257423494,28,12,41228,6878,667,45.7,2.1,2.44,1.14,0.52,26.99,NA,3.14,0,2.302,2.763,48773,2.07,0.89,-1.18
"8471283","MTL",94,824,933,31,25,5,15,0,0,0,12,247,1,22,32.8356971031753,34.4239357618499,22,16,62530,1711,7265,46.9,1.78,1.44,1.15,0,0,1,2.1,10.9,1.89,1.982,71506,1.11,0.81,-0.3
"8471296","MTL",80,1130,1284,47,42,3,12,0,0,0,10,311,0,23,42.0903134421678,51.1318779030116,27,18,78957,2178,9693,46.8,2.14,1.91,0.68,0,0,1,0,8.54,1.919,2.331,90828,1.07,0.71,-0.36
"8471390","TOR",83,942,1030,42,45,10,16,0,2,0,34,75,5,4,40.3291851422982,45.1933303935803,7,10,62343,2542,3154,47.8,2.43,2.6,1.5,2.83,0,1,7.08,4.57,2.329,2.61,68039,0.37,0.53,0.16
"8471392","TOR",56,827,1003,27,52,4,4,0,0,0,4,316,0,17,35.6274682902731,46.5558944201912,19,11,58296,1284,8134,45.2,1.67,3.21,0.49,0,0,1,0,7.52,2.2,2.875,67714,1.01,0.58,-0.43
"8471476","TOR",84,970,969,41,28,9,21,0,0,0,2,488,0,23,40.4422194455401,41.8970062677981,12,22,64388,1147,13155,50,2.29,1.57,1.68,0,0,1,0,6.29,2.261,2.343,78690,0.55,1.01,0.46
"8471504","ANA",51,540,583,18,32,3,7,2,1,1,82,4,8,0,22.155618500954,28.6782302228385,11,6,34152,2560,378,48.1,1.9,3.37,1.05,4.22,9.52,0.75,11.25,0,2.335,3.023,37090,1.07,0.58,-0.49
"8471679","MTL",78,3483,3621,137,104,0,1,0,0,3,644,620,38,44,133.847026343748,140.025602609967,3,8,225213,21130,21477,49,2.19,1.66,0.02,0,0.5,0.9952,6.47,7.38,2.14,2.238,267820,0.04,0.11,0.07
"8471976","MTL",93,1276,1225,56,35,9,24,2,10,3,346,3,19,0,53.1491455741343,50.1907336749719,14,19,76425,10741,1446,51,2.64,1.65,1.55,4.02,7.47,0,6.37,0,2.504,2.364,88612,0.57,0.77,0.2
"8473463","TOR",62,606,683,29,32,7,14,0,1,0,9,268,1,21,25.9650180914323,28.4477211607737,9,12,43909,1190,7333,47,2.38,2.62,1.72,3.03,0,1,3.03,10.31,2.129,2.332,52432,0.62,0.82,0.2
"8473541","TOR",58,2143,2502,89,101,0,1,0,0,7,436,525,28,36,89.186531544372,111.133606866817,0,8,147194,15715,16397,46.1,2.18,2.47,0.02,0,1.54,0.9867,6.41,7.9,2.181,2.718,179306,0,0.16,0.16
"8473548","TOR",82,1083,1278,41,63,14,16,6,17,6,496,1,33,0,46.5125521584996,65.1573937872308,15,9,70441,12834,1577,45.9,2.1,3.22,1.53,6.45,13.7,-5,9.26,0,2.377,3.33,84852,0.64,0.38,-0.26
"8474037","TOR",82,1053,1308,38,62,13,16,9,9,5,482,92,33,5,45.6180542131187,65.8469328448991,19,20,69793,12374,4140,44.6,1.96,3.2,1.5,5.24,4.35,0.9457,9.6,4.35,2.353,3.396,86307,0.79,0.83,0.04
"8474056","MTL",94,1807,1650,77,62,8,29,8,14,3,590,264,35,19,70.2968332826276,69.4346664768527,39,25,108137,17074,10699,52.3,2.56,2.06,1.23,4.64,1.01,0.9886,7.38,6.39,2.34,2.312,135910,1.03,0.66,-0.37
"8474157","MTL",91,1361,1245,59,31,24,22,8,4,0,394,206,19,12,56.8976124630426,51.4175633809064,19,15,77573,11043,8377,52.2,2.74,1.44,2.13,3.91,0,1,6.19,5.16,2.64,2.386,96993,0.71,0.56,-0.15
"8474189","MTL",89,1000,1059,35,42,12,11,1,1,0,66,181,5,12,38.704615114897,43.1422432396212,23,25,68031,3598,6556,48.6,1.85,2.22,1.22,2,0,1,5,6.59,2.048,2.283,78185,1.06,1.15,0.09
"8474192","TOR",9,54,59,0,0,0,0,0,0,0,0,1,0,0,1.3897281549871,3.1412656661123,2,1,3722,41,43,47.8,0,0,0,0,0,1,0,0,1.344,3.038,3806,1.89,0.95,-0.94
"8474581","TOR",79,1202,1215,39,52,4,10,0,8,8,258,27,12,3,50.5099278179114,53.4345758255222,11,7,78691,10858,3082,49.7,1.78,2.38,0.64,2.65,9.34,0.7037,3.98,3.5,2.311,2.445,92631,0.43,0.27,-0.16
"8474668","MTL",91,896,1023,45,24,11,19,0,0,0,14,85,0,3,35.2206043774495,39.8550747320405,15,21,60229,1367,3216,46.7,2.69,1.43,1.79,0,0,1,0,3.36,2.105,2.382,64812,0.83,1.17,0.34
"8475098","TOR",82,1048,1239,38,62,7,16,12,5,6,474,108,33,9,44.2974534064997,61.2424154589535,12,20,69349,12319,4108,45.8,1.97,3.22,1.19,4.97,5.26,0.9444,9.64,7.89,2.3,3.179,85776,0.5,0.84,0.34
"8475172","TOR",73,980,991,42,45,13,15,3,3,4,228,17,11,1,44.2606143177254,46.470676789002,14,39,59707,9328,1612,49.7,2.53,2.71,1.69,2.32,8.93,0.7647,4.25,2.23,2.669,2.802,70647,0.71,1.99,1.28
"8475180","TOR",62,543,693,30,28,9,10,1,2,3,73,188,4,14,21.6534390879679,32.0004836271401,13,11,41433,4370,5525,43.9,2.61,2.43,1.65,2.47,1.95,0.984,3.3,9.12,1.881,2.78,51328,0.91,0.77,-0.14
"8475295","TOR",20,105,133,5,9,2,2,0,0,0,1,12,0,1,3.52354528324213,5.92429831379559,3,2,8665,73,646,44.1,2.08,3.74,1.66,0,0,1,0,5.57,1.464,2.461,9384,1.15,0.77,-0.38
"8475848","MTL",94,1419,1211,56,37,21,17,3,5,0,413,2,20,0,59.8631985161919,51.319496415148,13,26,75036,11467,1302,54,2.69,1.78,1.82,2.51,0,1,6.28,0,2.872,2.462,87805,0.53,1.07,0.54
"8476470","MTL",69,862,903,29,22,1,7,0,2,0,81,19,2,0,35.4942756433738,35.3164581094752,10,10,56380,3524,1432,48.8,1.85,1.4,0.51,2.04,0,1,2.04,0,2.266,2.255,61336,0.59,0.59,0
"8476478","TOR",9,103,131,4,8,0,1,0,2,0,26,20,2,2,4.85303152143024,6.12158004241064,1,1,7759,821,891,44,1.86,3.71,0.46,8.77,0,1,8.77,8.08,2.252,2.84,9471,0.38,0.38,0
"8476851","MTL",92,1242,1191,52,39,16,19,3,9,0,360,6,21,1,50.4451433779323,49.587133652647,22,23,72202,11236,1250,51,2.59,1.94,1.75,3.84,0,1,6.73,2.88,2.515,2.472,84688,0.94,0.98,0.04
"8476853","TOR",81,1235,1329,44,54,6,11,1,7,5,269,81,14,9,51.8109831655747,61.4042703282903,7,9,77902,9866,5154,48.2,2.03,2.5,0.79,2.92,3.49,0.9383,5.11,6.29,2.394,2.838,92922,0.27,0.35,0.08
"8478137","MTL",76,801,827,31,29,7,13,2,1,0,53,25,5,1,31.1858736660215,34.1165374530829,12,17,54412,3056,1370,49.2,2.05,1.92,1.32,3.53,0,1,5.89,2.63,2.063,2.257,58838,0.73,1.04,0.31
"8465009","BOS",63,1113,942,35,39,3,5,4,1,2,202,317,13,22,44.536905322806,41.3543341864715,21,11,66230,7845,8473,54.2,1.9,2.12,0.43,2.29,0.85,0.9937,5.97,9.35,2.421,2.248,82548,0.92,0.48,-0.44
"8467329","PHI",57,488,566,22,27,6,9,1,3,1,169,0,9,0,18.1522596437717,24.3946602704818,8,4,35021,6386,227,46.3,2.26,2.78,1.54,2.25,15.86,NA,5.07,0,1.866,2.508,41634,0.69,0.35,-0.34
"8467967","BOS",80,897,839,32,31,5,18,0,0,0,4,224,0,14,35.2146865960094,32.8049001228646,14,18,60431,1372,7154,51.7,1.91,1.85,1.37,0,0,1,0,7.05,2.098,1.954,68957,0.73,0.94,0.21
"8468309","PHI",81,1268,1286,51,51,5,15,4,26,4,579,28,48,1,51.9638344873092,56.4381156326272,18,10,83777,12419,3358,49.6,2.19,2.19,0.86,8.7,4.29,0.8571,13.91,1.07,2.233,2.425,99554,0.65,0.36,-0.29
"8469469","PHI",67,639,734,20,28,7,6,2,0,2,100,107,4,9,23.0576699541998,31.8360011550831,7,11,44246,6110,4085,46.5,1.63,2.28,1.06,1.18,1.76,0.9813,2.36,7.93,1.876,2.59,54441,0.46,0.73,0.27
"8469619","BOS",82,1305,1392,49,58,3,10,0,0,0,14,346,0,18,48.7156144771143,57.504299285647,17,9,89642,2789,10818,48.4,1.97,2.33,0.52,0,0,1,0,5.99,1.956,2.309,103249,0.59,0.31,-0.28
"8470230","BOS",71,547,648,12,22,5,6,0,0,0,1,164,0,10,21.9650322066736,25.1015275882673,6,5,40773,1374,5647,45.8,1.06,1.94,0.97,0,0,1,0,6.38,1.939,2.216,47794,0.45,0.38,-0.07
"8470601","PHI",69,872,964,31,39,2,10,0,1,0,9,287,2,28,35.135793440917,39.493837548187,18,9,62833,1606,8741,47.5,1.78,2.23,0.69,2.24,0,1,4.48,11.53,2.013,2.263,73180,0.89,0.44,-0.45
"8470626","BOS",81,1025,915,39,40,11,17,6,4,1,445,189,24,11,40.4687366327853,38.9817231672932,7,15,68184,8649,6925,52.8,2.06,2.11,1.48,4.16,0.52,0.9947,9.99,5.72,2.137,2.058,83758,0.3,0.64,0.34
"8470638","BOS",81,1142,824,41,44,16,18,4,10,2,434,216,24,17,46.6217459997279,31.5646299447399,21,16,65046,8484,5995,58.1,2.27,2.44,1.88,5.94,1.2,0.9907,10.18,10.21,2.58,1.747,79525,0.95,0.72,-0.23
"8471262","BOS",82,1028,972,42,34,8,21,5,3,2,315,2,17,0,40.6527712826501,40.6005092734704,13,11,68382,8389,1041,51.4,2.21,1.79,1.53,3.43,6.92,0,7.3,0,2.14,2.137,77812,0.6,0.51,-0.09
"8471269","PHI",68,834,967,38,30,5,9,0,0,0,0,267,0,26,33.1322043448454,40.4222243682016,16,8,59801,729,7830,46.3,2.29,1.81,0.84,0,0,1,0,11.95,1.995,2.433,68360,0.84,0.42,-0.42
"8471695","BOS",70,2988,2880,115,111,0,0,0,0,2,579,523,31,35,118.400677654427,116.755154705024,4,0,194578,17006,17990,50.9,2.13,2.05,0,0,0.4,0.9962,6.56,7,2.191,2.16,229574,0.06,0,-0.06
"8471717","BOS",63,869,881,26,32,1,5,0,0,0,3,190,0,15,34.0918128940975,33.5939628732158,25,11,59336,1217,6189,49.7,1.58,1.94,0.36,0,0,1,0,8.73,2.068,2.038,66742,1.35,0.59,-0.76
"8472365","BOS",3,12,19,0,0,0,0,0,0,0,0,0,0,0,0.325287110637873,0.671935667283833,2,2,1365,0,0,38.7,0,0,0,NA,NA,NA,NA,NA,0.858,1.772,1365,5.27,5.27,0
"8473419","BOS",77,1130,873,43,42,14,16,1,0,0,112,141,5,13,45.0448836086434,34.1738716523396,39,28,61638,4542,4663,56.4,2.51,2.45,1.75,0.79,0,1,3.96,10.04,2.631,1.996,70843,1.98,1.42,-0.56
"8473461","PHI",51,2044,2168,70,66,0,2,0,0,2,408,403,36,31,82.7740248533082,90.6141965824645,1,6,136897,12980,13118,48.5,1.84,1.74,0.05,0,0.55,0.995,9.98,8.51,2.177,2.383,162995,0.02,0.13,0.11
"8473473","BOS",81,1074,1027,48,36,13,18,2,6,2,218,5,12,0,41.8757211592165,47.4090364080039,18,14,65471,8613,1400,51.1,2.64,1.98,1.7,3.34,5.14,0.6,5.02,0,2.303,2.607,75484,0.86,0.67,-0.19
"8473512","PHI",81,1247,1109,45,41,11,20,14,22,3,561,101,48,9,52.1936559221358,47.8385598688037,17,22,74350,11054,4842,52.9,2.18,1.99,1.5,11.72,2.23,0.9703,15.63,6.69,2.527,2.316,90246,0.68,0.88,0.2
"8473584","PHI",58,807,837,28,29,1,5,1,4,0,95,142,7,9,34.0584830863518,34.9785943870666,18,9,54511,5418,5908,49.1,1.85,1.92,0.4,3.32,0,1,4.65,5.48,2.249,2.31,65837,0.98,0.49,-0.49
"8474161","PHI",82,1181,1023,48,35,9,32,10,22,5,558,5,48,0,51.9097769460059,43.3334662997513,24,28,69799,10965,2014,53.6,2.48,1.81,2.11,10.51,8.94,0,15.76,0,2.677,2.235,82778,1.04,1.22,0.18
"8474190","PHI",75,867,850,32,31,12,11,14,10,4,502,0,42,0,35.7939493472804,35.024645707279,18,20,59504,9600,848,50.5,1.94,1.88,1.39,9,16.98,NA,15.75,0,2.166,2.119,69952,0.93,1.03,0.1
"8474568","PHI",58,845,830,34,37,3,10,0,0,0,5,224,0,17,31.9033575185458,34.7958412942244,4,4,52663,1020,6744,50.4,2.32,2.53,0.89,0,0,1,0,9.07,2.181,2.379,60427,0.24,0.24,0
"8474584","PHI",64,1025,1079,41,42,8,14,1,7,2,149,179,11,12,41.0283123718109,45.3341553074424,16,8,64295,7550,6652,48.7,2.3,2.35,1.23,3.81,1.08,0.9888,5.25,6.49,2.297,2.538,78497,0.73,0.37,-0.36
"8474736","PHI",58,373,464,11,19,1,5,0,0,0,7,22,0,0,14.1012422369095,18.9581072050496,21,17,28603,889,1256,44.6,1.38,2.39,0.76,0,0,1,0,0,1.775,2.386,30748,2.46,1.99,-0.47
"8475170","PHI",82,1010,1021,33,32,9,16,7,11,4,505,2,42,0,40.9118592615705,42.4113168362528,12,19,65784,10337,1512,49.7,1.81,1.75,1.37,6.27,9.52,-1,14.63,0,2.239,2.321,77633,0.56,0.88,0.32
"8475191","BOS",81,1068,877,46,40,12,15,1,10,1,287,4,15,1,44.5642478318186,36.5406858401839,10,14,61786,7184,928,54.9,2.68,2.33,1.57,5.51,3.88,0.75,7.52,3.88,2.597,2.129,69898,0.52,0.72,0.2
"8475414","BOS",51,349,450,9,16,2,4,0,0,0,3,81,0,7,14.4789891533437,19.4734245603904,2,4,28036,741,2369,43.7,1.16,2.05,0.77,0,0,1,0,10.64,1.859,2.501,31146,0.23,0.46,0.23
"8475671","EDM",60,500,593,16,31,6,4,1,0,1,45,2,2,0,18.6753991947044,27.4648238471127,6,12,37402,1917,354,45.7,1.54,2.98,0.96,1.88,10.17,0.5,3.76,0,1.798,2.644,39673,0.54,1.09,0.55
"8475727","BOS",29,321,320,12,12,4,7,3,2,0,184,0,10,0,12.3304450613214,14.7771620250423,1,2,19912,3420,452,50.1,2.17,2.17,1.99,5.26,0,NA,10.53,0,2.229,2.672,23784,0.15,0.3,0.15
"8475917","PHI",13,70,114,1,2,0,0,0,0,0,4,0,0,0,1.77547117345966,4.4969250287395,4,3,5924,239,114,38,0.61,1.22,0,0,0,NA,0,0,1.079,2.733,6277,2.29,1.72,-0.57
"8476177","PHI",80,881,992,37,36,6,18,2,3,2,166,252,9,27,34.5540346144116,42.6650217657443,7,12,63535,8538,7188,47,2.1,2.04,1.36,2.11,1,0.9921,3.79,13.52,1.958,2.417,79261,0.32,0.55,0.23
"8476191","BOS",41,526,534,25,11,2,5,0,0,0,0,176,0,9,22.8352602107916,19.9702141566086,5,2,37405,310,5324,49.6,2.41,1.06,0.67,0,0,1,0,6.09,2.198,1.922,43039,0.42,0.17,-0.25
"8476461","PHI",82,937,1001,41,34,10,15,1,5,3,172,294,11,32,37.3415402739774,41.2961572185741,9,21,66839,8642,8402,48.3,2.21,1.83,1.35,2.5,1.29,0.9898,4.58,13.71,2.011,2.224,83883,0.39,0.9,0.51
"8476462","BOS",72,1246,1024,49,51,3,19,5,9,0,384,134,19,11,48.2636048855493,46.0398541038739,18,10,72348,8740,5211,54.9,2.44,2.54,1.09,5.77,0,1,7.83,7.6,2.402,2.291,86299,0.75,0.42,-0.33
"8476792","BOS",78,1187,1058,52,37,10,9,2,12,2,389,20,20,2,49.8402674868121,46.1470828592428,5,9,72704,10234,2285,52.9,2.57,1.83,0.94,4.92,3.15,0.9,7.04,3.15,2.468,2.285,85223,0.21,0.38,0.17
"8477290","PHI",67,880,715,37,35,14,6,2,0,0,34,99,3,8,38.1504219914204,31.2948505754466,12,10,48097,2492,4252,55.2,2.77,2.62,1.5,2.89,0,1,4.33,6.77,2.856,2.342,54841,0.79,0.66,-0.13
"8477930","PHI",81,688,796,25,27,6,5,0,0,0,6,287,0,17,27.5940266714315,30.6807895037928,4,13,50265,1537,7774,46.4,1.79,1.93,0.79,0,0,1,0,7.87,1.976,2.197,59576,0.24,0.79,0.55
"8467875","VAN",88,1130,942,42,41,13,25,4,22,1,454,69,40,4,45.3880383953801,44.3800969633739,9,15,70789,11145,5518,54.5,2.14,2.09,1.93,8.4,0.65,0.9855,12.92,2.61,2.308,2.257,87452,0.37,0.62,0.25
"8467876","VAN",88,1167,938,46,40,7,28,6,21,1,449,91,39,4,45.8490480846958,42.9148470117361,12,14,71359,11069,6012,55.4,2.32,2.02,1.77,8.78,0.6,0.989,12.68,2.4,2.313,2.165,88440,0.49,0.57,0.08
"8467977","CGY",8,47,61,0,2,0,0,0,0,0,0,0,0,0,2.13922843895853,2.21915991941933,2,1,3093,45,35,43.5,0,2.33,0,0,0,NA,0,0,2.49,2.583,3173,2.27,1.13,-1.14
"8468011","VAN",48,1895,1939,83,87,0,0,0,0,1,318,350,30,19,80.9182496329886,86.1148914581863,0,0,128689,11623,13351,49.4,2.32,2.43,0,0,0.27,0.9971,9.29,5.12,2.264,2.409,153663,0,0,0
"8468085","VAN",85,1018,965,41,38,15,20,11,11,1,429,4,36,0,39.2165947001777,42.3526678090566,10,6,65776,10197,1917,51.3,2.24,2.08,1.92,7.77,1.88,0.75,12.71,0,2.146,2.318,77890,0.46,0.28,-0.18
"8468674","CGY",87,887,1287,29,53,2,7,0,0,0,1,162,0,19,37.9429950658814,49.1318627204746,14,6,69634,737,5220,40.8,1.5,2.74,0.47,0,0,1,0,13.1,1.962,2.54,75591,0.67,0.29,-0.38
"8469465","VAN",65,983,910,41,49,0,14,1,2,0,162,199,7,11,41.0069377214531,44.4882187703624,20,14,62926,7368,7686,51.9,2.35,2.8,0.8,1.47,0,1,3.42,5.15,2.346,2.545,77980,0.92,0.65,-0.27
"8469598","VAN",66,1012,1081,46,52,4,7,0,1,1,110,169,3,7,45.0617868325207,50.6437261051033,27,9,64729,5929,6958,48.4,2.56,2.89,0.61,0.61,0.52,0.9941,1.82,3.62,2.506,2.817,77616,1.25,0.42,-0.83
"8469770","CGY",91,1480,1968,74,70,7,25,6,18,2,462,212,37,9,61.3389128386043,80.3483217360917,18,27,103722,13999,7588,42.9,2.57,2.43,1.11,6.17,0.95,0.9906,9.51,4.27,2.129,2.789,125309,0.52,0.78,0.26
"8470162","CGY",70,624,777,27,21,8,11,0,0,0,5,184,1,14,27.6352093459573,29.5638740651775,17,11,45313,1083,5010,44.5,2.15,1.67,1.51,0,0,1,3.32,10.06,2.196,2.349,51406,1.19,0.77,-0.42
"8470201","CGY",89,1066,1251,56,48,18,31,8,10,2,447,4,34,0,46.2129547863151,54.3498723988305,8,18,73898,11897,910,46,2.73,2.34,2.39,5.45,7.91,0.5,10.29,0,2.251,2.648,86705,0.33,0.75,0.42
"8470274","VAN",83,963,928,43,38,8,20,4,2,0,184,216,7,16,42.5145918389899,40.9648386178305,9,17,60543,8852,5929,50.9,2.56,2.26,1.66,2.44,0,1,2.85,9.71,2.528,2.436,75324,0.43,0.81,0.38
"8470358","VAN",73,826,718,33,37,11,11,4,5,0,233,128,14,7,36.0392747577862,32.859518969839,27,25,52065,7559,4192,53.5,2.28,2.56,1.52,4.29,0,1,6.67,6.01,2.492,2.272,63816,1.52,1.41,-0.11
"8470755","VAN",50,521,559,20,25,5,10,0,1,0,7,148,1,10,23.2361766866525,25.6141328021768,12,5,35449,1128,3920,48.2,2.03,2.54,1.52,3.19,0,1,3.19,9.18,2.36,2.601,40497,1.07,0.44,-0.63
"8470966","CGY",61,993,1057,42,39,4,18,2,12,1,327,200,16,15,40.9536946777371,42.794437964214,16,19,68735,10020,6074,48.4,2.2,2.04,1.15,5.03,0.59,0.995,5.75,8.89,2.145,2.241,84829,0.68,0.81,0.13
"8471185","CGY",81,830,990,30,33,9,12,4,6,1,210,16,16,3,35.2702643444063,40.2007481852197,16,10,59459,8195,1037,45.6,1.82,2,1.27,4.39,3.47,0.9375,7.03,10.41,2.135,2.434,68691,0.84,0.52,-0.32
"8471222","CGY",31,311,431,7,20,0,1,0,0,0,0,55,0,8,14.5407523786416,18.0681721130968,4,3,23091,219,2121,41.9,1.09,3.12,0.16,0,0,1,0,13.58,2.267,2.817,25431,0.57,0.42,-0.15
"8471303","VAN",80,1290,1182,48,40,1,14,5,10,0,397,299,32,21,55.1070176296635,49.6775340262684,29,9,86196,10492,9392,52.2,2,1.67,0.63,5.15,0,1,10.98,8.05,2.302,2.075,106080,0.98,0.31,-0.67
"8471498","VAN",87,922,963,40,48,12,17,0,0,0,66,141,2,7,40.8590025210287,42.6537130854558,11,17,61126,3248,6519,48.9,2.36,2.83,1.71,0,0,1,2.22,3.87,2.406,2.512,70893,0.56,0.86,0.3
"8471664","CGY",65,656,846,30,35,12,12,0,1,1,183,11,5,0,23.770512917079,33.6054266147548,4,10,45886,6610,740,43.7,2.35,2.75,1.88,0.54,4.86,0.9091,2.72,0,1.865,2.637,53236,0.27,0.68,0.41
"8471729","CGY",90,1434,1950,77,68,4,11,2,16,1,345,217,30,12,59.7397728319047,78.8277784007369,7,12,102728,11103,7385,42.4,2.7,2.38,0.53,5.84,0.49,0.9954,9.73,5.85,2.094,2.762,121216,0.21,0.36,0.15
"8473432","VAN",85,722,930,32,37,5,16,0,0,0,34,70,1,2,30.6884223711677,39.9069955744199,35,37,55268,2610,2378,43.7,2.08,2.41,1.37,0,0,1,1.38,3.03,1.999,2.599,60256,2.09,2.21,0.12
"8473574","VAN",84,809,886,30,41,17,6,1,0,0,10,120,1,6,36.3576076686732,39.8843725203187,8,14,56734,1564,5534,47.7,1.9,2.6,1.46,2.3,0,1,2.3,3.9,2.307,2.531,63832,0.45,0.79,0.34
"8473972","CGY",60,2143,2755,103,96,0,0,0,0,1,477,305,30,26,92.3105767100933,109.657153299253,0,3,152730,15958,11309,43.8,2.43,2.26,0,0,0.32,0.9967,6.77,8.28,2.176,2.585,179997,0,0.06,0.06
"8474009","VAN",81,968,936,40,38,15,18,1,3,0,194,255,7,15,41.9128478327184,41.1021609256277,13,12,61150,9119,6880,50.8,2.35,2.24,1.94,1.58,0,1,2.76,7.85,2.467,2.42,77149,0.61,0.56,-0.05
"8474038","CGY",57,568,648,22,27,5,10,1,0,0,44,101,2,9,23.1041174433194,23.1233511472237,4,10,39784,2539,4122,46.7,1.99,2.44,1.36,1.42,0,1,2.84,7.86,2.091,2.092,46445,0.31,0.78,0.47
"8474150","CGY",63,728,863,34,36,6,15,0,1,1,167,142,3,12,30.2016407029005,33.648772425775,11,7,51848,6358,4945,45.8,2.36,2.5,1.46,0.57,0.73,0.993,1.7,8.74,2.097,2.336,63151,0.63,0.4,-0.23
"8474577","CGY",75,725,977,32,31,6,17,1,4,1,155,81,6,10,28.9016957166023,37.0588567024679,23,12,56961,6191,3824,42.6,2.02,1.96,1.45,2.91,0.94,0.9877,3.49,9.41,1.827,2.342,66976,1.24,0.65,-0.59
"8474579","VAN",82,1137,1279,53,68,3,8,0,0,0,8,285,1,13,48.3450653661857,59.4356885889429,14,16,76630,1772,9132,47.1,2.49,3.19,0.52,0,0,1,2.03,5.12,2.271,2.792,87534,0.58,0.66,0.08
"8474642","CGY",80,728,1033,39,32,15,15,0,1,0,3,270,1,20,32.3841307663242,40.5685525991139,13,21,56634,1148,6125,41.3,2.48,2.03,1.91,3.14,0,1,3.14,11.76,2.059,2.579,63907,0.73,1.18,0.45
"8474673","CGY",92,1517,1802,64,61,5,15,3,5,2,296,302,14,25,62.2329165694537,73.8244646007661,15,29,108157,12277,9977,45.7,2.13,2.03,0.67,2.35,0.72,0.9934,4.11,9.02,2.071,2.457,130411,0.41,0.8,0.39
"8475178","VAN",42,443,444,23,26,9,6,1,0,0,39,0,4,0,20.0252432912821,22.8418585957261,18,14,28506,1810,327,49.9,2.9,3.28,1.89,1.99,0,NA,7.96,0,2.529,2.885,30643,2.11,1.64,-0.47
"8475223","VAN",76,720,778,26,34,4,11,4,2,0,208,1,14,0,29.5696078786277,37.0033330486622,9,10,51211,6972,458,48.1,1.83,2.39,1.05,3.1,0,1,7.23,0,2.079,2.601,58641,0.55,0.61,0.06
"8475598","VAN",54,634,775,31,25,2,8,0,0,0,3,109,0,4,27.3714405099745,36.0570030003437,15,4,44787,799,4166,45,2.49,2.01,0.8,0,0,1,0,3.46,2.2,2.898,49752,1.09,0.29,-0.8
"8475650","CGY",73,459,611,12,22,3,4,0,0,0,8,1,0,0,16.5969815055141,22.6651630419074,18,11,35172,557,341,42.9,1.23,2.25,0.72,0,0,1,0,0,1.699,2.32,36070,1.8,1.1,-0.7
"8475690","VAN",76,1181,1084,41,39,1,9,0,3,1,69,283,6,22,50.0768755249446,44.3824070623377,6,11,76767,3566,9005,52.1,1.92,1.83,0.47,3.03,0.4,0.9965,6.06,8.8,2.348,2.081,89338,0.24,0.44,0.2
"8476346","CGY",91,1152,1337,57,50,15,20,8,14,1,423,0,35,0,49.610901460459,57.4513605764369,9,27,77725,11690,738,46.3,2.64,2.32,1.62,6.78,4.88,NA,10.78,0,2.298,2.661,90153,0.36,1.08,0.72
"8477497","CGY",92,1181,1461,47,49,17,17,10,9,0,439,143,37,9,51.0825404796633,63.8701590391574,7,16,81280,12029,5547,44.7,2.08,2.17,1.51,5.69,0,1,11.07,5.84,2.263,2.829,98856,0.25,0.58,0.33
"8466138","SJS",78,1237,886,41,44,6,25,4,18,2,564,53,40,4,53.5825560996891,38.4712926811771,15,14,65199,11413,2664,58.3,2.26,2.43,1.71,6.94,2.7,0.9623,12.62,5.41,2.959,2.124,79276,0.68,0.64,-0.04
"8466139","SJS",82,1158,1144,41,51,8,19,7,17,2,580,191,42,17,52.5169640826643,53.039759571082,6,10,70895,12727,5164,50.3,2.08,2.59,1.37,6.79,1.39,0.9895,11.88,11.85,2.667,2.693,88786,0.24,0.41,0.17
"8466158","SJS",58,737,816,29,29,2,5,0,0,0,3,169,0,12,32.3315771827474,33.8751420943881,13,3,48304,668,5830,47.5,2.16,2.16,0.52,0,0,1,0,7.41,2.41,2.525,54802,0.85,0.2,-0.65
"8467344","LAK",67,1008,956,42,34,3,9,0,0,0,7,295,0,15,43.1301103817532,43.4160576106515,20,5,65744,1927,8868,51.3,2.3,1.86,0.66,0,0,1,0,6.09,2.362,2.377,76539,0.94,0.24,-0.7
"8468483","LAK",69,977,663,44,31,13,13,10,7,1,329,3,28,0,42.7776229696465,29.7925560175208,8,7,55048,7843,808,59.6,2.88,2.03,1.7,7.8,4.46,0.6667,12.85,0,2.798,1.948,63699,0.45,0.4,-0.05
"8468508","LAK",81,1118,839,48,35,14,14,4,9,0,207,16,17,0,47.2938956436119,37.9677243343322,12,21,62943,8106,1661,57.1,2.75,2,1.6,5.77,0,1,7.55,0,2.705,2.172,72710,0.59,1.04,0.45
"8468526","LAK",73,799,770,29,27,3,8,3,1,0,116,225,9,20,31.5101393046789,32.3395303935977,29,15,54002,5275,5256,50.9,1.93,1.8,0.73,2.73,0,1,6.14,13.7,2.101,2.156,64533,1.62,0.84,-0.78
"8470063","SJS",20,127,221,3,9,1,2,0,0,0,0,56,0,4,4.54161954810843,10.1919542039977,9,7,11287,364,1423,36.5,0.96,2.87,0.96,0,0,1,0,10.12,1.449,3.251,13074,2.48,1.93,-0.55
"8470121","LAK",82,1077,910,38,39,3,6,0,0,0,5,275,0,27,44.2837073020055,37.0325586856343,17,4,65281,1208,8830,54.2,2.1,2.15,0.5,0,0,1,0,11.01,2.442,2.042,75319,0.81,0.19,-0.62
"8470604","LAK",82,1130,860,51,35,15,27,8,5,1,410,170,26,13,49.1348931827233,37.8856189475046,14,14,65404,9282,6668,56.8,2.81,1.93,2.31,5.04,0.54,0.9941,10.08,7.02,2.705,2.085,81354,0.62,0.62,0
"8470606","LAK",82,1028,859,30,37,10,11,1,5,0,180,155,10,8,39.1715898101684,35.9187122913427,13,34,63302,7733,5456,54.5,1.71,2.1,1.19,2.79,0,1,4.66,5.28,2.228,2.043,76491,0.61,1.6,0.99
"8470613","SJS",82,1589,1387,58,63,9,23,7,17,2,610,251,43,19,66.2354029039852,58.3159745643497,29,13,87842,13366,8765,53.4,2.38,2.58,1.31,6.46,0.82,0.992,11.58,7.8,2.715,2.39,109973,0.95,0.43,-0.52
"8470617","LAK",53,539,505,19,27,4,8,1,2,0,88,40,3,2,22.6729822208872,24.3549031461589,12,14,33700,4309,2902,51.6,2.03,2.88,1.28,2.51,0,1,2.51,2.48,2.422,2.602,40911,1.06,1.23,0.17
"8470794","SJS",82,1287,984,49,37,16,18,19,12,3,609,214,42,13,55.1897639675881,40.1913242021692,11,27,72760,12439,6312,56.7,2.42,1.83,1.68,8.97,1.71,0.986,12.16,7.41,2.731,1.989,91511,0.43,1.06,0.63
"8471371","SJS",12,70,89,1,1,0,0,0,0,0,0,0,0,0,2.55725565971807,1.92216844344512,6,2,5701,99,40,44,0.63,0.63,0,0,0,NA,0,0,1.615,1.214,5840,3.7,1.23,-2.47
"8471685","LAK",79,1151,795,44,37,9,24,6,16,1,401,213,29,16,47.3134725766722,35.3224591698381,5,20,66964,9314,6497,59.1,2.37,1.99,1.77,8.5,0.55,0.9953,11.21,8.87,2.544,1.899,82775,0.22,0.87,0.65
"8471709","SJS",70,1201,1110,45,43,5,9,0,3,1,138,287,7,24,53.4430182355572,47.0153982944321,9,12,71605,7018,7390,52,2.26,2.16,0.7,1.54,0.49,0.9965,3.59,11.69,2.687,2.364,86013,0.38,0.5,0.12
"8471734","LAK",72,3318,2709,129,105,0,0,0,0,1,555,547,40,38,139.002730268752,117.853451982024,4,6,199420,18069,19258,55.1,2.33,1.9,0,0,0.19,0.9982,7.97,7.1,2.509,2.128,236747,0.06,0.09,0.03
"8471956","SJS",90,783,875,22,30,6,7,0,0,0,5,147,0,12,28.0368794506649,34.5197165795835,13,4,54595,1391,4557,47.2,1.45,1.98,0.86,0,0,1,0,9.48,1.849,2.276,60543,0.77,0.24,-0.53
"8473453","LAK",73,855,652,30,21,8,15,0,0,0,22,176,2,12,33.9150999218691,27.0240959497751,7,13,52465,2010,4941,56.7,2.06,1.44,1.58,0,0,1,3.58,8.74,2.327,1.854,59416,0.42,0.79,0.37
"8474027","SJS",70,1148,1124,45,44,1,18,0,2,0,60,287,3,21,46.7719841004582,47.4520979296649,19,14,70850,3951,7149,50.5,2.29,2.24,0.97,1.82,0,1,2.73,10.57,2.377,2.411,81950,0.83,0.62,-0.21
"8474053","SJS",82,1125,1113,47,51,16,17,6,18,2,569,200,40,16,49.7866920977249,48.9395202256856,6,19,67635,12368,6130,50.3,2.5,2.71,1.76,6.99,1.17,0.99,11.64,9.4,2.65,2.605,86133,0.25,0.79,0.54
"8474100","LAK",81,1020,846,35,33,12,11,0,1,0,45,99,1,9,42.238743830123,39.6613101661787,8,7,59782,2905,4769,54.7,2.11,1.99,1.39,1.24,0,1,1.24,6.79,2.544,2.388,67456,0.43,0.37,-0.06
"8474166","LAK",56,841,744,39,28,5,11,1,3,0,173,116,8,6,35.698946263059,33.4482886744663,5,10,50960,6904,5389,53.1,2.76,1.98,1.13,2.09,0,1,4.17,4.01,2.522,2.363,63253,0.28,0.57,0.29
"8474218","DAL",81,1289,1057,43,45,3,16,2,3,2,174,185,13,7,53.108066842251,43.6196052558953,23,12,72294,8198,8669,54.9,2.14,2.24,0.95,2.2,0.83,0.9892,5.71,2.91,2.645,2.172,89161,0.93,0.48,-0.45
"8474550","SJS",61,2873,2747,108,111,0,3,0,0,3,598,473,41,34,125.336324714764,113.153978468152,0,3,170778,17013,15012,51.1,2.28,2.34,0.06,0,0.72,0.9937,8.68,8.15,2.642,2.385,202803,0,0.05,0.05
"8474563","LAK",82,1795,1381,69,58,6,21,1,16,1,476,353,32,25,74.2833222544286,62.4960003320011,28,12,106284,12907,11115,56.5,2.34,1.96,0.91,4.74,0.32,0.9972,8.93,8.1,2.516,2.117,130306,0.77,0.33,-0.44
"8474594","LAK",6,86,106,2,2,0,0,0,1,0,22,29,1,0,3.79846591199748,4.61533692484954,1,0,5706,962,994,44.8,1.26,1.26,0,3.74,0,1,3.74,0,2.397,2.912,7662,0.47,0,-0.47
"8474739","SJS",75,930,987,30,39,8,13,3,5,0,165,148,10,14,39.6227268788498,44.932412489492,15,31,57062,7495,4947,48.5,1.89,2.46,1.32,3.84,0,1,4.8,10.19,2.5,2.835,69504,0.78,1.61,0.83
"8474889","LAK",15,601,452,25,21,0,0,0,1,0,119,83,4,7,23.2099870064412,21.3391394742648,0,1,36867,4089,3126,57.1,2.44,2.05,0,0.88,0,1,3.52,8.06,2.266,2.084,44082,0,0.08,0.08
"8475160","LAK",80,766,649,31,25,6,9,0,0,0,2,1,0,1,30.8495004525175,28.8678831088473,16,8,49148,1093,652,54.1,2.27,1.83,1.1,0,0,1,0,5.52,2.26,2.115,50893,1.13,0.57,-0.56
"8475188","LAK",71,977,739,39,25,2,17,0,5,0,109,73,8,7,40.1614722010563,33.4722229291801,15,14,57778,4794,3530,56.9,2.43,1.56,1.18,3.75,0,1,6.01,7.14,2.502,2.086,66102,0.82,0.76,-0.06
"8475726","LAK",76,968,712,51,28,14,22,3,2,0,188,100,7,2,41.7063584191492,31.2221231045551,11,14,52621,5760,4657,57.6,3.49,1.92,2.46,3.12,0,1,4.38,1.55,2.853,2.136,63038,0.63,0.8,0.17
"8475775","SJS",51,439,490,12,12,2,4,0,0,0,3,2,0,0,16.3403689788538,20.547346287698,8,11,29508,807,248,47.3,1.46,1.46,0.73,0,0,1,0,0,1.994,2.507,30563,0.94,1.3,0.36
"8476442","SJS",72,966,871,33,48,6,13,0,3,2,89,125,5,11,42.2082626621705,38.3151040042285,9,11,53181,4900,4356,52.6,2.23,3.25,1.29,2.2,1.65,0.984,3.67,9.09,2.857,2.594,62437,0.52,0.63,0.11
"8476871","LAK",42,508,397,24,11,10,4,1,0,0,111,24,5,2,22.3539332632208,17.3912404892035,7,7,27268,3465,1537,56.1,3.17,1.45,1.85,1.04,0,1,5.19,4.68,2.951,2.296,32270,0.78,0.78,0
"8476881","SJS",82,1119,957,38,40,10,12,3,2,2,183,1,9,0,47.0595607813448,41.5456094651017,8,15,60962,8125,819,53.9,2.24,2.36,1.3,2.22,8.79,-1,3.99,0,2.779,2.453,69906,0.41,0.77,0.36
"8476919","SJS",43,442,496,21,19,5,10,1,2,0,47,6,4,0,18.8497339010355,21.4369813334197,3,11,27748,2585,440,47.1,2.72,2.47,1.95,4.18,0,1,5.57,0,2.446,2.781,30773,0.35,1.29,0.94
"8477509","SJS",39,564,561,17,27,1,3,0,0,0,10,40,0,1,22.6477275355719,23.4299006612273,5,6,34542,1147,1881,50.1,1.77,2.81,0.42,0,0,1,0,1.91,2.36,2.442,37570,0.48,0.57,0.09
"8467407","BUF",69,718,1060,29,36,7,13,3,6,4,188,169,12,13,29.8413881067536,42.0126521694474,9,13,57208,7021,4662,40.4,1.82,2.27,1.26,4.61,3.09,0.9763,6.15,10.04,1.878,2.644,68891,0.47,0.68,0.21
"8468486","CBJ",77,1040,978,54,49,17,21,8,8,3,313,3,29,0,47.5850156922825,43.9130192059092,40,19,63611,9180,1979,51.5,3.06,2.77,2.15,6.27,5.46,0,11.37,0,2.693,2.485,74770,1.93,0.91,-1.02
"8469492","CBJ",67,809,961,37,39,3,8,0,1,0,22,337,2,23,35.6833617557422,42.7355360253132,20,6,62097,2470,9603,45.7,2.15,2.26,0.64,1.46,0,1,2.91,8.62,2.069,2.478,74170,0.97,0.29,-0.68
"8469591","BUF",33,186,340,5,15,0,3,0,0,0,0,136,0,8,7.05711034289561,13.8102807712276,10,12,18415,500,3532,35.4,0.98,2.93,0.59,0,0,1,0,8.15,1.38,2.7,22447,1.6,1.92,0.32
"8470222","CBJ",69,1002,1031,42,53,1,15,7,8,2,340,167,24,8,43.5141372570652,49.1507550077513,22,21,65993,9236,7443,49.3,2.29,2.89,0.87,5.85,0.97,0.988,9.35,3.87,2.374,2.681,82672,0.96,0.91,-0.05
"8470324","BUF",46,467,896,17,38,0,5,0,0,3,52,253,2,25,20.4783167788992,38.4410891158041,8,5,47393,2815,6306,34.3,1.29,2.89,0.38,0,1.71,0.9881,2.56,14.27,1.556,2.92,56514,0.51,0.32,-0.19
"8470378","BUF",59,617,1039,26,40,0,7,0,1,2,105,136,1,9,25.0664546610205,43.1662829073612,10,4,52059,4167,4508,37.3,1.8,2.77,0.48,0.86,1.6,0.9853,0.86,7.19,1.733,2.985,60734,0.59,0.24,-0.35
"8470852","BUF",77,801,1194,39,42,10,19,3,7,2,282,19,17,0,39.6896514729015,52.0952418015804,2,8,64737,8591,1960,40.2,2.17,2.34,1.61,4.19,3.67,0.8947,7.12,0,2.207,2.897,75288,0.1,0.38,0.28
"8471226","BUF",80,766,1100,41,45,14,20,4,5,3,257,47,15,6,35.8672590157366,49.4753929811995,16,18,62311,9232,2834,41.1,2.37,2.6,1.96,3.51,3.81,0.9362,5.85,7.62,2.072,2.858,74377,0.77,0.87,0.1
"8471236","BUF",60,649,1035,32,43,6,6,1,0,4,131,85,2,8,30.2749376014108,43.844908556377,18,3,53261,5082,3695,38.5,2.16,2.91,0.81,0.71,3.9,0.9529,1.42,7.79,2.046,2.964,62038,1.04,0.17,-0.87
"8471338","BUF",77,625,904,30,34,7,12,0,0,0,4,254,0,25,25.1804703774978,33.4067860645009,20,11,52519,1158,6958,40.9,2.06,2.33,1.3,0,0,1,0,12.93,1.726,2.29,60635,1.19,0.65,-0.54
"8471677","CBJ",79,1139,1258,55,67,3,11,3,18,2,324,418,33,29,51.9766256654984,56.7314603987033,22,14,82187,10273,12644,47.5,2.41,2.93,0.61,7.36,0.57,0.9952,11.56,8.26,2.277,2.485,105104,0.75,0.48,-0.27
"8471681","CBJ",45,453,546,11,27,6,2,0,0,0,4,4,0,0,18.2453881197143,23.1531096253893,3,8,31552,1065,571,45.3,1.26,3.08,0.91,0,0,1,0,0,2.082,2.642,33188,0.33,0.87,0.54
"8471766","CBJ",72,302,510,11,24,1,4,0,0,0,1,0,0,0,11.4926091279485,23.2474744914798,17,9,30547,306,296,37.2,1.3,2.83,0.59,0,0,NA,0,0,1.354,2.74,31149,1.96,1.04,-0.92
"8473422","CBJ",79,976,964,57,44,19,22,11,15,3,301,172,35,13,48.5252430170658,43.8278107588412,20,26,65958,9212,6924,50.3,3.11,2.4,2.24,10.16,1.56,0.9826,13.68,6.76,2.649,2.392,82094,0.88,1.14,0.26
"8473426","BUF",64,693,1105,20,44,1,5,0,0,0,5,280,0,16,30.8782840071945,41.8391087473137,24,8,59187,1267,8397,38.5,1.22,2.68,0.36,0,0,1,0,6.86,1.878,2.545,68851,1.25,0.42,-0.83
"8473485","BUF",89,845,1304,35,57,9,17,5,5,5,214,1,17,1,36.5449753730209,57.1000289624208,25,17,70270,8546,1242,39.3,1.79,2.92,1.33,4.21,14.49,-4,7.16,2.9,1.872,2.925,80058,1.12,0.76,-0.36
"8473523","BUF",50,1706,2384,68,102,0,0,0,0,5,298,387,21,32,71.7377246171818,100.214170189807,0,2,136010,12483,12140,41.7,1.8,2.7,0,0,1.48,0.9871,6.06,9.49,1.899,2.653,160633,0,0.04,0.04
"8473573","CBJ",52,559,542,24,35,6,12,0,4,0,119,160,6,12,25.6074646061752,25.1715424050344,4,7,38345,4069,5395,50.8,2.25,3.29,1.69,3.54,0,1,5.31,8.01,2.404,2.363,47809,0.3,0.53,0.23
"8473914","CBJ",54,364,489,16,23,6,5,0,1,0,33,236,2,18,16.3666389416903,21.1651769418968,0,5,33236,1867,5915,42.7,1.73,2.49,1.19,1.93,0,1,3.86,10.96,1.773,2.293,41018,0,0.44,0.44
"8474570","BUF",78,611,968,18,41,6,6,0,1,2,141,0,3,0,24.7180278028245,41.0505554889096,6,13,51526,6332,700,38.7,1.26,2.86,0.84,0.57,10.29,NA,1.71,0,1.727,2.868,58558,0.37,0.8,0.43
"8474574","BUF",75,933,1423,48,52,5,13,3,4,2,286,344,20,19,43.9868750727037,61.9596380693256,32,15,81431,10344,9820,39.6,2.12,2.3,0.8,2.44,0.73,0.9942,6.96,6.97,1.945,2.739,101595,1.13,0.53,-0.6
"8474589","BUF",78,803,1347,35,45,13,14,6,11,1,315,35,23,2,39.5793215744197,58.8067813483067,11,33,69940,9573,2810,37.3,1.8,2.32,1.39,6.39,1.28,0.9714,8.65,2.56,2.037,3.027,82323,0.48,1.44,0.96
"8474685","CBJ",56,578,643,27,28,11,8,0,0,0,81,162,5,5,25.2664286822546,30.3568981188582,9,15,42095,3045,5605,47.3,2.31,2.39,1.62,0,0,1,5.91,3.21,2.161,2.596,50745,0.64,1.06,0.42
"8474715","CBJ",78,929,999,34,36,11,13,7,3,1,297,108,18,4,42.7397978709196,47.4559836794506,11,9,59669,8794,5465,48.2,2.05,2.17,1.45,4.09,0.66,0.9907,7.37,2.63,2.579,2.863,73928,0.54,0.44,-0.1
"8474774","CBJ",63,765,863,27,42,0,8,0,0,0,3,241,0,18,34.9542769998079,38.4628076159279,20,14,57072,1145,7739,47,1.7,2.65,0.5,0,0,1,0,8.37,2.205,2.426,65956,1.09,0.76,-0.33
"8475148","CBJ",42,475,500,15,19,1,1,1,4,1,119,60,8,2,19.9855552371009,22.9149643764831,7,2,30693,4244,2125,48.7,1.76,2.23,0.23,4.24,1.69,0.9833,6.79,3.39,2.344,2.688,37062,0.68,0.19,-0.49
"8475220","BUF",57,517,854,25,30,7,10,0,1,0,69,140,3,8,22.992726180295,35.3929100371897,10,11,44802,3472,4120,37.7,2.01,2.41,1.37,1.04,0,1,3.11,6.99,1.848,2.844,52394,0.69,0.76,0.07
"8475233","CBJ",82,1166,1314,53,59,6,11,3,7,1,239,382,19,26,52.8502911572577,56.7403950014268,32,10,83338,8946,12412,47,2.29,2.55,0.73,4.02,0.29,0.9974,7.65,7.54,2.283,2.451,104696,1.1,0.34,-0.76
"8475235","BUF",82,523,1005,18,41,5,9,0,0,0,7,93,1,5,19.4289020651486,41.9807411637157,13,9,52241,1488,3379,34.2,1.24,2.83,0.96,0,0,1,2.42,5.33,1.339,2.893,57108,0.82,0.57,-0.25
"8475683","CBJ",51,1877,2103,86,90,0,2,0,0,2,360,505,35,36,84.409767183708,92.779155535507,2,5,138641,12998,16474,47.2,2.23,2.34,0.05,0,0.44,0.996,9.69,7.87,2.192,2.409,168113,0.04,0.11,0.07
"8475793","CBJ",82,1033,1137,50,56,15,20,7,19,4,362,197,36,17,49.7910719736246,53.8892016245518,19,16,70722,10432,7079,47.6,2.55,2.85,1.78,8.97,2.03,0.9797,12.42,8.65,2.535,2.743,88233,0.78,0.65,-0.13
"8475808","CBJ",33,179,309,5,13,1,4,0,0,0,3,54,0,6,6.7604087186628,12.8442434454337,8,4,17598,515,1690,36.7,1.02,2.66,1.02,0,0,1,0,12.78,1.383,2.628,19803,1.45,0.73,-0.72
"8476878","BUF",61,547,993,25,42,11,10,0,3,0,160,240,9,20,28.3436996726668,45.8354212067788,10,21,52331,5695,6621,35.5,1.72,2.89,1.44,1.9,0,1,5.69,10.87,1.95,3.153,64647,0.56,1.17,0.61
"8477448","CBJ",35,412,350,24,13,8,12,0,0,0,3,3,0,0,20.4242130119819,15.022527216468,7,9,25190,789,696,54.1,3.43,1.86,2.86,0,0,1,0,0,2.919,2.147,26675,0.94,1.21,0.27
"8477499","BUF",78,875,1493,27,54,2,6,4,5,3,171,170,15,19,39.1655030320981,66.6351160583436,12,11,76181,7410,6711,37,1.28,2.55,0.38,4.37,1.61,0.9824,7.29,10.19,1.851,3.149,90302,0.48,0.44,-0.04
"8477505","CBJ",68,672,707,22,42,1,11,1,3,1,144,228,11,19,27.9909070621361,33.2483230325743,10,19,48967,4806,6207,48.7,1.62,3.09,0.88,3,0.58,0.9956,8.24,11.02,2.058,2.444,59980,0.6,1.14,0.54
"8477933","BUF",9,52,97,1,2,0,1,0,0,0,1,0,0,0,1.60922742425464,4.25972185190767,1,2,5423,38,86,34.9,0.66,1.33,0.66,0,0,NA,0,0,1.068,2.828,5547,0.65,1.3,0.65
"8448208","NJD",77,942,846,44,36,12,20,4,6,1,241,1,23,0,45.9019551908714,38.709112277953,24,18,64151,8258,1458,52.7,2.47,2.02,1.8,4.36,2.47,0,10.03,0,2.576,2.172,73867,1.17,0.88,-0.29
"8460542","NJD",69,645,695,23,34,8,13,5,4,3,190,184,11,13,31.9947535761166,35.4478540804121,6,8,51883,6969,6796,48.1,1.6,2.36,1.46,4.65,1.59,0.9837,5.68,6.89,2.22,2.46,65648,0.33,0.44,0.11
"8460626","NJD",15,151,173,5,10,0,2,0,0,0,0,111,0,13,6.80217628134415,7.4172266345704,5,2,12809,153,2599,46.6,1.41,2.81,0.56,0,0,1,0,18.01,1.912,2.085,15561,1.16,0.46,-0.7
"8464977","NJD",74,659,773,24,31,4,4,0,1,0,19,173,1,11,29.1696744944784,38.9093276469503,20,13,54084,2023,6271,46,1.6,2.06,0.53,1.78,0,1,1.78,6.31,1.942,2.59,62378,1.15,0.75,-0.4
"8467545","NJD",47,451,524,21,19,5,11,0,2,1,105,4,7,0,21.7582670315751,24.5412110360339,14,11,34638,3600,430,46.3,2.18,1.97,1.66,2,8.37,0.75,7,0,2.261,2.551,38668,1.3,1.02,-0.28
"8467899","NJD",40,362,438,13,20,2,6,3,3,1,76,1,7,0,17.7699442553567,20.3110076294979,5,4,29712,3396,443,45.2,1.58,2.42,0.97,6.36,8.13,0,7.42,0,2.153,2.461,33551,0.54,0.43,-0.11
"8468513","PHI",80,1035,1140,34,39,2,12,0,1,0,24,345,1,26,42.7569593277294,45.700680361304,21,6,72947,2277,9665,47.6,1.68,1.92,0.69,1.58,0,1,1.58,9.68,2.11,2.255,84889,0.89,0.25,-0.64
"8469462","NJD",77,593,619,15,15,7,6,0,0,0,11,34,1,1,26.7604924121406,26.615801746957,14,16,46230,1185,1733,48.9,1.17,1.17,1.01,0,0,1,3.04,2.08,2.084,2.073,49148,1.03,1.17,0.14
"8469500","NJD",68,681,837,32,27,12,10,9,2,2,189,129,20,4,34.0277897928609,39.3583060521632,14,9,56299,6659,5662,44.9,2.05,1.73,1.41,5.95,1.27,0.9845,10.81,2.54,2.176,2.517,68620,0.73,0.47,-0.26
"8469547","NJD",68,468,578,21,20,9,5,1,0,0,71,5,4,2,21.366293752566,27.3166428877157,16,9,38059,2969,296,44.7,1.99,1.89,1.32,1.21,0,1,4.85,24.32,2.021,2.584,41324,1.39,0.78,-0.61
"8469622","NJD",13,126,146,6,5,1,3,0,0,0,48,1,3,0,5.09726145828608,7.45672831247794,2,1,9794,1880,233,46.3,2.21,1.84,1.47,0,0,1,5.74,0,1.874,2.741,11907,0.6,0.3,-0.3
"8469623","NJD",90,1208,1167,48,43,1,12,6,13,5,360,24,30,3,59.4638708151761,54.2971671671839,28,17,88828,11091,3340,50.9,1.95,1.74,0.53,6.17,5.39,0.7917,9.74,3.23,2.41,2.201,103259,0.98,0.59,-0.39
"8471233","NJD",74,777,866,30,32,4,10,3,3,1,179,202,12,15,38.099997198151,38.3776605211897,12,11,63258,6385,7274,47.3,1.71,1.82,0.8,3.38,0.49,0.995,6.77,7.42,2.168,2.184,76917,0.56,0.51,-0.05
"8471239","NJD",70,2382,2645,84,99,0,2,0,0,3,377,572,33,35,114.425922925293,123.284803576942,0,2,186959,15443,19394,47.4,1.62,1.91,0.04,0,0.56,0.9948,7.69,6.5,2.203,2.374,221796,0,0.03,0.03
"8472382","NJD",82,1142,1242,44,43,3,16,0,1,0,39,572,3,39,53.4338252693415,55.2697787758661,10,12,87581,4083,14580,47.9,1.81,1.77,0.78,0.88,0,1,2.65,9.63,2.196,2.272,106244,0.34,0.41,0.07
"8472410","NJD",61,456,499,17,16,5,3,0,0,1,2,215,0,12,21.2546000871807,21.6996302796761,6,14,38108,1309,6306,47.7,1.61,1.51,0.76,0,0.57,0.9953,0,6.85,2.008,2.05,45723,0.47,1.1,0.63
"8474641","NJD",75,801,945,34,36,10,13,5,11,2,169,227,21,20,41.4115855175769,42.1680159135722,12,10,59712,6837,7219,45.9,2.05,2.17,1.39,8.42,1,0.9912,11.06,9.97,2.497,2.542,73768,0.59,0.49,-0.1
"8475199","NJD",61,664,700,28,22,3,7,3,6,3,176,4,14,0,31.8390392790316,33.0640907177003,20,8,48294,6656,1586,48.7,2.09,1.64,0.75,4.87,6.81,0.25,7.57,0,2.373,2.465,56536,1.27,0.51,-0.76
"8475750","NJD",66,768,923,28,39,0,9,2,2,0,78,160,12,9,36.7996638419572,43.5315995664569,12,10,65239,4057,7424,45.4,1.55,2.15,0.5,3.55,0,1,10.65,4.36,2.031,2.402,76720,0.56,0.47,-0.09
"8476923","NJD",51,756,751,23,31,4,4,0,7,1,131,63,13,9,33.8447282279958,36.0358080632286,11,2,52727,4974,3890,50.2,1.57,2.12,0.55,5.07,0.93,0.9841,9.41,8.33,2.311,2.46,61591,0.64,0.12,-0.52
"8465166","PIT",70,353,387,10,13,1,5,0,0,0,0,304,0,14,12.9494499060092,16.7825881057652,7,4,30762,592,8296,47.7,1.17,1.52,0.7,0,0,1,0,6.08,1.515,1.964,39650,0.64,0.36,-0.28
"8466393","PIT",16,193,159,10,7,4,3,2,1,1,46,58,3,2,8.80646770523163,7.61333807517076,2,1,11564,1976,1607,54.8,3.11,2.18,2.18,5.47,2.24,0.9828,5.47,4.48,2.742,2.37,15147,0.48,0.24,-0.24
"8467400","ANA",80,1396,1311,63,44,9,12,2,4,3,212,285,13,24,61.4833127696766,53.3334844529745,15,4,86994,8241,8963,51.6,2.61,1.82,0.87,2.62,1.2,0.9895,5.68,9.64,2.544,2.207,104198,0.52,0.14,-0.38
"8467452","PIT",87,1145,1108,44,38,1,7,0,0,0,5,538,0,32,47.5977009874186,48.0935008319793,6,6,80610,1392,13594,50.8,1.97,1.7,0.36,0,0,1,0,8.47,2.126,2.148,95596,0.23,0.23,0
"8468542","PIT",79,1272,1141,57,40,3,17,0,1,3,212,324,7,19,55.4955621067784,49.4401714138803,11,7,80320,8345,10900,52.7,2.55,1.79,0.9,0.43,0.99,0.9907,3.02,6.28,2.487,2.216,99565,0.4,0.25,-0.15
"8469473","PIT",78,545,541,13,17,3,5,0,0,1,32,297,1,14,21.2428223921452,22.8915057554259,4,3,42256,2257,7646,50.2,1.11,1.45,0.68,0,0.47,0.9966,1.6,6.59,1.81,1.95,52159,0.28,0.21,-0.07
"8469490","ANA",64,446,443,12,17,5,2,0,0,0,2,2,0,0,18.0822971247835,17.9709733698401,14,17,30403,323,251,50.2,1.42,2.01,0.83,0,0,1,0,0,2.141,2.128,30977,1.63,1.98,0.35
"8469555","PIT",49,784,740,38,28,3,8,0,2,1,147,156,6,3,32.5379302111687,31.1871374166221,13,12,48265,6023,5245,51.4,2.83,2.09,0.82,1.2,0.69,0.9936,3.59,2.06,2.427,2.326,59533,0.79,0.73,-0.06
"8470543","PIT",79,1161,895,47,38,7,16,10,8,5,405,5,37,0,49.9547375528491,41.5520183605258,22,13,66921,10648,1602,56.5,2.53,2.04,1.24,6.09,11.24,0,12.51,0,2.687,2.235,79171,1,0.59,-0.41
"8470594","PIT",69,2945,2654,116,107,0,0,0,1,8,574,679,43,33,126.07324920228,118.208720884053,3,7,189076,19663,20685,52.6,2.21,2.04,0,0.18,1.39,0.9882,7.87,5.74,2.4,2.251,229424,0.05,0.11,0.06
"8470612","ANA",93,1323,1212,70,54,18,42,5,13,7,500,259,28,19,65.5808240334736,50.7088500334648,29,15,85412,12269,8354,52.2,2.95,2.28,2.53,5.28,3.02,0.973,8.22,8.19,2.764,2.137,106035,0.98,0.51,-0.47
"8470616","ANA",97,1311,1261,51,51,15,20,6,7,4,441,353,25,23,54.3615348696476,53.2574971754802,36,29,84248,11453,8467,51,2.18,2.18,1.5,4.09,1.7,0.9887,7.86,9.78,2.323,2.276,104168,1.24,1,-0.24
"8470621","ANA",83,1170,1081,66,51,30,20,6,5,3,393,17,21,2,57.8017642258783,45.0126513451687,33,31,72759,10295,2433,52,3.27,2.52,2.47,3.85,4.44,0.8235,7.34,2.96,2.86,2.227,85487,1.39,1.31,-0.08
"8470775","ANA",92,861,954,33,31,4,16,0,0,0,15,278,0,20,34.9747547737788,37.9462337117293,15,14,60588,1940,8595,47.4,1.96,1.84,1.19,0,0,1,0,8.38,2.078,2.255,71123,0.76,0.71,-0.05
"8470886","ANA",85,1222,1190,46,51,2,6,0,0,0,12,194,0,15,53.1276990497718,44.6814932660782,19,9,76293,993,8084,50.7,2.17,2.41,0.38,0,0,1,0,6.68,2.507,2.108,85370,0.8,0.38,-0.42
"8471215","PIT",74,1096,905,48,39,17,22,9,17,9,450,1,40,0,48.9144759317278,40.907808127231,25,27,64690,11937,1339,54.8,2.67,2.17,2.17,7.84,24.2,-8,12.06,0,2.722,2.277,77966,1.15,1.25,0.1
"8471260","PIT",66,895,799,37,29,15,14,0,1,2,94,20,2,3,39.3239916721359,36.5948067755671,29,15,51338,4026,1671,52.8,2.59,2.03,2.03,0.89,4.31,0.9,1.79,6.46,2.758,2.566,57035,1.83,0.95,-0.88
"8471675","PIT",82,1268,998,58,43,18,31,10,21,9,507,38,41,2,60.0891578890732,45.604674770264,16,30,73744,13008,3206,56,2.83,2.1,2.39,8.58,10.11,0.7632,11.35,2.25,2.933,2.226,89958,0.64,1.2,0.56
"8471699","ANA",98,1142,1082,47,44,14,17,0,0,0,11,192,0,12,49.6227311461116,43.8051553771948,9,19,71076,1900,9210,51.3,2.38,2.23,1.57,0,0,1,0,4.69,2.513,2.219,82186,0.39,0.83,0.44
"8471703","PIT",77,696,699,30,22,10,13,3,3,2,165,4,8,0,27.0749314822606,28.5369481826201,51,29,47439,7290,544,49.9,2.28,1.67,1.75,2.96,13.24,0.5,3.95,0,2.055,2.166,55273,3.32,1.89,-1.43
"8471724","PIT",69,1269,1012,51,41,5,15,2,22,6,419,335,38,18,54.3442787866807,43.5237045860267,27,17,75647,12076,9011,55.6,2.43,1.95,0.95,7.15,2.4,0.9821,11.33,7.19,2.586,2.071,96734,1,0.63,-0.37
"8471887","PIT",69,939,775,53,33,17,17,6,9,6,390,3,33,0,44.0782131710439,35.2762889822479,19,23,56801,9800,1274,54.8,3.36,2.09,2.15,5.51,16.95,-1,12.12,0,2.794,2.236,67875,1.01,1.22,0.21
"8473492","ANA",81,1021,891,50,35,23,11,6,0,4,226,33,13,4,42.5933870226727,37.0563880357076,13,13,59392,7027,1819,53.4,3.03,2.12,2.06,3.07,7.92,0.8788,6.66,7.92,2.582,2.246,68238,0.69,0.69,0
"8473933","ANA",65,1048,956,32,38,2,11,0,0,0,16,231,1,10,45.2436682625557,39.4986224153545,10,3,63245,1504,7298,52.3,1.82,2.16,0.74,0,0,1,2.39,4.93,2.575,2.248,72047,0.5,0.15,-0.35
"8474034","ANA",87,1057,953,53,47,10,21,4,7,4,351,0,21,0,50.3332626625779,40.3235298081418,23,15,65958,8814,825,52.6,2.89,2.57,1.69,4.49,17.45,NA,8.58,0,2.747,2.201,75597,1.1,0.71,-0.39
"8474091","PIT",85,908,927,29,26,13,8,4,3,1,189,351,8,20,35.8819679907174,37.8150459799217,8,19,64171,8398,9182,49.5,1.63,1.46,1.18,3,0.39,0.9972,3.43,7.84,2.013,2.121,81751,0.35,0.84,0.49
"8474096","PIT",87,952,897,36,38,9,18,1,0,0,27,249,1,13,39.8170609194203,37.1640615919023,15,7,64208,2424,8549,51.5,2.02,2.13,1.51,1.49,0,1,1.49,5.47,2.232,2.084,75181,0.72,0.34,-0.38
"8475119","PIT",63,328,399,7,12,1,3,0,0,0,1,82,0,5,12.2426219457993,15.1381783811375,6,12,27862,417,2891,45.1,0.9,1.55,0.52,0,0,1,0,6.23,1.582,1.956,31170,0.69,1.39,0.7
"8475155","PIT",91,1258,1160,56,49,3,20,0,1,0,59,134,1,5,54.2423349420424,50.4971417609486,36,18,82499,3051,5281,52,2.44,2.14,1,1.18,0,1,1.18,3.41,2.367,2.204,90831,1.43,0.71,-0.72
"8475164","ANA",97,1214,1124,56,41,11,29,3,5,2,116,242,10,15,52.0331926692743,47.9878876121365,18,17,74537,4787,8312,51.9,2.7,1.98,1.93,6.02,0.87,0.9917,7.52,6.5,2.513,2.318,87636,0.74,0.7,-0.04
"8475222","ANA",83,1234,1194,59,51,6,18,7,14,5,447,225,28,17,55.1524410583661,48.5212577626808,22,20,80358,11313,7711,50.8,2.64,2.28,1.08,6.68,2.33,0.9778,8.91,7.94,2.471,2.174,99382,0.8,0.72,-0.08
"8475758","ANA",86,826,929,33,36,6,13,0,1,1,123,129,3,11,31.9392055297503,36.4533246628125,13,15,58773,4878,4990,47.1,2.02,2.21,1.16,0.74,0.72,0.9922,2.21,7.94,1.956,2.233,68641,0.68,0.79,0.11
"8475764","ANA",96,1443,1420,61,59,4,17,1,12,1,394,256,26,12,65.2759652913664,61.8795193244005,8,4,94486,11621,9179,50.4,2.32,2.25,0.8,4.03,0.39,0.9961,8.05,4.71,2.487,2.358,115286,0.25,0.12,-0.13
"8475770","ANA",57,622,577,17,22,8,5,0,0,0,10,37,0,2,26.2835592890624,23.3597669401788,2,11,37085,1125,2277,51.9,1.65,2.14,1.26,0,0,1,0,3.16,2.551,2.268,40487,0.18,0.98,0.8
"8476434","ANA",23,945,958,40,40,0,0,0,0,1,167,172,10,15,41.5962099199533,42.5422805736307,0,0,63549,5167,6553,49.7,2.27,2.27,0,0,0.55,0.9942,6.97,8.24,2.356,2.41,75269,0,0,0
"8476483","ANA",87,948,828,36,32,8,15,2,7,0,143,0,13,0,39.6414475084748,35.0213956199586,6,2,56238,5791,695,53.4,2.3,2.05,1.47,5.59,0,NA,8.08,0,2.538,2.242,62724,0.34,0.11,-0.23
"8476854","ANA",94,1580,1445,77,52,7,26,0,7,4,240,288,18,28,68.1227237965795,61.9233080093982,21,14,96603,10021,9379,52.2,2.87,1.94,1.23,2.51,1.54,0.9861,6.47,10.75,2.539,2.308,116003,0.65,0.43,-0.22
"8476874","PIT",20,306,294,15,12,1,6,0,2,0,45,70,3,1,13.9264600554015,12.634552297648,5,6,19691,1391,2066,51,2.74,2.19,1.28,5.18,0,1,7.76,1.74,2.546,2.31,23148,0.78,0.93,0.15
"8466251","WSH",91,888,982,35,34,10,16,0,0,0,17,209,0,11,38.0182373191346,40.3439389062114,20,13,61307,1767,6857,47.5,2.06,2,1.53,0,0,1,0,5.78,2.232,2.369,69931,1.03,0.67,-0.36
"8468208","WSH",96,1216,1137,44,45,13,14,5,5,2,243,243,18,9,52.5825740192668,46.9482621406205,16,20,75276,9177,8348,51.7,2.1,2.15,1.29,3.92,0.86,0.9918,7.06,3.88,2.515,2.245,92801,0.62,0.78,0.16
"8468498","WSH",92,1585,1609,71,65,0,18,0,0,0,1,485,0,33,68.3240810915595,64.3216161938617,37,19,98754,1960,11282,49.6,2.59,2.37,0.66,0,0,1,0,10.53,2.491,2.345,111996,1.19,0.61,-0.58
"8468635","DAL",44,284,361,14,15,2,6,0,0,0,0,51,0,0,12.9247573219473,13.223295950098,4,2,22655,273,1555,44,2.22,2.38,1.27,0,0,1,0,0,2.054,2.101,24483,0.59,0.29,-0.3
"8469639","WSH",80,821,844,29,30,6,12,0,1,1,43,299,1,16,34.7368196347379,31.5659796623513,12,14,54058,2783,7449,49.3,1.93,2,1.2,1.29,0.48,0.9967,1.29,7.73,2.313,2.102,64290,0.67,0.78,0.11
"8470611","WSH",79,880,863,35,31,13,11,1,0,0,18,158,2,10,38.6068708242965,33.3467179827276,11,20,56214,1987,5863,50.5,2.24,1.99,1.54,1.81,0,1,3.62,6.14,2.472,2.136,64064,0.62,1.12,0.5
"8471214","WSH",95,1573,1349,62,59,25,19,26,9,1,686,2,53,0,62.9289367763558,56.1756164365215,32,33,88443,15740,1687,53.8,2.52,2.4,1.79,8.01,2.13,0.5,12.12,0,2.561,2.287,105870,1.09,1.12,0.03
"8471426","WSH",96,1034,1009,45,40,10,17,8,7,1,560,338,46,19,43.464717824012,39.7121926202672,24,13,73348,11883,8959,50.6,2.21,1.96,1.33,4.54,0.4,0.997,13.94,7.63,2.133,1.949,94190,0.92,0.5,-0.42
"8471702","WSH",96,1571,1488,56,56,2,18,2,8,2,167,333,15,15,64.7952416738844,58.6623026050511,21,5,101054,6814,12322,51.4,1.99,1.99,0.71,5.28,0.58,0.994,7.92,4.38,2.308,2.09,120190,0.63,0.15,-0.48
"8473563","WSH",96,1555,1330,61,62,15,32,4,30,1,573,193,46,10,62.2665473176166,53.8883583894349,20,17,89896,12183,6439,53.9,2.44,2.48,1.88,10.05,0.56,0.9948,13.59,5.59,2.494,2.158,108518,0.66,0.56,-0.1
"8473991","WSH",96,1432,1374,55,51,6,16,0,0,0,3,312,0,15,59.7592881170567,53.5978046489181,13,6,93211,938,11704,51,2.12,1.97,0.85,0,0,1,0,4.61,2.308,2.07,105853,0.44,0.2,-0.24
"8474519","WSH",38,424,459,15,17,0,5,0,0,0,0,2,0,0,15.6270013826434,19.2417039208231,5,4,28004,138,532,48,1.93,2.19,0.64,0,0,1,0,0,2.009,2.474,28674,0.63,0.5,-0.13
"8474590","WSH",96,1676,1554,73,64,8,28,4,15,2,345,533,22,33,72.5919352705241,60.8266964689828,16,6,100196,10028,12611,51.9,2.62,2.3,1.29,6.82,0.57,0.9962,7.9,9.42,2.608,2.185,122835,0.47,0.18,-0.29
"8474651","WSH",86,3745,3659,144,127,0,0,0,3,3,709,755,55,41,156.444284609111,144.751751917298,1,6,240857,20571,22967,50.6,2.15,1.9,0,0.53,0.47,0.996,9.63,6.43,2.338,2.164,284395,0.01,0.08,0.07
"8474682","MTL",17,672,691,28,34,0,1,0,0,0,124,135,3,7,29.9356268880656,31.3696701017907,0,0,45683,4837,4711,49.3,2.21,2.68,0.08,0,0,1,2.23,5.35,2.359,2.472,55231,0,0,0
"8475149","WSH",96,1194,1111,46,42,16,16,3,12,1,525,5,41,1,48.8473077718518,47.399852985749,6,19,76093,11713,1309,51.8,2.18,1.99,1.51,4.61,2.75,0.8,12.6,2.75,2.311,2.243,89115,0.24,0.77,0.53
"8475161","WSH",5,18,36,1,0,1,0,0,0,0,0,0,0,0,0.549251834861934,1.38941664551385,1,0,1877,39,22,33.3,1.92,0,1.92,0,0,NA,0,0,1.053,2.665,1938,1.86,0,-1.86
"8475744","WSH",94,1002,1032,43,30,9,18,4,8,2,221,5,17,1,41.5256624685135,43.0069374577724,15,13,65320,8216,877,49.3,2.37,1.65,1.49,5.26,8.21,0.6,7.45,4.1,2.289,2.37,74413,0.73,0.63,-0.1
"8477070","WSH",13,87,74,4,0,1,1,0,0,0,0,0,0,0,3.07044350291835,2.2976944145048,4,2,5766,32,57,54,2.5,0,1.25,0,0,NA,0,0,1.917,1.435,5855,2.46,1.23,-1.23
"8477220","WSH",39,510,432,18,20,1,3,0,0,0,1,5,0,1,20.9378482767497,17.9032844764879,5,3,30387,108,886,54.1,2.13,2.37,0.47,0,0,1,0,4.06,2.481,2.121,31381,0.57,0.34,-0.23
"8477444","WSH",64,764,652,38,24,9,11,2,1,1,122,0,8,0,32.4838717328967,23.7832751120441,5,9,42479,4720,394,54,3.22,2.03,1.69,2.29,9.14,NA,6.1,0,2.753,2.016,47593,0.38,0.68,0.3
"8468083","DET",84,1045,887,43,42,8,20,4,26,6,471,5,40,1,48.5006028741482,40.5769842609297,20,17,71936,12575,2771,54.1,2.15,2.1,1.4,8.59,7.8,-0.2,11.45,1.3,2.427,2.031,87282,0.82,0.7,-0.12
"8468509","DET",86,1123,1145,40,49,4,11,3,22,4,456,441,43,35,52.3561438047327,55.5071367713972,22,5,86034,13292,11558,49.5,1.67,2.05,0.63,6.77,1.25,0.9909,11.65,10.9,2.191,2.323,110884,0.71,0.16,-0.55
"8470318","DET",89,1148,1149,41,53,3,10,0,1,1,16,428,1,30,52.6539209901239,54.5038816938177,34,19,82442,2510,11478,50,1.79,2.31,0.57,1.43,0.31,0.9977,1.43,9.41,2.299,2.38,96430,1.27,0.71,-0.56
"8470657","DET",54,2009,1773,81,80,0,0,0,1,3,477,435,41,30,89.4941185545176,77.2358722380013,1,9,136784,16139,15215,53.1,2.13,2.11,0,0.22,0.71,0.9931,9.15,7.1,2.355,2.033,168138,0.02,0.19,0.17
"8470724","DET",80,1129,1004,50,42,3,13,0,0,0,10,281,1,16,47.2710606016335,43.7268842285266,32,17,75211,3022,9905,52.9,2.39,2.01,0.77,0,0,1,1.19,5.82,2.263,2.093,88138,1.31,0.69,-0.62
"8470778","DET",89,579,795,20,29,5,7,0,0,0,3,509,0,32,25.5959136625752,33.1543099320261,11,10,53139,3269,13163,42.1,1.35,1.96,0.81,0,0,1,0,8.75,1.734,2.246,69571,0.57,0.52,-0.05
"8471309","DET",33,343,310,11,18,3,7,4,7,2,178,0,15,0,15.1444461004576,16.1866177252959,15,13,23869,4784,672,52.5,1.66,2.71,1.51,8.28,10.71,NA,11.29,0,2.284,2.441,29325,1.84,1.6,-0.24
"8471693","DET",36,464,330,17,12,3,3,2,4,1,128,8,11,0,20.1345333958161,15.1384626540821,11,4,27803,3821,1015,58.4,2.2,1.55,0.78,5.65,3.55,0.875,10.36,0,2.607,1.96,32639,1.21,0.44,-0.77
"8471716","DET",76,881,684,39,31,13,13,8,7,7,372,98,34,5,39.1940086765098,28.6995402866742,34,39,61118,9666,4725,56.3,2.3,1.83,1.53,5.59,5.33,0.9286,12.66,3.81,2.309,1.69,75509,1.62,1.86,0.24
"8471794","DET",82,990,744,36,38,8,13,3,6,2,212,172,22,13,41.611016454699,35.1099946480244,8,25,59178,7010,7823,57.1,2.19,2.31,1.28,4.62,0.92,0.9884,11.3,5.98,2.531,2.136,74011,0.39,1.22,0.83
"8474090","DET",81,1123,901,36,42,3,6,0,2,0,23,124,2,11,48.526676198293,40.3366976004327,32,25,72319,2335,7425,55.5,1.79,2.09,0.45,3.08,0,1,3.08,5.33,2.416,2.008,82079,1.4,1.1,-0.3
"8474168","DET",75,455,572,14,22,3,5,0,0,0,7,229,0,12,19.4214259071159,24.8922810454387,12,5,39626,1724,8740,44.3,1.27,2,0.73,0,0,1,0,4.94,1.764,2.261,50090,0.86,0.36,-0.5
"8474679","DET",89,991,872,37,43,12,15,14,10,4,444,7,37,0,43.0501677548164,41.0569007224403,14,30,67994,12838,1700,53.2,1.96,2.28,1.43,6.73,8.47,0.4286,10.38,0,2.279,2.174,82532,0.61,1.31,0.7
"8475193","DET",89,1148,792,44,38,19,13,9,10,3,360,6,32,0,50.4543332829489,37.1789853600785,15,25,67373,11805,1471,59.2,2.35,2.03,1.71,5.79,7.34,0.5,9.76,0,2.696,1.987,80649,0.67,1.12,0.45
"8475250","CAR",54,648,503,21,19,5,9,2,2,1,115,0,10,0,29.5891293443274,22.666417626373,4,6,37812,3870,218,56.3,2,1.81,1.33,3.72,16.51,NA,9.3,0,2.817,2.158,41900,0.34,0.52,0.18
"8475772","DET",86,901,729,35,34,7,16,7,6,0,362,80,29,8,41.6026807957096,32.5236350969062,9,12,60772,11488,3059,55.3,2.07,2.01,1.36,4.07,0,1,9.09,9.41,2.464,1.927,75319,0.43,0.57,0.14
"8476430","DET",70,614,504,25,18,2,15,2,1,1,129,0,5,0,27.5001208196045,23.2348582747509,8,20,40009,5397,401,54.9,2.25,1.62,1.53,2,8.98,NA,3.34,0,2.474,2.091,45807,0.63,1.57,0.94
"8476822","DET",89,664,849,29,26,9,7,0,0,0,8,538,0,35,28.6662485926063,35.1268729243893,21,18,57449,3571,13016,43.9,1.82,1.63,1,0,0,1,0,9.68,1.796,2.201,74036,1.02,0.88,-0.14
"8477215","DET",87,1191,1054,54,50,2,19,0,6,1,162,312,11,17,51.533414295991,44.2740776123246,27,16,82242,8076,11188,53.1,2.36,2.19,0.92,2.67,0.32,0.9968,4.9,5.47,2.256,1.938,101506,0.96,0.57,-0.39
"8465185","FLA",66,1025,1006,44,42,3,4,0,0,0,6,350,0,23,43.9163713814924,41.4015331547707,10,6,66879,1681,9165,50.5,2.37,2.26,0.38,0,0,1,0,9.03,2.364,2.229,77725,0.46,0.28,-0.18
"8465978","FLA",46,351,362,7,20,1,4,0,0,0,4,0,0,0,12.0829219840234,15.0052454718971,10,4,25458,565,162,49.2,0.99,2.83,0.71,0,0,NA,0,0,1.709,2.122,26185,1.37,0.55,-0.82
"8466141","FLA",61,2453,2341,100,90,0,0,0,0,3,433,489,24,38,104.674465100223,95.9677210493246,0,6,166140,15377,15452,51.2,2.17,1.95,0,0,0.7,0.9939,5.62,8.85,2.268,2.079,196969,0,0.11,0.11
"8466160","TBL",94,667,652,20,22,3,5,0,0,0,11,4,1,0,28.6226112287259,24.6612102571526,28,17,48171,1639,429,50.6,1.49,1.64,0.6,0,0,1,2.2,0,2.139,1.843,50239,2.01,1.22,-0.79
"8466285","FLA",82,1359,1134,53,48,2,11,1,11,2,356,117,19,10,57.9477198314853,49.1417745873914,11,5,88819,11135,5866,54.5,2.15,1.95,0.53,3.88,1.23,0.9829,6.14,6.14,2.349,1.992,105820,0.37,0.17,-0.2
"8468001","FLA",82,639,667,11,31,3,4,1,0,0,19,326,1,20,23.1556947308709,26.5038344280329,20,18,48542,1470,8308,48.9,0.82,2.3,0.52,2.45,0,1,2.45,8.67,1.717,1.966,58320,1.23,1.11,-0.12
"8468504","FLA",78,875,824,42,30,9,19,5,4,1,229,1,14,0,39.3653165451251,35.7051799796754,10,5,59860,7605,979,51.5,2.53,1.8,1.68,4.26,3.68,0,6.63,0,2.367,2.147,68444,0.53,0.26,-0.27
"8468518","FLA",64,536,582,10,27,2,5,0,0,0,6,200,0,8,20.9860930853756,23.8040580142988,14,17,39727,991,6255,47.9,0.91,2.45,0.63,0,0,1,0,4.6,1.902,2.157,46973,1.07,1.3,0.23
"8469638","FLA",81,864,836,39,42,6,26,2,7,2,278,221,15,12,36.4245107186725,34.2356285303249,17,14,59077,8766,7112,50.8,2.38,2.56,1.95,3.7,1.01,0.991,6.16,6.07,2.22,2.086,74955,0.82,0.67,-0.15
"8470039","FLA",72,785,721,42,30,8,19,0,1,0,120,86,5,9,35.9725224334979,31.7203095736331,6,14,50616,4088,3810,52.1,2.99,2.13,1.92,0.88,0,1,4.4,8.5,2.559,2.256,58514,0.37,0.86,0.49
"8470047","TBL",108,1312,1299,53,62,9,27,4,16,5,458,212,35,15,51.7917198883952,54.7564875639509,14,29,89779,15864,9033,50.2,2.13,2.49,1.44,4.54,1.99,0.9764,7.94,5.98,2.077,2.196,114676,0.44,0.91,0.47
"8470105","FLA",63,578,559,16,24,7,6,0,1,1,39,149,3,17,23.6601317389286,22.5061730392044,14,19,39877,2026,4362,50.8,1.44,2.17,1.17,1.78,0.83,0.9933,5.33,14.03,2.136,2.032,46265,1.09,1.48,0.39
"8470176","FLA",59,651,571,26,28,9,8,0,2,0,32,7,2,2,30.4465251200018,24.8254186999984,15,12,41244,2050,767,53.3,2.27,2.44,1.48,3.51,0,1,3.51,9.39,2.658,2.167,44061,1.23,0.98,-0.25
"8470619","TBL",107,885,917,30,34,12,8,0,0,2,44,444,1,23,37.6090342415264,34.306903552555,22,22,65897,2783,11598,49.1,1.64,1.86,1.09,0,0.62,0.9955,1.29,7.14,2.055,1.874,80278,0.99,0.99,0
"8470640","TBL",84,1198,1135,48,47,3,16,1,0,0,48,266,5,17,50.3050228774082,47.1095854063751,14,9,78329,4115,8745,51.4,2.21,2.16,0.87,0.87,0,1,4.37,7,2.312,2.165,91189,0.55,0.36,-0.19
"8471245","FLA",53,569,574,27,25,4,10,0,5,1,95,140,8,13,25.0569207461085,26.2764386265189,23,7,40107,3761,4106,49.8,2.42,2.24,1.26,4.79,0.88,0.9929,7.66,11.4,2.249,2.359,47974,1.73,0.53,-1.2
"8471339","TBL",102,1323,1201,63,44,13,27,11,7,2,419,16,33,2,55.7459097990068,48.9130000227597,25,28,83589,14213,2721,52.4,2.71,1.89,1.72,4.56,2.65,0.875,8.36,2.65,2.401,2.107,100523,0.9,1,0.1
"8471750","TBL",87,3517,3243,168,129,0,3,0,3,7,637,759,55,40,153.712590562354,130.341252407816,4,18,230544,25057,24865,52,2.62,2.01,0.05,0.43,1.01,0.9908,7.9,5.79,2.4,2.035,280466,0.05,0.23,0.18
"8471873","TBL",108,1616,1298,85,64,6,21,2,15,4,303,466,29,23,73.6803858823841,56.0973807378905,17,16,104810,12438,13667,55.5,2.92,2.2,0.93,4.92,1.05,0.9914,8.39,6.06,2.531,1.927,130915,0.47,0.44,-0.03
"8473986","TBL",97,1273,1082,63,52,19,27,2,4,2,264,152,16,13,53.5264249641332,45.0635454443982,24,30,79426,10697,7082,54.1,2.86,2.36,2.08,2.02,1.02,0.9868,5.38,6.61,2.426,2.043,97205,0.89,1.11,0.22
"8474520","TBL",93,1261,1251,65,42,4,18,2,9,2,196,328,18,23,54.6937348927604,50.7054823377985,11,3,84513,8039,10890,50.2,2.77,1.79,0.94,4.93,0.66,0.9939,8.06,7.6,2.33,2.16,103442,0.38,0.1,-0.28
"8474564","TBL",108,1483,1344,75,63,31,22,13,18,6,491,23,43,2,63.8827743651927,56.9126723707304,27,39,95654,15527,3472,52.5,2.82,2.37,1.99,7.19,6.22,0.7391,9.97,2.07,2.404,2.142,114653,0.85,1.22,0.37
"8474870","TBL",103,1300,1118,82,44,27,35,10,14,2,329,312,36,20,61.6717021497316,47.5396267989418,19,40,79703,12467,9230,53.8,3.7,1.99,2.8,6.93,0.78,0.9936,10.4,7.8,2.786,2.147,101400,0.67,1.42,0.75
"8475153","FLA",44,497,535,19,26,2,5,0,1,0,36,111,2,9,19.7810068440158,22.1023740869714,10,7,34281,1712,4392,48.2,2,2.73,0.74,2.1,0,1,4.21,7.38,2.077,2.321,40385,0.89,0.62,-0.27
"8475167","TBL",85,1379,1145,75,50,7,24,4,11,3,307,345,19,19,60.0738527745707,46.610704354709,18,17,86525,10869,10778,54.6,3.12,2.08,1.29,4.97,1,0.9913,6.29,6.35,2.499,1.939,108172,0.6,0.57,-0.03
"8475179","FLA",73,1057,1007,46,42,2,13,1,5,1,163,319,12,22,46.7413020274253,43.9843352375901,14,7,69801,7076,8302,51.2,2.37,2.17,0.77,3.05,0.43,0.9969,6.11,9.54,2.411,2.269,85179,0.59,0.3,-0.29
"8475462","TBL",31,497,451,16,19,2,3,0,0,0,3,38,0,3,21.3901066046674,18.5334224649705,12,3,27659,577,1727,52.4,2.08,2.47,0.65,0,0,1,0,6.25,2.784,2.412,29963,1.44,0.36,-1.08
"8475760","FLA",72,846,835,36,36,13,14,7,5,5,252,46,17,7,38.2067399675725,35.607819496654,19,19,55452,7708,2830,50.3,2.34,2.34,1.75,5.6,6.36,0.8913,7.94,8.9,2.48,2.312,65990,1.04,1.04,0
"8475790","FLA",76,988,1012,42,44,4,5,0,4,1,97,248,7,22,41.5739086679532,44.7447850394528,18,14,66477,4630,8200,49.4,2.27,2.38,0.49,3.11,0.44,0.996,5.44,9.66,2.251,2.423,79307,0.82,0.64,-0.18
"8475792","TBL",55,505,408,19,15,10,4,2,1,0,135,2,12,0,20.8797760034795,16.8161464008153,19,8,32522,5360,275,55.3,2.1,1.66,1.55,2.01,0,1,8.06,0,2.311,1.861,38157,1.79,0.75,-1.04
"8476292","TBL",101,1293,1071,79,40,14,41,7,10,6,313,290,34,18,63.300980963686,46.7003866161685,18,22,79039,11669,9617,54.7,3.6,1.82,2.51,5.24,2.25,0.9793,10.49,6.74,2.883,2.127,100325,0.65,0.79,0.14
"8476453","TBL",108,1371,1109,90,47,30,27,5,18,2,340,5,35,1,66.6137036443688,47.3800962144742,13,19,79403,13193,1052,55.3,4.08,2.13,2.58,6.28,6.84,0.6,9.55,3.42,3.02,2.148,93648,0.5,0.73,0.23
"8476456","FLA",79,986,907,51,36,14,26,0,12,4,271,9,19,1,43.7543282431434,39.8084458933445,19,29,62566,8454,1493,52.1,2.93,2.07,2.3,5.11,9.65,0.5556,8.09,2.41,2.518,2.291,72513,0.94,1.44,0.5
"8476480","TBL",55,416,451,19,19,8,7,1,0,2,45,38,2,3,18.881685070286,18.6766259404249,6,12,31660,2374,1382,48,2.16,2.16,1.71,1.52,5.21,0.9474,3.03,7.81,2.147,2.124,35416,0.61,1.22,0.61
"8476806","TBL",76,628,650,20,26,4,7,0,0,0,4,106,0,4,26.2152592576458,26.2972445607884,10,14,45004,1255,3439,49.1,1.6,2.08,0.88,0,0,1,0,4.19,2.097,2.104,49698,0.72,1.01,0.29
"8477205","TBL",98,1251,1264,58,48,1,13,0,1,0,10,185,1,12,54.5337820089771,48.7246513643186,26,7,87029,1682,7596,49.7,2.4,1.99,0.58,2.14,0,1,2.14,5.69,2.256,2.016,96307,0.97,0.26,-0.71
"8477493","FLA",71,871,798,36,35,13,15,3,4,3,225,46,17,2,37.5889187736902,34.7319104665075,8,10,57152,7403,2778,52.2,2.27,2.2,1.76,3.4,3.89,0.9348,8.27,2.59,2.368,2.188,67333,0.43,0.53,0.1
"8477932","FLA",81,1304,1120,59,44,6,16,6,7,4,329,46,22,4,57.3812119108625,47.8261154415086,16,15,84981,10318,3082,53.8,2.5,1.86,0.93,4.54,4.67,0.913,7.68,4.67,2.431,2.026,98381,0.59,0.55,-0.04
"8466378","NYR",93,1128,1250,55,45,15,25,6,10,4,479,7,27,0,57.4924616774078,59.545340239536,12,20,77609,11838,1495,47.4,2.55,2.09,1.86,4.87,9.63,0.4286,8.21,0,2.667,2.762,90942,0.48,0.79,0.31
"8467096","NYR",84,1316,1149,45,32,8,7,4,10,3,384,83,24,8,59.4805716245901,51.7838424855145,11,7,81032,10713,4749,53.4,2,1.42,0.67,4.7,2.27,0.9639,8.06,6.06,2.643,2.301,96494,0.41,0.26,-0.15
"8467890","STL",86,1088,974,38,41,2,11,0,0,0,0,259,0,16,47.4981064589811,40.4831341978861,13,13,71378,866,10064,52.8,1.92,2.07,0.66,0,0,1,0,5.72,2.396,2.042,82308,0.57,0.57,0
"8467917","MIN",52,517,651,15,23,0,3,1,0,0,20,32,1,3,22.2855945373303,23.7111772910575,7,3,40774,1150,1626,44.3,1.32,2.03,0.26,3.13,0,1,3.13,6.64,1.968,2.093,43550,0.58,0.25,-0.33
"8468505","STL",84,632,691,16,25,3,8,0,0,0,20,163,2,10,24.0440428431029,29.7828460630844,31,23,49742,1817,5707,47.8,1.16,1.81,0.8,0,0,1,3.96,6.31,1.74,2.155,57266,1.95,1.45,-0.5
"8468575","NYR",101,972,1082,33,44,8,14,0,1,0,11,277,1,21,42.6527960664826,49.4234930117964,20,18,70403,1458,8838,47.3,1.69,2.25,1.12,2.47,0,1,2.47,8.55,2.181,2.527,80699,0.89,0.8,-0.09
"8468685","NYR",65,2815,2949,124,104,0,1,0,0,4,545,428,39,34,131.076632189623,132.528048814449,0,5,189155,17219,15778,48.8,2.36,1.98,0.02,0,0.91,0.9907,8.15,7.76,2.495,2.522,222152,0,0.08,0.08
"8470041","NYR",98,1245,1211,71,40,31,27,8,7,2,446,166,31,14,60.6397775171208,54.3418898774544,20,19,76640,12206,7080,50.7,3.34,1.88,2.72,4.42,1.02,0.988,9.14,7.12,2.848,2.553,95926,0.75,0.71,-0.04
"8470151","STL",78,1234,1199,58,46,2,5,0,4,1,120,343,7,23,55.6115015925607,50.8694447134039,13,2,80397,6748,10108,50.7,2.6,2.06,0.31,2.13,0.36,0.9971,3.73,8.19,2.49,2.278,97253,0.48,0.07,-0.41
"8470152","STL",53,465,446,8,22,2,3,2,3,0,64,2,5,0,17.198460149928,18.9970509990235,6,8,30615,2947,401,51,0.94,2.59,0.59,6.11,0,1,6.11,0,2.022,2.234,33963,0.64,0.85,0.21
"8470257","STL",80,1114,980,54,44,14,23,8,18,5,465,205,39,15,51.6685442492017,42.9962608653004,15,30,69638,11283,5976,53.2,2.79,2.27,1.91,8.3,3.01,0.9756,12.44,9.04,2.671,2.223,86897,0.62,1.24,0.62
"8470630","NYR",79,1128,1201,60,43,7,20,0,0,0,9,204,0,17,52.8574692544062,56.2617779015563,5,5,74641,1504,8068,48.4,2.89,2.07,1.3,0,0,1,0,7.59,2.549,2.714,84213,0.21,0.21,0
"8470654","STL",85,526,661,16,32,2,9,0,0,0,5,305,0,14,21.8415144731407,30.3312676696805,16,10,44846,1133,8574,44.3,1.28,2.57,0.88,0,0,1,0,5.88,1.753,2.435,54553,1.06,0.66,-0.4
"8470655","STL",86,1112,1094,58,45,16,25,10,6,3,349,256,32,16,49.2771025712136,45.968985411746,33,29,71679,9986,6592,50.4,2.91,2.26,2.06,5.77,1.64,0.9883,11.54,8.74,2.475,2.309,88257,1.35,1.18,-0.17
"8470740","NYR",75,747,743,34,25,15,10,0,1,1,96,38,4,2,34.9175775115145,35.9750093938201,10,15,49561,4145,2140,50.1,2.47,1.82,1.82,0.87,1.68,0.9737,3.47,3.36,2.536,2.613,55846,0.64,0.97,0.33
"8470854","NYR",85,586,753,17,33,1,5,0,0,0,3,121,0,5,23.5537999264197,33.8903373524663,17,12,44916,624,4897,43.8,1.36,2.64,0.48,0,0,1,0,3.68,1.888,2.716,50437,1.21,0.86,-0.35
"8470880","STL",47,1894,1750,91,68,0,1,0,1,5,339,317,23,18,85.5593976965756,70.5049690763117,0,1,121952,11503,11414,52,2.69,2.01,0.03,0.31,1.58,0.9842,7.2,5.68,2.526,2.081,144869,0,0.02,0.02
"8471669","STL",80,1092,913,46,39,8,19,7,8,1,326,112,27,2,49.3960640792502,39.7809143299819,22,10,66035,9110,4586,54.5,2.51,2.13,1.47,5.93,0.78,0.9911,10.67,1.57,2.693,2.169,79731,0.99,0.45,-0.54
"8471686","NYR",99,1511,1732,64,62,5,12,0,0,0,9,285,0,23,72.8814865680761,79.6206585539039,26,10,103965,2722,11576,46.6,2.22,2.15,0.59,0,0,1,0,7.15,2.524,2.757,118263,0.79,0.3,-0.49
"8471698","STL",78,1098,1017,57,45,15,26,3,10,1,308,134,25,11,49.2100832746946,43.0608302946785,22,28,66597,9461,5466,51.9,3.08,2.43,2.22,4.95,0.66,0.9925,9.51,7.24,2.66,2.328,81524,0.97,1.24,0.27
"8471817","STL",87,527,606,17,19,7,6,0,0,0,2,1,0,0,21.2142190395971,25.8630539500155,23,15,42910,850,189,46.5,1.43,1.59,1.09,0,0,1,0,0,1.78,2.17,43949,1.88,1.23,-0.65
"8471958","NYR",101,1524,1781,76,69,3,17,1,2,0,203,373,13,23,71.8335113077192,79.8602257739403,13,15,105016,8805,12456,46.1,2.61,2.37,0.69,1.23,0,1,5.32,6.65,2.462,2.738,126277,0.37,0.43,0.06
"8473534","STL",83,974,802,40,35,13,15,0,1,1,79,92,3,10,40.6856651438866,32.335049024201,13,9,61282,4503,3925,54.8,2.35,2.06,1.64,0.8,0.92,0.9891,2.4,9.17,2.39,1.9,69710,0.67,0.46,-0.21
"8473544","NYR",99,1317,1189,69,49,16,33,8,15,4,516,26,36,2,63.2820388794062,55.5337077717995,27,27,80366,13210,2435,52.6,3.09,2.19,2.19,6.27,5.91,0.8462,9.81,2.96,2.835,2.488,96011,1.01,1.01,0
"8474013","STL",79,1118,955,45,30,4,13,0,1,1,68,47,3,3,50.7291821112158,41.3971734967781,22,19,68533,3469,3031,53.9,2.36,1.58,0.89,1.04,1.19,0.9787,3.11,3.56,2.665,2.175,75033,1.06,0.91,-0.15
"8474031","STL",62,1019,841,53,28,4,19,4,22,3,368,122,39,10,46.7163376703975,35.1353264838108,12,7,63401,8791,6390,54.8,3.01,1.59,1.31,10.65,1.69,0.9754,15.97,5.63,2.653,1.995,78582,0.55,0.32,-0.23
"8474151","NYR",90,1421,1477,71,59,6,14,4,10,2,333,318,19,17,65.6887012671214,66.7649632514222,17,14,94683,11573,10489,49,2.7,2.24,0.76,4.35,0.69,0.9937,5.91,5.83,2.498,2.539,116745,0.52,0.43,-0.09
"8474176","NYR",101,1208,1178,53,45,14,19,1,0,0,10,271,1,18,55.4604240639019,58.1349087453564,25,28,78874,2304,8440,50.6,2.42,2.05,1.51,1.56,0,1,1.56,7.68,2.531,2.653,89618,1,1.12,0.12
"8474565","STL",87,1507,1429,63,61,5,25,1,11,2,315,419,20,29,64.4007061492302,64.4346957232337,14,22,97874,12219,12001,51.3,2.32,2.24,1.1,3.54,0.6,0.9952,5.89,8.7,2.369,2.37,122094,0.41,0.65,0.24
"8474627","STL",80,920,841,53,33,11,22,2,5,3,296,40,22,3,41.1861760421889,33.3010661755688,24,11,59973,8894,3747,52.2,3.18,1.98,1.98,2.83,2.88,0.925,8.9,2.88,2.472,1.999,72614,1.19,0.55,-0.64
"8475184","NYR",99,1254,1265,62,36,19,24,8,1,5,350,0,18,0,61.9000429279986,59.8958472250379,30,27,79019,10814,618,49.8,2.82,1.64,1.96,3,29.13,NA,5.99,0,2.82,2.729,90451,1.19,1.07,-0.12
"8475186","NYR",57,750,733,28,26,2,5,0,4,1,113,18,5,2,33.5741700281505,32.8766399493325,5,4,47633,3668,1455,50.6,2.12,1.97,0.53,3.93,2.47,0.9444,4.91,4.95,2.537,2.485,52756,0.34,0.27,-0.07
"8475692","NYR",83,1116,1011,61,43,15,26,0,7,1,262,46,15,2,52.3137977992883,44.3723796505365,20,27,66791,9987,3038,52.5,3.29,2.32,2.21,2.52,1.18,0.9783,5.41,2.37,2.82,2.392,79816,0.9,1.22,0.32
"8475765","STL",83,1185,963,66,38,28,25,10,10,5,378,6,32,0,55.4315367507515,41.671111085685,13,26,69412,9982,2595,55.2,3.42,1.97,2.75,7.21,6.94,0.1667,11.54,0,2.875,2.161,81989,0.57,1.14,0.57
"8475768","STL",81,1097,979,48,39,17,24,8,9,4,321,125,25,7,50.5359784381581,41.1260788790532,8,10,67318,8887,6402,52.8,2.57,2.09,2.19,6.89,2.25,0.968,10.13,3.94,2.703,2.199,82607,0.35,0.44,0.09
"8475855","NYR",77,744,788,30,31,8,10,0,1,0,5,118,1,5,31.6558536152006,33.9230886345031,5,9,50159,1053,4967,48.6,2.15,2.22,1.29,3.42,0,1,3.42,3.62,2.272,2.435,56179,0.32,0.58,0.26
"8476468","NYR",77,889,849,39,29,9,14,2,3,1,128,5,9,0,38.7463722629473,37.5609736442566,5,11,53128,5803,363,51.2,2.64,1.97,1.56,3.1,9.92,0.8,5.58,0,2.625,2.545,59294,0.3,0.67,0.37
"8477407","NYR",18,161,153,8,3,1,5,0,1,1,37,0,1,0,6.98479038249934,7.07304351520725,2,4,11000,1693,85,51.3,2.62,0.98,1.96,2.13,42.35,NA,2.13,0,2.286,2.315,12778,0.56,1.13,0.57
"8464956","OTT",36,473,593,17,20,0,2,0,1,1,10,198,1,6,19.271488386963,26.0588935567066,6,3,35268,1211,4958,44.4,1.74,2.04,0.2,2.97,0.73,0.9949,2.97,4.36,1.967,2.66,41437,0.52,0.26,-0.26
"8466140","NSH",62,626,595,16,9,4,5,0,0,0,23,124,0,10,25.9760149884969,22.0339470573235,14,10,40761,2114,4372,51.3,1.41,0.79,0.79,0,0,1,0,8.23,2.294,1.946,47247,1.07,0.76,-0.31
"8467330","OTT",83,668,695,22,23,3,7,6,6,4,360,234,21,15,27.0037921018666,28.7131496819202,16,8,49406,9094,6793,49,1.6,1.68,0.73,4.75,2.12,0.9829,8.31,7.95,1.968,2.092,65293,0.88,0.44,-0.44
"8467371","NSH",88,1498,1148,74,54,15,32,1,13,2,397,1,25,0,62.4765038322075,49.3735981843784,13,16,78137,13132,2073,56.6,3.41,2.49,2.17,3.84,3.47,-1,6.85,0,2.878,2.275,93342,0.5,0.62,0.12
"8467493","OTT",40,279,336,10,8,1,3,1,0,0,6,0,1,0,10.1312487120158,14.0542739580851,9,8,21647,650,250,45.4,1.66,1.33,0.67,5.54,0,NA,5.54,0,1.685,2.337,22547,1.44,1.28,-0.16
"8467950","OTT",39,1674,1688,66,58,0,0,0,0,2,377,369,20,21,69.7537307771272,68.0296621797024,2,4,106795,11846,12188,49.8,2.22,1.96,0,0,0.59,0.9946,6.08,6.2,2.351,2.293,130829,0.06,0.11,0.05
"8468501","NSH",47,528,497,25,20,0,7,0,0,0,1,58,0,7,21.1438867201796,19.662654820364,8,3,33017,412,3159,51.5,2.73,2.18,0.76,0,0,1,0,7.98,2.305,2.144,36588,0.79,0.3,-0.49
"8468700","NSH",79,507,722,20,14,4,9,0,0,0,16,292,0,20,20.6252432003384,24.9606355683063,20,14,47991,1549,6859,41.3,1.5,1.05,0.98,0,0,1,0,10.5,1.547,1.872,56399,1.28,0.89,-0.39
"8469485","EDM",72,844,900,36,45,8,16,4,3,2,173,35,12,2,38.1838724404806,41.5311832986772,11,15,55062,7129,1824,48.4,2.35,2.94,1.57,3.53,3.95,0.9429,6.06,3.95,2.496,2.715,64015,0.62,0.84,0.22
"8470180","NSH",60,442,580,16,17,5,4,0,0,0,2,214,0,12,16.1032403929858,20.9009758426109,5,11,38602,1003,5348,43.2,1.49,1.59,0.84,0,0,1,0,8.08,1.502,1.949,44953,0.4,0.88,0.48
"8470599","OTT",72,789,827,31,35,8,14,5,5,1,250,204,17,9,31.5816569240415,34.2265218505636,16,19,51687,7841,7245,48.8,2.16,2.44,1.53,4.59,0.5,0.9951,7.81,4.47,2.2,2.384,66773,0.86,1.02,0.16
"8470642","NSH",80,1535,1502,64,43,8,18,5,10,1,389,333,21,24,62.5007085106918,55.6577219958999,27,13,92965,12587,9390,50.5,2.48,1.67,1.01,4.29,0.38,0.997,6.01,9.2,2.42,2.155,114942,0.85,0.41,-0.44
"8470667","OTT",68,843,829,35,35,11,14,6,4,4,353,41,21,2,36.3868613693048,36.6787809975795,21,26,51926,9793,2080,50.4,2.43,2.43,1.73,3.68,6.92,0.9024,7.72,3.46,2.523,2.543,63799,1.18,1.47,0.29
"8471469","NSH",70,3341,3070,156,107,0,2,0,0,4,598,492,32,35,142.519060435821,117.224786150036,4,6,204821,20803,16507,52.1,2.74,1.88,0.04,0,0.87,0.9919,5.54,7.63,2.505,2.06,242131,0.06,0.09,0.03
"8471676","OTT",84,1054,1093,48,44,13,21,5,10,1,443,15,25,2,46.1131564914831,45.8935519160586,12,19,65678,13323,2142,49.1,2.63,2.41,1.86,4.05,1.68,0.9333,6.76,3.36,2.528,2.516,81143,0.53,0.84,0.31
"8471707","NSH",73,1196,905,59,40,19,14,3,1,1,329,0,19,0,50.3444390273071,36.0516258941498,24,25,63112,9469,1435,56.9,3.37,2.28,1.88,1.52,2.51,NA,7.22,0,2.872,2.056,74016,1.17,1.22,0.05
"8471733","NSH",1,1,6,0,0,0,0,0,0,0,0,0,0,0,0.0268643945455551,0.0927012674510479,0,0,330,0,0,14.3,0,0,0,NA,NA,NA,NA,NA,0.293,1.011,330,0,0,0
"8473468","OTT",81,860,975,36,39,0,11,0,0,0,3,330,0,19,34.204039837874,40.0450779663515,28,16,62287,1129,9542,46.9,2.08,2.25,0.64,0,0,1,0,7.17,1.977,2.314,72958,1.38,0.79,-0.59
"8474068","OTT",88,1232,1212,57,53,12,24,5,13,5,475,115,30,4,52.7565876233275,52.1768400082365,22,31,74208,13326,4573,50.4,2.77,2.57,1.75,4.86,3.94,0.9565,8.1,3.15,2.559,2.531,92107,0.86,1.21,0.35
"8474250","OTT",40,321,362,3,13,2,0,0,0,0,5,57,0,2,11.6456622107653,15.3613716139807,9,11,24559,933,1708,47,0.44,1.91,0.29,0,0,1,0,4.22,1.707,2.252,27200,1.19,1.46,0.27
"8474569","NSH",83,1169,989,49,30,17,17,7,4,1,315,3,20,1,52.2807224135613,37.3001121128327,11,15,64785,10655,997,54.2,2.72,1.67,1.89,3.72,3.61,0.6667,6.76,3.61,2.905,2.073,76437,0.52,0.71,0.19
"8474578","OTT",88,1826,1615,77,69,14,19,7,26,5,761,60,46,6,76.3830137614277,68.7645868695108,22,21,105845,20325,5296,53.1,2.62,2.35,1.12,5.85,3.4,0.9167,8.15,4.08,2.598,2.339,131466,0.6,0.58,-0.02
"8474600","NSH",87,1680,1678,72,52,11,22,3,11,3,400,357,26,25,68.1537803821848,60.463787290093,13,19,103323,13607,10062,50,2.51,1.81,1.15,3.7,1.07,0.9916,6.88,8.94,2.375,2.107,126992,0.37,0.54,0.17
"8474697","OTT",69,778,888,35,28,1,8,0,0,0,2,264,0,14,31.5499272730667,36.2781147561036,24,8,55545,633,7127,46.7,2.27,1.81,0.58,0,0,1,0,7.07,2.045,2.351,63305,1.36,0.45,-0.91
"8474884","OTT",85,975,906,53,37,23,18,1,3,2,230,7,12,0,43.5217875097878,37.7384196346975,8,12,59188,8215,1056,51.8,3.22,2.25,2.49,1.75,6.82,0.7143,5.26,0,2.647,2.295,68459,0.42,0.63,0.21
"8475163","OTT",80,740,730,23,33,7,11,3,3,0,256,82,15,5,29.195382193313,30.5353962918161,25,9,48776,7416,3978,50.3,1.7,2.44,1.33,2.91,0,1,7.28,4.52,2.155,2.254,60170,1.5,0.54,-0.96
"8475174","OTT",54,724,780,29,45,2,4,0,0,0,3,172,0,16,30.7461092753801,33.2062071579276,15,9,47545,904,6652,48.1,2.2,3.41,0.45,0,0,1,0,8.66,2.328,2.514,55101,0.98,0.59,-0.39
"8475176","NSH",64,1000,837,50,35,7,15,2,6,2,235,71,12,3,42.9007127067307,32.2961969105527,7,14,61078,7850,3009,54.4,2.95,2.06,1.3,3.67,2.39,0.9718,5.5,3.59,2.529,1.904,71937,0.35,0.7,0.35
"8475218","NSH",86,1361,1112,66,49,6,10,1,1,0,75,176,6,7,59.6613167230971,45.849765733059,27,15,83282,4103,7792,55,2.85,2.12,0.69,1.75,0,1,5.26,3.23,2.579,1.982,95177,1.02,0.57,-0.45
"8475225","NSH",88,1253,1037,64,43,18,20,6,4,3,322,0,19,0,54.4824758305331,44.8788215575041,21,21,67147,11533,1077,54.7,3.43,2.31,2.04,3.12,10.03,NA,5.93,0,2.921,2.406,79757,0.95,0.95,0
"8475268","NSH",74,603,692,14,28,2,9,0,0,1,28,145,0,9,23.94115183549,22.7776393925888,6,7,46372,1897,4440,46.6,1.09,2.17,0.85,0,0.81,0.9931,0,7.3,1.859,1.768,52709,0.41,0.48,0.07
"8475714","NSH",80,838,733,30,30,7,12,0,0,0,23,165,2,14,36.3815287493635,29.4608577240724,9,17,52723,1643,6303,53.3,2.05,2.05,1.3,0,0,1,4.38,8,2.484,2.012,60669,0.53,1.01,0.48
"8475913","OTT",86,1090,1010,57,43,18,27,5,10,3,348,222,26,8,46.6842427858501,42.8591402941965,8,16,64876,10308,6784,51.9,3.16,2.39,2.5,5.24,1.59,0.9865,9.08,4.25,2.591,2.378,81968,0.35,0.7,0.35
"8476459","OTT",86,1023,1037,43,40,14,14,5,12,1,409,22,24,2,43.1329989112564,41.630762695102,10,25,63719,11815,2664,49.7,2.43,2.26,1.58,5.18,1.35,0.9545,7.31,2.7,2.437,2.352,78198,0.46,1.15,0.69
"8476879","OTT",87,1165,1237,46,50,4,13,1,3,1,124,338,5,18,50.8846428011311,50.6639773988281,3,6,75805,6778,10576,48.5,2.18,2.37,0.81,2.12,0.34,0.997,2.66,6.13,2.417,2.406,93159,0.12,0.23,0.11
"8476887","NSH",88,1365,1025,69,43,22,23,6,13,3,391,2,25,0,56.8701744339778,42.0283626069431,14,25,72564,11355,1538,57.1,3.42,2.13,2.23,6.02,7.02,-0.5,7.93,0,2.821,2.085,85457,0.59,1.05,0.46
"8477495","NSH",88,1320,1163,49,49,4,10,2,12,3,279,209,19,20,55.7726404730347,47.1434837305569,13,16,83082,10571,8327,53.2,2.12,2.12,0.61,4.77,1.3,0.9856,6.47,8.65,2.417,2.043,101980,0.46,0.56,0.1
"8477508","OTT",73,825,783,32,34,6,7,0,0,0,12,52,0,7,36.7483057767968,31.3530545944814,8,10,51042,1614,2272,51.3,2.26,2.4,0.92,0,0,1,0,11.09,2.592,2.211,54928,0.52,0.66,0.14
"8466148","CHI",105,1551,1273,69,47,13,33,7,15,3,400,236,27,20,69.6157246028306,57.8794422300998,21,18,85996,13403,9492,54.9,2.89,1.97,1.93,5.91,1.14,0.9873,7.25,7.59,2.914,2.423,108891,0.69,0.6,-0.09
"8467389","CHI",99,1319,1188,63,43,12,27,3,8,7,310,1,17,0,53.271855719795,57.1196122022811,10,9,75828,11633,1141,52.6,2.99,2.04,1.85,3.4,22.09,-6,5.26,0,2.529,2.712,88602,0.41,0.37,-0.04
"8467423","DAL",76,765,687,31,22,6,16,4,1,2,161,100,12,11,33.643757336773,30.3793178682681,11,2,45895,7534,4416,52.7,2.43,1.73,1.73,2.39,1.63,0.98,5.73,8.97,2.639,2.383,57845,0.68,0.12,-0.56
"8469455","DAL",82,1142,950,50,43,12,18,4,22,3,523,9,41,2,50.4031012059422,41.8430522233248,14,15,64754,12788,1568,54.6,2.78,2.39,1.67,7.32,6.89,0.6667,11.54,4.59,2.802,2.326,79110,0.64,0.68,0.04
"8469466","DAL",76,900,831,37,41,8,14,1,7,2,185,0,11,0,38.3959341673763,35.8511594588635,8,15,49928,8900,814,52,2.67,2.96,1.59,3.24,8.85,NA,4.45,0,2.768,2.585,59642,0.48,0.91,0.43
"8469544","CHI",91,1258,1043,51,53,11,26,9,9,2,396,4,24,0,51.1765156761976,47.9561419488746,18,19,72438,11627,1163,54.7,2.53,2.63,1.84,5.57,6.19,0.5,7.43,0,2.543,2.383,85228,0.76,0.8,0.04
"8469665","CHI",99,1717,1688,59,61,2,13,0,0,0,15,291,1,18,72.2638373711379,73.0599221209995,16,16,108066,2626,10235,50.4,1.97,2.03,0.5,0,0,1,1.37,6.33,2.407,2.434,120927,0.48,0.48,0
"8469759","DAL",80,767,774,32,40,9,15,3,0,0,43,303,5,14,35.3637903339113,32.5703572587227,12,26,49769,3157,7161,49.8,2.31,2.89,1.74,3.42,0,1,5.7,7.04,2.558,2.356,60087,0.72,1.56,0.84
"8470110","DAL",68,1012,1199,48,53,7,15,6,6,3,284,324,22,21,47.6884176474414,52.668840571132,17,11,67358,9465,9081,45.8,2.57,2.83,1.18,4.56,1.19,0.9907,8.37,8.33,2.549,2.815,85904,0.71,0.46,-0.25
"8470140","DAL",65,2944,2799,136,123,0,2,0,1,3,579,529,39,36,134.215664381802,121.241305489792,1,4,171752,19663,17738,51.3,2.85,2.58,0.04,0.18,0.61,0.9943,7.14,7.31,2.813,2.541,209153,0.02,0.07,0.05
"8470281","CHI",103,2211,1791,90,72,10,27,3,17,3,574,388,36,21,92.1744084631791,82.5968146714149,12,5,126522,14358,11313,55.2,2.56,2.05,1.05,5.01,0.95,0.9923,9.03,6.68,2.623,2.35,152193,0.28,0.12,-0.16
"8470607","CHI",105,1956,1772,69,66,10,14,5,11,4,376,304,25,22,82.4493016560446,79.663875168073,16,10,111833,12648,11021,52.5,2.22,2.12,0.77,4.55,1.31,0.9868,7.12,7.19,2.654,2.564,135502,0.43,0.27,-0.16
"8470622","DAL",47,580,492,30,18,7,10,6,3,2,172,15,17,0,26.8610672247014,18.8174886482884,4,13,32103,4014,1056,54.1,3.36,2.02,1.91,8.07,6.82,0.8667,15.25,0,3.012,2.11,37173,0.39,1.26,0.87
"8470645","CHI",77,3706,3301,134,130,0,1,0,0,5,627,478,44,30,152.532952574024,147.659065019572,4,8,220304,21194,16091,52.9,2.19,2.12,0.02,0,1.12,0.9895,7.47,6.71,2.493,2.413,257589,0.06,0.11,0.05
"8470666","CHI",39,293,295,11,8,4,4,0,0,0,0,0,0,0,11.3447801581933,12.956456735963,7,14,18558,368,58,49.8,2.13,1.55,1.55,0,0,NA,0,0,2.201,2.513,18984,1.33,2.65,1.32
"8471254","CHI",98,1136,1031,43,34,10,16,1,3,2,101,1,7,0,45.8446467421018,47.4740268985624,21,22,66920,4694,591,52.4,2.31,1.83,1.4,3.07,12.18,-1,5.37,0,2.466,2.554,72205,1.05,1.1,0.05
"8471274","DAL",81,1523,1317,70,62,4,20,0,8,2,230,394,15,25,67.6205705144093,55.0465619017486,12,15,85412,9783,11063,53.6,2.95,2.61,1.01,2.94,0.65,0.9949,5.52,8.14,2.85,2.32,106258,0.41,0.51,0.1
"8471769","CHI",105,1900,1771,74,54,3,17,0,1,0,11,401,1,20,81.4335684705875,78.0531323333271,26,7,121029,3663,11200,51.8,2.2,1.61,0.59,0.98,0,1,0.98,6.43,2.422,2.322,135892,0.69,0.19,-0.5
"8473604","CHI",104,1586,1296,68,43,20,31,9,13,3,602,206,41,13,70.2812884243904,60.0933925148565,22,33,91120,13043,8076,55,2.69,1.7,2.01,6.07,1.34,0.9854,11.32,5.79,2.777,2.374,112239,0.71,1.06,0.35
"8473994","DAL",82,1254,1039,67,53,21,32,10,13,3,517,191,41,12,59.4739391824114,47.1621441079187,22,30,69885,12538,7454,54.7,3.45,2.73,2.73,6.6,1.45,0.9843,11.77,5.8,3.064,2.429,89877,0.88,1.2,0.32
"8474098","DAL",71,828,716,35,31,9,13,0,4,1,105,31,9,4,36.4512638126616,29.488513495191,4,5,45747,4926,1803,53.6,2.75,2.44,1.73,2.92,2,0.9677,6.58,7.99,2.868,2.321,52476,0.27,0.34,0.07
"8474141","CHI",84,1306,1198,61,47,27,21,8,20,3,512,1,39,0,54.3309717503726,55.9737035210128,5,20,79788,11629,1421,52.2,2.75,2.12,2.17,8.67,7.6,-2,12.07,0,2.451,2.526,92838,0.19,0.78,0.59
"8474727","CHI",80,742,752,18,18,6,5,0,0,0,13,314,2,10,31.0118819572963,28.7844414521242,1,9,51010,2090,7772,49.7,1.27,1.27,0.78,0,0,1,3.44,4.63,2.189,2.031,60872,0.06,0.53,0.47
"8474818","DAL",73,1127,940,44,52,2,12,0,2,1,58,215,4,15,51.6998828306096,39.3456692121108,17,6,64563,3573,7964,54.5,2.45,2.9,0.78,2.02,0.45,0.9953,4.03,6.78,2.883,2.194,76100,0.8,0.28,-0.52
"8474849","DAL",80,979,960,33,51,12,8,0,3,0,81,234,3,14,41.586674366612,38.0999084477662,29,22,55491,3501,6373,50.5,2.14,3.31,1.3,3.08,0,1,3.08,7.91,2.698,2.472,65365,1.6,1.21,-0.39
"8475182","CHI",54,657,497,35,17,3,9,0,1,1,27,1,1,0,27.555463151657,23.1880150883226,5,4,36232,1821,557,56.9,3.48,1.69,1.19,1.98,6.46,0,1.98,0,2.738,2.304,38610,0.47,0.37,-0.1
"8475214","CBJ",43,397,347,15,14,2,4,0,0,0,15,0,0,0,17.2941940859891,16.1233755637659,9,10,24821,870,166,53.4,2.18,2.03,0.87,0,0,NA,0,0,2.508,2.339,25857,1.25,1.39,0.14
"8475236","DAL",78,1007,1001,47,49,13,15,2,2,1,154,246,8,18,43.7369176276843,43.1500685086357,13,15,59454,6700,7714,50.1,2.85,2.97,1.7,2.15,0.47,0.9959,4.3,8.4,2.648,2.613,73868,0.63,0.73,0.1
"8475246","CBJ",62,795,867,43,42,7,8,0,3,1,146,1,10,0,35.5083166752011,43.9139172734576,15,6,51728,5057,1044,47.8,2.99,2.92,1.04,2.14,3.45,0,7.12,0,2.471,3.056,57829,0.93,0.37,-0.56
"8475323","CHI",104,1083,988,25,39,8,10,1,0,0,4,404,1,20,44.9970263011055,41.035134925507,18,18,69497,2016,10017,52.3,1.3,2.02,0.93,1.79,0,1,1.79,7.19,2.331,2.126,81530,0.79,0.79,0
"8475455","SJS",80,1380,1298,42,61,1,5,0,0,0,9,184,0,17,57.4520176380174,54.4695633790107,26,18,80195,2030,6554,51.5,1.89,2.74,0.27,0,0,1,0,9.34,2.579,2.445,88779,1.05,0.73,-0.32
"8475747","DAL",22,324,283,10,12,0,3,0,0,0,1,30,0,6,12.6344985885662,12.6163951235358,3,3,18415,272,1499,53.4,1.95,2.35,0.59,0,0,1,0,14.41,2.47,2.466,20186,0.54,0.54,0
"8475794","DAL",71,1107,938,58,46,21,24,13,16,3,485,6,37,0,53.0271870867582,43.3516619128641,10,15,62893,12100,1349,54.1,3.32,2.63,2.58,8.63,8.01,0.5,11.01,0,3.035,2.481,76342,0.47,0.71,0.24
"8476116","DAL",67,767,772,31,44,5,17,0,0,0,8,153,0,12,33.3587185599608,31.7189538292005,25,18,44441,1555,5193,49.8,2.51,3.56,1.78,0,0,1,0,8.32,2.702,2.569,51189,1.76,1.27,-0.49
"8476381","CHI",102,1190,1035,32,50,10,12,7,3,2,489,14,31,2,50.0422336363117,47.3417092614691,28,35,74950,11780,1025,53.5,1.54,2.4,1.06,3.06,7.02,0.8571,9.47,7.02,2.404,2.274,87755,1.15,1.44,0.29
"8476438","CHI",105,1504,1300,65,52,26,22,1,8,3,326,193,19,15,68.9863032813882,58.8176683118218,9,35,85278,12713,6896,53.6,2.74,2.2,2.03,2.55,1.57,0.9845,5.38,7.83,2.912,2.483,104887,0.31,1.2,0.89
"8477501","DAL",8,85,87,3,4,0,1,0,0,1,4,0,0,0,3.77095862629358,3.57748216192704,1,1,5760,404,85,49.4,1.88,2.5,0.62,0,42.35,NA,0,0,2.357,2.236,6249,0.58,0.58,0
"8477845","CHI",22,264,190,6,6,0,1,0,0,0,2,5,0,0,11.6077337950701,8.26333322678693,1,2,15029,247,330,58.1,1.44,1.44,0.24,0,0,1,0,0,2.78,1.979,15606,0.23,0.46,0.23
"8462042","COL",82,936,1314,54,49,20,22,8,5,1,328,12,18,1,42.4079195769154,58.1757545818109,10,11,70313,9580,1513,41.6,2.76,2.51,2.15,4.89,2.38,0.9167,6.76,2.38,2.171,2.979,81406,0.44,0.49,0.05
"8464975","COL",57,440,619,14,22,7,4,0,0,0,95,0,5,0,15.9612116157659,26.3660719228792,9,9,36100,3628,312,41.5,1.4,2.19,1.1,0,0,NA,4.96,0,1.592,2.629,40040,0.81,0.81,0
"8465951","MIN",36,276,350,12,13,4,6,0,0,0,1,119,0,12,10.664678248344,14.0866398347425,6,10,22083,734,2936,44.1,1.96,2.12,1.63,0,0,1,0,14.71,1.739,2.296,25753,0.84,1.4,0.56
"8467331","COL",65,769,1186,36,35,3,7,0,1,0,20,296,1,11,32.8115131471423,46.4641052051447,8,7,63755,1919,7845,39.3,2.03,1.98,0.56,1.88,0,1,1.88,5.05,1.853,2.624,73519,0.39,0.34,-0.05
"8467338","COL",80,861,1170,47,50,17,19,2,12,1,268,158,17,8,37.1122780344449,51.929578498879,20,7,64366,9264,6257,42.4,2.63,2.8,2.01,5.44,0.58,0.9937,6.61,4.6,2.076,2.904,79887,0.9,0.32,-0.58
"8469459","MIN",90,1119,977,46,43,8,20,5,12,3,479,189,29,5,48.0227616738412,36.4183187581366,20,6,74928,11719,5730,53.4,2.21,2.07,1.35,5.22,1.88,0.9841,8.91,3.14,2.307,1.75,92377,0.78,0.23,-0.55
"8469506","MIN",92,1327,1160,58,44,16,24,3,11,2,520,0,26,0,56.2547239650739,44.4269812527345,4,16,78535,12349,1366,53.4,2.66,2.02,1.83,4.08,5.27,NA,7.58,0,2.579,2.037,92250,0.16,0.62,0.46
"8470171","COL",81,700,882,32,35,5,12,0,0,0,34,338,0,23,28.3443292622105,35.5969389037928,11,19,54726,2072,7637,44.2,2.11,2.3,1.12,0,0,1,0,10.84,1.865,2.342,64435,0.61,1.06,0.45
"8470317","COL",76,754,1146,45,44,2,13,0,0,0,5,289,0,14,30.2708473608363,48.9604522030568,11,7,63768,813,8406,39.7,2.54,2.48,0.85,0,0,1,0,6,1.709,2.764,72987,0.54,0.35,-0.19
"8470598","MIN",90,952,1048,42,49,13,21,5,12,3,421,1,23,0,43.8130661555915,39.9476657103514,17,6,69136,11665,511,47.6,2.19,2.55,1.77,5.25,21.14,-2,7.1,0,2.281,2.08,81312,0.75,0.27,-0.48
"8470600","MIN",87,1755,1684,68,68,1,19,1,12,5,525,232,25,16,74.1562837016536,61.644066624227,22,12,114449,14337,9680,51,2.14,2.14,0.63,3.26,1.86,0.9784,6.28,5.95,2.333,1.939,138466,0.57,0.31,-0.26
"8470610","MIN",84,1252,1125,56,35,19,23,11,6,2,458,38,25,1,53.9946575548965,40.8201441171113,15,23,74380,10778,3213,52.7,2.71,1.69,2.03,5.68,2.24,0.9474,8.35,1.12,2.613,1.976,88371,0.61,0.94,0.33
"8470699","COL",81,1141,1480,48,61,1,11,0,0,0,9,283,0,16,46.3742802491179,62.7102402768796,21,4,82571,1613,9897,43.5,2.09,2.66,0.52,0,0,1,0,5.82,2.022,2.734,94081,0.8,0.15,-0.65
"8470803","MIN",83,671,816,28,41,8,11,0,0,0,1,297,0,17,26.7697423052741,30.2115061421064,12,5,51796,1638,8193,45.1,1.95,2.85,1.32,0,0,1,0,7.47,1.861,2.1,61627,0.7,0.29,-0.41
"8471657","COL",82,496,786,24,26,6,4,0,0,0,45,172,1,5,19.3174775163061,33.0136622710852,28,21,45193,2289,5926,38.7,1.91,2.07,0.8,0,0,1,1.57,3.04,1.539,2.63,53408,1.89,1.42,-0.47
"8471718","COL",74,393,627,15,19,2,5,0,0,0,5,304,0,12,15.0785736600519,25.7998784983065,6,7,38786,649,6766,38.5,1.39,1.76,0.65,0,0,1,0,6.38,1.4,2.395,46201,0.47,0.55,0.08
"8473446","COL",47,738,858,33,31,8,5,3,3,1,175,185,10,15,29.5619523265632,41.5466415943229,9,7,50113,6002,5989,46.2,2.37,2.23,0.93,3.6,0.6,0.9946,6,9.02,2.124,2.985,62104,0.52,0.41,-0.11
"8473465","COL",19,169,256,8,13,3,2,1,0,1,58,0,1,0,7.11526325036539,12.9489374316763,3,2,13598,2021,266,39.8,2.12,3.44,1.32,1.78,13.53,NA,1.78,0,1.884,3.428,15885,0.68,0.45,-0.23
"8473499","COL",19,483,595,20,22,0,0,0,0,0,95,75,8,8,20.8939235879807,24.335052668408,0,2,35598,3178,2500,44.8,2.02,2.22,0,0,0,1,9.06,11.52,2.113,2.461,41276,0,0.17,0.17
"8473575","COL",58,2003,2724,106,114,0,0,0,0,1,379,460,22,14,85.3119965275982,116.759758460452,2,2,156863,13732,14140,42.4,2.43,2.62,0,0,0.25,0.9978,5.77,3.56,1.958,2.68,184735,0.04,0.04,0
"8473646","MIN",54,352,397,14,12,2,10,0,0,0,1,111,0,11,13.501529037836,14.9937355536385,20,18,26151,794,4817,47,1.93,1.65,1.65,0,0,1,0,8.22,1.859,2.064,31762,2.27,2.04,-0.23
"8474207","COL",78,893,1238,34,44,2,4,2,4,0,202,263,11,10,37.3583668846404,53.1549987015896,14,4,70427,7973,7914,41.9,1.74,2.25,0.31,2.71,0,1,4.97,4.55,1.91,2.717,86314,0.58,0.17,-0.41
"8474618","MIN",74,1190,1130,53,47,10,6,1,4,0,47,255,5,11,52.5793146181386,45.4886500368593,18,6,77194,3566,8338,51.3,2.47,2.19,0.75,5.05,0,1,5.05,4.75,2.452,2.121,89098,0.73,0.24,-0.49
"8474716","MIN",76,1306,1161,53,46,6,12,4,4,2,230,220,13,16,56.8047041354002,44.6148746323306,5,9,77167,8855,8215,52.9,2.47,2.15,0.84,3.25,0.88,0.9909,5.29,7.01,2.65,2.081,94237,0.19,0.34,0.15
"8475158","COL",82,985,1154,50,44,12,25,2,10,1,322,224,26,13,42.0384390356485,48.2469260756043,6,14,70514,9849,7634,46,2.55,2.25,1.89,4.39,0.47,0.9955,9.5,6.13,2.146,2.463,87997,0.25,0.57,0.32
"8475168","COL",82,986,1301,58,51,18,27,2,4,0,246,19,10,1,44.6613785771187,58.2584837297327,8,27,71792,9347,1769,43.1,2.91,2.56,2.26,2.31,0,1,3.85,2.04,2.24,2.921,82908,0.35,1.17,0.82
"8475197","COL",80,1120,1357,71,57,8,24,2,14,0,354,21,26,1,50.4895465365262,57.2921217614203,13,10,81243,11264,1952,45.2,3.15,2.53,1.42,5.11,0,1,8.31,1.84,2.237,2.539,94459,0.5,0.38,-0.12
"8475287","MIN",74,605,645,21,29,7,6,1,0,0,6,220,1,8,24.9829644004931,24.4934772474808,16,14,43436,1175,7232,48.4,1.74,2.4,1.08,3.06,0,1,3.06,3.98,2.071,2.03,51843,1.11,0.97,-0.14
"8475311","MIN",32,1106,1111,55,53,0,0,0,0,1,219,161,10,11,45.1914559166762,43.4939558742335,0,0,73117,7947,6736,49.9,2.71,2.61,0,0,0.53,0.9938,4.53,5.88,2.225,2.141,87800,0,0,0
"8475722","MIN",61,716,649,31,43,19,6,1,0,1,75,87,3,6,32.4925160176354,27.2255054300185,10,21,45173,2956,3305,52.5,2.47,3.43,1.99,1.22,1.09,0.9885,3.65,6.54,2.589,2.17,51434,0.7,1.47,0.77
"8475745","MIN",92,1042,1050,53,45,11,21,1,2,3,153,9,8,1,47.9341584437061,38.2055143530015,16,22,67995,7123,964,49.8,2.81,2.38,1.69,1.52,11.2,0.6667,4.04,3.73,2.538,2.023,76082,0.76,1.04,0.28
"8475798","MIN",78,1148,1054,55,37,9,24,0,8,0,250,55,15,2,49.367059809214,39.4130441338057,10,15,65931,8963,3503,52.1,3,2.02,1.8,3.21,0,1,6.02,2.06,2.696,2.152,78397,0.46,0.69,0.23
"8475799","MIN",90,988,927,40,42,15,10,6,3,3,173,48,14,1,41.1287721575936,33.9045805794885,18,21,63727,9350,2386,51.6,2.26,2.37,1.41,3.47,4.53,0.9375,5.39,1.51,2.323,1.915,75463,0.86,1,0.14
"8476455","COL",82,1081,1179,52,48,13,24,8,9,0,309,37,24,4,44.7781777509372,50.1135922918911,27,24,71418,9025,2862,47.8,2.62,2.42,1.87,6.78,0,1,9.57,5.03,2.257,2.526,83305,1.17,1.04,-0.13
"8476463","MIN",81,1405,1394,62,46,2,10,0,2,0,90,260,6,13,60.348075971764,49.4237255525077,4,5,93469,5511,9224,50.2,2.39,1.77,0.46,1.31,0,1,3.92,5.07,2.324,1.904,108204,0.13,0.17,0.04
"8476856","MIN",68,807,751,43,30,5,5,4,4,1,141,26,12,1,34.0187329545151,28.2976498748176,10,9,51342,6528,1534,51.8,3.02,2.1,0.7,4.41,2.35,0.9615,6.62,2.35,2.385,1.984,59404,0.61,0.55,-0.06
"8477492","COL",64,821,856,36,33,10,19,3,4,0,222,0,12,0,33.8342177776503,37.8124044100987,12,26,52043,7278,540,49,2.49,2.28,2.01,3.46,0,NA,5.94,0,2.34,2.616,59861,0.72,1.56,0.84
"8477850","MIN",40,495,480,25,22,2,7,0,1,0,7,33,1,3,20.6926998706185,18.5800218759105,4,3,32444,950,1456,50.8,2.77,2.44,1,3.79,0,1,3.79,7.42,2.296,2.062,34850,0.41,0.31,-0.1
"8477902","COL",55,418,625,15,25,2,9,0,0,0,18,51,1,0,17.7846282746177,24.7380662211799,5,12,34371,1100,1863,40.1,1.57,2.62,1.15,0,0,1,3.27,0,1.863,2.591,37334,0.48,1.16,0.68
"8466333","EDM",70,952,1159,37,56,3,10,0,0,0,6,199,1,12,38.5176875511534,53.9753601993434,17,9,67994,1027,7198,45.1,1.96,2.96,0.69,0,0,1,3.51,6,2.039,2.858,76219,0.8,0.43,-0.37
"8468611","EDM",71,597,727,15,33,5,5,0,1,0,27,269,4,21,21.7584818804171,30.3835836302605,18,9,45638,1757,6966,45.1,1.18,2.6,0.79,2.05,0,1,8.2,10.85,1.716,2.397,54361,1.19,0.6,-0.59
"8470159","EDM",68,511,657,14,24,4,6,1,0,0,76,296,4,21,18.7789569764282,26.4585446716519,6,9,42746,2220,6858,43.8,1.18,2.02,0.84,1.62,0,1,6.49,11.02,1.582,2.228,51824,0.42,0.63,0.21
"8470877","CGY",78,874,1109,39,39,13,17,2,0,1,108,6,4,1,39.5596355955931,40.5391240426106,9,16,58849,3908,478,44.1,2.39,2.39,1.84,1.84,7.53,0.8333,3.68,7.53,2.42,2.48,63235,0.51,0.91,0.4
"8471348","EDM",42,571,600,17,31,1,3,2,1,1,98,102,6,9,22.0571533947368,25.2109074364998,6,5,39201,4146,3520,48.8,1.56,2.85,0.37,2.6,1.02,0.9902,5.21,9.2,2.026,2.315,46867,0.46,0.38,-0.08
"8471403","CGY",41,1412,1697,57,66,0,0,0,0,2,254,255,20,18,56.2442166034598,67.6707669864991,0,1,100025,8746,7664,45.4,2.05,2.38,0,0,0.94,0.9922,8.23,8.46,2.024,2.436,116435,0,0.03,0.03
"8471678","EDM",58,708,697,36,35,13,11,4,3,1,195,86,12,6,30.7253837682074,37.1095425187377,13,12,44813,5804,3806,50.4,2.89,2.81,1.93,4.34,0.95,0.9884,7.44,5.68,2.468,2.981,54423,0.86,0.79,-0.07
"8471816","EDM",74,872,1015,28,50,2,4,0,0,0,32,304,0,31,32.7829325331259,45.0934714718023,7,0,65287,1909,7922,46.2,1.54,2.76,0.33,0,0,1,0,14.09,1.808,2.487,75118,0.34,0,-0.34
"8473507","EDM",90,1381,1478,42,66,7,11,2,3,0,204,222,9,12,52.2310925115598,63.7262839111499,23,12,92512,8180,9195,48.3,1.63,2.57,0.7,2.2,0,1,3.96,4.7,2.033,2.48,109887,0.75,0.39,-0.36
"8473514","EDM",20,161,187,1,12,1,1,0,0,0,2,27,0,5,6.8878672842402,7.80892425769707,7,1,11251,462,850,46.3,0.32,3.84,0.64,0,0,1,0,21.18,2.204,2.499,12563,2.01,0.29,-1.72
"8473962","EDM",82,1008,1042,31,58,6,14,5,7,3,292,130,21,11,42.7318901532562,48.8874627198675,7,8,65338,8893,5249,49.2,1.71,3.2,1.1,4.86,2.06,0.9769,8.5,7.54,2.354,2.694,79480,0.32,0.36,0.04
"8474102","PIT",86,1169,969,44,55,14,18,3,7,5,344,1,17,1,49.9966594278812,43.6140902875341,28,29,71221,11488,1209,54.7,2.22,2.78,1.62,3.13,14.89,-4,5.33,2.98,2.527,2.205,83918,1.2,1.24,0.04
"8474586","EDM",81,1155,1140,56,61,18,23,6,14,5,377,4,26,0,50.1134203362162,54.4515859718085,12,16,74075,9404,1763,50.3,2.72,2.96,1.99,7.66,10.21,-0.25,9.95,0,2.435,2.646,85242,0.51,0.68,0.17
"8474602","EDM",81,1378,1377,63,73,6,13,0,11,4,391,43,23,2,61.1437408208731,67.5609631452826,6,6,88416,10138,3597,50,2.57,2.97,0.77,3.91,4,0.907,8.17,2,2.49,2.751,102151,0.21,0.21,0
"8475681","EDM",57,2325,2429,88,126,0,0,0,1,4,432,380,28,31,91.9500336829806,109.093452007975,2,10,157428,13525,13155,48.9,2.01,2.88,0,0.27,1.09,0.9895,7.45,8.48,2.103,2.495,184108,0.04,0.2,0.16
"8475791","EDM",53,788,776,36,35,7,19,3,3,3,241,12,11,1,31.2224583833595,34.7740738185239,19,13,48427,5840,1844,50.4,2.68,2.6,1.93,3.7,5.86,0.75,6.78,1.95,2.321,2.585,56111,1.22,0.83,-0.39
"8476062","EDM",77,940,856,31,40,13,9,1,3,0,116,60,6,6,35.6609710134799,39.4190495269722,10,10,58078,3725,3303,52.3,1.92,2.48,1.36,3.87,0,1,5.8,6.54,2.21,2.443,65106,0.55,0.55,0
"8476244","CGY",59,512,589,21,21,1,2,1,0,0,96,0,3,0,21.4598869369947,21.5282252372126,5,4,37438,3041,335,46.5,2.02,2.02,0.29,1.18,0,NA,3.55,0,2.064,2.07,40814,0.44,0.35,-0.09
"8476454","EDM",76,1074,1077,52,60,19,18,2,12,4,371,181,23,17,45.9320237613865,49.677795348689,10,25,70324,8926,7358,49.9,2.66,3.07,1.89,5.65,1.96,0.9779,9.28,8.32,2.351,2.543,86608,0.42,1.04,0.62
"8476779","EDM",11,159,166,5,11,0,2,1,0,1,47,16,3,1,5.18023068632465,7.13340402767062,0,1,10005,1263,766,48.9,1.8,3.96,0.72,2.85,4.7,0.9375,8.55,4.7,1.864,2.567,12034,0,0.3,0.3
"8476855","EDM",81,914,1062,29,57,9,12,4,5,2,236,0,17,0,40.4640752926935,52.6540629674564,9,21,62394,8984,610,46.3,1.67,3.29,1.21,3.61,11.8,NA,6.81,0,2.335,3.038,71988,0.45,1.05,0.6
"8477934","EDM",37,396,365,11,25,1,6,1,1,2,87,1,4,0,17.022486404865,17.2894223485491,2,9,23702,3799,322,52,1.67,3.8,1.06,1.9,22.36,-1,3.79,0,2.585,2.626,27823,0.26,1.16,0.9
"8462038","ARI",79,1114,1131,36,53,9,16,5,5,3,346,89,26,8,41.4554774091812,51.2389827121515,24,16,69949,9204,3502,49.6,1.85,2.73,1.29,3.91,3.08,0.9663,10.17,8.22,2.134,2.637,82655,1.05,0.7,-0.35
"8468064","ARI",79,1034,901,37,48,6,17,3,3,2,257,70,13,3,37.439870764676,38.505371430947,24,11,61210,7409,2922,53.4,2.18,2.82,1.35,2.92,2.46,0.9714,6.32,3.7,2.202,2.265,71541,1.21,0.55,-0.66
"8468535","ARI",102,1203,1292,46,63,10,19,6,8,2,316,230,23,21,44.8582124227541,57.3629011791199,21,8,81404,8874,6248,48.2,2.03,2.79,1.28,5.68,1.15,0.9913,9.33,12.1,1.984,2.537,96526,0.78,0.3,-0.48
"8469501","WPG",85,559,602,20,26,7,7,0,0,0,5,4,0,0,23.1798407243332,28.7023604672286,13,15,38965,1262,398,48.1,1.85,2.4,1.29,0,0,1,0,0,2.142,2.652,40625,1.15,1.33,0.18
"8469608","ARI",62,2548,2741,68,131,0,0,0,1,4,503,636,31,45,98.9112048379029,121.264758500969,5,4,170148,15024,17863,48.2,1.44,2.77,0,0.24,0.81,0.9937,7.43,9.07,2.093,2.566,203035,0.09,0.07,-0.02
"8469664","ARI",60,610,628,11,26,3,4,1,1,0,49,143,3,9,27.037686558906,26.0077913574059,11,5,38547,1795,4648,49.3,1.03,2.43,0.65,4.01,0,1,6.02,6.97,2.525,2.429,44990,0.88,0.4,-0.48
"8469760","ARI",74,1116,1029,40,51,3,6,0,0,0,4,378,0,22,42.0053003571229,42.2190654360456,11,8,72770,1344,9502,52,1.98,2.52,0.45,0,0,1,0,8.34,2.078,2.089,83616,0.47,0.34,-0.13
"8470289","WPG",86,455,570,17,22,5,7,0,0,0,3,377,0,21,20.9714595382684,26.1387085410533,19,14,37180,765,8321,44.4,1.65,2.13,1.16,0,0,1,0,9.09,2.031,2.531,46266,1.48,1.09,-0.39
"8470614","WPG",74,1095,1017,38,40,3,9,0,0,0,2,435,0,28,46.231131502951,45.5754258825909,33,9,68490,891,11042,51.8,2,2.1,0.63,0,0,1,0,9.13,2.43,2.396,80423,1.48,0.4,-1.08
"8470647","ARI",58,361,482,10,17,3,3,0,0,0,1,2,0,0,14.5503349284991,21.512172325456,17,10,27403,484,161,42.8,1.31,2.23,0.79,0,0,1,0,0,1.912,2.826,28048,2.18,1.28,-0.9
"8470828","WPG",64,961,928,53,40,3,13,1,6,1,293,153,13,12,46.0073759036604,43.3449511469225,18,11,66586,9026,7042,50.9,2.87,2.16,0.87,2.79,0.51,0.9935,5.19,6.13,2.487,2.343,82654,0.78,0.48,-0.3
"8470834","WPG",73,1107,1006,47,43,11,10,5,13,2,500,139,31,12,51.2466361100087,48.2161471407162,44,29,73142,12407,5531,52.4,2.31,2.12,1.03,5.22,1.3,0.9856,8.99,7.81,2.522,2.373,91080,1.74,1.15,-0.59
"8471217","WPG",85,1170,993,46,37,12,25,9,10,1,508,224,34,21,49.9986232968513,46.201412775612,33,8,72697,11631,7994,54.1,2.28,1.83,1.83,5.88,0.45,0.9955,10.52,9.46,2.476,2.288,92322,1.29,0.31,-0.98
"8471218","WPG",83,1128,974,51,30,16,21,2,10,1,479,176,29,10,52.2253898965428,43.023648489092,25,17,68331,12202,8541,53.7,2.69,1.58,1.95,3.54,0.42,0.9943,8.56,4.21,2.751,2.267,89074,1.01,0.69,-0.32
"8471232","ARI",69,702,897,14,40,1,10,5,3,1,115,243,11,14,28.051220177731,37.3307645291789,5,9,50739,3940,6074,43.9,0.99,2.84,0.78,7.31,0.59,0.9959,10.05,8.3,1.99,2.649,60753,0.3,0.53,0.23
"8471385","WPG",57,609,575,27,23,1,8,0,0,0,6,208,0,11,27.4810024366598,28.488515792822,16,14,41976,577,7872,51.4,2.32,1.97,0.77,0,0,1,0,5.03,2.357,2.443,50425,1.14,1,-0.14
"8471691","ARI",37,473,427,22,25,6,11,1,3,1,154,106,8,4,16.3955965668429,18.7264810526394,13,11,29501,4405,2723,52.6,2.68,3.05,2.07,3.27,1.32,0.9906,6.54,5.29,2.001,2.285,36629,1.28,1.08,-0.2
"8471715","WPG",54,2150,2004,75,79,0,0,0,0,0,481,526,28,34,94.3689902859624,92.6596108429949,1,1,139186,15558,18506,51.8,1.94,2.04,0,0,0,1,6.48,6.61,2.441,2.397,173250,0.02,0.02,0
"8471735","ARI",103,1741,1744,62,72,6,22,2,31,4,701,17,45,0,68.7579429653706,80.8102365825907,25,18,107562,19318,2348,50,2.08,2.41,0.94,6.15,6.13,0.7647,8.39,0,2.301,2.705,129228,0.7,0.5,-0.2
"8471856","ARI",70,509,688,11,21,3,6,0,0,0,2,329,0,26,21.3594710101606,27.4026848097565,13,9,38129,693,7128,42.5,1.04,1.98,0.85,0,0,1,0,13.13,2.017,2.587,45950,1.02,0.71,-0.31
"8473412","WPG",74,986,849,38,31,14,17,10,9,0,444,224,25,21,43.5248816574458,39.6830668920302,12,23,61483,10052,7596,53.7,2.23,1.82,1.82,6.8,0,1,8.95,9.95,2.549,2.324,79131,0.55,1.05,0.5
"8473564","WPG",86,1150,918,46,42,11,19,3,4,1,197,230,13,9,50.7638391295914,43.3310983882984,10,14,69027,8812,7305,55.6,2.4,2.19,1.56,2.86,0.49,0.9957,5.31,4.44,2.648,2.26,85144,0.42,0.59,0.17
"8473589","ARI",20,194,266,3,15,0,3,0,0,0,1,57,0,6,7.51408560224809,11.2257754267775,4,1,14857,206,1790,42.2,0.73,3.63,0.73,0,0,1,0,12.07,1.821,2.72,16853,0.85,0.21,-0.64
"8473618","WPG",65,817,627,34,29,11,17,5,8,1,355,2,21,0,39.4477127471473,28.1626094569219,18,17,50127,8726,1082,56.6,2.44,2.08,2.01,5.36,3.33,0.5,8.66,0,2.833,2.023,59935,1.08,1.02,-0.06
"8473970","EDM",69,611,661,17,24,5,4,0,0,0,7,10,1,3,23.4819976835279,27.0415662683663,11,24,43665,904,558,48,1.4,1.98,0.74,0,0,1,3.98,19.35,1.936,2.229,45127,0.88,1.91,1.03
"8474001","WPG",38,246,285,5,12,1,0,0,0,0,2,150,0,11,10.2582917751279,13.251615893445,1,6,19105,554,3691,46.3,0.94,2.26,0.19,0,0,1,0,10.73,1.933,2.497,23350,0.15,0.93,0.78
"8474040","ARI",81,1140,1060,40,57,8,19,6,6,3,338,2,21,0,42.0081691601081,49.9307449154439,13,9,68391,9677,1481,51.8,2.11,3,1.42,4.46,7.29,-0.5,7.81,0,2.211,2.628,79549,0.59,0.41,-0.18
"8474074","WPG",42,494,420,19,17,0,4,2,0,0,67,6,5,0,22.3421712046256,19.3042212013388,8,3,30612,3011,848,54,2.23,2,0.47,2.39,0,1,5.98,0,2.627,2.27,34471,0.84,0.31,-0.53
"8474567","WPG",62,923,1049,42,41,3,14,0,2,0,136,233,6,15,40.1576533170883,45.2234092204017,33,16,66512,5630,8577,46.8,2.27,2.22,0.92,1.28,0,1,3.84,6.3,2.174,2.448,80719,1.47,0.71,-0.76
"8474571","ARI",45,547,600,23,31,10,5,3,9,1,222,6,18,2,18.7807200591196,25.38675518526,2,12,37345,5774,831,47.7,2.22,2.99,1.45,7.48,4.33,0.8333,11.22,8.66,1.81,2.447,43950,0.16,0.98,0.82
"8474628","ARI",81,1343,1379,35,56,3,9,0,5,0,171,283,12,19,52.937845893146,61.2032042230712,29,9,81250,6183,8384,49.3,1.55,2.48,0.53,2.91,0,1,6.99,8.16,2.346,2.712,95817,1.09,0.34,-0.75
"8474646","ARI",60,449,505,9,27,2,3,0,0,0,1,156,0,12,19.0013889088295,20.8266226632986,10,13,31896,788,3979,47.1,1.02,3.05,0.56,0,0,1,0,10.86,2.145,2.351,36663,0.98,1.28,0.3
"8475169","WPG",37,511,456,21,21,5,5,3,2,1,117,93,7,5,23.3915616406011,21.9574277244392,17,13,31020,4703,4225,52.8,2.44,2.44,1.16,3.83,0.85,0.9892,5.36,4.26,2.715,2.548,39948,1.53,1.17,-0.36
"8475171","ARI",82,1349,1261,45,55,10,9,10,10,5,559,426,34,30,51.9204658676172,56.4174917693599,20,17,87188,15192,10875,51.7,1.86,2.27,0.78,4.74,1.66,0.9883,8.06,9.93,2.144,2.329,113255,0.64,0.54,-0.1
"8476392","WPG",84,954,807,35,35,11,10,0,3,0,62,63,6,4,39.9015384590602,38.5057115486125,14,17,60190,3777,3827,54.2,2.09,2.09,1.26,2.86,0,1,5.72,3.76,2.387,2.303,67794,0.74,0.9,0.16
"8476460","WPG",86,1215,1093,55,43,11,22,3,10,2,310,49,21,5,57.8185995857348,47.8289519524551,14,36,73717,11756,3917,52.6,2.69,2.1,1.61,3.98,1.84,0.9592,6.43,4.6,2.824,2.336,89390,0.56,1.45,0.89
"8476473","ARI",73,869,1071,27,51,4,3,0,0,0,5,230,0,16,32.3709757322213,44.4187272832496,16,11,63026,535,7476,44.8,1.54,2.91,0.4,0,0,1,0,7.7,1.849,2.537,71037,0.81,0.56,-0.25
"8476885","WPG",69,1161,993,37,39,3,10,1,4,0,207,389,14,27,48.6095619508997,45.270990650577,19,14,69224,8453,10726,53.9,1.92,2.03,0.68,2.13,0,1,5.96,9.06,2.528,2.354,88403,0.77,0.57,-0.2
"8468493","CAR",81,1307,1207,41,57,2,5,0,1,0,28,243,2,14,57.9573755764868,54.6529326580348,8,4,84652,2690,8473,52,1.74,2.42,0.3,1.34,0,1,2.68,5.95,2.465,2.324,95815,0.3,0.15,-0.15
"8468639","CAR",57,887,727,28,28,2,13,0,7,1,185,30,10,3,38.3618657204206,30.6876082260278,7,11,54191,5977,1881,55,1.86,1.86,1,4.22,1.91,0.9667,6.02,5.74,2.548,2.039,62049,0.41,0.64,0.23
"8469476","CAR",86,1072,1144,33,48,1,9,0,0,0,3,201,0,10,42.8995451306691,48.3094323896803,14,22,72229,500,6911,48.4,1.64,2.39,0.5,0,0,1,0,5.21,2.138,2.408,79640,0.63,0.99,0.36
"8469508","CAR",82,665,857,33,41,7,14,0,0,0,12,303,2,18,29.8709964163718,38.8854564680951,6,3,53818,2098,8151,43.7,2.21,2.74,1.4,0,0,1,3.43,7.95,1.998,2.601,64067,0.34,0.17,-0.17
"8469531","WPG",55,686,681,23,25,2,5,1,1,0,49,145,3,11,29.6267563573783,34.1776616180432,20,4,43570,2433,4753,50.2,1.9,2.07,0.58,2.96,0,1,4.44,8.33,2.448,2.824,50756,1.42,0.28,-1.14
"8470120","CAR",57,767,607,29,35,6,9,0,4,1,131,0,7,0,33.7347765275626,30.0253917443333,16,19,46246,4715,443,55.8,2.26,2.72,1.17,3.05,8.13,NA,5.34,0,2.626,2.337,51404,1.12,1.33,0.21
"8470144","NYI",85,983,928,39,33,9,14,4,14,2,388,266,28,27,44.5188624269213,38.9626287868596,6,16,61828,9764,6229,51.4,2.27,1.92,1.34,6.64,1.16,0.9925,10.32,15.6,2.592,2.269,77821,0.28,0.74,0.46
"8470187","NYI",79,1456,1173,61,47,3,16,5,10,2,326,265,25,20,69.6583480744739,53.1740439791465,8,10,79703,10030,8324,55.4,2.76,2.12,0.86,5.38,0.86,0.9925,8.97,8.65,3.146,2.402,98057,0.29,0.37,0.08
"8470302","CAR",71,571,703,17,30,5,6,0,0,0,7,239,0,14,23.2815175893484,29.0503121030051,5,6,44762,1500,6486,44.8,1.37,2.41,0.88,0,0,1,0,7.77,1.872,2.336,52748,0.34,0.41,0.07
"8470320","CAR",51,2332,2130,82,95,0,0,0,0,3,429,283,33,18,102.262410724361,93.4686161467689,2,6,145984,14367,10809,52.3,2.02,2.34,0,0,1,0.9894,8.27,6,2.522,2.305,171160,0.04,0.13,0.09
"8470595","CAR",77,1263,947,37,42,13,19,7,8,2,363,8,24,0,58.1186854675179,44.5475331398193,17,22,67477,9506,1914,57.1,1.97,2.24,1.71,5.68,3.76,0.75,9.09,0,3.101,2.377,78897,0.78,1,0.22
"8470860","NYI",67,3295,3000,133,115,0,1,0,0,1,545,484,38,35,167.833040981553,138.370230164903,2,2,193303,17572,14582,52.3,2.48,2.14,0.02,0,0.25,0.9979,7.79,8.64,3.126,2.577,225457,0.03,0.03,0
"8471284","CAR",73,1306,1094,47,49,2,14,1,5,1,195,173,12,9,56.3083124422701,51.9474404035718,7,8,75343,6825,7300,54.4,2.25,2.34,0.76,3.16,0.49,0.9942,6.33,4.44,2.69,2.482,89468,0.28,0.32,0.04
"8471362","NYI",54,720,588,24,20,9,9,0,1,0,89,0,2,0,33.452358093462,25.3040244937874,4,13,39194,4799,206,55,2.2,1.84,1.65,0.75,0,NA,1.5,0,3.073,2.324,44199,0.33,1.06,0.73
"8471804","CAR",78,1014,875,30,39,7,12,2,6,2,179,95,12,5,44.1222083193716,40.5175141424406,17,29,61373,6298,4775,53.7,1.76,2.29,1.11,4.57,1.51,0.9789,6.86,3.77,2.588,2.377,72446,0.84,1.44,0.6
"8473449","NYI",67,1094,952,45,47,13,22,6,12,3,420,1,30,0,54.1428515404696,45.6643783983309,7,20,62071,10083,1167,53.5,2.61,2.73,2.03,6.43,9.25,-2,10.71,0,3.14,2.648,73321,0.34,0.98,0.64
"8473482","CAR",76,949,819,33,45,8,13,5,4,3,228,60,13,2,41.3735700368998,39.9125094676856,10,13,57134,7161,3345,53.7,2.08,2.84,1.32,4.52,3.23,0.95,6.54,2.15,2.607,2.515,67640,0.53,0.69,0.16
"8473504","NYI",83,822,766,23,26,5,7,0,1,0,12,202,1,14,39.6499778371071,33.5177091058576,28,28,52530,1902,6302,51.8,1.58,1.78,0.82,1.89,0,1,1.89,8,2.717,2.297,60734,1.66,1.66,0
"8473565","NYI",59,868,1008,38,45,2,4,0,0,0,2,194,0,15,46.0104083016049,46.9339807844372,17,5,56357,928,5418,46.3,2.43,2.87,0.38,0,0,1,0,9.97,2.939,2.998,62703,0.98,0.29,-0.69
"8473579","NYI",89,1111,1034,41,42,12,15,0,0,0,25,258,0,17,53.3121714278823,44.1613129814505,4,8,67120,1498,7383,51.8,2.2,2.25,1.45,0,0,1,0,8.29,2.859,2.369,76001,0.19,0.38,0.19
"8474052","CAR",57,625,577,22,22,8,8,3,1,0,100,2,6,0,27.8636797569925,26.3979152078973,7,7,38681,3269,183,52,2.05,2.05,1.49,4.41,0,1,6.61,0,2.593,2.457,42133,0.6,0.6,0
"8474062","CAR",68,786,700,26,32,7,12,1,5,0,171,134,12,8,34.0082300523063,30.3988487196621,6,8,50969,5538,6300,52.9,1.84,2.26,1.34,3.9,0,1,7.8,4.57,2.402,2.147,62807,0.34,0.46,0.12
"8474066","NYI",88,1394,1296,54,67,1,18,0,0,0,17,277,0,21,70.6201864306931,57.933081398136,14,14,84763,1810,8588,51.8,2.29,2.85,0.81,0,0,1,0,8.8,2.999,2.46,95161,0.53,0.53,0
"8474089","CAR",65,468,570,17,26,6,8,0,0,0,6,44,0,5,20.3268899840186,23.3984888252453,17,12,36604,1162,1401,45.1,1.67,2.56,1.38,0,0,1,0,12.85,1.999,2.301,39167,1.56,1.1,-0.46
"8474573","NYI",77,1206,1102,59,52,15,27,0,2,0,169,17,7,1,60.7770705107832,49.5721650177729,6,12,64937,7235,1458,52.3,3.27,2.88,2.33,1,0,1,3.48,2.47,3.369,2.748,73630,0.29,0.59,0.3
"8474612","NYI",71,1292,1249,50,42,4,19,1,6,0,131,230,9,20,63.7536616671714,57.2180622629821,25,9,73986,5548,7136,50.8,2.43,2.04,1.12,4.54,0,1,5.84,10.09,3.102,2.784,86670,1.04,0.37,-0.67
"8474709","NYI",85,823,758,27,30,8,7,0,0,0,18,2,1,0,41.0778298283694,34.1556701224181,18,23,53765,1910,607,52.1,1.81,2.01,1,0,0,1,1.88,0,2.75,2.287,56282,1.15,1.47,0.32
"8475166","NYI",89,1587,1316,71,63,24,29,13,18,2,545,2,42,0,78.7765414227615,61.8787670938764,24,22,87049,13153,1711,54.7,2.94,2.61,2.19,8.48,4.21,0,11.5,0,3.258,2.559,101913,0.85,0.78,-0.07
"8475181","NYI",85,1539,1236,64,45,9,20,1,11,2,299,90,19,10,73.2326145332772,54.4831709338468,7,5,85126,10102,3943,55.5,2.71,1.9,1.23,4.28,1.83,0.9778,6.77,9.13,3.097,2.304,99171,0.25,0.18,-0.07
"8475231","NYI",77,728,704,24,29,8,8,0,1,0,11,193,1,12,35.160218027886,32.7462995426031,12,17,48986,1754,5954,50.8,1.76,2.13,1.18,2.05,0,1,2.05,7.26,2.584,2.407,56694,0.76,1.08,0.32
"8475753","CAR",82,1641,1345,55,69,6,18,7,12,3,368,234,25,12,74.0080821776646,66.2673483752878,15,9,90578,10893,8544,55,2.19,2.74,0.95,6.28,1.26,0.9872,8.26,5.06,2.941,2.634,110015,0.49,0.29,-0.2
"8475754","NYI",88,1057,944,46,36,11,16,10,5,2,377,121,28,9,54.1756764387828,42.5824324480491,13,25,63309,10783,4520,52.8,2.62,2.05,1.54,5.01,1.59,0.9835,9.35,7.17,3.081,2.421,78612,0.6,1.14,0.54
"8476195","NYI",15,176,179,8,10,1,2,0,0,0,10,0,0,0,9.02069625875447,8.35863453528145,2,5,10869,794,151,49.6,2.65,3.31,0.99,0,0,NA,0,0,2.988,2.769,11814,0.61,1.52,0.91
"8476437","CAR",80,1013,871,33,40,8,12,2,8,3,348,38,24,3,42.3642444916768,40.6393353277235,8,14,60726,9154,2368,53.8,1.96,2.37,1.19,3.93,4.56,0.9211,9.44,4.56,2.511,2.409,72248,0.4,0.7,0.3
"8476458","NYI",88,1156,1021,66,45,16,28,1,7,0,258,80,16,6,59.9976323997253,45.8029608783545,22,12,63792,10298,3439,53.1,3.72,2.54,2.48,2.8,0,1,5.59,6.28,3.386,2.585,77529,1.02,0.56,-0.46
"8476852","NYI",9,102,123,6,7,0,1,0,0,0,0,12,0,1,5.37485751591157,6.57233801012626,3,2,7108,110,347,45.3,3.04,3.55,0.51,0,0,1,0,10.37,2.722,3.329,7565,1.43,0.95,-0.48
"8477496","CAR",81,1074,935,31,48,11,10,3,11,2,321,4,22,0,46.9418090238469,43.4521225438803,7,9,63858,9512,891,53.5,1.75,2.71,1.18,5.3,8.08,0.5,8.33,0,2.646,2.45,74261,0.34,0.44,0.1
"8477887","CAR",7,43,50,1,5,0,0,0,0,0,0,3,0,0,1.81742676661815,1.83340325020254,2,1,3402,115,171,46.2,1.06,5.29,0,0,0,1,0,0,1.923,1.94,3688,1.95,0.98,-0.97
"8471242","WSH",86,1231,1151,46,36,9,17,1,16,1,393,49,34,0,48.9979811812518,46.6256506215432,24,18,77837,10540,3681,51.7,2.13,1.67,1.2,5.81,0.98,0.9796,11.61,0,2.266,2.156,92058,0.94,0.7,-0.24
"8475247","WSH",57,375,385,12,9,0,6,0,0,0,0,5,0,1,16.2612413245952,14.1756882015034,5,5,26900,507,653,49.3,1.61,1.2,0.8,0,0,1,0,5.51,2.176,1.897,28060,0.64,0.64,0
"8475209","TOR",76,647,707,23,29,7,6,2,0,2,56,61,2,7,27.3491365998634,28.6660860427073,17,23,44517,3586,2677,47.8,1.86,2.35,1.05,2.01,2.69,0.9672,2.01,9.41,2.212,2.318,50780,1.21,1.63,0.42
"8475883","ANA",70,3079,2962,137,114,0,1,0,0,5,561,554,32,32,136.43537318887,122.978866124584,2,7,195942,17789,18752,51,2.52,2.09,0.02,0,0.96,0.991,6.48,6.14,2.507,2.259,232483,0.03,0.11,0.08
"8476448","ANA",21,187,195,10,7,3,1,0,1,0,52,0,3,0,8.49194334738422,8.03735479846364,1,4,12430,2192,204,49,2.9,2.03,1.16,1.64,0,NA,4.93,0,2.459,2.328,14826,0.24,0.97,0.73
"8475215","OTT",25,1063,1035,47,56,0,1,0,0,2,228,198,17,16,43.983883275534,44.8925886887591,0,0,68117,7282,7270,50.7,2.48,2.96,0.05,0,0.99,0.9899,8.4,7.92,2.325,2.373,82669,0,0,0
"8471219","FLA",20,708,672,32,37,0,0,0,0,2,125,98,11,7,29.6862778628129,32.023640129948,1,1,45826,4572,3760,51.3,2.51,2.91,0,0,1.91,0.9796,8.66,6.7,2.332,2.516,54158,0.07,0.07,0
"8471418","CAR",35,1530,1361,44,68,0,0,0,0,1,215,183,10,10,67.533456511097,66.8031825021026,0,2,93237,7085,7060,52.9,1.7,2.63,0,0,0.51,0.9945,5.08,5.1,2.608,2.579,107382,0,0.07,0.07
"8473434","NYI",19,852,815,39,40,0,0,0,0,0,132,117,8,13,38.8721001561498,33.9851923286915,0,3,50637,4865,4220,51.1,2.77,2.84,0,0,0,1,5.92,11.09,2.764,2.416,59722,0,0.18,0.18
"8476465","CAR",37,506,489,18,24,1,7,3,2,0,105,2,8,1,22.5140626877546,22.8917661726591,4,4,32748,4175,571,50.9,1.98,2.64,0.88,4.31,0,1,6.9,6.3,2.475,2.517,37494,0.38,0.38,0
"8469548","PHI",31,1088,1105,50,50,0,0,0,0,3,272,251,15,24,43.7615910458844,45.1331714927801,2,3,72759,7252,8375,49.6,2.47,2.47,0,0,1.29,0.988,7.45,10.32,2.165,2.233,88386,0.08,0.12,0.04
"8475797","MTL",13,139,140,2,8,0,2,0,0,0,0,9,0,0,5.52228253043722,5.81102965062018,2,1,8860,72,362,49.8,0.81,3.25,0.81,0,0,1,0,0,2.244,2.361,9294,0.77,0.39,-0.38
"8471436","NYR",61,830,741,44,27,2,6,0,2,1,58,29,2,1,39.6259392193751,36.7706188822049,8,3,50679,2105,1761,52.8,3.13,1.92,0.57,3.42,2.04,0.9655,3.42,2.04,2.815,2.612,54545,0.53,0.2,-0.33
"8475660","NYR",36,1584,1615,81,61,0,0,0,0,2,267,223,11,12,75.9974762969068,77.5639591349754,0,0,100551,9628,9293,49.5,2.9,2.18,0,0,0.77,0.991,4.11,4.65,2.721,2.777,119472,0,0,0
"8470871","STL",27,210,182,4,6,1,2,0,0,0,0,4,0,0,8.36802694067592,6.33520553726703,3,2,14409,281,354,53.6,1,1.5,0.75,0,0,1,0,0,2.091,1.583,15044,0.72,0.48,-0.24
"8471682","CGY",12,102,138,2,9,0,0,0,0,0,30,0,3,0,3.44012551160995,6.09601677581668,2,0,7748,723,135,42.5,0.93,4.18,0,0,0,NA,14.94,0,1.598,2.832,8606,0.84,0,-0.84
"8467396","DAL",68,762,730,37,28,16,12,3,6,4,167,35,11,4,34.517414659902,31.3990533176111,7,19,46932,7247,2335,51.1,2.84,2.15,2.15,4.47,6.17,0.8857,5.46,6.17,2.648,2.409,56514,0.45,1.21,0.76
"8474765","BUF",26,1007,1206,38,54,0,1,0,0,2,185,180,13,13,44.206381561642,45.5807345423382,2,2,67407,6379,5764,45.5,2.03,2.88,0.05,0,1.25,0.9889,7.34,8.12,2.361,2.434,79550,0.09,0.09,0
"8475192","NSH",67,546,640,17,18,6,8,2,0,1,45,41,4,7,21.1226761991857,22.1189650524757,9,13,41954,2658,1995,46,1.46,1.54,1.2,2.71,1.8,0.9756,5.42,12.63,1.813,1.898,46607,0.7,1,0.3
"8476467","DAL",36,416,431,24,24,1,7,0,0,0,2,61,0,6,16.8564759349101,19.5797973696608,4,4,25583,298,2514,49.1,3.38,3.38,1.13,0,0,1,0,8.59,2.372,2.755,28395,0.51,0.51,0
"8473700","COL",3,19,23,0,3,0,0,0,0,0,1,3,0,0,0.561226419173181,1.16057757183444,0,1,1580,13,256,45.2,0,6.84,0,0,0,1,0,0,1.279,2.644,1849,0,1.95,1.95
"8471227","MIN",68,2807,2926,125,97,0,2,0,1,3,450,531,33,30,116.341251506528,108.674180290487,1,8,188269,15197,15871,49,2.39,1.85,0.04,0.24,0.68,0.9944,7.82,6.8,2.225,2.078,219337,0.02,0.13,0.11
"8475325","LAK",60,471,500,14,20,6,3,0,0,0,0,0,0,0,19.465529325651,21.5849599056528,12,15,34547,549,322,48.5,1.46,2.08,0.94,0,0,NA,0,0,2.028,2.249,35418,1.22,1.52,0.3
"8476839","EDM",26,964,1045,28,57,0,0,0,0,3,178,161,8,13,42.6805274831713,50.2385111475596,0,2,64235,6229,5629,48,1.57,3.19,0,0,1.92,0.9814,4.62,8.31,2.392,2.816,76093,0,0.09,0.09
"8471774","SJS",22,993,887,30,41,0,0,0,0,1,184,127,10,12,38.1066915969132,40.5148161227116,1,5,59493,6608,4231,52.8,1.82,2.48,0,0,0.85,0.9921,5.45,10.21,2.306,2.452,70332,0.05,0.26,0.21
"8474094","WPG",48,367,384,16,12,3,5,0,0,0,5,26,1,2,18.6674677102128,17.5928660684731,3,7,25860,761,1126,48.9,2.23,1.67,1.11,0,0,1,4.73,6.39,2.599,2.449,27747,0.39,0.91,0.52
"8471742","TOR",83,1146,1151,57,57,2,16,5,13,4,333,215,25,10,50.9407281175372,52.52248326689,9,0,73016,9341,7430,49.9,2.81,2.81,0.89,6.94,1.94,0.9814,9.63,4.85,2.512,2.59,89787,0.36,0,-0.36
"8473503","TOR",35,1217,1375,47,70,0,0,0,0,5,270,242,15,16,53.4956047377782,67.0653172002058,1,3,83455,8755,8403,47,2.03,3.02,0,0,2.14,0.9793,6.17,6.85,2.308,2.893,100613,0.04,0.11,0.07
"8475763","NYR",98,1069,1015,47,38,15,25,2,6,0,133,50,10,3,51.089411961555,48.3026530607603,11,11,67152,5885,2787,51.3,2.52,2.04,2.14,4.89,0,1,6.12,3.88,2.739,2.589,75824,0.52,0.52,0
"8474061","WPG",49,218,222,7,9,1,1,0,0,0,0,2,0,0,8.95210568938637,9.74940006050747,13,6,16673,314,167,49.5,1.51,1.94,0.43,0,0,1,0,0,1.933,2.105,17154,2.73,1.26,-1.47
"8474636","WPG",38,1547,1371,77,55,0,0,0,0,2,311,326,21,24,72.13030797994,62.99272138573,0,6,99149,9774,10690,53,2.8,2,0,0,0.67,0.9939,7.73,8.08,2.619,2.287,119613,0,0.18,0.18
"8471276","BOS",47,652,617,28,22,5,14,1,7,2,187,40,14,1,25.3163432045258,29.1854284601868,10,8,40454,5378,2228,51.4,2.49,1.96,1.69,5.36,3.23,0.95,9.37,1.62,2.253,2.597,48060,0.75,0.6,-0.15
"8474749","BOS",47,606,604,22,29,0,4,0,0,0,2,77,0,6,22.8015279741958,24.4471071451553,6,5,41949,667,3600,50.1,1.89,2.49,0.34,0,0,1,0,6,1.957,2.098,46216,0.47,0.39,-0.08
"8475150","COL",30,143,235,4,5,0,0,0,0,0,0,2,0,0,5.9933519847109,8.35374561295612,4,2,13984,133,118,37.8,1.03,1.29,0,0,0,1,0,0,1.543,2.151,14235,1.01,0.51,-0.5
"8476495","BOS",30,307,315,10,12,5,2,1,2,0,77,0,5,0,10.0897153998958,13.0943602204206,3,2,20315,2872,337,49.4,1.77,2.13,1.24,3.76,0,NA,6.27,0,1.788,2.32,23524,0.46,0.31,-0.15
"8476844","BOS",18,739,599,24,25,0,0,0,0,1,104,127,6,8,29.2300710728741,27.3742868018453,0,1,43992,3395,3902,55.2,1.96,2.05,0,0,0.92,0.9921,6.36,7.38,2.392,2.24,51289,0,0.07,0.07
"8473607","BUF",33,1063,1568,43,63,0,0,0,0,4,185,320,8,23,47.1542398346937,68.7782090218388,0,3,88152,7273,9943,40.4,1.76,2.57,0,0,1.45,0.9875,3.96,8.33,1.926,2.809,105368,0,0.1,0.1
"8476808","BUF",69,552,875,28,34,6,10,0,1,2,53,197,4,16,23.2757784269634,33.8577309335815,4,10,47660,3279,6169,38.7,2.11,2.57,1.21,1.1,1.17,0.9898,4.39,9.34,1.758,2.557,57108,0.25,0.63,0.38
"8471862","OTT",26,233,221,2,9,0,0,0,0,0,0,0,0,0,9.14888932520989,9.01835261716042,7,5,14595,297,224,51.3,0.49,2.22,0,0,0,NA,0,0,2.257,2.224,15116,1.67,1.19,-0.48
"8473588","OTT",74,842,806,32,24,8,12,0,0,0,7,273,0,17,36.2086782670231,29.9109732321231,10,22,53851,1580,7090,51.1,2.14,1.6,1.34,0,0,1,0,8.63,2.421,2,62521,0.58,1.27,0.69
"8474605","OTT",62,915,781,35,31,2,6,2,6,1,254,6,16,1,39.6586418525549,32.5399763309397,16,4,53158,7929,1939,54,2.37,2.1,0.54,3.63,1.86,0.8333,7.26,1.86,2.686,2.204,63026,0.91,0.23,-0.68
"8474625","FLA",72,863,802,39,35,15,8,4,7,4,217,0,18,0,37.2061293102452,37.0750956741394,10,14,54821,7205,595,51.8,2.56,2.3,1.51,5.5,24.2,NA,8.99,0,2.443,2.435,62621,0.57,0.8,0.23
"8467988","NYR",6,49,36,0,4,0,0,0,0,0,16,0,2,0,2.38177969306707,2.49859245610423,2,2,2692,805,69,57.6,0,5.35,0,0,0,NA,8.94,0,3.185,3.341,3566,2.02,2.02,0
"8474497","NYR",7,90,83,6,5,0,1,0,0,0,1,5,0,1,4.57084133988246,4.14347020839341,0,1,5737,89,349,52,3.77,3.14,0.63,0,0,1,0,10.32,2.868,2.6,6175,0,0.58,0.58
"8471767","PHI",4,18,31,0,4,0,0,0,0,0,0,0,0,0,0.546208975720219,1.504775270354,1,1,1660,0,0,36.7,0,8.67,0,NA,NA,NA,NA,NA,1.185,3.263,1660,2.17,2.17,0
"8471251","WSH",12,520,455,23,26,0,0,0,0,0,78,106,6,9,21.54841783765,18.6405826581176,0,0,30350,2271,3448,53.3,2.73,3.08,0,0,0,1,9.51,9.4,2.556,2.211,36069,0,0,0
"8473722","SJS",38,225,267,8,9,2,1,0,0,0,1,0,0,0,8.27836983720772,9.7577500671614,11,7,16446,194,142,45.7,1.75,1.97,0.66,0,0,NA,0,0,1.812,2.136,16782,2.36,1.5,-0.86
"8475625","SJS",53,785,737,34,33,7,8,1,2,2,94,10,4,2,35.951349060575,32.8518752390519,9,9,46887,4623,1355,51.6,2.61,2.53,1.15,2.34,5.31,0.8,3.11,5.31,2.76,2.522,52865,0.61,0.61,0
"8470729","BUF",46,497,829,14,43,0,4,0,0,0,5,209,0,20,20.3004882368841,32.5780940645491,7,5,43945,1040,5143,37.5,1.15,3.52,0.33,0,0,1,0,14,1.663,2.669,50128,0.5,0.36,-0.14
"8474576","CAR",31,284,299,10,11,3,3,0,0,0,8,2,1,0,10.8905106479069,13.4200806471636,2,1,18570,698,58,48.7,1.94,2.13,1.16,0,0,1,5.16,0,2.111,2.602,19326,0.37,0.19,-0.18
"8460705","TBL",11,407,334,16,19,0,0,0,1,1,61,88,4,9,18.6995374315884,15.276736293803,1,1,26356,2115,2645,54.9,2.19,2.6,0,1.7,1.36,0.9886,6.81,12.25,2.554,2.087,31116,0.12,0.12,0
"8466142","TOR",44,555,683,31,43,2,6,0,0,0,6,187,0,15,23.8219269012334,30.0375023731613,18,4,40437,759,5322,44.8,2.76,3.83,0.71,0,0,1,0,10.15,2.121,2.674,46518,1.39,0.31,-1.08
"8476179","EDM",3,21,26,1,3,0,0,0,0,0,0,7,0,1,0.438541173003614,0.776545409113169,0,0,1686,26,179,44.7,2.14,6.41,0,0,0,1,0,20.11,0.936,1.658,1891,0,0,0
"8476404","LAK",18,123,136,2,2,1,1,0,0,0,2,0,0,0,5.79405173007399,6.69343551085331,4,1,8794,286,86,47.5,0.82,0.82,0.82,0,0,NA,0,0,2.372,2.74,9166,1.57,0.39,-1.18
"8477410","EDM",1,8,5,0,1,0,0,0,0,0,0,0,0,0,0.418594804592431,0.304932130500674,0,0,648,0,21,61.5,0,5.56,0,NA,0,NA,NA,0,2.326,1.694,669,0,0,0
"8477498","EDM",2,31,24,2,4,0,0,0,0,0,0,1,0,0,1.70889092888683,2.38734579831362,0,0,1808,38,88,56.4,3.98,7.96,0,0,0,1,0,0,3.403,4.754,1934,0,0,0
"8467346","BOS",23,206,222,8,8,3,1,0,0,0,1,23,0,1,8.44980841357028,9.09119825600646,2,3,14262,457,665,48.1,2.02,2.02,1.01,0,0,1,0,5.41,2.133,2.295,15384,0.47,0.7,0.23
"8471231","ARI",70,786,788,14,30,3,10,1,0,0,15,130,1,3,31.2334511105437,33.8907626200235,15,13,48108,1090,3973,49.9,1.05,2.24,0.97,3.3,0,1,3.3,2.72,2.337,2.536,53171,1.02,0.88,-0.14
"8473673","CGY",55,676,669,31,29,1,2,0,2,0,64,84,3,8,26.5937507814961,26.0154061962967,7,0,42022,2674,3244,50.3,2.66,2.48,0.26,2.69,0,1,4.04,8.88,2.278,2.229,47940,0.53,0,-0.53
"8475177","NYI",70,1138,1040,40,44,0,11,0,0,0,15,199,1,15,51.4954150485573,45.4608695424977,13,15,66502,1761,6226,52.2,2.17,2.38,0.6,0,0,1,2.04,8.67,2.788,2.461,74489,0.63,0.72,0.09
"8466339","NJD",3,67,47,3,2,0,0,0,0,0,5,27,1,4,3.66270938958041,2.29011145682307,0,0,4066,242,1085,58.8,2.66,1.77,0,0,0,1,14.88,13.27,3.243,2.028,5393,0,0,0
"8470169","BOS",70,499,703,16,18,4,5,0,0,0,6,188,0,12,20.0828272260842,26.0404749691952,9,7,42043,1485,5976,41.5,1.37,1.54,0.77,0,0,1,0,7.23,1.72,2.23,49504,0.65,0.51,-0.14
"8470750","COL",68,713,981,33,41,7,13,2,1,0,88,58,6,3,29.7346807408612,39.8526850303169,16,16,53669,4470,2587,42.1,2.21,2.75,1.34,2.42,0,1,4.83,4.17,1.995,2.673,60726,0.95,0.95,0
"8475717","COL",16,608,739,26,20,0,0,0,0,0,122,142,6,12,22.6755339085357,31.6510104381014,0,1,41236,4299,4950,45.1,2.27,1.75,0,0,0,1,5.02,8.73,1.98,2.763,50485,0,0.07,0.07
"8474135","CAR",49,583,633,23,23,2,7,0,0,0,0,55,0,6,27.1747601344832,27.4575976189808,11,7,42772,696,2948,47.9,1.94,1.94,0.76,0,0,1,0,7.33,2.287,2.311,46416,0.85,0.54,-0.31
"8475980","CAR",4,20,26,0,2,0,0,0,0,0,0,0,0,0,0.746976602706127,1.23999640066177,0,0,1748,16,5,43.5,0,4.12,0,0,0,NA,0,0,1.538,2.554,1769,0,0,0
"8474130","CBJ",61,328,527,11,23,1,7,0,0,0,1,3,0,0,13.3642520155408,22.1576099066879,13,10,30844,412,251,38.4,1.28,2.68,0.93,0,0,1,0,0,1.56,2.586,31507,1.49,1.14,-0.35
"8477591","CGY",69,708,776,32,33,6,10,3,1,1,62,125,5,5,28.5629008882097,29.4477774816332,10,13,47946,3106,4510,47.7,2.4,2.48,1.2,4.64,0.8,0.992,5.8,3.99,2.145,2.211,55562,0.65,0.84,0.19
"8473537","NSH",31,338,342,16,15,3,10,0,0,0,0,2,0,0,13.6913512925385,13.2636294733966,9,10,21425,449,83,49.7,2.69,2.52,2.18,0,0,1,0,0,2.301,2.229,21957,1.48,1.64,0.16
"8475716","EDM",41,604,637,17,22,1,3,0,0,0,6,115,0,10,25.3190517180483,29.0391218799632,8,2,39431,972,3283,48.7,1.55,2.01,0.37,0,0,1,0,10.97,2.312,2.651,43686,0.66,0.16,-0.5
"8470054","MIN",14,123,156,7,11,0,1,0,0,0,1,15,0,0,4.95425348449498,6.14095603302121,8,5,8981,228,639,44.1,2.81,4.41,0.4,0,0,1,0,0,1.986,2.462,9848,2.92,1.83,-1.09
"8475780","ANA",11,60,64,1,3,0,0,0,0,0,0,2,0,0,2.50321943720337,2.62643705867231,1,2,5012,0,386,48.4,0.72,2.15,0,NA,0,1,NA,0,1.798,1.887,5398,0.67,1.33,0.66
"8476235","MIN",77,707,682,39,25,10,21,0,2,0,31,66,2,3,30.9363427286153,24.1203554249951,7,10,48461,2668,2722,50.9,2.9,1.86,2.3,2.7,0,1,2.7,3.97,2.298,1.792,53851,0.47,0.67,0.2
"8470147","CBJ",32,1165,1308,53,64,0,0,0,0,1,216,289,16,17,52.37995790079,59.5797456287546,0,2,80355,6866,9932,47.1,2.37,2.87,0,0,0.36,0.9965,8.39,6.16,2.347,2.669,97153,0,0.07,0.07
"8469457","DET",54,418,382,19,16,6,10,3,6,4,187,0,17,0,17.8208909861278,17.3366125438479,8,3,29578,5953,323,52.2,2.31,1.95,1.95,5.44,44.58,NA,10.28,0,2.169,2.11,35854,0.8,0.3,-0.5
"8475361","DET",7,242,197,6,7,0,0,0,0,2,60,76,3,6,11.1775585626019,9.14106342068408,1,2,14676,2436,2230,55.1,1.47,1.72,0,0,3.23,0.9737,4.43,9.69,2.742,2.242,19342,0.19,0.37,0.18
"8477059","NJD",17,166,151,4,3,2,1,0,4,1,62,0,5,0,7.12580000015441,7.81999276869465,4,1,11599,2435,289,52.4,1.24,0.93,0.93,5.91,12.46,NA,7.39,0,2.212,2.427,14323,1.01,0.25,-0.76
"8477227","SJS",4,25,31,0,2,0,0,0,0,0,0,0,0,0,1.22968155122362,1.98623894993216,1,0,2219,127,22,44.6,0,3.24,0,0,0,NA,0,0,1.995,3.222,2368,1.52,0,-1.52
"8470644","NYI",20,194,203,9,11,2,6,0,0,0,5,0,0,0,10.5196517381119,10.8013146041194,1,4,12076,340,64,48.9,2.68,3.28,2.38,0,0,NA,0,0,3.136,3.22,12480,0.29,1.15,0.86
"8475204","FLA",49,578,527,20,14,12,2,7,0,1,122,2,8,0,24.6779110200005,22.6581271087634,7,12,36633,4169,560,52.3,1.97,1.38,1.38,6.04,6.43,0.5,6.91,0,2.425,2.227,41362,0.61,1.04,0.43
"8471762","PHI",72,578,665,22,29,9,6,0,0,0,7,192,0,10,22.5568055376643,27.3335865742411,14,14,42233,1453,5441,46.5,1.88,2.47,1.28,0,0,1,0,6.62,1.923,2.33,49127,1.03,1.03,0
"8475310","DAL",36,393,385,8,16,4,1,0,0,0,1,1,0,0,15.1793302415754,17.093440319295,9,8,23872,430,308,50.5,1.21,2.41,0.75,0,0,1,0,0,2.289,2.578,24610,1.32,1.17,-0.15
"8465058","CHI",75,1171,1018,42,46,1,10,0,0,0,37,54,0,8,49.3754863759968,46.4369914006675,14,6,67933,2262,2927,53.5,2.23,2.44,0.58,0,0,1,0,9.84,2.617,2.461,73122,0.69,0.3,-0.39
"8475622","NSH",18,753,683,24,32,0,0,0,0,1,126,127,13,10,30.0156672468875,28.4380713577266,0,4,46478,4936,4972,52.4,1.86,2.48,0,0,0.72,0.9921,9.48,7.24,2.325,2.203,56386,0,0.26,0.26
"8474596","STL",43,1737,1580,64,64,0,0,0,1,1,294,311,29,21,74.4921962996013,68.6541826683679,1,1,114063,9653,11765,52.4,2.02,2.02,0,0.37,0.31,0.9968,10.82,6.43,2.351,2.167,135481,0.03,0.03,0
"8474134","VAN",71,968,923,41,43,4,7,5,3,0,176,62,15,3,41.1587745702709,41.5597269545542,16,5,60123,5703,3693,51.2,2.45,2.57,0.66,5.05,0,1,9.47,2.92,2.464,2.488,69519,0.83,0.26,-0.57
"8475663","VAN",45,1807,1802,75,78,0,0,0,0,0,336,354,16,22,77.4416530927992,84.1466907824506,1,1,118155,11399,11620,50.1,2.29,2.38,0,0,0,1,5.05,6.82,2.36,2.564,141174,0.03,0.03,0
"8473404","MIN",19,813,642,24,39,0,0,0,0,1,190,153,11,9,35.9787955710199,25.3576125508407,1,4,46138,5911,4715,55.9,1.87,3.04,0,0,0.76,0.9935,6.7,6.87,2.807,1.979,56764,0.06,0.25,0.19
"8475613","MIN",64,549,631,29,33,2,4,0,0,0,1,216,0,8,23.8595833884319,23.3620866320562,12,6,41018,386,5401,46.5,2.55,2.9,0.53,0,0,1,0,5.33,2.094,2.05,46805,0.92,0.46,-0.46
"8474535","NYR",7,50,55,2,3,0,0,1,0,1,23,0,3,0,2.82805604673922,3.10580720956204,0,1,3558,664,29,47.6,2.02,3.04,0,5.42,124.14,NA,16.27,0,2.861,3.142,4251,0,0.85,0.85
"8475175","STL",10,80,68,1,3,0,0,0,1,0,7,0,2,0,3.53756981168408,3.41166069591418,3,1,5483,241,95,54.1,0.66,1.97,0,14.94,0,NA,29.88,0,2.323,2.24,5819,1.86,0.62,-1.24
"8476989","STL",23,279,273,9,12,1,1,0,0,0,0,11,0,0,11.5189413999324,11.0641828784137,8,5,19438,199,762,50.5,1.67,2.22,0.37,0,0,1,0,0,2.133,2.049,20399,1.41,0.88,-0.53
"8474717","TBL",53,764,685,24,31,1,6,0,0,0,5,63,0,2,34.1954573998228,29.5297329743044,8,5,47847,573,2865,52.7,1.81,2.33,0.53,0,0,1,0,2.51,2.573,2.222,51285,0.56,0.35,-0.21
"8477494","TBL",76,762,677,32,32,1,24,3,3,2,166,5,12,0,35.0646646092646,29.9489599061199,13,11,49752,6699,653,53,2.32,2.32,1.81,3.22,11.03,0.6,6.45,0,2.537,2.167,57104,0.82,0.69,-0.13
"8473536","SJS",84,848,946,25,29,8,9,0,1,0,62,1,2,0,34.4937600251287,37.8358088593232,15,17,57252,3709,882,47.3,1.57,1.82,1.07,0.97,0,1,1.94,0,2.169,2.379,61843,0.87,0.99,0.12
"8476457","NJD",64,799,897,32,31,3,17,0,0,0,24,328,0,16,38.0481982054771,40.0031130695133,17,6,63306,2265,9254,47.1,1.82,1.76,1.14,0,0,1,0,6.22,2.164,2.275,74825,0.82,0.29,-0.53
"8467514","DET",70,1025,701,42,36,15,18,9,17,4,364,15,35,3,45.8060109608341,35.3647607743624,5,19,60410,9766,2169,59.4,2.5,2.15,1.97,9.58,6.64,0.7333,12.9,4.98,2.73,2.107,72345,0.25,0.95,0.7
"8471482","WPG",24,330,289,8,6,0,4,0,0,0,26,33,1,1,14.7638336712262,12.2797363171121,4,1,19918,992,2107,53.3,1.45,1.08,0.72,0,0,1,3.63,1.71,2.668,2.219,23017,0.63,0.16,-0.47
"8475784","CAR",77,976,915,28,45,13,10,4,3,1,257,1,16,0,44.589918699814,41.9955697155674,9,23,60478,8284,609,51.6,1.67,2.68,1.37,3.04,5.91,0,6.95,0,2.654,2.5,69371,0.47,1.19,0.72
"8471346","CHI",73,994,856,40,25,11,17,2,3,2,183,11,10,1,38.4775003636605,38.2649859840167,18,21,57109,6566,1014,53.7,2.52,1.58,1.77,2.74,7.1,0.8182,5.48,3.55,2.426,2.412,64689,1,1.17,0.17
"8477293","CHI",15,678,566,30,18,0,0,0,0,0,114,108,8,5,29.9553467117948,25.5772183159133,0,0,39423,2854,3696,54.5,2.74,1.64,0,0,0,1,10.09,4.87,2.735,2.336,45973,0,0,0
"8471663","TBL",2,12,15,0,1,0,0,0,0,0,0,0,0,0,0.393842369318008,0.683446453884244,1,0,1068,0,6,44.4,0,3.37,0,NA,0,NA,NA,0,1.328,2.304,1074,3.35,0,-3.35
"8473942","TOR",54,406,478,13,22,2,3,0,0,0,8,145,0,11,17.5725630125962,18.5884855893091,6,3,30016,678,4234,45.9,1.56,2.64,0.6,0,0,1,0,9.35,2.108,2.229,34928,0.62,0.31,-0.31
"8475842","TOR",16,83,91,3,2,1,1,0,0,0,0,5,0,0,3.27619299758226,4.58580190414796,2,1,5907,0,191,47.7,1.83,1.22,1.22,NA,0,1,NA,0,1.997,2.795,6098,1.18,0.59,-0.59
"8476410","TOR",9,65,60,3,4,1,0,0,0,0,3,0,0,0,2.96831721742637,2.77097904868424,2,1,4011,82,17,52,2.69,3.59,0.9,0,0,NA,0,0,2.664,2.487,4110,1.75,0.88,-0.87
"8474291","WSH",76,748,759,32,29,11,11,0,0,0,0,239,0,15,31.9847122017527,27.1539757369319,12,9,50363,1159,6768,49.6,2.29,2.07,1.57,0,0,1,0,7.98,2.286,1.941,58290,0.74,0.56,-0.18
"8471241","ANA",9,110,124,5,8,0,0,0,0,0,0,12,0,1,3.36981167225167,5.63089646445587,2,0,7398,72,433,47,2.43,3.89,0,0,0,1,0,8.31,1.64,2.74,7903,0.91,0,-0.91
"8468598","NYI",57,941,780,44,43,3,14,2,3,0,232,4,11,0,49.8482650698279,34.4518351188744,4,8,54302,7387,626,54.7,2.92,2.85,1.13,2.44,0,1,5.36,0,3.305,2.284,62315,0.23,0.46,0.23
"8475314","NYI",81,1075,936,49,40,17,14,5,1,1,268,5,16,0,54.3515667513129,42.6755754318438,15,11,58876,8574,602,53.5,3,2.45,1.9,2.52,5.98,0.8,6.72,0,3.323,2.609,68052,0.79,0.58,-0.21
"8471306","PIT",20,822,724,33,30,0,0,0,0,2,168,182,8,10,34.8516136928811,28.9178741963697,0,1,53461,5344,5575,53.2,2.22,2.02,0,0,1.29,0.989,5.39,6.46,2.347,1.947,64380,0,0.06,0.06
"8474162","LAK",76,1439,1035,49,47,6,19,4,9,1,342,93,23,9,58.6867658271221,43.7800183411455,11,12,82285,8944,4621,58.2,2.14,2.06,1.09,5.23,0.78,0.9892,9.26,7.01,2.568,1.915,95850,0.41,0.45,0.04
"8477507","BUF",60,641,978,35,37,0,9,2,3,3,100,36,9,7,29.5512066299561,44.6877702031634,18,5,53772,4586,2484,39.6,2.34,2.48,0.6,3.92,4.35,0.9167,7.06,10.14,1.978,2.992,60842,1.07,0.3,-0.77
"8471490","CBJ",17,110,163,1,9,0,1,0,0,0,0,9,0,2,3.74414616567083,7.09452892740956,1,1,9307,178,542,40.3,0.39,3.48,0.39,0,0,1,0,13.28,1.448,2.744,10027,0.36,0.36,0
"8474597","CBJ",36,439,435,23,12,0,8,0,0,1,3,41,0,3,21.5481190938153,20.3062459822977,7,2,29705,382,2321,50.2,2.79,1.45,0.97,0,1.55,0.9756,0,4.65,2.611,2.461,32408,0.78,0.22,-0.56
"8475185","NJD",62,481,470,13,15,3,3,0,2,0,44,201,3,18,20.3189261024818,20.2923386262264,11,7,37088,2303,5167,50.6,1.26,1.46,0.58,3.13,0,1,4.69,12.54,1.972,1.97,44558,0.89,0.57,-0.32
"8476279","DAL",51,739,746,33,34,0,8,0,0,0,4,96,0,5,31.8768446861068,31.8483123442857,4,1,43878,1052,3037,49.8,2.71,2.79,0.66,0,0,1,0,5.93,2.615,2.613,47967,0.3,0.08,-0.22
"8476975","TBL",88,775,808,20,28,12,5,0,0,0,3,316,0,16,31.7093197649228,32.0296151260263,27,34,58355,935,8040,49,1.23,1.73,1.05,0,0,1,0,7.16,1.956,1.976,67330,1.44,1.82,0.38
"8474743","COL",59,715,867,34,33,4,10,1,5,0,122,26,7,2,28.3379658409394,35.149939809402,12,6,51259,4929,1551,45.2,2.39,2.32,0.98,4.38,0,1,5.11,4.64,1.99,2.469,57739,0.75,0.37,-0.38
"8475902","BOS",27,377,334,14,14,1,4,0,0,0,32,26,1,1,15.0524805305176,12.2643137432751,0,0,23020,1118,1540,53,2.19,2.19,0.78,0,0,1,3.22,2.34,2.354,1.918,25678,0,0,0
"8476906","PHI",2,15,28,0,2,0,0,0,0,0,2,0,0,0,0.469055902212858,1.49261810164899,0,0,1212,293,0,34.9,0,5.94,0,0,NA,NA,0,NA,1.393,4.434,1505,0,0,0
"8476436","STL",60,680,565,31,22,10,6,3,0,0,113,1,6,0,29.7558218555059,22.4108622759813,9,10,43130,3402,502,54.6,2.59,1.84,1.34,3.17,0,1,6.35,0,2.484,1.871,47034,0.69,0.77,0.08
"8476539","TBL",4,36,40,2,1,1,0,0,0,0,3,0,0,0,0.997411693446338,1.62883784342557,0,0,2641,167,0,47.4,2.73,1.36,1.36,0,NA,NA,0,NA,1.36,2.22,2808,0,0,0
"8474793","ARI",5,42,36,0,2,0,0,1,0,0,5,0,1,0,1.85494190314785,1.0767078390345,1,1,2942,303,57,53.8,0,2.45,0,11.88,0,NA,11.88,0,2.27,1.318,3302,1.09,1.09,0
"8476850","CBJ",12,154,156,7,7,0,1,1,0,0,13,25,2,2,6.74989213305525,6.6193960881792,4,0,10969,522,1287,49.7,2.3,2.3,0.33,6.9,0,1,13.79,5.59,2.215,2.172,12778,1.13,0,-1.13
"8474152","CHI",19,876,803,34,25,0,0,0,0,2,157,140,5,10,38.3408894551103,36.9536274819402,0,0,54585,5021,4209,52.2,2.24,1.65,0,0,1.71,0.9857,3.58,8.55,2.529,2.437,63815,0,0,0
"8473992","MIN",18,144,178,6,14,1,1,0,0,0,0,19,0,0,6.616961877211,7.42371093097609,2,1,10248,160,971,44.7,2.11,4.92,0.7,0,0,1,0,0,2.324,2.608,11379,0.63,0.32,-0.31
"8476423","NJD",11,105,97,3,6,1,0,0,0,0,0,0,0,0,4.73616109299473,4.81129740225151,0,2,7021,8,72,52,1.54,3.08,0.51,0,0,NA,0,0,2.428,2.467,7101,0,1.01,1.01
"8468482","ANA",6,50,67,1,4,0,0,0,0,0,9,0,0,0,1.54447176854592,2.69869704823941,0,0,4014,272,34,42.7,0.9,3.59,0,0,0,NA,0,0,1.385,2.42,4320,0,0,0
"8474125","STL",67,901,897,43,37,2,8,0,1,0,22,109,2,5,40.5840449925163,37.0796218548785,1,8,61200,1607,4921,50.1,2.53,2.18,0.59,2.24,0,1,4.48,3.66,2.387,2.181,67728,0.05,0.43,0.38
"8476880","WSH",80,772,723,24,26,4,14,0,0,0,3,1,0,0,31.816114157089,26.3156486078515,46,50,47420,642,699,51.6,1.82,1.97,1.37,0,0,1,0,0,2.415,1.998,48761,3.4,3.69,0.29
"8464989","NSH",68,785,696,36,27,8,14,0,4,1,54,87,7,6,34.6963994160178,27.1898504021228,10,11,46234,2504,3977,53,2.8,2.1,1.71,5.75,0.91,0.9885,10.06,5.43,2.702,2.117,52715,0.68,0.75,0.07
"8474660","BOS",4,57,41,2,1,0,1,0,0,0,10,6,0,0,2.11741136177443,1.74081416847184,0,0,3363,503,361,58.2,2.14,1.07,1.07,0,0,1,0,0,2.267,1.863,4227,0,0,0
"8476476","BOS",15,201,200,6,3,1,0,0,0,0,2,13,0,2,7.97491449984955,7.21758821065305,2,3,13370,418,570,50.1,1.62,0.81,0.27,0,0,1,0,12.63,2.147,1.943,14358,0.5,0.75,0.25
"8470189","LAK",1,5,3,0,0,0,0,0,0,0,0,0,0,0,0.151220936793834,0.226733054965734,0,0,315,0,0,62.5,0,0,0,NA,NA,NA,NA,NA,1.728,2.591,315,0,0,0
"8475430","PHI",11,133,129,6,3,0,3,0,0,0,0,43,0,4,6.17460273823235,5.2304095675936,1,0,8900,270,1584,50.8,2.43,1.21,1.21,0,0,1,0,9.09,2.498,2.116,10754,0.33,0,-0.33
"8469542","MIN",12,64,61,2,3,1,1,0,0,0,0,26,0,2,2.17364887800068,2.06727054616204,5,4,4490,129,789,51.2,1.6,2.41,1.6,0,0,1,0,9.13,1.743,1.657,5408,3.33,2.66,-0.67
"8476624","SJS",60,518,576,17,20,4,7,0,0,0,29,33,1,1,19.5251612289576,21.0992101357551,10,8,35163,1678,1991,47.3,1.74,2.05,1.13,0,0,1,2.15,1.81,1.999,2.16,38832,0.93,0.74,-0.19
"8474744","CBJ",8,58,69,3,3,0,2,0,0,0,0,0,0,0,1.93807050900068,2.52521868888289,1,1,4735,175,9,45.7,2.28,2.28,1.52,0,0,NA,0,0,1.474,1.92,4919,0.73,0.73,0
"8475154","TOR",7,28,43,0,3,0,0,0,0,0,0,2,0,0,0.994983223965392,1.6112458226271,0,1,2556,24,34,39.4,0,4.23,0,0,0,1,0,0,1.401,2.269,2614,0,1.38,1.38
"8476312","ANA",28,441,369,15,13,0,3,0,0,0,1,57,0,4,19.9061926737777,18.4068672732101,13,1,26165,278,2422,54.4,2.06,1.79,0.41,0,0,1,0,5.95,2.739,2.533,28865,1.62,0.12,-1.5
"8475907","CGY",35,293,370,11,8,4,4,0,1,0,13,1,2,0,12.5291464366019,13.9182378337719,7,5,21065,891,247,44.2,1.88,1.37,1.37,4.04,0,1,8.08,0,2.141,2.379,22203,1.13,0.81,-0.32
"8476440","CGY",51,454,635,24,27,7,10,1,1,0,40,76,3,6,19.6043757018051,24.7902171522146,7,13,33434,1981,2928,41.7,2.58,2.91,1.83,3.63,0,1,5.45,7.38,2.111,2.669,38343,0.66,1.22,0.56
"8474606","FLA",12,128,130,7,5,0,1,0,0,0,1,12,0,1,5.23067603458185,5.86259121948387,1,1,9210,52,545,49.6,2.74,1.95,0.39,0,0,1,0,6.61,2.045,2.292,9807,0.37,0.37,0
"8476389","FLA",50,606,529,31,23,6,15,1,0,0,76,4,1,0,25.9291510446928,21.4759561523097,11,12,36504,3008,679,53.4,3.06,2.27,2.07,1.2,0,1,1.2,0,2.557,2.118,40191,0.99,1.07,0.08
"8476428","FLA",7,70,53,0,1,0,0,0,0,0,1,0,0,0,2.46306533890311,1.83295961632393,2,4,4418,255,111,56.9,0,0.81,0,0,0,NA,0,0,2.007,1.494,4784,1.51,3.01,1.5
"8476207","CBJ",25,208,246,6,4,0,4,0,1,0,21,72,3,4,9.45106948434841,8.95716911251657,4,2,15974,1329,2574,45.8,1.35,0.9,0.9,2.71,0,1,8.13,5.59,2.13,2.019,19877,0.72,0.36,-0.36
"8476341","CBJ",5,191,186,5,13,0,0,0,0,1,51,43,2,6,8.79801409645006,10.7986964474549,0,0,12011,1437,1287,50.7,1.5,3.9,0,0,2.8,0.9767,5.01,16.78,2.637,3.237,14735,0,0,0
"8473542","VAN",3,10,28,1,0,0,1,0,0,0,1,0,0,0,0.503461215586867,1.0137811358436,1,3,1096,16,11,26.3,3.28,0,3.28,0,0,NA,0,0,1.654,3.33,1123,3.21,9.62,6.41
"8474873","DET",11,112,113,6,2,0,2,0,0,0,0,19,0,0,4.87316847906914,5.34101607173216,3,0,7534,75,967,49.8,2.87,0.96,0.96,0,0,1,0,0,2.329,2.552,8576,1.26,0,-1.26
"8475728","BUF",39,374,511,14,13,5,7,1,3,0,72,8,9,1,16.8264660119894,19.1096390718012,6,10,29046,2084,596,42.3,1.74,1.61,1.49,6.91,0,1,15.55,6.04,2.085,2.368,31726,0.68,1.13,0.45
"8476466","CGY",20,147,190,8,11,2,4,0,0,0,8,0,1,0,5.68666606245097,8.24628933949862,5,3,10921,394,42,43.6,2.64,3.63,1.98,0,0,NA,9.14,0,1.875,2.718,11357,1.58,0.95,-0.63
"8476356","ARI",72,930,952,27,38,8,6,0,2,2,167,169,8,13,31.7571402963367,40.5292440206395,7,19,58240,5105,5456,49.4,1.67,2.35,0.87,1.41,1.32,0.9882,5.64,8.58,1.963,2.505,68801,0.37,0.99,0.62
"8467391","ANA",5,178,134,10,6,0,0,0,0,0,29,28,1,3,7.76484353304841,4.32656358525855,0,0,9482,1066,925,57.1,3.8,2.28,0,0,0,1,3.38,11.68,2.948,1.643,11473,0,0,0
"8473658","NSH",41,480,494,22,19,0,10,0,0,0,1,39,0,6,20.7276535273413,19.7838100315421,9,0,30166,237,1609,49.3,2.63,2.27,1.19,0,0,1,0,13.42,2.474,2.361,32012,1.01,0,-1.01
"8475795","NYR",1,11,6,0,0,0,0,0,0,0,0,1,0,1,0.842918353155255,0.268204484134912,2,1,463,0,18,64.7,0,0,0,NA,0,1,NA,200,6.554,2.085,481,14.97,7.48,-7.49
"8477214","NYR",4,42,34,1,2,0,0,0,0,0,0,0,0,0,1.63784655404743,1.27477953024209,2,0,2702,19,89,55.3,1.33,2.66,0,0,0,NA,0,0,2.182,1.698,2810,2.56,0,-2.56
"8470609","NJD",67,596,661,30,23,10,12,4,4,2,114,0,13,0,28.6854266981827,31.0475567323156,4,15,44595,4122,644,47.4,2.42,1.86,1.78,6.99,11.18,NA,11.35,0,2.316,2.506,49361,0.29,1.09,0.8
"8469470","PHI",33,502,408,14,11,2,4,0,2,0,41,0,2,0,19.3821344369208,16.6236176029779,5,1,29463,1515,587,55.2,1.71,1.34,0.73,4.75,0,NA,4.75,0,2.368,2.031,31565,0.57,0.11,-0.46
"8476472","EDM",60,1016,1022,39,60,2,14,0,2,0,47,189,2,19,45.324639055063,49.8027103891363,2,4,65853,2185,5931,49.9,2.13,3.28,0.87,3.3,0,1,3.3,11.53,2.478,2.723,73969,0.1,0.19,0.09
"8473647","CBJ",4,43,41,1,2,0,1,0,0,0,0,2,0,0,1.81006486807019,1.96650410350412,0,2,2927,0,146,51.2,1.23,2.46,1.23,NA,0,1,NA,0,2.226,2.419,3073,0,2.34,2.34
"8476432","CBJ",31,377,409,19,21,5,4,2,3,1,105,80,10,3,18.852038565441,16.9257330677356,6,12,25308,3524,2595,48,2.7,2.99,1.28,5.11,1.39,0.9875,10.22,4.16,2.682,2.408,31427,0.69,1.37,0.68
"8475739","MTL",29,187,201,10,7,3,2,0,0,0,2,8,0,0,6.53924144560006,7.63792243832722,2,4,13015,218,379,48.2,2.77,1.94,1.38,0,0,1,0,0,1.809,2.113,13612,0.53,1.06,0.53
"8474145","PIT",51,624,551,20,26,3,5,0,0,0,8,70,0,5,25.7942550899461,21.7183123506838,18,9,40235,913,3194,53.1,1.79,2.33,0.72,0,0,1,0,5.64,2.308,1.943,44342,1.46,0.73,-0.73
"8458951","MTL",48,604,699,22,16,1,9,0,4,0,148,34,8,2,24.9123928006156,26.5971531634568,9,0,40996,5829,1516,46.4,1.93,1.41,0.88,2.47,0,1,4.94,4.75,2.188,2.336,48341,0.67,0,-0.67
"8477500","VAN",74,685,835,33,37,13,13,0,0,0,28,110,1,5,33.1775691407965,37.9860048023402,9,7,47691,2054,2894,45.1,2.49,2.79,1.96,0,0,1,1.75,6.22,2.504,2.867,52639,0.62,0.48,-0.14
"8475759","ARI",27,325,345,10,14,1,2,1,0,0,21,90,2,8,11.4312937473878,14.7242603790364,5,4,20540,1329,2441,48.5,1.75,2.45,0.53,2.71,0,1,5.42,11.8,2.004,2.581,24310,0.74,0.59,-0.15
"8466149","DET",17,126,111,2,6,1,1,0,0,0,1,16,0,0,4.60317825619131,4.78181489929557,3,1,8697,137,400,53.2,0.83,2.48,0.83,0,0,1,0,0,1.905,1.979,9234,1.17,0.39,-0.78
"8460720","NYI",10,58,73,2,2,2,0,0,0,0,1,0,0,0,2.75873395672534,3.21377197263064,5,3,4160,118,24,44.3,1.73,1.73,1.73,0,0,NA,0,0,2.387,2.781,4302,4.18,2.51,-1.67
"8474048","EDM",31,341,437,17,20,0,1,0,0,0,1,28,0,6,15.6907383484067,20.7667442851234,13,5,24556,206,1391,43.8,2.49,2.93,0.15,0,0,1,0,15.53,2.3,3.044,26153,1.79,0.69,-1.1
"8476336","EDM",17,131,142,1,5,1,0,0,2,0,32,1,2,0,5.43007897451753,7.37081925454549,1,3,9298,779,79,48,0.39,1.94,0.39,9.24,0,1,9.24,0,2.102,2.854,10156,0.35,1.06,0.71
"8476209","NJD",10,78,87,1,3,0,1,0,0,0,0,27,0,0,2.25401407713071,3.38800083659589,1,0,6244,79,822,47.3,0.58,1.73,0.58,0,0,1,0,0,1.3,1.953,7145,0.5,0,-0.5
"8476234","NJD",19,518,633,28,23,0,0,0,0,2,67,141,6,12,23.7989861016977,28.8837738996954,0,1,42773,3034,4908,45,2.36,1.94,0,0,1.47,0.9858,7.12,8.8,2.003,2.431,50715,0,0.07,0.07
"8471311","SJS",41,493,422,17,21,6,7,0,0,1,5,2,0,0,19.0469658231596,19.6410772022209,6,4,25866,662,179,53.9,2.37,2.92,1.81,0,20.11,0.5,0,0,2.651,2.734,26707,0.81,0.54,-0.27
"8471299","CHI",4,32,23,1,0,0,1,0,0,0,2,0,0,0,1.38288115430623,1.24167392402887,0,2,1835,101,0,58.2,1.96,0,1.96,0,NA,NA,0,NA,2.713,2.436,1936,0,3.72,3.72
"8467332","ANA",11,150,133,5,7,0,2,0,0,0,0,32,0,2,5.89965698693413,4.88804884155979,3,0,9037,63,823,53,1.99,2.79,0.8,0,0,1,0,8.75,2.35,1.947,9923,1.09,0,-1.09
"8474613","NYR",87,1023,1177,51,32,10,31,5,9,4,433,182,24,16,49.1760246093036,52.6090635818546,16,13,72131,10396,6973,46.5,2.55,1.6,2.05,4.85,2.07,0.978,8.31,8.26,2.454,2.626,89500,0.64,0.52,-0.12
"8474095","CBJ",3,13,33,0,1,0,0,0,0,0,0,0,0,0,0.370308068580925,1.78998165833764,0,0,1218,0,31,28.3,0,2.96,0,NA,0,NA,NA,0,1.095,5.291,1249,0,0,0
"8475162","ANA",7,72,89,4,2,0,1,0,0,0,0,10,0,0,3.70978762919549,3.5660985650029,3,2,4759,0,485,44.7,3.03,1.51,0.76,NA,0,1,NA,0,2.806,2.698,5244,2.06,1.37,-0.69
"8476214","VAN",2,11,12,0,0,0,0,0,0,0,0,0,0,0,0.48305294290185,0.312056283932179,0,1,708,0,5,47.8,0,0,0,NA,0,NA,NA,0,2.456,1.587,713,0,5.05,5.05
"8476482","VAN",5,41,42,1,2,0,0,0,0,0,1,0,0,0,1.87362901575398,1.9068251606077,0,0,2738,83,46,49.4,1.31,2.63,0,0,0,NA,0,0,2.464,2.507,2867,0,0,0
"8475733","CGY",4,29,38,0,3,0,0,0,0,0,0,0,0,0,1.06001754757017,1.49617312813643,0,0,1917,0,24,43.3,0,5.63,0,NA,0,NA,NA,0,1.991,2.81,1941,0,0,0
"8474164","MIN",4,30,29,1,4,0,1,0,0,0,0,1,0,0,1.31817407777999,1.24614685587585,1,0,2074,170,112,50.8,1.74,6.94,1.74,0,0,1,0,0,2.288,2.163,2356,1.53,0,-1.53
"8475274","NJD",22,184,234,10,7,0,2,0,0,0,1,29,0,2,10.1685141458875,10.6975350652356,4,1,15388,95,1701,44,2.34,1.64,0.47,0,0,1,0,4.23,2.379,2.503,17184,0.84,0.21,-0.63
"8475761","PIT",51,530,462,20,20,4,8,0,0,0,52,2,0,1,20.4658166378504,18.1192205284024,8,5,33239,2684,291,53.4,2.17,2.17,1.3,0,0,1,0,12.37,2.217,1.962,36214,0.8,0.5,-0.3
"8474137","MTL",3,11,21,1,1,0,0,0,0,0,0,0,0,0,0.29654942266643,0.642512840218842,0,0,1172,0,0,34.4,3.07,3.07,0,NA,NA,NA,NA,NA,0.911,1.974,1172,0,0,0
"8475906","DAL",65,1230,1067,57,45,8,16,2,10,1,336,16,25,2,54.8059424767853,46.5970850809827,16,17,67500,9358,1629,53.5,3.04,2.4,1.28,4.62,2.21,0.9375,9.62,4.42,2.923,2.485,78487,0.73,0.78,0.05
"8473571","LAK",26,262,230,16,10,2,4,1,2,0,75,0,7,0,11.3158753736643,9.65633658954175,2,1,16297,2829,147,53.3,3.53,2.21,1.33,3.82,0,NA,8.91,0,2.5,2.133,19273,0.37,0.19,-0.18
"8471388","BUF",42,177,360,3,15,0,2,0,0,0,0,100,0,11,6.45589932188159,14.8389808066422,8,13,19038,442,2715,33,0.57,2.84,0.38,0,0,1,0,14.59,1.221,2.806,22195,1.3,2.11,0.81
"8475147","MIN",28,281,242,13,4,3,5,0,0,0,1,5,0,0,13.3449050284689,8.24731967027765,1,3,17664,196,225,53.7,2.65,0.82,1.63,0,0,1,0,0,2.72,1.681,18085,0.2,0.6,0.4
"8474772","MIN",9,28,50,2,1,0,1,0,0,0,0,0,0,0,1.52492947503924,1.5742602563696,3,1,2903,0,1,35.9,2.48,1.24,1.24,NA,0,NA,NA,0,1.891,1.952,2904,3.72,1.24,-2.48
"8477234","SJS",2,79,101,1,3,0,0,0,0,0,17,8,1,0,2.58283820329234,4.49338448839262,0,1,5665,505,444,43.9,0.64,1.91,0,0,0,1,7.13,0,1.641,2.855,6614,0,0.54,0.54
"8475807","CHI",41,351,370,4,14,0,2,0,0,0,1,57,0,5,14.7801294972887,16.0111180025851,2,6,24694,658,1330,48.7,0.58,2.04,0.29,0,0,1,0,13.53,2.155,2.334,26682,0.27,0.81,0.54
"8475151","ANA",73,843,795,34,29,9,12,5,6,2,196,3,12,0,34.866841659823,35.6092526185676,13,11,51756,6300,466,51.5,2.36,2.02,1.46,6.29,15.45,0.3333,6.86,0,2.425,2.477,58522,0.8,0.68,-0.12
"8476451","ARI",26,274,290,7,17,2,3,0,0,0,10,0,0,0,12.6187407113612,11.319492923154,4,6,18578,551,165,48.6,1.36,3.29,0.97,0,0,NA,0,0,2.445,2.193,19294,0.75,1.12,0.37
"8476872","PHI",31,266,325,8,12,0,2,0,1,0,17,42,2,2,10.862993005896,13.730271636392,6,4,20009,874,2012,45,1.44,2.16,0.36,4.12,0,1,8.24,3.58,1.954,2.47,22895,0.94,0.63,-0.31
"8473911","EDM",18,109,125,5,5,2,1,0,0,0,0,7,0,1,4.06824367004447,5.6512529666652,5,2,8119,85,325,46.6,2.22,2.22,1.33,0,0,1,0,11.08,1.804,2.506,8529,2.11,0.84,-1.27
"8475852","DET",36,1267,1133,49,50,0,0,0,0,4,309,333,27,20,54.4304267237894,53.1627032313263,0,8,90552,10145,10860,52.8,1.95,1.99,0,0,1.33,0.988,9.58,6.63,2.164,2.114,111557,0,0.26,0.26
"8476443","DET",21,290,212,14,8,2,1,0,0,0,5,16,0,0,13.071550238994,8.46465868834639,1,1,18253,376,1250,57.8,2.76,1.58,0.59,0,0,1,0,0,2.578,1.669,19879,0.18,0.18,0
"8476431","VAN",21,269,270,15,12,0,1,1,2,0,62,3,4,0,11.6550769875757,14.1383771168767,5,1,17412,2484,227,49.9,3.1,2.48,0.21,4.35,0,1,5.8,0,2.41,2.923,20123,0.89,0.18,-0.71
"8470018","BUF",39,189,316,5,16,1,1,0,0,0,0,82,0,8,7.14526850241236,12.4332736950601,2,2,16576,206,2483,37.4,1.09,3.47,0.43,0,0,1,0,11.6,1.552,2.7,19265,0.37,0.37,0
"8477084","NYR",2,118,53,4,1,0,0,0,0,0,24,11,0,0,4.06640796537977,2.74338322505355,0,0,5740,621,506,69,2.51,0.63,0,0,0,1,0,0,2.55,1.721,6867,0,0,0
"8476435","BOS",3,15,18,0,2,0,0,0,0,0,1,0,0,0,0.390523288282566,0.685308570973575,0,0,1275,175,12,45.5,0,5.65,0,0,0,NA,0,0,1.103,1.935,1462,0,0,0
"8477228","BOS",2,11,2,0,0,0,0,0,0,0,0,2,0,0,0.344825436128303,0.0736016044393182,0,0,781,0,66,84.6,0,0,0,NA,0,1,NA,0,1.589,0.339,847,0,0,0
"8475266","COL",7,41,46,1,2,0,1,0,0,0,1,0,0,0,1.0787454333622,1.39177050208673,1,1,2919,84,8,47.1,1.23,2.47,1.23,0,0,NA,0,0,1.33,1.716,3011,1.2,1.2,0
"8475461","COL",1,8,14,1,0,0,1,0,0,0,0,0,0,0,0.329827326349914,0.607192737981677,0,0,585,0,0,36.4,6.15,0,6.15,NA,NA,NA,NA,NA,2.03,3.737,585,0,0,0
"8476043","COL",3,30,44,2,2,0,0,0,0,0,0,0,0,0,0.736039839917794,1.98799438308924,0,0,2082,2,0,40.5,3.46,3.46,0,0,NA,NA,0,NA,1.273,3.437,2084,0,0,0
"8475260","CGY",2,11,10,0,0,0,0,0,0,0,0,0,0,0,0.285594337736256,0.344148965552449,0,0,768,0,0,52.4,0,0,0,NA,NA,NA,NA,NA,1.339,1.613,768,0,0,0
"8476479","CHI",2,19,12,1,0,0,0,0,0,0,3,0,0,0,0.801740529423114,0.465735578909516,0,2,1006,120,0,61.3,3.58,0,0,0,NA,NA,0,NA,2.869,1.667,1126,0,6.39,6.39
"8471761","STL",33,468,457,31,26,2,5,0,0,0,20,10,0,1,19.617732681043,19.0041426501703,9,8,30108,1078,1282,50.6,3.71,3.11,0.84,0,0,1,0,2.81,2.346,2.272,32468,1,0.89,-0.11
"8477126","PIT",12,95,114,2,4,0,1,0,0,0,0,11,0,0,3.6233595861122,4.77626726636663,7,4,7072,210,378,45.5,1.02,2.04,0.51,0,0,1,0,0,1.844,2.431,7660,3.29,1.88,-1.41
"8477956","BOS",46,584,477,27,14,7,15,2,1,1,115,0,5,0,23.8374633565545,20.0471561416634,4,10,31454,4623,597,55,3.09,1.6,2.52,2.34,6.03,NA,3.89,0,2.728,2.294,36674,0.39,0.98,0.59
"8474659","NYI",14,188,202,8,5,0,2,0,0,0,23,1,0,0,10.3208035113057,10.0830084703048,0,4,12435,903,303,48.2,2.32,1.45,0.58,0,0,1,0,0,2.988,2.919,13641,0,1.06,1.06
"8473989","EDM",40,211,286,6,10,2,1,0,0,0,1,0,0,0,8.29629661160288,12.3408143583219,4,3,17557,82,37,42.5,1.23,2.05,0.62,0,0,NA,0,0,1.701,2.53,17676,0.81,0.61,-0.2
"8474008","COL",10,60,63,3,1,0,1,0,0,0,0,0,0,0,1.5365515963058,3.28986650705338,0,0,4561,67,63,48.8,2.37,0.79,0.79,0,0,NA,0,0,1.213,2.597,4691,0,0,0
"8472394","NJD",43,368,479,13,20,3,1,0,0,1,12,107,1,3,16.9629441773286,23.8308934906963,2,8,32996,765,4056,43.4,1.42,2.18,0.44,0,0.89,0.9907,4.71,2.66,1.851,2.6,37817,0.19,0.76,0.57
"8474661","CAR",38,489,467,15,23,0,3,2,0,0,59,3,3,1,20.4539674961707,19.5617406688398,2,9,32193,2070,445,51.2,1.68,2.57,0.34,3.48,0,1,5.22,8.09,2.287,2.188,34708,0.21,0.93,0.72
"8471266","TOR",59,501,561,14,23,7,5,0,0,0,6,127,0,6,19.7401908211177,25.0788962432998,10,13,36044,750,4541,47.2,1.4,2.3,1.2,0,0,1,0,4.76,1.972,2.505,41335,0.87,1.13,0.26
"8473560","TOR",34,387,499,20,19,0,6,0,0,0,2,135,0,10,17.4344279303914,23.230609871971,5,2,28622,333,4436,43.7,2.52,2.39,0.75,0,0,1,0,8.12,2.193,2.922,33391,0.54,0.22,-0.32
"8476798","COL",10,154,113,4,4,0,0,0,0,0,7,22,2,2,7.77363258774858,3.79402018670226,3,1,7692,175,622,57.7,1.87,1.87,0,0,0,1,41.14,11.58,3.638,1.776,8489,1.27,0.42,-0.85
"8476807","SJS",27,342,377,10,9,1,3,1,1,0,63,19,2,1,13.3596789579606,15.3694068919867,7,1,23065,3009,1007,47.6,1.56,1.4,0.62,2.39,0,1,2.39,3.57,2.085,2.399,27081,0.93,0.13,-0.8
"8467370","NSH",62,813,746,41,25,11,16,7,3,1,262,143,16,11,34.2477853329619,28.0561265855795,12,11,48798,7603,5033,52.1,3.02,1.84,1.99,4.73,0.72,0.993,7.58,7.87,2.527,2.07,61434,0.7,0.64,-0.06
"8475203","ANA",1,2,11,0,2,0,0,0,0,0,0,0,0,0,0.0781313609331846,0.86375623755157,0,0,363,0,0,15.4,0,19.83,0,NA,NA,NA,NA,NA,0.775,8.566,363,0,0,0
"8474025","MTL",7,41,55,0,3,0,0,0,0,0,0,0,0,0,1.36759306211025,1.06078215478919,1,1,3132,67,0,42.7,0,3.45,0,0,NA,NA,0,NA,1.572,1.219,3199,1.13,1.13,0
"8477213","BUF",18,108,195,3,7,1,1,0,0,0,0,29,0,6,4.76670556818135,7.429098616587,1,1,10896,243,1005,35.6,0.99,2.31,0.66,0,0,1,0,21.49,1.575,2.455,12144,0.3,0.3,0
"8473682","PIT",24,144,149,6,6,1,5,0,0,0,1,41,0,2,5.13215951825259,6.92818135779817,1,0,11012,348,1254,49.1,1.96,1.96,1.96,0,0,1,0,5.74,1.678,2.265,12614,0.29,0,-0.29
"8477510","CBJ",5,36,49,3,0,0,3,0,0,0,0,0,0,0,1.71265821531415,1.36981143127196,1,0,3044,64,0,42.4,3.55,0,3.55,0,NA,NA,0,NA,2.025,1.62,3108,1.16,0,-1.16
"8475996","ARI",12,106,109,1,1,0,1,0,0,0,4,0,0,0,3.7468313453719,3.66942927899072,4,3,7589,104,34,49.3,0.47,0.47,0.47,0,0,NA,0,0,1.777,1.741,7727,1.86,1.4,-0.46
"8475958","COL",3,18,27,3,3,0,1,0,0,0,1,0,0,0,0.536370540037751,0.887057913467288,0,2,1211,60,6,40,8.92,8.92,2.97,0,0,NA,0,0,1.594,2.637,1277,0,5.64,5.64
"8476536","COL",1,4,5,0,0,0,0,0,0,0,0,0,0,0,0.0630941517883912,0.17597334831953,0,0,366,0,0,44.4,0,0,0,NA,NA,NA,NA,NA,0.621,1.731,366,0,0,0
"8475752","EDM",17,185,183,6,9,2,0,0,0,0,5,0,0,0,6.84967237879755,7.10831821069587,2,3,12095,315,100,50.3,1.79,2.68,0.6,0,0,NA,0,0,2.039,2.116,12510,0.58,0.86,0.28
"8467351","NJD",58,644,724,26,26,6,12,0,14,3,133,7,17,0,33.3553979715798,33.3349430763628,4,13,47335,5311,1122,47.1,1.98,1.98,1.37,9.49,9.63,0.5714,11.52,0,2.537,2.535,53768,0.27,0.87,0.6
"8476293","PIT",4,22,12,0,0,0,0,0,0,0,0,0,0,0,0.726971308817156,0.473335022106767,0,0,1451,21,0,64.7,0,0,0,0,NA,NA,0,NA,1.804,1.174,1472,0,0,0
"8475279","WPG",42,609,542,24,21,2,6,0,0,0,2,45,0,5,29.2028343419661,23.2254587842617,7,3,37139,384,2224,52.9,2.33,2.04,0.78,0,0,1,0,8.09,2.831,2.251,39747,0.63,0.27,-0.36
"8475208","PIT",13,129,145,7,6,1,0,0,0,0,5,8,0,0,4.86560463620117,6.77733105421066,1,1,10374,332,404,47.1,2.43,2.08,0.35,0,0,1,0,0,1.688,2.352,11110,0.32,0.32,0
"8470760","OTT",51,1009,862,42,25,1,9,0,0,0,10,172,0,11,44.2524995183921,32.8641660688445,12,6,57253,1544,5377,53.9,2.64,1.57,0.63,0,0,1,0,7.36,2.783,2.066,64174,0.67,0.34,-0.33
"8473546","NYI",36,401,404,15,13,7,5,0,0,0,1,74,0,9,19.6681657336303,17.2436051427503,3,5,23631,205,2324,49.8,2.29,1.98,1.83,0,0,1,0,13.94,2.996,2.627,26160,0.41,0.69,0.28
"8475680","DAL",2,49,62,1,5,0,0,0,0,1,12,17,1,1,1.97951712063514,2.97569320350885,0,0,4398,449,531,44.1,0.82,4.09,0,0,6.78,0.9412,8.02,6.78,1.62,2.436,5378,0,0,0
"8455710","STL",7,263,249,16,11,0,0,0,0,0,92,46,6,5,10.9143961197115,11.1949270722689,0,0,17002,2154,1454,51.4,3.39,2.33,0,0,0,1,10.03,12.38,2.311,2.37,20610,0,0,0
"8476403","ARI",23,298,383,10,19,1,3,0,0,0,0,116,0,6,11.992097978713,17.4299701388227,4,3,20391,220,2919,43.8,1.77,3.35,0.71,0,0,1,0,7.4,2.117,3.077,23530,0.61,0.46,-0.15
"8477413","MTL",12,64,80,5,3,2,1,0,0,2,24,0,2,0,2.43007867201231,3.92152896220796,0,0,5648,994,22,44.4,3.19,1.91,1.91,0,327.27,NA,7.24,0,1.549,2.5,6664,0,0,0
"8474638","ARI",33,437,499,7,21,0,1,0,0,0,1,179,0,9,17.2529377265018,20.6813874194631,5,2,28676,217,4615,46.7,0.88,2.64,0.13,0,0,1,0,7.02,2.166,2.596,33508,0.54,0.21,-0.33
"8476921","ARI",8,108,80,3,6,0,1,0,0,0,0,12,0,0,4.42531937058084,3.47220929217292,0,2,5015,100,384,57.4,2.15,4.31,0.72,0,0,1,0,0,3.177,2.493,5499,0,1.31,1.31
"8471273","CBJ",47,558,511,30,22,10,13,0,7,0,136,190,7,17,24.4167414981639,25.8214182705269,14,14,36823,4666,4982,52.2,2.93,2.15,2.25,5.4,0,1,5.4,12.28,2.387,2.524,46471,1.08,1.08,0
"8477916","COL",11,77,85,6,5,1,1,0,0,0,3,0,0,0,2.66721576882992,4.1191229603719,3,0,5717,196,110,47.5,3.78,3.15,1.26,0,0,NA,0,0,1.68,2.594,6023,1.79,0,-1.79
"8477922","SJS",53,750,625,30,29,12,8,1,0,2,64,14,3,0,31.9664248010959,24.9926855398808,10,11,41044,3743,1622,54.5,2.63,2.54,1.75,0.96,4.44,0.8571,2.89,0,2.804,2.192,46409,0.78,0.85,0.07
"8475869","EDM",12,131,162,6,10,1,0,0,0,0,0,12,0,0,6.11503133154474,6.71149398060516,0,1,9706,69,883,44.7,2.23,3.71,0.37,0,0,1,0,0,2.268,2.489,10658,0,0.34,0.34
"8475810","PIT",14,147,138,5,8,1,1,0,0,0,8,0,1,0,6.01898161985446,6.24459231481887,2,4,9025,368,89,51.6,1.99,3.19,0.8,0,0,NA,9.78,0,2.401,2.491,9482,0.76,1.52,0.76
"8476769","PIT",11,57,69,1,1,0,0,0,0,0,2,0,0,0,1.73713311553001,2.1158088753582,2,8,4418,210,38,45.2,0.81,0.81,0,0,0,NA,0,0,1.416,1.724,4666,1.54,6.17,4.63
"8471474","DAL",6,77,44,1,0,0,0,0,0,0,12,0,0,0,2.32058583764592,1.24006087868474,0,0,3785,488,7,63.6,0.95,0,0,0,0,NA,0,0,2.207,1.179,4280,0,0,0
"8471636","NJD",15,72,88,4,5,0,2,0,0,0,0,44,0,2,3.62911086902022,4.48502596805338,4,1,7281,83,1370,45,1.98,2.47,0.99,0,0,1,0,5.26,1.794,2.218,8734,1.65,0.41,-1.24
"8476883","TBL",20,708,677,36,28,0,0,0,0,0,96,109,9,8,30.89071284479,30.2021301928326,0,1,47248,4089,4052,51.1,2.74,2.13,0,0,0,1,7.92,7.11,2.354,2.301,55389,0,0.06,0.06
"8468524","ANA",8,301,239,10,14,0,1,0,1,2,47,32,4,6,11.6875890551601,10.1245871956344,0,0,16261,1322,1185,55.7,2.21,3.1,0.22,2.72,6.08,0.9375,10.89,18.23,2.587,2.241,18768,0,0,0
"8475826","CAR",3,11,12,0,0,0,0,0,0,0,1,0,0,0,0.77029824978672,0.474648050963879,1,0,967,7,0,47.8,0,0,0,0,NA,NA,0,NA,2.868,1.767,974,3.7,0,-3.7
"8476888","BUF",25,248,380,9,16,2,2,1,1,2,48,2,2,0,11.6130249027628,15.1617771376041,1,2,19754,1850,283,39.5,1.64,2.92,0.73,3.89,25.44,0,3.89,0,2.116,2.763,21887,0.16,0.33,0.17
"8471840","MIN",6,38,47,3,2,0,3,0,0,0,0,8,0,1,1.58905758149922,1.89530718978494,2,1,2995,71,235,44.7,3.61,2.4,3.61,0,0,1,0,15.32,1.91,2.278,3301,2.18,1.09,-1.09
"8476419","OTT",56,625,577,22,21,7,9,0,0,0,11,188,0,13,26.6467048868653,22.07772048685,2,16,39758,1311,4894,52,1.99,1.9,1.45,0,0,1,0,9.56,2.413,1.999,45963,0.16,1.25,1.09
"8476449","PIT",10,127,112,3,13,0,0,0,0,0,4,19,0,0,5.03634883457562,5.60078461910598,2,1,7670,292,735,53.1,1.41,6.1,0,0,0,1,0,0,2.364,2.629,8697,0.83,0.41,-0.42
"8471326","COL",1,3,8,0,0,0,0,0,0,0,0,0,0,0,0.0512014832347631,0.362289325916208,0,0,380,0,0,27.3,0,0,0,NA,NA,NA,NA,NA,0.485,3.432,380,0,0,0
"8476884","PIT",34,435,391,13,19,1,2,1,3,3,141,3,5,1,19.0492119746632,19.0515474900021,2,3,28339,4612,370,52.7,1.65,2.41,0.38,3.12,29.19,0,3.9,9.73,2.42,2.42,33321,0.22,0.32,0.1
"8475165","EDM",38,408,432,13,24,1,10,4,3,1,120,49,12,5,18.3106376900105,21.0681396512082,7,4,27267,3598,1856,48.6,1.72,3.17,1.45,7,1.94,0.9796,12.01,9.7,2.418,2.782,32721,0.77,0.44,-0.33
"8475796","BUF",7,64,120,6,3,2,1,0,0,0,7,8,0,3,3.06818285444751,5.00077071849955,1,0,6542,256,469,34.8,3.3,1.65,1.65,0,0,1,0,23.03,1.688,2.752,7267,0.5,0,-0.5
"8467972","PHI",10,385,341,13,19,0,0,0,0,1,77,65,8,4,15.0940484906314,15.130054150417,0,0,24724,2538,2312,53,1.89,2.77,0,0,1.56,0.9846,11.35,6.23,2.198,2.203,29574,0,0,0
"8471710","PIT",12,129,117,0,1,0,0,0,0,0,21,6,3,0,5.41791000554804,4.24498775642132,1,2,8707,935,329,52.4,0,0.41,0,0,0,1,11.55,0,2.24,1.755,9971,0.36,0.72,0.36
"8476944","CAR",2,6,15,0,1,0,0,0,0,0,0,0,0,0,0.305872270837426,0.318803587928414,0,0,724,0,0,28.6,0,4.97,0,NA,NA,NA,NA,NA,1.521,1.585,724,0,0,0
"8476469","BUF",1,4,11,0,0,0,0,0,0,0,0,0,0,0,0.302061245776713,0.974968431517482,0,0,819,0,6,26.7,0,0,0,NA,0,NA,NA,0,1.328,4.286,825,0,0,0
"8473553","PIT",1,32,30,2,1,0,0,0,0,0,1,4,0,0,0.99554208322661,1.11876918247435,0,0,1913,52,160,51.6,3.76,1.88,0,0,0,1,0,0,1.873,2.105,2125,0,0,0
"8476339","PIT",2,7,10,0,1,0,0,0,0,0,0,1,0,0,0.144596239551902,0.463961867615581,0,0,746,0,29,41.2,0,4.83,0,NA,0,1,NA,0,0.698,2.239,775,0,0,0
"8474690","NYI",1,44,33,3,2,0,0,0,0,1,7,4,0,0,1.492853375501,1.47200984228402,0,1,2797,190,317,57.1,3.86,2.57,0,0,11.36,0.75,0,0,1.921,1.895,3304,0,1.09,1.09
"8474202","MIN",2,48,44,3,3,0,0,0,0,1,11,7,1,0,2.27421390707605,1.27736891247332,0,0,3393,389,250,52.2,3.18,3.18,0,0,14.4,0.8571,9.25,0,2.413,1.355,4032,0,0,0
"8474230","SJS",4,17,31,0,1,0,0,0,0,0,0,0,0,0,0.613011538982391,0.903638296760619,3,4,1732,35,25,35.4,0,2.08,0,0,0,NA,0,0,1.274,1.878,1792,6.03,8.04,2.01
"8476384","ANA",1,7,14,0,0,0,0,0,0,0,0,0,0,0,0.202996714040637,0.422700485796668,0,0,527,0,0,33.3,0,0,0,NA,NA,NA,NA,NA,1.387,2.888,527,0,0,0
"8476227","NJD",4,13,26,2,3,1,0,0,0,0,0,0,0,0,0.782371719367802,0.994100055773742,0,0,1559,14,77,33.3,4.62,6.93,2.31,0,0,NA,0,0,1.807,2.296,1650,0,0,0
"8473533","CAR",46,780,531,21,25,4,10,1,6,0,159,10,12,2,36.1180716428207,26.0595934934099,7,6,40158,4916,1422,59.5,1.88,2.24,1.26,5.13,0,1,8.79,5.06,3.238,2.336,46496,0.54,0.46,-0.08
"8476344","MIN",3,18,24,0,0,0,0,0,0,0,0,0,0,0,0.729611507966183,1.11096169892699,0,2,1660,0,0,42.9,0,0,0,NA,NA,NA,NA,NA,1.582,2.409,1660,0,4.34,4.34
"8471240","LAK",9,112,86,4,3,0,1,0,0,0,0,9,0,2,4.77112736192066,3.97960201092064,2,0,7668,153,825,56.6,1.88,1.41,0.47,0,0,1,0,8.73,2.24,1.868,8646,0.83,0,-0.83
"8477715","ARI",2,8,28,0,1,0,0,0,0,0,0,1,0,1,0.144810376688838,1.20667850039899,0,0,1118,9,22,22.2,0,3.22,0,0,0,1,0,163.64,0.466,3.886,1149,0,0,0
"8476300","TBL",44,528,435,31,20,2,7,1,3,0,76,7,4,2,23.239059308602,20.6468272538041,12,5,31875,2498,716,54.8,3.5,2.26,1.02,5.76,0,1,5.76,10.06,2.625,2.332,35089,1.23,0.51,-0.72
"8476439","DAL",31,364,290,13,11,6,2,0,1,1,137,0,6,0,16.6736484883586,12.7309349993593,6,7,21339,3336,212,55.7,2.19,1.86,1.35,1.08,16.98,NA,6.47,0,2.813,2.148,24887,0.87,1.01,0.14
"8470839","FLA",9,79,110,3,7,0,1,0,0,0,2,5,0,1,4.052048820653,3.75146106857574,0,0,6509,141,388,41.8,1.66,3.87,0.55,0,0,1,0,9.28,2.241,2.075,7038,0,0,0
"8475735","TOR",3,16,31,0,0,0,0,0,0,0,0,0,0,0,0.292039615567774,1.49078938236926,0,1,1597,55,2,34,0,0,0,0,0,NA,0,0,0.658,3.361,1654,0,2.18,2.18
"8470662","STL",1,2,8,0,1,0,0,0,0,0,0,0,0,0,0.125155107118189,0.60155573207885,0,0,282,0,0,20,0,12.77,0,NA,NA,NA,NA,NA,1.598,7.679,282,0,0,0
"8471748","NJD",34,320,455,13,16,0,2,0,0,0,0,86,0,7,16.379888601019,22.106093406619,15,4,28167,145,3921,41.3,1.66,2.04,0.26,0,0,1,0,6.43,2.093,2.825,32233,1.68,0.45,-1.23
"8476882","CHI",52,592,530,19,14,7,8,1,1,0,59,1,2,0,24.0146783625241,23.0091969312634,1,5,36477,2634,404,52.8,1.88,1.38,1.48,2.73,0,1,2.73,0,2.37,2.271,39515,0.09,0.46,0.37
"8475567","WPG",1,2,10,0,0,0,0,0,0,0,0,0,0,0,0.0902486518025398,0.328173380461521,0,0,509,64,0,16.7,0,0,0,0,NA,NA,0,NA,0.638,2.321,573,0,0,0
"8475321","BUF",28,233,406,8,19,3,2,0,0,2,29,0,0,0,9.34447254118277,16.5695730238222,5,2,19846,1441,279,36.5,1.45,3.45,0.91,0,25.81,NA,0,0,1.695,3.006,21566,0.83,0.33,-0.5
"8475878","COL",18,75,117,3,4,1,0,0,0,0,3,3,1,1,3.09182630782016,3.24594733677804,0,1,7697,194,166,39.1,1.4,1.87,0.47,0,0,1,18.56,21.69,1.446,1.518,8057,0,0.45,0.45
"8476447","NSH",1,10,4,1,0,1,0,0,0,0,0,3,0,0,0.701262805610895,0.0404346683062613,0,1,594,0,55,71.4,6.06,0,6.06,NA,0,1,NA,0,4.25,0.245,649,0,5.55,5.55
"8470867","TOR",5,25,24,0,0,0,0,0,0,0,0,0,0,0,1.04055834747851,0.842565461993217,0,0,1372,0,0,51,0,0,0,NA,NA,NA,NA,NA,2.73,2.211,1372,0,0,0
"8475749","MTL",18,149,115,1,3,1,0,0,0,0,1,0,0,0,4.99534299084917,3.34021794755245,1,2,9444,303,41,56.4,0.38,1.14,0.38,0,0,NA,0,0,1.904,1.273,9788,0.37,0.74,0.37
"8475800","DET",31,274,214,11,5,4,2,1,1,0,135,0,7,0,10.3981196896639,8.85857127886266,5,1,17078,3506,254,56.1,2.32,1.05,1.26,2.05,0,NA,7.19,0,2.192,1.867,20838,0.86,0.17,-0.69
"8475299","CGY",6,221,270,8,13,0,0,0,0,0,48,27,0,1,9.50533053599065,11.1754591939971,0,1,16457,1692,929,45,1.75,2.84,0,0,0,1,0,3.88,2.079,2.445,19078,0,0.19,0.19
"8476302","VAN",10,112,114,2,6,1,0,0,0,0,1,1,0,1,4.70826346799731,4.85852285608416,0,2,8285,231,398,49.6,0.87,2.61,0.43,0,0,1,0,9.05,2.046,2.111,8914,0,0.81,0.81
"8474610","BUF",21,140,209,4,14,1,2,0,0,0,0,0,0,0,5.91197007743176,8.08531332202256,2,2,11163,399,18,40.1,1.29,4.51,0.97,0,0,NA,0,0,1.907,2.607,11580,0.62,0.62,0
"8475194","ARI",4,43,56,0,3,0,0,0,0,0,0,19,0,1,2.25854733074084,2.21931166760623,0,0,3414,13,495,43.4,0,3.16,0,0,0,1,0,7.27,2.382,2.34,3922,0,0,0
"8475213","CGY",12,101,145,4,10,1,2,0,0,0,1,4,0,0,3.16266142600216,6.07461034401786,1,3,7279,259,237,41.1,1.98,4.95,1.48,0,0,1,0,0,1.564,3.004,7775,0.46,1.39,0.93
"8476981","CBJ",6,74,71,3,4,0,1,0,0,0,0,0,0,0,2.45169681636617,3.54674269887619,1,1,4630,74,30,51,2.33,3.11,0.78,0,0,NA,0,0,1.906,2.758,4734,0.76,0.76,0
"8475868","NSH",7,73,76,1,2,0,0,0,0,0,0,0,0,0,3.88500100024976,3.53113991295686,1,1,4719,25,115,49,0.76,1.53,0,0,0,NA,0,0,2.964,2.694,4859,0.74,0.74,0
"8476992","NSH",2,87,63,1,2,0,0,0,0,0,15,14,1,2,2.97702197334729,2.80228912516031,0,0,5055,456,597,58,0.71,1.42,0,0,0,1,7.89,12.06,2.12,1.996,6108,0,0,0
"8476406","LAK",34,301,269,10,9,1,5,0,0,0,9,19,0,0,10.6870426060632,10.5357054378255,5,7,20097,864,1187,52.8,1.79,1.61,1.07,0,0,1,0,0,1.914,1.887,22148,0.81,1.14,0.33
"8474591","DET",3,55,44,2,1,0,0,0,0,0,9,4,2,0,1.96254642255371,2.57191632635659,0,0,3379,241,184,55.6,2.13,1.07,0,0,0,1,29.88,0,2.091,2.74,3804,0,0,0
"8474722","TBL",16,198,192,10,9,0,0,0,0,0,0,19,0,1,8.38735326199094,8.32778097724076,5,4,13241,39,807,50.8,2.72,2.45,0,0,0,1,0,4.46,2.28,2.264,14087,1.28,1.02,-0.26
"8473466","PHI",34,316,311,13,10,6,5,0,0,0,48,20,4,2,11.0890516327927,10.6114349064883,10,3,21106,1241,952,50.4,2.22,1.71,1.88,0,0,1,11.6,7.56,1.891,1.81,23299,1.55,0.46,-1.09
"8475723","PHI",3,29,20,2,1,0,2,0,0,0,0,0,0,0,1.10153159458423,0.715209404996131,0,0,1661,0,0,59.2,4.33,2.17,4.33,NA,NA,NA,NA,NA,2.387,1.55,1661,0,0,0
"8475774","TOR",7,40,56,1,1,0,0,0,0,0,0,26,0,3,1.08706224896014,1.83069561142474,3,0,3846,6,926,41.7,0.94,0.94,0,0,0,1,0,11.66,1.018,1.714,4778,2.26,0,-2.26
"8475755","FLA",33,420,451,15,18,0,3,0,0,0,10,31,0,3,18.0795790462289,20.1243169854279,7,6,28704,653,1596,48.2,1.88,2.26,0.38,0,0,1,0,6.77,2.268,2.524,30953,0.81,0.7,-0.11
"8476427","STL",11,73,67,2,2,0,2,0,0,0,12,0,1,0,2.71822556026746,2.24201390321832,1,0,5457,479,55,52.1,1.32,1.32,1.32,0,0,NA,7.52,0,1.793,1.479,5991,0.6,0,-0.6
"8475252","BUF",5,131,243,5,12,0,0,0,0,0,36,35,4,5,6.77051012497395,10.7456989579368,0,1,11889,1262,1042,35,1.51,3.63,0,0,0,1,11.41,17.27,2.05,3.254,14193,0,0.25,0.25
"8477589","VAN",35,354,387,17,17,5,9,0,0,0,3,0,0,0,15.74201498006,17.696609356266,6,0,24135,688,183,47.8,2.54,2.54,2.09,0,0,NA,0,0,2.348,2.64,25006,0.86,0,-0.86
"8476289","DET",16,199,164,4,8,0,1,0,0,0,3,26,0,0,6.75676054239739,6.32423619029578,1,0,13232,214,1261,54.8,1.09,2.18,0.27,0,0,1,0,0,1.838,1.721,14707,0.24,0,-0.24
"8475839","ARI",7,253,230,6,10,0,0,0,0,0,40,49,3,1,9.47887130960589,10.598245230387,0,0,14736,1135,1563,52.4,1.47,2.44,0,0,0,1,9.52,2.3,2.316,2.589,17434,0,0,0
"8477913","CGY",4,25,28,0,0,0,0,0,0,0,0,0,0,0,1.05665269430028,1.6102853352204,1,0,2146,82,46,47.2,0,0,0,0,0,NA,0,0,1.773,2.701,2274,1.58,0,-1.58
"8475254","MTL",3,19,21,0,1,0,0,0,0,0,0,0,0,0,0.682992268353701,0.825494304299355,0,0,1584,19,37,47.5,0,2.27,0,0,0,NA,0,0,1.552,1.876,1640,0,0,0
"8475619","WSH",2,14,14,0,0,0,0,0,0,0,0,0,0,0,0.651276020333171,0.571165014058352,0,1,1154,0,0,50,0,0,0,NA,NA,NA,NA,NA,2.032,1.782,1154,0,3.12,3.12
"8477455","MTL",45,383,488,10,17,2,2,0,0,0,7,72,0,5,14.0440592792002,17.9971283180639,8,1,31303,748,2874,44,1.15,1.96,0.46,0,0,1,0,6.26,1.615,2.07,34925,0.82,0.1,-0.72
"8474000","FLA",25,318,337,8,14,2,1,0,1,0,14,49,1,0,12.7890352829127,14.2285977274878,6,3,21567,812,1711,48.5,1.34,2.34,0.5,4.43,0,1,4.43,0,2.135,2.375,24090,0.9,0.45,-0.45
"8475206","COL",5,44,53,1,3,0,0,0,0,0,13,0,0,0,1.20903477631509,2.7506830758648,1,0,3496,355,38,45.4,1.03,3.09,0,0,0,NA,0,0,1.245,2.833,3889,0.93,0,-0.93
"8470719","ARI",3,24,38,0,1,0,0,0,0,0,0,0,0,0,0.660424491390586,1.65704807639122,1,0,1873,6,14,38.7,0,1.92,0,0,0,NA,0,0,1.269,3.185,1893,1.9,0,-1.9
"8476549","SJS",5,30,30,2,0,0,1,0,0,0,7,0,0,0,1.32442958583124,0.755714602535591,0,0,2103,152,3,50,3.42,0,1.71,0,0,NA,0,0,2.267,1.294,2258,0,0,0
"8475831","WSH",2,134,87,5,4,0,0,0,0,0,7,8,1,1,4.87296987359878,3.17557344032684,0,0,6569,145,242,60.6,2.74,2.19,0,0,0,1,24.83,14.88,2.671,1.74,6956,0,0,0
"8476799","WSH",4,41,24,2,1,0,0,0,0,0,0,0,0,0,1.50001445692033,0.793863798258826,2,0,2628,0,52,63.1,2.74,1.37,0,NA,0,NA,NA,0,2.055,1.087,2680,2.69,0,-2.69
"8476158","NYI",2,17,17,0,1,0,0,0,0,0,0,2,0,1,0.670934895053506,1.18729959335178,0,1,1199,0,83,50,0,3,0,NA,0,1,NA,43.37,2.014,3.565,1282,0,2.81,2.81
"8474616","WPG",1,4,3,0,0,0,0,0,0,0,0,0,0,0,0.117735250853002,0.178293528035283,0,0,294,0,0,57.1,0,0,0,NA,NA,NA,NA,NA,1.442,2.183,294,0,0,0
"8472424","EDM",16,133,190,3,9,0,1,1,0,1,20,5,1,0,5.24905749992467,10.5404976283899,3,0,11000,1086,310,41.2,0.98,2.95,0.33,3.31,11.61,0.8,3.31,0,1.718,3.45,12396,0.87,0,-0.87
"8471879","CHI",16,162,146,2,6,0,0,0,0,0,0,7,0,1,4.64082728885114,6.46587211545557,0,4,9843,174,319,52.6,0.73,2.19,0,0,0,1,0,11.29,1.697,2.365,10336,0,1.39,1.39
"8477451","CHI",5,43,34,0,1,0,0,0,0,0,0,0,0,0,1.98395651974715,1.11047457612585,1,1,2452,34,0,55.8,0,1.47,0,0,NA,NA,0,NA,2.913,1.63,2486,1.45,1.45,0
"8473614","EDM",6,208,280,13,9,0,0,0,0,0,21,35,4,6,10.5182651049108,14.199918202532,0,1,16367,616,1184,42.6,2.86,1.98,0,0,0,1,23.38,18.24,2.314,3.123,18167,0,0.2,0.2
"8476162","WSH",1,9,11,0,1,0,0,0,0,0,0,0,0,0,0.23357555642724,0.823196072131395,0,0,723,0,8,45,0,4.98,0,NA,0,NA,NA,0,1.163,4.099,731,0,0,0
"8476386","OTT",2,22,13,1,0,0,1,0,0,0,0,0,0,0,0.902141574886627,1.03634419385344,0,0,1162,0,86,62.9,3.1,0,3.1,NA,0,NA,NA,0,2.795,3.211,1248,0,0,0
"8477202","OTT",26,1131,1116,46,38,0,0,0,0,2,257,202,15,8,49.436491714092,45.9979193031322,0,1,71574,8172,6056,50.3,2.31,1.91,0,0,1.19,0.9901,6.61,4.76,2.487,2.314,85802,0,0.04,0.04
"8470093","ARI",1,41,41,2,4,0,0,0,0,0,3,8,0,1,1.68132632318884,2.19848576292861,0,0,3118,99,291,50,2.31,4.62,0,0,0,1,0,12.37,1.941,2.538,3508,0,0,0
"8473415","VAN",7,71,94,4,7,1,0,0,0,0,3,4,0,0,3.1339307660237,4.94917659566272,0,0,5800,180,291,43,2.48,4.34,0.62,0,0,1,0,0,1.945,3.072,6271,0,0,0
"8474688","MTL",24,239,222,10,9,0,3,0,0,0,4,10,0,1,9.20755676389672,8.07879649306415,3,1,16451,158,670,51.8,2.19,1.97,0.66,0,0,1,0,5.37,2.015,1.768,17279,0.63,0.21,-0.42
"8475896","DAL",1,13,8,0,0,0,0,0,0,0,0,0,0,0,0.185238317586482,0.287870694533922,0,0,556,3,0,61.9,0,0,0,0,NA,NA,0,NA,1.199,1.864,559,0,0,0
"8476363","BOS",7,38,44,1,1,0,1,0,0,0,0,0,0,0,1.34505893476307,1.8039347610902,0,0,3480,170,6,46.3,1.03,1.03,1.03,0,0,NA,0,0,1.391,1.866,3656,0,0,0
"8476876","BOS",1,17,14,1,1,0,0,0,0,0,8,0,0,0,0.514490268426016,0.502160625532269,0,0,1357,268,76,54.8,2.65,2.65,0,0,0,NA,0,0,1.365,1.332,1701,0,0,0
"8476147","NYI",6,41,52,2,4,1,1,0,0,0,0,0,0,0,1.54659013357013,2.23459726641886,3,0,3062,16,15,44.1,2.35,4.7,2.35,0,0,NA,0,0,1.818,2.627,3093,3.49,0,-3.49
"8475159","WPG",2,4,5,0,1,0,0,0,0,0,0,0,0,0,0.0767066776752472,0.139271285384893,0,1,397,0,0,44.4,0,9.07,0,NA,NA,NA,NA,NA,0.696,1.263,397,0,9.07,9.07
"8476477","OTT",13,104,86,7,1,2,1,0,0,0,0,0,0,0,4.24043805227848,3.41252799984068,3,0,6178,59,17,54.7,4.08,0.58,1.75,0,0,NA,0,0,2.471,1.989,6254,1.73,0,-1.73
"8477851","EDM",6,68,69,1,3,0,1,0,0,1,7,0,0,0,2.69424122385681,2.90828268323094,0,1,4637,372,140,49.6,0.78,2.33,0.78,0,25.71,NA,0,0,2.092,2.258,5149,0,0.7,0.7
"8476931","BUF",2,14,18,0,0,0,0,0,0,0,5,0,0,0,0.514612494560424,0.840556306880899,0,0,1214,67,37,43.8,0,0,0,0,0,NA,0,0,1.526,2.493,1318,0,0,0
"8470798","ARI",1,25,15,1,2,0,0,0,0,0,0,4,0,0,1.29088205192238,0.72418343834579,0,0,1070,0,77,62.5,3.36,6.73,0,NA,0,1,NA,0,4.343,2.437,1147,0,0,0
"8475715","NYR",1,10,6,0,0,0,0,0,0,0,0,0,0,0,0.652783874422312,0.157061063684523,0,0,498,0,0,62.5,0,0,0,NA,NA,NA,NA,NA,4.719,1.135,498,0,0,0
"8477486","CGY",6,35,58,1,0,0,1,0,0,0,2,0,0,0,1.23010275978595,2.50047813961282,0,2,2806,48,4,37.6,1.28,0,1.28,0,0,NA,0,0,1.578,3.208,2858,0,2.52,2.52
"8475253","FLA",2,15,16,0,2,0,0,0,0,0,0,0,0,0,0.899554785341024,0.480925660114735,0,0,989,49,0,48.4,0,7.28,0,0,NA,NA,0,NA,3.274,1.751,1038,0,0,0
"8476868","ARI",3,36,41,0,2,0,0,0,0,0,10,0,0,0,2.05174238432664,1.46866541635245,1,0,1915,389,84,46.8,0,3.76,0,0,0,NA,0,0,3.857,2.761,2388,1.51,0,-1.51
"8474603","WPG",11,61,47,2,2,0,1,0,0,0,1,0,0,0,1.83427271666005,2.70807749358937,2,1,4830,62,3,56.5,1.49,1.49,0.75,0,0,NA,0,0,1.367,2.018,4895,1.47,0.74,-0.73
"8470714","CGY",8,61,53,1,3,0,0,0,0,0,1,2,0,0,2.71860240906244,2.01954651880078,0,0,3819,35,145,53.5,0.94,2.83,0,0,0,1,0,0,2.563,1.904,3999,0,0,0
"8459670","CHI",34,293,337,7,8,0,0,0,0,0,14,1,1,0,10.6557582216337,15.729811483412,6,1,19851,548,320,46.5,1.27,1.45,0,0,0,1,6.57,0,1.932,2.853,20719,1.04,0.17,-0.87
"8475309","BUF",9,58,88,1,5,0,0,0,0,0,0,21,0,1,2.1180660338141,3.61147841392085,1,1,4469,77,676,39.7,0.81,4.03,0,0,0,1,0,5.33,1.706,2.909,5222,0.69,0.69,0
"8474593","VAN",3,91,73,1,4,0,0,0,0,0,11,1,1,0,4.0658138699946,2.88036357238889,0,0,4108,262,115,55.5,0.88,3.51,0,0,0,1,13.74,0,3.563,2.524,4485,0,0,0
"8475767","COL",13,78,120,2,2,1,1,0,0,0,17,1,2,0,3.17542068148032,3.66769411310088,0,3,7092,656,58,39.4,1.02,1.02,1.02,0,0,1,10.98,0,1.612,1.862,7806,0,1.38,1.38
"8468540","FLA",8,360,334,12,15,0,0,0,0,1,49,53,5,3,16.541178084095,15.4089092009817,0,0,22748,1885,2018,51.9,1.9,2.37,0,0,1.78,0.9811,9.55,5.35,2.618,2.439,26651,0,0,0
"8475294","CAR",6,72,74,0,5,0,0,0,0,0,0,7,0,3,3.57602789904922,3.32042374555022,2,0,4569,96,416,49.3,0,3.94,0,0,0,1,0,25.96,2.818,2.616,5081,1.42,0,-1.42
"8474609","CBJ",3,9,9,0,0,0,0,0,0,0,1,0,0,0,0.0790981957688928,0.657184649084229,1,0,1066,58,35,50,0,0,0,0,0,NA,0,0,0.267,2.219,1159,3.11,0,-3.11
"8474748","TOR",12,106,157,2,8,0,2,0,0,0,0,56,0,4,3.39674144377932,6.91132271010429,6,4,8988,57,1729,40.3,0.8,3.2,0.8,0,0,1,0,8.33,1.361,2.768,10774,2,1.34,-0.66
"8471916","TBL",3,16,14,0,0,0,0,0,0,0,0,0,0,0,0.59797589853406,0.530502751469612,1,1,1273,0,38,53.3,0,0,0,NA,0,NA,NA,0,1.691,1.5,1311,2.75,2.75,0
"8474113","TOR",6,79,71,1,6,0,0,0,1,1,39,3,2,0,2.59515616577119,3.55095446394989,2,2,4274,1145,343,52.7,0.84,5.05,0,3.14,10.5,0.6667,6.29,0,2.186,2.991,5762,1.25,1.25,0
"8472368","WSH",2,25,15,1,0,0,0,0,0,0,0,0,0,0,1.00712207739707,0.389855190180242,2,0,1028,8,22,62.5,3.5,0,0,0,0,NA,0,0,3.527,1.365,1058,6.81,0,-6.81
"8477244","BUF",4,39,47,3,0,0,1,0,0,0,3,0,0,0,1.38644143845886,1.33328771730885,0,0,2909,48,21,45.3,3.71,0,1.24,0,0,NA,0,0,1.716,1.65,2978,0,0,0
"8476393","PHI",11,79,88,3,1,0,0,0,0,0,3,0,0,0,2.8893921803683,3.11887033272069,1,1,5576,151,38,47.3,1.94,0.65,0,0,0,NA,0,0,1.865,2.014,5765,0.62,0.62,0
"8470065","CBJ",2,12,21,1,1,0,0,0,0,0,0,0,0,0,0.573412699624896,0.945795518404339,0,0,854,0,0,36.4,4.22,4.22,0,NA,NA,NA,NA,NA,2.417,3.987,854,0,0,0
"8477249","EDM",9,114,133,3,8,0,3,0,0,0,0,0,0,0,5.86184848967241,5.86369086592458,0,0,7091,22,111,46.2,1.52,4.06,1.52,0,0,NA,0,0,2.976,2.977,7224,0,0,0
"8475732","CAR",10,150,114,5,8,0,2,0,0,0,2,0,0,0,7.02370290632825,5.78331065853126,0,2,9205,70,80,56.8,1.96,3.13,0.78,0,0,NA,0,0,2.747,2.262,9355,0,0.77,0.77
"8478042","NSH",6,51,55,1,1,0,0,0,0,0,0,0,0,0,1.80764412414283,1.76378515455872,0,1,3617,52,6,48.1,1,1,0,0,0,NA,0,0,1.799,1.755,3675,0,0.98,0.98
"8476870","NJD",7,49,66,1,1,1,0,0,0,0,0,1,0,0,2.86097066104412,2.72286270780023,2,1,4841,38,105,42.6,0.74,0.74,0.74,0,0,1,0,0,2.128,2.025,4984,1.44,0.72,-0.72
"8475224","ARI",9,68,131,2,4,1,0,0,0,0,0,48,0,1,2.47480836970499,7.3566646752879,1,0,5874,145,894,34.2,1.23,2.45,0.61,0,0,1,0,4.03,1.517,4.509,6913,0.52,0,-0.52
"8477942","NSH",2,25,24,0,2,0,0,0,0,0,0,0,0,0,1.00583130028099,0.963397044688463,0,0,1350,0,0,51,0,5.33,0,NA,NA,NA,NA,NA,2.682,2.569,1350,0,0,0
"8478376","TOR",6,42,40,2,1,1,0,0,0,0,0,0,0,0,1.90670039691031,1.84048749180511,1,1,3139,72,6,51.2,2.29,1.15,1.15,0,0,NA,0,0,2.187,2.111,3217,1.12,1.12,0
"8476904","OTT",1,15,12,0,0,0,0,0,0,0,7,0,0,0,0.625673717819154,0.499466262757778,0,0,935,372,0,55.6,0,0,0,0,NA,NA,0,NA,2.409,1.923,1307,0,0,0
"8475342","PHI",1,10,7,0,1,0,0,0,0,0,0,5,0,1,0.278903804719448,0.375787689816207,0,0,534,5,87,58.8,0,6.74,0,0,0,1,0,41.38,1.88,2.533,626,0,0,0
"8475729","PHI",1,12,5,0,1,0,0,0,0,0,0,0,0,0,0.300606427714229,0.275307952892035,0,0,555,10,0,70.6,0,6.49,0,0,NA,NA,0,NA,1.95,1.786,565,0,0,0
"8476166","SJS",7,98,93,2,3,0,2,0,2,0,14,2,2,0,4.51834660675377,3.93795503425645,2,4,5847,826,240,51.3,1.23,1.85,1.23,8.72,0,1,8.72,0,2.782,2.425,6913,1.04,2.08,1.04
"8476886","TBL",3,42,41,1,1,0,0,0,0,0,0,1,0,0,2.62825479818275,1.777829657658,1,1,2515,95,110,50.6,1.43,1.43,0,0,0,1,0,0,3.762,2.545,2720,1.32,1.32,0
"8475781","EDM",1,19,13,1,3,0,0,0,0,0,0,0,0,0,1.16520669963211,0.890348356217146,0,0,1194,0,0,59.4,3.02,9.05,0,NA,NA,NA,NA,NA,3.513,2.684,1194,0,0,0
"8476474","ANA",1,4,5,0,0,0,0,0,0,0,0,0,0,0,0.140888555906713,0.269187171012163,0,1,355,0,59,44.4,0,0,0,NA,0,NA,NA,0,1.429,2.73,414,0,8.7,8.7
"8477092","BUF",1,32,56,0,2,0,0,0,0,0,12,6,0,1,1.28142700216267,3.45957618672401,0,0,2919,389,144,36.4,0,2.47,0,0,0,1,0,25,1.58,4.267,3452,0,0,0
"8476426","EDM",4,72,85,3,5,0,1,0,0,0,2,13,0,2,3.31817736290395,4.70589047565591,1,0,4268,22,317,45.9,2.53,4.22,0.84,0,0,1,0,22.71,2.799,3.969,4607,0.78,0,-0.78
"8475157","DET",10,64,101,2,3,1,0,0,0,0,0,1,0,0,3.08778750058264,4.31626081711147,1,2,5715,300,67,38.8,1.26,1.89,0.63,0,0,1,0,0,1.945,2.719,6082,0.59,1.18,0.59
"8478393","CHI",3,29,26,0,1,0,0,0,0,0,0,0,0,0,0.76210429990897,1.04098467249423,0,0,2228,0,29,52.7,0,1.62,0,NA,0,NA,NA,0,1.231,1.682,2257,0,0,0
"8475816","WSH",2,25,12,1,0,1,0,0,0,0,0,0,0,0,1.0196517277509,0.147701389156282,0,0,1114,12,0,67.6,3.23,0,3.23,0,NA,NA,0,NA,3.295,0.477,1126,0,0,0
"8475243","NYR",1,12,4,0,1,0,0,0,0,0,0,1,0,0,0.241982803680003,0.342068657511845,0,0,660,0,24,75,0,5.45,0,NA,0,1,NA,0,1.32,1.866,684,0,0,0
"8476397","CAR",2,17,35,0,1,0,0,0,0,0,0,0,0,0,0.384373113512993,1.36841061897576,0,1,1551,0,56,32.7,0,2.32,0,NA,0,NA,NA,0,0.892,3.176,1607,0,2.24,2.24
"8477127","NJD",1,8,8,1,0,0,0,0,0,0,0,4,0,1,0.615642335265875,0.178340456448495,0,0,599,27,89,50,6.01,0,0,0,0,1,0,40.45,3.7,1.072,715,0,0,0
"8474516","SJS",2,28,19,1,1,1,0,0,0,0,3,0,0,0,1.35251637548208,0.881448495667428,0,0,1313,122,53,59.6,2.74,2.74,2.74,0,0,NA,0,0,3.708,2.417,1488,0,0,0
"8475734","EDM",1,4,17,0,0,0,0,0,0,0,2,0,0,0,0.0641999170184135,0.814302683807909,0,0,442,20,2,19,0,0,0,0,0,NA,0,0,0.523,6.632,464,0,0,0
"8476316","EDM",1,47,85,1,2,0,0,0,0,0,6,7,0,0,1.54245151020586,4.96788606408518,0,0,3049,149,295,35.6,1.18,2.36,0,0,0,1,0,0,1.821,5.866,3493,0,0,0
"8474184","WPG",1,9,12,0,1,0,1,0,0,0,0,0,0,0,0.116255974397063,0.668466665782034,0,0,924,0,46,42.9,0,3.9,3.9,NA,0,NA,NA,0,0.453,2.604,970,0,0,0
"8475829","CGY",1,13,10,1,2,0,0,0,0,0,0,0,0,0,1.03561206907034,0.68162976950407,0,0,1030,40,10,56.5,3.5,6.99,0,0,0,NA,0,0,3.62,2.382,1080,0,0,0
"8476452","CGY",7,46,48,1,4,0,0,0,0,0,0,8,0,0,1.39667808584636,1.90899745305069,0,0,3107,7,311,48.9,1.16,4.63,0,0,0,1,0,0,1.618,2.212,3425,0,0,0
"8476967","CGY",1,14,9,1,1,0,0,0,0,0,1,1,0,0,1.03561206907034,0.524549936875701,1,0,1003,43,78,60.9,3.59,3.59,0,0,0,1,0,0,3.717,1.883,1124,3.2,0,-3.2
"8477429","WPG",1,9,9,2,0,0,1,0,0,0,0,1,0,0,0.697277950122952,0.668346289545298,0,0,758,35,3,50,9.5,0,4.75,0,0,1,0,0,3.312,3.174,796,0,0,0
"8477935","CGY",12,125,141,6,10,3,2,0,0,0,23,1,0,0,5.4553139860509,5.18987266882323,4,4,8654,1099,177,47,2.5,4.16,2.08,0,0,1,0,0,2.269,2.159,9930,1.45,1.45,0
"8468778","TOR",1,0,5,0,0,0,0,0,0,0,0,0,0,0,0,0.0401088444050401,0,0,366,0,0,0,0,0,0,NA,NA,NA,NA,NA,0,0.395,366,0,0,0
"8473921","NSH",1,15,11,0,1,0,0,0,0,0,0,0,0,0,0.610798253677785,0.35997589211911,1,0,939,1,0,57.7,0,3.83,0,0,NA,NA,0,NA,2.342,1.38,940,3.83,0,-3.83
"8476394","CHI",1,11,11,1,1,0,1,0,0,0,0,0,0,0,0.447667568922043,0.559425115701742,0,0,765,0,0,50,4.71,4.71,4.71,NA,NA,NA,NA,NA,2.107,2.633,765,0,0,0
"8476464","COL",1,8,10,1,1,0,0,0,0,0,0,0,0,0,0.63243205472827,0.496473849983886,0,0,840,0,0,44.4,4.29,4.29,0,NA,NA,NA,NA,NA,2.71,2.128,840,0,0,0
"8476429","NYI",2,18,32,0,1,0,0,0,0,0,0,0,0,0,0.584414309822023,1.30121689918451,0,0,1490,0,0,36,0,2.42,0,NA,NA,NA,NA,NA,1.412,3.144,1490,0,0,0
