season,game_type,player_id,team_abbrev,game_date,dist_all_mi,toi_all_sec,dist_even_mi,toi_even_sec,dist_pp_mi,toi_pp_sec,home
2022,2,8478402,EDM,2022-04-28,3.2453,1186,2.5437,898,0.7016,288,1
2022,2,8478402,EDM,2022-04-26,3.2737,1145,2.5943,878,0.6722,259,0
2022,2,8478402,EDM,2022-04-24,3.5329,1275,2.7725,988,0.6912,259,0
2022,2,8478402,EDM,2022-04-22,3.7818,1276,3.1934,1042,0.383,133,1
2022,2,8478402,EDM,2022-04-20,3.4072,1197,3.077,1070,0.224,82,1
2022,2,8478402,EDM,2022-04-16,3.9162,1349,3.569,1193,0.2289,102,1
2022,2,8478402,EDM,2022-04-14,3.4085,1252,2.584,892,0.822,357,0
2022,2,8478402,EDM,2022-04-12,3.5286,1340,2.842,1068,0.6261,241,0
2022,2,8478402,EDM,2022-04-09,4.0855,1453,3.5644,1236,0.4691,194,1
2022,2,8478402,EDM,2022-04-07,3.4319,1273,2.9214,1067,0.4123,165,0
2022,2,8476346,CGY,2022-04-29,2.9167,1086,2.4832,900,0.4004,170,0
2022,2,8476346,CGY,2022-04-28,3.7167,1425,2.9134,1078,0.8033,347,0
2022,2,8476346,CGY,2022-04-26,3.4852,1330,2.8091,1044,0.6761,285,0
2022,2,8476346,CGY,2022-04-23,2.9568,1105,2.7592,1027,0.1976,78,1
2022,2,8476346,CGY,2022-04-21,3.0987,1285,2.3501,931,0.7486,354,1
2022,2,8476346,CGY,2022-04-19,3.6934,1359,3.4017,1254,0.2917,105,0
2022,2,8476346,CGY,2022-04-18,3.2294,1214,2.6612,1005,0.5565,203,0
2022,2,8476346,CGY,2022-04-16,2.66,1027,2.2696,853,0.3903,174,1
2022,2,8476346,CGY,2022-04-14,3.1457,1146,2.6284,932,0.5172,214,1
2022,2,8476346,CGY,2022-04-12,3.188,1225,2.6172,984,0.5707,241,1
2022,2,8476456,FLA,2022-04-26,2.799,1099,2.4137,899,0.1445,80,0
2022,2,8476456,FLA,2022-04-24,2.5439,1156,1.5023,495,0.7568,446,1
2022,2,8476456,FLA,2022-04-23,3.6288,1333,3.3392,1185,0.1186,73,1
2022,2,8476456,FLA,2022-04-21,3.1551,1394,2.3654,935,0.6384,412,1
2022,2,8476456,FLA,2022-04-19,2.9333,1246,2.1208,816,0.7084,395,0
2022,2,8476456,FLA,2022-04-17,2.517,1040,1.9663,766,0.3164,168,0
2022,2,8476456,FLA,2022-04-15,2.8328,1048,2.2895,837,0.1669,66,1
2022,2,8476456,FLA,2022-04-12,3.2096,1317,2.5447,941,0.5224,299,1
2022,2,8476456,FLA,2022-04-09,2.7637,1138,2.0146,762,0.4989,265,0
2022,2,8476456,FLA,2022-04-08,3.0944,1208,2.4258,918,0.2301,130,1
2022,2,8477934,EDM,2022-04-28,3.1981,1355,2.6693,1068,0.5288,287,1
2022,2,8477934,EDM,2022-04-26,2.8525,1143,2.1411,798,0.4756,251,0
2022,2,8477934,EDM,2022-04-24,2.8658,1230,2.3012,966,0.5646,263,0
2022,2,8477934,EDM,2022-04-22,3.0397,1225,2.3118,871,0.2758,137,1
2022,2,8477934,EDM,2022-04-20,3.4674,1326,3.2899,1241,0.1775,85,1
2022,2,8477934,EDM,2022-04-16,3.1269,1196,2.9149,1089,0.1975,102,1
2022,2,8477934,EDM,2022-04-14,2.7634,1118,2.0888,756,0.6494,357,0
2022,2,8477934,EDM,2022-04-12,2.7805,1095,2.1807,809,0.4763,239,0
2022,2,8477934,EDM,2022-04-09,3.1327,1234,2.7852,1040,0.3475,194,1
2022,2,8477934,EDM,2022-04-07,3.0225,1187,2.6526,1014,0.3574,168,0
2022,2,8478864,MIN,2022-04-29,2.988,1127,1.8753,659,1.1031,464,1
2022,2,8478864,MIN,2022-04-28,2.7997,937,2.4936,843,0.2838,87,1
2022,2,8478864,MIN,2022-04-26,3.6377,1358,2.4353,901,1.2024,457,1
2022,2,8478864,MIN,2022-04-24,3.5682,1356,2.5193,922,0.9879,411,0
2022,2,8478864,MIN,2022-04-22,3.4978,1280,2.7277,905,0.758,371,1
2022,2,8478864,MIN,2022-04-21,3.3278,1220,2.9519,1073,0.3758,147,1
2022,2,8478864,MIN,2022-04-19,3.5456,1299,2.9667,1037,0.5789,262,0
2022,2,8478864,MIN,2022-04-17,3.4541,1231,2.6851,963,0.769,268,1
2022,2,8478864,MIN,2022-04-16,3.4871,1299,2.8677,1055,0.6195,244,0
2022,2,8478864,MIN,2022-04-14,3.2149,1082,3.1964,1074,NA,NA,0
2022,2,8474564,TBL,2022-04-29,2.8133,1113,2.657,1010,0.1563,103,0
2022,2,8474564,TBL,2022-04-28,2.7011,1233,2.0195,795,0.6813,437,0
2022,2,8474564,TBL,2022-04-26,2.5171,983,2.3171,857,0.1897,121,1
2022,2,8474564,TBL,2022-04-24,2.1848,995,1.6348,535,0.5393,455,0
2022,2,8474564,TBL,2022-04-23,2.4427,959,2.2017,813,0.2057,123,1
2022,2,8474564,TBL,2022-04-21,2.7542,1089,2.0794,780,0.6486,300,1
2022,2,8474564,TBL,2022-04-19,2.4665,1055,2.2605,925,0.206,130,1
2022,2,8474564,TBL,2022-04-16,2.5032,933,2.3564,834,0.1468,99,1
2022,2,8474564,TBL,2022-04-14,2.5338,1039,2.21,844,0.3238,195,1
2022,2,8474564,TBL,2022-04-12,2.7022,1094,2.2178,828,0.4844,266,0
2022,2,8479318,TOR,2022-04-26,3.3062,1161,2.8554,953,0.435,202,1
2022,2,8479318,TOR,2022-04-24,4.2002,1519,3.6026,1318,0.5836,195,0
2022,2,8479318,TOR,2022-04-23,3.6595,1300,3.2369,1153,0.4226,147,0
2022,2,8479318,TOR,2022-04-16,4.1427,1429,3.7361,1287,0.4066,141,0
2022,2,8479318,TOR,2022-04-14,3.0722,1110,2.1718,757,0.8862,346,1
2022,2,8479318,TOR,2022-04-12,3.7559,1298,3.023,1046,0.7328,252,1
2022,2,8479318,TOR,2022-04-09,3.5063,1262,2.9148,974,0.5646,280,1
2022,2,8479318,TOR,2022-04-07,3.7673,1386,3.2686,1150,0.4987,236,0
2022,2,8479318,TOR,2022-04-05,4.0603,1481,2.9712,1052,1.0891,429,0
2022,2,8479318,TOR,2022-04-04,2.9706,1066,2.8048,1001,0.1658,65,0
2022,2,8479314,CGY,2022-04-29,2.8612,1119,2.4942,942,0.3428,170,0
2022,2,8479314,CGY,2022-04-28,3.3386,1356,2.673,1005,0.6656,351,0
2022,2,8479314,CGY,2022-04-26,2.5068,1004,2.1341,820,0.3727,184,0
2022,2,8479314,CGY,2022-04-23,2.6433,1069,2.4907,996,0.1527,73,1
2022,2,8479314,CGY,2022-04-21,2.8542,1268,2.226,915,0.6282,353,1
2022,2,8479314,CGY,2022-04-19,3.1281,1254,2.9077,1148,0.2204,106,0
2022,2,8479314,CGY,2022-04-18,2.9654,1176,2.5221,959,0.4433,217,0
2022,2,8479314,CGY,2022-04-16,2.5016,1008,2.2211,833,0.2805,175,1
2022,2,8479314,CGY,2022-04-14,2.2744,920,1.937,756,0.3374,164,1
2022,2,8479314,CGY,2022-04-12,2.879,1130,2.3762,889,0.5028,241,1
2022,2,8476468,VAN,2022-04-29,3.6246,1455,3.1824,1255,0.3287,163,0
2022,2,8476468,VAN,2022-04-28,3.7668,1450,2.8808,1020,0.2302,143,1
2022,2,8476468,VAN,2022-04-26,3.0886,1205,2.1732,776,0.2816,129,1
2022,2,8476468,VAN,2022-04-23,3.2867,1319,2.8245,1100,0.1902,107,0
2022,2,8476468,VAN,2022-04-21,3.2378,1236,2.8183,1074,0.2206,87,0
2022,2,8476468,VAN,2022-04-19,3.7931,1458,2.881,1074,0.694,306,1
2022,2,8476468,VAN,2022-04-18,3.2646,1248,3.0887,1172,0.1503,62,1
2022,2,8476468,VAN,2022-04-14,2.7896,1126,2.0655,754,0.5821,301,1
2022,2,8476468,VAN,2022-04-12,3.4822,1339,2.6592,986,0.5772,194,1
2022,2,8476468,VAN,2022-04-09,3.3387,1416,1.9216,766,1.0683,521,1
2022,2,8478483,TOR,2022-04-26,3.1204,1226,2.4817,893,0.2338,171,1
2022,2,8478483,TOR,2022-04-24,3.6749,1424,2.7904,1061,0.4503,185,0
2022,2,8478483,TOR,2022-04-23,3.4896,1319,2.9904,1098,0.3355,148,0
2022,2,8478483,TOR,2022-04-21,3.4221,1208,2.2156,777,0.7326,293,0
2022,2,8478483,TOR,2022-04-19,2.8783,1037,1.9497,664,0.6876,268,1
2022,2,8478483,TOR,2022-04-17,3.2294,1252,2.6968,995,0.3038,180,1
2022,2,8478483,TOR,2022-04-16,3.9946,1389,3.4019,1166,0.3781,143,0
2022,2,8478483,TOR,2022-04-14,3.0045,1176,1.8366,671,0.7571,338,1
2022,2,8478483,TOR,2022-04-12,3.6167,1310,2.739,1002,0.5963,217,1
2022,2,8478483,TOR,2022-04-09,3.5474,1436,2.5396,924,0.5629,320,1
2022,2,8474600,NSH,2022-04-29,3.4643,1519,3.0429,1315,0.3619,172,0
2022,2,8474600,NSH,2022-04-28,4.1407,1686,3.5603,1425,0.4096,188,0
2022,2,8474600,NSH,2022-04-26,3.6279,1513,2.7457,1122,0.8495,376,1
2022,2,8474600,NSH,2022-04-24,3.7881,1708,3.0082,1319,0.6041,297,1
2022,2,8474600,NSH,2022-04-23,3.6988,1587,3.0273,1304,0.6711,283,0
2022,2,8474600,NSH,2022-04-19,3.8195,1651,3.0638,1309,0.7557,342,1
2022,2,8474600,NSH,2022-04-17,3.5708,1544,3.1613,1376,0.4094,168,1
2022,2,8474600,NSH,2022-04-16,3.7917,1581,3.3804,1404,0.3023,129,1
2022,2,8474600,NSH,2022-04-14,4.1366,1608,3.4086,1317,0.728,291,1
2022,2,8474600,NSH,2022-04-12,4.751,1807,4.112,1581,0.6389,226,1
2022,2,8478550,NYR,2022-04-26,1.0875,482,0.5357,223,0.5519,259,1
2022,2,8478550,NYR,2022-04-23,3.4212,1332,2.8332,1106,0.588,226,0
2022,2,8478550,NYR,2022-04-21,2.4682,899,2.4367,878,0.0315,21,0
2022,2,8478550,NYR,2022-04-19,2.7362,1092,2.3483,918,0.3754,169,1
2022,2,8478550,NYR,2022-04-16,3.2975,1268,2.7559,1033,0.5416,235,1
2022,2,8478550,NYR,2022-04-13,3.0307,1228,2.5664,1014,0.4643,214,0
2022,2,8478550,NYR,2022-04-12,3.5251,1337,2.8198,1050,0.7053,287,1
2022,2,8478550,NYR,2022-04-09,2.4565,963,2.2659,876,0.1906,87,1
2022,2,8478550,NYR,2022-04-07,2.923,1068,2.5382,929,0.3848,139,1
2022,2,8478550,NYR,2022-04-05,2.664,1010,2.3774,873,0.2866,137,0
2022,2,8478398,WPG,2022-05-01,2.9709,1126,2.6377,1048,0.1941,78,1
2022,2,8478398,WPG,2022-04-29,3.2305,1235,2.4287,889,0.5647,234,1
2022,2,8478398,WPG,2022-04-27,3.3693,1228,2.271,815,0.4915,225,1
2022,2,8478398,WPG,2022-04-24,3.3242,1240,2.5805,912,0.4453,226,1
2022,2,8478398,WPG,2022-04-21,3.9186,1387,3.1979,1126,0.3409,105,0
2022,2,8478398,WPG,2022-04-19,3.5468,1330,3.3039,1244,0.1048,42,0
2022,2,8478398,WPG,2022-04-16,3.2635,1176,3.0639,1101,0.1739,55,0
2022,2,8478398,WPG,2022-04-15,3.57,1333,2.8062,1030,0.7639,303,0
2022,2,8478398,WPG,2022-04-11,3.4302,1226,3.2477,1145,0.1798,78,0
2022,2,8478398,WPG,2022-04-10,3.165,1226,2.4319,910,0.6162,260,0
2022,2,8474141,CHI,2022-04-29,3.2519,1268,3.0502,1197,0.2017,71,0
2022,2,8474141,CHI,2022-04-27,3.8299,1439,3.5611,1305,0.2688,134,1
2022,2,8474141,CHI,2022-04-25,2.976,1211,2.0052,778,0.9707,433,1
2022,2,8474141,CHI,2022-04-23,3.5682,1305,3.1667,1132,0.4015,173,0
2022,2,8474141,CHI,2022-04-21,3.598,1346,2.9781,1087,0.6199,259,0
2022,2,8474141,CHI,2022-04-20,3.5985,1438,2.5997,1034,0.9987,404,0
2022,2,8474141,CHI,2022-04-18,3.7048,1376,3.1993,1200,0.5055,176,1
2022,2,8474141,CHI,2022-04-16,3.7035,1553,3.0248,1214,0.6786,339,0
2022,2,8474141,CHI,2022-04-14,3.9513,1499,3.5199,1316,0.4314,183,1
2022,2,8474141,CHI,2022-04-12,3.0619,1219,2.3406,891,0.7213,328,1
2022,2,8478420,COL,2022-04-29,3.2407,1264,2.5258,877,0.6706,369,0
2022,2,8478420,COL,2022-04-28,3.4679,1450,2.9542,1133,0.4985,313,1
2022,2,8478420,COL,2022-04-18,3.3029,1343,2.9691,1166,0.3338,177,1
2022,2,8478420,COL,2022-04-16,3.1409,1175,2.6775,962,0.4634,213,1
2022,2,8478420,COL,2022-04-14,3.0669,1200,2.8337,1105,0.2332,95,1
2022,2,8478420,COL,2022-04-13,2.3219,977,2.0413,782,0.2484,182,1
2022,2,8478420,COL,2022-04-09,3.4561,1373,3.1006,1176,0.3555,197,0
2022,2,8478420,COL,2022-04-08,3.2197,1335,2.6805,1023,0.5392,312,0
2022,2,8478420,COL,2022-04-05,3.3209,1286,2.9741,1104,0.3468,182,0
2022,2,8478420,COL,2022-04-02,3.3088,1221,3.3088,1221,NA,NA,1
2022,2,8471214,WSH,2022-04-24,2.15,881,1.6984,641,0.4516,240,1
2022,2,8471214,WSH,2022-04-22,2.9653,1100,2.0629,741,0.9024,359,0
2022,2,8471214,WSH,2022-04-20,2.8852,1049,2.6725,932,0.2127,117,0
2022,2,8471214,WSH,2022-04-18,2.5058,954,2.4391,910,0.0667,44,0
2022,2,8471214,WSH,2022-04-16,2.9193,1190,2.1176,764,0.8016,426,0
2022,2,8471214,WSH,2022-04-14,2.3308,940,1.6102,580,0.7206,360,0
2022,2,8471214,WSH,2022-04-12,2.5877,1122,2.1969,834,0.3908,288,1
2022,2,8471214,WSH,2022-04-10,2.9843,1186,2.4608,948,0.5235,238,1
2022,2,8471214,WSH,2022-04-09,2.2684,883,1.7302,622,0.5382,261,0
2022,2,8471214,WSH,2022-04-06,2.3725,1069,1.4553,588,0.9172,481,1
2022,2,8477492,COL,2022-04-28,3.9803,1432,3.2233,1131,0.757,301,1
2022,2,8477492,COL,2022-04-26,3.1953,1211,2.875,1074,0.3006,128,1
2022,2,8477492,COL,2022-04-24,2.6727,1022,2.3761,906,0.2966,116,0
2022,2,8477492,COL,2022-04-22,3.6825,1438,2.73,946,0.9367,485,0
2022,2,8477492,COL,2022-04-20,3.3813,1340,2.9419,1148,0.4329,187,0
2022,2,8477492,COL,2022-04-18,3.4838,1338,3.1149,1163,0.3689,175,1
2022,2,8477492,COL,2022-04-16,3.1278,1124,2.4964,906,0.631,217,1
2022,2,8477492,COL,2022-04-14,3.1734,1120,2.8677,1024,0.3057,96,1
2022,2,8477492,COL,2022-04-13,2.3471,943,2.0019,750,0.3162,182,1
2022,2,8477492,COL,2022-04-09,3.671,1341,3.2209,1150,0.4501,191,0
2022,2,8477493,FLA,2022-04-26,3.1399,1065,2.5495,815,0.2129,79,0
2022,2,8477493,FLA,2022-04-24,3.0373,1188,1.7339,634,1.066,457,1
2022,2,8477493,FLA,2022-04-23,3.6173,1224,3.2361,1074,0.181,73,1
2022,2,8477493,FLA,2022-04-21,3.2819,1253,2.3608,825,0.7395,356,1
2022,2,8477493,FLA,2022-04-19,3.3642,1299,2.4038,847,0.8002,396,0
2022,2,8477493,FLA,2022-04-17,2.6335,966,2.084,747,0.4333,180,0
2022,2,8477493,FLA,2022-04-15,2.6625,969,1.9959,717,0.1816,66,1
2022,2,8477493,FLA,2022-04-12,3.143,1255,2.4426,901,0.553,298,1
2022,2,8477493,FLA,2022-04-09,2.8529,1120,2.0485,753,0.5407,261,0
2022,2,8477493,FLA,2022-04-08,3.4469,1238,2.5567,887,0.2851,130,1
2022,2,8475172,COL,2022-04-29,3.4505,1254,2.384,804,0.841,366,0
2022,2,8475172,COL,2022-04-28,3.4295,1269,2.7461,943,0.6759,322,1
2022,2,8475172,COL,2022-04-26,2.8488,999,2.6184,882,0.2304,117,1
2022,2,8475172,COL,2022-04-24,2.9638,1075,2.5591,906,0.3741,155,0
2022,2,8475172,COL,2022-04-22,3.0002,1175,1.9678,690,1.0323,485,0
2022,2,8475172,COL,2022-04-20,3.5523,1288,3.1254,1071,0.4269,217,0
2022,2,8475172,COL,2022-03-31,2.8051,1060,2.2049,750,0.596,306,1
2022,2,8475172,COL,2022-03-29,3.2851,1305,2.8046,1053,0.4516,240,0
2022,2,8475172,COL,2022-03-27,2.8085,1088,2.3749,891,0.4336,197,0
2022,2,8475172,COL,2022-03-25,2.28,850,1.9731,699,0.2812,138,1
2022,2,8475168,NSH,2022-04-29,3.0133,1205,2.6468,1037,0.3664,168,0
2022,2,8475168,NSH,2022-04-28,3.0714,1252,2.6345,1059,0.4369,193,0
2022,2,8475168,NSH,2022-04-26,2.8614,1076,2.0128,722,0.8291,345,1
2022,2,8475168,NSH,2022-04-24,3.2117,1303,2.6039,1010,0.6078,293,1
2022,2,8475168,NSH,2022-04-23,2.8539,1118,2.1859,823,0.668,295,0
2022,2,8475168,NSH,2022-04-19,3.212,1306,2.5305,980,0.6815,326,1
2022,2,8475168,NSH,2022-04-17,3.0394,1155,2.7309,1043,0.3085,112,1
2022,2,8475168,NSH,2022-04-16,2.5725,1000,2.3374,895,0.2351,105,1
2022,2,8475168,NSH,2022-04-14,2.998,1128,2.4302,920,0.5678,208,1
2022,2,8475168,NSH,2022-04-12,3.6564,1357,3.2357,1198,0.4207,159,1
2022,2,8480069,COL,2022-04-28,4.4336,1798,3.2919,1311,0.8366,321,1
2022,2,8480069,COL,2022-04-26,3.3523,1451,2.8211,1208,0.2688,110,1
2022,2,8480069,COL,2022-04-24,3.2128,1333,2.63,1090,0.4056,158,0
2022,2,8480069,COL,2022-04-22,4.1446,1811,2.7464,1165,1.1325,515,0
2022,2,8480069,COL,2022-04-20,4.0858,1587,3.4978,1313,0.4319,188,0
2022,2,8480069,COL,2022-04-18,3.9742,1647,3.5717,1467,0.4025,180,1
2022,2,8480069,COL,2022-04-16,3.1493,1344,2.366,1006,0.6437,233,1
2022,2,8480069,COL,2022-04-14,3.4654,1441,3.2386,1349,0.2269,92,1
2022,2,8480069,COL,2022-04-13,2.7309,1272,2.1687,956,0.2952,182,1
2022,2,8480069,COL,2022-04-09,2.7575,1672,2.0988,1376,0.4835,192,0
2022,2,8475167,TBL,2022-04-29,2.9862,1241,2.7093,1111,0.2256,103,0
2022,2,8475167,TBL,2022-04-28,3.5006,1417,2.2249,888,1.0293,420,0
2022,2,8475167,TBL,2022-04-26,3.3751,1419,2.9364,1207,0.2631,120,1
2022,2,8475167,TBL,2022-04-24,3.477,1467,1.9833,718,0.8311,427,0
2022,2,8475167,TBL,2022-04-23,2.8714,1172,2.2288,849,0.2755,123,1
2022,2,8475167,TBL,2022-04-21,2.9409,1198,2.0071,798,0.8478,350,1
2022,2,8475167,TBL,2022-04-19,3.5321,1424,3.0264,1239,0.4014,142,1
2022,2,8475167,TBL,2022-04-16,3.6568,1383,3.2563,1218,0.2163,98,1
2022,2,8475167,TBL,2022-04-14,3.8325,1554,3.3145,1317,0.4772,212,1
2022,2,8475167,TBL,2022-04-12,3.8189,1642,2.88,1204,0.6703,283,0
2022,2,8477942,MIN,2022-04-29,3.47,1336,1.851,676,1.1354,467,1
2022,2,8477942,MIN,2022-04-28,2.8213,1019,2.1608,733,0.2193,88,1
2022,2,8477942,MIN,2022-04-26,3.2892,1248,1.7726,649,1.1636,458,1
2022,2,8477942,MIN,2022-04-24,3.7026,1458,2.398,882,0.8782,407,0
2022,2,8477942,MIN,2022-04-22,3.4669,1272,2.5311,833,0.7471,364,1
2022,2,8477942,MIN,2022-04-21,2.9981,1129,2.5396,944,0.3636,152,1
2022,2,8477942,MIN,2022-04-19,2.8454,1113,1.9928,735,0.5697,268,0
2022,2,8477942,MIN,2022-04-17,3.058,1112,2.066,745,0.7756,290,1
2022,2,8477942,MIN,2022-04-16,2.763,1052,1.9927,723,0.5736,238,0
2022,2,8477942,MIN,2022-04-14,3.0007,1063,2.6452,922,NA,NA,0
2022,2,8471675,PIT,2022-04-29,2.9912,1047,2.4525,850,0.5387,197,1
2022,2,8471675,PIT,2022-04-26,3.4393,1331,2.752,1008,0.6552,313,1
2022,2,8471675,PIT,2022-04-24,3.07,1112,2.6613,933,0.4088,179,0
2022,2,8471675,PIT,2022-04-23,2.8476,1033,2.7777,995,0.0699,38,0
2022,2,8471675,PIT,2022-04-21,2.8958,1115,2.7002,995,0.1955,120,1
2022,2,8471675,PIT,2022-04-16,3.3553,1375,2.8756,1138,0.4796,237,0
2022,2,8471675,PIT,2022-04-14,3.7592,1341,3.3773,1166,0.3588,165,1
2022,2,8471675,PIT,2022-04-12,3.9367,1462,3.4561,1249,0.441,202,0
2022,2,8471675,PIT,2022-04-10,3.5263,1235,3.2727,1132,0.2536,102,1
2022,2,8471675,PIT,2022-04-09,3.3212,1326,2.6911,1010,0.6301,316,1
2022,2,8476887,NSH,2022-04-29,2.7956,1159,2.5316,991,0.2639,168,0
2022,2,8476887,NSH,2022-04-28,3.0525,1176,2.6971,996,0.3553,180,0
2022,2,8476887,NSH,2022-04-26,2.9765,1189,2.2458,844,0.7307,345,1
2022,2,8476887,NSH,2022-04-24,3.1617,1261,2.5953,975,0.5664,286,1
2022,2,8476887,NSH,2022-04-23,2.5904,1024,2.0273,746,0.5628,278,0
2022,2,8476887,NSH,2022-04-19,3.2456,1222,2.6674,901,0.5781,321,1
2022,2,8476887,NSH,2022-04-17,2.8412,1029,2.5713,924,0.2699,105,1
2022,2,8476887,NSH,2022-04-16,2.5066,954,2.2871,855,0.2195,99,1
2022,2,8476887,NSH,2022-04-14,2.8219,1052,2.3591,843,0.4628,209,1
2022,2,8476887,NSH,2022-04-12,3.4173,1270,3.1041,1118,0.3131,152,1
2022,2,8477404,PIT,2022-04-29,3.3163,1155,2.6819,942,0.6312,211,1
2022,2,8477404,PIT,2022-04-26,3.636,1355,2.7189,1022,0.8817,319,1
2022,2,8477404,PIT,2022-04-24,3.248,1193,2.8153,993,0.4326,200,0
2022,2,8477404,PIT,2022-04-23,3.2297,1207,3.1681,1169,0.0616,38,0
2022,2,8477404,PIT,2022-04-21,3.1606,1169,2.9058,1049,0.2548,120,1
2022,2,8477404,PIT,2022-04-16,3.576,1398,2.8973,1146,0.6788,252,0
2022,2,8477404,PIT,2022-04-14,3.7173,1349,3.3047,1175,0.4105,171,1
2022,2,8477404,PIT,2022-04-12,3.5765,1324,3.0347,1099,0.4347,193,0
2022,2,8477404,PIT,2022-04-10,3.5778,1256,3.3383,1150,0.2395,106,1
2022,2,8477404,PIT,2022-04-09,3.2155,1289,2.5715,975,0.644,314,1
2022,2,8475765,STL,2022-04-29,2.0144,778,1.8979,725,0.1164,53,1
2022,2,8475765,STL,2022-04-26,3.0254,1255,2.7046,1069,0.3107,168,0
2022,2,8475765,STL,2022-04-24,2.3409,874,2.1987,799,0.1422,75,0
2022,2,8475765,STL,2022-04-23,2.502,936,2.2653,818,0.2066,105,0
2022,2,8475765,STL,2022-04-21,2.3321,950,1.8739,691,0.4582,259,0
2022,2,8475765,STL,2022-04-19,2.627,1005,2.4214,884,0.2056,121,1
2022,2,8475765,STL,2022-04-17,2.2523,816,2.2523,816,NA,NA,0
2022,2,8475765,STL,2022-04-16,2.5691,1000,2.1995,779,0.3696,221,1
2022,2,8475765,STL,2022-04-14,2.0223,822,1.8084,702,0.2024,114,0
2022,2,8475765,STL,2022-04-12,2.7099,1067,2.3523,886,0.3576,181,0
2022,2,8477496,CGY,2022-04-29,3.1522,1180,2.49,891,0.3844,170,0
2022,2,8477496,CGY,2022-04-28,3.3851,1259,2.4534,876,0.8046,331,0
2022,2,8477496,CGY,2022-04-26,3.5375,1443,2.35,921,0.6966,291,0
2022,2,8477496,CGY,2022-04-23,2.971,1102,2.6857,996,0.2014,75,1
2022,2,8477496,CGY,2022-04-21,3.3402,1256,2.4126,865,0.705,311,1
2022,2,8477496,CGY,2022-04-19,3.6278,1386,2.9826,1095,0.2624,104,0
2022,2,8477496,CGY,2022-04-18,3.3658,1196,2.5818,895,0.4903,192,0
2022,2,8477496,CGY,2022-04-16,2.7947,1012,2.2374,775,0.3966,175,1
2022,2,8477496,CGY,2022-04-14,3.3097,1166,2.4672,820,0.4673,200,1
2022,2,8477496,CGY,2022-04-12,3.2525,1144,2.5016,849,0.607,238,1
2022,2,8477933,FLA,2022-04-28,2.8046,1059,1.9072,676,0.5232,208,0
2022,2,8477933,FLA,2022-04-26,3.2283,1134,2.5175,870,0.251,87,0
2022,2,8477933,FLA,2022-04-24,2.6157,1103,1.4288,505,0.8701,416,1
2022,2,8477933,FLA,2022-04-23,3.3695,1196,3.114,1092,0.1692,73,1
2022,2,8477933,FLA,2022-04-21,2.9426,1196,2.0813,789,0.7945,381,1
2022,2,8477933,FLA,2022-04-19,2.9455,1147,2.1598,774,0.6687,327,0
2022,2,8477933,FLA,2022-04-17,2.7121,1057,2.2407,848,0.3516,163,0
2022,2,8477933,FLA,2022-04-15,2.5222,900,2.0326,713,0.183,66,1
2022,2,8477933,FLA,2022-04-12,2.9679,1212,2.2428,810,0.4975,301,1
2022,2,8477933,FLA,2022-04-09,2.8093,1094,2.1802,787,0.5113,258,0
2022,2,8470794,DAL,2022-04-29,2.7029,1038,2.5387,937,0.1642,101,1
2022,2,8470794,DAL,2022-04-27,2.6366,1055,2.1358,806,0.4636,236,1
2022,2,8470794,DAL,2022-04-26,3.2533,1133,3.0631,1047,0.0695,37,1
2022,2,8470794,DAL,2022-04-23,3.1366,1095,2.8956,1017,0.2411,78,1
2022,2,8470794,DAL,2022-04-21,3.0191,1078,2.5952,917,0.3996,151,0
2022,2,8470794,DAL,2022-04-20,3.1802,1206,2.891,1103,0.2891,103,0
2022,2,8470794,DAL,2022-04-18,2.9437,1095,2.926,1081,0.0177,14,0
2022,2,8470794,DAL,2022-04-16,3.2571,1139,3.1039,1075,0.1276,50,1
2022,2,8470794,DAL,2022-04-14,3.3778,1262,2.956,1111,0.4218,151,1
2022,2,8470794,DAL,2022-04-12,3.0151,1137,2.1975,809,0.645,268,1
2022,2,8476459,NYR,2022-04-29,2.8069,1012,1.7449,627,0.4254,143,1
2022,2,8476459,NYR,2022-04-26,3.7996,1437,2.7872,1020,0.67,276,1
2022,2,8476459,NYR,2022-04-23,3.856,1414,2.793,1030,0.6403,230,0
2022,2,8476459,NYR,2022-04-21,2.6937,925,2.6567,904,0.037,21,0
2022,2,8476459,NYR,2022-04-19,3.127,1092,2.5625,885,0.4396,168,1
2022,2,8476459,NYR,2022-04-16,3.1404,1103,2.3921,826,0.6349,236,1
2022,2,8476459,NYR,2022-04-13,3.1423,1149,2.3463,803,0.4113,214,0
2022,2,8476459,NYR,2022-04-12,3.4411,1276,2.6934,956,0.616,274,1
2022,2,8476459,NYR,2022-04-09,2.8401,1049,2.4612,911,0.1906,87,1
2022,2,8476459,NYR,2022-04-07,3.1689,1110,2.4937,868,0.4022,137,1
2022,2,8478427,CAR,2022-04-28,2.2751,820,1.8861,668,0.2601,108,1
2022,2,8478427,CAR,2022-04-26,3.117,1066,2.3622,813,0.318,105,0
2022,2,8478427,CAR,2022-04-24,3.0698,1054,2.625,882,0.1243,53,0
2022,2,8478427,CAR,2022-04-23,3.3418,1181,2.6365,913,0.3221,132,0
2022,2,8478427,CAR,2022-04-21,3.7433,1355,2.7193,996,0.7885,286,1
2022,2,8478427,CAR,2022-04-18,2.9523,1044,2.3995,831,0.1689,85,0
2022,2,8478427,CAR,2022-04-16,3.2992,1158,2.6292,922,0.1949,101,0
2022,2,8478427,CAR,2022-04-14,3.0934,1101,2.5064,877,0.4724,187,1
2022,2,8478427,CAR,2022-04-12,2.8853,1041,2.3044,845,0.2873,95,0
2022,2,8478427,CAR,2022-04-10,3.2055,1159,2.555,911,0.294,105,1
2022,2,8473419,BOS,2022-04-28,2.5268,955,1.7896,653,0.7372,302,1
2022,2,8473419,BOS,2022-04-26,3.0916,1200,2.2983,878,0.6391,269,1
2022,2,8473419,BOS,2022-04-24,2.6746,1011,2.3647,898,0.2582,98,0
2022,2,8473419,BOS,2022-04-23,3.2067,1170,2.2002,766,0.6878,282,1
2022,2,8473419,BOS,2022-04-21,3.1183,1178,2.7095,999,0.3765,164,0
2022,2,8473419,BOS,2022-04-19,2.9501,1062,2.3605,829,0.3583,150,0
2022,2,8473419,BOS,2022-04-16,3.3796,1336,2.6201,1034,0.3586,134,1
2022,2,8473419,BOS,2022-04-14,3.1543,1124,2.018,727,0.8913,315,1
2022,2,8473419,BOS,2022-04-12,3.2609,1314,2.4589,963,0.5443,208,1
2022,2,8473419,BOS,2022-04-10,3.6402,1395,2.5146,941,0.9379,398,0
2022,2,8477939,TOR,2022-04-29,3.1544,1162,2.8509,1014,0.3035,148,1
2022,2,8477939,TOR,2022-04-26,2.6802,961,2.4221,801,0.2582,160,1
2022,2,8477939,TOR,2022-04-24,3.4301,1307,3.0644,1119,0.3492,182,0
2022,2,8477939,TOR,2022-04-23,3.4267,1263,3.1388,1110,0.2879,153,0
2022,2,8477939,TOR,2022-04-21,2.5569,932,1.9074,644,0.5728,258,0
2022,2,8477939,TOR,2022-04-19,2.6793,957,2.0019,679,0.6343,264,1
2022,2,8477939,TOR,2022-04-17,2.9808,1114,2.6944,934,0.2864,180,1
2022,2,8477939,TOR,2022-04-16,3.1657,1107,2.9268,967,0.2389,140,0
2022,2,8477939,TOR,2022-04-14,2.9505,1157,2.2559,801,0.6946,356,1
2022,2,8477939,TOR,2022-04-12,3.0012,1143,2.4788,888,0.5224,255,1
2022,2,8475692,MIN,2022-04-22,2.1045,816,1.7947,609,0.3099,207,1
2022,2,8475692,MIN,2022-04-21,3.0051,1182,2.7045,1034,0.3007,148,1
2022,2,8475692,MIN,2022-04-19,3.0753,1288,2.5695,1012,0.5058,276,0
2022,2,8475692,MIN,2022-04-17,2.9225,1154,2.2943,890,0.6282,264,1
2022,2,8475692,MIN,2022-04-16,2.8395,1113,2.3099,880,0.5297,233,0
2022,2,8475692,MIN,2022-04-14,2.9593,1149,2.9353,1136,NA,NA,0
2022,2,8475692,MIN,2022-04-12,2.3302,960,1.8804,769,0.4498,191,1
2022,2,8475692,MIN,2022-04-10,2.5968,1005,2.3708,882,0.2259,123,1
2022,2,8475692,MIN,2022-04-08,2.8189,1065,2.4742,934,0.3447,131,0
2022,2,8475692,MIN,2022-04-05,3.3025,1342,2.2205,890,1.082,452,0
2022,2,8480027,DAL,2022-04-29,2.9122,1108,2.7026,1007,0.2095,101,1
2022,2,8480027,DAL,2022-04-27,2.4889,1004,2.0529,806,0.436,198,1
2022,2,8480027,DAL,2022-04-26,2.9001,1065,2.7887,1026,0.1114,39,1
2022,2,8480027,DAL,2022-04-23,2.9105,1105,2.6897,1014,0.2208,91,1
2022,2,8480027,DAL,2022-04-21,2.7726,1080,2.3347,921,0.4379,159,0
2022,2,8480027,DAL,2022-04-20,3.1737,1214,2.8538,1108,0.3198,106,0
2022,2,8480027,DAL,2022-04-18,2.8214,1077,2.7915,1063,0.0299,14,0
2022,2,8480027,DAL,2022-04-16,2.8983,1056,2.7623,1006,0.136,50,1
2022,2,8480027,DAL,2022-04-14,3.2941,1266,2.9488,1129,0.3453,137,1
2022,2,8480027,DAL,2022-04-12,3.2041,1209,2.5735,945,0.6306,264,1
2022,2,8475744,WSH,2022-04-29,3.5526,1214,2.2545,745,1.2192,442,0
2022,2,8475744,WSH,2022-04-28,3.1515,1166,2.3367,804,0.7436,316,0
2022,2,8475744,WSH,2022-04-26,3.1167,1073,2.071,682,0.8981,333,1
2022,2,8475744,WSH,2022-04-24,3.9361,1352,3.0427,999,0.727,286,1
2022,2,8475744,WSH,2022-04-22,2.9313,951,2.1508,701,0.7805,250,0
2022,2,8475744,WSH,2022-04-20,3.6475,1144,3.1786,996,0.3704,118,0
2022,2,8475744,WSH,2022-04-18,3.0363,982,2.6969,845,0.162,57,0
2022,2,8475744,WSH,2022-04-16,3.3334,1177,2.2992,767,1.0135,398,0
2022,2,8475744,WSH,2022-04-14,2.852,1010,1.6953,566,0.6628,266,0
2022,2,8475744,WSH,2022-04-12,2.9812,923,2.6969,824,0.1753,61,1
2022,2,8479337,CHI,2022-04-29,3.5393,1305,3.0579,1132,0.203,70,0
2022,2,8479337,CHI,2022-04-27,4.0084,1438,3.6803,1296,0.238,114,1
2022,2,8479337,CHI,2022-04-25,3.5612,1293,2.2311,792,1.1441,425,1
2022,2,8479337,CHI,2022-04-23,3.2732,1167,2.7517,964,0.4397,169,0
2022,2,8479337,CHI,2022-04-21,3.4113,1221,2.6545,932,0.7123,272,0
2022,2,8479337,CHI,2022-04-20,4.3448,1536,3.1293,1097,1.1258,412,0
2022,2,8479337,CHI,2022-04-18,3.8159,1323,3.2948,1160,0.5212,163,1
2022,2,8479337,CHI,2022-04-16,3.7431,1468,2.9007,1106,0.7793,331,0
2022,2,8479337,CHI,2022-04-14,3.9131,1405,3.445,1226,0.4681,179,1
2022,2,8479337,CHI,2022-04-12,3.3676,1149,2.807,928,0.5606,221,1
2022,2,8475184,NYR,2022-04-29,2.5132,968,1.5684,624,0.37,140,1
2022,2,8475184,NYR,2022-04-26,3.3265,1388,2.5428,990,0.5089,274,1
2022,2,8475184,NYR,2022-04-23,3.3097,1347,2.4081,1014,0.6366,239,0
2022,2,8475184,NYR,2022-04-21,2.2389,903,2.215,882,0.024,21,0
2022,2,8475184,NYR,2022-04-19,2.9809,1180,2.5246,974,0.3616,171,1
2022,2,8475184,NYR,2022-04-16,2.7498,1118,2.2383,866,0.4764,233,1
2022,2,8475184,NYR,2022-04-13,2.517,967,2.0964,738,0.1999,131,0
2022,2,8475184,NYR,2022-04-12,3.0571,1224,2.4332,919,0.5458,272,1
2022,2,8475184,NYR,2022-04-09,2.2096,918,1.8799,791,0.1895,87,1
2022,2,8475184,NYR,2022-04-07,3.0726,1134,2.3803,883,0.4078,155,1
2022,2,8477956,BOS,2022-04-28,2.7141,1009,1.8755,664,0.8295,339,1
2022,2,8477956,BOS,2022-04-26,3.0553,1144,2.4151,868,0.615,268,1
2022,2,8477956,BOS,2022-04-23,3.1318,1219,2.457,931,0.6748,288,1
2022,2,8477956,BOS,2022-04-04,2.6219,916,1.8379,627,0.784,289,0
2022,2,8477956,BOS,2022-04-02,2.9023,1084,2.5692,972,0.3331,112,1
2022,2,8477956,BOS,2022-03-31,2.5019,868,2.2307,754,0.2712,114,1
2022,2,8477956,BOS,2022-03-29,3.4066,1273,2.808,1039,0.5985,234,1
2022,2,8477956,BOS,2022-03-26,2.4298,978,2.0056,785,0.4229,193,1
2022,2,8477956,BOS,2022-03-24,2.9091,1117,1.9477,732,0.9614,385,1
2022,2,8477956,BOS,2022-03-21,2.7578,1034,1.7507,636,1.0071,398,0
2022,2,8480023,STL,2022-04-29,2.9989,1018,2.6169,907,0.1976,51,1
2022,2,8480023,STL,2022-04-26,3.7874,1411,3.1945,1171,0.4375,175,0
2022,2,8480023,STL,2022-04-24,2.9681,1015,2.6726,875,0.1574,73,0
2022,2,8480023,STL,2022-04-23,3.2293,1059,2.6735,884,0.2827,95,0
2022,2,8480023,STL,2022-04-21,3.254,1104,2.4454,802,0.6853,264,0
2022,2,8480023,STL,2022-04-19,3.3642,1156,2.8534,974,0.3103,111,1
2022,2,8480023,STL,2022-04-17,2.7202,902,2.5435,846,NA,NA,0
2022,2,8480023,STL,2022-04-16,3.5939,1272,2.7167,891,0.5018,223,1
2022,2,8480023,STL,2022-04-14,2.6414,928,2.1413,739,0.2622,112,0
2022,2,8480023,STL,2022-04-12,3.178,1122,2.4992,878,0.4431,164,0
2022,2,8475166,TOR,2022-04-26,2.3287,942,2.1137,777,0.215,165,1
2022,2,8475166,TOR,2022-04-23,3.3381,1261,3.0373,1107,0.3008,154,0
2022,2,8475166,TOR,2022-04-21,2.4477,1010,2.0215,761,0.4262,249,0
2022,2,8475166,TOR,2022-04-19,2.6853,1026,2.2182,770,0.4671,256,1
2022,2,8475166,TOR,2022-04-17,3.1308,1283,2.8998,1103,0.2311,180,1
2022,2,8475166,TOR,2022-04-16,3.1337,1141,2.8378,1001,0.2959,140,0
2022,2,8475166,TOR,2022-04-14,2.1173,844,1.5961,596,0.5212,248,1
2022,2,8475166,TOR,2022-04-12,2.9304,1155,2.3729,898,0.5575,257,1
2022,2,8475166,TOR,2022-04-09,2.5559,1099,2.117,779,0.4389,320,1
2022,2,8475166,TOR,2022-04-07,2.7481,1178,2.4312,941,0.3112,236,0
2022,2,8477402,STL,2022-04-29,2.7067,1013,2.3806,923,0.1813,49,1
2022,2,8477402,STL,2022-04-26,3.8023,1473,3.1551,1198,0.4524,180,0
2022,2,8477402,STL,2022-04-24,2.788,972,2.5931,869,0.1449,71,0
2022,2,8477402,STL,2022-04-23,2.8954,1044,2.4108,874,0.3097,109,0
2022,2,8477402,STL,2022-04-21,3.14,1094,2.3697,786,0.6676,267,0
2022,2,8477402,STL,2022-04-19,2.6382,1015,2.1534,803,0.2877,116,1
2022,2,8477402,STL,2022-04-17,2.6222,968,2.4187,899,NA,NA,0
2022,2,8477402,STL,2022-04-16,3.2044,1212,2.1571,750,0.5142,221,1
2022,2,8477402,STL,2022-04-14,2.3812,922,1.7677,668,0.2473,112,0
2022,2,8477402,STL,2022-04-12,3.0424,1173,2.2337,864,0.473,181,0
2022,2,8478414,SJS,2022-04-29,3.4747,1283,3.3186,1163,0.156,120,0
2022,2,8478414,SJS,2022-04-28,3.1506,1168,3.0278,1114,0.1228,54,0
2022,2,8478414,SJS,2022-04-26,3.171,1154,2.7927,1021,0.3783,133,1
2022,2,8478414,SJS,2022-04-24,3.5752,1292,3.4011,1233,0.1741,59,0
2022,2,8478414,SJS,2022-04-23,3.4924,1261,3.1137,1121,0.3361,125,1
2022,2,8478414,SJS,2022-04-21,2.703,965,2.5322,904,0.1708,61,1
2022,2,8478414,SJS,2022-04-19,2.4393,936,2.2997,861,0.125,69,1
2022,2,8478414,SJS,2022-04-17,3.1765,1129,2.6345,943,0.5255,182,0
2022,2,8478414,SJS,2022-04-16,3.2519,1185,2.8383,1053,0.4137,132,0
2022,2,8478414,SJS,2022-04-14,3.7502,1330,3.5375,1262,0.2127,68,0
2022,2,8479385,STL,2022-04-29,2.6809,973,2.4525,872,0.2284,101,1
2022,2,8479385,STL,2022-04-26,3.3209,1308,2.8701,1123,0.4311,179,0
2022,2,8479385,STL,2022-04-24,2.6741,991,2.5918,946,0.0823,45,0
2022,2,8479385,STL,2022-04-23,2.82,1027,2.324,842,0.4961,185,0
2022,2,8479385,STL,2022-04-21,2.3279,874,1.9243,705,0.4036,169,0
2022,2,8479385,STL,2022-04-19,3.2257,1142,2.9485,1035,0.2772,107,1
2022,2,8479385,STL,2022-04-17,2.607,931,2.607,931,NA,NA,0
2022,2,8479385,STL,2022-04-16,1.7652,635,1.6854,602,0.0798,33,1
2022,2,8479385,STL,2022-04-14,2.3931,915,2.0591,781,0.334,134,0
2022,2,8479385,STL,2022-04-12,2.4838,1032,2.1237,819,0.3601,213,0
2022,2,8479323,NYR,2022-04-29,2.9613,1378,2.1885,1022,0.3606,137,1
2022,2,8479323,NYR,2022-04-26,2.9551,1244,2.1701,912,0.5949,254,1
2022,2,8479323,NYR,2022-04-23,3.5195,1514,2.4779,1068,0.6081,237,0
2022,2,8479323,NYR,2022-04-21,2.9366,1270,2.8941,1243,0.0376,21,0
2022,2,8479323,NYR,2022-04-19,3.1898,1385,2.7011,1191,0.4145,160,1
2022,2,8479323,NYR,2022-04-16,2.9634,1325,2.4096,1057,0.5091,239,1
2022,2,8479323,NYR,2022-04-13,3.2619,1418,2.7238,1136,0.4218,214,0
2022,2,8479323,NYR,2022-04-12,3.4139,1404,2.5955,1075,0.7019,282,1
2022,2,8479323,NYR,2022-04-09,2.9697,1275,2.7672,1188,0.2025,87,1
2022,2,8479323,NYR,2022-04-07,3.3251,1498,2.4187,1093,0.4309,151,1
2022,2,8479407,NJD,2022-04-29,2.4424,851,2.3073,789,0.1352,62,1
2022,2,8479407,NJD,2022-04-28,2.9351,951,2.5399,819,0.3951,132,0
2022,2,8479407,NJD,2022-04-26,3.2305,1107,2.7539,965,0.4765,142,0
2022,2,8479407,NJD,2022-04-24,2.8269,948,2.4587,831,0.3682,117,1
2022,2,8479407,NJD,2022-04-21,3.5023,1216,2.8303,957,0.672,259,1
2022,2,8479407,NJD,2022-04-18,2.4735,876,2.2527,802,0.2208,74,0
2022,2,8479407,NJD,2022-04-16,3.7085,1344,3.196,1133,0.5125,211,0
2022,2,8479407,NJD,2022-04-14,3.0242,1072,2.6237,919,0.4005,153,0
2022,2,8479407,NJD,2022-04-12,2.5539,980,1.8254,641,0.7281,339,0
2022,2,8479407,NJD,2022-04-07,3.0307,1035,2.616,908,0.4147,127,1
2022,2,8478449,DAL,2022-04-29,3.2543,1088,3.0059,988,0.2484,100,1
2022,2,8478449,DAL,2022-04-27,2.9499,1179,2.2745,840,0.4049,234,1
2022,2,8478449,DAL,2022-04-26,3.4433,1080,3.3267,1042,0.1166,38,1
2022,2,8478449,DAL,2022-04-23,3.1888,1124,2.8045,1004,0.288,84,1
2022,2,8478449,DAL,2022-04-21,2.8918,1022,2.2088,756,0.4738,169,0
2022,2,8478449,DAL,2022-04-20,3.3165,1156,2.8931,1011,0.3012,107,0
2022,2,8478449,DAL,2022-04-18,2.9756,1019,2.7684,945,0.0286,14,0
2022,2,8478449,DAL,2022-04-16,3.0677,1014,2.7377,903,0.1307,50,1
2022,2,8478449,DAL,2022-04-14,3.5145,1140,3.0249,988,0.4896,152,1
2022,2,8478449,DAL,2022-04-12,3.1648,1195,2.2589,817,0.5517,243,1
2022,2,8474590,WSH,2022-04-29,3.3348,1492,2.2176,975,0.9541,441,0
2022,2,8474590,WSH,2022-04-28,3.4705,1495,2.6723,1098,0.5922,279,0
2022,2,8474590,WSH,2022-04-26,3.0005,1343,2.2026,971,0.7012,315,1
2022,2,8474590,WSH,2022-04-24,3.4701,1613,2.5525,1169,0.7384,343,1
2022,2,8474590,WSH,2022-04-22,3.2325,1418,2.5043,1122,0.7282,296,0
2022,2,8474590,WSH,2022-04-20,3.259,1369,2.8678,1205,0.2826,120,0
2022,2,8474590,WSH,2022-04-18,3.3571,1452,3.0853,1313,0.1295,66,0
2022,2,8474590,WSH,2022-04-16,3.2814,1436,2.2739,962,0.8834,405,0
2022,2,8474590,WSH,2022-04-14,3.2115,1385,2.0656,849,0.7956,345,0
2022,2,8474590,WSH,2022-04-12,2.4136,1064,2.1827,955,0.1451,61,1
2022,2,8476460,WPG,2022-04-10,2.1378,725,1.9775,667,0.1603,58,0
2022,2,8476460,WPG,2022-04-08,3.0055,1081,2.5877,906,0.4059,164,1
2022,2,8476460,WPG,2022-04-06,3.0602,1159,2.5588,935,0.5014,224,1
2022,2,8476460,WPG,2022-04-02,3.6195,1401,2.5976,964,1.0219,437,1
2022,2,8476460,WPG,2022-03-31,3.3874,1231,2.8405,1036,0.5469,195,0
2022,2,8476460,WPG,2022-03-30,3.2988,1135,3.0773,1058,0.2212,77,0
2022,2,8476460,WPG,2022-03-27,3.9178,1452,3.5238,1281,0.394,171,1
2022,2,8476460,WPG,2022-03-25,3.564,1326,3.1943,1098,0.3697,228,1
2022,2,8476460,WPG,2022-03-24,3.1038,1127,3.1038,1127,NA,NA,1
2022,2,8476460,WPG,2022-03-22,3.1767,1130,2.8556,1026,0.3068,99,1
2022,2,8476453,TBL,2022-04-29,3.4086,1315,3.1294,1212,0.2646,103,0
2022,2,8476453,TBL,2022-04-28,3.3128,1301,2.2137,852,1.0989,449,0
2022,2,8476453,TBL,2022-04-26,2.6538,1002,2.3537,878,0.3,124,1
2022,2,8476453,TBL,2022-04-24,2.7714,1140,2.0265,688,0.7402,448,0
2022,2,8476453,TBL,2022-04-23,2.9313,1122,2.653,999,0.2783,123,1
2022,2,8476453,TBL,2022-04-21,2.8726,1079,2.0171,744,0.8555,335,1
2022,2,8476453,TBL,2022-04-19,3.0749,1205,2.7443,1077,0.3306,128,1
2022,2,8476453,TBL,2022-04-16,3.0324,1180,2.7285,1033,0.3038,147,1
2022,2,8476453,TBL,2022-04-14,3.5615,1357,2.9875,1102,0.574,255,1
2022,2,8476453,TBL,2022-04-12,2.8961,1120,2.2797,855,0.6164,265,0
2022,2,8477946,DET,2022-04-17,3.3209,1229,2.5083,887,0.4101,175,1
2022,2,8477946,DET,2022-04-16,2.7185,1060,2.1727,835,0.168,62,0
2022,2,8477946,DET,2022-04-14,3.2787,1186,2.8969,1066,0.2082,65,0
2022,2,8477946,DET,2022-04-12,3.3697,1240,2.7058,1000,0.4922,196,1
2022,2,8477946,DET,2022-04-09,3.3775,1188,2.8098,946,0.2239,92,1
2022,2,8477946,DET,2022-04-06,3.4062,1282,2.5341,948,0.585,195,0
2022,2,8477946,DET,2022-04-05,3.1183,1130,2.3611,871,0.567,196,1
2022,2,8477946,DET,2022-04-03,3.9521,1383,3.0822,1082,0.3263,119,0
2022,2,8477946,DET,2022-04-01,3.0339,1212,2.1063,801,0.8746,397,1
2022,2,8477946,DET,2022-03-30,3.3145,1283,2.8235,1042,0.3967,181,1
2022,2,8480830,CAR,2022-04-26,2.6134,929,2.3076,824,0.3057,105,0
2022,2,8480830,CAR,2022-04-24,2.2954,827,2.1935,774,0.1019,53,0
2022,2,8480830,CAR,2022-04-23,2.8603,1028,2.6048,921,0.2556,107,0
2022,2,8480830,CAR,2022-04-21,2.7873,1040,2.1166,757,0.6706,283,1
2022,2,8480830,CAR,2022-04-18,2.6944,988,2.5327,901,0.1617,87,0
2022,2,8480830,CAR,2022-04-16,2.8796,1072,2.6667,971,0.2129,101,0
2022,2,8480830,CAR,2022-04-14,2.8603,997,2.3792,815,0.4811,182,1
2022,2,8480830,CAR,2022-04-12,2.5921,871,2.3435,781,0.2486,90,0
2022,2,8480830,CAR,2022-04-10,2.6723,940,2.5307,893,0.1416,47,1
2022,2,8480830,CAR,2022-04-08,2.6339,968,1.9845,724,0.6494,244,1
2022,2,8471724,PIT,2022-04-29,3.6953,1473,3.0009,1196,0.44,174,1
2022,2,8471724,PIT,2022-04-26,4.0863,1628,3.2077,1292,0.7943,299,1
2022,2,8471724,PIT,2022-04-24,3.8173,1560,3.0241,1211,0.51,218,0
2022,2,8471724,PIT,2022-04-23,3.3718,1361,3.1394,1254,0.0599,38,0
2022,2,8471724,PIT,2022-04-21,3.4487,1457,3.0048,1256,0.2337,120,1
2022,2,8471724,PIT,2022-04-16,4.0517,1823,3.2239,1489,0.6687,252,0
2022,2,8471724,PIT,2022-04-14,4.1331,1691,3.3071,1296,0.3469,151,1
2022,2,8471724,PIT,2022-04-12,4.1234,1696,3.4376,1408,0.5329,213,0
2022,2,8471724,PIT,2022-04-10,3.8194,1491,3.3058,1248,0.1812,83,1
2022,2,8471724,PIT,2022-04-09,4.0202,1598,3.0517,1180,0.7145,314,1
2022,2,8476853,TOR,2022-04-29,2.89,1171,2.5961,1047,0.2939,124,1
2022,2,8476853,TOR,2022-04-26,3.1665,1290,2.8618,1127,0.3048,163,1
2022,2,8476853,TOR,2022-04-24,3.597,1549,3.0746000000000002,1307,0.3498,143,0
2022,2,8476853,TOR,2022-04-23,3.5804,1358,3.2207,1220,0.3595,138,0
2022,2,8476853,TOR,2022-04-21,3.3716,1307,2.7078,1037,0.6638,270,0
2022,2,8476853,TOR,2022-04-19,3.4071,1300,2.6089,957,0.6598,274,1
2022,2,8476853,TOR,2022-04-17,3.2911,1332,2.9228,1133,0.3245,180,1
2022,2,8476853,TOR,2022-04-16,4.18,1542,3.8123,1405,0.3676,137,0
2022,2,8476853,TOR,2022-04-14,3.1545,1266,2.3655,928,0.7737,327,1
2022,2,8476853,TOR,2022-04-12,3.6515,1389,3.1535,1203,0.4981,186,1
2022,2,8479420,BUF,2022-04-29,3.3481,1235,2.7404,1025,0.4607,173,1
2022,2,8479420,BUF,2022-04-28,2.822,1079,1.9607,727,0.4538,215,0
2022,2,8479420,BUF,2022-04-23,3.0766,1155,2.0383,747,0.8939,353,1
2022,2,8479420,BUF,2022-04-21,2.9038,1089,2.6187,949,0.1811,99,0
2022,2,8479420,BUF,2022-04-17,2.9166,1101,2.4198,891,0.2219,91,0
2022,2,8479420,BUF,2022-04-16,2.7899,1103,1.9577,763,0.4741,203,1
2022,2,8479420,BUF,2022-04-14,2.7725,1025,2.2385,786,0.3762,160,1
2022,2,8479420,BUF,2022-04-12,3.2135,1096,2.5843,901,0.4374,134,0
2022,2,8479420,BUF,2022-04-10,2.8455,1030,2.6944,947,0.0773,56,0
2022,2,8479420,BUF,2022-04-08,2.8171,953,2.1432,707,0.6739,246,0
2022,2,8480012,VAN,2022-04-29,3.0926,1181,2.6819,969,0.2685,144,0
2022,2,8480012,VAN,2022-04-28,3.2431,1327,2.6249,1044,0.269,143,1
2022,2,8480012,VAN,2022-04-26,2.618,1061,1.9491,752,0.2821,153,1
2022,2,8480012,VAN,2022-04-23,3.3168,1285,3.0119,1164,0.2807,113,0
2022,2,8480012,VAN,2022-04-21,2.8552,1143,2.4734,955,0.1726,81,0
2022,2,8480012,VAN,2022-04-19,3.3467,1297,2.6765,988,0.5745,267,1
2022,2,8480012,VAN,2022-04-18,2.3441,969,2.2091,907,0.1351,62,1
2022,2,8480012,VAN,2022-04-14,3.0364,1329,2.3031,961,0.5501,297,1
2022,2,8480012,VAN,2022-04-12,3.0896,1290,2.3416,971,0.5274,190,1
2022,2,8480012,VAN,2022-04-09,3.4957,1501,1.9831,860,1.2418,521,1
2022,2,8480800,VAN,2022-04-29,4.0371,1540,3.6389,1359,0.295,144,0
2022,2,8480800,VAN,2022-04-28,3.8684,1695,3.175,1309,0.2472,143,1
2022,2,8480800,VAN,2022-04-26,3.7643,1494,2.9008,1117,0.3685,153,1
2022,2,8480800,VAN,2022-04-23,4.1527,1626,3.7413,1439,0.2577,109,0
2022,2,8480800,VAN,2022-04-21,3.8996,1570,3.4566,1375,0.2067,86,0
2022,2,8480800,VAN,2022-04-19,4.6067,1807,3.8467,1479,0.6412,276,1
2022,2,8480800,VAN,2022-04-18,3.449,1316,3.3095,1254,0.1396,62,1
2022,2,8480800,VAN,2022-04-14,2.9871,1282,2.2227,921,0.6524,311,1
2022,2,8480800,VAN,2022-04-12,3.691,1524,2.7853,1137,0.6584,201,1
2022,2,8480800,VAN,2022-04-09,3.7976,1526,2.3955,965,1.1493,430,1
2022,2,8471685,LAK,2022-04-28,3.3357,1238,2.7213,954,0.6143,284,0
2022,2,8471685,LAK,2022-04-23,3.4136,1243,2.6528,887,0.6013,282,1
2022,2,8471685,LAK,2022-04-21,3.3612,1202,2.6772,909,0.5169,225,1
2022,2,8471685,LAK,2022-04-19,3.1121,1114,2.4819,841,0.2266,120,0
2022,2,8471685,LAK,2022-04-16,3.703,1337,2.9953,1024,0.4195,203,1
2022,2,8471685,LAK,2022-04-13,2.7101,963,2.2464,789,0.4637,174,0
2022,2,8471685,LAK,2022-04-12,2.9087,1070,2.5583,890,0.1014,65,0
2022,2,8471685,LAK,2022-04-10,2.9693,1137,2.3933,849,0.3577,186,0
2022,2,8471685,LAK,2022-04-07,4.2487,1511,3.4931,1219,0.5378,212,1
2022,2,8471685,LAK,2022-04-04,3.7086,1457,2.4574,846,0.999,472,1
2022,2,8478873,ANA,2022-04-29,3.3088,1272,3.0884,1173,0.2079,94,0
2022,2,8478873,ANA,2022-04-26,3.2175,1186,3.0153,1121,0.2022,65,0
2022,2,8478873,ANA,2022-04-24,3.3158,1215,3.2521,1193,0.0637,22,1
2022,2,8478873,ANA,2022-04-23,3.2902,1215,3.0669,1119,0.1225,59,0
2022,2,8478873,ANA,2022-04-19,3.2697,1226,2.6399,979,0.6298,247,1
2022,2,8478873,ANA,2022-04-17,3.4447,1239,3.2708,1179,0.1739,60,1
2022,2,8478873,ANA,2022-04-14,3.2776,1233,3.0876,1162,0.1899,71,0
2022,2,8478873,ANA,2022-04-12,3.6138,1258,3.2783,1149,0.3354,109,0
2022,2,8478873,ANA,2022-04-10,3.5133,1267,3.0274,1081,0.4694,178,0
2022,2,8478873,ANA,2022-04-09,3.2636,1234,2.8874,1085,0.3762,149,0
2022,2,8480801,OTT,2022-04-29,3.0123,1319,2.4328,976,0.5794,343,0
2022,2,8480801,OTT,2022-04-28,2.8503,1165,2.4103,924,0.431,237,1
2022,2,8480801,OTT,2022-04-26,3.2861,1318,2.9516,1101,0.3186,205,1
2022,2,8480801,OTT,2022-04-23,2.4791,1110,1.9113,761,0.5518,342,1
2022,2,8480801,OTT,2022-04-22,3.3288,1299,3.0305,1147,0.2983,152,0
2022,2,8480801,OTT,2022-04-19,3.065,1208,2.7659,1076,0.2413,112,0
2022,2,8480801,OTT,2022-04-18,2.753,1100,2.3834,916,0.3695,184,0
2022,2,8480801,OTT,2022-04-16,3.343,1315,3.1444,1224,0.1986,90,1
2022,2,8480801,OTT,2022-04-14,2.8774,1208,2.1405,805,0.7368,403,0
2022,2,8480801,OTT,2022-04-12,2.7104,1065,2.5339,979,0.1766,86,0
2022,2,8476539,VGK,2022-04-29,2.5995,931,2.4408,885,0.1587,46,0
2022,2,8476539,VGK,2022-04-27,2.8717,1078,2.7434,1027,0.1283,51,0
2022,2,8476539,VGK,2022-04-26,3.1224,1116,3.1224,1116,NA,NA,0
2022,2,8476539,VGK,2022-04-24,3.0543,1085,2.8108,996,0.2436,89,1
2022,2,8476539,VGK,2022-04-20,2.6653,967,2.496,912,0.1694,55,1
2022,2,8476539,VGK,2022-04-18,3.0568,1156,2.9216,1108,0.1352,48,1
2022,2,8476539,VGK,2022-04-16,2.7617,995,2.5074,911,0.2543,84,0
2022,2,8476539,VGK,2022-04-14,2.6592,919,2.181,758,0.4782,161,0
2022,2,8476539,VGK,2022-04-12,2.9161,1045,2.6452,948,0.1913,97,0
2022,2,8476539,VGK,2022-04-09,2.5235,1022,2.1418,832,0.3817,190,1
2022,2,8470638,BOS,2022-04-28,2.3651,943,1.7835,654,0.5298,268,1
2022,2,8470638,BOS,2022-04-26,2.8166,1121,2.2403,828,0.4323,242,1
2022,2,8470638,BOS,2022-04-24,2.6064,936,2.2102,759,0.1351,54,0
2022,2,8470638,BOS,2022-04-23,2.4321,926,1.7523,622,0.4378,200,1
2022,2,8470638,BOS,2022-04-21,2.7004,1014,2.3765,839,0.2869,161,0
2022,2,8470638,BOS,2022-04-19,2.5063,925,2.1012,716,0.2188,129,0
2022,2,8470638,BOS,2022-04-16,2.9259,1182,2.318,896,0.2327,134,1
2022,2,8470638,BOS,2022-04-14,2.7963,1071,1.77,635,0.6803,296,1
2022,2,8470638,BOS,2022-04-12,2.8617,1145,2.0823,762,0.388,194,1
2022,2,8470638,BOS,2022-04-10,2.994,1230,2.1976,809,0.6269,366,0
2022,2,8473512,"PHI,FLA",2022-04-26,2.9688,1103,2.733,1022,0.2359,81,0
2022,2,8473512,"PHI,FLA",2022-04-24,3.0503,1159,1.901,672,1.087,445,1
2022,2,8473512,"PHI,FLA",2022-04-23,2.8087,987,2.639,910,0.1392,63,1
2022,2,8473512,"PHI,FLA",2022-04-21,2.7168,1060,1.9288,703,0.6964,322,1
2022,2,8473512,"PHI,FLA",2022-04-19,2.9196,1124,2.1553,794,0.7643,330,0
2022,2,8473512,"PHI,FLA",2022-04-17,2.665,1007,2.0274,717,0.3827,165,0
2022,2,8473512,"PHI,FLA",2022-04-15,2.6335,972,2.3248,859,0.1745,59,1
2022,2,8473512,"PHI,FLA",2022-04-12,3.064,1192,2.4527,880,0.5751,300,1
2022,2,8473512,"PHI,FLA",2022-04-09,2.9744,1149,2.2689,851,0.6109,257,0
2022,2,8473512,"PHI,FLA",2022-04-08,2.8006,1041,2.2621000000000002,805,0.2796,130,1
2022,2,8476882,CAR,2022-04-28,1.8176,666,1.5707,542,0.1807,103,1
2022,2,8476882,CAR,2022-04-26,2.2924,889,1.7748,680,0.2447,104,0
2022,2,8476882,CAR,2022-04-24,2.5521,1000,2.2177,856,0.1039,53,0
2022,2,8476882,CAR,2022-04-23,2.5672,1009,2.1016,795,0.2549,134,0
2022,2,8476882,CAR,2022-04-21,3.1374,1199,2.2714,853,0.6724,276,1
2022,2,8476882,CAR,2022-04-18,2.789,1039,2.3136,844,0.17,86,0
2022,2,8476882,CAR,2022-04-16,2.394,922,1.7639,658,0.1713,101,0
2022,2,8476882,CAR,2022-04-14,2.2088,839,1.5835,600,0.5121,199,1
2022,2,8476882,CAR,2022-04-12,2.6234,1005,2.1429,809,0.2731,113,0
2022,2,8476882,CAR,2022-04-10,2.0441,784,1.5917,592,0.2227,99,1
2022,2,8477451,MIN,2022-04-29,3.0327,1240,2.1991,801,0.8147,432,1
2022,2,8477451,MIN,2022-04-28,2.5471,950,2.2265,827,0.288,109,1
2022,2,8477451,MIN,2022-04-26,3.0367,1279,2.0841,830,0.9526,449,1
2022,2,8477451,MIN,2022-04-24,2.9838,1227,2.1677,798,0.7538,402,0
2022,2,8477451,MIN,2022-04-22,2.4105,971,2.0539,814,0.3566,157,1
2022,2,8477451,MIN,2022-04-21,2.9564,1148,2.7499,1058,0.2065,90,1
2022,2,8477451,MIN,2022-04-19,2.7184,1042,2.6218,1006,0.0306,6,0
2022,2,8477451,MIN,2022-04-17,2.8795,1063,2.4049,878,0.4746,185,1
2022,2,8477451,MIN,2022-04-16,2.4921,921,2.1858,798,0.3003,117,0
2022,2,8477451,MIN,2022-04-14,2.8611,1087,2.8414,1076,NA,NA,0
2022,2,8475798,NSH,2022-04-29,2.7076,1168,2.3125,938,0.3227,182,0
2022,2,8475798,NSH,2022-04-28,3.1928,1380,2.6145,1061,0.3377,195,0
2022,2,8475798,NSH,2022-04-26,3.0465,1341,2.0227,812,0.6673,350,1
2022,2,8475798,NSH,2022-04-24,2.8692,1330,2.0179,800,0.4037,291,1
2022,2,8475798,NSH,2022-04-23,2.7674,1125,2.1759,807,0.4962,274,0
2022,2,8475798,NSH,2022-04-19,3.0031,1242,2.478,941,0.4263,259,1
2022,2,8475798,NSH,2022-04-17,2.9695,1145,2.7513,1037,0.2181,108,1
2022,2,8475798,NSH,2022-04-16,2.8103,1125,2.2603,853,0.1805,99,1
2022,2,8475798,NSH,2022-04-14,2.9366,1202,2.1888,854,0.4225,204,1
2022,2,8475798,NSH,2022-04-12,3.1971,1208,2.805,1021,0.3281,158,1
2022,2,8476881,SJS,2022-04-29,2.976,1192,2.7842,1044,0.135,120,0
2022,2,8476881,SJS,2022-04-28,2.8044,1127,2.3943,921,0.0891,53,0
2022,2,8476881,SJS,2022-04-26,3.0298,1156,2.5826,958,0.2622,129,1
2022,2,8476881,SJS,2022-04-24,3.7802,1437,3.2759,1210,0.0966,50,0
2022,2,8476881,SJS,2022-04-23,3.121,1184,2.8393,1023,0.1932,119,1
2022,2,8476881,SJS,2022-04-21,2.7798,1081,2.1988,845,0.1291,61,1
2022,2,8476881,SJS,2022-04-19,2.4165,957,2.0308,784,0.0909,65,1
2022,2,8476881,SJS,2022-04-17,3.311,1239,2.406,868,0.395,178,0
2022,2,8476881,SJS,2022-04-16,2.9428,1191,2.619,1037,0.2605,118,0
2022,2,8476881,SJS,2022-04-14,3.7794,1391,3.3639,1220,0.1727,70,0
2022,2,8476905,VGK,2022-04-29,3.5074,1286,3.0733,1097,0.2938,132,0
2022,2,8476905,VGK,2022-04-27,3.6572,1250,3.3383,1144,0.1411,41,0
2022,2,8476905,VGK,2022-04-26,3.9373,1326,3.6802,1225,0.1196,49,0
2022,2,8476905,VGK,2022-04-24,3.0729,1083,2.6199,893,0.3092,132,1
2022,2,8476905,VGK,2022-04-20,3.151,995,2.9073,880,0.1366,70,1
2022,2,8476905,VGK,2022-04-18,3.5068,1232,3.1693,1105,0.1572,53,1
2022,2,8476905,VGK,2022-04-16,3.0705,1093,2.4378,844,0.5903,231,0
2022,2,8476905,VGK,2022-04-14,3.124,1038,2.0993,689,0.6547,205,0
2022,2,8476905,VGK,2022-04-12,2.8026,1016,2.0525,763,0.2437,126,0
2022,2,8476905,VGK,2022-04-09,2.8568,1043,2.2662,794,0.4007,159,1
2022,2,8475784,BUF,2022-04-29,3.1946,1248,2.7444,1032,0.4502,216,1
2022,2,8475784,BUF,2022-04-28,1.844,849,1.5034,631,0.3267,214,0
2022,2,8475784,BUF,2022-04-23,2.3103,901,1.6914,635,0.619,266,1
2022,2,8475784,BUF,2022-04-21,2.2916,904,2.0925,784,0.1992,120,0
2022,2,8475784,BUF,2022-04-17,2.4936,972,2.3555,913,0.1381,59,0
2022,2,8475784,BUF,2022-04-16,2.9456,1138,2.3784,887,0.5673,251,1
2022,2,8475784,BUF,2022-04-14,2.3792,947,2.0388,787,0.3404,160,1
2022,2,8475784,BUF,2022-04-12,2.8534,1086,2.5145,946,0.2993,127,0
2022,2,8475784,BUF,2022-04-10,2.6413,984,2.3483,868,0.293,116,0
2022,2,8475784,BUF,2022-04-08,2.1591,844,1.723,637,0.4361,207,0
2022,2,8475793,NSH,2022-04-29,2.4869,1006,2.0981,836,0.3888,170,0
2022,2,8475793,NSH,2022-04-28,2.876,1057,2.5054,894,0.3546,157,0
2022,2,8475793,NSH,2022-04-26,3.0108,1118,2.1032,777,0.9076,341,1
2022,2,8475793,NSH,2022-04-24,2.728,1080,2.0748,789,0.6532,291,1
2022,2,8475793,NSH,2022-04-23,2.2404,872,1.6007,606,0.6397,266,0
2022,2,8475793,NSH,2022-04-19,3.1981,1204,2.4665,871,0.7117,324,1
2022,2,8475793,NSH,2022-04-17,2.6803,958,2.4553,871,0.225,87,1
2022,2,8475793,NSH,2022-04-16,2.3402,867,2.0899,769,0.2502,98,1
2022,2,8475793,NSH,2022-04-14,2.5464,917,1.993,715,0.5533,202,1
2022,2,8475793,NSH,2022-04-12,2.8541,1001,2.4799,873,0.3742,128,1
2022,2,8478047,TOR,2022-04-23,0.4465,163,0.4465,163,NA,NA,0
2022,2,8478047,TOR,2022-04-21,2.5983,1070,2.083,777,0.4954,287,0
2022,2,8478047,TOR,2022-04-19,2.2723,885,1.7913,627,0.481,258,1
2022,2,8478047,TOR,2022-04-17,2.4139,969,2.1781,789,0.2358,180,1
2022,2,8478047,TOR,2022-04-16,2.9307,1131,2.6641,1038,0.2666,93,0
2022,2,8478047,TOR,2022-04-14,2.2594,941,1.7524,694,0.507,247,1
2022,2,8478047,TOR,2022-04-12,2.5059,969,2.2569,836,0.249,133,1
2022,2,8478047,TOR,2022-04-09,2.1368,786,2.1368,786,NA,NA,1
2022,2,8478047,TOR,2022-04-07,2.8619,1110,2.7668,1071,0.0951,39,0
2022,2,8478047,TOR,2022-04-05,2.2559,923,2.0881,848,0.1678,75,0
2022,2,8479343,ARI,2022-03-30,2.9479,1113,2.5358,956,0.2029,76,1
2022,2,8479343,ARI,2022-03-28,3.6665,1418,2.5568,948,0.9101,384,0
2022,2,8479343,ARI,2022-03-27,3.5775,1347,3.3657,1262,NA,NA,0
2022,2,8479343,ARI,2022-03-25,3.4895,1338,2.3716,917,0.7053,272,0
2022,2,8479343,ARI,2022-03-22,3.6668,1469,2.5059,953,0.7685,345,1
2022,2,8479343,ARI,2022-03-20,3.6446,1317,2.9798,1062,0.3002,130,0
2022,2,8479343,ARI,2022-03-19,2.4515,962,1.9784,761,0.3794,155,1
2022,2,8479343,ARI,2022-03-15,3.0397,1157,2.429,906,0.5188,211,0
2022,2,8479343,ARI,2022-03-14,2.9963,1157,2.6027,973,0.2435,120,0
2022,2,8479343,ARI,2022-03-12,3.2491,1307,2.932,1153,0.2544,136,0
2022,2,8474161,CBJ,2022-04-29,2.5568,1067,1.9405,778,0.6163,289,0
2022,2,8474161,CBJ,2022-04-28,2.8315,1104,2.2151,888,0.6164,216,1
2022,2,8474161,CBJ,2022-04-26,2.8486,1092,2.3161,897,0.5325,195,0
2022,2,8474161,CBJ,2022-04-24,3.3569,1277,2.4498,885,0.9071,392,1
2022,2,8474161,CBJ,2022-04-22,3.3203,1266,3.0305,1136,0.2897,130,1
2022,2,8474161,CBJ,2022-04-19,3.125,1224,2.464,937,0.661,287,0
2022,2,8474161,CBJ,2022-04-17,2.5781,1074,2.2554,898,0.3227,176,0
2022,2,8474161,CBJ,2022-04-16,2.7181,1066,2.2163,832,0.5019,234,0
2022,2,8474161,CBJ,2022-04-13,2.6496,1075,2.2954,856,0.3386,212,1
2022,2,8474161,CBJ,2022-04-09,3.3329,1287,2.2005,790,1.1324,497,0
2022,2,8477479,DET,2022-04-29,3.7863,1431,3.215,1219,0.4267,140,0
2022,2,8477479,DET,2022-04-24,3.4223,1342,2.7184,1073,0.4912,187,0
2022,2,8477479,DET,2022-04-23,3.3517,1227,2.9646,1080,0.2966,109,1
2022,2,8477479,DET,2022-04-21,3.2311,1186,2.4325,847,0.2668,127,0
2022,2,8477479,DET,2022-04-19,3.0546,1188,2.659,1032,0.2971,109,0
2022,2,8477479,DET,2022-04-17,2.6702,1084,2.2214,848,0.3375,192,1
2022,2,8477479,DET,2022-04-16,2.6844,1044,2.2066,842,0.1352,62,0
2022,2,8477479,DET,2022-04-14,2.7209,1112,2.306,963,0.1605,67,0
2022,2,8477479,DET,2022-04-12,3.1612,1209,2.6844,996,0.4036,181,1
2022,2,8477479,DET,2022-04-09,3.0998,1088,2.6783,906,0.1826,92,1
2022,2,8475791,BOS,2022-04-28,2.6723,993,1.8655,649,0.8068,344,1
2022,2,8475791,BOS,2022-04-26,3.1691,1067,2.5564,822,0.6126,245,1
2022,2,8475791,BOS,2022-04-24,2.259,789,2.0968,733,0.1622,56,0
2022,2,8475791,BOS,2022-04-23,2.6496,973,2.1415,767,0.5081,206,1
2022,2,8475791,BOS,2022-04-21,2.787,1022,2.386,859,0.401,163,0
2022,2,8475791,BOS,2022-04-19,2.5419,936,2.3008,820,0.2411,116,0
2022,2,8475791,BOS,2022-04-16,2.6109,961,2.2437,827,0.3671,134,1
2022,2,8475791,BOS,2022-04-14,2.87,961,2.0389,686,0.8312,275,1
2022,2,8475791,BOS,2022-04-12,2.929,1024,2.4143,830,0.5147,194,1
2022,2,8475791,BOS,2022-04-10,3.2402,1180,2.3697,806,0.8705,374,0
2022,2,8477444,COL,2022-04-29,2.7745,1052,1.9128,683,0.8618,369,0
2022,2,8477444,COL,2022-04-28,2.3715,831,1.9571,670,0.4144,161,1
2022,2,8477444,COL,2022-04-26,2.934,1099,2.7691,988,0.165,111,1
2022,2,8477444,COL,2022-04-24,2.619,962,2.2608,804,0.3582,158,0
2022,2,8477444,COL,2022-04-22,3.2398,1276,2.5145,874,0.7253,402,0
2022,2,8477444,COL,2022-04-20,2.855,962,2.7416,939,0.1134,23,0
2022,2,8477444,COL,2022-04-18,2.4366,843,2.2205,758,0.2162,85,1
2022,2,8477444,COL,2022-04-16,2.4227,874,2.0209,716,0.4018,158,1
2022,2,8477444,COL,2022-04-14,2.6239,891,2.4523,826,0.1716,65,1
2022,2,8477444,COL,2022-04-13,2.2762,800,2.2591,795,NA,NA,1
2022,2,8480018,MTL,2022-04-29,3.2442,1140,2.8207,993,0.2974,107,1
2022,2,8480018,MTL,2022-04-27,2.9117,1065,2.7005,984,0.2111,81,0
2022,2,8480018,MTL,2022-04-24,3.7968,1444,3.0067,1110,0.6188,281,1
2022,2,8480018,MTL,2022-04-23,3.964,1451,2.7737,976,0.6522,265,0
2022,2,8480018,MTL,2022-04-21,3.6741,1290,3.0552,1067,0.1403,61,1
2022,2,8480018,MTL,2022-04-19,3.4091,1296,2.6225,969,0.4825,191,1
2022,2,8480018,MTL,2022-04-16,2.7031,982,2.3918,867,0.2749,101,1
2022,2,8480018,MTL,2022-04-15,3.3674,1213,2.9501,1034,0.4173,179,1
2022,2,8480018,MTL,2022-04-13,3.3993,1279,2.7153,1009,0.5555,222,0
2022,2,8480018,MTL,2022-04-11,3.2552,1139,2.8932,994,0.2919,119,1
2022,2,8481533,ANA,2022-04-29,3.5849,1263,3.3684,1169,0.2165,94,0
2022,2,8481533,ANA,2022-04-26,2.6699,863,2.4679,798,0.202,65,0
2022,2,8481533,ANA,2022-04-24,2.9768,1051,2.7641,953,0.2126,98,1
2022,2,8481533,ANA,2022-04-23,2.5503,902,2.1778,756,0.2781,111,0
2022,2,8481533,ANA,2022-04-19,3.1102,1179,2.4425,898,0.6677,281,1
2022,2,8481533,ANA,2022-04-17,2.3019,750,2.1081,681,0.1938,69,1
2022,2,8481533,ANA,2022-04-14,2.9635,1054,2.8478,1005,0.1157,49,0
2022,2,8481533,ANA,2022-04-12,3.3648,1170,2.931,1040,0.4339,130,0
2022,2,8481533,ANA,2022-04-10,3.9153,1354,3.4097,1166,0.495,183,0
2022,2,8481533,ANA,2022-04-09,3.1814,1134,2.9573,1058,0.2241,76,0
2022,2,8471218,WPG,2022-05-01,2.4899,899,2.3516,853,0.1383,46,1
2022,2,8471218,WPG,2022-04-29,2.8617,1071,2.2522,815,0.5273,216,1
2022,2,8471218,WPG,2022-04-27,2.792,1046,2.2111,808,0.5334,220,1
2022,2,8471218,WPG,2022-04-24,2.6408,991,2.4589,917,0.1345,55,1
2022,2,8471218,WPG,2022-04-21,3.0738,1237,2.8663,1171,0.2075,66,0
2022,2,8471218,WPG,2022-04-19,2.981,1182,2.7541,1104,0.2269,78,0
2022,2,8471218,WPG,2022-04-16,2.497,909,2.3439,843,0.1529,66,0
2022,2,8471218,WPG,2022-04-15,2.6057,984,2.1708,804,0.4349,180,0
2022,2,8471218,WPG,2022-04-06,2.5696,1091,2.1773,858,0.3924,233,1
2022,2,8471218,WPG,2022-04-02,3.2118,1368,2.378,935,0.8194,424,1
2022,2,8477964,STL,2022-04-29,2.6688,1002,2.4191,907,0.1146,47,1
2022,2,8477964,STL,2022-04-26,2.0945,866,1.6094,613,0.2924,168,0
2022,2,8477964,STL,2022-04-24,2.6396,984,2.5129,911,0.079,53,0
2022,2,8477964,STL,2022-04-23,2.0775,798,1.8335,698,0.244,100,0
2022,2,8477964,STL,2022-04-21,2.4783,896,2.1147,740,0.2111,97,0
2022,2,8477964,STL,2022-04-19,2.9398,1089,2.8883,1068,NA,NA,1
2022,2,8477964,STL,2022-04-17,2.5206,945,2.3614,879,NA,NA,0
2022,2,8477964,STL,2022-04-16,2.1899,825,1.653,609,0.2879,131,1
2022,2,8477964,STL,2022-04-14,2.462,954,2.2204,839,0.1111,67,0
2022,2,8477964,STL,2022-04-12,2.4128,951,1.9404,714,0.2187,151,0
2022,2,8479400,WPG,2022-05-01,2.4498,975,2.1943,901,0.1426,74,1
2022,2,8479400,WPG,2022-04-29,2.7773,1055,2.2467,827,0.5307,228,1
2022,2,8479400,WPG,2022-04-27,2.5082,987,2.0894,761,0.4187,226,1
2022,2,8479400,WPG,2022-04-24,2.6306,1045,2.2871,860,0.3435,185,1
2022,2,8479400,WPG,2022-04-21,2.8972,1102,2.5462,993,0.351,109,0
2022,2,8479400,WPG,2022-04-19,2.8989,1181,2.7431,1124,0.1558,57,0
2022,2,8479400,WPG,2022-04-16,2.3568,841,2.2324,789,0.1243,52,0
2022,2,8479400,WPG,2022-04-15,3.3168,1318,2.5837,1012,0.733,306,0
2022,2,8479400,WPG,2022-04-11,3.0335,1126,2.8658,1048,0.1677,78,0
2022,2,8479400,WPG,2022-04-10,2.5468,1040,1.9928,785,0.554,255,0
2022,2,8480002,NJD,2022-04-29,2.8379,1152,2.4186,967,0.1471,73,1
2022,2,8480002,NJD,2022-04-23,3.1173,1090,2.3871000000000002,838,0.5046,180,1
2022,2,8480002,NJD,2022-04-21,3.3509,1282,2.7791,1023,0.5718,259,1
2022,2,8480002,NJD,2022-04-18,3.0179,1148,2.6464,1014,0.2422,84,0
2022,2,8480002,NJD,2022-04-16,3.6625,1455,2.7333,1026,0.5534,254,0
2022,2,8480002,NJD,2022-04-14,3.0493,1167,2.4988,962,0.3857,155,0
2022,2,8480002,NJD,2022-04-12,3.2093,1263,2.0626,760,0.7214,334,0
2022,2,8480002,NJD,2022-04-07,3.1996000000000002,1185,2.897,1052,0.3026,133,1
2022,2,8480002,NJD,2022-04-05,3.5936,1328,3.0853,1104,0.2447,122,1
2022,2,8480002,NJD,2022-04-03,3.3288,1276,2.6916,989,0.2836,145,1
2022,2,8473986,TBL,2022-04-29,2.5652,989,2.2165,844,0.2305,103,0
2022,2,8473986,TBL,2022-04-28,2.1471,937,1.2705,531,0.8291,374,0
2022,2,8473986,TBL,2022-04-26,2.6887,993,2.0263,735,0.2866,122,1
2022,2,8473986,TBL,2022-04-24,3.1844,1359,1.8593,634,0.6246,407,0
2022,2,8473986,TBL,2022-04-23,2.7773,1097,2.0399,765,0.2215,116,1
2022,2,8473986,TBL,2022-04-21,2.8383,1126,2.1038,767,0.3916,203,1
2022,2,8473986,TBL,2022-04-19,2.1277,869,1.5929,666,0.3612,135,1
2022,2,8473986,TBL,2022-04-16,2.6075,1027,2.3257,886,0.2001,99,1
2022,2,8473986,TBL,2022-04-14,2.5672,1043,2.1559,832,0.3126,164,1
2022,2,8473986,TBL,2022-04-12,2.4552,985,2.0154,802,0.1838,75,0
2022,2,8475754,NYI,2022-04-29,2.6235,929,2.4138,842,0.1003,42,1
2022,2,8475754,NYI,2022-04-28,3.0311,1047,2.331,770,0.4066,185,1
2022,2,8475754,NYI,2022-04-24,2.9869,1015,2.3843,816,0.6026,199,1
2022,2,8475754,NYI,2022-04-23,2.8806,1042,1.8946,687,0.3063,94,0
2022,2,8475754,NYI,2022-04-21,2.8792,959,2.8434,938,0.0358,21,1
2022,2,8475754,NYI,2022-04-19,3.1391,1084,2.9315,1017,0.1977,62,1
2022,2,8475754,NYI,2022-04-17,3.4512,1189,3.1357,1078,0.3154,111,0
2022,2,8475754,NYI,2022-04-15,2.5917,902,2.2547,758,0.1785,73,0
2022,2,8475754,NYI,2022-04-14,3.2004,1122,2.4773,821,0.6371,273,0
2022,2,8475754,NYI,2022-04-12,3.4421,1202,3.2178,1126,0.1941,66,1
2022,2,8476455,COL,2022-03-10,3.0247,1122,2.3552,811,0.6696,311,0
2022,2,8476455,COL,2022-03-08,3.2599,1203,2.5165,912,0.7433,291,0
2022,2,8476455,COL,2022-03-07,2.9053,1056,2.4406,846,0.4646,210,0
2022,2,8476455,COL,2022-03-05,3.2465,1183,2.9545,1047,0.292,136,1
2022,2,8476455,COL,2022-03-03,3.4568,1365,3.0829,1183,0.3739,182,0
2022,2,8476455,COL,2022-03-01,1.9748000000000001,1198,1.6112,889,0.3636,309,1
2022,2,8476455,COL,2022-02-26,3.062,1094,2.7413,949,0.3207,145,0
2022,2,8476455,COL,2022-02-25,2.7057,1000,2.0808,736,0.6249,264,1
2022,2,8476455,COL,2022-02-23,3.176,1311,2.6115,1037,0.5609,272,0
2022,2,8476455,COL,2022-02-21,3.1469,1260,2.6984,1030,0.4484,230,0
2022,2,8477951,ARI,2022-04-29,3.6094,1357,3.1218,1130,0.4558,208,1
2022,2,8477951,ARI,2022-04-27,3.2066,1215,2.4637,902,0.4718,205,0
2022,2,8477951,ARI,2022-04-26,3.4808,1373,2.4533,980,0.5583,231,0
2022,2,8477951,ARI,2022-04-23,3.5546,1321,2.9947,1096,0.3194,119,1
2022,2,8477951,ARI,2022-04-22,3.3678,1220,2.9431,1050,NA,NA,1
2022,2,8477951,ARI,2022-04-20,3.5139,1298,2.9944,1117,0.1628,61,1
2022,2,8477951,ARI,2022-04-18,3.1702,1190,2.4798,921,0.6905,269,1
2022,2,8477951,ARI,2022-04-16,2.9549,1126,2.6088,979,0.3461,146,0
2022,2,8477951,ARI,2022-04-14,2.8804,1145,2.2343,854,0.3296,142,0
2022,2,8477951,ARI,2022-04-12,3.1438,1190,2.1992,810,0.5562,222,1
2022,2,8478445,NYI,2022-04-29,3.0755,1107,2.9764,1064,0.0991,43,1
2022,2,8478445,NYI,2022-04-28,2.8667,1087,2.2835,826,0.5832,261,1
2022,2,8478445,NYI,2022-04-26,4.0525,1445,3.7015,1266,0.351,179,0
2022,2,8478445,NYI,2022-04-24,3.5962,1357,3.0262,1112,0.57,245,1
2022,2,8478445,NYI,2022-04-23,3.2772,1109,2.7903,952,0.4007,129,0
2022,2,8478445,NYI,2022-04-21,2.9004,1002,2.8725,981,0.0279,21,1
2022,2,8478445,NYI,2022-04-19,2.66,902,2.4681,832,0.1919,70,1
2022,2,8478445,NYI,2022-04-17,2.8499,1043,2.5491,921,0.3007,122,0
2022,2,8478445,NYI,2022-04-15,2.9244,1039,2.787,963,0.1374,76,0
2022,2,8478445,NYI,2022-04-14,3.4578,1323,2.7036,996,0.7542,327,0
2022,2,8475158,STL,2022-04-29,2.6493,1004,2.1746,812,0.2814,103,1
2022,2,8475158,STL,2022-04-26,3.0052,1187,2.3563,917,0.4166,169,0
2022,2,8475158,STL,2022-04-24,2.6061,979,2.4554,899,0.0977,47,0
2022,2,8475158,STL,2022-04-23,3.0268,1094,2.2632,838,0.5953,201,0
2022,2,8475158,STL,2022-04-21,2.8819,1096,2.0957,781,0.7255,292,0
2022,2,8475158,STL,2022-04-19,2.563,954,2.1268,770,0.2822,109,1
2022,2,8475158,STL,2022-04-17,2.6293,929,2.4667,875,0.0121,6,0
2022,2,8475158,STL,2022-04-16,2.6575,1005,2.0629,761,0.336,153,1
2022,2,8475158,STL,2022-04-14,2.6594,1006,2.1547,797,0.3455,135,0
2022,2,8475158,STL,2022-04-12,3.2119,1191,2.6017,895,0.4659,226,0
2022,2,8475170,STL,2022-04-21,2.9838,1107,2.0218,738,0.8561,319,0
2022,2,8475170,STL,2022-04-19,3.4865,1261,3.0648,1100,0.2497,101,1
2022,2,8475170,STL,2022-04-17,2.7367,967,2.5373,884,0.0091,6,0
2022,2,8475170,STL,2022-04-16,2.7712,1014,2.183,773,0.3977,157,1
2022,2,8475170,STL,2022-04-14,3.0011,1128,2.4982,916,0.3285,137,0
2022,2,8475170,STL,2022-04-12,2.8564,1122,2.3043,856,0.4415,219,0
2022,2,8475170,STL,2022-04-09,3.3432,1223,2.6988,949,0.5896,250,1
2022,2,8475170,STL,2022-04-08,2.9858,1116,2.5807,942,0.1781,73,1
2022,2,8475170,STL,2022-04-06,3.1742,1155,2.2418,788,0.9138,358,1
2022,2,8475170,STL,2022-04-04,2.7977,977,2.4712,841,0.207,88,1
2022,2,8475810,PIT,2022-04-29,2.9962,1134,2.0492,772,0.5079,193,1
2022,2,8475810,PIT,2022-04-26,3.3671,1382,2.5509,993,0.6642,315,1
2022,2,8475810,PIT,2022-04-24,2.7713,1144,1.9946,778,0.4219,203,0
2022,2,8475810,PIT,2022-04-23,2.4692,952,2.2009,845,0.065,38,0
2022,2,8475810,PIT,2022-04-21,2.4465,970,2.0284,769,0.1801,120,1
2022,2,8475810,PIT,2022-04-16,2.9916,1303,2.2214,984,0.5742,252,0
2022,2,8475810,PIT,2022-04-14,2.9803,1134,2.2269,802,0.3154,170,1
2022,2,8475810,PIT,2022-04-12,0.1803,64,0.1778,64,0.0025,0,0
2022,2,8475810,PIT,2022-04-10,3.083,1193,2.2053,856,0.2921,105,1
2022,2,8475810,PIT,2022-04-09,3.1829,1249,2.212,825,0.6427,315,1
2022,2,8477407,FLA,2022-04-29,2.017,725,1.6936,576,0.2323,104,0
2022,2,8477407,FLA,2022-04-28,2.0349,792,1.5837,574,0.4511,218,0
2022,2,8477407,FLA,2022-04-26,2.1292,875,1.9822,791,0.147,84,0
2022,2,8477407,FLA,2022-04-24,2.1772,922,1.6074,589,0.5698,333,1
2022,2,8477407,FLA,2022-04-23,2.1116,765,1.9929,696,0.1187,69,1
2022,2,8477407,FLA,2022-04-21,1.9237,896,1.4226,540,0.5011,356,1
2022,2,8477407,FLA,2022-04-19,2.2595,946,1.7276,631,0.5319,315,0
2022,2,8477407,FLA,2022-04-17,2.1962,863,1.8714,700,0.3248,163,0
2022,2,8477407,FLA,2022-04-15,2.0931,787,1.9584,723,0.1348,64,1
2022,2,8477407,FLA,2022-04-12,2.6342,1109,2.1283,810,0.5059,299,1
2022,2,8478010,TBL,2022-04-28,3.362,1217,2.2129,784,1.1491,433,0
2022,2,8478010,TBL,2022-04-26,2.8122,1041,2.5004,916,0.308,122,1
2022,2,8478010,TBL,2022-04-24,3.363,1295,2.6443,864,0.7181,430,0
2022,2,8478010,TBL,2022-04-23,3.1541,1114,2.8897,991,0.2644,123,1
2022,2,8478010,TBL,2022-04-19,2.9522,1114,2.5956,984,0.3565,130,1
2022,2,8478010,TBL,2022-04-16,3.102,1144,2.8496,1035,0.2524,109,1
2022,2,8478010,TBL,2022-04-14,3.3699,1240,2.9322,1023,0.4378,217,1
2022,2,8478010,TBL,2022-04-12,2.9995,1083,2.3172,804,0.6823,279,0
2022,2,8478010,TBL,2022-04-10,2.4034,950,2.2152,828,0.1883,122,1
2022,2,8478010,TBL,2022-04-08,3.3075,1230,2.5813,939,0.7262,291,1
2022,2,8482116,OTT,2022-04-29,3.4332,1249,2.5523,899,0.8809,350,0
2022,2,8482116,OTT,2022-04-28,3.2989,1151,2.6822,901,0.5903,232,1
2022,2,8482116,OTT,2022-04-26,3.5927,1285,2.9428,1034,0.5318,207,1
2022,2,8482116,OTT,2022-04-23,3.1656,1176,1.8672,690,1.2167,453,1
2022,2,8482116,OTT,2022-04-22,3.5128,1278,3.0356,1094,0.3797,150,0
2022,2,8482116,OTT,2022-04-19,3.051,1086,2.7122,968,0.3387,118,0
2022,2,8482116,OTT,2022-04-18,3.477,1249,2.5338,933,0.4356,140,0
2022,2,8482116,OTT,2022-04-16,3.9159,1304,3.5961,1194,0.277,90,1
2022,2,8482116,OTT,2022-04-14,3.1288,1115,2.0238,709,1.1027,406,0
2022,2,8482116,OTT,2022-04-12,3.0882,1137,2.7877,1048,0.3005,89,0
2022,2,8474102,STL,2022-04-29,2.5657,978,2.2665,873,0.2992,105,1
2022,2,8474102,STL,2022-04-24,2.4637,899,2.369,850,0.0947,49,0
2022,2,8474102,STL,2022-04-23,2.5255,966,2.0552,793,0.4703,173,0
2022,2,8474102,STL,2022-04-21,3.0999,1151,2.1667,826,0.9332,325,0
2022,2,8474102,STL,2022-04-19,2.6549,948,2.3407,827,0.3142,121,1
2022,2,8474102,STL,2022-04-17,2.2387,857,2.2331,851,0.0056,6,0
2022,2,8474102,STL,2022-04-16,3.0751,1123,2.5672,903,0.5078,220,1
2022,2,8474102,STL,2022-04-14,2.9093,1089,2.5091,921,0.4002,168,0
2022,2,8474102,STL,2022-04-12,2.7338,1048,2.225,816,0.5088,232,0
2022,2,8474102,STL,2022-04-09,2.5357,905,1.8669,655,0.6687,250,1
2022,2,8477416,CBJ,2022-04-29,2.8224,1073,2.0849,766,0.6382,275,0
2022,2,8477416,CBJ,2022-04-28,2.718,1001,2.1438,783,0.5734,217,1
2022,2,8477416,CBJ,2022-04-26,3.0891,1175,2.6129,974,0.4762,201,0
2022,2,8477416,CBJ,2022-04-24,2.88,1119,1.9041,721,0.9557,390,1
2022,2,8477416,CBJ,2022-04-22,3.1161,1118,2.7985,996,0.3176,122,1
2022,2,8477416,CBJ,2022-04-19,3.2815,1229,2.6738,987,0.6077,242,0
2022,2,8477416,CBJ,2022-04-17,2.6931,983,2.2939,806,0.3992,177,0
2022,2,8477416,CBJ,2022-04-16,2.8748,1032,2.259,802,0.6159,230,0
2022,2,8477416,CBJ,2022-04-13,2.0409,761,1.5518,548,0.4892,213,1
2022,2,8477416,CBJ,2022-04-09,3.6601,1339,2.7393,970,0.9208,369,0
2022,2,8477932,FLA,2022-03-18,0.0641,56,0.0641,56,NA,NA,0
2022,2,8477932,FLA,2022-03-17,3.8165,1609,3.3367,1395,0.0756,36,0
2022,2,8477932,FLA,2022-03-15,3.4693,1452,2.6066,1016,0.3171,166,0
2022,2,8477932,FLA,2022-03-13,3.7201,1666,3.0363,1322,0.3417,154,0
2022,2,8477932,FLA,2022-03-10,3.3029,1519,2.5653,1155,0.3552,127,1
2022,2,8477932,FLA,2022-03-08,3.5834,1647,2.8963,1307,0.2415,121,0
2022,2,8477932,FLA,2022-03-07,3.0567,1351,2.0232,859,0.3609,174,0
2022,2,8477932,FLA,2022-03-05,3.0597,1358,2.4264,1036,0.3145,167,1
2022,2,8477932,FLA,2022-03-03,3.3413,1470,1.5052,646,1.5135,641,1
2022,2,8477932,FLA,2022-02-26,3.7773,1703,2.9916,1309,0.5756,293,1
2022,2,8478038,COL,2022-04-28,4.0377,1677,3.3085,1318,0.4111,171,1
2022,2,8478038,COL,2022-04-26,3.279,1447,2.8275,1202,0.2524,130,1
2022,2,8478038,COL,2022-04-16,3.0863,1313,2.4652,1025,0.4498,184,1
2022,2,8478038,COL,2022-04-14,3.3999,1462,2.9635,1265,0.1788,68,1
2022,2,8478038,COL,2022-04-13,2.6221,1152,2.4229,1059,0.0113,1,1
2022,2,8478038,COL,2022-04-09,3.4496000000000002,1535,3.1518,1379,0.1251,52,0
2022,2,8478038,COL,2022-04-08,3.065,1372,2.6755,1167,0.0738,48,0
2022,2,8478038,COL,2022-04-05,3.3715,1467,3.0555,1292,0.2124,91,0
2022,2,8478038,COL,2022-04-02,3.9489,1711,3.8102,1635,0.1387,0,1
2022,2,8478038,COL,2022-03-31,3.8464,1656,3.3887,1449,0.3226,140,1
2022,2,8482078,DET,2022-04-29,3.0703,1088,2.6843,954,0.386,134,0
2022,2,8482078,DET,2022-04-26,3.1981,1205,2.5336,943,0.6645,262,0
2022,2,8482078,DET,2022-04-24,2.9059,1120,2.507,957,0.3928,160,0
2022,2,8482078,DET,2022-04-23,2.8473,1072,2.5442,968,0.3031,104,1
2022,2,8482078,DET,2022-04-21,2.8349,1068,2.4306,904,0.3159,125,0
2022,2,8482078,DET,2022-04-19,2.571,982,2.2405,860,0.3305,122,0
2022,2,8482078,DET,2022-04-17,2.5656,973,2.0847,781,0.481,192,1
2022,2,8482078,DET,2022-04-16,2.413,892,2.2412,830,0.1718,62,0
2022,2,8482078,DET,2022-04-14,2.9056,1027,2.729,965,0.1765,62,0
2022,2,8482078,DET,2022-04-12,2.9399,1141,2.4613,962,0.4781,179,1
2022,2,8474053,SJS,2022-04-29,2.8847,1133,2.5137,909,0.2616,168,0
2022,2,8474053,SJS,2022-04-28,2.8654,1038,2.1745,747,0.1203,40,0
2022,2,8474053,SJS,2022-04-26,3.3558,1122,2.6274,877,0.5445,183,1
2022,2,8474053,SJS,2022-04-24,3.4983,1183,2.9896,976,0.1566,61,0
2022,2,8474053,SJS,2022-04-23,2.8338,1003,2.2214,759,0.3834,124,1
2022,2,8474053,SJS,2022-04-21,2.912,1013,1.8394,622,0.1532,59,1
2022,2,8474053,SJS,2022-04-19,2.9936,1063,2.2866,797,0.3223,99,1
2022,2,8474053,SJS,2022-04-17,3.5127,1172,2.8285,940,0.1678,52,0
2022,2,8474053,SJS,2022-04-16,3.0297,1111,2.4417,892,0.3648,136,0
2022,2,8474053,SJS,2022-04-14,3.9546,1404,3.5362,1243,0.1736,67,0
2022,2,8479325,BOS,2022-04-28,2.9072,1222,1.8688,726,0.7299,306,1
2022,2,8479325,BOS,2022-04-26,4.0017,1577,3.2649,1275,0.598,251,1
2022,2,8479325,BOS,2022-04-24,3.2297,1356,2.8386,1175,0.1763,67,0
2022,2,8479325,BOS,2022-04-23,3.4865,1445,2.5424,1046,0.5561,224,1
2022,2,8479325,BOS,2022-04-21,3.7682,1480,3.2316,1211,0.3824,149,0
2022,2,8479325,BOS,2022-04-19,3.8652,1503,3.239,1240,0.2639,123,0
2022,2,8479325,BOS,2022-04-16,3.6831,1487,3.0371,1232,0.3159,95,1
2022,2,8479325,BOS,2022-04-14,3.8772,1464,2.5672,943,0.7722,269,1
2022,2,8479325,BOS,2022-04-12,4.1817,1622,3.3813,1292,0.4923,195,1
2022,2,8479325,BOS,2022-04-10,4.4941,1698,3.3713,1226,0.9064,362,0
2022,2,8479339,CBJ,2022-04-16,3.0242,1192,2.6193,963,0.4046,229,0
2022,2,8479339,CBJ,2022-04-13,2.8938,1186,2.4765,950,0.4173,236,1
2022,2,8479339,CBJ,2022-04-09,3.9346,1530,2.8112,1007,1.1234,523,0
2022,2,8479339,CBJ,2022-04-07,2.876,1047,2.5302,910,0.3458,137,1
2022,2,8479339,CBJ,2022-04-05,2.4543,862,2.2378,762,0.2113,96,0
2022,2,8479339,CBJ,2022-04-04,3.7765,1421,2.8072,985,0.9693,436,1
2022,2,8479339,CBJ,2022-04-02,2.8304,1123,2.7409,1110,0.0895,13,0
2022,2,8479339,CBJ,2022-03-31,2.9899,1251,2.4083,1016,0.5816,235,0
2022,2,8479339,CBJ,2022-03-29,3.4556,1383,2.9527,1106,0.5029,277,1
2022,2,8479339,CBJ,2022-03-26,3.1899,1205,2.8677,1060,0.3218,145,0
2022,2,8481559,NJD,2022-04-03,1.8101,614,1.5703,508,0.2398,106,1
2022,2,8481559,NJD,2022-04-02,3.7226,1282,3.2605,1132,0.4621,150,1
2022,2,8481559,NJD,2022-03-31,3.4019,1060,2.7867,856,0.6151,204,0
2022,2,8481559,NJD,2022-03-27,4.5451,1490,4.0383,1272,0.4848,209,1
2022,2,8481559,NJD,2022-03-26,3.9405,1413,3.4066,1212,0.5111,190,0
2022,2,8481559,NJD,2022-03-23,3.9693,1325,3.0844,1045,0.843,257,0
2022,2,8481559,NJD,2022-03-22,3.6873,1215,2.9314,957,0.756,258,1
2022,2,8481559,NJD,2022-03-19,3.7755,1253,3.1081,1013,0.6675,240,0
2022,2,8481559,NJD,2022-03-16,3.8218,1217,2.9462,933,0.8756,284,0
2022,2,8481559,NJD,2022-03-15,3.7541,1246,3.1637,1061,0.5905,185,0
2022,2,8477409,FLA,2022-04-29,3.0494,1041,2.7832,939,0.2662,102,0
2022,2,8477409,FLA,2022-04-28,2.9228,961,2.5788,842,0.3391,116,0
2022,2,8477409,FLA,2022-04-26,3.052,1102,2.9171,1062,0.1349,40,0
2022,2,8477409,FLA,2022-04-19,2.6902,894,2.3394,758,0.3508,136,0
2022,2,8477409,FLA,2022-04-17,2.4685,852,2.3976,822,0.044,19,0
2022,2,8477409,FLA,2022-04-15,2.2745,806,2.1092,749,0.1652,56,1
2022,2,8477409,FLA,2022-04-12,2.5598,922,2.486,878,0.0738,44,1
2022,2,8477409,FLA,2022-04-09,2.3598,848,2.1967,778,0.1497,66,0
2022,2,8477409,FLA,2022-04-08,2.3422,817,2.3422,817,NA,NA,1
2022,2,8477409,FLA,2022-04-05,3.3291,1148,3.2679,1132,0.0022,1,1
2022,2,8477940,WPG,2022-05-01,2.5916,914,2.4297,834,0.1619,80,1
2022,2,8477940,WPG,2022-04-29,2.8327,1007,2.2653,788,0.5674,219,1
2022,2,8477940,WPG,2022-04-27,2.7428,972,2.2257,749,0.5171,223,1
2022,2,8477940,WPG,2022-04-24,2.6147,1016,2.2916,831,0.3231,185,1
2022,2,8477940,WPG,2022-04-21,3.2179,1183,2.9373,1079,0.2806,104,0
2022,2,8477940,WPG,2022-04-19,3.3148,1222,3.1878,1170,0.127,52,0
2022,2,8477940,WPG,2022-04-16,3.1405,1114,3.0057,1062,0.1348,52,0
2022,2,8477940,WPG,2022-04-15,2.4297,851,1.6065,552,0.8232,299,0
2022,2,8477940,WPG,2022-04-11,2.86,1037,2.6855,955,0.1745,82,0
2022,2,8477940,WPG,2022-04-10,3.1162,1137,2.5158,907,0.6004,230,0
2022,2,8478233,CGY,2022-04-29,2.5052,888,2.0997,735,0.1018,49,0
2022,2,8478233,CGY,2022-04-28,2.4135,876,1.8676,656,0.4151,168,0
2022,2,8478233,CGY,2022-04-26,2.2171,829,1.1851,404,0.5884,292,0
2022,2,8478233,CGY,2022-04-23,2.4691,896,2.1841,782,0.2066,79,1
2022,2,8478233,CGY,2022-04-21,2.7556,954,1.9439,640,0.4672,216,1
2022,2,8478233,CGY,2022-04-19,2.5657,925,2.0592,726,0.2522,104,0
2022,2,8478233,CGY,2022-04-18,2.3989,922,1.9584,707,0.3783,191,0
2022,2,8478233,CGY,2022-04-16,2.6332,968,2.1383,744,0.338,177,1
2022,2,8478233,CGY,2022-04-14,2.907,1011,2.1157,711,0.4746,202,1
2022,2,8478233,CGY,2022-04-12,2.6521,993,2.3566,859,0.2954,134,1
2022,2,8480064,OTT,2022-04-29,2.8231,1144,2.096,772,0.6736,345,0
2022,2,8480064,OTT,2022-04-28,2.7123,1049,2.0866,761,0.4763,236,1
2022,2,8480064,OTT,2022-04-26,3.4808,1274,2.9132,1011,0.4095,205,1
2022,2,8480064,OTT,2022-04-23,2.8317,1075,1.759,622,0.939,407,1
2022,2,8480064,OTT,2022-04-22,3.3399,1213,3.0006,1035,0.2943,155,0
2022,2,8480064,OTT,2022-04-19,3.1335,1078,2.6856,917,0.3154,116,0
2022,2,8480064,OTT,2022-04-18,2.8924,1097,2.2397,788,0.2883,129,0
2022,2,8480064,OTT,2022-04-16,3.5213,1314,3.1401,1165,0.2233,90,1
2022,2,8480064,OTT,2022-04-14,2.8311,1199,1.7163,642,0.7961,403,0
2022,2,8480064,OTT,2022-04-12,2.9042,1039,2.5253,880,0.2,86,0
2022,2,8470613,SJS,2022-04-29,3.1796,1422,2.7584,1189,0.2871,168,0
2022,2,8470613,SJS,2022-04-28,3.4719,1664,2.8544,1312,0.1193,43,0
2022,2,8470613,SJS,2022-04-26,3.6844,1488,2.9296,1167,0.5574,216,1
2022,2,8470613,SJS,2022-04-24,3.9645,1703,3.4271,1468,0.1862,66,0
2022,2,8470613,SJS,2022-04-23,3.5795,1511,2.9539,1272,0.4799,162,1
2022,2,8470613,SJS,2022-04-21,3.4664,1442,2.6478,1055,0.1259,59,1
2022,2,8470613,SJS,2022-04-19,3.569,1660,2.9061,1356,0.255,95,1
2022,2,8470613,SJS,2022-04-17,3.8585,1708,2.6991,1210,0.4814,186,0
2022,2,8470613,SJS,2022-04-16,3.6569,1538,3.2313,1357,0.3208,122,0
2022,2,8470613,SJS,2022-04-14,3.8957,1682,3.5092,1475,0.1801,66,0
2022,2,8475786,EDM,2022-04-29,2.5863,935,2.5596,923,NA,NA,1
2022,2,8475786,EDM,2022-04-28,2.3993,1052,2.0255,825,0.3738,227,1
2022,2,8475786,EDM,2022-04-26,2.6039,1021,1.9475,715,0.1415,98,0
2022,2,8475786,EDM,2022-04-24,3.1501,1343,2.1966,877,0.4492,262,0
2022,2,8475786,EDM,2022-04-22,2.9144,1190,2.2533,870,0.2696,137,1
2022,2,8475786,EDM,2022-04-20,3.4274,1311,3.2814,1249,0.066,35,1
2022,2,8475786,EDM,2022-04-16,3.1451,1292,2.8709,1137,0.1215,102,1
2022,2,8475786,EDM,2022-04-14,2.7944,1053,2.2742,827,0.1137,63,0
2022,2,8475786,EDM,2022-04-12,2.3633,1031,1.8168,726,0.2193,169,0
2022,2,8475786,EDM,2022-04-09,2.8518,1193,2.4431,981,0.1509,92,1
2022,2,8476458,NYR,2022-04-29,3.0548,1132,2.5253,910,0.3451,136,1
2022,2,8476458,NYR,2022-04-27,3.0853,1040,2.6172,872,0.3193,117,1
2022,2,8476458,NYR,2022-04-26,3.2166,1188,2.5024,903,0.599,250,1
2022,2,8476458,NYR,2022-04-23,3.4063,1253,2.6375,973,0.6051,212,0
2022,2,8476458,NYR,2022-04-21,2.5756,844,2.545,823,0.0306,21,0
2022,2,8476458,NYR,2022-04-19,3.1507,1182,2.7313,1015,0.4194,167,1
2022,2,8476458,NYR,2022-04-16,2.8566,1028,2.3193,796,0.5374,232,1
2022,2,8476458,NYR,2022-04-13,3.2575,1230,2.9372,1016,0.3204,214,0
2022,2,8476458,NYR,2022-04-12,3.3411,1200,2.6016,889,0.6403,268,1
2022,2,8476458,NYR,2022-04-09,2.7189,980,2.4067,852,0.1929,87,1
2022,2,8477960,LAK,2022-04-28,3.2955,1241,2.5932,950,0.702,291,0
2022,2,8477960,LAK,2022-04-23,2.855,1168,2.2038,802,0.5492,296,1
2022,2,8477960,LAK,2022-04-21,3.2078,1120,2.458,826,0.5154,206,1
2022,2,8477960,LAK,2022-04-19,2.6668,1060,1.9991,737,0.216,120,0
2022,2,8477960,LAK,2022-04-16,3.3096,1309,2.53,976,0.4647,199,1
2022,2,8477960,LAK,2022-04-13,2.7675,1022,2.1733,795,0.4826,170,0
2022,2,8477960,LAK,2022-04-12,2.6464,1025,2.081,779,0.1528,65,0
2022,2,8477960,LAK,2022-04-10,2.8345,1044,2.1643,751,0.4271,186,0
2022,2,8477960,LAK,2022-04-07,3.5355,1349,2.9197,1111,0.4794,185,1
2022,2,8477960,LAK,2022-04-04,3.2345,1276,2.135,785,1.0606,473,1
2022,2,8474679,CBJ,2022-04-29,2.94,1336,2.0108,847,0.4228,296,0
2022,2,8474679,CBJ,2022-04-28,2.8945,1241,1.9382,766,0.3438,207,1
2022,2,8474679,CBJ,2022-04-26,2.6489,1172,2.0892,891,0.3351,197,0
2022,2,8474679,CBJ,2022-04-24,2.9234,1263,2.0436,836,0.6452,343,1
2022,2,8474679,CBJ,2022-04-22,3.272,1281,2.9166,1138,0.2848,115,1
2022,2,8474679,CBJ,2022-04-19,2.823,1169,2.3471,908,0.3478,200,0
2022,2,8474679,CBJ,2022-04-17,2.5599,1043,2.2688,875,0.1976,130,0
2022,2,8474679,CBJ,2022-04-16,2.7894,1103,2.1488,809,0.4503,205,0
2022,2,8474679,CBJ,2022-04-13,3.1178,1293,2.3683,930,0.3812,201,1
2022,2,8474679,CBJ,2022-04-09,3.562,1444,2.7472,1019,0.6119,333,0
2022,2,8481068,NJD,2022-04-29,2.3005,799,2.0218,711,NA,NA,1
2022,2,8481068,NJD,2022-04-28,2.2011,808,1.976,721,NA,NA,0
2022,2,8481068,NJD,2022-04-26,3.1627,1114,2.7232,961,0.3338,104,0
2022,2,8481068,NJD,2022-04-24,3.5941,1300,3.0213,1071,0.2878,116,1
2022,2,8481068,NJD,2022-04-23,3.7164,1344,3.0938,1120,0.2824,112,1
2022,2,8481068,NJD,2022-04-21,2.8227,994,2.7037,958,0.1191,36,1
2022,2,8481068,NJD,2022-04-18,2.6924,975,2.5639,928,NA,NA,0
2022,2,8481068,NJD,2022-04-16,3.2157,1104,2.9309,994,0.113,44,0
2022,2,8481068,NJD,2022-04-14,3.2142,1145,2.775,1001,0.2574,82,0
2022,2,8481068,NJD,2022-04-12,3.221,1174,2.1796,790,0.4267,164,0
2022,2,8470604,PIT,2022-04-29,2.8443,989,2.2719,773,0.4243,163,1
2022,2,8470604,PIT,2022-04-26,2.8449,1068,2.1526,742,0.3943,169,1
2022,2,8470604,PIT,2022-04-24,2.6913,972,2.26,779,0.1051,37,0
2022,2,8470604,PIT,2022-04-23,2.4938,917,2.3522,865,NA,NA,0
2022,2,8470604,PIT,2022-04-21,2.2026,814,2.2026,814,NA,NA,1
2022,2,8470604,PIT,2022-04-16,2.5385,989,2.2856,862,0.2009,108,0
2022,2,8470604,PIT,2022-04-14,2.9008,1002,2.5056,836,0.1511,72,1
2022,2,8470604,PIT,2022-04-12,3.5313,1319,3.1244,1125,0.2115,96,0
2022,2,8470604,PIT,2022-04-10,2.5448,906,2.0498,700,0.0503,16,1
2022,2,8470604,PIT,2022-04-09,2.7475,1030,1.9747,717,0.2456,107,1
2022,2,8471669,WPG,2022-05-01,2.8965,1009,2.7309,930,0.1656,79,1
2022,2,8471669,WPG,2022-04-29,3.0499,1167,2.5491,937,0.3927,182,1
2022,2,8471669,WPG,2022-04-27,2.8026,1060,2.3786,851,0.3115,158,1
2022,2,8471669,WPG,2022-04-24,2.885,1179,2.44,916,0.2964,185,1
2022,2,8471669,WPG,2022-04-21,3.4517,1365,3.1286,1226,0.2479,105,0
2022,2,8471669,WPG,2022-04-19,3.2998,1311,2.9971,1183,0.1277,52,0
2022,2,8471669,WPG,2022-04-16,3.5257,1305,3.2004,1162,0.1192,53,0
2022,2,8471669,WPG,2022-04-15,2.3726,910,1.5524,563,0.6863,297,0
2022,2,8471669,WPG,2022-04-11,3.0591,1123,2.9006,1046,0.1585,77,0
2022,2,8471669,WPG,2022-04-10,3.0179,1185,2.4852,936,0.4999,228,0
2022,2,8473449,BUF,2022-04-23,2.6827,1028,1.9613,684,0.5556,290,1
2022,2,8473449,BUF,2022-04-21,2.6416,960,2.4681,881,0.1201,63,0
2022,2,8473449,BUF,2022-04-17,2.0154,808,1.664,632,0.1781,113,0
2022,2,8473449,BUF,2022-04-16,2.5536,994,1.6946,615,0.2136,113,1
2022,2,8473449,BUF,2022-04-14,2.22,822,1.9192,687,0.1859,77,1
2022,2,8473449,BUF,2022-04-12,2.7426,1056,2.0732,759,0.4013,171,0
2022,2,8473449,BUF,2022-04-10,2.3295,964,1.95,788,0.2341,103,0
2022,2,8473449,BUF,2022-04-08,2.8166,1049,1.9877,696,0.5376,228,0
2022,2,8473449,BUF,2022-04-07,2.425,904,1.9185,702,0.3166,131,0
2022,2,8473449,BUF,2022-04-05,2.3989,937,2.0219,777,0.1951,85,1
2022,2,8478458,CBJ,2022-04-29,3.1677,1355,2.0674,885,0.6121,287,0
2022,2,8478458,CBJ,2022-04-28,3.1973,1277,2.3834,912,0.4429,199,1
2022,2,8478458,CBJ,2022-04-26,3.3485,1210,2.6469,937,0.4345,192,0
2022,2,8478458,CBJ,2022-04-24,2.9374,1126,2.3172,894,0.2849,117,1
2022,2,8478458,CBJ,2022-04-22,3.0502,1209,2.6296,1066,0.2594,100,1
2022,2,8478458,CBJ,2022-04-19,2.8955,1152,2.5382,993,0.2686,123,0
2022,2,8478458,CBJ,2022-04-17,2.6456,1043,2.3479,901,0.241,118,0
2022,2,8478458,CBJ,2022-04-16,2.9804,1097,2.7043,993,0.0672,33,0
2022,2,8478458,CBJ,2022-04-13,3.3138,1287,2.7885,1048,0.1213,95,1
2022,2,8478458,CBJ,2022-04-09,3.8298,1485,2.9471,1102,0.6409,291,0
2022,2,8474565,VGK,2022-04-29,2.8318,1147,2.3685,938,0.2936,131,0
2022,2,8474565,VGK,2022-04-27,3.3309,1378,2.8937,1182,0.1727,58,0
2022,2,8474565,VGK,2022-04-26,4.0109,1564,3.7648,1456,0.0986,49,0
2022,2,8474565,VGK,2022-04-24,3.6213,1411,2.9644,1146,0.4941,192,1
2022,2,8474565,VGK,2022-04-20,3.9394,1590,3.5317,1395,0.1892,81,1
2022,2,8474565,VGK,2022-04-18,3.3655,1428,3.0149,1268,0.1874,82,1
2022,2,8474565,VGK,2022-04-16,3.5671,1448,2.7805,1086,0.6182,260,0
2022,2,8474565,VGK,2022-04-14,3.3958,1335,2.287,873,0.7133,266,0
2022,2,8474565,VGK,2022-04-12,3.326,1334,2.7094,1066,0.2276,122,0
2022,2,8474565,VGK,2022-04-09,2.9275,1224,2.3345,941,0.3585,163,1
2022,2,8474573,NYI,2022-04-29,2.1033,909,1.9581,824,0.0386,26,1
2022,2,8474573,NYI,2022-04-28,2.1924,923,1.7347,692,0.0664,30,1
2022,2,8474573,NYI,2022-04-26,2.6394,1148,1.8227,731,0.2816,148,0
2022,2,8474573,NYI,2022-04-24,2.6217,1018,2.066,820,0.4354,145,1
2022,2,8474573,NYI,2022-04-23,2.8511,1258,1.837,791,0.2922,133,0
2022,2,8474573,NYI,2022-04-21,2.4484,1008,2.4141,987,NA,NA,1
2022,2,8474573,NYI,2022-04-19,2.4704,1003,1.9558,797,0.2279,77,1
2022,2,8474573,NYI,2022-04-17,2.4229,1016,2.1028,883,0.2842,107,0
2022,2,8474573,NYI,2022-04-15,2.2686,922,2.0834,818,0.0956,47,0
2022,2,8474573,NYI,2022-04-14,2.7258,1046,2.011,754,0.5284,197,0
2022,2,8474586,SEA,2022-04-29,2.3032,887,2.1572,822,0.146,65,1
2022,2,8474586,SEA,2022-04-27,2.8334,1117,2.0685,823,0.7648,294,1
2022,2,8474586,SEA,2022-04-26,2.7799,1125,1.9539,729,0.826,396,0
2022,2,8474586,SEA,2022-04-23,2.8985,1113,2.714,1044,0.1771,64,0
2022,2,8474586,SEA,2022-04-22,2.6802,986,2.2653,818,0.415,168,0
2022,2,8474586,SEA,2022-04-20,2.51,930,2.3318,860,0.1782,70,1
2022,2,8474586,SEA,2022-04-18,2.8874,1191,1.8851,784,1.0023,407,1
2022,2,8474586,SEA,2022-04-16,3.3108,1147,2.9684,1008,0.3424,139,1
2022,2,8474586,SEA,2022-04-12,3.033,1113,2.7488,1007,0.2807,106,0
2022,2,8474586,SEA,2022-04-09,2.626,1062,1.7708,675,0.8552,387,1
2022,2,8475287,BOS,2022-04-28,2.58,950,1.9749,719,0.5879,223,1
2022,2,8475287,BOS,2022-04-26,2.9532,1064,2.7332,976,0.2201,88,1
2022,2,8475287,BOS,2022-04-24,2.5986,979,2.4046,912,0.1773,63,0
2022,2,8475287,BOS,2022-04-23,2.7681,985,2.6324,928,0.1015,41,1
2022,2,8475287,BOS,2022-04-21,2.8434,1045,2.6402,968,0.2031,77,0
2022,2,8475287,BOS,2022-04-19,2.7551,1025,2.4874,939,0.2264,73,0
2022,2,8475287,BOS,2022-04-16,2.797,1032,2.5441,926,0.2498,106,1
2022,2,8475287,BOS,2022-04-14,3.05,1133,2.3501,833,0.6101,272,1
2022,2,8475287,BOS,2022-04-12,2.4434,830,2.298,777,0.1343,46,1
2022,2,8475287,BOS,2022-04-10,2.8,987,2.5368,900,0.2632,86,0
2022,2,8475745,BOS,2022-04-29,2.9156,1088,2.8103,1034,0.1053,54,0
2022,2,8475745,BOS,2022-04-28,2.9464,1109,2.0097,745,0.5564,184,1
2022,2,8475745,BOS,2022-04-26,2.4764,898,2.0791,741,0.2749,115,1
2022,2,8475745,BOS,2022-04-24,1.7224,958,1.6197,860,NA,NA,0
2022,2,8475745,BOS,2022-04-23,2.6135,1023,2.0386,807,0.3491,129,1
2022,2,8475745,BOS,2022-04-21,2.5936,950,2.3993,876,0.1942,74,0
2022,2,8475745,BOS,2022-04-19,2.9053,1071,2.6454,955,0.0626,39,0
2022,2,8475745,BOS,2022-04-16,2.8708,1063,2.2192,828,0.3218,106,1
2022,2,8475745,BOS,2022-04-14,2.8143,1160,1.6569,665,0.6996,279,1
2022,2,8475745,BOS,2022-04-12,2.6519,949,2.248,790,0.0941,46,1
2022,2,8475799,CAR,2022-04-28,2.7294,982,2.4321,852,0.2973,130,1
2022,2,8475799,CAR,2022-04-26,2.4468,958,2.1723,825,0.2745,133,0
2022,2,8475799,CAR,2022-04-24,2.6505,914,2.6505,914,NA,NA,0
2022,2,8475799,CAR,2022-04-23,2.5358,934,2.2493,805,0.2865,129,0
2022,2,8475799,CAR,2022-04-21,2.551,973,2.1933,806,0.3577,167,1
2022,2,8475799,CAR,2022-04-18,2.0746000000000002,707,2.0244,685,0.0491,20,0
2022,2,8475799,CAR,2022-04-16,1.7958,723,1.6676,669,0.1282,54,0
2022,2,8475799,CAR,2022-04-14,2.4448,978,2.1154,807,0.3294,171,1
2022,2,8475799,CAR,2022-04-12,2.3434,894,2.2571,851,0.0863,43,0
2022,2,8475799,CAR,2022-04-10,2.3438,968,2.0943,833,0.2495,135,1
2022,2,8476432,CBJ,2022-03-11,3.0509,1240,2.1787,837,0.3786,201,1
2022,2,8476432,CBJ,2022-03-10,2.7597,1131,1.7613,660,0.7753,399,0
2022,2,8476432,CBJ,2022-03-07,2.996,1195,2.342,874,0.5725,289,1
2022,2,8476432,CBJ,2022-03-05,3.0453,1264,2.6416,1025,0.268,186,1
2022,2,8476432,CBJ,2022-03-04,3.4453,1288,3.167,1140,0.2258,120,1
2022,2,8476432,CBJ,2022-03-01,3.4835,1404,2.763,1026,0.444,212,1
2022,2,8476432,CBJ,2022-02-27,3.4722,1373,2.9168,1088,0.1402,95,1
2022,2,8476432,CBJ,2022-02-25,2.8848,1192,1.871,680,0.5622,300,0
2022,2,8476432,CBJ,2022-02-24,2.8795,1172,2.2123,848,0.2906,147,0
2022,2,8476432,CBJ,2022-02-22,3.4665,1332,2.9689,1108,0.2435,120,1
2022,2,8477346,FLA,2022-04-26,3.5363,1468,3.1041,1269,0.0246,8,0
2022,2,8477346,FLA,2022-04-24,2.3615,1017,1.7296,691,0.2847,121,1
2022,2,8477346,FLA,2022-04-23,3.9482,1531,3.7617,1434,NA,NA,1
2022,2,8477346,FLA,2022-04-21,2.8169,1126,2.5645,1000,NA,NA,1
2022,2,8477346,FLA,2022-04-19,2.7246,1052,2.592,996,0.0394,15,0
2022,2,8477346,FLA,2022-04-17,3.0793,1177,2.797,1044,NA,NA,0
2022,2,8477346,FLA,2022-04-15,2.8828,1195,2.4867,995,NA,NA,1
2022,2,8477346,FLA,2022-04-12,4.0386,1572,3.8327,1477,NA,NA,1
2022,2,8477346,FLA,2022-04-09,3.3494,1373,2.7527,1079,0.2392,102,0
2022,2,8477346,FLA,2022-04-08,3.3089,1298,2.853,1079,NA,NA,1
2022,2,8477919,MIN,2022-04-29,3.1011,1090,2.0769,725,0.5832,198,1
2022,2,8477919,MIN,2022-04-28,2.4103,822,1.9941,673,0.0883,35,1
2022,2,8477919,MIN,2022-04-26,2.7192,983,1.5955,610,0.7936,258,1
2022,2,8477919,MIN,2022-04-24,3.0384,1114,2.141,754,0.4465,175,0
2022,2,8477919,MIN,2022-04-22,2.5801,889,2.17,735,0.2162,81,1
2022,2,8477919,MIN,2022-04-21,2.8974,1079,2.5884,948,0.2269,96,1
2022,2,8477919,MIN,2022-04-19,2.2822,865,1.9233,720,0.036,10,0
2022,2,8477919,MIN,2022-04-17,2.9243,999,2.3184,775,0.4032,156,1
2022,2,8477919,MIN,2022-04-16,2.6593,977,2.023,724,0.3263,121,0
2022,2,8477919,MIN,2022-04-14,2.7256,962,2.3334,818,NA,NA,0
2022,2,8479542,"CHI,TBL",2022-04-29,2.5565,980,2.5565,980,NA,NA,0
2022,2,8479542,"CHI,TBL",2022-04-28,2.3255,846,1.9469,703,0.0282,9,0
2022,2,8479542,"CHI,TBL",2022-04-26,2.0799,808,1.9789,755,0.0011,2,1
2022,2,8479542,"CHI,TBL",2022-04-24,2.3061,910,1.9108,752,NA,NA,0
2022,2,8479542,"CHI,TBL",2022-04-23,2.6076,970,2.219,829,NA,NA,1
2022,2,8479542,"CHI,TBL",2022-04-21,2.9068,1059,2.2802,795,0.2018,91,1
2022,2,8479542,"CHI,TBL",2022-04-19,2.2488,851,2.0464,774,0.0071,3,1
2022,2,8479542,"CHI,TBL",2022-04-16,1.9698,720,1.8258,671,NA,NA,1
2022,2,8479542,"CHI,TBL",2022-04-14,2.0884,779,2.0884,778,NA,NA,1
2022,2,8479542,"CHI,TBL",2022-04-12,2.1936,800,2.0706,750,NA,NA,0
2022,2,8480208,OTT,2022-04-29,3.6699,1353,2.8001,1011,0.8698,342,0
2022,2,8480208,OTT,2022-04-28,3.4106,1196,2.8406,964,0.57,232,1
2022,2,8480208,OTT,2022-04-26,3.7891,1339,3.3049,1132,0.4842,207,1
2022,2,8480208,OTT,2022-04-23,3.1808,1096,2.0417,698,1.1391,398,1
2022,2,8480208,OTT,2022-04-22,3.4888,1202,3.1326,1046,0.3562,156,0
2022,2,8480208,OTT,2022-04-19,3.7827,1280,3.4316,1172,0.3511,108,0
2022,2,8480208,OTT,2022-04-18,2.9601,1012,2.5119,872,0.4482,140,0
2022,2,8480208,OTT,2022-04-16,3.6044,1237,3.3807,1154,0.2237,83,1
2022,2,8480208,OTT,2022-04-14,2.8499,1034,1.8902,645,0.9597,389,0
2022,2,8480208,OTT,2022-04-12,2.6171,925,2.3592,839,0.2579,86,0
2022,2,8482113,FLA,2022-04-26,1.0949,374,1.0654,366,0.0295,8,0
2022,2,8482113,FLA,2022-04-24,2.6263,941,1.847,562,0.4481,166,1
2022,2,8482113,FLA,2022-04-23,3.1434,1035,2.9121,953,NA,NA,1
2022,2,8482113,FLA,2022-04-21,2.5935,822,2.3899,753,NA,NA,1
2022,2,8482113,FLA,2022-04-19,2.8777,940,2.7457,892,NA,NA,0
2022,2,8482113,FLA,2022-04-17,2.8413,941,2.6477,878,NA,NA,0
2022,2,8482113,FLA,2022-04-15,2.8193,915,2.2456,701,NA,NA,1
2022,2,8482113,FLA,2022-04-12,2.6661,858,2.4879,803,NA,NA,1
2022,2,8482113,FLA,2022-04-09,2.9487,925,2.8242,886,NA,NA,0
2022,2,8482113,FLA,2022-04-08,2.5633,829,2.0427,651,NA,NA,1
2022,2,8474149,VGK,2022-04-29,2.1955,789,2.0812,737,0.1144,52,0
2022,2,8474149,VGK,2022-04-27,2.2728,830,2.1271,768,0.1456,62,0
2022,2,8474149,VGK,2022-04-26,2.5332,865,2.5332,865,NA,NA,0
2022,2,8474149,VGK,2022-04-24,2.4673,835,2.2267,748,0.2406,87,1
2022,2,8474149,VGK,2022-04-20,2.8946,934,2.7399,883,0.1547,51,1
2022,2,8474149,VGK,2022-04-18,2.6438,885,2.4953,836,0.1485,49,1
2022,2,8474149,VGK,2022-04-16,2.558,868,2.235,764,0.3231,104,0
2022,2,8474149,VGK,2022-04-14,2.5715,845,2.0877,687,0.4838,158,0
2022,2,8474149,VGK,2022-04-12,2.9946,1054,2.4264,825,0.3753,229,0
2022,2,8474149,VGK,2022-04-09,3.0787,1074,2.6133,881,0.4654,193,1
2022,2,8476792,STL,2022-04-29,3.0869,1316,2.7941,1197,0.2928,119,1
2022,2,8476792,STL,2022-04-26,2.4,1022,2.059,853,0.3338,163,0
2022,2,8476792,STL,2022-04-19,2.6223,1073,2.3662,975,0.2561,98,1
2022,2,8476792,STL,2022-04-17,2.5675,1063,2.5392,1048,0.0053,6,0
2022,2,8476792,STL,2022-04-16,2.8127,1201,2.3254,986,0.4821,211,1
2022,2,8476792,STL,2022-04-14,2.4028,1035,2.0269,863,0.3464,156,0
2022,2,8476792,STL,2022-04-12,1.9507,844,1.5018,614,0.4488,230,0
2022,2,8476792,STL,2022-03-22,1.6501,672,1.3403,533,0.3099,139,0
2022,2,8476792,STL,2022-03-19,2.9951,1205,2.6678,1069,0.3273,136,0
2022,2,8476792,STL,2022-03-17,3.2427,1337,2.3752,936,0.8175,378,1
2022,2,8477839,WSH,2022-04-29,2.2654,846,2.1537,805,0.1117,41,0
2022,2,8477839,WSH,2022-04-28,2.4811,957,1.9493,737,0.525,215,0
2022,2,8477839,WSH,2022-04-26,2.8863,1112,2.3925,967,0.4425,145,1
2022,2,8477839,WSH,2022-04-24,2.1955,839,2.1503,822,NA,NA,1
2022,2,8477839,WSH,2022-04-22,2.0736,756,2.0736,756,NA,NA,0
2022,2,8477839,WSH,2022-04-20,2.6248,918,2.6248,918,NA,NA,0
2022,2,8477839,WSH,2022-04-18,1.9605,707,1.9605,707,NA,NA,0
2022,2,8477839,WSH,2022-04-16,2.3422,877,2.3248,865,NA,NA,0
2022,2,8477839,WSH,2022-04-14,1.842,701,1.3869,511,0.0417,15,0
2022,2,8477839,WSH,2022-04-12,2.6201,999,2.4901,951,0.0393,13,1
2022,2,8478519,TBL,2022-04-29,2.1568,856,2.1156,830,NA,NA,0
2022,2,8478519,TBL,2022-04-28,2.2313,892,1.7363,688,0.0688,50,0
2022,2,8478519,TBL,2022-04-26,2.4129,914,2.199,819,NA,NA,1
2022,2,8478519,TBL,2022-04-23,2.8082,1080,2.3582,868,0.0066,7,1
2022,2,8478519,TBL,2022-04-21,2.4622,1008,1.9244,746,0.1762,68,1
2022,2,8478519,TBL,2022-04-19,2.3097,894,1.9938,789,0.0257,10,1
2022,2,8478519,TBL,2022-04-16,2.0502,812,1.9821,785,NA,NA,1
2022,2,8478519,TBL,2022-04-14,2.6688,1060,2.4633,941,0.0591,46,1
2022,2,8478519,TBL,2022-04-12,2.7266,1175,2.0025,812,0.5127,256,0
2022,2,8478519,TBL,2022-04-10,2.347,877,2.1953,829,NA,NA,1
2022,2,8478542,PIT,2022-04-29,1.8986,699,1.5582,575,0.2863,105,1
2022,2,8478542,PIT,2022-04-26,1.76,639,1.4486,519,0.2438,92,1
2022,2,8478542,PIT,2022-04-24,2.1682,765,1.9777,704,0.1905,61,0
2022,2,8478542,PIT,2022-04-23,1.7321,639,1.6971,624,NA,NA,0
2022,2,8478542,PIT,2022-04-21,1.5137,623,1.5137,623,NA,NA,1
2022,2,8478542,PIT,2022-04-16,1.4209,545,1.1209,418,0.2463,108,0
2022,2,8478542,PIT,2022-04-14,1.1657,455,0.9067,356,0.2589,99,1
2022,2,8478542,PIT,2022-04-12,0.9309,387,0.7527,310,0.1783,77,0
2022,2,8478542,PIT,2022-04-10,1.7152,634,1.5184,559,0.0369,14,1
2022,2,8478542,PIT,2022-04-09,1.7195,753,1.5755,667,0.1352,46,1
2022,2,8480803,EDM,2022-04-29,3.1448,1375,2.8828,1233,0.162,81,1
2022,2,8480803,EDM,2022-04-28,2.7183,1227,2.3882,1081,0.3301,146,1
2022,2,8480803,EDM,2022-04-26,2.5188,1173,2.1413,976,0.0312,12,0
2022,2,8480803,EDM,2022-04-24,2.6607,1144,2.2875,957,0.1544,58,0
2022,2,8480803,EDM,2022-04-22,2.6163,1164,2.3341,1034,0.2139,101,1
2022,2,8480803,EDM,2022-04-20,2.3734,981,2.2028,900,0.0515,35,1
2022,2,8480803,EDM,2022-04-16,2.5828,1087,2.4791,1039,0.0336,18,1
2022,2,8480803,EDM,2022-04-14,2.6206,1123,2.5021,1062,NA,NA,0
2022,2,8480803,EDM,2022-04-12,2.4606,1167,2.3098,1088,0.0963,48,0
2022,2,8480803,EDM,2022-04-09,2.5104,1036,2.4338,992,0.0766,44,1
2022,2,8481540,MTL,2022-04-29,2.7549,916,2.4286,810,0.3263,106,1
2022,2,8481540,MTL,2022-04-27,2.6082,937,2.402,856,0.2062,81,0
2022,2,8481540,MTL,2022-04-24,3.1321,1200,2.7177,978,0.4144,222,1
2022,2,8481540,MTL,2022-04-23,3.5897,1252,2.8195,966,0.7702,286,0
2022,2,8481540,MTL,2022-04-21,3.0984,1074,2.9661,1013,0.1323,61,1
2022,2,8481540,MTL,2022-04-19,3.0075,1099,2.5009,906,0.5067,193,1
2022,2,8481540,MTL,2022-04-16,2.7165,925,2.4146,824,0.3019,101,1
2022,2,8481540,MTL,2022-04-15,3.1482,1137,2.7357,959,0.4125,178,1
2022,2,8481540,MTL,2022-04-13,3.4243,1213,2.879,1022,0.5453,191,0
2022,2,8481540,MTL,2022-04-11,3.2374,1092,2.9698,972,0.2676,120,1
2022,2,8471215,PIT,2022-04-29,2.6484,910,2.037,698,0.6113,212,1
2022,2,8471215,PIT,2022-04-26,3.4439,1218,2.7392,897,0.7047,321,1
2022,2,8471215,PIT,2022-04-24,2.6716,1023,2.2891,823,0.3825,200,0
2022,2,8471215,PIT,2022-04-23,2.7418,982,2.6739,944,0.0678,38,0
2022,2,8471215,PIT,2022-04-10,3.2302,1062,2.9284,958,0.3018,104,1
2022,2,8471215,PIT,2022-04-09,3.1695,1154,2.4534,836,0.7161,318,1
2022,2,8471215,PIT,2022-04-07,3.4701,1212,2.9148,985,0.5543,225,0
2022,2,8471215,PIT,2022-04-05,3.1265,1135,2.9578,1045,0.1687,90,1
2022,2,8471215,PIT,2022-04-02,3.3727,1161,3.2104,1096,NA,NA,0
2022,2,8471215,PIT,2022-03-31,3.5564,1292,2.786,977,0.7704,315,0
2022,2,8474641,ANA,2022-04-29,2.9368,1158,2.7695,1060,0.1619,94,0
2022,2,8474641,ANA,2022-04-26,2.8906,1106,2.7136,1041,0.177,65,0
2022,2,8474641,ANA,2022-04-24,3.1059,1188,3.0413,1167,0.0647,21,1
2022,2,8474641,ANA,2022-04-23,2.9466,1136,2.8208,1072,0.1101,57,0
2022,2,8474641,ANA,2022-04-19,3.1195,1187,2.589,999,0.5305,188,1
2022,2,8474641,ANA,2022-04-17,3.0303,1222,2.8863,1170,0.1426,51,1
2022,2,8474641,ANA,2022-04-14,2.8883,1123,2.6677,1030,0.1818,71,0
2022,2,8474641,ANA,2022-04-12,3.1372,1200,2.8218,1088,0.3097,109,0
2022,2,8474641,ANA,2022-04-10,2.5421,1002,2.0861,825,0.4558,177,0
2022,2,8474641,ANA,2022-04-09,2.6456,1023,2.2834,872,0.3558,147,0
2022,2,8475220,MIN,2022-04-29,0.2274,88,0.2274,88,NA,NA,1
2022,2,8475220,MIN,2022-04-28,2.8328,1035,2.3409,852,0.0543,35,1
2022,2,8475220,MIN,2022-04-26,2.6102,986,1.572,586,0.7197,299,1
2022,2,8475220,MIN,2022-04-17,2.8159,978,2.1589,732,0.4384,162,1
2022,2,8475220,MIN,2022-04-16,2.5446,959,1.9768,720,0.3459,145,0
2022,2,8475220,MIN,2022-04-14,2.0743,764,1.617,630,NA,NA,0
2022,2,8475220,MIN,2022-04-12,2.4754,1029,1.9208,755,0.319,169,1
2022,2,8475220,MIN,2022-04-10,2.7011,1066,2.2489,875,0.2698,121,1
2022,2,8475220,MIN,2022-04-08,2.4773,956,2.139,795,0.2736,128,0
2022,2,8475220,MIN,2022-04-05,2.5404,1029,1.9633,742,0.43120000000000003,221,0
2022,2,8475764,ANA,2022-04-24,3.5569,1480,3.3328,1348,0.051,23,1
2022,2,8475764,ANA,2022-04-23,3.8069,1631,3.0461,1197,0.1283,66,0
2022,2,8475764,ANA,2022-04-19,3.8971,1495,3.1595,1226,0.7376,269,1
2022,2,8475764,ANA,2022-04-17,3.5376,1457,3.1079,1245,0.1823,62,1
2022,2,8475764,ANA,2022-04-14,3.7834,1575,3.2829,1313,0.1853,71,0
2022,2,8475764,ANA,2022-04-12,4.0503,1653,3.2567,1246,0.4097,139,0
2022,2,8475764,ANA,2022-04-10,3.7812,1444,2.9088,1063,0.4941,179,0
2022,2,8475764,ANA,2022-04-09,3.6517,1507,2.9974,1221,0.394,142,0
2022,2,8475764,ANA,2022-04-06,4.1052,1682,3.5564,1430,0.3647,162,1
2022,2,8475764,ANA,2022-04-03,3.3312,1386,2.9736,1201,0.1969,88,1
2022,2,8476958,CAR,2022-04-26,3.307,1582,2.6019,1256,0.3266,119,0
2022,2,8476958,CAR,2022-04-24,3.1145,1405,2.7009,1206,NA,NA,0
2022,2,8476958,CAR,2022-04-23,3.781,1632,3.2581,1411,0.1637,71,0
2022,2,8476958,CAR,2022-04-21,3.0732,1303,2.4358,1049,0.3726,149,1
2022,2,8476958,CAR,2022-04-18,3.1258,1381,2.6954,1155,NA,NA,0
2022,2,8476958,CAR,2022-04-16,2.7546,1272,2.427,1087,NA,NA,0
2022,2,8476958,CAR,2022-04-14,2.5547,1134,2.3485,1041,3e-4,0,1
2022,2,8476958,CAR,2022-04-12,3.1511,1424,2.6136,1159,0.1002,45,0
2022,2,8476958,CAR,2022-04-10,2.8424,1326,2.3617,1085,0.0861,55,1
2022,2,8476958,CAR,2022-04-08,3.125,1384,2.5252,1112,0.3186,138,1
2022,2,8478498,BOS,2022-04-29,2.5493,948,2.4407,891,0.1063,54,0
2022,2,8478498,BOS,2022-04-28,2.4363,913,1.9264,686,0.3904,180,1
2022,2,8478498,BOS,2022-04-26,2.8267,1032,2.5553,902,0.1785,92,1
2022,2,8478498,BOS,2022-04-24,2.6563,939,2.5056,882,0.1507,57,0
2022,2,8478498,BOS,2022-04-23,2.5781,918,2.2905,803,0.1703,69,1
2022,2,8478498,BOS,2022-04-21,2.9877,1132,2.6733,966,0.3144,166,0
2022,2,8478498,BOS,2022-04-19,2.9054,1032,2.624,899,0.2374,122,0
2022,2,8478498,BOS,2022-04-16,3.0695,1141,2.5326,923,0.3413,153,1
2022,2,8478498,BOS,2022-04-14,3.1824,1250,2.2072,821,0.6765,296,1
2022,2,8478498,BOS,2022-04-12,2.704,1066,2.2386,847,0.3061,154,1
2022,2,8482110,NJD,2022-04-29,2.3031,795,2.1054,736,0.1977,59,1
2022,2,8482110,NJD,2022-04-28,2.5552,926,2.2146,814,0.3406,112,0
2022,2,8482110,NJD,2022-04-26,3.3305,1187,2.8978,1017,0.3654,142,0
2022,2,8482110,NJD,2022-04-24,3.4027,1264,2.8545,1034,0.2991,119,1
2022,2,8482110,NJD,2022-04-23,2.8417,1032,2.4354,903,0.2152,67,1
2022,2,8482110,NJD,2022-04-21,2.6785,985,2.248,795,0.2744,97,1
2022,2,8482110,NJD,2022-04-18,2.3588,833,2.1109,748,0.1101,50,0
2022,2,8482110,NJD,2022-04-16,1.5167,523,1.2651,437,0.2516,86,0
2022,2,8482110,NJD,2022-04-14,2.7827,998,2.5737,911,0.209,87,0
2022,2,8482110,NJD,2022-04-12,2.571,1101,1.9466,755,0.5133,308,0
2022,2,8475197,EDM,2022-04-29,2.8453,1264,2.5171,1087,0.1348,47,1
2022,2,8475197,EDM,2022-04-28,2.9842,1267,2.3194,951,0.5944,275,1
2022,2,8475197,EDM,2022-04-26,2.6204,1118,1.9861,841,0.5773,251,0
2022,2,8475197,EDM,2022-04-24,3.0097,1302,2.3865,1037,0.5256,227,0
2022,2,8475197,EDM,2022-04-22,2.415,960,2.0095,811,0.4055,149,1
2022,2,8475197,EDM,2022-04-20,1.7507,749,1.5409,667,0.2098,82,1
2022,2,8475197,EDM,2022-04-16,1.7203,716,1.5138,614,0.2065,102,1
2022,2,8475197,EDM,2022-04-14,2.0883,940,1.3465,580,0.7373,357,0
2022,2,8475197,EDM,2022-04-12,2.9486,1236,2.2372,911,0.4773,221,0
2022,2,8475197,EDM,2022-04-09,2.7254,1180,2.3516,998,0.3738,182,1
2022,2,8476483,"ANA,PIT",2022-04-29,2.28,862,1.8579,716,0.4222,146,1
2022,2,8476483,"ANA,PIT",2022-04-26,2.7295,950,2.4462,860,0.2833,90,1
2022,2,8476483,"ANA,PIT",2022-04-24,2.78,901,2.6601,861,0.1199,40,0
2022,2,8476483,"ANA,PIT",2022-04-23,3.1469,1137,3.1469,1137,NA,NA,0
2022,2,8476483,"ANA,PIT",2022-04-21,3.1817,1198,3.0024,1078,0.1793,120,1
2022,2,8476483,"ANA,PIT",2022-04-16,3.3521,1305,2.8245,1053,0.5276,252,0
2022,2,8476483,"ANA,PIT",2022-04-14,3.3291,1150,3.0456,1009,0.2835,141,1
2022,2,8476483,"ANA,PIT",2022-04-12,3.7973,1391,3.2809,1181,0.5164,210,0
2022,2,8476483,"ANA,PIT",2022-04-10,3.0822,1045,3.0166,1027,0.0657,18,1
2022,2,8476483,"ANA,PIT",2022-04-09,1.989,683,1.8407,641,0.1483,42,1
2022,2,8479661,NSH,2022-04-29,2.1827,939,1.7064,688,0.0954,53,0
2022,2,8479661,NSH,2022-04-28,2.6373,1018,2.0165,751,0.1299,71,0
2022,2,8479661,NSH,2022-04-26,2.6846,1012,1.8172,643,0.4664,189,1
2022,2,8479661,NSH,2022-04-24,2.7402,1079,1.8768,714,0.2846,114,1
2022,2,8479661,NSH,2022-04-23,2.5351,1000,2.1274,810,0.3196,153,0
2022,2,8479661,NSH,2022-04-19,2.7583,1036,2.5543,945,0.0182,4,1
2022,2,8479661,NSH,2022-04-17,2.5586,940,2.5535,934,NA,NA,1
2022,2,8479661,NSH,2022-04-16,2.7964,1097,2.211,848,NA,NA,1
2022,2,8479661,NSH,2022-04-14,2.234,882,1.8549,706,0.0171,5,1
2022,2,8479661,NSH,2022-04-12,2.64,952,2.4917,900,NA,NA,1
2022,2,8479977,EDM,2022-04-29,2.524,967,2.3032,852,0.1378,71,1
2022,2,8479977,EDM,2022-04-28,2.4262,1031,2.1416,889,0.2846,142,1
2022,2,8479977,EDM,2022-04-26,2.3596,930,2.0129,763,0.098,49,0
2022,2,8479977,EDM,2022-04-24,2.1883,866,1.9917,767,NA,NA,0
2022,2,8479977,EDM,2022-04-22,2.4236,928,2.0244,793,0.3027,95,1
2022,2,8479977,EDM,2022-04-20,3.2393,1282,2.8633,1137,0.1069,35,1
2022,2,8479977,EDM,2022-04-16,2.7011,1077,2.3056,902,0.0454,18,1
2022,2,8479977,EDM,2022-04-14,2.2998,906,2.0748,806,NA,NA,0
2022,2,8479977,EDM,2022-04-12,2.1936,849,1.8814,722,0.1026,48,0
2022,2,8479977,EDM,2022-04-09,2.7054,1082,2.4866,985,0.0733,29,1
2022,2,8470621,TBL,2022-04-29,2.6105,1039,2.4254,936,0.1851,103,0
2022,2,8470621,TBL,2022-04-28,1.9475,817,1.4746,609,0.4729,208,0
2022,2,8470621,TBL,2022-04-26,1.9313,735,1.7811,675,0.1502,60,1
2022,2,8470621,TBL,2022-04-24,2.1053,861,2.0124,759,0.0929,102,0
2022,2,8470621,TBL,2022-04-23,1.8866,695,1.8866,695,NA,NA,1
2022,2,8470621,TBL,2022-04-21,2.3298,939,1.8956,718,0.4342,221,1
2022,2,8470621,TBL,2022-04-19,2.1257,835,1.8258,721,0.2999,114,1
2022,2,8470621,TBL,2022-04-16,2.1437,807,2.0103,739,0.1334,68,1
2022,2,8470621,TBL,2022-04-14,2.386,939,2.0852,779,0.3008,160,1
2022,2,8470621,TBL,2022-04-12,2.0642,769,1.8066,668,0.2577,101,0
2022,2,8474716,MIN,2022-04-29,3.1815,1331,1.8378,750,0.9957,405,1
2022,2,8474716,MIN,2022-04-24,0.8382,332,0.4861,207,0.3521,125,0
2022,2,8474716,MIN,2022-04-22,3.6461,1414,2.7714,1021,0.8074,363,1
2022,2,8474716,MIN,2022-04-21,3.1015,1320,2.5694,1086,0.3666,149,1
2022,2,8474716,MIN,2022-04-19,3.1147,1365,2.2086,908,0.5451,276,0
2022,2,8474716,MIN,2022-04-17,3.596,1355,2.4906,938,0.811,282,1
2022,2,8474716,MIN,2022-04-16,3.7375,1537,2.5628,1023,0.6258,223,0
2022,2,8474716,MIN,2022-04-14,3.1136,1235,2.8354,1094,NA,NA,0
2022,2,8474716,MIN,2022-04-12,2.6199,1121,1.9267,798,0.4835,195,1
2022,2,8474716,MIN,2022-04-10,3.0679,1252,2.5759,999,0.2531,119,1
2022,2,8480039,CAR,2022-04-28,3.2002,1169,2.6361,934,0.2811,130,1
2022,2,8480039,CAR,2022-04-26,2.2934,780,1.639,557,0.4127,134,0
2022,2,8480039,CAR,2022-04-24,2.0853,745,1.7912,650,NA,NA,0
2022,2,8480039,CAR,2022-04-23,2.7432,956,2.0762,744,0.4118,134,0
2022,2,8480039,CAR,2022-04-21,3.4056,1121,2.8214,926,0.435,149,1
2022,2,8480039,CAR,2022-04-18,3.0299,1075,2.5133,901,0.0747,22,0
2022,2,8480039,CAR,2022-04-16,2.512,901,2.1428,754,0.1256,54,0
2022,2,8480039,CAR,2022-04-14,2.6698,1000,2.2248,829,0.3409,124,1
2022,2,8480039,CAR,2022-04-12,2.8268,958,2.2935,775,0.1101,46,0
2022,2,8480039,CAR,2022-04-10,2.6139,915,1.9898,702,0.4084,129,1
2022,2,8482093,CAR,2022-04-28,2.7836,996,2.409,831,0.3746,165,1
2022,2,8482093,CAR,2022-04-26,2.597,875,2.2495,744,0.3475,131,0
2022,2,8482093,CAR,2022-04-24,2.5554,881,2.4514,828,0.1039,53,0
2022,2,8482093,CAR,2022-04-23,2.9271,1027,2.6226,921,0.3045,106,0
2022,2,8482093,CAR,2022-04-21,3.0369,1115,2.7401,972,0.2968,143,1
2022,2,8482093,CAR,2022-04-18,2.4197,858,2.3793,838,0.0404,20,0
2022,2,8482093,CAR,2022-04-16,2.6074,944,2.4869,890,0.1205,54,0
2022,2,8482093,CAR,2022-04-14,2.6283,964,2.3104,807,0.3179,157,1
2022,2,8482093,CAR,2022-04-12,2.3865,820,2.2985,776,0.088,44,0
2022,2,8482093,CAR,2022-04-10,2.5797,910,2.4374,851,0.1422,59,1
2022,2,8474150,CGY,2022-04-29,2.4847,847,2.2406,769,NA,NA,0
2022,2,8474150,CGY,2022-04-28,2.5243,902,2.1248,761,0.3883,131,0
2022,2,8474150,CGY,2022-04-26,2.5272,899,1.593,531,0.3779,154,0
2022,2,8474150,CGY,2022-04-23,2.573,927,2.4177,845,0.1553,82,1
2022,2,8474150,CGY,2022-04-21,2.8106,994,2.3561,786,0.2087,113,1
2022,2,8474150,CGY,2022-04-19,3.3504,1189,2.8853,981,0.1539,76,0
2022,2,8474150,CGY,2022-04-18,3.2056,1144,2.5082,890,0.397,153,0
2022,2,8474150,CGY,2022-04-16,2.6353,990,2.3224,862,0.1387,66,1
2022,2,8474150,CGY,2022-04-14,2.9914,982,2.3296,757,0.312,125,1
2022,2,8474150,CGY,2022-04-12,3.0269,1074,2.5346,868,0.3182,147,1
2022,2,8475169,EDM,2022-04-29,2.8865,1161,2.6414,1063,0.2133,84,1
2022,2,8475169,EDM,2022-04-28,2.7839,1093,2.4511,949,0.3328,144,1
2022,2,8475169,EDM,2022-04-26,2.6127,1044,2.3885,907,0.1678,108,0
2022,2,8475169,EDM,2022-04-24,3.0224,1153,2.761,1062,0.1933,60,0
2022,2,8475169,EDM,2022-04-22,3.089,1122,2.5497,927,0.3192,98,1
2022,2,8475169,EDM,2022-04-20,2.9951,1055,2.7277,973,0.1372,35,1
2022,2,8475169,EDM,2022-04-16,3.2452,1242,3.0976,1181,0.0249,18,1
2022,2,8475169,EDM,2022-04-14,3.0724,1216,2.7284,1002,0.3113,206,0
2022,2,8475169,EDM,2022-04-12,2.5311,979,2.4764,947,NA,NA,0
2022,2,8475169,EDM,2022-04-09,3.3539,1248,3.1707,1169,0.1252,56,1
2022,2,8476419,NYI,2022-04-29,2.4985,964,2.39,922,0.1085,42,1
2022,2,8476419,NYI,2022-04-28,3.0929,1205,2.2167,798,0.4106,204,1
2022,2,8476419,NYI,2022-04-26,3.2957,1271,2.561,950,0.2376,123,0
2022,2,8476419,NYI,2022-04-19,2.9624,1167,2.1726,778,0.1438,63,1
2022,2,8476419,NYI,2022-04-17,2.6903,1067,2.2553,866,0.2691,118,0
2022,2,8476419,NYI,2022-04-15,2.7562,1093,2.4027,920,0.1606,75,0
2022,2,8476419,NYI,2022-04-14,3.0885,1187,2.2622,797,0.5889,275,0
2022,2,8476419,NYI,2022-04-12,3.0013,1124,2.5268,918,0.1447,65,1
2022,2,8476419,NYI,2022-04-09,2.578,977,1.8678,660,0.2461,133,0
2022,2,8476419,NYI,2022-04-08,2.8033,1015,1.7822,615,0.5624,210,0
2022,2,8476869,CAR,2022-04-28,2.6867,1068,2.5044,1003,0.0159,7,1
2022,2,8476869,CAR,2022-04-26,3.0848,1300,2.7745,1174,0.028,14,0
2022,2,8476869,CAR,2022-04-24,3.0348,1284,2.8052,1176,NA,NA,0
2022,2,8476869,CAR,2022-04-23,3.2295,1344,2.9265,1185,NA,NA,0
2022,2,8476869,CAR,2022-04-21,2.8275,1207,2.561,1108,0.0595,24,1
2022,2,8476869,CAR,2022-04-18,3.2258,1384,2.6342,1101,NA,NA,0
2022,2,8476869,CAR,2022-04-16,3.0445,1283,2.6186,1092,NA,NA,0
2022,2,8476869,CAR,2022-04-14,3.046,1323,2.8708,1237,0.0438,18,1
2022,2,8476869,CAR,2022-04-12,2.9929,1394,2.6983,1240,0.042,19,0
2022,2,8476869,CAR,2022-04-10,3.104,1339,2.6921,1129,0.0815,31,1
2022,2,8476885,NYR,2022-04-29,3.0623,1322,2.3324,1000,0.2035,82,1
2022,2,8476885,NYR,2022-04-26,3.2447,1364,2.7131,1097,0.2745,107,1
2022,2,8476885,NYR,2022-04-23,3.1143,1298,2.7235,1136,0.2301,79,0
2022,2,8476885,NYR,2022-04-21,2.8353,1220,2.8152,1205,NA,NA,0
2022,2,8476885,NYR,2022-04-19,3.1054,1351,2.8833,1251,0.1138,58,1
2022,2,8476885,NYR,2022-04-16,3.0265,1274,2.4526,1033,0.3388,152,1
2022,2,8476885,NYR,2022-04-13,3.002,1327,2.7493,1187,0.0879,31,0
2022,2,8476885,NYR,2022-04-12,3.1943,1333,2.6747,1117,0.2903,104,1
2022,2,8476885,NYR,2022-04-09,2.8138,1263,2.5574,1140,0.0395,33,1
2022,2,8476885,NYR,2022-04-07,2.8975,1207,2.6377,1079,0.1969,89,1
2022,2,8477015,OTT,2022-04-22,3.1486,1127,2.646,953,0.2597,88,0
2022,2,8477015,OTT,2022-04-19,3.7198,1286,3.09,1045,0.006,4,0
2022,2,8477015,OTT,2022-04-18,3.2086,1182,2.2544,810,0.2431,92,0
2022,2,8477015,OTT,2022-04-16,4.162,1483,3.6319,1293,0.1149,37,1
2022,2,8477015,OTT,2022-04-14,3.5516,1247,2.1077,748,0.5317,157,0
2022,2,8477015,OTT,2022-04-12,3.1777,1053,2.7048,884,0.0921,34,0
2022,2,8477015,OTT,2022-04-10,2.9644,1021,2.5105,861,0.0639,20,1
2022,2,8477015,OTT,2022-04-09,2.89,975,2.5802,868,0.1551,47,0
2022,2,8477015,OTT,2022-04-07,3.6801,1303,2.5965,887,0.7583,295,1
2022,2,8477015,OTT,2022-04-05,3.2731,1105,2.6891,898,0.2923,95,0
2022,2,8477503,"CBJ,CAR",2022-04-28,2.6128,962,2.2813,797,0.3315,165,1
2022,2,8477503,"CBJ,CAR",2022-04-26,2.1381,778,1.8515,669,0.2867,109,0
2022,2,8477503,"CBJ,CAR",2022-04-24,2.0043,770,2.0043,770,NA,NA,0
2022,2,8477503,"CBJ,CAR",2022-04-23,2.0655,752,1.7639,645,0.3016,107,0
2022,2,8477503,"CBJ,CAR",2022-04-21,1.3639,497,0.9354,346,0.4135,145,1
2022,2,8477503,"CBJ,CAR",2022-04-18,2.1151,700,2.0527,679,0.0625,21,0
2022,2,8477503,"CBJ,CAR",2022-04-16,1.9983,802,1.992,799,NA,NA,0
2022,2,8477503,"CBJ,CAR",2022-04-14,1.6667,645,1.6667,644,NA,NA,1
2022,2,8477503,"CBJ,CAR",2022-04-12,1.632,590,1.521,546,0.111,44,0
2022,2,8477503,"CBJ,CAR",2022-04-10,1.8412,691,1.5661,574,0.2524,108,1
2022,2,8478462,VGK,2022-04-29,2.6436,960,2.3488,857,0.1175,39,0
2022,2,8478462,VGK,2022-04-27,2.6523,986,2.2278,807,0.1188,54,0
2022,2,8478462,VGK,2022-04-26,2.7592,1047,2.7592,1047,NA,NA,0
2022,2,8478462,VGK,2022-04-24,2.3342,881,2.0339,757,0.2077,93,1
2022,2,8478462,VGK,2022-04-20,2.2702,787,1.9687,684,0.191,64,1
2022,2,8478462,VGK,2022-04-18,2.0411,686,1.8328,607,0.131,50,1
2022,2,8478462,VGK,2022-04-16,2.0884,767,1.6912,587,0.1615,78,0
2022,2,8478462,VGK,2022-04-14,2.5159,935,1.7721,628,0.4127,157,0
2022,2,8478462,VGK,2022-04-12,2.6813,970,2.2454,779,0.1464,100,0
2022,2,8478462,VGK,2022-04-09,2.6607,1002,2.2248,805,0.3686,170,1
2022,2,8479525,TBL,2022-04-29,2.3646,866,2.3646,866,NA,NA,0
2022,2,8479525,TBL,2022-04-28,2.3212,810,1.8235,641,0.4976,168,0
2022,2,8479525,TBL,2022-04-26,2.1138,818,1.9507,759,0.1631,59,1
2022,2,8479525,TBL,2022-04-24,1.7939,670,1.6052,599,0.1887,71,0
2022,2,8479525,TBL,2022-04-23,2.4233,888,2.4233,888,NA,NA,1
2022,2,8479525,TBL,2022-04-21,2.6442,926,2.3597,813,0.2691,101,1
2022,2,8479525,TBL,2022-04-19,2.424,884,2.0824,763,0.3335,116,1
2022,2,8479525,TBL,2022-04-16,1.9989,693,1.9344,674,0.0645,19,1
2022,2,8479525,TBL,2022-04-14,2.2406,791,1.9795,684,0.2611,107,1
2022,2,8479525,TBL,2022-04-12,2.392,817,2.1213,726,0.2707,91,0
2022,2,8481557,MIN,2022-04-29,2.432,910,1.7998,698,0.6323,212,1
2022,2,8481557,MIN,2022-04-28,2.1144,798,2.0559,763,0.0585,35,1
2022,2,8481557,MIN,2022-04-26,2.3707,895,1.6166,635,0.7541,260,1
2022,2,8481557,MIN,2022-04-24,2.4952,951,2.0157,777,0.4795,174,0
2022,2,8481557,MIN,2022-04-22,2.6674,949,2.4746,868,0.1928,81,1
2022,2,8481557,MIN,2022-04-21,2.5669,957,2.2686,859,0.2983,98,1
2022,2,8481557,MIN,2022-04-19,2.0032,732,2.0032,730,NA,NA,0
2022,2,8481557,MIN,2022-04-17,2.6271,901,2.2252,764,0.4019,137,1
2022,2,8481557,MIN,2022-04-16,2.1724,752,1.9032,648,0.2692,104,0
2022,2,8481557,MIN,2022-04-14,2.3826,821,2.3826,821,NA,NA,0
2022,2,8482222,SJS,2022-04-29,2.771,995,2.771,995,NA,NA,0
2022,2,8482222,SJS,2022-04-28,2.805,1048,2.6718,993,0.1332,55,0
2022,2,8482222,SJS,2022-04-26,2.7824,980,2.4251,852,0.3573,128,1
2022,2,8482222,SJS,2022-04-24,2.9993,1067,2.8452,1019,0.154,48,0
2022,2,8482222,SJS,2022-04-23,3.1586,1154,2.9349,1073,0.2237,81,1
2022,2,8482222,SJS,2022-04-14,2.4611,892,2.3454,842,0.1157,50,0
2022,2,8482222,SJS,2022-04-12,3.2271,1194,3.0739,1132,0.1532,62,0
2022,2,8482222,SJS,2022-04-09,2.5015,929,2.2372,836,0.2644,93,0
2022,2,8482222,SJS,2022-04-07,3.0321,1113,2.6141,960,0.418,153,1
2022,2,8482222,SJS,2022-04-05,2.458,876,2.2977,818,0.1603,58,1
2022,2,8474037,PHI,2022-04-29,2.5014,1043,2.4016,946,0.0998,97,1
2022,2,8474037,PHI,2022-04-27,2.3745,947,1.9597,712,0.4148,235,0
2022,2,8474037,PHI,2022-04-25,1.9949,904,1.5351,633,0.4406,264,0
2022,2,8474037,PHI,2022-04-24,2.148,859,2.0265,759,0.1215,100,1
2022,2,8474037,PHI,2022-04-21,2.2045,881,1.8485,697,0.3559,184,0
2022,2,8474037,PHI,2022-04-19,2.2502,894,2.095,775,0.1553,119,0
2022,2,8474037,PHI,2022-04-17,2.3095,968,2.1393,876,0.1703,92,1
2022,2,8474037,PHI,2022-04-16,2.6072,1028,2.0973,808,0.5099,220,0
2022,2,8474037,PHI,2022-04-13,2.4197,962,2.219,860,0.2007,102,1
2022,2,8474037,PHI,2022-04-12,2.466,1047,2.2219,893,0.2441,154,0
2022,2,8475191,VGK,2022-03-08,2.7885,977,2.1481,728,0.2783,124,0
2022,2,8475191,VGK,2022-03-06,2.8693,994,2.5,843,0.1211,54,1
2022,2,8475191,VGK,2022-03-04,3.1172,1173,2.2633,767,0.5659,296,0
2022,2,8475191,VGK,2022-03-03,2.9921,1014,2.5935,862,0.3003,112,1
2022,2,8475191,VGK,2022-03-01,2.6938,956,2.5844,910,0.1094,46,1
2022,2,8475191,VGK,2022-02-26,2.8113,1020,2.3089,808,0.2019,103,1
2022,2,8475191,VGK,2022-02-25,2.9989,1126,2.2604,826,0.2767,129,0
2022,2,8475191,VGK,2022-02-20,2.9931,1041,2.4276,829,0.2885,113,0
2022,2,8475191,VGK,2022-02-16,2.9199,1111,2.2676,836,0.2726,120,1
2022,2,8475191,VGK,2022-02-09,2.8926,969,2.4678,790,0.2662,119,0
2022,2,8477476,"MTL,COL",2022-04-29,2.5052,1002,1.8747,754,0.1682,83,0
2022,2,8477476,"MTL,COL",2022-04-28,2.3652,893,1.9724,713,0.3009,146,1
2022,2,8477476,"MTL,COL",2022-04-26,2.3341,896,1.9833,729,0.2388,129,1
2022,2,8477476,"MTL,COL",2022-04-24,2.4885,961,2.1139,817,0.2203,86,0
2022,2,8477476,"MTL,COL",2022-04-22,2.4741,960,1.7431,631,0.4325,227,0
2022,2,8477476,"MTL,COL",2022-04-20,2.9257,1156,2.4516,944,0.4098,178,0
2022,2,8477476,"MTL,COL",2022-04-18,2.6698,1050,2.3042,874,0.3656,176,1
2022,2,8477476,"MTL,COL",2022-04-16,2.6682,1000,2.1461,806,0.518,190,1
2022,2,8477476,"MTL,COL",2022-04-14,2.4736,925,2.1592,798,0.2248,94,1
2022,2,8477476,"MTL,COL",2022-04-13,2.2444,888,1.8131,647,0.2793,181,1
2022,2,8477949,BUF,2022-04-29,3.6704,1287,2.9747,1046,0.5783,203,1
2022,2,8477949,BUF,2022-04-28,2.6658,977,1.8015,627,0.4487,215,0
2022,2,8477949,BUF,2022-04-23,2.9911,1113,1.8403,695,1.0164,366,1
2022,2,8477949,BUF,2022-04-21,2.3518,816,2.0977,719,0.1345,57,0
2022,2,8477949,BUF,2022-04-17,2.8765,994,2.696,924,0.1522,58,0
2022,2,8477949,BUF,2022-04-16,2.4563,874,1.7803,600,0.5081,208,1
2022,2,8477949,BUF,2022-04-14,2.8541,985,2.3208,782,0.4583,160,1
2022,2,8477949,BUF,2022-04-12,3.1426,1080,2.436,838,0.3958,132,0
2022,2,8477949,BUF,2022-04-10,2.9735,1036,2.7123,941,0.1798,68,0
2022,2,8477949,BUF,2022-04-08,2.9024,1003,2.1358,751,0.7667,252,0
2022,2,8478469,OTT,2022-04-29,3.3703,1426,2.4944,1069,0.8759,357,0
2022,2,8478469,OTT,2022-04-28,3.8522,1533,3.3237,1299,0.5176,228,1
2022,2,8478469,OTT,2022-04-26,3.7708,1488,3.451,1336,0.2963,143,1
2022,2,8478469,OTT,2022-04-23,3.0761,1221,2.0446,807,1.0315,414,1
2022,2,8478469,OTT,2022-03-16,1.4462,534,1.4265,523,NA,NA,1
2022,2,8478469,OTT,2022-03-14,4.7311,1836,4.288,1636,0.443,200,1
2022,2,8478469,OTT,2022-03-12,3.6712,1446,3.4685,1370,0.1953,71,1
2022,2,8478469,OTT,2022-03-10,4.6206,1793,4.0302,1572,0.5904,221,1
2022,2,8478469,OTT,2022-03-08,3.8963,1566,3.5438,1426,0.3524,140,0
2022,2,8478469,OTT,2022-03-06,4.1108,1577,3.6896,1402,0.4211,175,0
2022,2,8479410,TBL,2022-04-29,2.6533,1198,2.5811,1155,NA,NA,0
2022,2,8479410,TBL,2022-04-28,3.1687,1315,2.3729,997,0.5088,186,0
2022,2,8479410,TBL,2022-04-26,3.1009,1427,2.694,1233,0.1549,61,1
2022,2,8479410,TBL,2022-04-24,1.6038,736,0.9797,402,0.066,25,0
2022,2,8479410,TBL,2022-04-23,2.8774,1363,2.5475,1162,2e-4,0,1
2022,2,8479410,TBL,2022-04-21,2.8386,1175,2.2581,912,0.3647,134,1
2022,2,8479410,TBL,2022-04-19,2.7428,1175,2.2006,919,0.2677,106,1
2022,2,8479410,TBL,2022-04-16,3.2724,1375,2.9609,1243,0.1791,67,1
2022,2,8479410,TBL,2022-04-14,3.5786,1387,3.1686,1211,0.3694,151,1
2022,2,8479410,TBL,2022-04-12,3.276,1356,2.9321,1183,0.1965,80,0
2022,2,8479425,DET,2022-04-29,3.0905,1243,2.6324,1071,0.3415,119,0
2022,2,8479425,DET,2022-04-26,3.1528,1333,2.4383,1013,0.6577,279,0
2022,2,8479425,DET,2022-04-24,3.086,1259,2.4909,995,0.4225,173,0
2022,2,8479425,DET,2022-04-23,3.34,1372,2.9747,1229,0.2926,105,1
2022,2,8479425,DET,2022-04-21,3.0369,1381,2.3021,970,0.3104,125,0
2022,2,8479425,DET,2022-04-19,2.6724,1306,2.1925,1088,0.2549,89,0
2022,2,8479425,DET,2022-04-17,3.0242,1318,2.3903,1036,0.3593,124,1
2022,2,8479425,DET,2022-04-16,2.9561,1241,2.4244,990,0.1601,58,0
2022,2,8479425,DET,2022-04-14,3.1329,1328,2.5712,1095,0.1646,50,0
2022,2,8479425,DET,2022-04-12,3.0811,1286,2.8016,1152,0.2795,134,1
2022,2,8481528,BUF,2022-04-29,3.0239,1107,2.4394,885,0.4248,157,1
2022,2,8481528,BUF,2022-04-28,2.8172,1118,1.8342,711,0.3741,145,0
2022,2,8481528,BUF,2022-04-23,2.8872,1061,1.9183,680,0.8119,311,1
2022,2,8481528,BUF,2022-04-21,2.8324,1001,2.4163,842,NA,NA,0
2022,2,8481528,BUF,2022-04-17,2.3618,854,1.83,650,0.2557,114,0
2022,2,8481528,BUF,2022-04-16,2.6665,995,1.8333,661,0.3605,136,1
2022,2,8481528,BUF,2022-04-14,2.6911,977,2.3259,849,0.2528,80,1
2022,2,8481528,BUF,2022-04-12,2.7364,960,1.7886,625,0.5332,192,0
2022,2,8481528,BUF,2022-04-10,2.4106,889,2.0941,766,0.2019,52,0
2022,2,8481528,BUF,2022-04-08,2.7329,935,1.9311,659,0.7864,271,0
2022,2,8470612,ANA,2022-04-24,3.1989,1274,3.003,1167,0.1759,99,1
2022,2,8470612,ANA,2022-04-23,3.0411,1276,2.6975,1085,0.162,97,0
2022,2,8470612,ANA,2022-04-19,2.9885,1263,2.5391,995,0.4494,268,1
2022,2,8470612,ANA,2022-04-17,3.2775,1390,3.047,1280,0.2267,109,1
2022,2,8470612,ANA,2022-04-14,2.7915,1114,2.6349,1039,0.1244,59,0
2022,2,8470612,ANA,2022-04-12,3.3241,1289,2.9867,1138,0.331,148,0
2022,2,8470612,ANA,2022-04-10,2.41,1011,1.9647,827,0.4453,184,0
2022,2,8470612,ANA,2022-03-29,2.7599,1137,2.683,1101,0.0769,36,1
2022,2,8470612,ANA,2022-03-26,2.4353,993,1.9216,703,0.5137,290,0
2022,2,8470612,ANA,2022-03-04,2.3855,1024,2.1739,886,0.1946,134,1
2022,2,8473604,CHI,2022-04-29,2.879,1069,2.4515,898,0.1714,52,0
2022,2,8473604,CHI,2022-04-27,3.1201,1113,2.7398,979,0.3502,126,1
2022,2,8473604,CHI,2022-04-25,2.8547,1032,2.0292,711,0.4883,176,1
2022,2,8473604,CHI,2022-04-23,2.5538,911,2.3294,817,0.0045,3,0
2022,2,8473604,CHI,2022-04-21,2.7157,1063,2.3547,911,0.0932,35,0
2022,2,8473604,CHI,2022-04-20,2.7599,1027,2.1052,767,0.6547,260,0
2022,2,8473604,CHI,2022-04-18,2.6673,967,2.151,765,0.192,68,1
2022,2,8473604,CHI,2022-04-16,2.4395,893,1.9589,698,0.3801,149,0
2022,2,8473604,CHI,2022-04-14,2.9178,1067,2.7396,985,0.1597,75,1
2022,2,8473604,CHI,2022-04-12,2.5866,1084,1.836,696,0.4924,265,1
2022,2,8474157,VGK,2022-04-29,2.7958,1064,2.5607,938,0.2351,126,0
2022,2,8474157,VGK,2022-04-27,3.006,1143,2.882,1086,0.124,57,0
2022,2,8474157,VGK,2022-04-26,2.4771,920,2.3881,871,0.089,49,0
2022,2,8474157,VGK,2022-04-24,3.2466,1196,2.6247,937,0.622,259,1
2022,2,8474157,VGK,2022-04-20,3.0792,1044,2.932,956,0.1472,88,1
2022,2,8474157,VGK,2022-04-18,2.9196,1116,2.7756,1046,0.144,70,1
2022,2,8474157,VGK,2022-04-16,2.658,1082,2.2143,842,0.4437,240,0
2022,2,8474157,VGK,2022-04-14,2.5944,976,1.9846,698,0.6097,278,0
2022,2,8474157,VGK,2022-04-12,2.7201,1080,2.1187,814,0.3623,266,0
2022,2,8474157,VGK,2022-04-09,2.307,877,1.9404,682,0.3666,195,1
2022,2,8477504,WPG,2022-05-01,3.4824,1391,3.1832,1312,0.1824,79,1
2022,2,8477504,WPG,2022-04-29,3.1885,1301,2.4979,1025,0.6283,241,1
2022,2,8477504,WPG,2022-04-27,3.0598,1310,2.2421,939,0.5471,236,1
2022,2,8477504,WPG,2022-04-24,3.3648,1458,2.7201,1164,0.3445,185,1
2022,2,8477504,WPG,2022-04-21,3.6279,1413,2.9103,1127,0.3604,112,0
2022,2,8477504,WPG,2022-04-19,3.5273,1470,3.1502,1311,0.1835,68,0
2022,2,8477504,WPG,2022-04-16,3.2359,1337,3.027,1276,0.2088,61,0
2022,2,8477504,WPG,2022-04-15,3.9363,1570,3.0815,1238,0.7539,288,0
2022,2,8477504,WPG,2022-04-11,3.3512,1388,3.0861,1276,0.2149,86,0
2022,2,8477504,WPG,2022-04-10,3.4042,1432,2.8,1190,0.5091,194,0
2022,2,8477505,SEA,2022-05-01,2.6443,943,2.4528,921,0.1915,22,0
2022,2,8477505,SEA,2022-04-29,2.1188,822,1.9855,758,0.1333,64,1
2022,2,8477505,SEA,2022-04-27,2.21,788,1.7296,636,0.4804,152,1
2022,2,8477505,SEA,2022-04-26,2.6527,995,1.9264,679,0.6013,242,0
2022,2,8477505,SEA,2022-04-23,2.9098,1039,2.555,918,0.194,62,0
2022,2,8477505,SEA,2022-04-22,2.7135,956,2.1686,746,0.4195,167,0
2022,2,8477505,SEA,2022-04-20,2.6445,961,2.421,875,0.171,70,1
2022,2,8477505,SEA,2022-04-18,2.6717,1040,1.7291,620,0.9426,420,1
2022,2,8477505,SEA,2022-04-16,2.8194,1067,2.301,846,0.1399,51,1
2022,2,8477505,SEA,2022-04-12,2.6841,1020,2.2956,865,0.2199,92,0
2022,2,8477986,FLA,2022-04-29,3.5178,1454,3.1697,1296,0.2457,101,0
2022,2,8477986,FLA,2022-04-28,3.8819,1637,2.8919,1182,0.5629,235,0
2022,2,8477986,FLA,2022-04-26,3.1549,1336,2.8714,1205,0.1216,42,0
2022,2,8477986,FLA,2022-04-24,3.5756,1428,3.1277,1262,0.4479,166,1
2022,2,8477986,FLA,2022-04-23,2.7286,1130,2.6721,1099,NA,NA,1
2022,2,8477986,FLA,2022-04-21,2.8868,1143,2.5156,976,0.3219,144,1
2022,2,8477986,FLA,2022-04-19,3.3331,1220,3.1197,1140,0.1808,71,0
2022,2,8477986,FLA,2022-04-17,2.5382,1052,2.47,1017,0.0682,35,0
2022,2,8477986,FLA,2022-04-15,2.9969,1194,2.732,1088,0.1525,54,1
2022,2,8477986,FLA,2022-04-12,2.9718,1168,2.8837,1122,0.0881,46,1
2022,2,8478055,FLA,2022-04-26,3.2564,1384,3.0234,1270,0.0181,8,0
2022,2,8478055,FLA,2022-04-24,3.0474,1323,2.7442,1070,6e-4,3,1
2022,2,8478055,FLA,2022-04-23,3.3289,1378,3.1255,1276,0.0392,10,1
2022,2,8478055,FLA,2022-04-21,2.8925,1180,2.5415,1034,0.1029,32,1
2022,2,8478055,FLA,2022-04-19,3.3869,1377,3.1616,1278,0.0207,8,0
2022,2,8478055,FLA,2022-04-17,2.9629,1295,2.5281,1070,0.0293,14,0
2022,2,8478055,FLA,2022-04-15,3.2737,1345,2.7922,1125,NA,NA,1
2022,2,8478055,FLA,2022-04-12,3.1518,1323,2.8673,1182,NA,NA,1
2022,2,8478055,FLA,2022-04-09,2.7396,1217,2.5473,1117,0.0518,23,0
2022,2,8478055,FLA,2022-04-08,3.2013,1295,2.7308,1062,NA,NA,1
2022,2,8479514,"MIN,MTL",2022-04-29,2.7867,1053,2.2806,847,0.3234,125,1
2022,2,8479514,"MIN,MTL",2022-04-27,2.7353,1037,2.4014,888,0.1028,46,0
2022,2,8479514,"MIN,MTL",2022-04-24,3.0495,1177,2.6983,991,0.2318,153,1
2022,2,8479514,"MIN,MTL",2022-04-23,3.1712,1165,2.1389,749,0.49,183,0
2022,2,8479514,"MIN,MTL",2022-04-21,2.3975,884,2.1497,784,0.092,59,1
2022,2,8479514,"MIN,MTL",2022-04-19,2.5583,941,2.2214,791,0.2304,90,1
2022,2,8479514,"MIN,MTL",2022-04-16,2.183,762,1.9824,682,0.1068,47,1
2022,2,8479514,"MIN,MTL",2022-04-15,2.5445,1008,2.5445,1008,NA,NA,1
2022,2,8479514,"MIN,MTL",2022-04-13,2.5266,860,1.9308,649,0.5331,164,0
2022,2,8479514,"MIN,MTL",2022-04-11,2.9051,1108,2.607,966,0.2379,108,1
2022,2,8480113,LAK,2022-04-28,2.8822,1186,2.1757,820,0.5296,279,0
2022,2,8480113,LAK,2022-04-23,2.4223,954,1.8011,661,0.401,201,1
2022,2,8480113,LAK,2022-04-21,2.3937,920,1.7858,649,0.446,201,1
2022,2,8480113,LAK,2022-04-19,2.5828,1009,2.0413,753,0.211,120,0
2022,2,8480113,LAK,2022-04-16,2.4856,920,2.0864,767,0.2908,119,1
2022,2,8480113,LAK,2022-04-13,2.6332,1038,2.2753,878,0.3579,160,0
2022,2,8480113,LAK,2022-04-12,2.3173,921,2.0176,782,0.098,64,0
2022,2,8480113,LAK,2022-04-10,2.5425,1021,1.9385,722,0.3485,189,0
2022,2,8480113,LAK,2022-04-07,3.3612,1375,2.7144,1083,0.3969,191,1
2022,2,8480113,LAK,2022-04-04,3.371,1403,2.3037,860,0.772,405,1
2022,2,8473533,CAR,2022-04-26,2.6231,992,2.4274,901,0.0049,2,0
2022,2,8473533,CAR,2022-04-24,2.9733,1004,2.5944,873,NA,NA,0
2022,2,8473533,CAR,2022-04-23,2.9885,978,2.7198,887,NA,NA,0
2022,2,8473533,CAR,2022-04-21,2.4632,939,2.2628,864,0.0226,18,1
2022,2,8473533,CAR,2022-04-16,2.0388,760,1.854,703,NA,NA,0
2022,2,8473533,CAR,2022-04-14,2.2863,846,2.1684,804,0.0135,6,1
2022,2,8473533,CAR,2022-04-12,2.689,997,2.2853,832,NA,NA,0
2022,2,8473533,CAR,2022-04-10,2.8354,987,2.3356,811,0.0344,13,1
2022,2,8473533,CAR,2022-04-08,2.6812,1005,2.1745,844,NA,NA,1
2022,2,8473533,CAR,2022-04-07,2.7497,938,2.4255,817,NA,NA,1
2022,2,8475225,BOS,2022-04-29,2.6279,939,2.5307,885,0.0972,54,0
2022,2,8475225,BOS,2022-04-28,0.6471,841,0.5525,620,0.0946,221,1
2022,2,8475225,BOS,2022-04-26,2.3705,894,2.0985,776,0.272,118,1
2022,2,8475225,BOS,2022-04-24,2.1649,820,1.9882,754,0.1764,66,0
2022,2,8475225,BOS,2022-04-23,1.8696,700,1.7072,622,0.1624,78,1
2022,2,8475225,BOS,2022-04-21,2.5077,958,2.3416,879,0.1662,79,0
2022,2,8475225,BOS,2022-04-19,2.5623,956,2.4667,896,0.0955,60,0
2022,2,8475225,BOS,2022-04-16,2.2399,854,2.0325,748,0.2074,106,1
2022,2,8475225,BOS,2022-04-14,1.658,703,1.0858,424,0.5722,279,1
2022,2,8475225,BOS,2022-04-12,2.3947,838,2.2871,806,0.1075,32,1
2022,2,8478401,NJD,2022-04-29,2.7496,1057,2.5071,969,0.1253,49,1
2022,2,8478401,NJD,2022-04-28,2.9809,1105,2.3807,866,0.3406,129,0
2022,2,8478401,NJD,2022-04-26,3.0746000000000002,1104,2.4723,906,0.4223,129,0
2022,2,8478401,NJD,2022-04-24,2.9401,1131,2.5442,947,0.2463,120,1
2022,2,8478401,NJD,2022-04-23,3.2934,1232,2.7964,1070,0.37,120,1
2022,2,8478401,NJD,2022-04-21,2.2034,815,1.9987,734,0.2048,81,1
2022,2,8478401,NJD,2022-04-18,2.1451,790,1.9511,708,0.194,82,0
2022,2,8478401,NJD,2022-04-16,3.0227,1125,2.6053,914,0.4174,211,0
2022,2,8478401,NJD,2022-04-14,2.8429,1101,2.387,881,0.2891,155,0
2022,2,8478401,NJD,2022-04-12,2.8772,1133,2.0791,727,0.5955,336,0
2022,2,8479344,EDM,2022-04-29,2.633,970,2.539,934,0.094,36,1
2022,2,8479344,EDM,2022-04-28,2.043,807,1.9198,745,0.1232,62,1
2022,2,8479344,EDM,2022-04-20,2.3091,873,2.2272,826,0.0819,47,1
2022,2,8479344,EDM,2022-04-16,2.4196,902,2.4196,902,NA,NA,1
2022,2,8479344,EDM,2022-04-14,2.4576,931,2.3253,843,0.1323,88,0
2022,2,8479344,EDM,2022-04-12,2.3235,934,2.1661,863,0.1574,71,0
2022,2,8479344,EDM,2022-04-09,2.8034,995,2.8034,995,NA,NA,1
2022,2,8479344,EDM,2022-04-07,2.513,959,2.4995,953,NA,NA,0
2022,2,8479344,EDM,2022-04-05,2.8588,1028,2.6887,989,0.1701,39,0
2022,2,8479344,EDM,2022-04-03,2.7693,954,2.7693,954,NA,NA,0
2022,2,8480036,DAL,2022-04-29,3.499,1509,3.2075,1349,0.219,102,1
2022,2,8480036,DAL,2022-04-27,3.7933,1631,2.9961,1286,0.5078,195,1
2022,2,8480036,DAL,2022-04-26,4.0604,1666,3.8396,1585,0.2208,81,1
2022,2,8480036,DAL,2022-04-23,3.6089,1487,3.2989,1368,0.2063,60,1
2022,2,8480036,DAL,2022-04-21,4.1903,1629,3.2463,1272,0.6725,204,0
2022,2,8480036,DAL,2022-04-20,3.5518,1452,2.9846,1225,0.3656,132,0
2022,2,8480036,DAL,2022-04-18,3.2969,1366,3.2195,1329,NA,NA,0
2022,2,8480036,DAL,2022-04-16,3.3546,1420,2.9607,1238,0.1363,61,1
2022,2,8480036,DAL,2022-04-14,3.5614,1408,3.0792,1251,0.4822,157,1
2022,2,8480036,DAL,2022-04-12,3.5763,1459,2.872,1157,0.3465,118,1
2022,2,8480459,DET,2022-04-29,3.288,1200,2.8184,1038,0.3374,114,0
2022,2,8480459,DET,2022-04-26,3.472,1187,2.7705,909,0.7015,278,0
2022,2,8480459,DET,2022-04-24,3.132,1166,2.5891,908,0.3429,175,0
2022,2,8480459,DET,2022-04-23,2.495,894,2.495,894,NA,NA,1
2022,2,8480459,DET,2022-04-21,3.1073,1139,2.2522,794,0.3412,115,0
2022,2,8480459,DET,2022-04-19,3.1456,1131,2.4112,899,0.4224,126,0
2022,2,8480459,DET,2022-04-17,2.2726,871,2.0786,793,0.0027,2,1
2022,2,8480459,DET,2022-04-16,2.8592,1075,2.3978,876,NA,NA,0
2022,2,8480459,DET,2022-04-14,2.055,781,1.6741,637,NA,NA,0
2022,2,8480459,DET,2022-04-12,2.7957,992,2.7109,960,NA,NA,1
2022,2,8470610,NYI,2022-04-29,2.6403,1023,2.5103,954,0.0493,25,1
2022,2,8470610,NYI,2022-04-28,2.226,889,1.7528,665,0.0441,23,1
2022,2,8470610,NYI,2022-04-26,2.5107,922,1.9307,704,0.1204,54,0
2022,2,8470610,NYI,2022-04-24,2.7432,1054,2.4539,921,0.2892,133,1
2022,2,8470610,NYI,2022-04-23,2.698,1031,1.9149,711,0.3161,128,0
2022,2,8470610,NYI,2022-04-21,2.3406,849,2.3406,849,NA,NA,1
2022,2,8470610,NYI,2022-04-19,2.7969,1093,1.9679,704,0.1599,67,1
2022,2,8470610,NYI,2022-04-17,1.9789,782,1.6743,619,0.1902,99,0
2022,2,8470610,NYI,2022-04-15,2.6393,1057,2.3312,890,0.0651,45,0
2022,2,8470610,NYI,2022-04-14,2.4975,963,1.8019,657,0.4323,187,0
2022,2,8470966,"SEA,TOR",2022-04-29,2.5035,1034,2.1191,877,0.3285,123,1
2022,2,8470966,"SEA,TOR",2022-04-26,2.5106,1099,2.1495,910,0.0722,42,1
2022,2,8470966,"SEA,TOR",2022-04-24,2.9774,1371,2.4752,1111,0.1876,84,0
2022,2,8470966,"SEA,TOR",2022-04-23,2.3792,1043,2.2444,988,0.1253,46,0
2022,2,8470966,"SEA,TOR",2022-04-21,2.3691,1054,1.7124,760,0.411,178,0
2022,2,8470966,"SEA,TOR",2022-04-19,2.4944,1115,1.9368,865,0.3674,142,1
2022,2,8470966,"SEA,TOR",2022-04-17,2.4963,1184,2.2762,1063,0.0181,15,1
2022,2,8470966,"SEA,TOR",2022-04-16,2.9295,1289,2.6081,1161,0.255,90,0
2022,2,8470966,"SEA,TOR",2022-04-14,2.7341,1277,1.9297,917,0.5172,214,1
2022,2,8470966,"SEA,TOR",2022-04-12,2.4854,1119,1.8045,789,0.4325,203,1
2022,2,8474031,ANA,2022-04-29,2.9392,1406,2.6667,1230,0.0523,26,0
2022,2,8474031,ANA,2022-04-26,3.2165,1388,2.5322,1072,0.1653,61,0
2022,2,8474031,ANA,2022-04-24,3.4761,1536,3.3197,1442,0.0449,21,1
2022,2,8474031,ANA,2022-04-23,3.3617,1501,2.744,1180,0.1579,75,0
2022,2,8474031,ANA,2022-04-19,2.9291,1315,2.2805,991,0.4772,204,1
2022,2,8474031,ANA,2022-04-17,3.316,1479,2.864,1243,0.1589,51,1
2022,2,8474031,ANA,2022-04-14,2.9784,1410,2.5185,1131,0.1422,71,0
2022,2,8474031,ANA,2022-04-12,3.207,1405,2.7201,1122,0.2354,91,0
2022,2,8474031,ANA,2022-04-10,3.0894,1270,2.3524,939,0.4194,176,0
2022,2,8474031,ANA,2022-04-09,2.9243,1351,2.3516,1047,0.3572,157,0
2022,2,8474578,SJS,2022-04-14,3.181,1354,3.0173,1287,0.1637,67,0
2022,2,8474578,SJS,2022-04-12,3.3525,1507,3.0597,1376,0.1386,58,0
2022,2,8474578,SJS,2022-04-09,3.3055,1513,2.2944,1045,0.64,263,0
2022,2,8474578,SJS,2022-04-07,3.6319,1583,2.7326,1222,0.6132,241,1
2022,2,8474578,SJS,2022-04-05,3.3372,1472,2.5096,1111,0.6034,242,1
2022,2,8474578,SJS,2022-04-02,3.3566,1479,2.814,1265,0.2337,78,1
2022,2,8474578,SJS,2022-03-31,2.8908,1287,2.3696,1043,0.3009,122,0
2022,2,8474578,SJS,2022-03-30,3.0058,1376,2.669,1217,0.2414,108,0
2022,2,8474578,SJS,2022-03-26,3.0727,1350,2.3622,975,0.4135,215,1
2022,2,8474578,SJS,2022-03-24,2.9098,1296,2.5085,1085,0.3093,167,0
2022,2,8474884,MTL,2022-04-29,2.5428,933,2.3116,821,0.2312,112,1
2022,2,8474884,MTL,2022-04-27,2.6435,976,2.4596,895,0.1839,81,0
2022,2,8474884,MTL,2022-04-24,2.8933,1104,2.5655,963,0.3278,141,1
2022,2,8474884,MTL,2022-04-23,3.1485,1169,2.6508,905,0.4836,259,0
2022,2,8474884,MTL,2022-04-21,2.4047,828,2.3211,769,0.0837,59,1
2022,2,8474884,MTL,2022-04-19,2.5832,915,2.3577,824,0.2256,91,1
2022,2,8474884,MTL,2022-04-16,2.7187,1014,2.5412,940,0.0948,37,1
2022,2,8474884,MTL,2022-04-15,2.4156,851,2.242,770,0.1736,81,1
2022,2,8474884,MTL,2022-04-13,2.5318,889,2.0206,682,0.5112,207,0
2022,2,8474884,MTL,2022-04-11,2.719,971,2.4713,868,0.2477,103,1
2022,2,8475200,WSH,2022-04-29,2.9285,1294,2.8056,1237,0.1225,57,0
2022,2,8475200,WSH,2022-04-28,2.5745,1170,2.1318,954,0.3645,175,0
2022,2,8475200,WSH,2022-04-26,3.0451,1265,2.5237,1078,0.4884,187,1
2022,2,8475200,WSH,2022-04-24,3.2374,1428,3.2374,1428,NA,NA,1
2022,2,8475200,WSH,2022-04-22,3.0008,1224,2.5917,1074,0.4091,150,0
2022,2,8475200,WSH,2022-04-20,3.4047,1454,3.4001,1451,0.0046,3,0
2022,2,8475200,WSH,2022-04-18,3.0036,1336,2.9981,1331,NA,NA,0
2022,2,8475200,WSH,2022-04-16,2.4833,1093,2.426,1063,0.0573,30,0
2022,2,8475200,WSH,2022-04-10,2.2835,1086,2.1704,1016,NA,NA,1
2022,2,8475200,WSH,2022-04-09,2.6684,1187,2.4366,1064,0.1681,99,0
2022,2,8476329,ARI,2022-04-29,2.9754,1220,2.5121000000000002,995,0.4206,207,1
2022,2,8476329,ARI,2022-04-27,2.6206,1055,2.1282,788,0.3748,199,0
2022,2,8476329,ARI,2022-04-26,2.8609,1191,2.02,822,0.4898,212,0
2022,2,8476329,ARI,2022-04-23,2.2628,930,1.9106,781,0.265,105,1
2022,2,8476329,ARI,2022-04-22,2.6886,1039,2.5844,1008,NA,NA,1
2022,2,8476329,ARI,2022-04-20,2.6474,975,2.4252,899,0.1953,63,1
2022,2,8476329,ARI,2022-04-18,2.328,863,1.7751,638,0.5529,225,1
2022,2,8476329,ARI,2022-04-16,2.183,855,1.8448,713,0.3382,142,0
2022,2,8476329,ARI,2022-04-14,2.1488,865,1.7645,691,0.3367,141,0
2022,2,8476329,ARI,2022-04-12,2.7552,1038,1.8903,676,0.4955,201,1
2022,2,8476448,VGK,2022-04-29,2.7023,1019,2.3435,877,0.1339,47,0
2022,2,8476448,VGK,2022-04-27,3.1589,1141,2.7147,984,0.2117,70,0
2022,2,8476448,VGK,2022-04-26,3.203,1162,3.066,1118,NA,NA,0
2022,2,8476448,VGK,2022-04-24,3.2884,1178,2.8037,990,0.3572,131,1
2022,2,8476448,VGK,2022-04-20,3.0407,1087,2.6549,945,0.2252,67,1
2022,2,8476448,VGK,2022-04-18,2.5105,886,2.1784,773,0.2001,67,1
2022,2,8476448,VGK,2022-04-16,2.7168,984,2.0766,761,0.393,121,0
2022,2,8476448,VGK,2022-04-14,2.625,917,1.907,662,0.577,198,0
2022,2,8476448,VGK,2022-04-12,2.7217,1030,2.2879,855,0.1339,92,0
2022,2,8476448,VGK,2022-04-09,2.5808,971,2.103,788,0.3959,153,1
2022,2,8476892,STL,2022-04-29,3.2157,1332,2.9371,1184,0.0019,3,1
2022,2,8476892,STL,2022-04-26,2.8615,1273,2.7187,1190,0.0274,9,0
2022,2,8476892,STL,2022-04-24,3.1621,1405,3.012,1320,0.0609,21,0
2022,2,8476892,STL,2022-04-23,3.1395,1304,2.9528,1222,0.0275,8,0
2022,2,8476892,STL,2022-04-21,2.98,1277,2.7368,1155,0.1052,38,0
2022,2,8476892,STL,2022-04-19,3.1134,1295,2.948,1210,0.0031,2,1
2022,2,8476892,STL,2022-04-17,3.1337,1366,2.8622,1235,NA,NA,0
2022,2,8476892,STL,2022-04-16,3.1322,1328,2.8282,1168,8e-4,1,1
2022,2,8476892,STL,2022-04-14,2.104,906,2.0131,860,NA,NA,0
2022,2,8476892,STL,2022-04-12,3.2202,1404,2.9937,1281,0.0124,7,0
2022,2,8477341,NJD,2022-04-26,2.4691,900,2.4691,900,NA,NA,0
2022,2,8477341,NJD,2022-04-24,2.2421,869,2.2421,869,NA,NA,1
2022,2,8477341,NJD,2022-04-23,2.2768,853,1.9541,705,0.3227,148,1
2022,2,8477341,NJD,2022-04-21,2.0997,755,2.0997,755,NA,NA,1
2022,2,8477341,NJD,2022-04-18,2.3684,867,2.3684,867,NA,NA,0
2022,2,8477341,NJD,2022-04-16,1.8452,688,1.8205,669,0.0247,19,0
2022,2,8477341,NJD,2022-04-07,2.2899,809,1.9599,691,0.33,118,1
2022,2,8477341,NJD,2022-04-05,3.0533,1118,2.7524,1005,0.3009,113,1
2022,2,8477341,NJD,2022-04-03,2.3519,888,2.269,858,0.0476,17,1
2022,2,8477341,NJD,2022-04-02,1.8286,687,1.5763,597,0.2523,90,1
2022,2,8477498,EDM,2022-04-22,1.3571,603,1.0033,394,NA,NA,1
2022,2,8477498,EDM,2022-04-20,3.6019,1552,3.2622,1380,0.0019,3,1
2022,2,8477498,EDM,2022-04-16,2.8823,1254,2.4963,1056,NA,NA,1
2022,2,8477498,EDM,2022-04-14,2.8066,1251,2.5297,1113,NA,NA,0
2022,2,8477498,EDM,2022-04-12,3.1777,1379,2.733,1154,NA,NA,0
2022,2,8477498,EDM,2022-04-09,3.5864,1608,3.3047,1431,0.0204,15,1
2022,2,8477498,EDM,2022-04-07,3.2694,1497,3.0026,1371,NA,NA,0
2022,2,8477498,EDM,2022-04-05,3.2796,1309,2.83,1092,NA,NA,0
2022,2,8477498,EDM,2022-04-03,3.1494,1273,3.1494,1273,NA,NA,0
2022,2,8477498,EDM,2022-04-01,3.1383,1323,2.6462,1084,NA,NA,1
2022,2,8478115,TOR,2022-04-29,2.7871,1072,2.5038,949,0.2833,123,1
2022,2,8478115,TOR,2022-04-26,2.6915,951,2.4666,858,NA,NA,1
2022,2,8478115,TOR,2022-04-24,2.7977,951,2.5699,880,0.1876,58,0
2022,2,8478115,TOR,2022-04-23,3.2236,1130,3.1558,1100,0.0678,30,0
2022,2,8478115,TOR,2022-04-21,2.7601,990,2.2315,765,0.213,100,0
2022,2,8478115,TOR,2022-04-19,2.4355,908,2.2269,841,0.0889,26,1
2022,2,8478115,TOR,2022-04-17,2.5835,956,2.3369,840,0.0239,15,1
2022,2,8478115,TOR,2022-04-16,2.5432,870,2.5183,861,0.0248,9,0
2022,2,8478115,TOR,2022-04-14,2.64,923,2.1347,737,0.1922,63,1
2022,2,8478115,TOR,2022-04-12,2.3182,799,2.0638,707,0.039,11,1
2022,2,8478407,SEA,2022-04-23,2.9915,1291,2.8094,1224,0.1742,62,0
2022,2,8478407,SEA,2022-04-22,3.2019,1349,2.7579,1162,0.4216,178,0
2022,2,8478407,SEA,2022-04-20,3.3712,1345,3.2267,1270,0.1445,75,1
2022,2,8478407,SEA,2022-04-18,3.1584,1399,2.3027,979,0.8452,417,1
2022,2,8478407,SEA,2022-04-16,3.6715,1564,3.3525,1447,0.319,117,1
2022,2,8478407,SEA,2022-04-12,3.3287,1407,3.1065,1311,0.2222,96,0
2022,2,8478407,SEA,2022-04-09,3.3425,1458,2.2661,964,0.9341,412,1
2022,2,8478407,SEA,2022-04-07,2.9359,1281,2.7228,1209,0.2072,67,0
2022,2,8478407,SEA,2022-04-06,3.3542,1433,2.7918,1158,0.154,68,0
2022,2,8478407,SEA,2022-04-03,3.3914,1417,3.1009,1326,0.0604,21,1
2022,2,8475855,CAR,2022-04-28,2.1984,798,1.9087,707,NA,NA,1
2022,2,8475855,CAR,2022-04-26,2.5329,1021,2.2374,901,0.0038,2,0
2022,2,8475855,CAR,2022-04-24,2.551,989,2.2996,889,NA,NA,0
2022,2,8475855,CAR,2022-04-23,2.2756,901,1.9518,779,NA,NA,0
2022,2,8475855,CAR,2022-04-21,2.2696,889,2.1238,832,0.0287,19,1
2022,2,8475855,CAR,2022-04-18,2.4425,924,1.9591,713,NA,NA,0
2022,2,8475855,CAR,2022-04-16,2.1704,861,1.8336,731,NA,NA,0
2022,2,8475855,CAR,2022-04-14,2.0496,877,2.002,850,0.0011,1,1
2022,2,8475855,CAR,2022-04-12,2.4546,983,2.2207,895,NA,NA,0
2022,2,8475855,CAR,2022-04-10,2.2536,927,1.9324,793,0.0453,27,1
2022,2,8476871,VAN,2022-04-07,0.7854,268,0.7455,245,NA,NA,0
2022,2,8476871,VAN,2022-04-06,2.2084,861,1.9617,774,0.118,34,0
2022,2,8476871,VAN,2022-04-03,2.5363,996,2.0711,820,0.1539,42,1
2022,2,8476871,VAN,2022-03-30,2.9386,1166,2.7307,1077,0.1607,69,1
2022,2,8476871,VAN,2022-03-28,2.2683,972,1.9025,803,0.1174,51,0
2022,2,8476871,VAN,2022-03-26,2.5627,1085,2.2257,914,0.0103,6,0
2022,2,8476871,VAN,2022-03-24,2.3232,1028,2.0455,869,0.1117,64,0
2022,2,8476871,VAN,2022-03-23,2.3271,957,2.2503,911,0.0259,12,0
2022,2,8476871,VAN,2022-03-20,2.1785,825,2.0804,787,0.0981,38,1
2022,2,8476871,VAN,2022-03-19,2.6959,1032,2.4053,962,0.2448,47,1
2022,2,8477947,ANA,2022-04-29,2.6804,1066,2.5354,972,0.1451,94,0
2022,2,8477947,ANA,2022-04-26,1.9753,684,1.863,619,0.1123,65,0
2022,2,8477947,ANA,2022-04-24,2.5305,994,2.3946,894,0.1359,100,1
2022,2,8477947,ANA,2022-04-23,1.9023,800,1.7586,691,0.1437,109,0
2022,2,8477947,ANA,2022-04-19,1.9522,840,1.6128,610,0.3394,230,1
2022,2,8477947,ANA,2022-04-17,1.8515,690,1.7467,621,0.1049,69,1
2022,2,8477947,ANA,2022-04-14,1.7531,639,1.6699,590,0.0831,49,0
2022,2,8477947,ANA,2022-04-12,1.9166,839,1.7141,710,0.2025,129,0
2022,2,8477947,ANA,2022-04-10,2.1924,905,1.8148,729,0.3777,176,0
2022,2,8477947,ANA,2022-04-09,3.0761,1257,2.8073,1111,0.2688,146,0
2022,2,8478463,NYI,2022-04-29,2.6994,1038,2.6185,1012,0.0808,26,1
2022,2,8478463,NYI,2022-04-28,2.429,927,2.4237,924,NA,NA,1
2022,2,8478463,NYI,2022-04-19,3.0475,1104,2.8029,1026,0.227,71,1
2022,2,8478463,NYI,2022-04-17,2.5532,969,2.3044,873,0.2488,96,0
2022,2,8478463,NYI,2022-04-15,2.4604,906,2.2424,818,0.0924,44,0
2022,2,8478463,NYI,2022-04-14,2.5252,919,2.0709,749,0.3837,143,0
2022,2,8478463,NYI,2022-04-12,3.637,1353,3.4766,1289,0.1299,54,1
2022,2,8478463,NYI,2022-04-09,2.5322,1016,2.1347,872,0.2961,107,0
2022,2,8478463,NYI,2022-04-08,2.3888,884,1.8507,706,0.5134,171,0
2022,2,8478463,NYI,2022-04-05,2.5781,925,2.4044,864,0.1647,58,0
2022,2,8478474,ARI,2022-03-28,1.9006,853,1.3719,540,0.097,61,0
2022,2,8478474,ARI,2022-03-27,2.6565,961,2.5394,924,NA,NA,0
2022,2,8478474,ARI,2022-03-25,2.5226,956,1.7803,635,0.5075,225,0
2022,2,8478474,ARI,2022-03-22,3.0376,1260,2.0306,806,0.6793,327,1
2022,2,8478474,ARI,2022-03-20,2.5513,948,2.0837,754,0.2865,130,0
2022,2,8478474,ARI,2022-03-19,2.2463,897,1.5983,604,0.3919,160,1
2022,2,8478474,ARI,2022-03-15,2.6821,1056,2.133,806,0.3884,200,0
2022,2,8478474,ARI,2022-03-14,2.8135,1099,2.2668,841,0.2247,121,0
2022,2,8478474,ARI,2022-03-12,2.6591,1056,2.2332,852,0.2463,136,0
2022,2,8478474,ARI,2022-03-10,2.4581,889,2.236,810,0.2221,79,0
2022,2,8480145,WPG,2022-05-01,2.8892,1172,2.6306,1130,0.0972,42,1
2022,2,8480145,WPG,2022-04-29,3.0194,1201,2.3184,916,0.5016,181,1
2022,2,8480145,WPG,2022-04-27,2.7708,1078,1.949,746,0.4414,153,1
2022,2,8480145,WPG,2022-04-24,2.6658,1117,2.4039,999,0.1299,55,1
2022,2,8480145,WPG,2022-04-21,2.5421,1110,2.3592,1049,0.1829,61,0
2022,2,8480145,WPG,2022-04-19,3.1457,1304,2.9708,1237,0.1749,67,0
2022,2,8480145,WPG,2022-04-16,2.8048,1164,2.6498,1098,0.155,66,0
2022,2,8480145,WPG,2022-04-15,2.6343,1112,2.169,929,0.4653,183,0
2022,2,8480145,WPG,2022-04-11,2.8724,1216,2.7768,1182,0.0956,34,0
2022,2,8480145,WPG,2022-04-10,2.6925,1171,2.331,1008,0.3299,148,0
2022,2,8480797,PHI,2022-04-29,2.815,1150,2.2456,872,0.2449,118,1
2022,2,8480797,PHI,2022-04-27,2.9109,1043,1.8519,637,0.8417,311,0
2022,2,8480797,PHI,2022-04-25,2.7062,1074,1.7813,647,0.5359,206,0
2022,2,8480797,PHI,2022-04-24,3.1611,1174,2.4158,866,0.5681,244,1
2022,2,8480797,PHI,2022-04-21,2.8133,1017,2.1999,760,0.485,171,0
2022,2,8480797,PHI,2022-04-19,2.5198,954,2.0057,733,0.2895,110,0
2022,2,8480797,PHI,2022-04-17,2.8396,1096,2.5704,963,0.2301,119,1
2022,2,8480797,PHI,2022-04-16,3.2699,1243,2.1209,779,0.7175,258,0
2022,2,8480797,PHI,2022-04-13,3.0575,1166,2.4624,911,0.4277,161,1
2022,2,8480797,PHI,2022-04-12,2.3515,894,2.0681,773,0.1403,51,0
2022,2,8475151,NYI,2022-04-29,2.4407,921,2.3828,897,0.0579,24,1
2022,2,8475151,NYI,2022-04-28,2.2637,854,2.0011,743,0.069,29,1
2022,2,8475151,NYI,2022-04-26,2.7165,1050,2.5289,966,0.1181,56,0
2022,2,8475151,NYI,2022-04-24,2.7737,1125,2.3982,959,0.3756,166,1
2022,2,8475151,NYI,2022-04-23,2.7136,1069,2.2422,848,0.1851,94,0
2022,2,8475151,NYI,2022-04-21,2.4913,949,2.4536,928,0.0378,21,1
2022,2,8475151,NYI,2022-04-19,2.2648,887,2.0688,809,0.196,78,1
2022,2,8475151,NYI,2022-04-17,2.6314,981,2.3814,884,0.25,97,0
2022,2,8475151,NYI,2022-04-15,2.4763,972,2.3836,927,0.0927,45,0
2022,2,8475151,NYI,2022-04-14,2.4714,871,2.0696,690,0.4018,180,0
2022,2,8476399,CGY,2022-04-29,2.5482,879,2.137,721,0.1449,70,0
2022,2,8476399,CGY,2022-04-28,2.1254,735,1.9965,686,0.0121,6,0
2022,2,8476399,CGY,2022-04-26,2.2563,803,1.7779,640,0.0724,30,0
2022,2,8476399,CGY,2022-04-23,2.2877,799,2.1874,765,NA,NA,1
2022,2,8476399,CGY,2022-04-21,2.2652,791,1.916,657,0.0159,10,1
2022,2,8476399,CGY,2022-04-19,2.3135,772,2.0372,684,NA,NA,0
2022,2,8476399,CGY,2022-04-18,1.8095,639,1.6357,580,NA,NA,0
2022,2,8476399,CGY,2022-04-16,2.5252,900,2.2934,817,NA,NA,1
2022,2,8476399,CGY,2022-04-14,2.1426,716,1.747,583,0.0075,3,1
2022,2,8476399,CGY,2022-04-12,2.5268,885,2.304,809,0.0546,16,1
2022,2,8476624,NYR,2022-04-29,2.4325,1024,1.8582,766,0.1689,76,1
2022,2,8476624,NYR,2022-04-27,2.6275,1048,2.3409,880,0.1607,113,1
2022,2,8476624,NYR,2022-04-26,2.6742,1048,2.4676,980,NA,NA,1
2022,2,8476624,NYR,2022-04-23,2.1935,834,1.6952,636,0.261,90,0
2022,2,8476624,NYR,2022-04-21,2.4826,936,2.4432,915,NA,NA,0
2022,2,8476624,NYR,2022-04-19,2.3407,953,2.1445,876,NA,NA,1
2022,2,8476624,NYR,2022-04-16,2.5472,990,2.3264,901,NA,NA,1
2022,2,8476624,NYR,2022-04-13,2.0719,754,1.9269,677,NA,NA,0
2022,2,8476624,NYR,2022-04-12,2.2517,814,2.0135,743,0.0077,3,1
2022,2,8476624,NYR,2022-04-09,2.1017,779,2.0155,751,NA,NA,1
2022,2,8477456,COL,2022-04-29,2.5801,1317,1.6157,715,0.5414,386,0
2022,2,8477456,COL,2022-04-28,1.8064,751,1.58,611,0.1924,121,1
2022,2,8477456,COL,2022-04-26,2.157,932,1.7881,770,0.326,143,1
2022,2,8477456,COL,2022-04-24,2.4918,978,2.1098,821,0.2177,70,0
2022,2,8477456,COL,2022-04-22,2.408,989,1.9398,720,0.4682,269,0
2022,2,8477456,COL,2022-04-20,2.6218,1029,2.5746000000000002,1006,0.0472,23,0
2022,2,8477456,COL,2022-04-18,2.6854,1002,2.541,911,0.1152,84,1
2022,2,8477456,COL,2022-04-16,2.9692,1175,2.3595,893,0.3994,192,1
2022,2,8477456,COL,2022-04-14,2.5213,998,2.3171,900,0.1065,66,1
2022,2,8477456,COL,2022-04-13,2.1595,792,2.1595,792,NA,NA,1
2022,2,8477989,MTL,2022-04-29,2.4024,872,2.1242,740,0.2153,111,1
2022,2,8477989,MTL,2022-04-27,2.4502,918,2.1911,795,0.1227,71,0
2022,2,8477989,MTL,2022-04-24,2.6658,1078,2.3082,818,0.2614,224,1
2022,2,8477989,MTL,2022-04-23,2.7275,1025,1.8779,640,0.548,267,0
2022,2,8477989,MTL,2022-04-21,2.7094,1019,2.2194,776,0.1396,99,1
2022,2,8477989,MTL,2022-04-19,2.662,1005,2.0532,732,0.4068,194,1
2022,2,8477989,MTL,2022-04-16,2.9281,1135,2.1526,782,0.2146,97,1
2022,2,8477989,MTL,2022-04-15,2.567,932,2.0803,699,0.3022,159,1
2022,2,8477989,MTL,2022-04-13,2.4319,900,1.63,545,0.4097,171,0
2022,2,8477989,MTL,2022-04-11,2.4339,874,2.2282,797,0.0479,17,1
2022,2,8478046,PIT,2022-04-29,1.6699,663,1.4647,589,0.2052,74,1
2022,2,8478046,PIT,2022-04-26,1.7001,568,1.7001,568,NA,NA,1
2022,2,8478046,PIT,2022-04-24,1.9306,663,1.9306,663,NA,NA,0
2022,2,8478046,PIT,2022-04-23,2.0132,754,2.0132,754,NA,NA,0
2022,2,8478046,PIT,2022-04-21,2.1032,777,2.1032,777,NA,NA,1
2022,2,8478046,PIT,2022-04-16,1.9134,620,1.7611,563,0.1523,57,0
2022,2,8478046,PIT,2022-04-14,1.6555,536,1.6555,536,NA,NA,1
2022,2,8478046,PIT,2022-04-12,2.0984,763,1.9259,701,0.1725,62,0
2022,2,8478046,PIT,2022-04-10,1.2242,505,1.1694,485,NA,NA,1
2022,2,8478046,PIT,2022-04-09,1.629,575,1.629,575,NA,NA,1
2022,2,8478882,CBJ,2022-04-29,3.3729,1553,2.5543,1145,0.1876,68,0
2022,2,8478882,CBJ,2022-04-28,3.0982,1454,2.478,1073,0.0385,17,1
2022,2,8478882,CBJ,2022-04-26,2.9265,1313,2.7899,1240,0.0219,11,0
2022,2,8478882,CBJ,2022-04-24,3.0367,1527,2.5902,1243,NA,NA,1
2022,2,8478882,CBJ,2022-04-22,3.7667,1700,3.4724,1492,NA,NA,1
2022,2,8478882,CBJ,2022-04-19,3.2216,1452,2.984,1315,0.029,10,0
2022,2,8478882,CBJ,2022-04-17,3.285,1448,3.1417,1356,8e-4,1,0
2022,2,8478882,CBJ,2022-04-16,2.9473,1317,2.4887,1047,0.0153,8,0
2022,2,8478882,CBJ,2022-04-13,2.5676,1263,2.1349,976,NA,NA,1
2022,2,8478882,CBJ,2022-04-09,2.8074,1195,2.8074,1195,NA,NA,0
2022,2,8481618,COL,2022-04-29,2.0528,803,1.7824,712,0.2196,80,0
2022,2,8481618,COL,2022-04-26,1.5238,637,1.2537,510,0.2701,127,1
2022,2,8481618,COL,2022-04-24,1.9163,711,1.7069,630,0.2094,81,0
2022,2,8481618,COL,2022-04-22,1.847,654,1.4406,492,0.4065,162,0
2022,2,8481618,COL,2022-04-20,2.0274,676,1.8731,614,0.1544,62,0
2022,2,8481618,COL,2022-04-18,2.3468,824,2.1586,739,0.1881,85,1
2022,2,8481618,COL,2022-04-16,2.035,787,1.6283,617,0.4066,170,1
2022,2,8481618,COL,2022-04-14,1.886,704,1.7303,639,0.1557,65,1
2022,2,8481618,COL,2022-04-13,2.9226,1016,2.9226,1016,NA,NA,1
2022,2,8481618,COL,2022-04-09,2.1131,813,1.9427,739,0.1704,74,0
2022,2,8470600,DAL,2022-04-29,3.7066,1523,3.4752,1415,0.1415,49,1
2022,2,8470600,DAL,2022-04-27,3.3292,1382,2.6111,1079,0.4877,193,1
2022,2,8470600,DAL,2022-04-26,3.5607,1469,3.3824,1395,0.1783,74,1
2022,2,8470600,DAL,2022-04-23,3.5239,1446,3.2217,1320,0.1808,66,1
2022,2,8470600,DAL,2022-04-21,3.6009,1523,2.749,1151,0.5158,170,0
2022,2,8470600,DAL,2022-04-20,3.1598,1312,2.5742,1070,0.3698,142,0
2022,2,8470600,DAL,2022-04-18,3.3408,1385,3.2208,1326,NA,NA,0
2022,2,8470600,DAL,2022-04-16,3.6144,1457,3.2005,1275,0.14,61,1
2022,2,8470600,DAL,2022-04-14,3.3378,1331,2.8868,1169,0.451,162,1
2022,2,8470600,DAL,2022-04-12,3.3959,1416,2.8064,1144,0.2404,86,1
2022,2,8476981,MTL,2022-04-29,3.1346,1179,2.8221,1051,0.3125,128,1
2022,2,8476981,MTL,2022-04-27,2.6883,1000,2.565,954,0.1234,46,0
2022,2,8476981,MTL,2022-04-24,2.7606,1010,2.593,934,0.1676,76,1
2022,2,8476981,MTL,2022-04-23,2.3592,879,1.9522,709,0.407,170,0
2022,2,8476981,MTL,2022-04-21,2.9016,1064,2.8391,1003,0.0625,61,1
2022,2,8476981,MTL,2022-04-19,3.201,1235,2.8282,1059,0.3729,176,1
2022,2,8476981,MTL,2022-04-16,2.5324,948,2.2575,818,0.2081,103,1
2022,2,8476981,MTL,2022-04-15,2.7396,1038,2.5108,881,0.2288,157,1
2022,2,8476981,MTL,2022-04-13,2.7994,1116,2.4708,927,0.3286,189,0
2022,2,8476981,MTL,2022-04-11,2.7283,962,2.5456,859,0.1827,103,1
2022,2,8477220,WPG,2022-05-01,2.4603,1049,2.3184,986,0.1114,41,1
2022,2,8477220,WPG,2022-04-29,3.027,1264,2.3846,998,0.4264,159,1
2022,2,8477220,WPG,2022-04-27,2.5975,1100,2.0735,889,0.3701,141,1
2022,2,8477220,WPG,2022-04-21,2.49,1152,1.9891,913,0.1435,55,0
2022,2,8477220,WPG,2022-04-19,3.0104,1371,2.8177,1271,0.1028,49,0
2022,2,8477220,WPG,2022-04-16,2.9059,1268,2.6388,1162,0.1774,57,0
2022,2,8477220,WPG,2022-04-15,2.6428,1141,2.0328,899,0.4963,195,0
2022,2,8477220,WPG,2022-04-11,2.6074,1209,2.4499,1148,0.1183,42,0
2022,2,8477220,WPG,2022-04-10,2.4544,1150,2.1258,1007,0.259,99,0
2022,2,8477220,WPG,2022-04-08,2.9336,1354,2.3665,1043,0.3092,132,1
2022,2,8477330,CHI,2022-04-29,2.2609,921,2.1443,872,0.1166,49,0
2022,2,8477330,CHI,2022-04-27,2.5964,1053,2.3957,947,0.2008,106,1
2022,2,8477330,CHI,2022-04-25,2.2456,857,1.8809,690,0.3647,167,1
2022,2,8477330,CHI,2022-04-23,2.4385,883,2.4385,879,NA,NA,0
2022,2,8477330,CHI,2022-04-21,2.2433,913,2.1734,866,0.0696,47,0
2022,2,8477330,CHI,2022-04-20,2.4428,973,2.0337,789,0.4091,184,0
2022,2,8477330,CHI,2022-04-18,2.3649,909,2.1803,834,0.1846,75,1
2022,2,8477330,CHI,2022-04-16,1.9251,770,1.5859,613,0.3392,157,0
2022,2,8477330,CHI,2022-04-07,1.8236,694,1.6484,624,0.1752,70,1
2022,2,8477330,CHI,2022-04-03,1.7197,774,1.6069,690,0.1128,84,1
2022,2,8477426,"OTT,TBL",2022-04-29,2.4609,860,2.4173,834,NA,NA,0
2022,2,8477426,"OTT,TBL",2022-04-28,2.5753,911,1.9598,691,0.1452,55,0
2022,2,8477426,"OTT,TBL",2022-04-26,2.521,969,2.3,876,NA,NA,1
2022,2,8477426,"OTT,TBL",2022-04-24,2.6171,1021,2.0669,778,0.0275,13,0
2022,2,8477426,"OTT,TBL",2022-04-23,2.6885,1017,2.2219,797,NA,NA,1
2022,2,8477426,"OTT,TBL",2022-04-21,2.4381,898,1.8325,636,0.1481,56,1
2022,2,8477426,"OTT,TBL",2022-04-19,2.4778,926,2.2581,824,0.0049,3,1
2022,2,8477426,"OTT,TBL",2022-04-16,2.4208,921,2.3617,893,NA,NA,1
2022,2,8477426,"OTT,TBL",2022-04-14,2.3265,901,2.1577,831,NA,NA,1
2022,2,8477426,"OTT,TBL",2022-04-12,2.3053,852,1.9914,735,NA,NA,0
2022,2,8477953,PIT,2022-04-29,1.8518,659,1.8518,659,NA,NA,1
2022,2,8477953,PIT,2022-04-26,2.2645,784,2.0272,696,0.2374,88,1
2022,2,8477953,PIT,2022-04-23,1.925,720,1.925,720,NA,NA,0
2022,2,8477953,PIT,2022-04-21,1.5356,596,1.5356,596,NA,NA,1
2022,2,8477953,PIT,2022-04-16,1.2215,426,1.0222,360,0.1993,66,0
2022,2,8477953,PIT,2022-04-14,0.8165,339,0.7181,292,0.0984,47,1
2022,2,8477953,PIT,2022-04-12,1.9907,733,1.7955,664,0.1952,69,0
2022,2,8477953,PIT,2022-04-10,1.8479,661,1.8479,661,NA,NA,1
2022,2,8477953,PIT,2022-04-09,1.8873,737,1.7357,693,0.1516,44,1
2022,2,8477953,PIT,2022-04-07,2.2938,862,2.0524,762,0.2414,100,0
2022,2,8478366,"FLA,NYR",2022-04-29,1.186,673,1.095,599,0.0909,74,1
2022,2,8478366,"FLA,NYR",2022-04-27,2.7537,1003,2.4536,891,0.2903,108,1
2022,2,8478366,"FLA,NYR",2022-04-26,2.9186,1084,2.6815,1004,0.2371,80,1
2022,2,8478366,"FLA,NYR",2022-04-23,2.464,910,2.2566,849,0.2074,61,0
2022,2,8478366,"FLA,NYR",2022-04-21,2.4287,900,2.4287,900,NA,NA,0
2022,2,8478366,"FLA,NYR",2022-04-19,2.4918,931,2.406,888,0.0858,43,1
2022,2,8478366,"FLA,NYR",2022-04-16,2.4483,956,2.1294,806,0.319,150,1
2022,2,8478366,"FLA,NYR",2022-04-13,1.9532,703,1.8496,672,0.1036,31,0
2022,2,8478366,"FLA,NYR",2022-04-12,2.5259,921,2.201,809,0.3249,112,1
2022,2,8478366,"FLA,NYR",2022-04-09,2.2974,891,2.2502,868,0.0471,23,1
2022,2,8479346,CGY,2022-04-29,2.3036,846,1.9541,694,0.1497,70,0
2022,2,8479346,CGY,2022-04-28,2.2887,766,1.8702,622,0.347,126,0
2022,2,8479346,CGY,2022-04-26,2.4949,862,1.8293,615,0.5136,192,0
2022,2,8479346,CGY,2022-04-23,2.2697,858,2.006,744,0.1677,79,1
2022,2,8479346,CGY,2022-04-21,2.2628,753,1.925,644,0.1455,50,1
2022,2,8479346,CGY,2022-04-19,2.2578,816,1.9693,696,0.189,79,0
2022,2,8479346,CGY,2022-04-18,2.4262,842,1.8415,625,0.4448,164,0
2022,2,8479346,CGY,2022-04-16,2.6781,929,2.4303,813,0.1209,65,1
2022,2,8479346,CGY,2022-04-14,2.2784,837,1.7834,627,0.3197,135,1
2022,2,8479346,CGY,2022-04-12,2.6617,974,2.2274,796,0.3158,134,1
2022,2,8480029,OTT,2022-04-29,2.663,959,2.0562,739,0.3278,93,0
2022,2,8480029,OTT,2022-04-28,2.8828,1010,2.0842,721,0.3701,121,1
2022,2,8480029,OTT,2022-04-26,3.0668,1053,2.7459,940,NA,NA,1
2022,2,8480029,OTT,2022-04-23,2.585,933,1.5157,525,0.2974,88,1
2022,2,8480029,OTT,2022-04-22,2.7375,1081,2.3905,939,0.2034,81,0
2022,2,8480029,OTT,2022-04-19,3.5393,1254,3.056,1071,0.0036,2,0
2022,2,8480029,OTT,2022-04-18,2.6927,962,2.2776,807,0.1317,48,0
2022,2,8480029,OTT,2022-04-16,3.6775,1289,3.3201,1132,0.0624,30,1
2022,2,8480029,OTT,2022-04-14,2.9218,1045,1.6822,597,0.4438,157,0
2022,2,8480029,OTT,2022-04-12,2.4935,862,2.1959,757,0.0845,34,0
2022,2,8481577,NSH,2022-04-29,1.8191,689,1.6849,631,0.1342,58,0
2022,2,8481577,NSH,2022-04-28,2.1791,754,1.9671,673,0.2121,81,0
2022,2,8481577,NSH,2022-04-26,2.1734,790,1.5517,571,0.6218,219,1
2022,2,8481577,NSH,2022-04-24,1.7978,667,1.3355,506,0.4623,161,1
2022,2,8481577,NSH,2022-04-23,2.1497,768,1.6909,599,0.4588,169,0
2022,2,8481577,NSH,2022-04-19,1.4637,532,1.2794,456,0.1843,76,1
2022,2,8481577,NSH,2022-04-17,1.9421,725,1.6646,597,0.2775,128,1
2022,2,8481577,NSH,2022-04-16,1.6643,633,1.5778,589,0.0865,44,1
2022,2,8481577,NSH,2022-04-14,2.1929,783,2.0396,701,0.1534,82,1
2022,2,8481577,NSH,2022-04-12,2.301,847,2.1142,764,0.1868,83,1
2022,2,8481624,TOR,2022-04-29,2.6744,897,2.2755,769,0.3989,128,1
2022,2,8481624,TOR,2022-04-26,2.4732,919,2.2716,839,NA,NA,1
2022,2,8481624,TOR,2022-04-24,2.8473,1069,2.5419,952,0.1439,50,0
2022,2,8481624,TOR,2022-04-23,3.1427,1109,3.0288,1072,0.1139,37,0
2022,2,8481624,TOR,2022-04-21,2.5404,955,1.8855,647,0.4072,155,0
2022,2,8481624,TOR,2022-04-19,2.7446,1010,2.0577,755,0.4707,153,1
2022,2,8481624,TOR,2022-04-17,2.7329,1047,2.6074,986,0.0177,15,1
2022,2,8481624,TOR,2022-04-16,2.6574,974,2.2817,843,0.2984,92,0
2022,2,8481624,TOR,2022-04-14,2.2285,793,1.3707,494,0.3772,139,1
2022,2,8481624,TOR,2022-04-12,2.3238,919,1.796,684,0.2746,131,1
2022,2,8482142,ANA,2022-04-29,2.8108,1211,2.6267,1112,0.1755,94,0
2022,2,8482142,ANA,2022-04-26,2.8875,1175,2.7021,1110,0.1854,65,0
2022,2,8482142,ANA,2022-04-24,2.5803,1097,2.3939,1000,0.1863,97,1
2022,2,8482142,ANA,2022-04-23,2.8428,1170,2.6187,1068,0.2241,102,0
2022,2,8482142,ANA,2022-04-19,3.1481,1315,2.7403,1114,0.4078,201,1
2022,2,8482142,ANA,2022-04-17,2.2916,996,2.1413,938,0.1503,58,1
2022,2,8482142,ANA,2022-04-14,2.5218,1054,2.4159,1005,0.1058,49,0
2022,2,8482142,ANA,2022-04-12,2.5993,1203,2.3133,1100,0.2834,100,0
2022,2,8482142,ANA,2022-04-10,3.0526,1309,2.6045,1127,0.4481,182,0
2022,2,8482142,ANA,2022-04-09,2.924,1251,2.7343,1177,0.1897,74,0
2022,2,8473563,WSH,2022-04-28,2.678,1033,1.9859,755,0.6922,278,0
2022,2,8473563,WSH,2022-04-26,2.8086,1077,2.0237,759,0.7518,318,1
2022,2,8473563,WSH,2022-04-24,2.6716,1041,2.0264,755,0.6452,286,1
2022,2,8473563,WSH,2022-04-22,2.3528,869,1.6494,616,0.7034,253,0
2022,2,8473563,WSH,2022-04-20,2.8535,1006,2.5621,886,0.2913,120,0
2022,2,8473563,WSH,2022-04-18,2.0585,759,1.896,693,0.1625,66,0
2022,2,8473563,WSH,2022-04-16,2.58,1059,1.8462,700,0.7339,359,0
2022,2,8473563,WSH,2022-04-14,2.6248,1003,1.9825,736,0.6349,263,0
2022,2,8473563,WSH,2022-04-12,2.2599,845,2.1124,784,0.1475,61,1
2022,2,8473563,WSH,2022-04-09,2.7895,1095,2.4073,925,0.3822,170,0
2022,2,8474040,DET,2022-04-29,2.4194,1018,2.2428,948,NA,NA,0
2022,2,8474040,DET,2022-04-26,2.6641,1127,2.3632,949,0.0192,10,0
2022,2,8474040,DET,2022-04-24,2.7911,1172,2.4287,1000,0.0122,12,0
2022,2,8474040,DET,2022-04-23,2.4095,955,2.3381,917,NA,NA,1
2022,2,8474040,DET,2022-04-21,2.5331,1085,1.8979,737,NA,NA,0
2022,2,8474040,DET,2022-04-19,1.6968,730,1.3585,580,NA,NA,0
2022,2,8474040,DET,2022-04-17,2.4974,1010,1.8828,748,0.3779,150,1
2022,2,8474040,DET,2022-04-16,2.482,954,1.8915,727,0.1631,58,0
2022,2,8474040,DET,2022-04-14,2.2559,905,1.5782,634,0.1742,53,0
2022,2,8474040,DET,2022-04-12,1.0293,679,0.8602,491,0.1692,133,1
2022,2,8474189,WSH,2022-04-29,2.5491,953,2.1759,821,0.0554,15,0
2022,2,8474189,WSH,2022-04-28,2.3289,802,2.1607,729,NA,NA,0
2022,2,8474189,WSH,2022-04-26,2.1989,826,2.1947,824,0.0042,2,1
2022,2,8474189,WSH,2022-04-24,2.533,895,2.3981,842,NA,NA,1
2022,2,8474189,WSH,2022-04-22,2.704,996,2.704,996,NA,NA,0
2022,2,8474189,WSH,2022-04-20,2.7288,973,2.578,904,0.0054,4,0
2022,2,8474189,WSH,2022-04-18,2.9479,1113,2.7489,1036,NA,NA,0
2022,2,8474189,WSH,2022-04-16,2.2911,878,2.0983,803,NA,NA,0
2022,2,8474189,WSH,2022-04-14,2.1671,807,1.6685,621,NA,NA,0
2022,2,8474189,WSH,2022-04-12,2.581,924,2.1586,751,0.3403,140,1
2022,2,8474563,LAK,2022-03-07,3.2225,1435,2.9113,1285,0.1851,77,0
2022,2,8474563,LAK,2022-03-06,3.6913,1542,3.3413,1401,0.2306,90,0
2022,2,8474563,LAK,2022-03-04,4.2846,1659,4.1571,1610,0.1275,49,0
2022,2,8474563,LAK,2022-03-02,3.9858,1691,3.416,1419,0.264,109,0
2022,2,8474563,LAK,2022-02-28,3.2482,1333,2.7827,1100,0.3064,148,1
2022,2,8474563,LAK,2022-02-26,3.6832,1584,2.6038,1095,0.7779,355,1
2022,2,8474563,LAK,2022-02-25,3.4982,1525,2.6841,1188,0.5183,205,0
2022,2,8474563,LAK,2022-02-23,3.6995,1612,3.2382,1388,0.2812,108,0
2022,2,8474563,LAK,2022-02-19,3.5203,1582,2.6461,1111,0.4583,244,0
2022,2,8474563,LAK,2022-02-15,3.7749,1651,2.3928,1020,0.8683,392,1
2022,2,8475218,NSH,2022-04-28,3.0642,1313,2.3725,966,0.2297,82,0
2022,2,8475218,NSH,2022-04-26,3.6523,1496,2.6646,1090,0.5957,198,1
2022,2,8475218,NSH,2022-04-24,2.8788,1285,1.9197,784,0.4394,159,1
2022,2,8475218,NSH,2022-04-23,3.0695,1269,2.5011,997,0.4015,173,0
2022,2,8475218,NSH,2022-04-19,3.5985,1536,3.1247,1299,0.2479,104,1
2022,2,8475218,NSH,2022-04-17,3.0365,1285,2.6486,1129,0.3824,150,1
2022,2,8475218,NSH,2022-04-16,3.8958,1664,3.3028,1365,0.0919,43,1
2022,2,8475218,NSH,2022-04-14,3.0169,1351,2.4442,1036,0.2172,94,1
2022,2,8475218,NSH,2022-04-12,3.7093,1428,3.2359,1227,0.313,113,1
2022,2,8475218,NSH,2022-04-10,3.6446,1466,3.1217,1228,0.394,163,0
2022,2,8475763,PHI,2022-04-29,3.1583,1258,2.4146,926,0.24,134,1
2022,2,8475763,PHI,2022-04-27,2.7431,1111,1.8537,696,0.6442,319,0
2022,2,8475763,PHI,2022-04-25,3.1536,1243,2.2543,831,0.5223,256,0
2022,2,8475763,PHI,2022-04-24,3.6214,1306,2.9002,973,0.5301,244,1
2022,2,8475763,PHI,2022-04-21,3.2348,1156,2.8563,1003,0.3786,153,0
2022,2,8475763,PHI,2022-04-19,3.0657,1163,2.3079,837,0.2814,134,0
2022,2,8475763,PHI,2022-04-17,3.0948,1214,2.757,1060,0.2726,132,1
2022,2,8475763,PHI,2022-04-16,2.9699,1201,2.2093,822,0.4668,264,0
2022,2,8475763,PHI,2022-04-13,3.0085,1150,2.5901,917,0.2362,161,1
2022,2,8475763,PHI,2022-04-12,2.9907,1078,2.6226,904,0.2717,136,0
2022,2,8476875,PIT,2022-04-29,3.1084,1222,2.6268,1032,0.4808,188,1
2022,2,8476875,PIT,2022-04-26,2.6118,1009,2.3252,899,0.2665,102,1
2022,2,8476875,PIT,2022-04-24,3.0132,1171,2.888,1115,0.0503,22,0
2022,2,8476875,PIT,2022-04-23,2.9929,1190,2.8732,1138,NA,NA,0
2022,2,8476875,PIT,2022-04-21,2.6727,1107,2.592,1068,NA,NA,1
2022,2,8476875,PIT,2022-04-16,2.9192,1307,2.7054,1199,0.2138,108,0
2022,2,8476875,PIT,2022-04-14,2.7805,1133,2.597,1061,0.1834,72,1
2022,2,8476875,PIT,2022-04-12,3.6636,1467,3.4741,1400,0.1895,67,0
2022,2,8476875,PIT,2022-04-10,3.0668,1198,3.0668,1197,NA,NA,1
2022,2,8476875,PIT,2022-04-09,2.7902,1052,2.6359,1006,0.1543,46,1
2022,2,8477948,PHI,2022-04-29,3.2375,1293,2.8087,1053,NA,NA,1
2022,2,8477948,PHI,2022-04-27,3.3951,1351,2.5283,950,0.3445,114,0
2022,2,8477948,PHI,2022-04-25,3.4329,1481,2.3931,978,0.455,178,0
2022,2,8477948,PHI,2022-04-24,3.6611,1608,2.8137,1172,0.487,209,1
2022,2,8477948,PHI,2022-04-21,4.3768,1797,3.8744,1609,0.5024,188,0
2022,2,8477948,PHI,2022-04-19,3.9356,1599,3.2452,1270,0.3208,134,0
2022,2,8477948,PHI,2022-04-17,3.6347,1601,3.2054,1390,0.3512,158,1
2022,2,8477948,PHI,2022-04-16,3.0545,1387,2.0676,908,0.6294,263,0
2022,2,8477948,PHI,2022-04-13,4.0286,1616,3.3596,1267,0.409,161,1
2022,2,8477948,PHI,2022-04-12,3.284,1423,2.9688,1240,0.015,8,0
2022,2,8477987,SEA,2022-05-01,2.3053,865,2.3053,865,NA,NA,0
2022,2,8477987,SEA,2022-04-29,2.7557,1021,2.6425,966,0.1132,55,1
2022,2,8477987,SEA,2022-04-27,2.8373,1102,2.2191,857,0.6182,245,1
2022,2,8477987,SEA,2022-04-26,2.5972,927,2.1408,726,0.4564,201,0
2022,2,8477987,SEA,2022-04-23,2.329,886,2.2009,835,0.1281,51,0
2022,2,8477987,SEA,2022-04-22,2.2272,827,2.1363,785,0.0909,42,0
2022,2,8477987,SEA,2022-04-20,1.8236,661,1.7218,616,0.1018,45,1
2022,2,8477987,SEA,2022-04-18,2.496,995,2.0978,801,0.3982,194,1
2022,2,8477987,SEA,2022-04-16,2.3618,876,2.1637,779,0.1981,96,1
2022,2,8477987,SEA,2022-04-12,2.7514,1082,2.6522,1016,0.0991,66,0
2022,2,8478430,CGY,2022-04-29,2.4932,1005,2.4932,1004,NA,NA,0
2022,2,8478430,CGY,2022-04-28,2.7765,1166,2.5642,1066,0.2122,100,0
2022,2,8478430,CGY,2022-04-26,2.6172,1014,2.5659,995,0.0512,19,0
2022,2,8478430,CGY,2022-04-23,2.9204,1176,2.9204,1176,NA,NA,1
2022,2,8478430,CGY,2022-04-21,2.5922,979,2.5162,940,0.076,39,1
2022,2,8478430,CGY,2022-04-19,3.0085,1146,3.0085,1146,NA,NA,0
2022,2,8478430,CGY,2022-04-18,2.9555,1137,2.9226,1123,0.0329,14,0
2022,2,8478430,CGY,2022-04-16,2.6763,1018,2.6735,1016,0.0028,2,1
2022,2,8478430,CGY,2022-04-14,2.9773,1097,2.8937,1055,NA,NA,1
2022,2,8478430,CGY,2022-03-31,2.0147,746,1.9829,732,0.0319,14,1
2022,2,8478495,DAL,2022-04-29,1.9086,684,1.7805,635,0.1281,49,1
2022,2,8478495,DAL,2022-04-27,2.4104,925,1.9702,708,0.4402,217,1
2022,2,8478495,DAL,2022-04-26,1.8949,688,1.7116,607,0.1832,81,1
2022,2,8478495,DAL,2022-04-23,1.3186,491,1.1415,427,0.177,64,1
2022,2,8478495,DAL,2022-04-20,2.463,878,2.1013,734,0.3617,144,0
2022,2,8478495,DAL,2022-04-18,1.938,677,1.938,677,NA,NA,0
2022,2,8478495,DAL,2022-04-16,2.4661,873,2.3435,812,0.1226,61,1
2022,2,8478495,DAL,2022-04-14,2.5008,965,2.1492,814,0.3516,151,1
2022,2,8478495,DAL,2022-04-12,2.9476,1080,2.4026,834,0.53,241,1
2022,2,8478495,DAL,2022-04-10,2.1331,777,2.1331,777,NA,NA,0
2022,2,8478500,PHI,2022-04-29,4.0482,1601,3.1384,1156,0.2241,103,1
2022,2,8478500,PHI,2022-04-27,3.5515,1452,2.6128,1073,0.5479,188,0
2022,2,8478500,PHI,2022-04-25,4.215,1817,2.662,1071,0.697,263,0
2022,2,8478500,PHI,2022-04-24,3.6497,1503,3.2228,1271,0.271,143,1
2022,2,8478500,PHI,2022-04-21,3.6788,1557,3.2037,1316,0.3238,121,0
2022,2,8478500,PHI,2022-04-19,3.8482,1619,3.1257,1278,0.2671,133,0
2022,2,8478500,PHI,2022-04-17,3.6122,1470,3.1669,1278,0.2825,98,1
2022,2,8478500,PHI,2022-04-16,3.8729,1546,2.809,1108,0.6359,201,0
2022,2,8478500,PHI,2022-04-13,4.1007,1616,3.5445,1347,0.2029,79,1
2022,2,8478500,PHI,2022-04-12,3.3563,1397,2.7821,1109,0.1447,59,0
2022,2,8482109,NYR,2022-04-29,2.8129,1089,2.4738,954,0.3391,135,1
2022,2,8482109,NYR,2022-04-27,2.7156,931,2.3692,814,0.3464,117,1
2022,2,8482109,NYR,2022-04-26,2.4995,862,2.2435,777,0.256,85,1
2022,2,8482109,NYR,2022-04-23,2.3446,821,2.1003,745,0.2443,76,0
2022,2,8482109,NYR,2022-04-21,2.3634,857,2.3634,857,NA,NA,0
2022,2,8482109,NYR,2022-04-19,2.2164,868,2.1156,819,0.1009,49,1
2022,2,8482109,NYR,2022-04-16,2.2398,783,1.965,691,0.2748,92,1
2022,2,8482109,NYR,2022-04-12,1.9648,709,1.6499,617,0.3149,92,1
2022,2,8482109,NYR,2022-04-09,2.1552,828,2.1076,795,0.0476,33,1
2022,2,8482109,NYR,2022-04-07,1.9943,739,1.7599,654,0.2344,85,1
2022,2,8482705,CBJ,2022-04-29,2.3154,818,1.9728,703,0.3426,115,0
2022,2,8482705,CBJ,2022-04-28,2.776,1054,1.8366,685,0.3385,118,1
2022,2,8482705,CBJ,2022-04-26,2.575,890,2.3657,808,0.2093,82,0
2022,2,8482705,CBJ,2022-04-24,1.866,643,1.7849,607,0.0658,28,1
2022,2,8482705,CBJ,2022-04-22,2.519,849,2.3178,770,0.1948,76,1
2022,2,8482705,CBJ,2022-04-19,2.6225,956,2.3373,849,0.2763,103,0
2022,2,8482705,CBJ,2022-04-17,2.4672,934,2.3091,876,0.1581,58,0
2022,2,8482705,CBJ,2022-04-16,2.0927,733,2.0634,716,0.0101,8,0
2022,2,8482705,CBJ,2022-04-13,2.5812,920,2.2076,763,0.1229,60,1
2022,2,8482705,CBJ,2022-04-09,2.3132,803,2.2306,759,0.0826,44,0
2022,2,8471274,MIN,2022-04-28,3.4281,1388,2.9766,1208,0.2303,78,1
2022,2,8471274,MIN,2022-04-26,3.2099,1255,1.8061,690,1.1692,444,1
2022,2,8471274,MIN,2022-04-24,3.1766,1383,2.2772,943,0.7486,329,0
2022,2,8471274,MIN,2022-04-21,2.8569,1175,2.5856,1078,0.2573,95,1
2022,2,8471274,MIN,2022-04-19,2.9619,1162,2.7975,1075,0.0186,6,0
2022,2,8471274,MIN,2022-04-17,2.5532,958,2.3476,885,0.148,46,1
2022,2,8471274,MIN,2022-04-16,2.4774,985,2.4766,984,NA,NA,0
2022,2,8471274,MIN,2022-04-14,2.6548,1046,2.5124,971,NA,NA,0
2022,2,8471274,MIN,2022-04-12,2.6561,1143,2.4936,1069,NA,NA,1
2022,2,8471274,MIN,2022-04-10,2.4069,967,2.312,928,0.076,27,1
2022,2,8475193,NJD,2022-04-24,2.838,1047,2.5946,924,0.2434,123,1
2022,2,8475193,NJD,2022-04-23,2.5418,952,2.0537,766,0.4881,186,1
2022,2,8475193,NJD,2022-04-21,2.4116,878,2.0549,758,0.3568,120,1
2022,2,8475193,NJD,2022-04-18,2.5641,972,2.4373,926,0.1268,46,0
2022,2,8475193,NJD,2022-04-16,2.3056,876,1.9615,750,0.3441,126,0
2022,2,8475193,NJD,2022-04-14,2.1925,887,2.0296,799,0.163,88,0
2022,2,8475193,NJD,2022-04-12,2.2142,866,1.7259,656,0.4883,210,0
2022,2,8475193,NJD,2022-04-07,2.5392,875,2.229,767,0.3102,108,1
2022,2,8475193,NJD,2022-04-05,3.0275,1115,2.7296,1017,0.298,98,1
2022,2,8475193,NJD,2022-04-03,2.6367,961,2.4833,892,0.1246,59,1
2022,2,8475714,"SEA,CGY",2022-04-29,2.1181,804,1.6881,638,0.0699,21,0
2022,2,8475714,"SEA,CGY",2022-04-28,2.2593,863,1.8477,715,0.3414,116,0
2022,2,8475714,"SEA,CGY",2022-04-26,2.4129,869,1.7222,594,0.4799,192,0
2022,2,8475714,"SEA,CGY",2022-04-23,2.1346,864,1.9413,766,0.1426,78,1
2022,2,8475714,"SEA,CGY",2022-04-21,2.1723,791,1.939,704,0.1447,59,1
2022,2,8475714,"SEA,CGY",2022-04-19,2.0809,747,1.8517,639,0.1602,79,0
2022,2,8475714,"SEA,CGY",2022-04-18,2.1193,792,1.7705,629,0.3276,154,0
2022,2,8475714,"SEA,CGY",2022-04-16,2.36,869,2.11,756,0.1292,64,1
2022,2,8475714,"SEA,CGY",2022-04-14,2.0765,786,1.6591,616,0.3426,137,1
2022,2,8475714,"SEA,CGY",2022-04-12,1.9527,734,1.9289,725,0.0209,7,1
2022,2,8475913,VGK,2022-04-29,2.9425,1125,2.6712,986,0.2713,139,0
2022,2,8475913,VGK,2022-04-27,3.2272,1174,3.0156,1090,0.1571,57,0
2022,2,8475913,VGK,2022-04-26,3.5027,1279,3.4179,1230,0.0848,49,0
2022,2,8475913,VGK,2022-04-24,3.2988,1279,2.773,1010,0.4897,252,1
2022,2,8475913,VGK,2022-04-20,2.791,1060,2.6511,981,0.1361,75,1
2022,2,8475913,VGK,2022-04-18,3.1269,1273,2.9973,1202,0.1296,71,1
2022,2,8475913,VGK,2022-04-16,2.7554,1064,2.1737,795,0.5277,251,0
2022,2,8475913,VGK,2022-04-14,2.6408,945,1.9015,654,0.7026,276,0
2022,2,8475913,VGK,2022-04-12,2.5634,1037,1.9038,754,0.4006,262,0
2022,2,8475913,VGK,2022-02-08,2.4863,944,2.2842,859,0.2021,85,0
2022,2,8476374,CBJ,2022-04-24,3.3552,1220,2.691,941,0.1365,82,1
2022,2,8476374,CBJ,2022-04-22,3.2822,1154,2.8232,973,0.0189,7,1
2022,2,8476374,CBJ,2022-04-19,2.888,1078,2.6234,961,0.0243,13,0
2022,2,8476374,CBJ,2022-04-17,2.3246000000000002,924,2.1575,842,NA,NA,0
2022,2,8476374,CBJ,2022-04-16,2.6657,1000,2.044,714,0.0917,31,0
2022,2,8476374,CBJ,2022-04-07,2.2769,844,1.7362,627,0.0627,19,1
2022,2,8476374,CBJ,2022-04-05,2.8475,1109,2.4762,910,NA,NA,0
2022,2,8476374,CBJ,2022-04-04,2.9522,1027,2.6038,887,0.0645,35,1
2022,2,8476374,CBJ,2022-04-02,2.8772,1064,2.6917,935,0.0253,65,0
2022,2,8476374,CBJ,2022-03-31,2.7468,1002,2.5589,933,0.027,8,0
2022,2,8476462,NJD,2022-04-29,3.4225,1428,3.0506,1270,0.1504,71,1
2022,2,8476462,NJD,2022-04-28,3.4105,1288,2.855,1057,0.3632,125,0
2022,2,8476462,NJD,2022-04-26,3.419,1332,2.8666,1151,0.5523,181,0
2022,2,8476462,NJD,2022-04-24,2.9603,1218,2.6243,1091,0.3361,127,1
2022,2,8476462,NJD,2022-04-23,3.3458,1378,2.7407,1132,0.4739,185,1
2022,2,8476462,NJD,2022-04-21,2.8813,1227,2.2687,960,0.6126,267,1
2022,2,8476462,NJD,2022-04-18,2.804,1157,2.5659,1074,0.2381,83,0
2022,2,8476462,NJD,2022-04-16,3.4754,1324,2.8459,1072,0.5965,239,0
2022,2,8476462,NJD,2022-04-14,3.1954,1312,2.7716,1116,0.3627,157,0
2022,2,8476462,NJD,2022-04-12,2.9773,1283,2.2591,928,0.6998,345,0
2022,2,8476463,MIN,2022-04-29,3.0018,1187,1.9637,790,0.7563,259,1
2022,2,8476463,MIN,2022-04-28,3.2746,1388,2.6897,1057,0.0735,36,1
2022,2,8476463,MIN,2022-04-26,3.8148,1536,2.5754,1034,0.781,271,1
2022,2,8476463,MIN,2022-04-24,3.7235,1534,2.9954,1195,0.4285,166,0
2022,2,8476463,MIN,2022-04-22,2.9378,1127,2.5187,941,0.1966,74,1
2022,2,8476463,MIN,2022-04-21,3.0249,1215,2.7735,1123,0.2414,91,1
2022,2,8476463,MIN,2022-04-19,3.1005,1260,2.9271,1164,NA,NA,0
2022,2,8476463,MIN,2022-04-17,3.804,1423,3.0993,1166,0.5542,188,1
2022,2,8476463,MIN,2022-04-16,3.348,1423,2.5941,1034,0.3259,136,0
2022,2,8476463,MIN,2022-04-14,3.7143,1535,3.3314,1370,NA,NA,0
2022,2,8476480,"DET,DAL",2022-04-29,2.7205,1073,2.5024,966,0.1213,48,1
2022,2,8476480,"DET,DAL",2022-04-27,1.7185,655,1.6346,626,NA,NA,1
2022,2,8476480,"DET,DAL",2022-04-26,2.6283,964,2.5183,925,0.11,39,1
2022,2,8476480,"DET,DAL",2022-04-23,1.2841,448,0.9668,343,0.244,80,1
2022,2,8476480,"DET,DAL",2022-04-12,0.702,238,0.5612,189,0.1408,49,1
2022,2,8476480,"DET,DAL",2022-04-10,2.452,989,2.1021,837,0.2138,98,0
2022,2,8476480,"DET,DAL",2022-04-07,1.9924,707,1.5664,521,0.3097,131,1
2022,2,8476480,"DET,DAL",2022-04-05,2.1878,810,1.8087,654,0.2978,119,1
2022,2,8476480,"DET,DAL",2022-04-03,2.1514,775,2.0632,741,0.0882,34,0
2022,2,8476480,"DET,DAL",2022-04-02,2.0317,784,1.9536,755,NA,NA,0
2022,2,8476872,PHI,2022-04-29,2.6734,1025,2.1028,758,0.1676,80,1
2022,2,8476872,PHI,2022-04-27,2.6246,945,2.0588,700,0.3325,143,0
2022,2,8476872,PHI,2022-04-25,2.586,983,1.8541,625,0.3085,166,0
2022,2,8476872,PHI,2022-04-24,3.1626,1172,2.7278,938,0.1726,84,1
2022,2,8476872,PHI,2022-04-21,2.9707,1100,2.5251,899,0.3779,167,0
2022,2,8476872,PHI,2022-04-19,2.4757,929,1.8903,632,0.1902,91,0
2022,2,8476872,PHI,2022-04-17,2.5162,920,2.0025,725,0.2969,101,1
2022,2,8476872,PHI,2022-04-16,2.6177,994,1.9654,703,0.4535,197,0
2022,2,8476872,PHI,2022-04-13,2.6888,973,2.3345,810,0.1848,73,1
2022,2,8476872,PHI,2022-04-12,2.759,1004,2.4655,880,0.1617,61,0
2022,2,8477952,DET,2022-03-10,1.3533,507,0.9337,311,0.4196,196,1
2022,2,8477952,DET,2022-03-08,2.6632,1116,2.3594,938,0.3039,178,1
2022,2,8477952,DET,2022-03-05,2.6513,1060,2.3121,927,0.3391,133,0
2022,2,8477952,DET,2022-03-04,2.847,1035,2.3762,832,0.3622,169,0
2022,2,8477952,DET,2022-03-01,2.5137,994,2.1216,799,0.3921,195,1
2022,2,8477952,DET,2022-02-26,2.8245,1067,2.38,873,0.4446,194,1
2022,2,8477952,DET,2022-02-23,2.2897,959,1.9191,841,0.3706,118,1
2022,2,8477952,DET,2022-02-17,3.3192,1395,2.852,1173,0.4672,222,0
2022,2,8477952,DET,2022-02-14,2.5799,1157,1.8543,753,0.7257,404,0
2022,2,8477952,DET,2022-02-12,2.3045,990,2.0743,843,0.2301,147,1
2022,2,8478472,"TBL,OTT",2022-04-12,2.3865,822,2.0857,708,NA,NA,0
2022,2,8478472,"TBL,OTT",2022-04-10,2.8354,1167,2.3136,958,0.0577,21,1
2022,2,8478472,"TBL,OTT",2022-04-09,3.0128,1167,2.6337,1045,0.2624,73,0
2022,2,8478472,"TBL,OTT",2022-04-07,3.1543,1127,2.3984,870,0.3807,121,1
2022,2,8478472,"TBL,OTT",2022-04-05,2.852,1033,2.4777,864,0.0946,51,0
2022,2,8478472,"TBL,OTT",2022-04-03,3.3368,1207,2.8617,1018,0.225,97,1
2022,2,8478472,"TBL,OTT",2022-04-01,2.3012,878,2.0275,765,0.0164,6,0
2022,2,8478472,"TBL,OTT",2022-03-29,2.2726,859,2.226,834,0.0028,2,0
2022,2,8478472,"TBL,OTT",2022-03-26,2.4942,912,2.3718,860,NA,NA,1
2022,2,8478472,"TBL,OTT",2022-03-24,2.7873,1006,2.6779,976,0.1094,30,0
2022,2,8478851,NSH,2022-04-29,2.9942,1227,2.6065,1021,0.1244,54,0
2022,2,8478851,NSH,2022-04-28,3.307,1354,2.6523,1024,0.1877,72,0
2022,2,8478851,NSH,2022-04-26,3.2912,1393,2.3778,990,0.4713,187,1
2022,2,8478851,NSH,2022-04-24,3.2003,1368,2.1585,853,0.4175,150,1
2022,2,8478851,NSH,2022-04-23,2.9695,1277,2.4817,1034,0.3291,144,0
2022,2,8478851,NSH,2022-04-19,3.0996,1275,2.8233,1128,0.027,8,1
2022,2,8478851,NSH,2022-04-17,3.0131,1216,2.8616,1162,0.1425,48,1
2022,2,8478851,NSH,2022-04-16,3.5297,1606,2.9005,1259,0.0173,13,1
2022,2,8478851,NSH,2022-04-14,2.9464,1225,2.7185,1065,0.0055,3,1
2022,2,8478851,NSH,2022-04-12,3.228,1220,3.0516,1131,0.0146,4,1
2022,2,8474683,ANA,2022-04-23,0.4571,182,0.4571,182,NA,NA,0
2022,2,8474683,ANA,2022-04-19,2.062,963,1.477,594,0.3837,249,1
2022,2,8474683,ANA,2022-04-17,1.8254,754,1.5718,625,0.0224,11,1
2022,2,8474683,ANA,2022-04-14,2.5321,1037,2.0643,797,0.0927,61,0
2022,2,8474683,ANA,2022-04-12,2.4275,1039,2.0035,793,NA,NA,0
2022,2,8474683,ANA,2022-04-10,2.3792,931,2.0996,828,NA,NA,0
2022,2,8474683,ANA,2022-04-09,2.1462,884,1.8679,760,NA,NA,0
2022,2,8474683,ANA,2022-04-06,2.283,976,2.0794,903,NA,NA,1
2022,2,8474683,ANA,2022-04-03,2.152,891,1.9232,783,0.0764,28,1
2022,2,8474683,ANA,2022-04-01,1.8669,946,1.3438,686,0.36,183,0
2022,2,8475149,"SEA,WSH",2022-04-29,3.1771,1172,2.0086,743,1.1684,429,0
2022,2,8475149,"SEA,WSH",2022-04-28,2.8575,1053,2.1877,777,0.6698,276,0
2022,2,8475149,"SEA,WSH",2022-04-26,2.9845,1036,2.4383,875,0.4951,161,1
2022,2,8475149,"SEA,WSH",2022-04-24,2.174,793,2.0626,736,0.1115,57,1
2022,2,8475149,"SEA,WSH",2022-04-22,2.5448,851,1.8934,629,0.6513,222,0
2022,2,8475149,"SEA,WSH",2022-04-20,2.4661,838,2.4661,837,NA,NA,0
2022,2,8475149,"SEA,WSH",2022-04-18,1.7699,625,1.7699,625,NA,NA,0
2022,2,8475149,"SEA,WSH",2022-04-16,2.1641,770,2.0047,711,0.1594,59,0
2022,2,8475149,"SEA,WSH",2022-04-14,2.3167,834,1.8549,673,0.4618,161,0
2022,2,8475149,"SEA,WSH",2022-04-12,2.7599,1027,2.5369,913,0.223,114,1
2022,2,8475171,VAN,2022-04-29,3.508,1361,3.1387,1209,0.246,84,0
2022,2,8475171,VAN,2022-04-28,4.0514,1550,3.6075,1337,2e-4,0,1
2022,2,8475171,VAN,2022-04-26,2.9485,1261,2.1338,852,0.2195,93,1
2022,2,8475171,VAN,2022-04-23,2.7707,1174,2.6013,1082,0.0428,13,0
2022,2,8475171,VAN,2022-04-21,2.6847,1105,2.3211,935,0.1159,39,0
2022,2,8475171,VAN,2022-04-19,3.7842,1409,3.536,1319,0.2482,90,1
2022,2,8475171,VAN,2022-04-18,3.4199,1500,2.9212,1314,0.4681,172,1
2022,2,8475171,VAN,2022-04-14,2.5589,1030,2.0944,832,0.1545,46,1
2022,2,8475171,VAN,2022-04-12,3.5046,1550,2.9616,1295,0.2691,40,1
2022,2,8475171,VAN,2022-04-09,3.5283,1427,2.368,977,0.8201,306,1
2022,2,8478133,MTL,2022-04-29,2.3107,828,2.1967,768,NA,NA,1
2022,2,8478133,MTL,2022-04-27,2.4274,864,2.0552,715,0.1009,41,0
2022,2,8478133,MTL,2022-04-24,2.5735,954,2.4235,899,0.0168,5,1
2022,2,8478133,MTL,2022-04-23,2.8653,1009,2.1195,749,0.0254,8,0
2022,2,8478133,MTL,2022-04-21,2.4818,860,2.22,782,NA,NA,1
2022,2,8478133,MTL,2022-04-16,2.2328,800,1.9761,702,0.0233,12,1
2022,2,8478133,MTL,2022-04-15,2.8121,1040,2.6997,993,NA,NA,1
2022,2,8478133,MTL,2022-04-13,2.3948,843,2.2791,796,0.0441,14,0
2022,2,8478133,MTL,2022-04-11,2.5497,966,2.4802,932,NA,NA,1
2022,2,8478133,MTL,2022-04-09,2.7218,987,2.3187,786,0.0471,15,0
2022,2,8480806,ANA,2022-04-29,2.3707,894,2.2156,812,0.059,26,0
2022,2,8480806,ANA,2022-04-26,2.8565,1045,2.2534,811,0.1875,70,0
2022,2,8480806,ANA,2022-04-24,2.1118,753,1.9235,658,0.0344,20,1
2022,2,8480806,ANA,2022-04-23,2.5011,999,1.8523,660,0.0989,54,0
2022,2,8480806,ANA,2022-04-19,1.813,662,1.813,662,NA,NA,1
2022,2,8480806,ANA,2022-04-17,2.1228,805,1.8574,674,NA,NA,1
2022,2,8480806,ANA,2022-04-14,2.13,790,1.7235,621,NA,NA,0
2022,2,8480806,ANA,2022-04-12,2.2302,870,1.9585,712,NA,NA,0
2022,2,8480806,ANA,2022-04-10,2.6903,1058,1.9064,725,0.3993,184,0
2022,2,8480806,ANA,2022-04-09,2.5136,995,2.1175,819,0.1854,78,0
2022,2,8480829,CAR,2022-04-28,2.6671,969,2.3436,828,0.3235,141,1
2022,2,8480829,CAR,2022-04-16,1.602,636,1.441,554,0.1211,54,0
2022,2,8480829,CAR,2022-04-14,2.3532,920,1.8942,752,0.459,168,1
2022,2,8480829,CAR,2022-03-28,2.1434,800,2.0359,759,0.0884,34,0
2022,2,8480829,CAR,2022-03-26,1.5465,540,1.5403,537,NA,NA,0
2022,2,8480829,CAR,2022-03-24,1.9598,743,1.8505,715,0.1094,28,1
2022,2,8480829,CAR,2022-03-22,1.332,494,1.2542,464,0.0777,30,1
2022,2,8480829,CAR,2022-03-20,2.125,772,1.749,628,0.376,144,1
2022,2,8480829,CAR,2022-03-18,1.906,696,1.6087,591,0.2973,105,1
2022,2,8480829,CAR,2022-03-17,2.0805,792,1.541,620,0.5395,172,0
2022,2,8470606,LAK,2022-04-28,2.6477,1106,2.1365,823,0.5113,283,0
2022,2,8470606,LAK,2022-04-23,1.8614,752,1.8334,739,0.0187,7,1
2022,2,8470606,LAK,2022-04-21,1.9166,753,1.915,752,0.0015,1,1
2022,2,8470606,LAK,2022-04-19,1.9519,710,1.9519,710,NA,NA,0
2022,2,8470606,LAK,2022-04-16,1.7863,680,1.7628,668,0.0235,12,1
2022,2,8470606,LAK,2022-04-13,2.1663,881,2.1511,876,0.0152,5,0
2022,2,8470606,LAK,2022-04-12,1.9385,757,1.9352,757,0.0033,0,0
2022,2,8470606,LAK,2022-03-12,0.9195,366,0.8182,320,0.1014,46,0
2022,2,8470606,LAK,2022-03-10,1.9883,765,1.6008,608,0.3755,153,1
2022,2,8470606,LAK,2022-03-07,2.0109,797,1.6175,646,0.3934,151,0
2022,2,8471887,FLA,2022-04-29,2.2764,898,2.1082,793,0.1682,105,0
2022,2,8471887,FLA,2022-04-28,2.1079,796,1.7819,602,0.326,194,0
2022,2,8471887,FLA,2022-04-26,2.1485,739,2.0334,702,0.1151,37,0
2022,2,8471887,FLA,2022-04-24,2.2376,820,1.8654,669,0.3722,151,1
2022,2,8471887,FLA,2022-04-21,2.2857,838,2.1814,782,0.1042,56,1
2022,2,8471887,FLA,2022-04-19,1.9962,734,1.7429,598,0.2533,136,0
2022,2,8471887,FLA,2022-04-17,2.0805,703,1.9591,657,0.1214,46,0
2022,2,8471887,FLA,2022-04-15,2.2003,768,2.0665,718,0.1337,50,1
2022,2,8471887,FLA,2022-04-12,1.843,693,1.7692,650,0.0738,43,1
2022,2,8471887,FLA,2022-04-09,2.0939,736,1.931,661,0.1629,75,0
2022,2,8474673,TOR,2022-04-29,2.3784,964,2.311,937,0.0674,27,1
2022,2,8474673,TOR,2022-04-26,3.1245,1301,2.7056,1089,NA,NA,1
2022,2,8474673,TOR,2022-04-24,3.1072,1320,2.7078,1115,0.0618,30,0
2022,2,8474673,TOR,2022-04-23,3.1227,1360,3.0264,1296,NA,NA,0
2022,2,8474673,TOR,2022-04-21,2.8977,1217,2.2848,891,NA,NA,0
2022,2,8474673,TOR,2022-04-19,2.702,1178,2.5012,1073,0.0636,29,1
2022,2,8474673,TOR,2022-04-17,2.8697,1266,2.6011,1139,NA,NA,1
2022,2,8474673,TOR,2022-04-16,2.9304,1187,2.6952,1091,0.0342,14,0
2022,2,8474673,TOR,2022-04-14,2.8853,1253,2.2434,936,0.1787,60,1
2022,2,8474673,TOR,2022-04-12,2.638,1127,2.1416,932,NA,NA,1
2022,2,8475690,CGY,2022-04-29,3.0683,1286,2.6521,1070,NA,NA,0
2022,2,8475690,CGY,2022-04-28,2.8006,1103,2.5466,984,0.0282,22,0
2022,2,8475690,CGY,2022-04-26,2.8795,1200,2.1659,840,0.054,24,0
2022,2,8475690,CGY,2022-04-23,3.0738,1281,2.9335,1215,NA,NA,1
2022,2,8475690,CGY,2022-04-21,3.0999,1217,2.5851,976,0.0388,42,1
2022,2,8475690,CGY,2022-04-19,3.3676,1371,2.8782,1102,NA,NA,0
2022,2,8475690,CGY,2022-04-18,3.0992,1183,2.8164,1060,0.011,6,0
2022,2,8475690,CGY,2022-04-16,3.1587,1233,2.881,1088,0.0015,1,1
2022,2,8475690,CGY,2022-04-14,2.9465,1062,2.5201,915,0.0119,5,1
2022,2,8475690,CGY,2022-04-12,3.1267,1294,2.8737,1167,0.049,16,1
2022,2,8476879,EDM,2022-04-29,2.4723,1140,2.2934,1061,NA,NA,1
2022,2,8476879,EDM,2022-04-28,2.8024,1232,2.6914,1178,NA,NA,1
2022,2,8476879,EDM,2022-04-26,2.8819,1271,2.5221,1078,NA,NA,0
2022,2,8476879,EDM,2022-04-24,2.6027,1098,2.1811,905,NA,NA,0
2022,2,8476879,EDM,2022-04-22,2.7589,1242,2.1235,864,NA,NA,1
2022,2,8476879,EDM,2022-04-20,3.2596,1434,2.9367,1263,0.0043,3,1
2022,2,8476879,EDM,2022-04-16,3.1536,1360,2.7399,1141,NA,NA,1
2022,2,8476879,EDM,2022-04-14,2.5078,1165,2.2522,1029,NA,NA,0
2022,2,8476879,EDM,2022-04-12,2.6085,1236,2.19,1010,NA,NA,0
2022,2,8476879,EDM,2022-04-09,3.2314,1462,2.9665,1302,NA,NA,1
2022,2,8476917,NYI,2022-04-29,2.9513,1374,2.8423,1316,0.0082,0,1
2022,2,8476917,NYI,2022-04-28,2.0233,932,1.7275,795,0.0827,34,1
2022,2,8476917,NYI,2022-04-26,2.9393,1293,2.5839,1109,NA,NA,0
2022,2,8476917,NYI,2022-04-24,2.9781,1222,2.8973,1169,NA,NA,1
2022,2,8476917,NYI,2022-04-23,2.6104,1174,2.2429,1018,0.0473,16,0
2022,2,8476917,NYI,2022-04-21,2.8897,1269,2.8674,1248,2e-4,0,1
2022,2,8476917,NYI,2022-04-19,3.2188,1464,2.7598,1206,NA,NA,1
2022,2,8476917,NYI,2022-04-17,2.9741,1337,2.8592,1259,0.0033,3,0
2022,2,8476917,NYI,2022-04-15,2.7703,1207,2.6164,1128,NA,NA,0
2022,2,8476917,NYI,2022-04-14,2.7663,1192,2.6709,1153,0.0953,39,0
2022,2,8476925,NSH,2022-04-29,2.262,890,1.9063,698,9e-4,1,0
2022,2,8476925,NSH,2022-04-28,2.6051,969,2.1194,765,0.0426,20,0
2022,2,8476925,NSH,2022-04-26,2.6353,1002,1.927,679,0.0758,28,1
2022,2,8476925,NSH,2022-04-24,2.608,1002,2.0051,715,0.0844,38,1
2022,2,8476925,NSH,2022-04-23,2.5098,951,2.3488,874,NA,NA,0
2022,2,8476925,NSH,2022-04-19,3.1296,1174,2.8264,1034,NA,NA,1
2022,2,8476925,NSH,2022-04-17,2.4334,886,2.4212,880,NA,NA,1
2022,2,8476925,NSH,2022-04-16,2.8022,1085,2.2213,830,NA,NA,1
2022,2,8476925,NSH,2022-04-14,2.5755,997,2.1878,781,0.015,9,1
2022,2,8476925,NSH,2022-04-12,2.7924,1022,2.5783,931,0.0023,1,1
2022,2,8476927,PIT,2022-04-29,1.6899,709,1.272,541,NA,NA,1
2022,2,8476927,PIT,2022-04-26,1.5621,555,1.2853,466,NA,NA,1
2022,2,8476927,PIT,2022-04-24,2.2271,876,1.7654,680,NA,NA,0
2022,2,8476927,PIT,2022-04-23,2.0214,750,1.7499,656,NA,NA,0
2022,2,8476927,PIT,2022-04-21,2.5987,1007,2.2104,842,NA,NA,1
2022,2,8476927,PIT,2022-04-16,2.5593,944,2.1599,790,NA,NA,0
2022,2,8476927,PIT,2022-04-14,2.4593,953,1.732,647,NA,NA,1
2022,2,8476927,PIT,2022-04-12,2.4091,949,2.2696,898,NA,NA,0
2022,2,8476927,PIT,2022-04-10,1.6435,695,1.1563,476,NA,NA,1
2022,2,8476927,PIT,2022-04-09,2.2123,838,1.5735,591,NA,NA,1
2022,2,8477435,NJD,2022-04-29,2.8603,1294,2.61,1183,NA,NA,1
2022,2,8477435,NJD,2022-04-28,2.7534,1170,2.4499,1000,0.0167,6,0
2022,2,8477435,NJD,2022-04-26,3.5129,1506,3.1404,1299,NA,NA,0
2022,2,8477435,NJD,2022-04-24,2.2466,975,1.7319,722,0.004,3,1
2022,2,8477435,NJD,2022-04-23,3.1773,1348,2.8837,1192,0.0245,14,1
2022,2,8477435,NJD,2022-04-21,2.7474,1175,2.5289,1036,0.0563,19,1
2022,2,8477435,NJD,2022-04-14,2.5167,1083,2.2835,962,NA,NA,0
2022,2,8477435,NJD,2022-04-12,2.8346,1246,2.215,951,NA,NA,0
2022,2,8477435,NJD,2022-04-07,2.9538,1219,2.9538,1219,NA,NA,1
2022,2,8477435,NJD,2022-04-05,2.8021,1169,2.654,1094,NA,NA,1
2022,2,8477488,CAR,2022-04-28,2.4337,1048,2.2979,991,NA,NA,1
2022,2,8477488,CAR,2022-04-26,2.9632,1291,2.593,1115,0.0497,26,0
2022,2,8477488,CAR,2022-04-24,2.7889,1250,2.3853,1058,NA,NA,0
2022,2,8477488,CAR,2022-04-23,3.0383,1270,2.7127,1115,NA,NA,0
2022,2,8477488,CAR,2022-04-21,2.7077,1190,2.5095,1097,0.0303,22,1
2022,2,8477488,CAR,2022-04-18,3.0803,1425,2.4496000000000002,1104,NA,NA,0
2022,2,8477488,CAR,2022-04-16,2.9675,1272,2.5817,1075,NA,NA,0
2022,2,8477488,CAR,2022-04-14,2.7878,1212,2.7876,1212,2e-4,0,1
2022,2,8477488,CAR,2022-04-12,3.0344,1331,2.7222,1176,0.0686,26,0
2022,2,8477488,CAR,2022-04-10,2.902,1296,2.5005,1093,0.0716,29,1
2022,2,8479398,COL,2022-04-29,3.7961,1548,2.5762,985,0.8546,375,0
2022,2,8479398,COL,2022-04-28,2.6453,1165,2.3408,1003,0.3046,162,1
2022,2,8479398,COL,2022-04-26,2.4678,1108,2.1439,935,0.2236,126,1
2022,2,8479398,COL,2022-04-24,3.1707,1347,2.89,1223,0.2808,124,0
2022,2,8479398,COL,2022-04-22,2.7603,1176,2.3583,981,0.268,140,0
2022,2,8479398,COL,2022-04-20,3.1807,1315,2.9835,1228,0.1356,53,0
2022,2,8479398,COL,2022-04-18,3.4125,1502,3.2166,1394,0.1489,86,1
2022,2,8479398,COL,2022-04-16,2.8828,1252,2.5148,1088,0.2527,114,1
2022,2,8479398,COL,2022-04-14,2.8741,1206,2.6421,1081,0.1237,64,1
2022,2,8479398,COL,2022-04-13,3.0938,1237,2.9786,1172,NA,NA,1
2022,2,8473507,MTL,2022-04-29,2.8747,1233,2.4257,1037,0.3591,136,1
2022,2,8473507,MTL,2022-04-27,3.0564,1312,2.7173,1161,0.1607,74,0
2022,2,8473507,MTL,2022-04-24,3.0845,1309,2.6355,1106,0.3333,152,1
2022,2,8473507,MTL,2022-04-23,3.6896,1594,2.3759,981,0.5856,274,0
2022,2,8473507,MTL,2022-04-21,3.3993,1281,3.0176,1156,NA,NA,1
2022,2,8473507,MTL,2022-04-19,2.964,1246,2.635,1080,0.0234,10,1
2022,2,8473507,MTL,2022-04-16,2.8921,1233,2.3516,958,0.0593,17,1
2022,2,8473507,MTL,2022-04-15,2.9956,1243,2.8724,1170,NA,NA,1
2022,2,8473507,MTL,2022-04-13,2.793,1175,2.5216,1018,0.0256,13,0
2022,2,8473507,MTL,2022-04-11,2.9533,1220,2.7792,1133,0.0346,17,1
2022,2,8474034,TBL,2022-04-29,2.2763,884,2.2641,884,NA,NA,0
2022,2,8474034,TBL,2022-04-28,1.926,779,1.7036,676,0.2224,103,0
2022,2,8474034,TBL,2022-04-26,1.9692,740,1.8441,685,0.1251,55,1
2022,2,8474034,TBL,2022-04-24,1.6707,677,1.5615,601,0.1092,76,0
2022,2,8474034,TBL,2022-04-23,1.4753,567,1.4753,567,NA,NA,1
2022,2,8474034,TBL,2022-04-21,1.8003,719,1.4886,574,0.3117,145,1
2022,2,8474034,TBL,2022-04-19,1.9721,768,1.7395,674,0.2326,94,1
2022,2,8474034,TBL,2022-04-16,2.0647,810,1.9674,753,0.0973,57,1
2022,2,8474034,TBL,2022-04-14,1.8324,710,1.5786,582,0.2537,128,1
2022,2,8474034,TBL,2022-04-12,1.4927,571,1.4753,566,0.0175,5,0
2022,2,8475227,MTL,2022-04-29,2.2662,999,2.0329,901,0.2333,98,1
2022,2,8475227,MTL,2022-04-23,1.5291,616,1.3683,557,0.1608,59,0
2022,2,8475227,MTL,2022-04-21,2.2848,962,2.1719,901,0.1129,61,1
2022,2,8475227,MTL,2022-04-19,2.2934,1015,1.8108,813,0.4542,192,1
2022,2,8475227,MTL,2022-04-16,1.9384,851,1.728,763,0.2104,88,1
2022,2,8475227,MTL,2022-04-15,2.2688,933,1.9893,789,0.2795,144,1
2022,2,8475227,MTL,2022-04-13,2.7479,1069,2.2812,916,0.4666,153,0
2022,2,8475227,MTL,2022-04-09,1.4436,567,1.4436,567,NA,NA,0
2022,2,8475227,MTL,2022-04-07,2.522,1027,2.522,1027,NA,NA,0
2022,2,8475227,MTL,2022-03-31,2.4019,1004,1.8681,791,0.5034,195,0
2022,2,8476854,"ANA,BOS",2022-04-28,2.661,1231,1.8015,832,0.6084,261,1
2022,2,8476854,"ANA,BOS",2022-04-26,3.3853,1528,2.996,1366,0.2767,109,1
2022,2,8476854,"ANA,BOS",2022-04-23,3.0772,1481,2.508,1214,0.3859,159,1
2022,2,8476854,"ANA,BOS",2022-04-05,1.9155,832,1.3719,587,0.3658,148,0
2022,2,8476854,"ANA,BOS",2022-04-04,3.2695,1465,2.5235,1103,0.2833,105,0
2022,2,8476854,"ANA,BOS",2022-04-02,3.201,1433,3.103,1369,0.0101,8,1
2022,2,8476854,"ANA,BOS",2022-03-31,3.321,1373,2.7679,1114,0.2318,85,1
2022,2,8476854,"ANA,BOS",2022-03-29,3.2671,1386,2.8564,1211,0.1822,66,1
2022,2,8476854,"ANA,BOS",2022-03-26,2.9111,1238,2.5229,1020,0.1284,48,1
2022,2,8476854,"ANA,BOS",2022-03-24,3.4546,1406,2.4983,1026,0.7226,266,1
2022,2,8476856,MIN,2022-04-29,2.5083,1104,1.9072,895,0.5898,202,1
2022,2,8476856,MIN,2022-04-05,1.07,577,0.6833,316,0.244,141,0
2022,2,8476856,MIN,2022-04-03,2.7432,1236,2.2748,1025,0.3517,146,0
2022,2,8476856,MIN,2022-04-02,2.7586,1283,2.3236,1081,0.1556,60,0
2022,2,8476856,MIN,2022-03-31,3.462,1695,2.7536,1302,0.3115,174,1
2022,2,8476856,MIN,2022-03-29,2.7661,1317,2.3268,1096,0.1982,101,1
2022,2,8476856,MIN,2022-03-27,2.7804,1332,2.4529,1150,0.1192,52,1
2022,2,8476856,MIN,2022-03-26,3.2647,1395,2.9395,1242,0.0883,45,1
2022,2,8476856,MIN,2022-03-24,3.4025,1449,2.9934,1236,0.2177,105,1
2022,2,8476856,MIN,2022-03-21,2.9639,1364,2.5842,1176,0.2474,120,1
2022,2,8478131,TOR,2022-03-19,1.0715,382,0.8001,267,0.1178,50,0
2022,2,8478131,TOR,2022-03-17,2.7106,903,2.224,736,0.1956,64,1
2022,2,8478131,TOR,2022-03-15,2.2335,829,1.695,586,0.338,164,1
2022,2,8478131,TOR,2022-03-10,1.4862,508,1.3699,465,NA,NA,1
2022,2,8478131,TOR,2022-03-08,2.2482,783,1.607,549,0.3651,132,1
2022,2,8478131,TOR,2022-02-26,2.7871,1023,2.4857,901,NA,NA,0
2022,2,8478131,TOR,2022-02-24,2.3788,869,1.8224,617,0.0997,60,1
2022,2,8478131,TOR,2022-02-22,2.0676,719,1.8057,613,0.1885,82,0
2022,2,8478131,TOR,2022-02-21,2.3844,858,2.1335,739,0.181,92,0
2022,2,8478131,TOR,2022-02-19,2.651,946,2.5266,910,0.1244,36,1
2022,2,8478413,MIN,2022-04-29,2.6921,988,2.2316,778,0.4605,210,1
2022,2,8478413,MIN,2022-04-28,3.0018,1065,2.7885,986,0.0239,14,1
2022,2,8478413,MIN,2022-04-26,2.6109,983,1.7831,632,0.5908,272,1
2022,2,8478413,MIN,2022-04-12,0.5391,222,0.5391,222,NA,NA,1
2022,2,8478413,MIN,2022-04-10,2.3045,857,2.2765,836,NA,NA,1
2022,2,8478413,MIN,2022-04-08,2.7477,1048,2.42,903,0.2394,109,0
2022,2,8478413,MIN,2022-04-05,2.4394,878,2.1911,756,0.1243,69,0
2022,2,8478413,MIN,2022-04-03,2.4685,914,2.3247,861,0.0709,24,0
2022,2,8478413,MIN,2022-04-02,2.6427,998,2.5047,951,NA,NA,0
2022,2,8478413,MIN,2022-03-31,2.7263,957,2.6481,921,NA,NA,1
2022,2,8479335,BUF,2022-04-29,2.2282,883,2.1563,866,NA,NA,1
2022,2,8479335,BUF,2022-04-28,1.9168,691,1.6655,593,NA,NA,0
2022,2,8479335,BUF,2022-04-23,1.9018,686,1.7677,648,NA,NA,1
2022,2,8479335,BUF,2022-04-21,2.5323,925,2.3953,888,NA,NA,0
2022,2,8479335,BUF,2022-04-17,1.6818,646,1.5531,599,NA,NA,0
2022,2,8479335,BUF,2022-04-16,1.7578,677,1.6331,611,0.1247,66,1
2022,2,8479335,BUF,2022-04-14,2.2018,855,2.1474,839,NA,NA,1
2022,2,8479335,BUF,2022-04-12,2.141,771,2.0042,714,NA,NA,0
2022,2,8479335,BUF,2022-04-10,2.0511,778,2.0511,778,NA,NA,0
2022,2,8479335,BUF,2022-04-08,2.1976,833,2.1976,833,NA,NA,0
2022,2,8479992,DET,2022-04-29,2.3031,855,2.2928,848,0.0103,7,0
2022,2,8479992,DET,2022-04-26,2.7565,1152,2.5343,1003,0.0161,10,0
2022,2,8479992,DET,2022-04-24,2.4697,962,2.2099,860,0.0359,12,0
2022,2,8479992,DET,2022-04-23,2.4984,1042,2.4984,1042,NA,NA,1
2022,2,8479992,DET,2022-04-21,2.0994,941,1.5997,655,0.2408,114,0
2022,2,8479992,DET,2022-04-19,2.5232,1092,2.0565,845,0.2615,154,0
2022,2,8479992,DET,2022-04-17,2.461,993,2.1255,842,0.2972,133,1
2022,2,8479992,DET,2022-04-16,2.1529,878,1.8778,755,0.1111,52,0
2022,2,8479992,DET,2022-04-14,2.1312,862,1.9678,794,0.1265,53,0
2022,2,8479992,DET,2022-04-12,2.1491,842,1.8443,686,0.2604,135,1
2022,2,8480434,LAK,2022-04-28,2.8996,1349,2.157,1020,0.6288,279,0
2022,2,8480434,LAK,2022-04-27,2.3898,1035,1.615,714,0.1788,61,0
2022,2,8480434,LAK,2022-04-23,2.5226,1040,1.7441,681,0.6287,286,1
2022,2,8480434,LAK,2022-04-21,3.0597,1296,2.2814,950,0.5196,225,1
2022,2,8480434,LAK,2022-04-19,2.8095,1263,2.1528,933,0.2389,120,0
2022,2,8480434,LAK,2022-04-16,2.6654,1253,1.9822,912,0.496,235,1
2022,2,8480434,LAK,2022-04-13,3.1995,1438,2.7516,1255,0.4479,183,0
2022,2,8480434,LAK,2022-04-12,2.7275,1257,2.4153,1076,0.0804,53,0
2022,2,8480434,LAK,2022-04-10,2.9389,1284,2.3129,973,0.372,186,0
2022,2,8480434,LAK,2022-04-07,3.1952,1405,2.5355,1134,0.5323,212,1
2022,2,8480762,CBJ,2022-04-29,2.3471,833,1.9513,698,NA,NA,0
2022,2,8480762,CBJ,2022-04-28,2.3579,898,1.6804,612,0.0195,7,1
2022,2,8480762,CBJ,2022-04-26,2.0764,762,1.852,666,NA,NA,0
2022,2,8480762,CBJ,2022-04-24,2.6482,956,2.2801,807,1e-4,1,1
2022,2,8480762,CBJ,2022-04-22,3.0732,1114,2.7192,970,NA,NA,1
2022,2,8480762,CBJ,2022-04-19,2.3877,896,2.1496,809,NA,NA,0
2022,2,8480762,CBJ,2022-04-17,2.5176,947,2.2605,862,NA,NA,0
2022,2,8480762,CBJ,2022-04-16,2.0461,753,1.6871,612,NA,NA,0
2022,2,8480762,CBJ,2022-04-13,2.0867,786,1.5594,579,NA,NA,1
2022,2,8480762,CBJ,2022-04-09,2.8014,990,2.7307,962,NA,NA,0
2022,2,8481560,LAK,2022-04-28,2.2474,823,1.7625,644,0.4849,179,0
2022,2,8481560,LAK,2022-04-27,2.104,709,1.9517,652,0.1523,57,0
2022,2,8481560,LAK,2022-04-23,1.9724,718,1.5595,567,0.4129,151,1
2022,2,8481560,LAK,2022-04-21,1.985,720,1.6686,602,0.3164,118,1
2022,2,8481560,LAK,2022-04-19,1.5981,527,1.5981,527,NA,NA,0
2022,2,8481560,LAK,2022-04-16,1.5075,555,1.1804,444,0.3271,111,1
2022,2,8481560,LAK,2022-04-13,2.1162,782,1.9742,721,0.142,61,0
2022,2,8481560,LAK,2022-04-12,2.0763,782,1.9382,724,0.1381,58,0
2022,2,8481560,LAK,2022-04-07,1.6522,553,1.2023,389,0.4499,164,1
2022,2,8481560,LAK,2022-04-04,1.5177,514,1.1937,390,0.324,124,1
2022,2,8474009,SJS,2022-04-29,2.3047,968,2.1343,890,0.0886,48,0
2022,2,8474009,SJS,2022-04-28,2.1231,902,1.6597,713,0.0751,42,0
2022,2,8474009,SJS,2022-04-26,2.7961,1113,2.1656,869,0.4416,186,1
2022,2,8474009,SJS,2022-04-24,2.7622,1095,2.3562,931,0.1046,50,0
2022,2,8474009,SJS,2022-04-23,2.4923,990,1.8715,728,0.3162,127,1
2022,2,8474009,SJS,2022-04-21,2.0337,836,1.404,562,0.1087,59,1
2022,2,8474009,SJS,2022-04-19,2.5457,1050,1.9724,810,0.2128,102,1
2022,2,8474009,SJS,2022-04-17,2.5403,1027,1.8557,767,0.0975,50,0
2022,2,8474009,SJS,2022-04-16,2.2767,1006,1.9768,856,0.2295,122,0
2022,2,8474009,SJS,2022-04-14,2.9092,1156,2.6136,1019,0.1012,53,0
2022,2,8474151,TBL,2022-04-29,2.5918,1171,2.4975,1129,NA,NA,0
2022,2,8474151,TBL,2022-04-28,2.4265,1126,1.9703,902,0.0134,6,0
2022,2,8474151,TBL,2022-04-26,3.5446,1554,3.2041,1357,NA,NA,1
2022,2,8474151,TBL,2022-04-24,3.0397,1504,2.436,1126,0.1337,84,0
2022,2,8474151,TBL,2022-04-23,2.9774,1273,2.5159,1034,1e-4,0,1
2022,2,8474151,TBL,2022-04-21,2.7511,1205,2.1876,899,0.1157,37,1
2022,2,8474151,TBL,2022-04-19,3.0589,1322,2.6696,1125,NA,NA,1
2022,2,8474151,TBL,2022-04-16,3.387,1427,3.2679,1373,3e-4,0,1
2022,2,8474151,TBL,2022-04-14,2.684,1211,2.5161,1116,NA,NA,1
2022,2,8474151,TBL,2022-04-12,2.9765,1297,2.5794,1093,NA,NA,0
2022,2,8475279,"MTL,FLA",2022-04-29,3.295,1381,3.0472,1258,0.0481,14,0
2022,2,8475279,"MTL,FLA",2022-04-28,3.3085,1341,2.9346,1120,0.0056,5,0
2022,2,8475279,"MTL,FLA",2022-04-26,2.9338,1218,2.5338,1098,NA,NA,0
2022,2,8475279,"MTL,FLA",2022-04-24,2.0744,950,1.6778,674,NA,NA,1
2022,2,8475279,"MTL,FLA",2022-04-23,3.4491,1412,3.2647,1319,NA,NA,1
2022,2,8475279,"MTL,FLA",2022-04-21,2.6786,1152,2.4431,1026,NA,NA,1
2022,2,8475279,"MTL,FLA",2022-04-19,2.691,1090,2.5711,1040,NA,NA,0
2022,2,8475279,"MTL,FLA",2022-04-17,3.0855,1254,2.86,1136,NA,NA,0
2022,2,8475279,"MTL,FLA",2022-04-15,2.7317,1128,2.383,941,0.0051,4,1
2022,2,8475279,"MTL,FLA",2022-04-12,3.5394,1394,3.3368,1296,NA,NA,1
2022,2,8477903,WSH,2022-04-29,1.7021,610,1.5006,533,NA,NA,0
2022,2,8477903,WSH,2022-04-28,1.5666,570,1.5666,570,NA,NA,0
2022,2,8477903,WSH,2022-04-26,1.9348,745,1.7034,603,0.0029,2,1
2022,2,8477903,WSH,2022-04-24,1.9702,781,1.7828,696,NA,NA,1
2022,2,8477903,WSH,2022-04-22,2.0157,785,2.0157,785,NA,NA,0
2022,2,8477903,WSH,2022-04-20,2.037,719,2.037,719,NA,NA,0
2022,2,8477903,WSH,2022-04-18,1.9923,765,1.777,659,NA,NA,0
2022,2,8477903,WSH,2022-04-16,1.7507,659,1.6151,592,NA,NA,0
2022,2,8477903,WSH,2022-04-14,2.0826,785,1.7467,623,NA,NA,0
2022,2,8477903,WSH,2022-04-12,2.2031,817,1.9544,697,0.1591,84,1
2022,2,8477998,EDM,2022-04-29,2.4265,893,2.2931,844,0.1334,49,1
2022,2,8477998,EDM,2022-04-28,1.777,708,1.7021,667,NA,NA,1
2022,2,8477998,EDM,2022-04-26,1.8835,690,1.8789,686,0.0046,4,0
2022,2,8477998,EDM,2022-04-24,1.9836,714,1.785,657,0.1987,57,0
2022,2,8477998,EDM,2022-04-22,1.4084,539,1.4084,539,NA,NA,1
2022,2,8477998,EDM,2022-04-20,1.8788,675,1.8762,672,0.0026,3,1
2022,2,8477998,EDM,2022-04-16,1.9681,671,1.9681,671,NA,NA,1
2022,2,8477998,EDM,2022-04-14,2.0575,727,2.0575,727,NA,NA,0
2022,2,8477998,EDM,2022-04-12,1.5909,575,1.5909,575,NA,NA,0
2022,2,8477998,EDM,2022-04-09,1.7508,678,1.7508,678,NA,NA,1
2022,2,8478067,PHI,2022-04-29,1.33,488,1.33,488,NA,NA,1
2022,2,8478067,PHI,2022-04-27,2.1828,784,1.9138,678,0.0424,18,0
2022,2,8478067,PHI,2022-04-25,1.9648,762,1.8843,723,NA,NA,0
2022,2,8478067,PHI,2022-04-24,1.5805,597,1.5805,597,NA,NA,1
2022,2,8478067,PHI,2022-04-21,2.1753,748,2.1059,726,0.0695,22,0
2022,2,8478067,PHI,2022-04-19,1.8685,656,1.7273,611,NA,NA,0
2022,2,8478067,PHI,2022-04-17,2.0015,780,1.8753,703,0.0224,16,1
2022,2,8478067,PHI,2022-04-16,1.8387,711,1.725,663,NA,NA,0
2022,2,8478067,PHI,2022-04-13,1.645,586,1.549,545,NA,NA,1
2022,2,8478067,PHI,2022-04-09,2.0253,817,1.8382,699,0.1871,118,1
2022,2,8480144,TOR,2022-04-29,3.1735,1154,3.1052,1116,0.0054,4,1
2022,2,8480144,TOR,2022-04-26,2.7843,1073,2.2578,836,NA,NA,1
2022,2,8480144,TOR,2022-04-24,2.5795,982,2.1649,825,NA,NA,0
2022,2,8480144,TOR,2022-04-23,2.6785,980,2.5703,927,NA,NA,0
2022,2,8480144,TOR,2022-04-21,2.4824,922,1.8622,664,NA,NA,0
2022,2,8480144,TOR,2022-04-19,2.7754,996,2.5236,903,0.0827,29,1
2022,2,8480144,TOR,2022-04-17,2.5134,949,2.2525,837,0.0195,15,1
2022,2,8480144,TOR,2022-04-16,2.6915,957,2.4874,871,0.0219,7,0
2022,2,8480144,TOR,2022-04-14,2.5197,927,2.0858,717,NA,NA,1
2022,2,8480144,TOR,2022-04-12,2.0994,752,1.5818,560,0.0426,12,1
2022,2,8480185,FLA,2022-04-29,3.4604,1169,3.1591,1053,0.0544,15,0
2022,2,8480185,FLA,2022-04-28,2.8244,1000,2.0612,683,0.2655,94,0
2022,2,8480185,FLA,2022-04-26,2.298,783,2.0391,694,NA,NA,0
2022,2,8480185,FLA,2022-04-24,2.1703,764,1.8738,618,NA,NA,1
2022,2,8480185,FLA,2022-04-23,2.1836,797,1.9976,721,NA,NA,1
2022,2,8480185,FLA,2022-04-21,2.0127,703,1.7451,591,NA,NA,1
2022,2,8480185,FLA,2022-04-19,1.7912,611,1.6172,552,NA,NA,0
2022,2,8480185,FLA,2022-04-17,2.31,815,1.8305,597,NA,NA,0
2022,2,8480185,FLA,2022-04-15,2.5163,871,2.1611,737,NA,NA,1
2022,2,8480185,FLA,2022-04-12,1.9294,684,1.6615,593,NA,NA,1
2022,2,8481523,CHI,2022-04-14,1.4476,526,1.3684,477,0.0792,49,1
2022,2,8481523,CHI,2022-04-12,2.4388,911,2.0065,705,0.4323,206,1
2022,2,8481523,CHI,2022-04-10,2.3957,795,1.948,628,0.2975,103,1
2022,2,8481523,CHI,2022-04-07,2.9341,992,2.5417,864,0.1874,60,1
2022,2,8481523,CHI,2022-04-03,2.9587,1074,2.837,986,0.1217,88,1
2022,2,8481523,CHI,2022-04-01,2.8007,948,2.495,855,0.2178,74,0
2022,2,8481523,CHI,2022-03-31,2.3368,806,2.172,721,0.0551,38,0
2022,2,8481523,CHI,2022-03-26,2.6352,910,2.432,839,NA,NA,0
2022,2,8481523,CHI,2022-03-24,2.9562,950,2.5956,833,0.3315,103,0
2022,2,8481523,CHI,2022-03-23,3.0054,1081,2.7464,982,0.1275,56,0
2022,2,8481617,VAN,2022-04-29,2.6143,979,2.4431,914,0.1712,65,0
2022,2,8481617,VAN,2022-04-28,2.5074,909,2.5072,909,2e-4,0,1
2022,2,8481617,VAN,2022-04-26,1.9525,720,1.6996,627,0.2528,93,1
2022,2,8481617,VAN,2022-04-23,2.4955,959,2.4548,946,0.0299,13,0
2022,2,8481617,VAN,2022-04-21,2.0053,888,1.8664,807,0.1389,81,0
2022,2,8481617,VAN,2022-04-19,2.7192,1081,2.2007,815,0.5185,266,1
2022,2,8481617,VAN,2022-04-18,3.086,1124,2.933,1062,0.153,62,1
2022,2,8481617,VAN,2022-04-14,2.6311,1017,2.3698,928,0.1947,63,1
2022,2,8481617,VAN,2022-04-12,2.6344,928,2.4695,870,0.1649,58,1
2022,2,8481617,VAN,2022-04-09,2.7402,1004,2.1154,725,0.6248,279,1
2022,2,8469455,TOR,2022-04-29,2.6444,937,2.3184,842,0.326,95,1
2022,2,8469455,TOR,2022-04-26,1.691,561,1.625,530,0.066,31,1
2022,2,8469455,TOR,2022-04-24,1.7088,675,1.5195,549,0.1893,57,0
2022,2,8469455,TOR,2022-04-21,2.3231,825,1.8418,648,0.4107,155,0
2022,2,8469455,TOR,2022-04-19,2.3779,801,1.9723,672,0.4057,129,1
2022,2,8469455,TOR,2022-04-17,1.0957,382,1.0957,382,NA,NA,1
2022,2,8469455,TOR,2022-04-16,1.3724,441,1.0319,350,0.3404,91,0
2022,2,8469455,TOR,2022-04-12,1.4626,552,1.0741,382,0.3885,170,1
2022,2,8469455,TOR,2022-04-09,1.3775,462,1.2463,429,0.1312,33,1
2022,2,8469455,TOR,2022-04-05,1.2272,416,1.0044,344,0.2227,72,0
2022,2,8471698,WSH,2022-04-29,3.0935,1152,1.8869,690,1.0981,422,0
2022,2,8471698,WSH,2022-04-28,2.8508,1089,2.1958,809,0.655,280,0
2022,2,8471698,WSH,2022-04-26,2.7846,1023,2.2356,796,0.549,227,1
2022,2,8471698,WSH,2022-04-24,3.2789,1182,2.4683,849,0.669,284,1
2022,2,8471698,WSH,2022-04-22,3.2536,1178,2.5891,914,0.6645,264,0
2022,2,8471698,WSH,2022-04-20,2.7708,965,2.3655,817,0.3224,116,0
2022,2,8471698,WSH,2022-04-18,2.7798,1043,2.4937,926,0.1788,66,0
2022,2,8471698,WSH,2022-04-16,2.8934,1130,2.0789,738,0.8146,392,0
2022,2,8471698,WSH,2022-04-14,2.7121,1055,2.0691,770,0.6185,268,0
2022,2,8471698,WSH,2022-04-12,2.4062,914,2.2474,851,0.1589,63,1
2022,2,8473446,COL,2022-04-29,3.1253,1416,2.2786,981,0.2175,74,0
2022,2,8473446,COL,2022-04-28,1.8187,762,1.5997,662,NA,NA,1
2022,2,8473446,COL,2022-04-26,2.1622,987,1.8516,787,0.0247,16,1
2022,2,8473446,COL,2022-04-24,2.7877,1131,2.5541,998,NA,NA,0
2022,2,8473446,COL,2022-04-14,2.2837,932,2.0621,817,NA,NA,1
2022,2,8473446,COL,2022-04-13,2.5785,1039,2.4613,983,0.0163,4,1
2022,2,8473446,COL,2022-04-08,2.16,880,1.8972,767,NA,NA,0
2022,2,8473446,COL,2022-04-05,1.9476,775,1.7641,701,0.0321,15,0
2022,2,8473446,COL,2022-04-02,2.164,909,2.0722,874,0.0918,0,1
2022,2,8473446,COL,2022-03-31,2.3713,942,1.9177,770,0.1768,52,1
2022,2,8476457,SEA,2022-05-01,2.9186,1168,2.7016,1127,0.1418,0,0
2022,2,8476457,SEA,2022-04-29,3.6837,1479,3.5969,1431,NA,NA,1
2022,2,8476457,SEA,2022-04-27,3.2056,1353,2.8794,1229,0.108,39,1
2022,2,8476457,SEA,2022-04-26,3.2364,1254,2.8439,1073,0.0545,19,0
2022,2,8476457,SEA,2022-04-23,3.8466,1579,3.5593,1469,0.0128,7,0
2022,2,8476457,SEA,2022-04-22,3.3749,1438,2.9866,1160,0.0101,4,0
2022,2,8476457,SEA,2022-04-20,3.5291,1573,3.1465,1366,0.0072,5,1
2022,2,8476457,SEA,2022-04-18,3.1765,1302,2.8677,1159,0.0132,1,1
2022,2,8476457,SEA,2022-04-16,3.8513,1636,3.3753,1405,0.0403,13,1
2022,2,8476457,SEA,2022-04-12,3.404,1389,2.9876,1170,NA,NA,0
2022,2,8476902,DAL,2022-04-29,2.7948,1179,2.6494,1110,0.0185,7,1
2022,2,8476902,DAL,2022-04-27,2.9171,1349,2.6238,1141,0.037,24,1
2022,2,8476902,DAL,2022-04-26,3.0457,1243,2.9565,1194,NA,NA,1
2022,2,8476902,DAL,2022-04-23,2.984,1312,2.8494,1244,0.0084,5,1
2022,2,8476902,DAL,2022-04-21,2.9244,1364,2.1778,952,0.3016,136,0
2022,2,8476902,DAL,2022-04-20,2.7163,1207,2.7163,1207,NA,NA,0
2022,2,8476902,DAL,2022-04-16,2.6748,1162,2.4033,1032,0.0101,9,1
2022,2,8476902,DAL,2022-04-14,2.6948,1086,2.6465,1065,0.0484,21,1
2022,2,8476902,DAL,2022-04-12,2.806,1190,2.7067,1135,NA,NA,1
2022,2,8476902,DAL,2022-04-10,2.5273,1118,2.2453,983,NA,NA,0
2022,2,8476994,BUF,2022-04-29,2.6872,964,2.6115,939,NA,NA,1
2022,2,8476994,BUF,2022-04-28,2.6137,937,2.1662,784,NA,NA,0
2022,2,8476994,BUF,2022-04-23,1.9634,665,1.6233,557,0.1051,33,1
2022,2,8476994,BUF,2022-04-21,2.3645,777,2.0886,685,NA,NA,0
2022,2,8476994,BUF,2022-04-17,2.3185,850,2.2874,834,NA,NA,0
2022,2,8476994,BUF,2022-04-16,2.3246000000000002,802,2.1244,741,NA,NA,1
2022,2,8476994,BUF,2022-04-14,2.5256,858,2.3658,812,NA,NA,1
2022,2,8476994,BUF,2022-04-12,1.613,560,1.5953,556,0.0177,4,0
2022,2,8476994,BUF,2022-04-10,2.3761,794,2.3761,794,NA,NA,0
2022,2,8476994,BUF,2022-04-08,2.3337,764,2.3337,764,NA,NA,0
2022,2,8477406,VGK,2022-04-29,2.2228,831,2.177,803,NA,NA,0
2022,2,8477406,VGK,2022-04-27,2.0836,813,1.8912,718,0.0175,9,0
2022,2,8477406,VGK,2022-04-26,2.1122,819,2.0017,775,NA,NA,0
2022,2,8477406,VGK,2022-04-24,1.9505,730,1.89,700,NA,NA,1
2022,2,8477406,VGK,2022-04-20,2.443,924,2.2796,848,NA,NA,1
2022,2,8477406,VGK,2022-04-18,2.024,754,1.9049,706,NA,NA,1
2022,2,8477406,VGK,2022-04-16,2.1939,858,2.1939,858,NA,NA,0
2022,2,8477406,VGK,2022-04-14,2.7036,986,2.4486,883,NA,NA,0
2022,2,8477406,VGK,2022-04-12,1.7906,697,1.565,596,NA,NA,0
2022,2,8477406,VGK,2022-04-09,2.5861,975,2.0003,727,0.3766,155,1
2022,2,8478403,VGK,2022-04-29,3.2152,1141,2.8785,1009,0.3367,132,0
2022,2,8478403,VGK,2022-04-27,3.9046,1375,3.7386,1314,0.166,61,0
2022,2,8478403,VGK,2022-04-26,4.0878,1454,3.9225,1382,0.1198,49,0
2022,2,8478403,VGK,2022-04-24,3.9189,1392,3.2935,1132,0.6254,260,1
2022,2,8478403,VGK,2022-04-20,3.1834,1036,2.9291,944,0.2543,92,1
2022,2,8478403,VGK,2022-04-18,3.1593,1207,3.0061,1135,0.1532,72,1
2022,2,8478403,VGK,2022-04-16,3.1507,1139,2.467,874,0.6837,265,0
2022,2,8478403,VGK,2022-04-14,3.0272,1024,2.1802,742,0.847,282,0
2022,2,8478403,VGK,2022-04-12,3.7063,1246,2.9555,983,0.4621,263,0
2022,2,8478403,VGK,2022-04-09,2.9333,1043,2.4429,845,0.4904,198,1
2022,2,8478507,PIT,2022-04-29,2.8094,1317,2.2017,971,0.1467,77,1
2022,2,8478507,PIT,2022-04-26,2.437,1091,2.1354,927,0.0132,10,1
2022,2,8478507,PIT,2022-04-24,2.7352,1198,2.4687,1048,0.0207,11,0
2022,2,8478507,PIT,2022-04-23,2.6175,1126,2.4202,1034,NA,NA,0
2022,2,8478507,PIT,2022-04-21,2.5793,1210,2.287,1044,NA,NA,1
2022,2,8478507,PIT,2022-04-16,2.5749,1086,2.3078,928,NA,NA,0
2022,2,8478507,PIT,2022-04-14,3.0068,1331,2.4796,1048,0.063,41,1
2022,2,8478507,PIT,2022-04-12,2.9539,1268,2.8268,1196,0.0365,10,0
2022,2,8478507,PIT,2022-04-10,3.1623,1440,2.7291,1224,0.0926,37,1
2022,2,8478507,PIT,2022-04-09,2.3218,965,1.9445,814,NA,NA,1
2022,2,8479402,CBJ,2022-04-29,2.7023,1238,2.0286,942,0.6173,273,0
2022,2,8479402,CBJ,2022-04-28,2.9368,1288,2.1402,945,0.5517,232,1
2022,2,8479402,CBJ,2022-04-26,2.5034,1059,2.2706,946,0.1347,47,0
2022,2,8479402,CBJ,2022-04-24,3.0957,1359,2.354,1052,0.6606,276,1
2022,2,8479402,CBJ,2022-04-22,2.8306,1185,2.434,1032,0.3233,121,1
2022,2,8479402,CBJ,2022-04-19,3.1737,1356,2.6166,1131,0.481,184,0
2022,2,8479402,CBJ,2022-04-17,3.2395,1378,2.9179,1226,0.2563,123,0
2022,2,8479402,CBJ,2022-04-16,1.733,774,1.733,774,NA,NA,0
2022,2,8479402,CBJ,2022-04-13,2.3634,991,2.1854,915,NA,NA,1
2022,2,8479402,CBJ,2022-04-09,2.3797,978,2.3135,948,0.0035,2,0
2022,2,8474589,OTT,2022-04-03,1.156,443,0.8386,329,0.3175,114,1
2022,2,8474589,OTT,2022-04-01,1.9845,759,1.8007,703,0.1838,56,0
2022,2,8474589,OTT,2022-03-26,1.9154,740,1.4673,576,0.4481,164,1
2022,2,8474589,OTT,2022-03-24,1.7242,644,1.7242,644,NA,NA,0
2022,2,8474589,OTT,2022-03-22,1.593,655,1.5743,649,0.0187,6,0
2022,2,8474589,OTT,2022-03-19,2.2887,872,2.1776,831,0.111,41,0
2022,2,8474589,OTT,2022-03-18,1.2116,454,1.0906,410,0.1211,44,1
2022,2,8474589,OTT,2022-03-16,2.2448,930,2.1737,893,0.0711,37,1
2022,2,8474589,OTT,2022-03-14,2.3933,894,2.2588,853,0.1345,41,1
2022,2,8474589,OTT,2022-03-03,1.5802,598,1.3258,506,0.2544,92,0
2022,2,8475179,MIN,2022-04-29,2.155,899,1.8407,715,0.0452,19,1
2022,2,8475179,MIN,2022-04-28,3.155,1288,2.5636,969,NA,NA,1
2022,2,8475179,MIN,2022-04-26,2.899,1212,2.4926,1017,0.001,2,1
2022,2,8475179,MIN,2022-04-24,3.4576,1444,2.6802,1077,0.3014,125,0
2022,2,8475179,MIN,2022-04-22,3.1953,1236,2.8521,1087,0.2232,82,1
2022,2,8475179,MIN,2022-04-21,2.7709,1101,2.6887,1064,NA,NA,1
2022,2,8475179,MIN,2022-04-19,2.8089,1157,2.6788,1098,0.0162,4,0
2022,2,8475179,MIN,2022-04-17,3.1853,1259,2.7778,1116,0.2533,78,1
2022,2,8475179,MIN,2022-04-16,2.5248,989,2.3205,888,0.0484,16,0
2022,2,8475179,MIN,2022-04-14,3.4656,1368,3.2345,1275,NA,NA,0
2022,2,8475181,"DET,STL",2022-04-29,3.0262,1319,2.7998,1191,NA,NA,1
2022,2,8475181,"DET,STL",2022-04-26,2.5226,1146,2.2773,1004,NA,NA,0
2022,2,8475181,"DET,STL",2022-04-24,3.2341,1464,3.0786,1371,0.069,37,0
2022,2,8475181,"DET,STL",2022-04-23,3.1194,1355,2.6008,1158,0.5186,197,0
2022,2,8475181,"DET,STL",2022-04-21,3.1461,1296,2.6206,1076,0.4449,184,0
2022,2,8475181,"DET,STL",2022-04-19,2.6688,1201,2.4682,1080,0.0241,13,1
2022,2,8475181,"DET,STL",2022-04-16,1.7807,753,1.7807,753,NA,NA,1
2022,2,8475181,"DET,STL",2022-04-14,2.9039,1327,2.6812,1223,NA,NA,0
2022,2,8475181,"DET,STL",2022-04-12,2.785,1152,2.779,1152,0.006,0,0
2022,2,8475181,"DET,STL",2022-04-09,2.7697,1250,2.2372,1018,0.5325,232,1
2022,2,8475343,WSH,2022-04-29,1.8109,677,1.689,635,0.0368,13,0
2022,2,8475343,WSH,2022-04-28,2.1507,768,1.8396,640,NA,NA,0
2022,2,8475343,WSH,2022-04-26,2.1534,778,1.9295,654,0.0025,2,1
2022,2,8475343,WSH,2022-04-24,2.1649,848,1.9199,757,NA,NA,1
2022,2,8475343,WSH,2022-04-22,2.1726,819,2.1492,811,0.0234,8,0
2022,2,8475343,WSH,2022-04-20,2.0648,749,1.9547,703,NA,NA,0
2022,2,8475343,WSH,2022-04-18,2.2781,846,2.0561,741,NA,NA,0
2022,2,8475343,WSH,2022-04-16,1.9862,759,1.8586,695,0.0012,1,0
2022,2,8475343,WSH,2022-04-14,2.3519,878,1.9203,689,NA,NA,0
2022,2,8475343,WSH,2022-04-12,2.3905,927,1.9831,717,0.1512,75,1
2022,2,8475848,MTL,2022-04-29,2.3888,945,2.1625,820,0.2264,125,1
2022,2,8475848,MTL,2022-04-27,1.8518,747,1.7458,698,0.106,49,0
2022,2,8475848,MTL,2022-04-24,2.1299,863,1.9702,784,0.1598,79,1
2022,2,8475848,MTL,2022-04-23,2.0955,904,1.7654,720,0.3301,184,0
2022,2,8475848,MTL,2022-04-21,2.1729,825,2.1052,766,0.0677,59,1
2022,2,8475848,MTL,2022-04-19,2.1401,864,1.9616,765,0.1785,99,1
2022,2,8475848,MTL,2022-04-16,2.3067,918,2.2531,882,0.0537,36,1
2022,2,8475848,MTL,2022-04-15,2.0388,822,1.8909,739,0.1479,83,1
2022,2,8475848,MTL,2022-04-13,2.339,886,2.0254,720,0.3136,166,0
2022,2,8475848,MTL,2022-04-11,2.1748,840,2.1436,828,0.0312,12,1
2022,2,8476891,BOS,2022-04-28,2.4132,1079,2.3956,1071,4e-4,0,1
2022,2,8476891,BOS,2022-04-26,2.1043,889,2.0833,881,NA,NA,1
2022,2,8476891,BOS,2022-04-24,2.6867,1277,2.6023,1220,0.0844,57,0
2022,2,8476891,BOS,2022-04-23,2.2044,987,2.0371,929,0.1673,58,1
2022,2,8476891,BOS,2022-04-21,3.065,1257,2.9306,1181,0.1343,76,0
2022,2,8476891,BOS,2022-04-19,2.894,1263,2.717,1196,0.177,67,0
2022,2,8476891,BOS,2022-04-16,2.6831,1308,2.3554,1163,0.3277,145,1
2022,2,8476891,BOS,2022-04-14,3.2504,1394,2.3974,1053,0.7498,299,1
2022,2,8476891,BOS,2022-04-10,0.4344,191,0.4344,191,NA,NA,0
2022,2,8476891,BOS,2022-04-08,2.703,1235,2.5129,1135,0.1832,93,0
2022,2,8478434,VGK,2022-04-24,1.2754,503,1.1569,456,NA,NA,1
2022,2,8478434,VGK,2022-04-20,1.8335,671,1.8246,667,0.0089,4,1
2022,2,8478434,VGK,2022-04-18,1.5348,508,1.5348,508,NA,NA,1
2022,2,8478434,VGK,2022-04-16,1.8496,687,1.8225,676,0.0271,11,0
2022,2,8478434,VGK,2022-04-14,1.8175,659,1.801,654,0.0165,5,0
2022,2,8478434,VGK,2022-04-12,1.5817,571,1.5817,571,NA,NA,0
2022,2,8478434,VGK,2022-04-09,2.1134,766,2.1134,766,NA,NA,1
2022,2,8478434,VGK,2022-04-06,2.236,808,2.236,808,NA,NA,1
2022,2,8478434,VGK,2022-04-03,1.8065,655,1.7577,638,0.0489,17,0
2022,2,8478434,VGK,2022-03-30,0.5757,264,0.567,261,0.0087,3,0
2022,2,8478508,NSH,2022-04-29,2.4276,892,2.0878,746,7e-4,1,0
2022,2,8478508,NSH,2022-04-28,2.1506,749,1.8231,614,0.0035,2,0
2022,2,8478508,NSH,2022-04-26,2.4613,847,1.7649,592,0.0645,24,1
2022,2,8478508,NSH,2022-04-24,2.154,814,1.6245,592,NA,NA,1
2022,2,8478508,NSH,2022-04-23,2.779,966,2.6596,924,NA,NA,0
2022,2,8478508,NSH,2022-04-19,2.9992,1034,2.7274,948,0.0053,3,1
2022,2,8478508,NSH,2022-04-17,2.8171,1029,2.8171,1029,NA,NA,1
2022,2,8478508,NSH,2022-04-16,2.4494,920,2.1117,808,NA,NA,1
2022,2,8478508,NSH,2022-04-14,2.1395,794,1.695,626,NA,NA,1
2022,2,8478508,NSH,2022-04-12,2.8394,986,2.6708,918,NA,NA,1
2022,2,8479371,NSH,2022-04-29,2.7681,1239,2.5572,1103,NA,NA,0
2022,2,8479371,NSH,2022-04-28,2.816,1175,2.629,1085,0.0501,19,0
2022,2,8479371,NSH,2022-04-26,2.4332,1063,2.2493,974,0.1533,74,1
2022,2,8479371,NSH,2022-04-24,2.5419,1150,2.4208,1072,0.0228,8,1
2022,2,8479371,NSH,2022-04-23,2.7506,1153,2.7504,1153,NA,NA,0
2022,2,8479371,NSH,2022-04-19,2.7481,1231,2.7015,1214,0.0465,17,1
2022,2,8479371,NSH,2022-04-17,2.591,1105,2.591,1105,NA,NA,1
2022,2,8479371,NSH,2022-04-16,2.7894,1227,2.5047,1082,NA,NA,1
2022,2,8479371,NSH,2022-04-14,2.3263,987,2.2376,925,NA,NA,1
2022,2,8479371,NSH,2022-04-12,2.7371,1116,2.6289,1070,0.0238,10,1
2022,2,8480789,NYI,2022-04-29,2.0329,709,2.0213,709,0.0115,0,1
2022,2,8480789,NYI,2022-04-28,0.8814,376,0.8665,368,0.0149,8,1
2022,2,8480789,NYI,2022-04-26,1.0651,369,1.0651,369,NA,NA,0
2022,2,8480789,NYI,2022-04-24,1.7068,693,1.3202,517,0.3866,176,1
2022,2,8480789,NYI,2022-04-23,1.8167,724,1.4826,578,0.334,146,0
2022,2,8480789,NYI,2022-04-21,1.9486,734,1.9486,734,NA,NA,1
2022,2,8480789,NYI,2022-04-15,1.0832,429,1.0832,429,NA,NA,0
2022,2,8480789,NYI,2022-04-12,1.2836,507,1.2836,507,NA,NA,1
2022,2,8480789,NYI,2022-04-09,1.6933,631,1.6933,631,NA,NA,0
2022,2,8480789,NYI,2022-04-08,1.1173,401,1.1173,401,NA,NA,0
2022,2,8480821,DET,2022-04-19,2.5738,922,2.2205,809,0.3532,113,0
2022,2,8480821,DET,2022-04-17,2.5845,935,2.2335,815,0.3509,120,1
2022,2,8480821,DET,2022-04-16,2.9618,1072,2.7808,1014,0.181,58,0
2022,2,8480821,DET,2022-04-14,2.3211,829,2.1111,771,0.21,58,0
2022,2,8480821,DET,2022-04-12,2.999,1040,2.7025,901,0.2965,139,1
2022,2,8480821,DET,2022-04-09,2.7289,936,2.636,908,0.0929,28,1
2022,2,8480821,DET,2022-04-06,2.5298,932,2.0046,712,0.5089,213,0
2022,2,8480821,DET,2022-04-05,2.8139,984,2.058,730,0.7559,253,1
2022,2,8480821,DET,2022-04-03,2.2386,768,1.8871,633,0.3514,135,0
2022,2,8480821,DET,2022-04-01,2.135,804,1.9014,724,0.2335,80,1
2022,2,8480849,ARI,2022-04-29,3.231,1297,2.7058,1030,0.3989,207,1
2022,2,8480849,ARI,2022-04-27,2.8795,1129,2.1887,786,0.4173,200,0
2022,2,8480849,ARI,2022-04-26,3.6204,1450,2.5165,956,0.4743,210,0
2022,2,8480849,ARI,2022-04-23,2.6778,997,2.1072,788,0.2503,103,1
2022,2,8480849,ARI,2022-04-22,2.8509,1029,2.586,931,NA,NA,1
2022,2,8480849,ARI,2022-04-20,3.2295,1203,2.5887,972,0.1673,54,1
2022,2,8480849,ARI,2022-04-18,3.1737,1064,2.4658,829,0.7079,235,1
2022,2,8480849,ARI,2022-04-16,2.544,912,2.101,764,0.2754,86,0
2022,2,8480849,ARI,2022-04-14,2.918,1045,2.4512,866,0.2742,95,0
2022,2,8480849,ARI,2022-04-12,2.7322,1007,1.7794,629,0.4978,155,1
2022,2,8481186,COL,2022-04-29,1.4699,564,1.2135,462,NA,NA,0
2022,2,8481186,COL,2022-04-28,1.9634,722,1.5676,568,NA,NA,1
2022,2,8481186,COL,2022-04-26,1.6956,655,1.4249,544,NA,NA,1
2022,2,8481186,COL,2022-04-22,1.5218,554,1.3529,498,NA,NA,0
2022,2,8481186,COL,2022-04-20,1.7719,592,1.6732,553,NA,NA,0
2022,2,8481186,COL,2022-04-18,1.6399,559,1.4886,500,NA,NA,1
2022,2,8481186,COL,2022-04-16,1.8619,662,1.8584,658,NA,NA,1
2022,2,8481186,COL,2022-04-14,2.0647,718,1.7971,603,NA,NA,1
2022,2,8481186,COL,2022-04-13,2.1457,794,1.9439,735,NA,NA,1
2022,2,8481186,COL,2022-04-09,1.6388,569,1.6388,569,NA,NA,0
2022,2,8481481,LAK,2022-04-28,2.7484,1063,2.5571,987,NA,NA,0
2022,2,8481481,LAK,2022-04-27,2.7134,1056,2.1186,800,0.053,14,0
2022,2,8481481,LAK,2022-04-23,1.9201,681,1.8935,668,0.0151,7,1
2022,2,8481481,LAK,2022-04-21,2.2046,810,2.04,740,6e-4,1,1
2022,2,8481481,LAK,2022-04-19,2.8817,1002,2.6179,896,NA,NA,0
2022,2,8481481,LAK,2022-04-16,1.9701,706,1.8817,669,NA,NA,1
2022,2,8481481,LAK,2022-04-13,2.3079,932,2.0681,807,NA,NA,0
2022,2,8481481,LAK,2022-04-12,2.3293,879,2.0469,754,0.0273,18,0
2022,2,8481481,LAK,2022-04-10,1.6739,603,1.6118,579,NA,NA,0
2022,2,8481481,LAK,2022-03-26,1.8155,653,1.7335,613,NA,NA,1
2022,2,8471873,ARI,2022-04-29,3.2367,1489,2.9443,1293,NA,NA,1
2022,2,8471873,ARI,2022-04-27,3.3164,1511,2.8602,1195,NA,NA,0
2022,2,8471873,ARI,2022-04-26,3.425,1672,2.5923,1226,0.0257,8,0
2022,2,8471873,ARI,2022-04-23,3.2556,1361,2.8637,1179,NA,NA,1
2022,2,8471873,ARI,2022-04-22,3.5527,1498,2.8938,1185,NA,NA,1
2022,2,8471873,ARI,2022-04-20,3.1983,1419,2.6246,1105,NA,NA,1
2022,2,8471873,ARI,2022-04-18,2.9144,1218,2.7452,1115,0.0328,17,1
2022,2,8471873,ARI,2022-04-16,3.067,1276,2.795,1106,0.0528,15,0
2022,2,8471873,ARI,2022-04-14,3.0847,1400,2.6055,1124,NA,NA,0
2022,2,8471873,ARI,2022-04-12,2.6188,1241,1.8198,786,0.0804,32,1
2022,2,8474602,WSH,2022-04-29,2.725,1165,1.8555,790,0.8592,369,0
2022,2,8474602,WSH,2022-04-28,2.7381,1146,2.2392,933,0.4895,208,0
2022,2,8474602,WSH,2022-04-26,2.8802,1140,2.1728,849,0.668,291,1
2022,2,8474602,WSH,2022-04-24,2.0123,874,2.0123,874,NA,NA,1
2022,2,8474602,WSH,2022-04-22,2.4693,965,2.0807,807,0.3886,158,0
2022,2,8474602,WSH,2022-04-20,2.2813,833,2.2813,833,NA,NA,0
2022,2,8474602,WSH,2022-04-18,2.2705,934,2.2581,927,NA,NA,0
2022,2,8474602,WSH,2022-04-16,2.6082,998,2.4841,950,0.1241,48,0
2022,2,8474602,WSH,2022-04-14,2.4035,961,2.215,876,0.1885,85,0
2022,2,8474602,WSH,2022-04-12,2.7979,1162,2.426,971,0.372,191,1
2022,2,8475718,TOR,2022-04-29,2.6063,990,2.5844,970,NA,NA,1
2022,2,8475718,TOR,2022-04-24,2.971,1168,2.7456,1052,0.0469,17,0
2022,2,8475718,TOR,2022-04-23,2.8372,1206,2.7463,1145,NA,NA,0
2022,2,8475718,TOR,2022-04-21,3.0066,1243,2.5387,996,NA,NA,0
2022,2,8475718,TOR,2022-04-19,2.9366,1239,2.64,1084,0.0229,10,1
2022,2,8475718,TOR,2022-04-17,2.6142,1118,2.417,1024,NA,NA,1
2022,2,8475718,TOR,2022-04-16,2.5688,982,2.3608,883,0.027,9,0
2022,2,8475718,TOR,2022-04-12,3.0268,1227,2.567,1028,NA,NA,1
2022,2,8475718,TOR,2022-04-09,2.5935,1078,2.1706,865,NA,NA,1
2022,2,8475718,TOR,2022-04-07,2.8388,1097,2.5764,988,NA,NA,0
2022,2,8475768,SEA,2022-03-22,2.6056,950,2.37,849,0.2355,101,0
2022,2,8475768,SEA,2022-03-19,3.065,1137,2.4916,875,0.5735,262,1
2022,2,8475768,SEA,2022-03-16,3.1335,1154,2.3228,869,0.6743,243,1
2022,2,8475768,SEA,2022-03-12,3.0311,1053,2.6992,905,0.2889,133,0
2022,2,8475768,SEA,2022-03-10,3.4988,1249,3.274,1128,0.2248,120,0
2022,2,8475768,SEA,2022-03-08,3.062,1108,2.7401,974,0.3219,134,0
2022,2,8475768,SEA,2022-03-06,3.075,1089,2.769,955,0.306,134,0
2022,2,8475768,SEA,2022-03-05,2.8865,1092,2.4733,881,0.4133,211,0
2022,2,8475768,SEA,2021-12-29,2.6621,994,2.3572,834,0.3015,159,1
2022,2,8475768,SEA,2021-12-18,3.5319,1220,3.342,1162,0.1263,58,1
2022,2,8476897,"STL,DET",2022-04-29,2.7542,1031,2.3564,884,0.272,97,0
2022,2,8476897,"STL,DET",2022-04-26,2.6346,1025,2.3965,887,0.1472,82,0
2022,2,8476897,"STL,DET",2022-04-24,2.4003,930,1.9488,712,0.284,161,0
2022,2,8476897,"STL,DET",2022-04-23,2.439,952,2.311,900,0.128,52,1
2022,2,8476897,"STL,DET",2022-04-21,1.6597,623,1.3421,510,0.3176,113,0
2022,2,8476897,"STL,DET",2022-04-19,2.4568,998,2.1914,897,0.0054,5,0
2022,2,8476897,"STL,DET",2022-04-14,2.094,883,1.5938,667,0.1628,67,0
2022,2,8476897,"STL,DET",2022-04-12,2.4428,967,1.9827,734,0.3224,175,1
2022,2,8476897,"STL,DET",2022-04-09,2.4877,1005,1.7802,670,0.1423,75,1
2022,2,8476897,"STL,DET",2022-04-06,2.445,983,1.8508,690,0.3927,179,0
2022,2,8477497,CGY,2022-03-31,2.3601,772,2.2226,736,0.1376,36,1
2022,2,8477497,CGY,2022-03-29,1.6722,555,1.6722,555,NA,NA,1
2022,2,8477497,CGY,2022-03-22,1.7943,584,1.7943,584,NA,NA,1
2022,2,8477497,CGY,2022-03-19,2.1518,712,2.0117,698,0.0327,0,0
2022,2,8477497,CGY,2022-03-18,2.1936,726,2.0472,666,0.1032,43,1
2022,2,8477497,CGY,2022-03-16,2.233,712,2.233,712,NA,NA,1
2022,2,8477497,CGY,2022-03-13,2.2201,741,1.8742,649,0.2898,92,0
2022,2,8477497,CGY,2022-03-12,2.1824,780,2.1473,772,0.0351,8,1
2022,2,8477497,CGY,2022-03-10,2.162,706,1.9562,645,0.2057,61,1
2022,2,8477497,CGY,2022-03-08,1.7011,528,1.6067,498,0.0944,30,1
2022,2,8477511,WSH,2022-04-29,2.4064,875,2.2566,819,0.1498,56,0
2022,2,8477511,WSH,2022-04-28,2.2788,850,1.7651,641,0.5137,209,0
2022,2,8477511,WSH,2022-04-26,2.6045,975,2.2325,821,0.3721,154,1
2022,2,8477511,WSH,2022-04-24,2.7941,1020,2.6714,963,0.1227,57,1
2022,2,8477511,WSH,2022-04-22,3.0536,1141,2.4808,914,0.5728,227,0
2022,2,8477511,WSH,2022-04-20,2.1079,729,2.1079,729,NA,NA,0
2022,2,8477511,WSH,2022-04-18,2.5642,978,2.5642,978,NA,NA,0
2022,2,8477511,WSH,2022-04-16,2.2984,844,2.1373,779,0.1612,65,0
2022,2,8477511,WSH,2022-04-14,2.2372,844,1.7998,677,0.4374,167,0
2022,2,8477511,WSH,2022-04-12,2.0375,799,1.6818,629,0.3557,170,1
2022,2,8477941,"TOR,ARI",2022-04-18,2.059,823,1.762,672,0.297,151,1
2022,2,8477941,"TOR,ARI",2022-04-16,2.291,888,1.9929,745,0.2981,143,0
2022,2,8477941,"TOR,ARI",2022-04-14,2.3236,900,2.0375,756,0.2862,144,0
2022,2,8477941,"TOR,ARI",2022-04-12,2.2493,862,1.7452,646,0.5041,216,1
2022,2,8477941,"TOR,ARI",2022-04-09,2.2434,872,2.0384,752,0.205,120,0
2022,2,8477941,"TOR,ARI",2022-04-07,2.7475,1145,2.2317,839,0.5158,306,1
2022,2,8477941,"TOR,ARI",2022-04-04,2.5899,1019,2.289,900,0.3009,119,0
2022,2,8477941,"TOR,ARI",2022-04-01,2.041,864,1.8375,785,0.2035,79,1
2022,2,8477941,"TOR,ARI",2022-03-30,2.3894,916,2.1894,840,0.2,76,1
2022,2,8477941,"TOR,ARI",2022-03-28,2.4987,996,1.9192,713,0.5794,283,0
2022,2,8477979,"PHI,COL",2022-04-29,1.8736,644,1.8736,644,NA,NA,0
2022,2,8477979,"PHI,COL",2022-04-28,1.5677,551,1.5677,551,NA,NA,1
2022,2,8477979,"PHI,COL",2022-04-26,2.4296,816,2.4296,816,NA,NA,1
2022,2,8477979,"PHI,COL",2022-04-24,2.1807,759,2.1807,759,NA,NA,0
2022,2,8477979,"PHI,COL",2022-04-22,1.7355,579,1.6988,564,0.0367,15,0
2022,2,8477979,"PHI,COL",2022-04-18,2.3141,800,2.3141,800,NA,NA,1
2022,2,8477979,"PHI,COL",2022-04-16,2.0659,722,2.0659,720,NA,NA,1
2022,2,8477979,"PHI,COL",2022-04-14,2.0659,664,2.0659,664,NA,NA,1
2022,2,8477979,"PHI,COL",2022-04-13,2.6015,936,2.6015,936,NA,NA,1
2022,2,8477979,"PHI,COL",2022-04-09,2.0401,745,2.0401,745,NA,NA,0
2022,2,8478870,SJS,2022-04-29,2.4308,883,2.3539,853,NA,NA,0
2022,2,8478870,SJS,2022-04-28,1.9885,789,1.8237,726,NA,NA,0
2022,2,8478870,SJS,2022-04-26,2.6393,888,2.5978,873,NA,NA,1
2022,2,8478870,SJS,2022-04-24,2.1944,758,2.1285,732,NA,NA,0
2022,2,8478870,SJS,2022-04-23,2.3875,782,2.3875,782,NA,NA,1
2022,2,8478870,SJS,2022-04-21,2.6479,957,2.5795,922,NA,NA,1
2022,2,8478870,SJS,2022-04-19,2.3858,865,2.1711,801,NA,NA,1
2022,2,8478870,SJS,2022-04-17,2.3566,839,2.076,737,NA,NA,0
2022,2,8478870,SJS,2022-04-16,2.8661,1015,2.5331,888,0.3096,118,0
2022,2,8478870,SJS,2022-04-14,3.2749,1133,3.187,1101,NA,NA,0
2022,2,8479393,SJS,2022-04-29,2.3548,892,2.2649,858,NA,NA,0
2022,2,8479393,SJS,2022-04-28,1.9615,816,1.7137,709,0.1253,56,0
2022,2,8479393,SJS,2022-04-26,2.6989,973,2.3561,833,0.3021,127,1
2022,2,8479393,SJS,2022-04-24,2.3472,891,2.1443,791,0.1491,70,0
2022,2,8479393,SJS,2022-04-23,2.6187,884,2.3547,764,0.264,120,1
2022,2,8479393,SJS,2022-04-21,2.505,917,2.2546,821,0.1406,59,1
2022,2,8479393,SJS,2022-04-19,2.4139,924,2.1311,822,0.2761,98,1
2022,2,8479393,SJS,2022-04-17,1.8211,780,1.7948,763,NA,NA,0
2022,2,8479393,SJS,2022-04-16,2.4966,923,2.4448,893,0.0517,30,0
2022,2,8479393,SJS,2022-04-14,2.3671,866,2.2757,828,NA,NA,0
2022,2,8480003,NJD,2022-04-29,2.7219,892,2.3975,799,0.2031,59,1
2022,2,8480003,NJD,2022-04-28,2.8793,946,2.4808,821,0.3632,111,0
2022,2,8480003,NJD,2022-04-26,2.7994,981,2.447,862,0.293,90,0
2022,2,8480003,NJD,2022-04-24,3.02,1105,2.3549,844,0.2779,123,1
2022,2,8480003,NJD,2022-04-23,2.8746,1054,2.393,887,0.3618,121,1
2022,2,8480003,NJD,2022-04-21,2.5908,922,2.2001,790,0.317,102,1
2022,2,8480003,NJD,2022-04-18,2.6165,903,2.5093,875,NA,NA,0
2022,2,8480003,NJD,2022-04-16,2.881,1002,2.819,979,0.062,23,0
2022,2,8480003,NJD,2022-04-14,2.2918,867,2.2229,840,NA,NA,0
2022,2,8480003,NJD,2022-04-12,2.3429,813,2.113,740,NA,NA,0
2022,2,8480009,NSH,2022-04-29,2.0102,743,1.8242,677,0.186,66,0
2022,2,8480009,NSH,2022-04-24,1.5194,549,1.5194,549,NA,NA,1
2022,2,8480009,NSH,2022-04-19,1.5231,550,1.3162,471,0.2069,79,1
2022,2,8480009,NSH,2022-04-17,1.4834,579,1.3977,552,0.0857,27,1
2022,2,8480009,NSH,2022-04-16,1.5602,550,1.5602,550,NA,NA,1
2022,2,8480009,NSH,2022-04-14,2.0778,716,2.0721,713,0.0057,3,1
2022,2,8480009,NSH,2022-04-12,2.1632,737,1.9647,657,0.1985,80,1
2022,2,8480009,NSH,2022-04-10,2.503,941,2.2361,822,0.2669,119,0
2022,2,8480009,NSH,2022-04-09,1.9808,723,1.9808,723,NA,NA,1
2022,2,8480009,NSH,2022-04-07,2.3665,830,2.0563,721,0.3101,109,0
2022,2,8480043,TOR,2022-04-29,2.1922,920,1.8584,778,0.2582,108,1
2022,2,8480043,TOR,2022-04-26,2.5466,1055,2.2393,908,NA,NA,1
2022,2,8480043,TOR,2022-04-23,2.8136,1123,2.7214,1080,0.0637,31,0
2022,2,8480043,TOR,2022-04-21,2.2961,926,1.9772,786,0.2298,97,0
2022,2,8480043,TOR,2022-04-19,2.9226,1199,2.4147,963,0.3204,128,1
2022,2,8480043,TOR,2022-04-17,2.7859,1185,2.6162,1098,0.0164,15,1
2022,2,8480043,TOR,2022-04-16,3.0897,1186,2.7532,1066,0.2828,90,0
2022,2,8480043,TOR,2022-04-14,2.9941,1254,2.1915,907,0.4566,188,1
2022,2,8480043,TOR,2022-04-12,2.8345,1149,2.6626,1066,0.0374,24,1
2022,2,8480043,TOR,2022-04-05,2.4132,994,2.1029,857,0.2054,85,0
2022,2,8471228,DAL,2022-04-29,2.2728,867,2.0912,764,0.1816,103,1
2022,2,8471228,DAL,2022-04-27,1.8096,731,1.4507,547,0.3589,184,1
2022,2,8471228,DAL,2022-04-20,1.8118,630,1.5715,538,0.2404,92,0
2022,2,8471228,DAL,2022-04-18,1.6516,645,1.6091,631,0.0425,14,0
2022,2,8471228,DAL,2022-04-16,1.5839,572,1.4857,522,0.0982,50,1
2022,2,8471228,DAL,2022-04-14,1.6921,607,1.3774,462,0.3147,145,1
2022,2,8471228,DAL,2022-04-10,1.8362,688,1.6061,575,0.2301,113,0
2022,2,8471228,DAL,2022-04-07,1.9174,652,1.6444,552,0.273,100,1
2022,2,8471228,DAL,2022-04-05,1.6828,662,1.4155,544,0.2674,118,1
2022,2,8471228,DAL,2022-04-02,2.1492,788,1.7305,587,0.4186,201,0
2022,2,8474056,NJD,2022-04-29,2.3047,935,2.2159,896,NA,NA,1
2022,2,8474056,NJD,2022-04-24,2.2393,926,2.0445,816,NA,NA,1
2022,2,8474056,NJD,2022-04-23,2.1287,966,1.8762,856,0.1929,73,1
2022,2,8474056,NJD,2022-04-21,2.7167,1157,2.6501,1137,0.0626,20,1
2022,2,8474056,NJD,2022-04-18,2.864,1261,2.7579,1209,NA,NA,0
2022,2,8474056,NJD,2022-04-16,2.5883,1091,2.4188,1008,0.0193,10,0
2022,2,8474056,NJD,2022-04-14,2.2744,1004,2.2147,975,NA,NA,0
2022,2,8474056,NJD,2022-04-12,2.2581,980,2.0073,853,NA,NA,0
2022,2,8474056,NJD,2022-04-07,2.7883,1147,2.7672,1140,0.0211,7,1
2022,2,8474056,NJD,2022-04-05,2.5459,1039,2.5435,1039,NA,NA,1
2022,2,8475163,VAN,2022-04-29,2.7029,1065,2.4038,902,0.299,163,0
2022,2,8475163,VAN,2022-04-28,2.3819,980,2.1497,837,0.2322,143,1
2022,2,8475163,VAN,2022-04-26,2.2365,859,1.9286,701,0.2994,153,1
2022,2,8475163,VAN,2022-04-23,2.4067,947,2.4067,947,NA,NA,0
2022,2,8475163,VAN,2022-04-21,2.5055,1046,2.3666,963,0.1389,83,0
2022,2,8475163,VAN,2022-04-14,2.411,1050,1.9577,748,0.4461,299,1
2022,2,8475163,VAN,2022-04-12,2.6325,943,2.2537,772,0.3788,171,1
2022,2,8475163,VAN,2022-04-09,2.7412,1071,1.7831,634,0.9581,437,1
2022,2,8475163,VAN,2022-04-07,2.3353,951,2.1245,813,0.2108,138,0
2022,2,8475163,VAN,2022-04-06,2.0587,813,1.827,681,0.2317,132,0
2022,2,8475820,SEA,2022-05-01,2.6319,907,2.4442,907,0.1878,0,0
2022,2,8475820,SEA,2022-04-29,2.04,659,2.04,659,NA,NA,1
2022,2,8475820,SEA,2022-04-27,2.2752,867,2.0526,801,0.0538,16,1
2022,2,8475820,SEA,2022-04-26,2.2057,762,1.8501,633,0.0418,15,0
2022,2,8475820,SEA,2022-04-23,1.646,614,1.5561,580,0.0108,7,0
2022,2,8475820,SEA,2022-04-22,2.2715,802,1.5406,502,NA,NA,0
2022,2,8475820,SEA,2022-04-20,1.9529,624,1.6663,532,NA,NA,1
2022,2,8475820,SEA,2022-04-18,2.3657,818,2.009,690,NA,NA,1
2022,2,8475820,SEA,2022-04-12,1.7764,667,1.3627,530,NA,NA,0
2022,2,8475820,SEA,2022-04-09,2.262,833,1.5076,553,NA,NA,1
2022,2,8476393,NSH,2022-04-28,1.6257,579,1.4355,511,0.1902,68,0
2022,2,8476393,NSH,2022-04-26,1.5597,568,1.1523,432,0.4074,136,1
2022,2,8476393,NSH,2022-04-24,1.8348,658,1.4035,503,0.4313,155,1
2022,2,8476393,NSH,2022-04-23,1.8726,694,1.4587,534,0.4138,160,0
2022,2,8476393,NSH,2022-04-19,2.4764,874,2.2668,793,0.2095,81,1
2022,2,8476393,NSH,2022-04-17,2.7973,997,2.4847,867,0.3126,130,1
2022,2,8476393,NSH,2022-04-16,1.6418,599,1.5981,562,0.0437,37,1
2022,2,8476393,NSH,2022-04-14,2.1896,829,2.0166,738,0.173,91,1
2022,2,8476393,NSH,2022-04-12,1.846,664,1.5825,578,0.2636,86,1
2022,2,8476393,NSH,2022-04-10,1.9839,744,1.6013,590,0.3826,154,0
2022,2,8476931,CHI,2022-04-29,2.7382,1164,2.4761,1028,NA,NA,0
2022,2,8476931,CHI,2022-04-27,3.1366,1290,3.0097,1237,NA,NA,1
2022,2,8476931,CHI,2022-04-25,2.7865,1254,2.3419,1004,0.0165,11,1
2022,2,8476931,CHI,2022-04-23,3.2858,1329,2.9651,1173,0.0373,16,0
2022,2,8476931,CHI,2022-04-21,2.7128,1286,2.414,1125,NA,NA,0
2022,2,8476931,CHI,2022-04-20,3.1257,1361,2.8915,1251,0.0595,27,0
2022,2,8476931,CHI,2022-04-18,2.5296,1045,2.1736,876,0.0641,31,1
2022,2,8476931,CHI,2022-04-16,2.5661,1076,2.3689,974,NA,NA,0
2022,2,8476931,CHI,2022-04-14,3.1659,1307,3.0135,1239,NA,NA,1
2022,2,8476931,CHI,2022-04-12,2.8781,1247,2.6351,1112,0.0335,12,1
2022,2,8476934,PIT,2022-04-29,2.5001,899,2.1067,728,NA,NA,1
2022,2,8476934,PIT,2022-04-26,2.9469,1063,2.5806,904,0.0089,5,1
2022,2,8476934,PIT,2022-04-24,2.3219,867,1.9333,703,NA,NA,0
2022,2,8476934,PIT,2022-04-23,1.9561,701,1.7248000000000001,609,NA,NA,0
2022,2,8476934,PIT,2022-04-21,2.5542,986,2.209,827,NA,NA,1
2022,2,8476934,PIT,2022-04-16,2.3666,835,1.9812,681,NA,NA,0
2022,2,8476934,PIT,2022-04-14,2.2746,770,1.7872,582,NA,NA,1
2022,2,8476934,PIT,2022-04-12,2.7212,961,2.6914,953,NA,NA,0
2022,2,8476934,PIT,2022-03-11,1.0856,400,1.0856,400,NA,NA,1
2022,2,8476934,PIT,2022-03-08,2.3784,837,2.1451,695,NA,NA,1
2022,2,8477507,CGY,2022-04-29,3.0308,1207,2.6777,1017,NA,NA,0
2022,2,8477507,CGY,2022-04-28,2.6365,967,2.6343,966,0.0022,1,0
2022,2,8477507,CGY,2022-04-26,1.8285,694,1.8037,676,0.0112,9,0
2022,2,8477507,CGY,2022-04-23,2.3628,944,2.3628,944,NA,NA,1
2022,2,8477507,CGY,2022-04-21,2.3002,873,2.1969,825,NA,NA,1
2022,2,8477507,CGY,2022-04-19,2.1273,829,2.1273,829,NA,NA,0
2022,2,8477507,CGY,2022-04-18,2.1043,814,2.1043,814,NA,NA,0
2022,2,8477507,CGY,2022-04-16,2.6905,1140,2.5964,1089,NA,NA,1
2022,2,8477507,CGY,2022-04-14,2.4783,964,2.3324,884,NA,NA,1
2022,2,8477507,CGY,2022-04-12,3.1389,1344,2.8727,1218,0.0296,11,1
2022,2,8478585,EDM,2022-04-29,2.1839,775,2.0394,714,NA,NA,1
2022,2,8478585,EDM,2022-04-28,2.0346,776,1.9208,721,NA,NA,1
2022,2,8478585,EDM,2022-04-26,1.9984,731,1.9525,707,NA,NA,0
2022,2,8478585,EDM,2022-04-24,2.0981,798,1.7902,663,NA,NA,0
2022,2,8478585,EDM,2022-04-22,1.6288,593,1.1753,411,0.0139,9,1
2022,2,8478585,EDM,2022-04-20,2.1243,800,1.8646,696,0.0064,3,1
2022,2,8478585,EDM,2022-04-16,1.9951,690,1.7612,600,NA,NA,1
2022,2,8478585,EDM,2022-04-14,2.3819,871,2.2258,792,NA,NA,0
2022,2,8478585,EDM,2022-04-12,1.7184,651,1.4706,539,NA,NA,0
2022,2,8478585,EDM,2022-04-09,1.9472,715,1.8548,689,NA,NA,1
2022,2,8479316,NSH,2022-04-29,1.757,678,1.7152,658,0.002,1,0
2022,2,8479316,NSH,2022-04-28,1.8704,690,1.761,641,NA,NA,0
2022,2,8479316,NSH,2022-04-26,1.9711,778,1.9711,775,NA,NA,1
2022,2,8479316,NSH,2022-04-24,1.5145,588,1.512,586,0.0025,2,1
2022,2,8479316,NSH,2022-04-23,1.9107,733,1.9107,733,NA,NA,0
2022,2,8479316,NSH,2022-04-19,2.0005,793,1.9755,781,0.0131,6,1
2022,2,8479316,NSH,2022-04-17,1.9302,755,1.9302,755,NA,NA,1
2022,2,8479316,NSH,2022-04-16,1.9954,838,1.6993,669,NA,NA,1
2022,2,8479316,NSH,2022-04-14,1.6803,624,1.6318,603,0.003,3,1
2022,2,8479316,NSH,2022-04-12,1.5597,605,1.5597,605,NA,NA,1
2022,2,8479373,SJS,2022-04-29,1.341,452,1.341,452,NA,NA,0
2022,2,8479373,SJS,2022-04-21,2.2446,855,2.0748,794,0.1698,61,1
2022,2,8479373,SJS,2022-04-19,1.8163,745,1.7047,677,0.1116,68,1
2022,2,8479373,SJS,2022-04-17,2.2537,866,1.8674,697,0.3862,169,0
2022,2,8479373,SJS,2022-04-16,2.4673,892,2.1408,774,0.3264,118,0
2022,2,8479373,SJS,2022-04-12,1.2076,453,1.0655,399,0.1421,54,0
2022,2,8479373,SJS,2022-04-09,1.044,370,0.8874,315,0.1566,55,0
2022,2,8479373,SJS,2022-04-07,1.4991,564,1.189,446,0.3101,118,1
2022,2,8479373,SJS,2022-04-02,1.4207,576,1.3158,534,0.1049,42,1
2022,2,8479373,SJS,2022-03-20,2.0278,740,1.8396,668,0.1882,72,1
2022,2,8479390,"TBL,CHI",2022-04-29,2.1725,876,2.0271,808,0.1455,68,0
2022,2,8479390,"TBL,CHI",2022-04-27,2.4499,969,2.191,855,0.259,114,1
2022,2,8479390,"TBL,CHI",2022-04-25,2.0834,873,1.2681,452,0.8153,421,1
2022,2,8479390,"TBL,CHI",2022-04-23,2.3108,926,2.0339,788,0.2769,138,0
2022,2,8479390,"TBL,CHI",2022-04-21,2.2583,926,1.749,663,0.5093,263,0
2022,2,8479390,"TBL,CHI",2022-04-20,2.4214,1017,1.7631,663,0.658,354,0
2022,2,8479390,"TBL,CHI",2022-04-18,1.6539,655,1.3348,498,0.3191,157,1
2022,2,8479390,"TBL,CHI",2022-04-16,2.3558,961,1.7344,640,0.6214,321,0
2022,2,8479390,"TBL,CHI",2022-04-14,2.7239,1038,2.3232,866,0.4007,172,1
2022,2,8479390,"TBL,CHI",2022-04-12,1.8302,790,1.4511,581,0.3792,209,1
2022,2,8479987,SEA,2022-05-01,2.9148,1071,2.6568,1009,0.0996,0,0
2022,2,8479987,SEA,2022-04-29,2.2973,786,2.1921,750,NA,NA,1
2022,2,8479987,SEA,2022-04-27,2.633,996,2.5295,958,0.0739,23,1
2022,2,8479987,SEA,2022-04-26,1.9893,736,1.7679,630,0.1999,97,0
2022,2,8479987,SEA,2022-04-23,1.7923,669,1.7084,640,0.0092,7,0
2022,2,8479987,SEA,2022-04-18,1.8228,640,1.735,618,NA,NA,1
2022,2,8479987,SEA,2022-04-16,2.186,762,2.0223,690,NA,NA,1
2022,2,8479987,SEA,2022-04-12,1.4665,600,1.3454,548,0.1211,52,0
2022,2,8479987,SEA,2022-04-09,2.1797,889,1.7102,673,0.4395,203,1
2022,2,8479987,SEA,2022-04-07,1.6781,568,1.5709,522,0.1072,46,0
2022,2,8480078,NYR,2022-04-29,1.5915,745,1.4864,670,0.1051,75,1
2022,2,8480078,NYR,2022-04-27,2.6856,951,2.4702,845,0.2154,106,1
2022,2,8480078,NYR,2022-04-26,2.2789,733,2.0163,649,0.2626,84,1
2022,2,8480078,NYR,2022-04-21,2.1698,781,2.1698,781,NA,NA,0
2022,2,8480078,NYR,2022-04-19,2.4478,885,2.3301,835,0.1177,50,1
2022,2,8480078,NYR,2022-04-16,2.775,929,2.2925,771,0.4825,158,1
2022,2,8480078,NYR,2022-04-13,2.3831,797,2.2831,764,0.1,31,0
2022,2,8480078,NYR,2022-04-07,2.0809,769,1.8431,666,0.2378,103,1
2022,2,8480078,NYR,2022-04-05,2.1468,754,2.1468,754,NA,NA,0
2022,2,8480078,NYR,2022-04-03,2.8319,929,2.5545,830,0.2595,92,1
2022,2,8480871,CBJ,2022-04-19,2.7468,1048,2.2876,869,0.4592,179,0
2022,2,8480871,CBJ,2022-04-17,3.5368,1400,3.2665,1283,0.2702,117,0
2022,2,8480871,CBJ,2022-04-16,2.2808,884,2.2191,865,0.0366,11,0
2022,2,8480871,CBJ,2022-04-13,2.2875,936,2.0792,843,0.1861,84,1
2022,2,8480871,CBJ,2022-04-09,2.4404,976,2.1674,862,0.273,114,0
2022,2,8480871,CBJ,2022-04-07,3.0358,1175,2.7285,1068,0.3074,107,1
2022,2,8480871,CBJ,2022-04-05,1.9415,833,1.867,803,0.0666,24,0
2022,2,8480871,CBJ,2022-04-04,2.2299,844,2.0406,763,0.1893,81,1
2022,2,8480871,CBJ,2022-04-02,2.3381,943,2.1373,878,0.1943,65,0
2022,2,8480871,CBJ,2022-03-31,2.643,1074,2.0309,836,0.6121,238,0
2022,2,8481522,"VGK,BUF",2022-04-29,1.9533,701,1.5868,556,0.3665,145,1
2022,2,8481522,"VGK,BUF",2022-04-28,2.0333,708,1.7016,562,0.3317,146,0
2022,2,8481522,"VGK,BUF",2022-04-23,2.4125,937,1.4463,547,0.7584,309,1
2022,2,8481522,"VGK,BUF",2022-04-21,2.2352,796,2.1171,736,0.0374,21,0
2022,2,8481522,"VGK,BUF",2022-04-17,2.3892,911,2.1689,810,0.1705,81,0
2022,2,8481522,"VGK,BUF",2022-04-16,2.5212,930,2.0204,705,0.3837,184,1
2022,2,8481522,"VGK,BUF",2022-04-14,2.1203,827,1.835,708,0.171,80,1
2022,2,8481522,"VGK,BUF",2022-04-12,2.1573,782,1.7108,593,0.4465,189,0
2022,2,8481522,"VGK,BUF",2022-04-10,2.1827,771,1.9888,707,0.1939,64,0
2022,2,8481522,"VGK,BUF",2022-04-08,2.1904,831,1.6013,599,0.5891,232,0
2022,2,8482245,OTT,2022-04-29,2.3939,1080,2.351,1056,NA,NA,0
2022,2,8482245,OTT,2022-04-28,2.4521,1023,2.4512,1020,NA,NA,1
2022,2,8482245,OTT,2022-04-26,2.1224,955,2.1207,953,0.0017,2,1
2022,2,8482245,OTT,2022-04-23,2.2966,1087,1.9534,898,NA,NA,1
2022,2,8482245,OTT,2022-04-22,2.5712,1128,2.4801,1085,NA,NA,0
2022,2,8482245,OTT,2022-04-19,2.5668,1200,2.4483,1134,NA,NA,0
2022,2,8482245,OTT,2022-04-18,2.7612,1263,2.362,1053,NA,NA,0
2022,2,8482245,OTT,2022-04-16,2.7176,1214,2.5448,1130,NA,NA,1
2022,2,8482245,OTT,2022-04-14,2.3903,1127,1.9698,908,0.0806,30,0
2022,2,8482245,OTT,2022-04-10,2.6211,1137,2.5347,1096,NA,NA,1
2022,2,8470281,EDM,2022-04-29,2.0227,945,1.7329,770,0.1587,73,1
2022,2,8470281,EDM,2022-04-28,2.9507,1317,2.5562,1161,0.3945,156,1
2022,2,8470281,EDM,2022-04-26,2.7092,1178,2.3148,978,0.0335,12,0
2022,2,8470281,EDM,2022-04-24,2.7358,1153,2.2871,937,0.2461,93,0
2022,2,8470281,EDM,2022-04-22,2.9842,1294,2.2314,954,0.2815,93,1
2022,2,8470281,EDM,2022-04-20,2.4947,1044,2.2638,962,0.1255,35,1
2022,2,8470281,EDM,2022-04-16,2.5893,1068,2.4852,1025,0.045,18,1
2022,2,8470281,EDM,2022-04-14,2.365,966,2.2772,919,NA,NA,0
2022,2,8470281,EDM,2022-04-12,2.3965,1007,2.1849,908,0.1622,68,0
2022,2,8470281,EDM,2022-04-09,2.8893,1137,2.5803,1018,0.1357,41,1
2022,2,8470619,PIT,2022-04-29,1.8778,720,1.2409,474,NA,NA,1
2022,2,8470619,PIT,2022-04-24,1.4239,552,1.3755,528,NA,NA,0
2022,2,8470619,PIT,2022-04-21,1.7026,631,1.4885,557,NA,NA,1
2022,2,8470619,PIT,2022-04-16,1.1935,462,1.0222,395,NA,NA,0
2022,2,8470619,PIT,2022-04-14,1.4568,558,0.9901,358,NA,NA,1
2022,2,8470619,PIT,2022-04-12,1.8248,679,1.6513,603,NA,NA,0
2022,2,8470619,PIT,2022-04-10,1.4537,601,1.0696,438,NA,NA,1
2022,2,8470619,PIT,2022-04-09,1.8673,721,1.4699,568,NA,NA,1
2022,2,8470619,PIT,2022-04-07,1.69,639,1.339,498,NA,NA,0
2022,2,8470619,PIT,2022-04-05,1.5372,570,1.3342,493,NA,NA,1
2022,2,8473473,CGY,2022-04-29,1.8445,679,1.8445,679,NA,NA,0
2022,2,8473473,CGY,2022-04-28,1.8118,675,1.8009,670,0.0109,5,0
2022,2,8473473,CGY,2022-04-26,1.5343,637,1.3484,531,0.1859,105,0
2022,2,8473473,CGY,2022-04-23,1.8854,729,1.8854,729,NA,NA,1
2022,2,8473473,CGY,2022-04-21,1.4537,546,1.4537,546,NA,NA,1
2022,2,8473473,CGY,2022-04-19,1.5704,547,1.5704,547,NA,NA,0
2022,2,8473473,CGY,2022-04-18,2.0056,682,1.9954,676,0.0101,6,0
2022,2,8473473,CGY,2022-04-16,1.8947,724,1.8947,724,NA,NA,1
2022,2,8473473,CGY,2022-04-14,1.7616,643,1.7616,643,NA,NA,1
2022,2,8473473,CGY,2022-04-12,1.0795,468,1.0407,458,0.0388,10,1
2022,2,8475164,ANA,2022-03-08,1.9064,773,1.36,518,0.3192,140,0
2022,2,8475164,ANA,2022-03-06,2.1898,883,1.3501,475,0.4685,247,1
2022,2,8475164,ANA,2022-03-04,2.0376,923,1.3395,585,0.2815,120,1
2022,2,8475164,ANA,2022-03-01,2.6173,1010,2.5678,980,NA,NA,1
2022,2,8475164,ANA,2022-02-27,2.2737,905,1.8269,699,0.1503,63,1
2022,2,8475164,ANA,2022-02-25,2.1673,793,1.658,583,0.2358,87,1
2022,2,8475164,ANA,2022-02-22,3.1142,1182,2.0151,733,0.5001,253,1
2022,2,8475164,ANA,2022-02-19,2.2821,972,1.5604,616,0.3373,134,0
2022,2,8475164,ANA,2022-02-17,2.69,1029,1.8146,659,0.2676,114,0
2022,2,8475164,ANA,2022-02-16,2.1564,843,1.0729,399,0.6405,275,0
2022,2,8475324,WSH,2022-04-29,3.3536,1247,2.9463,1086,0.0451,15,0
2022,2,8475324,WSH,2022-04-28,2.4067,945,2.1764,827,NA,NA,0
2022,2,8475324,WSH,2022-04-26,2.7167,1117,2.5136,985,0.0272,11,1
2022,2,8475324,WSH,2022-04-24,3.3061,1312,2.9568,1173,NA,NA,1
2022,2,8475324,WSH,2022-04-22,2.9838,1100,2.9838,1100,NA,NA,0
2022,2,8475324,WSH,2022-04-20,3.7727,1497,3.5703,1399,NA,NA,0
2022,2,8475324,WSH,2022-04-18,3.1827,1270,2.8815,1082,NA,NA,0
2022,2,8475324,WSH,2022-04-16,3.0313,1219,2.8605,1136,NA,NA,0
2022,2,8475324,WSH,2022-04-14,3.1451,1239,2.3737,884,NA,NA,0
2022,2,8475324,WSH,2022-04-12,3.004,1190,2.7268,1034,NA,NA,1
2022,2,8475728,"ARI,WSH",2022-04-29,1.7705,678,1.7705,678,NA,NA,0
2022,2,8475728,"ARI,WSH",2022-04-28,1.7706,663,1.6289,589,NA,NA,0
2022,2,8475728,"ARI,WSH",2022-04-26,1.227,458,1.227,458,NA,NA,1
2022,2,8475728,"ARI,WSH",2022-04-24,1.8678,763,1.7292,714,NA,NA,1
2022,2,8475728,"ARI,WSH",2022-04-22,1.8953,691,1.8874,687,0.0079,4,0
2022,2,8475728,"ARI,WSH",2022-04-20,1.9794,723,1.8597,682,NA,NA,0
2022,2,8475728,"ARI,WSH",2022-04-18,1.7713,696,1.7065,660,NA,NA,0
2022,2,8475728,"ARI,WSH",2022-04-16,1.6183,606,1.6183,606,NA,NA,0
2022,2,8475728,"ARI,WSH",2022-04-14,1.7474,709,1.6369,664,NA,NA,0
2022,2,8475728,"ARI,WSH",2022-04-12,2.0121000000000002,815,1.7406,683,0.1636,83,1
2022,2,8476392,WPG,2022-05-01,2.5096,905,2.3679,843,0.1021,40,1
2022,2,8476392,WPG,2022-04-29,2.7057,975,2.1606,744,0.3429,153,1
2022,2,8476392,WPG,2022-04-27,2.6241,987,1.7279,580,0.3111,150,1
2022,2,8476392,WPG,2022-04-24,2.9067,1077,2.5438,926,0.1259,55,1
2022,2,8476392,WPG,2022-04-21,2.4077,876,1.6378,576,0.0444,13,0
2022,2,8476392,WPG,2022-04-19,2.5503,910,2.0442,706,0.1935,63,0
2022,2,8476392,WPG,2022-04-16,2.3561,824,2.084,723,0.1269,46,0
2022,2,8476392,WPG,2022-04-15,2.6734,956,2.0931,717,0.4248,171,0
2022,2,8476392,WPG,2022-04-11,2.9146,1064,2.5727,927,0.1173,38,0
2022,2,8476392,WPG,2022-04-10,2.7561,1034,2.1011,751,0.2337,88,0
2022,2,8476437,"MIN,SEA",2022-05-01,2.1604,805,2.1427,805,0.0176,0,0
2022,2,8476437,"MIN,SEA",2022-04-29,2.3937,914,2.2175,858,0.1762,56,1
2022,2,8476437,"MIN,SEA",2022-04-27,2.2586,885,1.703,689,0.5556,196,1
2022,2,8476437,"MIN,SEA",2022-04-26,2.4823,961,1.9079,747,0.5744,214,0
2022,2,8476437,"MIN,SEA",2022-04-23,2.2437,899,2.1623,849,0.0814,50,0
2022,2,8476437,"MIN,SEA",2022-04-22,2.0655,760,1.9612,719,0.1043,41,0
2022,2,8476437,"MIN,SEA",2022-04-20,2.6676,1022,2.5486,977,0.119,45,1
2022,2,8476437,"MIN,SEA",2022-04-18,2.3407,884,1.9351,715,0.4056,169,1
2022,2,8476437,"MIN,SEA",2022-04-16,1.9371,754,1.7296,658,0.2075,96,1
2022,2,8476437,"MIN,SEA",2022-04-12,1.9473,747,1.7698,682,0.1776,65,0
2022,2,8476851,ARI,2022-04-29,2.048,769,1.7663,619,0.2817,150,1
2022,2,8476851,ARI,2022-04-27,2.2068,861,2.0346,769,0.1722,92,0
2022,2,8476851,ARI,2022-04-26,1.585,545,1.1486,394,0.4363,151,0
2022,2,8476851,ARI,2022-04-23,1.9851,709,1.963,693,0.022,16,1
2022,2,8476851,ARI,2022-04-22,2.2652,809,2.2278,795,NA,NA,1
2022,2,8476851,ARI,2022-04-20,2.3248,836,2.169,779,0.1558,57,1
2022,2,8476851,ARI,2022-04-18,2.0895,765,2.0523,753,0.0372,12,1
2022,2,8476851,ARI,2022-04-12,2.0977,745,2.0232,719,0.0745,26,1
2022,2,8476851,ARI,2022-04-09,2.397,798,2.397,798,NA,NA,0
2022,2,8476851,ARI,2022-04-07,2.2622,758,2.1696,713,0.0926,45,1
2022,2,8476967,"MTL,EDM",2022-04-29,3.6767,1501,3.5561,1452,NA,NA,1
2022,2,8476967,"MTL,EDM",2022-04-28,2.787,1124,2.6769,1069,NA,NA,1
2022,2,8476967,"MTL,EDM",2022-04-26,2.9579,1267,2.6673,1119,NA,NA,0
2022,2,8476967,"MTL,EDM",2022-04-24,2.7116,1152,2.3788,951,NA,NA,0
2022,2,8476967,"MTL,EDM",2022-04-22,1.8712,817,1.581,650,NA,NA,1
2022,2,8476967,"MTL,EDM",2022-04-20,1.868,722,1.8284,697,NA,NA,1
2022,2,8476967,"MTL,EDM",2022-04-16,2.1717,895,1.9394,778,NA,NA,1
2022,2,8476967,"MTL,EDM",2022-04-14,1.8652,717,1.6388,602,NA,NA,0
2022,2,8476967,"MTL,EDM",2022-04-12,2.1622,925,1.9488,822,NA,NA,0
2022,2,8476967,"MTL,EDM",2022-04-09,2.4998,1056,2.3471,979,NA,NA,1
2022,2,8477369,SEA,2022-05-01,2.6536,1095,2.4739,1008,0.0455,22,0
2022,2,8477369,SEA,2022-04-29,2.9447,1254,2.5864,1024,0.1358,62,1
2022,2,8477369,SEA,2022-04-27,2.5642,975,1.8774,751,0.5507,180,1
2022,2,8477369,SEA,2022-04-26,2.7224,1089,2.0408,806,0.6451,257,0
2022,2,8477369,SEA,2022-04-23,2.8694,1169,2.652,1072,0.1295,51,0
2022,2,8477369,SEA,2022-04-22,2.8148,1141,2.5482,1009,0.0733,31,0
2022,2,8477369,SEA,2022-04-20,2.3771,1012,2.1859,929,0.1084,45,1
2022,2,8477369,SEA,2022-04-18,2.8212,1045,2.2417,832,0.5191,174,1
2022,2,8477369,SEA,2022-04-16,2.8748,1171,2.3258,900,0.2344,96,1
2022,2,8477369,SEA,2022-04-12,2.7966,1146,2.2737,887,0.1449,62,0
2022,2,8477482,"OTT,WPG",2022-05-01,2.2755,869,2.2755,869,NA,NA,1
2022,2,8477482,"OTT,WPG",2022-04-29,2.287,856,2.287,856,NA,NA,1
2022,2,8477482,"OTT,WPG",2022-04-27,1.7458,603,1.7458,603,NA,NA,1
2022,2,8477482,"OTT,WPG",2022-04-21,2.4528,955,2.2784,901,0.1744,54,0
2022,2,8477482,"OTT,WPG",2022-04-19,2.3685,952,2.1597,884,0.2088,68,0
2022,2,8477482,"OTT,WPG",2022-04-16,1.9427,734,1.7465,669,0.1962,65,0
2022,2,8477482,"OTT,WPG",2022-04-15,2.6444,955,2.1495,777,0.4949,178,0
2022,2,8477482,"OTT,WPG",2022-04-11,2.6412,1025,2.5034,982,0.1378,43,0
2022,2,8477482,"OTT,WPG",2022-04-10,2.1387,823,1.846,699,0.2928,124,0
2022,2,8477482,"OTT,WPG",2022-04-08,2.6189,949,2.4104,874,0.2085,75,1
2022,2,8477506,NYI,2022-04-29,3.028,1318,2.906,1247,0.0288,12,1
2022,2,8477506,NYI,2022-04-26,2.98,1309,2.3267,969,0.1319,54,0
2022,2,8477506,NYI,2022-04-24,3.3122,1269,2.9271,1120,0.3005,96,1
2022,2,8477506,NYI,2022-04-23,3.0846,1412,1.9184,885,0.3678,130,0
2022,2,8477506,NYI,2022-04-21,3.1378,1307,3.1178,1286,2e-4,0,1
2022,2,8477506,NYI,2022-04-19,3.2776,1530,2.711,1212,0.1645,62,1
2022,2,8477506,NYI,2022-04-17,2.9118,1339,2.4574,1054,0.2783,105,0
2022,2,8477506,NYI,2022-04-15,2.6972,1270,2.475,1126,0.0827,39,0
2022,2,8477506,NYI,2022-04-14,3.0853,1284,2.5859,1040,0.3654,145,0
2022,2,8477506,NYI,2022-04-12,3.4564,1500,3.0257,1264,0.1189,55,1
2022,2,8478891,"SEA,WPG",2022-05-01,2.8982,1092,2.7132,1029,0.1324,41,1
2022,2,8478891,"SEA,WPG",2022-04-29,2.9402,1115,2.2285,856,0.5032,174,1
2022,2,8478891,"SEA,WPG",2022-04-27,3.0891,1080,1.9672,656,0.4486,153,1
2022,2,8478891,"SEA,WPG",2022-04-24,3.0919,1160,2.6505,990,0.1348,55,1
2022,2,8478891,"SEA,WPG",2022-04-21,2.4602,895,1.5174,565,0.1997,71,0
2022,2,8478891,"SEA,WPG",2022-04-19,2.3304,875,2.0237,742,NA,NA,0
2022,2,8478891,"SEA,WPG",2022-04-16,2.5821,992,2.3831,908,NA,NA,0
2022,2,8478891,"SEA,WPG",2022-04-15,2.6982,1020,2.5224,957,NA,NA,0
2022,2,8478891,"SEA,WPG",2022-04-11,3.1816,1206,2.8602,1049,0.0918,40,0
2022,2,8478891,"SEA,WPG",2022-04-10,2.7631,1025,2.1987,795,0.0893,32,0
2022,2,8478911,LAK,2022-04-27,2.9987,1391,2.7345,1253,0.0121,5,0
2022,2,8478911,LAK,2022-04-23,2.6873,1245,2.5238,1149,0.0222,7,1
2022,2,8478911,LAK,2022-04-21,2.8305,1251,2.4926,1066,0.001,1,1
2022,2,8478911,LAK,2022-04-19,2.7881,1280,2.3862,1048,NA,NA,0
2022,2,8478911,LAK,2022-04-16,2.7876,1268,2.5214,1136,0.0192,9,1
2022,2,8478911,LAK,2022-04-13,2.8944,1295,2.8305,1254,NA,NA,0
2022,2,8478911,LAK,2022-04-12,2.9975,1358,2.4565,1056,NA,NA,0
2022,2,8478911,LAK,2022-04-10,2.8933,1351,2.7153,1239,0.0155,10,0
2022,2,8478911,LAK,2022-04-07,2.8817,1164,2.6861,1080,0.0141,6,1
2022,2,8478911,LAK,2022-03-12,2.1786,878,2.0931,836,0.0619,22,0
2022,2,8479345,ARI,2022-03-12,0.8421,351,0.8421,351,NA,NA,0
2022,2,8479345,ARI,2022-03-10,3.0154,1311,2.9404,1281,0.0751,30,0
2022,2,8479345,ARI,2022-03-08,3.2722,1402,2.9217,1247,0.1318,56,0
2022,2,8479345,ARI,2022-03-05,2.9243,1319,2.605,1154,0.2946,141,1
2022,2,8479345,ARI,2022-03-03,3.1145,1387,2.8805,1260,0.1047,46,1
2022,2,8479345,ARI,2022-02-27,2.7116,1165,2.7116,1165,NA,NA,1
2022,2,8479345,ARI,2022-02-25,2.8973,1271,2.3409,1034,0.3275,113,1
2022,2,8479345,ARI,2022-02-23,2.6816,1184,2.2799,982,0.3054,144,1
2022,2,8479345,ARI,2022-02-20,2.7829,1274,2.5119,1147,0.1635,73,1
2022,2,8479345,ARI,2022-02-19,2.5637,1143,2.2258,993,0.2784,115,1
2022,2,8480015,"FLA,PHI",2022-04-29,2.1589,816,1.9971,736,0.1618,80,1
2022,2,8480015,"FLA,PHI",2022-04-27,2.5388,895,2.0169,711,0.5219,184,0
2022,2,8480015,"FLA,PHI",2022-04-25,2.2629,888,1.8208,698,0.4421,190,0
2022,2,8480015,"FLA,PHI",2022-04-24,1.9374,755,1.7448,647,0.1926,108,1
2022,2,8480015,"FLA,PHI",2022-04-21,2.4879,894,1.9985,719,0.4893,175,0
2022,2,8480015,"FLA,PHI",2022-04-19,2.2247,830,1.9379,702,0.248,118,0
2022,2,8480015,"FLA,PHI",2022-04-17,2.2639,894,2.0198,789,0.2441,105,1
2022,2,8480015,"FLA,PHI",2022-04-16,2.4992,903,1.8721,686,0.6271,217,0
2022,2,8480015,"FLA,PHI",2022-04-13,2.3212,832,2.1193,753,0.2018,79,1
2022,2,8480015,"FLA,PHI",2022-04-12,2.4759,910,2.2844,839,0.1915,71,0
2022,2,8480798,CHI,2022-04-29,2.2545,821,2.1388,771,0.1157,50,0
2022,2,8480798,CHI,2022-04-27,2.5239,915,2.2122,789,0.3117,126,1
2022,2,8480798,CHI,2022-04-25,1.8386,658,1.5238,529,0.3149,129,1
2022,2,8480798,CHI,2022-04-23,2.6244,955,2.6244,955,NA,NA,0
2022,2,8480798,CHI,2022-04-21,2.0378,707,1.9417,665,0.096,42,0
2022,2,8480798,CHI,2022-04-20,2.5967,907,1.9281,670,0.6685,237,0
2022,2,8480798,CHI,2022-04-14,2.064,740,1.8868,659,0.1772,81,1
2022,2,8480798,CHI,2022-04-12,2.2734,786,1.8614,639,0.4119,147,1
2022,2,8480798,CHI,2022-04-10,2.7527,952,2.5221,867,0.2306,85,1
2022,2,8480798,CHI,2022-04-01,2.0323,731,2.0323,731,NA,NA,0
2022,2,8480802,EDM,2022-04-29,2.9327,1003,2.402,807,0.1937,70,1
2022,2,8480802,EDM,2022-04-28,2.1749,752,1.7088,557,0.3174,140,1
2022,2,8480802,EDM,2022-04-26,2.4883,866,2.1534,746,0.0014,3,0
2022,2,8480802,EDM,2022-04-24,2.5753,806,1.9894,610,0.2195,60,0
2022,2,8480802,EDM,2022-04-22,3.0928,1034,2.1448,705,0.3721,97,1
2022,2,8480802,EDM,2022-04-20,1.8797,617,1.5635,526,0.1377,35,1
2022,2,8480802,EDM,2022-04-16,1.6155,530,1.176,391,0.0404,18,1
2022,2,8480802,EDM,2022-04-14,2.2487,729,1.9526,635,NA,NA,0
2022,2,8480802,EDM,2022-04-12,2.3386,779,1.8212,604,0.1461,49,0
2022,2,8480802,EDM,2022-04-09,1.9435,605,1.6178,512,0.1047,29,1
2022,2,8475455,WPG,2022-05-01,2.3632,1022,2.3285,1000,NA,NA,1
2022,2,8475455,WPG,2022-04-29,2.8459,1150,2.7019,1069,NA,NA,1
2022,2,8475455,WPG,2022-04-27,3.1356,1329,2.5381,1020,NA,NA,1
2022,2,8475455,WPG,2022-04-24,2.4689,1003,2.2886,923,NA,NA,1
2022,2,8475455,WPG,2022-04-21,2.5136,1082,1.9359,807,0.0274,10,0
2022,2,8475455,WPG,2022-04-19,2.072,811,1.8838,710,NA,NA,0
2022,2,8475455,WPG,2022-04-16,2.6687,1073,2.5653,1021,NA,NA,0
2022,2,8475455,WPG,2022-04-15,2.383,950,2.2211,874,NA,NA,0
2022,2,8475455,WPG,2022-04-11,2.4739,1038,2.2836,937,NA,NA,0
2022,2,8475455,WPG,2022-04-10,2.4095,1069,1.9932,838,NA,NA,0
2022,2,8475750,MIN,2022-04-29,2.3476,1086,2.0054,880,0.0431,20,1
2022,2,8475750,MIN,2022-04-28,2.1994,970,2.0112,886,NA,NA,1
2022,2,8475750,MIN,2022-04-26,2.0258,842,1.8122,738,NA,NA,1
2022,2,8475750,MIN,2022-04-24,2.5802,1132,2.1344,889,NA,NA,0
2022,2,8475750,MIN,2022-04-22,2.39,1001,2.2737,934,NA,NA,1
2022,2,8475750,MIN,2022-04-21,2.6605,1163,2.5823,1125,NA,NA,1
2022,2,8475750,MIN,2022-03-31,0.8266,357,0.7425,313,NA,NA,1
2022,2,8475750,MIN,2022-03-29,2.3969,1058,2.1843,951,NA,NA,1
2022,2,8475750,MIN,2022-03-27,2.3512,979,2.2221,911,NA,NA,1
2022,2,8475750,MIN,2022-03-24,2.3303,1011,2.1023,898,0.0111,9,1
2022,2,8476278,"SEA,TOR",2022-04-29,2.7032,1069,2.3524,899,0.2271,116,1
2022,2,8476278,"SEA,TOR",2022-04-26,1.7949,610,1.7169,581,NA,NA,1
2022,2,8476278,"SEA,TOR",2022-04-24,1.8664,686,1.8651,684,NA,NA,0
2022,2,8476278,"SEA,TOR",2022-04-23,2.0631,747,1.9573,711,0.1058,36,0
2022,2,8476278,"SEA,TOR",2022-04-21,1.682,608,1.3267,454,0.3552,154,0
2022,2,8476278,"SEA,TOR",2022-04-19,2.1509,760,1.9238,674,0.0436,13,1
2022,2,8476278,"SEA,TOR",2022-04-17,2.4746,944,2.2905,868,NA,NA,1
2022,2,8476278,"SEA,TOR",2022-04-16,1.2819,424,1.2819,424,NA,NA,0
2022,2,8476278,"SEA,TOR",2022-04-14,2.2532,845,1.663,605,0.3468,147,1
2022,2,8476278,"SEA,TOR",2022-04-12,1.7296,590,1.488,515,NA,NA,1
2022,2,8477478,VGK,2022-04-29,2.0879,768,2.0879,768,NA,NA,0
2022,2,8477478,VGK,2022-04-27,2.0554,752,1.9155,692,NA,NA,0
2022,2,8477478,VGK,2022-04-26,2.0784,708,2.0465,684,NA,NA,0
2022,2,8477478,VGK,2022-04-24,1.9749,733,1.9749,733,NA,NA,1
2022,2,8477478,VGK,2022-03-26,1.3367,492,1.3367,492,NA,NA,1
2022,2,8477478,VGK,2022-03-24,2.5553,951,2.4776,914,NA,NA,1
2022,2,8477478,VGK,2022-03-22,1.9922,795,1.9922,795,NA,NA,0
2022,2,8477478,VGK,2022-03-21,2.0598,766,2.0598,766,NA,NA,0
2022,2,8477478,VGK,2022-03-19,1.941,756,1.941,756,NA,NA,1
2022,2,8477478,VGK,2022-03-17,2.2207,861,2.0845,796,0.1362,65,1
2022,2,8477494,MTL,2022-03-21,2.1005,837,1.9263,731,0.1742,106,1
2022,2,8477494,MTL,2022-03-19,2.0617,837,1.8598,720,0.202,117,1
2022,2,8477494,MTL,2022-01-20,2.0492,772,1.6942,619,0.2278,113,0
2022,2,8477494,MTL,2022-01-18,2.0135,867,1.6236,689,0.2077,94,0
2022,2,8477494,MTL,2022-01-17,2.4422,928,1.9324,718,0.3882,163,0
2022,2,8477494,MTL,2022-01-13,2.921,1118,2.5065,977,0.4145,141,0
2022,2,8477494,MTL,2022-01-12,2.735,1077,2.1993,815,0.4586,209,0
2022,2,8477494,MTL,2022-01-01,3.5144,1390,2.4983,960,0.3196,125,0
2022,2,8477494,MTL,2021-12-28,3.1526,1269,2.2615,923,0.7008,277,0
2022,2,8477494,MTL,2021-12-16,2.9404,1142,2.6508,987,0.2896,155,1
2022,2,8477930,TBL,2022-04-29,2.4802,969,2.3445,928,NA,NA,0
2022,2,8477930,TBL,2022-04-28,1.7899,687,1.3918,538,NA,NA,0
2022,2,8477930,TBL,2022-04-26,2.0953,760,1.7494,625,NA,NA,1
2022,2,8477930,TBL,2022-04-24,2.2341,907,1.3224,526,NA,NA,0
2022,2,8477930,TBL,2022-04-21,1.6655,596,1.2991,459,NA,NA,1
2022,2,8477930,TBL,2022-04-19,2.0161,703,1.7413,615,0.0056,3,1
2022,2,8477930,TBL,2022-04-16,2.0594,709,1.9427,665,NA,NA,1
2022,2,8477930,TBL,2022-04-14,1.7826,644,1.6573,594,NA,NA,1
2022,2,8477930,TBL,2022-04-12,2.0482,754,1.5576,546,0.0128,5,0
2022,2,8477930,TBL,2022-04-10,1.8124,685,1.5864,602,NA,NA,1
2022,2,8478466,"WSH,SEA",2022-05-01,2.7368,998,2.6295,998,0.1073,0,0
2022,2,8478466,"WSH,SEA",2022-04-27,2.4901,1027,1.8886,717,0.6015,310,1
2022,2,8478466,"WSH,SEA",2022-04-26,2.6056,1019,1.8455,673,0.7601,346,0
2022,2,8478466,"WSH,SEA",2022-04-22,1.5949,574,1.4829,531,0.1119,43,0
2022,2,8478466,"WSH,SEA",2022-04-20,1.7839,619,1.6785,574,0.1054,45,1
2022,2,8478466,"WSH,SEA",2022-04-18,1.8428,691,1.4955,536,0.3473,155,1
2022,2,8478466,"WSH,SEA",2022-04-16,2.7698,1001,2.5192,870,0.2506,131,1
2022,2,8478466,"WSH,SEA",2022-04-09,2.048,732,1.6777,561,0.3703,171,1
2022,2,8478466,"WSH,SEA",2022-04-07,1.9928,651,1.8822,593,0.1106,58,0
2022,2,8478466,"WSH,SEA",2022-04-06,1.6705,666,1.5712,600,0.0993,66,0
2022,2,8479351,ANA,2022-04-29,2.3267,832,2.0973,739,NA,NA,0
2022,2,8479351,ANA,2022-04-26,2.3386,780,2.0151,657,NA,NA,0
2022,2,8479351,ANA,2022-04-24,1.8082,660,1.6944,611,NA,NA,1
2022,2,8479351,ANA,2022-04-23,2.0098,711,1.7507,632,NA,NA,0
2022,2,8479351,ANA,2022-04-19,1.8018,604,1.7792,597,0.0226,7,1
2022,2,8479351,ANA,2022-04-17,1.8676,700,1.7455,643,NA,NA,1
2022,2,8479351,ANA,2022-04-14,2.0962,755,1.7149,598,NA,NA,0
2022,2,8479351,ANA,2022-04-10,1.3409,472,1.1412,369,NA,NA,0
2022,2,8479351,ANA,2022-04-09,1.55,544,1.3469,449,NA,NA,0
2022,2,8479351,ANA,2022-04-06,1.7313,642,1.5797,584,0.0291,10,1
2022,2,8479353,VGK,2022-03-24,0.4092,127,0.4092,127,NA,NA,1
2022,2,8479353,VGK,2022-03-22,2.0003,707,1.8837,656,0.0073,5,0
2022,2,8479353,VGK,2022-03-21,1.9295,702,1.7156,621,0.0452,18,0
2022,2,8479353,VGK,2022-03-19,2.273,857,2.234,837,NA,NA,1
2022,2,8479353,VGK,2022-03-17,2.1766,800,2.1683,797,0.0083,3,1
2022,2,8479353,VGK,2022-03-03,2.1154,773,2.0096,721,0.0027,5,1
2022,2,8479353,VGK,2022-03-01,2.2142,777,2.2142,777,NA,NA,1
2022,2,8479353,VGK,2022-02-26,2.0381,627,1.8452,549,NA,NA,1
2022,2,8479353,VGK,2022-02-25,2.0028,769,1.741,653,NA,NA,0
2022,2,8479353,VGK,2022-02-20,2.0427,691,1.8348,613,0.025,7,0
2022,2,8479370,"COL,MIN",2022-04-29,2.5331,917,2.2135,798,0.2929,112,1
2022,2,8479370,"COL,MIN",2022-04-28,2.0523,730,1.7545,625,NA,NA,1
2022,2,8479370,"COL,MIN",2022-04-26,2.1099,745,1.8775,642,NA,NA,1
2022,2,8479370,"COL,MIN",2022-04-24,2.2302,775,1.8229,612,0.1953,77,0
2022,2,8479370,"COL,MIN",2022-04-22,2.274,762,2.0511,684,0.1045,34,1
2022,2,8479370,"COL,MIN",2022-04-16,1.4372,498,1.2833,437,NA,NA,0
2022,2,8479370,"COL,MIN",2022-04-14,2.0504,782,1.9705,746,NA,NA,0
2022,2,8479370,"COL,MIN",2022-04-12,2.9368,1069,2.475,887,0.2,67,1
2022,2,8479370,"COL,MIN",2022-04-10,2.2309,801,2.0655,726,0.0737,26,1
2022,2,8479370,"COL,MIN",2022-04-08,2.1619,803,2.0474,761,NA,NA,0
2022,2,8479415,NJD,2022-04-29,2.4051,832,2.1158,740,NA,NA,1
2022,2,8479415,NJD,2022-04-28,2.2257,767,1.9612,667,NA,NA,0
2022,2,8479415,NJD,2022-04-26,2.0713,733,1.7963,612,0.0212,10,0
2022,2,8479415,NJD,2022-04-24,1.736,614,1.3564,450,0.0131,4,1
2022,2,8479415,NJD,2022-04-23,1.3978,521,1.2291,446,0.0655,20,1
2022,2,8479415,NJD,2022-04-21,2.0533,762,1.9021,672,NA,NA,1
2022,2,8479415,NJD,2022-04-18,2.0505,788,1.9431,746,NA,NA,0
2022,2,8479415,NJD,2022-04-16,2.3987,825,2.1539,736,0.0251,17,0
2022,2,8479415,NJD,2022-04-14,1.6635,602,1.5448,557,NA,NA,0
2022,2,8479415,NJD,2022-04-12,1.3931,497,1.1575,416,NA,NA,0
2022,2,8480074,CBJ,2022-01-26,0.9202,298,0.8088,287,NA,NA,1
2022,2,8480074,CBJ,2022-01-23,2.3529,886,1.9727,766,9e-4,1,1
2022,2,8480074,CBJ,2022-01-21,1.8654,711,1.3414,496,NA,NA,1
2022,2,8480074,CBJ,2022-01-20,2.5118,923,2.1869,814,NA,NA,0
2022,2,8480074,CBJ,2022-01-15,2.1963,769,2.0268,706,NA,NA,0
2022,2,8480074,CBJ,2022-01-13,2.3658,814,2.2056,770,NA,NA,0
2022,2,8480074,CBJ,2022-01-01,2.8629,1066,2.6243,984,NA,NA,1
2022,2,8480074,CBJ,2021-12-30,3.1881,1208,2.7333,1026,NA,NA,1
2022,2,8480074,CBJ,2021-12-16,2.8217,1080,2.3575,901,NA,NA,0
2022,2,8480074,CBJ,2021-12-14,2.3934,894,2.2643,826,0.0544,36,0
2022,2,8480817,NYR,2022-04-29,3.0937,1293,2.542,1057,4e-4,0,1
2022,2,8480817,NYR,2022-04-27,2.6098,1029,2.278,899,0.3318,130,1
2022,2,8480817,NYR,2022-04-26,3.1312,1293,2.8017,1134,0.077,38,1
2022,2,8480817,NYR,2022-04-23,3.2577,1320,2.6589,1082,0.2716,86,0
2022,2,8480817,NYR,2022-04-21,3.3492,1371,3.3242,1356,NA,NA,0
2022,2,8480817,NYR,2022-04-19,2.8026,1188,2.8026,1188,NA,NA,1
2022,2,8480817,NYR,2022-04-16,2.9786,1199,2.7641,1126,NA,NA,1
2022,2,8480817,NYR,2022-04-13,2.9161,1246,2.8064,1186,NA,NA,0
2022,2,8480817,NYR,2022-04-12,2.8386,1197,2.6645,1121,0.0547,20,1
2022,2,8480817,NYR,2022-04-09,3.3175,1372,3.1261,1304,NA,NA,1
2022,2,8480883,NJD,2022-04-28,2.7285,1124,2.3978,1011,0.3265,109,0
2022,2,8480883,NJD,2022-04-26,3.4226,1285,3.1728,1202,0.2498,83,0
2022,2,8480883,NJD,2022-04-24,2.616,1103,2.3562,990,0.2598,113,1
2022,2,8480883,NJD,2022-04-18,2.7926,1177,2.6975,1139,0.0951,38,0
2022,2,8480883,NJD,2022-04-16,3.3462,1256,3.0452,1135,0.3009,121,0
2022,2,8480883,NJD,2022-04-14,2.7944,1150,2.7944,1150,NA,NA,0
2022,2,8480883,NJD,2022-04-12,2.858,1112,2.6124,989,0.2455,123,0
2022,2,8480883,NJD,2022-04-07,3.3064,1333,3.3064,1333,NA,NA,1
2022,2,8480883,NJD,2022-04-05,3.1763,1238,2.9097,1145,0.2667,93,1
2022,2,8480883,NJD,2022-04-03,3.2845,1333,3.1087,1249,0.1326,59,1
2022,2,8481477,"MIN,COL",2022-04-29,1.937,734,1.4944,546,NA,NA,0
2022,2,8481477,"MIN,COL",2022-04-28,1.7162,640,1.4546,510,0.058,18,1
2022,2,8481477,"MIN,COL",2022-04-26,1.5191,599,1.2645,489,NA,NA,1
2022,2,8481477,"MIN,COL",2022-04-24,1.8883,702,1.7697,646,NA,NA,0
2022,2,8481477,"MIN,COL",2022-04-22,1.9002,660,1.6408,571,0.0438,15,0
2022,2,8481477,"MIN,COL",2022-04-20,2.0078,775,1.9043,736,NA,NA,0
2022,2,8481477,"MIN,COL",2022-04-18,2.2358,843,2.2358,843,NA,NA,1
2022,2,8481477,"MIN,COL",2022-04-16,1.9318,776,1.8315,711,0.0172,9,1
2022,2,8481477,"MIN,COL",2022-04-14,2.0017,781,1.7753,689,NA,NA,1
2022,2,8481477,"MIN,COL",2022-04-13,2.5152,960,2.3712,904,NA,NA,1
2022,2,8470626,ARI,2022-04-29,1.8019,781,1.568,627,NA,NA,1
2022,2,8470626,ARI,2022-04-27,1.9839,841,1.6371,635,NA,NA,0
2022,2,8470626,ARI,2022-04-26,2.0392,902,1.3896,591,0.0615,20,0
2022,2,8470626,ARI,2022-04-23,2.2586,932,2.0141,827,NA,NA,1
2022,2,8470626,ARI,2022-04-22,2.3241,984,1.7605,766,NA,NA,1
2022,2,8470626,ARI,2022-04-20,1.5147,660,1.1086,468,NA,NA,1
2022,2,8470626,ARI,2022-04-18,1.9769,804,1.9363,783,NA,NA,1
2022,2,8470626,ARI,2022-04-16,2.144,861,1.9309,734,0.0173,8,0
2022,2,8470626,ARI,2022-04-14,1.8439,801,1.6171,661,0.0033,3,0
2022,2,8470626,ARI,2022-04-12,2.3312,963,1.9209,760,0.0659,25,1
2022,2,8471303,LAK,2022-04-28,2.5846,1193,2.3898,1064,0.0683,27,0
2022,2,8471303,LAK,2022-04-23,2.8304,1310,2.6877,1216,0.0226,7,1
2022,2,8471303,LAK,2022-04-21,2.689,1219,2.4929,1092,4e-4,1,1
2022,2,8471303,LAK,2022-04-19,2.7538,1189,2.585,1090,NA,NA,0
2022,2,8471303,LAK,2022-04-16,2.8593,1259,2.4864,1067,NA,NA,1
2022,2,8471303,LAK,2022-04-13,2.1675,987,2.0471,898,0.0112,5,0
2022,2,8471303,LAK,2022-04-12,2.4536,1118,2.1815,974,NA,NA,0
2022,2,8471303,LAK,2022-04-04,2.196,1046,1.9676,890,NA,NA,1
2022,2,8471303,LAK,2022-04-02,2.6197,1296,1.851,889,0.0927,39,0
2022,2,8471303,LAK,2022-03-31,2.6564,1194,2.3186,1021,3e-4,2,0
2022,2,8471735,PHI,2022-04-29,2.0879,891,1.8339,778,0.2492,111,1
2022,2,8471735,PHI,2022-04-27,2.4321,974,2.0124,776,0.4144,195,0
2022,2,8471735,PHI,2022-04-25,1.7723,742,1.7723,742,NA,NA,0
2022,2,8471735,PHI,2022-04-24,1.5964,698,1.5504,674,0.046,24,1
2022,2,8471735,PHI,2022-04-21,0.9812,421,0.8392,368,0.142,53,0
2022,2,8471735,PHI,2022-04-19,1.9244,784,1.8534,732,NA,NA,0
2022,2,8471735,PHI,2022-04-17,1.5497,569,1.5497,569,NA,NA,1
2022,2,8471735,PHI,2022-04-16,1.6402,643,1.6402,643,NA,NA,0
2022,2,8471735,PHI,2022-04-13,1.3938,564,1.3938,564,NA,NA,1
2022,2,8471735,PHI,2022-04-05,1.5533,647,1.5528,647,NA,NA,1
2022,2,8473544,"PHI,EDM",2022-04-29,2.3484,862,2.3484,862,NA,NA,1
2022,2,8473544,"PHI,EDM",2022-04-28,1.9166,679,1.9166,679,NA,NA,1
2022,2,8473544,"PHI,EDM",2022-04-26,1.9167,695,1.9167,695,NA,NA,0
2022,2,8473544,"PHI,EDM",2022-04-24,1.3042,450,1.3042,450,NA,NA,0
2022,2,8473544,"PHI,EDM",2022-04-22,1.0916,369,1.0769,362,0.0147,7,1
2022,2,8473544,"PHI,EDM",2022-04-12,1.6406,628,1.4928,578,0.1477,50,0
2022,2,8473544,"PHI,EDM",2022-04-09,1.347,486,1.347,486,NA,NA,1
2022,2,8473544,"PHI,EDM",2022-04-07,0.9681,351,0.9681,351,NA,NA,0
2022,2,8473544,"PHI,EDM",2022-04-05,1.4548,505,1.4548,505,NA,NA,0
2022,2,8473544,"PHI,EDM",2022-04-03,2.0998,806,2.0998,806,NA,NA,0
2022,2,8474013,CAR,2022-04-28,2.7542,1257,2.4322,1113,0.0936,35,1
2022,2,8474013,CAR,2022-04-26,2.2393,1001,1.853,788,0.0093,4,0
2022,2,8474013,CAR,2022-04-23,1.6093,715,1.4345,629,NA,NA,0
2022,2,8474013,CAR,2022-04-21,2.1093,974,1.9025,880,NA,NA,1
2022,2,8474013,CAR,2022-04-16,2.3562,1073,2.0273,882,NA,NA,0
2022,2,8474013,CAR,2022-04-14,2.1686,922,2.0454,867,NA,NA,1
2022,2,8474013,CAR,2022-04-12,2.2409,1073,1.8616,869,NA,NA,0
2022,2,8474013,CAR,2022-04-10,2.4308,1055,2.0558,874,3e-4,0,1
2022,2,8474013,CAR,2022-04-07,2.5028,1117,2.289,1005,NA,NA,1
2022,2,8474013,CAR,2022-04-05,1.9828,896,1.67,742,NA,NA,0
2022,2,8474207,OTT,2022-04-29,2.1082,950,1.8691,781,0.0292,12,0
2022,2,8474207,OTT,2022-04-28,2.1998,901,1.8808,722,NA,NA,1
2022,2,8474207,OTT,2022-04-26,2.8383,1237,2.5457,1103,NA,NA,1
2022,2,8474207,OTT,2022-04-23,2.5758,1204,2.088,932,0.0087,4,1
2022,2,8474207,OTT,2022-04-22,2.7235,1112,2.4354,983,0.0115,4,0
2022,2,8474207,OTT,2022-04-19,2.4719,1167,2.0518,912,0.0313,12,0
2022,2,8474207,OTT,2022-04-18,2.4147,1049,1.7572,715,NA,NA,0
2022,2,8474207,OTT,2022-04-16,2.9061,1290,2.5603,1109,NA,NA,1
2022,2,8474207,OTT,2022-04-14,2.565,1156,1.8216,781,NA,NA,0
2022,2,8474207,OTT,2022-04-12,2.9982,1277,2.759,1147,0.0068,3,0
2022,2,8474613,CAR,2022-04-28,2.1793,814,2.0554,769,0.0063,4,1
2022,2,8474613,CAR,2022-04-26,1.5017,576,1.4528,555,NA,NA,0
2022,2,8474613,CAR,2022-04-24,1.961,740,1.6573,635,NA,NA,0
2022,2,8474613,CAR,2022-04-18,1.7223,669,1.6576,637,NA,NA,0
2022,2,8474613,CAR,2022-04-08,1.4127,528,1.3617,505,NA,NA,1
2022,2,8474613,CAR,2022-04-07,1.6757,606,1.5642,568,NA,NA,1
2022,2,8474613,CAR,2022-04-02,1.4036,487,1.3271,454,NA,NA,1
2022,2,8474613,CAR,2022-03-31,1.6793,644,1.57,596,NA,NA,1
2022,2,8474613,CAR,2022-03-29,1.1327,403,1.06,394,NA,NA,0
2022,2,8474613,CAR,2022-03-28,1.9549,772,1.693,665,5e-4,2,0
2022,2,8475178,EDM,2022-04-29,2.069,752,2.069,752,NA,NA,1
2022,2,8475178,EDM,2022-04-28,1.6993,658,1.6993,658,NA,NA,1
2022,2,8475178,EDM,2022-04-26,1.497,612,1.4767,604,0.0203,8,0
2022,2,8475178,EDM,2022-04-24,0.9986,389,0.9986,389,NA,NA,0
2022,2,8475178,EDM,2022-04-22,1.6267,639,1.5581,602,0.0065,6,1
2022,2,8475178,EDM,2022-04-20,1.6069,581,1.6069,581,NA,NA,1
2022,2,8475178,EDM,2022-04-16,1.6904,655,1.6715,643,NA,NA,1
2022,2,8475178,EDM,2022-04-14,2.036,717,2.036,717,NA,NA,0
2022,2,8475178,EDM,2022-04-12,2.11,857,2.11,857,NA,NA,0
2022,2,8475178,EDM,2022-04-09,1.5381,570,1.5381,570,NA,NA,1
2022,2,8475842,ANA,2022-04-17,2.138,864,2.0245,797,NA,NA,1
2022,2,8475842,ANA,2022-04-14,1.7379,619,1.7379,619,NA,NA,0
2022,2,8475842,ANA,2022-04-12,1.4104,555,1.1433,428,NA,NA,0
2022,2,8475842,ANA,2022-04-10,1.5493,565,1.4758,540,NA,NA,0
2022,2,8475842,ANA,2022-04-09,1.9347,678,1.8156,626,NA,NA,0
2022,2,8475842,ANA,2022-04-06,1.8509,675,1.8509,675,NA,NA,1
2022,2,8475842,ANA,2022-04-03,2.8745,1102,2.6703,998,0.0618,30,1
2022,2,8475842,ANA,2022-04-01,1.6077,705,1.5225,679,0.0852,26,0
2022,2,8475842,ANA,2022-03-31,2.4776,966,2.3222,902,NA,NA,1
2022,2,8475842,ANA,2022-03-29,1.541,578,1.2671,465,NA,NA,1
2022,2,8476889,DAL,2022-04-29,2.2268,800,2.111,736,0.0133,5,1
2022,2,8476889,DAL,2022-04-27,2.1082,833,1.9974,752,NA,NA,1
2022,2,8476889,DAL,2022-04-26,2.9507,1137,2.844,1088,NA,NA,1
2022,2,8476889,DAL,2022-04-23,3.0575,1211,2.896,1148,0.0071,5,1
2022,2,8476889,DAL,2022-04-21,2.3958,873,2.0202,730,0.0484,15,0
2022,2,8476889,DAL,2022-04-20,1.9657,729,1.9228,707,NA,NA,0
2022,2,8476889,DAL,2022-04-18,2.5485,961,2.257,844,NA,NA,0
2022,2,8476889,DAL,2022-04-16,2.5614,944,2.3009,840,0.0134,9,1
2022,2,8476889,DAL,2022-04-14,2.956,1082,2.8961,1061,0.0599,21,1
2022,2,8476889,DAL,2022-04-12,2.3467,889,1.8811,697,NA,NA,1
2022,2,8477454,DET,2022-04-24,2.1222,749,2.077,737,0.0452,12,0
2022,2,8477454,DET,2022-04-23,2.5517,937,2.5517,937,NA,NA,1
2022,2,8477454,DET,2022-04-21,2.2197,803,2.2197,803,NA,NA,0
2022,2,8477454,DET,2022-04-19,2.0713,809,2.0637,804,0.0076,5,0
2022,2,8477454,DET,2022-04-17,2.0808,775,2.0808,775,NA,NA,1
2022,2,8477454,DET,2022-04-16,1.9797,696,1.9797,696,NA,NA,0
2022,2,8477454,DET,2022-04-14,2.1036,737,2.1036,737,NA,NA,0
2022,2,8477454,DET,2022-04-12,1.8253,650,1.8253,650,NA,NA,1
2022,2,8477454,DET,2022-04-09,1.8278,622,1.7842,608,NA,NA,1
2022,2,8477454,DET,2022-04-06,1.8486,654,1.8486,654,NA,NA,0
2022,2,8477944,DET,2022-04-29,2.4258,923,2.0765,809,0.3492,114,0
2022,2,8477944,DET,2022-04-26,2.9474,1162,2.3524,893,0.595,269,0
2022,2,8477944,DET,2022-04-24,2.3768,903,1.8344,681,0.5424,222,0
2022,2,8477944,DET,2022-04-23,2.4388,911,2.1658,808,0.273,103,1
2022,2,8477944,DET,2022-04-21,2.642,986,2.2882,871,0.3537,115,0
2022,2,8477944,DET,2022-04-19,2.2234,857,1.8007,711,0.4227,146,0
2022,2,8477944,DET,2022-04-17,2.2597,899,1.8118,749,0.4479,150,1
2022,2,8477944,DET,2022-04-16,2.556,952,2.3592,884,0.1968,68,0
2022,2,8477944,DET,2022-04-14,1.6307,626,1.479,571,0.1517,55,0
2022,2,8477944,DET,2022-04-12,2.4557,924,2.2103,803,0.2361,118,1
2022,2,8477969,PIT,2022-04-29,2.2161,985,2.1023,925,0.1138,60,1
2022,2,8477969,PIT,2022-04-26,1.889,833,1.889,833,NA,NA,1
2022,2,8477969,PIT,2022-04-24,1.8395,772,1.8395,772,NA,NA,0
2022,2,8477969,PIT,2022-04-23,2.5957,1125,2.5957,1125,NA,NA,0
2022,2,8477969,PIT,2022-04-21,2.4159,1058,2.4045,1053,NA,NA,1
2022,2,8477969,PIT,2022-04-16,1.8776,699,1.8776,699,NA,NA,0
2022,2,8477969,PIT,2022-04-10,1.8756,812,1.7388,737,NA,NA,1
2022,2,8477969,PIT,2022-04-09,2.0498,916,1.8778,821,NA,NA,1
2022,2,8477969,PIT,2022-04-07,2.3501,966,2.3501,966,NA,NA,0
2022,2,8477969,PIT,2022-04-05,2.1887,944,2.1263,907,NA,NA,1
2022,2,8478431,WPG,2022-05-01,2.0586,793,1.9308,793,NA,NA,1
2022,2,8478431,WPG,2022-04-29,2.0102,712,2.0102,712,NA,NA,1
2022,2,8478431,WPG,2022-04-27,1.5047,544,1.5047,544,NA,NA,1
2022,2,8478431,WPG,2022-04-24,0.953,343,0.953,343,NA,NA,1
2022,2,8478431,WPG,2022-04-21,0.6212,239,0.6212,239,NA,NA,0
2022,2,8478431,WPG,2022-04-19,1.1095,415,1.1095,415,NA,NA,0
2022,2,8478431,WPG,2022-04-16,1.2805,469,1.2805,469,NA,NA,0
2022,2,8478431,WPG,2022-04-15,1.6409,607,1.6409,607,NA,NA,0
2022,2,8478431,WPG,2022-04-11,2.6197,958,2.6197,958,NA,NA,0
2022,2,8478431,WPG,2022-04-10,2.0092,774,1.9911,770,0.0181,4,0
2022,2,8479356,NYI,2022-04-29,2.0635,793,2.0635,793,NA,NA,1
2022,2,8479356,NYI,2022-04-28,1.8938,701,1.8938,701,NA,NA,1
2022,2,8479356,NYI,2022-04-26,1.4773,537,1.4083,506,0.069,31,0
2022,2,8479356,NYI,2022-04-24,2.3938,850,2.099,748,0.2948,102,1
2022,2,8479356,NYI,2022-04-23,1.8182,694,1.5686,583,0.2496,111,0
2022,2,8479356,NYI,2022-04-21,2.003,783,2.003,783,NA,NA,1
2022,2,8479356,NYI,2022-04-19,1.8621,673,1.8621,673,NA,NA,1
2022,2,8479356,NYI,2022-04-17,1.6755,608,1.6755,608,NA,NA,0
2022,2,8479356,NYI,2022-04-15,2.2905,863,2.2905,863,NA,NA,0
2022,2,8479356,NYI,2022-04-14,1.9881,691,1.9881,691,NA,NA,0
2022,2,8479999,BUF,2022-04-29,3.1884,1125,2.6941,940,0.4943,185,1
2022,2,8479999,BUF,2022-04-28,2.6559,947,2.1997,724,0.4485,219,0
2022,2,8479999,BUF,2022-04-23,2.6426,991,1.7346,636,0.908,355,1
2022,2,8479999,BUF,2022-04-21,1.8424,824,1.5672,670,0.2159,120,0
2022,2,8479999,BUF,2022-04-17,2.3159,929,1.999,824,0.1487,59,0
2022,2,8479999,BUF,2022-04-16,2.2976,862,1.5916,578,0.5183,219,1
2022,2,8479999,BUF,2022-04-14,3.0459,1047,2.5759,860,0.398,163,1
2022,2,8479999,BUF,2022-04-12,2.6399,948,2.0116,723,0.3217,107,0
2022,2,8479999,BUF,2022-04-10,2.584,928,2.2616,796,0.2838,110,0
2022,2,8479999,BUF,2022-04-08,3.0419,1088,2.3327,830,0.6863,248,0
2022,2,8480035,BUF,2022-04-29,3.3731,1407,2.7479,1141,0.4713,199,1
2022,2,8480035,BUF,2022-04-28,2.6022,1125,1.8935,778,0.2805,138,0
2022,2,8480035,BUF,2022-04-23,3.0511,1310,2.1526,934,0.7005,286,1
2022,2,8480035,BUF,2022-04-21,2.7239,1180,2.4335,1043,0.0326,19,0
2022,2,8480035,BUF,2022-04-17,2.9879,1285,2.6441,1133,0.0799,47,0
2022,2,8480035,BUF,2022-04-16,3.0327,1328,2.2065,958,0.2885,125,1
2022,2,8480035,BUF,2022-04-14,3.3314,1386,2.8912,1188,0.2169,85,1
2022,2,8480035,BUF,2022-04-12,3.3721,1421,2.4354,1034,0.4955,178,0
2022,2,8480035,BUF,2022-04-10,3.2064,1320,2.773,1120,0.2541,78,0
2022,2,8480035,BUF,2022-04-08,3.4683,1409,2.8385,1164,0.5572,210,0
2022,2,8480727,VGK,2022-04-29,1.8133,798,1.6614,728,NA,NA,0
2022,2,8480727,VGK,2022-04-27,2.2484,1024,2.0519,921,NA,NA,0
2022,2,8480727,VGK,2022-04-26,2.0822,916,1.979,853,NA,NA,0
2022,2,8480727,VGK,2022-04-24,2.5186,1048,2.4143,992,NA,NA,1
2022,2,8480727,VGK,2022-04-20,2.33,911,2.3046,900,0.0181,6,1
2022,2,8480727,VGK,2022-04-18,2.2458,900,2.1588,858,NA,NA,1
2022,2,8480727,VGK,2022-04-16,2.1954,958,2.1572,941,0.0382,17,0
2022,2,8480727,VGK,2022-04-14,2.654,1147,2.4517,1035,0.0171,10,0
2022,2,8480727,VGK,2022-04-12,2.1931,953,1.9669,855,NA,NA,0
2022,2,8480727,VGK,2022-04-09,2.3109,999,2.3109,999,NA,NA,1
2022,2,8474027,"PHI,NYR",2022-04-27,2.4882,1117,2.3901,1066,NA,NA,1
2022,2,8474027,"PHI,NYR",2022-04-21,2.3791,1065,2.379,1065,NA,NA,0
2022,2,8474027,"PHI,NYR",2022-04-13,2.2446,939,2.2279,927,NA,NA,0
2022,2,8474027,"PHI,NYR",2022-04-12,1.9189,805,1.8778,790,0.0412,15,1
2022,2,8474027,"PHI,NYR",2022-04-09,2.2851,1012,2.2598,999,0.0212,10,1
2022,2,8474027,"PHI,NYR",2022-04-05,2.1411,945,2.0488,896,NA,NA,0
2022,2,8474027,"PHI,NYR",2022-04-03,1.6889,684,1.6803,678,NA,NA,1
2022,2,8474027,"PHI,NYR",2022-03-22,2.4109,1050,2.34,1007,NA,NA,0
2022,2,8474027,"PHI,NYR",2022-03-18,2.4067,1131,2.0781,961,NA,NA,0
2022,2,8474027,"PHI,NYR",2022-03-17,2.2411,1097,1.8725,896,NA,NA,0
2022,2,8474574,VAN,2022-04-29,2.933,1169,2.6902,1069,0.0881,31,0
2022,2,8474574,VAN,2022-04-28,3.2467,1294,2.938,1162,1e-4,0,1
2022,2,8474574,VAN,2022-04-26,2.8454,1261,2.1098,892,NA,NA,1
2022,2,8474574,VAN,2022-04-23,2.2686,985,2.0946,899,0.0352,11,0
2022,2,8474574,VAN,2022-04-21,2.895,1277,2.7439,1189,0.0051,4,0
2022,2,8474574,VAN,2022-04-19,2.8628,1195,2.7001,1126,NA,NA,1
2022,2,8474574,VAN,2022-04-18,3.0205,1353,2.9051,1290,0.0943,49,1
2022,2,8474574,VAN,2022-04-14,2.563,1034,2.2142,894,NA,NA,1
2022,2,8474574,VAN,2022-04-12,3.0261,1284,2.7218,1171,0.0588,0,1
2022,2,8474574,VAN,2022-04-09,2.7328,1194,2.2652,995,0.012,11,1
2022,2,8475188,VGK,2022-04-29,2.7204,1193,2.512,1087,NA,NA,0
2022,2,8475188,VGK,2022-04-27,2.8329,1270,2.7289,1203,NA,NA,0
2022,2,8475188,VGK,2022-04-26,3.0886,1286,2.9566,1227,NA,NA,0
2022,2,8475188,VGK,2022-04-24,3.1574,1345,3.0317,1281,NA,NA,1
2022,2,8475188,VGK,2022-04-20,2.8529,1136,2.632,1020,NA,NA,1
2022,2,8475188,VGK,2022-04-18,2.5387,1047,2.4014,974,NA,NA,1
2022,2,8475188,VGK,2022-04-16,2.3249,1008,2.1788,906,NA,NA,0
2022,2,8475188,VGK,2022-04-14,2.7311,1183,2.3514,979,0.005,0,0
2022,2,8475188,VGK,2022-04-12,2.8688,1251,2.5718,1094,NA,NA,0
2022,2,8475188,VGK,2022-04-09,2.9299,1265,2.7445,1145,NA,NA,1
2022,2,8475208,PIT,2022-04-29,2.592,1174,2.0712,888,NA,NA,1
2022,2,8475208,PIT,2022-04-26,2.6813,1258,2.3251,1036,0.0082,4,1
2022,2,8475208,PIT,2022-04-24,2.8773,1256,2.4888,1034,NA,NA,0
2022,2,8475208,PIT,2022-04-23,2.8474,1291,2.7858,1264,NA,NA,0
2022,2,8475208,PIT,2022-04-21,2.9162,1379,2.6555,1220,NA,NA,1
2022,2,8475208,PIT,2022-04-16,2.5623,1076,2.2509,918,NA,NA,0
2022,2,8475208,PIT,2022-04-14,3.0544,1286,2.564,1044,NA,NA,1
2022,2,8475208,PIT,2022-04-12,2.9958,1298,2.8825,1233,0.0162,10,0
2022,2,8475208,PIT,2022-04-10,2.9894,1326,2.5919,1114,NA,NA,1
2022,2,8475208,PIT,2022-04-09,2.8479,1189,2.54,1064,NA,NA,1
2022,2,8476429,NYI,2022-03-22,2.4172,1165,2.1323,1023,NA,NA,1
2022,2,8476429,NYI,2022-03-20,2.2069,1082,1.7255,750,NA,NA,0
2022,2,8476429,NYI,2022-03-19,2.3841,1107,2.0334,925,NA,NA,1
2022,2,8476429,NYI,2022-03-17,2.3489,1148,2.1646,1036,NA,NA,0
2022,2,8476429,NYI,2022-03-15,2.3795,1070,2.3795,1070,NA,NA,0
2022,2,8476429,NYI,2022-03-13,2.7279,1310,2.4003,1110,0.0044,4,1
2022,2,8476429,NYI,2022-03-11,2.5417,1167,2.5276,1158,0.0141,9,1
2022,2,8476429,NYI,2022-03-10,2.4456,1190,1.9742,911,NA,NA,1
2022,2,8476429,NYI,2022-03-07,2.3964,1062,2.0977,891,0.0102,5,1
2022,2,8476429,NYI,2022-03-05,2.1196,1080,1.8789,949,NA,NA,1
2022,2,8476878,BUF,2022-04-29,2.246,808,2.0866,750,NA,NA,1
2022,2,8476878,BUF,2022-04-28,2.3532,932,1.7161,670,NA,NA,0
2022,2,8476878,BUF,2022-04-23,2.0123,741,1.7283,651,0.1135,38,1
2022,2,8476878,BUF,2022-04-21,2.2842,796,1.6733,563,NA,NA,0
2022,2,8476878,BUF,2022-04-17,2.3062,900,2.1968,832,NA,NA,0
2022,2,8476878,BUF,2022-04-16,2.2029,805,1.8683,688,NA,NA,1
2022,2,8476878,BUF,2022-04-14,2.1885,844,2.0118,766,NA,NA,1
2022,2,8476878,BUF,2022-04-12,2.8257,1008,2.4151,842,NA,NA,0
2022,2,8476878,BUF,2022-04-10,2.3472,924,2.1202,802,NA,NA,0
2022,2,8476878,BUF,2022-04-08,2.373,870,2.373,870,NA,NA,0
2022,2,8476919,OTT,2022-04-29,1.4861,530,1.1573,431,0.3288,99,0
2022,2,8476919,OTT,2022-04-28,2.255,810,1.8246,672,0.3759,125,1
2022,2,8476919,OTT,2022-04-26,1.3739,521,1.3739,521,NA,NA,1
2022,2,8476919,OTT,2022-04-23,2.0306,773,1.5263,603,0.5043,170,1
2022,2,8476919,OTT,2022-04-22,1.7097,624,1.5142,544,0.1955,80,0
2022,2,8476919,OTT,2022-04-19,1.4309,529,1.4118,521,0.0191,8,0
2022,2,8476919,OTT,2022-04-18,1.799,673,1.5913,581,0.2076,92,0
2022,2,8476919,OTT,2022-04-16,0.8449,314,0.7715,284,0.0734,30,1
2022,2,8476919,OTT,2022-04-14,1.2359,460,1.2359,460,NA,NA,0
2022,2,8476919,OTT,2022-04-10,1.7832,708,1.7832,708,NA,NA,1
2022,2,8476979,CHI,2022-04-29,2.4916,1003,2.2531,916,0.2121,76,0
2022,2,8476979,CHI,2022-04-25,1.3766,863,0.9444,610,0.4322,253,1
2022,2,8476979,CHI,2022-04-23,3.2539,1306,2.9751,1177,0.2788,129,0
2022,2,8476979,CHI,2022-04-20,2.6607,1089,1.6952,705,0.9655,384,0
2022,2,8476979,CHI,2022-04-16,2.9297,1214,2.5959,1082,0.3337,132,0
2022,2,8476979,CHI,2022-04-10,2.9174,1185,2.497,1034,0.4204,151,1
2022,2,8476979,CHI,2022-04-07,3.066,1262,2.8254,1160,0.2406,102,1
2022,2,8476979,CHI,2022-04-03,2.9788,1192,2.7417,1083,0.2371,109,1
2022,2,8476979,CHI,2022-03-31,2.5492,997,2.5223,985,0.0269,12,0
2022,2,8476979,CHI,2022-03-28,2.0984,838,2.0469,819,0.0515,19,1
2022,2,8478020,"TOR,VGK",2022-04-29,2.3784,938,2.2456,878,NA,NA,0
2022,2,8478020,"TOR,VGK",2022-04-27,1.828,716,1.7496,681,0.0195,8,0
2022,2,8478020,"TOR,VGK",2022-04-26,1.6639,574,1.5614,523,NA,NA,0
2022,2,8478020,"TOR,VGK",2022-04-24,2.1425,748,2.1425,748,NA,NA,1
2022,2,8478020,"TOR,VGK",2022-04-20,2.566,926,2.566,926,NA,NA,1
2022,2,8478020,"TOR,VGK",2022-04-18,2.2718,815,2.1754,772,NA,NA,1
2022,2,8478020,"TOR,VGK",2022-04-16,2.1298,771,2.1115,760,0.0183,11,0
2022,2,8478020,"TOR,VGK",2022-04-14,2.1885,772,2.0856,725,NA,NA,0
2022,2,8478020,"TOR,VGK",2022-04-12,2.1008,760,2.0358,733,NA,NA,0
2022,2,8478020,"TOR,VGK",2022-04-09,2.3407,859,2.3407,859,NA,NA,1
2022,2,8479066,FLA,2022-04-29,3.1447,1201,2.8886,1111,NA,NA,0
2022,2,8479066,FLA,2022-04-28,2.4993,938,2.3651,877,NA,NA,0
2022,2,8479066,FLA,2022-04-24,1.3474,495,1.3149,480,NA,NA,1
2022,2,8479066,FLA,2022-04-23,1.0377,415,1.0377,415,NA,NA,1
2022,2,8479066,FLA,2022-04-09,1.6324,583,1.6324,583,NA,NA,0
2022,2,8479066,FLA,2022-04-08,1.4203,513,1.338,468,NA,NA,1
2022,2,8479066,FLA,2022-04-05,1.0312,370,1.0312,370,NA,NA,1
2022,2,8479066,FLA,2022-04-03,2.1333,782,2.0727,751,NA,NA,0
2022,2,8479066,FLA,2022-04-02,2.0618,781,1.9136,707,NA,NA,0
2022,2,8479066,FLA,2022-03-31,2.1991,819,1.9609,717,NA,NA,1
2022,2,8479365,BOS,2022-04-29,2.6521,962,2.4516,874,0.0969,54,0
2022,2,8479365,BOS,2022-04-28,1.8599,752,1.7367,689,NA,NA,1
2022,2,8479365,BOS,2022-04-26,1.9031,691,1.9031,691,NA,NA,1
2022,2,8479365,BOS,2022-04-24,2.0144,737,1.9274,703,NA,NA,0
2022,2,8479365,BOS,2022-04-23,2.0345,755,1.8928,713,NA,NA,1
2022,2,8479365,BOS,2022-04-21,2.007,699,2.007,699,NA,NA,0
2022,2,8479365,BOS,2022-04-19,2.139,753,2.1097,740,NA,NA,0
2022,2,8479365,BOS,2022-04-16,1.9402,670,1.8917,646,NA,NA,1
2022,2,8479365,BOS,2022-04-12,1.4668,517,1.3266,455,NA,NA,1
2022,2,8479365,BOS,2022-04-10,1.6772,613,1.5983,582,0.0789,31,0
2022,2,8479414,"SEA,NJD",2022-04-29,2.0227,801,2.0227,800,NA,NA,1
2022,2,8479414,"SEA,NJD",2022-04-28,1.9032,725,1.5986,604,0.3045,121,0
2022,2,8479414,"SEA,NJD",2022-04-26,1.3025,516,1.3025,514,NA,NA,0
2022,2,8479414,"SEA,NJD",2022-04-24,1.9797,774,1.9743,771,0.0055,3,1
2022,2,8479414,"SEA,NJD",2022-04-23,1.4624,562,1.3359,506,0.1265,56,1
2022,2,8479414,"SEA,NJD",2022-04-21,2.0007,811,1.5739,592,0.4268,219,1
2022,2,8479414,"SEA,NJD",2022-04-18,1.8677,706,1.7396,636,0.1282,70,0
2022,2,8479414,"SEA,NJD",2022-04-16,1.8724,734,1.4983,523,0.3741,211,0
2022,2,8479414,"SEA,NJD",2022-04-14,1.9012,779,1.5202,586,0.2889,153,0
2022,2,8479414,"SEA,NJD",2022-04-12,1.5278,647,1.1956,459,0.2633,159,0
2022,2,8480172,TBL,2022-04-29,2.1541,902,2.1541,902,NA,NA,0
2022,2,8480172,TBL,2022-04-24,1.0833,468,0.963,408,NA,NA,0
2022,2,8480172,TBL,2022-04-23,1.2296,500,1.2296,500,NA,NA,1
2022,2,8480172,TBL,2022-04-21,1.5545,686,1.2693,537,0.0186,6,1
2022,2,8480172,TBL,2022-04-19,2.0561,896,2.0003,868,0.0071,3,1
2022,2,8480172,TBL,2022-04-16,2.3644,893,2.3635,893,9e-4,0,1
2022,2,8480172,TBL,2022-04-14,2.0302,828,2.0302,828,NA,NA,1
2022,2,8480172,TBL,2022-04-12,2.0104,870,1.9074,815,0.0096,5,0
2022,2,8480172,TBL,2022-04-10,2.1764,905,2.0277,843,NA,NA,1
2022,2,8480172,TBL,2022-04-08,2.5506,1097,2.3865,1005,NA,NA,1
2022,2,8481535,VAN,2022-03-15,2.3317,794,2.3317,794,NA,NA,1
2022,2,8481535,VAN,2022-03-13,1.1857,450,1.1857,450,NA,NA,1
2022,2,8481535,VAN,2022-03-11,1.2739,463,1.2739,463,NA,NA,1
2022,2,8481535,VAN,2022-03-09,1.7152,648,1.7152,648,NA,NA,1
2022,2,8481535,VAN,2022-03-05,2.1771,752,2.1771,752,NA,NA,0
2022,2,8481535,VAN,2022-03-03,2.0029,734,2.0029,734,NA,NA,0
2022,2,8481535,VAN,2022-02-28,1.8943,643,1.8943,643,NA,NA,0
2022,2,8481535,VAN,2022-02-27,1.9107,677,1.9107,677,NA,NA,0
2022,2,8481535,VAN,2022-02-24,2.4943,929,1.8868,689,0.6075,240,1
2022,2,8481535,VAN,2022-02-21,1.9109,661,1.4441,547,0.4667,114,1
2022,2,8481554,NYR,2022-04-29,2.1738,843,1.9412,766,0.2325,77,1
2022,2,8481554,NYR,2022-04-27,2.2102,888,1.9675,778,0.2338,107,1
2022,2,8481554,NYR,2022-04-16,0.759,306,0.5961,242,0.1629,64,1
2022,2,8481554,NYR,2022-04-13,2.0425,787,1.9482,755,0.0942,31,0
2022,2,8481554,NYR,2022-04-12,1.7554,714,1.5011,620,0.2543,94,1
2022,2,8481554,NYR,2022-04-09,1.8796,781,1.8145,748,0.0651,33,1
2022,2,8481554,NYR,2022-01-21,2.1233,842,2.1233,842,NA,NA,0
2022,2,8481554,NYR,2022-01-19,1.9306,787,1.6615,693,0.2063,69,1
2022,2,8481554,NYR,2022-01-15,2.6516,1166,2.4421,1066,0.1517,61,0
2022,2,8481554,NYR,2022-01-13,2.6447,1013,2.5286,970,0.0952,38,0
2022,2,8481580,WSH,2022-04-29,1.9713,717,1.97,717,0.0013,0,0
2022,2,8481580,WSH,2022-04-26,1.8682,658,1.8682,658,NA,NA,1
2022,2,8481580,WSH,2022-04-10,1.7081,614,1.7081,614,NA,NA,1
2022,2,8481580,WSH,2022-04-09,1.3481,458,1.3481,458,NA,NA,0
2022,2,8481580,WSH,2022-04-06,1.6708,591,1.6708,591,NA,NA,1
2022,2,8481580,WSH,2022-03-28,1.9906,683,1.9764,679,NA,NA,1
2022,2,8481580,WSH,2022-03-26,2.2574,725,2.2481,722,NA,NA,1
2022,2,8481580,WSH,2022-03-25,1.6924,553,1.6924,553,NA,NA,0
2022,2,8481580,WSH,2022-03-22,1.7392,646,1.7392,646,NA,NA,1
2022,2,8481580,WSH,2022-03-20,1.502,495,1.502,495,NA,NA,1
2022,2,8474568,VAN,2022-04-29,2.268,1025,2.1834,990,NA,NA,0
2022,2,8474568,VAN,2022-04-28,2.1673,1120,1.7472,862,NA,NA,1
2022,2,8474568,VAN,2022-04-26,2.6989,1229,2.3526,1037,NA,NA,1
2022,2,8474568,VAN,2022-04-23,2.5004,1105,2.3527,1030,NA,NA,0
2022,2,8474568,VAN,2022-04-21,2.1531,1018,1.9165,906,NA,NA,0
2022,2,8474568,VAN,2022-04-19,1.868,854,1.7746,804,NA,NA,1
2022,2,8474568,VAN,2022-04-18,1.8996,881,1.8996,881,NA,NA,1
2022,2,8474568,VAN,2022-04-14,2.2155,1025,2.0602,948,NA,NA,1
2022,2,8474568,VAN,2022-04-12,2.5171,1133,2.1754,961,0.1669,0,1
2022,2,8474568,VAN,2022-04-09,1.9765,936,1.6543,765,0.0134,7,1
2022,2,8475233,MTL,2022-04-29,2.8724,1250,2.7602,1196,NA,NA,1
2022,2,8475233,MTL,2022-04-27,2.7328,1225,2.4873,1048,0.0028,3,0
2022,2,8475233,MTL,2022-04-24,2.9027,1256,2.7637,1185,NA,NA,1
2022,2,8475233,MTL,2022-04-23,2.8624,1250,2.4845,1035,0.0192,10,0
2022,2,8475233,MTL,2022-04-21,2.7607,1205,2.359,970,4e-4,0,1
2022,2,8475233,MTL,2022-04-19,2.9228,1294,2.7923,1188,NA,NA,1
2022,2,8475233,MTL,2022-04-16,2.9613,1341,2.7612,1180,NA,NA,1
2022,2,8475233,MTL,2022-04-15,2.8368,1209,2.7697,1163,2e-4,0,1
2022,2,8475233,MTL,2022-04-13,2.4762,1110,2.2661,958,NA,NA,0
2022,2,8475233,MTL,2022-04-11,2.9633,1274,2.8604,1228,NA,NA,1
2022,2,8475722,PIT,2022-04-26,0.5408,208,0.5408,208,NA,NA,1
2022,2,8475722,PIT,2022-04-24,2.0593,774,1.9892,745,0.0701,29,0
2022,2,8475722,PIT,2022-04-23,2.197,871,2.197,871,NA,NA,0
2022,2,8475722,PIT,2022-04-21,1.9745,763,1.9745,763,NA,NA,1
2022,2,8475722,PIT,2022-04-16,2.2291,976,1.9915,868,0.2376,108,0
2022,2,8475722,PIT,2022-04-14,2.2172,815,2.0671,745,0.1501,70,1
2022,2,8475722,PIT,2022-04-12,3.3445,1293,3.206,1230,0.1385,63,0
2022,2,8475722,PIT,2022-04-10,2.511,915,2.4607,900,0.0503,15,1
2022,2,8475722,PIT,2022-04-09,1.4782,560,1.4782,560,NA,NA,1
2022,2,8475722,PIT,2022-03-31,0.8948,333,0.8948,333,NA,NA,0
2022,2,8475772,SEA,2022-05-01,2.7633,987,2.4522,921,0.1396,0,0
2022,2,8475772,SEA,2022-04-29,2.2227,870,1.9505,714,NA,NA,1
2022,2,8475772,SEA,2022-04-27,2.3894,947,2.1337,859,0.042,16,1
2022,2,8475772,SEA,2022-04-26,1.9831,728,1.6741,610,0.0123,5,0
2022,2,8475772,SEA,2022-04-23,1.8698,666,1.7535,630,0.0101,7,0
2022,2,8475772,SEA,2022-04-22,2.1945,797,1.5343,503,NA,NA,0
2022,2,8475772,SEA,2022-04-20,1.8519,616,1.59,523,NA,NA,1
2022,2,8475772,SEA,2022-04-18,2.0856,707,1.6471,562,NA,NA,1
2022,2,8475772,SEA,2022-04-16,2.2834,824,1.7583,626,NA,NA,1
2022,2,8475772,SEA,2022-04-12,1.6705,671,1.1396,456,NA,NA,0
2022,2,8475790,CGY,2022-04-28,2.6671,1059,2.496,988,0.0283,7,0
2022,2,8475790,CGY,2022-04-26,2.3204,996,1.6881,673,NA,NA,0
2022,2,8475790,CGY,2022-04-23,2.2926,972,2.1684,907,NA,NA,1
2022,2,8475790,CGY,2022-04-21,2.5617,1040,2.2002,883,NA,NA,1
2022,2,8475790,CGY,2022-04-19,2.4601,1061,1.9796,796,NA,NA,0
2022,2,8475790,CGY,2022-04-18,2.3457,929,2.078,813,NA,NA,0
2022,2,8475790,CGY,2022-04-16,2.5255,1060,2.2214,921,NA,NA,1
2022,2,8475790,CGY,2022-04-14,2.6079,1023,2.0541,801,NA,NA,1
2022,2,8475790,CGY,2022-04-06,2.2216,992,1.9433,836,NA,NA,0
2022,2,8475790,CGY,2022-04-04,3.024,1401,2.2759,960,NA,NA,0
2022,2,8476422,BOS,2022-04-29,2.9091,1242,2.585,1097,0.1069,54,0
2022,2,8476422,BOS,2022-04-24,2.5878,1123,2.4151,1048,0.1725,75,0
2022,2,8476422,BOS,2022-04-21,2.9289,1263,2.6818,1172,0.2471,91,0
2022,2,8476422,BOS,2022-04-19,2.668,1148,2.4582,1081,0.2098,66,0
2022,2,8476422,BOS,2022-04-16,2.762,1110,2.6726,1063,0.0341,13,1
2022,2,8476422,BOS,2022-04-14,2.4984,984,2.4499,971,NA,NA,1
2022,2,8476422,BOS,2022-04-12,2.9224,1187,2.6872,1096,0.1429,45,1
2022,2,8476422,BOS,2022-04-10,3.0723,1340,2.7017,1192,0.3346,131,0
2022,2,8476422,BOS,2022-04-08,2.7007,1206,2.4364,1098,0.2315,99,0
2022,2,8476422,BOS,2022-04-05,2.3879,944,1.9546,766,0.3303,136,0
2022,2,8476442,SJS,2022-04-29,2.5425,954,2.3917,894,NA,NA,0
2022,2,8476442,SJS,2022-04-28,2.6234,1025,2.1668,830,NA,NA,0
2022,2,8476442,SJS,2022-04-26,2.2915,856,2.1624,803,NA,NA,1
2022,2,8476442,SJS,2022-04-24,2.5521,902,2.2695,794,NA,NA,0
2022,2,8476442,SJS,2022-04-23,2.333,819,2.2664,793,NA,NA,1
2022,2,8476442,SJS,2022-04-21,2.5356,924,1.7804,637,NA,NA,1
2022,2,8476442,SJS,2022-04-19,2.9463,1098,2.4882,923,NA,NA,1
2022,2,8476442,SJS,2022-04-17,3.0578,1071,2.5156,869,NA,NA,0
2022,2,8476442,SJS,2022-04-16,2.8171,1004,2.6237,920,NA,NA,0
2022,2,8476442,SJS,2022-04-14,2.4809,853,2.2506,755,NA,NA,0
2022,2,8476461,PHI,2021-12-18,3.2564,1184,3.0729,1104,0.163,71,1
2022,2,8476461,PHI,2021-12-16,4.1455,1536,3.438,1232,0.4118,175,0
2022,2,8476461,PHI,2021-12-14,3.5541,1260,3.1398,1102,NA,NA,1
2022,2,8476461,PHI,2021-12-11,3.1579,1308,2.5461,1004,0.31,168,0
2022,2,8476461,PHI,2021-12-10,2.5028,1011,1.6743,664,0.2375,84,0
2022,2,8476461,PHI,2021-12-08,3.0326,1172,2.7344,1036,0.264,114,0
2022,2,8476461,PHI,2021-12-06,3.3353,1295,2.559,936,0.4264,212,1
2022,2,8476461,PHI,2021-12-05,2.8701,1070,2.2677,817,0.3641,177,1
2022,2,8476461,PHI,2021-12-01,3.4732,1305,2.3954,827,0.8144,384,0
2022,2,8476461,PHI,2021-11-28,3.3531,1257,2.4354,858,0.4397,187,0
2022,2,8476467,SEA,2022-05-01,2.7617,1121,2.5145,1081,0.1713,0,0
2022,2,8476467,SEA,2022-04-29,3.2145,1349,3.1246,1301,NA,NA,1
2022,2,8476467,SEA,2022-04-27,2.8035,1203,2.549,1090,0.0904,37,1
2022,2,8476467,SEA,2022-04-26,3.1209,1197,2.7579,1008,0.0153,5,0
2022,2,8476467,SEA,2022-04-23,3.0676,1210,2.7974,1108,0.0153,7,0
2022,2,8476467,SEA,2022-04-22,3.1815,1238,2.583,893,NA,NA,0
2022,2,8476467,SEA,2022-04-20,3.2503,1282,2.8238,1058,NA,NA,1
2022,2,8476467,SEA,2022-04-18,2.618,1090,2.3129,950,NA,NA,1
2022,2,8476467,SEA,2022-04-16,3.0299,1137,2.6886,982,NA,NA,1
2022,2,8476467,SEA,2022-04-12,2.8052,1105,2.3625,904,NA,NA,0
2022,2,8476779,VAN,2022-04-29,2.5349,1159,2.3303,1079,0.177,65,0
2022,2,8476779,VAN,2022-04-28,1.9285,794,1.8542,758,NA,NA,1
2022,2,8476779,VAN,2022-04-26,2.0743,906,1.8781,813,0.1962,93,1
2022,2,8476779,VAN,2022-04-23,2.2414,994,2.2414,994,NA,NA,0
2022,2,8476779,VAN,2022-04-21,2.2333,987,2.1372,949,0.0962,38,0
2022,2,8476779,VAN,2022-04-19,2.0995,929,1.8883,830,0.2112,99,1
2022,2,8476779,VAN,2022-04-18,2.4431,1091,2.173,968,0.2701,123,1
2022,2,8476779,VAN,2022-04-14,2.3879,1112,2.2197,1050,0.1682,62,1
2022,2,8476779,VAN,2022-04-12,1.8468,766,1.7055,716,0.1413,50,1
2022,2,8476779,VAN,2022-04-09,1.1018,429,0.5736,222,0.5282,207,1
2022,2,8476960,LAK,2022-04-28,3.0039,1136,2.5779,962,0.4259,174,0
2022,2,8476960,LAK,2022-04-27,2.5437,984,2.0418,803,0.1933,57,0
2022,2,8476960,LAK,2022-04-23,2.9819,1123,2.4587,908,0.5232,215,1
2022,2,8476960,LAK,2022-04-21,2.8703,993,2.6069,899,0.2633,94,1
2022,2,8476960,LAK,2022-04-19,2.2134,833,2.2134,833,NA,NA,0
2022,2,8476960,LAK,2022-04-16,3.1251,1134,2.7226,962,0.4024,172,1
2022,2,8476960,LAK,2022-03-10,2.4903,886,2.0699,729,0.4204,157,1
2022,2,8476960,LAK,2022-03-07,2.8531,1122,2.8044,1111,0.0487,11,0
2022,2,8476960,LAK,2022-03-06,2.1354,792,1.9023,713,0.1532,54,0
2022,2,8476960,LAK,2022-02-23,1.7285,645,1.7285,645,NA,NA,0
2022,2,8477845,WSH,2022-04-29,2.2551,1010,1.72,760,0.2596,114,0
2022,2,8477845,WSH,2022-04-28,2.1642,968,1.9636,833,NA,NA,0
2022,2,8477845,WSH,2022-04-26,2.1558,977,1.9895,855,NA,NA,1
2022,2,8477845,WSH,2022-04-24,1.8957,865,1.6212,728,NA,NA,1
2022,2,8477845,WSH,2022-04-22,2.132,946,2.132,946,NA,NA,0
2022,2,8477845,WSH,2022-04-20,2.0876,870,1.9113,769,NA,NA,0
2022,2,8477845,WSH,2022-04-18,2.1814,994,1.8315,796,0.0455,20,0
2022,2,8477845,WSH,2022-04-16,1.9128,863,1.7619,772,NA,NA,0
2022,2,8477845,WSH,2022-04-14,2.588,1263,1.7992,831,0.1321,69,0
2022,2,8477845,WSH,2022-04-12,2.6507,1160,2.2436,906,0.1795,96,1
2022,2,8477931,BOS,2022-04-29,2.2137,800,2.0665,733,NA,NA,0
2022,2,8477931,BOS,2022-04-28,1.9811,795,1.692,642,0.0076,4,1
2022,2,8477931,BOS,2022-04-26,1.6414,648,1.5851,620,NA,NA,1
2022,2,8477931,BOS,2022-04-24,1.8844,753,1.735,672,NA,NA,0
2022,2,8477931,BOS,2022-04-23,1.8619,687,1.5727,581,NA,NA,1
2022,2,8477931,BOS,2022-04-21,1.9307,786,1.7604,680,NA,NA,0
2022,2,8477931,BOS,2022-04-19,2.2345,804,1.9459,687,NA,NA,0
2022,2,8477931,BOS,2022-04-14,1.325,558,0.9766,393,0.0092,7,1
2022,2,8477931,BOS,2022-04-12,2.2259,796,1.9398,672,NA,NA,1
2022,2,8477931,BOS,2022-04-10,1.7682,680,1.5707,605,NA,NA,0
2022,2,8478211,NYR,2022-04-29,1.857,679,1.857,679,NA,NA,1
2022,2,8478211,NYR,2022-04-27,2.2462,853,2.1565,829,0.0897,24,1
2022,2,8478211,NYR,2022-04-26,1.6716,688,1.6716,688,NA,NA,1
2022,2,8478211,NYR,2022-04-23,2.0865,761,1.9551,721,0.0902,28,0
2022,2,8478211,NYR,2022-04-21,2.4024,902,2.4024,902,NA,NA,0
2022,2,8478211,NYR,2022-04-19,1.6471,586,1.6471,586,NA,NA,1
2022,2,8478211,NYR,2022-04-16,1.9347,695,1.9347,695,NA,NA,1
2022,2,8478211,NYR,2022-04-13,2.0942,732,2.0942,732,NA,NA,0
2022,2,8478211,NYR,2022-04-12,1.4514,578,1.4073,565,0.044,13,1
2022,2,8478211,NYR,2022-04-09,2.4141,905,2.4141,905,NA,NA,1
2022,2,8479511,NJD,2022-04-28,2.4392,909,2.1346,772,NA,NA,0
2022,2,8479511,NJD,2022-04-26,2.6645,973,2.5177,911,NA,NA,0
2022,2,8479511,NJD,2022-04-24,2.7218,992,2.4508,870,NA,NA,1
2022,2,8479511,NJD,2022-04-23,2.4494,918,2.2037,812,0.031,17,1
2022,2,8479511,NJD,2022-04-21,1.8649,682,1.8127,655,NA,NA,1
2022,2,8479511,NJD,2022-04-18,2.5496,906,2.4457,868,NA,NA,0
2022,2,8479511,NJD,2022-04-16,2.9026,1097,2.6148,992,0.0482,23,0
2022,2,8479511,NJD,2022-04-14,2.2464,819,2.1525,788,NA,NA,0
2022,2,8479511,NJD,2022-04-12,2.2693,775,1.9687,675,NA,NA,0
2022,2,8479511,NJD,2022-04-07,2.5324,893,2.5324,893,NA,NA,1
2022,2,8479520,MIN,2022-04-29,1.182,475,1.182,475,NA,NA,1
2022,2,8479520,MIN,2022-04-28,1.4772,524,1.4772,524,NA,NA,1
2022,2,8479520,MIN,2022-04-26,1.5469,558,1.5469,558,NA,NA,1
2022,2,8479520,MIN,2022-04-24,1.8139,669,1.6839,615,NA,NA,0
2022,2,8479520,MIN,2022-04-22,1.5108,576,1.3982,535,NA,NA,1
2022,2,8479520,MIN,2022-04-21,1.5754,578,1.4845,542,NA,NA,1
2022,2,8479520,MIN,2022-04-19,1.3317,490,1.2376,455,NA,NA,0
2022,2,8479520,MIN,2022-04-17,1.6226,572,1.4384,503,NA,NA,1
2022,2,8479520,MIN,2022-04-16,1.6692,589,1.577,561,NA,NA,0
2022,2,8479520,MIN,2022-04-14,1.8955,692,1.8955,692,NA,NA,0
2022,2,8480068,MTL,2022-04-29,2.1028,737,2.0583,722,NA,NA,1
2022,2,8480068,MTL,2022-04-27,2.5519,836,2.3278,748,NA,NA,0
2022,2,8480068,MTL,2022-04-23,1.3649,471,0.8604,299,0.0128,6,0
2022,2,8480068,MTL,2022-04-21,1.9745,640,1.5565,512,NA,NA,1
2022,2,8480068,MTL,2022-04-19,2.6882,886,2.622,862,NA,NA,1
2022,2,8480068,MTL,2022-04-16,2.3051,782,2.0424,680,NA,NA,1
2022,2,8480068,MTL,2022-04-15,1.8913,657,1.8148,596,0.0765,61,1
2022,2,8480068,MTL,2022-04-13,2.2778,803,1.9048,614,0.373,189,0
2022,2,8480068,MTL,2022-04-11,2.1775,739,2.0784,710,NA,NA,1
2022,2,8480068,MTL,2022-04-07,1.9203,645,1.9203,645,NA,NA,0
2022,2,8480216,DAL,2022-04-27,1.3627,563,1.3627,563,NA,NA,1
2022,2,8480216,DAL,2022-04-21,2.0104,745,1.6442,608,0.3662,137,0
2022,2,8480216,DAL,2022-04-20,2.0918,799,2.0882,796,NA,NA,0
2022,2,8480216,DAL,2022-04-16,1.4986,564,1.4986,564,NA,NA,1
2022,2,8480216,DAL,2022-04-14,0.8794,329,0.8794,329,NA,NA,1
2022,2,8480216,DAL,2022-04-12,1.5354,596,1.4341,550,0.1012,46,1
2022,2,8480216,DAL,2022-04-10,1.3397,509,1.3397,509,NA,NA,0
2022,2,8480216,DAL,2022-04-03,2.055,799,1.7364,691,0.3186,108,0
2022,2,8480216,DAL,2022-04-02,1.88,726,1.5145,568,0.3655,158,0
2022,2,8480216,DAL,2022-03-31,1.8146,745,1.72,695,0.0946,50,0
2022,2,8480796,WSH,2022-04-29,2.2572,1001,2.1312,936,0.0015,1,0
2022,2,8480796,WSH,2022-04-28,2.5007,1137,2.2873,1011,0.0054,3,0
2022,2,8480796,WSH,2022-04-26,2.6433,1178,2.5217,1118,0.0013,2,1
2022,2,8480796,WSH,2022-04-24,2.516,1157,2.354,1054,NA,NA,1
2022,2,8480796,WSH,2022-04-22,2.9052,1204,2.9052,1204,NA,NA,0
2022,2,8480796,WSH,2022-04-20,2.915,1207,2.8011,1162,NA,NA,0
2022,2,8480796,WSH,2022-04-18,2.7371,1192,2.6002,1108,0.0165,9,0
2022,2,8480796,WSH,2022-04-16,2.7886,1171,2.6786,1114,NA,NA,0
2022,2,8480796,WSH,2022-04-14,2.8544,1218,2.5088,1030,NA,NA,0
2022,2,8480796,WSH,2022-04-12,2.6877,1180,2.5657,1117,0.021,13,1
2022,2,8481524,COL,2022-04-28,2.0409,795,2.0305,789,0.0103,6,1
2022,2,8481524,COL,2022-04-26,2.2593,925,2.1933,896,0.0434,17,1
2022,2,8481524,COL,2022-04-24,3.1034,1304,2.8747,1222,0.2286,82,0
2022,2,8481524,COL,2022-04-22,2.955,1113,2.4485,890,0.3482,156,0
2022,2,8481524,COL,2022-04-20,3.5854,1452,3.3507,1356,0.1326,52,0
2022,2,8481524,COL,2022-04-18,2.7632,1069,2.559,978,0.181,82,1
2022,2,8481524,COL,2022-04-16,2.1794,903,2.143,891,0.0364,12,1
2022,2,8481524,COL,2022-04-14,2.5669,1013,2.4674,959,NA,NA,1
2022,2,8481524,COL,2022-04-13,2.5482,1117,2.5331,1109,7e-4,0,1
2022,2,8481524,COL,2022-04-09,2.4917,1031,2.4917,1031,NA,NA,0
2022,2,8471686,DET,2022-04-24,1.4147,564,1.2889,505,NA,NA,0
2022,2,8471686,DET,2022-04-23,2.4117,1064,2.3376,1026,NA,NA,1
2022,2,8471686,DET,2022-04-21,2.5346,1212,2.0989,935,0.007,4,0
2022,2,8471686,DET,2022-04-19,2.3846,1133,2.1948,1046,NA,NA,0
2022,2,8471686,DET,2022-04-17,2.682,1225,2.4085,1061,0.0097,8,1
2022,2,8471686,DET,2022-04-16,2.6688,1252,2.2709,1026,NA,NA,0
2022,2,8471686,DET,2022-04-14,2.9411,1290,2.6722,1156,NA,NA,0
2022,2,8471686,DET,2022-04-12,2.7675,1148,2.6365,1083,NA,NA,1
2022,2,8471686,DET,2022-04-09,2.889,1201,2.4076,935,NA,NA,1
2022,2,8471686,DET,2022-04-06,2.7942,1315,2.54,1150,NA,NA,0
2022,2,8471699,"SJS,COL",2022-04-29,1.4494,552,1.094,391,NA,NA,0
2022,2,8471699,"SJS,COL",2022-04-28,1.6071,565,1.3837,492,0.0729,18,1
2022,2,8471699,"SJS,COL",2022-04-26,1.7721,717,1.442,552,NA,NA,1
2022,2,8471699,"SJS,COL",2022-04-24,1.9513,691,1.7939,596,NA,NA,0
2022,2,8471699,"SJS,COL",2022-04-22,1.753,618,1.6099,559,NA,NA,0
2022,2,8471699,"SJS,COL",2022-04-20,1.8825,631,1.7794,589,NA,NA,0
2022,2,8471699,"SJS,COL",2022-04-16,1.9255,689,1.6689,583,0.0439,12,1
2022,2,8471699,"SJS,COL",2022-04-14,1.9927,710,1.8646,672,NA,NA,1
2022,2,8471699,"SJS,COL",2022-04-13,2.1184,817,1.9145,727,NA,NA,1
2022,2,8471699,"SJS,COL",2022-04-09,1.8289,674,1.654,601,NA,NA,0
2022,2,8473453,CGY,2022-04-26,2.2594,722,1.8902,597,NA,NA,0
2022,2,8473453,CGY,2022-04-23,2.2998,790,2.1788,738,NA,NA,1
2022,2,8473453,CGY,2022-04-21,1.9143,651,1.5759,528,0.0229,10,1
2022,2,8473453,CGY,2022-04-19,2.0565,665,1.8123,558,NA,NA,0
2022,2,8473453,CGY,2022-04-18,2.461,842,2.2097,738,0.0103,6,0
2022,2,8473453,CGY,2022-04-16,2.134,753,1.945,675,NA,NA,1
2022,2,8473453,CGY,2022-04-14,2.2876,791,1.8405,616,NA,NA,1
2022,2,8473453,CGY,2022-04-12,1.826,656,1.7029,604,NA,NA,1
2022,2,8473453,CGY,2022-04-09,2.0907,762,1.6515,584,NA,NA,0
2022,2,8473453,CGY,2022-04-07,2.3374,841,1.9948,697,NA,NA,0
2022,2,8474190,TOR,2022-04-29,2.5477,881,2.5477,881,NA,NA,1
2022,2,8474190,TOR,2022-04-24,1.3786,457,1.3786,457,NA,NA,0
2022,2,8474190,TOR,2022-04-23,1.0113,354,1.0113,354,NA,NA,0
2022,2,8474190,TOR,2022-04-21,1.6595,624,1.5971,580,0.0624,44,0
2022,2,8474190,TOR,2022-04-19,1.9255,700,1.9255,700,NA,NA,1
2022,2,8474190,TOR,2022-04-17,1.0901,399,1.0901,399,NA,NA,1
2022,2,8474190,TOR,2022-04-14,1.8237,660,1.6938,603,0.1299,57,1
2022,2,8474190,TOR,2022-04-09,1.2696,500,1.2696,500,NA,NA,1
2022,2,8474190,TOR,2022-04-07,0.867,301,0.867,301,NA,NA,0
2022,2,8474190,TOR,2022-04-04,1.5892,526,1.5892,526,NA,NA,0
2022,2,8475231,NYI,2022-04-29,2.0432,703,1.889,644,0.0174,0,1
2022,2,8475231,NYI,2022-04-28,1.8447,680,1.3435,477,0.0206,8,1
2022,2,8475231,NYI,2022-04-26,2.7002,985,1.9633,712,0.0459,0,0
2022,2,8475231,NYI,2022-04-24,2.539,876,2.4151,821,0.0023,2,1
2022,2,8475231,NYI,2022-04-23,2.4986,878,1.5526,527,0.0359,12,0
2022,2,8475231,NYI,2022-04-21,2.7143,919,2.6697,898,NA,NA,1
2022,2,8475231,NYI,2022-04-19,1.8581,630,1.459,491,NA,NA,1
2022,2,8475231,NYI,2022-04-17,2.2552,818,2.0758,704,0.002,2,0
2022,2,8475231,NYI,2022-04-15,2.32,856,2.1433,768,NA,NA,0
2022,2,8475231,NYI,2022-04-14,2.3341,770,2.0082,652,0.0631,22,0
2022,2,8475462,FLA,2022-04-26,1.4713,606,1.2645,513,NA,NA,0
2022,2,8475462,FLA,2022-04-24,1.8823,859,1.4885,536,NA,NA,1
2022,2,8475462,FLA,2022-04-23,2.3658,982,2.2525,922,0.0166,4,1
2022,2,8475462,FLA,2022-04-21,2.1708,890,1.9929,799,NA,NA,1
2022,2,8475462,FLA,2022-04-19,2.1924,942,1.9915,851,NA,NA,0
2022,2,8475462,FLA,2022-04-17,2.8904,1205,2.5176,1009,NA,NA,0
2022,2,8475462,FLA,2022-04-15,2.781,1230,2.1464,929,NA,NA,1
2022,2,8475462,FLA,2022-04-12,1.7081,735,1.4111,591,NA,NA,1
2022,2,8475462,FLA,2022-04-09,2.1933,933,2.1933,933,NA,NA,0
2022,2,8475462,FLA,2022-04-05,2.9219,1221,2.5269,1017,0.0011,1,1
2022,2,8475766,OTT,2022-04-29,2.2206,810,2.1769,788,NA,NA,0
2022,2,8475766,OTT,2022-04-28,2.2794,794,2.1,721,NA,NA,1
2022,2,8475766,OTT,2022-04-26,2.2195,787,2.0585,722,NA,NA,1
2022,2,8475766,OTT,2022-04-23,2.5887,947,2.1487,750,0.0623,30,1
2022,2,8475766,OTT,2022-04-22,2.117,782,2.0088,743,NA,NA,0
2022,2,8475766,OTT,2022-04-19,2.3026,900,2.1809,846,NA,NA,0
2022,2,8475766,OTT,2022-04-18,1.8613,685,1.4391,510,0.0407,11,0
2022,2,8475766,OTT,2022-04-16,2.1085,766,2.0294,729,NA,NA,1
2022,2,8475766,OTT,2022-04-14,2.1546,863,1.7465,695,NA,NA,0
2022,2,8475766,OTT,2022-04-12,2.2123,814,1.933,693,NA,NA,0
2022,2,8476312,"ANA,COL",2022-04-29,2.8923,1208,2.272,926,NA,NA,0
2022,2,8476312,"ANA,COL",2022-04-28,2.3323,1002,2.127,907,0.0506,17,1
2022,2,8476312,"ANA,COL",2022-04-26,2.58,1194,2.2573,993,NA,NA,1
2022,2,8476312,"ANA,COL",2022-04-24,1.9695,806,1.765,698,NA,NA,0
2022,2,8476312,"ANA,COL",2022-04-22,2.3506,954,2.2028,890,NA,NA,0
2022,2,8476312,"ANA,COL",2022-04-20,2.4754,1116,2.4754,1116,NA,NA,0
2022,2,8476312,"ANA,COL",2022-04-18,2.3724,1016,2.2873,972,NA,NA,1
2022,2,8476312,"ANA,COL",2022-04-16,2.7809,1212,2.7626,1207,0.0168,3,1
2022,2,8476312,"ANA,COL",2022-04-14,2.4325,1067,2.176,948,NA,NA,1
2022,2,8476312,"ANA,COL",2022-04-13,2.8544,1208,2.6162,1106,NA,NA,1
2022,2,8476822,DAL,2022-04-29,1.9748000000000001,758,1.8068,695,NA,NA,1
2022,2,8476822,DAL,2022-04-27,2.2436,901,1.8778,737,NA,NA,1
2022,2,8476822,DAL,2022-04-26,2.4533,952,2.4533,952,NA,NA,1
2022,2,8476822,DAL,2022-04-23,2.3803,1002,2.2356,945,0.0114,5,1
2022,2,8476822,DAL,2022-04-21,1.6556,670,1.1879,448,0.0044,3,0
2022,2,8476822,DAL,2022-04-20,1.6491,665,1.5245,606,NA,NA,0
2022,2,8476822,DAL,2022-04-18,2.3115,927,2.0193,804,NA,NA,0
2022,2,8476822,DAL,2022-04-16,2.2585,874,1.9615,759,0.0123,9,1
2022,2,8476822,DAL,2022-04-14,2.4807,918,2.4501,900,0.0305,18,1
2022,2,8476822,DAL,2022-04-12,2.0818,815,1.6655,630,NA,NA,1
2022,2,8477290,DAL,2022-04-29,2.5776,965,2.4508,910,NA,NA,1
2022,2,8477290,DAL,2022-04-27,2.3838,876,2.1978,812,NA,NA,1
2022,2,8477290,DAL,2022-04-26,2.6226,963,2.6226,963,NA,NA,1
2022,2,8477290,DAL,2022-04-23,2.5131,952,2.3772,892,NA,NA,1
2022,2,8477290,DAL,2022-04-21,2.1705,842,1.6921,633,NA,NA,0
2022,2,8477290,DAL,2022-04-20,2.0025,778,1.8367,721,NA,NA,0
2022,2,8477290,DAL,2022-04-18,2.5449,1006,2.3041,911,NA,NA,0
2022,2,8477290,DAL,2022-04-16,2.7293,990,2.2645,819,0.0154,9,1
2022,2,8477290,DAL,2022-04-14,2.4879,929,2.4578,918,0.0301,11,1
2022,2,8477290,DAL,2022-04-12,2.3761,812,1.9783,683,NA,NA,1
2022,2,8477499,PHI,2022-04-12,2.7234,1288,2.5843,1210,0.0185,11,0
2022,2,8477499,PHI,2022-04-09,2.5533,1192,2.3745,1079,0.0052,4,1
2022,2,8477499,PHI,2022-04-07,2.6167,1217,2.3467,1081,0.0783,37,0
2022,2,8477499,PHI,2022-04-05,2.5306,1126,2.4319,1076,0.0381,20,1
2022,2,8477499,PHI,2022-04-03,2.9806,1386,2.553,1172,0.066,25,0
2022,2,8477499,PHI,2022-04-02,2.9125,1298,2.7544,1171,0.0154,7,1
2022,2,8477499,PHI,2022-03-29,2.8238,1334,2.7309,1277,NA,NA,0
2022,2,8477499,PHI,2022-03-27,2.8648,1339,2.648,1192,NA,NA,0
2022,2,8477499,PHI,2022-03-25,2.8016,1363,2.527,1200,NA,NA,0
2022,2,8477499,PHI,2022-03-24,2.4805,1078,2.2849,970,0.0232,14,0
2022,2,8477508,BOS,2022-04-29,2.427,844,2.427,844,NA,NA,0
2022,2,8477508,BOS,2022-04-28,2.1841,823,1.8299,648,0.0137,4,1
2022,2,8477508,BOS,2022-04-26,1.9305,705,1.8191,667,NA,NA,1
2022,2,8477508,BOS,2022-04-24,2.1451,778,1.9131,670,NA,NA,0
2022,2,8477508,BOS,2022-04-23,2.0486,701,1.6834,591,NA,NA,1
2022,2,8477508,BOS,2022-04-21,2.3813,930,2.194,825,NA,NA,0
2022,2,8477508,BOS,2022-04-19,1.9023,683,1.7192,623,NA,NA,0
2022,2,8477508,BOS,2022-04-16,1.8962,704,1.6951,601,NA,NA,1
2022,2,8477508,BOS,2022-04-14,2.1664,776,1.7066,585,NA,NA,1
2022,2,8477508,BOS,2022-04-12,2.4919,856,2.1664,740,NA,NA,1
2022,2,8480028,PHI,2022-04-29,2.4215,854,2.2039,766,0.2046,80,1
2022,2,8480028,PHI,2022-04-27,2.8505,941,2.3899,788,0.4338,137,0
2022,2,8480028,PHI,2022-04-25,2.6945,954,2.0453,696,0.5995,237,0
2022,2,8480028,PHI,2022-04-24,1.9604,766,1.7852,658,0.1752,108,1
2022,2,8480028,PHI,2022-04-21,2.6751,908,2.1964,739,0.4787,169,0
2022,2,8480028,PHI,2022-04-19,2.5026,919,2.2042,786,0.2906,129,0
2022,2,8480028,PHI,2022-04-17,2.4015,833,2.0876,727,0.3139,106,1
2022,2,8480028,PHI,2022-04-16,2.993,1042,2.3353,821,0.6577,221,0
2022,2,8480028,PHI,2022-04-13,2.8521,953,2.6435,874,0.2085,79,1
2022,2,8480028,PHI,2022-04-12,2.8223,951,2.576,870,0.2154,70,0
2022,2,8480031,ANA,2022-04-29,2.1291,756,2.1291,756,NA,NA,0
2022,2,8480031,ANA,2022-04-26,2.1597,839,1.9309,746,NA,NA,0
2022,2,8480031,ANA,2022-04-24,1.9634,768,1.8712,723,NA,NA,1
2022,2,8480031,ANA,2022-04-23,1.9435,727,1.8083,668,NA,NA,0
2022,2,8480031,ANA,2022-04-19,1.6924,643,1.6885,640,0.0039,3,1
2022,2,8480031,ANA,2022-04-12,1.254,499,1.035,389,0.219,110,0
2022,2,8480031,ANA,2022-04-09,1.2472,454,1.2472,454,NA,NA,0
2022,2,8480031,ANA,2022-04-06,1.5582,639,1.5582,639,NA,NA,1
2022,2,8480031,ANA,2022-04-03,2.2786,891,2.2786,891,NA,NA,1
2022,2,8480031,ANA,2022-04-01,1.7396,763,1.7229,757,NA,NA,0
2022,2,8480873,TOR,2022-03-19,2.1329,889,1.9658,816,0.1671,73,0
2022,2,8480873,TOR,2022-03-17,2.1606,854,1.982,801,0.1786,53,1
2022,2,8480873,TOR,2022-03-15,2.647,1015,2.5884,993,0.0586,21,1
2022,2,8480873,TOR,2022-03-02,3.1071,1192,3.0089,1154,0.0981,38,1
2022,2,8480873,TOR,2022-02-28,2.376,905,1.717,696,0.6589,209,0
2022,2,8480873,TOR,2022-02-26,2.7026,1158,2.6999,1156,NA,NA,0
2022,2,8480873,TOR,2022-02-24,2.6889,1081,2.479,1004,0.1958,72,1
2022,2,8480873,TOR,2022-02-22,2.8803,1030,2.6019,946,0.2785,84,0
2022,2,8480873,TOR,2022-02-19,2.953,1097,2.7585,1033,0.1945,64,1
2022,2,8480873,TOR,2022-02-17,2.3802,947,2.281,903,0.0993,44,1
2022,2,8471794,COL,2022-04-29,1.7986,730,1.0747,402,NA,NA,0
2022,2,8471794,COL,2022-04-28,1.593,576,1.3899,498,0.0685,21,1
2022,2,8471794,COL,2022-04-26,1.7123,707,1.3669,537,NA,NA,1
2022,2,8471794,COL,2022-04-24,2.0951,816,1.8389,675,NA,NA,0
2022,2,8471794,COL,2022-04-22,1.6642,643,1.4567,568,NA,NA,0
2022,2,8471794,COL,2022-04-20,1.8054,609,1.6921,567,NA,NA,0
2022,2,8471794,COL,2022-04-18,1.7832,646,1.6419,585,0.0021,2,1
2022,2,8471794,COL,2022-04-14,2.0713,724,1.8347,635,NA,NA,1
2022,2,8471794,COL,2022-04-13,2.297,905,2.0749,811,NA,NA,1
2022,2,8471794,COL,2022-04-09,1.784,733,1.5527,594,NA,NA,0
2022,2,8473504,NYI,2022-03-19,1.8896,679,1.5607,566,NA,NA,1
2022,2,8473504,NYI,2022-03-17,2.2091,814,1.8899,646,9e-4,0,0
2022,2,8473504,NYI,2022-03-15,1.5106,842,1.5106,842,NA,NA,0
2022,2,8473504,NYI,2022-03-13,1.9872,767,1.5544,589,NA,NA,1
2022,2,8473504,NYI,2022-03-11,2.0017,720,1.9692,707,0.0325,13,1
2022,2,8473504,NYI,2022-03-10,2.4724,908,1.874,684,NA,NA,1
2022,2,8473504,NYI,2022-03-07,2.0451,832,1.719,696,0.0382,5,1
2022,2,8473504,NYI,2022-03-05,2.4872,932,2.19,834,NA,NA,1
2022,2,8473504,NYI,2022-03-03,2.455,994,2.1494,865,NA,NA,1
2022,2,8473504,NYI,2022-03-01,2.2628,908,1.7926,710,0.0248,11,0
2022,2,8476918,NJD,2022-04-29,2.4824,886,2.1172,770,NA,NA,1
2022,2,8476918,NJD,2022-04-28,2.213,781,1.9523,681,NA,NA,0
2022,2,8476918,NJD,2022-04-05,0.9655,355,0.7807,279,NA,NA,1
2022,2,8476918,NJD,2022-04-03,1.3416,485,0.965,355,NA,NA,1
2022,2,8476918,NJD,2022-04-02,2.2385,812,1.712,599,NA,NA,1
2022,2,8476918,NJD,2022-03-31,2.5721,837,2.3607,760,NA,NA,0
2022,2,8476918,NJD,2022-03-27,1.3948,706,0.7434,442,NA,NA,1
2022,2,8476918,NJD,2022-03-26,2.1339,794,1.972,725,NA,NA,0
2022,2,8476918,NJD,2022-03-23,2.3058,844,1.9116,713,NA,NA,0
2022,2,8476918,NJD,2022-03-22,1.7202,865,1.7202,865,NA,NA,1
2022,2,8476921,CAR,2022-04-28,2.5762,932,2.3811,855,0.0113,4,1
2022,2,8476921,CAR,2022-04-26,1.759,622,1.6611,586,NA,NA,0
2022,2,8476921,CAR,2022-04-24,2.2765,820,2.2088,796,NA,NA,0
2022,2,8476921,CAR,2022-04-23,1.6463,577,1.5779,553,NA,NA,0
2022,2,8476921,CAR,2022-04-21,1.1361,417,1.1361,417,NA,NA,1
2022,2,8476921,CAR,2022-04-18,1.941,713,1.6559,588,NA,NA,0
2022,2,8476921,CAR,2022-04-16,1.9644,682,1.9577,677,NA,NA,0
2022,2,8476921,CAR,2022-04-14,1.9571,769,1.9571,769,NA,NA,1
2022,2,8476921,CAR,2022-04-12,1.6918,640,1.5487,581,NA,NA,0
2022,2,8476921,CAR,2022-04-10,1.8179,650,1.8059,643,NA,NA,1
2022,2,8477353,"VAN,NYR",2022-04-07,1.892,664,1.6284,566,NA,NA,1
2022,2,8477353,"VAN,NYR",2022-04-05,2.4502,805,2.2452,738,NA,NA,0
2022,2,8477353,"VAN,NYR",2022-04-03,1.9796,709,1.813,650,NA,NA,1
2022,2,8477353,"VAN,NYR",2022-04-01,1.9812,723,1.4982,543,NA,NA,1
2022,2,8477353,"VAN,NYR",2022-03-30,2.0831,757,1.8579,645,NA,NA,0
2022,2,8477353,"VAN,NYR",2022-03-29,2.1907,781,1.9319,697,NA,NA,0
2022,2,8477353,"VAN,NYR",2022-03-27,2.5887,848,2.5887,848,NA,NA,1
2022,2,8477353,"VAN,NYR",2022-03-25,2.1111,705,1.8281,590,NA,NA,1
2022,2,8477353,"VAN,NYR",2022-03-22,2.2493,786,2.1731,754,NA,NA,0
2022,2,8477353,"VAN,NYR",2022-03-20,2.3112,852,2.1998,788,0.0082,4,0
2022,2,8477996,VAN,2022-04-29,2.0565,748,2.019,732,NA,NA,0
2022,2,8477996,VAN,2022-04-28,1.6458,548,1.502,496,NA,NA,1
2022,2,8477996,VAN,2022-04-26,1.7409,598,1.5067,520,NA,NA,1
2022,2,8477996,VAN,2022-04-23,2.3352,803,2.1841,754,0.0348,11,0
2022,2,8477996,VAN,2022-04-21,2.4799,827,2.3206,764,0.0118,5,0
2022,2,8477996,VAN,2022-04-19,2.4339,873,2.4339,873,NA,NA,1
2022,2,8477996,VAN,2022-04-18,2.3524,898,2.1999,845,0.1525,53,1
2022,2,8477996,VAN,2022-04-14,2.3953,849,2.0966,744,NA,NA,1
2022,2,8477996,VAN,2022-04-12,2.4467,929,2.1547,833,0.1318,13,1
2022,2,8477996,VAN,2022-04-09,2.2559,829,2.1162,768,NA,NA,1
2022,2,8478443,BOS,2022-04-29,2.8617,1260,2.8617,1260,NA,NA,0
2022,2,8478443,BOS,2022-04-28,2.6544,1195,2.3516,1034,0.0277,0,1
2022,2,8478443,BOS,2022-04-26,2.7153,1158,2.548,1083,0.0067,5,1
2022,2,8478443,BOS,2022-04-24,2.6521,1260,2.3916,1070,NA,NA,0
2022,2,8478443,BOS,2022-04-23,2.5963,1260,2.3689,1169,NA,NA,1
2022,2,8478443,BOS,2022-04-21,2.5784,1118,2.5784,1118,NA,NA,0
2022,2,8478443,BOS,2022-04-19,2.7597,1211,2.4683,1075,NA,NA,0
2022,2,8478443,BOS,2022-04-16,2.895,1273,2.5649,1107,NA,NA,1
2022,2,8478443,BOS,2022-04-12,0.6396,288,0.3164,124,NA,NA,1
2022,2,8478443,BOS,2022-04-10,2.6764,1187,2.3579,1063,0.0624,19,0
2022,2,8478452,CHI,2022-04-29,2.6391,1173,2.4887,1103,NA,NA,0
2022,2,8478452,CHI,2022-04-27,2.1122,894,1.8294,789,0.2828,105,1
2022,2,8478452,CHI,2022-04-23,2.7928,1115,2.5885,1033,0.0775,24,0
2022,2,8478452,CHI,2022-04-18,2.1132,841,1.9876,800,0.1256,41,1
2022,2,8478452,CHI,2022-04-12,2.1021,884,2.0144,821,NA,NA,1
2022,2,8478452,CHI,2022-04-07,3.096,1222,3.0148,1187,NA,NA,1
2022,2,8478452,CHI,2022-04-03,2.639,1146,2.639,1146,NA,NA,1
2022,2,8478452,CHI,2022-04-01,2.5605,1062,2.3978,987,0.1627,75,0
2022,2,8478452,CHI,2022-03-31,2.5067,1122,2.4685,1097,NA,NA,0
2022,2,8478452,CHI,2022-03-28,2.5539,1045,2.5539,1045,NA,NA,1
2022,2,8479293,SEA,2021-12-18,2.0538,737,1.7409,617,NA,NA,1
2022,2,8479293,SEA,2021-12-15,2.0513,756,1.7911,664,0.0198,8,0
2022,2,8479293,SEA,2021-12-14,2.2993,817,2.1677,770,NA,NA,0
2022,2,8479293,SEA,2021-12-11,2.4781,852,2.0158,702,NA,NA,1
2022,2,8479293,SEA,2021-12-09,2.3098,888,2.1296,792,0.0466,16,1
2022,2,8479293,SEA,2021-12-06,2.2296,864,2.2296,864,NA,NA,1
2022,2,8479293,SEA,2021-12-03,2.4859,916,2.0741,732,0.0692,24,1
2022,2,8479293,SEA,2021-12-01,3.0746000000000002,1141,2.767,1020,NA,NA,0
2022,2,8479293,SEA,2021-11-29,2.816,1073,2.2981,887,NA,NA,0
2022,2,8479293,SEA,2021-11-27,2.5375,954,2.2343,867,0.049,3,0
2022,2,8479324,NYR,2022-04-29,2.5123,1125,2.0372,915,NA,NA,1
2022,2,8479324,NYR,2022-04-26,2.4061,977,2.1259,857,NA,NA,1
2022,2,8479324,NYR,2022-04-23,2.7199,1145,2.2632,938,NA,NA,0
2022,2,8479324,NYR,2022-04-21,3.1932,1318,3.1839,1312,NA,NA,0
2022,2,8479324,NYR,2022-04-19,2.8725,1182,2.7117,1109,NA,NA,1
2022,2,8479324,NYR,2022-04-16,2.6142,1060,2.5223,1011,NA,NA,1
2022,2,8479324,NYR,2022-04-13,2.7459,1158,2.4839,1039,NA,NA,0
2022,2,8479324,NYR,2022-04-12,2.6384,1078,2.4132,977,NA,NA,1
2022,2,8479324,NYR,2022-04-09,2.9242,1229,2.7992,1180,NA,NA,1
2022,2,8479324,NYR,2022-04-07,2.9642,1329,2.4426,1061,0.0118,6,1
2022,2,8479336,LAK,2022-04-28,2.142,813,2.0085,762,0.0658,17,0
2022,2,8479336,LAK,2022-04-27,2.3769,846,2.0794,731,NA,NA,0
2022,2,8479336,LAK,2022-04-23,1.6057,599,1.5853,592,0.0205,7,1
2022,2,8479336,LAK,2022-04-21,1.838,676,1.8366,675,0.0014,1,1
2022,2,8479336,LAK,2022-04-10,2.105,734,2.105,734,NA,NA,0
2022,2,8479336,LAK,2022-04-07,1.8409,624,1.827,618,0.0139,6,1
2022,2,8479336,LAK,2022-04-04,1.3499,442,1.3499,442,NA,NA,1
2022,2,8479336,LAK,2022-04-02,1.176,430,1.176,430,NA,NA,0
2022,2,8479336,LAK,2022-03-31,1.9112,652,1.9079,649,NA,NA,0
2022,2,8479336,LAK,2022-03-30,1.3398,462,1.3398,462,NA,NA,0
2022,2,8479369,CBJ,2022-04-29,3.5331,1590,2.7345,1231,0.0464,22,0
2022,2,8479369,CBJ,2022-04-28,3.6891,1659,2.6633,1149,0.0026,3,1
2022,2,8479369,CBJ,2022-04-26,3.1353,1334,2.913,1212,NA,NA,0
2022,2,8479369,CBJ,2022-04-24,3.1647,1393,2.6046,1111,NA,NA,1
2022,2,8479369,CBJ,2022-04-22,3.2734,1397,2.8842,1178,0.0145,5,1
2022,2,8479369,CBJ,2022-04-19,2.6858,1144,2.4414,1014,NA,NA,0
2022,2,8479369,CBJ,2022-04-17,2.9976,1330,2.8136,1239,NA,NA,0
2022,2,8479369,CBJ,2022-04-16,3.132,1332,2.7027,1088,NA,NA,0
2022,2,8479369,CBJ,2022-04-13,2.9132,1241,2.5423,1049,NA,NA,1
2022,2,8479369,CBJ,2022-04-09,3.3188,1362,3.1257,1261,0.0195,9,0
2022,2,8479944,"PIT,ANA",2022-04-29,1.9376,693,1.7615,621,NA,NA,0
2022,2,8479944,"PIT,ANA",2022-04-26,2.7423,925,2.4587,816,NA,NA,0
2022,2,8479944,"PIT,ANA",2022-04-24,1.7444,645,1.6014,582,NA,NA,1
2022,2,8479944,"PIT,ANA",2022-04-23,2.1154,797,1.7643,642,NA,NA,0
2022,2,8479944,"PIT,ANA",2022-04-19,1.9122,729,1.688,609,NA,NA,1
2022,2,8479944,"PIT,ANA",2022-04-17,2.2872,808,2.0188,704,NA,NA,1
2022,2,8479944,"PIT,ANA",2022-04-14,2.2012,827,1.8358,649,NA,NA,0
2022,2,8479944,"PIT,ANA",2022-04-12,2.3278,904,2.0179,755,NA,NA,0
2022,2,8479944,"PIT,ANA",2022-04-10,1.5677,551,1.3374,464,NA,NA,0
2022,2,8479944,"PIT,ANA",2022-04-09,2.1331,779,1.8551,675,NA,NA,0
2022,2,8480813,DET,2022-04-29,2.948,1094,2.6226,985,0.3254,109,0
2022,2,8480813,DET,2022-04-26,2.7683,1037,2.5386,926,0.156,71,0
2022,2,8480813,DET,2022-04-24,2.8599,1048,2.6339,939,0.2149,104,0
2022,2,8480813,DET,2022-04-23,2.9184,1090,2.7867,1034,0.1317,56,1
2022,2,8480813,DET,2022-04-21,3.1092,1176,2.8061,1050,0.3031,126,0
2022,2,8480813,DET,2022-04-19,2.6388,1024,2.3938,938,0.245,86,0
2022,2,8480813,DET,2022-04-17,2.1802,768,2.1607,764,0.0195,4,1
2022,2,8480813,DET,2022-04-16,2.2794,840,2.0929,768,0.1553,58,0
2022,2,8480813,DET,2022-04-14,1.9543,774,1.9543,774,NA,NA,0
2022,2,8480813,DET,2022-04-12,2.394,810,2.394,810,NA,NA,1
2022,2,8480950,"ARI,TOR",2022-04-29,2.4925,994,2.4925,994,NA,NA,1
2022,2,8480950,"ARI,TOR",2022-04-26,2.5628,1025,2.5628,1025,NA,NA,1
2022,2,8480950,"ARI,TOR",2022-04-24,2.2749,995,2.1566,926,NA,NA,0
2022,2,8480950,"ARI,TOR",2022-04-23,2.834,1108,2.834,1108,NA,NA,0
2022,2,8480950,"ARI,TOR",2022-04-21,2.6822,1110,2.3668,964,NA,NA,0
2022,2,8480950,"ARI,TOR",2022-04-19,2.3165,911,2.3165,911,NA,NA,1
2022,2,8480950,"ARI,TOR",2022-04-17,2.1922,961,2.1577,943,NA,NA,1
2022,2,8480950,"ARI,TOR",2022-04-16,2.8373,1087,2.8373,1087,NA,NA,0
2022,2,8480950,"ARI,TOR",2022-04-14,2.2489,916,1.9406,784,0.0173,7,1
2022,2,8480950,"ARI,TOR",2022-04-12,1.8725,747,1.7165,681,NA,NA,1
2022,2,8482655,ARI,2022-04-29,2.8223,1274,2.2094,925,0.3119,154,1
2022,2,8482655,ARI,2022-04-27,3.2024,1416,2.5478,1012,0.1706,92,0
2022,2,8482655,ARI,2022-04-26,2.8642,1294,1.8241,771,0.3814,149,0
2022,2,8482655,ARI,2022-04-23,2.8127,1235,2.4016,1041,0.0307,16,1
2022,2,8482655,ARI,2022-04-22,3.1439,1342,2.5381,1081,NA,NA,1
2022,2,8482655,ARI,2022-04-20,2.9758,1339,2.1321,917,0.1713,57,1
2022,2,8482655,ARI,2022-04-18,3.081,1285,2.5048,1046,0.533,217,1
2022,2,8482655,ARI,2022-04-16,1.5635,616,1.4276,533,NA,NA,0
2022,2,8482655,ARI,2022-04-14,2.6451,1125,2.3111,997,0.2718,98,0
2022,2,8482655,ARI,2022-04-12,2.5716,1110,1.8271,759,0.4139,156,1
2022,2,8465009,NYI,2022-04-29,2.338,1164,2.2688,1120,NA,NA,1
2022,2,8465009,NYI,2022-04-28,2.4358,1258,1.896,930,0.0157,8,1
2022,2,8465009,NYI,2022-04-24,2.2701,1085,2.2701,1085,NA,NA,1
2022,2,8465009,NYI,2022-04-23,2.4932,1227,1.8496,904,NA,NA,0
2022,2,8465009,NYI,2022-04-21,2.8027,1247,2.8027,1247,NA,NA,1
2022,2,8465009,NYI,2022-04-19,2.4427,1151,2.0758,938,NA,NA,1
2022,2,8465009,NYI,2022-04-17,2.1685,1051,2.1048,1012,NA,NA,0
2022,2,8465009,NYI,2022-04-15,2.1831,1102,2.0833,1020,NA,NA,0
2022,2,8465009,NYI,2022-04-14,2.5452,1069,2.2438,916,NA,NA,0
2022,2,8465009,NYI,2022-04-12,2.8277,1363,2.6557,1275,0.0097,5,1
2022,2,8471709,SJS,2022-04-29,2.0427,901,2.0427,899,NA,NA,0
2022,2,8471709,SJS,2022-04-28,2.0655,978,1.9441,892,NA,NA,0
2022,2,8471709,SJS,2022-04-26,2.415,943,2.3354,913,NA,NA,1
2022,2,8471709,SJS,2022-04-24,2.1544,920,2.0475,870,NA,NA,0
2022,2,8471709,SJS,2022-04-23,2.1574,968,2.131,959,NA,NA,1
2022,2,8471709,SJS,2022-04-21,2.0189,890,1.8974,838,NA,NA,1
2022,2,8471709,SJS,2022-04-19,1.7158,761,1.6789,738,NA,NA,1
2022,2,8471709,SJS,2022-04-17,2.3231,1032,1.9779,894,0.017,5,0
2022,2,8471709,SJS,2022-04-16,1.909,806,1.909,806,NA,NA,0
2022,2,8471709,SJS,2022-04-14,2.0546,900,1.8969,813,NA,NA,0
2022,2,8474162,TOR,2022-04-29,2.6307,1051,2.6155,1031,NA,NA,1
2022,2,8474162,TOR,2022-04-26,3.0897,1238,2.6273,1024,NA,NA,1
2022,2,8474162,TOR,2022-04-14,2.3672,952,1.9944,783,0.0238,8,1
2022,2,8474162,TOR,2022-04-09,3.1081,1280,2.8771,1156,NA,NA,1
2022,2,8474162,TOR,2022-04-07,2.8328,1195,2.7212,1136,NA,NA,0
2022,2,8474162,TOR,2022-04-05,2.5809,1061,2.283,914,NA,NA,0
2022,2,8474162,TOR,2022-02-21,2.2567,930,1.7604,723,0.3185,130,0
2022,2,8474162,TOR,2022-02-19,3.1769,1235,2.9919,1145,NA,NA,1
2022,2,8474162,TOR,2022-02-17,3.0041,1241,2.2188,868,NA,NA,1
2022,2,8474162,TOR,2022-02-14,2.8103,1120,2.5906,1005,NA,NA,0
2022,2,8474176,WSH,2022-02-28,2.6636,984,1.9871,733,NA,NA,1
2022,2,8474176,WSH,2022-02-26,1.8982,737,1.6798,656,NA,NA,0
2022,2,8474176,WSH,2022-02-24,2.0854,771,1.8173,662,NA,NA,0
2022,2,8474176,WSH,2022-02-17,2.0606,748,1.8634,686,NA,NA,0
2022,2,8474176,WSH,2022-02-15,2.6814,1012,2.4341,905,0.0288,9,0
2022,2,8474176,WSH,2022-02-13,2.1375,811,1.5636,592,NA,NA,1
2022,2,8474176,WSH,2022-02-10,2.8176,1016,2.2621000000000002,802,5e-4,0,0
2022,2,8474176,WSH,2022-02-08,2.4683,909,2.1894,794,NA,NA,1
2022,2,8474176,WSH,2022-02-02,2.4482,890,2.4482,890,NA,NA,1
2022,2,8474176,WSH,2022-02-01,2.4784,871,2.0593,711,NA,NA,0
2022,2,8474618,STL,2022-04-26,1.7222,710,1.6322,658,0.0047,3,0
2022,2,8474618,STL,2022-04-24,3.4499,1334,3.4499,1334,NA,NA,0
2022,2,8474618,STL,2022-04-23,3.0491,1206,2.8835,1133,NA,NA,0
2022,2,8474618,STL,2022-04-21,2.9024,1168,2.6875,1070,0.0467,17,0
2022,2,8474618,STL,2022-04-19,2.9916,1186,2.7914,1087,NA,NA,1
2022,2,8474618,STL,2022-04-17,3.2776,1339,2.9701,1202,NA,NA,0
2022,2,8474618,STL,2022-04-16,2.6859,1127,2.4212,1005,NA,NA,1
2022,2,8474618,STL,2022-04-14,2.9973,1274,2.7217,1137,NA,NA,0
2022,2,8474618,STL,2022-04-12,3.1149,1251,2.8507,1120,0.0122,7,0
2022,2,8474618,STL,2022-04-09,2.6082,1082,2.364,939,0.0031,3,1
2022,2,8475762,BOS,2022-04-29,2.3532,1000,2.0661,851,NA,NA,0
2022,2,8475762,BOS,2022-04-28,2.1955,1034,1.8561,818,NA,NA,1
2022,2,8475762,BOS,2022-04-26,2.0148,915,1.8833,847,NA,NA,1
2022,2,8475762,BOS,2022-04-24,2.4165,1210,2.1558,1014,0.014,7,0
2022,2,8475762,BOS,2022-04-23,2.1945,1011,1.7492,805,NA,NA,1
2022,2,8475762,BOS,2022-04-21,2.1469,1043,2.0134,923,NA,NA,0
2022,2,8475762,BOS,2022-04-19,2.1984,1003,2.0556,930,NA,NA,0
2022,2,8475762,BOS,2022-04-16,1.8144,902,1.5387,753,NA,NA,1
2022,2,8475762,BOS,2022-04-14,1.622,792,0.9434,425,0.0186,7,1
2022,2,8475762,BOS,2022-04-12,2.8923,1320,2.4304,1049,NA,NA,1
2022,2,8476469,MTL,2022-04-16,1.9461,703,1.5863,556,0.1266,49,1
2022,2,8476469,MTL,2022-04-15,2.2936,908,2.1137,811,0.0924,52,1
2022,2,8476469,MTL,2022-04-13,2.592,911,1.7902,601,0.4222,129,0
2022,2,8476469,MTL,2022-04-11,2.333,883,2.1859,826,NA,NA,1
2022,2,8476469,MTL,2022-04-09,2.2754,844,2.1902,799,NA,NA,0
2022,2,8476469,MTL,2022-04-07,2.2143,852,1.9988,765,NA,NA,0
2022,2,8476469,MTL,2022-04-05,2.2243,893,1.8172,690,0.1877,99,1
2022,2,8476469,MTL,2022-04-02,2.5871,1016,2.2705,857,0.1337,59,0
2022,2,8476469,MTL,2022-03-31,2.563,979,2.2327,823,0.1861,86,0
2022,2,8476469,MTL,2022-03-29,1.7279,706,1.4765,590,0.1027,42,0
2022,2,8476525,BUF,2022-04-10,2.5361,1050,2.5361,1050,NA,NA,0
2022,2,8476525,BUF,2022-04-08,2.1304,917,2.1304,917,NA,NA,0
2022,2,8476525,BUF,2022-03-25,2.0603,846,2.0603,846,NA,NA,1
2022,2,8476525,BUF,2022-03-23,2.0087,819,2.0087,819,NA,NA,1
2022,2,8476525,BUF,2022-03-20,2.2298,899,2.2298,899,NA,NA,0
2022,2,8476525,BUF,2022-03-17,2.4177,1047,2.3605,1026,0.0572,21,0
2022,2,8476525,BUF,2022-01-15,2.6831,1173,1.9923,870,0.6908,303,0
2022,2,8476525,BUF,2022-01-13,2.5606,1140,2.0956,933,0.465,207,0
2022,2,8476525,BUF,2022-01-11,2.53,1114,2.112,951,0.418,163,1
2022,2,8476525,BUF,2022-01-06,2.2244,863,1.9623,795,0.2621,68,1
2022,2,8476952,WPG,2022-05-01,1.984,719,1.8045,719,NA,NA,1
2022,2,8476952,WPG,2022-04-29,1.4639,524,1.198,396,0.0275,14,1
2022,2,8476952,WPG,2022-04-27,2.0873,736,1.6488,568,NA,NA,1
2022,2,8476952,WPG,2022-04-24,1.4809,511,1.2829,439,NA,NA,1
2022,2,8476952,WPG,2022-04-21,1.0401,387,0.7423,260,NA,NA,0
2022,2,8476952,WPG,2022-04-19,1.2825,449,1.1615,407,NA,NA,0
2022,2,8476952,WPG,2022-04-16,1.891,665,1.6452,565,0.0482,17,0
2022,2,8476952,WPG,2022-04-15,2.2251,799,2.0452,740,NA,NA,0
2022,2,8476952,WPG,2022-04-11,1.0979,406,1.05,385,NA,NA,0
2022,2,8476952,WPG,2022-04-10,1.4668,574,1.3443,518,NA,NA,0
2022,2,8477446,NSH,2022-04-29,2.0129,751,1.7473,628,0.0199,10,0
2022,2,8477446,NSH,2022-04-28,1.8028,672,1.3408,452,NA,NA,0
2022,2,8477446,NSH,2022-04-26,1.2597,470,1.1229,405,NA,NA,1
2022,2,8477446,NSH,2022-04-24,1.697,641,1.5229,561,0.0035,5,1
2022,2,8477446,NSH,2022-04-23,2.0107,703,1.9173,657,NA,NA,0
2022,2,8477446,NSH,2022-04-05,0.7228,297,0.4371,159,NA,NA,1
2022,2,8477446,NSH,2022-04-01,2.511,952,2.2902,847,NA,NA,0
2022,2,8477446,NSH,2022-03-29,2.0687,783,1.6299,610,NA,NA,1
2022,2,8477446,NSH,2022-03-27,1.6462,576,1.6405,573,0.0058,3,1
2022,2,8477446,NSH,2022-03-24,2.1696,842,1.8007,653,NA,NA,0
2022,2,8478136,"SJS,MIN",2022-04-29,2.5641,1154,2.1335,928,NA,NA,1
2022,2,8478136,"SJS,MIN",2022-04-28,3.0141,1305,2.7168,1160,NA,NA,1
2022,2,8478136,"SJS,MIN",2022-04-26,1.9183,750,1.7344,672,0.0262,9,1
2022,2,8478136,"SJS,MIN",2022-04-24,3.0861,1266,2.8329,1136,NA,NA,0
2022,2,8478136,"SJS,MIN",2022-04-22,2.8317,1106,2.7612,1075,NA,NA,1
2022,2,8478136,"SJS,MIN",2022-04-21,2.5335,1079,2.394,988,0.0208,6,1
2022,2,8478136,"SJS,MIN",2022-04-19,2.4452,1011,2.2452,907,2e-4,0,0
2022,2,8478136,"SJS,MIN",2022-04-17,2.8682,1119,2.5833,991,NA,NA,1
2022,2,8478136,"SJS,MIN",2022-04-16,2.823,1170,2.5759,1043,NA,NA,0
2022,2,8478136,"SJS,MIN",2022-04-14,2.9038,1235,2.6152,1090,NA,NA,0
2022,2,8478399,NJD,2022-04-07,1.9136,765,1.9136,765,NA,NA,1
2022,2,8478399,NJD,2022-04-05,2.6981,1125,2.4227,988,NA,NA,1
2022,2,8478399,NJD,2022-04-03,2.5998,1126,2.4208,1027,NA,NA,1
2022,2,8478399,NJD,2022-04-02,2.7713,1326,2.2863,1084,NA,NA,1
2022,2,8478399,NJD,2022-03-31,2.7451,1114,2.4915,988,NA,NA,0
2022,2,8478399,NJD,2022-03-27,2.1062,1359,1.4968,1050,NA,NA,1
2022,2,8478399,NJD,2022-03-26,2.793,1176,2.544,1040,0.0063,3,0
2022,2,8478399,NJD,2022-03-23,2.5872,1169,2.1777,951,NA,NA,0
2022,2,8478399,NJD,2022-03-22,2.7207,1145,2.6817,1121,NA,NA,1
2022,2,8478399,NJD,2022-03-19,2.8179,1227,2.6445,1115,0.0579,21,0
2022,2,8478451,CAR,2022-04-28,3.2306,1377,2.7112,1147,0.3598,165,1
2022,2,8478451,CAR,2022-04-24,2.3422,926,2.2601,888,NA,NA,0
2022,2,8478451,CAR,2022-04-18,2.0682,821,2.0178,803,0.0504,18,0
2022,2,8478451,CAR,2022-04-16,2.4992,975,2.3713,921,0.1279,54,0
2022,2,8478451,CAR,2022-04-14,2.5732,1033,2.1043,837,0.4214,172,1
2022,2,8478451,CAR,2022-04-10,1.9863,851,1.8476,796,0.1387,55,1
2022,2,8478451,CAR,2022-04-08,1.5921,658,1.5921,658,NA,NA,1
2022,2,8478451,CAR,2022-03-26,2.3016,1007,2.3,1005,NA,NA,0
2022,2,8478451,CAR,2022-03-24,2.6668,1083,2.5534,1045,0.0976,29,1
2022,2,8478451,CAR,2022-03-22,2.0957,872,1.9908,832,0.0934,33,1
2022,2,8478874,"CHI,OTT",2022-04-29,1.6772,611,1.4427,519,0.2345,92,0
2022,2,8478874,"CHI,OTT",2022-04-28,2.0831,731,1.7734,601,0.3097,130,1
2022,2,8478874,"CHI,OTT",2022-04-26,2.4073,878,2.4073,878,NA,NA,1
2022,2,8478874,"CHI,OTT",2022-04-23,1.8704,645,1.4662,514,0.4042,131,1
2022,2,8478874,"CHI,OTT",2022-04-22,2.0501,689,1.86,605,0.1901,84,0
2022,2,8478874,"CHI,OTT",2022-04-19,0.783,269,0.783,269,NA,NA,0
2022,2,8478874,"CHI,OTT",2022-04-18,1.8406,686,1.6234,594,0.2171,92,0
2022,2,8478874,"CHI,OTT",2022-04-16,0.9025,346,0.8488,316,0.0536,30,1
2022,2,8478874,"CHI,OTT",2022-04-14,1.6442,590,1.285,449,0.3593,141,0
2022,2,8478874,"CHI,OTT",2022-04-12,1.5282,585,1.4554,551,0.0728,34,0
2022,2,8479553,FLA,2022-04-29,3.4717,1193,3.4403,1181,0.0314,12,0
2022,2,8479553,FLA,2022-04-28,2.8531,944,2.8531,942,NA,NA,0
2022,2,8479553,FLA,2022-04-23,1.712,558,1.712,558,NA,NA,1
2022,2,8479553,FLA,2022-04-19,1.7693,592,1.7693,592,NA,NA,0
2022,2,8479553,FLA,2022-04-17,2.0459,673,2.0294,667,NA,NA,0
2022,2,8479553,FLA,2022-04-15,2.2035,720,2.2035,720,NA,NA,1
2022,2,8479553,FLA,2022-04-12,1.4913,533,1.4913,533,NA,NA,1
2022,2,8479553,FLA,2022-04-02,1.3443,479,1.3443,479,NA,NA,0
2022,2,8479553,FLA,2022-03-31,1.6937,559,1.6937,559,NA,NA,1
2022,2,8479553,FLA,2022-03-27,1.451,485,1.451,485,NA,NA,0
2022,2,8479941,CBJ,2022-04-29,2.4734,903,2.0336,758,0.0013,2,0
2022,2,8479941,CBJ,2022-04-28,2.5434,888,1.9789,673,0.0326,14,1
2022,2,8479941,CBJ,2022-04-26,2.1444,814,1.9261,717,0.0037,2,0
2022,2,8479941,CBJ,2022-04-24,2.1446,791,1.8071,673,0.1231,41,1
2022,2,8479941,CBJ,2022-04-22,2.9479,1085,2.515,919,0.2246,78,1
2022,2,8479941,CBJ,2022-04-19,2.35,951,2.0949,850,0.1705,62,0
2022,2,8479941,CBJ,2022-04-17,2.2922,909,2.1272,835,0.1294,63,0
2022,2,8479941,CBJ,2022-04-16,2.0837,792,1.8972,717,NA,NA,0
2022,2,8479941,CBJ,2022-04-13,1.9468,715,1.6706,597,NA,NA,1
2022,2,8479941,CBJ,2022-04-09,2.9083,1010,2.5864,887,0.2256,95,0
2022,2,8479980,VGK,2022-03-15,3.4072,1389,3.1108,1236,NA,NA,0
2022,2,8479980,VGK,2022-03-13,3.2356,1267,3.0461,1176,NA,NA,0
2022,2,8479980,VGK,2022-03-11,3.5021,1471,2.8128,1120,0.3328,154,0
2022,2,8479980,VGK,2022-03-10,2.9923,1214,2.2783,890,NA,NA,0
2022,2,8479980,VGK,2022-03-08,2.2727,946,1.8104,711,0.0394,26,0
2022,2,8479980,VGK,2022-03-06,3.0682,1260,2.8099,1107,NA,NA,1
2022,2,8479980,VGK,2022-03-04,2.58,1123,2.3922,1028,NA,NA,0
2022,2,8479980,VGK,2022-03-03,2.6863,1087,2.5645,1017,NA,NA,1
2022,2,8479980,VGK,2022-03-01,2.8583,1111,2.858,1111,3e-4,0,1
2022,2,8479980,VGK,2022-02-26,2.8849,1217,2.6667,1095,NA,NA,1
2022,2,8479983,SJS,2022-04-29,3.0571,1309,2.9422,1243,NA,NA,0
2022,2,8479983,SJS,2022-04-28,3.5176,1530,3.0903,1293,NA,NA,0
2022,2,8479983,SJS,2022-04-26,2.6183,1051,2.3898,948,NA,NA,1
2022,2,8479983,SJS,2022-04-24,3.4242,1491,2.9583,1234,NA,NA,0
2022,2,8479983,SJS,2022-04-23,2.8945,1277,2.761,1232,0.054,17,1
2022,2,8479983,SJS,2022-04-21,3.0279,1326,2.2968,1004,1e-4,0,1
2022,2,8479983,SJS,2022-04-19,3.0421,1411,2.6345,1199,NA,NA,1
2022,2,8479983,SJS,2022-04-17,3.4798,1528,2.7584,1191,0.0781,35,0
2022,2,8479983,SJS,2022-04-16,2.758,1179,2.6419,1114,0.0066,4,0
2022,2,8479983,SJS,2022-04-14,3.2916,1426,2.8985,1215,0.1332,54,0
2022,2,8480073,OTT,2022-04-29,3.0376,1235,2.7005,1113,0.2776,88,0
2022,2,8480073,OTT,2022-04-28,2.8455,1133,2.2505,871,0.3262,132,1
2022,2,8480073,OTT,2022-04-26,2.806,1155,2.6024,1063,NA,NA,1
2022,2,8480073,OTT,2022-04-23,2.761,1185,1.9753,847,0.453,159,1
2022,2,8480073,OTT,2022-04-22,3.3144,1337,2.8567,1139,0.3652,156,0
2022,2,8480073,OTT,2022-04-19,3.1082,1322,2.6745,1147,0.3014,116,0
2022,2,8480073,OTT,2022-04-18,3.374,1397,2.8163,1189,0.4051,140,0
2022,2,8480073,OTT,2022-04-16,2.4589,1039,2.2323,934,0.1981,90,1
2022,2,8480073,OTT,2022-04-14,2.9357,1235,1.8718,800,0.9043,360,0
2022,2,8480073,OTT,2022-04-12,3.0052,1267,2.4847,1034,0.2436,89,0
2022,2,8482475,CBJ,2022-04-29,2.0389,688,1.6664,562,0.3725,126,0
2022,2,8482475,CBJ,2022-04-28,2.2701,826,1.9398,706,0.3283,119,1
2022,2,8482475,CBJ,2022-04-26,2.9665,1080,2.7176,986,0.2441,92,0
2022,2,8482475,CBJ,2022-04-24,1.6126,588,1.6126,588,NA,NA,1
2022,2,8482475,CBJ,2022-04-02,2.3732,898,2.2555,835,0.1176,55,0
2022,2,8482475,CBJ,2022-03-31,2.4876,905,2.2052,785,0.2824,120,0
2022,2,8482475,CBJ,2022-03-29,1.742,621,1.5299,540,0.212,81,1
2022,2,8482475,CBJ,2022-03-26,2.3859,825,2.1951,754,0.1908,71,0
2022,2,8482475,CBJ,2022-03-25,1.3675,470,1.2939,439,0.0736,31,0
2022,2,8482475,CBJ,2022-03-22,2.2217,820,1.8122,648,0.4096,172,0
2022,2,8471817,NYR,2022-04-29,1.5845,640,1.5845,640,NA,NA,1
2022,2,8471817,NYR,2022-04-27,2.2055,840,2.1261,816,0.0794,24,1
2022,2,8471817,NYR,2022-04-26,2.2475,839,2.2475,839,NA,NA,1
2022,2,8471817,NYR,2022-04-23,1.4377,527,1.4377,527,NA,NA,0
2022,2,8471817,NYR,2022-04-21,2.4218,935,2.4218,935,NA,NA,0
2022,2,8471817,NYR,2022-04-19,1.4165,523,1.4165,523,NA,NA,1
2022,2,8471817,NYR,2022-04-13,1.551,587,1.551,587,NA,NA,0
2022,2,8471817,NYR,2022-04-12,1.2441,494,1.2331,487,0.0109,7,1
2022,2,8471817,NYR,2022-04-09,2.2348,837,2.2348,837,NA,NA,1
2022,2,8471817,NYR,2022-04-03,1.3596,491,1.3596,491,NA,NA,1
2022,2,8473422,BOS,2022-04-29,2.4305,911,2.3554,882,NA,NA,0
2022,2,8473422,BOS,2022-04-28,1.8304,725,1.6274,646,0.0145,4,1
2022,2,8473422,BOS,2022-04-26,1.5432,577,1.5432,577,NA,NA,1
2022,2,8473422,BOS,2022-04-24,1.6944,661,1.6944,661,NA,NA,0
2022,2,8473422,BOS,2022-04-23,1.5862,592,1.5862,592,NA,NA,1
2022,2,8473422,BOS,2022-04-21,1.6567,708,1.6567,708,NA,NA,0
2022,2,8473422,BOS,2022-04-19,1.7928,644,1.7928,644,NA,NA,0
2022,2,8473422,BOS,2022-04-16,1.3206,490,1.3206,490,NA,NA,1
2022,2,8473422,BOS,2022-04-14,1.8422,690,1.4604,556,NA,NA,1
2022,2,8473422,BOS,2022-04-12,2.0422,810,1.8467,724,0.1955,86,1
2022,2,8474584,OTT,2022-04-23,2.2663,992,1.8525,825,0.4138,167,1
2022,2,8474584,OTT,2022-04-22,2.9291,1268,2.675,1170,0.2277,84,0
2022,2,8474584,OTT,2022-04-19,2.56,1112,2.56,1112,NA,NA,0
2022,2,8474584,OTT,2022-04-18,2.4208,1120,2.2361,1028,0.1847,92,0
2022,2,8474584,OTT,2022-04-16,2.5412,1165,2.4804,1129,0.0532,30,1
2022,2,8474584,OTT,2022-04-14,2.3075,932,1.8735,773,0.434,159,0
2022,2,8474584,OTT,2022-04-12,2.6369,1193,2.5588,1159,0.0781,34,0
2022,2,8474584,OTT,2022-04-09,2.4295,1121,2.2521,1053,0.1774,68,0
2022,2,8474584,OTT,2022-04-07,2.4609,1083,2.0864,945,0.358,129,1
2022,2,8474584,OTT,2022-04-05,2.624,1139,2.5478,1088,0.0762,51,0
2022,2,8475235,"ANA,MIN",2022-04-29,1.69,736,1.171,487,NA,NA,1
2022,2,8475235,"ANA,MIN",2022-04-28,1.6889,593,1.4848,530,NA,NA,1
2022,2,8475235,"ANA,MIN",2022-04-26,1.6493,600,1.6493,600,NA,NA,1
2022,2,8475235,"ANA,MIN",2022-04-24,1.7068,650,1.5659,575,NA,NA,0
2022,2,8475235,"ANA,MIN",2022-04-22,2.3164,893,2.1615,821,NA,NA,1
2022,2,8475235,"ANA,MIN",2022-04-21,1.9474,695,1.8297,644,NA,NA,1
2022,2,8475235,"ANA,MIN",2022-04-19,2.3368,877,2.1358,783,NA,NA,0
2022,2,8475235,"ANA,MIN",2022-04-17,1.5516,527,1.4814,499,NA,NA,1
2022,2,8475235,"ANA,MIN",2022-04-16,1.6637,599,1.5024,535,NA,NA,0
2022,2,8475235,"ANA,MIN",2022-04-14,1.8939,668,1.8117,635,NA,NA,0
2022,2,8475760,MIN,2022-04-29,1.7004,663,1.6551,644,0.0453,19,1
2022,2,8475760,MIN,2022-04-28,1.9955,719,1.9955,719,NA,NA,1
2022,2,8475760,MIN,2022-04-26,1.9481,717,1.8592,674,NA,NA,1
2022,2,8475760,MIN,2022-04-24,2.2955,883,2.1052,775,0.1903,108,0
2022,2,8475760,MIN,2022-04-22,2.0902,767,1.9626,699,0.0754,47,1
2022,2,8475760,MIN,2022-04-21,2.0646,776,2.0646,776,NA,NA,1
2022,2,8475760,MIN,2022-04-19,2.165,777,2.165,777,NA,NA,0
2022,2,8475760,MIN,2022-04-17,1.8176,678,1.6805,631,0.137,47,1
2022,2,8475760,MIN,2022-04-16,1.8491,620,1.8491,620,NA,NA,0
2022,2,8475760,MIN,2022-04-14,2.145,789,2.145,789,NA,NA,0
2022,2,8476331,WPG,2022-05-01,2.9643,1289,2.8534,1289,NA,NA,1
2022,2,8476331,WPG,2022-04-29,2.4897,1194,2.2451,1052,0.0025,7,1
2022,2,8476331,WPG,2022-04-27,2.6441,1232,2.1599,958,NA,NA,1
2022,2,8476331,WPG,2022-04-24,2.675,1259,2.4634,1154,0.0225,14,1
2022,2,8476331,WPG,2022-04-21,3.028,1350,2.4696,1073,NA,NA,0
2022,2,8476331,WPG,2022-04-19,3.0304,1378,2.8053,1249,0.0074,4,0
2022,2,8476331,WPG,2022-04-16,2.6127,1218,2.41,1104,NA,NA,0
2022,2,8476331,WPG,2022-04-15,2.8674,1270,2.7108,1197,NA,NA,0
2022,2,8476331,WPG,2022-04-11,3.0762,1373,2.9175,1277,0.005,2,0
2022,2,8476331,WPG,2022-04-10,2.9083,1375,2.5071,1145,NA,NA,0
2022,2,8477018,VGK,2022-04-29,2.1596,968,2.1596,968,NA,NA,0
2022,2,8477018,VGK,2022-04-27,1.5184,679,1.3784,607,NA,NA,0
2022,2,8477018,VGK,2022-04-26,1.9041,789,1.9041,789,NA,NA,0
2022,2,8477018,VGK,2022-04-24,1.8353,749,1.8353,749,NA,NA,1
2022,2,8477018,VGK,2022-04-20,2.7989,1147,2.7989,1147,NA,NA,1
2022,2,8477018,VGK,2022-04-18,2.2556,934,2.2556,934,NA,NA,1
2022,2,8477018,VGK,2022-04-16,2.6297,1053,2.5697,1024,0.0257,11,0
2022,2,8477018,VGK,2022-04-14,2.0536,854,1.968,815,NA,NA,0
2022,2,8477018,VGK,2022-04-12,1.6191,657,1.6191,657,NA,NA,0
2022,2,8477018,VGK,2022-04-09,2.3696,1018,2.3696,1018,NA,NA,1
2022,2,8477244,PIT,2022-04-29,1.8965,848,1.5888,676,NA,NA,1
2022,2,8477244,PIT,2022-04-26,2.2784,945,2.093,836,NA,NA,1
2022,2,8477244,PIT,2022-04-24,2.2866,961,1.9916,782,NA,NA,0
2022,2,8477244,PIT,2022-04-23,2.6579,1083,2.4756,1001,NA,NA,0
2022,2,8477244,PIT,2022-04-21,2.1724,900,2.1055,869,NA,NA,1
2022,2,8477244,PIT,2022-04-16,1.6941,705,1.5115,623,NA,NA,0
2022,2,8477244,PIT,2022-04-14,2.1336,939,1.7069,709,NA,NA,1
2022,2,8477244,PIT,2022-04-12,2.1191,887,1.9545,811,NA,NA,0
2022,2,8477244,PIT,2022-04-10,2.2479,968,1.8274,736,NA,NA,1
2022,2,8477244,PIT,2022-04-09,2.4782,1047,2.1609,880,NA,NA,1
2022,2,8477962,LAK,2022-04-28,1.9155,696,1.8215,656,0.0558,17,0
2022,2,8477962,LAK,2022-04-27,1.6137,561,1.5133,524,0.0367,10,0
2022,2,8477962,LAK,2022-04-19,1.2567,452,1.2567,452,NA,NA,0
2022,2,8477962,LAK,2022-04-16,1.2815,481,1.2556,469,0.0258,12,1
2022,2,8477962,LAK,2022-04-10,1.6938,628,1.6938,628,NA,NA,0
2022,2,8477962,LAK,2022-04-07,1.0727,354,1.0727,354,NA,NA,1
2022,2,8477962,LAK,2022-03-04,0.2613,95,0.2613,95,NA,NA,0
2022,2,8477962,LAK,2022-03-02,1.885,659,1.8763,653,NA,NA,0
2022,2,8477962,LAK,2022-02-28,2.0675,729,2.0675,729,NA,NA,1
2022,2,8477962,LAK,2022-02-26,1.608,576,1.58,551,0.028,25,1
2022,2,8478043,"PIT,CHI",2022-04-29,2.7777,974,2.431,843,NA,NA,0
2022,2,8478043,"PIT,CHI",2022-04-27,2.7783,982,2.6204,921,NA,NA,1
2022,2,8478043,"PIT,CHI",2022-04-25,2.503,887,2.0271,696,NA,NA,1
2022,2,8478043,"PIT,CHI",2022-04-23,2.6533,902,2.2097,773,NA,NA,0
2022,2,8478043,"PIT,CHI",2022-04-21,2.7956,936,2.3041,778,NA,NA,0
2022,2,8478043,"PIT,CHI",2022-04-20,2.4093,828,2.1806,757,0.0172,5,0
2022,2,8478043,"PIT,CHI",2022-04-18,2.7654,974,2.1696,744,NA,NA,1
2022,2,8478043,"PIT,CHI",2022-04-16,2.212,743,1.9406,643,NA,NA,0
2022,2,8478043,"PIT,CHI",2022-04-14,2.8464,986,2.5464,861,0.0634,29,1
2022,2,8478043,"PIT,CHI",2022-04-12,2.7107,994,2.3314,852,0.1343,57,1
2022,2,8478416,TBL,2022-04-29,2.6424,1173,2.5805,1148,NA,NA,0
2022,2,8478416,TBL,2022-04-28,2.4781,1052,2.1126,859,0.0036,2,0
2022,2,8478416,TBL,2022-04-26,0.569,239,0.4185,158,NA,NA,1
2022,2,8478416,TBL,2022-04-24,2.599,1206,2.1786,948,0.0307,13,0
2022,2,8478416,TBL,2022-04-23,2.3886,1047,1.9516,809,NA,NA,1
2022,2,8478416,TBL,2022-04-21,2.5276,1122,2.1197,876,1e-4,0,1
2022,2,8478416,TBL,2022-04-19,2.8289,1205,2.6941,1140,NA,NA,1
2022,2,8478416,TBL,2022-04-16,2.8656,1236,2.7415,1182,0.0082,3,1
2022,2,8478416,TBL,2022-04-14,2.6765,1190,2.5195,1088,0.0171,7,1
2022,2,8478416,TBL,2022-04-12,2.7521,1159,2.2844,941,NA,NA,0
2022,2,8478424,WPG,2022-05-01,2.2688,765,2.1401,765,NA,NA,1
2022,2,8478424,WPG,2022-04-29,1.6722,578,1.6722,578,NA,NA,1
2022,2,8478424,WPG,2022-04-27,2.0594,711,2.0594,711,NA,NA,1
2022,2,8478424,WPG,2022-04-24,2.6122,909,2.6122,909,NA,NA,1
2022,2,8478424,WPG,2022-04-21,0.7956,271,0.7956,271,NA,NA,0
2022,2,8478424,WPG,2022-04-19,1.0698,373,1.0698,373,NA,NA,0
2022,2,8478424,WPG,2022-04-16,1.5943,557,1.5943,557,NA,NA,0
2022,2,8478424,WPG,2022-04-15,1.6945,604,1.6945,604,NA,NA,0
2022,2,8478424,WPG,2022-04-02,0.1748,46,0.1748,46,NA,NA,1
2022,2,8478424,WPG,2022-03-31,1.0635,396,1.0369,387,0.0265,9,0
2022,2,8478859,STL,2022-04-26,1.3076,511,1.0537,402,NA,NA,0
2022,2,8478859,STL,2022-04-24,2.4982,948,2.3935,882,NA,NA,0
2022,2,8478859,STL,2022-04-08,2.1534,845,2.0679,810,NA,NA,1
2022,2,8478859,STL,2022-04-02,1.2263,481,1.1316,437,NA,NA,0
2022,2,8478859,STL,2022-03-28,1.9647,776,1.8237,704,NA,NA,1
2022,2,8478859,STL,2022-03-26,2.4359,910,2.4359,910,NA,NA,1
2022,2,8478859,STL,2022-03-24,2.6607,1004,2.2701,820,0.012,0,1
2022,2,8478859,STL,2022-03-22,1.4115,559,1.3019,500,NA,NA,0
2022,2,8478859,STL,2022-03-19,1.4479,554,1.3333,500,NA,NA,0
2022,2,8478859,STL,2022-03-17,2.1251,823,1.8981,728,NA,NA,1
2022,2,8478866,"PIT,ANA",2022-04-29,2.3821,832,2.2913,806,0.0908,26,0
2022,2,8478866,"PIT,ANA",2022-04-26,2.7554,1030,2.5271,960,0.2283,70,0
2022,2,8478866,"PIT,ANA",2022-04-24,2.1703,771,1.9911,672,0.1793,99,1
2022,2,8478866,"PIT,ANA",2022-04-23,1.9488,710,1.9488,710,NA,NA,0
2022,2,8478866,"PIT,ANA",2022-04-19,1.8925,715,1.8925,715,NA,NA,1
2022,2,8478866,"PIT,ANA",2022-04-17,1.8084,697,1.8084,697,NA,NA,1
2022,2,8478866,"PIT,ANA",2022-04-14,1.7313,612,1.7313,612,NA,NA,0
2022,2,8478866,"PIT,ANA",2022-04-12,0.9027,319,0.9027,319,NA,NA,0
2022,2,8478866,"PIT,ANA",2022-04-10,1.6502,645,1.6502,645,NA,NA,0
2022,2,8478866,"PIT,ANA",2022-04-09,2.078,782,2.078,782,NA,NA,0
2022,2,8478904,CAR,2022-04-28,2.649,902,2.4889,853,0.0038,2,1
2022,2,8478904,CAR,2022-04-24,1.6666,632,1.6043,610,NA,NA,0
2022,2,8478904,CAR,2022-04-23,1.2682,456,1.2235,435,NA,NA,0
2022,2,8478904,CAR,2022-04-21,0.7737,283,0.7737,283,NA,NA,1
2022,2,8478904,CAR,2022-04-18,1.6039,559,1.6039,559,NA,NA,0
2022,2,8478904,CAR,2022-04-12,1.6756,616,1.6002,585,NA,NA,0
2022,2,8478904,CAR,2022-04-10,1.6811,548,1.6811,548,NA,NA,1
2022,2,8478904,CAR,2022-04-05,1.6276,560,1.579,541,NA,NA,0
2022,2,8478904,CAR,2022-03-29,1.455,465,1.3423,434,0.0266,0,0
2022,2,8478904,CAR,2022-03-22,1.2761,468,1.2761,468,NA,NA,1
2022,2,8479378,WPG,2022-04-24,2.6559,1067,2.3445,937,NA,NA,1
2022,2,8479378,WPG,2022-04-19,1.7096,680,1.5804,612,NA,NA,0
2022,2,8479378,WPG,2022-04-16,2.7769,1112,2.5701,995,NA,NA,0
2022,2,8479378,WPG,2022-04-06,2.4454,963,2.0401,780,NA,NA,1
2022,2,8479378,WPG,2022-04-02,2.6719,1056,2.1789,818,NA,NA,1
2022,2,8479378,WPG,2022-03-31,2.1149,967,1.7187,696,NA,NA,0
2022,2,8479378,WPG,2022-03-30,2.6322,1115,2.298,923,NA,NA,0
2022,2,8479378,WPG,2022-03-25,2.0734,805,2.0059,766,NA,NA,1
2022,2,8479378,WPG,2022-03-24,2.6636,1001,2.549,948,NA,NA,1
2022,2,8479378,WPG,2022-03-22,2.3808,1087,2.0163,887,NA,NA,1
2022,2,8479639,VGK,2022-04-29,1.6049,678,1.6049,678,NA,NA,0
2022,2,8479639,VGK,2022-04-27,1.0433,435,1.0433,435,NA,NA,0
2022,2,8479639,VGK,2022-04-06,1.4134,501,1.139,418,0.2744,83,1
2022,2,8479639,VGK,2022-04-03,0.6155,215,0.266,104,0.3495,111,0
2022,2,8479639,VGK,2022-04-01,1.1144,505,1.0724,486,0.042,19,0
2022,2,8479639,VGK,2022-03-30,1.4731,526,1.0551,376,0.418,150,0
2022,2,8479639,VGK,2022-03-26,2.5346,1157,2.4839,1139,0.0507,18,1
2022,2,8479639,VGK,2022-03-24,2.7466,1229,2.4087,1059,0.2526,123,1
2022,2,8479639,VGK,2022-03-22,3.144,1310,2.9408,1231,0.1609,62,0
2022,2,8479639,VGK,2022-03-21,2.9057,1295,2.6845,1201,0.185,80,0
2022,2,8480184,DET,2022-04-29,2.3341,937,2.332,934,0.0021,2,0
2022,2,8480184,DET,2022-04-26,2.1817,948,2.1817,948,NA,NA,0
2022,2,8480184,DET,2022-04-24,2.2831,929,2.2461,916,0.0346,12,0
2022,2,8480184,DET,2022-04-21,2.2727,911,2.1468,855,NA,NA,0
2022,2,8480184,DET,2022-04-19,2.1424,875,2.1424,875,NA,NA,0
2022,2,8480184,DET,2022-04-17,2.6453,1048,2.5965,1030,0.0488,18,1
2022,2,8480184,DET,2022-04-16,2.6758,1107,2.5553,1050,NA,NA,0
2022,2,8480184,DET,2022-04-14,2.1079,918,2.0956,910,NA,NA,0
2022,2,8480184,DET,2022-04-12,2.2916,941,2.1746,877,NA,NA,1
2022,2,8480184,DET,2022-04-09,2.5818,1056,2.4916,1008,NA,NA,1
2022,2,8480845,LAK,2022-04-28,1.9009,652,1.7858,607,0.067,19,0
2022,2,8480845,LAK,2022-04-27,2.0677,672,1.466,503,0.194,49,0
2022,2,8480845,LAK,2022-04-19,1.2039,410,1.2039,410,NA,NA,0
2022,2,8480845,LAK,2022-04-16,1.212,437,1.1501,415,0.0386,12,1
2022,2,8480845,LAK,2022-04-13,1.9656,732,1.9509,727,0.0147,5,0
2022,2,8480845,LAK,2022-04-12,2.0229,775,1.5927,581,0.2199,85,0
2022,2,8480845,LAK,2022-04-10,2.155,751,1.9995,701,0.0121,8,0
2022,2,8480845,LAK,2022-04-07,1.6574,560,1.3653,455,0.0106,6,1
2022,2,8480845,LAK,2022-04-04,2.1611,804,2.0921,774,NA,NA,1
2022,2,8480845,LAK,2022-04-02,2.0204,707,1.7,601,NA,NA,0
2022,2,8481014,MTL,2022-04-29,3.1813,1345,3.0722,1287,NA,NA,1
2022,2,8481014,MTL,2022-04-27,2.8141,1225,2.5601,1052,0.0052,3,0
2022,2,8481014,MTL,2022-04-24,3.1433,1388,2.967,1305,NA,NA,1
2022,2,8481014,MTL,2022-04-23,2.5434,1035,2.2228,849,0.0028,4,0
2022,2,8481014,MTL,2022-04-21,3.0863,1301,2.662,1114,4e-4,0,1
2022,2,8481014,MTL,2022-04-19,3.0296,1347,2.8569,1231,NA,NA,1
2022,2,8481014,MTL,2022-04-16,3.1127,1429,2.826,1224,NA,NA,1
2022,2,8481014,MTL,2022-04-15,3.4022,1426,3.3102,1368,0.0211,10,1
2022,2,8481014,MTL,2022-04-13,2.6038,1178,2.4973,1099,0.0272,10,0
2022,2,8481014,MTL,2022-04-11,3.1946,1367,3.087,1316,NA,NA,1
2022,2,8471217,ARI,2022-04-22,2.7668,1058,2.4435,925,NA,NA,1
2022,2,8471217,ARI,2022-04-20,2.4715,962,1.7291,671,0.1716,57,1
2022,2,8471217,ARI,2022-04-18,2.4871,983,1.7378,648,0.5987,249,1
2022,2,8471217,ARI,2022-04-16,2.3437,938,1.9264,731,0.2165,85,0
2022,2,8471217,ARI,2022-04-14,2.2046,899,1.7585,678,0.2139,96,0
2022,2,8471217,ARI,2022-04-12,1.61,674,0.8024,311,0.396,151,1
2022,2,8471217,ARI,2022-04-09,2.542,921,2.2316,788,NA,NA,0
2022,2,8471217,ARI,2022-04-07,2.0652,782,1.8858,710,0.1082,45,1
2022,2,8471217,ARI,2022-04-03,2.4301,928,2.1972,828,0.1984,84,0
2022,2,8471217,ARI,2022-02-20,0.155,73,0.155,73,NA,NA,1
2022,2,8475098,STL,2022-04-29,2.4389,917,2.2718,830,NA,NA,1
2022,2,8475098,STL,2022-04-26,2.0587,808,1.522,545,0.3522,172,0
2022,2,8475098,STL,2022-04-24,2.4976,893,2.44,872,NA,NA,0
2022,2,8475098,STL,2022-03-13,2.1254,765,1.9485,696,0.0298,13,1
2022,2,8475098,STL,2022-03-12,1.8763,724,1.6578,633,NA,NA,0
2022,2,8475098,STL,2022-03-08,1.8079,634,1.524,510,NA,NA,1
2022,2,8475098,STL,2022-03-06,1.0724,368,0.7863,259,NA,NA,0
2022,2,8475098,STL,2022-03-05,1.5617,549,1.4626,519,NA,NA,0
2022,2,8475098,STL,2022-03-02,1.4979,553,1.4979,553,NA,NA,0
2022,2,8475098,STL,2022-02-27,1.9453,740,1.4354,493,0.1181,69,0
2022,2,8475236,BUF,2022-04-14,1.9454,672,1.8436,639,NA,NA,1
2022,2,8475236,BUF,2022-04-08,2.466,954,2.1728,822,0.0309,12,0
2022,2,8475236,BUF,2022-04-07,2.0909,735,1.9044,663,NA,NA,0
2022,2,8475236,BUF,2022-04-05,2.515,951,2.1575,801,NA,NA,1
2022,2,8475236,BUF,2022-04-03,2.6004,895,2.2724,766,NA,NA,1
2022,2,8475236,BUF,2022-04-01,2.4655,906,2.2992,847,0.0127,5,1
2022,2,8475236,BUF,2022-03-30,2.4031,848,2.3029,810,NA,NA,1
2022,2,8475236,BUF,2022-03-28,2.2601,825,2.1911,792,NA,NA,0
2022,2,8475236,BUF,2022-03-27,2.5971,951,2.446,871,NA,NA,0
2022,2,8475236,BUF,2022-03-25,2.3718,878,2.3433,861,NA,NA,1
2022,2,8475796,BUF,2022-04-29,1.8553,771,1.7289,717,NA,NA,1
2022,2,8475796,BUF,2022-04-08,2.325,1023,2.203,927,NA,NA,0
2022,2,8475796,BUF,2022-04-07,2.0437,866,1.8766,769,NA,NA,0
2022,2,8475796,BUF,2022-04-03,2.2619,892,2.1194,839,NA,NA,1
2022,2,8475796,BUF,2022-04-01,2.012,815,2.012,815,NA,NA,1
2022,2,8475796,BUF,2022-03-30,2.6072,1105,2.4568,1031,3e-4,0,1
2022,2,8475796,BUF,2022-03-25,2.1614,865,2.1614,865,NA,NA,1
2022,2,8475796,BUF,2022-03-23,2.219,911,2.0809,832,NA,NA,1
2022,2,8475796,BUF,2022-03-18,2.1292,831,1.9847,781,NA,NA,0
2022,2,8475796,BUF,2022-03-17,2.3422,1007,2.0886,880,NA,NA,0
2022,2,8475825,DAL,2022-04-29,2.5607,1031,2.4503,970,NA,NA,1
2022,2,8475825,DAL,2022-04-27,2.3982,1066,2.2052,924,NA,NA,1
2022,2,8475825,DAL,2022-04-26,2.2409,921,2.1704,872,NA,NA,1
2022,2,8475825,DAL,2022-04-23,1.9264,809,1.7917,744,0.0102,5,1
2022,2,8475825,DAL,2022-04-21,2.0707,935,1.6507,689,NA,NA,0
2022,2,8475825,DAL,2022-04-20,2.1148,880,2.0827,855,NA,NA,0
2022,2,8475825,DAL,2022-04-18,2.3301,983,2.0387,832,NA,NA,0
2022,2,8475825,DAL,2022-04-16,2.6629,1120,2.3911,992,0.0201,9,1
2022,2,8475825,DAL,2022-04-14,2.5525,1035,2.5028,1015,0.0497,20,1
2022,2,8475825,DAL,2022-04-12,1.9167,803,1.5607,625,NA,NA,1
2022,2,8477460,MTL,2022-04-27,2.2433,781,2.0392,695,NA,NA,0
2022,2,8477460,MTL,2022-04-24,1.3924,529,1.2764,485,0.0389,21,1
2022,2,8477460,MTL,2022-04-19,2.0258,747,1.9162,702,0.0209,8,1
2022,2,8477460,MTL,2022-04-09,1.2094,474,1.2094,474,NA,NA,0
2022,2,8477460,MTL,2022-03-31,1.4304,554,1.3889,535,NA,NA,0
2022,2,8477460,MTL,2022-03-29,1.4865,603,1.4509,581,0.0357,22,0
2022,2,8477460,MTL,2022-03-27,1.7825,672,1.5432,542,0.2394,130,0
2022,2,8477460,MTL,2022-03-26,1.883,655,1.5119,517,0.1735,72,1
2022,2,8477460,MTL,2022-03-24,1.4634,532,1.425,512,0.0384,20,1
2022,2,8477460,MTL,2022-03-21,2.0106,729,2.0062,727,NA,NA,1
2022,2,8477573,STL,2022-04-29,2.295,874,2.295,874,NA,NA,1
2022,2,8477573,STL,2022-04-26,1.5992,614,1.5992,614,NA,NA,0
2022,2,8477573,STL,2022-04-24,1.9396,742,1.9396,742,NA,NA,0
2022,2,8477573,STL,2022-04-23,2.024,752,2.024,752,NA,NA,0
2022,2,8477573,STL,2022-04-21,1.7492,649,1.724,641,0.0252,8,0
2022,2,8477573,STL,2022-04-19,1.2737,464,1.2568,461,0.0169,3,1
2022,2,8477573,STL,2022-04-17,2.072,793,1.9312,734,NA,NA,0
2022,2,8477573,STL,2022-04-16,1.7837,611,1.7837,611,NA,NA,1
2022,2,8477573,STL,2022-04-14,1.9599,761,1.9599,761,NA,NA,0
2022,2,8477573,STL,2022-04-12,1.1743,461,1.1743,461,NA,NA,0
2022,2,8477846,"CHI,CGY",2022-04-28,2.0571,697,2.0385,692,0.0187,5,0
2022,2,8477846,"CHI,CGY",2022-04-14,1.9647,665,1.9647,665,NA,NA,1
2022,2,8477846,"CHI,CGY",2022-04-09,1.6962,558,1.6962,558,NA,NA,0
2022,2,8477846,"CHI,CGY",2022-04-07,2.1899,762,2.1128,734,0.0594,18,0
2022,2,8477846,"CHI,CGY",2022-04-06,2.2897,804,2.2897,804,NA,NA,0
2022,2,8477846,"CHI,CGY",2022-04-04,1.9694,714,1.9598,709,NA,NA,0
2022,2,8477846,"CHI,CGY",2022-04-02,1.886,656,1.886,656,NA,NA,1
2022,2,8477846,"CHI,CGY",2022-03-26,1.6064,535,1.6064,535,NA,NA,1
2022,2,8477846,"CHI,CGY",2022-03-20,1.6362,620,1.4721,531,NA,NA,0
2022,2,8477846,"CHI,CGY",2022-03-19,2.031,820,1.7546,677,NA,NA,0
2022,2,8478062,ARI,2022-04-18,2.4799,1106,2.3684,1020,NA,NA,1
2022,2,8478062,ARI,2022-04-16,3.3149,1491,3.1077,1352,0.0401,13,0
2022,2,8478062,ARI,2022-04-14,2.8856,1281,2.4817,1017,NA,NA,0
2022,2,8478062,ARI,2022-04-12,3.0281,1381,2.5091,1067,0.0437,21,1
2022,2,8478062,ARI,2022-04-09,2.8685,1249,2.6422,1134,NA,NA,0
2022,2,8478062,ARI,2022-04-07,2.5735,1058,2.4758,994,NA,NA,1
2022,2,8478062,ARI,2022-04-04,2.4102,1108,2.1959,974,NA,NA,0
2022,2,8478062,ARI,2022-04-03,2.9282,1323,2.6362,1098,NA,NA,0
2022,2,8478062,ARI,2022-04-01,2.6666,1295,2.2795,1046,NA,NA,1
2022,2,8478062,ARI,2022-03-30,3.1266,1330,2.903,1216,NA,NA,1
2022,2,8478146,VAN,2022-04-29,1.9122,712,1.8458,684,0.0135,12,0
2022,2,8478146,VAN,2022-04-28,1.9418,720,1.7602,656,NA,NA,1
2022,2,8478146,VAN,2022-04-26,2.1361,766,1.7451,615,NA,NA,1
2022,2,8478146,VAN,2022-04-23,2.2822,817,2.2046,777,0.0083,7,0
2022,2,8478146,VAN,2022-04-21,2.5146,884,2.2797,804,0.0169,6,0
2022,2,8478146,VAN,2022-04-19,2.123,752,2.123,752,NA,NA,1
2022,2,8478146,VAN,2022-04-18,2.3413,853,2.1675,793,0.1737,60,1
2022,2,8478146,VAN,2022-03-24,1.3273,533,1.2454,494,NA,NA,0
2022,2,8478146,VAN,2022-03-23,1.469,555,1.4194,533,NA,NA,0
2022,2,8478146,VAN,2022-03-20,2.0957,783,2.0284,756,0.0124,4,1
2022,2,8479291,NYR,2022-04-29,2.5065,893,1.9141,657,NA,NA,1
2022,2,8479291,NYR,2022-04-27,2.5954,902,2.5049,878,0.0905,24,1
2022,2,8479291,NYR,2022-04-26,2.8074,946,2.6731,908,NA,NA,1
2022,2,8479291,NYR,2022-04-23,2.107,692,1.7806,572,NA,NA,0
2022,2,8479291,NYR,2022-04-21,2.9232,994,2.9232,994,NA,NA,0
2022,2,8479291,NYR,2022-04-19,1.7467,609,1.619,553,NA,NA,1
2022,2,8479291,NYR,2022-04-16,2.1253,705,2.1253,705,NA,NA,1
2022,2,8479291,NYR,2022-04-13,1.9128,623,1.7364,560,NA,NA,0
2022,2,8479291,NYR,2022-04-12,1.7822,625,1.589,547,0.0437,15,1
2022,2,8479291,NYR,2022-04-09,2.7624,927,2.5919,875,NA,NA,1
2022,2,8479388,CHI,2022-04-29,2.4061,1083,2.0625,918,NA,NA,0
2022,2,8479388,CHI,2022-04-27,1.9645,898,1.829,833,NA,NA,1
2022,2,8479388,CHI,2022-04-25,1.959,927,1.6571,733,0.0029,5,1
2022,2,8479388,CHI,2022-04-21,2.2794,953,2.1414,881,NA,NA,0
2022,2,8479388,CHI,2022-04-20,2.0565,853,1.9547,816,NA,NA,0
2022,2,8479388,CHI,2022-04-16,2.3385,970,2.2696,930,NA,NA,0
2022,2,8479388,CHI,2022-04-14,2.1615,926,2.0812,873,NA,NA,1
2022,2,8479388,CHI,2022-04-12,2.464,1070,2.3208,983,NA,NA,1
2022,2,8479388,CHI,2022-04-10,2.5267,1044,2.4315,1006,NA,NA,1
2022,2,8479388,CHI,2022-04-03,1.9326,873,1.8525,836,NA,NA,1
2022,2,8479933,"PHI,ANA",2022-04-24,2.2315,738,2.2315,738,NA,NA,1
2022,2,8479933,"PHI,ANA",2022-04-23,2.6933,909,2.4759,801,0.2174,108,0
2022,2,8479933,"PHI,ANA",2022-04-19,2.3931,915,1.9208,692,0.4723,223,1
2022,2,8479933,"PHI,ANA",2022-04-17,2.1087,699,1.9797,639,0.1291,60,1
2022,2,8479933,"PHI,ANA",2022-04-14,2.6555,916,2.5176,867,0.138,49,0
2022,2,8479933,"PHI,ANA",2022-04-12,3.1935,1077,2.8885,947,0.305,130,0
2022,2,8479933,"PHI,ANA",2022-04-10,2.0356,718,2.0352,718,NA,NA,0
2022,2,8479933,"PHI,ANA",2022-04-09,2.2111,774,2.049,709,0.1621,65,0
2022,2,8479933,"PHI,ANA",2022-04-03,2.5636,870,2.4804,843,0.0832,27,1
2022,2,8479933,"PHI,ANA",2022-04-01,2.2186,840,1.8161,683,0.4025,157,0
2022,2,8480025,CHI,2022-04-18,0.3569,111,0.3569,111,NA,NA,1
2022,2,8480025,CHI,2022-04-16,1.7554,677,1.7554,677,NA,NA,0
2022,2,8480025,CHI,2022-04-14,2.0704,735,1.9469,679,NA,NA,1
2022,2,8480025,CHI,2022-04-12,1.9591,704,1.8206,645,NA,NA,1
2022,2,8480025,CHI,2022-04-10,1.7621,646,1.6082,575,NA,NA,1
2022,2,8480025,CHI,2022-04-03,1.19,418,1.0901,381,NA,NA,1
2022,2,8480025,CHI,2022-03-31,1.4572,496,1.3904,470,NA,NA,0
2022,2,8480025,CHI,2022-03-26,1.1724,414,1.1724,414,NA,NA,0
2022,2,8480025,CHI,2022-03-24,1.757,605,1.6625,565,NA,NA,0
2022,2,8480025,CHI,2022-03-23,1.1469,374,1.0852,354,NA,NA,0
2022,2,8480222,NYI,2022-04-28,2.577,1054,2.3795,978,0.1974,76,1
2022,2,8480222,NYI,2022-04-26,2.4121,1066,2.3784,1064,0.0327,0,0
2022,2,8480222,NYI,2022-04-24,2.1053,907,2.1012,905,0.0041,2,1
2022,2,8480222,NYI,2022-04-23,1.8026,769,1.7984,767,NA,NA,0
2022,2,8480222,NYI,2022-04-21,2.3028,958,2.3028,958,NA,NA,1
2022,2,8480222,NYI,2022-04-19,1.9008,775,1.8665,762,0.0344,13,1
2022,2,8480222,NYI,2022-04-17,1.95,842,1.95,842,NA,NA,0
2022,2,8480222,NYI,2022-04-01,1.2732,563,1.2602,558,NA,NA,0
2022,2,8480222,NYI,2022-03-31,2.2241,991,2.2241,991,NA,NA,1
2022,2,8480222,NYI,2022-03-26,1.9997,818,1.997,818,NA,NA,0
2022,2,8480448,OTT,2022-04-29,2.4982,861,2.4153,824,NA,NA,0
2022,2,8480448,OTT,2022-04-28,1.7982,609,1.6579,564,NA,NA,1
2022,2,8480448,OTT,2022-04-26,2.4837,837,2.2198,756,NA,NA,1
2022,2,8480448,OTT,2022-04-23,2.2092,797,1.9216,681,0.1305,58,1
2022,2,8480448,OTT,2022-04-22,2.3621,856,2.1276,771,NA,NA,0
2022,2,8480448,OTT,2022-04-19,2.5666,932,2.3539,849,NA,NA,0
2022,2,8480448,OTT,2022-04-18,1.8377,614,1.6,535,NA,NA,0
2022,2,8480448,OTT,2022-04-16,2.0401,704,1.8855,651,NA,NA,1
2022,2,8480448,OTT,2022-04-14,1.6352,586,1.2944,462,0.0023,3,0
2022,2,8480448,OTT,2022-04-12,2.031,709,1.801,618,NA,NA,0
2022,2,8476913,EDM,2022-04-29,2.251,820,2.0351,717,NA,NA,1
2022,2,8476913,EDM,2022-04-26,1.8836,653,1.8251,629,NA,NA,0
2022,2,8476913,EDM,2022-04-24,1.5147,559,1.348,463,NA,NA,0
2022,2,8476913,EDM,2022-04-05,1.6035,537,1.5752,526,NA,NA,0
2022,2,8476913,EDM,2022-03-26,1.7995,651,1.6973,617,NA,NA,0
2022,2,8476913,EDM,2022-03-24,1.4337,525,1.3672,499,NA,NA,1
2022,2,8476913,EDM,2022-03-22,1.7337,570,1.5832,496,0.0046,2,0
2022,2,8476913,EDM,2022-03-21,1.5604,537,1.3005,427,NA,NA,0
2022,2,8476913,EDM,2022-03-19,1.7961,648,1.5614,568,NA,NA,1
2022,2,8476913,EDM,2022-03-17,2.089,715,2.0298,694,NA,NA,1
2022,2,8476988,NSH,2022-04-29,2.3412,1020,2.0419,833,8e-4,1,0
2022,2,8476988,NSH,2022-04-28,2.2313,918,1.9226,758,0.0143,2,0
2022,2,8476988,NSH,2022-04-26,2.0385,849,1.5678,584,NA,NA,1
2022,2,8476988,NSH,2022-04-24,2.0971,851,1.8026,704,NA,NA,1
2022,2,8476988,NSH,2022-04-23,2.0894,851,2.0634,827,NA,NA,0
2022,2,8476988,NSH,2022-04-19,1.9836,772,1.8848,728,NA,NA,1
2022,2,8476988,NSH,2022-04-17,2.7607,1002,2.7356,992,0.0252,10,1
2022,2,8476988,NSH,2022-04-14,2.4155,942,2.1058,767,0.0124,7,1
2022,2,8476988,NSH,2022-04-10,2.2934,885,2.1814,838,NA,NA,0
2022,2,8476988,NSH,2022-04-01,2.0706,858,1.9651,793,NA,NA,0
2022,2,8477215,DET,2022-04-29,2.1717,955,2.0475,888,0.0046,2,0
2022,2,8477215,DET,2022-04-26,2.0898,923,1.9103,763,NA,NA,0
2022,2,8477215,DET,2022-04-24,2.5518,1115,2.247,973,0.0328,12,0
2022,2,8477215,DET,2022-04-23,2.9726,1327,2.9726,1327,NA,NA,1
2022,2,8477215,DET,2022-04-21,2.7248,1150,2.3824,993,NA,NA,0
2022,2,8477215,DET,2022-04-19,2.45,1094,2.2091,991,0.0082,5,0
2022,2,8477215,DET,2022-04-17,2.5419,1068,2.4355,1013,NA,NA,1
2022,2,8477215,DET,2022-04-16,2.662,1165,2.3488,1012,NA,NA,0
2022,2,8477215,DET,2022-04-14,2.6712,1233,2.4316,1097,NA,NA,0
2022,2,8477215,DET,2022-04-12,2.9344,1158,2.7904,1098,NA,NA,1
2022,2,8477450,VAN,2022-04-29,1.8457,658,1.7085,609,0.0258,12,0
2022,2,8477450,VAN,2022-04-28,2.0575,767,1.6301,627,NA,NA,1
2022,2,8477450,VAN,2022-04-26,2.4091,853,2.0023,700,NA,NA,1
2022,2,8477450,VAN,2022-04-23,2.1566,810,2.0052,731,NA,NA,0
2022,2,8477450,VAN,2022-04-21,2.1164,763,1.8799,670,NA,NA,0
2022,2,8477450,VAN,2022-04-19,2.2859,798,2.1529,753,NA,NA,1
2022,2,8477450,VAN,2022-04-18,2.5901,950,2.5901,950,NA,NA,1
2022,2,8477450,VAN,2022-04-14,2.5299,900,2.2749,802,NA,NA,1
2022,2,8477450,VAN,2022-04-12,2.3017,909,2.0661,817,0.1222,13,1
2022,2,8477450,VAN,2022-04-09,1.9237,701,1.8615,672,NA,NA,1
2022,2,8478567,CBJ,2022-04-29,2.3302,992,2.134,920,0.1952,70,0
2022,2,8478567,CBJ,2022-04-28,2.6175,1060,2.0401,834,0.3218,108,1
2022,2,8478567,CBJ,2022-04-26,2.5131,1004,2.4827,987,NA,NA,0
2022,2,8478567,CBJ,2022-04-24,2.2304,948,2.2082,937,NA,NA,1
2022,2,8478567,CBJ,2022-04-02,3.0353,1308,2.9485,1259,NA,NA,0
2022,2,8478567,CBJ,2022-03-31,2.837,1251,2.7479,1205,NA,NA,0
2022,2,8478567,CBJ,2022-03-29,2.4365,1023,2.1837,905,NA,NA,1
2022,2,8478567,CBJ,2022-03-26,2.9778,1291,2.7802,1211,0.1117,42,0
2022,2,8478567,CBJ,2022-03-25,2.0967,800,2.0967,800,NA,NA,0
2022,2,8478567,CBJ,2022-03-22,1.848,775,1.7494,730,NA,NA,0
2022,2,8479366,STL,2022-04-29,2.4173,804,2.4173,804,NA,NA,1
2022,2,8479366,STL,2022-04-26,1.548,572,1.548,572,NA,NA,0
2022,2,8479366,STL,2022-04-24,2.2089,727,2.2089,727,NA,NA,0
2022,2,8479366,STL,2022-04-23,2.3283,785,2.3283,785,NA,NA,0
2022,2,8479366,STL,2022-04-21,1.7723,609,1.707,586,0.0653,23,0
2022,2,8479366,STL,2022-04-19,1.4902,460,1.4902,460,NA,NA,1
2022,2,8479366,STL,2022-04-17,2.3586,818,2.2183,762,NA,NA,0
2022,2,8479366,STL,2022-04-16,1.4121,486,1.4121,486,NA,NA,1
2022,2,8479366,STL,2022-04-14,1.9287,691,1.8885,675,NA,NA,0
2022,2,8479366,STL,2022-04-12,1.198,369,1.198,369,NA,NA,0
2022,2,8479458,OTT,2022-04-29,2.3608,1016,2.1446,855,0.0027,3,0
2022,2,8479458,OTT,2022-04-28,2.4645,1009,2.182,831,0.0055,3,1
2022,2,8479458,OTT,2022-04-26,2.648,1092,2.3397,953,NA,NA,1
2022,2,8479458,OTT,2022-04-22,2.5431,1079,2.349,984,NA,NA,0
2022,2,8479458,OTT,2022-04-19,2.8457,1229,2.4467,981,0.0063,4,0
2022,2,8479458,OTT,2022-04-18,2.2379,943,1.5201,587,NA,NA,0
2022,2,8479458,OTT,2022-04-16,2.9474,1226,2.7681,1143,NA,NA,1
2022,2,8479458,OTT,2022-04-14,2.6553,1201,1.9558,825,0.0147,3,0
2022,2,8479458,OTT,2022-04-12,2.6679,1061,2.3489,896,0.0071,3,0
2022,2,8479458,OTT,2022-04-10,2.3296,951,1.9652,760,NA,NA,1
2022,2,8479543,MTL,2022-04-29,1.8271,676,1.8271,676,NA,NA,1
2022,2,8479543,MTL,2022-04-27,1.9106,627,1.9106,627,NA,NA,0
2022,2,8479543,MTL,2022-04-24,1.3845,522,1.3845,522,NA,NA,1
2022,2,8479543,MTL,2022-04-23,0.7048,265,0.7048,265,NA,NA,0
2022,2,8479543,MTL,2022-04-16,1.3547,476,1.3547,476,NA,NA,1
2022,2,8479543,MTL,2022-04-15,1.5133,563,1.5133,563,NA,NA,1
2022,2,8479543,MTL,2022-04-09,1.0738,368,1.0571,364,0.0167,4,0
2022,2,8479543,MTL,2022-03-26,0.5939,189,0.5939,189,NA,NA,1
2022,2,8479543,MTL,2022-03-24,0.9225,340,0.9225,340,NA,NA,1
2022,2,8479543,MTL,2022-03-21,0.9917,365,0.9917,365,NA,NA,1
2022,2,8480205,CBJ,2022-04-29,2.208,836,1.8695,717,0.3385,119,0
2022,2,8480205,CBJ,2022-04-28,1.345,499,1.0045,388,0.3405,111,1
2022,2,8480205,CBJ,2022-04-26,1.8029,660,1.5965,580,0.2064,80,0
2022,2,8480205,CBJ,2022-04-24,1.8589,748,1.2404,452,0.6185,296,1
2022,2,8480205,CBJ,2022-04-22,1.3089,523,1.0514,402,0.2575,121,1
2022,2,8480205,CBJ,2022-04-19,1.562,613,1.0268,366,0.5352,247,0
2022,2,8480205,CBJ,2022-04-17,2.3148,878,1.9644,703,0.3504,175,0
2022,2,8480205,CBJ,2022-04-16,1.8831,678,1.8308,660,0.0166,6,0
2022,2,8480205,CBJ,2022-04-13,2.4787,930,2.3525,868,0.1261,62,1
2022,2,8480205,CBJ,2022-04-09,2.674,958,2.4622,879,0.2118,79,0
2022,2,8481061,SJS,2022-04-24,1.5308,561,1.5308,561,NA,NA,0
2022,2,8481061,SJS,2022-04-23,1.797,612,1.797,612,NA,NA,1
2022,2,8481061,SJS,2022-04-19,1.6536,587,1.6534,587,2e-4,0,1
2022,2,8481061,SJS,2022-04-17,1.257,420,1.1939,400,0.0631,20,0
2022,2,8481061,SJS,2022-04-16,1.2459,487,1.2459,487,NA,NA,0
2022,2,8481061,SJS,2022-03-01,1.6169,548,1.6169,548,NA,NA,0
2022,2,8481061,SJS,2022-02-27,1.3795,452,1.3795,452,NA,NA,1
2022,2,8481061,SJS,2022-02-26,1.7045,593,1.5882,549,0.1163,44,1
2022,2,8481061,SJS,2022-02-24,1.1865,418,1.1865,418,NA,NA,1
2022,2,8481061,SJS,2022-02-22,1.4903,428,1.4304,423,0.0598,5,0
2022,2,8482073,NYR,2022-04-29,2.0764,897,2.0479,879,NA,NA,1
2022,2,8482073,NYR,2022-04-27,2.8596,1213,2.4996,1021,0.2489,116,1
2022,2,8482073,NYR,2022-04-26,2.1165,914,2.1165,914,NA,NA,1
2022,2,8482073,NYR,2022-04-23,1.6655,678,1.6655,678,NA,NA,0
2022,2,8482073,NYR,2022-04-21,2.172,943,2.172,943,NA,NA,0
2022,2,8482073,NYR,2022-04-19,2.1633,953,2.0751,910,NA,NA,1
2022,2,8482073,NYR,2022-04-16,2.3545,961,2.3377,955,0.0168,6,1
2022,2,8482073,NYR,2022-04-13,2.0594,879,1.8342,765,NA,NA,0
2022,2,8482073,NYR,2022-04-12,2.0635,917,2.0355,904,0.028,13,1
2022,2,8482073,NYR,2022-04-09,2.1782,948,2.0751,918,NA,NA,1
2022,2,8466138,FLA,2022-04-29,2.3143,903,2.1389,800,0.1754,103,0
2022,2,8466138,FLA,2022-04-28,1.949,716,1.7571,629,0.1919,87,0
2022,2,8466138,FLA,2022-04-26,1.5703,638,1.4319,597,0.1384,41,0
2022,2,8466138,FLA,2022-04-21,1.9445,707,1.6823,563,0.2622,144,1
2022,2,8466138,FLA,2022-04-03,1.8995,661,1.8694,646,0.0301,15,0
2022,2,8466138,FLA,2022-03-31,1.7095,624,1.5455,543,0.164,81,1
2022,2,8466138,FLA,2022-03-29,1.5884,620,1.5047,575,0.0837,45,1
2022,2,8466138,FLA,2022-03-18,1.8148,732,1.5635,595,0.2513,137,0
2022,2,8466138,FLA,2022-03-17,1.5282,575,1.5282,575,NA,NA,0
2022,2,8466138,FLA,2022-03-15,1.5685,603,1.5685,603,NA,NA,0
2022,2,8472382,NYI,2022-04-29,2.2948,1043,2.2322,999,NA,NA,1
2022,2,8472382,NYI,2022-04-28,2.755,1274,2.1738,963,0.0077,5,1
2022,2,8472382,NYI,2022-04-26,2.7465,1232,2.282,1003,0.0361,0,0
2022,2,8472382,NYI,2022-04-24,2.0134,864,2.0134,864,NA,NA,1
2022,2,8472382,NYI,2022-04-23,2.2326,1001,1.7123,725,NA,NA,0
2022,2,8472382,NYI,2022-04-21,2.0918,904,2.0918,904,NA,NA,1
2022,2,8472382,NYI,2022-04-19,2.4108,1007,2.0707,830,NA,NA,1
2022,2,8472382,NYI,2022-04-17,2.1685,992,2.0653,887,NA,NA,0
2022,2,8472382,NYI,2022-04-15,2.4526,1248,2.2194,1086,NA,NA,0
2022,2,8472382,NYI,2022-04-14,2.2448,912,1.9362,752,0.0464,22,0
2022,2,8474612,"VAN,OTT",2022-04-29,2.3689,1073,2.274,1015,NA,NA,0
2022,2,8474612,"VAN,OTT",2022-04-28,2.9608,1259,2.7297,1130,NA,NA,1
2022,2,8474612,"VAN,OTT",2022-04-26,3.0883,1289,2.8351,1182,NA,NA,1
2022,2,8474612,"VAN,OTT",2022-04-23,2.3814,1119,1.8504,834,0.009,3,1
2022,2,8474612,"VAN,OTT",2022-04-22,2.7988,1239,2.5958,1135,0.0168,7,0
2022,2,8474612,"VAN,OTT",2022-04-19,2.8337,1302,2.5863,1178,NA,NA,0
2022,2,8474612,"VAN,OTT",2022-04-18,2.5027,1164,2.1287,955,NA,NA,0
2022,2,8474612,"VAN,OTT",2022-04-16,2.9668,1329,2.6996000000000002,1215,NA,NA,1
2022,2,8474612,"VAN,OTT",2022-04-14,2.1264,984,1.8392,833,0.0253,13,0
2022,2,8474612,"VAN,OTT",2022-04-12,3.432,1513,3.1662,1386,NA,NA,0
2022,2,8476473,CHI,2022-03-12,0.1359,60,0.1359,60,NA,NA,0
2022,2,8476473,CHI,2022-03-10,2.9875,1284,2.6995,1136,4e-4,1,0
2022,2,8476473,CHI,2022-03-08,3.0962,1342,2.8276,1213,NA,NA,1
2022,2,8476473,CHI,2022-03-06,3.077,1309,2.8151,1173,0.0104,4,1
2022,2,8476473,CHI,2022-03-05,3.0637,1210,2.6261,1015,NA,NA,0
2022,2,8476473,CHI,2022-03-03,3.3329,1276,3.0097,1082,NA,NA,1
2022,2,8476473,CHI,2022-02-27,2.6085,1151,2.2996,929,NA,NA,1
2022,2,8476473,CHI,2022-02-25,3.2652,1338,3.0291,1252,NA,NA,1
2022,2,8476473,CHI,2022-02-20,2.7505,1127,2.7087,1107,NA,NA,1
2022,2,8476473,CHI,2022-02-18,3.2613,1330,2.7989,1101,NA,NA,1
2022,2,8477365,BOS,2022-04-29,2.9518,1265,2.6684,1113,NA,NA,0
2022,2,8477365,BOS,2022-04-28,2.281,957,2.2699,950,NA,NA,1
2022,2,8477365,BOS,2022-04-26,1.8013,768,1.7781,760,NA,NA,1
2022,2,8477365,BOS,2022-04-24,2.2402,1007,2.0302,896,NA,NA,0
2022,2,8477365,BOS,2022-04-23,1.912,731,1.7769,680,NA,NA,1
2022,2,8477365,BOS,2022-04-21,1.9493,818,1.9493,818,NA,NA,0
2022,2,8477365,BOS,2022-04-19,2.3655,1030,2.1504,926,NA,NA,0
2022,2,8477365,BOS,2022-04-16,1.9638,904,1.5758,693,NA,NA,1
2022,2,8477365,BOS,2022-04-14,1.9724,828,1.6736,687,NA,NA,1
2022,2,8477365,BOS,2022-04-12,3.0356,1262,3.016,1255,0.0089,0,1
2022,2,8478013,"STL,DET",2022-04-29,2.6743,1035,2.2348,857,0.3122,124,0
2022,2,8478013,"STL,DET",2022-04-26,2.3122,970,2.0495,844,0.1953,84,0
2022,2,8478013,"STL,DET",2022-04-24,2.5308,1062,2.0991,827,0.3526,184,0
2022,2,8478013,"STL,DET",2022-04-23,2.4007,967,2.4007,967,NA,NA,1
2022,2,8478013,"STL,DET",2022-04-21,2.749,1142,2.2714,940,0.387,134,0
2022,2,8478013,"STL,DET",2022-04-19,2.621,1090,2.1511,913,0.3461,112,0
2022,2,8478013,"STL,DET",2022-04-17,2.5982,998,2.5725,989,0.0256,9,1
2022,2,8478013,"STL,DET",2022-04-16,2.6632,1089,2.5845,1051,NA,NA,0
2022,2,8478013,"STL,DET",2022-04-14,2.1498,961,1.9864,872,NA,NA,0
2022,2,8478013,"STL,DET",2022-04-12,2.3665,916,2.3665,916,NA,NA,1
2022,2,8478400,OTT,2022-04-14,1.7172,657,1.3142,472,0.403,185,0
2022,2,8478400,OTT,2022-04-12,2.0907,743,2.0006,709,0.0901,34,0
2022,2,8478400,OTT,2022-04-10,2.4756,1035,1.956,780,0.5197,255,1
2022,2,8478400,OTT,2022-04-09,2.2839,841,2.0583,762,0.2256,79,0
2022,2,8478400,OTT,2022-04-07,3.0217,1202,2.4403,915,0.5814,287,1
2022,2,8478400,OTT,2022-04-05,2.4469,913,2.2063,820,0.2407,93,0
2022,2,8478400,OTT,2022-04-03,2.4463,923,2.0501,748,0.3962,175,1
2022,2,8478400,OTT,2022-04-01,2.0746000000000002,815,1.9428,764,0.1318,51,0
2022,2,8478400,OTT,2022-03-29,2.4402,909,1.8786,693,0.5617,216,0
2022,2,8478400,OTT,2022-03-26,2.2353,893,1.863,727,0.3722,166,1
2022,2,8478432,ARI,2022-03-22,1.6563,658,1.5075,590,NA,NA,1
2022,2,8478432,ARI,2022-03-20,2.2122,748,2.2122,748,NA,NA,0
2022,2,8478432,ARI,2022-03-19,2.4089,875,2.3322,835,NA,NA,1
2022,2,8478432,ARI,2022-03-15,2.3161,889,2.2736,876,NA,NA,0
2022,2,8478432,ARI,2022-03-10,2.2017,763,2.2017,763,NA,NA,0
2022,2,8478432,ARI,2022-03-08,2.3966,905,2.1605,818,NA,NA,0
2022,2,8478432,ARI,2022-03-05,2.2157,850,2.2146,847,0.0011,3,1
2022,2,8478432,ARI,2022-03-03,2.2941,900,2.1792,845,NA,NA,1
2022,2,8478432,ARI,2022-02-27,2.1985,799,2.1985,799,NA,NA,1
2022,2,8478432,ARI,2022-02-25,2.1534,798,2.002,742,0.0031,3,1
2022,2,8479348,"LAK,MTL",2022-04-21,2.5804,1076,2.4837,1017,0.0967,59,1
2022,2,8479348,"LAK,MTL",2022-04-07,2.8228,1129,2.8228,1129,NA,NA,0
2022,2,8479348,"LAK,MTL",2022-03-09,1.7586,702,1.6562,658,NA,NA,0
2022,2,8479348,"LAK,MTL",2022-03-05,1.6031,658,1.6031,658,NA,NA,0
2022,2,8479348,"LAK,MTL",2022-03-03,1.5789,658,1.2365,534,0.3424,124,0
2022,2,8479348,"LAK,MTL",2022-02-23,2.248,951,2.2477,950,3e-4,0,1
2022,2,8479348,"LAK,MTL",2022-02-21,2.0226,826,1.9496,792,NA,NA,1
2022,2,8479348,"LAK,MTL",2022-02-20,2.0041,735,2.0041,735,NA,NA,0
2022,2,8479348,"LAK,MTL",2022-02-17,1.6027,703,1.3794,596,0.0206,12,1
2022,2,8479348,"LAK,MTL",2022-02-13,2.2217,935,2.2053,931,0.0164,4,1
2022,2,8479968,ANA,2022-04-29,1.9538,679,1.8737,653,0.08,26,0
2022,2,8479968,ANA,2022-04-26,2.4215,819,2.1697,749,0.2518,70,0
2022,2,8479968,ANA,2022-04-24,1.9635,716,1.9635,716,NA,NA,1
2022,2,8479968,ANA,2022-04-06,2.1169,763,1.7249,626,0.392,137,1
2022,2,8479968,ANA,2022-04-03,1.7854,610,1.7854,610,NA,NA,1
2022,2,8479968,ANA,2022-03-29,0.9508,379,0.9508,379,NA,NA,1
2022,2,8479968,ANA,2022-03-26,1.399,530,1.399,530,NA,NA,0
2022,2,8479968,ANA,2022-03-23,1.9095,724,1.7421,670,0.1674,54,1
2022,2,8479968,ANA,2022-03-21,1.9034,663,1.4039,517,0.4995,146,1
2022,2,8479968,ANA,2022-03-18,2.0374,738,1.9339,699,0.1035,39,1
2022,2,8480008,CGY,2022-04-29,2.0715,676,2.0715,676,NA,NA,0
2022,2,8480008,CGY,2022-04-18,1.8638,589,1.8509,583,0.0129,6,0
2022,2,8480008,CGY,2022-04-16,2.1594,723,2.1594,723,NA,NA,1
2022,2,8480008,CGY,2022-04-06,1.785,660,1.785,660,NA,NA,0
2022,2,8480008,CGY,2022-04-04,0.9275,504,0.9275,504,NA,NA,0
2022,2,8480008,CGY,2022-03-12,2.196,708,2.0396,657,0.1564,51,1
2022,2,8480008,CGY,2022-03-10,2.1896,725,2.1896,725,NA,NA,1
2022,2,8480008,CGY,2022-03-08,2.5761,866,2.5761,866,NA,NA,1
2022,2,8480008,CGY,2022-03-07,1.5315,487,1.5315,487,NA,NA,1
2022,2,8480008,CGY,2022-02-24,1.4792,483,1.4498,470,0.0294,13,0
2022,2,8480196,BUF,2022-04-29,1.9278,776,1.9278,776,NA,NA,1
2022,2,8480196,BUF,2022-04-28,2.2693,915,2.2099,888,NA,NA,0
2022,2,8480196,BUF,2022-04-23,1.923,734,1.923,734,NA,NA,1
2022,2,8480196,BUF,2022-04-21,2.4408,934,2.4024,918,NA,NA,0
2022,2,8480196,BUF,2022-04-17,1.8839,710,1.871,703,NA,NA,0
2022,2,8480196,BUF,2022-04-16,1.563,654,1.563,654,NA,NA,1
2022,2,8480196,BUF,2022-04-14,2.5611,965,2.4156,908,NA,NA,1
2022,2,8480196,BUF,2022-04-12,1.6399,664,1.5826,643,0.0174,3,0
2022,2,8480196,BUF,2022-04-10,2.9999,1216,2.8293,1094,NA,NA,0
2022,2,8480196,BUF,2022-04-08,2.1727,869,2.1727,869,NA,NA,0
2022,2,8480807,BUF,2022-04-29,3.0147,1271,2.8709,1206,NA,NA,1
2022,2,8480807,BUF,2022-04-28,3.0278,1283,2.4085,977,0.0167,7,0
2022,2,8480807,BUF,2022-04-23,2.9427,1183,2.5038,999,0.0839,30,1
2022,2,8480807,BUF,2022-04-21,3.6332,1423,3.0836,1184,NA,NA,0
2022,2,8480807,BUF,2022-04-17,3.7275,1565,3.4886,1431,NA,NA,0
2022,2,8480807,BUF,2022-04-16,3.4721,1365,3.0022,1125,NA,NA,1
2022,2,8480807,BUF,2022-04-12,3.4164,1400,2.9396,1173,NA,NA,0
2022,2,8480807,BUF,2022-04-10,3.0024,1288,2.9719,1279,0.0305,9,0
2022,2,8480807,BUF,2022-04-08,2.3156,1005,2.185,910,NA,NA,0
2022,2,8480807,BUF,2022-04-07,2.869,1205,2.6236,1080,NA,NA,0
2022,2,8480901,"BOS,SEA",2022-05-01,2.2814,795,2.1443,746,NA,NA,0
2022,2,8480901,"BOS,SEA",2022-04-29,2.4046,876,2.3824,864,NA,NA,1
2022,2,8480901,"BOS,SEA",2022-04-27,1.8897,670,1.6893,616,NA,NA,1
2022,2,8480901,"BOS,SEA",2022-04-26,2.2175,798,1.942,704,0.0682,21,0
2022,2,8480901,"BOS,SEA",2022-04-23,2.2264,836,2.0797,782,NA,NA,0
2022,2,8480901,"BOS,SEA",2022-04-22,2.7583,1002,2.5617,896,NA,NA,0
2022,2,8480901,"BOS,SEA",2022-04-20,3.0055,1109,2.7041,980,0.0061,5,1
2022,2,8480901,"BOS,SEA",2022-04-18,2.1862,810,1.9718,728,NA,NA,1
2022,2,8480901,"BOS,SEA",2022-04-16,2.3848,858,2.2124,789,NA,NA,1
2022,2,8480901,"BOS,SEA",2022-04-12,2.665,956,2.2048,789,NA,NA,0
2022,2,8481546,PHI,2022-04-12,2.7846,1182,2.3559,997,0.3316,136,0
2022,2,8481546,PHI,2022-04-09,2.7564,1202,2.1959,941,0.3387,147,1
2022,2,8481546,PHI,2022-04-07,2.9921,1277,2.0655,913,0.689,280,0
2022,2,8481546,PHI,2022-04-05,3.4199,1507,2.7069,1179,0.5729,258,1
2022,2,8481546,PHI,2022-04-03,3.014,1281,2.4127,986,0.3181,143,0
2022,2,8481546,PHI,2022-04-02,2.7605,1196,2.5473,1123,0.2133,73,1
2022,2,8481546,PHI,2022-03-29,2.6664,1071,2.1354,867,0.5174,204,0
2022,2,8481546,PHI,2022-03-27,3.5235,1497,3.3833,1430,0.1402,67,0
2022,2,8481546,PHI,2022-03-25,2.8662,1206,2.4796,1062,0.3867,144,0
2022,2,8481546,PHI,2022-03-24,2.9842,1233,2.345,973,0.6392,260,0
2022,2,8482124,LAK,2022-04-28,2.4156,871,1.9368,703,0.4788,168,0
2022,2,8482124,LAK,2022-04-27,2.2353,784,2.0562,720,0.152,52,0
2022,2,8482124,LAK,2022-04-23,1.7111,593,1.6152,562,0.0959,31,1
2022,2,8482124,LAK,2022-04-21,1.8048,627,1.8048,627,NA,NA,1
2022,2,8482124,LAK,2022-04-13,2.0894,799,2.0755,794,0.0139,5,0
2022,2,8482124,LAK,2022-04-12,1.8208,643,1.6508,576,0.17,67,0
2022,2,8482124,LAK,2022-04-10,2.4639,890,2.2182,793,0.2449,97,0
2022,2,8482124,LAK,2022-04-07,1.8442,599,1.8238,591,0.0203,8,1
2022,2,8482124,LAK,2022-04-04,1.8439,678,1.8439,678,NA,NA,1
2022,2,8482124,LAK,2022-04-02,1.7413,619,1.7413,619,NA,NA,0
2022,2,8471677,COL,2022-04-29,2.9935,1347,2.2762,916,NA,NA,0
2022,2,8471677,COL,2022-04-24,2.6115,1184,2.4062,1030,NA,NA,0
2022,2,8471677,COL,2022-04-22,2.4655,1085,2.2051,962,NA,NA,0
2022,2,8471677,COL,2022-04-20,2.2229,821,2.0848,745,NA,NA,0
2022,2,8471677,COL,2022-04-18,2.5171,1075,2.4269,1018,NA,NA,1
2022,2,8471677,COL,2022-04-16,2.1801,961,2.0755,905,0.0241,7,1
2022,2,8471677,COL,2022-04-09,2.3402,1053,2.1691,919,NA,NA,0
2022,2,8471677,COL,2022-04-08,2.231,969,2.0064,852,NA,NA,0
2022,2,8471677,COL,2022-04-05,2.7139,1196,2.527,1097,0.0316,17,0
2022,2,8471677,COL,2022-04-02,3.1899,1384,3.047,1312,0.1429,0,1
2022,2,8471729,EDM,2022-04-29,2.9474,1279,2.7468,1181,0.1122,39,1
2022,2,8471729,EDM,2022-04-26,2.2746,918,2.1371000000000002,848,NA,NA,0
2022,2,8471729,EDM,2022-04-24,2.4339,1013,2.0254,829,NA,NA,0
2022,2,8471729,EDM,2022-04-22,2.2867,1008,1.8169,738,NA,NA,1
2022,2,8471729,EDM,2022-04-20,1.6346,638,1.5829,612,NA,NA,1
2022,2,8471729,EDM,2022-04-16,1.6491,728,1.3876,598,NA,NA,1
2022,2,8471729,EDM,2022-04-14,1.6741,690,1.4512,587,NA,NA,0
2022,2,8471729,EDM,2022-03-22,2.3079,906,2.0155,763,NA,NA,0
2022,2,8471729,EDM,2022-03-21,2.7198,1198,2.3443,972,NA,NA,0
2022,2,8471729,EDM,2022-03-19,2.5913,1055,2.4456,989,NA,NA,1
2022,2,8473618,MTL,2022-04-29,2.4523,957,2.1079,819,0.2914,122,1
2022,2,8473618,MTL,2022-04-24,1.1794,463,1.047,396,0.1325,67,1
2022,2,8473618,MTL,2022-04-23,1.5625,603,1.1077,412,0.4548,191,0
2022,2,8473618,MTL,2022-04-21,1.5957,557,1.5957,557,NA,NA,1
2022,2,8473618,MTL,2022-04-19,1.4588,582,1.3039,503,0.1549,79,1
2022,2,8473618,MTL,2022-03-29,1.1414,454,1.1414,454,NA,NA,0
2022,2,8473618,MTL,2022-03-27,0.9685,345,0.9244,313,0.044,32,0
2022,2,8473618,MTL,2022-03-15,1.5724,632,1.5101,588,0.0623,44,1
2022,2,8473618,MTL,2022-03-05,1.6066,632,1.1778,449,0.4288,183,0
2022,2,8473618,MTL,2022-03-01,1.67,656,1.099,406,0.571,250,0
2022,2,8477320,BOS,2022-04-29,2.2911,862,2.0324,750,NA,NA,0
2022,2,8477320,BOS,2022-04-05,1.7618,660,1.7618,660,NA,NA,0
2022,2,8477320,BOS,2022-03-31,2.1343,744,2.0309,704,NA,NA,1
2022,2,8477320,BOS,2022-03-16,1.6388,538,1.4424,495,NA,NA,0
2022,2,8477320,BOS,2022-02-17,1.3598,509,1.3598,509,NA,NA,0
2022,2,8477320,BOS,2022-02-15,2.0557,806,1.9869,785,NA,NA,0
2022,2,8477320,BOS,2022-02-12,2.0254,745,1.8726,687,0.0181,5,0
2022,2,8477320,BOS,2022-02-10,2.0612,741,1.9005,682,NA,NA,1
2022,2,8477320,BOS,2022-02-01,1.5584,572,1.3401,496,NA,NA,1
2022,2,8477320,BOS,2022-01-30,2.0033,780,1.8063,687,NA,NA,0
2022,2,8477462,"BUF,FLA",2022-04-29,2.4414,934,2.31,867,NA,NA,0
2022,2,8477462,"BUF,FLA",2022-04-28,2.3894,960,2.2209,875,NA,NA,0
2022,2,8477462,"BUF,FLA",2022-04-26,2.2569,881,2.1666,756,NA,NA,0
2022,2,8477462,"BUF,FLA",2022-04-24,1.5715,663,1.5715,663,NA,NA,1
2022,2,8477462,"BUF,FLA",2022-04-19,1.8242,688,1.8242,688,NA,NA,0
2022,2,8477462,"BUF,FLA",2022-04-15,2.3895,947,2.3832,944,NA,NA,1
2022,2,8477462,"BUF,FLA",2022-04-12,1.4756,592,1.4756,592,NA,NA,1
2022,2,8477462,"BUF,FLA",2022-04-08,2.1492,919,1.6634,684,NA,NA,1
2022,2,8477462,"BUF,FLA",2022-04-05,1.5802,641,1.5802,641,NA,NA,1
2022,2,8477462,"BUF,FLA",2022-04-03,2.572,1029,2.572,1029,NA,NA,0
2022,2,8477887,PHI,2022-04-12,2.2967,871,1.9224,688,NA,NA,0
2022,2,8477887,PHI,2022-04-09,1.95,696,1.7782,628,0.0081,4,1
2022,2,8477887,PHI,2022-04-07,1.8184,635,1.6737,585,NA,NA,0
2022,2,8477887,PHI,2022-04-05,1.8094,621,1.6783,570,0.005,4,1
2022,2,8477887,PHI,2022-04-03,2.4672,904,2.0866,756,0.0389,14,0
2022,2,8477887,PHI,2022-04-02,2.0511,729,1.9212,668,0.0237,7,1
2022,2,8477887,PHI,2022-03-29,2.0792,755,1.9048,671,0.0612,25,0
2022,2,8477887,PHI,2022-03-27,2.0604,777,1.8714,685,0.0016,2,0
2022,2,8477887,PHI,2022-03-25,2.033,748,1.7434,623,NA,NA,0
2022,2,8477887,PHI,2022-03-24,2.3578,905,1.9919,727,NA,NA,0
2022,2,8478476,ARI,2022-04-29,2.1735,848,2.1724,847,NA,NA,1
2022,2,8478476,ARI,2022-04-27,2.341,967,2.341,967,NA,NA,0
2022,2,8478476,ARI,2022-04-26,2.3588,1000,2.0459,878,0.1492,46,0
2022,2,8478476,ARI,2022-04-23,2.6061,1145,2.5035,1094,NA,NA,1
2022,2,8478476,ARI,2022-04-22,2.622,1074,2.622,1074,NA,NA,1
2022,2,8478476,ARI,2022-04-20,2.8077,1132,2.7953,1123,NA,NA,1
2022,2,8478476,ARI,2022-04-18,2.248,859,2.248,859,NA,NA,1
2022,2,8478476,ARI,2022-04-14,2.2437,923,2.2238,911,0.0051,3,0
2022,2,8478476,ARI,2022-04-12,2.14,856,2.14,856,NA,NA,1
2022,2,8478476,ARI,2022-04-09,2.2335,960,2.1732,929,NA,NA,0
2022,2,8478506,CBJ,2022-04-29,1.9824,804,1.9238,777,0.0146,9,0
2022,2,8478506,CBJ,2022-04-28,1.7838,752,1.5754,655,NA,NA,1
2022,2,8478506,CBJ,2022-04-24,1.5779,684,1.5543,676,NA,NA,1
2022,2,8478506,CBJ,2022-04-22,2.1611,868,2.1611,868,NA,NA,1
2022,2,8478506,CBJ,2022-04-09,0.6427,278,0.5811,250,NA,NA,0
2022,2,8478506,CBJ,2022-03-31,1.7958,733,1.6951,686,NA,NA,0
2022,2,8478506,CBJ,2022-03-29,1.7836,738,1.5692,645,NA,NA,1
2022,2,8478506,CBJ,2022-03-26,2.1523,872,2.0718,830,NA,NA,0
2022,2,8478506,CBJ,2022-03-22,1.8219,771,1.7682,748,0.0096,4,0
2022,2,8478506,CBJ,2022-03-19,1.4803,620,1.4803,620,NA,NA,1
2022,2,8479523,FLA,2022-04-29,2.7244,1154,2.5511,1075,0.055,16,0
2022,2,8479523,FLA,2022-04-28,2.4295,972,2.0966,839,0.2063,74,0
2022,2,8479523,FLA,2022-04-23,1.923,763,1.923,763,NA,NA,1
2022,2,8479523,FLA,2022-04-21,2.2563,859,2.2563,859,NA,NA,1
2022,2,8479523,FLA,2022-04-09,1.543,678,1.5328,675,NA,NA,0
2022,2,8479523,FLA,2022-03-18,2.1595,817,2.1379,817,NA,NA,0
2022,2,8479523,FLA,2022-03-08,1.2838,576,1.2838,576,NA,NA,0
2022,2,8479523,FLA,2022-03-07,2.1857,955,2.0288,947,0.1366,0,0
2022,2,8479523,FLA,2022-03-05,2.5084,1090,2.4908,1082,NA,NA,1
2022,2,8479523,FLA,2022-03-03,1.6088,658,1.6088,656,NA,NA,1
2022,2,8479772,PHI,2022-04-29,1.4959,520,1.4959,520,NA,NA,1
2022,2,8479772,PHI,2022-04-27,1.7889,632,1.7614,619,0.0275,13,0
2022,2,8479772,PHI,2022-04-25,1.5816,607,1.5816,607,NA,NA,0
2022,2,8479772,PHI,2022-04-24,1.5944,538,1.5944,538,NA,NA,1
2022,2,8479772,PHI,2022-04-21,2.0856,724,2.0156,703,0.0701,21,0
2022,2,8479772,PHI,2022-04-19,1.8515,624,1.8515,624,NA,NA,0
2022,2,8479772,PHI,2022-04-17,1.9834,743,1.9586,727,0.0248,16,1
2022,2,8479772,PHI,2022-04-16,1.5661,556,1.5661,556,NA,NA,0
2022,2,8479772,PHI,2022-04-13,1.398,504,1.398,504,NA,NA,1
2022,2,8479772,PHI,2022-04-02,1.9219,669,1.9022,662,0.0197,7,1
2022,2,8479984,TBL,2022-04-29,1.8866,805,1.8866,805,NA,NA,0
2022,2,8479984,TBL,2022-04-28,1.909,865,1.89,857,0.0018,2,0
2022,2,8479984,TBL,2022-04-26,2.7605,1244,2.6773,1200,0.0054,2,1
2022,2,8479984,TBL,2022-04-24,1.7181,743,1.7083,738,NA,NA,0
2022,2,8479984,TBL,2022-04-23,1.917,821,1.917,821,NA,NA,1
2022,2,8479984,TBL,2022-04-21,1.7651,708,1.7221,684,0.0364,18,1
2022,2,8479984,TBL,2022-04-14,1.8436,710,1.8436,710,NA,NA,1
2022,2,8479984,TBL,2022-04-12,1.0611,412,1.0611,412,NA,NA,0
2022,2,8479984,TBL,2022-04-08,1.6251,683,1.6251,683,NA,NA,1
2022,2,8479984,TBL,2022-04-06,1.0708,472,1.0708,472,NA,NA,0
2022,2,8480011,STL,2022-03-06,0.7419,243,0.7419,243,NA,NA,0
2022,2,8480011,STL,2022-03-05,1.181,412,1.181,412,NA,NA,0
2022,2,8480011,STL,2022-02-27,1.5475,617,1.4494,548,0.0981,69,0
2022,2,8480011,STL,2022-02-25,1.2163,417,1.2163,417,NA,NA,1
2022,2,8480011,STL,2022-02-22,1.8209,612,1.8209,612,NA,NA,0
2022,2,8480011,STL,2022-02-19,1.2572,449,1.2572,449,NA,NA,0
2022,2,8480011,STL,2022-02-17,0.9618,343,0.9618,343,NA,NA,0
2022,2,8480011,STL,2022-02-15,1.4342,513,1.4342,513,NA,NA,0
2022,2,8480011,STL,2022-02-12,1.3426,485,1.3426,485,NA,NA,1
2022,2,8480011,STL,2022-02-10,1.3778,526,1.3778,526,NA,NA,1
2022,2,8480060,SJS,2022-04-29,1.739,649,1.6349,601,0.1041,48,0
2022,2,8480060,SJS,2022-04-28,1.6627,618,1.5776,575,0.085,43,0
2022,2,8480060,SJS,2022-04-26,1.8961,691,1.4453,511,0.4508,180,1
2022,2,8480060,SJS,2022-04-24,1.4881,589,1.3367,524,0.1514,65,0
2022,2,8480060,SJS,2022-04-23,1.7065,627,1.3907,496,0.3158,131,1
2022,2,8480060,SJS,2022-04-21,1.8739,715,1.7512,656,0.1226,59,1
2022,2,8480060,SJS,2022-04-19,1.6376,635,1.4085,532,0.2291,103,1
2022,2,8480060,SJS,2022-04-17,1.6451,580,1.3287,454,0.3165,126,0
2022,2,8480060,SJS,2022-04-16,1.88,730,1.6106,611,0.2694,119,0
2022,2,8480060,SJS,2022-04-14,1.6626,628,1.5734,576,0.0892,52,0
2022,2,8480220,PHI,2022-04-29,2.3363,868,1.9736,723,NA,NA,1
2022,2,8480220,PHI,2022-04-27,2.229,786,2.0017,704,0.0513,18,0
2022,2,8480220,PHI,2022-04-25,1.6043,611,1.3362,477,NA,NA,0
2022,2,8480220,PHI,2022-04-24,1.8039,677,1.7087,642,0.0065,8,1
2022,2,8480220,PHI,2022-04-21,1.9046,708,1.8609,674,NA,NA,0
2022,2,8480220,PHI,2022-04-19,2.2757,866,2.1,796,0.049,14,0
2022,2,8480220,PHI,2022-04-17,2.375,895,2.272,839,NA,NA,1
2022,2,8480220,PHI,2022-04-16,1.6715,603,1.4064,492,NA,NA,0
2022,2,8480220,PHI,2022-04-13,2.2467,797,2.0969,737,NA,NA,1
2022,2,8480220,PHI,2022-04-12,2.3676,859,2.1968,786,NA,NA,0
2022,2,8481656,WSH,2022-02-02,1.5839,620,1.5839,620,NA,NA,1
2022,2,8481656,WSH,2022-01-26,1.2936,492,1.2936,492,NA,NA,1
2022,2,8481656,WSH,2022-01-24,0.7533,353,0.7533,353,NA,NA,1
2022,2,8481656,WSH,2022-01-22,1.5535,568,1.3045,491,0.249,77,1
2022,2,8481656,WSH,2022-01-20,1.9235,760,1.7624,710,0.1611,50,0
2022,2,8481656,WSH,2022-01-18,2.1667,816,2.0144,745,0.1479,67,1
2022,2,8481656,WSH,2022-01-16,1.4086,517,1.4086,517,NA,NA,1
2022,2,8481656,WSH,2022-01-15,2.2034,835,2.0737,793,0.1297,42,0
2022,2,8481656,WSH,2022-01-10,1.8807,785,1.8807,785,NA,NA,1
2022,2,8481656,WSH,2022-01-08,1.22,481,1.22,481,NA,NA,0
2022,2,8482665,SEA,2022-05-01,2.635,871,2.5684,840,0.0462,22,0
2022,2,8482665,SEA,2022-04-29,2.6458,920,2.5209,855,0.1249,65,1
2022,2,8482665,SEA,2022-04-27,3.2241,1113,2.4,803,0.8241,310,1
2022,2,8482665,SEA,2022-04-26,3.2737,1136,2.2802,727,0.9513,397,0
2022,2,8482665,SEA,2022-04-23,3.2589,1088,3.1126,1020,0.1387,63,0
2022,2,8482665,SEA,2022-04-22,2.7784,943,2.3964,775,0.382,168,0
2022,2,8482665,SEA,2022-04-20,2.2746,785,2.13,715,0.1446,70,1
2022,2,8482665,SEA,2022-04-18,3.0211,1184,2.0045,741,1.0166,443,1
2022,2,8482665,SEA,2022-04-16,3.2461,1094,2.8706,955,0.3755,139,1
2022,2,8482665,SEA,2022-04-12,3.1295,1030,2.893,940,0.2335,90,0
2022,2,8470755,"CGY,VAN",2022-04-29,1.826,695,1.6402,616,0.0136,12,0
2022,2,8470755,"CGY,VAN",2022-04-28,2.3045,911,1.7045,646,NA,NA,1
2022,2,8470755,"CGY,VAN",2022-04-26,2.1319,772,1.775,628,NA,NA,1
2022,2,8470755,"CGY,VAN",2022-04-23,1.726,620,1.6453,583,NA,NA,0
2022,2,8470755,"CGY,VAN",2022-04-21,1.5142,541,1.3362,465,NA,NA,0
2022,2,8470755,"CGY,VAN",2022-04-19,1.4972,542,1.2847,467,NA,NA,1
2022,2,8470755,"CGY,VAN",2022-04-18,1.2956,463,1.2615,449,NA,NA,1
2022,2,8470755,"CGY,VAN",2022-04-14,1.8948,677,1.6398,583,0.1059,30,1
2022,2,8470755,"CGY,VAN",2022-04-12,1.5048,523,1.1381,383,0.1419,0,1
2022,2,8470755,"CGY,VAN",2022-04-09,1.4497,506,1.2098,420,NA,NA,1
2022,2,8474090,CAR,2022-04-28,2.6725,1080,2.4233,963,NA,NA,1
2022,2,8474090,CAR,2022-04-26,1.7108,700,1.605,654,0.0123,4,0
2022,2,8474090,CAR,2022-04-24,2.2585,963,1.9417,832,NA,NA,0
2022,2,8474090,CAR,2022-04-23,1.6699,680,1.4655,601,NA,NA,0
2022,2,8474090,CAR,2022-04-21,2.0932,887,2.0579,874,0.0174,6,1
2022,2,8474090,CAR,2022-04-18,2.0168,837,1.8081,734,NA,NA,0
2022,2,8474090,CAR,2022-04-12,1.8551,828,1.6376,726,NA,NA,0
2022,2,8474090,CAR,2022-04-08,1.4802,637,1.1603,480,NA,NA,1
2022,2,8474090,CAR,2022-04-07,2.2084,898,2.118,852,NA,NA,1
2022,2,8474090,CAR,2022-04-05,1.6844,712,1.6103,671,NA,NA,0
2022,2,8474166,VGK,2022-04-29,2.4849,1102,2.3715,1053,NA,NA,0
2022,2,8474166,VGK,2022-04-27,2.6989,1258,2.4542,1146,0.0267,9,0
2022,2,8474166,VGK,2022-04-26,2.9344,1283,2.8237,1222,NA,NA,0
2022,2,8474166,VGK,2022-04-24,3.0196,1293,2.9008,1246,NA,NA,1
2022,2,8474166,VGK,2022-04-20,2.7844,1157,2.7698,1151,NA,NA,1
2022,2,8474166,VGK,2022-04-18,3.0145,1254,2.8903,1207,NA,NA,1
2022,2,8474166,VGK,2022-04-16,2.8192,1281,2.77,1257,0.0138,6,0
2022,2,8474166,VGK,2022-04-14,2.4925,1102,2.1944,966,NA,NA,0
2022,2,8474166,VGK,2022-04-12,2.5351,1116,2.3008,1030,NA,NA,0
2022,2,8474166,VGK,2022-04-09,2.1911,1002,2.1634,988,0.0277,14,1
2022,2,8474567,TBL,2022-04-29,1.3949,588,1.3949,588,NA,NA,0
2022,2,8474567,TBL,2022-04-28,1.828,717,1.76,680,0.0105,3,0
2022,2,8474567,TBL,2022-04-26,2.6767,1162,2.6094,1131,NA,NA,1
2022,2,8474567,TBL,2022-04-24,1.2995,602,1.2995,602,NA,NA,0
2022,2,8474567,TBL,2022-04-23,2.2122,927,2.2122,927,NA,NA,1
2022,2,8474567,TBL,2022-04-21,1.9262,789,1.8401,739,NA,NA,1
2022,2,8474567,TBL,2022-04-19,2.11,802,2.11,802,NA,NA,1
2022,2,8474567,TBL,2022-04-16,1.8525,737,1.8525,737,NA,NA,1
2022,2,8474567,TBL,2022-04-10,2.6121,1109,2.4708,1043,NA,NA,1
2022,2,8474567,TBL,2022-04-08,1.9558,779,1.9558,779,NA,NA,1
2022,2,8474818,MIN,2022-04-28,1.841,845,1.8092,829,NA,NA,1
2022,2,8474818,MIN,2022-04-26,1.5689,681,1.4682,634,NA,NA,1
2022,2,8474818,MIN,2022-04-22,2.1153,948,1.8968,837,NA,NA,1
2022,2,8474818,MIN,2022-04-19,2.1955,1003,2.1114,954,NA,NA,0
2022,2,8474818,MIN,2022-04-17,1.792,795,1.7346,767,NA,NA,1
2022,2,8474818,MIN,2022-04-16,1.8484,813,1.8484,813,NA,NA,0
2022,2,8474818,MIN,2022-04-14,1.8799,890,1.8499,869,NA,NA,0
2022,2,8474818,MIN,2022-04-12,2.1566,1031,2.1566,1031,NA,NA,1
2022,2,8474818,MIN,2022-04-10,2.0356,921,1.9714,890,0.0564,23,1
2022,2,8474818,MIN,2022-04-08,1.8755,861,1.7076,774,NA,NA,0
2022,2,8474849,ARI,2022-04-29,2.0833,736,1.88,671,NA,NA,1
2022,2,8474849,ARI,2022-04-27,2.1511,784,1.9448,693,NA,NA,0
2022,2,8474849,ARI,2022-04-26,2.322,838,1.6504,592,0.0201,7,0
2022,2,8474849,ARI,2022-04-23,2.2416,781,1.9532,685,NA,NA,1
2022,2,8474849,ARI,2022-04-22,2.4058,830,1.927,660,NA,NA,1
2022,2,8474849,ARI,2022-04-20,2.4813,940,1.9746,744,NA,NA,1
2022,2,8474849,ARI,2022-03-05,2.2408,846,2.0949,791,0.0071,3,1
2022,2,8474849,ARI,2022-03-03,2.2079,821,2.1637,799,NA,NA,1
2022,2,8474849,ARI,2022-02-27,2.1891,780,2.1891,780,NA,NA,1
2022,2,8474849,ARI,2022-02-25,2.1632,799,1.9909,742,NA,NA,1
2022,2,8475177,CHI,2022-04-21,1.4724,717,1.3731,632,NA,NA,0
2022,2,8475177,CHI,2022-04-18,3.1071,1346,2.8198,1168,NA,NA,1
2022,2,8475177,CHI,2022-04-14,2.7147,1132,2.7147,1132,NA,NA,1
2022,2,8475177,CHI,2022-04-10,2.3645,1033,2.1994,951,NA,NA,1
2022,2,8475177,CHI,2022-04-07,2.7241,1109,2.6063,1058,NA,NA,1
2022,2,8475177,CHI,2022-04-03,2.5502,1141,2.4807,1104,NA,NA,1
2022,2,8475177,CHI,2022-04-01,2.2679,1086,2.1663,1037,0.0371,14,0
2022,2,8475177,CHI,2022-03-31,2.1986,950,2.0691,855,NA,NA,0
2022,2,8475177,CHI,2022-03-28,2.7909,1299,2.6665,1214,NA,NA,1
2022,2,8475177,CHI,2022-03-26,2.2554,974,2.1281,900,NA,NA,0
2022,2,8476288,"ARI,SJS",2022-03-05,2.7379,1015,2.3622,885,0.3757,130,1
2022,2,8476288,"ARI,SJS",2022-03-01,2.7728,971,2.7728,971,NA,NA,0
2022,2,8476288,"ARI,SJS",2022-02-27,2.7666,1047,2.1558,817,0.6107,230,1
2022,2,8476288,"ARI,SJS",2022-02-26,2.7296,983,2.2704,816,0.4592,167,1
2022,2,8476288,"ARI,SJS",2022-02-24,2.3229,836,2.3229,836,NA,NA,1
2022,2,8476288,"ARI,SJS",2022-02-22,2.761,1007,2.2993,844,0.4617,151,0
2022,2,8476288,"ARI,SJS",2022-02-11,1.9149,674,1.9149,674,NA,NA,0
2022,2,8476288,"ARI,SJS",2022-02-09,2.0169,712,2.0056,708,NA,NA,0
2022,2,8476288,"ARI,SJS",2022-02-08,1.9686,717,1.9686,717,NA,NA,0
2022,2,8476288,"ARI,SJS",2022-02-01,1.9711,678,1.9556,668,0.0155,10,0
2022,2,8476874,LAK,2022-04-28,2.3878,980,2.3878,980,NA,NA,0
2022,2,8476874,LAK,2022-04-23,2.9883,1163,2.9795,1157,NA,NA,1
2022,2,8476874,LAK,2022-04-21,2.66,1060,2.4416,948,NA,NA,1
2022,2,8476874,LAK,2022-04-19,3.0087,1251,2.6665,1075,NA,NA,0
2022,2,8476874,LAK,2022-04-16,2.5807,1054,2.5308,1031,0.0286,12,1
2022,2,8476874,LAK,2022-04-13,2.4745,1102,2.3506,1004,NA,NA,0
2022,2,8476874,LAK,2022-04-12,2.704,1138,2.0955,850,0.2177,85,0
2022,2,8476874,LAK,2022-04-10,2.2308,1020,2.0113,889,NA,NA,0
2022,2,8476874,LAK,2022-04-07,2.5678,1021,2.1838,843,0.0122,6,1
2022,2,8476874,LAK,2022-04-04,2.4488,926,2.3773,878,NA,NA,1
2022,2,8477034,SJS,2022-04-29,2.7365,1313,2.6136,1258,NA,NA,0
2022,2,8477034,SJS,2022-04-28,2.523,1211,2.2037,1019,NA,NA,0
2022,2,8477034,SJS,2022-04-26,2.539,1104,2.5384,1102,6e-4,2,1
2022,2,8477034,SJS,2022-04-24,2.8156,1330,2.4829,1134,0.0107,5,0
2022,2,8477034,SJS,2022-04-23,2.205,1006,2.0003,873,NA,NA,1
2022,2,8477034,SJS,2022-04-21,2.697,1310,2.1961,1051,NA,NA,1
2022,2,8477034,SJS,2022-04-19,2.4738,1227,2.1741,1060,0,0,1
2022,2,8477034,SJS,2022-04-16,2.7161,1184,2.6143,1125,NA,NA,0
2022,2,8477034,SJS,2022-04-14,2.6632,1209,2.5597,1161,NA,NA,0
2022,2,8477034,SJS,2022-04-12,2.8982,1337,2.6539,1211,NA,NA,0
2022,2,8477355,BUF,2022-04-14,2.1584,831,2.1584,831,NA,NA,1
2022,2,8477355,BUF,2022-04-05,1.8801,808,1.8801,808,NA,NA,1
2022,2,8477355,BUF,2022-03-30,2.1664,872,2.1662,872,2e-4,0,1
2022,2,8477355,BUF,2022-03-28,2.1968,909,2.1968,909,NA,NA,0
2022,2,8477355,BUF,2022-03-27,1.9161,768,1.9161,768,NA,NA,0
2022,2,8477355,BUF,2022-03-20,2.3268,965,2.217,900,NA,NA,0
2022,2,8477355,BUF,2022-01-29,0.0957,53,0.0957,53,NA,NA,0
2022,2,8477355,BUF,2022-01-20,0.5048,205,0.5048,205,NA,NA,1
2022,2,8477355,BUF,2022-01-18,2.3927,985,2.2809,931,0.1118,54,0
2022,2,8477355,BUF,2022-01-17,2.5606,1048,2.3826,949,0.178,99,1
2022,2,8477851,DET,2022-04-29,2.6004,1084,2.2256,946,0.3721,136,0
2022,2,8477851,DET,2022-04-26,2.3371,1009,2.2696,973,0.0676,36,0
2022,2,8477851,DET,2022-04-23,2.6905,1102,2.5315,1043,0.159,59,1
2022,2,8477851,DET,2022-04-21,1.3366,482,1.3366,482,NA,NA,0
2022,2,8477851,DET,2022-04-19,1.382,581,1.382,581,NA,NA,0
2022,2,8477851,DET,2022-04-09,2.9236,1206,2.9236,1206,NA,NA,1
2022,2,8477851,DET,2022-04-03,1.2881,458,1.2881,458,NA,NA,0
2022,2,8477851,DET,2022-03-27,3.2605,1417,2.303,983,0.6202,277,0
2022,2,8477851,DET,2022-03-26,3.2994,1420,2.2786,941,0.6398,234,1
2022,2,8477851,DET,2022-03-24,3.1847,1316,3.1541,1299,NA,NA,0
2022,2,8478057,STL,2022-04-23,1.7951,695,1.7951,695,NA,NA,0
2022,2,8478057,STL,2022-04-21,1.55,560,1.55,560,NA,NA,0
2022,2,8478057,STL,2022-04-19,1.2102,455,1.2102,455,NA,NA,1
2022,2,8478057,STL,2022-04-17,2.1178,770,2.1178,770,NA,NA,0
2022,2,8478057,STL,2022-04-16,1.3512,512,1.3512,512,NA,NA,1
2022,2,8478057,STL,2022-03-05,1.0885,444,1.0885,444,NA,NA,0
2022,2,8478057,STL,2022-03-02,0.9753,380,0.9753,380,NA,NA,0
2022,2,8478057,STL,2022-02-27,1.3076,540,1.2495,471,0.0581,69,0
2022,2,8478057,STL,2022-02-17,0.8997,318,0.8997,318,NA,NA,0
2022,2,8478057,STL,2022-02-15,1.399,503,1.399,503,NA,NA,0
2022,2,8478075,BUF,2022-04-29,0.9554,327,0.9554,327,NA,NA,1
2022,2,8478075,BUF,2022-04-28,1.9168,691,1.9168,691,NA,NA,0
2022,2,8478075,BUF,2022-04-23,2.244,810,2.1927,787,0.0513,23,1
2022,2,8478075,BUF,2022-04-21,1.9616,688,1.9616,688,NA,NA,0
2022,2,8478075,BUF,2022-04-17,2.2958,844,2.2958,844,NA,NA,0
2022,2,8478075,BUF,2022-04-16,1.8109,652,1.8109,652,NA,NA,1
2022,2,8478075,BUF,2022-04-10,2.1019,745,2.1019,745,NA,NA,0
2022,2,8478075,BUF,2022-03-04,2.0259,719,2.0247,719,NA,NA,1
2022,2,8478075,BUF,2022-03-02,2.721,905,2.721,905,NA,NA,0
2022,2,8478075,BUF,2022-02-27,2.2987,776,2.2987,776,NA,NA,0
2022,2,8478569,FLA,2022-04-29,3.063,1138,2.7851,1006,NA,NA,0
2022,2,8478569,FLA,2022-04-28,2.3808,864,1.8133,629,0.2339,99,0
2022,2,8478569,FLA,2022-04-26,2.2925,864,2.1305,790,0.0267,8,0
2022,2,8478569,FLA,2022-04-24,1.932,745,1.8553,711,NA,NA,1
2022,2,8478569,FLA,2022-04-23,2.0165,771,2.0165,771,NA,NA,1
2022,2,8478569,FLA,2022-04-21,2.0194,714,1.8756,645,NA,NA,1
2022,2,8478569,FLA,2022-03-29,0.6822,277,0.6358,244,0.0464,33,1
2022,2,8478569,FLA,2022-03-27,1.172,433,1.0752,390,0.0968,43,0
2022,2,8478569,FLA,2022-03-26,1.4946,556,1.4946,556,NA,NA,0
2022,2,8478569,FLA,2022-03-24,1.4615,536,1.4615,536,NA,NA,0
2022,2,8478840,SEA,2022-05-01,2.8375,1118,2.7047,1050,NA,NA,0
2022,2,8478840,SEA,2022-04-29,2.8387,1137,2.7247,1017,NA,NA,1
2022,2,8478840,SEA,2022-04-27,2.3776,933,2.2557,898,NA,NA,1
2022,2,8478840,SEA,2022-04-26,2.5732,973,2.3748,858,0.0156,6,0
2022,2,8478840,SEA,2022-04-23,2.4509,948,2.3385,899,NA,NA,0
2022,2,8478840,SEA,2022-04-22,2.5105,951,2.239,831,NA,NA,0
2022,2,8478840,SEA,2022-04-20,2.6839,985,2.6497,969,NA,NA,1
2022,2,8478840,SEA,2022-04-18,2.3004,945,2.1164,853,NA,NA,1
2022,2,8478840,SEA,2022-04-16,2.5344,943,2.3183,839,NA,NA,1
2022,2,8478840,SEA,2022-04-12,2.5415,1022,2.2846,906,NA,NA,0
2022,2,8479945,CBJ,2022-04-29,1.4183,608,1.4183,608,NA,NA,0
2022,2,8479945,CBJ,2022-04-28,1.669,699,1.6247,682,NA,NA,1
2022,2,8479945,CBJ,2022-04-22,2.0102,860,2.0102,860,NA,NA,1
2022,2,8479945,CBJ,2022-04-19,1.5562,642,1.5562,642,NA,NA,0
2022,2,8479945,CBJ,2022-04-02,1.8301,864,1.7705,837,NA,NA,0
2022,2,8479945,CBJ,2022-03-13,0.9612,432,0.9612,432,NA,NA,1
2022,2,8479945,CBJ,2022-03-11,1.3121,638,1.3121,638,NA,NA,1
2022,2,8479945,CBJ,2022-03-05,1.3439,573,1.3439,573,NA,NA,1
2022,2,8479945,CBJ,2022-03-04,1.6458,692,1.6458,692,NA,NA,1
2022,2,8479945,CBJ,2022-03-01,1.4209,636,1.2586,570,NA,NA,1
2022,2,8479986,SEA,2022-05-01,2.7785,963,2.6853,963,0.0932,0,0
2022,2,8479986,SEA,2022-04-29,2.5328,910,2.404,854,0.1287,56,1
2022,2,8479986,SEA,2022-04-23,2.5758,932,2.4485,883,0.1273,49,0
2022,2,8479986,SEA,2022-04-22,2.3,777,2.3,777,NA,NA,0
2022,2,8479986,SEA,2022-04-20,2.4895,865,2.4895,865,NA,NA,1
2022,2,8479986,SEA,2022-04-16,1.6986,602,1.6986,602,NA,NA,1
2022,2,8479986,SEA,2022-04-12,2.0689,727,2.0674,727,NA,NA,0
2022,2,8479986,SEA,2022-04-09,2.036,671,2.036,671,NA,NA,1
2022,2,8479986,SEA,2022-04-07,2.4388,843,2.4388,843,NA,NA,0
2022,2,8479986,SEA,2022-04-06,2.0861,729,1.9909,704,NA,NA,0
2022,2,8479998,LAK,2022-04-28,2.0825,1037,2.0348,996,NA,NA,0
2022,2,8479998,LAK,2022-04-27,3.2611,1467,2.8762,1286,0.0557,15,0
2022,2,8479998,LAK,2022-03-07,0.8203,364,0.8203,364,NA,NA,0
2022,2,8479998,LAK,2022-03-06,3.3983,1439,3.2802,1393,NA,NA,0
2022,2,8479998,LAK,2022-03-04,3.3975,1439,3.3925,1438,NA,NA,0
2022,2,8479998,LAK,2022-03-02,2.8393,1291,2.4829,1102,NA,NA,0
2022,2,8479998,LAK,2022-02-28,2.6624,1140,2.4165,1032,NA,NA,1
2022,2,8479998,LAK,2022-02-26,2.8861,1266,2.472,1081,0.0382,13,1
2022,2,8479998,LAK,2022-02-25,3.2285,1364,2.8783,1179,NA,NA,0
2022,2,8479998,LAK,2022-02-23,3.1673,1427,2.9936,1314,NA,NA,0
2022,2,8480053,SJS,2022-04-28,2.1209,736,2.1209,736,NA,NA,0
2022,2,8480053,SJS,2022-04-26,1.9952,667,1.9952,667,NA,NA,1
2022,2,8480053,SJS,2022-04-24,1.9063,692,1.9063,692,NA,NA,0
2022,2,8480053,SJS,2022-04-23,1.6103,566,1.587,555,NA,NA,1
2022,2,8480053,SJS,2022-04-21,1.9574,740,1.7628,651,NA,NA,1
2022,2,8480053,SJS,2022-04-19,1.9256,696,1.8076,654,3e-4,0,1
2022,2,8480053,SJS,2022-04-17,1.5345,547,1.4749,525,NA,NA,0
2022,2,8480053,SJS,2022-04-16,2.988,1016,2.8852,974,0.1028,42,0
2022,2,8480053,SJS,2022-04-14,2.4844,826,2.2151,713,0.1047,53,0
2022,2,8480053,SJS,2022-04-12,2.7527,935,2.6348,888,NA,NA,0
2022,2,8480188,NJD,2022-04-29,2.9036,1076,2.7873,1015,0.1163,61,1
2022,2,8480188,NJD,2022-04-28,2.7698,994,2.4574,879,0.3124,115,0
2022,2,8480188,NJD,2022-04-26,2.7963,996,2.5452,900,0.2511,96,0
2022,2,8480188,NJD,2022-04-23,2.4797,951,2.0426,760,0.4372,191,1
2022,2,8480188,NJD,2022-04-21,2.1803,809,1.8158,609,0.3644,200,1
2022,2,8480188,NJD,2022-04-18,2.6451,947,2.5535,910,0.0916,37,0
2022,2,8480188,NJD,2022-04-16,2.04,645,1.7654,551,0.2746,94,0
2022,2,8480188,NJD,2022-04-14,2.7158,964,2.481,877,0.2348,87,0
2022,2,8480188,NJD,2022-04-12,2.7058,957,2.1872,749,0.5185,208,0
2022,2,8480188,NJD,2022-04-07,2.638,901,2.2931,782,0.3449,119,1
2022,2,8481600,LAK,2022-04-27,2.6443,1128,2.3301,988,NA,NA,0
2022,2,8481600,LAK,2022-04-10,1.9366,769,1.8566,731,NA,NA,0
2022,2,8481600,LAK,2022-04-07,2.2514,976,2.1135,906,NA,NA,1
2022,2,8481600,LAK,2022-04-04,2.0644,904,2.0644,904,NA,NA,1
2022,2,8481600,LAK,2022-04-02,2.3257,1023,2.1581,954,NA,NA,0
2022,2,8481600,LAK,2022-03-31,3.03,1301,2.9279,1245,NA,NA,0
2022,2,8481600,LAK,2022-03-30,3.0895,1255,3.0856,1252,0.0038,3,0
2022,2,8481600,LAK,2022-03-28,2.8814,1216,2.8199,1182,NA,NA,1
2022,2,8481600,LAK,2022-03-26,3.172,1301,3.0524,1243,NA,NA,1
2022,2,8481600,LAK,2022-03-13,3.1162,1190,2.9237,1097,NA,NA,1
2022,2,8481606,LAK,2022-04-28,3.0205,1312,2.5436,1119,0.4768,193,0
2022,2,8481606,LAK,2022-04-27,2.66,1183,2.2361,992,0.1398,54,0
2022,2,8481606,LAK,2022-04-23,2.6595,1168,2.2836,1010,0.3707,152,1
2022,2,8481606,LAK,2022-04-21,2.6952,1118,2.4473,1024,0.2479,94,1
2022,2,8481606,LAK,2022-04-19,2.5708,1075,2.4625,1027,NA,NA,0
2022,2,8481606,LAK,2022-04-16,2.8757,1221,2.5142,1085,0.3482,125,1
2022,2,8481606,LAK,2022-04-13,2.5665,1131,2.4771,1093,0.0895,38,0
2022,2,8481606,LAK,2022-04-12,2.546,1023,2.144,865,0.3937,155,0
2022,2,8481606,LAK,2022-04-10,2.9237,1264,2.5685,1126,0.2505,92,0
2022,2,8481606,LAK,2022-04-07,2.6908,1047,2.3179,905,0.373,142,1
2022,2,8474038,MTL,2022-04-19,0.8122,281,0.6956,232,NA,NA,1
2022,2,8474038,MTL,2022-04-15,2.0654,714,1.8933,639,NA,NA,1
2022,2,8474038,MTL,2022-04-13,2.1113,744,1.9405,673,0.0288,9,0
2022,2,8474038,MTL,2022-04-11,1.8911,682,1.8911,682,NA,NA,1
2022,2,8474038,MTL,2022-04-05,2.4027,853,1.9921,681,NA,NA,1
2022,2,8474038,MTL,2022-04-02,2.9393,998,2.8922,986,0.0471,12,0
2022,2,8474038,MTL,2022-03-31,2.2501,892,2.151,829,NA,NA,0
2022,2,8474038,MTL,2022-03-29,2.3425,812,2.0196,685,NA,NA,0
2022,2,8474038,MTL,2022-03-27,2.5264,855,2.2241,746,0.1359,52,0
2022,2,8474038,MTL,2022-03-26,2.8497,966,2.5633,848,NA,NA,1
2022,2,8474709,NYI,2022-04-29,1.7199,640,1.7033,640,0.0166,0,1
2022,2,8474709,NYI,2022-04-28,1.2412,531,1.226,523,0.0148,8,1
2022,2,8474709,NYI,2022-04-26,2.1568,897,2.0367,872,0.0495,0,0
2022,2,8474709,NYI,2022-04-24,2.3723,909,2.3723,909,NA,NA,1
2022,2,8474709,NYI,2022-04-23,1.792,647,1.6696,596,NA,NA,0
2022,2,8474709,NYI,2022-04-21,2.288,862,2.288,862,NA,NA,1
2022,2,8474709,NYI,2022-04-19,1.1046,407,1.1046,407,NA,NA,1
2022,2,8474709,NYI,2022-04-17,1.6075,665,1.6075,665,NA,NA,0
2022,2,8474709,NYI,2022-04-15,1.7826,699,1.7826,699,NA,NA,0
2022,2,8474709,NYI,2022-04-14,1.6105,633,1.5844,619,0.0261,14,0
2022,2,8474870,CHI,2022-04-29,2.2457,828,2.0901,778,0.1556,50,0
2022,2,8474870,CHI,2022-04-27,2.6796,1038,2.4186,916,0.2611,122,1
2022,2,8474870,CHI,2022-04-25,2.341,915,1.9461,735,0.3949,180,1
2022,2,8474870,CHI,2022-04-23,2.3903,846,2.3903,846,NA,NA,0
2022,2,8474870,CHI,2022-04-21,1.8516,694,1.7672,660,0.0842,34,0
2022,2,8474870,CHI,2022-04-20,2.6539,983,2.1627,810,0.4912,173,0
2022,2,8474870,CHI,2022-04-18,2.5196,905,2.3303,842,0.1894,63,1
2022,2,8474870,CHI,2022-04-16,2.1491,780,1.7612,630,0.3879,150,0
2022,2,8474870,CHI,2022-04-07,1.2869,428,1.2869,428,NA,NA,1
2022,2,8474870,CHI,2022-04-03,2.2625,882,2.042,766,0.2205,116,1
2022,2,8475747,NYR,2022-04-29,2.3302,1017,2.188,945,0.0132,0,1
2022,2,8475747,NYR,2022-04-27,2.5086,1087,2.3546,1002,0.0191,9,1
2022,2,8475747,NYR,2022-04-26,2.0227,900,2.0176,898,NA,NA,1
2022,2,8475747,NYR,2022-04-23,2.0766,836,1.9222,767,NA,NA,0
2022,2,8475747,NYR,2022-04-19,2.2832,939,2.1367,886,0.0104,4,1
2022,2,8475747,NYR,2022-04-16,2.4806,995,2.4806,995,NA,NA,1
2022,2,8475747,NYR,2022-04-07,2.0427,845,2.0427,843,NA,NA,1
2022,2,8475747,NYR,2022-04-03,2.044,816,2.0287,809,NA,NA,1
2022,2,8475747,NYR,2022-04-01,2.3899,983,2.3146,950,0.0084,4,1
2022,2,8475747,NYR,2022-03-30,1.9564,815,1.9564,815,NA,NA,0
2022,2,8476345,CBJ,2021-12-14,2.7884,997,2.7884,997,NA,NA,0
2022,2,8476345,CBJ,2021-12-11,3.268,1186,2.8931,1021,0.3748,165,0
2022,2,8476345,CBJ,2021-12-09,3.291,1109,2.8386,942,0.4524,167,1
2022,2,8476345,CBJ,2021-12-07,2.5359,850,2.5359,850,NA,NA,0
2022,2,8476345,CBJ,2021-12-05,2.2267,749,2.2267,749,NA,NA,1
2022,2,8476345,CBJ,2021-12-04,1.7348,607,1.7348,607,NA,NA,0
2022,2,8476345,CBJ,2021-11-27,1.6619,612,1.6619,612,NA,NA,0
2022,2,8476345,CBJ,2021-11-26,1.7624,589,1.7624,589,NA,NA,1
2022,2,8476345,CBJ,2021-11-24,2.1143,689,1.8655,605,0.1775,59,1
2022,2,8476345,CBJ,2021-11-22,2.5252,859,2.5252,859,NA,NA,0
2022,2,8476867,CBJ,2022-04-29,1.3697,497,1.3697,497,NA,NA,0
2022,2,8476867,CBJ,2022-04-28,1.3352,509,1.333,506,NA,NA,1
2022,2,8476867,CBJ,2022-04-26,1.684,625,1.684,625,NA,NA,0
2022,2,8476867,CBJ,2022-04-22,1.3386,523,1.3386,523,NA,NA,1
2022,2,8476867,CBJ,2022-04-19,0.9554,352,0.9554,352,NA,NA,0
2022,2,8476867,CBJ,2022-04-17,1.946,750,1.946,750,NA,NA,0
2022,2,8476867,CBJ,2022-04-13,1.4307,536,1.4307,536,NA,NA,1
2022,2,8476867,CBJ,2022-04-09,0.9231,328,0.9231,328,NA,NA,0
2022,2,8476867,CBJ,2022-04-07,1.4179,473,1.4179,473,NA,NA,1
2022,2,8476867,CBJ,2022-04-05,1.5108,550,1.5073,550,NA,NA,0
2022,2,8477527,NYI,2022-04-26,2.0567,794,2.0124,794,0.0443,0,0
2022,2,8477527,NYI,2022-04-24,2.1822,829,2.1822,829,NA,NA,1
2022,2,8477527,NYI,2022-04-23,1.1028,429,1.1028,429,NA,NA,0
2022,2,8477527,NYI,2022-04-21,2.3774,899,2.3774,899,NA,NA,1
2022,2,8477527,NYI,2022-04-19,1.1371,426,1.1371,426,NA,NA,1
2022,2,8477527,NYI,2022-04-17,1.5264,598,1.5264,598,NA,NA,0
2022,2,8477527,NYI,2022-04-14,1.3498000000000001,512,1.3498000000000001,512,NA,NA,0
2022,2,8477527,NYI,2022-04-12,1.2351,501,1.2217,496,0.0134,5,1
2022,2,8477527,NYI,2022-04-09,1.7283,697,1.7283,697,NA,NA,0
2022,2,8477527,NYI,2022-04-08,1.8479,718,1.8016,700,0.0463,18,0
2022,2,8478408,"TOR,VAN",2022-04-29,2.4245,1107,2.3717,1080,0.0192,12,0
2022,2,8478408,"TOR,VAN",2022-04-28,2.1714,902,1.995,820,NA,NA,1
2022,2,8478408,"TOR,VAN",2022-04-23,2.4172,1025,2.3966,1018,NA,NA,0
2022,2,8478408,"TOR,VAN",2022-04-21,2.7971,1136,2.6624,1080,NA,NA,0
2022,2,8478408,"TOR,VAN",2022-04-19,2.5914,1049,2.435,980,NA,NA,1
2022,2,8478408,"TOR,VAN",2022-04-18,2.3729,1030,2.3729,1030,NA,NA,1
2022,2,8478408,"TOR,VAN",2022-04-14,2.6389,1112,2.4954,1051,NA,NA,1
2022,2,8478408,"TOR,VAN",2022-04-12,1.8332,806,1.771,770,0.0622,0,1
2022,2,8478408,"TOR,VAN",2022-04-09,1.9362,789,1.8701,764,0.0452,16,1
2022,2,8478408,"TOR,VAN",2022-04-07,2.9327,1329,2.5847,1110,NA,NA,0
2022,2,8478438,NSH,2021-12-17,2.2312,775,1.9145,660,0.3167,115,0
2022,2,8478438,NSH,2021-12-16,2.5737,906,2.3618,812,0.2119,94,1
2022,2,8478438,NSH,2021-12-12,1.5552,547,1.4402,501,0.115,46,0
2022,2,8478438,NSH,2021-12-10,1.7999,701,1.6172,634,0.1751,67,0
2022,2,8478438,NSH,2021-12-09,2.0438,761,1.9492,718,0.0946,43,0
2022,2,8478438,NSH,2021-12-07,1.9594,649,1.752,603,0.1804,39,0
2022,2,8478438,NSH,2021-12-04,2.163,840,1.5294,589,0.6336,251,1
2022,2,8478438,NSH,2021-12-02,1.7083,657,1.6374,621,0.0709,36,1
2022,2,8478438,NSH,2021-11-30,2.3379,873,1.7299,636,0.608,237,1
2022,2,8478438,NSH,2021-11-27,2.1376,869,1.8445,694,0.2931,175,0
2022,2,8478467,SJS,2022-04-29,2.4871,1129,2.3599,1074,NA,NA,0
2022,2,8478467,SJS,2022-04-28,2.2092,1022,2.1328,987,NA,NA,0
2022,2,8478467,SJS,2022-04-26,2.7036,1135,2.6262,1103,NA,NA,1
2022,2,8478467,SJS,2022-04-24,2.5575,1142,2.4756,1107,NA,NA,0
2022,2,8478467,SJS,2022-04-23,2.5615,1100,2.4163,1000,NA,NA,1
2022,2,8478467,SJS,2022-04-21,2.8585,1308,2.448,1095,NA,NA,1
2022,2,8478467,SJS,2022-04-19,2.6398,1215,2.4112,1117,2e-4,0,1
2022,2,8478467,SJS,2022-04-17,2.755,1151,2.3015,966,0.0641,27,0
2022,2,8478467,SJS,2022-04-16,2.844,1231,2.7392,1169,NA,NA,0
2022,2,8478467,SJS,2022-04-14,2.0464,882,1.895,806,NA,NA,0
2022,2,8478468,"SEA,NSH",2022-04-16,0.0628,33,0.0628,33,NA,NA,1
2022,2,8478468,"SEA,NSH",2022-04-14,2.1122,897,1.9538,775,0.019,10,1
2022,2,8478468,"SEA,NSH",2022-04-12,2.5683,1062,2.4992,1030,NA,NA,1
2022,2,8478468,"SEA,NSH",2022-04-10,2.8059,1268,2.6756,1195,NA,NA,0
2022,2,8478468,"SEA,NSH",2022-04-09,2.4185,1069,2.1,895,NA,NA,1
2022,2,8478468,"SEA,NSH",2022-04-07,2.1979,945,1.8792,790,NA,NA,0
2022,2,8478468,"SEA,NSH",2022-04-05,2.1555,1001,1.7854,785,NA,NA,1
2022,2,8478468,"SEA,NSH",2022-04-01,2.777,1175,2.6164,1090,NA,NA,0
2022,2,8478468,"SEA,NSH",2022-03-29,2.8186,1263,2.4273,1055,0.0446,17,1
2022,2,8478468,"SEA,NSH",2022-03-27,2.8803,1206,2.829,1182,NA,NA,1
2022,2,8478512,"NYI,SEA",2022-02-27,1.1065,406,1.1065,406,NA,NA,0
2022,2,8478512,"NYI,SEA",2022-02-24,1.4472,512,1.0225,375,0.4247,137,1
2022,2,8478512,"NYI,SEA",2022-02-22,1.9497,662,1.9497,662,NA,NA,1
2022,2,8478512,"NYI,SEA",2022-02-19,1.9679,709,1.9679,709,NA,NA,0
2022,2,8478512,"NYI,SEA",2022-02-14,2.4199,883,1.9852,715,0.4348,168,1
2022,2,8478512,"NYI,SEA",2022-02-11,1.5232,714,1.2952,645,0.228,69,0
2022,2,8478512,"NYI,SEA",2022-01-22,1.8609,642,1.8609,642,NA,NA,0
2022,2,8478512,"NYI,SEA",2022-01-21,1.9254,839,1.9254,839,NA,NA,0
2022,2,8478512,"NYI,SEA",2022-01-13,2.1605,732,1.8875,626,NA,NA,0
2022,2,8478512,"NYI,SEA",2022-01-01,1.3171,400,1.3171,400,NA,NA,0
2022,2,8479328,NYR,2022-04-27,2.2237,835,1.9761,717,0.2476,118,1
2022,2,8479328,NYR,2022-04-23,1.1445,463,1.0976,447,0.0469,16,0
2022,2,8479328,NYR,2022-04-03,1.728,605,1.7182,602,0.0098,3,1
2022,2,8479328,NYR,2022-03-15,1.3552,526,1.3552,526,NA,NA,1
2022,2,8479328,NYR,2022-03-12,1.4462,522,1.4462,522,NA,NA,0
2022,2,8479328,NYR,2022-03-10,1.8424,679,1.8424,679,NA,NA,0
2022,2,8479328,NYR,2022-03-08,2.182,779,2.182,779,NA,NA,0
2022,2,8479328,NYR,2022-03-04,1.1358,453,1.1358,453,NA,NA,1
2022,2,8479328,NYR,2022-03-02,1.4918,531,1.4918,531,NA,NA,1
2022,2,8479328,NYR,2022-02-27,1.9896,702,1.4636,532,0.526,170,1
2022,2,8479341,ARI,2022-04-29,2.2168,945,2.1295,907,NA,NA,1
2022,2,8479341,ARI,2022-04-27,2.0079,871,1.802,768,NA,NA,0
2022,2,8479341,ARI,2022-04-26,0.6262,271,0.5034,205,NA,NA,0
2022,2,8479341,ARI,2022-04-23,2.3001,972,2.1589,909,NA,NA,1
2022,2,8479341,ARI,2022-04-22,2.433,999,2.0681,810,NA,NA,1
2022,2,8479341,ARI,2022-04-20,2.258,942,1.9407,789,3e-4,0,1
2022,2,8479341,ARI,2022-04-16,2.7468,1144,2.466,1027,0.231,86,0
2022,2,8479341,ARI,2022-04-12,2.4891,1048,2.2005,890,NA,NA,1
2022,2,8479341,ARI,2022-04-09,2.8713,1206,2.6226,1063,NA,NA,0
2022,2,8479341,ARI,2022-04-07,2.5419,1023,2.3929,938,0.0242,9,1
2022,2,8479372,ANA,2022-04-29,2.7542,1167,2.75,1164,NA,NA,0
2022,2,8479372,ANA,2022-04-26,2.5144,1009,2.5144,1009,NA,NA,0
2022,2,8479372,ANA,2022-04-23,2.0675,799,2.0675,799,NA,NA,0
2022,2,8479372,ANA,2022-04-19,2.4382,1025,2.4381,1025,1e-4,0,1
2022,2,8479372,ANA,2022-04-17,2.6323,1053,2.6323,1053,NA,NA,1
2022,2,8479372,ANA,2022-04-14,2.2237,905,2.2237,905,NA,NA,0
2022,2,8479372,ANA,2022-04-10,2.3063,972,2.289,965,0.017,7,0
2022,2,8479372,ANA,2022-04-03,2.4285,1011,2.4285,1011,NA,NA,1
2022,2,8479372,ANA,2022-04-01,1.8387,833,1.8387,833,NA,NA,0
2022,2,8479372,ANA,2022-03-31,0.7023,262,0.7023,262,NA,NA,1
2022,2,8479376,OTT,2022-04-16,0.4586,162,0.4586,162,NA,NA,1
2022,2,8479376,OTT,2022-04-12,2.1253,775,1.996,706,NA,NA,0
2022,2,8479376,OTT,2022-04-10,2.5304,1009,2.3559,937,0.065,20,1
2022,2,8479376,OTT,2022-03-22,2.6921,1043,2.5417,965,NA,NA,0
2022,2,8479376,OTT,2022-03-19,2.563,966,2.4918,934,0.0713,32,0
2022,2,8479376,OTT,2022-03-18,2.0319,731,1.8272,674,0.2047,57,1
2022,2,8479376,OTT,2022-02-26,3.102,1180,2.3226,872,0.447,150,1
2022,2,8479376,OTT,2022-02-20,2.3994,977,2.2191,868,0.0305,20,1
2022,2,8479376,OTT,2022-02-19,2.4405,915,2.1833,826,0.2572,89,1
2022,2,8479376,OTT,2022-02-17,2.2847,877,2.0376,777,0.163,60,0
2022,2,8479379,DET,2022-03-22,2.1216,782,2.1216,782,NA,NA,1
2022,2,8479379,DET,2022-03-17,2.0742,785,2.0742,785,NA,NA,0
2022,2,8479379,DET,2022-03-15,2.0727,752,2.0727,752,NA,NA,0
2022,2,8479379,DET,2022-03-12,1.912,739,1.912,739,NA,NA,0
2022,2,8479379,DET,2022-03-05,2.114,746,2.114,746,NA,NA,0
2022,2,8479379,DET,2022-02-17,1.0408,319,1.0408,309,NA,NA,0
2022,2,8479379,DET,2022-02-14,1.6615,593,1.6615,593,NA,NA,0
2022,2,8479379,DET,2022-02-12,1.2867,446,1.2867,446,NA,NA,1
2022,2,8479379,DET,2022-02-09,1.3069,478,1.3069,478,NA,NA,0
2022,2,8479379,DET,2022-01-31,1.3265,469,1.3265,469,NA,NA,1
2022,2,8479383,"TBL,CHI",2022-04-29,1.3371,471,0.9828,356,NA,NA,0
2022,2,8479383,"TBL,CHI",2022-04-27,1.1207,455,0.9333,396,NA,NA,1
2022,2,8479383,"TBL,CHI",2022-04-25,1.5903,590,1.2235,446,NA,NA,1
2022,2,8479383,"TBL,CHI",2022-04-23,1.2845,475,1.0336,370,NA,NA,0
2022,2,8479383,"TBL,CHI",2022-04-21,1.3285,564,0.9889,407,NA,NA,0
2022,2,8479383,"TBL,CHI",2022-04-20,1.4431,556,1.2444,492,0.0246,10,0
2022,2,8479383,"TBL,CHI",2022-04-18,2.1391,766,1.7464,629,NA,NA,1
2022,2,8479383,"TBL,CHI",2022-04-16,1.3251,490,1.2223,447,NA,NA,0
2022,2,8479383,"TBL,CHI",2022-04-14,2.1615,757,2.0422,713,NA,NA,1
2022,2,8479383,"TBL,CHI",2022-04-12,1.8632,695,1.7044,611,NA,NA,1
2022,2,8479404,CHI,2022-04-29,1.3177,468,1.1493,408,NA,NA,0
2022,2,8479404,CHI,2022-04-27,0.9699,369,0.8857,337,NA,NA,1
2022,2,8479404,CHI,2022-04-25,1.5674,619,1.3743,531,NA,NA,1
2022,2,8479404,CHI,2022-04-23,0.993,339,0.993,339,NA,NA,0
2022,2,8479404,CHI,2022-04-21,1.2453,489,1.2453,489,NA,NA,0
2022,2,8479404,CHI,2022-04-20,1.1249,404,1.048,370,0.0075,4,0
2022,2,8479404,CHI,2022-03-31,1.8711,693,1.7821,654,0.089,39,0
2022,2,8479404,CHI,2022-03-28,1.341,488,1.341,488,NA,NA,1
2022,2,8479404,CHI,2022-03-26,1.7336,630,1.7336,630,NA,NA,0
2022,2,8479404,CHI,2022-03-24,1.8244,660,1.482,528,0.3424,132,0
2022,2,8479580,OTT,2022-04-29,2.8379,1038,2.5139,868,0.0156,7,0
2022,2,8479580,OTT,2022-04-28,2.5423,917,2.1453,727,NA,NA,1
2022,2,8479580,OTT,2022-04-26,2.4363,890,2.1715,784,NA,NA,1
2022,2,8479580,OTT,2022-04-23,2.7864,1071,2.2086,784,0.014,8,1
2022,2,8479580,OTT,2022-04-22,2.3478,882,2.1354,791,0.0059,3,0
2022,2,8479580,OTT,2022-04-19,2.4559,1005,2.2421,897,NA,NA,0
2022,2,8479580,OTT,2022-04-18,1.8581,706,1.4407,521,NA,NA,0
2022,2,8479580,OTT,2022-04-16,2.4022,881,2.3593,854,NA,NA,1
2022,2,8479580,OTT,2022-04-14,2.0254,761,1.8553,681,0.0095,3,0
2022,2,8479580,OTT,2022-04-12,1.9678,729,1.8998,704,0.0096,3,0
2022,2,8479974,VGK,2022-03-24,0.2623,97,0.2623,97,NA,NA,1
2022,2,8479974,VGK,2022-03-22,2.2225,795,1.9864,706,0.2361,89,0
2022,2,8479974,VGK,2022-03-21,1.6926,585,1.481,516,0.2116,69,0
2022,2,8479974,VGK,2022-03-19,1.8343,626,1.6801,567,0.1542,59,1
2022,2,8479974,VGK,2022-03-17,2.3345,789,2.0028,676,0.3317,113,1
2022,2,8479974,VGK,2022-03-15,2.0869,738,1.943,672,0.144,66,0
2022,2,8479974,VGK,2022-03-13,1.93,666,1.7586,616,0.1714,50,0
2022,2,8479974,VGK,2022-02-16,0.0484,14,0.0484,14,NA,NA,1
2022,2,8479974,VGK,2022-02-09,2.2133,802,1.9406,681,0.2727,121,0
2022,2,8479974,VGK,2022-02-01,2.6057,960,1.9158,700,NA,NA,1
2022,2,8480014,LAK,2022-04-28,1.7037,659,1.2648,479,0.439,180,0
2022,2,8480014,LAK,2022-04-27,2.2331,898,1.995,812,0.1794,55,0
2022,2,8480014,LAK,2022-04-13,1.9711,801,1.8546,754,0.1165,47,0
2022,2,8480014,LAK,2022-04-12,1.8512,700,1.4886,554,0.3563,143,0
2022,2,8480014,LAK,2022-04-10,2.4863,910,2.1919,810,0.2933,100,0
2022,2,8480014,LAK,2022-04-07,2.0293,716,1.5805,563,0.4156,143,1
2022,2,8480014,LAK,2022-04-04,2.2357,860,1.8493,734,0.3863,126,1
2022,2,8480014,LAK,2022-04-02,2.1079,812,1.703,660,0.3982,152,0
2022,2,8480014,LAK,2022-03-31,2.2063,883,2.1031,838,0.1032,45,0
2022,2,8480014,LAK,2022-03-30,2.2797,819,2.0506,738,0.2292,80,0
2022,2,8480157,STL,2022-04-29,1.9801,820,1.9165,787,NA,NA,1
2022,2,8480157,STL,2022-04-26,1.4722,620,1.3043,532,NA,NA,0
2022,2,8480157,STL,2022-04-23,2.304,941,2.178,896,NA,NA,0
2022,2,8480157,STL,2022-04-21,2.3164,897,2.0128,784,0.3036,113,0
2022,2,8480157,STL,2022-04-17,3.3878,1316,3.2245,1243,NA,NA,0
2022,2,8480157,STL,2022-04-09,2.354,1006,2.2936,974,NA,NA,1
2022,2,8480157,STL,2022-04-06,1.848,723,1.848,723,NA,NA,1
2022,2,8480157,STL,2022-04-04,2.2978,905,2.2978,905,NA,NA,1
2022,2,8480157,STL,2022-04-02,1.189,499,1.189,499,NA,NA,0
2022,2,8480157,STL,2022-04-01,1.9716,787,1.9716,787,NA,NA,0
2022,2,8481441,WSH,2022-02-28,1.4918,503,1.4918,503,NA,NA,1
2022,2,8481441,WSH,2022-02-26,2.2774,818,2.128,759,0.1494,59,0
2022,2,8481441,WSH,2022-02-24,1.7884,682,1.7468,663,0.0416,19,0
2022,2,8481441,WSH,2022-02-17,2.509,888,2.3466,826,0.1623,62,0
2022,2,8481441,WSH,2022-02-15,2.4247,871,2.2332,793,0.1915,78,0
2022,2,8481441,WSH,2022-02-13,1.9749,704,1.9749,704,NA,NA,1
2022,2,8481441,WSH,2022-02-10,2.1515,766,2.1489,765,NA,NA,0
2022,2,8481441,WSH,2022-02-08,2.2602,746,2.2602,746,NA,NA,1
2022,2,8481441,WSH,2022-02-02,2.307,791,2.307,791,NA,NA,1
2022,2,8481441,WSH,2022-02-01,1.2871,465,1.2871,465,NA,NA,0
2022,2,8481641,DAL,2022-04-29,1.6596,598,1.6596,597,NA,NA,1
2022,2,8481641,DAL,2022-04-26,1.242,454,1.242,454,NA,NA,1
2022,2,8481641,DAL,2022-04-23,2.5674,960,2.5569,955,0.0104,5,1
2022,2,8481641,DAL,2022-04-21,2.1982,751,2.1982,751,NA,NA,0
2022,2,8481641,DAL,2022-04-18,1.6938,612,1.5793,568,NA,NA,0
2022,2,8481641,DAL,2022-04-07,1.4769,482,1.4769,482,NA,NA,1
2022,2,8481641,DAL,2022-04-05,1.3728,507,1.3728,507,NA,NA,1
2022,2,8481641,DAL,2022-04-03,1.464,535,1.464,535,NA,NA,0
2022,2,8481641,DAL,2022-03-15,1.8543,665,1.8543,665,NA,NA,0
2022,2,8481641,DAL,2022-03-12,1.1517,376,1.1517,376,NA,NA,1
2022,2,8482149,WPG,2022-02-17,2.7251,957,2.4129,818,0.3122,139,1
2022,2,8482149,WPG,2022-02-16,2.3136,828,2.1992,788,0.1145,40,1
2022,2,8482149,WPG,2022-02-14,3.0483,1066,2.972,1043,0.0763,23,1
2022,2,8482149,WPG,2022-02-12,2.5036,898,2.1389,765,0.3647,133,0
2022,2,8482149,WPG,2022-02-11,1.8363,674,1.8284,671,0.0079,3,0
2022,2,8482149,WPG,2022-02-08,2.5152,950,2.1508,838,0.3644,112,1
2022,2,8482149,WPG,2022-02-01,2.5953,913,2.4,848,0.1953,65,0
2022,2,8482149,WPG,2022-01-29,1.943,729,1.7896,662,0.1364,58,0
2022,2,8482149,WPG,2022-01-27,2.5182,1051,2.3195,932,0.1987,119,1
2022,2,8482149,WPG,2022-01-25,2.4978,958,2.142,760,0.3559,198,1
2022,2,8474145,STL,2022-04-29,2.0892,860,1.9737,816,NA,NA,1
2022,2,8474145,STL,2022-04-24,1.2739,488,1.2739,488,NA,NA,0
2022,2,8474145,STL,2022-04-23,2.0666,860,1.9124,794,0.005,4,0
2022,2,8474145,STL,2022-04-21,1.7469,706,1.6695,669,NA,NA,0
2022,2,8474145,STL,2022-04-19,1.7932,736,1.7062,698,NA,NA,1
2022,2,8474145,STL,2022-04-17,2.3815,1035,2.2033,948,NA,NA,0
2022,2,8474145,STL,2022-04-16,2.051,928,1.6788,702,NA,NA,1
2022,2,8474145,STL,2022-04-14,2.4467,1035,2.2279,920,NA,NA,0
2022,2,8474145,STL,2022-04-12,1.5611,685,1.393,614,0.0192,6,0
2022,2,8474145,STL,2022-04-09,2.3633,1032,2.1527,919,NA,NA,1
2022,2,8474628,CGY,2022-04-29,2.5146,1033,2.2701,920,0.1571,70,0
2022,2,8474628,CGY,2022-04-12,1.7335,826,1.5191,714,0.2144,112,1
2022,2,8474628,CGY,2022-04-09,2.5395,1146,1.89,842,0.5054,235,0
2022,2,8474628,CGY,2022-04-07,2.573,1147,1.8235,806,0.2776,111,0
2022,2,8474628,CGY,2022-04-06,2.5452,1119,2.4313,1074,0.1139,45,0
2022,2,8474628,CGY,2022-04-04,2.0047,870,1.9275,822,0.0772,48,0
2022,2,8474628,CGY,2022-04-02,2.7249,1194,2.7249,1194,NA,NA,1
2022,2,8474628,CGY,2022-03-13,2.5022,1123,2.4118,1092,0.0045,0,0
2022,2,8474628,CGY,2022-03-12,1.5769,1081,1.5769,1081,NA,NA,1
2022,2,8474628,CGY,2021-12-05,1.9911,919,1.8489,832,NA,NA,0
2022,2,8476441,MTL,2022-04-29,2.4857,1068,2.3976,1005,NA,NA,1
2022,2,8476441,MTL,2022-04-27,2.9965,1267,2.8112,1189,0.0119,5,0
2022,2,8476441,MTL,2022-04-24,2.4754,1049,2.4747,1049,7e-4,0,1
2022,2,8476441,MTL,2022-04-23,2.7029,1277,2.0606,923,NA,NA,0
2022,2,8476441,MTL,2022-04-21,3.0048,1269,2.6817,1095,NA,NA,1
2022,2,8476441,MTL,2022-04-19,2.3173,1024,2.0411,860,NA,NA,1
2022,2,8476441,MTL,2022-04-16,2.5156,1183,2.0984,926,0.0231,12,1
2022,2,8476441,MTL,2022-04-15,2.7728,1187,2.6474,1115,NA,NA,1
2022,2,8476441,MTL,2022-04-13,2.6431,1132,2.2954,927,0.027,9,0
2022,2,8476441,MTL,2022-04-11,2.5899,1121,2.4475,1047,NA,NA,1
2022,2,8477205,"TBL,ANA",2022-04-29,2.6504,1056,2.6101,1022,NA,NA,0
2022,2,8477205,"TBL,ANA",2022-04-26,3.0056,1231,2.4761,997,0.035,9,0
2022,2,8477205,"TBL,ANA",2022-04-24,2.4428,955,2.4188,944,NA,NA,1
2022,2,8477205,"TBL,ANA",2022-04-23,2.4367,1023,2.0162,746,9e-4,2,0
2022,2,8477205,"TBL,ANA",2022-04-19,2.3316,906,2.3144,900,0.0172,6,1
2022,2,8477205,"TBL,ANA",2022-04-17,2.7672,1138,2.6513,1062,NA,NA,1
2022,2,8477205,"TBL,ANA",2022-04-14,2.6513,1167,2.3488,1014,NA,NA,0
2022,2,8477205,"TBL,ANA",2022-04-12,2.4848,1059,2.2836,937,NA,NA,0
2022,2,8477205,"TBL,ANA",2022-04-10,2.3859,1009,2.1933,893,NA,NA,0
2022,2,8477205,"TBL,ANA",2022-04-09,2.4703,1012,2.2819,916,NA,NA,0
2022,2,8477210,ANA,2022-04-29,1.8336,692,1.6988,615,NA,NA,0
2022,2,8477210,ANA,2022-04-26,1.9098,705,1.5527,568,NA,NA,0
2022,2,8477210,ANA,2022-03-23,0.3986,242,0.3431,223,NA,NA,1
2022,2,8477210,ANA,2022-03-21,1.4824,520,1.2299,447,NA,NA,1
2022,2,8477210,ANA,2022-03-18,1.4268,518,1.3372,488,NA,NA,1
2022,2,8477210,ANA,2022-03-15,1.4727,610,1.3209,551,NA,NA,0
2022,2,8477210,ANA,2022-03-13,0.8273,317,0.7616,280,NA,NA,0
2022,2,8477210,ANA,2022-03-12,1.3101,496,1.3101,496,NA,NA,0
2022,2,8477210,ANA,2022-03-10,1.5843,605,1.5843,604,NA,NA,0
2022,2,8477210,ANA,2022-02-16,1.2108,455,1.2091,437,0.0018,2,0
2022,2,8477240,DET,2022-03-04,0.8527,333,0.776,298,NA,NA,0
2022,2,8477240,DET,2022-03-01,2.3769,863,2.2918,826,0.0075,4,1
2022,2,8477240,DET,2022-02-26,2.0462,700,2.043,698,0.0033,2,1
2022,2,8477240,DET,2022-02-23,1.5844,598,1.4948,558,NA,NA,1
2022,2,8477240,DET,2022-01-04,1.6597,592,1.504,536,NA,NA,1
2022,2,8477240,DET,2022-01-02,1.6393,598,1.5069,544,NA,NA,1
2022,2,8477240,DET,2021-12-31,1.8272,625,1.8272,625,NA,NA,1
2022,2,8477240,DET,2021-12-16,2.1688,807,2.1563,767,0.0126,4,0
2022,2,8477240,DET,2021-12-14,1.8091,612,1.8091,612,NA,NA,1
2022,2,8477240,DET,2021-12-10,1.8277,712,1.7006,647,NA,NA,0
2022,2,8477384,"OTT,BOS",2022-04-29,2.256,985,2.0421,894,NA,NA,0
2022,2,8477384,"OTT,BOS",2022-04-14,2.5213,1125,1.8562,786,0.0548,21,1
2022,2,8477384,"OTT,BOS",2022-04-12,2.6507,1179,2.2865,976,NA,NA,1
2022,2,8477384,"OTT,BOS",2022-04-10,2.0362,943,1.7772,806,NA,NA,0
2022,2,8477384,"OTT,BOS",2022-04-04,1.9955,899,1.6274,720,0.0354,16,0
2022,2,8477384,"OTT,BOS",2022-03-31,1.4049,618,1.27,554,NA,NA,1
2022,2,8477384,"OTT,BOS",2022-03-19,2.3346,1024,2.2261,973,NA,NA,0
2022,2,8477384,"OTT,BOS",2022-03-18,1.8578,821,1.5576,653,NA,NA,0
2022,2,8477384,"OTT,BOS",2022-03-16,2.2364,904,2.0724,843,NA,NA,0
2022,2,8477384,"OTT,BOS",2022-03-14,1.6357,708,1.5966,691,NA,NA,0
2022,2,8477810,DAL,2022-04-29,2.2071,832,2.2071,832,NA,NA,1
2022,2,8477810,DAL,2022-04-20,1.5232,662,1.4894,640,NA,NA,0
2022,2,8477810,DAL,2022-04-18,2.7712,1208,2.5414,1091,NA,NA,0
2022,2,8477810,DAL,2022-04-16,2.1314,871,2.1314,871,NA,NA,1
2022,2,8477810,DAL,2022-04-14,2.406,974,2.406,974,NA,NA,1
2022,2,8477810,DAL,2022-04-12,1.6964,689,1.4529,577,NA,NA,1
2022,2,8477810,DAL,2022-04-07,2.4248,1058,2.3303,1004,0.0089,15,1
2022,2,8477810,DAL,2022-04-05,2.3801,993,2.2924,947,NA,NA,1
2022,2,8477810,DAL,2022-04-03,2.0814,824,2.0753,822,NA,NA,0
2022,2,8477810,DAL,2022-03-31,2.6444,1089,2.4999,1024,NA,NA,0
2022,2,8478051,PHI,2022-03-27,1.8781,672,1.8781,672,NA,NA,0
2022,2,8478051,PHI,2022-03-25,2.4742,892,2.3781,844,NA,NA,0
2022,2,8478051,PHI,2022-03-24,2.366,781,2.366,781,NA,NA,0
2022,2,8478051,PHI,2022-03-22,2.2522,818,2.2522,818,NA,NA,0
2022,2,8478051,PHI,2022-03-20,1.4809,516,1.4809,516,NA,NA,1
2022,2,8478051,PHI,2022-03-18,2.1115,742,2.065,727,NA,NA,0
2022,2,8478051,PHI,2022-03-17,1.4617,497,1.4617,497,NA,NA,1
2022,2,8478051,PHI,2022-03-05,1.4198,462,1.3717,449,0.0481,13,1
2022,2,8478051,PHI,2022-03-03,1.6091,554,1.6091,554,NA,NA,1
2022,2,8478051,PHI,2022-02-22,2.015,674,2.015,674,NA,NA,1
2022,2,8478099,SJS,2021-12-11,0.1777,61,0.1777,61,NA,NA,1
2022,2,8478099,SJS,2021-12-09,2.5442,966,2.3724,900,0.1718,66,1
2022,2,8478099,SJS,2021-12-05,1.6301,615,1.6301,615,NA,NA,0
2022,2,8478099,SJS,2021-12-03,2.1302,768,1.9748000000000001,697,0.1554,71,0
2022,2,8478099,SJS,2021-12-02,1.8735,692,1.3681,447,0.5054,245,0
2022,2,8478099,SJS,2021-11-30,1.7907,681,1.5267,552,0.264,129,0
2022,2,8478099,SJS,2021-11-28,1.7075,645,1.5863,583,0.1213,62,0
2022,2,8478099,SJS,2021-11-26,2.235,849,1.8443,697,0.3907,152,1
2022,2,8478099,SJS,2021-11-24,1.9312,742,1.7045,635,0.2267,107,1
2022,2,8478099,SJS,2021-11-22,2.2297,937,2.2297,937,NA,NA,1
2022,2,8478477,DET,2022-04-29,1.6052,653,1.6052,628,NA,NA,0
2022,2,8478477,DET,2022-04-26,1.7239,633,1.7239,633,NA,NA,0
2022,2,8478477,DET,2022-04-24,1.6468,629,1.6468,629,NA,NA,0
2022,2,8478477,DET,2022-04-23,1.6,627,1.6,627,NA,NA,1
2022,2,8478477,DET,2022-04-21,1.5316,562,1.5316,562,NA,NA,0
2022,2,8478477,DET,2022-04-19,1.4292,549,1.4292,549,NA,NA,0
2022,2,8478477,DET,2022-04-17,1.736,613,1.736,613,NA,NA,1
2022,2,8478477,DET,2022-04-16,1.5869,628,1.5869,628,NA,NA,0
2022,2,8478477,DET,2022-04-14,1.6851,696,1.6132,639,NA,NA,0
2022,2,8478477,DET,2022-04-12,0.9244,521,0.9244,521,NA,NA,1
2022,2,8478915,MTL,2022-01-12,2.4683,1113,2.3181,1023,NA,NA,0
2022,2,8478915,MTL,2022-01-01,2.9569,1240,2.5664,1067,0.228,84,0
2022,2,8478915,MTL,2021-12-30,2.4409,907,1.7469,679,0.6844,221,0
2022,2,8478915,MTL,2021-12-28,1.9832,779,1.3847,528,0.5984,251,0
2022,2,8478915,MTL,2021-11-29,2.1853,981,1.7686,794,0.4167,187,1
2022,2,8478915,MTL,2021-11-27,2.134,890,1.3171,586,0.7737,288,0
2022,2,8478915,MTL,2021-11-26,1.9453,777,1.9299,771,NA,NA,0
2022,2,8478915,MTL,2021-11-24,2.1349,865,2.0826,845,0.0523,20,0
2022,2,8478915,MTL,2021-11-02,1.7895,691,1.6113,626,0.1782,65,1
2022,2,8478915,MTL,2021-10-30,2.2699,897,1.9699,762,0.3001,135,0
2022,2,8479419,BUF,2022-01-22,1.4545,531,1.3455,475,0.109,56,1
2022,2,8479419,BUF,2022-01-18,1.5938,656,1.5101,602,0.0838,54,0
2022,2,8479419,BUF,2022-01-11,1.6017,595,1.5932,593,0.0085,2,1
2022,2,8479419,BUF,2022-01-06,2.0826,819,1.8343,725,0.2482,94,1
2022,2,8479419,BUF,2022-01-01,2.2767,872,2.1444,789,0.1323,83,0
2022,2,8479419,BUF,2021-12-30,1.8371,727,1.6542,612,0.1829,115,0
2022,2,8479419,BUF,2021-12-29,1.803,668,1.803,668,NA,NA,1
2022,2,8479419,BUF,2021-12-17,2.3479,879,2.1877,815,0.1602,64,0
2022,2,8479419,BUF,2021-12-16,2.5844,990,2.3065,870,0.278,120,0
2022,2,8479419,BUF,2021-12-14,2.5571,920,2.5492,897,NA,NA,0
2022,2,8479546,BOS,2022-04-29,2.3674,847,2.2074,782,NA,NA,0
2022,2,8479546,BOS,2022-02-08,1.5529,616,1.5529,616,NA,NA,1
2022,2,8479546,BOS,2022-02-01,1.702,620,1.6803,611,NA,NA,1
2022,2,8479546,BOS,2022-01-30,1.8838,665,1.8717,659,0.012,6,0
2022,2,8479546,BOS,2022-01-28,1.7201,642,1.7146,638,0.0055,4,0
2022,2,8479546,BOS,2022-01-26,1.5944,574,1.5415,548,0.0529,26,0
2022,2,8479546,BOS,2022-01-24,1.9841,821,1.9841,821,NA,NA,1
2022,2,8479546,BOS,2022-01-22,1.8726,706,1.8726,706,NA,NA,1
2022,2,8479546,BOS,2022-01-18,1.9567,723,1.7129,640,0.17,61,1
2022,2,8479546,BOS,2022-01-15,2.1435,753,2.1435,753,NA,NA,1
2022,2,8479578,BUF,2022-04-28,2.081,894,1.9078,822,NA,NA,0
2022,2,8479578,BUF,2022-04-23,1.8479,746,1.8451,745,NA,NA,1
2022,2,8479578,BUF,2022-04-21,2.0809,810,1.9891,774,NA,NA,0
2022,2,8479578,BUF,2022-04-17,1.8369,707,1.8272,701,NA,NA,0
2022,2,8479578,BUF,2022-04-16,1.8152,722,1.6661,653,NA,NA,1
2022,2,8479578,BUF,2022-04-14,2.3118,953,2.0363,815,NA,NA,1
2022,2,8479578,BUF,2022-04-12,1.9745,788,1.6879,654,NA,NA,0
2022,2,8479578,BUF,2022-04-10,1.8014,664,1.7075,615,NA,NA,0
2022,2,8479578,BUF,2022-04-07,2.5259,1058,2.3672,967,NA,NA,0
2022,2,8479578,BUF,2022-04-05,2.5739,1151,2.3751,1045,NA,NA,1
2022,2,8479619,ARI,2022-04-29,2.2758,887,2.006,753,0.2699,134,1
2022,2,8479619,ARI,2022-04-27,1.9032,722,1.7323,635,0.1709,87,0
2022,2,8479619,ARI,2022-04-26,1.6283,630,1.4224,546,0.2059,84,0
2022,2,8479619,ARI,2022-04-23,2.4731,931,2.453,915,0.0201,16,1
2022,2,8479619,ARI,2022-04-22,1.7568,578,1.7568,578,NA,NA,1
2022,2,8479619,ARI,2022-04-20,2.3111,814,2.3111,814,NA,NA,1
2022,2,8479619,ARI,2022-04-16,1.9687,703,1.9687,703,NA,NA,0
2022,2,8479619,ARI,2022-04-14,1.9802,733,1.9626,725,NA,NA,0
2022,2,8479619,ARI,2022-04-12,1.7571,601,1.7571,601,NA,NA,1
2022,2,8479619,ARI,2022-04-09,2.2785,847,2.2785,847,NA,NA,0
2022,2,8479644,NSH,2022-04-29,1.6376,648,1.6285,640,0.0091,8,0
2022,2,8479644,NSH,2022-04-23,2.0213,751,2.0213,751,NA,NA,0
2022,2,8479644,NSH,2022-04-12,1.3486,547,1.3486,547,NA,NA,1
2022,2,8479644,NSH,2022-04-10,1.4224,554,1.3042,513,NA,NA,0
2022,2,8479644,NSH,2022-04-09,1.5534,613,1.5534,613,NA,NA,1
2022,2,8479644,NSH,2022-04-07,1.2673,482,1.2529,469,NA,NA,0
2022,2,8479644,NSH,2022-04-05,1.438,551,1.438,551,NA,NA,1
2022,2,8479644,NSH,2022-03-24,1.5921,628,1.5921,628,NA,NA,0
2022,2,8479644,NSH,2022-03-05,1.5884,608,1.4262,540,0.1622,68,0
2022,2,8479644,NSH,2022-03-02,1.9527,725,1.9527,725,NA,NA,0
2022,2,8479718,"SEA,TBL",2021-12-04,1.6291,572,1.4693,515,0.1598,57,0
2022,2,8479718,"SEA,TBL",2021-12-02,1.6328,598,1.4295,520,0.2033,78,1
2022,2,8479718,"SEA,TBL",2021-11-30,1.7169,588,1.3315,446,0.3854,142,0
2022,2,8479718,"SEA,TBL",2021-11-28,1.697,646,1.422,537,0.275,109,0
2022,2,8479718,"SEA,TBL",2021-11-26,2.1673,818,2.062,780,0.1053,38,1
2022,2,8479718,"SEA,TBL",2021-11-23,1.718,649,1.4987,570,0.2192,79,1
2022,2,8479718,"SEA,TBL",2021-11-21,1.5182,736,1.0668,592,0.4514,144,1
2022,2,8479718,"SEA,TBL",2021-11-09,1.6814,683,1.102,421,0.5794,262,1
2022,2,8479718,"SEA,TBL",2021-11-06,1.5709,592,1.4102,514,0.1608,78,0
2022,2,8479718,"SEA,TBL",2021-11-04,2.093,836,1.9762,778,0.1168,58,0
2022,2,8479991,VGK,2022-04-20,1.7991,650,1.7991,650,NA,NA,1
2022,2,8479991,VGK,2022-04-18,1.4247,524,1.4247,524,NA,NA,1
2022,2,8479991,VGK,2022-04-16,1.9558,682,1.9246,671,0.0312,11,0
2022,2,8479991,VGK,2022-04-14,2.0246,754,1.6628,591,NA,NA,0
2022,2,8479991,VGK,2022-04-12,1.5612,588,1.4626,556,NA,NA,0
2022,2,8479991,VGK,2022-04-09,2.092,734,2.092,734,NA,NA,1
2022,2,8479991,VGK,2022-04-06,2.1526,747,2.0591,720,NA,NA,1
2022,2,8479991,VGK,2022-04-03,1.43,547,1.4132,539,0.0169,8,0
2022,2,8479991,VGK,2022-04-01,2.5806,911,2.3784,821,NA,NA,0
2022,2,8479991,VGK,2022-03-30,2.2147,709,2.1292,675,2e-4,3,0
2022,2,8480001,"BOS,ANA",2022-04-29,3.1139,1243,2.9147,1162,0.0709,26,0
2022,2,8480001,"BOS,ANA",2022-04-26,3.2451,1290,3.0417,1229,0.2033,61,0
2022,2,8480001,"BOS,ANA",2022-04-24,2.5336,1108,2.5336,1108,NA,NA,1
2022,2,8480001,"BOS,ANA",2022-04-23,2.4859,1082,2.3716,1007,NA,NA,0
2022,2,8480001,"BOS,ANA",2022-04-17,2.3956,1019,2.2435,949,NA,NA,1
2022,2,8480001,"BOS,ANA",2022-04-14,2.7515,1164,2.4541,997,NA,NA,0
2022,2,8480001,"BOS,ANA",2022-04-12,2.2244,1039,2.1632,999,NA,NA,0
2022,2,8480001,"BOS,ANA",2022-04-10,2.9093,1218,2.4309,1037,0.4673,174,0
2022,2,8480001,"BOS,ANA",2022-04-09,2.8065,1195,2.597,1114,0.2095,81,0
2022,2,8480001,"BOS,ANA",2022-04-06,2.7086,1132,2.3725,1016,0.3361,116,1
2022,2,8480007,VGK,2022-04-09,1.8177,647,1.8177,647,NA,NA,1
2022,2,8480007,VGK,2022-04-06,1.9946,684,1.9946,684,NA,NA,1
2022,2,8480007,VGK,2022-04-03,1.1244,435,1.1174,435,NA,NA,0
2022,2,8480007,VGK,2022-04-01,2.1862,800,2.0224,719,NA,NA,0
2022,2,8480007,VGK,2022-03-30,2.0698,728,2.0515,718,NA,NA,0
2022,2,8480007,VGK,2022-03-26,1.1677,420,1.1677,420,NA,NA,1
2022,2,8480007,VGK,2022-03-21,1.3981,545,1.3981,545,NA,NA,0
2022,2,8480007,VGK,2022-03-15,1.8551,702,1.7944,682,0.0608,20,0
2022,2,8480007,VGK,2022-03-13,1.3262,490,1.3262,490,NA,NA,0
2022,2,8480007,VGK,2022-03-11,1.8131,676,1.7406,641,NA,NA,0
2022,2,8480847,SJS,2022-04-29,1.8704,833,1.8704,833,NA,NA,0
2022,2,8480847,SJS,2022-04-28,1.7297,815,1.6017,761,0.1281,53,0
2022,2,8480847,SJS,2022-04-26,2.4916,1021,2.2486,924,0.2429,97,1
2022,2,8480847,SJS,2022-04-24,1.9399,788,1.7951,734,0.1448,54,0
2022,2,8480847,SJS,2022-04-23,2.4764,1094,2.3176,1025,0.1588,69,1
2022,2,8480847,SJS,2022-04-21,1.6753,712,1.5308,651,0.1445,61,1
2022,2,8480847,SJS,2022-04-19,1.7974,771,1.6213,692,0.1624,72,1
2022,2,8480847,SJS,2022-04-17,2.2676,1008,2.1213,952,0.1463,56,0
2022,2,8480847,SJS,2022-04-16,2.4752,1000,2.1332,862,0.342,138,0
2022,2,8480847,SJS,2022-04-09,1.7899,743,1.6506,689,0.1393,54,0
2022,2,8480980,MIN,2022-04-24,1.6198,622,1.3582,516,NA,NA,0
2022,2,8480980,MIN,2022-04-22,2.0061,711,1.9531,694,NA,NA,1
2022,2,8480980,MIN,2022-04-21,1.7212,591,1.6088,551,NA,NA,1
2022,2,8480980,MIN,2022-04-19,1.5637,567,1.4631,518,NA,NA,0
2022,2,8480980,MIN,2022-04-17,1.8402,611,1.6748,550,NA,NA,1
2022,2,8480980,MIN,2022-03-19,1.9369,709,1.725,629,NA,NA,1
2022,2,8480980,MIN,2022-03-13,1.6108,607,1.6108,607,NA,NA,1
2022,2,8480980,MIN,2022-03-11,1.9863,696,1.7782,621,NA,NA,0
2022,2,8480980,MIN,2022-03-06,1.2867,506,1.2867,506,NA,NA,1
2022,2,8480980,MIN,2022-03-04,1.9655,762,1.9655,762,NA,NA,0
2022,2,8481059,STL,2022-01-15,1.9939,828,1.8728,780,0.1211,48,1
2022,2,8481059,STL,2022-01-05,2.144,771,2.144,771,NA,NA,0
2022,2,8481059,STL,2021-12-29,2.2195,801,1.7463,636,0.4732,165,1
2022,2,8481059,STL,2021-12-19,1.4678,518,1.2232,450,0.2446,68,0
2022,2,8481059,STL,2021-12-12,2.1791,882,2.0526,829,0.1266,53,1
2022,2,8481059,STL,2021-12-11,2.3548,997,1.9948,843,0.36,154,1
2022,2,8481059,STL,2021-12-09,2.2574,973,2.0422,887,0.2152,86,1
2022,2,8481059,STL,2021-12-07,1.9681,828,1.5074,637,0.4608,191,1
2022,2,8481059,STL,2021-12-04,1.5534,698,1.3877,635,0.1633,63,0
2022,2,8481059,STL,2021-12-02,2.5401,1075,1.9602,800,0.5685,275,0
2022,2,8481147,CHI,2022-04-29,1.8309,665,1.3899,484,NA,NA,0
2022,2,8481147,CHI,2022-04-27,1.4019,480,1.2465,428,NA,NA,1
2022,2,8481147,CHI,2022-04-25,2.0261,788,1.4224,545,NA,NA,1
2022,2,8481147,CHI,2022-04-23,1.9194,660,1.4842,524,NA,NA,0
2022,2,8481147,CHI,2022-04-21,1.8412,718,1.388,530,NA,NA,0
2022,2,8481147,CHI,2022-04-20,1.745,662,1.5688,595,0.0032,4,0
2022,2,8481147,CHI,2022-04-18,2.4383,877,1.9518,660,NA,NA,1
2022,2,8481147,CHI,2022-04-16,2.0409,766,1.8842,701,NA,NA,0
2022,2,8481147,CHI,2022-04-14,2.4648,829,2.3436,789,NA,NA,1
2022,2,8481147,CHI,2022-04-12,2.0066,730,1.8789,666,NA,NA,1
2022,2,8481461,MTL,2022-04-16,2.4076,1050,2.2347,956,0.0975,50,1
2022,2,8481461,MTL,2022-04-15,2.2447,950,2.0456,854,0.1991,96,1
2022,2,8481461,MTL,2022-04-11,2.0691,966,2.0691,966,NA,NA,1
2022,2,8481461,MTL,2022-04-07,3.1344,1301,2.8893,1190,NA,NA,0
2022,2,8481461,MTL,2022-04-05,2.2679,938,2.2214,904,NA,NA,1
2022,2,8481461,MTL,2022-04-02,2.7578,1159,2.7578,1159,NA,NA,0
2022,2,8481461,MTL,2022-03-31,2.0886,899,2.0549,879,NA,NA,0
2022,2,8481461,MTL,2022-03-29,2.1263,983,1.8666,851,NA,NA,0
2022,2,8481461,MTL,2022-03-27,2.5665,974,1.9708,758,0.5249,190,0
2022,2,8481461,MTL,2022-03-26,2.5941,1151,2.2347,1000,0.1752,63,1
2022,2,8481517,WSH,2022-03-20,1.1683,384,1.1683,384,NA,NA,1
2022,2,8481517,WSH,2022-02-17,1.3758,526,1.3758,526,NA,NA,0
2022,2,8481517,WSH,2022-02-10,1.4027,524,1.3856,518,0.0171,6,0
2022,2,8481517,WSH,2022-02-02,1.8451,673,1.8451,673,NA,NA,1
2022,2,8481517,WSH,2022-01-26,1.353,460,1.353,460,NA,NA,1
2022,2,8481517,WSH,2022-01-24,0.8649,302,0.8649,302,NA,NA,1
2022,2,8481517,WSH,2022-01-22,1.2677,454,1.2677,454,NA,NA,1
2022,2,8481517,WSH,2022-01-20,1.858,716,1.858,701,NA,NA,0
2022,2,8481517,WSH,2022-01-18,1.9765,752,1.9765,752,NA,NA,1
2022,2,8481517,WSH,2022-01-16,1.1347,432,1.1347,432,NA,NA,1
2022,2,8481711,ARI,2022-04-18,3.0473,1116,2.4703,897,0.577,219,1
2022,2,8481711,ARI,2022-04-16,2.5442,982,2.194,838,0.3502,144,0
2022,2,8481711,ARI,2022-04-14,2.689,996,2.339,854,0.3498,142,0
2022,2,8481711,ARI,2022-04-12,2.48,930,1.8321,666,0.5386,214,1
2022,2,8481711,ARI,2022-04-09,2.2755,847,2.2484,834,NA,NA,0
2022,2,8481711,ARI,2022-04-07,1.74,632,1.6255,587,0.1145,45,1
2022,2,8481711,ARI,2022-04-04,2.1575,818,1.9519,743,0.2055,75,0
2022,2,8481711,ARI,2022-04-03,2.499,930,2.4234,904,0.0756,26,0
2022,2,8481711,ARI,2022-04-01,2.1231,879,1.8701,809,0.1688,48,1
2022,2,8481711,ARI,2022-03-30,1.9645,725,1.8783,694,0.0819,31,1
2022,2,8482241,PIT,2022-03-29,1.4327,554,1.3959,541,0.0368,13,1
2022,2,8482241,PIT,2022-03-27,1.4739,588,1.2756,482,0.1983,106,1
2022,2,8482241,PIT,2022-03-25,1.1762,444,1.1732,444,0.0031,0,0
2022,2,8482241,PIT,2022-03-23,1.1599,423,1.1599,423,NA,NA,0
2022,2,8482241,PIT,2022-03-22,1.3375,485,1.3375,484,NA,NA,1
2022,2,8482241,PIT,2022-03-19,1.6183,604,1.6183,604,NA,NA,0
2022,2,8482241,PIT,2022-03-17,1.6504,545,1.6504,545,NA,NA,0
2022,2,8482241,PIT,2022-03-15,1.6134,572,1.6134,572,NA,NA,0
2022,2,8482241,PIT,2022-03-13,1.5205,581,1.5205,581,NA,NA,1
2022,2,8482241,PIT,2022-02-10,2.1191,764,1.9218,666,0.1973,98,0
2022,2,8474098,EDM,2022-03-09,1.2068,388,1.2068,388,NA,NA,1
2022,2,8474098,EDM,2022-03-07,0.9136,320,0.9136,320,NA,NA,0
2022,2,8474098,EDM,2022-03-03,0.4773,167,0.4773,167,NA,NA,0
2022,2,8474098,EDM,2022-02-27,1.3792,460,1.3381,448,NA,NA,0
2022,2,8474098,EDM,2022-02-20,0.9546,347,0.8298,288,NA,NA,1
2022,2,8474098,EDM,2022-01-27,1.4773,477,1.3033,415,NA,NA,1
2022,2,8474098,EDM,2022-01-25,1.4726,560,1.3941,527,NA,NA,0
2022,2,8474098,EDM,2022-01-22,1.934,659,1.6673,560,NA,NA,1
2022,2,8474098,EDM,2022-01-20,1.6664,614,1.3286,469,NA,NA,1
2022,2,8474098,EDM,2022-01-15,1.353,493,0.9216,325,NA,NA,1
2022,2,8475176,PHI,2021-11-13,2.6342,1125,2.2789,976,0.3553,149,0
2022,2,8475176,PHI,2021-10-20,2.8034,1278,2.5718,1166,0.1335,54,1
2022,2,8475176,PHI,2021-10-18,3.0748,1370,2.2536,1025,0.179,73,1
2022,2,8475176,PHI,2021-10-15,3.5889,1700,2.8936,1329,0.2881,122,1
2022,2,8475735,NYR,2022-04-27,2.057,730,1.9148,657,NA,NA,1
2022,2,8475735,NYR,2022-04-23,1.6307,563,1.3546,465,NA,NA,0
2022,2,8475735,NYR,2022-04-01,1.6592,601,1.6592,601,NA,NA,1
2022,2,8475735,NYR,2022-03-30,1.5992,574,1.5992,574,NA,NA,0
2022,2,8475735,NYR,2022-03-20,1.7915,659,1.4369,515,NA,NA,0
2022,2,8475735,NYR,2022-03-19,1.3414,475,1.1188,394,NA,NA,0
2022,2,8475735,NYR,2022-03-17,1.8727,670,1.6416,586,0.0014,2,1
2022,2,8475735,NYR,2022-03-15,1.6437,584,1.5377,548,NA,NA,1
2022,2,8475735,NYR,2022-03-12,1.4183,461,1.4183,461,NA,NA,0
2022,2,8475735,NYR,2022-03-02,2.0325,833,1.7692,714,NA,NA,1
2022,2,8475752,"CGY,MTL",2022-04-29,2.0763,697,2.0763,697,NA,NA,1
2022,2,8475752,"CGY,MTL",2022-04-27,2.2631,758,2.0855,701,NA,NA,0
2022,2,8475752,"CGY,MTL",2022-04-24,1.8745,607,1.7433,565,NA,NA,1
2022,2,8475752,"CGY,MTL",2022-04-23,1.6819,535,1.1001,368,NA,NA,0
2022,2,8475752,"CGY,MTL",2022-04-21,2.1549,697,1.696,539,NA,NA,1
2022,2,8475752,"CGY,MTL",2022-04-19,2.4598,761,2.269,700,NA,NA,1
2022,2,8475752,"CGY,MTL",2022-04-16,1.8929,681,1.5291,533,NA,NA,1
2022,2,8475752,"CGY,MTL",2022-04-13,1.8031,610,1.6612,564,0.0308,9,0
2022,2,8475752,"CGY,MTL",2022-04-09,1.4602,499,1.271,421,NA,NA,0
2022,2,8475752,"CGY,MTL",2022-04-07,2.1133,668,1.8226,586,NA,NA,0
2022,2,8476873,BUF,2022-02-23,2.1432,778,2.025,721,NA,NA,0
2022,2,8476873,BUF,2022-02-17,1.7905,668,1.6033,591,NA,NA,1
2022,2,8476873,BUF,2022-02-15,2.0864,790,1.9772,745,1e-4,0,1
2022,2,8476873,BUF,2022-02-13,1.8759,702,1.647,606,NA,NA,0
2022,2,8476873,BUF,2022-02-10,2.4836,915,2.2934,848,NA,NA,1
2022,2,8476873,BUF,2022-01-30,2.5044,952,2.0895,758,0.1023,34,0
2022,2,8476873,BUF,2022-01-29,2.1924,848,2.0817,793,NA,NA,0
2022,2,8476873,BUF,2022-01-25,1.7758,660,1.3655,500,0.0019,2,0
2022,2,8476873,BUF,2022-01-22,2.1444,889,1.6905,649,NA,NA,1
2022,2,8476873,BUF,2022-01-20,2.0757,777,1.8674,698,NA,NA,1
2022,2,8477335,VAN,2022-04-26,2.1243,927,1.8274,762,NA,NA,1
2022,2,8477335,VAN,2022-04-14,1.8689,788,1.8689,788,NA,NA,1
2022,2,8477335,VAN,2022-04-12,1.1671,413,1.1671,413,NA,NA,1
2022,2,8477335,VAN,2022-04-09,1.568,601,1.568,601,NA,NA,1
2022,2,8477335,VAN,2022-04-07,2.6924,1075,2.6924,1075,NA,NA,0
2022,2,8477335,VAN,2022-04-06,2.4267,1009,2.4267,1009,NA,NA,0
2022,2,8477335,VAN,2022-02-19,0.1113,64,0.1113,64,NA,NA,1
2022,2,8477335,VAN,2022-02-17,1.9872,741,1.9746,741,0.0126,0,0
2022,2,8477335,VAN,2022-02-12,2.0322,842,1.894,821,0.1102,0,1
2022,2,8477335,VAN,2022-02-09,2.4035,945,2.3751,935,0.0284,10,1
2022,2,8477943,EDM,2022-02-27,1.2397,433,1.0903,367,0.1494,66,0
2022,2,8477943,EDM,2022-02-19,0.646,228,0.603,218,NA,NA,0
2022,2,8477943,EDM,2022-01-25,1.6174,571,1.6174,571,NA,NA,0
2022,2,8477943,EDM,2022-01-22,1.6081,529,1.454,489,0.154,40,1
2022,2,8477943,EDM,2022-01-20,2.1578,771,2.1578,771,NA,NA,1
2022,2,8477943,EDM,2022-01-15,0.9463,323,0.9463,323,NA,NA,1
2022,2,8477943,EDM,2022-01-05,1.557,577,1.557,577,NA,NA,0
2022,2,8477943,EDM,2021-12-29,1.8555,584,1.8555,584,NA,NA,0
2022,2,8477943,EDM,2021-12-18,2.7867,1025,2.7553,1014,0.0314,11,0
2022,2,8477943,EDM,2021-12-16,1.7402,622,1.7313,617,0.0089,5,1
2022,2,8478017,PIT,2022-04-14,1.5314,618,1.5314,618,NA,NA,1
2022,2,8478017,PIT,2022-04-12,1.887,789,1.8508,781,0.0174,0,0
2022,2,8478017,PIT,2022-04-07,2.3662,903,2.1995,823,NA,NA,0
2022,2,8478017,PIT,2022-04-02,1.8973,788,1.8973,788,NA,NA,0
2022,2,8478017,PIT,2022-03-31,1.9048,808,1.8326,759,NA,NA,0
2022,2,8478017,PIT,2022-03-25,0.8756,308,0.8756,308,NA,NA,0
2022,2,8478017,PIT,2022-03-15,2.0417,904,1.8556,802,NA,NA,0
2022,2,8478017,PIT,2022-03-13,1.937,873,1.8013,807,NA,NA,1
2022,2,8478017,PIT,2022-03-11,2.3005,983,2.1316,907,NA,NA,1
2022,2,8478017,PIT,2022-03-08,2.0891,810,2.0891,810,NA,NA,1
2022,2,8478021,"EDM,MTL",2022-04-27,2.2428,1037,2.2332,1033,0.0095,4,0
2022,2,8478021,"EDM,MTL",2022-04-24,1.8224,827,1.7411,789,NA,NA,1
2022,2,8478021,"EDM,MTL",2022-03-26,2.0629,848,2.0629,848,NA,NA,1
2022,2,8478021,"EDM,MTL",2022-03-09,1.1514,536,1.1468,532,NA,NA,0
2022,2,8478021,"EDM,MTL",2022-03-07,1.5385,659,1.4633,617,NA,NA,0
2022,2,8478021,"EDM,MTL",2022-03-05,2.2175,969,2.0047,857,NA,NA,0
2022,2,8478021,"EDM,MTL",2022-03-03,1.9338,779,1.8619,755,NA,NA,0
2022,2,8478021,"EDM,MTL",2022-03-01,1.7404,790,1.6176,729,NA,NA,0
2022,2,8478021,"EDM,MTL",2022-02-27,1.4164,621,1.2451,526,NA,NA,0
2022,2,8478021,"EDM,MTL",2022-02-26,1.5689,680,1.5204,652,NA,NA,0
2022,2,8479465,BUF,2021-11-22,2.5322,894,2.1234,755,3e-4,0,1
2022,2,8479465,BUF,2021-11-21,1.7352,657,1.7352,657,NA,NA,0
2022,2,8479465,BUF,2021-11-18,2.5347,930,2.3833,916,0.0315,14,1
2022,2,8479465,BUF,2021-11-16,2.2294,825,1.9526,710,NA,NA,0
2022,2,8479465,BUF,2021-11-13,2.3689,840,2.2463,792,NA,NA,1
2022,2,8479465,BUF,2021-11-12,2.4532,915,1.8421,671,NA,NA,1
2022,2,8479465,BUF,2021-11-08,2.5456,991,2.1729,826,0.0273,10,0
2022,2,8479465,BUF,2021-11-06,2.3624,789,2.2755,759,NA,NA,1
2022,2,8479465,BUF,2021-11-04,3.1957,1209,2.5505,919,0.0644,29,0
2022,2,8479465,BUF,2021-11-02,2.4521,809,2.4229,802,NA,NA,0
2022,2,8479705,SJS,2022-04-21,1.1252,440,1.1252,440,NA,NA,1
2022,2,8479705,SJS,2022-04-16,1.2131,471,1.2131,471,NA,NA,0
2022,2,8479705,SJS,2022-04-14,0.9842,413,0.9842,413,NA,NA,0
2022,2,8479705,SJS,2022-04-12,1.031,348,1.031,348,NA,NA,0
2022,2,8479705,SJS,2022-04-07,1.3516,482,1.3438,478,NA,NA,1
2022,2,8479705,SJS,2022-03-31,1.241,497,1.2368,493,0.0041,4,0
2022,2,8479705,SJS,2022-03-30,1.4948,582,1.4893,582,0.0055,0,0
2022,2,8479705,SJS,2022-03-26,1.7089,597,1.7089,597,NA,NA,1
2022,2,8479705,SJS,2022-03-24,1.7859,633,1.7859,633,NA,NA,0
2022,2,8479705,SJS,2022-03-22,1.3782,490,1.3782,490,NA,NA,0
2022,2,8480049,WPG,2022-05-01,2.9504,1211,2.8288,1211,NA,NA,1
2022,2,8480049,WPG,2022-04-29,2.3176,903,2.268,882,NA,NA,1
2022,2,8480049,WPG,2022-04-27,2.5155,966,2.5155,966,NA,NA,1
2022,2,8480049,WPG,2022-04-24,2.7645,1092,2.7526,1087,NA,NA,1
2022,2,8480049,WPG,2022-04-21,2.0222,870,1.9995,861,0.0227,9,0
2022,2,8480049,WPG,2022-04-15,2.1717,875,2.1717,875,NA,NA,0
2022,2,8480049,WPG,2022-04-11,2.2503,915,2.2503,915,NA,NA,0
2022,2,8480049,WPG,2022-04-10,1.8465,772,1.8465,772,NA,NA,0
2022,2,8480049,WPG,2022-04-08,1.8165,723,1.7255,678,NA,NA,1
2022,2,8480049,WPG,2022-01-25,2.43,956,2.3276,917,NA,NA,1
2022,2,8480071,NYI,2022-04-29,1.6985,738,1.6985,738,NA,NA,1
2022,2,8480071,NYI,2022-04-28,2.4534,1124,2.3877,1084,0.0318,17,1
2022,2,8480071,NYI,2022-04-26,1.7497,760,1.7497,760,NA,NA,0
2022,2,8480071,NYI,2022-01-30,2.0012,768,1.8138,703,0.1003,39,1
2022,2,8480071,NYI,2022-01-27,2.3566,1037,2.2821,997,0.0744,40,1
2022,2,8480071,NYI,2022-01-25,2.0587,791,1.8191,705,0.2396,86,1
2022,2,8480071,NYI,2022-01-22,2.5516,1063,2.1398,926,0.4118,137,1
2022,2,8480071,NYI,2022-01-21,2.6637,1211,2.3654,1094,0.2983,117,1
2022,2,8480071,NYI,2022-01-18,2.334,991,2.171,924,0.163,67,0
2022,2,8480071,NYI,2022-01-17,2.4641,1045,2.3943,1014,0.0698,31,1
2022,2,8480289,"NYR,WPG",2022-05-01,2.0863,787,1.973,787,NA,NA,1
2022,2,8480289,"NYR,WPG",2022-04-29,1.299,455,1.2965,453,0.0025,2,1
2022,2,8480289,"NYR,WPG",2022-04-27,1.6478,565,1.6478,565,NA,NA,1
2022,2,8480289,"NYR,WPG",2022-04-24,2.425,944,2.425,944,NA,NA,1
2022,2,8480289,"NYR,WPG",2022-04-21,1.5546,595,1.5372,589,0.0174,6,0
2022,2,8480289,"NYR,WPG",2022-04-19,1.9832,715,1.9832,715,NA,NA,0
2022,2,8480289,"NYR,WPG",2022-04-16,2.3407,836,2.3407,836,NA,NA,0
2022,2,8480289,"NYR,WPG",2022-04-15,1.7318,625,1.7318,625,NA,NA,0
2022,2,8480289,"NYR,WPG",2022-04-11,2.413,880,2.413,880,NA,NA,0
2022,2,8480289,"NYR,WPG",2022-04-10,2.0307,770,2.0307,770,NA,NA,0
2022,2,8481058,MTL,2022-04-11,1.8276,683,1.8276,683,NA,NA,1
2022,2,8481058,MTL,2022-04-07,2.1374,768,2.1374,768,NA,NA,0
2022,2,8481058,MTL,2022-04-05,2.0228,710,1.6991,597,0.3237,113,1
2022,2,8481058,MTL,2022-04-02,1.6363,580,1.396,521,0.1854,59,0
2022,2,8481058,MTL,2022-03-31,1.548,631,1.2065,455,0.3415,176,0
2022,2,8481058,MTL,2022-03-29,1.3257,469,1.2355,427,0.0902,42,0
2022,2,8481058,MTL,2022-03-27,1.3235,455,1.2633,423,0.0601,32,0
2022,2,8481058,MTL,2022-01-01,2.3991,884,2.1766,843,0.2225,41,0
2022,2,8481058,MTL,2021-12-30,2.6055,957,2.0488,759,0.5567,198,0
2022,2,8481058,MTL,2021-12-28,1.8254,633,1.3606,454,0.4648,179,0
2022,2,8481122,ANA,2022-04-29,2.3647,1032,2.2672,970,NA,NA,0
2022,2,8481122,ANA,2022-04-26,2.3546,1049,2.0444,894,0.0254,9,0
2022,2,8481122,ANA,2022-04-24,2.1839,933,2.1078,886,NA,NA,1
2022,2,8481122,ANA,2022-04-19,2.0229,884,1.8541,760,0.0085,4,1
2022,2,8481122,ANA,2022-04-12,2.1071,940,1.9975,875,NA,NA,0
2022,2,8481122,ANA,2022-04-09,2.0262,906,1.8232,810,NA,NA,0
2022,2,8481122,ANA,2022-04-06,1.8027,775,1.725,743,NA,NA,1
2022,2,8481122,ANA,2022-03-31,1.3722,647,1.259,583,NA,NA,1
2022,2,8481122,ANA,2022-03-29,2.2846,1062,2.1663,995,NA,NA,1
2022,2,8481122,ANA,2022-03-26,2.4759,1021,2.2918,924,0.0013,2,0
2022,2,8481572,WPG,2022-04-02,2.4893,1061,1.951,874,0.5383,187,1
2022,2,8481572,WPG,2022-03-31,2.5263,1052,2.3708,977,0.1305,59,0
2022,2,8481572,WPG,2022-03-30,3.1953,1255,3.046,1197,0.1488,58,0
2022,2,8481572,WPG,2022-03-27,2.2731,928,2.2731,928,NA,NA,1
2022,2,8481572,WPG,2022-02-14,2.483,966,2.4121,943,0.0709,23,1
2022,2,8481572,WPG,2022-02-12,2.0104,808,2.0104,808,NA,NA,0
2022,2,8481572,WPG,2022-02-11,1.7481,690,1.7481,690,NA,NA,0
2022,2,8481572,WPG,2022-02-08,1.7369,665,1.4332,572,0.3037,93,1
2022,2,8481572,WPG,2022-02-01,1.9886,777,1.9886,777,NA,NA,0
2022,2,8481572,WPG,2022-01-29,2.7696,1136,2.7241,1114,NA,NA,0
2022,2,8481575,OTT,2022-01-31,1.6766,650,1.6716,648,NA,NA,1
2022,2,8481575,OTT,2022-01-29,3.3611,1383,3.1875,1295,0.1159,58,1
2022,2,8481575,OTT,2022-01-27,3.4702,1407,3.4702,1407,NA,NA,1
2022,2,8481575,OTT,2022-01-25,3.1957,1222,2.8704,1095,0.22,77,1
2022,2,8481575,OTT,2022-01-01,2.4454,938,2.1736,851,0.251,80,0
2022,2,8481575,OTT,2021-12-07,2.219,870,1.8166,717,0.3287,129,1
2022,2,8481575,OTT,2021-12-06,1.549,688,1.409,655,0.14,33,0
2022,2,8481575,OTT,2021-12-04,1.9292,757,1.65,655,0.2242,102,1
2022,2,8481575,OTT,2021-12-02,1.4918,598,1.3745,559,0.1173,39,0
2022,2,8481575,OTT,2021-12-01,2.5706,1028,2.0773,819,0.4222,166,1
2022,2,8482055,PIT,2022-01-15,0.9642,336,0.9642,336,NA,NA,0
2022,2,8482055,PIT,2022-01-13,1.7409,644,1.4251,505,0.1296,37,0
2022,2,8482055,PIT,2022-01-02,2.8206,897,2.7093,858,0.1113,39,1
2022,2,8482055,PIT,2021-12-19,1.2504,417,1.2112,371,0.0393,46,0
2022,2,8482055,PIT,2021-12-17,1.6175,597,1.5487,571,0.0688,26,1
2022,2,8482055,PIT,2021-12-14,1.9697,671,1.7906,598,0.1792,73,1
2022,2,8482055,PIT,2021-12-11,1.7261,583,1.6206,535,0.1055,48,1
2022,2,8482055,PIT,2021-12-10,1.038,348,0.9382,306,0.0998,42,0
2022,2,8482055,PIT,2021-12-06,1.9497,615,1.9497,615,NA,NA,0
2022,2,8482055,PIT,2021-12-04,1.5736,520,1.5736,520,NA,NA,0
2022,2,8482133,SJS,2022-04-29,2.9449,1146,2.6195,979,0.3254,167,0
2022,2,8482133,SJS,2022-04-28,2.1034,793,1.9733,752,0.1301,41,0
2022,2,8482133,SJS,2022-04-26,2.8264,1043,2.3328,859,0.4936,184,1
2022,2,8482133,SJS,2022-04-24,2.5719,892,2.3657,820,0.2062,72,0
2022,2,8482133,SJS,2022-04-23,2.6456,922,2.1394,757,0.5062,165,1
2022,2,8482133,SJS,2022-04-21,2.6376,969,2.4846,908,0.153,61,1
2022,2,8482133,SJS,2022-04-19,2.4327,924,2.2903,860,0.1424,64,1
2022,2,8482133,SJS,2022-04-17,2.1321,794,2.0162,750,0.1159,44,0
2022,2,8471284,DAL,2022-04-18,2.015,898,1.8533,819,NA,NA,0
2022,2,8471284,DAL,2022-04-03,1.5312,707,1.5312,707,NA,NA,0
2022,2,8471284,DAL,2022-04-02,1.7541,775,1.7541,775,NA,NA,0
2022,2,8471284,DAL,2022-03-31,1.9835,840,1.8925,797,NA,NA,0
2022,2,8471284,DAL,2022-03-24,1.568,695,1.5188,667,NA,NA,0
2022,2,8471284,DAL,2022-03-22,1.6975,736,1.577,668,NA,NA,1
2022,2,8471284,DAL,2022-03-20,1.8118,802,1.5467,643,NA,NA,0
2022,2,8471284,DAL,2022-03-19,1.924,805,1.8381,757,NA,NA,0
2022,2,8471284,DAL,2022-01-25,1.7616,738,1.6751,689,NA,NA,0
2022,2,8471284,DAL,2022-01-12,1.8072,765,1.8072,765,NA,NA,1
2022,2,8471707,STL,2022-01-15,2.3837,822,2.1906,758,0.1931,64,1
2022,2,8471707,STL,2022-01-13,1.9691,685,1.516,499,0.453,186,1
2022,2,8471707,STL,2021-11-22,1.8445,643,1.6771,597,0.1673,46,1
2022,2,8471707,STL,2021-11-20,1.8035,620,1.1732,370,0.6303,250,0
2022,2,8471707,STL,2021-11-18,2.1415,785,1.8526,603,0.2889,182,1
2022,2,8471707,STL,2021-11-16,2.0575,769,1.5993,559,0.4582,210,1
2022,2,8471707,STL,2021-11-14,1.4797,559,1.1819,397,0.2979,162,1
2022,2,8471707,STL,2021-11-13,2.0609,748,1.5199,525,0.5409,223,0
2022,2,8471707,STL,2021-11-11,1.9616,676,1.9103,653,0.0513,23,1
2022,2,8471707,STL,2021-11-09,2.6017,842,2.5238,815,0.0778,27,0
2022,2,8474062,"WPG,TBL,ARI",2022-03-20,2.0483,775,1.6564,578,NA,NA,0
2022,2,8474062,"WPG,TBL,ARI",2022-03-19,2.0986,812,1.7994,655,NA,NA,1
2022,2,8474062,"WPG,TBL,ARI",2022-03-15,2.1589,804,2.0859,770,NA,NA,0
2022,2,8474062,"WPG,TBL,ARI",2022-03-14,1.9047,710,1.8298,684,NA,NA,0
2022,2,8474062,"WPG,TBL,ARI",2022-03-12,1.4835,526,1.3876,492,NA,NA,0
2022,2,8474062,"WPG,TBL,ARI",2022-03-10,2.2155,808,2.2155,808,NA,NA,0
2022,2,8474062,"WPG,TBL,ARI",2022-03-08,2.1856,834,1.7807,646,NA,NA,0
2022,2,8474062,"WPG,TBL,ARI",2022-02-27,1.7209,636,1.7209,636,NA,NA,1
2022,2,8474062,"WPG,TBL,ARI",2022-02-23,0.9184,577,0.8023,533,NA,NA,1
2022,2,8474062,"WPG,TBL,ARI",2022-02-11,2.097,787,1.9778,729,NA,NA,1
2022,2,8474068,EDM,2022-03-05,0.7538,281,0.7538,281,NA,NA,1
2022,2,8474068,EDM,2022-01-22,1.6465,540,1.5667,515,0.0798,25,1
2022,2,8474068,EDM,2022-01-05,2.0084,782,1.7554,683,0.253,99,0
2022,2,8474068,EDM,2022-01-03,1.7518,683,1.7518,683,NA,NA,0
2022,2,8474068,EDM,2022-01-01,1.9449,697,1.9449,697,NA,NA,0
2022,2,8474068,EDM,2021-12-29,1.6053,572,1.6053,572,NA,NA,0
2022,2,8474068,EDM,2021-12-16,1.4198,503,1.3677,493,0.0521,10,1
2022,2,8474068,EDM,2021-12-14,1.6503,541,1.6004,528,0.0499,13,1
2022,2,8474068,EDM,2021-11-24,1.6343,627,1.5462,597,0.0882,30,0
2022,2,8474068,EDM,2021-11-20,0.9769,384,0.9057,365,0.0713,19,1
2022,2,8474697,NSH,2022-04-29,1.7749,878,1.4501,669,0.001,1,0
2022,2,8474697,NSH,2022-04-28,1.9055,912,1.6354,757,NA,NA,0
2022,2,8474697,NSH,2022-04-26,1.5917,756,1.2148,506,NA,NA,1
2022,2,8474697,NSH,2022-04-24,1.8072,861,1.581,717,NA,NA,1
2022,2,8474697,NSH,2022-04-23,1.8411,800,1.8127,776,NA,NA,0
2022,2,8474697,NSH,2022-04-19,1.6576,744,1.556,694,NA,NA,1
2022,2,8474697,NSH,2022-04-17,2.1986,960,2.1986,959,NA,NA,1
2022,2,8474697,NSH,2022-04-16,2.0871,1007,1.8521,828,NA,NA,1
2022,2,8474697,NSH,2022-04-12,1.477,645,1.477,645,NA,NA,1
2022,2,8474697,NSH,2022-04-10,1.3208,588,1.2502,555,NA,NA,0
2022,2,8475160,"STL,TOR",2022-04-29,2.455,884,2.455,884,NA,NA,1
2022,2,8475160,"STL,TOR",2022-04-24,1.5606,550,1.5606,550,NA,NA,0
2022,2,8475160,"STL,TOR",2022-04-23,1.0801,412,1.0801,412,NA,NA,0
2022,2,8475160,"STL,TOR",2022-04-21,1.4253,498,1.4253,498,NA,NA,0
2022,2,8475160,"STL,TOR",2022-04-16,1.0749,392,1.0749,392,NA,NA,0
2022,2,8475160,"STL,TOR",2022-04-14,1.3734,496,1.3734,496,NA,NA,1
2022,2,8475160,"STL,TOR",2022-04-05,0.9681,362,0.9681,362,NA,NA,0
2022,2,8475160,"STL,TOR",2022-04-04,2.1148,721,2.0535,696,NA,NA,0
2022,2,8475160,"STL,TOR",2022-03-31,1.0852,361,1.0852,361,NA,NA,1
2022,2,8475160,"STL,TOR",2022-03-29,1.6838,541,1.6684,531,0.0153,10,0
2022,2,8475413,VAN,2022-02-09,1.8555,678,1.815,674,0.0405,4,1
2022,2,8475413,VAN,2022-01-31,1.3957,462,1.3957,462,NA,NA,0
2022,2,8475413,VAN,2022-01-25,1.2689,448,1.2689,448,NA,NA,1
2022,2,8475413,VAN,2022-01-18,1.4259,479,1.4259,479,NA,NA,0
2022,2,8475413,VAN,2021-12-29,1.2416,476,1.2416,452,NA,NA,0
2022,2,8475413,VAN,2021-12-16,1.1441,383,1.1441,383,NA,NA,0
2022,2,8475413,VAN,2021-12-14,1.4791,515,1.4719,514,0.0072,1,1
2022,2,8475413,VAN,2021-12-12,1.9529,735,1.875,716,NA,NA,1
2022,2,8475413,VAN,2021-12-04,1.0672,384,1.0672,384,NA,NA,1
2022,2,8475413,VAN,2021-12-01,1.6612,622,1.4261,584,0.2351,38,0
2022,2,8475625,WSH,2022-04-14,2.0296,791,2.0296,791,NA,NA,0
2022,2,8475625,WSH,2022-04-12,2.912,1097,2.8853,1088,0.0267,9,1
2022,2,8475625,WSH,2022-03-25,1.5266,610,1.5266,610,NA,NA,0
2022,2,8475625,WSH,2022-03-22,0.067,29,0.067,29,NA,NA,1
2022,2,8475625,WSH,2022-01-22,1.7194,725,1.499,623,NA,NA,1
2022,2,8475625,WSH,2022-01-20,1.9682,815,1.7395,728,NA,NA,0
2022,2,8475625,WSH,2022-01-16,1.8016,711,1.8016,711,NA,NA,1
2022,2,8475625,WSH,2022-01-15,2.3697,943,2.3079,927,NA,NA,0
2022,2,8475625,WSH,2022-01-10,2.5013,924,2.3857,859,NA,NA,1
2022,2,8475625,WSH,2021-12-31,2.0051,753,1.9321,718,NA,NA,0
2022,2,8475958,WSH,2022-01-08,1.4568,504,1.4568,504,NA,NA,0
2022,2,8475958,WSH,2022-01-07,1.8329,623,1.8329,623,NA,NA,0
2022,2,8475958,WSH,2022-01-02,1.6717,516,1.6717,516,NA,NA,1
2022,2,8475958,WSH,2021-12-17,2.4896,842,2.1488,736,0.3407,106,0
2022,2,8475958,WSH,2021-12-15,1.4719,468,1.4719,468,NA,NA,0
2022,2,8475958,WSH,2021-12-11,2.0242,725,2.0242,725,NA,NA,0
2022,2,8475958,WSH,2021-11-30,1.7607,552,1.4249,462,0.3358,90,0
2022,2,8475958,WSH,2021-11-28,1.7538,583,1.1988,395,0.5551,188,0
2022,2,8475958,WSH,2021-11-26,1.9048,601,1.6766,540,0.2282,61,1
2022,2,8475958,WSH,2021-11-24,1.6692,523,1.6692,523,NA,NA,1
2022,2,8476439,CGY,2022-04-29,1.8562,643,1.8562,643,NA,NA,0
2022,2,8476439,CGY,2022-04-28,1.9617,674,1.9374,668,0.0243,6,0
2022,2,8476439,CGY,2022-04-26,1.5253,544,1.5253,544,NA,NA,0
2022,2,8476439,CGY,2022-04-23,1.8748,679,1.8748,679,NA,NA,1
2022,2,8476439,CGY,2022-04-21,1.3386,491,1.3386,491,NA,NA,1
2022,2,8476439,CGY,2022-04-19,1.5261,536,1.5261,536,NA,NA,0
2022,2,8476439,CGY,2022-04-12,1.0619,436,1.0335,427,0.0284,9,1
2022,2,8476439,CGY,2022-04-09,1.373,479,1.373,479,NA,NA,0
2022,2,8476439,CGY,2022-04-07,1.9427,716,1.9177,700,0.025,16,0
2022,2,8476439,CGY,2022-04-02,1.8305,659,1.8305,659,NA,NA,1
2022,2,8476470,WPG,2022-03-04,0.6864,343,0.5681,266,NA,NA,1
2022,2,8476470,WPG,2022-03-01,2.1185,1041,1.4855,715,0.0209,9,1
2022,2,8476470,WPG,2022-02-27,1.9549,925,1.9549,925,NA,NA,0
2022,2,8476470,WPG,2022-02-25,1.5828,794,1.2972,614,NA,NA,0
2022,2,8476470,WPG,2022-02-23,1.862,914,1.0699,511,NA,NA,0
2022,2,8476470,WPG,2022-01-27,2.4321,1294,2.4092,1277,NA,NA,1
2022,2,8476470,WPG,2022-01-25,2.1779,1101,1.582,754,0.028,56,1
2022,2,8476470,WPG,2022-01-23,1.3441,654,1.2485,589,NA,NA,0
2022,2,8476470,WPG,2022-01-06,1.7872,831,1.4413,645,NA,NA,0
2022,2,8476470,WPG,2021-12-19,1.5482,709,1.3967,634,NA,NA,1
2022,2,8476850,COL,2022-03-21,0.0555,31,0.0555,31,NA,NA,1
2022,2,8476850,COL,2022-03-18,2.6656,1047,2.6031,1017,NA,NA,0
2022,2,8476850,COL,2022-03-15,2.3891,1020,2.2431,948,NA,NA,0
2022,2,8476850,COL,2022-03-13,2.7323,1117,2.7323,1117,NA,NA,1
2022,2,8476850,COL,2022-03-10,2.3204,913,2.2339,861,NA,NA,0
2022,2,8476850,COL,2022-03-08,2.0376,801,1.9843,779,NA,NA,0
2022,2,8476850,COL,2022-03-07,2.8426,1138,2.6497,1037,NA,NA,0
2022,2,8476850,COL,2022-03-05,2.4317,939,2.4314,939,3e-4,0,1
2022,2,8476850,COL,2022-03-03,1.9744,793,1.9744,793,NA,NA,0
2022,2,8476850,COL,2022-03-01,2.1275,804,1.9844,741,NA,NA,1
2022,2,8476884,"VGK,SEA",2022-05-01,3.1857,1276,3.0667,1264,0.0919,0,0
2022,2,8476884,"VGK,SEA",2022-04-29,2.3382,924,2.3382,924,NA,NA,1
2022,2,8476884,"VGK,SEA",2022-04-26,2.0323,824,2.0279,819,0.0044,4,0
2022,2,8476884,"VGK,SEA",2022-04-23,2.0879,818,2.0879,818,NA,NA,0
2022,2,8476884,"VGK,SEA",2022-04-03,2.0771,838,2.0771,838,NA,NA,1
2022,2,8476884,"VGK,SEA",2022-04-01,2.5244,951,2.4761,919,0.0483,32,1
2022,2,8476884,"VGK,SEA",2022-03-30,2.1536,849,2.1235,837,NA,NA,1
2022,2,8476884,"VGK,SEA",2022-03-28,2.5772,1043,2.5772,1043,NA,NA,0
2022,2,8476884,"VGK,SEA",2022-03-26,2.5172,988,2.5169,988,NA,NA,0
2022,2,8476884,"VGK,SEA",2022-03-19,1.9945,858,1.974,851,NA,NA,0
2022,2,8476886,EDM,2022-01-25,1.5254,615,1.5254,615,NA,NA,0
2022,2,8476886,EDM,2022-01-22,1.5113,583,1.5113,583,NA,NA,1
2022,2,8476886,EDM,2022-01-05,2.1121,836,2.0316,803,NA,NA,0
2022,2,8476886,EDM,2022-01-03,1.7664,760,1.7502,751,0.0163,9,0
2022,2,8476886,EDM,2022-01-01,1.9177,745,1.9177,745,NA,NA,0
2022,2,8476886,EDM,2021-12-31,1.3176,489,1.2553,456,NA,NA,0
2022,2,8476886,EDM,2021-12-29,3.2116,1285,2.9438,1168,NA,NA,0
2022,2,8476886,EDM,2021-12-18,2.5191,962,2.4282,906,NA,NA,0
2022,2,8476886,EDM,2021-11-18,0.5168,209,0.5168,209,NA,NA,1
2022,2,8476886,EDM,2021-11-16,1.5009,615,1.5009,615,NA,NA,0
2022,2,8477401,BUF,2022-04-29,0.9854,330,0.9854,330,NA,NA,1
2022,2,8477401,BUF,2022-04-28,1.7174,596,1.7174,596,NA,NA,0
2022,2,8477401,BUF,2022-04-12,1.0463,351,1.0463,351,NA,NA,0
2022,2,8477401,BUF,2022-03-10,1.2647,469,1.2647,469,NA,NA,1
2022,2,8477401,BUF,2022-03-07,1.4741,498,1.4741,498,NA,NA,1
2022,2,8477401,BUF,2022-03-06,2.0828,713,2.0828,713,NA,NA,1
2022,2,8477401,BUF,2022-03-04,1.9805,727,1.9805,727,NA,NA,1
2022,2,8477401,BUF,2022-03-02,2.2617,853,2.2617,853,NA,NA,0
2022,2,8477401,BUF,2022-02-27,2.0839,720,2.0839,720,NA,NA,0
2022,2,8477401,BUF,2022-02-25,1.1808,448,1.1205,422,0.0604,26,0
2022,2,8477938,SEA,2022-04-18,2.2272,858,2.1232,810,NA,NA,1
2022,2,8477938,SEA,2022-04-16,2.1362,893,1.9967,825,NA,NA,1
2022,2,8477938,SEA,2022-03-22,1.2998,522,1.1281,450,NA,NA,0
2022,2,8477938,SEA,2022-03-19,2.9255,1114,2.9227,1106,0.0028,8,1
2022,2,8477938,SEA,2022-03-16,1.2543,466,1.2403,466,0.014,0,1
2022,2,8477938,SEA,2022-03-10,2.5692,1098,2.4474,1037,NA,NA,0
2022,2,8477938,SEA,2022-02-22,2.7025,1154,2.7025,1154,NA,NA,1
2022,2,8477938,SEA,2022-02-19,2.3499,1033,2.3499,1033,NA,NA,0
2022,2,8477938,SEA,2022-02-14,2.7003,1071,2.6678,1050,0.007,0,1
2022,2,8477938,SEA,2022-02-11,2.7518,1000,2.6353,945,NA,NA,0
2022,2,8478104,NYR,2021-11-14,1.9059,665,1.7254,577,0.1805,88,1
2022,2,8478104,NYR,2021-11-13,2.4321,808,2.4321,808,NA,NA,0
2022,2,8478104,NYR,2021-11-08,2.4963,862,2.4185,831,0.0778,31,1
2022,2,8478104,NYR,2021-11-06,2.4407,912,2.2452,818,0.1955,94,0
2022,2,8478104,NYR,2021-11-05,2.6351,975,2.5522,948,0.0829,27,0
2022,2,8478104,NYR,2021-11-02,2.1344,826,1.9323,712,0.2021,114,0
2022,2,8478104,NYR,2021-10-31,2.1799,780,2.0606,730,0.1193,50,0
2022,2,8478104,NYR,2021-10-29,1.9311,697,1.8676,678,0.0635,19,1
2022,2,8478104,NYR,2021-10-25,2.5009,872,2.3003,806,0.2005,66,1
2022,2,8478104,NYR,2021-10-23,2.2947,883,2.1222,782,0.1725,101,0
2022,2,8478841,NJD,2022-04-18,1.9808,851,1.8763,804,NA,NA,0
2022,2,8478841,NJD,2022-04-16,2.441,1110,2.2289,1009,NA,NA,0
2022,2,8478841,NJD,2022-03-16,1.7716,752,1.7716,752,NA,NA,0
2022,2,8478841,NJD,2022-03-15,2.4432,978,2.4432,978,NA,NA,0
2022,2,8478841,NJD,2022-03-04,1.7629,803,1.7063,777,NA,NA,0
2022,2,8478841,NJD,2022-03-01,1.9042,786,1.8508,758,NA,NA,0
2022,2,8478841,NJD,2022-02-28,2.1016,932,2.1016,932,NA,NA,1
2022,2,8478841,NJD,2022-02-15,2.2023,938,2.2023,938,NA,NA,1
2022,2,8478841,NJD,2022-02-13,1.6648,712,1.6648,712,NA,NA,1
2022,2,8478841,NJD,2022-02-10,1.9857,849,1.9857,849,NA,NA,0
2022,2,8479026,NSH,2022-03-17,1.9038,726,1.8726,714,0.0312,12,0
2022,2,8479026,NSH,2022-03-15,1.8176,746,1.8176,746,NA,NA,1
2022,2,8479026,NSH,2022-03-02,1.8299,804,1.8299,804,NA,NA,0
2022,2,8479026,NSH,2022-02-24,2.3241,906,2.1105,813,NA,NA,1
2022,2,8479026,NSH,2022-02-22,1.994,865,1.8854,816,NA,NA,0
2022,2,8479026,NSH,2022-02-09,2.3947,922,2.0238,758,0.0227,6,0
2022,2,8479026,NSH,2022-02-01,2.3137,931,2.2067,886,NA,NA,1
2022,2,8479026,NSH,2022-01-18,1.9636,865,1.887,817,NA,NA,1
2022,2,8479026,NSH,2022-01-17,2.6865,1051,2.5497,975,NA,NA,0
2022,2,8479026,NSH,2022-01-15,2.3721,894,2.3721,894,NA,NA,0
2022,2,8479536,WSH,2022-04-29,1.5403,587,1.4398,543,NA,NA,0
2022,2,8479536,WSH,2022-04-28,1.6393,614,1.5305,568,NA,NA,0
2022,2,8479536,WSH,2022-03-28,2.116,764,1.9195,696,NA,NA,1
2022,2,8479536,WSH,2022-03-26,2.0472,758,1.9712,729,NA,NA,1
2022,2,8479536,WSH,2022-03-25,1.4534,518,1.3801,493,NA,NA,0
2022,2,8479536,WSH,2022-03-22,1.6591,638,1.4404,541,NA,NA,1
2022,2,8479536,WSH,2022-03-20,1.182,422,1.182,422,NA,NA,1
2022,2,8479536,WSH,2022-03-18,1.8473,641,1.6188,558,NA,NA,0
2022,2,8479536,WSH,2022-03-17,2.4222,917,1.8833,698,0.1145,42,0
2022,2,8479536,WSH,2022-03-15,1.803,631,1.7419,606,NA,NA,1
2022,2,8480019,PHI,2022-03-01,1.1371,422,0.9881,369,0.149,53,1
2022,2,8480019,PHI,2022-02-26,1.6999,607,1.6515,590,0.0484,17,1
2022,2,8480019,PHI,2022-02-22,2.3989,864,2.3164,832,0.0825,32,1
2022,2,8480019,PHI,2022-02-21,2.3487,800,1.922,641,0.4267,159,1
2022,2,8480019,PHI,2022-02-17,1.6615,662,1.3626,532,0.2621,122,1
2022,2,8480019,PHI,2022-02-15,1.9751,766,1.5884,635,0.3867,131,0
2022,2,8480019,PHI,2022-02-12,1.8709,685,1.6307,591,0.2402,94,0
2022,2,8480019,PHI,2022-02-09,1.8312,653,1.8123,645,0.0189,8,1
2022,2,8480019,PHI,2022-02-01,1.2724,447,1.2724,447,NA,NA,1
2022,2,8480019,PHI,2022-01-29,1.3516,542,1.3516,542,NA,NA,1
2022,2,8480226,"NJD,DAL",2022-04-21,1.9492,673,1.9349,664,0.0143,9,0
2022,2,8480226,"NJD,DAL",2022-04-20,1.6868,598,1.6868,598,NA,NA,0
2022,2,8480226,"NJD,DAL",2022-04-18,1.7661,670,1.7661,670,NA,NA,0
2022,2,8480226,"NJD,DAL",2022-04-16,1.3124,469,1.3124,469,NA,NA,1
2022,2,8480226,"NJD,DAL",2022-04-14,1.2921,434,1.2921,434,NA,NA,1
2022,2,8480226,"NJD,DAL",2022-04-12,1.4851,495,1.4851,495,NA,NA,1
2022,2,8480226,"NJD,DAL",2022-04-07,2.2232,814,2.2232,814,NA,NA,1
2022,2,8480226,"NJD,DAL",2022-04-05,2.2464,761,2.2464,761,NA,NA,1
2022,2,8480226,"NJD,DAL",2022-03-31,1.6073,584,1.6073,584,NA,NA,0
2022,2,8480226,"NJD,DAL",2022-03-24,1.6508,677,1.505,624,0.1458,53,0
2022,2,8480355,OTT,2022-04-29,1.337,484,1.337,484,NA,NA,0
2022,2,8480355,OTT,2022-04-28,1.9049,698,1.5875,574,0.3174,124,1
2022,2,8480355,OTT,2022-04-26,1.3249,469,1.3249,469,NA,NA,1
2022,2,8480355,OTT,2022-04-23,1.4845,569,1.3639,516,0.1205,53,1
2022,2,8480355,OTT,2022-04-22,1.4717,497,1.4717,497,NA,NA,0
2022,2,8480355,OTT,2022-04-09,2.3469,827,2.3469,827,NA,NA,0
2022,2,8480355,OTT,2022-04-07,1.2093,448,1.2049,443,0.0044,5,1
2022,2,8480355,OTT,2022-02-22,1.927,703,1.927,703,NA,NA,1
2022,2,8480355,OTT,2022-02-13,1.4571,523,1.3587,485,0.0789,27,0
2022,2,8480355,OTT,2022-02-12,0.9812,329,0.9812,329,NA,NA,1
2022,2,8480860,NJD,2022-04-29,2.4171,1066,2.2857,1012,NA,NA,1
2022,2,8480860,NJD,2022-04-28,2.4938,1074,2.4047,1025,NA,NA,0
2022,2,8480860,NJD,2022-04-26,2.3906,1008,2.3181,947,0.0046,4,0
2022,2,8480860,NJD,2022-04-24,2.0144,829,1.8273,721,NA,NA,1
2022,2,8480860,NJD,2022-04-23,2.4153,1125,2.1979,1018,NA,NA,1
2022,2,8480860,NJD,2022-04-21,2.5319,1124,2.3645,1004,NA,NA,1
2022,2,8480860,NJD,2022-04-18,2.5869,1209,2.4956,1161,NA,NA,0
2022,2,8480860,NJD,2022-04-16,2.6838,1082,2.4513,960,NA,NA,0
2022,2,8480860,NJD,2022-04-14,2.3906,1012,2.3906,1012,NA,NA,0
2022,2,8480860,NJD,2022-04-12,2.0672,906,1.8371,803,NA,NA,0
2022,2,8480878,NYR,2022-01-08,1.7994,812,1.4774,673,0.322,139,0
2022,2,8480878,NYR,2022-01-02,1.9127,861,1.7831,784,0.0858,43,1
2022,2,8480878,NYR,2021-12-31,1.8298,741,1.668,681,0.1616,56,0
2022,2,8480878,NYR,2021-12-29,2.3506,975,2.1606,881,0.19,56,0
2022,2,8480878,NYR,2021-12-10,1.8756,782,1.7631,715,0.1125,67,0
2022,2,8480878,NYR,2021-12-08,2.0992,892,1.6593,720,0.3686,147,1
2022,2,8480878,NYR,2021-12-07,1.9245,806,1.9078,802,NA,NA,0
2022,2,8480878,NYR,2021-12-04,1.88,818,1.5172,649,0.3628,169,1
2022,2,8480878,NYR,2021-12-03,1.9389,704,1.5964,607,0.3424,97,1
2022,2,8480878,NYR,2021-12-01,1.8929,783,1.7349,735,0.1552,43,1
2022,2,8480884,MIN,2022-03-04,2.1087,875,1.9692,834,0.1396,41,0
2022,2,8480884,MIN,2022-03-03,1.8051,764,1.7498,748,0.0553,16,0
2022,2,8480884,MIN,2022-03-01,1.9946,922,1.6727,789,0.3219,133,1
2022,2,8480884,MIN,2022-02-24,1.9712,788,1.4414,615,0.5298,173,0
2022,2,8480884,MIN,2022-02-22,2.0345,837,1.6691,691,0.3654,146,0
2022,2,8480884,MIN,2022-02-20,2.124,848,1.8839,762,0.2401,86,0
2022,2,8480884,MIN,2022-01-21,2.4716,1037,2.1736,903,0.2979,134,0
2022,2,8480884,MIN,2022-01-17,2.1517,849,1.8651,739,0.2864,110,0
2022,2,8480884,MIN,2022-01-14,2.3161,835,2.3161,835,NA,NA,1
2022,2,8480884,MIN,2022-01-08,2.1248,957,1.853,837,0.2718,120,1
2022,2,8480979,ARI,2022-04-29,2.3459,842,2.0414,693,0.3044,149,1
2022,2,8480979,ARI,2022-04-27,2.25,792,2.0633,708,0.1867,84,0
2022,2,8480979,ARI,2022-04-26,2.2887,792,1.7902,625,0.4045,141,0
2022,2,8480979,ARI,2022-04-23,2.761,1018,2.7296,1001,0.0314,16,1
2022,2,8480979,ARI,2022-04-22,2.3647,795,2.3365,785,NA,NA,1
2022,2,8480979,ARI,2022-04-20,1.9747,706,1.8,647,0.1747,59,1
2022,2,8480979,ARI,2022-04-18,2.8323,981,2.2845,790,0.5478,191,1
2022,2,8480979,ARI,2022-04-16,2.4548,854,2.1876,768,0.2672,86,0
2022,2,8480979,ARI,2022-04-14,2.4457,868,2.1343,763,0.2862,95,0
2022,2,8480979,ARI,2022-04-12,2.5445,842,2.0416,681,0.5029,161,1
2022,2,8481433,DET,2022-04-26,1.8616,749,1.6757,661,0.1859,88,0
2022,2,8481433,DET,2022-04-24,1.8926,743,1.4752,555,0.4174,188,0
2022,2,8481433,DET,2022-04-23,1.5192,586,1.3671,528,0.1521,58,1
2022,2,8481433,DET,2022-04-06,1.5133,545,1.4024,504,0.1109,41,0
2022,2,8481433,DET,2022-04-05,0.8786,341,0.8786,341,NA,NA,1
2022,2,8481433,DET,2022-04-03,1.8107,659,1.5629,557,0.2478,102,0
2022,2,8481433,DET,2022-04-01,2.1222,816,1.6638,634,0.4584,182,1
2022,2,8481433,DET,2022-03-30,1.2192,482,1.0029,384,0.2163,98,1
2022,2,8481433,DET,2022-03-27,1.6602,607,1.4312,507,0.2291,100,0
2022,2,8481433,DET,2022-03-26,1.622,740,0.9862,415,0.6358,325,1
2022,2,8481518,NJD,2022-04-29,2.2397,842,2.0863,784,0.1534,58,1
2022,2,8481518,NJD,2022-04-28,2.2059,770,2.2059,770,NA,NA,0
2022,2,8481518,NJD,2022-04-26,2.5027,860,2.5027,860,NA,NA,0
2022,2,8481518,NJD,2022-04-24,1.8706,668,1.6133,542,0.2152,114,1
2022,2,8481518,NJD,2022-04-23,0.7855,310,0.7855,310,NA,NA,1
2022,2,8481518,NJD,2022-01-08,1.2568,437,1.1437,393,0.1132,44,0
2022,2,8481518,NJD,2022-01-06,1.3211,467,1.2716,455,0.0495,12,1
2022,2,8481521,PHI,2022-04-29,3.1735,1294,2.7963,1123,0.048,23,1
2022,2,8481521,PHI,2022-04-27,2.8717,1193,2.5921,1040,0.0514,18,0
2022,2,8481521,PHI,2022-04-25,2.4924,1076,2.1868,889,8e-4,0,0
2022,2,8481521,PHI,2022-04-24,2.8481,1205,2.6496,1085,NA,NA,1
2022,2,8481521,PHI,2022-04-21,2.4717,1012,2.3658,970,0.1056,42,0
2022,2,8481521,PHI,2022-04-19,2.4802,1046,2.0994,838,0.0018,0,0
2022,2,8481521,PHI,2022-04-17,2.5261,1079,2.4363,1037,NA,NA,1
2022,2,8481521,PHI,2022-04-16,1.9793,827,1.8623,761,0.0313,12,0
2022,2,8481521,PHI,2022-04-13,1.7273,697,1.5018,600,0.1176,41,1
2022,2,8481521,PHI,2022-04-12,1.8858,804,1.8215,764,NA,NA,0
2022,2,8481553,PHI,2022-04-29,2.5752,934,2.3366,823,0.2385,111,1
2022,2,8481553,PHI,2022-04-27,2.5643,871,1.8504,606,0.7139,265,0
2022,2,8481553,PHI,2022-04-25,2.3705,851,1.7101,597,0.6605,254,0
2022,2,8481553,PHI,2022-04-24,2.8756,1061,2.282,817,0.5936,244,1
2022,2,8481553,PHI,2022-04-21,2.439,840,2.0056,697,0.4332,143,0
2022,2,8481553,PHI,2022-04-19,2.3453,792,1.9644,671,0.381,121,0
2022,2,8481553,PHI,2022-04-17,2.5988,1001,2.3182,883,0.2806,118,1
2022,2,8481553,PHI,2022-04-16,2.9769,1089,2.2621000000000002,823,0.7148,266,0
2022,2,8481553,PHI,2022-04-13,2.7603,963,2.3332,802,0.427,161,1
2022,2,8481553,PHI,2022-04-12,2.4168,867,2.1198,732,0.297,135,0
2022,2,8481581,DAL,2022-04-29,2.6291,1021,2.6193,1016,0.0098,5,1
2022,2,8481581,DAL,2022-04-27,1.6504,657,1.6504,657,NA,NA,1
2022,2,8481581,DAL,2022-04-26,2.1745,826,2.1745,826,NA,NA,1
2022,2,8481581,DAL,2022-04-23,1.8176,730,1.8176,730,NA,NA,1
2022,2,8481581,DAL,2022-04-21,1.633,638,1.633,638,NA,NA,0
2022,2,8481581,DAL,2022-04-10,2.1901,894,2.1901,894,NA,NA,0
2022,2,8481581,DAL,2022-04-07,2.3851,900,2.3851,900,NA,NA,1
2022,2,8481581,DAL,2022-04-05,2.1617,853,2.1525,850,0.0092,3,1
2022,2,8481581,DAL,2022-04-03,2.9781,1173,2.9379,1159,0.0402,14,0
2022,2,8481581,DAL,2022-04-02,2.4035,921,2.4035,921,NA,NA,0
2022,2,8481626,BUF,2021-12-30,1.5891,582,1.5891,582,NA,NA,0
2022,2,8481626,BUF,2021-12-29,1.8202,728,1.6973,666,0.1229,62,1
2022,2,8481626,BUF,2021-11-24,1.8837,624,1.8837,624,NA,NA,1
2022,2,8481626,BUF,2021-11-18,2.4474,859,2.0719,685,0.3756,174,1
2022,2,8481626,BUF,2021-11-16,2.3369,887,1.9391,735,0.3977,152,0
2022,2,8481626,BUF,2021-11-13,1.9519,654,1.6497,590,0.3021,64,1
2022,2,8481626,BUF,2021-11-12,1.8367,695,1.3731,551,0.3699,103,1
2022,2,8481626,BUF,2021-11-08,2.2748,786,1.5042,544,0.6875,216,0
2022,2,8481626,BUF,2021-11-06,1.8795,732,1.8795,732,NA,NA,1
2022,2,8481626,BUF,2021-11-04,1.1051,403,1.0464,367,0.0587,36,0
2022,2,8482667,SJS,2021-11-04,2.7029,929,2.0604,696,0.6425,233,1
2022,2,8482667,SJS,2021-11-02,2.154,786,2.1129,780,0.0411,6,1
2022,2,8482667,SJS,2021-10-30,2.7109,1053,2.3809,935,0.3301,118,1
2022,2,8482667,SJS,2021-10-28,2.7759,978,2.1464,756,0.6295,222,1
2022,2,8482667,SJS,2021-10-26,2.3972,891,2.136,812,0.2612,79,0
2022,2,8482667,SJS,2021-10-22,1.9064,679,1.5772,546,0.3292,133,0
2022,2,8482667,SJS,2021-10-21,1.6525,630,1.4293,557,0.2232,73,0
2022,2,8482667,SJS,2021-10-19,2.7705,950,2.4428,808,0.2969,128,0
2022,2,8482667,SJS,2021-10-16,2.4662,841,1.8031,618,0.6631,223,1
2022,2,8470775,PHI,2022-04-29,1.8022,648,1.4105,499,NA,NA,1
2022,2,8470775,PHI,2022-04-27,2.0414,770,1.6144,584,0.1002,33,0
2022,2,8470775,PHI,2022-04-25,2.2583,878,1.5093,551,NA,NA,0
2022,2,8470775,PHI,2022-04-24,1.9498,743,1.6694,619,NA,NA,1
2022,2,8470775,PHI,2022-04-21,2.2855,820,2.0503,713,0.0727,21,0
2022,2,8470775,PHI,2022-04-19,2.0852,778,1.7237,632,NA,NA,0
2022,2,8470775,PHI,2022-04-17,1.7364,689,1.5195,576,0.0316,16,1
2022,2,8470775,PHI,2022-04-16,1.5078,564,1.2502,447,NA,NA,0
2022,2,8470775,PHI,2022-04-12,2.0496,829,1.7029,652,NA,NA,0
2022,2,8470775,PHI,2022-04-09,1.933,700,1.7339,618,0.0024,4,1
2022,2,8475246,"FLA,PHI",2022-04-19,1.8613,809,1.6182,704,NA,NA,0
2022,2,8475246,"FLA,PHI",2022-04-17,2.7666,1178,2.6396,1100,NA,NA,1
2022,2,8475246,"FLA,PHI",2022-04-16,2.5167,1194,2.1311,948,0.0322,16,0
2022,2,8475246,"FLA,PHI",2022-04-13,2.8767,1229,2.76,1172,NA,NA,1
2022,2,8475246,"FLA,PHI",2022-04-12,2.0847,924,1.9132,823,NA,NA,0
2022,2,8475246,"FLA,PHI",2022-04-09,2.1435,908,2.1435,908,NA,NA,1
2022,2,8475246,"FLA,PHI",2022-04-07,1.9173,795,1.9173,795,NA,NA,0
2022,2,8475246,"FLA,PHI",2022-04-03,2.0387,816,2.0387,816,NA,NA,0
2022,2,8475246,"FLA,PHI",2022-03-27,1.7877,733,1.5996,640,NA,NA,0
2022,2,8475246,"FLA,PHI",2022-03-25,1.5875,663,1.5875,663,NA,NA,0
2022,2,8476372,PHI,2022-04-02,1.5685,622,1.5685,622,NA,NA,1
2022,2,8476372,PHI,2022-03-29,1.7142,798,1.4847,664,NA,NA,0
2022,2,8476372,PHI,2022-03-25,1.7549,744,1.6515,663,NA,NA,0
2022,2,8476372,PHI,2022-03-24,1.5304,801,1.3709,677,NA,NA,0
2022,2,8476372,PHI,2022-03-22,1.5598,575,1.5598,575,NA,NA,0
2022,2,8476372,PHI,2022-03-20,1.8722,814,1.8025,764,NA,NA,1
2022,2,8476372,PHI,2022-03-08,1.8,764,1.6715,689,NA,NA,1
2022,2,8476372,PHI,2022-03-03,2.071,897,2.0332,881,NA,NA,1
2022,2,8476372,PHI,2022-03-01,1.9121,813,1.7944,763,0.0076,4,1
2022,2,8476372,PHI,2022-02-26,1.5349,604,1.5349,604,NA,NA,1
2022,2,8476400,OTT,2022-01-01,1.3623,505,1.2444,457,NA,NA,0
2022,2,8476400,OTT,2021-11-27,1.068,352,0.8224,242,NA,NA,0
2022,2,8476400,OTT,2021-11-22,1.0472,509,0.7912,397,NA,NA,0
2022,2,8476400,OTT,2021-11-14,2.5592,875,2.0594,669,NA,NA,1
2022,2,8476400,OTT,2021-11-13,2.4538,949,1.9834,765,0.0389,13,1
2022,2,8476400,OTT,2021-11-11,1.9705,706,1.795,634,NA,NA,1
2022,2,8476400,OTT,2021-11-09,1.4369,514,1.0908,392,0.033,10,0
2022,2,8476400,OTT,2021-11-06,1.4866,526,1.4547,509,NA,NA,1
2022,2,8476400,OTT,2021-11-02,1.7735,622,1.5503,539,NA,NA,0
2022,2,8476400,OTT,2021-11-01,1.9615,590,1.8104,546,0.0343,11,0
2022,2,8476410,CAR,2022-02-08,1.4159,503,1.4159,503,NA,NA,0
2022,2,8476410,CAR,2022-02-07,1.1263,407,1.1263,407,NA,NA,0
2022,2,8476410,CAR,2022-01-22,1.5036,583,1.5036,583,NA,NA,0
2022,2,8476410,CAR,2022-01-21,1.6421,615,1.6421,615,NA,NA,1
2022,2,8476410,CAR,2021-12-18,2.3915,994,2.3811,993,0.0103,1,1
2022,2,8476410,CAR,2021-11-13,1.1092,421,1.1092,421,NA,NA,1
2022,2,8476410,CAR,2021-11-12,0.9201,353,0.9201,353,NA,NA,1
2022,2,8476807,NSH,2022-03-24,1.7964,734,1.7964,734,NA,NA,0
2022,2,8476807,NSH,2022-03-22,2.3015,979,2.2343,951,NA,NA,0
2022,2,8476807,NSH,2022-03-21,2.0397,929,1.75,784,NA,NA,0
2022,2,8476807,NSH,2022-03-19,1.4498,608,1.4498,608,NA,NA,1
2022,2,8476807,NSH,2022-01-27,1.5329,765,1.5329,765,NA,NA,0
2022,2,8476807,NSH,2022-01-25,1.3514,604,1.3514,604,NA,NA,0
2022,2,8476807,NSH,2022-01-22,1.8623,808,1.8131,782,0.0248,6,1
2022,2,8476807,NSH,2022-01-20,1.6652,770,1.6652,770,NA,NA,1
2022,2,8476915,CHI,2022-01-17,2.111,787,1.88,692,NA,NA,0
2022,2,8476915,CHI,2022-01-15,2.5221,977,2.2547,873,NA,NA,1
2022,2,8476915,CHI,2022-01-13,2.4202,869,1.9894,715,NA,NA,1
2022,2,8476915,CHI,2022-01-11,2.195,817,1.7764,670,0.003,3,0
2022,2,8476915,CHI,2022-01-08,1.9229,728,1.9229,728,NA,NA,0
2022,2,8476915,CHI,2022-01-06,1.5659,662,0.9729,399,NA,NA,0
2022,2,8476915,CHI,2022-01-04,1.4918,568,1.1997,461,NA,NA,1
2022,2,8476915,CHI,2022-01-02,2.0743,782,1.7729,650,NA,NA,1
2022,2,8476915,CHI,2022-01-01,2.2252,836,1.9513,729,0.0017,2,0
2022,2,8476915,CHI,2021-12-07,1.1681,420,1.0304,363,NA,NA,1
2022,2,8477070,ARI,2022-04-29,1.6014,604,1.6014,604,NA,NA,1
2022,2,8477070,ARI,2022-04-27,1.6331,654,1.6331,654,NA,NA,0
2022,2,8477070,ARI,2022-02-25,2.0803,739,2.0286,721,NA,NA,1
2022,2,8477070,ARI,2022-02-23,1.5342,578,1.5342,578,NA,NA,1
2022,2,8477070,ARI,2022-02-20,1.7,676,1.7,676,NA,NA,1
2022,2,8477070,ARI,2022-02-19,1.6032,604,1.6032,604,NA,NA,1
2022,2,8477070,ARI,2022-02-09,1.6097,631,1.6097,631,NA,NA,0
2022,2,8477070,ARI,2022-02-02,1.3375,462,1.2842,442,NA,NA,1
2022,2,8477070,ARI,2022-02-01,1.4109,588,1.4109,527,NA,NA,0
2022,2,8477070,ARI,2022-01-25,1.6497,625,1.6497,625,NA,NA,0
2022,2,8477126,COL,2021-12-06,1.2777,469,1.0711,365,NA,NA,0
2022,2,8477126,COL,2021-12-04,1.3058,463,1.2694,447,NA,NA,0
2022,2,8477126,COL,2021-12-02,1.0757,392,0.964,354,NA,NA,0
2022,2,8477126,COL,2021-12-01,1.2261,440,1.2261,440,NA,NA,0
2022,2,8477126,COL,2021-11-27,2.0175,727,2.0175,727,NA,NA,1
2022,2,8477126,COL,2021-11-26,1.6407,581,1.4626,513,NA,NA,0
2022,2,8477126,COL,2021-11-24,1.888,742,1.888,742,NA,NA,1
2022,2,8477126,COL,2021-11-22,1.0973,572,1.0224,541,NA,NA,1
2022,2,8477126,COL,2021-11-19,2.0217,739,1.818,653,NA,NA,0
2022,2,8477126,COL,2021-11-17,2.0402,699,1.798,600,NA,NA,0
2022,2,8477359,VAN,2022-04-03,0.6397,265,0.6021,244,NA,NA,1
2022,2,8477359,VAN,2022-01-27,1.1797,474,1.1797,474,NA,NA,0
2022,2,8477359,VAN,2022-01-25,2.8071,1215,2.6624,1138,NA,NA,1
2022,2,8477359,VAN,2022-01-23,2.8174,1159,2.5621,1040,0.0338,0,1
2022,2,8477359,VAN,2022-01-21,2.7233,1071,2.5867,1002,NA,NA,1
2022,2,8477359,VAN,2022-01-18,2.7849,1172,2.3746,984,0.3131,132,0
2022,2,8477359,VAN,2022-01-16,3.0369,1146,3.0369,1146,NA,NA,0
2022,2,8477359,VAN,2022-01-15,2.5272,1053,2.4617,1015,NA,NA,0
2022,2,8477359,VAN,2022-01-13,1.9731,818,1.9354,768,NA,NA,0
2022,2,8477359,VAN,2022-01-11,2.3526,918,2.2131,894,0.0207,10,0
2022,2,8478173,PHI,2022-04-09,1.7358,604,1.7358,604,NA,NA,1
2022,2,8478173,PHI,2022-04-03,1.9801,678,1.9801,678,NA,NA,0
2022,2,8478173,PHI,2022-03-29,2.0003,724,2.0003,724,NA,NA,0
2022,2,8478173,PHI,2022-03-27,2.1843,773,2.1843,773,NA,NA,0
2022,2,8478173,PHI,2022-03-25,2.7712,990,2.5603,904,0.2109,86,0
2022,2,8478173,PHI,2022-03-24,2.875,983,2.5687,872,0.3063,111,0
2022,2,8478415,BOS,2021-12-02,0.754,328,0.754,328,NA,NA,0
2022,2,8478415,BOS,2021-11-30,2.4952,1000,2.462,981,7e-4,0,1
2022,2,8478415,BOS,2021-11-28,2.2845,930,2.1291,853,NA,NA,1
2022,2,8478415,BOS,2021-11-26,2.244,969,2.1579,926,NA,NA,1
2022,2,8478415,BOS,2021-11-24,2.6787,1054,2.6059,1013,0.0728,41,0
2022,2,8478415,BOS,2021-11-21,2.734,1199,2.7068,1186,NA,NA,1
2022,2,8478415,BOS,2021-11-20,2.6301,1061,2.4664,986,NA,NA,0
2022,2,8478415,BOS,2021-11-14,2.5862,1035,2.5862,1035,NA,NA,1
2022,2,8478415,BOS,2021-11-13,2.3945,956,2.2265,879,NA,NA,0
2022,2,8478415,BOS,2021-10-28,2.2243,903,2.0099,822,0.0067,0,0
2022,2,8478447,SJS,2022-01-11,1.6368,572,1.3916,466,0.2451,106,1
2022,2,8478447,SJS,2022-01-08,1.9879,766,1.8012,671,0.1867,95,0
2022,2,8478447,SJS,2021-11-13,1.9579,691,1.9579,691,NA,NA,0
2022,2,8478447,SJS,2021-11-11,2.6173,912,2.6173,912,NA,NA,0
2022,2,8478447,SJS,2021-11-09,2.367,850,1.967,719,0.4,131,0
2022,2,8478447,SJS,2021-11-06,2.4065,822,2.0512,707,0.3553,115,1
2022,2,8478447,SJS,2021-11-04,2.2672,788,1.9256,625,0.3417,163,1
2022,2,8478447,SJS,2021-11-02,1.896,630,1.896,630,NA,NA,1
2022,2,8478447,SJS,2021-10-30,2.0524,671,1.9128,627,0.1396,44,1
2022,2,8478528,DAL,2022-02-15,1.3396,452,1.3396,452,NA,NA,0
2022,2,8478528,DAL,2022-02-13,1.4655,591,1.4655,591,NA,NA,1
2022,2,8478528,DAL,2022-02-11,1.3024,431,1.3024,431,NA,NA,1
2022,2,8478528,DAL,2022-02-01,1.2355,441,1.2355,441,NA,NA,1
2022,2,8478528,DAL,2022-01-30,1.8534,670,1.8534,670,NA,NA,1
2022,2,8478528,DAL,2022-01-25,1.6219,664,1.4317,586,1e-4,1,0
2022,2,8478528,DAL,2022-01-24,1.7333,630,1.7333,630,NA,NA,0
2022,2,8478528,DAL,2022-01-15,1.243,491,1.243,491,NA,NA,0
2022,2,8478528,DAL,2022-01-14,1.9184,715,1.9184,715,NA,NA,0
2022,2,8478528,DAL,2022-01-12,1.4122,493,1.4122,493,NA,NA,1
2022,2,8478970,CAR,2022-03-13,1.4958,695,1.456,669,NA,NA,0
2022,2,8478970,CAR,2022-03-12,2.016,847,2.016,847,NA,NA,1
2022,2,8478970,CAR,2022-03-10,1.6635,722,1.6635,722,NA,NA,1
2022,2,8478970,CAR,2022-03-06,1.8332,796,1.8238,789,NA,NA,1
2022,2,8478970,CAR,2022-03-04,2.2899,952,2.2899,952,NA,NA,1
2022,2,8478970,CAR,2022-03-03,2.0142,871,1.877,796,NA,NA,0
2022,2,8478970,CAR,2022-03-01,1.5219,644,1.4601,615,NA,NA,0
2022,2,8478970,CAR,2022-02-27,1.6865,739,1.6865,739,NA,NA,1
2022,2,8478970,CAR,2022-02-25,2.026,881,2.026,881,NA,NA,1
2022,2,8478970,CAR,2021-12-12,2.2563,899,2.2563,899,NA,NA,0
2022,2,8478996,"MTL,VGK,WPG",2022-04-24,1.0198,349,1.0198,349,NA,NA,1
2022,2,8478996,"MTL,VGK,WPG",2022-04-11,0.9714,341,0.9714,341,NA,NA,0
2022,2,8478996,"MTL,VGK,WPG",2022-04-10,1.0845,348,1.0845,348,NA,NA,0
2022,2,8478996,"MTL,VGK,WPG",2022-04-08,1.1385,385,1.1328,385,NA,NA,1
2022,2,8478996,"MTL,VGK,WPG",2022-03-30,1.5309,546,1.5309,546,NA,NA,0
2022,2,8478996,"MTL,VGK,WPG",2022-03-24,1.1541,382,1.1541,382,NA,NA,1
2022,2,8478996,"MTL,VGK,WPG",2022-03-22,0.8898,311,0.8898,311,NA,NA,1
2022,2,8478996,"MTL,VGK,WPG",2022-03-20,0.7513,247,0.7513,247,NA,NA,0
2022,2,8478996,"MTL,VGK,WPG",2022-03-15,1.2778,482,1.2778,482,NA,NA,1
2022,2,8478996,"MTL,VGK,WPG",2022-03-01,1.5887,531,1.5887,531,NA,NA,1
2022,2,8479395,"WSH,SEA",2022-05-01,3.6273,1395,3.5056,1381,0.0911,0,0
2022,2,8479395,"WSH,SEA",2022-04-29,2.7354,1017,2.5734,959,0.162,58,1
2022,2,8479395,"WSH,SEA",2022-04-27,3.2289,1287,2.6842,1094,0.5447,193,1
2022,2,8479395,"WSH,SEA",2022-04-26,2.5561,1033,2.1797,893,0.3552,128,0
2022,2,8479395,"WSH,SEA",2022-01-22,2.1017,785,1.8762,718,0.2255,67,0
2022,2,8479395,"WSH,SEA",2022-01-18,2.0302,794,2.0289,794,0.0013,0,0
2022,2,8479395,"WSH,SEA",2021-12-17,2.1219,864,2.1219,864,NA,NA,0
2022,2,8479395,"WSH,SEA",2021-11-30,2.1654,884,1.8387,778,0.3267,106,0
2022,2,8479395,"WSH,SEA",2021-11-28,2.1075,817,1.8769,755,0.2305,62,0
2022,2,8479395,"WSH,SEA",2021-11-26,2.5134,964,2.3037,920,0.2096,44,0
2022,2,8479442,"DET,LAK",2022-04-28,2.556,1152,2.4054,1049,0.0181,10,0
2022,2,8479442,"DET,LAK",2022-04-13,2.2923,1029,2.1002,883,0.0077,5,0
2022,2,8479442,"DET,LAK",2022-04-12,2.6131,1208,2.3034,1023,0.0019,0,0
2022,2,8479442,"DET,LAK",2022-04-10,2.8001,1251,2.654,1174,0.005,8,0
2022,2,8479442,"DET,LAK",2022-04-07,2.9146,1208,2.6734,1100,0.0149,6,1
2022,2,8479442,"DET,LAK",2022-04-04,2.1613,964,2.0526,892,NA,NA,1
2022,2,8479442,"DET,LAK",2022-04-02,2.318,1026,1.9988,868,NA,NA,0
2022,2,8479442,"DET,LAK",2022-03-31,2.8731,1234,2.5806,1081,NA,NA,0
2022,2,8479442,"DET,LAK",2022-03-30,2.6851,1129,2.6527,1110,0.0324,18,0
2022,2,8479442,"DET,LAK",2022-03-28,2.7534,1139,2.664,1088,NA,NA,1
2022,2,8479981,SJS,2022-04-28,1.5815,581,1.5815,581,NA,NA,0
2022,2,8479981,SJS,2022-04-26,1.3247,539,1.3247,539,NA,NA,1
2022,2,8479981,SJS,2022-04-05,1.5134,605,1.5134,605,NA,NA,1
2022,2,8479981,SJS,2022-03-26,1.7727,658,1.7727,658,NA,NA,1
2022,2,8479981,SJS,2022-03-24,1.6683,588,1.6683,588,NA,NA,0
2022,2,8479981,SJS,2022-03-22,1.4255,501,1.4255,501,NA,NA,0
2022,2,8479981,SJS,2022-03-20,1.3842,513,1.3842,513,NA,NA,1
2022,2,8479981,SJS,2022-03-18,1.2698,537,1.2698,537,NA,NA,1
2022,2,8479981,SJS,2022-03-15,0.8676,325,0.8676,325,NA,NA,1
2022,2,8479981,SJS,2022-03-12,1.7567,650,1.729,633,0.0277,17,1
2022,2,8480005,WPG,2022-03-18,0.4648,184,0.4648,184,NA,NA,1
2022,2,8480005,WPG,2022-03-15,1.2703,522,1.2703,522,NA,NA,1
2022,2,8480005,WPG,2022-03-13,1.0777,400,1.0777,400,NA,NA,0
2022,2,8480005,WPG,2022-03-11,0.8114,296,0.8114,296,NA,NA,0
2022,2,8480005,WPG,2022-03-10,1.08,407,1.08,407,NA,NA,0
2022,2,8480005,WPG,2022-03-08,1.128,420,1.128,420,NA,NA,1
2022,2,8480005,WPG,2022-03-06,1.1393,391,1.1393,391,NA,NA,1
2022,2,8480005,WPG,2022-03-04,0.7237,248,0.7237,248,NA,NA,1
2022,2,8480005,WPG,2022-03-01,1.9791,696,1.9791,696,NA,NA,1
2022,2,8480005,WPG,2022-02-27,1.7023,600,1.7023,600,NA,NA,0
2022,2,8480021,BOS,2022-04-29,1.9774,712,1.8522,663,NA,NA,0
2022,2,8480021,BOS,2022-04-05,1.799,658,1.7038,618,NA,NA,0
2022,2,8480021,BOS,2022-03-24,2.0088,702,1.7325,606,NA,NA,1
2022,2,8480021,BOS,2022-03-21,2.4023,889,2.1888,775,0.0442,45,0
2022,2,8480021,BOS,2022-03-18,2.2596,808,1.9879,698,0.0841,34,0
2022,2,8480021,BOS,2022-02-21,2.0938,716,2.0019,689,NA,NA,1
2022,2,8480021,BOS,2022-02-19,2.091,726,2.072,711,NA,NA,0
2022,2,8480021,BOS,2022-02-15,2.1256,828,2.1256,828,NA,NA,0
2022,2,8480021,BOS,2022-02-12,2.2676,825,2.1774,798,NA,NA,0
2022,2,8480021,BOS,2022-02-10,2.5003,907,2.2753,817,0.1571,54,1
2022,2,8480292,CBJ,2022-04-29,1.5302,531,1.439,497,NA,NA,0
2022,2,8480292,CBJ,2022-04-28,1.396,512,1.2715,467,7e-4,1,1
2022,2,8480292,CBJ,2022-04-26,1.7118,647,1.7118,647,NA,NA,0
2022,2,8480292,CBJ,2022-04-24,1.9324,662,1.9324,662,NA,NA,1
2022,2,8480292,CBJ,2022-04-22,1.0951,414,1.0951,414,NA,NA,1
2022,2,8480292,CBJ,2022-04-19,1.048,375,1.048,375,NA,NA,0
2022,2,8480292,CBJ,2022-04-17,1.8284,695,1.8284,695,NA,NA,0
2022,2,8480292,CBJ,2022-04-16,1.4142,511,1.4142,511,NA,NA,0
2022,2,8480292,CBJ,2022-04-13,1.4521,545,1.4521,545,NA,NA,1
2022,2,8480292,CBJ,2022-04-09,0.9385,316,0.9385,316,NA,NA,0
2022,2,8480326,VAN,2022-04-29,1.7968,706,1.7968,706,NA,NA,0
2022,2,8480326,VAN,2022-04-28,1.7565,597,1.7565,597,NA,NA,1
2022,2,8480326,VAN,2022-04-26,1.6612,587,1.6494,585,NA,NA,1
2022,2,8480326,VAN,2022-04-23,1.4274,503,1.4274,503,NA,NA,0
2022,2,8480326,VAN,2022-04-21,1.4706,529,1.3603,492,0.1103,37,0
2022,2,8480326,VAN,2022-04-19,2.0721,781,1.7776,678,0.2945,103,1
2022,2,8480326,VAN,2022-04-18,1.6901,636,1.3728,519,0.3173,117,1
2022,2,8480326,VAN,2022-04-14,2.4201,895,2.138,750,0.2821,145,1
2022,2,8480326,VAN,2022-04-12,1.2722,414,1.1509,380,0.1213,34,1
2022,2,8480326,VAN,2022-01-23,1.6938,581,1.4613,511,0.2325,70,1
2022,2,8480855,ARI,2022-04-29,2.3501,958,1.7652,650,0.2718,150,1
2022,2,8480855,ARI,2022-04-27,2.2627,857,1.808,657,NA,NA,0
2022,2,8480855,ARI,2022-04-26,2.3601,854,1.5737,578,0.0715,21,0
2022,2,8480855,ARI,2022-04-23,2.3986,838,2.066,719,0.0441,16,1
2022,2,8480855,ARI,2022-04-22,2.3742,801,2.0198,693,NA,NA,1
2022,2,8480855,ARI,2022-04-20,2.7021,996,2.1462,770,0.1865,63,1
2022,2,8480855,ARI,2022-04-18,2.2964,772,2.0206,687,0.2017,62,1
2022,2,8480855,ARI,2022-04-16,2.3041,808,2.2635,796,0.0406,12,0
2022,2,8480855,ARI,2022-04-14,2.2113,796,2.05,724,NA,NA,0
2022,2,8480855,ARI,2022-04-12,2.4233,825,2.0617,700,0.0555,18,1
2022,2,8480870,ANA,2022-01-08,1.2243,416,1.0655,361,NA,NA,1
2022,2,8480870,ANA,2022-01-04,1.206,408,1.206,408,NA,NA,1
2022,2,8480870,ANA,2021-11-24,2.0179,766,1.5246,564,NA,NA,0
2022,2,8480870,ANA,2021-11-11,1.9228,704,1.8291,670,NA,NA,0
2022,2,8480870,ANA,2021-11-09,1.6584,587,1.4418,479,NA,NA,0
2022,2,8480870,ANA,2021-11-07,1.7476,600,1.7333,596,NA,NA,1
2022,2,8480870,ANA,2021-11-05,1.8776,701,1.7442,637,NA,NA,1
2022,2,8480870,ANA,2021-11-02,2.1713,772,1.48,476,0.0558,12,1
2022,2,8480870,ANA,2021-10-31,2.114,866,1.7388,727,0.1564,67,1
2022,2,8480870,ANA,2021-10-29,2.0171,709,2.0171,709,NA,NA,0
2022,2,8480890,ARI,2022-04-27,2.2579,887,2.0805,801,0.1773,86,0
2022,2,8480890,ARI,2022-04-26,1.3335,478,0.8893,324,0.4442,154,0
2022,2,8480890,ARI,2022-04-23,1.5986,598,1.5346,568,0.064,30,1
2022,2,8480890,ARI,2022-04-09,1.7764,636,1.7764,636,NA,NA,0
2022,2,8480890,ARI,2022-04-07,2.4271,890,2.4121,881,0.015,9,1
2022,2,8480890,ARI,2022-04-04,2.295,818,2.1027,740,0.1923,78,0
2022,2,8480890,ARI,2022-04-03,2.0862,774,2.0164,738,0.0698,36,0
2022,2,8480890,ARI,2022-04-01,1.412,603,1.342,565,0.0701,38,1
2022,2,8480890,ARI,2022-03-30,2.3939,859,2.3939,859,NA,NA,1
2022,2,8480890,ARI,2022-03-28,1.7175,596,1.7175,596,NA,NA,0
2022,2,8481598,EDM,2022-04-28,1.8421,839,1.7675,798,NA,NA,1
2022,2,8481598,EDM,2022-03-15,1.5498,708,1.5498,708,NA,NA,1
2022,2,8481598,EDM,2022-03-12,1.6264,744,1.2692,559,0.1466,54,1
2022,2,8481598,EDM,2022-03-09,2.5687,1088,2.0647,849,0.2692,114,1
2022,2,8481598,EDM,2022-03-07,3.32,1354,2.6117,1062,0.458,163,0
2022,2,8481598,EDM,2022-03-05,2.1913,863,2.057,807,0.0468,15,1
2022,2,8481598,EDM,2022-02-27,1.032,383,1.0011,376,NA,NA,0
2022,2,8481598,EDM,2022-02-26,0.9951,432,0.9331,407,NA,NA,0
2022,2,8481598,EDM,2022-02-23,1.5842,585,1.5842,585,NA,NA,0
2022,2,8481598,EDM,2022-02-20,1.705,720,1.6138,681,NA,NA,1
2022,2,8481609,ARI,2022-04-23,2.329,931,2.1793,870,NA,NA,1
2022,2,8481609,ARI,2022-04-22,2.5745,1002,2.2113,830,NA,NA,1
2022,2,8481609,ARI,2022-04-20,2.5249,1028,2.0392,809,NA,NA,1
2022,2,8481609,ARI,2022-04-18,2.4761,959,2.4318,938,NA,NA,1
2022,2,8481609,ARI,2022-04-16,2.8814,1241,2.7634,1158,NA,NA,0
2022,2,8481609,ARI,2022-04-14,2.5761,1047,2.3954,957,0.0042,3,0
2022,2,8481609,ARI,2022-04-09,2.6336,1082,2.5696,1049,0.0032,0,0
2022,2,8481609,ARI,2022-04-07,2.9057,1200,2.9057,1200,NA,NA,1
2022,2,8481609,ARI,2022-04-04,2.7327,1105,2.7327,1105,NA,NA,0
2022,2,8481609,ARI,2022-04-03,2.5348,988,2.5348,988,NA,NA,0
2022,2,8482660,CBJ,2022-04-29,2.2235,840,1.8762,716,0.3472,124,0
2022,2,8482660,CBJ,2022-04-28,1.8619,651,1.4383,509,0.4236,142,1
2022,2,8482660,CBJ,2022-04-26,2.1284,741,1.8889,657,0.2395,84,0
2022,2,8482660,CBJ,2022-04-24,1.4295,511,1.3229,472,0.1066,39,1
2022,2,8482660,CBJ,2022-04-22,2.4693,822,2.2272,744,0.2421,78,1
2022,2,8482660,CBJ,2022-04-19,2.7426,984,2.4147,876,0.3278,108,0
2022,2,8482660,CBJ,2022-04-17,2.451,872,2.2932,810,0.1578,62,0
2022,2,8482660,CBJ,2022-04-16,1.8239,633,1.791,623,0.0329,10,0
2022,2,8482660,CBJ,2022-04-13,1.9174,665,1.6909,582,0.2265,83,1
2022,2,8482671,BUF,2022-04-29,3.3792,1402,2.9529,1211,0.3278,137,1
2022,2,8482671,BUF,2022-04-28,3.1352,1299,2.375,956,0.3184,133,0
2022,2,8482671,BUF,2022-04-23,3.1465,1271,2.3983,930,0.4041,184,1
2022,2,8482671,BUF,2022-04-21,3.3887,1341,3.0165,1140,NA,NA,0
2022,2,8482671,BUF,2022-04-17,3.3071,1329,3.0301,1225,NA,NA,0
2022,2,8482671,BUF,2022-04-16,3.3249,1379,2.7897,1121,NA,NA,1
2022,2,8482671,BUF,2022-04-14,3.3098,1390,3.0255,1245,NA,NA,1
2022,2,8482671,BUF,2022-04-12,2.8036,1190,2.6239,1092,0.0254,9,0
2022,2,8482745,ANA,2021-11-18,2.0957,743,1.8659,627,0.2298,116,1
2022,2,8482745,ANA,2021-11-16,2.2757,1001,2.1103,892,0.1654,109,1
2022,2,8482745,ANA,2021-11-14,1.8963,806,1.4982,579,0.3981,227,1
2022,2,8482745,ANA,2021-11-11,2.2911,869,2.2116,835,0.0796,34,0
2022,2,8482745,ANA,2021-11-09,1.6903,633,1.4953,554,0.195,79,0
2022,2,8482745,ANA,2021-11-07,2.2873,939,2.1303,853,0.157,86,1
2022,2,8482745,ANA,2021-10-18,0.9119,323,0.9119,323,NA,NA,0
2022,2,8482745,ANA,2021-10-15,2.1952,869,1.5886,557,0.443,227,1
2022,2,8482745,ANA,2021-10-13,2.1891,880,1.5194,583,0.4247,194,1
2022,2,8483397,BOS,2022-04-29,2.0701,727,2.0701,727,NA,NA,0
2022,2,8483397,BOS,2022-04-24,1.9114,692,1.9114,692,NA,NA,0
2022,2,8483397,BOS,2022-04-21,1.5112,562,1.5112,562,NA,NA,0
2022,2,8483397,BOS,2022-04-19,1.9517,697,1.9517,697,NA,NA,0
2022,2,8483397,BOS,2022-04-16,1.2944,441,1.2944,441,NA,NA,1
2022,2,8483397,BOS,2022-04-14,1.4015,463,1.4015,463,NA,NA,1
2022,2,8483397,BOS,2022-04-12,2.0473,710,2.0265,703,NA,NA,1
2022,2,8483397,BOS,2022-04-10,1.7328,654,1.6485,621,0.0842,33,0
2022,2,8483397,BOS,2022-04-08,1.4869,545,1.4869,545,NA,NA,0
2022,2,8483397,BOS,2022-04-05,1.9214,649,1.9196,647,0.0018,2,0
2022,2,8483565,CBJ,2022-04-26,2.2592,860,2.129,815,0.0102,4,0
2022,2,8483565,CBJ,2022-04-24,2.2965,865,1.8463,678,0.3662,157,1
2022,2,8483565,CBJ,2022-04-22,3.3032,1292,3.0194,1179,0.2163,87,1
2022,2,8483565,CBJ,2022-04-19,2.8669,1182,2.7512,1126,0.0439,17,0
2022,2,8483565,CBJ,2022-04-17,2.9956,1242,2.9268,1213,NA,NA,0
2022,2,8483565,CBJ,2022-04-16,2.2699,933,2.1264,873,NA,NA,0
2022,2,8483565,CBJ,2022-04-13,2.3674,1006,2.2667,969,NA,NA,1
2022,2,8474089,EDM,2022-03-22,1.0822,343,0.806,244,NA,NA,0
2022,2,8474089,EDM,2022-03-21,1.6468,527,1.3074,395,NA,NA,0
2022,2,8474089,EDM,2022-03-15,1.3535,438,1.288,411,NA,NA,1
2022,2,8474089,EDM,2022-03-12,1.2341,447,1.0175,345,0.0077,8,1
2022,2,8474089,EDM,2022-03-09,1.8825,610,1.6742,543,NA,NA,1
2022,2,8474089,EDM,2022-03-07,1.3889,487,1.07,365,0.04,9,0
2022,2,8474089,EDM,2022-03-03,1.7157,560,1.5802,516,0.0114,5,0
2022,2,8474089,EDM,2022-03-01,1.5855,562,1.5375,548,NA,NA,0
2022,2,8474291,ARI,2022-04-20,0.5557,250,0.3436,142,NA,NA,1
2022,2,8474291,ARI,2022-04-18,2.0743,841,1.9353,756,NA,NA,1
2022,2,8474291,ARI,2022-04-16,2.6536,1060,2.3626,871,0.0358,12,0
2022,2,8474291,ARI,2022-04-14,2.1777,865,1.9774,768,NA,NA,0
2022,2,8474291,ARI,2022-04-09,2.0591,806,1.6394,610,NA,NA,0
2022,2,8474291,ARI,2022-04-07,2.2179,864,2.0814,787,0.0242,9,1
2022,2,8474291,ARI,2022-04-04,2.0219,784,1.7992,666,NA,NA,0
2022,2,8474291,ARI,2022-04-03,2.4259,1032,2.0684,797,NA,NA,0
2022,2,8474291,ARI,2022-04-01,1.6846,742,1.589,662,NA,NA,1
2022,2,8474291,ARI,2022-03-30,2.0853,827,1.9141,744,NA,NA,1
2022,2,8474688,ANA,2022-02-17,1.5744,731,1.2323,544,NA,NA,0
2022,2,8474688,ANA,2022-02-16,2.781,1071,2.1961,801,0.047,13,0
2022,2,8474688,ANA,2022-01-26,1.7979,752,1.7002,684,NA,NA,0
2022,2,8474688,ANA,2022-01-24,2.3008,907,2.1346,838,NA,NA,0
2022,2,8474688,ANA,2022-01-21,2.1574,902,1.7663,721,0.0665,19,1
2022,2,8474688,ANA,2022-01-19,1.5647,591,1.4518,537,NA,NA,1
2022,2,8474688,ANA,2022-01-09,1.7552,692,1.4996,593,NA,NA,1
2022,2,8474688,ANA,2022-01-08,1.9136,751,1.6091,624,0.0019,2,1
2022,2,8474688,ANA,2021-10-15,2.3341,952,1.964,757,NA,NA,1
2022,2,8474688,ANA,2021-10-13,2.749,1123,2.2231,827,NA,NA,1
2022,2,8476907,STL,2022-04-08,0.7451,276,0.7451,276,NA,NA,1
2022,2,8476907,STL,2022-04-06,1.4601,513,1.4601,513,NA,NA,1
2022,2,8476907,STL,2022-04-04,1.6506,655,1.6506,655,NA,NA,1
2022,2,8476907,STL,2022-04-02,1.292,431,1.292,431,NA,NA,0
2022,2,8476907,STL,2022-04-01,1.1115,408,1.1115,408,NA,NA,0
2022,2,8476907,STL,2022-03-30,1.185,432,1.185,432,NA,NA,0
2022,2,8476907,STL,2022-03-28,1.4037,496,1.4037,496,NA,NA,1
2022,2,8476907,STL,2022-03-22,1.309,449,1.309,449,NA,NA,0
2022,2,8476907,STL,2022-03-19,0.9892,351,0.9892,351,NA,NA,0
2022,2,8476907,STL,2022-03-17,0.9465,327,0.9465,327,NA,NA,1
2022,2,8476924,LAK,2022-03-19,1.7878,752,1.4802,609,0.3075,143,0
2022,2,8476924,LAK,2022-03-17,1.6598,616,1.2021,406,0.4577,210,1
2022,2,8476924,LAK,2022-03-15,1.9264,770,1.5675,613,0.3588,157,1
2022,2,8476924,LAK,2022-03-13,1.9659,715,1.5531,552,0.4128,163,1
2022,2,8476924,LAK,2022-01-08,2.5777,1069,2.0682,783,0.5095,286,1
2022,2,8476924,LAK,2022-01-06,2.5336,1129,1.9629,811,0.5707,318,1
2022,2,8476975,MTL,2022-01-29,0.9495,413,0.9495,413,NA,NA,1
2022,2,8476975,MTL,2022-01-27,0.9149,329,0.729,240,NA,NA,1
2022,2,8476975,MTL,2022-01-24,1.661,700,1.3495,557,NA,NA,0
2022,2,8476975,MTL,2022-01-22,1.2318,476,1.0487,393,NA,NA,0
2022,2,8476975,MTL,2022-01-12,1.5983,630,1.1011,393,NA,NA,0
2022,2,8476975,MTL,2022-01-01,0.7553,293,0.6712,258,NA,NA,0
2022,2,8476975,MTL,2021-12-30,2.0109,814,1.3479,556,0.1795,66,0
2022,2,8476975,MTL,2021-12-28,1.8897,793,1.4723,562,0.0466,34,0
2022,2,8476975,MTL,2021-12-16,1.1329,442,1.0538,401,NA,NA,1
2022,2,8476975,MTL,2021-12-14,1.4499,528,1.0083,355,NA,NA,0
2022,2,8477149,OTT,2022-04-28,1.9393,652,1.9393,652,NA,NA,1
2022,2,8477149,OTT,2022-04-26,1.614,557,1.614,557,NA,NA,1
2022,2,8477149,OTT,2022-04-23,1.4325,542,1.4325,542,NA,NA,1
2022,2,8477149,OTT,2021-11-14,1.5429,567,1.5429,567,NA,NA,1
2022,2,8477149,OTT,2021-11-11,0.8305,258,0.8305,258,NA,NA,1
2022,2,8477149,OTT,2021-10-25,1.0625,369,1.0625,369,NA,NA,1
2022,2,8477380,NYR,2022-04-29,1.7381,627,1.6335,580,NA,NA,1
2022,2,8477380,NYR,2022-04-27,1.918,667,1.7773,597,NA,NA,1
2022,2,8477380,NYR,2022-04-07,1.7569,599,1.7569,599,NA,NA,1
2022,2,8477380,NYR,2022-04-05,2.0005,646,1.8888,605,NA,NA,0
2022,2,8477380,NYR,2022-04-03,2.1505,730,1.9766,675,NA,NA,1
2022,2,8477380,NYR,2022-03-29,1.6984,557,1.591,514,NA,NA,0
2022,2,8477380,NYR,2022-03-27,1.8941,637,1.8941,637,NA,NA,1
2022,2,8477380,NYR,2022-03-25,1.671,550,1.671,550,NA,NA,1
2022,2,8477380,NYR,2022-03-20,2.142,739,2.0294,692,NA,NA,0
2022,2,8477380,NYR,2022-03-19,1.3608,415,1.2205,372,0.0055,2,0
2022,2,8477464,VAN,2022-04-29,1.9949,781,1.8404,716,0.1545,65,0
2022,2,8477464,VAN,2022-04-28,1.3142,482,1.3142,482,NA,NA,1
2022,2,8477464,VAN,2022-04-26,1.7985,664,1.5204,547,0.278,117,1
2022,2,8477464,VAN,2022-04-19,1.5346,569,1.3523,514,0.1823,55,1
2022,2,8477464,VAN,2022-04-18,1.5854,640,1.2815,526,0.304,114,1
2022,2,8477464,VAN,2022-04-09,1.7413,638,0.8935,331,0.8477,306,1
2022,2,8477464,VAN,2022-04-07,2.1076,750,2.1076,750,NA,NA,0
2022,2,8477464,VAN,2022-04-06,1.7889,673,1.7889,673,NA,NA,0
2022,2,8477464,VAN,2022-04-03,1.7626,665,1.566,605,0.1966,60,1
2022,2,8477464,VAN,2022-03-30,1.6406,642,1.6406,642,NA,NA,1
2022,2,8477472,TOR,2022-04-24,2.4113,955,2.2638,887,NA,NA,0
2022,2,8477472,TOR,2022-03-31,1.8514,752,1.8514,752,NA,NA,1
2022,2,8477472,TOR,2022-01-22,1.9244,750,1.7851,667,NA,NA,0
2022,2,8478250,LAK,2021-10-25,2.3508,875,1.9577,742,0.393,133,0
2022,2,8478250,LAK,2021-10-19,1.6325,653,1.3167,527,0.3157,126,0
2022,2,8478250,LAK,2021-10-16,2.3313,928,1.6367,610,0.6947,318,1
2022,2,8478250,LAK,2021-10-14,2.4399,900,2.3092,844,0.1307,56,1
2022,2,8478421,NJD,2022-04-14,1.6439,596,1.6439,596,NA,NA,0
2022,2,8478421,NJD,2022-04-12,1.3451,491,1.3225,482,NA,NA,0
2022,2,8478421,NJD,2022-04-07,1.9402,728,1.9325,722,0.0078,6,1
2022,2,8478421,NJD,2022-03-27,1.2829,407,1.2829,407,NA,NA,1
2022,2,8478421,NJD,2022-03-26,1.0698,363,1.0698,363,NA,NA,0
2022,2,8478421,NJD,2022-03-23,0.9311,315,0.9311,315,NA,NA,0
2022,2,8478421,NJD,2022-01-13,1.2137,440,1.2137,440,NA,NA,0
2022,2,8478421,NJD,2022-01-08,1.4424,583,1.4424,583,NA,NA,0
2022,2,8478454,VAN,2022-03-20,1.9715,824,1.8414,751,NA,NA,1
2022,2,8478454,VAN,2022-02-09,2.2382,842,2.1687,805,NA,NA,1
2022,2,8478454,VAN,2022-02-08,2.4579,1096,1.9989,870,NA,NA,1
2022,2,8478454,VAN,2022-02-01,1.4282,530,1.4282,530,NA,NA,0
2022,2,8478454,VAN,2022-01-31,1.6065,602,1.6065,602,NA,NA,0
2022,2,8478454,VAN,2022-01-29,2.9665,1199,2.4331,910,NA,NA,0
2022,2,8478454,VAN,2021-12-16,2.65,1060,2.5634,1008,4e-4,1,0
2022,2,8478454,VAN,2021-12-14,2.2733,891,2.2307,855,NA,NA,1
2022,2,8478846,"BUF,LAK",2022-03-15,2.5644,976,2.5214,976,0.0429,0,1
2022,2,8478846,"BUF,LAK",2022-01-01,2.1886,904,1.9679,797,NA,NA,1
2022,2,8478846,"BUF,LAK",2021-12-30,2.8319,1129,2.8319,1129,NA,NA,1
2022,2,8478846,"BUF,LAK",2021-12-28,2.5669,917,2.1037,737,0.3214,122,1
2022,2,8478846,"BUF,LAK",2021-12-19,2.0723,830,1.3728,575,0.4366,149,0
2022,2,8478846,"BUF,LAK",2021-12-18,2.6536,958,2.0709,774,0.4009,120,0
2022,2,8478846,"BUF,LAK",2021-12-16,2.2627,830,1.972,748,0.2907,82,0
2022,2,8478846,"BUF,LAK",2021-12-14,2.2191,894,2.2191,894,NA,NA,0
2022,2,8478846,"BUF,LAK",2021-11-08,1.3129,498,1.3129,498,NA,NA,0
2022,2,8478967,SJS,2022-04-29,1.7645,593,1.7645,593,NA,NA,0
2022,2,8478967,SJS,2022-03-30,1.8284,640,1.8269,640,0.0014,0,0
2022,2,8478967,SJS,2022-03-26,1.3859,647,1.3859,647,NA,NA,1
2022,2,8478967,SJS,2022-02-20,1.3516,467,1.2277,411,0.1239,56,1
2022,2,8478967,SJS,2022-02-17,1.8938,647,1.7974,619,0.0964,28,1
2022,2,8478967,SJS,2022-02-14,2.1869,795,1.7157,575,0.4712,220,1
2022,2,8478967,SJS,2022-02-01,1.7668,619,1.4479,483,0.3111,136,0
2022,2,8478967,SJS,2022-01-30,1.6953,555,1.5566,503,0.1387,52,0
2022,2,8478967,SJS,2022-01-17,1.8781,700,1.8781,700,NA,NA,1
2022,2,8478967,SJS,2022-01-02,1.7266,620,1.6235,575,0.103,45,0
2022,2,8479249,CAR,2021-12-18,1.9994,747,1.5654,616,0.434,131,1
2022,2,8479249,CAR,2021-12-16,1.1159,470,1.1159,425,NA,NA,1
2022,2,8479304,DET,2022-04-29,1.6303,565,1.6303,565,NA,NA,0
2022,2,8479304,DET,2022-04-26,1.3798,528,1.3798,528,NA,NA,0
2022,2,8479304,DET,2022-04-06,1.4584,513,1.4584,513,NA,NA,0
2022,2,8479304,DET,2022-04-03,1.798,590,1.798,590,NA,NA,0
2022,2,8479304,DET,2021-12-18,1.8644,687,1.8644,687,NA,NA,1
2022,2,8479304,DET,2021-12-01,1.4858,557,1.4858,557,NA,NA,1
2022,2,8479347,EDM,2022-03-07,1.1073,397,1.1073,397,NA,NA,0
2022,2,8479347,EDM,2022-03-05,1.4223,544,1.3195,500,0.1028,44,1
2022,2,8479347,EDM,2022-03-01,1.4136,511,1.1502,410,0.2634,101,0
2022,2,8479347,EDM,2022-02-27,1.8673,700,1.6714,619,0.1959,81,0
2022,2,8479347,EDM,2022-02-26,0.9508,380,0.8631,352,0.0877,28,0
2022,2,8479347,EDM,2022-02-23,1.0526,423,1.0526,423,NA,NA,0
2022,2,8479347,EDM,2022-02-20,1.5385,609,1.5385,609,NA,NA,1
2022,2,8479347,EDM,2022-02-19,1.5359,550,1.5359,550,NA,NA,0
2022,2,8479347,EDM,2022-02-14,1.4206,478,1.4206,478,NA,NA,0
2022,2,8479347,EDM,2022-02-11,1.1752,433,1.1752,433,NA,NA,1
2022,2,8479421,LAK,2022-04-27,2.1537,908,1.6545,699,NA,NA,0
2022,2,8479421,LAK,2022-04-23,2.1603,887,1.9371,769,0.0925,45,1
2022,2,8479421,LAK,2022-04-21,2.3222,935,2.1749,867,NA,NA,1
2022,2,8479421,LAK,2022-04-19,2.5944,1106,2.25,918,NA,NA,0
2022,2,8479421,LAK,2022-04-16,1.9207,824,1.8522,787,NA,NA,1
2022,2,8479421,LAK,2022-03-30,0.9475,395,0.8717,361,NA,NA,0
2022,2,8479421,LAK,2022-03-28,2.8805,1170,2.8346,1135,NA,NA,1
2022,2,8479421,LAK,2022-03-26,2.6138,1101,2.6026,1092,1e-4,0,1
2022,2,8479421,LAK,2022-03-24,3.227,1271,2.962,1156,NA,NA,1
2022,2,8479421,LAK,2022-03-22,2.6194,1168,2.3857,1054,NA,NA,1
2022,2,8479482,WSH,2022-03-28,2.7459,1106,2.7459,1106,NA,NA,1
2022,2,8479482,WSH,2022-03-26,2.1285,884,2.0505,852,NA,NA,1
2022,2,8479482,WSH,2022-03-25,0.5341,197,0.5341,197,NA,NA,0
2022,2,8479482,WSH,2022-03-22,2.0651,821,2.0651,821,NA,NA,1
2022,2,8479482,WSH,2022-03-20,1.6779,675,1.6461,663,NA,NA,1
2022,2,8479482,WSH,2022-02-28,1.9404,719,1.9404,719,NA,NA,1
2022,2,8479482,WSH,2022-02-26,2.0353,778,2.0176,772,NA,NA,0
2022,2,8479482,WSH,2022-02-17,2.4995,989,2.4605,979,NA,NA,0
2022,2,8479482,WSH,2022-01-26,2.4821,1026,2.3289,954,NA,NA,1
2022,2,8479482,WSH,2022-01-24,2.363,917,2.3586,913,NA,NA,1
2022,2,8479526,NYI,2022-04-24,1.5999,534,1.5999,534,NA,NA,1
2022,2,8479526,NYI,2022-04-23,1.8122,615,1.6329,530,NA,NA,0
2022,2,8479526,NYI,2022-04-21,2.2818,785,2.2818,785,1e-4,0,1
2022,2,8479526,NYI,2022-03-10,2.0745,671,2.0745,671,NA,NA,1
2022,2,8479526,NYI,2022-03-05,1.3735,449,1.3387,436,NA,NA,1
2022,2,8479526,NYI,2021-12-02,1.9662,716,1.8011,661,NA,NA,1
2022,2,8479526,NYI,2021-11-26,1.9836,699,1.8305,647,0.1523,51,1
2022,2,8479526,NYI,2021-11-24,1.8334,688,1.2665,464,0.5099,198,1
2022,2,8479534,PHI,2022-04-29,2.6715,1156,2.4761,1043,NA,NA,1
2022,2,8479534,PHI,2022-04-27,2.3071,941,2.2254,896,NA,NA,0
2022,2,8479534,PHI,2022-04-25,1.8411,819,1.6993,733,NA,NA,0
2022,2,8479534,PHI,2022-04-24,2.649,1158,2.63,1145,NA,NA,1
2022,2,8479534,PHI,2022-04-21,2.4773,1045,2.4773,1045,NA,NA,0
2022,2,8479602,NSH,2022-04-29,2.6733,1067,2.484,996,0.1892,71,0
2022,2,8479602,NSH,2022-04-01,1.6976,715,1.6846,708,NA,NA,0
2022,2,8479602,NSH,2022-03-29,1.4688,627,1.4523,620,NA,NA,1
2022,2,8479602,NSH,2022-03-27,1.5973,608,1.5973,608,NA,NA,1
2022,2,8479602,NSH,2022-03-19,1.5189,644,1.5189,644,NA,NA,1
2022,2,8479602,NSH,2022-01-18,1.9217,750,1.9217,750,NA,NA,1
2022,2,8479976,CGY,2022-04-07,2.0919,872,2.0919,872,NA,NA,0
2022,2,8479976,CGY,2021-11-21,2.2947,1001,2.0671,882,0.0087,9,0
2022,2,8479976,CGY,2021-10-28,2.6126,1112,2.4443,1024,NA,NA,0
2022,2,8479976,CGY,2021-10-26,2.427,973,2.2537,907,NA,NA,0
2022,2,8479976,CGY,2021-10-25,2.2398,997,2.0547,934,0.1578,53,0
2022,2,8479976,CGY,2021-10-23,2.0364,879,1.873,805,NA,NA,0
2022,2,8479976,CGY,2021-10-21,2.4337,954,2.2945,912,0.0179,0,0
2022,2,8479976,CGY,2021-10-18,2.3171,970,2.3036,943,NA,NA,1
2022,2,8479976,CGY,2021-10-16,1.8976,723,1.8555,713,NA,NA,0
2022,2,8480072,LAK,2022-04-27,1.6717,578,1.5759,545,0.0188,6,0
2022,2,8480072,LAK,2022-04-04,1.124,386,1.124,386,NA,NA,1
2022,2,8480072,LAK,2022-04-02,1.4103,522,1.4103,522,NA,NA,0
2022,2,8480072,LAK,2022-03-31,1.6197,580,1.6197,580,NA,NA,0
2022,2,8480072,LAK,2022-03-28,1.7479,607,1.7414,603,NA,NA,1
2022,2,8480072,LAK,2022-03-22,1.4313,561,1.3325,517,NA,NA,1
2022,2,8480072,LAK,2022-03-12,2.3197,835,1.9746,740,0.1104,46,0
2022,2,8480072,LAK,2022-01-08,1.5244,556,1.4832,538,NA,NA,1
2022,2,8480072,LAK,2022-01-06,1.6,642,1.6,642,NA,NA,1
2022,2,8480072,LAK,2021-12-28,1.7473,665,1.5289,568,0.1785,83,1
2022,2,8480160,SJS,2022-04-14,0.5072,181,0.5072,181,NA,NA,0
2022,2,8480160,SJS,2022-04-09,1.16,458,1.16,458,NA,NA,0
2022,2,8480160,SJS,2022-03-05,2.0208,830,1.8068,746,0.0761,24,1
2022,2,8480160,SJS,2022-03-01,2.1481,904,2.0979,879,NA,NA,0
2022,2,8480160,SJS,2022-02-27,1.8956,800,1.8956,800,NA,NA,1
2022,2,8480160,SJS,2022-02-26,2.0007,840,1.8652,753,NA,NA,1
2022,2,8480160,SJS,2022-02-22,1.7998,706,1.775,694,NA,NA,0
2022,2,8480160,SJS,2022-02-14,1.7498,810,1.7429,807,NA,NA,1
2022,2,8480160,SJS,2022-01-30,1.7763,719,1.7526,710,0.0237,9,0
2022,2,8480160,SJS,2022-01-29,2.1825,855,2.0486,818,0.0513,13,0
2022,2,8480281,STL,2022-04-29,2.2652,795,2.2652,795,NA,NA,1
2022,2,8480281,STL,2022-04-26,1.5115,568,1.5115,568,NA,NA,0
2022,2,8480281,STL,2022-04-24,2.0263,743,2.0263,743,NA,NA,0
2022,2,8480281,STL,2022-04-23,1.9231,744,1.902,737,0.021,7,0
2022,2,8480281,STL,2022-04-14,1.8468,669,1.8468,669,NA,NA,0
2022,2,8480281,STL,2022-04-12,1.087,394,1.087,394,NA,NA,0
2022,2,8480281,STL,2022-04-09,1.8668,707,1.8668,705,NA,NA,1
2022,2,8480281,STL,2022-04-08,1.2941,469,1.2941,469,NA,NA,1
2022,2,8480281,STL,2022-04-06,1.6297,577,1.6297,577,NA,NA,1
2022,2,8480281,STL,2022-04-04,2.1379,853,2.0141,803,NA,NA,1
2022,2,8480336,LAK,2021-10-25,0.889,356,0.885,351,NA,NA,0
2022,2,8480336,LAK,2021-10-23,2.8899,1219,2.2112,927,0.466,179,0
2022,2,8480336,LAK,2021-10-22,3.585,1509,2.8089,1182,0.6214,249,0
2022,2,8480336,LAK,2021-10-19,2.5092,1243,2.2422,1113,0.2049,92,0
2022,2,8480336,LAK,2021-10-16,2.7562,1109,2.5285,1013,0.2203,96,1
2022,2,8480336,LAK,2021-10-14,2.7212,1178,2.5365,1075,0.0353,20,1
2022,2,8480441,CBJ,2022-03-13,0.7315,257,0.7315,257,NA,NA,1
2022,2,8480441,CBJ,2022-02-17,0.5223,193,0.5223,193,NA,NA,0
2022,2,8480441,CBJ,2022-02-15,1.6719,598,1.6719,598,NA,NA,0
2022,2,8480441,CBJ,2022-02-12,1.0843,394,1.0843,394,NA,NA,0
2022,2,8480441,CBJ,2022-02-10,1.3109,498,1.3109,498,NA,NA,0
2022,2,8480441,CBJ,2022-02-08,0.8875,323,0.8875,323,NA,NA,0
2022,2,8480443,WPG,2022-02-21,1.8573,671,1.8573,671,NA,NA,0
2022,2,8480443,WPG,2022-02-19,1.7098,562,1.7098,562,NA,NA,1
2022,2,8480443,WPG,2022-02-17,1.9932,716,1.9932,716,NA,NA,1
2022,2,8480443,WPG,2022-02-16,2.0311,774,2.0311,774,NA,NA,1
2022,2,8480443,WPG,2022-02-14,2.4204,889,2.4204,889,NA,NA,1
2022,2,8480443,WPG,2022-02-12,1.7434,621,1.7428,621,6e-4,0,0
2022,2,8480443,WPG,2022-02-11,1.8722,630,1.8722,630,NA,NA,0
2022,2,8480443,WPG,2022-02-08,1.8795,666,1.8795,666,NA,NA,1
2022,2,8480443,WPG,2022-01-18,0.9998,308,0.9998,308,NA,NA,0
2022,2,8480443,WPG,2022-01-06,1.926,707,1.9068,704,0.0047,3,0
2022,2,8480467,LAK,2022-03-19,2.5206,1032,2.39,970,NA,NA,0
2022,2,8480467,LAK,2022-03-17,1.866,737,1.8375,724,0.0284,13,1
2022,2,8480467,LAK,2022-03-15,1.9754,815,1.8825,769,NA,NA,1
2022,2,8480467,LAK,2022-03-13,1.5018,959,1.5018,859,NA,NA,1
2022,2,8480467,LAK,2022-02-02,2.3174,947,2.1479,885,NA,NA,0
2022,2,8480467,LAK,2022-01-30,2.3617,916,2.3233,901,NA,NA,0
2022,2,8480467,LAK,2021-10-28,2.2462,963,2.079,825,NA,NA,1
2022,2,8480467,LAK,2021-10-25,2.2827,970,2.1583,901,NA,NA,0
2022,2,8480748,COL,2022-01-20,1.2215,424,1.2215,424,NA,NA,0
2022,2,8480748,COL,2022-01-19,0.7335,243,0.7335,243,NA,NA,0
2022,2,8480748,COL,2022-01-17,0.247,322,0.247,322,NA,NA,1
2022,2,8480748,COL,2021-11-26,1.1036,447,1.1036,447,NA,NA,0
2022,2,8480748,COL,2021-11-22,0.6988,385,0.6988,385,NA,NA,1
2022,2,8480748,COL,2021-11-19,1.883,723,1.883,723,NA,NA,0
2022,2,8480748,COL,2021-11-17,1.0026,382,1.0026,382,NA,NA,0
2022,2,8480748,COL,2021-11-13,1.8796,636,1.8498000000000001,624,0.0299,12,1
2022,2,8480748,COL,2021-11-11,1.6227,620,1.4071,550,0.21560000000000001,70,1
2022,2,8480748,COL,2021-11-06,1.7892,716,1.3873,524,0.4019,192,0
2022,2,8480835,CAR,2021-12-18,2.4565,950,2.2331,865,NA,NA,1
2022,2,8480835,CAR,2021-12-16,2.5063,965,2.2917,856,NA,NA,1
2022,2,8480988,DAL,2022-02-01,0.768,250,0.768,250,NA,NA,1
2022,2,8480988,DAL,2022-01-25,1.5048,573,1.5046,572,2e-4,1,0
2022,2,8480988,DAL,2022-01-24,2.2674,715,2.2674,715,NA,NA,0
2022,2,8480988,DAL,2022-01-20,1.4272,486,1.4272,486,NA,NA,0
2022,2,8480988,DAL,2022-01-18,1.3575,452,1.0591,340,0.2985,112,1
2022,2,8480988,DAL,2022-01-15,1.7777,616,1.5401,523,0.2376,93,0
2022,2,8480988,DAL,2021-12-14,1.4526,493,1.4526,493,NA,NA,1
2022,2,8481032,VGK,2022-03-22,1.3606,506,1.3433,502,0.0174,4,0
2022,2,8481032,VGK,2021-11-22,1.812,640,1.7075,636,0.0183,4,0
2022,2,8481032,VGK,2021-11-20,1.2482,407,1.2482,407,NA,NA,1
2022,2,8481032,VGK,2021-11-18,1.8171,648,1.8139,647,0.0032,1,1
2022,2,8481032,VGK,2021-11-16,1.5411,545,1.5411,545,NA,NA,1
2022,2,8481032,VGK,2021-11-11,1.347,448,1.347,448,NA,NA,1
2022,2,8481032,VGK,2021-11-09,1.426,507,1.426,507,NA,NA,1
2022,2,8481077,SJS,2022-04-05,0.846,335,0.846,335,NA,NA,1
2022,2,8481077,SJS,2022-04-02,1.7298,646,1.7298,646,NA,NA,1
2022,2,8481077,SJS,2022-03-31,1.5354,620,1.2304,520,0.305,100,0
2022,2,8481077,SJS,2022-03-30,2.0618,834,1.7919,721,0.2699,113,0
2022,2,8481077,SJS,2022-03-26,2.2608,821,1.9852,721,0.2309,78,1
2022,2,8481077,SJS,2022-03-24,2.3151,889,2.1073,816,0.2078,73,0
2022,2,8481077,SJS,2022-03-22,2.12,820,1.8206,700,0.2609,101,0
2022,2,8481077,SJS,2022-03-17,1.6054,620,1.5473,604,NA,NA,0
2022,2,8481077,SJS,2022-03-15,1.7935,705,1.7935,705,NA,NA,1
2022,2,8481077,SJS,2021-11-11,1.7739,665,1.7739,665,NA,NA,0
2022,2,8481537,NJD,2022-04-29,2.0939,904,2.0884,902,NA,NA,1
2022,2,8481537,NJD,2022-04-28,2.6752,1139,2.5519,1069,NA,NA,0
2022,2,8481537,NJD,2022-04-24,1.7096,694,1.6933,689,0.0163,5,1
2022,2,8481537,NJD,2022-04-23,1.8492,835,1.8492,835,NA,NA,1
2022,2,8481537,NJD,2022-04-21,2.2891,954,2.2715,949,0.0177,5,1
2022,2,8481568,CHI,2022-04-29,2.794,1229,2.609,1124,NA,NA,0
2022,2,8481568,CHI,2022-04-27,3.1415,1262,3.1415,1262,NA,NA,1
2022,2,8481568,CHI,2022-04-25,2.3246000000000002,970,2.2893,947,0.0061,5,1
2022,2,8481568,CHI,2022-04-23,2.2006,868,2.0009,761,NA,NA,0
2022,2,8481568,CHI,2022-04-21,2.4082,1138,2.3403,1089,NA,NA,0
2022,2,8481568,CHI,2022-04-20,1.9683,844,1.9683,844,NA,NA,0
2022,2,8481568,CHI,2022-04-18,2.4712,1013,2.413,970,NA,NA,1
2022,2,8481568,CHI,2022-04-16,2.111,936,2.111,936,NA,NA,0
2022,2,8481568,CHI,2022-04-14,2.6062,1006,2.6062,1006,NA,NA,1
2022,2,8481568,CHI,2022-04-12,2.1248,837,2.1246,837,3e-4,0,1
2022,2,8481701,SJS,2022-04-17,1.7751,704,1.7076,675,NA,NA,0
2022,2,8481701,SJS,2022-03-06,1.5037,608,1.4233,565,NA,NA,0
2022,2,8481701,SJS,2021-11-18,2.0196,728,2.0196,728,NA,NA,0
2022,2,8481701,SJS,2021-11-16,1.9013,714,1.9013,714,NA,NA,0
2022,2,8481701,SJS,2021-11-11,2.2501,893,2.2277,885,NA,NA,0
2022,2,8481701,SJS,2021-11-09,2.2234,959,2.1643,932,NA,NA,0
2022,2,8481701,SJS,2021-11-06,1.9708,772,1.9708,746,NA,NA,1
2022,2,8481701,SJS,2021-11-02,1.1095,461,1.0794,451,0.0301,10,1
2022,2,8481701,SJS,2021-10-30,2.5043,981,2.5043,981,NA,NA,1
2022,2,8481708,NYR,2022-04-27,3.1472,1375,2.7912,1249,0.3463,122,1
2022,2,8481708,NYR,2022-02-27,2.6005,1069,2.4947,1036,0.1058,33,1
2022,2,8481708,NYR,2022-02-26,2.1131,891,2.0679,884,0.0179,2,0
2022,2,8481708,NYR,2022-02-24,1.9523,797,1.9523,797,NA,NA,1
2022,2,8481708,NYR,2022-02-17,2.0868,805,2.0868,805,NA,NA,1
2022,2,8481708,NYR,2022-02-15,2.4237,975,2.4237,975,NA,NA,1
2022,2,8481708,NYR,2022-02-01,1.5878,604,1.2514,476,0.3364,128,1
2022,2,8481708,NYR,2022-01-30,1.9116,745,1.7751,709,0.1226,36,1
2022,2,8481708,NYR,2022-01-28,2.3044,974,2.0709,874,0.2335,100,1
2022,2,8481708,NYR,2022-01-06,2.353,978,2.1017,869,0.2513,109,0
2022,2,8482089,STL,2021-11-09,0.9047,365,0.9047,365,NA,NA,0
2022,2,8482089,STL,2021-11-07,1.7977,572,1.753,551,NA,NA,0
2022,2,8482089,STL,2021-11-04,1.3334,544,1.2705,512,NA,NA,0
2022,2,8482089,STL,2021-10-28,1.4366,562,1.2443,498,NA,NA,1
2022,2,8482089,STL,2021-10-25,1.2542,475,1.2542,475,NA,NA,1
2022,2,8482089,STL,2021-10-23,1.9725,709,1.8079,646,NA,NA,1
2022,2,8482089,STL,2021-10-20,1.8223,601,1.8223,601,NA,NA,0
2022,2,8482089,STL,2021-10-18,1.7833,664,1.6444,612,NA,NA,0
2022,2,8482089,STL,2021-10-16,1.5346,540,1.4498,503,NA,NA,0
2022,2,8482097,BUF,2022-01-20,1.9122,795,1.5307,624,0.3815,171,1
2022,2,8482097,BUF,2022-01-11,2.7812,990,2.1764,803,0.6045,187,1
2022,2,8482111,"COL,MTL",2022-04-05,2.4923,1041,2.2054,900,0.2397,107,1
2022,2,8482111,"COL,MTL",2022-04-02,2.995,1226,2.7805,1173,0.1668,53,0
2022,2,8482111,"COL,MTL",2022-03-31,2.9121,1120,2.2731,882,0.4671,162,0
2022,2,8482111,"COL,MTL",2022-03-29,2.8122,1243,2.4152,1029,0.1613,53,0
2022,2,8482111,"COL,MTL",2022-03-27,2.9187,1075,2.9187,1075,NA,NA,0
2022,2,8482111,"COL,MTL",2021-12-16,2.3137,960,2.1193,861,NA,NA,0
2022,2,8482111,"COL,MTL",2021-12-14,1.3265,550,1.3265,550,NA,NA,0
2022,2,8482125,NJD,2022-04-29,1.1589,750,1.0279,689,0.1309,61,1
2022,2,8482125,NJD,2022-04-28,2.8478,963,2.4769,836,0.3688,125,0
2022,2,8482125,NJD,2022-01-04,1.7691,590,1.6653,550,0.1038,40,0
2022,2,8482125,NJD,2021-11-20,1.1494,435,0.9632,364,0.1862,71,0
2022,2,8482125,NJD,2021-11-13,1.6466,614,1.2608,466,0.3859,148,1
2022,2,8482125,NJD,2021-11-11,2.1511,745,1.9407,652,0.2104,93,1
2022,2,8482125,NJD,2021-11-09,2.3961,903,1.8187,663,0.5774,240,1
2022,2,8482125,NJD,2021-11-06,1.8868,701,1.2227,448,0.6641,253,0
2022,2,8482125,NJD,2021-11-05,2.7343,925,2.3013,750,0.433,175,0
2022,2,8482635,CHI,2022-01-21,1.4057,545,1.4057,545,NA,NA,1
2022,2,8482635,CHI,2022-01-17,0.874,314,0.874,314,NA,NA,0
2022,2,8482635,CHI,2021-12-11,0.9664,362,0.9664,362,NA,NA,0
2022,2,8482635,CHI,2021-12-09,1.4854,520,1.4854,520,NA,NA,0
2022,2,8482635,CHI,2021-12-04,1.3478,523,1.3478,523,NA,NA,0
2022,2,8482635,CHI,2021-12-02,1.4974,508,1.4974,508,NA,NA,0
2022,2,8482635,CHI,2021-11-28,1.2146,443,1.2146,443,NA,NA,1
2022,2,8482635,CHI,2021-11-26,1.3515,464,1.3318,454,0.0196,10,1
2022,2,8482635,CHI,2021-11-23,1.568,540,1.568,540,NA,NA,0
2022,2,8482635,CHI,2021-11-21,1.5074,536,1.5074,536,NA,NA,0
2022,2,8482641,FLA,2022-04-29,2.4189,989,2.2724,905,NA,NA,0
2022,2,8482641,FLA,2022-04-28,2.9227,1183,2.7008,1076,NA,NA,0
2022,2,8482641,FLA,2022-01-23,1.7402,681,1.6926,661,0.0175,9,0
2022,2,8482641,FLA,2022-01-21,1.5059,604,1.4518,582,NA,NA,0
2022,2,8482641,FLA,2022-01-20,1.9669,809,1.7723,696,NA,NA,0
2022,2,8482641,FLA,2021-12-16,3.2203,1271,3.018,1167,NA,NA,1
2022,2,8482641,FLA,2021-12-02,1.4858,563,1.4805,562,0.0054,1,1
2022,2,8482641,FLA,2021-11-30,2.464,826,2.4454,818,NA,NA,1
2022,2,8482641,FLA,2021-10-16,2.5292,939,2.5292,939,NA,NA,1
2022,2,8482641,FLA,2021-10-14,1.4221,562,1.2784,509,NA,NA,1
2022,2,8471260,DAL,2021-11-07,1.8178,703,1.5444,599,NA,NA,0
2022,2,8471260,DAL,2021-11-04,2.1082,849,1.8314,758,NA,NA,0
2022,2,8471260,DAL,2021-11-02,1.3461,526,1.1174,433,NA,NA,0
2022,2,8471260,DAL,2021-10-29,1.814,681,1.6908,635,NA,NA,1
2022,2,8471260,DAL,2021-10-27,2.2468,792,2.2468,792,NA,NA,1
2022,2,8475186,BOS,2022-01-12,1.23,549,0.9671,425,0.014,2,1
2022,2,8475186,BOS,2022-01-10,2.3624,1018,2.1237,876,0.0304,10,0
2022,2,8475186,BOS,2022-01-06,2.6103,1145,2.0455,861,0.0271,14,1
2022,2,8475186,BOS,2021-12-14,3.1782,1318,3.0666,1282,0.1116,36,1
2022,2,8475186,BOS,2021-12-11,2.2754,1170,1.9902,975,0.0179,18,0
2022,2,8475186,BOS,2021-12-09,2.4484,1051,1.9762,788,0.0731,26,0
2022,2,8475186,BOS,2021-10-22,2.6602,1127,2.3328,966,NA,NA,0
2022,2,8475209,NYI,2021-11-26,2.7248,977,2.5229,885,0.202,92,1
2022,2,8475209,NYI,2021-11-24,2.5204,980,1.8462,648,0.6741,332,1
2022,2,8475209,NYI,2021-11-21,2.197,741,1.8659,598,0.3311,143,1
2022,2,8475209,NYI,2021-11-20,2.713,882,1.9554,642,0.7576,240,1
2022,2,8475792,CHI,2022-02-17,0.9842,365,0.7434,276,0.2408,89,1
2022,2,8475792,CHI,2022-02-14,1.5057,575,1.3974,531,0.1083,44,0
2022,2,8475792,CHI,2022-02-02,1.9396,697,1.9396,697,NA,NA,1
2022,2,8475792,CHI,2022-01-31,0.937,336,0.937,336,NA,NA,1
2022,2,8475792,CHI,2022-01-28,1.1565,540,1.1549,540,0.0016,0,1
2022,2,8475792,CHI,2022-01-11,1.6056,560,1.5994,557,0.0062,3,0
2022,2,8475792,CHI,2022-01-08,2.0142,743,1.8647,693,0.1495,50,0
2022,2,8475792,CHI,2021-12-18,0.1183,26,0.1183,26,NA,NA,0
2022,2,8475792,CHI,2021-12-15,1.9014,692,1.5229,514,0.3785,178,1
2022,2,8475797,NYR,2022-01-10,2.0052,859,1.9507,834,NA,NA,0
2022,2,8475797,NYR,2022-01-08,1.608,776,1.5955,751,NA,NA,0
2022,2,8475797,NYR,2021-11-21,1.8677,705,1.784,705,NA,NA,1
2022,2,8475797,NYR,2021-11-06,2.0422,834,2.0422,834,NA,NA,0
2022,2,8475797,NYR,2021-11-02,1.4925,628,1.4925,628,NA,NA,0
2022,2,8475797,NYR,2021-10-31,1.9031,792,1.9031,785,NA,NA,0
2022,2,8475797,NYR,2021-10-13,2.126,800,2.0349,778,0.0911,22,0
2022,2,8476285,STL,2021-12-19,1.2592,514,1.1408,481,NA,NA,0
2022,2,8476285,STL,2021-12-17,1.5922,611,1.5922,611,NA,NA,1
2022,2,8476285,STL,2021-12-14,1.3987,535,1.3815,534,0.0172,1,0
2022,2,8476285,STL,2021-12-12,1.7744,572,1.7744,572,NA,NA,1
2022,2,8476285,STL,2021-12-11,1.9746,658,1.9644,650,NA,NA,1
2022,2,8476326,EDM,2022-04-29,2.1239,801,1.8579,693,NA,NA,1
2022,2,8476326,EDM,2022-04-01,1.2496,431,0.944,325,NA,NA,1
2022,2,8476326,EDM,2022-03-30,1.28,476,1.1004,406,NA,NA,1
2022,2,8476326,EDM,2022-03-28,2.2456,813,1.9794,685,NA,NA,1
2022,2,8476326,EDM,2022-03-19,1.0401,387,0.6058,213,NA,NA,1
2022,2,8476326,EDM,2022-03-17,1.6398,589,1.4173,516,0.1302,45,1
2022,2,8476326,EDM,2022-03-15,1.2366,457,1.2366,457,NA,NA,1
2022,2,8476326,EDM,2022-03-12,1.0998000000000001,386,0.942,300,NA,NA,1
2022,2,8476390,MIN,2022-04-24,1.2038,415,1.2038,415,NA,NA,0
2022,2,8476404,NYI,2022-04-09,1.6945,636,1.6636,623,NA,NA,0
2022,2,8476404,NYI,2021-12-02,1.7143,608,1.7143,608,NA,NA,1
2022,2,8476404,NYI,2021-11-26,1.6415,644,1.6415,644,NA,NA,1
2022,2,8476404,NYI,2021-11-24,1.1914,442,1.1914,442,NA,NA,1
2022,2,8476404,NYI,2021-11-21,1.4834,646,1.4834,646,NA,NA,1
2022,2,8476404,NYI,2021-11-20,1.723,619,1.723,619,NA,NA,1
2022,2,8476436,ARI,2021-11-13,0.4827,207,0.4827,207,NA,NA,0
2022,2,8476436,ARI,2021-11-06,2.2301,785,2.2301,785,NA,NA,1
2022,2,8476436,ARI,2021-11-05,1.7908,704,1.5897,631,0.2011,73,0
2022,2,8476436,ARI,2021-11-02,2.7941,1027,2.7941,1027,NA,NA,0
2022,2,8476436,ARI,2021-10-31,2.9091,1070,2.5488,919,0.36,149,0
2022,2,8476436,ARI,2021-10-29,3.0456,1181,2.6263,991,0.4193,190,0
2022,2,8476436,ARI,2021-10-28,2.5696,994,2.3953,931,0.1743,63,0
2022,2,8476436,ARI,2021-10-25,2.841,1078,2.7287,1031,0.1123,47,0
2022,2,8476436,ARI,2021-10-23,2.5911,971,2.5379,955,0.0532,16,1
2022,2,8476436,ARI,2021-10-21,1.6816,833,1.3888,712,0.2928,121,1
2022,2,8476449,CBJ,2022-01-04,2.202,912,2.114,867,0.035,11,1
2022,2,8476449,CBJ,2021-10-31,2.6009,1137,2.4596,1039,NA,NA,0
2022,2,8476449,CBJ,2021-10-29,2.0446,835,2.0384,835,NA,NA,0
2022,2,8476449,CBJ,2021-10-23,2.1961,975,1.6974,678,NA,NA,1
2022,2,8476449,CBJ,2021-10-21,1.5843,576,1.5843,576,NA,NA,1
2022,2,8476449,CBJ,2021-10-19,1.6646,697,1.5318,636,NA,NA,0
2022,2,8476449,CBJ,2021-10-16,2.2033,946,2.2033,946,NA,NA,1
2022,2,8476966,DET,2022-02-17,0.9187,324,0.9187,324,NA,NA,0
2022,2,8476966,DET,2022-02-14,1.4916,541,1.4916,541,NA,NA,0
2022,2,8476966,DET,2022-02-02,1.0609,353,1.0451,342,0.0158,11,1
2022,2,8476982,ANA,2022-03-21,0.7166,260,0.7166,260,NA,NA,1
2022,2,8476982,ANA,2022-03-15,1.8089,638,1.8089,638,NA,NA,0
2022,2,8476982,ANA,2022-03-13,1.096,422,1.096,422,NA,NA,0
2022,2,8476982,ANA,2022-03-10,1.6077,585,1.6077,585,NA,NA,0
2022,2,8476982,ANA,2022-01-04,2.7229,1112,2.7229,1112,NA,NA,1
2022,2,8476989,FLA,2022-04-29,2.9232,1204,2.7235,1116,NA,NA,0
2022,2,8476989,FLA,2022-04-28,2.1823,836,2.0984,798,NA,NA,0
2022,2,8476989,FLA,2022-04-17,2.2219,868,2.2219,868,NA,NA,0
2022,2,8476989,FLA,2022-04-08,1.9834,764,1.8746,721,NA,NA,1
2022,2,8476989,FLA,2022-03-18,2.1741,839,2.1741,839,NA,NA,0
2022,2,8476989,FLA,2022-03-17,2.1013,784,2.1013,784,NA,NA,0
2022,2,8476989,FLA,2022-03-15,2.5734,958,2.5731,958,NA,NA,0
2022,2,8476989,FLA,2022-03-13,1.5402,603,1.5402,603,NA,NA,0
2022,2,8476989,FLA,2022-03-10,1.8979,734,1.8319,734,0.066,0,1
2022,2,8477433,NSH,2022-03-24,1.6195,711,1.4489,594,NA,NA,0
2022,2,8477433,NSH,2022-03-17,1.6133,689,1.483,617,NA,NA,0
2022,2,8477433,NSH,2022-03-15,1.5659,710,1.4009,621,NA,NA,1
2022,2,8477433,NSH,2022-03-13,2.0227,959,1.751,832,NA,NA,0
2022,2,8477433,NSH,2022-03-12,2.0393,838,1.9711,799,NA,NA,1
2022,2,8477433,NSH,2022-03-10,2.3757,1009,2.1794,893,NA,NA,1
2022,2,8477433,NSH,2022-03-08,2.1001,893,2.0062,840,NA,NA,1
2022,2,8477433,NSH,2022-03-05,2.0772,947,1.8801,839,NA,NA,0
2022,2,8477433,NSH,2022-02-09,2.027,875,1.7611,741,NA,NA,0
2022,2,8477433,NSH,2022-01-17,1.9762,843,1.8928,802,NA,NA,0
2022,2,8478056,OTT,2022-02-15,1.6562,626,1.6562,626,NA,NA,1
2022,2,8478056,OTT,2022-02-13,1.4054,477,1.4054,477,NA,NA,0
2022,2,8478056,OTT,2022-02-01,1.3302,499,1.3302,499,NA,NA,0
2022,2,8478056,OTT,2022-01-31,1.2843,477,1.1123,408,NA,NA,1
2022,2,8478056,OTT,2022-01-29,1.2071,429,1.0864,385,0.005,4,1
2022,2,8478056,OTT,2022-01-27,0.9649,346,0.9169,319,NA,NA,1
2022,2,8478056,OTT,2022-01-22,1.2834,520,1.2834,520,NA,NA,0
2022,2,8478056,OTT,2022-01-20,1.7064,649,1.7064,649,NA,NA,0
2022,2,8478056,OTT,2022-01-01,1.3422,482,1.3422,482,NA,NA,0
2022,2,8478106,COL,2022-02-10,0.9413,320,0.9413,320,NA,NA,1
2022,2,8478106,COL,2022-02-01,2.0096,785,2.0096,785,NA,NA,1
2022,2,8478106,COL,2022-01-30,1.9037,706,1.9037,706,NA,NA,1
2022,2,8478106,COL,2022-01-28,0.8464,417,0.8464,417,NA,NA,0
2022,2,8478106,COL,2021-10-16,2.0265,759,1.8213,657,0.2052,102,1
2022,2,8478147,ARI,2022-04-29,0.7413,281,0.7413,281,NA,NA,1
2022,2,8478147,ARI,2022-04-26,0.5898,218,0.5898,218,NA,NA,0
2022,2,8478147,ARI,2022-04-23,0.8779,342,0.8779,342,NA,NA,1
2022,2,8478147,ARI,2022-04-22,0.5934,244,0.5934,244,NA,NA,1
2022,2,8478442,EDM,2021-12-18,0.9679,364,0.9388,353,0.0291,11,0
2022,2,8478491,ANA,2022-01-21,2.2602,874,2.1182,821,NA,NA,1
2022,2,8478491,ANA,2022-01-19,2.3396,925,2.3393,925,3e-4,0,1
2022,2,8478491,ANA,2022-01-15,2.5844,1095,2.5572,1083,NA,NA,0
2022,2,8478491,ANA,2022-01-14,2.4771,968,2.4771,968,NA,NA,0
2022,2,8478491,ANA,2021-12-31,2.07,860,2.07,860,NA,NA,0
2022,2,8478491,ANA,2021-12-29,1.7606,776,1.7606,776,NA,NA,1
2022,2,8478838,MTL,2022-01-29,0.8784,357,0.8784,357,NA,NA,1
2022,2,8478838,MTL,2022-01-27,0.9543,313,0.7236,224,NA,NA,1
2022,2,8478838,MTL,2022-01-12,2.0351,686,1.5057,502,0.0278,15,0
2022,2,8478838,MTL,2022-01-01,2.3972,826,2.0699,728,NA,NA,0
2022,2,8478838,MTL,2021-12-30,2.2849,866,1.6071,617,0.1624,30,0
2022,2,8478838,MTL,2021-12-28,2.1655,781,1.5919,569,0.053,16,0
2022,2,8478906,FLA,2021-10-29,1.0503,421,1.0503,421,NA,NA,0
2022,2,8479289,BUF,2022-01-06,1.4684,596,1.3916,561,NA,NA,1
2022,2,8479289,BUF,2022-01-01,1.5735,712,1.2422,530,NA,NA,0
2022,2,8479289,BUF,2021-12-30,1.9921,790,1.9497,761,NA,NA,0
2022,2,8479289,BUF,2021-12-29,2.267,959,2.1823,922,NA,NA,1
2022,2,8479321,WSH,2021-12-31,1.7628,738,1.7627,738,NA,NA,0
2022,2,8479333,NYR,2022-04-27,2.8521,1260,2.7712,1215,NA,NA,1
2022,2,8479333,NYR,2022-03-12,0.7425,328,0.7425,328,NA,NA,0
2022,2,8479333,NYR,2022-03-06,1.2012,472,1.2012,472,NA,NA,0
2022,2,8479333,NYR,2022-02-01,1.5989,641,1.4356,565,NA,NA,1
2022,2,8479333,NYR,2022-01-30,1.8358,708,1.8358,708,NA,NA,1
2022,2,8479333,NYR,2022-01-28,1.9685,766,1.9685,766,NA,NA,1
2022,2,8479333,NYR,2022-01-27,2.135,780,2.1234,775,0.0116,5,0
2022,2,8479333,NYR,2022-01-24,1.8083,675,1.7951,666,0.0132,9,1
2022,2,8479333,NYR,2022-01-06,2.3927,959,2.3221,909,NA,NA,0
2022,2,8479333,NYR,2022-01-03,2.177,928,2.177,928,NA,NA,1
2022,2,8479338,EDM,2022-03-07,1.4861,639,1.4213,609,NA,NA,0
2022,2,8479338,EDM,2022-03-05,1.4534,634,1.3973,605,NA,NA,1
2022,2,8479338,EDM,2022-03-03,1.3582,532,1.2853,495,NA,NA,0
2022,2,8479338,EDM,2022-03-01,1.2279,524,1.2279,524,NA,NA,0
2022,2,8479338,EDM,2022-02-27,1.7718,759,1.6288,674,NA,NA,0
2022,2,8479338,EDM,2022-02-26,1.8375,839,1.5852,695,NA,NA,0
2022,2,8479338,EDM,2022-02-23,2.5072,1067,2.1662,911,NA,NA,0
2022,2,8479338,EDM,2022-02-20,2.3748,1025,2.1302,930,NA,NA,1
2022,2,8479338,EDM,2022-02-19,1.9047,789,1.7163,699,NA,NA,0
2022,2,8479338,EDM,2022-02-17,1.8926,837,1.57,659,NA,NA,1
2022,2,8479359,WSH,2021-12-19,1.1606,434,1.0491,396,NA,NA,1
2022,2,8479359,WSH,2021-12-17,1.5683,573,1.2648,443,NA,NA,0
2022,2,8479359,WSH,2021-12-15,1.8203,668,1.6619,600,NA,NA,0
2022,2,8479359,WSH,2021-12-11,1.4253,542,1.4253,542,NA,NA,0
2022,2,8479359,WSH,2021-12-10,1.5254,568,1.4298,524,NA,NA,1
2022,2,8479359,WSH,2021-12-06,1.4109,531,1.3582,504,NA,NA,1
2022,2,8479359,WSH,2021-12-04,1.064,390,1.064,390,NA,NA,1
2022,2,8479359,WSH,2021-12-02,1.5608,598,1.5608,598,NA,NA,1
2022,2,8479359,WSH,2021-11-30,1.5531,635,1.4958,609,NA,NA,0
2022,2,8479359,WSH,2021-11-28,1.2166,480,1.0575,405,NA,NA,0
2022,2,8479362,DAL,2022-03-08,1.6897,565,1.534,515,0.1557,50,0
2022,2,8479362,DAL,2022-03-06,1.1167,421,1.1167,421,NA,NA,0
2022,2,8479362,DAL,2022-03-04,1.2824,466,1.2824,466,NA,NA,0
2022,2,8479362,DAL,2022-02-27,0.9554,324,0.9554,324,NA,NA,1
2022,2,8479362,DAL,2022-02-24,0.9714,349,0.9714,349,NA,NA,0
2022,2,8479362,DAL,2021-12-20,1.3027,432,1.3027,432,NA,NA,1
2022,2,8479362,DAL,2021-12-18,1.0646,371,1.0646,371,NA,NA,1
2022,2,8479362,DAL,2021-12-17,1.8,656,1.8,656,NA,NA,0
2022,2,8479362,DAL,2021-11-16,1.3255,470,1.3255,470,NA,NA,1
2022,2,8479362,DAL,2021-11-13,0.7527,265,0.7527,265,NA,NA,1
2022,2,8479512,PIT,2022-01-13,1.5952,597,1.392,516,NA,NA,0
2022,2,8479512,PIT,2022-01-11,1.3154,511,0.9839,357,NA,NA,0
2022,2,8479512,PIT,2022-01-08,0.8222,334,0.6591,271,NA,NA,0
2022,2,8479512,PIT,2022-01-06,1.4734,580,1.3555,544,NA,NA,0
2022,2,8479512,PIT,2022-01-05,1.2575,457,1.2575,457,NA,NA,1
2022,2,8479512,PIT,2022-01-02,1.4106,534,1.3232,498,NA,NA,1
2022,2,8479516,WSH,2021-11-17,1.5632,561,1.5632,561,NA,NA,0
2022,2,8479516,WSH,2021-11-16,1.862,568,1.862,568,NA,NA,0
2022,2,8479518,DAL,2022-04-26,1.0769,388,1.0769,388,NA,NA,1
2022,2,8479518,DAL,2022-04-23,0.741,262,0.741,262,NA,NA,1
2022,2,8479518,DAL,2022-04-21,1.2345,466,1.1524,434,0.0821,32,0
2022,2,8479671,NSH,2022-04-28,1.4008,521,1.279,457,NA,NA,0
2022,2,8479671,NSH,2022-04-26,1.0615,389,1.0615,389,NA,NA,1
2022,2,8479671,NSH,2021-12-29,1.1235,445,1.0335,402,NA,NA,0
2022,2,8479671,NSH,2021-12-17,1.8499,702,1.4056,520,NA,NA,0
2022,2,8479671,NSH,2021-12-16,2.1074,859,1.8125,706,NA,NA,1
2022,2,8479671,NSH,2021-11-20,1.3311,575,1.3311,575,NA,NA,0
2022,2,8479671,NSH,2021-11-16,1.2643,504,1.2643,504,NA,NA,0
2022,2,8479671,NSH,2021-11-13,1.1824,571,1.1824,571,NA,NA,1
2022,2,8479671,NSH,2021-11-11,2.0441,766,2.011,750,NA,NA,0
2022,2,8479996,NSH,2022-04-19,1.5782,547,1.3567,465,0.2215,82,1
2022,2,8479996,NSH,2022-04-17,1.904,684,1.5623,558,0.3417,126,1
2022,2,8479996,NSH,2022-04-16,1.6331,614,1.53,571,0.1031,43,1
2022,2,8479996,NSH,2022-04-14,1.846,674,1.6049,580,0.2411,94,1
2022,2,8479996,NSH,2021-12-17,2.1551,691,1.7317,557,0.4234,134,0
2022,2,8479996,NSH,2021-12-16,2.5794,892,2.2323,778,0.3471,114,1
2022,2,8479996,NSH,2021-10-16,2.109,683,1.4431,452,0.6659,231,1
2022,2,8479996,NSH,2021-10-14,1.9095,691,1.7115,609,0.1981,82,1
2022,2,8480037,FLA,2022-04-29,3.2855,1259,3.0246,1146,0.0418,13,0
2022,2,8480037,FLA,2022-04-28,2.242,753,2.242,753,NA,NA,0
2022,2,8480037,FLA,2022-01-11,1.8687,644,1.8687,644,NA,NA,1
2022,2,8480037,FLA,2022-01-08,1.8571,644,1.8571,644,NA,NA,0
2022,2,8480037,FLA,2021-12-16,2.427,914,2.3728,894,NA,NA,1
2022,2,8480037,FLA,2021-12-14,2.2278,836,2.1882,807,0.0396,29,1
2022,2,8480054,NJD,2022-04-26,2.416,863,2.2006,804,0.2153,59,0
2022,2,8480070,CHI,2022-01-11,1.4297,552,1.4297,552,NA,NA,0
2022,2,8480070,CHI,2022-01-08,1.2515,444,1.2515,444,NA,NA,0
2022,2,8480070,CHI,2021-12-07,2.6308,1097,2.3969,1009,0.2339,88,1
2022,2,8480070,CHI,2021-12-05,2.7033,1118,2.4877,1032,0.0216,0,0
2022,2,8480070,CHI,2021-12-04,2.2197,969,1.8754,760,NA,NA,0
2022,2,8480070,CHI,2021-10-27,1.4296,489,1.4296,489,NA,NA,1
2022,2,8480070,CHI,2021-10-24,0.9576,555,0.8662,502,NA,NA,1
2022,2,8480070,CHI,2021-10-13,1.3045,503,1.2479,487,0.0566,16,0
2022,2,8480304,SJS,2022-01-04,1.7588,659,1.7032,641,0.0555,18,0
2022,2,8480304,SJS,2021-12-28,2.0177,694,1.9133,649,0.1044,45,1
2022,2,8480304,SJS,2021-12-16,2.8438,1004,2.6846,934,0.1592,70,1
2022,2,8480306,NYI,2022-04-15,1.9481,926,1.9481,926,NA,NA,0
2022,2,8480306,NYI,2022-04-14,1.702,764,1.702,764,NA,NA,0
2022,2,8480306,NYI,2022-04-12,1.7017,796,1.673,783,0.0129,3,1
2022,2,8480306,NYI,2022-04-09,1.918,953,1.9089,947,NA,NA,0
2022,2,8480306,NYI,2022-04-08,1.298,632,1.298,632,NA,NA,0
2022,2,8480306,NYI,2022-04-05,1.419,717,1.419,717,NA,NA,0
2022,2,8480306,NYI,2022-04-03,1.6481,810,1.6481,810,NA,NA,0
2022,2,8480306,NYI,2022-04-01,1.439,708,1.4238,702,NA,NA,0
2022,2,8480306,NYI,2022-03-31,2.1107,1011,1.9947,940,0.0269,10,1
2022,2,8480306,NYI,2022-03-29,1.5992,717,1.5992,717,NA,NA,0
2022,2,8480831,CHI,2022-04-27,2.9651,1253,2.8598,1201,NA,NA,1
2022,2,8480831,CHI,2022-04-25,2.9076,1271,2.4031,1002,0.0412,19,1
2022,2,8480831,CHI,2022-04-23,2.7633,1063,2.6372,999,0.0173,5,0
2022,2,8480831,CHI,2022-04-21,3.0193,1234,2.5527,1022,0.1372,48,0
2022,2,8480831,CHI,2022-04-20,2.8068,1198,2.6157,1116,NA,NA,0
2022,2,8480831,CHI,2022-04-18,2.771,1125,2.4231,945,0.0973,32,1
2022,2,8480831,CHI,2022-04-16,2.398,966,2.3146,924,0.0095,3,0
2022,2,8480831,CHI,2022-04-14,2.9968,1159,2.6384,1019,0.2585,99,1
2022,2,8480831,CHI,2022-04-12,2.6361,1042,2.3928,930,0.2085,91,1
2022,2,8480831,CHI,2022-03-10,1.9999,766,1.6588,642,0.341,124,0
2022,2,8480863,TBL,2021-12-31,1.1027,392,1.1027,392,NA,NA,1
2022,2,8480863,TBL,2021-12-28,1.23,449,1.23,449,NA,NA,1
2022,2,8480863,TBL,2021-12-21,1.1838,417,1.1838,417,NA,NA,0
2022,2,8480863,TBL,2021-12-11,1.6362,626,1.6362,626,NA,NA,0
2022,2,8480863,TBL,2021-12-09,1.4684,566,1.4635,564,0.005,2,0
2022,2,8480863,TBL,2021-12-07,1.5662,574,1.5662,574,NA,NA,0
2022,2,8480863,TBL,2021-12-05,2.0581,699,2.0581,699,NA,NA,0
2022,2,8480863,TBL,2021-12-04,1.9481,729,1.9481,729,NA,NA,0
2022,2,8480863,TBL,2021-12-02,1.5049,540,1.5049,540,NA,NA,1
2022,2,8480863,TBL,2021-11-30,1.6979,577,1.6979,577,NA,NA,0
2022,2,8480879,OTT,2022-01-22,2.015,813,2.015,813,NA,NA,0
2022,2,8480879,OTT,2022-01-20,2.7196,1048,2.6974,1041,0.0222,7,0
2022,2,8480879,OTT,2022-01-18,2.068,841,2.068,841,NA,NA,1
2022,2,8480879,OTT,2022-01-15,1.7949,773,1.7847,771,NA,NA,0
2022,2,8480879,OTT,2021-12-18,2.8301,1146,2.8287,1146,NA,NA,0
2022,2,8480879,OTT,2021-11-14,2.2144,876,2.0997,827,NA,NA,1
2022,2,8480879,OTT,2021-11-13,1.3391,527,1.3391,527,NA,NA,1
2022,2,8480887,MTL,2022-04-29,2.6034,1055,2.6034,1055,NA,NA,1
2022,2,8480887,MTL,2022-04-27,2.5974,1028,2.4633,978,0.1341,50,0
2022,2,8480887,MTL,2022-04-24,1.9768,806,1.9768,806,NA,NA,1
2022,2,8480887,MTL,2022-04-23,2.459,966,1.9617,770,0.3563,119,0
2022,2,8480887,MTL,2022-04-19,2.5395,1061,2.1919,919,0.2597,92,1
2022,2,8480887,MTL,2022-04-13,2.5088,993,2.4637,962,NA,NA,0
2022,2,8480887,MTL,2022-04-11,2.3906,999,2.3906,999,NA,NA,1
2022,2,8480887,MTL,2022-04-09,2.0789,829,2.0464,820,0.0325,9,0
2022,2,8480887,MTL,2022-04-05,2.7733,1076,2.7733,1076,NA,NA,1
2022,2,8480887,MTL,2022-04-02,2.4323,955,2.4323,955,NA,NA,0
2022,2,8480945,PIT,2021-11-13,2.2275,908,2.0355,829,0.192,79,0
2022,2,8480945,PIT,2021-11-09,1.5578,585,1.412,517,0.1457,68,0
2022,2,8480945,PIT,2021-11-06,1.813,765,1.6032,688,0.2098,77,1
2022,2,8480945,PIT,2021-11-04,1.6618,678,1.5068,636,0.155,42,1
2022,2,8480945,PIT,2021-10-30,2.7724,1080,2.1203,830,0.6521,250,1
2022,2,8481004,CHI,2022-02-27,2.2193,877,2.102,821,NA,NA,1
2022,2,8481004,CHI,2022-02-17,2.0392,699,2.0227,694,0.0165,5,1
2022,2,8481004,CHI,2022-02-14,2.6576,998,2.5241,925,0.0133,15,0
2022,2,8481004,CHI,2022-02-12,2.376,807,2.2658,768,NA,NA,0
2022,2,8481004,CHI,2022-02-09,2.3343,798,2.1476,732,NA,NA,0
2022,2,8481004,CHI,2022-01-02,1.44,494,1.44,494,NA,NA,1
2022,2,8481004,CHI,2021-12-18,2.6038,880,2.341,794,NA,NA,0
2022,2,8481004,CHI,2021-12-17,1.5496,584,1.3005,442,NA,NA,1
2022,2,8481004,CHI,2021-12-15,1.1755,398,1.0491,344,NA,NA,1
2022,2,8481004,CHI,2021-12-11,1.7393,634,1.5341,556,NA,NA,0
2022,2,8481093,MTL,2022-04-21,1.8489,693,1.7922,664,0.0359,21,1
2022,2,8481093,MTL,2022-01-01,2.6834,1079,2.3278,909,0.2658,125,0
2022,2,8481093,MTL,2021-12-30,2.2909,801,1.6169,514,0.6687,284,0
2022,2,8481093,MTL,2021-12-28,1.5369,568,1.4377,550,0.0992,18,0
2022,2,8481161,CBJ,2022-04-09,0.6405,225,0.6405,225,NA,NA,0
2022,2,8481161,CBJ,2022-04-07,1.3579,554,1.2806,519,NA,NA,1
2022,2,8481161,CBJ,2022-04-05,1.6505,744,1.6432,740,NA,NA,0
2022,2,8481161,CBJ,2022-04-04,1.662,635,1.662,635,NA,NA,1
2022,2,8481161,CBJ,2022-03-01,1.5502,643,1.4608,626,0.04,17,1
2022,2,8481161,CBJ,2022-01-21,1.6667,618,1.6667,618,NA,NA,1
2022,2,8481161,CBJ,2022-01-20,1.3467,503,1.3467,503,NA,NA,0
2022,2,8481161,CBJ,2022-01-06,1.871,766,1.8165,745,NA,NA,0
2022,2,8481550,MIN,2021-11-06,2.0726,759,1.7759,638,0.2967,121,0
2022,2,8481550,MIN,2021-11-02,1.3727,464,1.3285,447,0.0443,17,1
2022,2,8481550,MIN,2021-10-30,1.8195,651,1.8152,647,NA,NA,0
2022,2,8481555,MTL,2021-12-04,1.1498,538,1.1498,538,NA,NA,0
2022,2,8481555,MTL,2021-11-29,1.9701,747,1.9701,747,NA,NA,1
2022,2,8481555,MTL,2021-11-27,1.4019,590,1.2182,527,0.1836,63,0
2022,2,8481555,MTL,2021-11-26,1.9049,819,1.9049,819,NA,NA,0
2022,2,8481555,MTL,2021-11-20,1.3662,672,1.3662,672,NA,NA,1
2022,2,8481555,MTL,2021-11-18,2.5953,1059,2.4633,1009,0.132,50,1
2022,2,8481582,TOR,2022-04-26,2.045,756,1.9592,719,0.0857,37,1
2022,2,8481582,TOR,2022-03-17,1.4832,550,1.3404,496,0.1428,54,1
2022,2,8481582,TOR,2022-03-15,1.8366,669,1.7193,619,0.1172,50,1
2022,2,8481582,TOR,2022-03-10,1.3689,465,1.3689,465,NA,NA,1
2022,2,8481582,TOR,2022-03-08,1.8052,713,1.514,599,0.2912,114,1
2022,2,8481582,TOR,2022-03-07,2.0798,758,1.9697,724,0.1101,34,0
2022,2,8481582,TOR,2022-03-05,1.8416,676,1.8416,676,NA,NA,1
2022,2,8481582,TOR,2022-03-02,1.8889,689,1.8889,689,NA,NA,1
2022,2,8481582,TOR,2022-02-28,0.9682,328,0.9682,328,NA,NA,0
2022,2,8481582,TOR,2022-02-26,1.5653,559,1.5653,559,NA,NA,0
2022,2,8481596,OTT,2021-11-13,0.9021,291,0.7987,251,6e-4,0,1
2022,2,8481596,OTT,2021-10-21,0.2021,80,0.1677,66,0.0345,14,1
2022,2,8481596,OTT,2021-10-17,3.2604,1272,2.9093,1128,0.3511,144,1
2022,2,8481596,OTT,2021-10-16,2.8178,1092,2.4629,946,0.164,64,0
2022,2,8481596,OTT,2021-10-14,3.0408,1151,2.6268,961,0.2268,97,1
2022,2,8481703,PIT,2022-03-11,1.6151,614,1.4692,548,0.1459,66,1
2022,2,8481720,TOR,2022-04-29,2.3102,870,2.0406,756,0.2696,114,1
2022,2,8481720,TOR,2022-04-26,1.4492,533,1.4022,494,0.0469,39,1
2022,2,8481720,TOR,2022-04-24,1.8767,691,1.7718,637,0.1048,54,0
2022,2,8481720,TOR,2022-04-19,2.0625,765,1.7615,638,0.301,127,1
2022,2,8481720,TOR,2022-04-17,1.3363,466,1.3363,466,NA,NA,1
2022,2,8481720,TOR,2022-04-12,1.3685,540,1.1371,409,0.2314,131,1
2022,2,8481720,TOR,2022-04-07,0.9987,374,0.8729,335,0.1259,39,0
2022,2,8481720,TOR,2022-04-04,1.9638,732,1.8646,683,0.0992,49,0
2022,2,8481720,TOR,2022-04-02,1.4683,545,1.4495,538,NA,NA,0
2022,2,8482067,CGY,2022-04-12,1.6643,638,1.6471,632,0.0172,6,1
2022,2,8482067,CGY,2022-04-09,2.3078,919,2.2716,908,0.0362,11,0
2022,2,8482067,CGY,2022-04-07,2.2789,887,2.2368,873,0.042,14,0
2022,2,8482072,BOS,2022-04-29,3.0135,1331,3.0081,1328,NA,NA,0
2022,2,8482072,BOS,2022-03-10,2.2834,951,2.0968,875,0.1854,75,1
2022,2,8482072,BOS,2022-03-07,1.9382,857,1.9382,857,NA,NA,1
2022,2,8482072,BOS,2022-02-12,2.1263,915,2.1263,912,NA,NA,0
2022,2,8482072,BOS,2022-01-13,1.9006,786,1.5529,671,0.3477,115,1
2022,2,8482072,BOS,2021-12-04,2.2543,931,2.2543,931,NA,NA,1
2022,2,8482117,CHI,2022-04-18,1.6562,559,1.5309,508,0.1253,51,1
2022,2,8482117,CHI,2022-04-16,2.0155,725,1.6596,580,0.3559,145,0
2022,2,8482117,CHI,2022-04-14,1.8244,619,1.6597,543,0.1647,76,1
2022,2,8482117,CHI,2022-04-12,2.5311,917,1.9056,656,0.6254,261,1
2022,2,8482117,CHI,2022-04-10,2.1251,732,1.8566,625,0.2685,107,1
2022,2,8482117,CHI,2022-04-07,2.6093,904,2.3536,807,0.2556,97,1
2022,2,8482117,CHI,2022-02-25,1.5865,514,1.5865,514,NA,NA,1
2022,2,8482117,CHI,2022-02-20,2.4491,832,2.1563,733,0.2928,99,1
2022,2,8482117,CHI,2022-02-18,3.0543,1061,2.9484,1032,0.1059,29,1
2022,2,8482117,CHI,2022-01-15,2.7574,891,2.5834,833,0.1739,58,1
2022,2,8482148,WSH,2021-11-06,2.08,752,1.7321,632,0.3479,120,1
2022,2,8482148,WSH,2021-10-29,1.5003,548,1.5003,548,NA,NA,1
2022,2,8482148,WSH,2021-10-27,1.4635,481,1.4635,481,NA,NA,1
2022,2,8482148,WSH,2021-10-25,1.3143,466,1.3143,466,NA,NA,0
2022,2,8482148,WSH,2021-10-16,1.6601,591,1.2525,446,0.4076,145,1
2022,2,8482148,WSH,2021-10-13,1.7819,614,1.7037,535,0.0782,79,1
2022,2,8482624,VGK,2022-03-24,1.8224,813,1.7267,767,NA,NA,1
2022,2,8482624,VGK,2022-03-22,1.814,765,1.814,765,NA,NA,0
2022,2,8482624,VGK,2022-03-17,0.7252,304,0.7252,304,NA,NA,1
2022,2,8482624,VGK,2022-03-13,0.8218,337,0.8218,337,NA,NA,0
2022,2,8482624,VGK,2022-02-01,1.9847,865,1.9847,865,NA,NA,1
2022,2,8482624,VGK,2022-01-20,1.1146,419,1.1146,419,NA,NA,1
2022,2,8482624,VGK,2022-01-11,1.146,413,1.146,413,NA,NA,1
2022,2,8482624,VGK,2021-12-21,1.2972,499,1.2564,479,NA,NA,1
2022,2,8482624,VGK,2021-10-27,0.7111,270,0.7111,270,NA,NA,0
2022,2,8482624,VGK,2021-10-26,2.0776,937,1.8608,835,NA,NA,0
2022,2,8482634,TOR,2021-12-11,1.4344,490,1.4344,490,NA,NA,1
2022,2,8482634,TOR,2021-12-09,1.2646,437,1.2646,437,NA,NA,1
2022,2,8482634,TOR,2021-12-07,1.5675,508,1.5675,508,NA,NA,1
2022,2,8482654,PHI,2022-02-15,0.6087,245,0.6087,245,NA,NA,0
2022,2,8482654,PHI,2022-02-12,1.417,535,1.417,535,NA,NA,0
2022,2,8482654,PHI,2022-01-24,1.7778,614,1.7778,614,NA,NA,1
2022,2,8482654,PHI,2022-01-22,2.2332,786,2.1497,745,NA,NA,0
2022,2,8482654,PHI,2022-01-15,1.3777,490,1.2918,455,NA,NA,1
2022,2,8482654,PHI,2022-01-13,1.3107,468,1.0955,386,0.0264,10,0
2022,2,8482654,PHI,2022-01-08,1.9587,787,1.8074,717,0.0047,5,1
2022,2,8482654,PHI,2022-01-01,1.592,637,1.5848,633,0.0071,4,0
2022,2,8482654,PHI,2021-12-30,1.7386,630,1.4374,522,NA,NA,0
2022,2,8482654,PHI,2021-12-18,1.0945,353,1.0945,353,NA,NA,1
2022,2,8482834,BOS,2022-04-16,2.0136,782,1.6403,629,0.1994,74,1
2022,2,8482834,BOS,2022-04-14,2.5131,986,1.9008,726,0.5968,260,1
2022,2,8482834,BOS,2022-03-03,1.7148,606,1.7148,606,NA,NA,0
2022,2,8482834,BOS,2022-03-01,2.2601,810,2.1008,738,NA,NA,0
2022,2,8482834,BOS,2022-02-28,2.2419,808,2.1771,782,NA,NA,0
2022,2,8482834,BOS,2022-02-26,1.8893,634,1.6893,571,NA,NA,0
2022,2,8482834,BOS,2021-12-16,2.2243,779,2.0775,710,0.1392,64,0
2022,2,8483570,COL,2022-04-29,1.759,625,1.6314,562,0.1275,63,0
2022,2,8483570,COL,2022-04-24,2.4011,758,2.4011,758,NA,NA,0
2022,2,8483570,COL,2022-04-20,1.9441,614,1.9441,614,NA,NA,0
2022,2,8483570,COL,2022-04-18,1.3199,417,1.3199,417,NA,NA,1
2022,2,8483570,COL,2022-04-16,1.7001,570,1.7001,570,NA,NA,1
2022,2,8473415,TOR,2022-01-19,1.9405,741,1.9405,741,NA,NA,0
2022,2,8473415,TOR,2022-01-01,2.2768,833,2.2003,794,NA,NA,1
2022,2,8473463,NYI,2021-10-16,1.8957,650,1.8957,650,NA,NA,0
2022,2,8474066,NYI,2021-11-26,2.5562,1070,2.3455,973,NA,NA,1
2022,2,8474066,NYI,2021-11-24,2.6336,1267,2.1676,991,0.0301,13,1
2022,2,8474610,FLA,2021-10-30,1.0447,368,1.0447,368,NA,NA,0
2022,2,8474722,DET,2022-03-12,1.5926,558,1.5926,558,NA,NA,0
2022,2,8475461,OTT,2021-11-14,1.1951,412,1.1951,412,NA,NA,1
2022,2,8475780,BOS,2022-04-29,2.4688,957,2.1806,830,NA,NA,0
2022,2,8475968,MTL,2022-01-01,2.6562,1018,2.0781,804,0.3136,123,0
2022,2,8475968,MTL,2021-12-30,2.8554,1204,1.7838,788,0.6955,256,0
2022,2,8475968,MTL,2021-12-28,2.2867,906,1.5448,626,0.5889,228,0
2022,2,8475968,MTL,2021-11-16,0.892,339,0.892,339,NA,NA,0
2022,2,8475968,MTL,2021-11-14,1.4544,544,1.4544,544,NA,NA,0
2022,2,8475968,MTL,2021-11-13,1.4913,499,1.4913,499,NA,NA,0
2022,2,8475968,MTL,2021-11-11,1.2107,372,1.2107,372,NA,NA,1
2022,2,8475968,MTL,2021-11-09,0.9673,330,0.9673,330,NA,NA,1
2022,2,8475968,MTL,2021-11-06,1.1284,428,1.1284,428,NA,NA,1
2022,2,8475968,MTL,2021-11-02,1.9002,676,1.9002,676,NA,NA,1
2022,2,8476323,SEA,2022-01-13,0.7086,251,0.7086,251,NA,NA,0
2022,2,8476323,SEA,2022-01-12,1.3416,557,1.3416,557,NA,NA,0
2022,2,8476323,SEA,2022-01-01,1.3157,508,1.3157,508,NA,NA,1
2022,2,8476323,SEA,2021-12-30,1.4653,571,1.3832,532,0.0133,9,1
2022,2,8476323,SEA,2021-12-29,1.1967,498,1.1967,498,NA,NA,1
2022,2,8476323,SEA,2021-11-09,1.1244,451,1.1244,451,NA,NA,0
2022,2,8476323,SEA,2021-11-06,1.8184,714,1.8184,714,NA,NA,0
2022,2,8476323,SEA,2021-11-04,0.8841,327,0.8841,327,NA,NA,1
2022,2,8476323,SEA,2021-11-01,1.4641,543,1.4641,543,NA,NA,0
2022,2,8476323,SEA,2021-10-31,0.877,440,0.877,440,NA,NA,1
2022,2,8476368,TBL,2022-02-01,0.8628,333,0.8628,333,NA,NA,1
2022,2,8476368,TBL,2022-01-29,0.8001,337,0.8001,337,NA,NA,1
2022,2,8476368,TBL,2022-01-27,1.2461,544,1.2297,544,NA,NA,1
2022,2,8476368,TBL,2022-01-22,1.8273,742,1.7372,695,NA,NA,0
2022,2,8476368,TBL,2022-01-21,1.5969,668,1.441,577,NA,NA,0
2022,2,8476368,TBL,2021-12-11,1.6771,729,1.6498,719,NA,NA,0
2022,2,8476368,TBL,2021-11-20,1.4775,656,1.4775,656,NA,NA,1
2022,2,8476368,TBL,2021-11-09,1.9225,808,1.9225,808,NA,NA,1
2022,2,8476368,TBL,2021-11-06,1.3032,510,1.3032,510,NA,NA,0
2022,2,8476391,LAK,2021-12-06,2.1056,717,1.9204,654,0.1852,63,0
2022,2,8476391,LAK,2021-12-05,1.6605,584,1.0579,384,0.6026,200,0
2022,2,8476396,BOS,2022-02-01,1.4492,462,1.4099,453,NA,NA,1
2022,2,8476396,BOS,2022-01-30,0.7997,774,0.7997,766,NA,NA,0
2022,2,8476415,MIN,2022-01-30,1.4044,499,1.4044,499,NA,NA,0
2022,2,8476415,MIN,2022-01-08,1.1437,461,1.0415,417,NA,NA,1
2022,2,8476415,MIN,2021-11-06,1.6902,613,1.6344,593,NA,NA,0
2022,2,8476415,MIN,2021-11-02,1.2472,460,1.1927,441,NA,NA,1
2022,2,8476415,MIN,2021-10-30,1.5424,612,1.4498,573,NA,NA,0
2022,2,8476428,NSH,2021-12-17,1.6509,565,1.6201,552,0.0308,13,0
2022,2,8476428,NSH,2021-12-16,1.4801,546,1.2681,454,0.0315,10,1
2022,2,8476428,NSH,2021-11-07,1.6884,637,1.4278,518,NA,NA,0
2022,2,8476428,NSH,2021-11-05,2.4512,874,1.9853,678,NA,NA,0
2022,2,8476428,NSH,2021-11-03,1.9417,721,1.7022,633,NA,NA,0
2022,2,8476428,NSH,2021-10-19,1.9563,688,1.7554,602,NA,NA,1
2022,2,8476428,NSH,2021-10-16,1.6171,559,1.2787,421,NA,NA,1
2022,2,8476466,VGK,2021-11-18,2.4256,834,2.4151,832,0.0105,2,1
2022,2,8476474,CAR,2021-12-18,2.4986,962,2.2093,820,0.2893,142,1
2022,2,8476474,CAR,2021-12-16,2.0517,757,2.0517,757,NA,NA,1
2022,2,8476495,EDM,2021-12-18,0.9564,337,0.9564,337,NA,NA,0
2022,2,8476505,DET,2022-04-29,2.3019,823,2.3019,823,NA,NA,0
2022,2,8476505,DET,2022-04-26,2.0948,782,2.0805,776,0.0143,6,0
2022,2,8476545,CHI,2022-01-02,1.2415,399,1.2415,399,NA,NA,1
2022,2,8476545,CHI,2021-12-17,0.9117,324,0.9117,324,NA,NA,1
2022,2,8476870,COL,2021-10-16,0.5663,219,0.5663,219,NA,NA,1
2022,2,8476983,NYI,2021-11-24,1.9265,767,1.7391,663,0.0139,9,1
2022,2,8477003,DET,2022-04-23,1.3384,542,1.1452,485,0.1932,57,1
2022,2,8477003,DET,2022-04-17,1.9401,748,1.5961,576,0.344,172,1
2022,2,8477003,DET,2022-01-11,0.135,53,0.135,53,NA,NA,0
2022,2,8477003,DET,2021-12-18,1.8009,683,1.8009,683,NA,NA,1
2022,2,8477343,BOS,2022-01-15,1.9124,750,1.8061,672,NA,NA,1
2022,2,8477343,BOS,2022-01-13,1.7982,743,1.764,731,NA,NA,1
2022,2,8477392,ARI,2022-04-04,1.7147,704,1.6758,686,NA,NA,0
2022,2,8477392,ARI,2022-04-03,1.8798,771,1.8798,771,NA,NA,0
2022,2,8477392,ARI,2022-04-01,1.6986,860,1.4499,764,NA,NA,1
2022,2,8477392,ARI,2022-03-12,1.3452,553,1.3452,553,NA,NA,0
2022,2,8477392,ARI,2021-11-30,1.8295,650,1.8279,650,0.0015,0,0
2022,2,8477392,ARI,2021-11-27,1.5667,597,1.5667,597,NA,NA,1
2022,2,8477392,ARI,2021-11-24,1.1973,451,1.1496,432,NA,NA,1
2022,2,8477392,ARI,2021-11-21,1.4013,485,1.3872,485,NA,NA,0
2022,2,8477392,ARI,2021-11-20,1.4634,579,1.4634,579,NA,NA,1
2022,2,8477392,ARI,2021-11-18,1.383,529,1.383,529,NA,NA,1
2022,2,8477425,NJD,2022-04-05,2.5464,973,2.3076,868,0.2388,105,1
2022,2,8477425,NJD,2022-03-31,2.8332,978,2.5676,880,0.2656,98,0
2022,2,8477425,NJD,2022-03-27,1.9355,706,1.7992,648,0.0814,26,1
2022,2,8477461,TBL,2021-12-30,1.8713,657,1.6539,584,0.2174,73,0
2022,2,8477471,OTT,2021-12-18,0.7408,348,0.6131,277,NA,NA,0
2022,2,8477471,OTT,2021-12-16,1.5398,737,1.2823,595,NA,NA,0
2022,2,8477471,OTT,2021-12-14,1.5957,697,1.4133,613,NA,NA,0
2022,2,8477471,OTT,2021-12-11,1.1087,484,1.1087,484,NA,NA,1
2022,2,8477471,OTT,2021-12-07,1.2466,514,1.1917,499,NA,NA,1
2022,2,8477471,OTT,2021-12-04,1.8062,772,1.5928,689,NA,NA,1
2022,2,8477471,OTT,2021-11-14,2.3763,994,1.7681,726,NA,NA,1
2022,2,8477471,OTT,2021-11-13,2.3365,1101,2.0035,910,NA,NA,1
2022,2,8477471,OTT,2021-11-11,2.3426,1013,2.1958,950,NA,NA,1
2022,2,8477473,VAN,2022-01-27,1.3906,561,1.3906,561,NA,NA,0
2022,2,8477473,VAN,2022-01-25,1.112,422,1.112,422,NA,NA,1
2022,2,8477473,VAN,2022-01-23,1.2596,452,1.1974,424,NA,NA,1
2022,2,8477473,VAN,2022-01-21,1.0407,385,1.0407,385,NA,NA,1
2022,2,8477473,VAN,2021-11-14,1.0332,428,1.0332,428,NA,NA,0
2022,2,8477473,VAN,2021-11-13,1.8216,650,1.5204,515,NA,NA,0
2022,2,8477473,VAN,2021-11-11,1.975,799,1.6756,666,0.0024,2,0
2022,2,8477473,VAN,2021-11-09,1.0853,374,0.7333,242,NA,NA,1
2022,2,8477473,VAN,2021-11-07,0.8227,287,0.8001,275,NA,NA,1
2022,2,8477473,VAN,2021-11-05,1.568,571,1.3658,493,0.0065,1,1
2022,2,8477474,VAN,2021-11-14,2.227,1013,1.9755,872,NA,NA,0
2022,2,8477474,VAN,2021-11-13,2.2413,875,2.003,741,NA,NA,0
2022,2,8477512,NJD,2021-11-06,1.2487,436,0.8466,302,NA,NA,0
2022,2,8477512,NJD,2021-11-05,1.2612,505,0.6574,245,NA,NA,0
2022,2,8477512,NJD,2021-11-02,2.1987,853,1.1728,431,NA,NA,0
2022,2,8477512,NJD,2021-10-31,1.6767,622,1.5355,575,NA,NA,1
2022,2,8477512,NJD,2021-10-30,2.6188,914,2.1495,716,NA,NA,0
2022,2,8477512,NJD,2021-10-26,1.7652,594,1.5747,522,NA,NA,1
2022,2,8477512,NJD,2021-10-23,1.7788,629,1.6041,558,NA,NA,1
2022,2,8477512,NJD,2021-10-21,2.0368,773,1.742,625,NA,NA,1
2022,2,8477541,MIN,2022-01-14,2.3048,894,2.3048,894,NA,NA,1
2022,2,8477541,MIN,2022-01-08,1.7576,774,1.7494,774,NA,NA,1
2022,2,8477631,MTL,2021-12-30,1.5278,504,1.3828,452,0.145,52,0
2022,2,8477936,NYI,2021-12-30,2.4357,874,2.3034,824,0.1324,50,1
2022,2,8477974,BUF,2022-01-06,1.6123,600,1.6123,600,NA,NA,1
2022,2,8478029,NJD,2021-11-26,1.8447,648,1.8447,648,NA,NA,0
2022,2,8478029,NJD,2021-11-24,0.9842,330,0.9842,330,NA,NA,1
2022,2,8478040,WPG,2022-02-27,1.4587,581,1.4587,581,NA,NA,0
2022,2,8478040,WPG,2022-02-25,1.9116,763,1.9116,763,NA,NA,0
2022,2,8478040,WPG,2022-02-23,1.607,628,1.607,628,NA,NA,0
2022,2,8478040,WPG,2022-02-21,1.2118,433,1.1686,420,0.0432,13,0
2022,2,8478040,WPG,2022-02-19,1.0305,343,1.0305,343,NA,NA,1
2022,2,8478040,WPG,2022-02-17,0.9324,315,0.9324,315,NA,NA,1
2022,2,8478040,WPG,2022-02-16,1.3041,492,1.3041,492,NA,NA,1
2022,2,8478040,WPG,2022-02-01,1.1672,439,1.1672,439,NA,NA,0
2022,2,8478040,WPG,2022-01-29,1.6864,640,1.6864,640,NA,NA,0
2022,2,8478040,WPG,2022-01-27,1.3262,603,1.3262,603,NA,NA,1
2022,2,8478058,WPG,2022-01-13,0.966,360,0.966,360,NA,NA,0
2022,2,8478058,WPG,2022-01-06,1.1339,411,1.1244,408,0.0058,3,0
2022,2,8478058,WPG,2021-12-19,0.8235,257,0.8235,257,NA,NA,1
2022,2,8478074,PIT,2022-04-07,1.3092,457,1.3092,457,NA,NA,0
2022,2,8478074,PIT,2022-04-05,1.164,421,1.164,421,NA,NA,1
2022,2,8478074,PIT,2022-04-02,1.0859,394,1.0859,394,NA,NA,0
2022,2,8478074,PIT,2022-01-11,1.1315,319,1.1315,319,NA,NA,0
2022,2,8478178,TBL,2022-02-11,1.3329,546,1.3329,546,NA,NA,0
2022,2,8478178,TBL,2022-02-10,1.6517,643,1.6517,643,NA,NA,0
2022,2,8478178,TBL,2021-12-31,1.1313,475,1.1313,475,NA,NA,1
2022,2,8478178,TBL,2021-12-30,2.1216,897,2.0232,857,NA,NA,0
2022,2,8478425,ANA,2022-03-23,2.243,909,2.243,909,NA,NA,1
2022,2,8478425,ANA,2022-03-08,1.8345,986,1.8345,986,NA,NA,0
2022,2,8478425,ANA,2022-03-04,1.9822,783,1.9822,783,NA,NA,1
2022,2,8478425,ANA,2022-03-01,2.2225,959,2.2225,959,NA,NA,1
2022,2,8478425,ANA,2022-01-19,1.4758,645,1.3774,591,NA,NA,1
2022,2,8478425,ANA,2022-01-15,2.389,998,2.389,998,NA,NA,0
2022,2,8478446,CGY,2021-10-18,1.823,621,1.823,621,NA,NA,1
2022,2,8478446,CGY,2021-10-16,1.4402,488,1.4402,488,NA,NA,0
2022,2,8478465,VAN,2021-12-16,0.7047,253,0.7047,253,NA,NA,0
2022,2,8478480,ARI,2021-12-28,1.8455,660,1.7369,624,NA,NA,0
2022,2,8478480,ARI,2021-12-17,1.2033,439,1.2033,439,NA,NA,0
2022,2,8478485,OTT,2022-04-19,0.7019,255,0.7019,255,NA,NA,0
2022,2,8478485,OTT,2022-04-18,1.4108,528,1.4108,528,NA,NA,0
2022,2,8478486,DET,2022-04-21,0.9986,354,0.9986,354,NA,NA,0
2022,2,8478486,DET,2022-04-16,1.082,402,1.082,402,NA,NA,0
2022,2,8478486,DET,2022-03-24,1.2088,460,1.2088,460,NA,NA,0
2022,2,8478831,CBJ,2021-11-13,0.5908,228,0.5908,228,NA,NA,1
2022,2,8478831,CBJ,2021-11-12,1.7821,652,1.7821,652,NA,NA,1
2022,2,8478831,CBJ,2021-11-06,1.2347,475,1.2347,475,NA,NA,1
2022,2,8478868,NJD,2022-01-25,1.7123,688,1.7123,687,NA,NA,1
2022,2,8478868,NJD,2022-01-23,1.5521,690,1.5519,690,2e-4,0,1
2022,2,8478868,NJD,2022-01-22,1.3904,616,1.3855,611,0.0048,5,1
2022,2,8478868,NJD,2022-01-19,1.6229,697,1.6229,697,NA,NA,1
2022,2,8478868,NJD,2022-01-13,1.9031,793,1.8074,727,NA,NA,0
2022,2,8478868,NJD,2022-01-08,1.2997,518,1.2997,518,NA,NA,0
2022,2,8478868,NJD,2022-01-06,1.347,566,1.3457,566,NA,NA,1
2022,2,8478868,NJD,2022-01-04,1.2701,468,1.2683,468,NA,NA,0
2022,2,8478868,NJD,2021-12-11,1.2513,516,1.1782,482,NA,NA,0
2022,2,8478868,NJD,2021-10-21,2.3105,931,2.0981,802,1e-4,0,1
2022,2,8478881,TOR,2022-01-08,1.0583,412,1.0583,412,NA,NA,0
2022,2,8478881,TOR,2021-12-14,1.3158,430,1.3158,430,NA,NA,0
2022,2,8478949,NSH,2021-12-17,1.5095,488,1.5095,488,NA,NA,0
2022,2,8479252,DET,2021-12-10,1.8773,773,1.7631,729,NA,NA,0
2022,2,8479252,DET,2021-12-09,2.2586,921,2.2586,921,NA,NA,0
2022,2,8479252,DET,2021-12-07,2.1456,884,2.0586,883,0.0151,1,1
2022,2,8479252,DET,2021-11-24,1.745,783,1.745,783,NA,NA,1
2022,2,8479315,TOR,2022-04-29,2.0784,763,2.0784,763,NA,NA,1
2022,2,8479315,TOR,2022-01-22,1.2349,470,1.2349,470,NA,NA,0
2022,2,8479315,TOR,2022-01-12,1.0605,379,1.0605,379,NA,NA,0
2022,2,8479315,TOR,2021-12-04,0.6202,233,0.6202,233,NA,NA,0
2022,2,8479315,TOR,2021-12-01,1.9974,787,1.9478,772,NA,NA,1
2022,2,8479320,CAR,2021-12-12,1.2696,513,1.2696,513,NA,NA,0
2022,2,8479320,CAR,2021-12-09,1.924,774,1.5403,636,0.3837,138,0
2022,2,8479320,CAR,2021-12-04,1.9514,765,1.9514,765,NA,NA,1
2022,2,8479320,CAR,2021-12-02,2.359,894,2.1424,816,0.2166,78,1
2022,2,8479320,CAR,2021-11-30,2.0467,816,1.6598,682,0.3869,134,0
2022,2,8479322,PHI,2022-01-22,1.2995,496,1.1545,425,0.145,71,0
2022,2,8479355,"FLA,DET",2022-04-29,1.6977,689,1.6977,689,NA,NA,0
2022,2,8479355,"FLA,DET",2022-04-26,1.1712,499,1.1712,499,NA,NA,0
2022,2,8479355,"FLA,DET",2022-04-24,1.7407,758,1.7407,758,NA,NA,0
2022,2,8479355,"FLA,DET",2022-03-27,2.3151,1007,2.1355,884,NA,NA,0
2022,2,8479355,"FLA,DET",2022-03-26,1.3948,574,1.3948,574,NA,NA,1
2022,2,8479355,"FLA,DET",2022-03-19,2.1477,907,2.0616,864,NA,NA,0
2022,2,8479355,"FLA,DET",2022-03-17,2.1459,897,1.9887,832,0.0946,33,0
2022,2,8479355,"FLA,DET",2022-03-15,2.3844,970,2.2645,908,NA,NA,0
2022,2,8479355,"FLA,DET",2022-02-24,1.8162,713,1.8162,713,NA,NA,0
2022,2,8479355,"FLA,DET",2022-01-18,2.4007,920,2.4007,920,NA,NA,0
2022,2,8479364,NYR,2022-03-10,1.7718,660,1.7718,660,NA,NA,0
2022,2,8479364,NYR,2022-03-08,1.8134,620,1.8134,620,NA,NA,0
2022,2,8479364,NYR,2022-03-06,1.1421,387,1.0438,357,NA,NA,0
2022,2,8479364,NYR,2022-01-15,1.5033,574,1.5033,574,NA,NA,0
2022,2,8479364,NYR,2022-01-13,1.6677,547,1.5768,547,0.0909,0,0
2022,2,8479364,NYR,2022-01-10,1.2488,466,1.2488,466,NA,NA,0
2022,2,8479364,NYR,2022-01-08,1.5863,558,1.5694,547,0.017,11,0
2022,2,8479364,NYR,2022-01-02,1.9892,730,1.8607,730,0.1284,0,1
2022,2,8479367,VAN,2022-04-23,1.5331,492,1.5331,492,NA,NA,0
2022,2,8479367,VAN,2022-04-21,2.2491,749,2.2491,749,NA,NA,0
2022,2,8479367,VAN,2022-04-19,2.1427,774,2.1427,774,NA,NA,1
2022,2,8479367,VAN,2022-04-18,2.5374,876,2.3397,804,0.1977,72,1
2022,2,8479367,VAN,2022-04-14,2.7829,943,2.6656,901,NA,NA,1
2022,2,8479367,VAN,2022-04-12,2.3309,833,2.2913,820,0.0396,13,1
2022,2,8479367,VAN,2022-04-09,1.7533,578,1.7367,572,0.0165,6,1
2022,2,8479367,VAN,2022-04-07,2.1517,782,2.1517,782,NA,NA,0
2022,2,8479367,VAN,2022-04-06,2.1431,731,2.11,721,NA,NA,0
2022,2,8479367,VAN,2022-04-03,1.2379,417,1.2379,417,NA,NA,1
2022,2,8479368,ANA,2021-10-18,1.8627,707,1.6658,620,NA,NA,0
2022,2,8479368,ANA,2021-10-15,1.4753,481,1.3365,439,0.0087,1,1
2022,2,8479382,PHI,2022-02-17,1.6875,650,1.5987,601,NA,NA,1
2022,2,8479382,PHI,2022-02-15,1.3799,561,1.369,555,0.0109,6,0
2022,2,8479382,PHI,2022-02-12,2.1477,769,2.1477,769,NA,NA,0
2022,2,8479382,PHI,2022-02-09,1.8421,588,1.795,576,0.0033,3,1
2022,2,8479382,PHI,2022-02-01,1.6676,569,1.6676,568,NA,NA,1
2022,2,8479382,PHI,2022-01-29,1.7492,661,1.6505,618,NA,NA,1
2022,2,8479382,PHI,2022-01-25,1.2304,507,1.1982,494,NA,NA,0
2022,2,8479382,PHI,2022-01-20,1.5896,572,1.5896,572,NA,NA,1
2022,2,8479382,PHI,2022-01-18,1.7434,627,1.7373,623,NA,NA,1
2022,2,8479382,PHI,2022-01-17,1.6134,606,1.6134,606,NA,NA,0
2022,2,8479413,TBL,2021-12-30,2.2416,883,2.2205,875,NA,NA,0
2022,2,8479413,TBL,2021-12-28,0.9956,402,0.9532,391,NA,NA,1
2022,2,8479439,COL,2022-04-29,2.9033,1181,2.5004,1015,0.2057,80,0
2022,2,8479439,COL,2021-12-12,0.6139,205,0.6139,205,NA,NA,1
2022,2,8479439,COL,2021-12-10,1.982,769,1.9498,757,NA,NA,1
2022,2,8479439,COL,2021-12-08,1.7637,731,1.6833,679,NA,NA,0
2022,2,8479439,COL,2021-12-04,1.0129,371,1.0129,371,NA,NA,0
2022,2,8479439,COL,2021-11-03,1.3402,501,1.3402,501,NA,NA,1
2022,2,8479439,COL,2021-10-30,1.237,439,1.0958,386,0.1412,53,1
2022,2,8479439,COL,2021-10-28,1.7832,647,1.6112,578,0.172,69,0
2022,2,8479447,NYR,2022-01-13,1.7232,584,1.7232,584,NA,NA,0
2022,2,8479550,PHI,2022-04-13,1.659,567,1.6259,550,NA,NA,1
2022,2,8479573,COL,2022-02-01,1.0755,404,1.0755,404,NA,NA,1
2022,2,8479573,COL,2022-01-30,1.4945,518,1.4945,518,NA,NA,1
2022,2,8479573,COL,2022-01-28,0.8213,363,0.8213,363,NA,NA,0
2022,2,8479573,COL,2022-01-26,0.8709,292,0.8709,292,NA,NA,1
2022,2,8479573,COL,2022-01-24,1.2972,504,1.2972,504,NA,NA,1
2022,2,8479573,COL,2022-01-22,1.1907,428,1.1907,428,NA,NA,1
2022,2,8479573,COL,2022-01-20,1.7111,637,1.7111,637,NA,NA,0
2022,2,8479573,COL,2022-01-19,0.8239,307,0.8239,307,NA,NA,0
2022,2,8479573,COL,2022-01-17,0.9755,339,0.9755,339,NA,NA,1
2022,2,8479573,COL,2022-01-15,1.9266,711,1.9266,711,NA,NA,0
2022,2,8479587,DAL,2022-01-18,0.8106,237,0.8106,237,NA,NA,1
2022,2,8479587,DAL,2022-01-15,1.3473,425,1.3473,425,NA,NA,0
2022,2,8479587,DAL,2022-01-14,2.3283,788,2.3283,788,NA,NA,0
2022,2,8479587,DAL,2022-01-12,1.4937,495,1.4937,495,NA,NA,1
2022,2,8479591,WPG,2022-04-11,0.9844,349,0.9844,349,NA,NA,0
2022,2,8479597,FLA,2022-02-01,1.4347,622,1.4283,619,0.0064,3,0
2022,2,8479597,FLA,2022-01-25,1.4843,573,1.4843,573,NA,NA,0
2022,2,8479597,FLA,2021-12-16,3.7212,1529,3.4411,1395,0.1099,53,1
2022,2,8479597,FLA,2021-11-04,1.3514,637,1.3514,611,NA,NA,1
2022,2,8479729,TOR,2021-12-11,1.2915,567,1.2915,567,NA,NA,1
2022,2,8479729,TOR,2021-12-09,1.7763,728,1.7763,728,NA,NA,1
2022,2,8479729,TOR,2021-12-07,2.1418,820,2.014,744,NA,NA,1
2022,2,8479972,MIN,2022-03-04,1.5552,550,1.5552,550,NA,NA,0
2022,2,8479972,MIN,2021-12-11,1.1872,430,1.1872,430,NA,NA,0
2022,2,8479972,MIN,2021-12-09,1.7424,638,1.7424,638,NA,NA,0
2022,2,8479982,ARI,2021-10-25,1.462,605,1.4571,599,NA,NA,0
2022,2,8479982,ARI,2021-10-23,2.9923,1242,2.905,1188,NA,NA,1
2022,2,8479982,ARI,2021-10-21,2.4588,1258,2.0302,1035,0.3744,176,1
2022,2,8479982,ARI,2021-10-18,2.1372,863,2.0875,825,0.028,12,1
2022,2,8479982,ARI,2021-10-16,2.528,1119,2.3158,994,NA,NA,0
2022,2,8479982,ARI,2021-10-14,3.0571,1302,2.6302,1108,0.2332,95,0
2022,2,8479985,SEA,2022-04-27,2.0944,779,2.0944,779,NA,NA,1
2022,2,8479985,SEA,2022-04-22,2.4438,900,2.3552,857,NA,NA,0
2022,2,8479985,SEA,2022-04-20,2.1747,907,2.1747,907,NA,NA,1
2022,2,8479985,SEA,2022-04-12,2.6253,963,2.4854,895,NA,NA,0
2022,2,8479985,SEA,2022-04-09,2.6251,1045,2.4364,949,NA,NA,1
2022,2,8479985,SEA,2022-04-07,2.3395,890,2.2929,867,NA,NA,0
2022,2,8479985,SEA,2022-04-06,2.2539,824,2.2539,824,NA,NA,0
2022,2,8479985,SEA,2022-02-02,2.2888,921,2.2815,919,0.0073,2,0
2022,2,8479985,SEA,2022-02-01,1.5917,638,1.5774,628,0.0143,10,0
2022,2,8479994,LAK,2022-03-12,2.7745,929,2.6474,895,0.0781,19,0
2022,2,8479994,LAK,2022-03-10,1.9316,630,1.7439,560,0.0811,29,1
2022,2,8479994,LAK,2022-03-07,2.2416,760,2.0992,691,0.1414,69,0
2022,2,8479994,LAK,2022-03-06,2.8914,1017,2.8484,1001,0.043,16,0
2022,2,8479994,LAK,2022-03-04,2.866,969,2.866,969,NA,NA,0
2022,2,8479994,LAK,2021-12-28,2.3925,765,1.9428,619,0.0526,10,1
2022,2,8479994,LAK,2021-12-09,2.1575,722,2.0595,693,NA,NA,1
2022,2,8480041,EDM,2021-12-29,0.3954,148,0.3954,148,NA,NA,0
2022,2,8480056,VAN,2021-11-11,2.3632,968,2.3617,959,0.0014,9,0
2022,2,8480056,VAN,2021-10-30,1.9954,758,1.9954,758,NA,NA,1
2022,2,8480056,VAN,2021-10-26,1.5961,597,1.4593,541,NA,NA,1
2022,2,8480056,VAN,2021-10-23,1.9804,833,1.8422,755,0.1196,72,0
2022,2,8480056,VAN,2021-10-21,2.1332,867,1.9935,805,0.0684,28,0
2022,2,8480056,VAN,2021-10-19,2.7122,1109,2.3196,968,0.3926,141,0
2022,2,8480056,VAN,2021-10-16,2.0317,818,2.0311,818,NA,NA,0
2022,2,8480056,VAN,2021-10-15,1.8993,759,1.8517,746,0.0475,13,0
2022,2,8480056,VAN,2021-10-13,1.8424,759,1.7151,717,0.0636,18,0
2022,2,8480058,PIT,2021-11-13,2.6276,1053,2.5942,1034,NA,NA,0
2022,2,8480058,PIT,2021-11-09,3.1251,1247,3.0203,1175,NA,NA,0
2022,2,8480058,PIT,2021-11-06,2.3816,1052,2.3783,1052,NA,NA,1
2022,2,8480058,PIT,2021-11-04,2.4388,1022,2.3234,965,0.0662,24,1
2022,2,8480083,CAR,2021-12-18,1.3768,562,1.3768,562,NA,NA,1
2022,2,8480087,WSH,2022-03-18,0.8291,306,0.8291,306,NA,NA,0
2022,2,8480192,WPG,2022-02-08,1.3057,541,1.3057,541,NA,NA,1
2022,2,8480192,WPG,2022-02-01,1.8475,732,1.765,683,NA,NA,0
2022,2,8480192,WPG,2022-01-29,1.626,701,1.5297,662,NA,NA,0
2022,2,8480192,WPG,2022-01-27,1.3765,621,1.3765,621,NA,NA,1
2022,2,8480231,CHI,2022-02-25,2.4173,1014,2.3759,998,NA,NA,1
2022,2,8480231,CHI,2022-02-12,2.3834,969,2.1614,865,0.0679,24,0
2022,2,8480231,CHI,2022-02-09,2.1444,928,1.9732,824,0.0339,18,0
2022,2,8480231,CHI,2022-01-15,2.5038,1016,2.2216,890,0.1241,34,1
2022,2,8480231,CHI,2022-01-13,2.8324,1190,2.3648,981,0.1765,79,1
2022,2,8480231,CHI,2022-01-11,3.2388,1420,2.0742,896,0.9469,413,0
2022,2,8480259,VGK,2021-11-22,1.6836,631,1.5989,631,NA,NA,0
2022,2,8480259,VGK,2021-11-20,0.9123,334,0.899,332,0.0133,2,1
2022,2,8480293,CHI,2022-02-02,1.5585,593,1.5585,593,NA,NA,1
2022,2,8480293,CHI,2021-12-07,2.2068,851,2.2068,849,NA,NA,1
2022,2,8480293,CHI,2021-12-04,1.7124,657,1.6018,595,NA,NA,0
2022,2,8480293,CHI,2021-12-02,2.1532,942,2.1168,923,NA,NA,0
2022,2,8480293,CHI,2021-11-26,1.4323,556,1.4323,556,NA,NA,1
2022,2,8480384,SEA,2022-01-17,0.8692,287,0.8692,287,NA,NA,1
2022,2,8480384,SEA,2022-01-15,1.0848,393,1.0848,393,NA,NA,1
2022,2,8480384,SEA,2021-12-30,1.4196,487,1.4033,478,0.0163,9,1
2022,2,8480384,SEA,2021-12-29,1.13,418,1.13,418,NA,NA,1
2022,2,8480384,SEA,2021-12-18,1.5851,547,1.5851,547,NA,NA,1
2022,2,8480384,SEA,2021-12-15,1.4352,570,1.4352,570,NA,NA,0
2022,2,8480384,SEA,2021-12-14,1.6323,589,1.6323,589,NA,NA,0
2022,2,8480384,SEA,2021-12-11,1.906,668,1.906,668,NA,NA,1
2022,2,8480466,CAR,2022-01-15,1.8839,818,1.8839,818,NA,NA,1
2022,2,8480776,VAN,2022-03-13,1.3823,551,1.3823,551,NA,NA,1
2022,2,8480814,CHI,2022-01-06,0.1776,71,0.1776,71,NA,NA,0
2022,2,8480814,CHI,2021-11-05,1.6322,668,1.6322,668,NA,NA,0
2022,2,8480822,COL,2021-11-03,0.9346,365,0.6177,248,0.3169,117,1
2022,2,8480822,COL,2021-10-30,1.5229,588,1.2277,433,0.2952,155,1
2022,2,8480822,COL,2021-10-28,1.726,682,1.3949,548,0.3311,134,0
2022,2,8480822,COL,2021-10-26,1.1866,468,1.0072,375,0.1794,93,1
2022,2,8480822,COL,2021-10-21,1.3214,522,1.1514,449,0.17,73,0
2022,2,8480822,COL,2021-10-19,1.4487,546,1.3601,492,0.0613,41,0
2022,2,8480823,WSH,2021-12-29,1.577,635,1.577,635,NA,NA,1
2022,2,8480842,PIT,2022-04-07,1.0411,352,1.0411,352,NA,NA,0
2022,2,8480844,FLA,2021-12-16,2.7894,930,2.6381,869,0.1514,61,1
2022,2,8480846,COL,2021-11-06,1.6576,522,1.6528,520,0.0049,2,0
2022,2,8480846,COL,2021-11-03,1.9872,639,1.6674,516,0.3198,123,1
2022,2,8480846,COL,2021-10-30,2.5215,941,2.164,775,0.3575,166,1
2022,2,8480846,COL,2021-10-28,2.0895,701,1.6178,527,0.3972,148,0
2022,2,8480846,COL,2021-10-26,1.2929,468,1.0113,356,0.2816,112,1
2022,2,8480846,COL,2021-10-23,1.1237,387,0.9587,324,0.0384,13,0
2022,2,8480846,COL,2021-10-21,1.391,548,1.1625,467,NA,NA,0
2022,2,8480846,COL,2021-10-19,2.1218,791,1.887,681,0.2348,110,0
2022,2,8480846,COL,2021-10-16,2.4407,841,2.2387,739,0.2019,102,1
2022,2,8480846,COL,2021-10-13,1.9739,698,1.7172,593,0.2567,105,1
2022,2,8480848,DAL,2021-12-14,1.7728,637,1.7728,637,NA,NA,1
2022,2,8480853,CBJ,2022-01-15,1.9893,711,1.8495,665,NA,NA,0
2022,2,8480858,MTL,2022-01-01,1.9824,615,1.7671,575,0.2152,40,0
2022,2,8480913,COL,2021-12-16,1.2667,499,1.2667,499,NA,NA,0
2022,2,8480990,WPG,2022-01-29,1.762,730,1.762,730,NA,NA,0
2022,2,8480990,WPG,2022-01-13,2.017,824,2.0161,822,NA,NA,0
2022,2,8481003,ANA,2022-04-29,1.6954,620,1.6954,620,NA,NA,0
2022,2,8481003,ANA,2022-04-26,1.5244,563,1.5244,563,NA,NA,0
2022,2,8481019,WPG,2022-01-02,0.3883,139,0.3883,139,NA,NA,0
2022,2,8481019,WPG,2021-12-17,0.3918,157,0.3918,157,NA,NA,1
2022,2,8481102,OTT,2022-02-01,1.6264,580,1.6264,580,NA,NA,0
2022,2,8481102,OTT,2022-01-31,1.6868,594,1.6868,594,NA,NA,1
2022,2,8481102,OTT,2022-01-29,1.4167,515,1.4104,511,0.0063,4,1
2022,2,8481102,OTT,2022-01-27,1.7334,616,1.7334,616,NA,NA,1
2022,2,8481102,OTT,2021-11-14,2.0662,750,1.4185,506,0.6477,244,1
2022,2,8481102,OTT,2021-11-13,1.8381,694,1.8381,694,NA,NA,1
2022,2,8481102,OTT,2021-11-11,2.0847,767,2.0847,767,NA,NA,1
2022,2,8481102,OTT,2021-11-09,1.1956,462,0.904,350,0.2917,112,0
2022,2,8481133,OTT,2022-04-07,1.3999,515,1.3999,515,NA,NA,1
2022,2,8481167,VGK,2022-03-21,1.3319,540,1.3319,540,NA,NA,0
2022,2,8481167,VGK,2022-03-15,1.6042,631,1.6042,631,NA,NA,0
2022,2,8481178,PHI,2022-04-29,1.7172,712,1.6702,670,NA,NA,1
2022,2,8481178,PHI,2022-04-27,2.0983,844,1.942,750,NA,NA,0
2022,2,8481178,PHI,2022-04-25,1.8673,819,1.6463,700,NA,NA,0
2022,2,8481178,PHI,2022-04-24,1.7462,718,1.6786,687,NA,NA,1
2022,2,8481178,PHI,2022-04-21,2.4801,1052,2.3113,932,NA,NA,0
2022,2,8481178,PHI,2022-04-19,2.6223,1103,2.4726,1026,NA,NA,0
2022,2,8481178,PHI,2022-04-17,2.3962,992,2.257,909,0.0136,6,1
2022,2,8481178,PHI,2022-04-16,2.4073,1061,2.3265,1024,NA,NA,0
2022,2,8481178,PHI,2022-04-13,3.2463,1321,3.2463,1321,NA,NA,1
2022,2,8481178,PHI,2022-01-06,2.9866,1186,2.9796,1185,0.0071,1,1
2022,2,8481239,LAK,2022-01-20,2.2753,876,2.2753,876,NA,NA,1
2022,2,8481239,LAK,2022-01-18,1.8692,600,1.6064,467,0.2628,111,1
2022,2,8481239,LAK,2022-01-17,2.6593,1103,2.0849,826,0.408,208,0
2022,2,8481239,LAK,2022-01-13,1.9715,714,1.9715,714,NA,NA,1
2022,2,8481489,MIN,2021-10-28,1.8878,883,1.7642,822,NA,NA,0
2022,2,8481527,VGK,2022-02-01,2.2101,997,2.0777,927,0.1325,0,1
2022,2,8481530,ANA,2022-01-09,1.3877,561,1.3877,561,NA,NA,1
2022,2,8481532,LAK,2022-01-18,1.6169,657,1.6138,617,0.0032,40,1
2022,2,8481532,LAK,2022-01-17,2.6327,999,2.4391,927,0.0618,21,0
2022,2,8481532,LAK,2022-01-15,1.7371,639,1.7371,639,NA,NA,0
2022,2,8481532,LAK,2022-01-13,2.1141,682,2.1141,682,NA,NA,1
2022,2,8481532,LAK,2022-01-10,1.6333,557,1.6333,557,NA,NA,1
2022,2,8481532,LAK,2022-01-01,1.6667,559,1.6667,559,NA,NA,1
2022,2,8481532,LAK,2021-12-30,1.5765,590,1.4934,559,0.0831,31,1
2022,2,8481532,LAK,2021-12-28,2.0053,728,1.9076,693,0.0977,35,1
2022,2,8481552,SJS,2021-11-04,1.7,719,1.595,684,NA,NA,1
2022,2,8481599,ARI,2022-04-29,2.233,921,2.2072,907,NA,NA,1
2022,2,8481599,ARI,2022-04-27,2.2045,977,1.993,869,0.0262,9,0
2022,2,8481599,ARI,2022-04-26,2.528,1051,1.8284,729,0.0772,23,0
2022,2,8481599,ARI,2022-01-17,2.4392,965,2.3672,941,0.0586,19,1
2022,2,8481599,ARI,2022-01-15,2.593,993,2.593,993,NA,NA,1
2022,2,8481599,ARI,2022-01-14,2.2115,883,2.2115,883,NA,NA,0
2022,2,8481599,ARI,2022-01-12,1.792,705,1.792,705,NA,NA,1
2022,2,8481599,ARI,2021-11-02,2.2438,832,2.2438,832,NA,NA,0
2022,2,8481599,ARI,2021-10-31,2.2664,937,1.9411,799,0.3253,138,0
2022,2,8481599,ARI,2021-10-29,2.4837,1015,2.0465,825,0.4372,190,0
2022,2,8481604,VGK,2022-04-01,1.3704,533,1.3704,533,NA,NA,0
2022,2,8481604,VGK,2021-10-12,0.6403,247,0.6403,247,NA,NA,1
2022,2,8481655,FLA,2022-04-29,3.1057,1123,3.1057,1123,NA,NA,0
2022,2,8481655,FLA,2022-04-28,2.5597,854,2.5597,853,NA,NA,0
2022,2,8481655,FLA,2021-12-16,1.648,567,1.648,567,NA,NA,1
2022,2,8481657,OTT,2022-04-29,1.7212,625,1.4576,531,0.2636,94,0
2022,2,8481740,NJD,2021-11-11,2.3702,865,2.1709,800,NA,NA,1
2022,2,8481740,NJD,2021-11-09,2.3003,865,2.2182,835,0.0237,15,1
2022,2,8481815,ANA,2022-01-04,0.9711,366,0.9711,366,NA,NA,1
2022,2,8481827,ARI,2021-11-06,2.0422,784,2.0422,784,NA,NA,1
2022,2,8481827,ARI,2021-11-05,2.2771,901,2.2771,901,NA,NA,0
2022,2,8481849,VGK,2022-03-24,1.799,781,1.7393,744,NA,NA,1
2022,2,8481849,VGK,2022-03-22,1.3699,616,1.3699,616,NA,NA,0
2022,2,8481849,VGK,2022-03-21,1.402,562,1.402,562,NA,NA,0
2022,2,8482061,BUF,2022-02-23,2.1561,810,1.8551,703,0.301,107,0
2022,2,8482062,NSH,2022-02-18,1.5504,523,1.5504,523,NA,NA,0
2022,2,8482062,NSH,2022-02-15,1.3397,496,1.3397,496,NA,NA,1
2022,2,8482062,NSH,2022-01-25,1.2637,458,1.2637,458,NA,NA,0
2022,2,8482062,NSH,2022-01-22,1.6309,613,1.4838,537,NA,NA,1
2022,2,8482062,NSH,2022-01-13,1.2209,426,1.2209,426,NA,NA,1
2022,2,8482062,NSH,2022-01-11,1.0505,419,1.0505,419,NA,NA,1
2022,2,8482062,NSH,2021-12-17,1.9747,672,1.645,534,NA,NA,0
2022,2,8482062,NSH,2021-12-16,1.6336,634,1.3637,478,0.0301,10,1
2022,2,8482070,MIN,2022-04-21,1.3036,441,1.3036,441,NA,NA,1
2022,2,8482070,MIN,2022-04-19,1.3253,453,1.3253,453,NA,NA,0
2022,2,8482079,MIN,2022-01-08,2.629,891,2.5684,874,NA,NA,1
2022,2,8482079,MIN,2022-01-06,2.7216,979,1.7287,597,0.9928,382,0
2022,2,8482150,ANA,2022-01-08,1.8292,665,1.6711,610,0.1581,55,1
2022,2,8482175,BUF,2021-12-30,2.5869,963,2.5028,916,0.0841,47,0
2022,2,8482175,BUF,2021-12-29,2.9054,972,2.7347,914,0.1707,58,1
2022,2,8482192,CHI,2022-02-27,2.3869,1007,2.363,983,NA,NA,1
2022,2,8482192,CHI,2021-11-01,1.9105,786,1.8518,765,NA,NA,1
2022,2,8482192,CHI,2021-10-30,1.2944,501,1.2241,466,NA,NA,0
2022,2,8482192,CHI,2021-10-29,1.5809,667,1.56,665,0.0067,2,0
2022,2,8482197,SJS,2022-01-22,1.7163,576,1.6874,576,NA,NA,1
2022,2,8482197,SJS,2022-01-20,1.3724,470,1.3724,470,NA,NA,0
2022,2,8482197,SJS,2022-01-15,1.488,499,1.488,499,NA,NA,1
2022,2,8482197,SJS,2022-01-13,1.463,488,1.463,488,NA,NA,1
2022,2,8482197,SJS,2022-01-11,1.0591,384,1.0591,384,NA,NA,1
2022,2,8482243,PHI,2022-01-25,1.2731,419,1.2245,401,0.0486,18,0
2022,2,8482408,WPG,2022-03-20,0.4795,246,0.4795,246,NA,NA,0
2022,2,8482652,CGY,2021-11-14,1.5318,527,1.5318,527,NA,NA,0
2022,2,8482815,TOR,2021-11-26,1.6543,515,1.5494,472,NA,NA,0
2022,2,8482815,TOR,2021-11-13,1.761,592,1.5652,524,NA,NA,0
2022,2,8482815,TOR,2021-11-10,2.0318,700,1.8585,645,NA,NA,0
