season,game_type,player_id,team_abbrev,game_date,dist_all_mi,toi_all_sec,dist_even_mi,toi_even_sec,dist_pp_mi,toi_pp_sec,home
2026,2,8478402,EDM,2026-04-16,3.1022,1096,2.6103,935,0.371,116,1
2026,2,8478402,EDM,2026-04-13,4.914,1675,4.0617,1307,0.5909,269,1
2026,2,8478402,EDM,2026-04-11,4.7654,1610,4.4007,1493,0.3647,117,0
2026,2,8478402,EDM,2026-04-08,3.7607,1270,3.0271,1028,0.5957,205,0
2026,2,8478402,EDM,2026-04-07,3.8866,1325,3.2398,1115,0.5602,178,0
2026,2,8478402,EDM,2026-04-04,4.0749,1405,3.1543,1067,0.9206,338,1
2026,2,8478402,EDM,2026-04-02,3.7949,1305,2.9456,1002,0.8493,303,1
2026,2,8478402,EDM,2026-03-31,3.3742,1186,3.0034,1064,0.3283,106,1
2026,2,8478402,EDM,2026-03-28,3.8638,1349,3.0391,1032,0.8183,313,1
2026,2,8478402,EDM,2026-03-26,3.9592,1332,3.5228,1160,0.3902,160,0
2026,2,8476453,TBL,2026-04-15,3.1445,1254,2.6115,952,0.533,302,1
2026,2,8476453,TBL,2026-04-13,2.7935,989,2.6078,876,0.1856,113,1
2026,2,8476453,TBL,2026-04-11,3.2475,1221,3.009,1110,0.2384,108,0
2026,2,8476453,TBL,2026-04-09,3.5892,1392,2.6422,942,0.947,450,0
2026,2,8476453,TBL,2026-04-07,3.0563,1181,2.7725,1007,0.2838,174,0
2026,2,8476453,TBL,2026-04-06,3.6272,1410,2.4906,916,1.1366,494,0
2026,2,8476453,TBL,2026-04-04,2.5802,1018,2.341,895,0.2392,120,1
2026,2,8476453,TBL,2026-04-02,3.3175,1245,2.9146,1071,0.403,174,1
2026,2,8476453,TBL,2026-03-31,3.3285,1390,2.5933,1008,0.7352,382,1
2026,2,8476453,TBL,2026-03-26,3.0297,1131,2.8164,1013,0.2134,118,1
2026,2,8477492,COL,2026-04-14,3.2699,1268,2.597,966,0.6729,302,0
2026,2,8477492,COL,2026-04-13,4.5782,1677,3.4211,1209,1.157,468,0
2026,2,8477492,COL,2026-04-11,3.6092,1298,2.7009,953,0.8683,329,1
2026,2,8477492,COL,2026-04-09,3.7389,1343,3.4115,1206,0.3274,137,1
2026,2,8477492,COL,2026-04-07,3.7945,1268,3.6593,1215,0.1352,53,0
2026,2,8477492,COL,2026-04-05,3.603,1298,2.5326,877,0.8368,340,1
2026,2,8477492,COL,2026-04-04,3.4323,1247,3.1833,1153,0.249,94,0
2026,2,8477492,COL,2026-04-01,3.6359,1461,2.9016,1141,0.7343,320,1
2026,2,8477492,COL,2026-03-30,2.9913,1160,2.3533,857,0.6233,296,1
2026,2,8477492,COL,2026-03-28,3.6137,1356,3.4545,1278,0.1535,75,1
2026,2,8484801,SJS,2026-04-16,2.6179,881,2.4245,816,0.1823,59,0
2026,2,8484801,SJS,2026-04-15,3.2941,1134,2.3945,839,0.8885,287,0
2026,2,8484801,SJS,2026-04-13,3.1929,1174,3.0001,1089,0.1928,85,0
2026,2,8484801,SJS,2026-04-11,3.6478,1334,3.1363,1132,0.5051,199,1
2026,2,8484801,SJS,2026-04-09,3.6031,1334,3.6031,1334,NA,NA,0
2026,2,8484801,SJS,2026-04-08,3.5612,1308,2.8987,1054,0.6625,254,1
2026,2,8484801,SJS,2026-04-06,3.7738,1325,3.3375,1143,0.4363,182,1
2026,2,8484801,SJS,2026-04-04,3.8852,1420,3.1764,1137,0.6758,274,1
2026,2,8484801,SJS,2026-04-02,3.5546,1266,3.1204,1088,0.4342,178,1
2026,2,8484801,SJS,2026-04-01,3.7624,1443,3.4018,1310,0.3017,114,1
2026,2,8476460,WPG,2026-04-16,2.8055,1114,2.295,831,0.4386,251,1
2026,2,8476460,WPG,2026-04-14,3.357,1274,2.4585,915,0.6167,231,0
2026,2,8476460,WPG,2026-04-13,3.5532,1262,1.9971,714,1.1964,409,0
2026,2,8476460,WPG,2026-04-11,3.1885,1222,2.6004,1008,0.5881,214,1
2026,2,8476460,WPG,2026-04-09,3.3359,1221,2.9427,1060,0.248,88,0
2026,2,8476460,WPG,2026-04-06,3.7267,1364,3.4003,1222,0.3264,142,1
2026,2,8476460,WPG,2026-04-04,3.9888,1359,3.8141,1295,0.1747,64,0
2026,2,8476460,WPG,2026-04-02,3.5662,1388,2.97,1139,0.5962,249,0
2026,2,8476460,WPG,2026-03-31,3.2165,1232,2.9858,1119,0.2173,107,0
2026,2,8476460,WPG,2026-03-28,3.8916,1431,3.4776,1284,0.414,147,0
2026,2,8480018,MTL,2026-04-14,3.3888,1374,2.9164,1178,0.4724,196,0
2026,2,8480018,MTL,2026-04-12,2.8711,1109,2.5501,965,0.2451,114,0
2026,2,8480018,MTL,2026-04-11,3.0637,1133,2.1851,807,0.8431,311,1
2026,2,8480018,MTL,2026-04-09,3.3422,1345,2.0234,760,1.2346,550,1
2026,2,8480018,MTL,2026-04-07,3.1297,1167,2.3426,857,0.7481,295,1
2026,2,8480018,MTL,2026-04-05,3.2748,1302,2.4663,951,0.8085,351,1
2026,2,8480018,MTL,2026-04-04,3.8807,1435,2.9014,1048,0.9793,387,0
2026,2,8480018,MTL,2026-04-02,3.2526,1277,2.9598,1156,0.2928,121,0
2026,2,8480018,MTL,2026-03-31,3.2687,1227,2.7862,1008,0.4433,201,0
2026,2,8480018,MTL,2026-03-29,3.3604,1217,2.7838,998,0.5766,219,0
2026,2,8477956,BOS,2026-04-14,2.7781,1028,2.7781,1028,NA,NA,1
2026,2,8477956,BOS,2026-04-12,2.776,1005,2.776,1005,NA,NA,0
2026,2,8477956,BOS,2026-04-11,3.0885,1133,3.0429,1096,0.0457,37,1
2026,2,8477956,BOS,2026-04-07,3.2665,1209,2.7904,1029,0.4761,180,0
2026,2,8477956,BOS,2026-04-05,3.622,1299,3.4342,1227,0.1878,70,0
2026,2,8477956,BOS,2026-04-04,3.267,1303,2.5031,954,0.764,349,0
2026,2,8477956,BOS,2026-04-02,3.629,1452,3.2357,1240,0.3933,212,0
2026,2,8477956,BOS,2026-03-31,2.7032,1107,2.3455,930,0.3578,177,1
2026,2,8477956,BOS,2026-03-29,3.6726,1410,3.1959,1205,0.4767,205,0
2026,2,8477956,BOS,2026-03-28,3.1304,1248,2.7741,1073,0.3563,175,1
2026,2,8480039,COL,2026-04-14,3.7143,1356,3.071,1054,0.6433,302,0
2026,2,8480039,COL,2026-04-13,5.0908,1748,4.0447,1270,1.0451,476,0
2026,2,8480039,COL,2026-04-11,3.8096,1311,2.9191,982,0.8905,329,1
2026,2,8480039,COL,2026-04-09,3.4325,1199,3.0459,1063,0.3866,136,1
2026,2,8480039,COL,2026-04-07,3.8121,1281,3.6713,1228,0.1409,53,0
2026,2,8480039,COL,2026-04-05,3.8637,1316,2.8665,931,0.8125,323,1
2026,2,8480039,COL,2026-04-04,3.6551,1279,3.4065,1186,0.2487,92,0
2026,2,8480039,COL,2026-04-01,4.1251,1506,3.4594,1230,0.6656,276,1
2026,2,8480039,COL,2026-03-30,2.9139,1077,2.4665,846,0.4474,231,1
2026,2,8480039,COL,2026-03-28,4.1736,1430,3.9752,1355,0.1984,75,1
2026,2,8477934,EDM,2026-03-15,0.4776,192,0.3807,143,0.097,49,1
2026,2,8477934,EDM,2026-03-13,3.1726,1266,2.5689,983,0.6036,283,0
2026,2,8477934,EDM,2026-03-12,2.7117,1056,2.156,762,0.5557,294,0
2026,2,8477934,EDM,2026-03-10,3.5838,1371,2.8064,1021,0.7774,350,0
2026,2,8477934,EDM,2026-03-08,3.4856,1259,3.1087,1071,0.3768,188,0
2026,2,8477934,EDM,2026-03-06,3.2898,1287,3.0226,1164,0.2672,123,1
2026,2,8477934,EDM,2026-03-03,3.5981,1388,3.1903,1173,0.4079,215,1
2026,2,8477934,EDM,2026-02-28,3.3152,1307,2.8291,1041,0.4861,266,0
2026,2,8477934,EDM,2026-02-26,2.2604,892,1.9625,732,0.2979,160,0
2026,2,8477934,EDM,2026-02-25,3.0329,1235,2.5526,993,0.3594,200,0
2026,2,8480027,DAL,2026-04-15,2.6682,1046,2.1209,790,0.5473,256,0
2026,2,8480027,DAL,2026-04-13,3.0131,1166,2.3091,839,0.7041,327,0
2026,2,8480027,DAL,2026-04-11,3.0865,1258,2.3975,916,0.689,342,1
2026,2,8480027,DAL,2026-04-09,2.6326,974,2.5253,920,0.1072,54,1
2026,2,8480027,DAL,2026-04-07,3.4866,1454,2.7452,1075,0.7414,379,1
2026,2,8480027,DAL,2026-04-04,3.766,1492,3.3114,1270,0.4546,222,1
2026,2,8480027,DAL,2026-04-02,3.658,1371,3.5136,1304,0.1444,67,1
2026,2,8480027,DAL,2026-03-31,3.2811,1286,2.6371000000000002,967,0.644,319,0
2026,2,8480027,DAL,2026-03-29,3.2278,1255,2.8806,1080,0.3465,173,0
2026,2,8480027,DAL,2026-03-28,3.2725,1263,2.4352,889,0.8372,374,0
2026,2,8480803,EDM,2026-04-16,3.1649,1312,2.6053,1063,0.5259,232,1
2026,2,8480803,EDM,2026-04-13,4.0548,1831,3.213,1377,0.4867,269,1
2026,2,8480803,EDM,2026-04-11,3.8918,1656,3.4864,1473,0.2892,117,0
2026,2,8480803,EDM,2026-04-08,3.1032,1352,2.3625,1034,0.5051,205,0
2026,2,8480803,EDM,2026-04-07,3.205,1353,2.437,1056,0.6386,227,0
2026,2,8480803,EDM,2026-04-04,3.5147,1450,2.6261,1050,0.7689,337,1
2026,2,8480803,EDM,2026-04-02,3.3481,1390,2.6339,1093,0.64,268,1
2026,2,8480803,EDM,2026-03-31,3.0136,1278,2.5013,1050,0.2845,106,1
2026,2,8480803,EDM,2026-03-28,3.528,1578,2.5065,1084,0.7098,311,1
2026,2,8480803,EDM,2026-03-26,3.2703,1411,2.7763,1183,0.3475,160,0
2026,2,8478398,WPG,2026-04-16,2.94,1098,2.2468,791,0.5155,251,1
2026,2,8478398,WPG,2026-04-14,3.4805,1252,2.3419,825,0.6302,230,0
2026,2,8478398,WPG,2026-04-13,3.6024,1285,1.8392,646,1.1676,404,0
2026,2,8478398,WPG,2026-04-11,3.1686,1171,2.5407,934,0.5191,195,1
2026,2,8478398,WPG,2026-04-09,3.4241,1256,2.8233,1030,0.2777,88,0
2026,2,8478398,WPG,2026-04-06,3.4521,1290,3.0461,1148,0.406,142,1
2026,2,8478398,WPG,2026-04-04,3.7535,1287,3.5729,1221,0.1806,66,0
2026,2,8478398,WPG,2026-04-02,3.5796,1357,2.9216,1097,0.6579,260,0
2026,2,8478398,WPG,2026-03-31,3.4827,1267,3.1115,1116,0.271,107,0
2026,2,8478398,WPG,2026-03-28,3.7145,1343,3.2612,1192,0.4533,151,0
2026,2,8478403,VGK,2026-04-15,3.2163,1185,2.7898,975,0.4265,210,1
2026,2,8478403,VGK,2026-04-13,2.8593,1054,1.7011,603,0.9894,389,1
2026,2,8478403,VGK,2026-04-11,3.6105,1244,2.6747,889,0.6701,268,0
2026,2,8478403,VGK,2026-04-09,3.5884,1279,3.4694,1224,0.119,55,0
2026,2,8478403,VGK,2026-04-07,2.8473,1078,2.6,956,0.1344,57,0
2026,2,8478403,VGK,2026-04-04,3.0756,1088,2.454,805,0.4164,178,0
2026,2,8478403,VGK,2026-04-02,3.1572,1235,2.1604,782,0.9075,390,1
2026,2,8478403,VGK,2026-03-30,3.779,1355,3.2513,1151,0.4927,181,1
2026,2,8478403,VGK,2026-03-28,3.8365,1403,3.0354,1020,0.379,180,1
2026,2,8478403,VGK,2026-03-26,4.1838,1584,3.392,1195,0.657,315,1
2026,2,8478864,MIN,2026-04-11,3.4336,1241,2.8857,1043,0.3098,116,0
2026,2,8478864,MIN,2026-04-09,3.8108,1380,3.1055,1081,0.7053,299,0
2026,2,8478864,MIN,2026-04-07,3.5508,1258,3.3844,1163,0.1664,95,1
2026,2,8478864,MIN,2026-04-05,3.3999,1193,2.9203,1000,0.4797,193,0
2026,2,8478864,MIN,2026-04-04,3.0171,1076,2.7206,956,0.2965,120,0
2026,2,8478864,MIN,2026-04-02,3.2493,1185,2.8392,1015,0.4101,170,1
2026,2,8478864,MIN,2026-03-28,3.3087,1198,2.8631,988,0.4456,210,0
2026,2,8478864,MIN,2026-03-26,2.9505,1096,2.7427,1004,0.2078,92,0
2026,2,8478864,MIN,2026-03-24,3.416,1291,3.0017,1080,0.2706,161,0
2026,2,8478864,MIN,2026-03-17,3.5828,1314,3.344,1227,0.2388,87,0
2026,2,8477404,TBL,2026-04-13,3.3026,1289,2.6372,976,0.2312,120,1
2026,2,8477404,TBL,2026-04-11,3.0299,1090,2.7109,946,0.2559,110,0
2026,2,8477404,TBL,2026-04-09,3.7985,1598,1.8352,637,0.8672,478,0
2026,2,8477404,TBL,2026-04-07,3.0274,1229,2.531,1009,0.3604,151,0
2026,2,8477404,TBL,2026-04-06,3.6668,1494,2.128,785,0.9786,459,0
2026,2,8477404,TBL,2026-04-04,3.2314,1265,2.6131,941,0.1812,85,1
2026,2,8477404,TBL,2026-04-02,3.5026,1284,2.7896,989,0.3489,167,1
2026,2,8477404,TBL,2026-03-31,3.0085,1266,2.2353,854,0.7732,412,1
2026,2,8477404,TBL,2026-03-29,2.9318,1126,2.1992,787,0.7256,336,1
2026,2,8477404,TBL,2026-03-28,3.0679,1165,2.4981,920,0.5697,245,1
2026,2,8479343,UTA,2026-04-16,3.1928,1214,3.1928,1214,NA,NA,1
2026,2,8479343,UTA,2026-04-14,3.2447,1259,2.4401,906,0.8046,353,1
2026,2,8479343,UTA,2026-04-12,2.997,1161,2.3535,861,0.6436,300,0
2026,2,8479343,UTA,2026-04-11,3.7131,1328,2.6697,943,1.0403,382,1
2026,2,8479343,UTA,2026-04-09,2.8194,1059,2.4008,858,0.4186,201,1
2026,2,8479343,UTA,2026-04-07,2.9406,1175,2.64,1040,0.3006,135,1
2026,2,8479343,UTA,2026-04-04,2.7452,1041,2.2802,833,0.4649,208,0
2026,2,8479343,UTA,2026-04-02,3.0793,1140,2.471,873,0.6083,267,0
2026,2,8479343,UTA,2026-03-28,2.7255,1012,2.4121,848,0.3134,164,0
2026,2,8479343,UTA,2026-03-26,3.8731,1416,3.0064,1095,0.8667,321,1
2026,2,8481540,MTL,2026-04-14,3.309,1281,2.8321,1085,0.477,196,0
2026,2,8481540,MTL,2026-04-12,2.7852,1032,2.6246,946,0.1606,86,0
2026,2,8481540,MTL,2026-04-11,2.8433,1042,2.1475,751,0.6957,291,1
2026,2,8481540,MTL,2026-04-09,2.7549,1076,1.5742,558,1.1807,518,1
2026,2,8481540,MTL,2026-04-07,3.0051,1149,2.2701,809,0.7351,340,1
2026,2,8481540,MTL,2026-04-05,3.2568,1257,2.4561,913,0.8008,344,1
2026,2,8481540,MTL,2026-04-04,3.4318,1335,2.5564,938,0.8754,397,0
2026,2,8481540,MTL,2026-04-02,2.6625,980,2.3896,859,0.273,121,0
2026,2,8481540,MTL,2026-03-31,2.7923,1025,2.2755,827,0.5168,198,0
2026,2,8481540,MTL,2026-03-29,2.6205,945,2.0474,733,0.5731,212,0
2026,2,8482740,DAL,2026-04-15,3.0155,1091,2.2468,817,0.6847,252,0
2026,2,8482740,DAL,2026-04-13,3.0448,1104,2.429,831,0.6158,273,0
2026,2,8482740,DAL,2026-04-11,3.0982,1114,2.3146,818,0.7834,295,1
2026,2,8482740,DAL,2026-04-09,2.7074,1013,2.5576,956,0.1485,54,1
2026,2,8482740,DAL,2026-04-07,3.4516,1332,2.688,952,0.7393,367,1
2026,2,8482740,DAL,2026-04-04,3.61,1328,3.1269,1162,0.4831,166,1
2026,2,8482740,DAL,2026-04-02,3.2319,1160,3.0401,1060,0.1105,67,1
2026,2,8482740,DAL,2026-03-31,3.8792,1384,3.238,1133,0.6412,251,0
2026,2,8482740,DAL,2026-03-29,3.6163,1380,3.2599,1211,0.3563,169,0
2026,2,8482740,DAL,2026-03-28,2.9131,1141,2.1795,810,0.7301,328,0
2026,2,8479337,DET,2026-04-15,3.2596,1118,2.6696,926,0.5899,192,0
2026,2,8479337,DET,2026-04-13,2.9951,1071,2.5242,862,0.471,209,0
2026,2,8479337,DET,2026-04-11,3.4859,1272,3.2789,1178,0.2071,94,1
2026,2,8479337,DET,2026-04-09,2.8247,966,2.3687,780,0.4301,182,1
2026,2,8479337,DET,2026-04-07,3.2188,1074,3.0926,1023,0.1262,51,1
2026,2,8479337,DET,2026-04-05,3.134,1138,2.8953,1043,0.2387,95,1
2026,2,8479337,DET,2026-04-04,3.5548,1342,2.8058,1010,0.749,332,0
2026,2,8479337,DET,2026-04-02,3.2917,1100,3.0021,983,0.2895,117,0
2026,2,8479337,DET,2026-03-31,3.168,1106,3.1401,1092,0.0064,5,0
2026,2,8479337,DET,2026-03-28,3.5075,1356,3.1698,1137,0.3157,219,1
2026,2,8481557,MIN,2026-04-11,2.8598,1175,2.318,922,0.1905,62,0
2026,2,8481557,MIN,2026-04-09,3.1098,1247,2.2918,898,0.7417,303,0
2026,2,8481557,MIN,2026-04-07,2.0756,869,1.6857,649,0.1944,95,1
2026,2,8481557,MIN,2026-04-05,2.8869,1143,2.4873,944,0.3463,176,0
2026,2,8481557,MIN,2026-04-04,2.5915,1036,2.0476,821,0.3367,120,0
2026,2,8481557,MIN,2026-04-02,2.569,945,2.0439,742,0.4533,170,1
2026,2,8481557,MIN,2026-03-28,2.8948,1228,2.3708,955,0.3862,209,0
2026,2,8481557,MIN,2026-03-26,2.5023,915,2.1919,775,0.2001,93,0
2026,2,8481557,MIN,2026-03-24,3.2446,1275,2.5942,941,0.2844,161,0
2026,2,8481557,MIN,2026-03-21,3.583,1462,2.6253,1029,0.5029,184,1
2026,2,8478550,"NYR,LAK",2026-04-16,3.1405,1226,2.7437,1041,0.3968,185,0
2026,2,8478550,"NYR,LAK",2026-04-14,3.7737,1381,3.3658,1156,0.4079,225,0
2026,2,8478550,"NYR,LAK",2026-04-13,2.7271,987,2.5256,881,0.2015,106,0
2026,2,8478550,"NYR,LAK",2026-04-11,3.0138,1103,2.8541,998,0.1596,105,1
2026,2,8478550,"NYR,LAK",2026-04-09,3.312,1163,3.312,1163,NA,NA,1
2026,2,8478550,"NYR,LAK",2026-04-06,3.6302,1252,3.6302,1252,NA,NA,1
2026,2,8478550,"NYR,LAK",2026-04-04,3.4749,1339,2.4563,839,1.0186,500,1
2026,2,8478550,"NYR,LAK",2026-04-02,3.4099,1253,2.8371,961,0.5666,290,1
2026,2,8478550,"NYR,LAK",2026-04-01,3.47,1261,3.1224,1082,0.3476,179,1
2026,2,8478550,"NYR,LAK",2026-03-28,3.4337,1319,2.9651,1087,0.4685,232,1
2026,2,8482116,OTT,2026-04-11,3.2175,1260,1.6765,631,0.9879,381,0
2026,2,8482116,OTT,2026-04-09,2.8003,1009,2.5391,916,0.1984,56,1
2026,2,8482116,OTT,2026-04-07,3.0165,1111,2.6976,953,0.2363,117,1
2026,2,8482116,OTT,2026-04-05,2.7153,1016,2.1998,786,0.3493,132,1
2026,2,8482116,OTT,2026-04-04,2.8515,991,2.3479,808,0.4357,154,1
2026,2,8482116,OTT,2026-04-02,3.1125,1197,2.4356,918,0.4921,169,1
2026,2,8482116,OTT,2026-03-31,3.4347,1265,1.9266,698,1.4211,525,0
2026,2,8482116,OTT,2026-03-28,3.555,1301,3.1653,1122,0.1861,76,0
2026,2,8482116,OTT,2026-03-26,4.0227,1401,3.7675,1297,0.2552,104,1
2026,2,8482116,OTT,2026-03-24,2.7773,1053,2.1526,754,0.3431,137,0
2026,2,8478460,CBJ,2026-04-14,3.9291,1559,3.7343,1463,0.1923,94,1
2026,2,8478460,CBJ,2026-04-12,4.3918,1827,3.6849,1513,0.707,314,1
2026,2,8478460,CBJ,2026-04-11,3.5196,1542,2.7173,1199,0.7542,318,0
2026,2,8478460,CBJ,2026-04-09,3.9703,1726,3.0453,1262,0.8006,421,0
2026,2,8478460,CBJ,2026-04-07,4.955,2006,4.2956,1711,0.6595,295,0
2026,2,8478460,CBJ,2026-04-04,3.8715,1647,3.861,1638,0.0105,9,1
2026,2,8478460,CBJ,2026-04-02,3.2606,1332,2.6835,1094,0.5111,206,0
2026,2,8478460,CBJ,2026-03-31,3.5131,1649,2.9738,1410,0.4974,214,1
2026,2,8478460,CBJ,2026-03-29,4.0652,1811,3.4458,1519,0.3672,167,1
2026,2,8478460,CBJ,2026-03-28,4.6471,1851,4.3285,1718,0.2923,120,1
2026,2,8479420,BUF,2026-04-13,2.7802,1051,2.5153,917,0.2503,127,0
2026,2,8479420,BUF,2026-04-09,2.6468,1007,2.2878,849,0.359,158,1
2026,2,8479420,BUF,2026-04-08,3.1978,1338,2.6853,1045,0.5125,293,0
2026,2,8479420,BUF,2026-04-06,2.8655,1076,2.1408,733,0.7246,343,1
2026,2,8479420,BUF,2026-04-04,2.8373,1160,2.2654,845,0.5718,315,0
2026,2,8479420,BUF,2026-04-02,2.5645,1032,2.2855,884,0.2791,148,0
2026,2,8479420,BUF,2026-03-31,3.3673,1291,2.9625,1080,0.4049,211,1
2026,2,8479420,BUF,2026-03-28,3.7419,1461,3.4532,1258,0.2654,194,1
2026,2,8479420,BUF,2026-03-27,3.1107,1276,2.5659,975,0.5369,299,1
2026,2,8479420,BUF,2026-03-25,2.9076,1124,2.3411,879,0.532,235,1
2026,2,8478427,CAR,2026-04-11,2.9472,1113,1.9865,721,0.4608,232,0
2026,2,8478427,CAR,2026-04-07,3.0384,1120,2.3322,849,0.463,197,1
2026,2,8478427,CAR,2026-04-05,2.6686,987,2.2756,838,0.1957,72,0
2026,2,8478427,CAR,2026-04-04,3.1249,1128,2.4845,890,0.529,195,1
2026,2,8478427,CAR,2026-04-02,2.7607,990,2.1968,789,0.2634,108,1
2026,2,8478427,CAR,2026-03-31,3.0377,1169,2.006,738,0.7763,342,0
2026,2,8478427,CAR,2026-03-29,2.9886,1170,2.3837,899,0.3964,196,1
2026,2,8478427,CAR,2026-03-28,2.9556,1064,2.4306,875,0.1409,70,1
2026,2,8478427,CAR,2026-03-24,3.3307,1285,2.6834,1008,0.3397,160,0
2026,2,8478427,CAR,2026-03-22,2.9399,1183,2.1729,874,0.6227,256,0
2026,2,8478483,VGK,2026-04-15,2.5877,1011,2.1813,800,0.4064,211,1
2026,2,8478483,VGK,2026-04-13,2.9302,1119,1.7196,610,0.8896,378,1
2026,2,8478483,VGK,2026-04-11,3.2915,1230,2.4773,868,0.614,261,0
2026,2,8478483,VGK,2026-04-09,3.1736,1158,2.9891,1082,0.1415,55,0
2026,2,8478483,VGK,2026-04-07,3.1195,1126,2.854,1014,0.1245,57,0
2026,2,8478483,VGK,2026-04-04,3.4299,1297,2.7591,1039,0.4012,171,0
2026,2,8478483,VGK,2026-04-02,2.6618,1065,1.6324,604,0.9445,423,1
2026,2,8478483,VGK,2026-03-30,3.3753,1219,2.9565,1053,0.4188,166,1
2026,2,8478483,VGK,2026-03-28,3.6488,1339,2.9102,1037,0.4934,209,1
2026,2,8478483,VGK,2026-03-26,3.284,1337,2.4548,941,0.6438,316,1
2026,2,8477939,TOR,2026-04-15,3.347,1228,2.8876,1079,0.4439,149,0
2026,2,8477939,TOR,2026-04-13,3.674,1370,3.2658,1211,0.4083,158,1
2026,2,8477939,TOR,2026-04-11,1.5104,1188,1.5104,1167,NA,NA,1
2026,2,8477939,TOR,2026-04-09,3.5641,1313,3.4138,1246,0.1503,67,0
2026,2,8477939,TOR,2026-04-08,3.3193,1232,2.7916,1008,0.5277,224,1
2026,2,8477939,TOR,2026-04-04,3.528,1404,3.1458,1198,0.3821,206,0
2026,2,8477939,TOR,2026-04-02,2.9536,1125,2.7583,1051,0.176,68,0
2026,2,8477939,TOR,2026-03-30,3.7454,1415,3.3348,1222,0.3956,187,0
2026,2,8477939,TOR,2026-03-28,3.5283,1203,2.973,1019,0.4782,152,0
2026,2,8477939,TOR,2026-03-25,3.3681,1235,3.1054,1122,0.2627,113,1
2026,2,8480069,COL,2026-04-16,3.4666,1282,2.6024,975,0.7246,240,1
2026,2,8480069,COL,2026-04-14,3.8888,1535,3.017,1148,0.689,310,0
2026,2,8480069,COL,2026-03-30,2.5246,1035,2.0891,824,0.3621,182,1
2026,2,8480069,COL,2026-03-28,3.9767,1597,3.4897,1370,0.1945,75,1
2026,2,8480069,COL,2026-03-26,3.9098,1732,2.6985,1122,0.6884,365,0
2026,2,8480069,COL,2026-03-24,3.315,1324,2.6974,1060,0.3907,170,0
2026,2,8480069,COL,2026-03-22,3.649,1506,2.9602,1198,0.4295,170,0
2026,2,8480069,COL,2026-03-20,3.5001,1434,2.6621,1043,0.6267,276,0
2026,2,8480069,COL,2026-03-18,3.5756,1479,3.0038,1166,0.3538,203,1
2026,2,8480069,COL,2026-03-16,3.3389,1291,2.2055,831,0.9138,366,1
2026,2,8476459,NYR,2026-04-15,3.4391,1302,2.6236,949,0.468,171,0
2026,2,8476459,NYR,2026-04-13,3.2883,1286,2.6296,953,0.5521,299,0
2026,2,8476459,NYR,2026-04-11,3.2953,1282,2.1677,790,0.8323,385,0
2026,2,8476459,NYR,2026-04-08,2.8245,1124,2.1695,819,0.3037,131,1
2026,2,8476459,NYR,2026-04-05,3.015,1194,2.484,926,0.4351,215,1
2026,2,8476459,NYR,2026-04-04,3.0335,1251,2.3339,923,0.4275,177,1
2026,2,8476459,NYR,2026-04-02,3.6453,1380,2.8009,1026,0.5269,240,1
2026,2,8476459,NYR,2026-03-31,2.8993,1040,2.0944,710,0.6703,269,1
2026,2,8476459,NYR,2026-03-29,3.211,1195,2.5116,890,0.2705,120,1
2026,2,8476459,NYR,2026-03-27,2.6014,954,2.119,762,0.2464,104,1
2026,2,8483457,MTL,2026-04-14,3.9013,1568,3.4643,1372,0.4371,196,0
2026,2,8483457,MTL,2026-04-12,3.2975,1371,2.9692,1215,0.2322,114,0
2026,2,8483457,MTL,2026-04-11,3.8313,1603,2.6156,1066,0.8519,321,1
2026,2,8483457,MTL,2026-04-09,4.3166,1757,2.5748,1026,1.5175,587,1
2026,2,8483457,MTL,2026-04-07,4.0586,1544,3.3156,1248,0.6205,223,1
2026,2,8483457,MTL,2026-04-05,3.6224,1481,2.6955,1083,0.8591,360,1
2026,2,8483457,MTL,2026-04-04,4.33,1787,3.3136,1344,0.9573,407,0
2026,2,8483457,MTL,2026-04-02,3.6914,1554,3.0593,1235,0.2938,121,0
2026,2,8483457,MTL,2026-03-31,3.6935,1571,2.932,1242,0.4846,201,0
2026,2,8483457,MTL,2026-03-29,2.7213,1171,2.1523,939,0.541,216,0
2026,2,8478420,DAL,2026-04-15,2.896,1113,2.3642,854,0.5319,259,0
2026,2,8478420,DAL,2026-04-13,2.9985,1163,2.3343,833,0.6642,330,0
2026,2,8478420,DAL,2026-04-11,2.7057,1105,2.0057,757,0.6996,347,1
2026,2,8478420,DAL,2026-04-09,2.6753,1062,2.5783,1007,0.0837,54,1
2026,2,8478420,DAL,2026-04-07,3.0126,1268,2.3048,858,0.7078,410,1
2026,2,8478420,DAL,2026-04-04,3.2498,1305,2.8093,1117,0.4404,188,1
2026,2,8478420,DAL,2026-04-02,3.2769,1231,3.1168,1164,0.1601,67,1
2026,2,8478420,DAL,2026-03-31,3.3652,1345,2.87,1062,0.4952,283,0
2026,2,8478420,DAL,2026-03-29,3.3164,1284,3.0524,1108,0.2539,171,0
2026,2,8478420,DAL,2026-03-28,2.7248,1137,2.0042,749,0.7205,388,0
2026,2,8481559,NJD,2026-04-14,3.6587,1267,3.3779,1158,0.2807,109,0
2026,2,8481559,NJD,2026-04-12,4.3099,1532,3.2338,1141,0.855,319,1
2026,2,8481559,NJD,2026-04-11,3.6775,1187,3.6453,1173,NA,NA,0
2026,2,8481559,NJD,2026-04-09,3.8184,1249,3.4789,1139,0.1949,62,1
2026,2,8481559,NJD,2026-04-07,3.9467,1364,3.2451,1088,0.5526,231,1
2026,2,8481559,NJD,2026-04-05,3.5095,1301,2.8643,1055,0.5934,221,0
2026,2,8481559,NJD,2026-04-04,4.5896,1586,4.1135,1422,0.2601,90,1
2026,2,8481559,NJD,2026-04-02,3.9369,1345,3.5929,1208,0.344,137,1
2026,2,8481559,NJD,2026-03-31,3.8229,1318,3.3268,1147,0.4962,171,0
2026,2,8481559,NJD,2026-03-29,3.8588,1332,3.5373,1221,0.2914,101,1
2026,2,8480800,"VAN,MIN",2026-04-11,4.5778,1798,4.0279,1580,0.2952,120,0
2026,2,8480800,"VAN,MIN",2026-04-09,4.6916,1911,3.9834,1603,0.7082,308,0
2026,2,8480800,"VAN,MIN",2026-04-07,3.8326,1519,3.642,1416,0.1714,95,1
2026,2,8480800,"VAN,MIN",2026-04-05,3.7823,1505,3.3309,1310,0.4514,195,0
2026,2,8480800,"VAN,MIN",2026-04-04,4.0149,1561,3.6664,1441,0.3485,120,0
2026,2,8480800,"VAN,MIN",2026-04-02,3.8474,1488,3.4263,1318,0.4211,170,1
2026,2,8480800,"VAN,MIN",2026-03-28,4.6314,1863,4.1309,1640,0.5004,223,0
2026,2,8480800,"VAN,MIN",2026-03-26,4.1934,1615,3.976,1520,0.2174,95,0
2026,2,8480800,"VAN,MIN",2026-03-24,4.2932,1732,3.8445,1507,0.2974,161,0
2026,2,8480800,"VAN,MIN",2026-03-21,4.2705,1640,3.7112,1438,0.5593,202,1
2026,2,8482078,DET,2026-04-15,2.6238,957,2.1887,772,0.435,185,0
2026,2,8482078,DET,2026-04-13,2.4561,1084,2.168,875,0.288,209,0
2026,2,8482078,DET,2026-04-11,3.2711,1194,3.0527,1091,0.2184,103,1
2026,2,8482078,DET,2026-04-09,2.5705,1028,2.1981,838,0.1653,89,1
2026,2,8482078,DET,2026-04-07,3.4863,1233,3.3542,1165,0.0891,51,1
2026,2,8482078,DET,2026-04-05,2.7882,1045,2.5727,949,0.2155,96,1
2026,2,8482078,DET,2026-04-04,2.9018,1193,2.2196,861,0.6822,332,0
2026,2,8482078,DET,2026-04-02,3.1415,1214,2.8681,1095,0.2734,119,0
2026,2,8482078,DET,2026-03-31,2.2125,834,2.1777,816,0.0077,5,0
2026,2,8482078,DET,2026-03-28,2.8615,1193,2.6926,1014,0.1688,179,1
2026,2,8476887,NSH,2026-04-16,2.7136,1021,2.3287,823,0.3849,198,1
2026,2,8476887,NSH,2026-04-13,3.5262,1339,3.3191,1219,0.2071,120,1
2026,2,8476887,NSH,2026-04-11,3.0079,1129,2.3941,852,0.6138,277,1
2026,2,8476887,NSH,2026-04-09,2.9518,1081,2.6521,924,0.2997,157,0
2026,2,8476887,NSH,2026-04-07,2.5348,981,2.1044,755,0.4304,226,0
2026,2,8476887,NSH,2026-04-06,3.3171,1241,3.0913,1121,0.2258,120,0
2026,2,8476887,NSH,2026-04-04,3.1954,1185,2.8656,1017,0.3299,168,0
2026,2,8476887,NSH,2026-04-02,3.1766,1234,2.6563,980,0.5203,254,0
2026,2,8476887,NSH,2026-03-29,3.0461,1177,2.2216,841,0.8245,336,0
2026,2,8476887,NSH,2026-03-28,3.0686,1104,2.539,887,0.5296,217,1
2026,2,8484144,CHI,2026-04-15,2.9145,1071,2.4912,884,0.4232,187,1
2026,2,8484144,CHI,2026-04-13,3.5074,1351,2.4855,950,1.0219,401,1
2026,2,8484144,CHI,2026-04-11,3.8097,1381,3.2995,1198,0.5102,183,1
2026,2,8484144,CHI,2026-04-09,3.3527,1222,2.5995,927,0.7533,295,1
2026,2,8484144,CHI,2026-04-06,3.2997,1273,2.5381,934,0.7615,339,0
2026,2,8484144,CHI,2026-04-04,2.8918,1061,2.3139,845,0.5779,216,0
2026,2,8484144,CHI,2026-04-02,3.3504,1214,3.0432,1100,0.3073,114,0
2026,2,8484144,CHI,2026-03-31,3.1427,1197,2.7281,1025,0.4146,172,1
2026,2,8484144,CHI,2026-03-29,3.3562,1240,2.8624,1031,0.49370000000000003,209,0
2026,2,8484144,CHI,2026-03-27,3.273,1232,2.5088,959,0.7642,273,0
2026,2,8471675,PIT,2026-04-12,3.0566,1196,2.6576,1001,0.399,195,0
2026,2,8471675,PIT,2026-04-09,2.5333,883,2.3751,813,0.1583,70,0
2026,2,8471675,PIT,2026-04-05,2.7238,1054,1.7628,571,0.961,483,1
2026,2,8471675,PIT,2026-04-04,2.6425,1052,2.2995,851,0.343,201,1
2026,2,8471675,PIT,2026-04-02,3.0315,1183,2.656,997,0.3755,186,0
2026,2,8471675,PIT,2026-03-31,2.8154,1090,2.4162,852,0.3993,238,1
2026,2,8471675,PIT,2026-03-30,2.7067,1008,2.4799,906,0.2268,102,0
2026,2,8471675,PIT,2026-03-26,1.1617,399,1.1617,399,NA,NA,0
2026,2,8471675,PIT,2026-03-24,3.4409,1271,2.7697,969,0.6696,300,1
2026,2,8471675,PIT,2026-03-22,3.0109,1153,2.8169,1038,0.1941,115,1
2026,2,8475158,NSH,2026-04-16,3.4985,1315,2.2304,816,0.426,176,1
2026,2,8475158,NSH,2026-04-13,3.5305,1329,3.0908,1172,0.3489,120,1
2026,2,8475158,NSH,2026-04-11,3.2716,1295,2.5642,1023,0.7074,272,1
2026,2,8475158,NSH,2026-04-09,3.2008,1193,2.5257,910,0.3724,164,0
2026,2,8475158,NSH,2026-04-07,3.3744,1255,2.1129,732,0.6366,262,0
2026,2,8475158,NSH,2026-04-06,3.6452,1330,3.3541,1210,0.2911,120,0
2026,2,8475158,NSH,2026-04-04,3.3839,1286,2.5827,958,0.4174,168,0
2026,2,8475158,NSH,2026-04-02,3.6125,1359,2.5672,959,0.6355,240,0
2026,2,8475158,NSH,2026-03-29,3.8565,1469,2.1451,782,0.9722,338,0
2026,2,8475158,NSH,2026-03-28,2.9212,1061,2.2201,781,0.514,196,1
2026,2,8477951,UTA,2026-04-16,3.2591,1095,3.1868,1068,NA,NA,1
2026,2,8477951,UTA,2026-04-14,3.5606,1281,2.3675,814,0.9142,347,1
2026,2,8477951,UTA,2026-04-12,3.2477,1249,2.2045,791,0.6205,278,0
2026,2,8477951,UTA,2026-04-11,3.7155,1323,2.5698,893,1.0274,368,1
2026,2,8477951,UTA,2026-04-09,3.2272,1138,2.5391,861,0.4518,201,1
2026,2,8477951,UTA,2026-04-07,3.2546,1163,2.6908,940,0.2811,128,1
2026,2,8477951,UTA,2026-04-04,3.3202,1184,2.5377,895,0.5278,202,0
2026,2,8477951,UTA,2026-04-02,3.1414,1124,2.3039,761,0.5704,253,0
2026,2,8477951,UTA,2026-03-28,2.908,1065,2.3485,802,0.3015,164,0
2026,2,8477951,UTA,2026-03-26,3.9703,1374,2.6459,926,0.9441,322,1
2026,2,8479542,TBL,2026-04-15,3.1971,1216,2.5194,914,0.6776,302,1
2026,2,8479542,TBL,2026-04-11,2.9293,1126,2.9293,1126,NA,NA,0
2026,2,8479542,TBL,2026-03-31,3.0079,1341,2.0692,838,0.7662,412,1
2026,2,8479542,TBL,2026-03-29,3.3955,1340,2.3157,879,0.6179,269,1
2026,2,8479542,TBL,2026-03-28,3.2495,1337,2.7122,1066,0.3823,198,1
2026,2,8479542,TBL,2026-03-26,3.314,1329,2.9358,1127,0.1977,118,1
2026,2,8479542,TBL,2026-03-24,2.8624,1129,2.3885,897,0.3432,175,1
2026,2,8479542,TBL,2026-03-22,2.846,1153,2.6826,1082,0.1634,71,0
2026,2,8479542,TBL,2026-03-21,3.1243,1247,2.5959,1002,0.384,170,0
2026,2,8479542,TBL,2026-03-19,2.8533,1201,2.3674,951,0.1048,55,0
2026,2,8480839,BUF,2026-04-13,3.2685,1259,2.6339,1022,0.4464,134,0
2026,2,8480839,BUF,2026-04-09,2.9015,1187,2.2455,919,0.4644,165,1
2026,2,8480839,BUF,2026-04-08,3.4426,1470,2.8131,1180,0.6295,290,0
2026,2,8480839,BUF,2026-04-06,3.3663,1381,2.3508,970,0.8484,334,1
2026,2,8480839,BUF,2026-04-04,3.2335,1348,2.4963,1001,0.7371,347,0
2026,2,8480839,BUF,2026-04-02,3.3001,1357,2.8701,1151,0.43,206,0
2026,2,8480839,BUF,2026-03-31,3.3842,1394,2.9259,1183,0.4583,211,1
2026,2,8480839,BUF,2026-03-28,3.9513,1510,3.4974,1308,0.4432,198,1
2026,2,8480839,BUF,2026-03-27,3.5022,1410,2.8459,1097,0.6563,313,1
2026,2,8480839,BUF,2026-03-25,3.6095,1425,3.07,1187,0.5394,238,1
2026,2,8475913,VGK,2026-04-15,2.5715,1061,2.2714,857,0.3001,204,1
2026,2,8475913,VGK,2026-04-13,2.5264,966,1.7049,591,0.6661,316,1
2026,2,8475913,VGK,2026-04-11,2.9993,1159,2.3094,822,0.4566,249,0
2026,2,8475913,VGK,2026-04-09,3.2388,1213,3.1423,1158,0.0965,55,0
2026,2,8475913,VGK,2026-04-07,2.6586,1030,2.4536,908,0.087,57,0
2026,2,8475913,VGK,2026-04-04,2.9444,1176,2.5935,966,0.228,133,0
2026,2,8475913,VGK,2026-04-02,2.6048,1051,1.7223,620,0.8231,401,1
2026,2,8475913,VGK,2026-03-30,3.1766,1207,2.8577,1043,0.2803,141,1
2026,2,8475913,VGK,2026-03-28,3.3614,1303,2.7281,1023,0.3356,179,1
2026,2,8475913,VGK,2026-03-26,3.3914,1420,2.6457,1030,0.5933,317,1
2026,2,8477960,LAK,2026-04-16,3.2481,1231,2.8251,1037,0.3758,179,0
2026,2,8477960,LAK,2026-04-14,3.3514,1222,2.9154,1031,0.436,191,0
2026,2,8477960,LAK,2026-04-13,2.8303,1038,2.4703,867,0.36,171,0
2026,2,8477960,LAK,2026-04-11,2.9062,1051,2.735,953,0.1675,95,1
2026,2,8477960,LAK,2026-04-09,3.2964,1135,3.2964,1135,NA,NA,1
2026,2,8477960,LAK,2026-04-06,3.2898,1161,3.2569,1147,NA,NA,1
2026,2,8477960,LAK,2026-04-04,3.1144,1202,2.1953,752,0.919,450,1
2026,2,8477960,LAK,2026-04-02,3.2895,1226,2.6884,941,0.5805,273,1
2026,2,8477960,LAK,2026-04-01,3.0671,1117,2.7825,981,0.2846,136,1
2026,2,8477960,LAK,2026-03-28,3.2897,1202,2.9493,1047,0.3023,141,1
2026,2,8482699,UTA,2026-04-14,2.7523,1102,2.1224,754,0.6298,348,1
2026,2,8482699,UTA,2026-04-12,2.5888,938,1.9251,632,0.5016,248,0
2026,2,8482699,UTA,2026-04-11,3.0453,1247,2.3125,866,0.6404,348,1
2026,2,8482699,UTA,2026-04-09,2.7707,1078,2.3729,872,0.3629,194,1
2026,2,8482699,UTA,2026-04-07,2.8889,1090,2.545,915,0.3439,175,1
2026,2,8482699,UTA,2026-04-04,2.7716,1023,2.3198,807,0.4084,199,0
2026,2,8482699,UTA,2026-04-02,2.5295,1008,2.0579,743,0.4716,265,0
2026,2,8482699,UTA,2026-03-28,2.8976,1083,2.6472,919,0.2504,164,0
2026,2,8482699,UTA,2026-03-26,3.385,1260,2.7474,940,0.6376,320,1
2026,2,8482699,UTA,2026-03-24,3.4753,1332,3.3243,1248,0.1509,84,1
2026,2,8483515,MTL,2026-04-14,3.1974,1349,2.7954,1153,0.402,196,0
2026,2,8483515,MTL,2026-04-12,2.9436,1133,2.7325,1019,0.2111,114,0
2026,2,8483515,MTL,2026-04-11,3.1068,1120,2.2237,806,0.861,300,1
2026,2,8483515,MTL,2026-04-09,3.2356,1283,1.9257,731,1.3063,550,1
2026,2,8483515,MTL,2026-04-07,3.0935,1176,2.3647,861,0.6818,300,1
2026,2,8483515,MTL,2026-04-05,3.3709,1347,2.5401,993,0.8308,354,1
2026,2,8483515,MTL,2026-04-04,3.6575,1366,2.6597,963,0.9979,403,0
2026,2,8483515,MTL,2026-04-02,3.308,1238,3.0151,1117,0.2929,121,0
2026,2,8483515,MTL,2026-03-31,3.0054,1152,2.5175,941,0.4621,202,0
2026,2,8483515,MTL,2026-03-29,3.3437,1189,2.7284,960,0.6153,229,0
2026,2,8478445,NYI,2026-04-14,3.2228,1195,2.8255,1051,0.3973,144,1
2026,2,8478445,NYI,2026-04-12,3.6088,1360,3.1216,1174,0.4872,186,1
2026,2,8478445,NYI,2026-04-11,3.4777,1369,2.4374,940,1.0403,429,1
2026,2,8478445,NYI,2026-04-09,3.3851,1296,2.6291,967,0.756,329,1
2026,2,8478445,NYI,2026-04-04,2.5977,990,2.378,916,0.2196,74,0
2026,2,8478445,NYI,2026-04-03,3.7032,1446,2.906,1133,0.7972,313,1
2026,2,8478445,NYI,2026-03-31,3.2997,1224,2.9084,1054,0.3913,170,0
2026,2,8478445,NYI,2026-03-30,3.078,1101,2.7713,1008,0.3066,93,1
2026,2,8478445,NYI,2026-03-28,2.7187,1072,2.2696,896,0.4491,176,1
2026,2,8478445,NYI,2026-03-26,2.9623,1068,2.3988,853,0.5635,215,1
2026,2,8475166,TOR,2026-04-15,2.9173,1205,2.6825,1056,0.2276,149,0
2026,2,8475166,TOR,2026-04-13,2.9146,1203,2.631,1043,0.2836,159,1
2026,2,8475166,TOR,2026-04-11,2.6058,1021,2.5758,1000,0.03,21,1
2026,2,8475166,TOR,2026-04-09,3.1487,1179,2.9909,1112,0.1578,67,0
2026,2,8475166,TOR,2026-04-08,2.9971,1172,2.5685,962,0.4285,210,1
2026,2,8475166,TOR,2026-04-04,2.9886,1221,2.6297,1011,0.359,210,0
2026,2,8475166,TOR,2026-04-02,3.0222,1153,2.8426,1085,0.1796,68,0
2026,2,8475166,TOR,2026-03-30,3.3466,1264,2.9754,1068,0.346,187,0
2026,2,8475166,TOR,2026-03-28,2.4213,888,2.1241,768,0.2972,120,0
2026,2,8475166,TOR,2026-03-25,3.0344,1159,2.7357,1009,0.2987,150,1
2026,2,8477940,CAR,2026-04-14,2.4143,902,2.234,829,0.1804,73,0
2026,2,8477940,CAR,2026-04-13,2.9147,985,2.8722,960,0.0425,25,0
2026,2,8477940,CAR,2026-04-11,2.3621,899,1.9126,707,0.4495,192,0
2026,2,8477940,CAR,2026-04-09,1.9983,704,1.9953,701,NA,NA,0
2026,2,8477940,CAR,2026-04-07,3.2454,1158,2.4899,883,0.7556,275,1
2026,2,8477940,CAR,2026-04-05,2.7707,1073,2.405,935,0.3657,138,0
2026,2,8477940,CAR,2026-04-04,3.432,1181,2.5962,883,0.8359,298,1
2026,2,8477940,CAR,2026-04-02,2.522,956,2.2384,848,0.2836,108,1
2026,2,8477940,CAR,2026-03-31,2.9671,1103,2.199,778,0.7681,325,0
2026,2,8477940,CAR,2026-03-29,3.0046,1088,2.5496,925,0.455,163,1
2026,2,8479407,NJD,2026-04-14,3.3397,1163,3.0788,1054,0.2609,109,0
2026,2,8479407,NJD,2026-04-12,3.3813,1174,2.4934,827,0.7329,290,1
2026,2,8479407,NJD,2026-04-11,3.0609,1021,2.9938,997,NA,NA,0
2026,2,8479407,NJD,2026-04-09,3.0971,1061,2.7654,952,0.195,60,1
2026,2,8479407,NJD,2026-04-07,3.1539,1147,2.6131,912,0.443,194,1
2026,2,8479407,NJD,2026-04-05,2.9493,1036,2.4133,832,0.477,182,0
2026,2,8479407,NJD,2026-04-04,3.4787,1224,3.0737,1059,0.213,90,1
2026,2,8479407,NJD,2026-04-02,3.143,1091,2.7258,916,0.3115,125,1
2026,2,8479407,NJD,2026-03-31,3.3012,1143,2.8748,987,0.3713,139,0
2026,2,8479407,NJD,2026-03-29,3.1037,1074,2.8791,982,0.2246,92,1
2026,2,8480208,OTT,2026-04-15,2.8522,1028,2.3909,843,0.4613,185,1
2026,2,8480208,OTT,2026-04-12,2.622,1013,1.9356,752,0.6864,261,0
2026,2,8480208,OTT,2026-04-11,2.6127,1064,1.7261,683,0.8866,381,0
2026,2,8480208,OTT,2026-04-09,2.3442,826,2.1679,770,0.1763,56,1
2026,2,8480208,OTT,2026-04-07,2.9252,1037,2.6578,920,0.2674,117,1
2026,2,8480208,OTT,2026-04-05,2.2723,823,1.9287,694,0.3437,129,1
2026,2,8480208,OTT,2026-04-04,2.3087,845,1.8628,701,0.4458,144,1
2026,2,8480208,OTT,2026-04-02,2.3705,918,1.9428,752,0.4276,165,1
2026,2,8480208,OTT,2026-03-31,2.9435,1096,1.9079,675,1.0355,421,0
2026,2,8480208,OTT,2026-03-28,2.8715,1131,2.6346,1026,0.1897,76,0
2026,2,8480830,CAR,2026-04-11,2.5767,997,2.1215,765,0.4552,232,0
2026,2,8480830,CAR,2026-04-07,2.1994,917,1.807,720,0.3924,197,1
2026,2,8480830,CAR,2026-04-05,2.4735,972,2.2844,900,0.1891,72,0
2026,2,8480830,CAR,2026-04-04,2.6866,1015,2.1926,817,0.494,198,1
2026,2,8480830,CAR,2026-04-02,2.4922,959,2.2233,850,0.2689,109,1
2026,2,8480830,CAR,2026-03-31,2.4807,989,1.7186,644,0.7621,345,0
2026,2,8480830,CAR,2026-03-29,2.5602,1016,2.1518,822,0.4084,194,1
2026,2,8480830,CAR,2026-03-28,2.6356,1001,2.505,933,0.1307,68,1
2026,2,8480830,CAR,2026-03-24,2.7451,1074,2.4666,944,0.2786,130,0
2026,2,8480830,CAR,2026-03-22,2.587,1037,2.0308,783,0.5562,254,0
2026,2,8480014,WPG,2026-04-16,2.6443,1044,2.2539,793,0.3904,251,1
2026,2,8480014,WPG,2026-04-14,2.6731,1063,2.1509,827,0.5035,224,0
2026,2,8480014,WPG,2026-04-13,2.7187,1072,1.8227,674,0.896,398,0
2026,2,8480014,WPG,2026-04-11,2.4552,1047,2.0292,854,0.426,193,1
2026,2,8480014,WPG,2026-04-09,2.5934,991,2.4882,937,0.1052,54,0
2026,2,8480014,WPG,2026-04-06,2.5683,1004,2.3196,862,0.2487,142,1
2026,2,8480014,WPG,2026-04-04,2.8049,1050,2.6687,985,0.1362,65,0
2026,2,8480014,WPG,2026-04-02,3.4007,1383,2.8825,1135,0.5182,248,0
2026,2,8480014,WPG,2026-03-31,3.0705,1167,2.8553,1068,0.2152,99,0
2026,2,8480014,WPG,2026-03-28,3.1532,1205,2.8344,1053,0.3188,152,0
2026,2,8483445,ANA,2026-04-16,2.8348,1099,2.0239,753,0.8108,346,0
2026,2,8483445,ANA,2026-04-14,2.8693,1094,2.5448,899,0.3244,195,0
2026,2,8483445,ANA,2026-04-12,2.2609,827,2.1166,777,0.1443,50,1
2026,2,8483445,ANA,2026-03-30,0.4366,200,0.0935,30,0.3432,170,1
2026,2,8483445,ANA,2026-03-28,2.3502,902,2.0334,783,0.3168,119,0
2026,2,8483445,ANA,2026-03-26,3.6679,1323,2.9022,1014,0.7657,309,0
2026,2,8483445,ANA,2026-03-24,2.5368,1010,2.2437,871,0.293,139,0
2026,2,8483445,ANA,2026-03-22,2.5127,982,2.0797,774,0.3725,180,1
2026,2,8483445,ANA,2026-03-20,2.7323,1016,1.9431,692,0.7892,324,0
2026,2,8483445,ANA,2026-03-18,2.9524,1115,2.4191,908,0.5333,207,1
2026,2,8478439,PHI,2026-04-13,3.0832,1175,2.86,1052,0.2233,123,1
2026,2,8478439,PHI,2026-04-11,2.3055,885,2.0489,787,0.1928,69,0
2026,2,8478439,PHI,2026-04-09,2.3793,899,1.9411,684,0.4381,215,0
2026,2,8478439,PHI,2026-04-07,2.6899,974,2.4288,858,0.2561,114,0
2026,2,8478439,PHI,2026-04-05,2.8215,1091,2.3139,876,0.5076,215,1
2026,2,8478439,PHI,2026-04-03,2.3894,918,2.1541,812,0.2353,106,0
2026,2,8478439,PHI,2026-04-02,2.8757,1151,2.6167,1036,0.259,115,1
2026,2,8478439,PHI,2026-03-31,3.5682,1350,3.0609,1122,0.5037,225,0
2026,2,8478439,PHI,2026-03-29,3.4134,1284,2.8261,1032,0.5873,252,1
2026,2,8478439,PHI,2026-03-28,2.8672,1020,2.6951,936,0.1721,84,0
2026,2,8479987,BOS,2026-04-14,2.6492,1002,2.6492,1002,NA,NA,1
2026,2,8479987,BOS,2026-04-12,2.6226,1009,2.6226,1009,NA,NA,0
2026,2,8479987,BOS,2026-04-11,2.6497,1014,2.581,977,0.0687,37,1
2026,2,8479987,BOS,2026-04-07,2.8369,1057,2.5788,951,0.2503,102,0
2026,2,8479987,BOS,2026-04-05,3.0108,1137,3.0108,1137,NA,NA,0
2026,2,8479987,BOS,2026-04-04,2.5535,1049,1.9288,776,0.6248,273,0
2026,2,8479987,BOS,2026-04-02,2.8013,1122,2.4489,973,0.3525,149,0
2026,2,8479987,BOS,2026-03-31,2.3809,902,2.0939,778,0.287,124,1
2026,2,8479987,BOS,2026-03-29,2.5006,931,2.1606,793,0.34,138,0
2026,2,8479987,BOS,2026-03-28,2.614,1092,2.3176,933,0.2964,159,1
2026,2,8477946,DET,2026-04-13,2.8468,1053,2.4476,855,0.3372,164,0
2026,2,8477946,DET,2026-04-11,3.4176,1208,3.2475,1113,0.1701,95,1
2026,2,8477946,DET,2026-04-09,3.0086,1174,2.1676,772,0.3483,182,1
2026,2,8477946,DET,2026-04-07,3.8583,1400,3.4153,1183,0.0845,51,1
2026,2,8477946,DET,2026-04-05,2.7801,1075,2.3288,886,0.1765,99,1
2026,2,8477946,DET,2026-04-04,3.0919,1245,2.1232,810,0.6806,313,0
2026,2,8477946,DET,2026-04-02,3.1502,1180,2.8389,1038,0.2707,120,0
2026,2,8477946,DET,2026-03-31,2.1606,850,1.9913,750,0.0069,5,0
2026,2,8477946,DET,2026-03-28,2.7129,1122,2.5011,927,0.2118,195,1
2026,2,8477946,DET,2026-03-27,3.5926,1394,2.5271,925,0.7154,320,0
2026,2,8480893,CBJ,2026-04-14,3.3934,1140,3.1878,1042,0.2029,96,1
2026,2,8480893,CBJ,2026-04-12,3.7165,1348,2.9227,1019,0.7937,329,1
2026,2,8480893,CBJ,2026-04-11,2.8005,1032,2.0854,735,0.7151,297,0
2026,2,8480893,CBJ,2026-04-09,3.5007,1318,2.6624,903,0.8384,415,0
2026,2,8480893,CBJ,2026-04-07,4.181,1489,3.468,1214,0.713,275,0
2026,2,8480893,CBJ,2026-04-04,2.828,974,2.8132,965,0.0148,9,1
2026,2,8480893,CBJ,2026-04-02,2.9395,975,2.4847,819,0.4345,152,0
2026,2,8480893,CBJ,2026-03-31,2.8983,1100,2.4314,883,0.4669,217,1
2026,2,8480893,CBJ,2026-03-29,3.5806,1351,3.2091,1207,0.3571,144,1
2026,2,8480893,CBJ,2026-03-28,3.4662,1250,3.1776,1136,0.2886,114,1
2026,2,8481533,PHI,2026-04-13,3.3814,1292,3.0846,1174,0.2967,118,1
2026,2,8481533,PHI,2026-04-11,2.5919,972,2.4436,921,0.1482,51,0
2026,2,8481533,PHI,2026-04-09,2.954,1157,2.1178,796,0.8249,356,0
2026,2,8481533,PHI,2026-04-07,2.4797,830,2.2375,740,0.2422,90,0
2026,2,8481533,PHI,2026-04-05,3.1306,1140,2.6107,936,0.52,204,1
2026,2,8481533,PHI,2026-04-03,1.8532,663,1.5672,557,0.286,106,0
2026,2,8481533,PHI,2026-04-02,3.301,1200,3.0374,1085,0.2635,115,1
2026,2,8481533,PHI,2026-03-31,2.9571,1066,2.318,817,0.6391,249,0
2026,2,8481533,PHI,2026-03-29,3.1889,1217,2.5086,947,0.6803,270,1
2026,2,8481533,PHI,2026-03-28,3.0149,1092,2.7311,997,0.2449,82,0
2026,2,8484153,ANA,2026-04-16,3.313,1112,2.3781,790,0.9349,322,0
2026,2,8484153,ANA,2026-04-14,3.6627,1260,3.3464,1134,0.2679,104,0
2026,2,8484153,ANA,2026-04-12,3.2151,1078,2.7832,928,0.4319,150,1
2026,2,8484153,ANA,2026-04-09,2.7837,944,2.5368,816,0.2469,128,1
2026,2,8484153,ANA,2026-04-07,3.9192,1305,2.605,837,1.088,404,1
2026,2,8484153,ANA,2026-04-04,3.6688,1206,3.3013,1076,0.3676,130,1
2026,2,8484153,ANA,2026-04-03,3.3529,1067,2.7533,866,0.5996,201,1
2026,2,8484153,ANA,2026-04-01,3.489,1188,2.8562,944,0.6329,244,0
2026,2,8484153,ANA,2026-03-30,3.3877,1126,2.4448,773,0.9119,344,1
2026,2,8484153,ANA,2026-03-28,3.223,1102,2.5644,869,0.6585,233,0
2026,2,8474564,NSH,2026-04-16,2.4099,1009,2.1155,813,0.2944,196,1
2026,2,8474564,NSH,2026-04-13,3.1799,1370,3.0157,1250,0.1643,120,1
2026,2,8474564,NSH,2026-04-11,2.9737,1293,2.471,1011,0.5027,282,1
2026,2,8474564,NSH,2026-04-09,2.5002,982,2.2605,820,0.2397,162,0
2026,2,8474564,NSH,2026-04-07,2.1801,963,1.7993,688,0.3808,275,0
2026,2,8474564,NSH,2026-04-06,3.3669,1298,3.2077,1178,0.1591,120,0
2026,2,8474564,NSH,2026-04-04,2.3402,974,2.145,806,0.1952,168,0
2026,2,8474564,NSH,2026-04-02,3.0455,1240,2.6443,986,0.4012,254,0
2026,2,8474564,NSH,2026-03-29,2.6086,1037,1.8919,674,0.711,362,0
2026,2,8474564,NSH,2026-03-28,2.4949,995,2.0851,770,0.4098,225,1
2026,2,8474578,PIT,2026-04-12,2.6686,1196,2.2884,1033,0.3801,163,0
2026,2,8474578,PIT,2026-04-09,2.9,1350,2.6367,1222,0.1568,71,0
2026,2,8474578,PIT,2026-04-05,2.7015,1287,1.4277,626,0.9862,488,1
2026,2,8474578,PIT,2026-04-04,2.8257,1230,2.3466,1029,0.4791,201,1
2026,2,8474578,PIT,2026-04-02,3.2784,1428,2.6651,1166,0.4684,186,0
2026,2,8474578,PIT,2026-03-31,2.8984,1368,2.417,1121,0.4814,247,1
2026,2,8474578,PIT,2026-03-30,2.6895,1181,2.2574,1011,0.2768,102,0
2026,2,8474578,PIT,2026-03-28,3.1189,1487,2.3847,1113,0.4673,243,1
2026,2,8474578,PIT,2026-03-26,3.3513,1568,3.0729,1414,0.2142,114,0
2026,2,8474578,PIT,2026-03-24,3.1911,1433,2.5053,1127,0.6847,304,1
2026,2,8477949,BUF,2026-04-15,3.1467,1236,2.3049,806,0.3989,243,1
2026,2,8477949,BUF,2026-04-13,3.3383,1283,2.5259,918,0.3461,128,0
2026,2,8477949,BUF,2026-04-09,2.987,1276,2.2306,848,0.1619,80,1
2026,2,8477949,BUF,2026-04-08,2.7669,1145,2.4847,987,0.105,55,0
2026,2,8477949,BUF,2026-04-06,2.9252,1079,2.1551,758,0.2389,111,1
2026,2,8477949,BUF,2026-04-04,2.5651,980,1.9704,712,0.3186,156,0
2026,2,8477949,BUF,2026-04-02,2.9253,1137,2.4238,901,0.1329,92,0
2026,2,8477949,BUF,2026-03-31,3.2501,1225,3.0473,1111,0.0745,52,1
2026,2,8477949,BUF,2026-03-28,3.8114,1472,3.3273,1236,0.1017,57,1
2026,2,8477949,BUF,2026-03-27,3.0269,1131,2.3053,794,0.1322,50,1
2026,2,8480002,NJD,2026-04-14,2.8163,1067,2.631,958,0.1853,109,0
2026,2,8480002,NJD,2026-04-12,3.1451,1360,2.1033,799,0.5724,319,1
2026,2,8480002,NJD,2026-04-11,3.2637,1213,3.1568,1167,NA,NA,0
2026,2,8480002,NJD,2026-04-09,2.9423,1086,2.7196,989,0.1189,60,1
2026,2,8480002,NJD,2026-04-07,2.5145,1076,1.9937,791,0.3367,196,1
2026,2,8480002,NJD,2026-04-05,3.2393,1424,2.1733,912,0.4895,227,0
2026,2,8480002,NJD,2026-04-04,3.4276,1427,2.868,1099,0.1475,90,1
2026,2,8480002,NJD,2026-04-02,3.1625,1268,2.7075,1035,0.2462,127,1
2026,2,8480002,NJD,2026-03-31,3.0596,1178,2.4267,879,0.3027,154,0
2026,2,8480002,NJD,2026-03-29,3.0316,1285,2.5535,985,0.1962,117,1
2026,2,8482093,CAR,2026-04-11,2.9481,1108,2.0734,735,0.4913,232,0
2026,2,8482093,CAR,2026-04-07,2.7823,1083,2.1984,811,0.3752,197,1
2026,2,8482093,CAR,2026-04-05,2.4765,1017,2.1661,869,0.1443,72,0
2026,2,8482093,CAR,2026-04-04,2.8283,1046,2.237,806,0.4876,198,1
2026,2,8482093,CAR,2026-04-02,2.7995,942,2.2464,737,0.2345,103,1
2026,2,8482093,CAR,2026-03-31,2.9208,1140,1.9771,711,0.7511,346,0
2026,2,8482093,CAR,2026-03-29,3.052,1153,2.5204,890,0.3886,193,1
2026,2,8482093,CAR,2026-03-28,2.9071,1076,2.4949,894,0.108,70,1
2026,2,8482093,CAR,2026-03-24,2.948,1251,2.4793,1017,0.2464,128,0
2026,2,8482093,CAR,2026-03-22,2.6766,1083,2.0211,777,0.5288,255,0
2026,2,8482720,TOR,2026-04-15,2.5202,999,2.0009,774,0.3152,117,0
2026,2,8482720,TOR,2026-04-13,2.6489,1171,2.0439,858,0.3236,159,1
2026,2,8482720,TOR,2026-04-11,2.5236,990,2.3586,913,0.0275,21,1
2026,2,8482720,TOR,2026-04-09,2.711,1136,2.3311,930,0.1083,62,0
2026,2,8482720,TOR,2026-04-08,2.6193,1076,1.9862,799,0.4229,193,1
2026,2,8482720,TOR,2026-04-04,2.8855,1184,1.9624,737,0.3671,200,0
2026,2,8482720,TOR,2026-04-02,2.527,1056,2.1695,912,0.1817,68,0
2026,2,8482720,TOR,2026-03-30,2.8179,1151,2.2971,871,0.3202,188,0
2026,2,8482720,TOR,2026-03-28,2.3568,926,1.8369,702,0.3488,151,0
2026,2,8482720,TOR,2026-03-25,2.2021,925,1.8649,763,0.3036,145,1
2026,2,8475754,COL,2026-04-16,3.3436,1161,2.2322,774,0.8968,301,1
2026,2,8475754,COL,2026-04-13,3.1672,1151,2.7169,916,0.2874,139,0
2026,2,8475754,COL,2026-04-11,3.2096,1199,2.4067,831,0.5245,264,1
2026,2,8475754,COL,2026-04-09,2.8365,1011,2.5138,850,0.225,116,1
2026,2,8475754,COL,2026-04-07,3.2652,1153,2.8135,978,0.1301,53,0
2026,2,8475754,COL,2026-04-05,3.6546,1285,2.5733,824,0.4947,237,1
2026,2,8475754,COL,2026-04-04,3.6425,1298,3.3442,1181,0.1892,70,0
2026,2,8475754,COL,2026-04-01,3.4684,1349,2.672,986,0.5643,272,1
2026,2,8475754,COL,2026-03-30,2.6196,1006,2.0415,705,0.4495,252,1
2026,2,8475754,COL,2026-03-28,3.3453,1219,3.0889,1103,0.1474,75,1
2026,2,8475810,PIT,2026-04-12,2.9225,1221,2.3477,921,0.3527,193,0
2026,2,8475810,PIT,2026-04-09,2.7233,981,2.3127,834,0.1843,72,0
2026,2,8475810,PIT,2026-04-05,2.6983,1130,1.4429,523,1.0962,524,1
2026,2,8475810,PIT,2026-04-04,2.2773,916,2.0257,769,0.2516,147,1
2026,2,8475810,PIT,2026-04-02,2.7346,1085,2.2363,861,0.3366,159,0
2026,2,8475810,PIT,2026-03-30,3.0269,1121,2.7025,991,0.2613,102,0
2026,2,8475810,PIT,2026-03-28,3.0517,1293,2.2589,872,0.436,265,1
2026,2,8475810,PIT,2026-03-26,3.2166,1232,2.8381,1057,0.2252,114,0
2026,2,8475810,PIT,2026-03-24,3.291,1300,2.6245,959,0.5955,309,1
2026,2,8475810,PIT,2026-03-22,2.8788,1147,2.5775,971,0.21,112,1
2026,2,8478401,BOS,2026-04-14,0.8829,298,0.8829,298,NA,NA,1
2026,2,8478401,BOS,2026-04-11,2.6436,1031,2.5971,994,0.0466,37,1
2026,2,8478401,BOS,2026-04-07,2.6874,1019,2.1279,837,0.4709,138,0
2026,2,8478401,BOS,2026-04-05,2.7855,998,2.4797,878,0.1817,70,0
2026,2,8478401,BOS,2026-04-04,2.6224,965,2.0833,767,0.5391,198,0
2026,2,8478401,BOS,2026-04-02,2.8486,1073,2.3116,863,0.537,210,0
2026,2,8478401,BOS,2026-03-31,2.5583,946,2.2665,828,0.2918,117,1
2026,2,8478401,BOS,2026-03-29,2.7957,1087,2.4224,898,0.3419,168,0
2026,2,8478401,BOS,2026-03-28,2.3011,932,1.7985,700,0.3504,161,1
2026,2,8478401,BOS,2026-03-25,2.5187,873,2.1803,771,0.3385,102,0
2026,2,8471214,WSH,2026-04-14,2.4797,1128,1.9331,784,0.5466,344,0
2026,2,8471214,WSH,2026-04-12,2.1706,971,1.9869,851,0.1837,120,1
2026,2,8471214,WSH,2026-04-11,1.9502,899,1.7641,739,0.1861,160,0
2026,2,8471214,WSH,2026-04-08,2.1712,996,1.7929,757,0.3783,239,0
2026,2,8471214,WSH,2026-04-05,2.3414,1046,1.6821,694,0.6583,352,0
2026,2,8471214,WSH,2026-04-04,2.213,1021,1.9951,854,0.2178,167,1
2026,2,8471214,WSH,2026-04-02,2.2698,1085,1.9442,823,0.3256,262,0
2026,2,8471214,WSH,2026-03-31,1.8947,944,1.4602,641,0.4345,303,1
2026,2,8471214,WSH,2026-03-28,2.4141,1055,1.7066,665,0.7075,390,0
2026,2,8471214,WSH,2026-03-26,2.532,1107,1.9063,761,0.6258,346,0
2026,2,8477511,PIT,2026-04-14,2.6411,1103,2.3493,926,0.2917,177,0
2026,2,8477511,PIT,2026-04-11,2.0957,799,2.0957,799,NA,NA,1
2026,2,8477511,PIT,2026-04-09,2.5769,962,2.4893,914,0.0876,48,0
2026,2,8477511,PIT,2026-04-05,1.7271,705,1.208,498,0.5191,207,1
2026,2,8477511,PIT,2026-04-04,2.4207,912,2.3394,860,0.0812,52,1
2026,2,8477511,PIT,2026-04-02,2.334,839,2.1052,746,0.2288,93,0
2026,2,8477511,PIT,2026-03-31,2.427,1029,2.1641,854,0.2629,175,1
2026,2,8477511,PIT,2026-03-30,2.9243,1093,2.6736,991,0.2508,102,0
2026,2,8477511,PIT,2026-03-28,2.387,1037,1.9771,754,0.3504,256,1
2026,2,8477511,PIT,2026-03-26,3.2164,1184,2.955,1052,0.2613,132,0
2026,2,8480023,STL,2026-04-16,2.7315,1014,2.5513,949,0.1802,65,0
2026,2,8480023,STL,2026-04-14,3.0268,1134,2.7737,995,0.1491,94,1
2026,2,8480023,STL,2026-04-13,3.1282,1081,2.4093,832,0.5762,197,1
2026,2,8480023,STL,2026-04-11,3.0325,1109,2.7834,1008,0.1912,78,0
2026,2,8480023,STL,2026-04-09,2.8046,1061,2.0625,744,0.6924,302,1
2026,2,8480023,STL,2026-04-07,3.8269,1444,3.2374,1244,0.5895,200,1
2026,2,8480023,STL,2026-04-05,3.5026,1213,2.5149,823,0.8329,328,0
2026,2,8480023,STL,2026-04-03,3.0251,1100,2.1626,771,0.6601,253,0
2026,2,8480023,STL,2026-04-01,3.2866,1221,2.864,1046,0.3149,143,0
2026,2,8480023,STL,2026-03-30,3.3898,1252,3.0587,1116,0.2181,99,0
2026,2,8481604,VGK,2026-04-15,3.1776,1207,2.7622,989,0.4154,218,1
2026,2,8481604,VGK,2026-04-13,2.6324,1002,1.7115,587,0.9209,415,1
2026,2,8481604,VGK,2026-04-11,2.7295,1031,2.1961,786,0.5334,245,0
2026,2,8481604,VGK,2026-04-09,2.3916,930,2.2902,875,0.1014,55,0
2026,2,8481604,VGK,2026-04-07,2.6498,1025,2.5272,968,0.1226,57,0
2026,2,8481604,VGK,2026-04-04,2.4142,946,2.0506,774,0.3636,172,0
2026,2,8481604,VGK,2026-04-02,2.9005,1185,2.0241,785,0.8764,400,1
2026,2,8481604,VGK,2026-03-30,3.0928,1185,2.6095,990,0.4833,195,1
2026,2,8481604,VGK,2026-03-28,2.9881,1153,2.5017,943,0.4863,210,1
2026,2,8481604,VGK,2026-03-26,2.8963,1150,2.4742,966,0.4221,184,1
2026,2,8480036,DAL,2026-04-09,0.8551,345,0.8551,345,NA,NA,1
2026,2,8480036,DAL,2026-04-07,3.6548,1629,2.3405,978,0.84,394,1
2026,2,8480036,DAL,2026-04-04,3.3545,1431,2.7399,1196,0.4673,168,1
2026,2,8480036,DAL,2026-04-02,3.2443,1474,2.8169,1254,0.1487,67,1
2026,2,8480036,DAL,2026-03-31,3.4169,1503,2.5094,1050,0.5607,242,0
2026,2,8480036,DAL,2026-03-29,3.1612,1447,2.3938,1040,0.3621,168,0
2026,2,8480036,DAL,2026-03-28,3.2316,1538,2.1077,942,0.7344,335,0
2026,2,8480036,DAL,2026-03-26,3.2355,1411,2.3808,1035,0.4292,163,0
2026,2,8480036,DAL,2026-03-24,3.397,1490,2.7067,1182,0.5419,205,1
2026,2,8480036,DAL,2026-03-22,3.5609,1568,2.6152,1123,0.4927,195,1
2026,2,8476880,WSH,2026-04-14,2.61,999,2.2698,817,0.2106,109,0
2026,2,8476880,WSH,2026-04-12,2.7621000000000002,1094,2.3759,921,0.1184,51,1
2026,2,8476880,WSH,2026-04-11,2.7681,1004,2.7681,1004,NA,NA,0
2026,2,8476880,WSH,2026-04-08,3.0252,1131,2.3478,853,0.1919,84,0
2026,2,8476880,WSH,2026-04-05,2.8994,1153,1.7613,666,0.5411,256,0
2026,2,8476880,WSH,2026-04-04,2.6219,1039,1.8208,678,0.2316,116,1
2026,2,8476880,WSH,2026-04-02,3.1451,1206,2.605,949,0.3028,166,0
2026,2,8476880,WSH,2026-03-31,3.1971,1257,2.4076,887,0.2511,125,1
2026,2,8476880,WSH,2026-03-28,3.9818,1451,3.209,1092,0.5277,246,0
2026,2,8476880,WSH,2026-03-26,1.931,701,1.6341,576,0.297,125,0
2026,2,8484984,MTL,2026-04-14,3.0101,1206,2.6772,1010,0.3329,196,0
2026,2,8484984,MTL,2026-04-12,1.8778,705,1.7081,591,0.1697,114,0
2026,2,8484984,MTL,2026-04-11,2.3088,897,1.8069,680,0.5019,217,1
2026,2,8484984,MTL,2026-04-09,2.9453,1154,1.5553,552,1.39,602,1
2026,2,8484984,MTL,2026-04-07,3.2307,1219,2.6467,925,0.5841,294,1
2026,2,8484984,MTL,2026-04-05,2.3963,992,1.6275,640,0.7688,352,1
2026,2,8484984,MTL,2026-04-04,3.445,1240,2.3941,829,1.0509,411,0
2026,2,8484984,MTL,2026-04-02,2.0323,750,1.7918,629,0.2405,121,0
2026,2,8484984,MTL,2026-03-31,2.4008,943,2.0664,773,0.3344,170,0
2026,2,8484984,MTL,2026-03-29,2.4334,920,1.9339,698,0.4995,222,0
2026,2,8471215,PIT,2026-04-12,3.1371000000000002,1102,2.7309,908,0.4062,194,0
2026,2,8471215,PIT,2026-04-09,2.9332,1033,2.761,961,0.1721,72,0
2026,2,8471215,PIT,2026-04-05,2.6402,1034,1.5648,545,1.0722,489,1
2026,2,8471215,PIT,2026-04-04,2.9257,1132,2.4313,888,0.4944,244,1
2026,2,8471215,PIT,2026-04-02,2.952,1098,2.4833,924,0.4687,174,0
2026,2,8471215,PIT,2026-03-31,2.7945,1052,2.346,814,0.4485,238,1
2026,2,8471215,PIT,2026-03-22,2.546,965,2.3174,854,0.2286,111,1
2026,2,8471215,PIT,2026-03-21,3.1702,1184,2.8832,1036,0.287,148,1
2026,2,8471215,PIT,2026-03-18,3.8513,1303,3.114,1022,0.7373,281,0
2026,2,8471215,PIT,2026-03-16,2.8356,978,2.2897,786,0.5459,191,0
2026,2,8477933,FLA,2026-03-12,2.7441,1072,2.3616,892,0.3826,180,1
2026,2,8477933,FLA,2026-03-06,3.091,1172,2.317,884,0.6231,233,0
2026,2,8477933,FLA,2026-03-05,3.0794,1234,2.5496,994,0.5298,240,0
2026,2,8477933,FLA,2026-03-03,3.5399,1353,2.8636,1093,0.4831,191,0
2026,2,8477933,FLA,2026-03-01,3.2848,1234,2.9065,1095,0.3783,139,0
2026,2,8477933,FLA,2026-02-27,3.5939,1344,2.6294,964,0.678,283,1
2026,2,8477933,FLA,2026-02-26,2.804,1081,1.8152,699,0.6008,239,1
2026,2,8477933,FLA,2026-02-05,3.2778,1249,2.0629,764,1.1112,435,0
2026,2,8477933,FLA,2026-02-04,3.5036,1378,2.6388,1011,0.2214,104,1
2026,2,8477933,FLA,2026-02-02,3.7832,1481,2.6823,1007,0.8931,366,1
2026,2,8477964,VGK,2026-04-15,2.9508,1092,2.8786,1067,0.0722,25,1
2026,2,8477964,VGK,2026-04-13,2.2197,867,1.6234,575,0.5963,292,1
2026,2,8477964,VGK,2026-04-11,2.6536,992,2.4317,895,0.2219,97,0
2026,2,8477964,VGK,2026-04-09,2.9282,1106,2.9282,1106,NA,NA,0
2026,2,8477964,VGK,2026-04-07,2.4829,928,2.373,889,0.1099,39,0
2026,2,8477964,VGK,2026-04-04,2.4977,921,2.3074,864,0.1903,57,0
2026,2,8477964,VGK,2026-04-02,2.3619,887,2.0307,755,0.3312,132,1
2026,2,8477964,VGK,2026-03-30,2.9081,1061,2.6771,965,0.2309,96,1
2026,2,8477964,VGK,2026-03-28,2.6099,948,2.4859,887,0.124,61,1
2026,2,8477964,VGK,2026-03-26,2.9637,1036,2.9637,1036,NA,NA,1
2026,2,8479325,BOS,2026-04-14,2.9119,1098,2.9119,1098,NA,NA,1
2026,2,8479325,BOS,2026-04-11,3.9064,1531,3.6761,1416,0.074,37,1
2026,2,8479325,BOS,2026-04-07,4.0019,1589,3.2538,1262,0.4671,140,0
2026,2,8479325,BOS,2026-04-05,4.2095,1539,3.7016,1313,0.1997,70,0
2026,2,8479325,BOS,2026-04-04,3.6818,1459,2.8147,1086,0.7134,288,0
2026,2,8479325,BOS,2026-04-02,4.395,1657,3.6278,1354,0.5889,223,0
2026,2,8479325,BOS,2026-03-31,3.5873,1361,2.8356,1066,0.4855,170,1
2026,2,8479325,BOS,2026-03-29,4.0541,1569,3.6536,1385,0.3688,164,0
2026,2,8479325,BOS,2026-03-28,3.6979,1576,3.0256,1232,0.4268,182,1
2026,2,8479325,BOS,2026-03-25,3.7731,1485,3.1258,1220,0.3938,121,0
2026,2,8474590,"WSH,ANA",2026-04-16,2.8957,1224,1.9786,812,0.7732,340,0
2026,2,8474590,"WSH,ANA",2026-04-14,2.8686,1303,2.6077,1160,0.1624,91,0
2026,2,8474590,"WSH,ANA",2026-04-12,3.6778,1591,3.1372,1354,0.3714,148,1
2026,2,8474590,"WSH,ANA",2026-04-09,2.7656,1216,2.5562,1088,0.2094,128,1
2026,2,8474590,"WSH,ANA",2026-04-07,3.2804,1504,2.2178,968,0.717,332,1
2026,2,8474590,"WSH,ANA",2026-04-04,3.2318,1432,2.7598,1214,0.2801,133,1
2026,2,8474590,"WSH,ANA",2026-04-03,3.1107,1317,2.2143,910,0.4162,187,1
2026,2,8474590,"WSH,ANA",2026-04-01,3.2505,1573,2.6326,1254,0.4156,202,0
2026,2,8474590,"WSH,ANA",2026-03-30,3.7714,1607,2.8883,1186,0.7629,344,1
2026,2,8474590,"WSH,ANA",2026-03-28,3.4956,1687,2.8044,1301,0.3392,157,0
2026,2,8479345,WSH,2026-04-14,3.2657,1385,2.8417,1190,0.3398,149,0
2026,2,8479345,WSH,2026-04-12,3.1153,1341,2.8493,1224,0.1358,45,1
2026,2,8479345,WSH,2026-04-11,3.2827,1389,3.2827,1389,NA,NA,0
2026,2,8479345,WSH,2026-04-08,2.9207,1253,2.4732,1084,0.3594,126,0
2026,2,8479345,WSH,2026-04-05,2.3629,1061,1.7671,831,0.5442,202,0
2026,2,8479345,WSH,2026-04-04,2.8498,1180,2.4132,1007,0.2962,114,1
2026,2,8479345,WSH,2026-04-02,3.2634,1495,2.858,1302,0.3685,177,0
2026,2,8479345,WSH,2026-03-31,2.971,1222,2.6704,1094,0.2909,124,1
2026,2,8479345,WSH,2026-03-28,3.431,1435,2.8095,1167,0.5771,232,0
2026,2,8479345,WSH,2026-03-26,2.973,1222,2.4361,1015,0.5226,200,0
2026,2,8481542,DET,2026-04-15,2.6169,1011,2.1001,813,0.5168,198,0
2026,2,8481542,DET,2026-04-13,3.8629,1550,3.2389,1272,0.4882,203,0
2026,2,8481542,DET,2026-04-11,3.7503,1607,3.5273,1498,0.2229,109,1
2026,2,8481542,DET,2026-04-09,2.9402,1326,2.1248,949,0.3971,181,1
2026,2,8481542,DET,2026-04-07,4.0488,1773,3.5947,1522,0.1053,51,1
2026,2,8481542,DET,2026-04-05,3.7983,1674,3.3898,1465,0.1864,94,1
2026,2,8481542,DET,2026-04-04,4.075,1684,3.0354,1284,0.8488,301,0
2026,2,8481542,DET,2026-04-02,3.7883,1727,3.3783,1528,0.3236,126,0
2026,2,8481542,DET,2026-03-31,2.9856,1311,2.8697,1253,0.0074,5,0
2026,2,8481542,DET,2026-03-28,3.8771,1689,3.4893,1426,0.2861,212,1
2026,2,8484762,ANA,2026-04-16,1.836,658,1.5855,538,0.2506,120,0
2026,2,8484762,ANA,2026-04-14,3.007,1113,2.8323,1008,0.1747,105,0
2026,2,8484762,ANA,2026-04-12,3.3894,1262,3.0476,1110,0.3418,152,1
2026,2,8484762,ANA,2026-04-09,2.6094,968,2.4091,840,0.2003,128,1
2026,2,8484762,ANA,2026-04-07,3.3329,1214,2.5412,874,0.7917,340,1
2026,2,8484762,ANA,2026-04-04,3.4454,1282,3.0682,1113,0.3772,169,1
2026,2,8484762,ANA,2026-04-03,2.9859,1039,2.5006,859,0.4853,180,1
2026,2,8484762,ANA,2026-04-01,2.2531,836,1.9716,745,0.2814,91,0
2026,2,8484762,ANA,2026-03-30,2.6589,950,2.5799,929,0.0791,21,1
2026,2,8484762,ANA,2026-03-28,2.5606,920,2.3626,840,0.1981,80,0
2026,2,8479410,UTA,2026-04-16,2.7128,1225,2.5452,1144,NA,NA,1
2026,2,8479410,UTA,2026-04-14,3.2991,1594,2.2092,1081,0.7267,327,1
2026,2,8479410,UTA,2026-04-12,3.0213,1345,1.9703,833,0.5604,269,0
2026,2,8479410,UTA,2026-04-11,3.7159,1532,2.4744,1006,0.9398,377,1
2026,2,8479410,UTA,2026-04-09,3.3102,1450,2.8753,1243,0.3147,131,1
2026,2,8479410,UTA,2026-04-07,3.6155,1534,2.8827,1215,0.3374,144,1
2026,2,8479410,UTA,2026-04-04,3.4273,1501,2.5712,1106,0.4725,210,0
2026,2,8479410,UTA,2026-04-02,3.1675,1403,2.3994,1016,0.5256,245,0
2026,2,8479410,UTA,2026-03-28,3.4412,1513,2.86,1201,0.2837,164,0
2026,2,8479410,UTA,2026-03-26,3.721,1615,2.5432,1091,0.7912,328,1
2026,2,8481528,OTT,2026-04-15,2.95,1115,2.4776,871,0.3382,184,1
2026,2,8481528,OTT,2026-04-12,2.8872,1052,2.5508,894,0.3364,158,0
2026,2,8481528,OTT,2026-04-11,2.472,983,1.7483,618,0.6803,351,0
2026,2,8481528,OTT,2026-04-09,2.6351,951,2.5317,895,0.1034,56,1
2026,2,8481528,OTT,2026-04-07,2.6744,981,2.4723,864,0.202,117,1
2026,2,8481528,OTT,2026-04-05,2.6131,976,2.3649,848,0.2482,128,1
2026,2,8481528,OTT,2026-04-04,2.5052,990,2.1541,837,0.3271,145,1
2026,2,8481528,OTT,2026-04-02,2.532,969,2.2189,798,0.3131,171,1
2026,2,8481528,OTT,2026-03-31,3.0561,1221,2.0882,761,0.9679,460,0
2026,2,8481528,OTT,2026-03-28,2.5763,903,2.4154,827,0.1609,76,0
2026,2,8484166,CBJ,2026-04-14,3.5499,1277,3.3368,1179,0.2066,94,1
2026,2,8484166,CBJ,2026-04-12,3.6843,1330,2.9324,1053,0.752,277,1
2026,2,8484166,CBJ,2026-04-11,2.5252,941,2.0315,731,0.49370000000000003,210,0
2026,2,8484166,CBJ,2026-04-09,3.408,1285,2.5669,872,0.8411,413,0
2026,2,8484166,CBJ,2026-04-07,4.1581,1508,3.5733,1253,0.5848,255,0
2026,2,8484166,CBJ,2026-04-04,3.2491,1148,3.2363,1139,0.0128,9,1
2026,2,8484166,CBJ,2026-04-02,2.886,966,2.4262,812,0.4236,144,0
2026,2,8484166,CBJ,2026-03-31,2.8635,1086,2.4913,907,0.3722,179,1
2026,2,8484166,CBJ,2026-03-29,3.4696,1303,3.159,1190,0.2919,113,1
2026,2,8484166,CBJ,2026-03-28,3.4421,1198,3.0556,1065,0.3449,120,1
2026,2,8484227,SJS,2026-04-16,2.1666,818,1.9951,759,0.1715,59,0
2026,2,8484227,SJS,2026-04-15,2.8545,1019,2.0515,749,0.803,270,0
2026,2,8484227,SJS,2026-04-13,2.69,988,2.4858,905,0.2041,83,0
2026,2,8484227,SJS,2026-04-11,3.429,1346,3.0089,1147,0.4201,199,1
2026,2,8484227,SJS,2026-04-09,2.7308,1018,2.7308,1018,NA,NA,0
2026,2,8484227,SJS,2026-04-08,2.8519,1120,2.228,876,0.6239,244,1
2026,2,8484227,SJS,2026-04-06,2.729,1067,2.3624,908,0.3666,159,1
2026,2,8484227,SJS,2026-04-04,2.9585,1132,2.2337,860,0.7248,272,1
2026,2,8484227,SJS,2026-04-02,2.6187,1003,2.1765,826,0.4422,177,1
2026,2,8484227,SJS,2026-04-01,2.7749,1111,2.4526,990,0.3122,114,1
2026,2,8485366,NYI,2026-04-14,2.9259,1453,2.5648,1224,0.277,178,1
2026,2,8485366,NYI,2026-04-12,4.0725,1681,3.5777,1484,0.4947,197,1
2026,2,8485366,NYI,2026-04-11,3.5722,1496,2.4264,999,1.0435,430,1
2026,2,8485366,NYI,2026-04-09,3.7825,1490,3.0403,1199,0.7422,291,1
2026,2,8485366,NYI,2026-04-04,3.7892,1631,3.4987,1506,0.1956,74,0
2026,2,8485366,NYI,2026-04-03,4.6134,1723,3.788,1391,0.7492,291,1
2026,2,8485366,NYI,2026-03-31,4.3704,1780,3.9002,1571,0.3808,159,0
2026,2,8485366,NYI,2026-03-30,3.4519,1334,3.2396,1253,0.2122,81,1
2026,2,8485366,NYI,2026-03-28,4.0481,1671,3.3291,1374,0.6646,264,1
2026,2,8485366,NYI,2026-03-26,3.778,1598,3.2139,1388,0.5192,204,1
2026,2,8475745,CBJ,2026-04-14,2.9416,1128,2.3112,839,0.1503,96,1
2026,2,8475745,CBJ,2026-04-12,2.4836,1056,1.9925,778,0.4911,278,1
2026,2,8475745,CBJ,2026-04-11,3.2651,1313,2.0056,746,0.5995,314,0
2026,2,8475745,CBJ,2026-04-09,3.1965,1384,2.1786,836,0.6814,413,0
2026,2,8475745,CBJ,2026-04-07,3.4985,1338,2.9467,1063,0.441,224,0
2026,2,8475745,CBJ,2026-04-04,2.8563,986,2.6797,913,0.0105,9,1
2026,2,8475745,CBJ,2026-04-02,2.997,1120,2.5736,940,0.3327,144,0
2026,2,8475745,CBJ,2026-03-31,2.7953,1126,1.8032,639,0.3054,183,1
2026,2,8475745,CBJ,2026-03-29,2.8446,1139,2.3121,864,0.2046,114,1
2026,2,8475745,CBJ,2026-03-28,2.9672,1106,2.5782,920,0.2839,120,1
2026,2,8476881,VGK,2026-04-15,2.3135,925,1.9124,710,0.4012,215,1
2026,2,8476881,VGK,2026-04-13,2.541,1019,1.6633,603,0.8777,416,1
2026,2,8476881,VGK,2026-04-11,2.2741,914,1.7678,644,0.5063,270,0
2026,2,8476881,VGK,2026-04-09,2.2156,886,2.1453,831,0.0703,55,0
2026,2,8476881,VGK,2026-04-07,2.1828,796,2.063,739,0.1198,57,0
2026,2,8476881,VGK,2026-04-04,1.9309,777,1.6358,606,0.2951,171,0
2026,2,8476881,VGK,2026-04-02,2.5644,1089,1.7632,692,0.8013,397,1
2026,2,8476881,VGK,2026-03-30,2.3648,905,2.061,765,0.3039,140,1
2026,2,8476881,VGK,2026-03-28,1.8529,743,1.4743,530,0.3785,213,1
2026,2,8476881,VGK,2026-03-26,2.679,1124,2.1739,814,0.5051,310,1
2026,2,8477479,CHI,2026-04-15,2.4267,951,2.067,750,0.3598,201,1
2026,2,8477479,CHI,2026-04-13,2.6476,1124,1.944,721,0.7036,403,1
2026,2,8477479,CHI,2026-04-11,3.1006,1290,2.7253,1112,0.3752,178,1
2026,2,8477479,CHI,2026-04-09,2.8339,1113,2.3153,857,0.5187,256,1
2026,2,8477479,CHI,2026-04-06,2.6762,1216,2.3179,941,0.3583,275,0
2026,2,8477479,CHI,2026-04-04,2.7796,1126,2.3012,874,0.4784,252,0
2026,2,8477479,CHI,2026-04-02,2.8859,1185,2.6487,1077,0.2372,108,0
2026,2,8477479,CHI,2026-03-31,2.9232,1203,2.7392,1068,0.184,135,1
2026,2,8477479,CHI,2026-03-29,2.5708,1055,2.2592,846,0.3116,209,0
2026,2,8477479,CHI,2026-03-27,2.355,1026,1.8395,752,0.5155,274,0
2026,2,8477935,FLA,2026-04-09,3.0687,1064,2.77,944,0.2987,120,0
2026,2,8477935,FLA,2026-04-07,3.356,1248,2.7379,968,0.4632,225,0
2026,2,8477935,FLA,2026-04-05,3.5524,1288,2.0131,666,1.3768,554,0
2026,2,8477935,FLA,2026-04-04,2.5874,893,2.4099,831,NA,NA,0
2026,2,8477935,FLA,2026-04-02,3.4952,1192,2.987,1039,0.3267,90,1
2026,2,8477935,FLA,2026-03-31,2.8517,1039,2.0677,723,0.5653,235,1
2026,2,8477935,FLA,2026-03-26,3.17,1132,2.8612,1000,0.2509,102,1
2026,2,8477935,FLA,2026-03-24,3.3864,1139,3.0342,1023,0.1915,62,1
2026,2,8477935,FLA,2026-03-20,3.0346,1033,2.3992,793,0.4414,163,0
2026,2,8477935,FLA,2026-03-19,2.6962,986,2.4873,875,0.2089,111,0
2026,2,8478440,WSH,2026-04-14,2.6233,1002,2.185,766,0.4383,236,0
2026,2,8478440,WSH,2026-04-12,2.2915,872,2.145,803,0.1465,69,1
2026,2,8478440,WSH,2026-04-11,3.173,1201,2.889,1041,0.284,160,0
2026,2,8478440,WSH,2026-04-08,2.4806,994,2.1803,838,0.3003,156,0
2026,2,8478440,WSH,2026-04-05,2.1862,815,1.9969,717,0.1892,98,0
2026,2,8478440,WSH,2026-04-04,2.7071,998,2.5893,934,0.0774,53,1
2026,2,8478440,WSH,2026-04-02,2.9896,1032,2.7754,936,0.2142,96,0
2026,2,8478440,WSH,2026-03-31,2.5016,977,2.158,797,0.3436,180,1
2026,2,8478440,WSH,2026-03-28,3.2082,1150,2.7889,967,0.4193,183,0
2026,2,8478440,WSH,2026-03-26,2.9992,1087,2.4972,891,0.5019,196,0
2026,2,8481605,ANA,2026-04-16,4.2324,1587,3.1126,1171,1.1197,416,0
2026,2,8481605,ANA,2026-04-14,3.7051,1454,3.2731,1250,0.432,204,0
2026,2,8481605,ANA,2026-04-12,3.9435,1566,3.7928,1514,0.1507,52,1
2026,2,8481605,ANA,2026-04-09,3.2984,1379,3.1881,1330,0.1103,49,1
2026,2,8481605,ANA,2026-04-07,3.3894,1316,2.4494,973,0.8063,281,1
2026,2,8481605,ANA,2026-04-04,3.2034,1246,2.8442,1082,0.3592,164,1
2026,2,8481605,ANA,2026-04-03,3.8066,1395,3.2727,1222,0.5339,173,1
2026,2,8481605,ANA,2026-04-01,3.3891,1403,2.9854,1265,0.4037,138,0
2026,2,8481605,ANA,2026-03-30,3.9138,1493,3.6441,1393,0.2698,100,1
2026,2,8481605,ANA,2026-03-28,3.9493,1520,3.3016,1275,0.5635,203,0
2026,2,8474141,DET,2026-04-15,3.1364,1089,2.5839,906,0.5525,183,0
2026,2,8474141,DET,2026-04-13,3.0187,1046,2.4697,819,0.5269,216,0
2026,2,8474141,DET,2026-04-11,3.1904,1247,2.9579,1145,0.2325,102,1
2026,2,8474141,DET,2026-04-09,2.418,909,2.0331,726,0.3848,183,1
2026,2,8474141,DET,2026-04-07,2.8883,1008,2.7856,957,0.1028,51,1
2026,2,8474141,DET,2026-04-05,3.1128,1149,2.9012,1052,0.2116,97,1
2026,2,8474141,DET,2026-04-04,3.5214,1386,2.7036,1054,0.8177,332,0
2026,2,8474141,DET,2026-04-02,2.8855,1047,2.5951,926,0.2903,121,0
2026,2,8474141,DET,2026-03-31,2.9172,1061,2.9116,1056,0.0056,5,0
2026,2,8474141,DET,2026-03-28,3.1266,1240,2.7968,1031,0.3144,209,1
2026,2,8477500,NYI,2026-04-14,3.1494,1218,2.6101,1018,0.397,149,1
2026,2,8477500,NYI,2026-04-12,3.4249,1243,2.8454,994,0.434,163,1
2026,2,8477500,NYI,2026-04-11,3.43,1376,1.8326,700,0.8905,401,1
2026,2,8477500,NYI,2026-04-09,3.2405,1190,2.6182,901,0.6223,289,1
2026,2,8477500,NYI,2026-04-04,3.4432,1243,2.6956,963,0.1898,74,0
2026,2,8477500,NYI,2026-04-03,3.6669,1329,2.654,943,0.7471,297,1
2026,2,8477500,NYI,2026-03-31,3.4367,1282,2.6826,956,0.3654,163,0
2026,2,8477500,NYI,2026-03-30,3.2162,1086,2.8387,948,0.1307,60,1
2026,2,8477500,NYI,2026-03-28,3.3916,1218,2.781,971,0.4834,190,1
2026,2,8477500,NYI,2026-03-26,3.3756,1268,2.5417,901,0.5038,229,1
2026,2,8478873,ANA,2026-04-16,3.0051,1095,2.1098,758,0.8953,337,0
2026,2,8478873,ANA,2026-04-14,2.7556,1074,2.5063,972,0.2493,102,0
2026,2,8478873,ANA,2026-04-12,2.936,1131,2.5026,982,0.4334,149,1
2026,2,8478873,ANA,2026-04-09,2.8283,1095,2.6159,967,0.2124,128,1
2026,2,8478873,ANA,2026-04-07,3.1845,1244,1.9938,755,0.9937,424,1
2026,2,8478873,ANA,2026-04-04,2.9981,1150,2.6789,1020,0.3192,130,1
2026,2,8478873,ANA,2026-04-03,2.6368,991,2.204,811,0.4328,180,1
2026,2,8478873,ANA,2026-04-01,2.9403,1161,2.3861,916,0.5543,245,0
2026,2,8478873,ANA,2026-03-30,3.2767,1201,2.6594,959,0.6026,235,1
2026,2,8478873,ANA,2026-03-28,2.7684,1037,2.2171,809,0.5513,228,0
2026,2,8482109,NYR,2026-04-15,3.0822,1093,2.6851,920,0.397,173,0
2026,2,8482109,NYR,2026-04-13,3.2216,1330,2.7553,1034,0.4558,290,0
2026,2,8482109,NYR,2026-04-11,3.3346,1258,2.4693,881,0.86,375,0
2026,2,8482109,NYR,2026-04-08,2.3331,907,2.0679,780,0.2652,127,1
2026,2,8482109,NYR,2026-04-05,2.7498,1086,2.373,872,0.3768,214,1
2026,2,8482109,NYR,2026-04-04,2.5847,1020,2.1619,829,0.3903,180,1
2026,2,8482109,NYR,2026-04-02,3.1677,1217,2.6474,968,0.5203,249,1
2026,2,8482109,NYR,2026-03-31,2.748,1072,2.1734,803,0.5746,269,1
2026,2,8482109,NYR,2026-03-29,2.8299,1037,2.5401,910,0.2713,120,1
2026,2,8482109,NYR,2026-03-27,2.668,994,2.3879,875,0.2795,118,1
2026,2,8476454,EDM,2026-04-16,2.9279,1068,2.387,820,0.4457,205,1
2026,2,8476454,EDM,2026-04-13,3.1323,1310,2.4178,893,0.4579,269,1
2026,2,8476454,EDM,2026-04-11,2.907,1063,2.6443,942,0.2569,117,0
2026,2,8476454,EDM,2026-04-08,2.9643,1171,2.4537,929,0.4163,205,0
2026,2,8476454,EDM,2026-04-07,2.7888,1011,2.2319,803,0.4756,169,0
2026,2,8476454,EDM,2026-04-04,2.9593,1156,2.2282,826,0.6627,289,1
2026,2,8476454,EDM,2026-04-02,3.4072,1210,2.5777,894,0.7614,305,1
2026,2,8476454,EDM,2026-03-31,2.8233,1055,2.4832,916,0.2785,106,1
2026,2,8476454,EDM,2026-03-28,2.7767,1072,1.8224,643,0.6742,312,1
2026,2,8476454,EDM,2026-03-26,3.1706,1188,2.6478,908,0.3223,160,0
2026,2,8482146,NSH,2026-04-16,2.4228,862,1.9532,686,0.4696,176,1
2026,2,8482146,NSH,2026-04-13,3.0327,1146,3.0327,1146,NA,NA,1
2026,2,8482146,NSH,2026-04-11,2.6991,1028,2.5386,981,0.1604,47,1
2026,2,8482146,NSH,2026-04-09,2.6329,905,2.3877,829,0.2452,76,0
2026,2,8482146,NSH,2026-04-07,2.2186,779,1.6307,581,0.5879,198,0
2026,2,8482146,NSH,2026-04-06,2.7951,1001,2.7898,997,0.0052,4,0
2026,2,8482146,NSH,2026-04-04,2.0793,766,1.9871,740,0.0922,26,0
2026,2,8482146,NSH,2026-04-02,1.8574,650,1.5625,554,0.2949,96,0
2026,2,8482146,NSH,2026-03-29,2.5032,897,2.0959,737,0.4073,160,0
2026,2,8482146,NSH,2026-03-28,3.1932,1166,2.809,1037,0.3842,129,1
2026,2,8474586,SEA,2026-04-16,2.407,913,1.9572,740,0.333,120,0
2026,2,8474586,SEA,2026-04-15,2.5671,901,2.5485,896,NA,NA,0
2026,2,8474586,SEA,2026-04-13,2.8269,1023,2.7517,993,NA,NA,1
2026,2,8474586,SEA,2026-04-11,3.1261,1254,2.5264,982,0.5997,272,1
2026,2,8474586,SEA,2026-04-09,3.2484,1205,3.1352,1146,0.1132,59,1
2026,2,8474586,SEA,2026-04-07,2.9104,1106,2.4397,916,0.4707,190,0
2026,2,8474586,SEA,2026-04-06,2.7064,997,2.7064,997,NA,NA,0
2026,2,8474586,SEA,2026-04-04,3.01,1137,2.7663,1028,0.2322,106,1
2026,2,8474586,SEA,2026-04-02,3.1294,1133,2.7523,997,0.3771,136,1
2026,2,8474586,SEA,2026-03-31,2.6642,1122,2.1786,874,0.4855,248,0
2026,2,8474600,NSH,2026-04-13,3.9052,1548,3.508,1392,0.3203,120,1
2026,2,8474600,NSH,2026-04-11,3.651,1630,2.8913,1289,0.661,286,1
2026,2,8474600,NSH,2026-04-07,2.1968,931,1.5727,620,0.3815,178,0
2026,2,8474600,NSH,2026-04-06,4.1261,1689,3.8463,1576,0.2798,113,0
2026,2,8474600,NSH,2026-04-04,3.7791,1627,3.2803,1388,0.3684,174,0
2026,2,8474600,NSH,2026-04-02,3.9998,1669,3.2247,1338,0.5951,253,0
2026,2,8474600,NSH,2026-03-29,3.7483,1625,2.4299,1052,0.8819,342,0
2026,2,8474600,NSH,2026-03-28,3.403,1410,2.7804,1148,0.5573,220,1
2026,2,8474600,NSH,2026-03-26,3.4317,1546,3.0558,1360,0.1983,88,1
2026,2,8474600,NSH,2026-03-24,3.0432,1408,2.3822,1067,0.2782,125,1
2026,2,8477409,FLA,2026-04-09,3.0127,1095,2.7614,975,0.2513,120,0
2026,2,8477409,FLA,2026-04-07,3.4346,1314,2.8315,1033,0.4478,225,0
2026,2,8477409,FLA,2026-04-05,3.5431,1363,2.0904,733,1.2664,560,0
2026,2,8477409,FLA,2026-04-04,2.4202,892,2.4202,892,NA,NA,0
2026,2,8477409,FLA,2026-04-02,3.4914,1211,3.2031,1119,0.2882,92,1
2026,2,8477409,FLA,2026-03-31,2.6304,1019,2.0955,774,0.5202,235,1
2026,2,8477409,FLA,2026-03-29,3.155,1192,2.5841,938,0.5709,254,0
2026,2,8477409,FLA,2026-03-28,3.5462,1271,3.2989,1151,0.2311,120,0
2026,2,8477409,FLA,2026-03-26,2.9734,1091,2.7392,995,0.2342,96,1
2026,2,8477409,FLA,2026-03-24,3.0445,1067,2.8619,1003,0.1826,64,1
2026,2,8477504,WPG,2026-04-16,3.0442,1296,2.5528,1019,0.4479,250,1
2026,2,8477504,WPG,2026-04-14,3.6561,1550,2.7228,1147,0.5787,227,0
2026,2,8477504,WPG,2026-04-13,4.1871,1600,2.9015,1075,0.9615,381,0
2026,2,8477504,WPG,2026-04-11,3.7046,1465,3.1017,1213,0.5166,214,1
2026,2,8477504,WPG,2026-04-09,3.2647,1336,2.7701,1096,0.1987,78,0
2026,2,8477504,WPG,2026-04-06,3.4236,1333,3.0768,1191,0.3468,142,1
2026,2,8477504,WPG,2026-04-04,3.8534,1523,3.7003,1461,0.15310000000000001,62,0
2026,2,8477504,WPG,2026-04-02,4.2284,1672,3.6787,1442,0.5497,230,0
2026,2,8477504,WPG,2026-03-31,3.5738,1422,3.3936,1335,0.1803,87,0
2026,2,8477504,WPG,2026-03-28,3.2827,1345,2.9951,1230,0.2876,115,0
2026,2,8477505,SJS,2026-04-15,2.6558,1192,1.7826,717,0.5162,279,0
2026,2,8477505,SJS,2026-04-13,2.9155,1254,2.5885,1077,0.1414,82,0
2026,2,8477505,SJS,2026-04-11,3.0153,1295,2.4384,941,0.2768,198,1
2026,2,8477505,SJS,2026-04-09,2.5508,940,2.4743,888,NA,NA,0
2026,2,8477505,SJS,2026-04-08,3.0109,1252,2.2648,826,0.4286,255,1
2026,2,8477505,SJS,2026-04-06,2.6222,1154,1.9151,766,0.3136,147,1
2026,2,8477505,SJS,2026-04-04,2.8883,1231,2.3048,906,0.4705,273,1
2026,2,8477505,SJS,2026-04-02,2.5814,1101,2.1908,891,0.291,178,1
2026,2,8477505,SJS,2026-04-01,2.916,1248,2.4165,1002,0.2232,114,1
2026,2,8477505,SJS,2026-03-30,2.8145,1197,2.41,946,0.3031,190,1
2026,2,8473419,FLA,2026-03-06,1.9852,713,1.4715,483,0.5137,230,0
2026,2,8473419,FLA,2026-03-05,2.0505,759,1.7614,626,0.2891,133,0
2026,2,8473419,FLA,2026-03-03,2.2399,852,1.8146,671,0.4253,181,0
2026,2,8473419,FLA,2026-03-01,2.5566,974,2.3552,895,0.2014,79,0
2026,2,8473419,FLA,2026-02-27,2.5331,970,1.8029,687,0.7301,283,1
2026,2,8473419,FLA,2026-02-26,2.4502,850,1.9369,641,0.5133,209,1
2026,2,8473419,FLA,2026-02-04,1.7739,655,1.6598,614,0.1141,41,1
2026,2,8473419,FLA,2026-01-29,1.71,679,1.0351,360,0.6524,313,0
2026,2,8473419,FLA,2026-01-27,2.9054,1129,2.0789,745,0.6717,304,1
2026,2,8473419,FLA,2026-01-25,2.4673,886,2.3485,817,0.1188,69,0
2026,2,8475692,MIN,2026-04-09,2.6637,1092,2.1147,818,0.549,274,0
2026,2,8475692,MIN,2026-04-07,2.8832,1108,2.7347,1013,0.1484,95,1
2026,2,8475692,MIN,2026-04-05,2.8554,1091,2.5077,896,0.3477,195,0
2026,2,8475692,MIN,2026-04-04,2.3849,915,2.2921,864,0.0928,51,0
2026,2,8475692,MIN,2026-04-02,2.9927,1202,2.716,1032,0.2767,170,1
2026,2,8475692,MIN,2026-03-28,2.6827,1074,2.328,874,0.3547,200,0
2026,2,8475692,MIN,2026-03-26,2.5075,1001,2.326,908,0.1815,93,0
2026,2,8475692,MIN,2026-03-24,2.2867,948,1.952,739,0.2307,161,0
2026,2,8475692,MIN,2026-03-21,2.2311,873,1.874,696,0.3572,177,1
2026,2,8475692,MIN,2026-03-19,3.065,1197,2.5898,965,0.4752,232,1
2026,2,8478042,BOS,2026-04-14,2.1038,797,2.1038,797,NA,NA,1
2026,2,8478042,BOS,2026-04-11,2.391,961,2.3622,927,0.0288,34,1
2026,2,8478042,BOS,2026-04-07,2.5363,954,2.0842,816,0.4521,138,0
2026,2,8478042,BOS,2026-04-05,2.4374,867,2.2731,797,0.1643,70,0
2026,2,8478042,BOS,2026-04-04,2.4392,957,1.8739,724,0.5653,233,0
2026,2,8478042,BOS,2026-04-02,2.2479,877,1.9997,771,0.2482,106,0
2026,2,8478042,BOS,2026-03-31,2.1686,860,1.9098,745,0.2588,115,1
2026,2,8478042,BOS,2026-03-29,2.2234,914,1.893,744,0.3304,170,0
2026,2,8478042,BOS,2026-03-28,1.9638,744,1.7177,660,0.2462,84,1
2026,2,8478042,BOS,2026-03-25,2.2369,812,1.8762,680,0.3607,132,0
2026,2,8480802,BUF,2026-04-13,3.0774,968,2.2433,681,0.3431,109,0
2026,2,8480802,BUF,2026-04-09,2.8876,953,2.3994,780,0.256,88,1
2026,2,8480802,BUF,2026-04-08,3.1278,1030,2.7844,918,0.2232,68,0
2026,2,8480802,BUF,2026-04-06,3.3205,1051,1.9673,595,0.5502,177,1
2026,2,8480802,BUF,2026-04-04,3.0941,1013,2.5322,814,0.4595,161,0
2026,2,8480802,BUF,2026-04-02,3.4163,1241,3.009,1058,0.238,118,0
2026,2,8480802,BUF,2026-03-31,3.3049,1118,3.0045,972,0.072,52,1
2026,2,8480802,BUF,2026-03-28,3.0429,1004,2.2244,716,0.1516,64,1
2026,2,8480802,BUF,2026-03-27,3.5585,1106,2.568,767,0.1821,55,1
2026,2,8480802,BUF,2026-03-25,3.1818,1032,2.4558,793,0.2654,105,1
2026,2,8482105,OTT,2026-04-11,3.4714,1658,1.7823,869,0.8613,363,0
2026,2,8482105,OTT,2026-04-09,3.011,1342,2.6589,1166,0.1733,56,1
2026,2,8482105,OTT,2026-04-07,3.2362,1448,2.7439,1201,0.2743,117,1
2026,2,8482105,OTT,2026-04-05,3.4308,1607,2.9285,1337,0.3048,138,1
2026,2,8482105,OTT,2026-04-04,3.4229,1495,2.8374,1242,0.3613,143,1
2026,2,8482105,OTT,2026-03-07,1.8397,772,1.6855,701,0.1469,67,0
2026,2,8482105,OTT,2026-03-05,3.3431,1431,2.2619,974,0.67,255,0
2026,2,8482105,OTT,2026-03-03,3.5726,1536,2.744,1178,0.544,203,0
2026,2,8482105,OTT,2026-02-28,3.4583,1392,2.7363,1069,0.434,185,0
2026,2,8482105,OTT,2026-02-26,3.7845,1599,3.3835,1414,0.2889,128,1
2026,2,8476389,NYR,2026-04-15,3.2495,1219,2.4474,901,0.4093,161,0
2026,2,8476389,NYR,2026-04-13,2.9481,1185,2.2218,834,0.6045,291,0
2026,2,8476389,NYR,2026-04-11,2.9434,1121,2.0471,715,0.8167,380,0
2026,2,8476389,NYR,2026-04-08,2.8228,1128,2.3279,903,0.2788,131,1
2026,2,8476389,NYR,2026-04-05,2.7605,1023,2.0686,728,0.4713,217,1
2026,2,8476389,NYR,2026-04-04,2.6785,1064,1.8819,720,0.4212,174,1
2026,2,8476389,NYR,2026-04-02,2.958,1153,2.222,815,0.539,231,1
2026,2,8476389,NYR,2026-03-31,3.5129,1327,2.6017,942,0.6282,269,1
2026,2,8476389,NYR,2026-03-29,2.9051,1162,2.2051,884,0.2718,106,1
2026,2,8476389,NYR,2026-03-27,2.9753,1113,2.4052,859,0.2699,108,1
2026,2,8476468,NYR,2026-04-15,2.5076,983,1.9283,728,0.4168,164,0
2026,2,8476468,NYR,2026-04-13,2.8296,1213,2.1922,891,0.5979,300,0
2026,2,8476468,NYR,2026-04-11,2.5862,1012,1.9969,725,0.4169,208,0
2026,2,8476468,NYR,2026-04-08,3.0009,1251,2.3992,942,0.2534,131,1
2026,2,8476468,NYR,2026-04-05,2.2669,898,1.5038,545,0.4392,216,1
2026,2,8476468,NYR,2026-04-04,2.644,1025,1.9326,682,0.4283,171,1
2026,2,8476468,NYR,2026-04-02,2.8218,1120,2.1657,827,0.503,218,1
2026,2,8476468,NYR,2026-03-31,2.9823,1150,2.2611,825,0.5952,269,1
2026,2,8476468,NYR,2026-03-29,2.6131,1064,2.1237,817,0.2241,106,1
2026,2,8476468,NYR,2026-03-27,2.7299,1020,2.2354,785,0.2435,102,1
2026,2,8479318,TOR,2026-03-12,1.9716,798,1.428,528,0.3217,175,1
2026,2,8479318,TOR,2026-03-10,3.377,1348,2.7906,1075,0.3493,143,0
2026,2,8479318,TOR,2026-03-07,3.2332,1157,2.5336,898,0.6856,251,1
2026,2,8479318,TOR,2026-03-05,3.3483,1246,3.0743,1142,0.2046,73,0
2026,2,8479318,TOR,2026-03-04,4.1993,1497,3.2196,1138,0.7503,259,0
2026,2,8479318,TOR,2026-03-02,4.2245,1566,3.4627,1257,0.5839,233,1
2026,2,8479318,TOR,2026-02-28,3.0481,1075,2.5336,890,0.4068,123,1
2026,2,8479318,TOR,2026-02-26,3.1075,1114,2.1252,736,0.7731,291,0
2026,2,8479318,TOR,2026-02-25,3.7965,1374,3.3448,1226,0.4359,142,0
2026,2,8479318,TOR,2026-02-03,3.5957,1271,3.4753,1203,0.1143,64,0
2026,2,8479323,NYR,2026-04-15,2.844,1292,2.4797,1123,0.3427,158,0
2026,2,8479323,NYR,2026-04-13,3.7785,1690,3.243,1388,0.5227,294,0
2026,2,8479323,NYR,2026-04-11,3.5631,1535,2.6638,1128,0.8636,385,0
2026,2,8479323,NYR,2026-04-08,3.0787,1400,2.7084,1220,0.2635,131,1
2026,2,8479323,NYR,2026-04-05,2.5887,1171,2.1311,926,0.3764,211,1
2026,2,8479323,NYR,2026-04-04,2.9938,1359,2.4187,1099,0.4176,184,1
2026,2,8479323,NYR,2026-04-02,3.2558,1390,2.6398,1120,0.5143,225,1
2026,2,8479323,NYR,2026-03-31,3.0854,1357,2.2558,1004,0.6164,269,1
2026,2,8479323,NYR,2026-03-29,3.2666,1432,2.9259,1267,0.2536,120,1
2026,2,8479323,NYR,2026-03-27,2.933,1298,2.4905,1086,0.2362,104,1
2026,2,8482667,SJS,2026-04-16,2.5142,864,2.3579,788,0.1262,59,0
2026,2,8482667,SJS,2026-04-15,2.776,1023,2.1686,797,0.4546,173,0
2026,2,8482667,SJS,2026-04-13,2.6651,1017,2.5075,955,0.1022,37,0
2026,2,8482667,SJS,2026-04-11,2.9546,1112,2.6564,973,0.2982,139,1
2026,2,8482667,SJS,2026-04-09,2.7081,983,2.6392,946,NA,NA,0
2026,2,8482667,SJS,2026-04-08,2.8175,1040,2.6996000000000002,1006,0.1179,34,1
2026,2,8482667,SJS,2026-04-06,2.5037,903,2.1743,818,0.3295,85,1
2026,2,8482667,SJS,2026-04-04,2.3563,889,1.9847,734,0.2798,118,1
2026,2,8482667,SJS,2026-04-02,2.3387,901,2.1538,839,0.1849,62,1
2026,2,8482667,SJS,2026-04-01,2.3928,944,2.3335,918,0.0592,26,1
2026,2,8482809,CAR,2026-04-14,2.2885,778,2.078,703,0.2104,75,0
2026,2,8482809,CAR,2026-04-13,3.5009,1226,3.4611,1201,0.0398,25,0
2026,2,8482809,CAR,2026-04-09,3.0199,1040,3.0199,1040,NA,NA,0
2026,2,8482809,CAR,2026-04-07,3.2808,1212,2.7182,968,0.5076,217,1
2026,2,8482809,CAR,2026-04-05,2.4832,914,2.2101,787,0.2731,127,0
2026,2,8482809,CAR,2026-04-04,2.632,989,2.1998,827,0.4322,162,1
2026,2,8482809,CAR,2026-04-02,2.5709,942,2.4977,914,0.0732,28,1
2026,2,8482809,CAR,2026-03-31,2.7019,985,2.367,846,0.3349,139,0
2026,2,8482809,CAR,2026-03-29,3.0476,1123,2.8197,1032,0.2279,91,1
2026,2,8482809,CAR,2026-03-28,2.4016,823,2.3124,786,0.0892,37,1
2026,2,8475786,EDM,2026-04-16,2.414,1091,2.0701,855,0.3439,236,1
2026,2,8475786,EDM,2026-04-02,2.5478,1000,2.3129,868,0.2349,132,1
2026,2,8475786,EDM,2026-03-31,2.5989,1059,2.4313,953,0.1677,106,1
2026,2,8475786,EDM,2026-03-28,2.5255,1065,2.0268,751,0.4987,314,1
2026,2,8475786,EDM,2026-03-26,2.7471,1150,2.5315,990,0.21560000000000001,160,0
2026,2,8475786,EDM,2026-03-24,2.8933,1062,2.8933,1061,NA,NA,0
2026,2,8475786,EDM,2026-03-21,2.9126,1228,2.7461,1097,0.1664,131,1
2026,2,8475786,EDM,2026-03-19,2.1697,1008,1.9216,824,0.2481,184,1
2026,2,8475786,EDM,2026-03-17,2.9629,1351,2.5313,1048,0.4317,303,1
2026,2,8475786,EDM,2026-03-15,2.5857,1191,2.1647,860,0.4211,331,1
2026,2,8478519,TBL,2026-04-13,2.6122,1057,2.1295,827,0.0615,43,1
2026,2,8478519,TBL,2026-04-11,2.6936,1155,2.6264,1106,0.02,12,0
2026,2,8478519,TBL,2026-04-09,2.8121,1228,1.8487,784,4e-4,2,0
2026,2,8478519,TBL,2026-04-04,2.4179,1021,1.9188,782,NA,NA,1
2026,2,8478519,TBL,2026-04-02,2.3497,908,2.1158,827,NA,NA,1
2026,2,8478519,TBL,2026-03-31,2.1387,949,1.8118,776,NA,NA,1
2026,2,8478519,TBL,2026-03-29,3.21,1259,1.9465,733,0.553,262,1
2026,2,8478519,TBL,2026-03-28,2.8257,1171,2.394,989,0.2662,109,1
2026,2,8478519,TBL,2026-03-26,2.6906,1063,2.5302,1003,NA,NA,1
2026,2,8478519,TBL,2026-03-24,2.317,966,1.954,752,0.1589,81,1
2026,2,8481656,WSH,2026-04-14,2.413,990,2.3169,944,NA,NA,0
2026,2,8481656,WSH,2026-04-12,2.9004,1158,2.6319,1002,NA,NA,1
2026,2,8481656,WSH,2026-04-11,2.6147,984,2.6147,984,NA,NA,0
2026,2,8481656,WSH,2026-04-08,2.6669,1058,2.3559,933,NA,NA,0
2026,2,8481656,WSH,2026-04-05,2.5772,1025,2.246,867,NA,NA,0
2026,2,8481656,WSH,2026-04-04,2.4325,975,2.1596,809,NA,NA,1
2026,2,8481656,WSH,2026-03-28,0.9538,387,0.9538,387,NA,NA,0
2026,2,8481656,WSH,2026-03-26,2.9938,1203,2.5348,1013,NA,NA,0
2026,2,8481656,WSH,2026-03-24,3.3095,1296,3.0152,1166,0.0147,7,0
2026,2,8481656,WSH,2026-03-22,3.0124,1237,2.76,1122,0.044,18,1
2026,2,8482659,BUF,2026-04-15,2.4646,957,2.1357,776,0.3289,181,1
2026,2,8482659,BUF,2026-04-13,2.1702,809,1.9007,700,0.2695,109,0
2026,2,8482659,BUF,2026-04-09,2.6152,882,2.247,753,0.3663,128,1
2026,2,8482659,BUF,2026-04-08,2.2913,788,2.0446,712,0.2467,76,0
2026,2,8482659,BUF,2026-04-06,2.6523,880,2.3334,783,0.3029,95,1
2026,2,8482659,BUF,2026-04-04,2.1553,777,1.8214,633,0.334,144,0
2026,2,8482659,BUF,2026-04-02,2.8934,1105,2.6493,984,0.2441,121,0
2026,2,8482659,BUF,2026-03-31,2.0965,797,2.0137,745,0.0828,52,1
2026,2,8482659,BUF,2026-03-28,2.3551,801,2.2272,746,0.1279,55,1
2026,2,8482659,BUF,2026-03-27,2.507,918,2.3524,867,0.1525,50,1
2026,2,8477989,PHI,2026-04-13,3.0075,1052,2.7597,943,0.2478,109,1
2026,2,8477989,PHI,2026-04-11,2.6735,936,2.0704,702,0.2134,78,0
2026,2,8477989,PHI,2026-04-09,3.3102,1119,2.3288,753,0.7443,290,0
2026,2,8477989,PHI,2026-04-07,3.0415,1072,2.4612,854,0.2931,116,0
2026,2,8477989,PHI,2026-04-05,3.3704,1204,2.901,995,0.4694,209,1
2026,2,8477989,PHI,2026-04-03,2.7618,1038,2.158,802,0.2063,99,0
2026,2,8477989,PHI,2026-04-02,3.2367,1165,2.9973,1044,0.1082,64,1
2026,2,8477989,PHI,2026-03-31,3.3865,1237,2.8501,983,0.2755,154,0
2026,2,8477989,PHI,2026-03-29,3.2308,1198,2.6434,930,0.2962,137,1
2026,2,8477989,PHI,2026-03-28,3.0492,1006,2.8994,937,0.0567,33,0
2026,2,8478493,MIN,2026-04-09,2.5936,1090,1.9921,759,0.5126,285,0
2026,2,8478493,MIN,2026-04-07,1.9099,789,1.5244,572,0.096,95,1
2026,2,8478493,MIN,2026-04-05,3.0287,1151,2.6835,946,0.2808,180,0
2026,2,8478493,MIN,2026-04-04,2.7123,1070,2.2921,886,0.2671,120,0
2026,2,8478493,MIN,2026-04-02,2.2314,956,1.8206,751,0.3418,170,1
2026,2,8478493,MIN,2026-03-28,2.7862,1198,2.356,944,0.2987,192,0
2026,2,8478493,MIN,2026-03-26,2.3465,865,2.1242,750,0.0941,64,0
2026,2,8478493,MIN,2026-03-24,3.0214,1192,2.3673,858,0.2216,161,0
2026,2,8478493,MIN,2026-03-15,2.8393,1127,2.5236,935,0.2991,181,1
2026,2,8478493,MIN,2026-03-14,2.5731,1104,1.7729,651,0.7396,424,1
2026,2,8480012,VAN,2026-04-16,2.5872,959,2.2256,801,0.2342,104,0
2026,2,8480012,VAN,2026-04-14,2.8567,1082,2.3881,880,0.3869,168,1
2026,2,8480012,VAN,2026-04-12,3.2304,1267,2.4411,924,0.6033,278,0
2026,2,8480012,VAN,2026-04-11,2.9715,1113,2.1467,747,0.6368,296,0
2026,2,8480012,VAN,2026-04-09,3.1175,1171,3.1175,1171,NA,NA,0
2026,2,8480012,VAN,2026-04-07,3.2525,1254,2.8217,1019,0.3229,193,1
2026,2,8480012,VAN,2026-04-04,2.9491,1138,2.1969,854,0.6648,254,1
2026,2,8480012,VAN,2026-04-02,2.6146,1087,2.1373,912,0.3037,120,0
2026,2,8480012,VAN,2026-04-01,2.9208,1204,2.3286,958,0.4392,192,0
2026,2,8480012,VAN,2026-03-30,2.6905,1092,2.4529,983,0.0277,23,0
2026,2,8480015,PHI,2026-04-13,2.9455,1130,2.6624,1008,0.2831,122,1
2026,2,8480015,PHI,2026-04-11,2.2641,849,2.1307,806,0.1201,36,0
2026,2,8480015,PHI,2026-04-09,2.9528,1007,2.2665,784,0.6863,223,0
2026,2,8480015,PHI,2026-04-07,2.4917,897,2.0702,731,0.255,112,0
2026,2,8480015,PHI,2026-04-05,2.8557,1022,2.429,878,0.4268,144,1
2026,2,8480015,PHI,2026-04-03,2.8296,1053,2.3873,907,0.4212,137,0
2026,2,8480015,PHI,2026-04-02,3.1378,1092,3.1318,1087,0.006,5,1
2026,2,8480015,PHI,2026-03-31,2.6863,1037,2.3804,902,0.3059,135,0
2026,2,8480015,PHI,2026-03-29,2.9332,1083,2.6998,1008,0.2333,75,1
2026,2,8480015,PHI,2026-03-28,2.6668,998,2.586,974,0.053,12,0
2026,2,8482077,STL,2026-04-16,2.8615,1026,2.6689,960,0.1927,66,0
2026,2,8482077,STL,2026-04-14,3.1204,1142,2.8943,1022,0.192,108,1
2026,2,8482077,STL,2026-04-13,3.042,1020,2.4047,804,0.6001,194,1
2026,2,8482077,STL,2026-04-11,2.9758,1045,2.7173,957,0.1887,65,0
2026,2,8482077,STL,2026-04-09,3.0251,1083,2.2827,776,0.7315,301,1
2026,2,8482077,STL,2026-04-07,3.9605,1447,3.3905,1246,0.57,201,1
2026,2,8482077,STL,2026-04-05,3.2675,1112,2.4531,805,0.7262,272,0
2026,2,8482077,STL,2026-04-03,3.7328,1267,2.6925,910,0.7584,254,0
2026,2,8482077,STL,2026-04-01,3.0683,1093,2.7478,957,0.3204,136,0
2026,2,8482077,STL,2026-03-30,3.0318,1205,2.7833,1103,0.2357,98,0
2026,2,8482097,BUF,2026-04-15,3.0187,1169,2.4702,925,0.538,240,1
2026,2,8482097,BUF,2026-04-13,2.3733,842,1.985,718,0.3884,124,0
2026,2,8482097,BUF,2026-04-09,2.4612,888,2.1948,776,0.2664,112,1
2026,2,8482097,BUF,2026-04-08,3.0268,1164,2.4251,891,0.5935,272,0
2026,2,8482097,BUF,2026-04-06,2.4927,864,1.4203,500,1.0724,364,1
2026,2,8482097,BUF,2026-04-04,2.9735,1107,2.2123,777,0.7612,330,0
2026,2,8482097,BUF,2026-04-02,2.3844,913,2.1083,794,0.2762,119,0
2026,2,8482097,BUF,2026-03-31,2.7141,971,2.169,760,0.5451,211,1
2026,2,8482097,BUF,2026-03-28,2.78,1026,2.3863,835,0.3937,191,1
2026,2,8482097,BUF,2026-03-27,2.9351,1044,2.2228,743,0.7123,301,1
2026,2,8482122,MIN,2026-04-11,3.877,1605,3.3204,1379,0.0058,4,0
2026,2,8482122,MIN,2026-04-09,3.7916,1478,3.713,1432,NA,NA,0
2026,2,8482122,MIN,2026-04-07,3.4028,1390,3.0931,1220,0.066,25,1
2026,2,8482122,MIN,2026-04-05,3.3726,1413,3.155,1313,0.0769,27,0
2026,2,8482122,MIN,2026-04-04,3.3891,1445,3.1395,1321,NA,NA,0
2026,2,8482122,MIN,2026-04-02,3.315,1388,3.0338,1250,0.0812,27,1
2026,2,8482122,MIN,2026-03-28,3.8231,1594,3.4732,1413,0.095,30,0
2026,2,8482122,MIN,2026-03-26,3.6156,1493,3.4248,1400,0.052,25,0
2026,2,8482122,MIN,2026-03-24,3.5327,1479,3.4126,1407,0.0477,22,0
2026,2,8482122,MIN,2026-03-21,3.4337,1469,2.9362,1198,0.0904,38,1
2026,2,8483516,STL,2026-04-16,2.4576,994,2.3159,928,0.1417,66,0
2026,2,8483516,STL,2026-04-14,2.4923,1000,2.308,883,0.1703,108,1
2026,2,8483516,STL,2026-04-13,2.4632,944,2.0254,758,0.4378,186,1
2026,2,8483516,STL,2026-04-11,2.7213,1055,2.5917,989,0.1296,66,0
2026,2,8483516,STL,2026-04-09,2.6331,1021,2.0046,719,0.6285,302,1
2026,2,8483516,STL,2026-04-07,3.3253,1298,2.8818,1098,0.4435,200,1
2026,2,8483516,STL,2026-04-05,2.7165,1052,2.1404,779,0.576,273,0
2026,2,8483516,STL,2026-04-03,3.129,1172,2.5903,933,0.5387,239,0
2026,2,8483516,STL,2026-04-01,2.657,1058,2.3995,920,0.2474,137,0
2026,2,8483516,STL,2026-03-30,2.8322,1099,2.6368,999,0.1953,100,0
2026,2,8484387,PHI,2026-04-14,2.6742,978,2.6742,978,NA,NA,1
2026,2,8484387,PHI,2026-04-13,2.5575,933,2.3301,824,0.2273,109,1
2026,2,8484387,PHI,2026-04-11,2.2123,807,1.8802,684,0.3321,123,0
2026,2,8484387,PHI,2026-04-09,2.1845,833,1.6981,627,0.4864,206,0
2026,2,8484387,PHI,2026-04-07,2.2363,826,2.003,719,0.2333,107,0
2026,2,8484387,PHI,2026-04-05,2.5969,1001,2.2843,849,0.3127,152,1
2026,2,8484387,PHI,2026-04-03,1.8188,703,1.5252,570,0.2937,133,0
2026,2,8484387,PHI,2026-04-02,2.321,828,2.309,823,0.0121,5,1
2026,2,8484387,PHI,2026-03-31,2.2313,849,1.8845,697,0.3468,152,0
2026,2,8484387,PHI,2026-03-29,2.3905,916,1.8596,644,0.5309,272,1
2026,2,8475172,"CGY,COL",2026-04-07,0.986,369,0.986,369,NA,NA,0
2026,2,8475172,"CGY,COL",2026-04-05,2.7655,1113,2.2718,805,0.49370000000000003,308,1
2026,2,8475172,"CGY,COL",2026-04-04,2.3631,832,2.1797,739,0.1834,93,0
2026,2,8475172,"CGY,COL",2026-04-01,2.6961,1079,2.1545,801,0.5417,278,1
2026,2,8475172,"CGY,COL",2026-03-30,2.8921,1148,2.5387,910,0.3457,233,1
2026,2,8475172,"CGY,COL",2026-03-28,2.4148,868,2.2907,793,0.1241,75,1
2026,2,8475172,"CGY,COL",2026-03-26,2.2364,971,1.6706,626,0.5658,345,0
2026,2,8475172,"CGY,COL",2026-03-24,2.5466,972,2.2702,804,0.2765,168,0
2026,2,8475172,"CGY,COL",2026-03-22,2.5226,948,2.1657,783,0.3569,165,0
2026,2,8475172,"CGY,COL",2026-03-20,2.6472,1057,2.1693,787,0.478,270,0
2026,2,8475184,ANA,2026-04-16,2.392,1002,1.662,696,0.73,306,0
2026,2,8475184,ANA,2026-04-12,2.3206,933,2.217,885,0.1036,48,1
2026,2,8475184,ANA,2026-04-09,2.2363,889,2.1618,840,0.0745,49,1
2026,2,8475184,ANA,2026-04-07,1.9616,811,1.4452,541,0.5164,270,1
2026,2,8475184,ANA,2026-04-04,2.6977,1175,2.4837,1046,0.2141,129,1
2026,2,8475184,ANA,2026-04-03,2.3432,947,1.8153,698,0.4564,221,1
2026,2,8475184,ANA,2026-04-01,2.475,1102,1.9092,802,0.4376,246,0
2026,2,8475184,ANA,2026-03-30,3.0672,1321,2.442,955,0.6252,366,1
2026,2,8475184,ANA,2026-03-28,2.493,1069,2.0155,828,0.4659,233,0
2026,2,8475184,ANA,2026-03-26,2.546,1099,2.0893,798,0.4566,301,0
2026,2,8476906,CAR,2026-04-14,2.772,1157,2.6305,1107,0.1415,50,0
2026,2,8476906,CAR,2026-04-11,2.8807,1210,2.3654,978,0.5153,232,0
2026,2,8476906,CAR,2026-04-09,2.9016,1226,2.7984,1170,0.1032,56,0
2026,2,8476906,CAR,2026-04-07,2.7143,1151,2.1992,954,0.5151,197,1
2026,2,8476906,CAR,2026-04-05,2.3593,1030,2.1801,958,0.1791,72,0
2026,2,8476906,CAR,2026-04-04,2.6381,1078,2.0989,873,0.5392,205,1
2026,2,8476906,CAR,2026-04-02,2.3282,981,2.0818,874,0.2464,107,1
2026,2,8476906,CAR,2026-03-31,2.4422,1059,1.572,670,0.7957,342,0
2026,2,8476906,CAR,2026-03-29,2.9605,1225,2.5562,1026,0.4043,199,1
2026,2,8476906,CAR,2026-03-28,2.5157,1062,2.3134,972,0.1771,81,1
2026,2,8478010,TBL,2026-04-13,2.7756,973,2.5043,851,0.2673,120,1
2026,2,8478010,TBL,2026-04-11,3.0487,1161,2.7597,1041,0.289,120,0
2026,2,8478010,TBL,2026-04-09,3.4126,1282,2.3341,814,1.0784,468,0
2026,2,8478010,TBL,2026-04-07,2.7641,1053,2.4353,919,0.3288,134,0
2026,2,8478010,TBL,2026-04-06,3.2294,1211,2.4485,878,0.7809,333,0
2026,2,8478010,TBL,2026-04-04,2.7962,1016,2.6193,954,0.1678,52,1
2026,2,8478010,TBL,2026-04-02,2.9457,1079,2.4273,903,0.5161,174,1
2026,2,8478010,TBL,2026-03-31,3.0963,1232,2.1675,820,0.9288,412,1
2026,2,8478010,TBL,2026-03-29,2.9733,1086,2.2224,752,0.7423,331,1
2026,2,8478010,TBL,2026-03-28,3.2866,1244,2.7093,998,0.5773,246,1
2026,2,8482665,SEA,2026-04-16,2.6586,934,2.2259,759,0.3001,116,0
2026,2,8482665,SEA,2026-04-15,2.8209,927,2.7716,910,NA,NA,0
2026,2,8482665,SEA,2026-04-13,3.2425,1086,3.0326,1031,NA,NA,1
2026,2,8482665,SEA,2026-04-11,3.4638,1276,2.8954,1012,0.5684,264,1
2026,2,8482665,SEA,2026-04-09,3.6285,1277,3.5263,1218,0.1023,59,1
2026,2,8482665,SEA,2026-04-07,3.0459,1136,2.6131,946,0.4328,190,0
2026,2,8482665,SEA,2026-04-06,2.7326,921,2.7326,921,NA,NA,0
2026,2,8482665,SEA,2026-04-04,3.548,1249,3.1526,1111,0.3917,136,1
2026,2,8482665,SEA,2026-04-02,3.2052,1121,2.8571,967,0.2465,116,1
2026,2,8482665,SEA,2026-03-31,2.7535,1084,2.2936,842,0.46,242,0
2026,2,8473512,OTT,2026-04-15,2.6913,1032,2.2738,825,0.3487,183,1
2026,2,8473512,OTT,2026-04-12,1.9214,838,1.3023,509,0.4986,265,0
2026,2,8473512,OTT,2026-04-11,2.2378,838,1.4981,530,0.5867,240,0
2026,2,8473512,OTT,2026-04-09,2.4081,912,2.3309,866,NA,NA,1
2026,2,8473512,OTT,2026-04-07,2.4137,931,2.3262,896,0.0875,35,1
2026,2,8473512,OTT,2026-04-05,2.2213,841,2.0237,769,0.1285,38,1
2026,2,8473512,OTT,2026-04-04,2.1821,874,1.9547,782,0.2273,92,1
2026,2,8473512,OTT,2026-04-02,2.1215,832,1.8947,748,0.1991,73,1
2026,2,8473512,OTT,2026-03-31,2.5893,977,1.7639,632,0.7706,322,0
2026,2,8473512,OTT,2026-03-28,2.3614,893,2.2099,831,0.0997,44,0
2026,2,8475149,MIN,2026-04-14,2.2953,814,2.0986,740,0.1967,74,1
2026,2,8475149,MIN,2026-04-13,3.1395,1174,2.0661,704,0.7912,353,0
2026,2,8475149,MIN,2026-04-11,2.6764,1006,2.4831,912,0.1064,58,0
2026,2,8475149,MIN,2026-04-09,2.202,830,2.1645,821,0.0375,9,0
2026,2,8475149,MIN,2026-04-07,2.0191,732,1.8018,642,0.1012,25,1
2026,2,8475149,MIN,2026-04-05,2.5,897,2.3644,847,0.1356,50,0
2026,2,8475149,MIN,2026-04-04,2.0031,796,2.0031,796,NA,NA,0
2026,2,8475149,MIN,2026-04-02,1.7731,673,1.6836,646,0.0896,27,1
2026,2,8475149,MIN,2026-03-28,2.0366,665,1.9135,634,0.123,31,0
2026,2,8475149,MIN,2026-03-26,2.5062,945,2.3894,895,0.0536,27,0
2026,2,8475726,SJS,2026-04-15,2.1156,847,1.6059,604,0.5097,243,0
2026,2,8475726,SJS,2026-04-13,1.6669,715,1.4942,635,0.1727,80,0
2026,2,8475726,SJS,2026-04-11,1.8236,724,1.6236,635,0.2,89,1
2026,2,8475726,SJS,2026-04-09,1.8439,731,1.8439,731,NA,NA,0
2026,2,8475726,SJS,2026-04-08,1.9508,804,1.4636,558,0.4871,246,1
2026,2,8475726,SJS,2026-04-06,1.971,856,1.7345,723,0.2365,133,1
2026,2,8475726,SJS,2026-04-04,2.0242,892,1.5314,625,0.4928,267,1
2026,2,8475726,SJS,2026-04-02,1.9059,816,1.5877,638,0.3182,178,1
2026,2,8475726,SJS,2026-04-01,1.5573,688,1.3883,589,0.169,99,1
2026,2,8475726,SJS,2026-03-30,1.799,776,1.4111,586,0.388,190,1
2026,2,8476905,SEA,2026-04-16,3.0343,1156,2.3086,841,0.2822,103,0
2026,2,8476905,SEA,2026-04-15,2.9505,1097,2.7133,960,NA,NA,0
2026,2,8476905,SEA,2026-04-13,2.6843,989,2.4292,867,NA,NA,1
2026,2,8476905,SEA,2026-04-11,2.8881,1019,2.1189,707,0.6789,271,1
2026,2,8476905,SEA,2026-04-09,3.4035,1204,3.2796,1145,0.1239,59,1
2026,2,8476905,SEA,2026-04-07,2.577,962,2.0171,744,0.5061,193,0
2026,2,8476905,SEA,2026-04-06,2.8317,1083,2.6495,998,NA,NA,0
2026,2,8476905,SEA,2026-04-04,2.8796,1056,2.3101,804,0.2489,102,1
2026,2,8476905,SEA,2026-04-02,2.8467,1037,2.1119,736,0.3831,133,1
2026,2,8476905,SEA,2026-03-31,2.7063,1060,2.1465,768,0.4657,242,0
2026,2,8477501,COL,2026-04-16,3.0664,1093,2.1536,739,0.7414,288,1
2026,2,8477501,COL,2026-04-14,2.8444,955,2.2771,771,0.3072,102,0
2026,2,8477501,COL,2026-04-13,2.9022,970,2.4917,806,0.1271,38,0
2026,2,8477501,COL,2026-04-11,2.9622,1012,2.6919,904,NA,NA,1
2026,2,8477501,COL,2026-04-09,2.9544,961,2.8245,910,0.0171,5,1
2026,2,8477501,COL,2026-04-07,2.7194,945,2.4106,831,NA,NA,0
2026,2,8477501,COL,2026-04-04,2.8177,1003,2.4818,890,0.086,28,0
2026,2,8477501,COL,2026-04-01,2.2935,781,1.7796,597,0.2647,85,1
2026,2,8477501,COL,2026-03-30,2.8528,942,2.5147,821,0.21560000000000001,71,1
2026,2,8477501,COL,2026-03-28,2.812,961,2.675,916,NA,NA,1
2026,2,8479425,VAN,2026-04-16,3.7651,1664,3.1674,1350,0.2732,112,0
2026,2,8479425,VAN,2026-04-14,3.5738,1426,2.9508,1181,0.4421,168,1
2026,2,8479425,VAN,2026-04-12,3.9919,1662,3.1809,1304,0.5735,254,0
2026,2,8479425,VAN,2026-04-11,4.2368,1855,3.3139,1375,0.6247,302,0
2026,2,8479425,VAN,2026-04-09,4.0496,1578,4.0496,1578,NA,NA,0
2026,2,8479425,VAN,2026-04-07,3.82,1613,3.3101,1340,0.3497,193,1
2026,2,8479425,VAN,2026-04-04,3.8252,1619,2.8903,1248,0.6177,242,1
2026,2,8479425,VAN,2026-04-02,3.6313,1609,3.0209,1334,0.3207,130,0
2026,2,8479425,VAN,2026-04-01,3.9002,1727,3.0033,1314,0.4558,184,0
2026,2,8479425,VAN,2026-03-30,3.9217,1680,3.5875,1504,0.034,23,0
2026,2,8482124,LAK,2026-04-16,3.4956,1311,2.765,991,0.4068,177,0
2026,2,8482124,LAK,2026-04-14,3.2005,1159,2.736,979,0.1611,54,0
2026,2,8482124,LAK,2026-04-13,3.6793,1217,3.4069,1108,0.2723,109,0
2026,2,8482124,LAK,2026-04-11,3.6549,1261,3.3922,1166,0.0827,31,1
2026,2,8482124,LAK,2026-04-09,3.1423,1113,3.1423,1113,NA,NA,1
2026,2,8482124,LAK,2026-04-06,3.6441,1252,3.6094,1234,NA,NA,1
2026,2,8482124,LAK,2026-04-04,3.6122,1276,2.9271,1018,0.3991,142,1
2026,2,8482124,LAK,2026-04-02,3.8476,1327,3.2373,1131,0.1992,58,1
2026,2,8482124,LAK,2026-04-01,3.5688,1252,3.1335,1080,0.1267,39,1
2026,2,8482124,LAK,2026-03-28,3.2547,1143,2.6445,907,0.3755,106,1
2026,2,8475791,CAR,2026-04-13,2.9675,1123,2.9336,1098,0.0339,25,0
2026,2,8475791,CAR,2026-04-09,2.4878,907,2.4878,907,NA,NA,0
2026,2,8475791,CAR,2026-04-07,3.0274,1164,2.522,947,0.5054,217,1
2026,2,8475791,CAR,2026-04-05,2.495,909,2.2303,782,0.2647,127,0
2026,2,8475791,CAR,2026-04-04,2.5124,964,2.1007,802,0.4116,162,1
2026,2,8475791,CAR,2026-04-02,2.281,830,2.2157,808,0.0653,22,1
2026,2,8475791,CAR,2026-03-31,2.4985,948,2.1968,804,0.3017,144,0
2026,2,8475791,CAR,2026-03-29,2.8329,1044,2.5432,951,0.2879,92,1
2026,2,8475791,CAR,2026-03-28,2.4592,865,2.322,832,0.1372,33,1
2026,2,8475791,CAR,2026-03-24,2.5441,951,2.4337,902,0.1104,49,0
2026,2,8476483,PIT,2026-04-12,3.2028,1127,2.6914,932,0.4922,186,0
2026,2,8476483,PIT,2026-04-11,2.8276,1017,2.8276,1017,NA,NA,1
2026,2,8476483,PIT,2026-04-09,2.9066,1086,2.5927,972,0.2228,71,0
2026,2,8476483,PIT,2026-04-05,2.9324,1096,1.3109,464,1.1759,443,1
2026,2,8476483,PIT,2026-04-04,2.7863,1039,2.2614,838,0.5249,201,1
2026,2,8476483,PIT,2026-04-02,3.1056,1104,2.5397,895,0.4943,171,0
2026,2,8476483,PIT,2026-03-31,2.9131,1082,2.3736,844,0.5396,238,1
2026,2,8476483,PIT,2026-03-30,2.794,988,2.3929,853,0.31,102,0
2026,2,8476483,PIT,2026-03-28,3.3331,1305,2.3535,878,0.6434,285,1
2026,2,8476483,PIT,2026-03-26,3.3276,1252,3.0437,1115,0.236,114,0
2026,2,8477402,STL,2026-04-16,2.4077,882,2.3001,827,0.1076,55,0
2026,2,8477402,STL,2026-04-14,2.5181,951,2.1798,807,0.0762,41,1
2026,2,8477402,STL,2026-04-13,2.7158,1027,1.9059,675,0.5881,276,1
2026,2,8477402,STL,2026-04-11,2.4932,929,2.108,773,0.0908,31,0
2026,2,8477402,STL,2026-04-09,2.9846,1019,2.2628,759,0.6402,223,1
2026,2,8477402,STL,2026-04-07,2.4287,893,2.141,791,0.2428,87,1
2026,2,8477402,STL,2026-04-05,2.5067,910,1.5691,565,0.5859,193,0
2026,2,8477402,STL,2026-04-01,3.1802,1117,2.4983,847,0.4048,151,0
2026,2,8477402,STL,2026-03-30,2.949,1069,2.3807,818,0.1305,72,0
2026,2,8477402,STL,2026-03-28,2.4782,938,1.9914,742,0.1759,61,1
2026,2,8477476,COL,2026-04-16,2.726,1060,2.1094,767,0.5932,285,1
2026,2,8477476,COL,2026-04-14,3.215,1337,2.5016,1011,0.4254,212,0
2026,2,8477476,COL,2026-04-11,2.4913,939,2.28,857,NA,NA,1
2026,2,8477476,COL,2026-04-09,2.92,1129,2.7553,1074,0.0688,25,1
2026,2,8477476,COL,2026-04-07,3.2113,1211,2.873,1102,NA,NA,0
2026,2,8477476,COL,2026-04-05,2.6001,1013,2.1231,808,0.1012,46,1
2026,2,8477476,COL,2026-04-04,2.7629,1110,2.6211,1038,0.0523,27,0
2026,2,8477476,COL,2026-04-01,2.4303,1013,2.2586,930,0.1717,83,1
2026,2,8477476,COL,2026-03-30,2.3599,908,2.0931,804,0.1781,69,1
2026,2,8477476,COL,2026-03-28,2.2692,903,2.2619,900,NA,NA,1
2026,2,8477496,BOS,2026-04-14,2.6906,1006,2.6906,1006,NA,NA,1
2026,2,8477496,BOS,2026-04-12,2.5094,1011,2.2164,867,NA,NA,0
2026,2,8477496,BOS,2026-04-11,2.6792,1059,2.6336,1022,0.0456,37,1
2026,2,8477496,BOS,2026-04-07,3.3832,1299,2.805,1039,0.2244,85,0
2026,2,8477496,BOS,2026-04-05,2.9643,1146,2.72,1034,NA,NA,0
2026,2,8477496,BOS,2026-04-04,2.5336,976,1.9311,745,0.5614,212,0
2026,2,8477496,BOS,2026-04-02,3.096,1193,2.6305,1018,0.4175,149,0
2026,2,8477496,BOS,2026-03-31,2.2519,895,1.7275,662,0.2818,121,1
2026,2,8477496,BOS,2026-03-29,2.3841,955,1.8785,741,0.3097,125,0
2026,2,8477496,BOS,2026-03-28,2.6329,1069,2.1399,814,0.3327,156,1
2026,2,8478444,VAN,2026-04-16,2.5457,1095,2.1068,865,0.2186,104,0
2026,2,8478444,VAN,2026-04-14,3.1899,1320,2.6244,1029,0.3015,168,1
2026,2,8478444,VAN,2026-04-12,3.324,1388,2.5163,1011,0.6054,300,0
2026,2,8478444,VAN,2026-04-11,3.1057,1290,2.3583,922,0.6186,317,0
2026,2,8478444,VAN,2026-04-09,2.7142,1154,2.7142,1154,NA,NA,0
2026,2,8478444,VAN,2026-04-07,2.6635,1199,2.2578,966,0.31,193,1
2026,2,8478444,VAN,2026-04-04,2.8394,1197,2.0156,851,0.6672,278,1
2026,2,8478444,VAN,2026-04-02,2.7163,1186,2.2908,1009,0.2885,121,0
2026,2,8478444,VAN,2026-04-01,2.7501,1137,2.0001,805,0.4048,188,0
2026,2,8478444,VAN,2026-03-30,2.5733,1056,2.3418,948,0.0339,23,0
2026,2,8475765,MIN,2026-04-14,2.4654,977,2.3092,906,0.1562,71,1
2026,2,8475765,MIN,2026-04-13,2.561,1177,1.9266,814,0.6345,363,0
2026,2,8475765,MIN,2026-04-11,2.2164,810,2.0731,736,0.1433,74,0
2026,2,8475765,MIN,2026-04-09,2.2157,895,2.0485,820,0.1672,75,0
2026,2,8475765,MIN,2026-04-07,1.8354,700,1.7829,675,0.0525,25,1
2026,2,8475765,MIN,2026-04-05,2.0526,794,1.941,748,0.1117,46,0
2026,2,8475765,MIN,2026-04-04,2.1727,780,2.1727,780,NA,NA,0
2026,2,8475765,MIN,2026-04-02,2.2028,884,2.1406,857,0.0622,27,1
2026,2,8475765,MIN,2026-03-28,2.4516,1010,2.3552,962,0.0965,48,0
2026,2,8475765,MIN,2026-03-26,2.2064,814,2.0643,758,0.1421,56,0
2026,2,8478397,"CGY,VGK",2026-04-15,3.446,1313,3.3643,1287,0.0818,26,1
2026,2,8478397,"CGY,VGK",2026-04-13,3.046,1210,2.0874,776,0.487,213,1
2026,2,8478397,"CGY,VGK",2026-04-11,3.9529,1551,3.2706,1277,0.3991,121,0
2026,2,8478397,"CGY,VGK",2026-04-09,4.2434,1743,4.198,1721,NA,NA,0
2026,2,8478397,"CGY,VGK",2026-04-07,3.4327,1342,3.2156,1255,0.1297,37,0
2026,2,8478397,"CGY,VGK",2026-04-04,3.257,1323,2.8562,1144,0.1653,56,0
2026,2,8478397,"CGY,VGK",2026-04-02,3.1371000000000002,1250,2.7613,1089,0.333,125,1
2026,2,8478397,"CGY,VGK",2026-03-30,3.005,1169,2.8495,1103,0.1258,43,1
2026,2,8478397,"CGY,VGK",2026-03-28,3.6123,1400,3.1144,1187,0.1425,63,1
2026,2,8478397,"CGY,VGK",2026-03-26,3.8458,1508,3.7808,1481,0.0145,3,1
2026,2,8480220,PHI,2026-04-14,2.736,1070,2.3197,914,NA,NA,1
2026,2,8480220,PHI,2026-04-13,2.485,922,2.2041,804,0.281,118,1
2026,2,8480220,PHI,2026-04-11,2.1067,813,1.5311,574,0.2021,107,0
2026,2,8480220,PHI,2026-04-09,2.5422,966,1.7571,634,0.5974,276,0
2026,2,8480220,PHI,2026-04-07,2.2566,805,1.8543,652,0.2072,79,0
2026,2,8480220,PHI,2026-04-05,2.3374,815,1.9292,665,0.4082,150,1
2026,2,8480220,PHI,2026-04-03,2.754,966,2.0639,716,0.3651,131,0
2026,2,8480220,PHI,2026-04-02,2.4381,901,2.2311,802,0.1073,56,1
2026,2,8480220,PHI,2026-03-31,2.8293,1099,2.0491,749,0.4103,205,0
2026,2,8480220,PHI,2026-03-29,2.7493,1005,2.0426,669,0.4538,206,1
2026,2,8480865,MTL,2026-04-11,1.7207,777,1.3562,587,0.095,37,1
2026,2,8480865,MTL,2026-04-09,2.9861,1375,1.8501,796,0.5775,255,1
2026,2,8480865,MTL,2026-04-07,3.3564,1552,2.9865,1332,0.1258,53,1
2026,2,8480865,MTL,2026-04-05,3.1772,1419,2.5881,1141,0.3061,120,1
2026,2,8480865,MTL,2026-04-04,2.9056,1328,2.4889,1131,0.2843,115,0
2026,2,8480865,MTL,2026-04-02,2.9948,1363,2.4061,1093,0.256,107,0
2026,2,8480865,MTL,2026-03-31,2.7422,1305,2.1897,1015,0.0967,44,0
2026,2,8480865,MTL,2026-03-29,2.8474,1327,2.2504,1071,0.3925,152,0
2026,2,8480865,MTL,2026-03-28,2.934,1294,2.4585,1077,0.1705,73,0
2026,2,8480865,MTL,2026-03-26,3.0681,1485,2.8127,1369,0.1481,59,1
2026,2,8482175,UTA,2026-04-16,3.2988,1262,3.2988,1262,NA,NA,1
2026,2,8482175,UTA,2026-04-14,2.223,902,1.902,777,0.321,125,1
2026,2,8482175,UTA,2026-04-12,2.1554,841,1.8519,722,0.3035,119,0
2026,2,8482175,UTA,2026-04-11,2.0704,823,1.7521,688,0.3183,135,1
2026,2,8482175,UTA,2026-04-09,2.4218,897,2.2735,837,0.1483,60,1
2026,2,8482175,UTA,2026-04-07,2.6124,997,2.3359,884,0.2765,113,1
2026,2,8482175,UTA,2026-04-04,2.1131,840,1.9507,778,0.1624,62,0
2026,2,8482175,UTA,2026-04-02,2.6104,1002,2.399,907,0.2114,95,0
2026,2,8482175,UTA,2026-03-28,1.9568,777,1.9035,747,0.0533,30,0
2026,2,8482175,UTA,2026-03-26,1.8105,843,1.7797,817,0.0307,26,1
2026,2,8479385,STL,2026-04-16,2.168,828,2.0467,774,0.1213,54,0
2026,2,8479385,STL,2026-04-14,2.2147,823,2.0583,782,0.1563,41,1
2026,2,8479385,STL,2026-04-13,2.4433,949,1.8097,684,0.6336,265,1
2026,2,8479385,STL,2026-04-11,2.075,761,1.9917,731,0.0833,30,0
2026,2,8479385,STL,2026-04-09,2.8544,1026,2.3078,822,0.5466,204,1
2026,2,8479385,STL,2026-04-07,2.3908,875,2.1181,782,0.2728,93,1
2026,2,8479385,STL,2026-04-05,2.6213,889,2.2169,750,0.4044,139,0
2026,2,8479385,STL,2026-04-03,2.1723,786,1.9004,675,0.2719,111,0
2026,2,8479385,STL,2026-04-01,2.7734,1010,2.3929,866,0.3805,144,0
2026,2,8479385,STL,2026-03-30,2.4059,862,2.2322,789,0.1738,73,0
2026,2,8481580,WSH,2026-04-14,2.6034,986,2.1937,809,0.2716,107,0
2026,2,8481580,WSH,2026-04-12,2.5869,931,2.3739,849,NA,NA,1
2026,2,8481580,WSH,2026-04-11,2.6315,902,2.6315,902,NA,NA,0
2026,2,8481580,WSH,2026-04-08,2.6909,1006,2.1649,772,NA,NA,0
2026,2,8481580,WSH,2026-04-05,2.6369,1032,1.857,701,0.3989,161,0
2026,2,8481580,WSH,2026-04-04,2.4811,963,1.9755,740,0.1164,55,1
2026,2,8481580,WSH,2026-04-02,2.471,923,1.9482,735,0.249,93,0
2026,2,8481580,WSH,2026-03-31,2.8093,1083,1.9854,732,0.4278,180,1
2026,2,8481580,WSH,2026-03-28,3.1756,1210,2.5352,918,0.3477,146,0
2026,2,8481580,WSH,2026-03-26,2.7103,1005,1.8164,666,0.4983,160,0
2026,2,8481596,OTT,2026-04-15,2.7237,1080,2.0013,768,0.4519,181,1
2026,2,8481596,OTT,2026-04-12,3.3561,1293,2.3012,841,0.5471,230,0
2026,2,8481596,OTT,2026-04-11,2.9705,1191,2.0528,805,0.3188,128,0
2026,2,8481596,OTT,2026-04-09,2.3572,909,2.283,872,NA,NA,1
2026,2,8481596,OTT,2026-04-07,2.5293,1040,2.1655,881,0.0965,35,1
2026,2,8481596,OTT,2026-04-05,2.6397,1030,2.2619,882,0.127,37,1
2026,2,8481596,OTT,2026-04-04,3.0229,1179,2.7199,1049,0.2136,93,1
2026,2,8481596,OTT,2026-04-02,2.8861,1210,2.4537,999,0.1568,71,1
2026,2,8481596,OTT,2026-03-31,3.2126,1248,2.0689,772,0.8793,339,0
2026,2,8481596,OTT,2026-03-28,2.6228,1023,2.1679,844,0.1269,44,0
2026,2,8482259,"TOR,SEA",2026-04-16,2.7455,996,2.4329,877,0.3126,119,0
2026,2,8482259,"TOR,SEA",2026-04-15,2.4515,881,2.4515,881,NA,NA,0
2026,2,8482259,"TOR,SEA",2026-04-13,3.1814,1074,3.0415,1032,NA,NA,1
2026,2,8482259,"TOR,SEA",2026-04-11,3.1197,1167,2.9037,1079,0.216,88,1
2026,2,8482259,"TOR,SEA",2026-04-09,3.35,1173,3.35,1173,NA,NA,1
2026,2,8482259,"TOR,SEA",2026-04-07,2.9171,1106,2.5648,936,0.3523,170,0
2026,2,8482259,"TOR,SEA",2026-04-06,2.7358,1012,2.7358,1012,NA,NA,0
2026,2,8482259,"TOR,SEA",2026-04-04,2.652,957,2.4077,850,0.2443,107,1
2026,2,8482259,"TOR,SEA",2026-04-02,2.4818,894,2.1822,761,0.2996,133,1
2026,2,8482259,"TOR,SEA",2026-03-31,2.5231,949,2.2581,830,0.2644,117,0
2026,2,8484911,SJS,2026-04-16,2.9184,1053,2.4367,847,0.2246,73,0
2026,2,8484911,SJS,2026-04-15,2.5357,925,2.0382,718,NA,NA,0
2026,2,8484911,SJS,2026-04-13,2.5888,990,2.3355,896,NA,NA,0
2026,2,8484911,SJS,2026-04-11,2.073,763,1.7262,620,NA,NA,1
2026,2,8484911,SJS,2026-04-09,3.1445,1169,3.101,1151,NA,NA,0
2026,2,8484911,SJS,2026-04-08,2.5717,1019,2.1796,847,NA,NA,1
2026,2,8484911,SJS,2026-04-06,2.9526,1236,2.6116,1022,0.0111,8,1
2026,2,8484911,SJS,2026-04-04,2.7003,1023,2.5699,971,NA,NA,1
2026,2,8484911,SJS,2026-04-02,2.2559,833,2.228,826,NA,NA,1
2026,2,8484911,SJS,2026-04-01,3.0147,1190,2.7548,1077,NA,NA,1
2026,2,8475168,DAL,2026-04-15,2.9691,1046,2.3557,830,0.6134,216,0
2026,2,8475168,DAL,2026-04-13,2.8724,1116,2.2369,845,0.6354,271,0
2026,2,8475168,DAL,2026-04-11,2.946,1114,2.0966,767,0.8494,347,1
2026,2,8475168,DAL,2026-04-09,2.3778,860,2.2376,806,0.1402,54,1
2026,2,8475168,DAL,2026-04-07,2.8875,1117,2.3609,872,0.5265,245,1
2026,2,8475168,DAL,2026-04-04,2.7586,1043,2.3164,878,0.4422,165,1
2026,2,8475168,DAL,2026-04-02,2.4866,937,2.3512,870,0.1354,67,1
2026,2,8475168,DAL,2026-03-31,2.4955,985,1.9273,748,0.5682,237,0
2026,2,8475168,DAL,2026-03-29,2.701,1040,2.3792,868,0.3218,172,0
2026,2,8475168,DAL,2026-03-28,2.595,1053,1.8934,728,0.7016,325,0
2026,2,8475722,BUF,2026-04-13,2.2175,849,1.8542,710,0.3372,132,0
2026,2,8475722,BUF,2026-04-09,2.1358,858,1.7737,708,0.3621,150,1
2026,2,8475722,BUF,2026-04-08,2.5238,1094,2.0188,814,0.505,280,0
2026,2,8475722,BUF,2026-04-06,2.0432,824,1.3765,486,0.6667,338,1
2026,2,8475722,BUF,2026-04-04,2.7047,1100,2.166,805,0.5387,295,0
2026,2,8475722,BUF,2026-04-02,2.4263,1008,2.147,863,0.2793,145,0
2026,2,8475722,BUF,2026-03-31,2.2412,932,1.8462,721,0.3951,211,1
2026,2,8475722,BUF,2026-03-28,1.9413,845,1.6174,653,0.3239,192,1
2026,2,8475722,BUF,2026-03-27,2.4911,1024,1.941,723,0.5501,301,1
2026,2,8475722,BUF,2026-03-25,2.3274,958,1.8539,725,0.4734,233,1
2026,2,8478975,"SEA,CBJ",2026-04-14,2.5552,975,2.3535,868,0.2018,107,1
2026,2,8478975,"SEA,CBJ",2026-04-12,3.4,1356,2.7595,1041,0.6405,315,1
2026,2,8478975,"SEA,CBJ",2026-04-11,2.397,916,1.6562,614,0.7408,302,0
2026,2,8478975,"SEA,CBJ",2026-04-09,2.5884,1076,1.86,659,0.7284,417,0
2026,2,8478975,"SEA,CBJ",2026-04-07,2.8346,1183,2.305,922,0.5296,261,0
2026,2,8478975,"SEA,CBJ",2026-04-04,2.6265,1010,2.6139,1001,0.0126,9,1
2026,2,8478975,"SEA,CBJ",2026-03-31,2.6385,1042,2.3177,870,0.3209,172,1
2026,2,8478975,"SEA,CBJ",2026-03-29,2.4313,899,2.1585,782,0.2728,117,1
2026,2,8478975,"SEA,CBJ",2026-03-28,2.288,858,2.0129,741,0.2751,117,1
2026,2,8478975,"SEA,CBJ",2026-03-26,2.8157,1116,2.6421,1027,0.1727,89,0
2026,2,8482679,CGY,2026-04-16,2.9348,1164,2.3377,907,0.5763,248,1
2026,2,8482679,CGY,2026-04-12,2.8446,1048,1.9575,720,0.8647,318,1
2026,2,8482679,CGY,2026-04-11,2.77,993,2.5736,915,0.1915,76,0
2026,2,8482679,CGY,2026-04-09,3.1983,1155,2.9631,1088,0.2052,67,0
2026,2,8482679,CGY,2026-04-07,2.5859,1037,2.1435,873,0.4424,164,0
2026,2,8482679,CGY,2026-04-04,2.4513,911,2.3461,871,0.1053,40,0
2026,2,8482679,CGY,2026-04-02,2.4657,934,2.2133,810,0.2428,120,0
2026,2,8482679,CGY,2026-03-30,2.5479,900,2.4175,849,0.1304,51,0
2026,2,8482679,CGY,2026-03-28,2.5915,942,2.1826,797,0.3992,140,1
2026,2,8482679,CGY,2026-03-26,2.6652,938,2.4925,889,0.1726,49,1
2026,2,8484186,WSH,2026-04-14,2.3198,965,1.958,819,0.3618,146,0
2026,2,8484186,WSH,2026-04-12,2.462,940,2.3245,889,0.1375,51,1
2026,2,8484186,WSH,2026-04-11,2.2355,840,2.2355,840,NA,NA,0
2026,2,8484186,WSH,2026-04-08,2.1423,802,1.8736,703,0.2687,99,0
2026,2,8484186,WSH,2026-04-05,2.525,958,2.0208,765,0.5041,193,0
2026,2,8484186,WSH,2026-04-04,2.1053,775,1.7789,663,0.3265,112,1
2026,2,8484186,WSH,2026-04-02,2.0837,826,1.7353,656,0.3484,170,0
2026,2,8484186,WSH,2026-03-31,1.7739,689,1.4542,562,0.3197,127,1
2026,2,8484186,WSH,2026-03-28,2.3198,917,2.0532,826,0.2665,91,0
2026,2,8484186,WSH,2026-03-26,2.3548,922,1.7267,684,0.6281,238,0
2026,2,8478407,SEA,2026-04-16,2.8365,1236,2.5914,1142,0.2425,93,0
2026,2,8478407,SEA,2026-04-15,2.8812,1181,2.8812,1181,NA,NA,0
2026,2,8478407,SEA,2026-04-13,2.3371,944,2.3371,944,NA,NA,1
2026,2,8478407,SEA,2026-04-11,2.6711,1136,2.0552,869,0.616,267,1
2026,2,8478407,SEA,2026-04-09,3.3143,1370,3.1818,1311,0.1325,59,1
2026,2,8478407,SEA,2026-04-07,3.0861,1338,2.6441,1155,0.442,183,0
2026,2,8478407,SEA,2026-04-06,2.7351,1149,2.7351,1149,NA,NA,0
2026,2,8478407,SEA,2026-04-04,2.7723,1165,2.5794,1070,0.1929,95,1
2026,2,8478407,SEA,2026-04-02,2.7541,1148,2.4277,1024,0.3264,124,1
2026,2,8478407,SEA,2026-03-31,2.8801,1321,2.3349,1055,0.5432,264,0
2026,2,8478414,NJD,2026-04-14,2.7101,945,2.7101,945,NA,NA,0
2026,2,8478414,NJD,2026-04-12,2.8343,1014,2.5361,889,0.2559,108,1
2026,2,8478414,NJD,2026-04-11,3.5796,1251,3.5796,1251,NA,NA,0
2026,2,8478414,NJD,2026-04-09,2.9984,1020,2.8566,968,0.1418,52,1
2026,2,8478414,NJD,2026-04-07,2.7844,1096,2.3574,929,0.427,167,1
2026,2,8478414,NJD,2026-04-05,2.9122,1102,2.5846,1001,0.3135,95,0
2026,2,8478414,NJD,2026-04-04,3.6388,1206,3.5395,1176,0.0992,30,1
2026,2,8478414,NJD,2026-04-02,2.9841,1088,2.8474,1040,0.1367,48,1
2026,2,8478414,NJD,2026-03-31,3.0779,1109,2.8052,1019,0.2727,90,0
2026,2,8478414,NJD,2026-03-29,3.2743,1159,3.1496,1111,0.1248,48,1
2026,2,8478449,DAL,2026-03-06,1.9772,686,1.5543,502,0.1509,75,1
2026,2,8478449,DAL,2026-02-04,2.413,908,1.9136,673,0.4993,234,1
2026,2,8478449,DAL,2026-02-02,3.1788,1170,2.4855,820,0.5607,281,1
2026,2,8478449,DAL,2026-01-31,2.6768,956,1.9606,655,0.6351,275,0
2026,2,8478449,DAL,2026-01-29,2.8368,920,2.5485,815,0.2883,105,0
2026,2,8478449,DAL,2026-01-27,2.7214,967,2.3509,789,0.3705,178,0
2026,2,8478449,DAL,2026-01-23,3.4232,1212,2.4265,846,0.9966,366,1
2026,2,8478449,DAL,2026-01-22,3.2825,1190,2.813,1015,0.4694,175,0
2026,2,8478449,DAL,2026-01-20,2.807,966,2.4382,805,0.3348,149,1
2026,2,8478449,DAL,2026-01-18,2.9962,1077,2.6305,906,0.3657,171,1
2026,2,8478474,UTA,2026-04-16,2.9122,1115,2.8075,1076,NA,NA,1
2026,2,8478474,UTA,2026-04-14,2.694,1052,2.0309,769,0.3051,132,1
2026,2,8478474,UTA,2026-04-12,3.0035,1135,2.2196,802,0.1747,79,0
2026,2,8478474,UTA,2026-04-11,2.8163,1026,2.2568,795,0.3701,150,1
2026,2,8478474,UTA,2026-04-09,2.6125,987,2.2069,791,0.103,47,1
2026,2,8478474,UTA,2026-04-07,3.3603,1261,2.6703,978,0.2648,117,1
2026,2,8478474,UTA,2026-04-04,2.331,909,1.682,634,0.1577,58,0
2026,2,8478474,UTA,2026-04-02,2.5026,947,2.0098,710,0.2072,97,0
2026,2,8478474,UTA,2026-03-28,2.7034,972,2.2921,817,0.0401,16,0
2026,2,8478474,UTA,2026-03-26,1.5718,611,1.2039,455,0.0538,33,1
2026,2,8482113,FLA,2026-03-19,2.6344,985,2.1041,758,0.2453,111,0
2026,2,8482113,FLA,2026-03-17,3.633,1265,2.7649,920,0.567,228,0
2026,2,8482113,FLA,2026-03-15,3.3441,1144,2.4053,803,0.7473,268,0
2026,2,8482113,FLA,2026-03-10,3.1248,1112,2.644,894,0.4809,218,1
2026,2,8482113,FLA,2026-03-06,3.3187,1170,2.656,944,0.3341,104,0
2026,2,8482113,FLA,2026-03-05,3.0394,1112,2.7066,967,0.1219,45,0
2026,2,8482113,FLA,2026-03-03,3.2406,1196,3.0111,1086,0.0624,39,0
2026,2,8482113,FLA,2026-03-01,2.9906,1050,2.7843,979,0.1456,47,0
2026,2,8482113,FLA,2026-02-27,2.6748,1003,2.0955,747,0.1093,57,1
2026,2,8482113,FLA,2026-02-26,2.7727,978,2.1329,723,0.2495,76,1
2026,2,8482155,LAK,2026-04-16,3.0225,1202,2.5284,995,0.2186,79,0
2026,2,8482155,LAK,2026-04-14,3.0195,1234,2.3677,925,0.4376,186,0
2026,2,8482155,LAK,2026-04-13,3.6003,1270,3.2338,1135,0.3665,135,0
2026,2,8482155,LAK,2026-04-11,3.3822,1300,3.1138,1153,0.1827,94,1
2026,2,8482155,LAK,2026-04-09,3.0633,1137,3.0633,1137,NA,NA,1
2026,2,8482155,LAK,2026-04-06,3.3394,1245,3.3341,1241,NA,NA,1
2026,2,8482155,LAK,2026-04-04,3.597,1450,2.4772,909,0.9838,458,1
2026,2,8482155,LAK,2026-04-02,3.8943,1448,2.8369,1023,0.7603,268,1
2026,2,8482155,LAK,2026-04-01,3.2445,1196,2.6983,978,0.35,131,1
2026,2,8482155,LAK,2026-03-28,2.718,1056,2.2065,850,0.3967,143,1
2026,2,8482702,CAR,2026-04-14,2.2662,771,2.0302,696,0.236,75,0
2026,2,8482702,CAR,2026-04-13,3.4541,1219,3.4263,1194,0.0278,25,0
2026,2,8482702,CAR,2026-04-09,3.0724,1064,3.0724,1064,NA,NA,0
2026,2,8482702,CAR,2026-04-07,3.4102,1202,2.8387,970,0.5419,217,1
2026,2,8482702,CAR,2026-04-05,2.4083,884,2.1371000000000002,757,0.2713,127,0
2026,2,8482702,CAR,2026-04-04,2.7029,1005,2.2493,840,0.4536,165,1
2026,2,8482702,CAR,2026-04-02,2.5721,909,2.4995,890,0.0726,19,1
2026,2,8482702,CAR,2026-03-31,2.5658,954,2.2408,813,0.325,141,0
2026,2,8482702,CAR,2026-03-29,3.0963,1118,2.801,1028,0.2943,89,1
2026,2,8482702,CAR,2026-03-28,2.5457,884,2.4026,843,0.1093,33,1
2026,2,8474150,CGY,2026-04-16,2.5356,982,2.3162,890,0.0012,2,1
2026,2,8474150,CGY,2026-04-14,2.6751,996,2.2365,788,NA,NA,1
2026,2,8474150,CGY,2026-04-12,2.7036,1062,2.3209,876,0.0585,34,1
2026,2,8474150,CGY,2026-04-11,2.6637,916,2.2302,754,0.0977,42,0
2026,2,8474150,CGY,2026-04-09,2.9299,1036,2.7034,943,0.125,57,0
2026,2,8474150,CGY,2026-04-07,3.2172,1298,2.3315,853,0.186,68,0
2026,2,8474150,CGY,2026-04-04,3.3773,1300,2.792,1027,0.186,80,0
2026,2,8474150,CGY,2026-04-02,3.0773,1220,2.2792,846,NA,NA,0
2026,2,8474150,CGY,2026-03-30,2.8454,1076,2.3769,851,0.1848,63,0
2026,2,8474150,CGY,2026-03-28,2.9516,1121,2.3833,867,0.1092,41,1
2026,2,8477015,NJD,2026-04-14,3.13,1090,2.881,981,0.249,109,0
2026,2,8477015,NJD,2026-04-12,3.1859,1153,2.4927,878,0.4917,201,1
2026,2,8477015,NJD,2026-04-11,3.1691,1097,3.0424,1044,NA,NA,0
2026,2,8477015,NJD,2026-04-09,3.1435,1089,2.8684,996,0.1701,58,1
2026,2,8477015,NJD,2026-04-07,3.1067,1205,2.3971,905,0.5388,233,1
2026,2,8477015,NJD,2026-04-05,3.3152,1257,2.468,911,0.3411,145,0
2026,2,8477015,NJD,2026-04-04,3.7626,1337,2.8655,1017,0.1711,90,1
2026,2,8477015,NJD,2026-04-02,3.1457,1143,2.5466,904,0.3223,129,1
2026,2,8477015,NJD,2026-03-31,3.4298,1266,2.5489,929,0.4307,177,0
2026,2,8477015,NJD,2026-03-29,3.2573,1167,2.679,960,0.205,93,1
2026,2,8477429,DET,2026-04-15,2.6096,913,2.4119,835,0.1316,55,0
2026,2,8477429,DET,2026-04-13,2.7232,1001,2.3615,844,0.2642,113,0
2026,2,8477429,DET,2026-04-11,2.7844,1061,2.72,1036,0.0644,25,1
2026,2,8477429,DET,2026-04-09,2.9583,1085,2.3488,826,NA,NA,1
2026,2,8477429,DET,2026-04-07,2.7609,1053,2.4536,915,NA,NA,1
2026,2,8477429,DET,2026-04-05,3.0402,1162,2.7454,1026,0.0617,24,1
2026,2,8477429,DET,2026-04-04,3.048,1230,2.4564,978,0.5128,225,0
2026,2,8477429,DET,2026-04-02,2.6786,1019,2.5125,927,0.0523,18,0
2026,2,8477429,DET,2026-03-31,2.8379,1054,2.67,988,NA,NA,0
2026,2,8477429,DET,2026-03-28,3.1535,1267,2.8493,1156,0.1178,45,1
2026,2,8477451,MIN,2026-04-11,2.9539,1239,2.5683,1069,0.1638,72,0
2026,2,8477451,MIN,2026-04-09,2.2416,877,2.1868,854,0.0548,23,0
2026,2,8477451,MIN,2026-04-07,3.0093,1107,2.9547,1082,0.0547,25,1
2026,2,8477451,MIN,2026-04-05,2.5455,960,2.4694,929,0.076,31,0
2026,2,8477451,MIN,2026-04-04,2.0403,868,2.0218,862,0.0185,6,0
2026,2,8477451,MIN,2026-04-02,2.5068,1110,2.4475,1083,0.0593,27,1
2026,2,8477451,MIN,2026-03-28,2.5507,1026,2.4949,997,0.0559,29,0
2026,2,8477451,MIN,2026-03-26,2.3638,890,2.3088,862,0.055,28,0
2026,2,8477451,MIN,2026-03-24,2.5911,970,2.5465,948,0.0446,22,0
2026,2,8477451,MIN,2026-03-21,2.4802,1017,2.1159,846,0.3643,171,1
2026,2,8480028,CGY,2026-04-16,2.9976,1135,2.4449,887,0.5287,237,1
2026,2,8480028,CGY,2026-04-14,2.666,952,2.2988,823,0.3485,121,1
2026,2,8480028,CGY,2026-04-12,2.7472,1010,2.0256,720,0.7006,280,1
2026,2,8480028,CGY,2026-04-11,2.9694,1061,2.7522,978,0.2116,80,0
2026,2,8480028,CGY,2026-04-09,3.2808,1151,3.0768,1072,0.191,73,0
2026,2,8480028,CGY,2026-04-07,2.719,959,2.0937,712,0.6126,235,0
2026,2,8480028,CGY,2026-04-04,2.5059,932,2.4049,892,0.101,40,0
2026,2,8480028,CGY,2026-04-02,2.4936,943,2.3092,815,0.1749,124,0
2026,2,8480028,CGY,2026-03-30,2.4203,847,2.2869,791,0.1224,51,0
2026,2,8480028,CGY,2026-03-28,2.3074,845,1.9246,702,0.3718,138,1
2026,2,8483431,UTA,2026-04-16,2.2302,831,2.1212,788,NA,NA,1
2026,2,8483431,UTA,2026-04-14,2.7454,1097,1.9955,732,0.6454,331,1
2026,2,8483431,UTA,2026-04-12,2.5074,977,1.7067,594,0.5695,302,0
2026,2,8483431,UTA,2026-04-11,3.5088,1391,2.5502,994,0.9122,374,1
2026,2,8483431,UTA,2026-04-09,2.9313,1050,2.4735,843,0.4304,199,1
2026,2,8483431,UTA,2026-04-07,2.9212,1108,2.6675,986,0.2538,122,1
2026,2,8483431,UTA,2026-04-04,2.2161,885,1.8144,680,0.4017,205,0
2026,2,8483431,UTA,2026-04-02,2.5902,1034,2.0617,760,0.5284,274,0
2026,2,8483431,UTA,2026-03-28,2.6411,998,2.3907,834,0.2504,164,0
2026,2,8483431,UTA,2026-03-26,3.1744,1225,2.4553,908,0.6249,289,1
2026,2,8484145,BUF,2026-04-15,3.9767,1462,3.0303,1067,0.5278,243,1
2026,2,8484145,BUF,2026-04-13,2.3739,862,1.9783,707,0.2544,112,0
2026,2,8484145,BUF,2026-04-09,2.5054,939,2.0495,745,0.1881,90,1
2026,2,8484145,BUF,2026-04-08,2.1043,779,1.8763,680,0.1521,69,0
2026,2,8484145,BUF,2026-04-06,2.9242,1064,2.2052,787,0.2806,116,1
2026,2,8484145,BUF,2026-04-04,2.401,920,1.9922,741,0.4088,179,0
2026,2,8484145,BUF,2026-04-02,2.7203,1055,2.4561,920,0.1386,95,0
2026,2,8484145,BUF,2026-03-31,2.1588,782,2.0751,730,0.0837,52,1
2026,2,8484145,BUF,2026-03-28,2.407,879,1.7878,630,0.0945,53,1
2026,2,8484145,BUF,2026-03-27,2.9334,1015,2.2215,774,0.1269,49,1
2026,2,8475314,NYI,2026-04-14,2.3992,991,2.1773,882,0.1858,95,1
2026,2,8475314,NYI,2026-04-12,2.3204,966,2.217,902,0.1034,64,1
2026,2,8475314,NYI,2026-04-11,1.6617,749,1.2782,559,0.3834,190,1
2026,2,8475314,NYI,2026-04-09,2.6206,1028,2.2995,843,0.3211,185,1
2026,2,8475314,NYI,2026-04-04,2.3779,1006,2.2775,960,0.1004,46,0
2026,2,8475314,NYI,2026-04-03,2.4664,1057,2.194,903,0.2724,154,1
2026,2,8475314,NYI,2026-03-31,2.237,850,2.205,834,0.032,16,0
2026,2,8475314,NYI,2026-03-30,2.5336,938,2.3328,857,0.2008,81,1
2026,2,8475314,NYI,2026-03-28,2.8155,1097,2.5732,969,0.2423,128,1
2026,2,8475314,NYI,2026-03-26,2.4464,984,2.0732,814,0.3732,170,1
2026,2,8478438,PIT,2026-04-14,2.9894,1196,2.6414,1025,0.3481,171,0
2026,2,8478438,PIT,2026-04-12,2.6627,989,2.538,935,0.1247,54,0
2026,2,8478438,PIT,2026-04-11,2.4203,872,2.4203,872,NA,NA,1
2026,2,8478438,PIT,2026-04-09,2.4808,981,2.3423,932,0.1385,49,0
2026,2,8478438,PIT,2026-04-05,2.3155,869,1.6371,647,0.6784,222,1
2026,2,8478438,PIT,2026-04-04,2.6946,1029,2.5574,977,0.1372,52,1
2026,2,8478438,PIT,2026-04-02,2.417,867,2.2204,791,0.1966,76,0
2026,2,8478438,PIT,2026-03-31,2.5334,965,2.3042,852,0.2292,113,1
2026,2,8478438,PIT,2026-03-30,2.0162,739,2.0162,739,NA,NA,0
2026,2,8478438,PIT,2026-03-28,2.4548,914,2.2318,804,0.223,109,1
2026,2,8478498,VAN,2026-04-16,2.7095,911,2.4573,803,0.1228,62,0
2026,2,8478498,VAN,2026-04-14,2.8961,1066,2.494,871,0.3154,168,1
2026,2,8478498,VAN,2026-04-12,3.143,1163,2.7618,980,0.3812,183,0
2026,2,8478498,VAN,2026-04-11,2.9884,1066,2.4498,776,0.5386,290,0
2026,2,8478498,VAN,2026-04-09,2.8288,1038,2.8288,1038,NA,NA,0
2026,2,8478498,VAN,2026-04-07,2.9191,1108,2.5558,892,0.3104,193,1
2026,2,8478498,VAN,2026-04-04,2.5366,996,1.9805,724,0.4475,233,1
2026,2,8478498,VAN,2026-04-02,2.4942,944,2.2861,865,0.2081,79,0
2026,2,8478498,VAN,2026-04-01,2.5837,1022,2.1619,813,0.3274,173,0
2026,2,8478498,VAN,2026-03-30,2.821,1013,2.5637,910,0.0247,23,0
2026,2,8479999,BOS,2026-04-12,2.3472,859,2.3459,858,NA,NA,0
2026,2,8479999,BOS,2026-04-11,2.7026,1048,2.7026,1045,NA,NA,1
2026,2,8479999,BOS,2026-04-07,2.6786,992,2.2624,857,0.4162,135,0
2026,2,8479999,BOS,2026-04-05,2.5104,858,2.3299,788,0.1805,70,0
2026,2,8479999,BOS,2026-04-04,2.5338,978,2.1439,800,0.3899,178,0
2026,2,8479999,BOS,2026-04-02,2.2426,846,2.0423,752,0.2003,94,0
2026,2,8479999,BOS,2026-03-31,2.6023,929,2.3489,815,0.2496,112,1
2026,2,8479999,BOS,2026-03-29,2.5639,995,2.2712,856,0.2927,139,0
2026,2,8479999,BOS,2026-03-28,2.2248,841,2.0371,758,0.184,81,1
2026,2,8479999,BOS,2026-03-25,2.356,868,2.0433,742,0.3127,126,0
2026,2,8481524,BUF,2026-04-15,2.6967,1175,2.1621,937,0.3328,121,1
2026,2,8481524,BUF,2026-04-13,2.9791,1271,2.5696,1118,0.3274,117,0
2026,2,8481524,BUF,2026-04-09,2.6632,1172,2.3132,985,0.1845,75,1
2026,2,8481524,BUF,2026-04-08,2.9733,1327,2.8333,1269,0.14,58,0
2026,2,8481524,BUF,2026-04-06,3.0466,1276,2.428,1001,0.3398,124,1
2026,2,8481524,BUF,2026-04-04,2.9959,1259,2.5225,1031,0.3381,146,0
2026,2,8481524,BUF,2026-04-02,3.1938,1378,3.1307,1344,0.0631,34,0
2026,2,8481524,BUF,2026-03-31,2.8894,1334,2.7025,1208,0.0579,52,1
2026,2,8481524,BUF,2026-03-28,3.2026,1289,2.9401,1159,0.0989,53,1
2026,2,8481524,BUF,2026-03-27,3.2455,1277,2.9124,1142,0.1141,42,1
2026,2,8482110,NJD,2026-04-14,2.7089,985,2.7089,985,NA,NA,0
2026,2,8482110,NJD,2026-04-12,2.9648,1136,2.18,796,0.2202,107,1
2026,2,8482110,NJD,2026-04-11,3.4152,1258,3.3026,1215,NA,NA,0
2026,2,8482110,NJD,2026-04-09,2.9408,1041,2.6728,954,0.1466,49,1
2026,2,8482110,NJD,2026-04-07,2.847,1065,2.2442,819,0.38,158,1
2026,2,8482110,NJD,2026-04-05,3.4399,1294,2.6311,988,0.1842,58,0
2026,2,8482110,NJD,2026-04-04,3.4209,1307,2.747,1045,0.0948,30,1
2026,2,8482110,NJD,2026-04-02,3.1364,1200,2.8108,1073,0.1462,47,1
2026,2,8482110,NJD,2026-03-31,2.9933,1071,2.377,859,0.2596,75,0
2026,2,8482110,NJD,2026-03-29,3.4438,1270,2.8977,1025,0.1123,47,1
2026,2,8482475,"CBJ,PIT",2026-04-12,2.9446,1020,2.8331,975,0.1115,45,0
2026,2,8482475,"CBJ,PIT",2026-04-11,2.9437,968,2.9437,968,NA,NA,1
2026,2,8482475,"CBJ,PIT",2026-04-09,2.5179,863,2.4435,815,0.0745,48,0
2026,2,8482475,"CBJ,PIT",2026-04-05,2.3834,817,1.8582,647,0.5252,170,1
2026,2,8482475,"CBJ,PIT",2026-04-04,3.1069,1030,2.9139,924,0.193,106,1
2026,2,8482475,"CBJ,PIT",2026-04-02,3.2302,1099,2.9896,997,0.2406,102,0
2026,2,8482475,"CBJ,PIT",2026-03-31,3.0468,1025,2.7841,912,0.2626,113,1
2026,2,8482475,"CBJ,PIT",2026-03-30,2.764,898,2.764,898,NA,NA,0
2026,2,8482475,"CBJ,PIT",2026-03-28,3.135,1116,2.5802,859,0.5548,257,1
2026,2,8482475,"CBJ,PIT",2026-03-26,3.8799,1284,3.6285,1181,0.2515,103,0
2026,2,8475218,EDM,2026-04-16,2.6631,1141,2.5105,1064,NA,NA,1
2026,2,8475218,EDM,2026-04-13,3.1313,1341,2.7619,1155,0.0101,7,1
2026,2,8475218,EDM,2026-04-11,3.0453,1270,2.915,1204,NA,NA,0
2026,2,8475218,EDM,2026-04-08,2.5132,1059,2.2704,943,NA,NA,0
2026,2,8475218,EDM,2026-04-07,3.0253,1220,2.6498,1060,0.2379,91,0
2026,2,8475218,EDM,2026-04-04,2.9137,1198,2.6434,1067,0.1652,72,1
2026,2,8475218,EDM,2026-04-02,1.8416,987,1.8416,970,NA,NA,1
2026,2,8475218,EDM,2026-03-31,2.5387,1107,2.3997,1017,0.0204,12,1
2026,2,8475218,EDM,2026-03-28,2.7981,1207,2.3811,1004,0.0968,47,1
2026,2,8475218,EDM,2026-03-26,2.7258,1130,2.4805,1024,0.0848,37,0
2026,2,8475798,ANA,2026-04-16,2.7895,1088,2.0951,770,0.5506,247,0
2026,2,8475798,ANA,2026-04-14,3.0529,1253,2.8285,1102,0.1559,105,0
2026,2,8475798,ANA,2026-04-12,3.546,1393,3.0326,1125,0.2749,150,1
2026,2,8475798,ANA,2026-04-09,2.4563,938,2.2229,810,0.2334,128,1
2026,2,8475798,ANA,2026-04-07,3.1592,1415,2.2074,854,0.7269,428,1
2026,2,8475798,ANA,2026-04-04,2.962,1254,2.6386,1090,0.2261,127,1
2026,2,8475798,ANA,2026-04-03,2.8752,1232,2.1746,854,0.3422,218,1
2026,2,8475798,ANA,2026-04-01,2.7452,1170,2.1273,860,0.4624,244,0
2026,2,8475798,ANA,2026-03-30,3.5938,1493,2.6881,997,0.7358,395,1
2026,2,8475798,ANA,2026-03-28,3.1379,1275,2.3233,837,0.4372,244,0
2026,2,8480807,BUF,2026-04-13,2.6904,1139,2.1874,857,NA,NA,0
2026,2,8480807,BUF,2026-04-09,2.8162,1263,2.334,949,NA,NA,1
2026,2,8480807,BUF,2026-04-08,2.6298,1239,2.4072,1108,NA,NA,0
2026,2,8480807,BUF,2026-04-06,2.8945,1364,2.1568,950,NA,NA,1
2026,2,8480807,BUF,2026-04-04,2.8223,1194,2.6418,1125,0.0723,22,0
2026,2,8480807,BUF,2026-04-02,2.7941,1249,2.4867,1100,NA,NA,0
2026,2,8480807,BUF,2026-03-31,3.3615,1364,3.2367,1285,3e-4,0,1
2026,2,8480807,BUF,2026-03-28,3.743,1574,3.242,1303,NA,NA,1
2026,2,8480807,BUF,2026-03-27,3.2315,1311,2.5266,971,NA,NA,1
2026,2,8480807,BUF,2026-03-25,3.2107,1276,2.9231,1141,NA,NA,1
2026,2,8481601,NYI,2026-04-14,2.7866,997,2.4039,852,0.276,91,1
2026,2,8481601,NYI,2026-04-12,2.6588,968,2.3393,831,0.1923,75,1
2026,2,8481601,NYI,2026-04-11,2.9774,1121,1.9114,673,0.6082,222,1
2026,2,8481601,NYI,2026-04-09,2.7988,984,2.2845,780,0.3844,137,1
2026,2,8481601,NYI,2026-04-04,2.5638,958,2.0815,757,0.1421,46,0
2026,2,8481601,NYI,2026-04-03,3.2606,1209,2.774,998,0.1838,63,1
2026,2,8481601,NYI,2026-03-30,2.551,903,2.3441,828,0.1312,51,1
2026,2,8481601,NYI,2026-03-28,2.5977,933,2.0777,732,0.3931,136,1
2026,2,8481601,NYI,2026-03-26,2.8159,1111,2.1306,866,0.4436,145,1
2026,2,8481601,NYI,2026-03-24,2.4989,896,2.1673,773,0.0638,21,1
2026,2,8482145,DAL,2026-04-15,2.8149,1026,2.5278,918,0.2871,108,0
2026,2,8482145,DAL,2026-04-13,2.406,956,2.2492,900,0.1569,56,0
2026,2,8482145,DAL,2026-04-11,2.8329,1150,2.6843,1076,0.1486,74,1
2026,2,8482145,DAL,2026-04-09,2.5759,1020,2.5759,1020,NA,NA,1
2026,2,8482145,DAL,2026-04-07,3.1609,1156,2.7495,997,0.4115,159,1
2026,2,8482145,DAL,2026-04-04,2.8743,1191,2.6853,1112,0.1763,73,1
2026,2,8482145,DAL,2026-04-02,2.6953,1079,2.6953,1079,NA,NA,1
2026,2,8482145,DAL,2026-03-31,2.2057,855,2.0121000000000002,785,0.1937,70,0
2026,2,8482145,DAL,2026-03-29,2.9071,1082,2.6802,1011,0.227,71,0
2026,2,8482145,DAL,2026-03-28,2.8885,1142,2.5975,1043,0.291,99,0
2026,2,8482745,ANA,2026-04-16,2.3991,983,1.6571,651,0.742,332,0
2026,2,8482745,ANA,2026-04-14,2.3912,1056,2.0338,866,0.3574,190,0
2026,2,8482745,ANA,2026-04-12,1.7819,738,1.6659,687,0.116,51,1
2026,2,8482745,ANA,2026-04-09,2.0377,748,1.9371,699,0.1006,49,1
2026,2,8482745,ANA,2026-04-07,1.8978,729,1.5237,542,0.374,187,1
2026,2,8482745,ANA,2026-04-04,2.2083,890,1.9212,721,0.2871,169,1
2026,2,8482745,ANA,2026-04-03,2.1185,869,1.8891,726,0.2294,143,1
2026,2,8482745,ANA,2026-04-01,1.3083,524,1.1367,436,0.1716,88,0
2026,2,8482745,ANA,2026-03-30,2.2321,841,2.0451,760,0.1871,81,1
2026,2,8482745,ANA,2026-03-28,1.2245,532,0.9903,400,0.2342,132,0
2026,2,8483493,CHI,2026-04-15,2.8277,1071,2.1858,809,0.3816,168,1
2026,2,8483493,CHI,2026-04-13,2.8129,1055,1.8238,641,0.9323,393,1
2026,2,8483493,CHI,2026-04-11,1.224,444,0.7724,268,0.4516,176,1
2026,2,8483493,CHI,2026-04-09,2.7584,999,1.9904,714,0.768,285,1
2026,2,8483493,CHI,2026-04-06,3.3941,1295,2.4659,848,0.6656,339,0
2026,2,8483493,CHI,2026-04-04,3.0741,1137,2.3699,859,0.6461,252,0
2026,2,8483493,CHI,2026-04-02,2.9914,1061,2.3701,843,0.3015,108,0
2026,2,8483493,CHI,2026-03-31,2.9309,1066,2.6574,925,0.2736,141,1
2026,2,8483493,CHI,2026-03-29,2.9183,1140,2.4668,931,0.4515,209,0
2026,2,8483493,CHI,2026-03-27,2.7022,993,1.8226,659,0.6929,253,0
2026,2,8475753,"STL,DET",2026-04-15,2.9341,1198,2.5803,1057,0.3539,141,0
2026,2,8475753,"STL,DET",2026-04-13,2.8767,1228,2.402,1039,0.4388,155,0
2026,2,8475753,"STL,DET",2026-04-11,3.135,1351,3.1077,1340,0.0274,11,1
2026,2,8475753,"STL,DET",2026-04-09,2.6557,1120,2.3053,958,0.1634,55,1
2026,2,8475753,"STL,DET",2026-04-07,3.3382,1420,3.1221,1309,NA,NA,1
2026,2,8475753,"STL,DET",2026-04-02,1.566,649,1.5431,638,0.0229,11,0
2026,2,8475753,"STL,DET",2026-03-31,2.9285,1360,2.7034,1188,NA,NA,0
2026,2,8475753,"STL,DET",2026-03-28,2.7039,1109,2.5384,1038,0.082,28,1
2026,2,8475753,"STL,DET",2026-03-27,2.6426,1211,1.9437,896,0.4872,192,0
2026,2,8475753,"STL,DET",2026-03-24,3.1288,1313,2.6825,1179,0.3969,109,1
2026,2,8477942,LAK,2026-02-05,2.9896,1138,2.0928,742,0.8969,396,0
2026,2,8477942,LAK,2026-02-04,3.0555,1223,2.3403,907,0.5856,274,1
2026,2,8477942,LAK,2026-02-01,3.0182,1094,2.6677,968,0.3505,126,0
2026,2,8477942,LAK,2026-01-31,2.7986,982,2.3952,842,0.4033,140,0
2026,2,8477942,LAK,2026-01-29,3.0826,1043,2.8605,952,0.2157,88,0
2026,2,8477942,LAK,2026-01-27,2.5156,926,2.0896,747,0.4039,170,0
2026,2,8477942,LAK,2026-01-24,3.1633,1134,2.7316,962,0.4317,172,0
2026,2,8477942,LAK,2026-01-20,2.7658,1063,2.0779,788,0.6879,275,1
2026,2,8477942,LAK,2026-01-17,3.6773,1498,2.7541,1060,0.9232,438,0
2026,2,8477942,LAK,2026-01-16,3.7406,1334,3.2511,1100,0.4895,234,1
2026,2,8477955,SEA,2026-04-11,2.288,892,1.7096,617,0.5783,275,1
2026,2,8477955,SEA,2026-04-09,2.1856,861,2.0926,802,0.093,59,1
2026,2,8477955,SEA,2026-04-07,2.7221,1075,2.2707,885,0.4514,190,0
2026,2,8477955,SEA,2026-04-06,2.0535,756,2.0535,756,NA,NA,0
2026,2,8477955,SEA,2026-04-04,2.8341,1110,2.5184,975,0.3157,135,1
2026,2,8477955,SEA,2026-04-02,2.5182,999,2.1909,853,0.2988,134,1
2026,2,8477955,SEA,2026-03-31,2.2853,950,1.7506,688,0.5348,262,0
2026,2,8477955,SEA,2026-03-28,2.3961,916,1.8648,650,0.5312,266,0
2026,2,8477955,SEA,2026-03-19,2.6143,1020,2.3092,843,0.3051,177,0
2026,2,8477955,SEA,2026-03-17,2.1521,773,1.6092,577,0.5429,196,1
2026,2,8481554,SEA,2026-04-16,1.7647,738,1.6153,648,0.1493,90,0
2026,2,8481554,SEA,2026-04-15,2.0865,842,2.0865,842,NA,NA,0
2026,2,8481554,SEA,2026-04-13,2.2928,847,2.2928,847,NA,NA,1
2026,2,8481554,SEA,2026-04-11,2.0969,792,1.9124,707,0.1844,85,1
2026,2,8481554,SEA,2026-04-09,2.7266,1089,2.7266,1089,NA,NA,1
2026,2,8481554,SEA,2026-04-07,2.0513,881,1.7561,711,0.2952,170,0
2026,2,8481554,SEA,2026-04-06,1.9853,746,1.9853,746,NA,NA,0
2026,2,8481554,SEA,2026-04-04,2.1597,879,1.8919,749,0.2678,130,1
2026,2,8481554,SEA,2026-04-02,2.0336,807,1.8273,698,0.2063,109,1
2026,2,8481554,SEA,2026-03-31,2.1807,883,1.9457,789,0.235,94,0
2026,2,8482730,LAK,2026-04-16,2.8696,1174,2.5298,1034,0.3398,140,0
2026,2,8482730,LAK,2026-04-14,3.3897,1359,2.9112,1156,0.4786,203,0
2026,2,8482730,LAK,2026-04-13,2.8048,1138,2.531,1032,0.2738,106,0
2026,2,8482730,LAK,2026-04-11,2.9185,1195,2.6989,1099,0.2195,96,1
2026,2,8482730,LAK,2026-04-09,2.7053,1087,2.7053,1087,NA,NA,1
2026,2,8482730,LAK,2026-04-06,3.0825,1289,3.0825,1289,NA,NA,1
2026,2,8482730,LAK,2026-04-04,3.1615,1211,2.2347,828,0.9268,383,1
2026,2,8482730,LAK,2026-04-02,3.1453,1180,2.5943,972,0.5509,208,1
2026,2,8482730,LAK,2026-04-01,3.0975,1270,2.7024,1120,0.3951,150,1
2026,2,8482730,LAK,2026-03-28,3.4073,1334,3.0528,1200,0.3545,134,1
2026,2,8484258,COL,2026-04-16,2.7592,1197,2.3107,965,0.3369,172,1
2026,2,8484258,COL,2026-04-14,3.1028,1236,2.5139,999,0.2741,102,0
2026,2,8484258,COL,2026-04-13,3.3805,1435,3.3487,1415,0.0234,13,0
2026,2,8484258,COL,2026-04-11,3.1807,1306,2.9652,1208,NA,NA,1
2026,2,8484258,COL,2026-04-09,2.9748,1232,2.9045,1203,0.0392,4,1
2026,2,8484258,COL,2026-04-07,2.8352,1174,2.7268,1130,NA,NA,0
2026,2,8484258,COL,2026-04-05,2.9838,1207,2.5549,1011,0.0581,30,1
2026,2,8484258,COL,2026-04-04,3.3816,1372,3.2412,1312,0.0773,26,0
2026,2,8484258,COL,2026-04-01,3.0551,1252,2.4699,1040,0.4495,168,1
2026,2,8484258,COL,2026-03-30,3.198,1315,2.841,1168,0.2119,84,1
2026,2,8475170,"STL,NYI",2026-04-14,3.042,1149,2.6394,989,0.356,146,1
2026,2,8475170,"STL,NYI",2026-04-12,3.0261,1238,2.6296,1063,0.3965,175,1
2026,2,8475170,"STL,NYI",2026-04-11,2.6593,1079,1.8217,709,0.8375,370,1
2026,2,8475170,"STL,NYI",2026-04-09,2.6266,1136,2.191,861,0.4356,275,1
2026,2,8475170,"STL,NYI",2026-04-04,2.6979,1031,2.5202,957,0.1777,74,0
2026,2,8475170,"STL,NYI",2026-04-03,2.3087,891,1.881,701,0.4278,190,1
2026,2,8475170,"STL,NYI",2026-03-31,2.9075,1134,2.5344,965,0.3731,169,0
2026,2,8475170,"STL,NYI",2026-03-30,2.526,969,2.403,913,0.123,56,1
2026,2,8475170,"STL,NYI",2026-03-28,2.9657,1162,2.5597,972,0.406,190,1
2026,2,8475170,"STL,NYI",2026-03-26,2.7833,964,2.366,787,0.4172,177,1
2026,2,8475171,TOR,2026-04-15,3.0153,1264,2.603,1116,0.4022,148,0
2026,2,8475171,TOR,2026-04-13,3.1536,1350,2.6077,1118,0.4274,173,1
2026,2,8475171,TOR,2026-04-11,3.1941,1262,3.1701,1241,0.024,21,1
2026,2,8475171,TOR,2026-04-09,2.3677,952,2.2326,885,0.1351,67,0
2026,2,8475171,TOR,2026-04-08,3.088,1240,2.5423,1022,0.5457,218,1
2026,2,8475171,TOR,2026-04-02,1.0929,423,1.0929,423,NA,NA,0
2026,2,8475171,TOR,2026-03-30,2.8463,1112,2.4819,941,0.3334,164,0
2026,2,8475171,TOR,2026-03-28,2.9679,1200,2.5266,1022,0.4413,177,0
2026,2,8475171,TOR,2026-03-25,2.465,1045,2.1896,934,0.2754,111,1
2026,2,8475171,TOR,2026-03-24,3.0942,1220,2.5859,999,0.4887,211,0
2026,2,8476462,NJD,2026-04-14,2.7315,1139,2.6837,1128,0.0478,11,0
2026,2,8476462,NJD,2026-04-12,3.5193,1439,2.6777,1060,0.4652,202,1
2026,2,8476462,NJD,2026-04-11,3.2811,1315,3.2811,1315,NA,NA,0
2026,2,8476462,NJD,2026-04-09,3.0785,1204,2.8295,1111,0.1894,60,1
2026,2,8476462,NJD,2026-04-07,2.8342,1130,2.3529,920,0.3479,141,1
2026,2,8476462,NJD,2026-04-05,2.7188,1251,2.1438,945,0.1018,44,0
2026,2,8476462,NJD,2026-04-04,3.2066,1374,2.8087,1168,0.0501,30,1
2026,2,8476462,NJD,2026-04-02,2.2777,1058,1.9863,890,0.116,49,1
2026,2,8476462,NJD,2026-03-31,2.6523,1103,2.2739,934,0.1976,72,0
2026,2,8476462,NJD,2026-03-29,2.7463,1135,2.4011,978,0.0912,43,1
2026,2,8477447,VGK,2026-04-15,2.9771,1126,2.9224,1107,0.0547,19,1
2026,2,8477447,VGK,2026-04-13,2.922,1129,2.1726,835,0.5818,222,1
2026,2,8477447,VGK,2026-04-11,3.2997,1208,3.0007,1119,0.299,89,0
2026,2,8477447,VGK,2026-04-09,3.6645,1412,3.6645,1412,NA,NA,0
2026,2,8477447,VGK,2026-04-07,3.2217,1237,3.0256,1181,0.1961,56,0
2026,2,8477447,VGK,2026-04-04,3.0022,1216,2.8268,1150,0.1045,34,0
2026,2,8477447,VGK,2026-04-02,2.809,1082,2.4717,943,0.3373,139,1
2026,2,8477447,VGK,2026-03-30,3.4073,1355,3.1938,1284,0.2135,71,1
2026,2,8477447,VGK,2026-03-28,3.46,1365,3.1122,1199,0.1505,64,1
2026,2,8477447,VGK,2026-03-26,3.3955,1385,3.2095,1288,0.0477,12,1
2026,2,8481522,BUF,2026-04-15,3.0658,1140,2.7299,1018,0.3232,117,1
2026,2,8481522,BUF,2026-04-13,2.2141,872,2.1974,864,NA,NA,0
2026,2,8481522,BUF,2026-04-09,2.2984,875,2.2648,859,NA,NA,1
2026,2,8481522,BUF,2026-04-08,2.2362,904,2.2362,904,NA,NA,0
2026,2,8481522,BUF,2026-04-06,1.9959,757,1.9808,753,NA,NA,1
2026,2,8481522,BUF,2026-04-04,1.9984,725,1.9984,725,NA,NA,0
2026,2,8481522,BUF,2026-04-02,1.8304,736,1.8304,735,NA,NA,0
2026,2,8481522,BUF,2026-03-31,2.7013,1057,2.7013,1057,NA,NA,1
2026,2,8481522,BUF,2026-03-28,2.4727,917,2.4505,908,NA,NA,1
2026,2,8481522,BUF,2026-03-27,2.102,792,2.0191,752,NA,NA,1
2026,2,8481711,TOR,2026-04-15,2.4261,869,2.2019,779,0.2242,90,0
2026,2,8481711,TOR,2026-04-13,1.8982,711,1.8221,684,0.0761,27,1
2026,2,8481711,TOR,2026-04-11,2.0456,1016,2.0456,1016,NA,NA,1
2026,2,8481711,TOR,2026-04-09,1.8974,677,1.8974,677,NA,NA,0
2026,2,8481711,TOR,2026-04-08,2.549,947,2.1198,781,0.4293,166,1
2026,2,8481711,TOR,2026-04-04,2.0215,704,1.8084,618,0.2132,86,0
2026,2,8481711,TOR,2026-04-02,2.2543,832,2.2543,832,NA,NA,0
2026,2,8481711,TOR,2026-03-30,2.1127,768,1.9512,716,0.1615,52,0
2026,2,8481711,TOR,2026-03-28,2.319,849,1.8478,657,0.4712,192,0
2026,2,8481711,TOR,2026-03-25,2.2564,868,1.9818,768,0.2746,100,1
2026,2,8471685,LAK,2026-04-16,3.1509,1181,2.666,991,0.4351,173,0
2026,2,8471685,LAK,2026-04-14,4.012,1360,3.5476,1159,0.4254,185,0
2026,2,8471685,LAK,2026-04-13,3.3674,1145,2.9421,974,0.4253,171,0
2026,2,8471685,LAK,2026-04-11,3.2723,1156,3.1053,1064,0.1638,89,1
2026,2,8471685,LAK,2026-04-09,3.4026,1209,3.4026,1209,NA,NA,1
2026,2,8471685,LAK,2026-04-06,3.3711,1188,3.2276,1114,NA,NA,1
2026,2,8471685,LAK,2026-04-04,3.3039,1273,2.3117,796,0.8903,438,1
2026,2,8471685,LAK,2026-04-02,3.4985,1234,2.7325,955,0.7239,264,1
2026,2,8471685,LAK,2026-04-01,3.6334,1247,3.1408,1070,0.3973,138,1
2026,2,8471685,LAK,2026-03-28,3.2172,1105,2.8201,967,0.3505,124,1
2026,2,8475287,NSH,2026-04-13,2.9445,1054,2.7639,973,NA,NA,1
2026,2,8475287,NSH,2026-04-11,2.6302,908,2.2391,762,0.2036,64,1
2026,2,8475287,NSH,2026-04-09,2.5586,895,2.0499,676,0.2287,73,0
2026,2,8475287,NSH,2026-04-07,2.4548,924,1.4812,521,0.5236,178,0
2026,2,8475287,NSH,2026-04-06,2.649,941,2.6418,937,0.0072,4,0
2026,2,8475287,NSH,2026-04-04,2.7848,1014,2.4231,856,0.0085,6,0
2026,2,8475287,NSH,2026-04-02,2.7919,991,2.0976,738,0.3295,93,0
2026,2,8475287,NSH,2026-03-29,2.3527,845,1.7388,605,0.3822,146,0
2026,2,8475287,NSH,2026-03-28,2.7234,983,2.0503,742,0.4462,148,1
2026,2,8475287,NSH,2026-03-26,2.8502,1023,2.5152,880,0.0697,29,1
2026,2,8476432,CBJ,2026-04-14,2.4159,852,2.042,681,NA,NA,1
2026,2,8476432,CBJ,2026-04-12,2.5154,900,2.5154,900,NA,NA,1
2026,2,8476432,CBJ,2026-04-11,2.86,1104,2.4469,904,0.0502,31,0
2026,2,8476432,CBJ,2026-04-09,2.1705,770,1.7865,630,NA,NA,0
2026,2,8476432,CBJ,2026-04-07,2.4374,958,2.2904,874,0.0724,33,0
2026,2,8476432,CBJ,2026-04-04,3.1392,1099,3.0209,1027,0.0096,9,1
2026,2,8476432,CBJ,2026-04-02,2.4661,904,2.4,870,0.0089,4,0
2026,2,8476432,CBJ,2026-03-31,2.8462,1138,2.5017,943,0.0206,12,1
2026,2,8476432,CBJ,2026-03-29,2.9085,1123,2.6773,1001,0.1016,53,1
2026,2,8476432,CBJ,2026-03-28,2.7543,1037,2.7543,1037,NA,NA,1
2026,2,8480797,CGY,2026-04-16,2.9717,1240,2.3879,943,0.4664,250,1
2026,2,8480797,CGY,2026-04-14,2.7176,1064,2.2504,855,0.1621,61,1
2026,2,8480797,CGY,2026-04-12,2.673,1040,2.1859,828,0.0203,8,1
2026,2,8480797,CGY,2026-04-11,2.4722,930,2.0271,726,NA,NA,0
2026,2,8480797,CGY,2026-04-09,3.0115,1111,2.6636,944,0.1398,75,0
2026,2,8480797,CGY,2026-04-07,2.6579,957,2.3292,819,0.0491,20,0
2026,2,8480797,CGY,2026-04-04,2.3465,942,2.0531,796,NA,NA,0
2026,2,8480797,CGY,2026-04-02,2.7086,1117,2.1701,872,0.0286,27,0
2026,2,8480797,CGY,2026-03-30,2.4724,917,2.221,800,NA,NA,0
2026,2,8480797,CGY,2026-03-28,2.6936,1056,2.3093,886,0.003,0,1
2026,2,8482157,NYR,2026-04-15,2.2769,879,2.0409,765,0.074,35,0
2026,2,8482157,NYR,2026-04-13,2.4577,932,2.2896,863,0.1682,69,0
2026,2,8482157,NYR,2026-04-11,2.3729,863,1.8363,625,0.1758,94,0
2026,2,8482157,NYR,2026-04-08,2.5122,946,2.3636,906,0.0103,0,1
2026,2,8482157,NYR,2026-04-05,1.9672,778,1.614,606,0.2813,146,1
2026,2,8482157,NYR,2026-04-04,1.8975,725,1.4508,554,0.0425,18,1
2026,2,8482157,NYR,2026-04-02,2.7075,1043,2.3642,892,0.2082,107,1
2026,2,8482157,NYR,2026-03-31,2.7905,987,2.5337,896,0.126,45,1
2026,2,8482157,NYR,2026-03-29,2.1867,848,2.1576,835,NA,NA,1
2026,2,8482157,NYR,2026-03-27,2.4158,931,2.0369,794,NA,NA,1
2026,2,8470621,"LAK,TBL",2026-04-15,2.2727,972,1.9674,782,0.3052,190,1
2026,2,8470621,"LAK,TBL",2026-04-13,2.0171,809,2.0171,809,NA,NA,1
2026,2,8470621,"LAK,TBL",2026-04-11,1.2235,550,1.2235,550,NA,NA,0
2026,2,8470621,"LAK,TBL",2026-04-09,1.6183,797,1.1585,469,0.4599,328,0
2026,2,8470621,"LAK,TBL",2026-04-07,2.1649,857,1.9561,728,0.2088,129,0
2026,2,8470621,"LAK,TBL",2026-04-06,1.7068,756,1.3876,562,0.3193,194,0
2026,2,8470621,"LAK,TBL",2026-04-04,1.9151,834,1.8107,766,0.1045,68,1
2026,2,8470621,"LAK,TBL",2026-04-02,1.7654,746,1.559,626,0.2063,120,1
2026,2,8470621,"LAK,TBL",2026-03-31,1.4659,590,1.3954,563,0.0706,27,1
2026,2,8470621,"LAK,TBL",2026-03-29,1.7714,779,1.4011,565,0.3703,214,1
2026,2,8475200,SJS,2026-04-16,2.242,990,2.1362,929,NA,NA,0
2026,2,8475200,SJS,2026-04-15,2.557,1109,2.1697,948,0.3873,158,0
2026,2,8475200,SJS,2026-04-13,2.6095,1203,2.563,1173,0.0465,30,0
2026,2,8475200,SJS,2026-04-11,2.7617,1244,2.5453,1154,0.1992,76,1
2026,2,8475200,SJS,2026-04-09,3.1607,1344,3.1274,1331,NA,NA,0
2026,2,8475200,SJS,2026-04-08,2.9108,1298,2.3452,1039,0.5656,259,1
2026,2,8475200,SJS,2026-04-06,2.7797,1248,2.4716,1094,0.3081,154,1
2026,2,8475200,SJS,2026-04-04,3.1589,1361,2.5533,1084,0.5897,270,1
2026,2,8475200,SJS,2026-04-02,2.5262,1137,2.1465,959,0.3797,178,1
2026,2,8475200,SJS,2026-04-01,2.3379,1090,2.0894,972,0.2325,110,1
2026,2,8476875,MTL,2026-04-12,3.5207,1576,3.0238,1346,0.1038,34,0
2026,2,8476875,MTL,2026-04-11,2.4618,984,2.2042,841,0.0746,23,1
2026,2,8476875,MTL,2026-04-09,3.3552,1539,2.4449,1018,0.1241,51,1
2026,2,8476875,MTL,2026-04-07,3.37,1369,3.0532,1197,0.0249,11,1
2026,2,8476875,MTL,2026-04-05,2.9933,1257,2.4898,1012,0.0562,21,1
2026,2,8476875,MTL,2026-04-04,3.4831,1441,3.2713,1337,0.0644,20,0
2026,2,8476875,MTL,2026-04-02,3.2588,1402,2.8523,1224,0.0839,26,0
2026,2,8476875,MTL,2026-03-31,2.991,1408,2.4335,1075,0.0047,1,0
2026,2,8476875,MTL,2026-03-29,3.0715,1403,2.7658,1215,0.0616,20,0
2026,2,8476875,MTL,2026-03-28,2.9275,1247,2.4453,1021,0.0127,5,0
2026,2,8477948,PHI,2026-04-13,3.5529,1458,3.502,1421,0.0178,12,1
2026,2,8477948,PHI,2026-04-11,3.2797,1526,2.7638,1246,0.0746,33,0
2026,2,8477948,PHI,2026-04-09,2.873,1138,2.4537,928,0.1205,42,0
2026,2,8477948,PHI,2026-04-07,3.3942,1485,2.9308,1242,0.0265,11,0
2026,2,8477948,PHI,2026-04-05,3.8798,1552,3.6933,1456,0.049,26,1
2026,2,8477948,PHI,2026-04-03,3.4009,1476,2.7372,1170,0.1167,49,0
2026,2,8477948,PHI,2026-04-02,3.7716,1497,3.6425,1429,0.0116,5,1
2026,2,8477948,PHI,2026-03-31,3.3575,1379,3.0311,1201,NA,NA,0
2026,2,8477948,PHI,2026-03-29,3.3993,1399,2.9485,1177,0.2232,76,1
2026,2,8477948,PHI,2026-03-28,3.3939,1560,3.126,1339,0.0479,12,0
2026,2,8480817,CAR,2026-04-13,3.9336,1664,3.6965,1529,NA,NA,0
2026,2,8480817,CAR,2026-04-09,2.9784,1265,2.6385,1089,NA,NA,0
2026,2,8480817,CAR,2026-04-07,2.785,1172,2.5127,1047,NA,NA,1
2026,2,8480817,CAR,2026-04-05,2.7995,1173,2.7177,1133,NA,NA,0
2026,2,8480817,CAR,2026-04-04,2.8343,1175,2.7224,1113,0.0324,16,1
2026,2,8480817,CAR,2026-04-02,3.1701,1305,2.982,1230,0.0143,4,1
2026,2,8480817,CAR,2026-03-31,2.6682,1121,2.4877,1029,NA,NA,0
2026,2,8480817,CAR,2026-03-29,2.7285,1173,2.3759,998,NA,NA,1
2026,2,8480817,CAR,2026-03-28,3.2576,1329,2.9267,1179,NA,NA,1
2026,2,8480817,CAR,2026-03-24,2.7836,1150,2.5395,1029,0.0931,41,0
2026,2,8481617,EDM,2026-04-16,2.7912,1022,2.3062,815,0.485,207,1
2026,2,8481617,EDM,2026-04-13,3.0202,1155,2.5899,897,0.4113,250,1
2026,2,8481617,EDM,2026-04-11,2.9388,1107,2.6915,985,0.2312,117,0
2026,2,8481617,EDM,2026-04-08,2.5488,1008,2.1014,803,0.4475,205,0
2026,2,8481617,EDM,2026-04-07,2.6266,943,2.3198,850,0.3068,93,0
2026,2,8481617,EDM,2026-04-04,2.3004,814,2.2555,793,0.0449,21,1
2026,2,8481617,EDM,2026-04-02,2.533,893,2.5139,885,0.0191,8,1
2026,2,8481617,EDM,2026-03-31,2.655,973,2.5076,911,0.1453,60,1
2026,2,8481617,EDM,2026-03-28,2.6921,1012,2.4395,889,0.2526,122,1
2026,2,8481617,EDM,2026-03-26,3.0933,1113,2.7628,960,0.3306,153,0
2026,2,8482775,MTL,2026-04-14,1.9467,736,1.565,572,0.3817,164,0
2026,2,8482775,MTL,2026-04-12,1.6824,631,1.6211,604,0.0613,27,0
2026,2,8482775,MTL,2026-04-11,1.9387,754,1.6506,643,0.2819,109,1
2026,2,8482775,MTL,2026-04-09,1.9795,783,1.2912,494,0.6705,281,1
2026,2,8482775,MTL,2026-04-07,1.736,686,1.5223,608,0.2138,78,1
2026,2,8482775,MTL,2026-04-05,1.9724,802,1.6868,681,0.2855,121,1
2026,2,8482775,MTL,2026-04-04,2.304,873,1.9032,751,0.4009,122,0
2026,2,8482775,MTL,2026-04-02,1.8822,714,1.6256,610,0.2472,100,0
2026,2,8482775,MTL,2026-03-31,2.1893,870,2.0119,784,0.0962,38,0
2026,2,8482775,MTL,2026-03-29,2.2385,941,1.6924,675,0.3314,141,0
2026,2,8483512,EDM,2026-04-16,2.4078,959,2.0661,810,0.3417,149,1
2026,2,8483512,EDM,2026-04-13,3.1444,1139,2.8074,1009,0.0459,19,1
2026,2,8483512,EDM,2026-04-11,2.2538,914,2.1394,861,0.0024,3,0
2026,2,8483512,EDM,2026-04-08,2.6048,995,2.2507,855,NA,NA,0
2026,2,8483512,EDM,2026-04-07,3.0816,1184,2.4339,888,0.3616,177,0
2026,2,8483512,EDM,2026-04-04,2.9173,1231,2.1409,856,0.5442,288,1
2026,2,8483512,EDM,2026-04-02,2.9168,1147,2.1135,790,0.6549,302,1
2026,2,8483512,EDM,2026-03-31,2.5571,1045,2.2117,882,0.0865,58,1
2026,2,8483512,EDM,2026-03-28,3.1863,1349,2.2159,912,0.4495,238,1
2026,2,8483512,EDM,2026-03-26,3.0558,1120,2.689,992,0.1214,44,0
2026,2,8473533,CAR,2026-04-11,2.8419,1146,1.9971,747,0.1633,102,0
2026,2,8473533,CAR,2026-04-07,2.7609,1056,2.2636,814,0.1725,127,1
2026,2,8473533,CAR,2026-04-04,2.5776,933,2.3868,856,0.0983,46,1
2026,2,8473533,CAR,2026-04-02,2.5181,953,2.149,794,0.0325,17,1
2026,2,8473533,CAR,2026-03-31,2.5781,1001,2.1737,798,0.1636,78,0
2026,2,8473533,CAR,2026-03-29,2.5113,1057,2.0223,816,0.1299,104,1
2026,2,8473533,CAR,2026-03-28,2.7441,1079,2.4046,881,0.0797,66,1
2026,2,8473533,CAR,2026-03-24,2.4877,1017,1.986,805,0.0822,33,0
2026,2,8473533,CAR,2026-03-22,2.4909,925,2.2075,779,0.178,97,0
2026,2,8473533,CAR,2026-03-20,2.6999,1083,2.3158,862,0.2176,151,0
2026,2,8473994,DAL,2026-04-15,2.075,826,1.9005,725,0.1745,101,0
2026,2,8473994,DAL,2026-04-13,1.7133,624,1.6956,613,0.0177,11,0
2026,2,8473994,DAL,2026-04-11,1.7612,631,1.7324,613,0.0276,17,1
2026,2,8473994,DAL,2026-04-09,1.9966,775,1.9612,769,NA,NA,1
2026,2,8473994,DAL,2026-04-07,2.2737,827,2.0428,713,0.2309,114,1
2026,2,8473994,DAL,2026-04-04,2.2183,864,2.1338,815,0.0845,49,1
2026,2,8473994,DAL,2026-04-02,1.9879,715,1.9879,715,NA,NA,1
2026,2,8473994,DAL,2026-03-31,2.6045,1032,2.3514,917,0.2531,115,0
2026,2,8473994,DAL,2026-03-29,2.1519,854,2.047,786,0.1037,68,0
2026,2,8473994,DAL,2026-03-28,1.7823,728,1.6873,689,0.095,39,0
2026,2,8476461,PHI,2026-04-13,1.9228,733,1.8984,708,NA,NA,1
2026,2,8476461,PHI,2026-04-11,2.7021,1021,2.0996,772,0.1351,55,0
2026,2,8476461,PHI,2026-04-09,1.9792,785,1.5573,597,0.0253,7,0
2026,2,8476461,PHI,2026-04-07,2.6002,1045,2.1661,840,NA,NA,0
2026,2,8476461,PHI,2026-04-05,2.1861,832,1.987,744,0.0216,18,1
2026,2,8476461,PHI,2026-04-03,3.0369,1268,2.4932,1021,NA,NA,0
2026,2,8476461,PHI,2026-04-02,1.5973,605,1.391,529,NA,NA,1
2026,2,8476461,PHI,2026-03-31,1.655,662,1.247,478,NA,NA,0
2026,2,8476461,PHI,2026-03-29,2.323,871,2.1542,801,0.0063,3,1
2026,2,8476461,PHI,2026-03-28,2.2662,935,1.98,745,0.0257,0,0
2026,2,8476853,TOR,2026-04-15,2.9414,1203,2.6262,1056,0.2033,92,0
2026,2,8476853,TOR,2026-04-13,2.4945,1077,2.3229,975,0.0187,12,1
2026,2,8476853,TOR,2026-04-11,3.0313,1213,2.8798,1157,NA,NA,1
2026,2,8476853,TOR,2026-04-09,3.0319,1245,2.9344,1197,0.0288,5,0
2026,2,8476853,TOR,2026-04-08,3.0438,1270,2.7408,1142,0.303,128,1
2026,2,8476853,TOR,2026-04-04,3.3313,1338,2.8165,1122,0.5148,216,0
2026,2,8476853,TOR,2026-04-02,3.4329,1376,3.2482,1312,0.1846,64,0
2026,2,8476853,TOR,2026-03-30,3.4237,1390,3.0562,1236,0.2388,78,0
2026,2,8476853,TOR,2026-03-28,2.8034,1126,2.3366,943,0.4668,183,0
2026,2,8476853,TOR,2026-03-25,2.6147,1124,2.2664,995,0.3482,129,1
2026,2,8477497,CBJ,2026-04-14,2.3889,880,2.1498,745,0.0388,24,1
2026,2,8477497,CBJ,2026-04-12,2.3995,897,2.252,815,0.1475,82,1
2026,2,8477497,CBJ,2026-04-11,2.3713,923,1.6685,616,0.3255,134,0
2026,2,8477497,CBJ,2026-04-09,2.431,925,2.0095,737,0.1662,86,0
2026,2,8477497,CBJ,2026-04-07,2.4962,937,2.3335,877,0.1628,60,0
2026,2,8477497,CBJ,2026-04-04,3.1411,1085,3.0117,1028,NA,NA,1
2026,2,8477497,CBJ,2026-04-02,2.0498,758,1.5342,533,0.358,157,0
2026,2,8477497,CBJ,2026-03-31,2.9949,1206,2.2955,855,0.156,81,1
2026,2,8477497,CBJ,2026-03-29,2.8701,1063,2.4207,853,0.1113,54,1
2026,2,8477497,CBJ,2026-03-28,2.5787,934,2.4642,864,0.019,6,1
2026,2,8477503,TOR,2026-04-15,2.1281,785,1.8968,694,0.2313,91,0
2026,2,8477503,TOR,2026-04-13,2.3605,880,2.2989,854,0.0616,26,1
2026,2,8477503,TOR,2026-04-11,2.4162,923,2.4162,923,NA,NA,1
2026,2,8477503,TOR,2026-04-09,1.8836,738,1.8836,738,NA,NA,0
2026,2,8477503,TOR,2026-04-08,2.7226,1055,2.4185,936,0.3041,119,1
2026,2,8477503,TOR,2026-04-04,2.2914,859,2.1137,761,0.1777,98,0
2026,2,8477503,TOR,2026-04-02,2.5109,942,2.5109,942,NA,NA,0
2026,2,8477503,TOR,2026-03-30,1.0806,426,1.0745,426,NA,NA,0
2026,2,8477503,TOR,2026-03-28,2.5477,983,2.1,792,0.4477,191,0
2026,2,8477503,TOR,2026-03-25,2.227,869,1.9011,747,0.3259,122,1
2026,2,8478458,EDM,2026-04-16,2.615,982,2.5255,951,0.0895,31,1
2026,2,8478458,EDM,2026-04-13,2.4279,1101,2.0237,832,0.4043,269,1
2026,2,8478458,EDM,2026-04-11,2.7752,1093,2.5671,976,0.2081,117,0
2026,2,8478458,EDM,2026-04-08,1.8579,768,1.5312,563,0.3267,205,0
2026,2,8478458,EDM,2026-04-07,2.5481,1032,2.1975,863,0.3506,169,0
2026,2,8478458,EDM,2026-04-04,2.2811,1010,1.8081,721,0.4729,289,1
2026,2,8478458,EDM,2026-04-02,2.3229,878,1.8681,697,0.4548,181,1
2026,2,8478458,EDM,2026-03-31,2.193,819,2.1676,807,0.0254,12,1
2026,2,8478458,EDM,2026-03-28,1.793,680,1.7022,632,0.0908,48,1
2026,2,8478458,EDM,2026-03-26,2.4357,874,2.3217,836,0.1016,37,0
2026,2,8478507,UTA,2026-04-16,2.6218,1154,2.5551,1124,NA,NA,1
2026,2,8478507,UTA,2026-04-14,2.5251,1120,2.3848,1041,0.0051,6,1
2026,2,8478507,UTA,2026-04-09,2.5456,1108,2.4139,1042,0.0431,17,1
2026,2,8478507,UTA,2026-04-07,2.5358,1116,2.371,1033,0.0038,3,1
2026,2,8478507,UTA,2026-04-04,2.6257,1202,2.3787,1068,0.013,7,0
2026,2,8478507,UTA,2026-04-02,2.2397,1059,2.2397,1059,NA,NA,0
2026,2,8478507,UTA,2026-03-28,2.4442,1097,2.4442,1097,NA,NA,0
2026,2,8478507,UTA,2026-03-26,2.3968,1073,2.3968,1073,NA,NA,1
2026,2,8478507,UTA,2026-03-24,2.6439,1188,2.6439,1188,NA,NA,1
2026,2,8478507,UTA,2026-03-22,3.0906,1397,2.9895,1349,0.0069,4,1
2026,2,8480009,SEA,2026-04-16,2.5095,894,2.0662,722,NA,NA,0
2026,2,8480009,SEA,2026-04-15,2.5509,1017,2.275,885,NA,NA,0
2026,2,8480009,SEA,2026-04-13,2.5834,884,2.5834,884,NA,NA,1
2026,2,8480009,SEA,2026-04-11,2.319,793,2.2535,766,0.0036,2,1
2026,2,8480009,SEA,2026-04-07,1.7649,643,1.6905,618,NA,NA,0
2026,2,8480009,SEA,2026-04-06,2.5934,1026,2.4201,941,NA,NA,0
2026,2,8480009,SEA,2026-04-04,2.3607,862,1.8166,640,0.1972,103,1
2026,2,8480009,SEA,2026-04-02,2.04,784,1.4537,523,0.2422,119,1
2026,2,8480009,SEA,2026-03-31,2.0249,750,1.7521,634,0.2728,116,0
2026,2,8480009,SEA,2026-03-28,2.3415,894,1.6459,619,0.5559,209,0
2026,2,8480068,ANA,2026-04-16,2.9829,1056,2.0141,689,0.579,220,0
2026,2,8480068,ANA,2026-04-14,2.3316,888,1.8518,655,0.3402,188,0
2026,2,8480068,ANA,2026-04-12,2.3464,805,2.0195,659,NA,NA,1
2026,2,8480068,ANA,2026-04-09,2.9834,1069,2.9142,1032,0.0692,37,1
2026,2,8480068,ANA,2026-04-07,3.0749,1046,1.8015,616,0.6206,205,1
2026,2,8480068,ANA,2026-04-04,2.6356,904,2.003,655,0.3789,166,1
2026,2,8480068,ANA,2026-04-03,2.2217,721,1.9403,639,NA,NA,1
2026,2,8480068,ANA,2026-04-01,2.8348,997,2.5751,900,0.0308,8,0
2026,2,8480068,ANA,2026-03-30,2.6148,913,2.1929,742,0.0774,20,1
2026,2,8480068,ANA,2026-03-28,2.6316,924,2.2978,796,NA,NA,0
2026,2,8480748,"VAN,SJS",2026-04-16,2.3426,845,2.2769,823,NA,NA,0
2026,2,8480748,"VAN,SJS",2026-04-15,2.912,1097,2.287,847,0.4823,203,0
2026,2,8480748,"VAN,SJS",2026-04-13,2.518,993,2.4306,954,0.0874,39,0
2026,2,8480748,"VAN,SJS",2026-04-11,2.8321,1046,2.5998,924,0.0479,31,1
2026,2,8480748,"VAN,SJS",2026-04-09,3.0073,1119,2.8766,1063,NA,NA,0
2026,2,8480748,"VAN,SJS",2026-04-08,2.7343,1081,2.6265,1031,0.0916,45,1
2026,2,8480748,"VAN,SJS",2026-04-06,2.1754,795,1.9207,695,0.2547,100,1
2026,2,8480748,"VAN,SJS",2026-04-04,2.089,780,1.9767,733,0.1123,47,1
2026,2,8480748,"VAN,SJS",2026-04-02,2.6103,1025,2.4435,963,0.1668,62,1
2026,2,8480748,"VAN,SJS",2026-04-01,2.3988,904,2.3299,874,0.0689,30,1
2026,2,8481581,DAL,2026-04-15,3.2944,1365,2.5599,1073,0.6218,240,0
2026,2,8481581,DAL,2026-04-13,3.2743,1464,2.5564,1142,0.6743,296,0
2026,2,8481581,DAL,2026-04-11,3.8389,1586,2.885,1144,0.7991,347,1
2026,2,8481581,DAL,2026-04-09,3.5967,1517,3.2862,1352,0.1207,54,1
2026,2,8481581,DAL,2026-04-07,3.0249,1211,2.5708,1022,0.345,137,1
2026,2,8481581,DAL,2026-04-04,3.4945,1344,3.2268,1219,0.1656,72,1
2026,2,8481581,DAL,2026-04-02,2.8358,1196,2.587,1063,NA,NA,1
2026,2,8481581,DAL,2026-03-31,3.3406,1299,3.0733,1195,0.2181,79,0
2026,2,8481581,DAL,2026-03-29,3.8708,1509,3.4762,1350,0.1917,72,0
2026,2,8481581,DAL,2026-03-28,2.8253,1244,2.3629,1029,0.2651,102,0
2026,2,8481624,CHI,2026-04-15,2.9195,1071,2.1791,769,0.0378,15,1
2026,2,8481624,CHI,2026-04-13,2.4188,939,2.1543,828,NA,NA,1
2026,2,8481624,CHI,2026-04-11,2.8263,1080,2.7463,1046,0.0029,2,1
2026,2,8481624,CHI,2026-04-09,2.7476,1033,2.6706,999,NA,NA,1
2026,2,8481624,CHI,2026-04-06,2.7948,1086,2.4886,952,0.0263,9,0
2026,2,8481624,CHI,2026-04-04,2.5054,1034,2.2717,911,NA,NA,0
2026,2,8481624,CHI,2026-04-02,3.026,1183,2.6965,1028,0.0149,6,0
2026,2,8481624,CHI,2026-03-31,2.6548,1049,2.6548,1049,NA,NA,1
2026,2,8481624,CHI,2026-03-29,2.5439,974,2.4078,917,0.0064,3,0
2026,2,8481624,CHI,2026-03-27,2.3861,914,1.9869,761,0.0015,0,0
2026,2,8482089,STL,2026-04-16,2.3501,887,2.2045,822,0.1456,65,0
2026,2,8482089,STL,2026-04-14,1.9755,796,1.8419,702,0.1336,94,1
2026,2,8482089,STL,2026-04-13,1.871,806,1.5864,659,0.2846,147,1
2026,2,8482089,STL,2026-04-11,2.0738,827,1.9408,762,0.133,65,0
2026,2,8482089,STL,2026-04-09,2.2985,951,1.7587,667,0.5398,284,1
2026,2,8482089,STL,2026-04-07,2.3989,980,2.0193,798,0.3796,182,1
2026,2,8482089,STL,2026-04-05,2.1975,896,1.5866,603,0.6099,292,0
2026,2,8482089,STL,2026-04-03,2.5215,959,2.079,765,0.4007,175,0
2026,2,8482089,STL,2026-04-01,2.1897,914,1.9492,774,0.2404,140,0
2026,2,8482089,STL,2026-03-30,2.3902,958,2.1937,860,0.1965,98,0
2026,2,8470613,COL,2026-04-16,2.416,1034,2.3267,991,0.0033,1,1
2026,2,8470613,COL,2026-04-14,2.9409,1229,2.394,1005,0.2474,94,0
2026,2,8470613,COL,2026-04-13,2.7033,1300,2.2744,1004,0.0849,28,0
2026,2,8470613,COL,2026-04-11,2.6364,1132,2.3889,1029,0.0748,21,1
2026,2,8470613,COL,2026-04-09,2.7178,1114,2.4931,1026,0.1197,44,1
2026,2,8470613,COL,2026-04-07,2.6883,1154,2.3296,988,NA,NA,0
2026,2,8470613,COL,2026-04-05,2.725,1079,2.2137,847,0.0551,22,1
2026,2,8470613,COL,2026-04-04,2.713,1096,2.3644,921,0.1451,50,0
2026,2,8470613,COL,2026-04-01,2.7581,1149,2.3561,974,0.1947,72,1
2026,2,8470613,COL,2026-03-30,2.5894,1003,2.3715,910,0.1052,36,1
2026,2,8476399,CGY,2026-04-16,2.7366,997,2.4411,898,NA,NA,1
2026,2,8476399,CGY,2026-04-14,2.7867,1005,2.1059,751,0.1527,66,1
2026,2,8476399,CGY,2026-04-12,3.2131,1225,2.2335,787,0.67,307,1
2026,2,8476399,CGY,2026-04-11,3.2772,1164,2.6435,933,0.1575,78,0
2026,2,8476399,CGY,2026-04-07,3.5087,1360,2.4626,923,0.4111,201,0
2026,2,8476399,CGY,2026-04-04,3.019,1131,2.6375,983,0.103,40,0
2026,2,8476399,CGY,2026-04-02,3.0117,1085,2.0055,706,0.0597,31,0
2026,2,8476399,CGY,2026-03-30,2.6399,984,2.2562,794,0.1019,51,0
2026,2,8476399,CGY,2026-03-28,3.0442,1169,2.0639,773,0.4025,183,1
2026,2,8476399,CGY,2026-03-26,2.9725,1110,2.3368,867,0.1231,59,1
2026,2,8476419,NYI,2026-04-14,2.4167,896,2.2782,842,NA,NA,1
2026,2,8476419,NYI,2026-04-12,2.5829,990,2.3162,880,0.1064,48,1
2026,2,8476419,NYI,2026-04-11,2.9344,1140,2.0069,735,0.3899,167,1
2026,2,8476419,NYI,2026-04-09,2.3947,868,2.0685,737,0.1692,64,1
2026,2,8476419,NYI,2026-04-04,2.5844,948,2.1235,747,0.063,46,0
2026,2,8476419,NYI,2026-04-03,3.0314,1201,2.5144,980,0.1193,64,1
2026,2,8476419,NYI,2026-03-31,2.2739,919,1.9551,745,0.0225,13,0
2026,2,8476419,NYI,2026-03-30,2.4725,895,2.2653,811,0.2072,84,1
2026,2,8476419,NYI,2026-03-28,2.2829,865,1.8932,681,0.2561,121,1
2026,2,8476419,NYI,2026-03-26,2.7328,1086,2.069,852,0.3481,131,1
2026,2,8476455,COL,2026-04-14,2.5122,1017,1.9752,715,0.537,302,0
2026,2,8476455,COL,2026-04-13,3.7042,1464,2.8667,1020,0.8373,442,0
2026,2,8476455,COL,2026-04-11,3.0067,1093,2.2765,766,0.6953,317,1
2026,2,8476455,COL,2026-04-09,2.4148,861,2.2292,755,0.1856,106,1
2026,2,8476455,COL,2026-04-07,2.3983,916,2.2648,863,0.1335,53,0
2026,2,8476455,COL,2026-04-05,2.5405,902,2.3274,800,0.2131,102,1
2026,2,8476455,COL,2026-04-04,2.3937,857,2.2594,811,0.1344,46,0
2026,2,8476455,COL,2026-04-01,2.411,926,2.2144,839,0.1965,87,1
2026,2,8476455,COL,2026-03-30,2.3174,785,2.1608,739,0.1566,46,1
2026,2,8476455,COL,2026-03-28,2.3675,887,2.3095,853,0.0579,34,1
2026,2,8476882,CHI,2026-04-15,2.3111,902,1.4157,514,0.4491,188,1
2026,2,8476882,CHI,2026-04-13,2.7165,1065,1.5645,572,0.8669,366,1
2026,2,8476882,CHI,2026-04-11,2.6396,1034,2.1523,837,0.3428,131,1
2026,2,8476882,CHI,2026-04-09,2.752,1062,2.1177,812,0.5938,229,1
2026,2,8476882,CHI,2026-04-06,2.7986,1116,1.9664,723,0.5299,276,0
2026,2,8476882,CHI,2026-04-04,3.1899,1248,2.3109,885,0.6337,252,0
2026,2,8476882,CHI,2026-04-02,3.0528,1157,2.3309,878,0.3102,111,0
2026,2,8476882,CHI,2026-03-31,2.0851,839,1.5826,599,0.2716,133,1
2026,2,8476882,CHI,2026-03-29,2.4395,971,1.8379,676,0.402,209,0
2026,2,8476882,CHI,2026-03-27,2.1184,832,1.6995,646,0.1481,72,0
2026,2,8476885,ANA,2026-04-16,2.9716,1376,2.657,1194,0.0773,35,0
2026,2,8476885,ANA,2026-04-14,2.7702,1162,2.6196,1094,NA,NA,0
2026,2,8476885,ANA,2026-04-12,3.7701,1712,3.3985,1501,NA,NA,1
2026,2,8476885,ANA,2026-04-09,3.0162,1346,2.9816,1334,0.0347,12,1
2026,2,8476885,ANA,2026-04-07,2.7448,1155,2.1979,907,NA,NA,1
2026,2,8476885,ANA,2026-04-04,3.0513,1278,2.8944,1202,NA,NA,1
2026,2,8476885,ANA,2026-04-03,3.0676,1237,2.5223,1000,NA,NA,1
2026,2,8476885,ANA,2026-04-01,2.7535,1292,2.5207,1164,0.0363,14,0
2026,2,8476885,ANA,2026-03-30,3.5156,1550,3.0666,1320,0.094,32,1
2026,2,8476885,ANA,2026-03-28,2.8359,1277,2.4079,1010,0.0171,8,0
2026,2,8477950,NYI,2026-04-14,2.9066,1178,2.7507,1117,0.1559,61,1
2026,2,8477950,NYI,2026-04-12,3.3816,1364,3.2562,1321,0.1254,43,1
2026,2,8477950,NYI,2026-04-11,3.1942,1180,2.6963,995,0.4718,175,1
2026,2,8477950,NYI,2026-04-09,3.1581,1233,2.7202,1059,0.4379,174,1
2026,2,8477950,NYI,2026-03-24,0.9454,369,0.9454,369,NA,NA,1
2026,2,8477950,NYI,2026-03-22,3.3251,1343,3.0427,1232,0.2824,111,1
2026,2,8477950,NYI,2026-03-21,3.0627,1261,2.8258,1165,0.2368,96,0
2026,2,8477950,NYI,2026-03-19,3.209,1350,2.777,1185,0.432,165,0
2026,2,8477950,NYI,2026-03-17,2.9186,1222,2.5281,1047,0.3895,173,0
2026,2,8477950,NYI,2026-03-14,3.289,1302,3.227,1279,0.0503,18,1
2026,2,8478020,OTT,2026-04-12,2.8569,991,2.5225,863,0.0315,17,0
2026,2,8478020,OTT,2026-04-11,3.0385,1132,2.3267,859,0.0441,21,0
2026,2,8478020,OTT,2026-04-09,2.8617,1024,2.7682,987,NA,NA,1
2026,2,8478020,OTT,2026-04-07,2.7549,994,2.5597,922,NA,NA,1
2026,2,8478020,OTT,2026-04-05,2.8093,1011,2.6442,944,NA,NA,1
2026,2,8478020,OTT,2026-04-04,2.7285,1049,2.7155,1039,NA,NA,1
2026,2,8478020,OTT,2026-04-02,3.052,1133,2.8757,1037,NA,NA,1
2026,2,8478020,OTT,2026-03-31,2.359,860,2.1775,792,0.0011,3,0
2026,2,8478020,OTT,2026-03-28,2.3614,919,1.8961,743,NA,NA,0
2026,2,8478020,OTT,2026-03-26,2.6355,929,2.4468,868,NA,NA,1
2026,2,8478854,PIT,2026-04-14,2.7761,1318,2.4648,1157,0.1866,67,0
2026,2,8478854,PIT,2026-04-11,3.3336,1512,3.0791,1352,NA,NA,1
2026,2,8478854,PIT,2026-04-09,2.4046,1080,2.3002,1034,NA,NA,0
2026,2,8478854,PIT,2026-04-05,2.3052,1128,1.6051,733,0.0363,9,1
2026,2,8478854,PIT,2026-04-04,2.5706,1164,2.5706,1164,NA,NA,1
2026,2,8478854,PIT,2026-04-02,2.1349,973,1.9332,873,NA,NA,0
2026,2,8478854,PIT,2026-03-31,2.1131,1040,2.1062,1035,NA,NA,1
2026,2,8478854,PIT,2026-03-30,2.4462,1144,2.3709,1099,NA,NA,0
2026,2,8478854,PIT,2026-03-28,2.0011,962,1.4904,659,NA,NA,1
2026,2,8478854,PIT,2026-03-26,1.9852,922,1.8107,834,NA,NA,0
2026,2,8478882,NYR,2026-04-15,3.4052,1583,2.8735,1275,0.1032,47,0
2026,2,8478882,NYR,2026-04-13,3.0804,1273,2.6981,1131,0.2065,66,0
2026,2,8478882,NYR,2026-04-11,3.0298,1286,2.4072,980,0.2989,120,0
2026,2,8478882,NYR,2026-04-08,3.2898,1481,2.9551,1290,NA,NA,1
2026,2,8478882,NYR,2026-04-05,2.7702,1265,1.997,910,0.366,151,1
2026,2,8478882,NYR,2026-04-04,3.286,1560,2.7215,1279,0.0576,25,1
2026,2,8478882,NYR,2026-04-02,3.0369,1315,2.6414,1131,0.1622,67,1
2026,2,8478882,NYR,2026-03-31,3.0244,1338,2.6374,1146,0.1417,45,1
2026,2,8478882,NYR,2026-03-29,3.3593,1494,2.8897,1259,0.0321,14,1
2026,2,8478882,NYR,2026-03-27,3.2227,1414,2.6207,1145,0.3101,131,1
2026,2,8480448,COL,2026-04-16,2.1789,817,2.0218,756,NA,NA,1
2026,2,8480448,COL,2026-04-14,1.9387,673,1.8264,629,NA,NA,0
2026,2,8480448,COL,2026-04-13,2.0413,791,1.9136,726,NA,NA,0
2026,2,8480448,COL,2026-04-11,1.8135,698,1.4467,549,NA,NA,1
2026,2,8480448,COL,2026-04-09,2.2698,820,2.1274,763,NA,NA,1
2026,2,8480448,COL,2026-04-07,1.4316,565,1.2784,501,NA,NA,0
2026,2,8480448,COL,2026-04-05,1.9005,695,1.5427,544,NA,NA,1
2026,2,8480448,COL,2026-04-04,2.1666,812,1.9234,706,NA,NA,0
2026,2,8480448,COL,2026-04-01,1.8364,723,1.5837,612,NA,NA,1
2026,2,8480448,COL,2026-03-30,2.1057,727,2.0277,699,NA,NA,1
2026,2,8481024,VAN,2026-04-16,2.4718,979,2.4294,963,0.0424,16,0
2026,2,8481024,VAN,2026-04-14,1.9324,803,1.8099,764,0.1225,39,1
2026,2,8481024,VAN,2026-04-12,2.2993,957,2.2993,957,NA,NA,0
2026,2,8481024,VAN,2026-04-11,2.1431,828,2.058,776,0.085,52,0
2026,2,8481024,VAN,2026-04-09,2.3087,896,2.3087,896,NA,NA,0
2026,2,8481024,VAN,2026-04-07,1.8875,716,1.8536,699,0.0339,17,1
2026,2,8481024,VAN,2026-04-04,2.2746,844,2.1379,805,0.1367,39,1
2026,2,8481024,VAN,2026-04-02,2.5255,1029,2.4682,996,0.0572,33,0
2026,2,8481024,VAN,2026-04-01,2.6198,1019,2.4539,961,0.1659,58,0
2026,2,8481024,VAN,2026-03-30,2.4359,974,2.4359,974,NA,NA,0
2026,2,8482079,"MIN,VAN",2026-04-16,2.1339,795,1.9658,693,0.1681,102,0
2026,2,8482079,"MIN,VAN",2026-04-14,2.6008,968,2.3231,800,0.2777,168,1
2026,2,8482079,"MIN,VAN",2026-04-12,2.8156,1129,2.2277,829,0.5879,300,0
2026,2,8482079,"MIN,VAN",2026-04-11,2.9008,1132,2.3325,838,0.5683,294,0
2026,2,8482079,"MIN,VAN",2026-04-09,2.6381,1010,2.6381,1010,NA,NA,0
2026,2,8482079,"MIN,VAN",2026-04-07,2.6122,1082,2.3421,889,0.2701,193,1
2026,2,8482079,"MIN,VAN",2026-04-04,2.645,1073,2.1177,817,0.5273,256,1
2026,2,8482079,"MIN,VAN",2026-04-02,2.4439,1055,2.2398,938,0.2041,117,0
2026,2,8482079,"MIN,VAN",2026-04-01,1.8904,816,1.552,615,0.3384,201,0
2026,2,8482079,"MIN,VAN",2026-03-30,2.8986,1070,2.8618,1047,0.0368,23,0
2026,2,8482088,WSH,2026-04-14,2.7195,965,2.1713,764,0.5481,201,0
2026,2,8482088,WSH,2026-04-12,2.0008,786,1.8083,716,0.1925,69,1
2026,2,8482088,WSH,2026-04-11,2.7918,1074,2.4355,914,0.3564,160,0
2026,2,8482088,WSH,2026-04-08,2.1635,774,1.7777,635,0.3858,139,0
2026,2,8482088,WSH,2026-04-05,2.638,929,2.2229,773,0.4151,156,0
2026,2,8482088,WSH,2026-04-04,2.5457,925,2.4111,871,0.1139,51,1
2026,2,8482088,WSH,2026-04-02,2.6521,922,2.3651,822,0.2871,100,0
2026,2,8482088,WSH,2026-03-31,3.1898,1156,2.7573,980,0.4326,176,1
2026,2,8482088,WSH,2026-03-28,2.941,1054,2.5339,909,0.4071,145,0
2026,2,8482088,WSH,2026-03-26,2.4337,870,1.975,713,0.341,116,0
2026,2,8482092,OTT,2026-04-15,2.6573,1030,2.3359,884,0.1664,70,1
2026,2,8482092,OTT,2026-04-12,2.7324,1055,2.1126,784,0.2409,102,0
2026,2,8482092,OTT,2026-04-11,3.2157,1356,2.1986,874,0.2692,131,0
2026,2,8482092,OTT,2026-04-09,2.5346,1008,2.3772,925,NA,NA,1
2026,2,8482092,OTT,2026-04-07,2.6034,1022,2.2886,886,NA,NA,1
2026,2,8482092,OTT,2026-04-05,2.4601,990,2.3114,902,NA,NA,1
2026,2,8482092,OTT,2026-04-04,2.2463,919,2.1735,891,NA,NA,1
2026,2,8482092,OTT,2026-04-02,2.5314,1028,2.401,939,NA,NA,1
2026,2,8482092,OTT,2026-03-31,2.619,1013,2.0357,764,0.3964,172,0
2026,2,8482092,OTT,2026-03-28,2.3792,913,1.9823,745,NA,NA,0
2026,2,8482684,NJD,2026-04-07,3.6806,1449,3.139,1218,0.5096,220,1
2026,2,8482684,NJD,2026-04-05,3.3196,1388,2.6391,1088,0.5196,196,0
2026,2,8482684,NJD,2026-04-04,4.2882,1663,3.7661,1440,0.2116,90,1
2026,2,8482684,NJD,2026-04-02,3.4522,1402,3.1399,1276,0.3123,126,1
2026,2,8482684,NJD,2026-03-31,3.7665,1505,3.1679,1254,0.4003,157,0
2026,2,8482684,NJD,2026-03-29,3.3317,1327,2.9434,1168,0.248,97,1
2026,2,8482684,NJD,2026-03-28,3.6174,1401,3.0792,1182,0.5382,219,0
2026,2,8482684,NJD,2026-03-26,3.2258,1221,2.8321,1060,0.3136,121,0
2026,2,8482684,NJD,2026-03-24,3.1224,1289,2.638,1050,0.2047,88,0
2026,2,8482684,NJD,2026-03-20,3.6116,1431,3.3903,1348,0.1317,41,0
2026,2,8483489,BOS,2026-04-14,2.7701,1024,2.7701,1024,NA,NA,1
2026,2,8483489,BOS,2026-04-12,2.736,953,2.3326,793,NA,NA,0
2026,2,8483489,BOS,2026-04-11,2.3535,818,2.1675,747,NA,NA,1
2026,2,8483489,BOS,2026-04-07,2.7939,1020,2.21,792,0.2535,92,0
2026,2,8483489,BOS,2026-04-05,2.4972,908,2.2502,822,NA,NA,0
2026,2,8483489,BOS,2026-04-04,3.1803,1144,2.4933,900,0.687,244,0
2026,2,8483489,BOS,2026-04-02,2.4345,916,2.2147,847,0.0774,28,0
2026,2,8483489,BOS,2026-03-31,2.6063,982,2.1716,796,0.2589,107,1
2026,2,8483489,BOS,2026-03-29,3.1522,1149,2.8342,1040,0.318,109,0
2026,2,8483489,BOS,2026-03-28,2.9547,1081,2.7337,1002,0.221,79,1
2026,2,8485414,PIT,2026-04-14,2.8255,1085,2.3272,878,0.3899,166,0
2026,2,8485414,PIT,2026-04-09,2.5246,887,2.2137,791,0.1624,49,0
2026,2,8485414,PIT,2026-04-05,1.8797,695,0.9623,347,0.5323,204,1
2026,2,8485414,PIT,2026-04-04,2.0776,730,2.0686,721,0.009,9,1
2026,2,8485414,PIT,2026-04-02,1.917,719,1.7121,644,0.2049,75,0
2026,2,8485414,PIT,2026-03-31,2.2288,852,1.9805,739,0.2482,113,1
2026,2,8485414,PIT,2026-03-30,2.4869,865,2.2417,773,NA,NA,0
2026,2,8485414,PIT,2026-03-28,2.2165,837,1.8528,674,0.2886,123,1
2026,2,8485414,PIT,2026-03-26,2.7142,941,2.4932,876,0.1605,39,0
2026,2,8485414,PIT,2026-03-24,2.0452,740,1.7405,618,0.2985,117,1
2026,2,8471724,PIT,2026-04-12,2.8298,1059,2.6302,977,0.1908,77,0
2026,2,8471724,PIT,2026-04-09,2.9214,1215,2.7315,1149,0.151,50,0
2026,2,8471724,PIT,2026-04-05,2.4159,966,1.695,721,0.6576,222,1
2026,2,8471724,PIT,2026-04-04,3.0147,1237,2.9003,1185,0.1144,52,1
2026,2,8471724,PIT,2026-04-02,3.0794,1204,2.8412,1100,0.2382,104,0
2026,2,8471724,PIT,2026-03-31,2.6688,1159,2.447,1046,0.2218,113,1
2026,2,8471724,PIT,2026-03-30,2.8789,1183,2.838,1159,NA,NA,0
2026,2,8471724,PIT,2026-03-28,3.2467,1310,2.9049,1160,0.316,135,1
2026,2,8471724,PIT,2026-03-26,3.2148,1271,3.0521,1208,0.1165,39,0
2026,2,8471724,PIT,2026-03-24,2.5945,1036,2.2449,888,0.257,109,1
2026,2,8479314,FLA,2026-04-15,2.0097,799,2.0097,799,NA,NA,1
2026,2,8479314,FLA,2026-04-05,2.8205,1269,1.5337,601,1.0975,579,0
2026,2,8479314,FLA,2026-04-04,2.5107,941,2.3736,879,NA,NA,0
2026,2,8479314,FLA,2026-04-02,2.7464,1097,2.415,952,0.2106,95,1
2026,2,8479314,FLA,2026-03-31,2.3489,1033,1.6973,711,0.4638,235,1
2026,2,8479314,FLA,2026-03-29,2.7134,1143,2.1804,872,0.5032,257,0
2026,2,8479314,FLA,2026-03-28,3.4922,1423,3.0024,1195,0.2198,120,0
2026,2,8479314,FLA,2026-03-26,2.6773,1099,2.4823,1002,0.195,97,1
2026,2,8479314,FLA,2026-03-24,3.031,1199,2.7587,1082,0.1193,64,1
2026,2,8479314,FLA,2026-03-20,2.2243,940,1.8926,753,0.2758,162,0
2026,2,8479638,PIT,2026-04-14,2.5781,1001,2.4468,942,0.1313,59,0
2026,2,8479638,PIT,2026-04-12,2.1102,804,2.0389,759,0.0714,45,0
2026,2,8479638,PIT,2026-04-11,2.0269,747,2.0269,747,NA,NA,1
2026,2,8479638,PIT,2026-04-09,2.2573,859,2.2573,859,NA,NA,0
2026,2,8479638,PIT,2026-04-05,1.0155,392,1.0014,383,0.0141,9,1
2026,2,8479638,PIT,2026-04-04,1.9484,697,1.9484,697,NA,NA,1
2026,2,8479638,PIT,2026-04-02,1.673,593,1.673,593,NA,NA,0
2026,2,8479638,PIT,2026-03-31,1.7803,703,1.5658,600,0.2145,103,1
2026,2,8479638,PIT,2026-03-30,2.2775,863,2.2775,863,NA,NA,0
2026,2,8479638,PIT,2026-03-28,1.8219,722,1.6106,602,0.2113,120,1
2026,2,8480064,BUF,2026-04-15,2.671,1015,2.1478,772,0.5232,243,1
2026,2,8480064,BUF,2026-04-13,1.9969,755,1.7494,647,0.2475,108,0
2026,2,8480064,BUF,2026-04-09,2.4329,876,2.0035,712,0.4102,152,1
2026,2,8480064,BUF,2026-04-08,2.1503,886,1.5535,613,0.5968,273,0
2026,2,8480064,BUF,2026-04-06,2.7647,1030,2.0592,747,0.7055,283,1
2026,2,8480064,BUF,2026-04-04,2.4437,948,1.7713,633,0.6724,315,0
2026,2,8480064,BUF,2026-04-02,2.4551,970,2.1644,849,0.2907,121,0
2026,2,8480064,BUF,2026-03-31,2.372,904,1.8764,693,0.4956,211,1
2026,2,8480064,BUF,2026-03-28,2.3481,908,1.9849,715,0.3632,193,1
2026,2,8480064,BUF,2026-03-27,2.3901,998,1.7965,703,0.5937,295,1
2026,2,8481598,STL,2026-04-16,2.9995,1331,2.766,1255,0.2335,76,0
2026,2,8481598,STL,2026-04-14,2.9658,1298,2.6353,1120,0.2111,108,1
2026,2,8481598,STL,2026-04-13,3.0763,1312,2.3661,974,0.4184,156,1
2026,2,8481598,STL,2026-04-11,2.8695,1252,2.4357,1066,0.2297,79,0
2026,2,8481598,STL,2026-04-09,3.3237,1352,2.4523,978,0.796,324,1
2026,2,8481598,STL,2026-04-07,3.8816,1512,3.2563,1298,0.6254,214,1
2026,2,8481598,STL,2026-04-05,3.2455,1339,2.2123,868,0.7493,304,0
2026,2,8481598,STL,2026-04-03,3.5874,1384,2.6215,1003,0.6351,231,0
2026,2,8481598,STL,2026-04-01,3.6155,1396,3.2166,1210,0.2956,136,0
2026,2,8481598,STL,2026-03-30,3.6845,1429,3.1962,1216,0.3023,112,0
2026,2,8473986,ANA,2026-04-16,2.948,1179,2.0092,775,0.6726,282,0
2026,2,8473986,ANA,2026-04-14,2.756,1224,2.3415,985,0.2575,166,0
2026,2,8473986,ANA,2026-04-12,2.8884,1189,2.5458,1014,0.1238,50,1
2026,2,8473986,ANA,2026-04-09,2.1848,862,2.1095,813,0.0753,49,1
2026,2,8473986,ANA,2026-04-07,2.1662,929,1.3533,557,0.4476,184,1
2026,2,8473986,ANA,2026-04-04,2.5164,1094,1.992,843,0.3072,168,1
2026,2,8473986,ANA,2026-04-03,2.6445,1058,2.129,834,0.2662,140,1
2026,2,8473986,ANA,2026-04-01,2.4185,1049,2.1018,890,0.1956,93,0
2026,2,8473986,ANA,2026-03-30,2.6852,1117,2.3343,936,0.1183,52,1
2026,2,8473986,ANA,2026-03-28,2.596,1100,2.1032,830,0.2174,116,0
2026,2,8477444,CHI,2026-04-15,2.5136,914,2.1466,743,0.367,171,1
2026,2,8477444,CHI,2026-04-13,2.2819,797,2.0005,672,0.2814,125,1
2026,2,8477444,CHI,2026-04-11,2.5124,928,2.363,873,0.1495,55,1
2026,2,8477444,CHI,2026-04-09,2.1977,813,1.9196,692,0.278,121,1
2026,2,8477444,CHI,2026-04-04,1.4681,564,1.3257,501,0.1424,63,0
2026,2,8477444,CHI,2026-04-02,1.5313,529,1.5313,529,NA,NA,0
2026,2,8477444,CHI,2026-03-31,2.2988,830,2.1728,788,0.126,42,1
2026,2,8477444,CHI,2026-03-29,2.404,856,2.1634,767,0.2406,89,0
2026,2,8477444,CHI,2026-03-27,2.2009,799,2.0343,718,0.1666,81,0
2026,2,8477444,CHI,2026-03-26,2.1968,759,2.0086,695,0.1882,64,0
2026,2,8478047,"NSH,DAL",2026-04-15,2.0197,756,2.0193,756,3e-4,0,0
2026,2,8478047,"NSH,DAL",2026-04-13,2.2528,860,2.2528,860,NA,NA,0
2026,2,8478047,"NSH,DAL",2026-03-29,0.5459,226,0.5459,225,NA,NA,0
2026,2,8478047,"NSH,DAL",2026-03-28,1.8729,743,1.8729,743,NA,NA,0
2026,2,8478047,"NSH,DAL",2026-03-24,1.4563,599,1.2217,504,0.1966,80,1
2026,2,8478047,"NSH,DAL",2026-03-22,1.8751,771,1.6793,641,0.1906,128,1
2026,2,8478047,"NSH,DAL",2026-03-21,1.9822,820,1.6949,675,0.2873,145,0
2026,2,8478047,"NSH,DAL",2026-03-18,2.4897,911,2.2921,829,0.1976,82,0
2026,2,8478047,"NSH,DAL",2026-03-16,2.0934,808,1.6744,627,0.419,181,1
2026,2,8478047,"NSH,DAL",2026-03-14,2.0709,878,1.7291,689,0.3418,189,1
2026,2,8478856,"VAN,CBJ",2026-04-14,2.3284,816,2.2637,792,0.0646,24,1
2026,2,8478856,"VAN,CBJ",2026-04-12,1.7594,605,1.6603,574,0.0991,31,1
2026,2,8478856,"VAN,CBJ",2026-04-11,1.7964,652,1.5125,548,0.2839,104,0
2026,2,8478856,"VAN,CBJ",2026-04-09,2.152,759,1.9503,682,0.2017,77,0
2026,2,8478856,"VAN,CBJ",2026-04-07,2.9319,994,2.6887,915,0.2432,79,0
2026,2,8478856,"VAN,CBJ",2026-04-04,2.6488,929,2.6488,929,NA,NA,1
2026,2,8478856,"VAN,CBJ",2026-04-02,2.4407,870,2.0178,719,0.4228,151,0
2026,2,8478856,"VAN,CBJ",2026-03-31,2.4052,856,2.1654,785,0.2397,71,1
2026,2,8478856,"VAN,CBJ",2026-03-29,2.3263,798,2.1682,748,0.1581,50,1
2026,2,8478856,"VAN,CBJ",2026-03-28,2.1999,761,2.194,758,0.0059,3,1
2026,2,8479351,DAL,2026-04-15,2.5113,943,2.249,829,4e-4,0,0
2026,2,8479351,DAL,2026-03-26,2.2081,816,1.7001,617,0.0593,25,0
2026,2,8479351,DAL,2026-03-24,2.556,1023,2.2727,903,NA,NA,1
2026,2,8479351,DAL,2026-03-22,2.4167,970,1.9441,761,0.0103,10,1
2026,2,8479351,DAL,2026-03-21,2.0781,765,1.7253,638,NA,NA,0
2026,2,8479351,DAL,2026-03-18,2.4751,992,2.3568,919,NA,NA,0
2026,2,8479351,DAL,2026-03-16,2.7353,1017,2.5282,937,NA,NA,1
2026,2,8479351,DAL,2026-03-14,2.4351,911,1.9711,726,NA,NA,1
2026,2,8479351,DAL,2026-03-12,2.8127,1009,2.4288,883,0.0337,11,1
2026,2,8479351,DAL,2026-03-10,1.8923,685,1.4868,536,NA,NA,1
2026,2,8480185,FLA,2026-04-15,2.0935,780,2.0904,777,NA,NA,1
2026,2,8480185,FLA,2026-04-13,2.0492,747,1.8518,679,0.1385,47,1
2026,2,8480185,FLA,2026-04-11,2.2689,910,2.0868,835,0.1505,54,0
2026,2,8480185,FLA,2026-04-09,2.8637,1133,2.531,981,0.2446,120,0
2026,2,8480185,FLA,2026-04-07,3.0698,1223,2.3543,885,0.295,162,0
2026,2,8480185,FLA,2026-04-05,2.7899,1019,2.0368,739,0.0813,55,0
2026,2,8480185,FLA,2026-04-04,2.5544,981,2.391,896,NA,NA,0
2026,2,8480185,FLA,2026-04-02,2.4298,957,2.1066,821,0.0617,25,1
2026,2,8480185,FLA,2026-03-31,2.3963,951,1.8018,689,NA,NA,1
2026,2,8480185,FLA,2026-03-29,2.7204,1043,2.2585,829,0.4325,200,0
2026,2,8480188,OTT,2026-04-15,2.0867,771,1.9597,698,0.1269,73,1
2026,2,8480188,OTT,2026-04-12,2.7442,1004,2.4684,891,0.2757,113,0
2026,2,8480188,OTT,2026-04-11,1.5097,572,1.1699,431,0.3399,141,0
2026,2,8480188,OTT,2026-04-09,1.9215,708,1.9215,708,NA,NA,1
2026,2,8480188,OTT,2026-04-07,1.5535,563,1.4599,528,0.0936,35,1
2026,2,8480188,OTT,2026-04-05,1.9609,763,1.8842,728,0.0767,35,1
2026,2,8480188,OTT,2026-04-04,1.6904,579,1.5634,521,0.127,58,1
2026,2,8480188,OTT,2026-04-02,2.2493,852,2.0991,782,0.1503,70,1
2026,2,8480188,OTT,2026-03-31,1.9124,731,1.5147,563,0.3977,168,0
2026,2,8480188,OTT,2026-03-28,1.7614,673,1.6733,629,0.0881,44,0
2026,2,8482100,CAR,2026-04-14,3.3094,1420,2.8924,1228,0.1654,70,0
2026,2,8482100,CAR,2026-04-13,3.4053,1418,3.2089,1301,0.033,25,0
2026,2,8482100,CAR,2026-04-11,3.0647,1288,2.5535,1044,0.172,66,0
2026,2,8482100,CAR,2026-04-09,3.3629,1402,3.0377,1240,NA,NA,0
2026,2,8482100,CAR,2026-04-07,2.9225,1243,2.3476,983,0.4886,217,1
2026,2,8482100,CAR,2026-04-05,2.4559,1051,2.1987,924,0.2572,127,0
2026,2,8482100,CAR,2026-04-04,2.5203,1003,2.1891,857,0.3312,146,1
2026,2,8482100,CAR,2026-04-02,2.4312,978,2.2936,925,0.0612,23,1
2026,2,8482100,CAR,2026-03-31,2.332,956,1.9395,764,0.321,145,0
2026,2,8482100,CAR,2026-03-29,2.8554,1092,2.5724,1002,0.2829,90,1
2026,2,8482177,BOS,2026-04-14,2.3735,922,2.3018,891,NA,NA,1
2026,2,8482177,BOS,2026-04-12,2.5767,938,2.381,850,NA,NA,0
2026,2,8482177,BOS,2026-04-11,2.1311,775,2.0295,719,NA,NA,1
2026,2,8482177,BOS,2026-04-07,2.7064,1036,2.1454,805,0.1345,46,0
2026,2,8482177,BOS,2026-04-05,2.186,826,1.8275,684,NA,NA,0
2026,2,8482177,BOS,2026-04-04,2.5182,1017,2.1619,852,0.2615,114,0
2026,2,8482177,BOS,2026-04-02,2.1599,826,2.0894,798,NA,NA,0
2026,2,8482177,BOS,2026-03-31,2.3136,866,2.026,755,NA,NA,1
2026,2,8482177,BOS,2026-03-29,2.6866,1023,2.485,939,0.0216,0,0
2026,2,8482177,BOS,2026-03-28,2.1683,790,2.0724,759,NA,NA,1
2026,2,8482201,TBL,2026-04-15,2.0397,776,1.9346,740,NA,NA,1
2026,2,8482201,TBL,2026-04-13,2.4178,910,2.2714,833,0.1465,77,1
2026,2,8482201,TBL,2026-04-11,2.1731,844,2.1731,844,NA,NA,0
2026,2,8482201,TBL,2026-04-09,2.8436,1099,2.1835,831,0.0666,29,0
2026,2,8482201,TBL,2026-04-07,2.33,892,2.0775,751,0.1336,88,0
2026,2,8482201,TBL,2026-04-06,2.9948,1157,2.2095,843,0.2317,93,0
2026,2,8482201,TBL,2026-04-04,2.1308,854,2.0214,800,0.0603,35,1
2026,2,8482201,TBL,2026-04-02,2.4545,943,2.3946,907,NA,NA,1
2026,2,8482201,TBL,2026-03-31,2.0791,823,1.9844,776,0.0598,30,1
2026,2,8482201,TBL,2026-03-29,2.6753,1028,2.1054,786,0.4475,193,1
2026,2,8482705,CBJ,2026-04-14,2.3426,841,2.2144,801,NA,NA,1
2026,2,8482705,CBJ,2026-04-12,1.994,718,1.994,718,NA,NA,1
2026,2,8482705,CBJ,2026-04-11,2.703,1043,2.4814,954,0.0342,14,0
2026,2,8482705,CBJ,2026-04-09,2.2599,817,2.2599,817,NA,NA,0
2026,2,8482705,CBJ,2026-04-07,2.6519,935,2.6501,935,0.0018,0,0
2026,2,8482705,CBJ,2026-04-04,2.5196,914,2.5196,914,NA,NA,1
2026,2,8482705,CBJ,2026-04-02,2.4329,906,2.3688,884,NA,NA,0
2026,2,8482705,CBJ,2026-03-31,2.1526,810,1.9717,729,0.1009,47,1
2026,2,8482705,CBJ,2026-03-29,2.7472,989,2.5585,939,NA,NA,1
2026,2,8482705,CBJ,2026-03-28,2.6844,983,2.6052,941,NA,NA,1
2026,2,8476902,DAL,2026-04-15,2.6857,1334,2.1096,1004,0.271,120,0
2026,2,8476902,DAL,2026-04-13,2.569,1282,2.262,1108,0.02,13,0
2026,2,8476902,DAL,2026-04-11,2.9162,1377,2.263,1001,0.0322,22,1
2026,2,8476902,DAL,2026-04-09,3.1638,1503,2.6667,1215,NA,NA,1
2026,2,8476902,DAL,2026-04-07,2.6751,1236,1.9884,879,0.2029,101,1
2026,2,8476902,DAL,2026-04-04,2.5138,1150,2.3222,1064,0.048,16,1
2026,2,8476902,DAL,2026-04-02,2.6418,1336,2.2616,1112,NA,NA,1
2026,2,8476902,DAL,2026-03-31,2.6282,1214,2.2872,999,0.0017,2,0
2026,2,8476902,DAL,2026-03-29,2.9145,1381,2.3492,1059,0.131,67,0
2026,2,8476902,DAL,2026-03-28,2.6872,1340,2.1558,1010,0.1182,65,0
2026,2,8476923,CBJ,2026-03-26,2.9687,1283,2.8587,1245,0.0997,33,0
2026,2,8476923,CBJ,2026-03-24,3.2512,1398,2.9813,1281,0.2001,88,0
2026,2,8476923,CBJ,2026-03-22,3.2348,1418,3.05,1307,NA,NA,0
2026,2,8476923,CBJ,2026-03-21,2.8547,1279,2.6167,1155,0.2194,106,1
2026,2,8476923,CBJ,2026-03-19,3.1565,1462,2.6389,1208,0.1346,77,1
2026,2,8476923,CBJ,2026-03-17,2.8228,1240,2.4982,1124,0.3246,116,1
2026,2,8476923,CBJ,2026-03-14,3.4731,1398,3.2522,1300,0.0355,15,0
2026,2,8476923,CBJ,2026-03-12,2.6098,1086,2.443,1006,0.085,39,0
2026,2,8476923,CBJ,2026-03-10,2.5963,1169,2.2053,973,0.1668,70,0
2026,2,8476923,CBJ,2026-03-09,3.514,1448,3.0333,1239,0.1928,80,1
2026,2,8477416,TBL,2026-04-15,2.8411,1156,2.4522,924,0.3889,232,1
2026,2,8477416,TBL,2026-04-13,1.5059,535,1.5059,535,NA,NA,1
2026,2,8477416,TBL,2026-04-11,2.0195,768,1.763,648,0.2565,120,0
2026,2,8477416,TBL,2026-04-09,1.7289,646,1.4805,533,0.2485,113,0
2026,2,8477416,TBL,2026-04-07,2.4917,901,2.3436,840,0.1481,61,0
2026,2,8477416,TBL,2026-04-06,2.2386,897,1.5227,557,0.7158,340,0
2026,2,8477416,TBL,2026-04-04,1.639,619,1.5125,534,0.1266,85,1
2026,2,8477416,TBL,2026-04-02,1.637,568,1.4918,514,0.1452,54,1
2026,2,8477416,TBL,2026-03-29,1.1903,499,0.9731,370,0.2172,129,1
2026,2,8477416,TBL,2026-03-28,1.1787,431,0.8065,284,0.3722,147,1
2026,2,8477495,FLA,2026-04-07,3.9439,1767,3.0402,1308,0.3607,169,0
2026,2,8477495,FLA,2026-04-05,3.5609,1490,1.5875,652,1.3017,543,0
2026,2,8477495,FLA,2026-04-04,2.9559,1363,2.6279,1172,NA,NA,0
2026,2,8477495,FLA,2026-04-02,3.6432,1599,3.0903,1348,0.1969,69,1
2026,2,8477495,FLA,2026-03-31,3.3801,1520,2.072,886,0.5696,235,1
2026,2,8477495,FLA,2026-03-29,3.3886,1440,2.7316,1169,0.4718,195,0
2026,2,8477495,FLA,2026-03-28,3.5041,1521,3.0096,1286,0.2383,120,0
2026,2,8477495,FLA,2026-03-26,3.2284,1313,2.989,1218,0.2394,95,1
2026,2,8477495,FLA,2026-03-24,3.4408,1387,3.1035,1244,0.1723,60,1
2026,2,8477495,FLA,2026-03-20,3.5593,1472,2.432,990,0.428,163,0
2026,2,8477986,SEA,2026-04-16,3.1614,1317,2.8024,1163,0.3106,125,0
2026,2,8477986,SEA,2026-04-15,3.1156,1279,3.1061,1273,NA,NA,0
2026,2,8477986,SEA,2026-04-13,3.599,1438,3.3498,1343,NA,NA,1
2026,2,8477986,SEA,2026-04-11,3.1441,1211,2.9033,1118,0.2408,93,1
2026,2,8477986,SEA,2026-04-09,3.5332,1449,3.5332,1449,NA,NA,1
2026,2,8477986,SEA,2026-04-07,2.9245,1183,2.4727,981,0.3958,177,0
2026,2,8477986,SEA,2026-04-06,3.2651,1298,3.2651,1298,NA,NA,0
2026,2,8477986,SEA,2026-04-04,3.7299,1503,3.2023,1292,0.3903,148,1
2026,2,8477986,SEA,2026-04-02,3.3366,1297,2.9818,1137,0.2794,128,1
2026,2,8477986,SEA,2026-03-31,3.1367,1241,2.8784,1139,0.2583,102,0
2026,2,8478421,FLA,2026-04-15,2.4627,892,2.3144,840,0.0687,23,1
2026,2,8478421,FLA,2026-04-13,2.1328,801,1.8878,708,0.1713,69,1
2026,2,8478421,FLA,2026-04-11,2.1959,889,2.0056,802,0.1512,66,0
2026,2,8478421,FLA,2026-04-09,2.4311,954,2.4311,954,NA,NA,0
2026,2,8478421,FLA,2026-04-07,2.3435,942,2.2391,879,0.1044,63,0
2026,2,8478421,FLA,2026-04-05,2.4881,951,1.7697,696,0.0617,15,0
2026,2,8478421,FLA,2026-04-04,2.7759,1024,2.5124,915,NA,NA,0
2026,2,8478421,FLA,2026-04-02,2.5437,997,2.3721,932,NA,NA,1
2026,2,8478421,FLA,2026-03-31,2.7381,1011,1.9729,736,NA,NA,1
2026,2,8478421,FLA,2026-03-29,2.6728,1002,2.489,928,NA,NA,0
2026,2,8479675,LAK,2026-04-16,2.8906,1081,2.428,892,0.1493,63,0
2026,2,8479675,LAK,2026-04-14,2.7641,1117,2.4481,992,0.143,55,0
2026,2,8479675,LAK,2026-04-13,3.1662,1111,3.1279,1097,0.0383,14,0
2026,2,8479675,LAK,2026-04-11,3.0168,1134,2.8509,1054,0.058,25,1
2026,2,8479675,LAK,2026-04-09,2.8595,1098,2.8595,1098,NA,NA,1
2026,2,8479675,LAK,2026-04-06,2.8238,1063,2.7533,1029,NA,NA,1
2026,2,8479675,LAK,2026-04-04,3.2427,1244,2.5938,973,0.4477,162,1
2026,2,8479675,LAK,2026-04-02,2.9745,1152,2.4501,942,0.1319,50,1
2026,2,8479675,LAK,2026-04-01,2.9565,1064,2.6086,940,0.1163,36,1
2026,2,8479675,LAK,2026-03-28,2.5177,960,2.1703,820,0.2519,91,1
2026,2,8481582,TOR,2026-04-15,2.1649,783,1.8028,635,0.2407,91,0
2026,2,8481582,TOR,2026-04-13,2.2919,872,2.1415,817,0.0639,26,1
2026,2,8481582,TOR,2026-04-11,2.3589,878,2.3589,878,NA,NA,1
2026,2,8481582,TOR,2026-04-09,1.8722,679,1.8722,679,NA,NA,0
2026,2,8481582,TOR,2026-04-08,2.3136,856,2.0264,731,0.2872,125,1
2026,2,8481582,TOR,2026-04-04,1.7203,614,1.5034,532,0.2169,82,0
2026,2,8481582,TOR,2026-04-02,1.8828,703,1.8828,703,NA,NA,0
2026,2,8481582,TOR,2026-03-30,2.5041,854,2.3214,801,0.1711,53,0
2026,2,8481582,TOR,2026-03-28,2.8468,1063,2.3264,844,0.4335,190,0
2026,2,8481582,TOR,2026-03-25,2.2177,840,2.0048,750,0.2129,90,1
2026,2,8481716,CBJ,2026-03-28,0.6759,243,0.6759,243,NA,NA,1
2026,2,8481716,CBJ,2026-03-12,1.606,618,1.606,618,NA,NA,0
2026,2,8481716,CBJ,2026-03-05,1.7096,658,1.4573,510,0.2522,148,1
2026,2,8481716,CBJ,2026-03-03,1.3429,519,1.0434,388,0.2995,131,1
2026,2,8481716,CBJ,2026-03-02,1.4155,599,1.4155,599,NA,NA,0
2026,2,8481716,CBJ,2026-02-28,1.25,511,1.25,511,NA,NA,1
2026,2,8481716,CBJ,2026-02-26,1.9053,726,1.7947,660,0.1106,66,0
2026,2,8481716,CBJ,2026-02-04,1.3773,514,1.3773,514,NA,NA,1
2026,2,8481716,CBJ,2026-02-03,1.803,670,1.803,670,NA,NA,0
2026,2,8481716,CBJ,2026-01-31,1.9028,691,1.7972,639,0.1057,52,0
2026,2,8482142,PHI,2026-04-13,3.6924,1545,3.4228,1434,0.2696,111,1
2026,2,8482142,PHI,2026-04-11,2.4885,1052,2.2565,938,0.232,114,0
2026,2,8482142,PHI,2026-04-09,3.2735,1384,2.5584,1070,0.7151,314,0
2026,2,8482142,PHI,2026-04-07,2.5369,1069,2.368,990,0.1675,77,0
2026,2,8482142,PHI,2026-04-05,3.3356,1335,2.7951,1146,0.5405,189,1
2026,2,8482142,PHI,2026-04-03,2.5451,1135,2.3171,1052,0.228,83,0
2026,2,8482142,PHI,2026-04-02,3.4244,1415,3.3461,1370,0.0783,45,1
2026,2,8482142,PHI,2026-03-31,2.7943,1189,2.4885,1036,0.301,149,0
2026,2,8482142,PHI,2026-03-29,2.978,1330,2.8024,1263,0.1756,67,1
2026,2,8482142,PHI,2026-03-28,2.7759,1177,2.7293,1160,0.0466,17,0
2026,2,8482149,WPG,2026-04-16,2.8735,1036,2.6346,927,0.2389,109,1
2026,2,8482149,WPG,2026-04-14,2.6347,1016,2.4724,968,0.1483,42,0
2026,2,8482149,WPG,2026-04-13,2.2499,743,1.8316,620,0.4183,123,0
2026,2,8482149,WPG,2026-04-11,2.5336,877,2.1249,738,0.4087,139,1
2026,2,8482149,WPG,2026-04-09,2.202,827,2.1512,795,0.0509,32,0
2026,2,8482149,WPG,2026-04-06,2.7953,977,2.7953,977,NA,NA,1
2026,2,8482149,WPG,2026-04-04,2.6526,949,2.5289,884,0.1237,65,0
2026,2,8482149,WPG,2026-04-02,2.974,1234,2.4577,990,0.5163,244,0
2026,2,8482149,WPG,2026-03-31,3.022,1129,2.7464,1009,0.2169,107,0
2026,2,8482149,WPG,2026-03-28,2.948,1155,2.6663,1008,0.2817,147,0
2026,2,8474037,DET,2026-04-15,2.5121000000000002,1034,2.202,876,0.3102,158,0
2026,2,8474037,DET,2026-04-13,1.829,734,1.7049,654,0.1241,80,0
2026,2,8474037,DET,2026-04-11,1.1594,433,1.1006,407,0.0588,26,1
2026,2,8474037,DET,2026-04-09,1.313,540,1.1669,485,0.146,55,1
2026,2,8474037,DET,2026-04-07,1.0468,400,1.0468,400,NA,NA,1
2026,2,8474037,DET,2026-04-05,1.6843,610,1.654,589,0.0303,21,1
2026,2,8474037,DET,2026-04-04,1.6816,699,1.3366,549,0.345,150,0
2026,2,8474037,DET,2026-04-02,0.8565,318,0.8241,302,0.0324,16,0
2026,2,8474037,DET,2026-03-31,2.0426,806,2.0426,806,NA,NA,0
2026,2,8474037,DET,2026-03-27,1.3864,557,1.2886,511,0.0977,46,0
2026,2,8475169,VAN,2026-04-04,1.938,712,1.938,712,NA,NA,1
2026,2,8475169,VAN,2026-03-30,2.4362,882,2.4362,882,NA,NA,0
2026,2,8475169,VAN,2026-03-28,2.1119,799,1.8186,666,0.2932,133,0
2026,2,8475169,VAN,2026-03-26,2.9907,1121,2.7178,1004,0.2729,117,1
2026,2,8475169,VAN,2026-03-24,2.3013,876,2.231,824,0.0704,52,1
2026,2,8475169,VAN,2026-03-21,2.4632,931,2.3624,881,0.1008,50,1
2026,2,8475169,VAN,2026-03-19,1.8241,676,1.7305,636,0.0936,40,1
2026,2,8475169,VAN,2026-03-17,2.2264,784,2.0669,717,0.1596,67,1
2026,2,8475169,VAN,2026-03-14,3.1292,1111,2.8784,1022,0.2508,89,1
2026,2,8475169,VAN,2026-03-12,2.8743,1064,2.848,1050,0.0263,14,1
2026,2,8476312,COL,2026-04-11,1.6523,706,1.388,575,0.0312,12,1
2026,2,8476312,COL,2026-04-09,2.8077,1185,2.6444,1107,NA,NA,1
2026,2,8476312,COL,2026-04-07,2.9992,1275,2.5678,1079,NA,NA,0
2026,2,8476312,COL,2026-04-05,2.7649,1117,2.4153,973,NA,NA,1
2026,2,8476312,COL,2026-04-04,2.9244,1267,2.6915,1151,NA,NA,0
2026,2,8476312,COL,2026-04-01,2.438,1015,2.1148,852,NA,NA,1
2026,2,8476312,COL,2026-03-30,2.8257,1136,2.7104,1080,NA,NA,1
2026,2,8476312,COL,2026-03-28,2.2224,871,2.1372,832,NA,NA,1
2026,2,8476312,COL,2026-03-26,2.1878,845,1.8548,697,NA,NA,0
2026,2,8476312,COL,2026-03-24,2.6695,1109,2.4601,993,NA,NA,0
2026,2,8476539,NSH,2026-04-13,2.9407,1109,2.6186,989,0.3221,120,1
2026,2,8476539,NSH,2026-04-11,2.459,853,1.8977,667,0.5613,186,1
2026,2,8476539,NSH,2026-04-09,2.7919,938,2.3897,778,0.4023,160,0
2026,2,8476539,NSH,2026-04-07,2.4388,892,1.8335,654,0.6053,238,0
2026,2,8476539,NSH,2026-04-06,3.149,1165,2.8499,1045,0.2991,120,0
2026,2,8476539,NSH,2026-04-04,2.5754,1021,2.2131,868,0.3624,153,0
2026,2,8476539,NSH,2026-04-02,3.4636,1272,2.8214,1032,0.6422,240,0
2026,2,8476539,NSH,2026-03-29,2.71,1036,1.8608,714,0.8492,322,0
2026,2,8476539,NSH,2026-03-28,2.8012,1027,2.1822,806,0.619,221,1
2026,2,8476539,NSH,2026-03-26,2.7627,1065,2.5368,974,0.2259,91,1
2026,2,8478109,"COL,CGY",2026-04-16,1.5127,543,1.5127,543,NA,NA,1
2026,2,8478109,"COL,CGY",2026-04-14,2.4368,888,2.1112,770,0.3065,111,1
2026,2,8478109,"COL,CGY",2026-04-12,2.5778,1005,1.9375,701,0.6402,304,1
2026,2,8478109,"COL,CGY",2026-04-09,2.1158,727,1.9462,666,0.1696,61,0
2026,2,8478109,"COL,CGY",2026-04-04,2.1402,788,1.9027,708,0.2376,80,0
2026,2,8478109,"COL,CGY",2026-04-02,1.8905,718,1.8487,691,0.0418,27,0
2026,2,8478109,"COL,CGY",2026-03-30,2.3928,885,2.2206,822,0.1723,63,0
2026,2,8478109,"COL,CGY",2026-03-28,2.2282,823,2.0969,784,0.1314,39,1
2026,2,8478109,"COL,CGY",2026-03-26,2.516,953,2.3157,885,0.2003,68,1
2026,2,8478109,"COL,CGY",2026-03-24,2.8857,969,2.5398,848,0.3459,121,1
2026,2,8478469,OTT,2026-04-11,3.5505,1451,2.784,1122,0.3859,154,0
2026,2,8478469,OTT,2026-04-09,3.2039,1276,3.2039,1276,NA,NA,1
2026,2,8478469,OTT,2026-03-23,1.4545,621,0.9944,394,0.3695,172,0
2026,2,8478469,OTT,2026-03-21,4.0471,1716,3.1111,1245,0.5184,257,1
2026,2,8478469,OTT,2026-03-19,4.3062,1853,3.2186,1323,0.4365,203,1
2026,2,8478469,OTT,2026-03-18,4.1842,1686,3.4429,1366,0.5454,236,0
2026,2,8478469,OTT,2026-03-15,4.1774,1709,3.1269,1241,0.6451,281,1
2026,2,8478469,OTT,2026-03-14,4.0352,1644,2.6809,1096,0.9369,347,1
2026,2,8478469,OTT,2026-03-11,4.2197,1712,3.4933,1416,0.4886,194,1
2026,2,8478469,OTT,2026-03-09,3.6756,1469,2.7538,1101,0.7667,285,0
2026,2,8478500,CBJ,2026-04-14,3.6898,1447,3.1331,1196,0.0721,26,1
2026,2,8478500,CBJ,2026-04-12,4.2297,1616,4.0726,1570,0.1571,46,1
2026,2,8478500,CBJ,2026-04-11,3.6412,1530,2.6646,1080,0.2394,95,0
2026,2,8478500,CBJ,2026-04-09,3.6443,1481,3.0473,1194,0.3035,148,0
2026,2,8478500,CBJ,2026-04-07,3.7598,1429,3.5179,1330,0.1567,48,0
2026,2,8478500,CBJ,2026-04-04,3.4794,1349,3.3563,1283,NA,NA,1
2026,2,8478500,CBJ,2026-04-02,3.115,1208,2.6678,1014,0.2354,94,0
2026,2,8478500,CBJ,2026-03-31,3.5599,1521,2.7721,1101,0.1308,38,1
2026,2,8478500,CBJ,2026-03-29,3.4794,1490,3.3472,1400,NA,NA,1
2026,2,8478500,CBJ,2026-03-28,3.7012,1539,3.5481,1428,NA,NA,1
2026,2,8478542,FLA,2026-03-26,0.1503,49,0.1503,49,NA,NA,1
2026,2,8478542,FLA,2026-03-24,2.941,1186,2.6815,1095,0.1663,59,1
2026,2,8478542,FLA,2026-03-20,2.763,975,2.027,710,0.4466,163,0
2026,2,8478542,FLA,2026-03-19,2.5873,1064,2.1435,855,0.221,111,0
2026,2,8478542,FLA,2026-03-15,2.6708,1028,2.3925,913,0.2356,102,0
2026,2,8478542,FLA,2026-03-12,2.7453,1049,2.7042,1028,0.0411,21,1
2026,2,8478542,FLA,2026-03-10,2.863,981,2.5987,872,0.2643,109,1
2026,2,8478542,FLA,2026-03-06,3.0335,1171,2.4554,951,0.2917,105,0
2026,2,8478542,FLA,2026-03-05,2.5271,957,2.4304,916,0.0968,41,0
2026,2,8478542,FLA,2026-03-03,2.2717,807,2.2291,768,0.0426,39,0
2026,2,8479619,UTA,2026-04-16,2.9653,1069,2.9653,1069,NA,NA,1
2026,2,8479619,UTA,2026-04-14,2.2468,868,1.9366,740,0.3102,128,1
2026,2,8479619,UTA,2026-04-12,1.9788,723,1.8516,675,0.1272,48,0
2026,2,8479619,UTA,2026-04-11,2.2148,767,1.7478,594,0.467,173,1
2026,2,8479619,UTA,2026-04-09,2.4253,875,2.2527,816,0.1726,59,1
2026,2,8479619,UTA,2026-04-07,2.6748,911,2.4862,837,0.1886,74,1
2026,2,8479619,UTA,2026-04-04,2.1226,773,1.9453,705,0.1772,68,0
2026,2,8479619,UTA,2026-04-02,2.5225,903,2.2423,811,0.2802,92,0
2026,2,8479619,UTA,2026-03-28,2.3186,781,2.2435,751,0.0751,30,0
2026,2,8479619,UTA,2026-03-26,2.6436,923,2.6123,897,0.0313,26,1
2026,2,8480336,CAR,2026-04-13,3.4463,1453,3.3285,1392,NA,NA,0
2026,2,8480336,CAR,2026-04-11,3.2904,1500,2.4502,1109,0.1521,66,0
2026,2,8480336,CAR,2026-04-09,3.1707,1386,2.5853,1109,0.1049,56,0
2026,2,8480336,CAR,2026-04-07,2.779,1166,2.4912,1047,0.0196,7,1
2026,2,8480336,CAR,2026-04-05,2.7132,1145,2.6318,1105,NA,NA,0
2026,2,8480336,CAR,2026-04-04,2.6114,1131,2.5083,1074,0.0191,9,1
2026,2,8480336,CAR,2026-04-02,3.2198,1371,3.0173,1289,0.0122,2,1
2026,2,8480336,CAR,2026-03-31,2.4315,1072,2.2474,983,NA,NA,0
2026,2,8480336,CAR,2026-03-29,2.602,1147,2.2009,959,NA,NA,1
2026,2,8480336,CAR,2026-03-28,3.1335,1239,2.799,1101,NA,NA,1
2026,2,8481606,OTT,2026-04-15,3.2826,1402,2.7874,1177,0.3908,165,1
2026,2,8481606,OTT,2026-04-12,3.5546,1596,2.8789,1277,0.5787,272,0
2026,2,8481606,OTT,2026-04-11,2.5098,1093,2.4206,1049,0.0723,35,0
2026,2,8481606,OTT,2026-04-09,2.6422,1163,2.6422,1163,NA,NA,1
2026,2,8481606,OTT,2026-04-07,3.4647,1379,3.3458,1314,0.0791,35,1
2026,2,8481606,OTT,2026-04-05,2.7324,1197,2.6491,1169,0.0833,28,1
2026,2,8481606,OTT,2026-04-04,3.1536,1371,2.8447,1254,0.2621,97,1
2026,2,8481606,OTT,2026-04-02,4.1798,1848,3.6897,1626,0.4255,158,1
2026,2,8481606,OTT,2026-03-31,3.2848,1445,2.1562,993,1.0097,399,0
2026,2,8481606,OTT,2026-03-28,3.0768,1361,2.8162,1237,0.0998,44,0
2026,2,8481721,NJD,2026-03-24,2.5566,982,2.4768,941,0.0797,41,0
2026,2,8481721,NJD,2026-03-20,2.3314,909,2.2723,888,0.0591,21,0
2026,2,8481721,NJD,2026-03-18,2.7599,1028,2.4131,890,0.3468,138,0
2026,2,8481721,NJD,2026-03-16,1.8911,677,1.8306,657,0.0605,20,1
2026,2,8481721,NJD,2026-03-14,2.5021,953,2.3712,896,0.131,57,1
2026,2,8481721,NJD,2026-03-12,2.8895,1030,2.8027,988,0.0868,42,1
2026,2,8481721,NJD,2026-03-08,2.1944,791,2.1712,782,0.0231,9,1
2026,2,8481721,NJD,2026-03-07,2.3929,921,2.2197,847,0.1732,74,1
2026,2,8481721,NJD,2026-03-04,2.8074,1024,2.5296,918,0.2778,106,1
2026,2,8481721,NJD,2026-03-03,2.611,988,2.3717,899,0.2393,89,1
2026,2,8482476,NYI,2026-04-14,2.4804,947,2.2723,855,0.2081,92,1
2026,2,8482476,NYI,2026-04-12,2.1967,783,2.0201,712,0.1766,71,1
2026,2,8482476,NYI,2026-04-11,2.0463,735,1.5929,563,0.4534,172,1
2026,2,8482476,NYI,2026-04-09,2.5948,955,2.232,800,0.3628,155,1
2026,2,8482476,NYI,2026-04-04,2.3026,830,2.21,788,0.0927,42,0
2026,2,8482476,NYI,2026-04-03,2.4528,953,2.1433,812,0.3095,141,1
2026,2,8482476,NYI,2026-03-31,2.4798,921,2.2118,784,0.0362,12,0
2026,2,8482476,NYI,2026-03-30,2.9518,1061,2.701,963,0.1895,75,1
2026,2,8482476,NYI,2026-03-28,2.8197,1076,2.5652,970,0.2544,106,1
2026,2,8482476,NYI,2026-03-26,2.8687,1102,2.3511,886,0.4161,160,1
2026,2,8483485,CBJ,2026-04-14,2.8145,1096,2.6189,979,0.0233,13,1
2026,2,8483485,CBJ,2026-04-12,2.9091,1114,2.7975,1069,0.1116,45,1
2026,2,8483485,CBJ,2026-04-11,3.0571,1236,2.6667,1077,0.2456,93,0
2026,2,8483485,CBJ,2026-04-09,2.6327,1086,2.4086,964,0.1256,63,0
2026,2,8483485,CBJ,2026-04-07,3.2261,1268,3.0674,1193,0.1587,75,0
2026,2,8483485,CBJ,2026-04-04,4.13,1662,4.0434,1606,NA,NA,1
2026,2,8483485,CBJ,2026-04-02,3.2457,1229,2.8847,1080,0.361,149,0
2026,2,8483485,CBJ,2026-03-31,2.2607,970,1.8691,772,0.1973,82,1
2026,2,8483485,CBJ,2026-03-29,2.1834,906,2.0499,842,0.064,23,1
2026,2,8483485,CBJ,2026-03-28,2.2813,897,2.2813,897,NA,NA,1
2026,2,8475764,STL,2026-04-16,2.972,1124,2.9452,1114,0.0268,10,0
2026,2,8475764,STL,2026-04-14,3.4556,1406,3.1718,1236,NA,NA,1
2026,2,8475764,STL,2026-04-13,2.5297,1036,2.1178,814,0.1247,26,1
2026,2,8475764,STL,2026-04-11,2.7065,1100,2.525,1006,NA,NA,0
2026,2,8475764,STL,2026-04-09,2.748,1007,2.5126,928,0.1644,45,1
2026,2,8475764,STL,2026-04-07,2.8115,1127,2.6539,1057,0.0527,17,1
2026,2,8475764,STL,2026-04-05,3.1858,1310,2.6631,1021,0.1744,79,0
2026,2,8475764,STL,2026-04-03,2.9009,1219,2.4319,972,0.2218,86,0
2026,2,8475764,STL,2026-04-01,3.1189,1216,2.7225,1025,0.1522,64,0
2026,2,8475764,STL,2026-03-30,2.9644,1228,2.7119,1078,0.0424,21,0
2026,2,8477987,CHI,2026-04-15,2.4085,963,2.088,795,0.3205,168,1
2026,2,8477987,CHI,2026-04-13,2.1113,829,1.8153,660,0.2961,169,1
2026,2,8477987,CHI,2026-04-11,2.3331,1013,2.0814,905,0.2516,108,1
2026,2,8477987,CHI,2026-04-09,2.46,953,2.0713,766,0.3888,187,1
2026,2,8477987,CHI,2026-04-06,2.3603,940,2.2335,867,0.1268,73,0
2026,2,8477987,CHI,2026-04-04,2.3514,912,2.187,841,0.1644,71,0
2026,2,8477987,CHI,2026-04-02,2.2264,856,2.2264,856,NA,NA,0
2026,2,8477987,CHI,2026-03-31,2.0275,786,1.9194,742,0.1081,44,1
2026,2,8477987,CHI,2026-03-29,2.2714,892,2.0419,797,0.2295,95,0
2026,2,8477987,CHI,2026-03-27,2.0641,779,2.0199,765,0.0443,14,0
2026,2,8478450,PIT,2026-04-12,2.6318,1192,2.4124,1072,NA,NA,0
2026,2,8478450,PIT,2026-04-09,2.9665,1300,2.8343,1242,NA,NA,0
2026,2,8478450,PIT,2026-04-05,2.5276,1107,2.0239,825,0.0158,6,1
2026,2,8478450,PIT,2026-04-04,2.6455,1124,2.6455,1124,NA,NA,1
2026,2,8478450,PIT,2026-04-02,2.813,1200,2.5867,1089,0.0778,35,0
2026,2,8478450,PIT,2026-03-31,2.6881,1231,2.6671,1222,0.021,9,1
2026,2,8478450,PIT,2026-03-30,2.8466,1239,2.687,1164,NA,NA,0
2026,2,8478450,PIT,2026-03-28,2.2694,1031,2.0494,914,NA,NA,1
2026,2,8478450,PIT,2026-03-26,2.9263,1262,2.8201,1195,NA,NA,0
2026,2,8478450,PIT,2026-03-24,3.0222,1253,2.901,1190,0.0342,12,1
2026,2,8480980,PIT,2026-04-05,2.7298,1110,1.8655,693,NA,NA,1
2026,2,8480980,PIT,2026-04-04,2.3299,862,2.3299,862,NA,NA,1
2026,2,8480980,PIT,2026-04-02,2.1901,791,1.8362,665,0.0369,15,0
2026,2,8480980,PIT,2026-03-31,2.0444,837,2.0322,823,0.0079,9,1
2026,2,8480980,PIT,2026-03-30,2.3719,908,2.1067,797,NA,NA,0
2026,2,8480980,PIT,2026-03-28,2.3252,935,1.8136,717,NA,NA,1
2026,2,8480980,PIT,2026-03-26,2.8179,1094,2.5436,963,NA,NA,0
2026,2,8480980,PIT,2026-03-24,2.1118,778,1.8189,638,0.0101,5,1
2026,2,8480980,PIT,2026-03-22,2.0913,873,1.5704,630,NA,NA,1
2026,2,8480980,PIT,2026-03-21,2.3178,932,2.1347,836,8e-4,1,1
2026,2,8481553,"PHI,MIN",2026-04-14,2.8425,1023,2.6647,948,0.1778,75,1
2026,2,8481553,"PHI,MIN",2026-04-13,3.1074,1086,2.3615,733,0.7459,353,0
2026,2,8481553,"PHI,MIN",2026-04-11,2.0325,764,1.9381,722,0.0944,42,0
2026,2,8481553,"PHI,MIN",2026-04-07,2.2893,749,2.2697,740,0.0196,9,1
2026,2,8481553,"PHI,MIN",2026-04-02,2.2291,789,2.1474,762,0.0818,27,1
2026,2,8481553,"PHI,MIN",2026-03-28,1.9734,649,1.8944,623,0.0791,26,0
2026,2,8481553,"PHI,MIN",2026-03-26,2.6838,960,2.6343,933,0.0495,27,0
2026,2,8481553,"PHI,MIN",2026-03-24,2.1146,744,2.0876,730,0.027,14,0
2026,2,8481553,"PHI,MIN",2026-03-21,2.0848,772,1.8947,700,0.1901,72,1
2026,2,8481553,"PHI,MIN",2026-03-19,2.5426,857,2.3723,808,0.1703,49,1
2026,2,8482245,OTT,2026-04-15,2.9145,1333,2.7722,1261,0.0058,0,1
2026,2,8482245,OTT,2026-04-12,3.5084,1588,2.9761,1283,0.0872,45,0
2026,2,8482245,OTT,2026-04-11,2.9647,1485,2.0805,1010,0.0147,6,0
2026,2,8482245,OTT,2026-04-09,2.9264,1352,2.7373,1232,NA,NA,1
2026,2,8482245,OTT,2026-04-07,3.127,1438,2.8065,1260,0.0413,15,1
2026,2,8482245,OTT,2026-04-05,3.0591,1388,2.8125,1258,NA,NA,1
2026,2,8482245,OTT,2026-04-04,3.06,1311,2.977,1283,0.083,28,1
2026,2,8482245,OTT,2026-04-02,3.0876,1464,2.8669,1317,NA,NA,1
2026,2,8482245,OTT,2026-03-31,2.2287,943,2.0736,863,NA,NA,0
2026,2,8482245,OTT,2026-03-28,3.1656,1442,2.7732,1206,NA,NA,0
2026,2,8482737,MTL,2026-04-14,2.1587,777,1.8451,649,0.3136,128,0
2026,2,8482737,MTL,2026-04-12,2.2347,855,2.1822,828,0.0524,27,0
2026,2,8482737,MTL,2026-04-07,2.3773,906,2.1564,823,0.2209,83,1
2026,2,8482737,MTL,2026-04-05,2.3399,834,2.02,712,0.3199,122,1
2026,2,8482737,MTL,2026-04-04,2.5089,906,2.2465,804,0.2624,102,0
2026,2,8482737,MTL,2026-04-02,2.2729,787,2.0067,691,0.2663,96,0
2026,2,8482737,MTL,2026-03-31,1.7732,637,1.6479,595,0.1253,42,0
2026,2,8482737,MTL,2026-03-29,2.2279,851,1.8187,706,0.4092,145,0
2026,2,8482737,MTL,2026-03-28,2.3969,887,2.2069,808,0.1901,79,0
2026,2,8482737,MTL,2026-03-26,2.216,831,2.0806,779,0.1354,52,1
2026,2,8484221,NYI,2026-04-14,2.6552,955,2.3731,860,0.2821,95,1
2026,2,8484221,NYI,2026-04-12,2.8344,1151,2.3974,973,0.4369,178,1
2026,2,8484221,NYI,2026-04-11,2.7186,1068,2.0044,710,0.7142,358,1
2026,2,8484221,NYI,2026-04-09,2.2114,931,1.755,657,0.4564,274,1
2026,2,8484221,NYI,2026-04-04,2.7505,1033,2.5535,959,0.1969,74,0
2026,2,8484221,NYI,2026-04-03,2.3105,908,1.9215,719,0.3889,189,1
2026,2,8484221,NYI,2026-03-31,2.4506,993,2.136,824,0.3146,169,0
2026,2,8484221,NYI,2026-03-30,2.2245,837,2.088,784,0.1365,53,1
2026,2,8484221,NYI,2026-03-28,2.6447,1063,2.2676,879,0.3771,184,1
2026,2,8484221,NYI,2026-03-26,2.2022,847,1.7937,656,0.4085,191,1
2026,2,8484241,NSH,2026-04-16,2.2677,736,2.1204,694,0.1473,42,1
2026,2,8484241,NSH,2026-04-13,2.0251,699,2.0251,699,NA,NA,1
2026,2,8484241,NSH,2026-04-11,1.8256,627,1.7143,580,0.1112,47,1
2026,2,8484241,NSH,2026-04-09,1.9606,679,1.7758,608,0.1848,71,0
2026,2,8484241,NSH,2026-04-07,2.578,884,2.0653,687,0.5127,197,0
2026,2,8484241,NSH,2026-04-06,2.9803,1034,2.9803,1034,NA,NA,0
2026,2,8484241,NSH,2026-04-04,1.9433,706,1.9224,695,0.0209,11,0
2026,2,8484241,NSH,2026-04-02,2.6565,900,2.397,818,0.2595,82,0
2026,2,8484241,NSH,2026-03-29,2.2614,822,1.9155,687,0.3459,135,0
2026,2,8484241,NSH,2026-03-28,2.4887,880,2.1302,750,0.3586,130,1
2026,2,8484471,DET,2026-04-15,2.5568,945,2.3053,844,0.2031,78,0
2026,2,8484471,DET,2026-04-13,2.6229,1016,2.2712,886,0.2887,96,0
2026,2,8484471,DET,2026-04-11,2.0128,1010,1.9613,993,0.0515,17,1
2026,2,8484471,DET,2026-04-09,2.377,899,1.8524,731,0.1886,54,1
2026,2,8484471,DET,2026-04-07,2.702,992,2.5781,947,NA,NA,1
2026,2,8484471,DET,2026-04-05,2.6095,968,2.4566,913,0.0626,23,1
2026,2,8484471,DET,2026-04-04,2.8361,1108,2.3405,911,0.3768,141,0
2026,2,8484471,DET,2026-04-02,2.9099,1054,2.8206,1019,0.0381,17,0
2026,2,8484471,DET,2026-03-31,1.9737,792,1.538,565,NA,NA,0
2026,2,8484471,DET,2026-03-28,2.2664,791,2.1034,733,0.1022,31,1
2026,2,8484829,DAL,2026-04-15,2.7366,1038,2.1736,808,0.3582,144,0
2026,2,8484829,DAL,2026-04-13,1.9746,784,1.6829,674,0.1488,56,0
2026,2,8484829,DAL,2026-04-11,2.5688,976,1.9072,696,0.0384,22,1
2026,2,8484829,DAL,2026-04-09,2.454,1044,2.1516,917,NA,NA,1
2026,2,8484829,DAL,2026-04-07,2.6804,976,1.9839,720,0.4139,148,1
2026,2,8484829,DAL,2026-04-04,2.636,1003,2.309,873,0.18,73,1
2026,2,8484829,DAL,2026-04-02,2.4192,989,1.9628,796,NA,NA,1
2026,2,8484829,DAL,2026-03-31,2.1546,796,1.7367,644,0.1855,72,0
2026,2,8484829,DAL,2026-03-29,2.3148,877,1.6813,644,0.2208,69,0
2026,2,8484829,DAL,2026-03-28,2.3195,955,1.7635,713,0.2735,104,0
2026,2,8473604,WPG,2026-04-16,2.2984,970,1.9143,719,0.3841,251,1
2026,2,8473604,WPG,2026-04-14,2.2937,905,1.8368,687,0.3885,179,0
2026,2,8473604,WPG,2026-04-13,2.5713,1048,1.5991,588,0.8673,406,0
2026,2,8473604,WPG,2026-04-11,2.4749,932,2.0643,732,0.4105,199,1
2026,2,8473604,WPG,2026-04-09,1.7839,620,1.6684,564,0.1154,56,0
2026,2,8473604,WPG,2026-04-06,2.2495,871,1.9596,729,0.2899,142,1
2026,2,8473604,WPG,2026-04-04,1.7506,649,1.6243,594,0.1263,55,0
2026,2,8473604,WPG,2026-04-02,1.9584,670,1.6182,559,0.3402,111,0
2026,2,8473604,WPG,2026-03-31,2.7705,945,2.7705,945,NA,NA,0
2026,2,8473604,WPG,2026-03-28,2.3899,841,2.1039,751,0.286,90,0
2026,2,8476921,CAR,2026-04-14,2.6583,1124,2.4167,1004,NA,NA,0
2026,2,8476921,CAR,2026-04-13,2.1691,845,1.9456,737,NA,NA,0
2026,2,8476921,CAR,2026-04-11,2.7143,1068,2.131,818,NA,NA,0
2026,2,8476921,CAR,2026-04-07,2.3674,889,2.1826,818,NA,NA,1
2026,2,8476921,CAR,2026-04-04,2.2729,908,2.1785,876,NA,NA,1
2026,2,8476921,CAR,2026-04-02,2.1084,844,1.7994,704,NA,NA,1
2026,2,8476921,CAR,2026-03-31,2.239,927,2.0075,798,NA,NA,0
2026,2,8476921,CAR,2026-03-29,1.9167,842,1.5782,704,NA,NA,1
2026,2,8476921,CAR,2026-03-28,2.4807,982,2.1632,830,NA,NA,1
2026,2,8476921,CAR,2026-03-24,2.031,792,1.7961,690,NA,NA,0
2026,2,8480113,WPG,2026-04-11,2.462,903,2.1547,765,0.0133,7,1
2026,2,8480113,WPG,2026-04-09,3.1695,1168,2.4675,902,0.0628,21,0
2026,2,8480113,WPG,2026-04-06,3.1664,1245,3.1664,1245,NA,NA,1
2026,2,8480113,WPG,2026-04-04,3.2796,1185,3.1656,1131,0.1139,54,0
2026,2,8480113,WPG,2026-04-02,2.5141,958,2.2726,863,0.2415,95,0
2026,2,8480113,WPG,2026-03-31,2.7132,978,2.5597,927,0.033,8,0
2026,2,8480113,WPG,2026-03-28,2.9979,1105,2.7598,1021,0.2381,84,0
2026,2,8480113,WPG,2026-03-26,2.1344,784,2.1344,784,NA,NA,1
2026,2,8480113,WPG,2026-03-24,2.3305,868,2.2363,831,0.0322,10,1
2026,2,8480113,WPG,2026-03-22,2.9619,1102,2.8422,1056,0.0653,24,0
2026,2,8480426,TBL,2026-04-15,2.8652,1185,2.8445,1180,NA,NA,1
2026,2,8480426,TBL,2026-04-13,2.4096,1055,2.1626,935,0.2471,120,1
2026,2,8480426,TBL,2026-04-11,3.0167,1262,2.712,1142,0.3046,120,0
2026,2,8480426,TBL,2026-04-09,1.3574,552,1.2643,514,NA,NA,0
2026,2,8480426,TBL,2026-04-07,2.7872,1183,2.6466,1135,0.1406,48,0
2026,2,8480426,TBL,2026-04-06,2.5606,1082,2.358,1005,0.2025,77,0
2026,2,8480426,TBL,2026-04-04,2.6982,1153,2.6192,1118,0.079,35,1
2026,2,8480426,TBL,2026-04-02,2.9394,1258,2.9204,1250,NA,NA,1
2026,2,8480426,TBL,2026-03-31,2.4282,1043,2.3725,1016,0.0557,27,1
2026,2,8480426,TBL,2026-03-29,2.1826,952,1.8567,809,0.3259,143,1
2026,2,8480459,STL,2026-04-16,2.188,818,2.188,818,NA,NA,0
2026,2,8480459,STL,2026-04-14,2.4306,960,2.1644,835,NA,NA,1
2026,2,8480459,STL,2026-04-13,2.2614,876,1.6859,618,NA,NA,1
2026,2,8480459,STL,2026-04-11,2.4334,889,2.1235,763,NA,NA,0
2026,2,8480459,STL,2026-04-07,2.1891,796,2.0927,764,NA,NA,1
2026,2,8480459,STL,2026-04-05,2.4018,910,2.0291,720,NA,NA,0
2026,2,8480459,STL,2026-04-03,2.5394,941,2.1098,782,NA,NA,0
2026,2,8480459,STL,2026-04-01,2.0335,820,1.4525,558,0.3098,151,0
2026,2,8480459,STL,2026-03-30,1.8772,764,1.5109,558,0.1042,71,0
2026,2,8480459,STL,2026-03-28,1.9221,789,1.3754,554,0.1309,61,1
2026,2,8480873,WSH,2026-04-11,2.2488,935,2.2488,935,NA,NA,0
2026,2,8480873,WSH,2026-04-08,2.6819,1201,2.45,1068,NA,NA,0
2026,2,8480873,WSH,2026-04-05,2.8539,1266,2.6791,1172,NA,NA,0
2026,2,8480873,WSH,2026-04-04,2.8417,1225,2.4826,1009,NA,NA,1
2026,2,8480873,WSH,2026-04-02,2.7495,1136,2.6701,1096,0.0116,4,0
2026,2,8480873,WSH,2026-03-31,2.9595,1274,2.7007,1111,NA,NA,1
2026,2,8480873,WSH,2026-03-28,3.2202,1285,3.092,1215,0.0314,10,0
2026,2,8480873,WSH,2026-03-26,2.635,1182,2.462,1083,0.0206,8,0
2026,2,8480873,WSH,2026-03-24,2.3908,992,2.2577,922,NA,NA,0
2026,2,8480873,WSH,2026-03-22,2.9461,1210,2.6914,1085,0.0736,30,1
2026,2,8481068,CGY,2026-04-16,1.9344,793,1.6081,654,NA,NA,1
2026,2,8481068,CGY,2026-04-14,2.0546,738,1.5983,591,0.366,116,1
2026,2,8481068,CGY,2026-04-12,2.2408,819,1.4628,521,0.4195,142,1
2026,2,8481068,CGY,2026-04-11,2.4636,962,2.0733,752,NA,NA,0
2026,2,8481068,CGY,2026-04-09,2.626,939,2.5065,896,NA,NA,0
2026,2,8481068,CGY,2026-04-07,2.5746000000000002,949,2.1228,771,0.1672,49,0
2026,2,8481068,CGY,2026-04-04,2.0408,805,1.8658,704,NA,NA,0
2026,2,8481068,CGY,2026-04-02,2.8559,1169,2.2821,887,0.1689,89,0
2026,2,8481068,CGY,2026-03-30,2.7405,972,2.4854,878,0.1726,62,0
2026,2,8481068,CGY,2026-03-28,2.4728,891,2.0266,720,0.2269,76,1
2026,2,8482055,VAN,2026-04-16,1.7867,675,1.6815,643,NA,NA,0
2026,2,8482055,VAN,2026-04-14,2.6036,1003,2.3859,936,0.1489,39,1
2026,2,8482055,VAN,2026-04-12,2.6033,987,2.4585,931,NA,NA,0
2026,2,8482055,VAN,2026-04-11,2.4127,915,2.2044,828,0.183,79,0
2026,2,8482055,VAN,2026-04-09,2.6798,1086,2.6798,1086,NA,NA,0
2026,2,8482055,VAN,2026-04-07,2.8339,1079,2.6859,1010,0.1479,69,1
2026,2,8482055,VAN,2026-04-04,2.3801,958,2.0322,817,0.2636,106,1
2026,2,8482055,VAN,2026-04-02,2.3662,953,2.174,872,0.1922,81,0
2026,2,8482055,VAN,2026-04-01,1.903,763,1.7596,723,0.1433,40,0
2026,2,8482055,VAN,2026-03-30,2.5828,1003,2.5828,1003,NA,NA,0
2026,2,8482655,TBL,2026-04-13,3.2869,1330,3.0971,1235,0.0176,7,1
2026,2,8482655,TBL,2026-04-11,3.1836,1349,3.1534,1312,NA,NA,0
2026,2,8482655,TBL,2026-04-09,2.8083,1241,2.3222,956,NA,NA,0
2026,2,8482655,TBL,2026-04-07,2.8994,1223,2.6771,1124,0.1248,41,0
2026,2,8482655,TBL,2026-04-06,2.9547,1194,2.4215,933,0.0416,13,0
2026,2,8482655,TBL,2026-04-04,2.8027,1302,2.4252,1041,NA,NA,1
2026,2,8482655,TBL,2026-04-02,2.7653,1153,2.5823,1061,NA,NA,1
2026,2,8482655,TBL,2026-03-31,2.6375,1075,2.5063,1008,NA,NA,1
2026,2,8482655,TBL,2026-03-29,2.7897,1210,2.3947,1005,NA,NA,1
2026,2,8482655,TBL,2026-03-28,2.9287,1308,2.7767,1237,0.0413,22,1
2026,2,8482671,BUF,2026-04-15,3.1221,1337,2.6855,1115,0.2155,116,1
2026,2,8482671,BUF,2026-04-13,3.28,1376,2.7862,1128,NA,NA,0
2026,2,8482671,BUF,2026-04-09,2.7894,1211,2.6559,1125,NA,NA,1
2026,2,8482671,BUF,2026-04-08,2.7203,1209,2.6047,1146,0.0119,6,0
2026,2,8482671,BUF,2026-04-06,2.9073,1188,2.7039,1079,NA,NA,1
2026,2,8482671,BUF,2026-04-04,2.9406,1222,2.8808,1185,NA,NA,0
2026,2,8482671,BUF,2026-04-02,2.7995,1174,2.611,1084,NA,NA,0
2026,2,8482671,BUF,2026-03-31,2.6546,1156,2.4645,1047,NA,NA,1
2026,2,8482671,BUF,2026-03-28,3.1223,1232,2.6431,986,0.007,5,1
2026,2,8482671,BUF,2026-03-27,3.1057,1258,2.6852,1074,NA,NA,1
2026,2,8483450,CHI,2026-04-15,2.8813,1089,2.1354,784,0.2754,141,1
2026,2,8483450,CHI,2026-04-13,2.6664,1027,1.9961,768,0.298,124,1
2026,2,8483450,CHI,2026-04-11,2.5727,920,2.2696,813,0.1492,42,1
2026,2,8483450,CHI,2026-04-09,2.1051,749,1.5941,570,0.4645,157,1
2026,2,8483450,CHI,2026-04-06,2.4556,934,2.1412,781,0.1028,71,0
2026,2,8483450,CHI,2026-04-04,2.4712,977,2.002,800,0.1985,71,0
2026,2,8483450,CHI,2026-04-02,2.5919,949,2.3571,840,0.0267,9,0
2026,2,8483450,CHI,2026-03-31,2.7281,994,2.4449,875,0.0952,35,1
2026,2,8483450,CHI,2026-03-29,2.7218,962,2.1949,791,0.3086,92,0
2026,2,8483450,CHI,2026-03-27,2.656,1047,2.2394,858,0.2148,105,0
2026,2,8484158,TOR,2026-04-15,3.3707,1217,2.9646,1067,0.3957,150,0
2026,2,8484158,TOR,2026-04-13,3.2767,1210,2.893,1049,0.3837,161,1
2026,2,8484158,TOR,2026-04-11,2.7977,1019,2.76,998,0.0377,21,1
2026,2,8484158,TOR,2026-04-09,3.1275,1134,2.9889,1072,0.1386,62,0
2026,2,8484158,TOR,2026-04-08,3.4059,1244,2.9076,1068,0.4983,176,1
2026,2,8484158,TOR,2026-04-04,2.803,1086,2.3416,880,0.4614,206,0
2026,2,8484158,TOR,2026-04-02,3.2763,1162,3.0423,1094,0.234,68,0
2026,2,8484158,TOR,2026-03-30,3.1174,1148,2.7089,962,0.4085,186,0
2026,2,8484158,TOR,2026-03-28,3.0654,1124,2.6444,982,0.421,142,0
2026,2,8484158,TOR,2026-03-25,2.9756,1147,2.641,1007,0.3346,140,1
2026,2,8474102,"OTT,DET",2026-04-15,2.6202,1021,2.3309,902,0.2893,119,0
2026,2,8474102,"OTT,DET",2026-04-13,2.2504,888,1.9708,738,0.2796,150,0
2026,2,8474102,"OTT,DET",2026-04-11,2.5372,937,2.5042,919,0.033,18,1
2026,2,8474102,"OTT,DET",2026-04-09,2.1257,856,1.8549,726,0.2708,130,1
2026,2,8474102,"OTT,DET",2026-04-07,2.2069,832,2.2069,832,NA,NA,1
2026,2,8474102,"OTT,DET",2026-04-05,1.9698,775,1.8999,750,0.0699,25,1
2026,2,8474102,"OTT,DET",2026-04-04,2.093,826,1.7386,687,0.3544,139,0
2026,2,8474102,"OTT,DET",2026-04-02,2.5226,982,2.4584,962,0.0642,20,0
2026,2,8474102,"OTT,DET",2026-03-31,1.8804,737,1.8804,737,NA,NA,0
2026,2,8474102,"OTT,DET",2026-03-28,1.6232,561,1.5169,522,0.1062,39,1
2026,2,8476826,TBL,2026-04-15,3.0348,1136,2.6104,967,NA,NA,1
2026,2,8476826,TBL,2026-04-13,3.2558,1090,2.7247,920,NA,NA,1
2026,2,8476826,TBL,2026-04-11,2.3039,822,2.3039,822,NA,NA,0
2026,2,8476826,TBL,2026-04-09,2.5244,845,1.8233,600,NA,NA,0
2026,2,8476826,TBL,2026-04-07,2.902,1033,2.68,950,NA,NA,0
2026,2,8476826,TBL,2026-04-06,2.631,893,1.976,659,0.0614,17,0
2026,2,8476826,TBL,2026-04-04,3.025,1024,2.25,798,NA,NA,1
2026,2,8476826,TBL,2026-04-02,2.7263,943,2.2541,790,NA,NA,1
2026,2,8476826,TBL,2026-03-31,2.3284,859,2.1463,800,0.0321,9,1
2026,2,8476826,TBL,2026-03-29,2.6676,929,2.1567,771,0.0032,2,1
2026,2,8477346,"CGY,UTA",2026-04-16,2.6741,1049,2.6741,1049,NA,NA,1
2026,2,8477346,"CGY,UTA",2026-04-14,2.6835,1133,2.1959,931,0.3606,144,1
2026,2,8477346,"CGY,UTA",2026-04-12,3.2262,1283,2.6053,1005,0.2395,88,0
2026,2,8477346,"CGY,UTA",2026-04-11,2.9039,1134,2.4158,930,0.3582,144,1
2026,2,8477346,"CGY,UTA",2026-04-09,3.1336,1245,2.6622,1029,0.2758,123,1
2026,2,8477346,"CGY,UTA",2026-04-07,2.9077,1139,2.6811,1035,0.2266,104,1
2026,2,8477346,"CGY,UTA",2026-04-02,2.8862,1173,2.3191,931,0.3514,129,0
2026,2,8477346,"CGY,UTA",2026-03-28,3.234,1268,2.9853,1147,0.0532,30,0
2026,2,8477346,"CGY,UTA",2026-03-26,3.0812,1227,2.6847,1065,0.108,39,1
2026,2,8477346,"CGY,UTA",2026-03-24,3.0473,1198,2.8274,1121,0.2198,77,1
2026,2,8477456,DET,2026-04-15,2.6583,966,2.5551,921,0.1032,45,0
2026,2,8477456,DET,2026-04-13,2.2184,813,2.0257,738,NA,NA,0
2026,2,8477456,DET,2026-04-11,2.4056,879,2.4056,879,NA,NA,1
2026,2,8477456,DET,2026-04-09,2.9925,1083,2.1274,753,0.1522,41,1
2026,2,8477456,DET,2026-04-07,3.099,1174,2.6493,989,NA,NA,1
2026,2,8477456,DET,2026-04-05,2.4752,942,2.2125,823,NA,NA,1
2026,2,8477456,DET,2026-04-04,2.4523,894,2.1709,794,0.0862,27,0
2026,2,8477456,DET,2026-04-02,3.0114,1146,2.8817,1073,NA,NA,0
2026,2,8477456,DET,2026-03-31,2.2112,828,1.983,721,NA,NA,0
2026,2,8477456,DET,2026-03-28,2.9904,993,2.762,926,NA,NA,1
2026,2,8478055,FLA,2026-04-13,1.7694,838,1.4865,704,0.1589,63,1
2026,2,8478055,FLA,2026-04-11,2.8464,1314,2.6996000000000002,1239,0.1072,54,0
2026,2,8478055,FLA,2026-04-09,3.5507,1625,3.5507,1625,NA,NA,0
2026,2,8478055,FLA,2026-04-07,3.3971,1584,2.8493,1277,0.0305,15,0
2026,2,8478055,FLA,2026-04-05,3.1562,1461,2.2418,975,0.1952,89,0
2026,2,8478055,FLA,2026-04-04,2.7559,1277,2.5268,1130,NA,NA,0
2026,2,8478055,FLA,2026-04-02,3.5461,1633,3.1262,1415,0.0674,28,1
2026,2,8478055,FLA,2026-03-31,3.0806,1466,2.4315,1114,NA,NA,1
2026,2,8478055,FLA,2026-03-29,2.8212,1226,2.7276,1177,0.0062,3,0
2026,2,8478055,FLA,2026-03-28,3.0093,1285,2.7725,1165,NA,NA,0
2026,2,8478396,VGK,2026-04-15,3.6023,1401,3.5622,1391,0.0401,10,1
2026,2,8478396,VGK,2026-04-13,3.0791,1228,2.1973,808,0.3679,163,1
2026,2,8478396,VGK,2026-04-11,3.1216,1285,2.7983,1152,0.1063,32,0
2026,2,8478396,VGK,2026-04-09,3.7664,1490,3.7664,1490,NA,NA,0
2026,2,8478396,VGK,2026-04-07,3.445,1347,3.3035,1271,0.0695,25,0
2026,2,8478396,VGK,2026-04-04,3.4052,1379,3.1499,1264,0.0489,22,0
2026,2,8478396,VGK,2026-04-02,3.0741,1186,2.9875,1112,0.0014,2,1
2026,2,8478396,VGK,2026-03-30,3.056,1193,3.0195,1167,0.0053,3,1
2026,2,8478396,VGK,2026-03-28,2.9663,1245,2.5838,1051,NA,NA,1
2026,2,8478396,VGK,2026-03-26,3.5217,1377,3.3886,1312,0.02,6,1
2026,2,8478463,WSH,2026-04-14,2.9281,1010,2.7902,957,0.0072,3,0
2026,2,8478463,WSH,2026-04-12,2.4341,927,2.1895,811,NA,NA,1
2026,2,8478463,WSH,2026-04-11,2.9771,1076,2.9771,1076,NA,NA,0
2026,2,8478463,WSH,2026-04-08,2.8158,1034,2.4631,901,NA,NA,0
2026,2,8478463,WSH,2026-04-05,2.0436,766,1.8574,673,NA,NA,0
2026,2,8478463,WSH,2026-04-04,2.422,944,1.8667,671,NA,NA,1
2026,2,8478463,WSH,2026-04-02,3.0734,1150,2.893,1069,NA,NA,0
2026,2,8478463,WSH,2026-03-31,2.7445,1037,2.3997,853,NA,NA,1
2026,2,8478463,WSH,2026-03-28,3.1636,1147,2.6567,941,0.1436,43,0
2026,2,8478463,WSH,2026-03-26,2.6608,1044,2.2705,858,0.0554,36,0
2026,2,8475906,SJS,2026-04-16,3.306,1254,3.1478,1198,0.1582,56,0
2026,2,8475906,SJS,2026-04-08,2.8176,1069,2.75,1047,0.0676,22,1
2026,2,8475906,SJS,2026-03-24,2.9365,1147,2.548,954,0.3885,193,0
2026,2,8475906,SJS,2026-03-21,2.6015,1004,2.2862,903,0.3022,95,1
2026,2,8475906,SJS,2026-03-17,2.5983,1010,2.4337,950,0.1646,60,0
2026,2,8475906,SJS,2026-03-15,2.511,1027,2.3558,968,0.1552,59,0
2026,2,8475906,SJS,2026-03-14,2.5924,1068,2.487,1031,0.1053,37,0
2026,2,8475906,SJS,2026-03-12,2.423,1000,2.423,999,NA,NA,0
2026,2,8475906,SJS,2026-03-10,2.6916,1076,2.4795,982,0.212,94,0
2026,2,8475906,SJS,2026-03-07,3.0032,1168,2.8831,1122,0.1137,43,1
2026,2,8477407,NYI,2026-04-12,1.9181,706,1.9181,706,NA,NA,1
2026,2,8477407,NYI,2026-03-31,1.7248000000000001,689,1.7248000000000001,689,NA,NA,0
2026,2,8477407,NYI,2026-03-21,1.9703,757,1.7721,664,0.1982,93,0
2026,2,8477407,NYI,2026-03-19,1.4634,591,1.2311,472,0.2322,119,0
2026,2,8477407,NYI,2026-03-17,2.0142,816,1.6982,644,0.3142,170,0
2026,2,8477407,NYI,2026-03-14,1.9804,778,1.9804,778,NA,NA,1
2026,2,8477407,NYI,2026-03-07,1.435,532,1.435,532,NA,NA,0
2026,2,8477407,NYI,2026-03-01,2.093,802,2.093,802,NA,NA,1
2026,2,8477407,NYI,2026-02-03,0.4577,184,0.4577,184,NA,NA,1
2026,2,8477407,NYI,2026-02-02,1.7883,694,1.6537,628,0.1347,66,0
2026,2,8477506,NYI,2026-04-12,2.3576,1035,2.188,921,NA,NA,1
2026,2,8477506,NYI,2026-04-11,2.3179,993,1.8518,729,NA,NA,1
2026,2,8477506,NYI,2026-04-09,2.9823,1276,2.8782,1209,NA,NA,1
2026,2,8477506,NYI,2026-04-04,2.6868,1176,2.247,979,0.1173,46,0
2026,2,8477506,NYI,2026-04-03,2.923,1168,2.6558,1024,0.0359,16,1
2026,2,8477506,NYI,2026-03-31,2.5701,1157,2.3228,995,NA,NA,0
2026,2,8477506,NYI,2026-03-30,3.0115,1231,2.8196,1143,NA,NA,1
2026,2,8477506,NYI,2026-03-28,2.7746,1275,2.6681,1188,0.0087,0,1
2026,2,8477506,NYI,2026-03-26,2.8264,1253,2.571,1148,NA,NA,1
2026,2,8477506,NYI,2026-03-21,2.9749,1339,2.6452,1148,NA,NA,0
2026,2,8480434,UTA,2026-04-14,1.3946,586,1.3696,573,NA,NA,1
2026,2,8480434,UTA,2026-04-12,2.5634,1010,2.5559,1004,3e-4,3,0
2026,2,8480434,UTA,2026-04-11,2.6,1054,2.5109,1005,NA,NA,1
2026,2,8480434,UTA,2026-04-09,2.3513,955,2.3503,954,NA,NA,1
2026,2,8480434,UTA,2026-04-07,2.263,924,2.263,924,NA,NA,1
2026,2,8480434,UTA,2026-04-04,2.7829,1171,2.5145,1066,0.1429,57,0
2026,2,8480434,UTA,2026-04-02,2.4737,983,2.4707,981,0.003,2,0
2026,2,8480434,UTA,2026-03-28,2.1071,849,2.1071,849,NA,NA,0
2026,2,8480434,UTA,2026-03-26,2.1655,877,2.1655,877,NA,NA,1
2026,2,8480434,UTA,2026-03-24,2.8083,1087,2.708,1055,0.1003,32,1
2026,2,8480796,WSH,2026-04-14,2.5282,1097,2.464,1047,NA,NA,0
2026,2,8480796,WSH,2026-04-12,2.5499,1130,2.538,1124,0.0118,6,1
2026,2,8480796,WSH,2026-04-11,2.8284,1177,2.8284,1177,NA,NA,0
2026,2,8480796,WSH,2026-04-08,2.4497,1096,2.1284,929,NA,NA,0
2026,2,8480796,WSH,2026-04-05,2.5514,1139,2.1225,873,NA,NA,0
2026,2,8480796,WSH,2026-04-04,2.6574,1270,2.1669,953,NA,NA,1
2026,2,8480796,WSH,2026-04-02,2.2908,991,2.0548,868,NA,NA,0
2026,2,8480796,WSH,2026-03-31,2.7597,1313,2.4685,1133,NA,NA,1
2026,2,8480796,WSH,2026-03-28,2.7189,1214,2.4173,1037,NA,NA,0
2026,2,8480796,WSH,2026-03-26,2.5563,1252,2.1255,994,NA,NA,0
2026,2,8480835,COL,2026-04-16,2.2127,924,1.7603,712,0.3599,171,1
2026,2,8480835,COL,2026-04-14,2.0832,754,1.8085,652,NA,NA,0
2026,2,8480835,COL,2026-04-13,1.5093,596,1.3763,532,NA,NA,0
2026,2,8480835,COL,2026-04-11,1.9525,739,1.58,589,NA,NA,1
2026,2,8480835,COL,2026-04-09,2.5205,900,2.3581,842,NA,NA,1
2026,2,8480835,COL,2026-04-07,2.0663,801,1.8934,733,NA,NA,0
2026,2,8480835,COL,2026-04-05,2.6109,939,2.2192,784,NA,NA,1
2026,2,8480835,COL,2026-04-04,1.6386,615,1.3982,510,NA,NA,0
2026,2,8480835,COL,2026-04-01,1.8213,691,1.5387,573,NA,NA,1
2026,2,8480835,COL,2026-03-30,2.1533,791,2.0561,756,0.0119,4,1
2026,2,8483500,BUF,2026-03-25,2.4902,871,2.459,859,0.0312,12,1
2026,2,8483500,BUF,2026-03-22,2.2897,882,1.9953,734,0.2945,148,0
2026,2,8483500,BUF,2026-03-21,2.2847,781,2.2847,781,NA,NA,0
2026,2,8483500,BUF,2026-03-19,2.6039,966,2.2916,809,0.3123,157,0
2026,2,8483500,BUF,2026-03-17,2.6642,946,2.5363,875,0.1279,71,0
2026,2,8483500,BUF,2026-03-14,2.7304,946,2.4775,847,0.2529,99,1
2026,2,8483500,BUF,2026-03-12,2.9323,1009,2.8598,973,0.0447,25,1
2026,2,8483500,BUF,2026-03-10,2.6058,929,2.3891,879,0.1059,48,1
2026,2,8483500,BUF,2026-03-08,2.806,994,2.339,877,0.467,117,1
2026,2,8483500,BUF,2026-03-07,2.3912,886,2.2793,850,0.0737,36,1
2026,2,8483524,SEA,2026-04-16,2.2517,808,1.9499,694,0.3018,114,0
2026,2,8483524,SEA,2026-04-15,2.3216,804,2.3216,804,NA,NA,0
2026,2,8483524,SEA,2026-03-28,0.6276,216,0.3888,127,0.2388,89,0
2026,2,8483524,SEA,2026-03-26,1.933,656,1.8376,616,0.0955,40,0
2026,2,8483524,SEA,2026-03-24,2.5929,887,2.4878,842,0.1052,45,0
2026,2,8483524,SEA,2026-03-21,2.3067,817,2.2719,789,0.0348,28,0
2026,2,8483524,SEA,2026-03-19,2.6335,915,2.4331,847,0.2004,68,0
2026,2,8483524,SEA,2026-03-17,2.645,951,2.148,781,0.4476,145,1
2026,2,8483524,SEA,2026-03-15,2.0895,774,1.5943,590,0.4951,184,1
2026,2,8483524,SEA,2026-03-14,2.1654,729,1.8112,604,0.3541,125,0
2026,2,8483525,MIN,2026-04-14,2.6078,1014,2.4544,940,0.1533,74,1
2026,2,8483525,MIN,2026-04-13,2.7659,1133,2.0305,752,0.6785,352,0
2026,2,8483525,MIN,2026-04-11,2.2198,850,2.1255,811,0.0049,4,0
2026,2,8483525,MIN,2026-04-09,2.2013,854,2.2013,854,NA,NA,0
2026,2,8483525,MIN,2026-04-07,2.0308,713,2.0168,707,NA,NA,1
2026,2,8483525,MIN,2026-04-05,2.0104,662,2.0104,662,NA,NA,0
2026,2,8483525,MIN,2026-04-04,2.2423,808,2.1599,761,NA,NA,0
2026,2,8483525,MIN,2026-04-02,2.0064,773,1.9087,732,NA,NA,1
2026,2,8483525,MIN,2026-03-24,1.848,687,1.848,687,NA,NA,0
2026,2,8483525,MIN,2026-03-21,2.0494,778,1.9062,708,0.1432,70,1
2026,2,8484210,NYR,2026-04-15,2.8061,1030,2.719,992,0.0871,38,0
2026,2,8484210,NYR,2026-04-13,2.693,996,2.4979,935,0.1951,61,0
2026,2,8484210,NYR,2026-04-11,2.6303,1013,2.1241,768,0.5061,245,0
2026,2,8484210,NYR,2026-04-08,1.9407,729,1.9407,729,NA,NA,1
2026,2,8484210,NYR,2026-04-05,2.3169,955,1.9933,809,0.3236,146,1
2026,2,8484210,NYR,2026-04-04,2.2982,944,2.191,908,0.1072,36,1
2026,2,8484210,NYR,2026-04-02,2.5616,992,2.3347,898,0.227,94,1
2026,2,8484210,NYR,2026-03-31,2.3642,882,2.2154,837,0.1488,45,1
2026,2,8484210,NYR,2026-03-29,2.2191,815,2.1858,801,0.0332,14,1
2026,2,8484210,NYR,2026-03-27,2.4147,928,2.3016,883,0.1131,45,1
2026,2,8475191,VGK,2026-04-15,2.2278,790,2.2278,790,NA,NA,1
2026,2,8475191,VGK,2026-04-13,2.2074,853,1.7513,643,0.4561,210,1
2026,2,8475191,VGK,2026-04-04,1.9203,663,1.9203,663,NA,NA,0
2026,2,8475191,VGK,2026-04-02,2.212,820,2.212,820,NA,NA,1
2026,2,8475191,VGK,2026-03-30,2.2276,790,2.2276,790,NA,NA,1
2026,2,8475191,VGK,2026-03-28,1.6386,564,1.6386,564,NA,NA,1
2026,2,8475191,VGK,2026-03-26,2.4272,822,2.3259,790,NA,NA,1
2026,2,8475191,VGK,2026-03-24,2.2381,774,2.0535,701,NA,NA,0
2026,2,8475191,VGK,2026-03-22,2.398,888,2.2484,824,NA,NA,0
2026,2,8475191,VGK,2026-03-10,2.0828,692,1.9178,641,NA,NA,0
2026,2,8475768,SEA,2026-04-13,2.8608,1009,2.7784,981,NA,NA,1
2026,2,8475768,SEA,2026-04-11,2.493,834,2.1505,699,0.245,94,1
2026,2,8475768,SEA,2026-04-09,3.0674,1039,3.0674,1039,NA,NA,1
2026,2,8475768,SEA,2026-04-07,2.7583,987,2.4443,817,0.314,170,0
2026,2,8475768,SEA,2026-04-06,2.5259,938,2.5259,938,NA,NA,0
2026,2,8475768,SEA,2026-04-04,2.4139,848,2.0216,710,0.3923,138,1
2026,2,8475768,SEA,2026-04-02,2.4641,947,1.8553,656,0.2219,118,1
2026,2,8475768,SEA,2026-03-31,2.5511,900,2.1687,749,0.2707,111,0
2026,2,8475768,SEA,2026-03-07,1.0529,387,1.0508,383,NA,NA,1
2026,2,8475768,SEA,2026-03-04,2.473,889,2.1897,770,0.2833,119,1
2026,2,8476854,BOS,2026-04-14,2.6545,1187,2.587,1143,NA,NA,1
2026,2,8476854,BOS,2026-04-11,2.9446,1283,2.7761,1180,NA,NA,1
2026,2,8476854,BOS,2026-04-07,2.9057,1339,2.2134,970,0.2695,98,0
2026,2,8476854,BOS,2026-04-05,2.9452,1307,2.5044,1083,NA,NA,0
2026,2,8476854,BOS,2026-04-04,2.7549,1141,2.1549,868,0.4667,188,0
2026,2,8476854,BOS,2026-04-02,2.5557,1109,2.3732,1024,0.0325,17,0
2026,2,8476854,BOS,2026-03-31,2.578,1150,2.224,959,0.1365,65,1
2026,2,8476854,BOS,2026-03-29,3.4148,1425,2.9239,1202,0.3261,111,0
2026,2,8476854,BOS,2026-03-28,2.4923,1188,2.143,968,0.117,59,1
2026,2,8476854,BOS,2026-03-25,2.6897,1210,2.4091,1038,NA,NA,0
2026,2,8476869,NSH,2026-04-16,2.9119,1240,2.0652,837,0.114,46,1
2026,2,8476869,NSH,2026-04-13,3.3123,1382,3.149,1299,NA,NA,1
2026,2,8476869,NSH,2026-04-11,2.998,1450,2.6725,1280,0.2066,105,1
2026,2,8476869,NSH,2026-04-09,3.0659,1367,2.6663,1180,0.2334,93,0
2026,2,8476869,NSH,2026-04-07,3.1125,1399,2.0017,870,0.4838,190,0
2026,2,8476869,NSH,2026-04-06,3.2215,1365,3.2127,1361,0.0088,4,0
2026,2,8476869,NSH,2026-04-04,3.363,1514,3.0102,1350,0.0713,26,0
2026,2,8476869,NSH,2026-04-02,3.3925,1499,3.0657,1376,0.2349,76,0
2026,2,8476869,NSH,2026-03-29,3.089,1366,2.314,980,0.3125,139,0
2026,2,8476869,NSH,2026-03-28,2.8359,1202,2.5592,1067,0.0422,17,1
2026,2,8477932,FLA,2026-03-31,2.8388,1249,2.0498,833,0.1963,116,1
2026,2,8477932,FLA,2026-03-29,3.0412,1274,2.7205,1130,0.2352,100,0
2026,2,8477932,FLA,2026-03-28,3.2584,1447,2.6244,1128,0.2034,120,0
2026,2,8477932,FLA,2026-03-26,3.1172,1359,2.9615,1276,0.0661,23,1
2026,2,8477932,FLA,2026-03-24,3.1585,1314,3.0147,1258,0.1438,56,1
2026,2,8477932,FLA,2026-03-20,3.1904,1314,2.4933,991,0.1589,56,0
2026,2,8477932,FLA,2026-03-19,2.6133,1093,2.3429,969,0.0775,32,0
2026,2,8477932,FLA,2026-03-17,3.2913,1409,2.5497,1028,0.4573,224,0
2026,2,8477932,FLA,2026-03-15,3.192,1366,2.2477,954,0.5871,241,0
2026,2,8477932,FLA,2026-03-12,3.1134,1372,2.4771,1069,0.352,156,1
2026,2,8479378,"WPG,BUF",2026-04-15,2.9536,1216,2.4996,1005,NA,NA,1
2026,2,8479378,"WPG,BUF",2026-04-13,2.4351,937,2.1824,821,NA,NA,0
2026,2,8479378,"WPG,BUF",2026-04-09,2.2281,979,2.172,946,NA,NA,1
2026,2,8479378,"WPG,BUF",2026-04-06,1.7589,760,1.3991,582,NA,NA,1
2026,2,8479378,"WPG,BUF",2026-04-04,1.8715,798,1.8042,762,NA,NA,0
2026,2,8479378,"WPG,BUF",2026-04-02,1.9117,810,1.7308,719,NA,NA,0
2026,2,8479378,"WPG,BUF",2026-03-31,2.1306,834,1.9894,770,NA,NA,1
2026,2,8479378,"WPG,BUF",2026-03-28,1.851,737,1.6049,612,NA,NA,1
2026,2,8479378,"WPG,BUF",2026-03-27,1.7926,725,1.5852,614,NA,NA,1
2026,2,8479378,"WPG,BUF",2026-03-25,2.1036,884,2.0002,839,NA,NA,1
2026,2,8479671,CBJ,2026-03-29,0.477,186,0.477,186,NA,NA,1
2026,2,8479671,CBJ,2026-03-28,2.5229,940,2.5036,928,NA,NA,1
2026,2,8479671,CBJ,2026-03-26,2.0244,767,2.0166,763,NA,NA,0
2026,2,8479671,CBJ,2026-03-24,2.7617,1004,2.7314,992,0.0303,12,0
2026,2,8479671,CBJ,2026-03-22,1.9518,747,1.9272,735,NA,NA,0
2026,2,8479671,CBJ,2026-03-21,2.321,854,2.321,854,NA,NA,1
2026,2,8479671,CBJ,2026-03-19,2.2522,899,2.155,846,NA,NA,1
2026,2,8479671,CBJ,2026-03-17,1.8349,687,1.8323,685,0.0025,2,1
2026,2,8479671,CBJ,2026-03-14,2.3329,865,2.1634,769,NA,NA,0
2026,2,8479671,CBJ,2026-03-12,2.3872,905,2.3872,905,NA,NA,0
2026,2,8479996,NJD,2026-04-14,2.3876,857,2.3437,846,0.0439,11,0
2026,2,8479996,NJD,2026-04-12,2.0796,818,1.776,664,0.1509,79,1
2026,2,8479996,NJD,2026-04-11,2.0224,733,1.908,673,NA,NA,0
2026,2,8479996,NJD,2026-04-09,2.3911,873,2.1935,784,0.1329,57,1
2026,2,8479996,NJD,2026-04-07,2.2385,867,1.926,716,0.1854,88,1
2026,2,8479996,NJD,2026-04-05,2.0322,725,1.6028,561,NA,NA,0
2026,2,8479996,NJD,2026-04-04,2.1883,763,1.7935,596,NA,NA,1
2026,2,8479996,NJD,2026-04-02,2.1194,773,1.8534,652,0.052,16,1
2026,2,8479996,NJD,2026-03-31,2.1984,759,1.91,639,NA,NA,0
2026,2,8479996,NJD,2026-03-29,1.9771,691,1.8556,642,NA,NA,1
2026,2,8481546,PHI,2026-04-13,3.3331,1434,3.3003,1397,0.0114,12,1
2026,2,8481546,PHI,2026-04-11,2.7992,1298,2.2534,1006,0.0935,65,0
2026,2,8481546,PHI,2026-04-09,2.9332,1305,2.6357,1145,0.0754,25,0
2026,2,8481546,PHI,2026-04-07,3.081,1305,2.7539,1133,0.0298,11,0
2026,2,8481546,PHI,2026-04-05,3.015,1243,2.8691,1173,NA,NA,1
2026,2,8481546,PHI,2026-04-03,2.9002,1391,2.4149,1133,NA,NA,0
2026,2,8481546,PHI,2026-04-02,2.788,1185,2.6069,1098,NA,NA,1
2026,2,8481546,PHI,2026-03-31,2.7001,1098,2.4306,962,NA,NA,0
2026,2,8481546,PHI,2026-03-29,3.3033,1452,3.054,1296,0.0123,7,1
2026,2,8481546,PHI,2026-03-28,2.9137,1319,2.6875,1109,NA,NA,0
2026,2,8482511,BOS,2026-04-14,3.044,1313,2.9164,1239,NA,NA,1
2026,2,8482511,BOS,2026-04-12,2.7993,1159,2.7993,1159,NA,NA,0
2026,2,8482511,BOS,2026-04-11,2.3169,980,2.3169,980,NA,NA,1
2026,2,8482511,BOS,2026-04-07,2.0181,844,2.0181,844,NA,NA,0
2026,2,8482511,BOS,2026-04-05,2.3589,976,2.3589,976,NA,NA,0
2026,2,8482511,BOS,2026-03-28,1.6776,707,1.6776,707,NA,NA,1
2026,2,8482511,BOS,2026-03-25,2.5365,1049,2.2121,928,0.3244,121,0
2026,2,8482511,BOS,2026-03-24,2.4005,1000,2.1003,884,0.2726,109,1
2026,2,8482511,BOS,2026-03-21,2.0089,831,1.818,746,0.1909,85,0
2026,2,8482511,BOS,2026-03-19,2.8712,1223,2.6776,1137,0.151,69,1
2026,2,8483495,NJD,2026-04-14,3.1335,1299,2.9024,1190,0.2311,109,0
2026,2,8483495,NJD,2026-04-12,3.2907,1443,2.7844,1229,0.474,197,1
2026,2,8483495,NJD,2026-04-11,3.052,1272,2.995,1224,NA,NA,0
2026,2,8483495,NJD,2026-04-09,3.2866,1381,3.1133,1322,0.1732,59,1
2026,2,8483495,NJD,2026-04-07,2.6366,1000,2.3212,873,0.3154,127,1
2026,2,8483495,NJD,2026-04-05,2.3851,1050,2.1828,959,0.0552,19,0
2026,2,8483495,NJD,2026-04-04,2.7945,1103,2.7204,1073,0.074,30,1
2026,2,8483495,NJD,2026-04-02,2.4976,1109,2.4121,1072,0.0855,37,1
2026,2,8483495,NJD,2026-03-31,3.5203,1374,3.3805,1322,0.1398,52,0
2026,2,8483495,NJD,2026-03-29,2.4806,1015,2.4293,986,0.0326,23,1
2026,2,8483890,VGK,2026-03-21,1.6059,614,1.4122,517,0.1937,97,0
2026,2,8483890,VGK,2026-03-19,1.6419,658,1.5021,598,0.1398,60,1
2026,2,8483890,VGK,2026-03-17,2.2123,844,2.1092,786,0.1031,58,1
2026,2,8483890,VGK,2026-03-14,2.2399,857,2.0464,747,0.1935,110,1
2026,2,8483890,VGK,2026-03-12,1.8599,692,1.8186,679,0.0412,13,1
2026,2,8483890,VGK,2026-03-10,2.4371,1030,2.0434,803,0.3699,219,0
2026,2,8483890,VGK,2026-03-08,2.2658,927,1.941,749,0.3248,178,1
2026,2,8483890,VGK,2026-03-06,2.9952,1190,2.9155,1135,0.0798,55,1
2026,2,8483890,VGK,2026-03-04,2.6898,1073,2.4692,967,0.2206,106,0
2026,2,8483890,VGK,2026-03-03,2.8925,1095,2.7926,1038,0.0999,57,0
2026,2,8484798,"MIN,VAN",2026-04-16,3.0238,1298,3.0059,1290,0.0179,8,0
2026,2,8484798,"MIN,VAN",2026-04-14,3.6581,1500,3.5108,1446,0.1207,39,1
2026,2,8484798,"MIN,VAN",2026-04-12,2.6977,1096,2.6534,1076,0.0443,20,0
2026,2,8484798,"MIN,VAN",2026-04-11,3.3786,1372,3.1789,1291,0.1997,81,0
2026,2,8484798,"MIN,VAN",2026-04-09,3.4867,1393,3.4867,1393,NA,NA,0
2026,2,8484798,"MIN,VAN",2026-04-07,3.096,1278,3.0157,1250,0.0803,28,1
2026,2,8484798,"MIN,VAN",2026-04-04,2.8783,1211,2.6892,1134,0.1891,77,1
2026,2,8484798,"MIN,VAN",2026-04-02,3.1605,1381,3.1027,1356,0.0578,25,0
2026,2,8484798,"MIN,VAN",2026-04-01,2.38,948,2.1476,875,0.2324,73,0
2026,2,8484798,"MIN,VAN",2026-03-30,3.093,1224,3.093,1224,NA,NA,0
2026,2,8476456,CGY,2026-02-04,2.3174,939,1.6892,643,0.3134,152,1
2026,2,8476456,CGY,2026-02-02,2.2875,866,2.1709,808,0.1166,58,1
2026,2,8476456,CGY,2026-01-31,2.6703,1129,1.765,687,0.5442,290,1
2026,2,8476456,CGY,2026-01-29,2.6789,1008,2.2933,806,0.3102,169,0
2026,2,8476456,CGY,2026-01-25,2.4838,918,2.2365,792,0.1115,73,1
2026,2,8476456,CGY,2026-01-23,2.7748,1001,2.3926,836,0.1035,51,1
2026,2,8476456,CGY,2026-01-19,2.7791,1022,2.4138,866,0.3293,142,1
2026,2,8476456,CGY,2026-01-17,2.2242,917,1.8915,723,0.2912,175,1
2026,2,8476456,CGY,2026-01-15,2.6191,926,1.9747,680,0.161,58,0
2026,2,8476456,CGY,2026-01-13,2.7517,1022,2.3664,850,0.1221,50,0
2026,2,8476457,SEA,2026-04-16,2.9271,1314,2.3751,1027,NA,NA,0
2026,2,8476457,SEA,2026-04-15,3.0925,1332,2.7438,1149,NA,NA,0
2026,2,8476457,SEA,2026-04-13,2.8527,1156,2.6409,1047,NA,NA,1
2026,2,8476457,SEA,2026-04-11,2.413,1035,2.2406,947,NA,NA,1
2026,2,8476457,SEA,2026-04-09,3.0546,1283,2.9712,1228,NA,NA,1
2026,2,8476457,SEA,2026-04-07,2.9623,1338,2.8604,1243,NA,NA,0
2026,2,8476457,SEA,2026-04-06,2.6348,1165,2.4838,1061,NA,NA,0
2026,2,8476457,SEA,2026-04-04,3.1003,1322,2.8031,1171,NA,NA,1
2026,2,8476457,SEA,2026-04-02,2.8591,1267,2.4787,1028,NA,NA,1
2026,2,8476457,SEA,2026-03-31,2.4988,1112,2.3663,1045,NA,NA,0
2026,2,8476469,LAK,2026-04-16,2.2799,845,1.9225,697,0.0973,55,0
2026,2,8476469,LAK,2026-04-14,2.1249,807,2.0106,769,0.0047,4,0
2026,2,8476469,LAK,2026-04-13,2.3167,824,2.3167,824,NA,NA,0
2026,2,8476469,LAK,2026-04-11,2.086,802,1.9984,767,NA,NA,1
2026,2,8476469,LAK,2026-04-09,1.9909,758,1.9909,758,NA,NA,1
2026,2,8476469,LAK,2026-04-06,2.3853,896,2.2975,867,NA,NA,1
2026,2,8476469,LAK,2026-04-04,2.1758,808,1.7017,613,0.214,89,1
2026,2,8476469,LAK,2026-04-02,2.1868,788,2.0317,737,0.0636,21,1
2026,2,8476469,LAK,2026-04-01,2.0909,786,2.0013,756,0.0056,1,1
2026,2,8476469,LAK,2026-03-28,2.5569,845,2.5569,845,NA,NA,1
2026,2,8476931,TOR,2026-04-15,2.6651,1175,2.2608,956,0.0697,35,0
2026,2,8476931,TOR,2026-04-13,2.9513,1274,2.5701,1077,NA,NA,1
2026,2,8476931,TOR,2026-04-11,2.464,1122,2.3247,1057,NA,NA,1
2026,2,8476931,TOR,2026-04-09,3.4437,1506,2.8975,1169,NA,NA,0
2026,2,8476931,TOR,2026-04-08,3.1933,1328,2.8666,1179,0.0167,8,1
2026,2,8476931,TOR,2026-04-04,3.1738,1425,2.4522,1021,0.1623,76,0
2026,2,8476931,TOR,2026-04-02,3.7466,1536,3.386,1380,0.0061,4,0
2026,2,8476931,TOR,2026-03-30,2.834,1209,2.501,1021,NA,NA,0
2026,2,8476931,TOR,2026-03-28,3.2345,1293,2.8773,1129,0.0989,47,0
2026,2,8476931,TOR,2026-03-25,3.3269,1494,3.0601,1297,0.0194,14,1
2026,2,8478462,"TOR,COL",2026-04-16,2.7204,1002,2.0958,721,0.6246,281,1
2026,2,8478462,"TOR,COL",2026-04-14,2.4848,978,2.0858,786,0.399,192,0
2026,2,8478462,"TOR,COL",2026-04-13,2.1637,846,1.7477,625,0.4161,221,0
2026,2,8478462,"TOR,COL",2026-04-11,2.2689,818,2.1227,753,0.1462,65,1
2026,2,8478462,"TOR,COL",2026-04-09,2.0322,679,1.9681,658,0.0641,21,1
2026,2,8478462,"TOR,COL",2026-04-07,1.9595,708,1.9595,708,NA,NA,0
2026,2,8478462,"TOR,COL",2026-03-22,1.5051,520,1.1596,386,0.1973,77,0
2026,2,8478462,"TOR,COL",2026-03-20,2.1239,782,1.8701,664,0.1408,53,0
2026,2,8478462,"TOR,COL",2026-03-18,2.2257,817,2.2257,817,NA,NA,1
2026,2,8478462,"TOR,COL",2026-03-16,2.5042,928,2.0288,741,0.3325,136,1
2026,2,8478569,PIT,2026-04-14,2.1643,845,2.0064,751,NA,NA,0
2026,2,8478569,PIT,2026-04-11,2.3693,901,2.0675,741,NA,NA,1
2026,2,8478569,PIT,2026-04-09,2.345,891,2.2015,817,NA,NA,0
2026,2,8478569,PIT,2026-04-05,2.6977,1099,1.802,659,NA,NA,1
2026,2,8478569,PIT,2026-04-04,2.2294,849,2.2294,849,NA,NA,1
2026,2,8478569,PIT,2026-04-02,1.9416,741,1.6349,597,0.0319,13,0
2026,2,8478569,PIT,2026-03-31,2.0858,872,2.0646,858,0.0152,9,1
2026,2,8478569,PIT,2026-03-30,1.8277,704,1.7774,680,NA,NA,0
2026,2,8478569,PIT,2026-03-28,1.7881,789,1.3487,545,NA,NA,1
2026,2,8478569,PIT,2026-03-26,2.3179,937,2.027,800,0.0193,20,0
2026,2,8478874,SJS,2026-04-15,1.6072,586,1.6072,586,NA,NA,0
2026,2,8478874,SJS,2026-04-13,1.8913,677,1.8913,677,NA,NA,0
2026,2,8478874,SJS,2026-04-11,1.393,558,1.393,558,NA,NA,1
2026,2,8478874,SJS,2026-04-08,1.5548,627,1.5548,627,NA,NA,1
2026,2,8478874,SJS,2026-04-04,1.5353,579,1.5353,579,NA,NA,1
2026,2,8478874,SJS,2026-04-02,1.7775,662,1.7775,662,NA,NA,1
2026,2,8478874,SJS,2026-04-01,1.3668,525,1.3298,499,0.037,26,1
2026,2,8478874,SJS,2026-03-30,1.7245,600,1.7245,600,NA,NA,1
2026,2,8478874,SJS,2026-03-28,1.617,581,1.617,581,NA,NA,0
2026,2,8478874,SJS,2026-03-26,1.6457,607,1.6457,607,NA,NA,0
2026,2,8480849,UTA,2026-03-24,0.0402,17,0.0402,17,NA,NA,1
2026,2,8480849,UTA,2026-03-22,2.8766,1049,2.711,967,0.1656,82,1
2026,2,8480849,UTA,2026-03-20,2.2171,884,1.6658,607,0.5513,277,1
2026,2,8480849,UTA,2026-03-19,2.2982,841,2.0365,726,0.2618,115,0
2026,2,8480849,UTA,2026-03-16,2.8855,1017,2.406,803,0.4795,214,0
2026,2,8480849,UTA,2026-03-14,2.38,909,1.9173,694,0.4386,207,1
2026,2,8480849,UTA,2026-03-12,2.7337,956,2.5656,872,0.1682,84,1
2026,2,8480849,UTA,2026-03-10,2.3315,897,1.7885,635,0.543,262,0
2026,2,8480849,UTA,2026-03-09,2.3683,880,2.1782,773,0.1901,107,0
2026,2,8480849,UTA,2026-03-07,2.526,934,2.4003,878,0.1258,56,0
2026,2,8480855,UTA,2026-04-02,1.4638,540,1.4638,540,NA,NA,0
2026,2,8480855,UTA,2026-03-28,2.3534,844,2.2054,789,0.0635,30,0
2026,2,8480855,UTA,2026-03-26,1.6639,605,1.597,591,0.0035,3,1
2026,2,8480855,UTA,2026-03-24,2.7978,990,2.6084,913,0.1894,77,1
2026,2,8480855,UTA,2026-03-22,2.4813,871,2.4202,849,NA,NA,1
2026,2,8480855,UTA,2026-03-20,1.6714,639,1.3187,519,NA,NA,1
2026,2,8480855,UTA,2026-03-19,2.2533,803,2.0261,720,NA,NA,0
2026,2,8480855,UTA,2026-03-16,2.2789,803,1.9475,695,NA,NA,0
2026,2,8480855,UTA,2026-03-14,1.8575,628,1.5573,524,NA,NA,1
2026,2,8480855,UTA,2026-03-12,2.1407,767,2.1407,767,NA,NA,1
2026,2,8481618,MTL,2026-04-14,2.5221,939,2.4366,903,0.0855,36,0
2026,2,8481618,MTL,2026-04-12,2.0094,796,1.7401,653,NA,NA,0
2026,2,8481618,MTL,2026-04-11,2.1162,824,1.7896,697,0.3023,123,1
2026,2,8481618,MTL,2026-04-09,2.8033,1136,1.7994,702,0.814,324,1
2026,2,8481618,MTL,2026-04-07,2.6365,1035,2.3839,875,NA,NA,1
2026,2,8481618,MTL,2026-04-05,2.0476,793,1.6862,671,0.3614,122,1
2026,2,8481618,MTL,2026-04-04,2.5038,915,2.1692,809,0.3346,106,0
2026,2,8481618,MTL,2026-04-02,1.9527,752,1.6452,636,0.3018,112,0
2026,2,8481618,MTL,2026-03-31,2.1748,885,2.0784,847,0.0964,38,0
2026,2,8481618,MTL,2026-03-29,2.5539,1034,2.2122,906,0.3417,128,0
2026,2,8481806,CHI,2026-04-15,2.5559,1149,1.7847,805,0.0454,13,1
2026,2,8481806,CHI,2026-04-13,2.5689,1121,2.3955,1037,0.019,8,1
2026,2,8481806,CHI,2026-04-11,2.5233,1112,2.3597,1038,0.019,9,1
2026,2,8481806,CHI,2026-04-09,2.5041,1032,2.4092,976,NA,NA,1
2026,2,8481806,CHI,2026-04-06,2.7666,1225,2.506,1075,0.0202,9,0
2026,2,8481806,CHI,2026-04-04,2.665,1209,2.3907,1059,0.0258,8,0
2026,2,8481806,CHI,2026-04-02,3.1329,1263,2.8794,1155,0.0382,12,0
2026,2,8481806,CHI,2026-03-31,2.8296,1237,2.6534,1133,0.0126,5,1
2026,2,8481806,CHI,2026-03-29,2.6595,1138,2.4843,1046,0.0021,1,0
2026,2,8481806,CHI,2026-03-27,2.4974,1085,2.1867,941,NA,NA,0
2026,2,8482074,CGY,2026-04-14,2.6612,922,2.3545,808,0.3067,114,1
2026,2,8482074,CGY,2026-04-12,2.576,885,1.9762,695,0.5998,190,1
2026,2,8482074,CGY,2026-04-11,2.0017,683,1.8557,639,0.146,44,0
2026,2,8482074,CGY,2026-04-09,2.5076,858,2.2981,791,0.2096,67,0
2026,2,8482074,CGY,2026-04-07,2.5542,828,2.3046,749,0.2496,79,0
2026,2,8482074,CGY,2026-04-04,2.0443,707,1.805,627,0.2393,80,0
2026,2,8482074,CGY,2026-04-02,1.7672,568,1.7144,541,0.0527,27,0
2026,2,8482074,CGY,2026-03-20,2.2981,800,1.8814,651,0.4167,149,1
2026,2,8482074,CGY,2026-03-18,3.0058,1053,2.7013,929,0.3046,124,1
2026,2,8482074,CGY,2026-03-16,1.7412,600,1.6541,572,0.0871,28,0
2026,2,8482762,DET,2026-04-15,2.1801,869,2.1386,846,NA,NA,0
2026,2,8482762,DET,2026-04-13,3.0843,1277,2.9612,1202,NA,NA,0
2026,2,8482762,DET,2026-04-11,3.1845,1332,3.1845,1332,NA,NA,1
2026,2,8482762,DET,2026-04-09,2.807,1234,2.3279,974,0.0401,13,1
2026,2,8482762,DET,2026-04-07,3.6901,1609,3.3583,1405,NA,NA,1
2026,2,8482762,DET,2026-04-05,3.1696,1393,3.0702,1305,NA,NA,1
2026,2,8482762,DET,2026-04-04,2.8242,1259,2.594,1134,NA,NA,0
2026,2,8482762,DET,2026-04-02,3.2468,1415,3.1759,1367,NA,NA,0
2026,2,8482762,DET,2026-03-31,3.2085,1329,3.0811,1264,NA,NA,0
2026,2,8482762,DET,2026-03-28,3.0927,1229,2.9535,1158,0.037,19,1
2026,2,8483808,LAK,2026-02-25,2.044,815,2.044,815,NA,NA,1
2026,2,8483808,LAK,2026-02-05,0.9879,503,0.5378,268,0.4501,235,0
2026,2,8483808,LAK,2026-02-04,2.445,1077,2.0638,863,0.3812,214,1
2026,2,8483808,LAK,2026-02-01,2.1004,845,1.9113,747,0.1891,98,0
2026,2,8483808,LAK,2026-01-31,1.7748,729,1.4188,595,0.356,134,0
2026,2,8483808,LAK,2026-01-29,2.2975,939,2.1278,846,0.1697,93,0
2026,2,8483808,LAK,2026-01-27,2.2308,886,1.8875,709,0.3433,177,0
2026,2,8483808,LAK,2026-01-24,2.1272,852,1.7923,687,0.335,165,0
2026,2,8483808,LAK,2026-01-20,2.5093,979,2.0035,736,0.5058,243,1
2026,2,8483808,LAK,2026-01-17,1.8408,860,1.0872,420,0.7536,440,0
2026,2,8477494,"NYI,STL",2026-04-14,2.5009,885,2.3627,844,0.1382,41,1
2026,2,8477494,"NYI,STL",2026-04-13,2.3619,935,1.6732,667,0.6886,268,1
2026,2,8477494,"NYI,STL",2026-04-07,2.5581,943,2.3772,851,0.1809,92,1
2026,2,8477494,"NYI,STL",2026-04-05,2.3767,852,2.0856,725,0.291,127,0
2026,2,8477494,"NYI,STL",2026-04-03,2.3462,854,2.0608,734,0.2576,110,0
2026,2,8477494,"NYI,STL",2026-03-21,2.3914,895,2.2116,793,0.1798,102,0
2026,2,8477494,"NYI,STL",2026-03-18,2.8411,1081,2.6355,974,0.2056,107,0
2026,2,8477494,"NYI,STL",2026-03-10,2.4948,950,2.2823,841,0.2125,109,1
2026,2,8477494,"NYI,STL",2026-03-08,2.1726,795,1.6962,576,0.4764,219,0
2026,2,8477494,"NYI,STL",2026-03-05,2.2539,896,1.7721,763,0.4819,133,0
2026,2,8477498,EDM,2026-04-16,3.0979,1221,2.9757,1163,NA,NA,1
2026,2,8477498,EDM,2026-04-13,3.2717,1465,2.7765,1173,NA,NA,1
2026,2,8477498,EDM,2026-04-11,3.1737,1307,3.0861,1252,0.0022,3,0
2026,2,8477498,EDM,2026-04-08,2.8131,1277,2.517,1103,NA,NA,0
2026,2,8477498,EDM,2026-04-07,3.1995,1395,2.962,1278,NA,NA,0
2026,2,8477498,EDM,2026-04-04,3.1277,1297,2.9185,1176,NA,NA,1
2026,2,8477498,EDM,2026-04-02,2.7971,1223,2.6072,1121,0.0189,10,1
2026,2,8477498,EDM,2026-03-31,3.0507,1392,2.6928,1172,4e-4,2,1
2026,2,8477498,EDM,2026-03-28,3.0421,1379,2.7047,1212,NA,NA,1
2026,2,8477498,EDM,2026-03-26,3.0934,1520,2.8216,1299,NA,NA,0
2026,2,8477919,SEA,2026-04-16,2.1693,910,1.7781,721,NA,NA,0
2026,2,8477919,SEA,2026-04-15,2.438,877,2.2378,782,NA,NA,0
2026,2,8477919,SEA,2026-04-13,3.2313,1097,2.9721,1005,NA,NA,1
2026,2,8477919,SEA,2026-04-11,2.7103,916,2.6258,868,0.0036,3,1
2026,2,8477919,SEA,2026-04-09,2.4441,906,2.3588,851,NA,NA,1
2026,2,8477919,SEA,2026-04-07,2.8188,1004,2.6658,909,NA,NA,0
2026,2,8477919,SEA,2026-04-06,2.494,881,2.3921,824,NA,NA,0
2026,2,8477919,SEA,2026-04-04,2.1532,845,1.8043,674,NA,NA,1
2026,2,8477919,SEA,2026-04-02,2.6284,976,2.2266,786,NA,NA,1
2026,2,8477919,SEA,2026-03-31,2.4139,863,2.2599,781,NA,NA,0
2026,2,8478038,COL,2026-04-16,3.1941,1344,2.5156,1010,0.4031,217,1
2026,2,8478038,COL,2026-04-13,4.0264,1881,2.7991,1180,0.9246,452,0
2026,2,8478038,COL,2026-04-11,3.7211,1614,2.5936,1092,0.6989,308,1
2026,2,8478038,COL,2026-04-09,3.3067,1346,2.9082,1173,0.261,111,1
2026,2,8478038,COL,2026-04-07,3.2788,1424,2.9477,1274,0.1331,53,0
2026,2,8478038,COL,2026-04-05,3.5788,1515,2.2835,939,0.7399,332,1
2026,2,8478038,COL,2026-04-04,3.3208,1433,2.8158,1203,0.1911,74,0
2026,2,8478038,COL,2026-04-01,3.6152,1494,3.0291,1204,0.3593,159,1
2026,2,8478038,COL,2026-03-30,3.0346,1175,2.9423,1135,0.0137,6,1
2026,2,8478038,COL,2026-03-28,3.1044,1270,2.827,1117,NA,NA,1
2026,2,8478133,MTL,2026-04-14,1.8711,675,1.8711,675,NA,NA,0
2026,2,8478133,MTL,2026-04-12,2.5821,1023,2.2296,868,NA,NA,0
2026,2,8478133,MTL,2026-04-11,2.2252,886,1.7721,678,NA,NA,1
2026,2,8478133,MTL,2026-04-09,1.9554,749,1.3059,470,NA,NA,1
2026,2,8478133,MTL,2026-04-07,2.416,937,2.1482,805,NA,NA,1
2026,2,8478133,MTL,2026-04-05,2.3109,839,1.9216,702,0.016,6,1
2026,2,8478133,MTL,2026-04-04,2.359,883,2.2267,836,NA,NA,0
2026,2,8478133,MTL,2026-04-02,2.8019,1151,2.2869,937,0.0498,19,0
2026,2,8478133,MTL,2026-03-31,2.2641,883,1.7496,623,0.0048,1,0
2026,2,8478133,MTL,2026-03-29,2.5136,1075,2.1543,916,NA,NA,0
2026,2,8479525,COL,2026-04-16,2.3095,867,1.9449,693,0.3646,174,1
2026,2,8479525,COL,2026-04-14,2.1048,708,1.8682,606,0.2366,102,0
2026,2,8479525,COL,2026-04-13,2.2576,768,2.2508,765,0.0068,3,0
2026,2,8479525,COL,2026-04-11,1.6505,613,1.6505,613,NA,NA,1
2026,2,8479525,COL,2026-04-09,1.6315,533,1.6315,533,NA,NA,1
2026,2,8479525,COL,2026-04-07,1.8706,654,1.8706,654,NA,NA,0
2026,2,8479525,COL,2026-04-05,2.0539,716,1.965,686,0.089,30,1
2026,2,8479525,COL,2026-04-04,1.2728,469,1.2728,469,NA,NA,0
2026,2,8479525,COL,2026-04-01,1.7696,575,1.7696,575,NA,NA,1
2026,2,8479525,COL,2026-03-30,2.6463,883,2.6463,883,NA,NA,1
2026,2,8483565,"NSH,COL",2026-04-16,2.1913,924,2.1229,879,NA,NA,1
2026,2,8483565,"NSH,COL",2026-04-14,2.1237,868,2.1237,868,NA,NA,0
2026,2,8483565,"NSH,COL",2026-04-13,1.4663,614,1.4663,614,NA,NA,0
2026,2,8483565,"NSH,COL",2026-04-11,1.995,846,1.9164,793,NA,NA,1
2026,2,8483565,"NSH,COL",2026-04-09,2.2429,877,2.2429,877,NA,NA,1
2026,2,8483565,"NSH,COL",2026-04-07,1.8805,807,1.8805,807,NA,NA,0
2026,2,8483565,"NSH,COL",2026-04-05,1.7263,698,1.7263,698,NA,NA,1
2026,2,8483565,"NSH,COL",2026-04-04,1.7875,717,1.7875,717,NA,NA,0
2026,2,8483565,"NSH,COL",2026-04-01,1.6361,668,1.6361,668,NA,NA,1
2026,2,8483565,"NSH,COL",2026-03-16,1.729,670,1.729,670,NA,NA,1
2026,2,8483573,WSH,2026-04-05,1.5619,584,1.5373000000000001,576,0.0246,8,0
2026,2,8483573,WSH,2026-04-04,1.5639,574,1.5639,574,NA,NA,1
2026,2,8483573,WSH,2026-03-22,0.2769,82,0.1626,51,0.1143,31,1
2026,2,8483573,WSH,2026-03-20,1.8549,683,1.7656,640,0.0893,43,1
2026,2,8483573,WSH,2026-03-18,1.9965,806,1.721,686,0.2755,120,1
2026,2,8483573,WSH,2026-03-14,1.2897,452,1.2897,452,NA,NA,1
2026,2,8483573,WSH,2026-03-12,1.7259,630,1.7259,630,NA,NA,0
2026,2,8483573,WSH,2026-03-11,1.2483,526,1.2483,526,NA,NA,0
2026,2,8483573,WSH,2026-03-09,2.1387,858,1.8007,728,0.3381,130,1
2026,2,8483573,WSH,2026-03-07,1.4167,576,1.0972,455,0.3195,121,0
2026,2,8483690,NYR,2026-04-15,1.8796,687,1.7715,640,NA,NA,0
2026,2,8483690,NYR,2026-04-13,1.8866,664,1.7938,630,NA,NA,0
2026,2,8483690,NYR,2026-04-11,2.4774,985,1.9964,767,0.0232,10,0
2026,2,8483690,NYR,2026-04-08,2.0065,813,1.8426,720,NA,NA,1
2026,2,8483690,NYR,2026-04-05,2.3394,938,1.8212,712,0.0713,27,1
2026,2,8483690,NYR,2026-04-04,2.402,927,1.9494,730,NA,NA,1
2026,2,8483690,NYR,2026-04-02,1.9264,725,1.7266,643,0.1787,70,1
2026,2,8483690,NYR,2026-03-31,2.0038,714,1.6394,587,0.1474,45,1
2026,2,8483690,NYR,2026-03-29,2.0255,800,1.9633,764,NA,NA,1
2026,2,8483690,NYR,2026-03-18,1.3796,520,1.1316,419,0.0208,8,1
2026,2,8484783,CHI,2026-03-27,3.0968,1353,2.2681,980,0.5919,248,0
2026,2,8484783,CHI,2026-03-26,3.2366,1340,2.7084,1104,0.3571,146,0
2026,2,8484783,CHI,2026-03-24,3.1972,1392,2.7444,1207,0.4039,164,0
2026,2,8484783,CHI,2026-03-22,3.4837,1467,2.6762,1106,0.4415,179,1
2026,2,8484783,CHI,2026-03-20,2.8398,1283,2.1875,977,0.4301,178,1
2026,2,8484783,CHI,2026-03-19,2.8453,1221,2.1637,890,0.5592,259,0
2026,2,8484783,CHI,2026-03-17,3.5731,1589,3.0231,1339,0.4617,199,1
2026,2,8484783,CHI,2026-03-14,3.3903,1435,2.6583,1082,0.5067,231,0
2026,2,8484783,CHI,2026-03-12,2.5886,1084,2.5886,1084,NA,NA,0
2026,2,8484783,CHI,2026-03-09,2.7153,1150,2.37,1006,0.2461,84,1
2026,2,8474013,UTA,2026-04-16,2.2538,981,2.1129,902,NA,NA,1
2026,2,8474013,UTA,2026-04-14,2.5353,1190,2.2839,1042,NA,NA,1
2026,2,8474013,UTA,2026-04-12,2.9519,1206,2.2984,903,0.0238,8,0
2026,2,8474013,UTA,2026-04-11,2.3903,1057,2.0805,856,NA,NA,1
2026,2,8474013,UTA,2026-04-09,2.5087,1122,2.2674,980,NA,NA,1
2026,2,8474013,UTA,2026-04-07,2.4483,1070,2.0836,891,NA,NA,1
2026,2,8474013,UTA,2026-04-04,2.4083,1047,2.3084,988,NA,NA,0
2026,2,8474013,UTA,2026-04-02,2.4994,1060,2.2499,914,NA,NA,0
2026,2,8474013,UTA,2026-03-28,2.5795,1071,2.2834,932,NA,NA,0
2026,2,8474013,UTA,2026-03-26,2.3255,979,1.8458,761,NA,NA,1
2026,2,8474563,LAK,2026-04-16,3.1111,1299,2.6263,1113,0.2176,86,0
2026,2,8474563,LAK,2026-04-14,3.1563,1340,2.8935,1222,0.086,34,0
2026,2,8474563,LAK,2026-04-13,3.2007,1351,2.9765,1254,0.2242,97,0
2026,2,8474563,LAK,2026-04-11,2.9741,1334,2.8417,1254,0.0743,24,1
2026,2,8474563,LAK,2026-04-09,3.327,1400,3.327,1400,NA,NA,1
2026,2,8474563,LAK,2026-04-06,3.6623,1514,3.5724,1473,NA,NA,1
2026,2,8474563,LAK,2026-04-04,4.1574,1760,3.3902,1425,0.5912,248,1
2026,2,8474563,LAK,2026-04-02,3.8155,1571,3.0711,1254,0.3939,134,1
2026,2,8474563,LAK,2026-04-01,3.1014,1340,2.8139,1169,0.0553,30,1
2026,2,8474563,LAK,2026-03-28,3.1852,1339,2.7201,1129,0.292,106,1
2026,2,8475848,MTL,2026-04-14,1.8307,694,1.8307,694,NA,NA,0
2026,2,8475848,MTL,2026-04-05,1.6076,682,1.3651,567,0.2425,115,1
2026,2,8475848,MTL,2026-04-04,1.4111,588,1.2684,504,0.1426,84,0
2026,2,8475848,MTL,2026-04-02,1.3784,530,1.1706,431,0.2078,99,0
2026,2,8475848,MTL,2026-03-31,1.323,498,1.2525,460,0.0705,38,0
2026,2,8475848,MTL,2026-03-29,1.74,687,1.3977,531,0.3423,156,0
2026,2,8475848,MTL,2026-03-28,1.9002,795,1.7861,720,0.1141,75,0
2026,2,8475848,MTL,2026-03-26,1.2402,495,1.1534,443,0.0868,52,1
2026,2,8475848,MTL,2026-03-24,1.6499,618,1.4696,552,0.1803,66,1
2026,2,8475848,MTL,2026-03-21,1.8426,795,1.7652,765,0.0774,30,1
2026,2,8476393,OTT,2026-04-15,2.349,836,2.3393,836,0.0097,0,1
2026,2,8476393,OTT,2026-04-12,2.2487,830,2.2067,813,0.042,17,0
2026,2,8476393,OTT,2026-04-11,1.7994,655,1.7686,647,0.0308,8,0
2026,2,8476393,OTT,2026-04-09,2.5536,871,2.5536,871,NA,NA,1
2026,2,8476393,OTT,2026-04-07,1.8923,704,1.8923,704,NA,NA,1
2026,2,8476393,OTT,2026-04-05,2.3666,880,2.3666,880,NA,NA,1
2026,2,8476393,OTT,2026-04-04,2.2085,785,2.1956,779,0.0128,6,1
2026,2,8476393,OTT,2026-04-02,1.625,625,1.625,625,NA,NA,1
2026,2,8476393,OTT,2026-03-31,1.7979,669,1.7597,649,0.0382,20,0
2026,2,8476393,OTT,2026-03-28,1.8477,665,1.8477,665,NA,NA,0
2026,2,8476441,LAK,2026-04-16,2.2424,1004,1.8697,816,NA,NA,0
2026,2,8476441,LAK,2026-04-14,2.462,1128,2.2543,1005,NA,NA,0
2026,2,8476441,LAK,2026-04-13,2.2992,999,2.2129,954,0.0864,45,0
2026,2,8476441,LAK,2026-04-11,2.6948,1196,2.5608,1134,NA,NA,1
2026,2,8476441,LAK,2026-04-09,2.6709,1203,2.6709,1203,NA,NA,1
2026,2,8476441,LAK,2026-04-06,2.7903,1255,2.6875,1182,NA,NA,1
2026,2,8476441,LAK,2026-04-04,2.1871,948,1.8839,740,NA,NA,1
2026,2,8476441,LAK,2026-04-02,2.2655,1007,2.0009,876,0.0351,20,1
2026,2,8476441,LAK,2026-04-01,2.5986,1195,2.38,1074,0.0154,9,1
2026,2,8476441,LAK,2026-03-28,2.662,1134,2.662,1134,NA,NA,1
2026,2,8476981,MTL,2026-04-12,2.4366,941,2.3122,874,NA,NA,0
2026,2,8476981,MTL,2026-04-11,2.2096,827,1.8109,630,NA,NA,1
2026,2,8476981,MTL,2026-04-09,1.9027,752,1.6778,593,NA,NA,1
2026,2,8476981,MTL,2026-04-07,2.0662,799,1.9438,734,NA,NA,1
2026,2,8476981,MTL,2026-04-05,1.8481,691,1.596,576,0.0158,6,1
2026,2,8476981,MTL,2026-04-04,2.3291,870,2.205,797,NA,NA,0
2026,2,8476981,MTL,2026-04-02,2.5411,986,2.1254,821,0.0384,9,0
2026,2,8476981,MTL,2026-03-31,2.1911,751,1.9605,652,NA,NA,0
2026,2,8476981,MTL,2026-03-28,0.8714,293,0.8559,288,0.0155,5,0
2026,2,8476981,MTL,2026-03-26,2.5675,972,2.4166,906,0.0126,7,1
2026,2,8478508,MIN,2026-04-14,2.6018,949,2.2236,778,0.0915,49,1
2026,2,8478508,MIN,2026-04-13,2.6317,988,1.8958,672,0.4628,202,0
2026,2,8478508,MIN,2026-04-11,2.244,803,1.9741,713,NA,NA,0
2026,2,8478508,MIN,2026-04-09,2.0661,773,2.0661,773,NA,NA,0
2026,2,8478508,MIN,2026-04-07,2.1387,754,1.9525,680,NA,NA,1
2026,2,8478508,MIN,2026-04-05,2.3363,816,2.2328,770,NA,NA,0
2026,2,8478508,MIN,2026-04-04,2.6715,932,2.4778,868,NA,NA,0
2026,2,8478508,MIN,2026-04-02,1.8124,717,1.6897,674,NA,NA,1
2026,2,8478508,MIN,2026-03-28,1.9968,706,1.8878,656,NA,NA,0
2026,2,8478508,MIN,2026-03-26,2.1202,790,2.0085,739,NA,NA,0
2026,2,8479977,UTA,2026-04-16,2.3311,851,2.2198,807,NA,NA,1
2026,2,8479977,UTA,2026-04-14,1.6283,614,1.6283,614,NA,NA,1
2026,2,8479977,UTA,2026-04-12,1.9216,681,1.9216,681,NA,NA,0
2026,2,8479977,UTA,2026-04-11,1.7743,681,1.7743,681,NA,NA,1
2026,2,8479977,UTA,2026-04-09,2.2923,842,2.2923,842,NA,NA,1
2026,2,8479977,UTA,2026-04-07,2.6853,1030,2.6853,1030,NA,NA,1
2026,2,8479977,UTA,2026-04-04,1.8501,673,1.8501,673,NA,NA,0
2026,2,8479977,UTA,2026-04-02,1.7989,683,1.7989,683,NA,NA,0
2026,2,8479977,UTA,2026-03-28,2.3052,809,2.3052,809,NA,NA,0
2026,2,8479977,UTA,2026-03-24,2.2091,818,2.1539,800,0.0552,18,1
2026,2,8479983,SJS,2026-04-16,2.6549,1283,2.2099,945,NA,NA,0
2026,2,8479983,SJS,2026-04-15,2.6393,1124,2.2685,906,3e-4,3,0
2026,2,8479983,SJS,2026-04-13,3.058,1362,3.058,1362,NA,NA,0
2026,2,8479983,SJS,2026-04-11,3.3012,1467,2.778,1112,NA,NA,1
2026,2,8479983,SJS,2026-04-09,3.3072,1413,3.0491,1249,NA,NA,0
2026,2,8479983,SJS,2026-04-08,3.0483,1421,2.715,1214,0.0163,8,1
2026,2,8479983,SJS,2026-04-06,2.7319,1311,2.3897,1061,NA,NA,1
2026,2,8479983,SJS,2026-04-04,2.2413,994,1.9628,820,NA,NA,1
2026,2,8479983,SJS,2026-04-02,2.7092,1244,2.5658,1176,NA,NA,1
2026,2,8479983,SJS,2026-04-01,2.8053,1248,2.416,1009,NA,NA,1
2026,2,8480289,WPG,2026-04-04,2.1662,779,2.1542,770,NA,NA,0
2026,2,8480289,WPG,2026-04-02,2.3271,845,2.1935,775,0.0015,3,0
2026,2,8480289,WPG,2026-03-26,1.8269,687,1.553,543,NA,NA,1
2026,2,8480289,WPG,2026-03-24,2.209,827,1.7154,590,NA,NA,1
2026,2,8480289,WPG,2026-03-22,2.194,826,2.0292,736,NA,NA,0
2026,2,8480289,WPG,2026-03-21,2.4611,925,2.2842,835,NA,NA,0
2026,2,8480289,WPG,2026-03-19,1.886,690,1.677,597,NA,NA,0
2026,2,8480289,WPG,2026-03-17,2.3711,840,2.2615,787,NA,NA,1
2026,2,8480289,WPG,2026-03-15,2.4795,962,2.3002,888,0.039,12,1
2026,2,8480289,WPG,2026-03-14,2.1173,799,1.8016,655,0.014,5,1
2026,2,8474716,MIN,2026-04-13,2.6276,1115,1.8277,749,0.7896,360,0
2026,2,8474716,MIN,2026-04-09,2.6934,1042,2.5929,1000,0.0833,34,0
2026,2,8474716,MIN,2026-04-07,2.6848,1109,2.4398,985,0.0311,16,1
2026,2,8474716,MIN,2026-04-05,2.6853,1020,2.4979,945,0.0961,33,0
2026,2,8474716,MIN,2026-04-04,2.198,894,1.9626,780,NA,NA,0
2026,2,8474716,MIN,2026-04-02,2.4416,1042,2.3228,995,NA,NA,1
2026,2,8474716,MIN,2026-03-26,2.0777,872,1.9929,821,NA,NA,0
2026,2,8474716,MIN,2026-03-24,2.7596,1188,2.5976,1100,NA,NA,0
2026,2,8474716,MIN,2026-03-21,3.3768,1443,2.8239,1158,0.1653,60,1
2026,2,8474716,MIN,2026-03-19,3.2543,1336,2.9412,1143,0.0457,31,1
2026,2,8476374,BOS,2026-04-14,2.715,1073,2.5796,1000,NA,NA,1
2026,2,8476374,BOS,2026-04-12,2.3575,894,1.9183,722,NA,NA,0
2026,2,8476374,BOS,2026-04-11,2.0103,782,1.8912,733,NA,NA,1
2026,2,8476374,BOS,2026-04-07,1.3453,555,0.9673,362,0.0355,13,0
2026,2,8476374,BOS,2026-04-05,1.9156,680,1.5901,546,NA,NA,0
2026,2,8476374,BOS,2026-04-04,2.0206,724,1.7581,624,0.0972,31,0
2026,2,8476374,BOS,2026-04-02,1.9436,669,1.7554,606,NA,NA,0
2026,2,8476374,BOS,2026-03-31,2.509,943,2.1032,765,NA,NA,1
2026,2,8476374,BOS,2026-03-29,2.3909,881,2.1483,790,0.0103,6,0
2026,2,8476374,BOS,2026-03-28,1.8571,687,1.6586,622,NA,NA,1
2026,2,8477220,UTA,2026-04-16,2.3132,985,2.2498,956,NA,NA,1
2026,2,8477220,UTA,2026-04-14,2.5857,1096,2.454,1024,0.0062,6,1
2026,2,8477220,UTA,2026-04-12,2.7009,1193,2.2076,960,NA,NA,0
2026,2,8477220,UTA,2026-04-11,2.2356,940,2.0116,811,NA,NA,1
2026,2,8477220,UTA,2026-04-09,2.581,1089,2.3429,978,0.0068,5,1
2026,2,8477220,UTA,2026-04-07,2.4347,1033,2.2469,948,NA,NA,1
2026,2,8477220,UTA,2026-04-04,2.5968,1125,2.267,947,NA,NA,0
2026,2,8477220,UTA,2026-04-02,2.8141,1190,2.5669,1081,0.0175,3,0
2026,2,8477220,UTA,2026-03-28,2.9149,1244,2.651,1128,0.032,14,0
2026,2,8477220,UTA,2026-03-26,2.3655,1006,1.9891,831,NA,NA,1
2026,2,8477507,BOS,2026-04-14,2.6436,1150,2.6436,1150,NA,NA,1
2026,2,8477507,BOS,2026-04-12,3.2253,1407,2.8207,1190,NA,NA,0
2026,2,8477507,BOS,2026-04-11,2.7343,1169,2.7111,1152,NA,NA,1
2026,2,8477507,BOS,2026-04-07,2.593,1121,2.3238,992,0.0463,15,0
2026,2,8477507,BOS,2026-04-05,3.2166,1314,2.8774,1156,NA,NA,0
2026,2,8477507,BOS,2026-04-04,2.8708,1219,2.7208,1149,0.1012,35,0
2026,2,8477507,BOS,2026-04-02,2.6752,1115,2.5414,1064,NA,NA,0
2026,2,8477507,BOS,2026-03-31,2.5761,1106,2.3532,997,NA,NA,1
2026,2,8477507,BOS,2026-03-29,2.7243,1162,2.5585,1079,0.0604,25,0
2026,2,8477507,BOS,2026-03-28,3.1465,1345,2.9792,1280,NA,NA,1
2026,2,8478851,MTL,2026-03-29,2.4022,1145,2.0672,962,NA,NA,0
2026,2,8478851,MTL,2026-03-28,2.7267,1155,2.2769,940,NA,NA,0
2026,2,8478851,MTL,2026-03-26,2.4284,1038,2.3034,978,NA,NA,1
2026,2,8478851,MTL,2026-03-24,2.6404,1158,2.4154,1034,NA,NA,1
2026,2,8478851,MTL,2026-03-21,2.8703,1237,2.5354,1047,NA,NA,1
2026,2,8478851,MTL,2026-03-19,2.7498,1215,2.608,1123,NA,NA,0
2026,2,8478851,MTL,2026-03-17,2.789,1099,2.4807,961,NA,NA,1
2026,2,8478851,MTL,2026-03-15,2.2592,912,2.1441,830,NA,NA,1
2026,2,8478851,MTL,2026-03-14,2.0649,835,1.9445,755,NA,NA,1
2026,2,8478851,MTL,2026-03-11,2.238,934,1.9825,791,NA,NA,0
2026,2,8479353,VGK,2026-04-15,2.8515,1026,2.765,999,0.0865,27,1
2026,2,8479353,VGK,2026-04-13,2.5824,963,1.7773,616,0.4603,224,1
2026,2,8479353,VGK,2026-04-11,2.9693,1031,2.6072,885,0.2266,92,0
2026,2,8479353,VGK,2026-04-09,2.5814,934,2.5427,917,NA,NA,0
2026,2,8479353,VGK,2026-04-07,2.7871,1037,2.5975,955,0.0955,38,0
2026,2,8479353,VGK,2026-04-04,2.7164,959,2.3844,850,0.1604,51,0
2026,2,8479353,VGK,2026-04-02,2.4302,902,2.0471,759,0.3746,139,1
2026,2,8479353,VGK,2026-03-30,2.4224,943,2.2747,878,0.1477,65,1
2026,2,8479353,VGK,2026-03-28,2.7643,1045,2.409,895,0.1785,93,1
2026,2,8479353,VGK,2026-03-26,2.0233,727,2.0015,718,0.0043,2,1
2026,2,8479661,BOS,2026-04-14,2.4003,906,2.2348,847,NA,NA,1
2026,2,8479661,BOS,2026-04-11,1.917,685,1.917,685,NA,NA,1
2026,2,8479661,BOS,2026-04-07,1.5513,594,1.4277,534,0.0222,10,0
2026,2,8479661,BOS,2026-04-05,1.4959,592,1.3024,509,NA,NA,0
2026,2,8479661,BOS,2026-04-04,1.8397,688,1.7055,626,0.0751,28,0
2026,2,8479661,BOS,2026-04-02,2.0494,762,1.9667,734,NA,NA,0
2026,2,8479661,BOS,2026-03-31,2.0688,748,1.9165,690,NA,NA,1
2026,2,8479661,BOS,2026-03-29,1.9133,720,1.8936,713,0.0197,7,0
2026,2,8479661,BOS,2026-03-28,2.0146,695,1.9289,664,NA,NA,1
2026,2,8479661,BOS,2026-03-25,1.2376,452,1.2216,445,0.0161,7,0
2026,2,8480355,BOS,2026-04-14,2.2531,827,2.0833,750,NA,NA,1
2026,2,8480355,BOS,2026-04-12,2.3575,912,2.0531,759,NA,NA,0
2026,2,8480355,BOS,2026-04-11,1.9929,732,1.8544,668,NA,NA,1
2026,2,8480355,BOS,2026-04-07,1.0081,380,0.9029,326,NA,NA,0
2026,2,8480355,BOS,2026-04-05,1.6435,604,1.3206,475,NA,NA,0
2026,2,8480355,BOS,2026-04-04,1.8432,661,1.679,586,0.0161,8,0
2026,2,8480355,BOS,2026-04-02,1.9406,743,1.85,690,NA,NA,0
2026,2,8480355,BOS,2026-03-31,2.135,755,1.9228,655,NA,NA,1
2026,2,8480355,BOS,2026-03-29,1.6395,681,1.5389,626,NA,NA,0
2026,2,8480355,BOS,2026-03-28,1.7213,678,1.5685,605,NA,NA,1
2026,2,8480995,TBL,2026-04-06,1.477,501,1.306,434,0.1709,67,0
2026,2,8480995,TBL,2026-04-04,2.2472,800,2.2472,800,NA,NA,1
2026,2,8480995,TBL,2026-04-02,2.0217,693,2.0217,693,NA,NA,1
2026,2,8480995,TBL,2026-03-31,1.915,675,1.8791,666,0.0359,9,1
2026,2,8480995,TBL,2026-03-29,1.9655,714,1.7668,629,0.1987,85,1
2026,2,8480995,TBL,2026-03-28,2.6776,965,2.5156,893,0.162,72,1
2026,2,8480995,TBL,2026-03-26,2.1477,769,2.1477,769,NA,NA,1
2026,2,8480995,TBL,2026-03-24,2.3595,837,2.3595,837,NA,NA,1
2026,2,8480995,TBL,2026-03-22,2.5116,880,2.5116,880,NA,NA,0
2026,2,8480995,TBL,2026-03-21,1.853,660,1.853,660,NA,NA,0
2026,2,8481013,"DET,STL",2026-04-16,2.3434,903,2.2391,859,0.1043,44,0
2026,2,8481013,"DET,STL",2026-04-11,2.1737,806,2.1325,789,0.0412,17,0
2026,2,8481013,"DET,STL",2026-04-09,2.6331,1026,2.2758,822,0.3572,204,1
2026,2,8481013,"DET,STL",2026-04-07,2.55,1007,2.3599,931,0.1901,76,1
2026,2,8481013,"DET,STL",2026-04-05,2.0702,828,1.8489,703,0.2213,125,0
2026,2,8481013,"DET,STL",2026-04-03,2.3282,832,1.9963,707,0.3319,125,0
2026,2,8481013,"DET,STL",2026-04-01,2.7455,1027,2.7455,1027,NA,NA,0
2026,2,8481013,"DET,STL",2026-03-30,2.0672,760,2.0672,760,NA,NA,0
2026,2,8481013,"DET,STL",2026-03-28,2.2106,847,2.2106,846,NA,NA,1
2026,2,8481013,"DET,STL",2026-03-26,2.603,955,2.4717,903,0.1313,52,1
2026,2,8481789,"SEA,NYR",2026-04-15,2.4108,905,2.1925,822,0.0823,34,0
2026,2,8481789,"SEA,NYR",2026-04-13,2.0275,755,1.8693,701,NA,NA,0
2026,2,8481789,"SEA,NYR",2026-04-11,1.9633,710,1.7251,625,NA,NA,0
2026,2,8481789,"SEA,NYR",2026-04-08,2.4805,967,2.1689,841,NA,NA,1
2026,2,8481789,"SEA,NYR",2026-04-05,1.7382,584,1.4215,489,NA,NA,1
2026,2,8481789,"SEA,NYR",2026-04-04,2.2647,814,2.0073,729,NA,NA,1
2026,2,8481789,"SEA,NYR",2026-04-02,2.2605,830,2.0686,745,NA,NA,1
2026,2,8481789,"SEA,NYR",2026-03-31,2.4714,842,2.23,761,NA,NA,1
2026,2,8481789,"SEA,NYR",2026-03-29,2.3991,850,2.0867,723,NA,NA,1
2026,2,8481789,"SEA,NYR",2026-03-27,2.7864,1006,2.2769,811,0.1193,42,1
2026,2,8482660,CBJ,2026-04-14,1.8377,651,1.7658,625,0.0719,26,1
2026,2,8482660,CBJ,2026-04-12,2.5691,897,2.3581,814,0.211,83,1
2026,2,8482660,CBJ,2026-04-11,1.3391,552,1.0621,443,0.277,109,0
2026,2,8482660,CBJ,2026-04-09,1.4739,558,1.3024,491,0.1715,67,0
2026,2,8482660,CBJ,2026-04-07,1.6779,564,1.4858,501,0.1921,63,0
2026,2,8482660,CBJ,2026-04-02,2.0113,802,1.5734,622,0.4379,180,0
2026,2,8482660,CBJ,2026-03-31,1.3614,468,1.0256,351,0.3358,117,1
2026,2,8482660,CBJ,2026-03-28,2.204,817,2.204,817,NA,NA,1
2026,2,8482660,CBJ,2026-03-24,1.8897,681,1.6053,569,0.2844,112,0
2026,2,8482660,CBJ,2026-03-22,1.6735,659,1.6735,659,NA,NA,0
2026,2,8482803,ANA,2026-04-07,1.666,538,1.6524,534,0.0136,4,1
2026,2,8482803,ANA,2026-04-04,1.8342,652,1.7083,608,NA,NA,1
2026,2,8482803,ANA,2026-04-03,3.2003,1161,2.8599,1017,NA,NA,1
2026,2,8482803,ANA,2026-04-01,1.8321,704,1.7781,678,NA,NA,0
2026,2,8482803,ANA,2026-03-30,2.2136,798,2.1094,756,NA,NA,1
2026,2,8482803,ANA,2026-03-28,2.4766,904,2.2905,812,NA,NA,0
2026,2,8482803,ANA,2026-03-26,2.2575,805,2.118,737,NA,NA,0
2026,2,8482803,ANA,2026-03-22,1.8285,765,1.5422,613,NA,NA,1
2026,2,8482803,ANA,2026-03-20,2.0952,790,1.7137,617,0.144,48,0
2026,2,8482803,ANA,2026-03-18,1.8596,751,1.5389,611,0.008,4,1
2026,2,8483490,ANA,2026-04-16,2.3151,947,2.11,840,NA,NA,0
2026,2,8483490,ANA,2026-04-14,2.5383,1064,2.3692,990,NA,NA,0
2026,2,8483490,ANA,2026-04-12,2.8923,1252,2.5713,1085,NA,NA,1
2026,2,8483490,ANA,2026-04-09,2.6057,1095,2.6057,1095,NA,NA,1
2026,2,8483490,ANA,2026-04-07,2.5847,1111,2.0802,869,0.0105,5,1
2026,2,8483490,ANA,2026-03-30,2.5649,1100,2.2696,936,0.0078,3,1
2026,2,8483490,ANA,2026-03-26,2.4783,1064,2.3411,1007,0.0162,6,0
2026,2,8483490,ANA,2026-03-24,3.041,1326,2.7123,1147,NA,NA,0
2026,2,8483490,ANA,2026-03-22,2.9479,1280,2.5858,1071,NA,NA,1
2026,2,8483490,ANA,2026-03-20,3.0315,1371,2.5967,1133,NA,NA,0
2026,2,8474151,TBL,2026-04-13,2.7604,1232,2.3818,1016,NA,NA,1
2026,2,8474151,TBL,2026-04-11,2.6282,1160,2.5711,1113,0.0192,10,0
2026,2,8474151,TBL,2026-04-09,3.0095,1367,1.9795,842,0.0315,13,0
2026,2,8474151,TBL,2026-04-07,2.4674,1085,2.2828,973,0.0176,18,0
2026,2,8474151,TBL,2026-04-06,2.2062,1004,1.6724,694,NA,NA,0
2026,2,8474151,TBL,2026-04-04,2.4195,1028,1.9304,806,NA,NA,1
2026,2,8474151,TBL,2026-04-02,2.386,1084,2.0147,894,0.0144,7,1
2026,2,8474151,TBL,2026-03-31,2.5858,1173,2.2862,991,0.0255,9,1
2026,2,8474151,TBL,2026-03-29,2.5773,1146,1.9564,824,NA,NA,1
2026,2,8474151,TBL,2026-03-28,2.6728,1185,2.3747,1017,0.0952,48,1
2026,2,8475343,"WSH,VGK",2026-04-15,2.0481,721,2.0481,721,NA,NA,1
2026,2,8475343,"WSH,VGK",2026-04-13,1.8765,737,1.5296,583,NA,NA,1
2026,2,8475343,"WSH,VGK",2026-04-11,1.9196,729,1.6954,648,0.0342,10,0
2026,2,8475343,"WSH,VGK",2026-04-09,1.867,725,1.867,725,NA,NA,0
2026,2,8475343,"WSH,VGK",2026-04-07,2.1012,775,1.8186,640,0.075,26,0
2026,2,8475343,"WSH,VGK",2026-04-04,2.2277,778,1.9731,682,0.0285,11,0
2026,2,8475343,"WSH,VGK",2026-04-02,2.2977,833,2.1622,781,0.105,42,1
2026,2,8475343,"WSH,VGK",2026-03-30,1.3092,509,1.3092,509,NA,NA,1
2026,2,8475343,"WSH,VGK",2026-03-28,2.0767,716,1.9033,652,NA,NA,1
2026,2,8475343,"WSH,VGK",2026-03-26,1.4179,494,1.397,487,NA,NA,1
2026,2,8476392,WPG,2026-04-16,2.6219,882,2.5591,853,NA,NA,1
2026,2,8476392,WPG,2026-04-14,2.494,954,2.1112,796,NA,NA,0
2026,2,8476392,WPG,2026-04-13,2.623,960,1.8324,603,NA,NA,0
2026,2,8476392,WPG,2026-04-11,2.3657,852,2.0334,711,0.0137,7,1
2026,2,8476392,WPG,2026-04-09,2.8826,1007,2.3874,801,NA,NA,0
2026,2,8476392,WPG,2026-04-06,2.6246,924,2.6246,924,NA,NA,1
2026,2,8476392,WPG,2026-04-04,2.4558,830,2.4415,821,NA,NA,0
2026,2,8476392,WPG,2026-04-02,2.1115,783,2.1115,783,NA,NA,0
2026,2,8476392,WPG,2026-03-31,2.8569,1021,2.7192,951,NA,NA,0
2026,2,8476392,WPG,2026-03-28,2.8869,1015,2.7302,938,0.0046,2,0
2026,2,8476458,"ANA,CGY",2026-04-16,2.0354,776,1.67,601,0.1981,92,1
2026,2,8476458,"ANA,CGY",2026-04-12,2.2643,848,1.8664,677,0.3979,171,1
2026,2,8476458,"ANA,CGY",2026-04-11,2.1016,754,1.9926,714,0.109,40,0
2026,2,8476458,"ANA,CGY",2026-04-07,2.2428,790,2.0519,709,0.1526,69,0
2026,2,8476458,"ANA,CGY",2026-04-04,2.367,858,2.0466,734,0.2151,80,0
2026,2,8476458,"ANA,CGY",2026-04-02,2.0821,747,2.049,720,0.0331,27,0
2026,2,8476458,"ANA,CGY",2026-03-30,2.6426,969,2.5047,902,0.138,67,0
2026,2,8476458,"ANA,CGY",2026-03-28,2.3915,845,2.2877,804,0.1038,41,1
2026,2,8476458,"ANA,CGY",2026-03-26,2.132,793,1.9741,732,0.158,61,1
2026,2,8476458,"ANA,CGY",2026-03-24,2.7048,918,2.3948,796,0.31,122,1
2026,2,8476873,CAR,2026-04-14,2.7532,1054,2.26,838,0.1542,70,0
2026,2,8476873,CAR,2026-04-13,2.0129,796,1.7604,676,NA,NA,0
2026,2,8476873,CAR,2026-04-09,2.1442,743,1.6457,549,0.1196,56,0
2026,2,8476873,CAR,2026-04-07,1.3232,485,1.0574,382,NA,NA,1
2026,2,8476873,CAR,2026-04-05,2.4026,966,2.0927,815,0.1254,61,0
2026,2,8476873,CAR,2026-04-04,1.5671,598,1.4794,552,NA,NA,1
2026,2,8476873,CAR,2026-04-02,1.8235,689,1.6386,621,NA,NA,1
2026,2,8476873,CAR,2026-03-31,1.7575,687,1.3902,517,0.163,83,0
2026,2,8476873,CAR,2026-03-29,1.5653,569,1.1463,411,NA,NA,1
2026,2,8476873,CAR,2026-03-28,1.7571,653,1.4879,545,NA,NA,1
2026,2,8480074,"STL,MTL",2026-04-14,2.5308,1014,2.1301,850,0.4007,164,0
2026,2,8480074,"STL,MTL",2026-04-12,1.4674,567,1.3389,533,0.1286,34,0
2026,2,8480074,"STL,MTL",2026-04-11,2.1338,822,1.6252,631,0.5087,191,1
2026,2,8480074,"STL,MTL",2026-04-09,1.4095,543,0.8878,349,0.5101,187,1
2026,2,8480074,"STL,MTL",2026-04-07,2.5667,978,2.3258,889,0.2408,89,1
2026,2,8480074,"STL,MTL",2026-03-24,2.0546,834,2.0372,825,0.0174,9,1
2026,2,8480074,"STL,MTL",2026-03-21,1.7739,698,1.7739,698,NA,NA,1
2026,2,8480074,"STL,MTL",2026-03-19,2.0501,826,2.0501,826,NA,NA,0
2026,2,8480074,"STL,MTL",2026-03-17,2.0374,817,2.0374,817,NA,NA,1
2026,2,8480074,"STL,MTL",2026-03-15,1.8632,784,1.5113,602,0.3519,182,1
2026,2,8481568,CHI,2026-04-15,3.0913,1280,2.3166,948,0.0764,23,1
2026,2,8481568,CHI,2026-04-13,2.686,1183,2.4361,1046,NA,NA,1
2026,2,8481568,CHI,2026-04-11,2.8355,1183,2.6537,1094,0.0568,22,1
2026,2,8481568,CHI,2026-04-09,2.609,1077,2.523,1021,NA,NA,1
2026,2,8481568,CHI,2026-04-06,2.5155,1080,2.2808,931,NA,NA,0
2026,2,8481568,CHI,2026-04-04,3.0464,1347,2.7881,1200,0.0078,3,0
2026,2,8481568,CHI,2026-04-02,2.9332,1261,2.5651,1066,0.0305,12,0
2026,2,8481568,CHI,2026-03-31,2.868,1250,2.6581,1143,NA,NA,1
2026,2,8481568,CHI,2026-03-29,2.7719,1213,2.6021,1128,0.02,6,0
2026,2,8481568,CHI,2026-03-27,2.586,1155,2.4408,1075,0.0285,11,0
2026,2,8484164,STL,2026-04-16,2.4123,845,2.2898,799,0.1224,46,0
2026,2,8484164,STL,2026-04-14,2.0668,768,1.9344,713,0.1324,55,1
2026,2,8484164,STL,2026-04-13,2.3181,931,1.7548,664,0.5633,267,1
2026,2,8484164,STL,2026-04-11,2.1836,772,2.1061,741,0.0774,31,0
2026,2,8484164,STL,2026-04-09,3.1405,1177,2.6232,967,0.5172,210,1
2026,2,8484164,STL,2026-04-07,1.6114,587,1.558,570,0.0534,17,1
2026,2,8484164,STL,2026-04-05,1.9801,673,1.9801,673,NA,NA,0
2026,2,8484164,STL,2026-04-03,2.433,891,2.0923,756,0.3043,124,0
2026,2,8484164,STL,2026-04-01,2.347,908,2.0134,761,0.3336,147,0
2026,2,8484164,STL,2026-03-30,1.8752,716,1.7561,643,0.1191,73,0
2026,2,8484223,DET,2026-04-15,2.3372,906,1.8665,753,0.4707,153,0
2026,2,8484223,DET,2026-04-13,2.6467,1072,2.1189,912,0.5099,149,0
2026,2,8484223,DET,2026-04-07,1.4184,574,1.4184,574,NA,NA,1
2026,2,8484223,DET,2026-04-05,2.4079,904,2.3312,878,0.0768,26,1
2026,2,8484223,DET,2026-04-04,2.6152,1011,2.2441,873,0.3712,138,0
2026,2,8484223,DET,2026-03-06,2.1593,896,1.7679,714,0.3914,182,1
2026,2,8484223,DET,2026-03-04,1.4869,577,1.1338,457,0.3531,120,1
2026,2,8484223,DET,2026-03-02,1.9062,736,1.8162,710,0.0899,26,0
2026,2,8484223,DET,2026-02-28,1.8715,741,1.8715,741,NA,NA,0
2026,2,8484223,DET,2026-02-26,1.7096,698,1.5863,653,0.1233,45,0
2026,2,8484240,VAN,2026-04-16,2.3988,1049,2.2713,1000,0.0551,16,0
2026,2,8484240,VAN,2026-04-14,3.1244,1280,2.7444,1093,0.1301,39,1
2026,2,8484240,VAN,2026-04-12,3.0832,1323,2.8715,1202,0.0605,26,0
2026,2,8484240,VAN,2026-04-11,2.7849,1125,2.5773,1037,0.1504,59,0
2026,2,8484240,VAN,2026-04-09,2.9057,1128,2.9057,1128,NA,NA,0
2026,2,8484240,VAN,2026-04-07,3.0877,1269,2.922,1207,0.0836,28,1
2026,2,8484240,VAN,2026-04-04,2.8926,1154,2.5206,1003,0.2008,65,1
2026,2,8484240,VAN,2026-04-02,2.9642,1368,2.7803,1281,0.0913,35,0
2026,2,8484240,VAN,2026-04-01,2.7077,1137,2.2507,942,0.193,62,0
2026,2,8484240,VAN,2026-03-30,3.1211,1325,2.9848,1262,NA,NA,0
2026,2,8485402,SJS,2026-04-16,2.2585,814,2.0992,751,0.1593,63,0
2026,2,8485402,SJS,2026-04-15,2.3579,877,2.047,713,0.3109,164,0
2026,2,8485402,SJS,2026-04-13,1.6868,658,1.6287,624,0.0581,34,0
2026,2,8485402,SJS,2026-04-11,1.8667,718,1.8049,688,0.0618,30,1
2026,2,8485402,SJS,2026-04-09,2.2579,764,2.2579,764,NA,NA,0
2026,2,8485402,SJS,2026-04-08,1.9307,694,1.8105,651,0.1202,43,1
2026,2,8485402,SJS,2026-04-06,2.3114,820,2.1434,762,0.168,58,1
2026,2,8485402,SJS,2026-04-04,1.8092,670,1.7305,626,0.0787,44,1
2026,2,8485402,SJS,2026-04-02,2.4036,864,2.2516,802,0.1521,62,1
2026,2,8485402,SJS,2026-04-01,1.8787,678,1.8272,652,0.0514,26,1
2026,2,8476872,"TOR,LAK",2026-04-16,2.3047,813,1.8712,642,0.1654,63,0
2026,2,8476872,"TOR,LAK",2026-04-14,2.6114,939,2.3906,852,0.1326,42,0
2026,2,8476872,"TOR,LAK",2026-04-13,2.827,979,2.7025,935,0.1244,44,0
2026,2,8476872,"TOR,LAK",2026-04-11,2.4366,865,2.3125,823,0.0326,15,1
2026,2,8476872,"TOR,LAK",2026-04-09,2.3816,850,2.3816,850,NA,NA,1
2026,2,8476872,"TOR,LAK",2026-04-06,2.441,905,2.441,905,NA,NA,1
2026,2,8476872,"TOR,LAK",2026-04-04,2.1979,909,1.7786,677,0.2009,101,1
2026,2,8476872,"TOR,LAK",2026-04-02,2.6582,1014,2.2139,823,0.1405,61,1
2026,2,8476872,"TOR,LAK",2026-04-01,2.6323,989,2.0908,750,0.086,41,1
2026,2,8476872,"TOR,LAK",2026-03-28,3.0247,1081,2.5715,864,0.2297,99,1
2026,2,8476878,TBL,2026-04-15,3.0038,1063,2.7511,947,NA,NA,1
2026,2,8476878,TBL,2026-04-13,2.5831,954,2.2263,788,NA,NA,1
2026,2,8476878,TBL,2026-04-09,1.9715,745,1.3497,474,NA,NA,0
2026,2,8476878,TBL,2026-04-07,2.5621,946,2.3801,866,NA,NA,0
2026,2,8476878,TBL,2026-04-06,1.7837,689,1.3777,506,NA,NA,0
2026,2,8476878,TBL,2026-04-04,2.5379,886,1.9282,664,NA,NA,1
2026,2,8476878,TBL,2026-04-02,2.3768,890,2.0354,735,NA,NA,1
2026,2,8476878,TBL,2026-03-31,2.1004,762,1.9212,686,0.0255,9,1
2026,2,8476878,TBL,2026-03-29,2.5945,968,1.9946,734,NA,NA,1
2026,2,8476878,TBL,2026-03-28,2.5722,954,2.4842,905,0.0058,2,1
2026,2,8478013,EDM,2026-04-16,2.8957,1159,2.7984,1110,0.0096,4,1
2026,2,8478013,EDM,2026-04-13,2.0548,830,2.0416,819,0.0066,7,1
2026,2,8478013,EDM,2026-04-11,2.3702,911,2.3702,911,NA,NA,0
2026,2,8478013,EDM,2026-04-08,2.5269,1094,2.5269,1094,NA,NA,0
2026,2,8478013,EDM,2026-04-07,1.9686,910,1.7892,815,0.0921,33,0
2026,2,8478013,EDM,2026-04-04,2.7126,1110,2.5799,1043,0.0525,24,1
2026,2,8478013,EDM,2026-04-02,2.5499,1042,2.4519,996,0.098,45,1
2026,2,8478013,EDM,2026-03-31,2.4125,1041,2.2426,961,0.0202,12,1
2026,2,8478013,EDM,2026-03-28,1.8977,836,1.6271,707,0.1315,49,1
2026,2,8478013,EDM,2026-03-26,2.5333,1068,2.3874,1004,0.0868,37,0
2026,2,8479998,LAK,2026-04-16,2.8141,1293,2.5259,1142,NA,NA,0
2026,2,8479998,LAK,2026-04-14,2.7218,1190,2.4996,1094,0.034,12,0
2026,2,8479998,LAK,2026-04-13,3.0839,1337,2.9482,1273,0.1357,64,0
2026,2,8479998,LAK,2026-04-11,3.0765,1368,2.9024,1284,0.0884,26,1
2026,2,8479998,LAK,2026-04-09,3.108,1385,3.108,1385,NA,NA,1
2026,2,8479998,LAK,2026-04-06,3.2832,1411,3.2775,1407,NA,NA,1
2026,2,8479998,LAK,2026-04-04,2.93,1308,2.8627,1277,NA,NA,1
2026,2,8479998,LAK,2026-04-02,3.0276,1312,2.5612,1103,0.0509,20,1
2026,2,8479998,LAK,2026-04-01,2.6917,1230,2.3733,1055,NA,NA,1
2026,2,8479998,LAK,2026-03-28,2.8323,1217,2.6672,1113,NA,NA,1
2026,2,8480798,SJS,2026-04-16,2.5644,887,2.3943,827,0.17,60,0
2026,2,8480798,SJS,2026-03-21,1.4971,568,1.2332,452,0.181,66,1
2026,2,8480798,SJS,2026-03-15,2.2169,780,2.0716,736,0.1453,44,0
2026,2,8480798,SJS,2026-03-10,2.0989,749,2.0442,723,0.0547,26,0
2026,2,8480798,SJS,2026-03-06,2.633,958,2.2901,836,0.0908,29,1
2026,2,8480798,SJS,2026-03-03,2.0177,778,1.7478,651,0.1627,76,1
2026,2,8480798,SJS,2026-03-01,2.6756,1027,2.2418,810,0.4338,217,1
2026,2,8480798,SJS,2026-02-28,2.158,812,1.8108,700,0.2934,90,1
2026,2,8480798,SJS,2026-02-26,2.6858,918,2.3219,778,0.2246,90,1
2026,2,8480798,SJS,2026-02-04,2.8115,1029,2.4972,895,0.2235,79,0
2026,2,8484860,CGY,2026-04-16,2.7479,1114,2.2735,866,0.4744,248,1
2026,2,8484860,CGY,2026-04-14,2.6708,963,2.3022,844,0.3686,119,1
2026,2,8484860,CGY,2026-04-11,3.0373,1198,2.8942,1121,0.1431,77,0
2026,2,8484860,CGY,2026-04-09,3.0309,1128,2.8779,1049,0.153,77,0
2026,2,8484860,CGY,2026-04-07,2.8709,1091,2.459,866,0.3973,218,0
2026,2,8484860,CGY,2026-04-04,2.1342,842,2.0359,802,0.0983,40,0
2026,2,8484860,CGY,2026-04-02,2.3192,909,2.1078,789,0.2114,120,0
2026,2,8484860,CGY,2026-03-30,2.2766,835,2.1552,781,0.1144,49,0
2026,2,8484860,CGY,2026-03-28,2.6039,1011,2.302,873,0.3018,138,1
2026,2,8484860,CGY,2026-03-26,2.6946,986,2.5553,927,0.1393,59,1
2026,2,8475799,WPG,2026-04-16,2.5796,937,2.4066,828,0.173,109,1
2026,2,8475799,WPG,2026-04-14,2.0194,740,1.8855,690,0.1339,50,0
2026,2,8475799,WPG,2026-04-13,2.1241,742,1.805,618,0.3191,124,0
2026,2,8475799,WPG,2026-04-11,1.9019,710,1.5307,550,0.3712,160,1
2026,2,8475799,WPG,2026-04-09,1.8555,695,1.7788,652,0.0767,43,0
2026,2,8475799,WPG,2026-04-06,1.7977,680,1.7977,680,NA,NA,1
2026,2,8475799,WPG,2026-02-04,2.2552,844,2.0843,784,0.1709,60,1
2026,2,8475799,WPG,2026-02-02,2.0439,749,1.8542,659,0.1897,90,0
2026,2,8475799,WPG,2026-01-31,2.0197,722,1.7245,606,0.2952,116,0
2026,2,8475799,WPG,2026-01-29,2.2524,780,2.0887,721,0.1637,59,0
2026,2,8476331,WPG,2026-04-16,2.672,1185,2.4538,1068,NA,NA,1
2026,2,8476331,WPG,2026-04-14,2.2131,1077,1.8624,868,NA,NA,0
2026,2,8476331,WPG,2026-04-13,3.1201,1416,2.2859,970,0.0175,4,0
2026,2,8476331,WPG,2026-04-11,3.0802,1322,2.8694,1216,0.031,23,1
2026,2,8476331,WPG,2026-04-09,2.9923,1390,2.7267,1229,NA,NA,0
2026,2,8476331,WPG,2026-04-06,2.6545,1193,2.6545,1193,NA,NA,1
2026,2,8476331,WPG,2026-04-04,3.1062,1328,3.0939,1319,NA,NA,0
2026,2,8476331,WPG,2026-04-02,3.0921,1360,2.9622,1276,0.0367,17,0
2026,2,8476331,WPG,2026-03-31,3.0993,1424,2.9268,1298,NA,NA,0
2026,2,8476331,WPG,2026-03-28,2.7294,1314,2.5985,1235,0.0124,4,0
2026,2,8478911,WSH,2026-04-14,2.8832,1198,2.7287,1133,0.0393,15,0
2026,2,8478911,WSH,2026-04-12,2.5948,1181,2.3115,1014,NA,NA,1
2026,2,8478911,WSH,2026-04-11,2.7694,1193,2.7694,1193,NA,NA,0
2026,2,8478911,WSH,2026-04-08,2.6202,1153,2.2174,928,NA,NA,0
2026,2,8478911,WSH,2026-04-05,2.4707,1080,1.9797,807,0.0192,8,0
2026,2,8478911,WSH,2026-04-04,2.7712,1256,2.3451,999,NA,NA,1
2026,2,8478911,WSH,2026-04-02,2.6403,1065,2.3995,943,NA,NA,0
2026,2,8478911,WSH,2026-03-31,2.5621,1173,2.2864,990,NA,NA,1
2026,2,8478911,WSH,2026-03-28,2.7774,1166,2.4644,989,NA,NA,0
2026,2,8478911,WSH,2026-03-26,2.5228,1177,2.0457,914,NA,NA,0
2026,2,8479390,NYR,2026-04-15,1.3978,537,1.3058,493,0.0919,44,0
2026,2,8479390,NYR,2026-03-27,1.6231,605,1.2206,462,0.273,99,1
2026,2,8479390,NYR,2026-03-25,1.3417,473,1.2414,444,NA,NA,0
2026,2,8479390,NYR,2026-03-23,1.7719,706,1.1968,466,0.3156,117,1
2026,2,8479390,NYR,2026-03-22,2.7947,1071,2.718,1035,0.0279,20,1
2026,2,8479390,NYR,2026-03-19,2.1399,834,1.596,601,0.3576,118,0
2026,2,8479390,NYR,2026-03-18,1.4722,553,1.1879,466,0.2293,67,1
2026,2,8479390,NYR,2026-03-16,1.6375,561,1.5601,535,0.0775,26,1
2026,2,8479390,NYR,2026-03-14,1.4989,549,1.3193,496,0.1796,53,0
2026,2,8479390,NYR,2026-03-07,2.5992,989,2.3221,901,0.2473,73,0
2026,2,8479398,"COL,PIT",2026-04-12,2.6931,1020,2.6872,1017,0.006,3,0
2026,2,8479398,"COL,PIT",2026-04-11,3.1202,1243,3.1202,1243,NA,NA,1
2026,2,8479398,"COL,PIT",2026-04-09,2.8565,1130,2.8181,1113,NA,NA,0
2026,2,8479398,"COL,PIT",2026-04-05,2.3548,1037,1.9749,886,0.1222,9,1
2026,2,8479398,"COL,PIT",2026-04-04,2.725,1121,2.725,1121,NA,NA,1
2026,2,8479398,"COL,PIT",2026-04-02,2.7179,1100,2.7179,1100,NA,NA,0
2026,2,8479398,"COL,PIT",2026-03-31,2.5344,1078,2.4627,1040,0.0717,38,1
2026,2,8479398,"COL,PIT",2026-03-30,2.9128,1250,2.8782,1226,NA,NA,0
2026,2,8479398,"COL,PIT",2026-03-28,2.4554,1009,2.433,991,0.0063,4,1
2026,2,8479398,"COL,PIT",2026-03-26,3.4484,1359,3.3545,1305,0.0094,4,0
2026,2,8479400,WSH,2026-04-12,2.4854,978,2.3602,925,0.1238,51,1
2026,2,8479400,WSH,2026-04-11,1.23,422,1.23,422,NA,NA,0
2026,2,8479400,WSH,2026-04-08,2.2075,845,1.8886,734,0.319,111,0
2026,2,8479400,WSH,2026-04-05,2.7485,1004,2.2323,814,0.5162,190,0
2026,2,8479400,WSH,2026-04-04,2.1778,778,1.8504,666,0.3274,112,1
2026,2,8479400,WSH,2026-04-02,2.7836,1142,2.4362,969,0.3473,173,0
2026,2,8479400,WSH,2026-03-31,2.8274,1038,2.5128,904,0.306,130,1
2026,2,8479400,WSH,2026-03-28,2.916,1097,2.3697,888,0.5463,209,0
2026,2,8479400,WSH,2026-03-26,2.5508,956,2.0703,765,0.4806,191,0
2026,2,8479400,WSH,2026-03-24,2.6921,950,2.4038,834,0.2736,109,0
2026,2,8481481,PIT,2026-03-14,2.3896,948,2.1078,819,0.003,3,0
2026,2,8481481,PIT,2026-03-12,1.7449,621,1.5128,511,NA,NA,0
2026,2,8481481,PIT,2026-03-10,2.1045,852,1.6142,637,NA,NA,0
2026,2,8481481,PIT,2026-03-08,2.4598,952,2.0104,759,NA,NA,1
2026,2,8481481,PIT,2026-03-07,2.4862,902,2.161,765,0.0131,5,1
2026,2,8481481,PIT,2026-03-05,2.5016,1004,1.7622,678,0.0875,62,1
2026,2,8481481,PIT,2026-03-01,2.3173,848,2.2076,798,NA,NA,1
2026,2,8481481,PIT,2026-02-28,2.388,869,2.2873,818,NA,NA,0
2026,2,8481481,PIT,2026-02-26,2.4394,871,1.6373,565,NA,NA,1
2026,2,8481481,PIT,2026-02-03,1.8382,665,1.6422,600,NA,NA,0
2026,2,8483464,DET,2026-04-15,3.3471,1121,3.0312,996,0.3159,125,0
2026,2,8483464,DET,2026-04-13,2.3498,812,2.108,714,0.1739,56,0
2026,2,8483464,DET,2026-04-11,1.7944,554,1.7944,554,NA,NA,1
2026,2,8483464,DET,2026-04-09,1.6833,629,1.3701,511,NA,NA,1
2026,2,8483464,DET,2026-04-07,2.5725,906,2.4991,873,NA,NA,1
2026,2,8483464,DET,2026-04-05,2.0664,722,2.0205,704,NA,NA,1
2026,2,8483464,DET,2026-04-04,1.6408,607,1.5228,554,0.04,10,0
2026,2,8483464,DET,2026-04-02,1.0311,359,0.9894,335,NA,NA,0
2026,2,8483464,DET,2026-03-31,2.3664,837,2.2984,801,NA,NA,0
2026,2,8483464,DET,2026-03-28,2.6364,831,2.6013,803,NA,NA,1
2026,2,8484136,VAN,2026-04-11,1.829,744,1.829,744,NA,NA,0
2026,2,8484136,VAN,2026-04-09,2.1759,763,2.1759,763,NA,NA,0
2026,2,8484136,VAN,2026-04-07,2.013,657,2.013,657,NA,NA,1
2026,2,8484136,VAN,2026-04-04,2.0352,728,1.8386,647,NA,NA,1
2026,2,8484136,VAN,2026-04-02,2.282,810,2.282,810,NA,NA,0
2026,2,8484136,VAN,2026-04-01,2.5203,918,2.4423,886,0.0232,7,0
2026,2,8484136,VAN,2026-03-26,1.7582,616,1.6803,581,0.0042,3,1
2026,2,8484136,VAN,2026-03-24,1.7718,630,1.7024,604,NA,NA,1
2026,2,8484136,VAN,2026-03-19,1.8547,683,1.7233,625,NA,NA,1
2026,2,8484136,VAN,2026-03-17,2.5821,899,2.5285,882,NA,NA,1
2026,2,8484197,CHI,2026-03-08,0.3265,109,0.3265,109,NA,NA,0
2026,2,8484197,CHI,2026-03-06,2.4493,850,2.2624,776,0.1869,74,1
2026,2,8484197,CHI,2026-03-03,1.8919,660,1.7231,588,0.1688,72,0
2026,2,8484197,CHI,2026-03-01,1.8765,650,1.6225,569,0.254,81,0
2026,2,8484197,CHI,2026-02-28,2.0224,681,1.7447,583,0.2658,94,0
2026,2,8484197,CHI,2026-02-26,2.1635,774,1.7263,615,0.4372,159,0
2026,2,8484197,CHI,2026-02-04,2.6373,926,2.3701,819,0.2672,107,0
2026,2,8484197,CHI,2026-02-02,1.7844,677,1.5627,571,0.2217,106,1
2026,2,8484197,CHI,2026-01-30,1.4113,528,1.307,469,0.1042,59,1
2026,2,8484197,CHI,2026-01-29,2.4117,944,2.1029,770,0.3088,174,0
2026,2,8484994,SJS,2026-04-16,2.5886,923,2.4465,864,0.1421,59,0
2026,2,8484994,SJS,2026-04-15,2.5714,933,2.0689,756,0.5025,177,0
2026,2,8484994,SJS,2026-04-13,2.4424,902,2.35,866,0.0924,36,0
2026,2,8484994,SJS,2026-04-11,2.798,1079,2.7164,1048,0.0816,31,1
2026,2,8484994,SJS,2026-04-08,1.7103,625,1.5844,590,0.1259,35,1
2026,2,8484994,SJS,2026-04-06,2.4937,867,2.2408,786,0.2528,81,1
2026,2,8484994,SJS,2026-04-04,2.3534,855,2.2328,810,0.1206,45,1
2026,2,8484994,SJS,2026-04-02,3.0222,1104,2.8394,1042,0.1829,62,1
2026,2,8484994,SJS,2026-03-30,2.7535,966,2.6101,928,0.1434,38,1
2026,2,8484994,SJS,2026-03-28,2.4805,931,2.4805,931,NA,NA,0
2026,2,8475151,NYI,2025-11-28,1.3972,565,0.9765,343,0.292,153,1
2026,2,8475151,NYI,2025-11-26,3.1694,1348,2.5111,973,0.5178,289,1
2026,2,8475151,NYI,2025-11-23,2.9616,1150,2.6521,1006,0.18,87,1
2026,2,8475151,NYI,2025-11-22,2.7012,1117,2.4166,921,0.2309,167,1
2026,2,8475151,NYI,2025-11-20,2.1643,944,1.4431,569,0.5952,322,0
2026,2,8475151,NYI,2025-11-18,2.9208,1202,2.5602,1027,0.1445,62,0
2026,2,8475151,NYI,2025-11-16,3.0604,1339,2.1628,825,0.5824,351,0
2026,2,8475151,NYI,2025-11-14,2.6456,1073,1.8748,684,0.375,214,0
2026,2,8475151,NYI,2025-11-13,2.8203,1160,2.1482,813,0.4404,227,0
2026,2,8475151,NYI,2025-11-10,2.5553,1015,2.2449,859,0.1176,68,0
2026,2,8475231,NYI,2026-04-14,2.2952,745,2.1625,693,NA,NA,1
2026,2,8475231,NYI,2026-04-12,1.91,684,1.776,598,NA,NA,1
2026,2,8475231,NYI,2026-04-11,2.0932,809,1.5555,574,0.0301,9,1
2026,2,8475231,NYI,2026-04-09,2.2267,739,2.2001,729,0.0266,10,1
2026,2,8475231,NYI,2026-04-04,2.2779,868,1.8154,665,NA,NA,0
2026,2,8475231,NYI,2026-04-03,1.9266,724,1.7035,638,NA,NA,1
2026,2,8475231,NYI,2026-03-31,2.1782,797,2.0302,720,NA,NA,0
2026,2,8475231,NYI,2026-03-30,2.0824,758,1.8772,679,NA,NA,1
2026,2,8475231,NYI,2026-03-28,1.8774,650,1.7834,594,0.0133,1,1
2026,2,8475231,NYI,2026-03-26,1.7484,687,1.579,604,NA,NA,1
2026,2,8476463,MIN,2026-04-14,2.6842,1088,2.4252,972,0.2053,85,1
2026,2,8476463,MIN,2026-04-11,2.6691,1130,2.418,1016,NA,NA,0
2026,2,8476463,MIN,2026-04-09,2.4197,995,2.4049,987,NA,NA,0
2026,2,8476463,MIN,2026-04-07,2.7727,1139,2.4882,982,NA,NA,1
2026,2,8476463,MIN,2026-04-05,2.606,1037,2.5198,991,NA,NA,0
2026,2,8476463,MIN,2026-04-04,2.7187,1080,2.4756,964,NA,NA,0
2026,2,8476463,MIN,2026-04-02,2.2941,990,2.1894,945,NA,NA,1
2026,2,8476463,MIN,2026-03-28,2.2475,898,2.1412,839,0.0064,2,0
2026,2,8476463,MIN,2026-03-26,2.8546,1170,2.7502,1120,NA,NA,0
2026,2,8476463,MIN,2026-03-24,2.4494,1093,2.3543,1039,0.0243,8,0
2026,2,8476892,STL,2026-04-16,2.6925,1078,2.6925,1078,NA,NA,0
2026,2,8476892,STL,2026-04-14,3.2833,1416,3.021,1246,NA,NA,1
2026,2,8476892,STL,2026-04-13,2.2017,969,1.8121,768,0.058,27,1
2026,2,8476892,STL,2026-04-11,3.1734,1328,2.9685,1233,NA,NA,0
2026,2,8476892,STL,2026-04-09,2.85,1164,2.7989,1128,NA,NA,1
2026,2,8476892,STL,2026-04-07,2.9067,1251,2.7512,1181,0.0506,17,1
2026,2,8476892,STL,2026-04-05,3.2353,1394,2.8084,1138,0.1231,67,0
2026,2,8476892,STL,2026-04-03,3.0535,1358,2.7049,1156,NA,NA,0
2026,2,8476892,STL,2026-04-01,3.3815,1415,3.0986,1281,NA,NA,0
2026,2,8476892,STL,2026-03-30,3.0137,1283,2.7823,1156,NA,NA,0
2026,2,8476994,"MIN,FLA",2026-04-15,2.3385,818,2.2507,795,0.0878,23,1
2026,2,8476994,"MIN,FLA",2026-04-13,2.8057,1003,2.5651,934,0.2405,69,1
2026,2,8476994,"MIN,FLA",2026-04-11,2.8698,996,2.6928,933,0.177,63,0
2026,2,8476994,"MIN,FLA",2026-04-09,2.2544,740,2.2544,740,NA,NA,0
2026,2,8476994,"MIN,FLA",2026-04-07,1.8106,640,1.8103,640,NA,NA,0
2026,2,8476994,"MIN,FLA",2026-04-05,1.6931,541,1.4058,443,0.2476,90,0
2026,2,8476994,"MIN,FLA",2026-04-02,2.0518,707,1.9234,668,0.1284,39,1
2026,2,8476994,"MIN,FLA",2026-03-31,1.7466,616,1.7466,616,NA,NA,1
2026,2,8476994,"MIN,FLA",2026-03-29,2.6356,890,2.1278,731,0.5078,159,0
2026,2,8476994,"MIN,FLA",2026-03-28,2.1465,749,2.1465,749,NA,NA,0
2026,2,8477478,CAR,2026-04-14,1.8343,640,1.8343,640,NA,NA,0
2026,2,8477478,CAR,2026-04-13,1.7935,681,1.7935,681,NA,NA,0
2026,2,8477478,CAR,2026-04-09,1.805,640,1.6769,580,NA,NA,0
2026,2,8477478,CAR,2026-04-07,1.1008,399,1.1008,399,NA,NA,1
2026,2,8477478,CAR,2026-04-05,1.6587,727,1.6587,727,NA,NA,0
2026,2,8477478,CAR,2026-04-04,1.7396,664,1.7396,664,NA,NA,1
2026,2,8477478,CAR,2026-04-02,1.668,658,1.668,658,NA,NA,1
2026,2,8477478,CAR,2026-03-31,1.5393,578,1.5393,578,NA,NA,0
2026,2,8477478,CAR,2026-03-29,0.8882,359,0.8794,359,NA,NA,1
2026,2,8477478,CAR,2026-03-28,1.4238,542,1.4238,542,NA,NA,1
2026,2,8477839,NYR,2026-04-15,1.906,697,1.906,697,NA,NA,0
2026,2,8477839,NYR,2026-04-13,1.7981,710,1.5594,631,0.1564,47,0
2026,2,8477839,NYR,2026-04-11,2.1256,810,1.7265,628,0.2038,95,0
2026,2,8477839,NYR,2026-04-08,1.863,748,1.863,748,NA,NA,1
2026,2,8477839,NYR,2026-04-05,2.0098,829,1.3924,543,0.3499,152,1
2026,2,8477839,NYR,2026-04-04,1.7751,673,1.6972,645,0.0391,10,1
2026,2,8477839,NYR,2026-04-02,2.3062,869,1.917,730,0.2804,96,1
2026,2,8477839,NYR,2026-03-31,2.0396,757,1.957,720,NA,NA,1
2026,2,8477839,NYR,2026-03-29,1.9695,727,1.9407,719,NA,NA,1
2026,2,8477839,NYR,2026-03-27,2.3813,928,2.1275,823,0.2213,87,1
2026,2,8477969,VAN,2026-04-16,2.5776,1146,2.2643,953,NA,NA,0
2026,2,8477969,VAN,2026-04-14,3.0823,1313,2.7444,1128,NA,NA,1
2026,2,8477969,VAN,2026-04-12,3.2978,1416,3.0756,1309,NA,NA,0
2026,2,8477969,VAN,2026-04-11,3.0467,1307,2.7123,1109,NA,NA,0
2026,2,8477969,VAN,2026-04-09,2.8673,1203,2.8673,1203,NA,NA,0
2026,2,8477969,VAN,2026-04-07,2.6539,1140,2.5026,1053,NA,NA,1
2026,2,8477969,VAN,2026-04-04,3.0521,1314,2.6099,1087,NA,NA,1
2026,2,8477969,VAN,2026-04-02,2.928,1389,2.7865,1311,NA,NA,0
2026,2,8477969,VAN,2026-04-01,3.235,1507,2.8078,1284,NA,NA,0
2026,2,8477969,VAN,2026-03-30,3.4964,1522,3.2096,1377,NA,NA,0
2026,2,8478057,TOR,2026-04-08,1.2141,510,1.0254,444,0.1888,66,1
2026,2,8478057,TOR,2026-04-04,1.6137,638,1.4521,558,0.1616,80,0
2026,2,8478057,TOR,2026-04-02,2.2586,869,2.2586,869,NA,NA,0
2026,2,8478057,TOR,2026-03-30,2.3288,860,2.3195,860,NA,NA,0
2026,2,8478057,TOR,2026-03-28,2.4532,903,2.213,795,0.2403,108,0
2026,2,8478057,TOR,2026-03-25,2.2279,871,2.0358,785,0.192,86,1
2026,2,8478057,TOR,2026-03-24,1.8278,778,1.5203,579,0.3075,199,0
2026,2,8478057,TOR,2026-03-21,1.7577,647,1.7577,647,NA,NA,0
2026,2,8478057,TOR,2026-03-20,1.7272,685,1.6577,653,0.0695,32,1
2026,2,8478057,TOR,2026-03-17,1.8321,686,1.6112,594,0.2209,92,1
2026,2,8478831,UTA,2026-04-16,2.3109,865,2.1854,819,NA,NA,1
2026,2,8478831,UTA,2026-04-14,2.1642,832,1.7826,681,NA,NA,1
2026,2,8478831,UTA,2026-04-12,2.4045,907,1.8677,693,NA,NA,0
2026,2,8478831,UTA,2026-04-11,2.1354,792,1.6375,572,0.0047,3,1
2026,2,8478831,UTA,2026-04-09,2.0229,815,1.6937,663,0.0097,5,1
2026,2,8478831,UTA,2026-04-07,1.7791,671,1.3508,513,NA,NA,1
2026,2,8478831,UTA,2026-04-04,2.6038,953,2.0341,730,NA,NA,0
2026,2,8478831,UTA,2026-04-02,2.1421,823,1.8708,688,NA,NA,0
2026,2,8478831,UTA,2026-03-28,2.3463,887,2.029,772,NA,NA,0
2026,2,8478831,UTA,2026-03-26,2.4265,899,1.897,680,NA,NA,1
2026,2,8478904,TOR,2026-04-15,2.594,982,2.1408,782,NA,NA,0
2026,2,8478904,TOR,2026-04-13,2.0286,799,1.7674,674,NA,NA,1
2026,2,8478904,TOR,2026-04-11,2.3711,888,2.2189,824,NA,NA,1
2026,2,8478904,TOR,2026-04-09,2.445,915,1.8382,667,NA,NA,0
2026,2,8478904,TOR,2026-04-08,1.9495,725,1.7492,640,NA,NA,1
2026,2,8478904,TOR,2026-04-04,1.7461,633,1.176,410,NA,NA,0
2026,2,8478904,TOR,2026-04-02,2.2045,843,1.9518,735,NA,NA,0
2026,2,8478904,TOR,2026-03-28,1.9084,690,1.7568,624,NA,NA,0
2026,2,8478904,TOR,2026-03-25,1.7506,707,1.3916,505,NA,NA,1
2026,2,8478904,TOR,2026-03-24,1.8254,687,1.0768,400,NA,NA,0
2026,2,8479591,BOS,2026-04-14,2.2923,817,2.2923,817,NA,NA,1
2026,2,8479591,BOS,2026-04-12,1.8021,635,1.8021,635,NA,NA,0
2026,2,8479591,BOS,2026-04-11,1.7602,644,1.7602,644,NA,NA,1
2026,2,8479591,BOS,2026-04-04,1.7735,720,1.7735,717,NA,NA,0
2026,2,8479591,BOS,2026-03-17,1.9256,733,1.9256,733,NA,NA,0
2026,2,8479591,BOS,2026-03-14,1.2081,445,1.2081,445,NA,NA,0
2026,2,8479591,BOS,2026-03-10,1.6043,604,1.6043,604,NA,NA,1
2026,2,8479591,BOS,2026-03-08,1.9052,711,1.9052,711,NA,NA,0
2026,2,8479591,BOS,2026-03-05,1.5353,557,1.5353,557,NA,NA,0
2026,2,8479591,BOS,2026-03-03,1.3803,562,1.2426,488,NA,NA,1
2026,2,8480762,CAR,2026-04-14,2.3379,847,2.2377,800,NA,NA,0
2026,2,8480762,CAR,2026-04-13,2.5242,901,2.2643,782,NA,NA,0
2026,2,8480762,CAR,2026-04-11,2.1235,760,2.0262,698,0.0101,4,0
2026,2,8480762,CAR,2026-04-09,2.5028,886,2.178,752,NA,NA,0
2026,2,8480762,CAR,2026-04-05,2.2668,884,2.1194,794,NA,NA,0
2026,2,8480762,CAR,2026-04-04,1.5084,608,1.4385,562,NA,NA,1
2026,2,8480762,CAR,2026-04-02,1.975,732,1.8732,675,NA,NA,1
2026,2,8480762,CAR,2026-03-31,1.3695,541,1.2192,456,NA,NA,0
2026,2,8480762,CAR,2026-03-29,1.291,523,0.9358,367,NA,NA,1
2026,2,8480762,CAR,2026-03-28,1.6777,649,1.5303,569,NA,NA,1
2026,2,8480860,CGY,2026-04-07,0.2042,75,0.2042,75,NA,NA,0
2026,2,8480860,CGY,2026-04-04,3.2291,1457,2.8871000000000002,1266,NA,NA,0
2026,2,8480860,CGY,2026-04-02,3.1055,1385,2.6375,1087,0.0439,31,0
2026,2,8480860,CGY,2026-03-30,3.1377,1390,2.9158,1225,NA,NA,0
2026,2,8480860,CGY,2026-03-28,2.945,1332,2.5422,1160,0.017,5,1
2026,2,8480860,CGY,2026-03-26,3.4295,1566,2.7634,1202,NA,NA,1
2026,2,8480860,CGY,2026-03-24,3.4804,1361,3.304,1272,0.0044,4,1
2026,2,8480860,CGY,2026-03-22,3.0036,1366,2.8834,1290,NA,NA,1
2026,2,8480860,CGY,2026-03-20,2.9913,1212,2.667,1061,0.0194,9,1
2026,2,8480860,CGY,2026-03-18,2.8327,1262,2.6085,1155,0.0265,11,1
2026,2,8481525,NYR,2026-04-15,2.4195,1001,2.3433,961,NA,NA,0
2026,2,8481525,NYR,2026-04-13,2.3842,1025,2.3062,991,NA,NA,0
2026,2,8481525,NYR,2026-04-11,1.7847,799,1.5718,702,NA,NA,0
2026,2,8481525,NYR,2026-04-08,2.1568,952,2.1069,913,NA,NA,1
2026,2,8481525,NYR,2026-04-05,2.4245,1070,2.1445,914,NA,NA,1
2026,2,8481525,NYR,2026-04-04,2.3646,1098,2.0924,939,NA,NA,1
2026,2,8481525,NYR,2026-04-02,2.4243,1054,2.1852,930,NA,NA,1
2026,2,8481525,NYR,2026-03-31,2.5834,1112,2.5834,1112,NA,NA,1
2026,2,8481525,NYR,2026-03-29,2.1136,982,1.85,841,NA,NA,1
2026,2,8481525,NYR,2026-03-27,2.1099,953,1.8761,848,0.1443,55,1
2026,2,8482073,NYR,2026-04-15,2.667,1181,2.2841,960,NA,NA,0
2026,2,8482073,NYR,2026-04-13,2.2309,928,2.0879,871,0.0562,21,0
2026,2,8482073,NYR,2026-04-11,2.8079,1198,2.4786,1035,6e-4,1,0
2026,2,8482073,NYR,2026-04-08,2.7822,1355,2.3416,1087,NA,NA,1
2026,2,8482073,NYR,2026-04-05,2.7383,1210,2.3018,1014,0.0798,29,1
2026,2,8482073,NYR,2026-04-04,2.7054,1213,2.1798,952,0.0722,25,1
2026,2,8482073,NYR,2026-04-02,2.73,1218,2.2045,985,0.2446,88,1
2026,2,8482073,NYR,2026-03-31,2.6179,1115,2.3943,1010,0.0327,15,1
2026,2,8482073,NYR,2026-03-29,2.6875,1129,2.4276,992,NA,NA,1
2026,2,8482073,NYR,2026-03-27,3.0717,1309,2.5523,1038,0.1469,48,1
2026,2,8482095,OTT,2026-04-02,0.2593,108,0.2593,108,NA,NA,1
2026,2,8482095,OTT,2026-03-31,3.0239,1359,2.7403,1230,0.0509,23,0
2026,2,8482095,OTT,2026-03-28,3.7612,1624,3.2568,1373,NA,NA,0
2026,2,8482095,OTT,2026-03-26,3.8756,1620,3.6256,1477,NA,NA,1
2026,2,8482095,OTT,2026-03-24,3.7765,1691,3.0582,1316,NA,NA,0
2026,2,8482095,OTT,2026-03-23,3.3035,1470,2.433,1066,0.2852,132,0
2026,2,8482095,OTT,2026-03-21,2.6968,1093,2.5285,1020,0.0452,13,1
2026,2,8482095,OTT,2026-03-19,3.0529,1266,2.5177,1017,0.023,11,1
2026,2,8482095,OTT,2026-03-18,2.8811,1207,2.7695,1125,NA,NA,0
2026,2,8482095,OTT,2026-03-15,2.7537,1171,2.4252,998,NA,NA,1
2026,2,8482751,SEA,2026-04-16,2.2509,833,2.0903,780,0.0374,8,0
2026,2,8482751,SEA,2026-04-15,2.1519,777,2.0316,716,NA,NA,0
2026,2,8482751,SEA,2026-04-13,2.4497,907,2.0597,761,NA,NA,1
2026,2,8482751,SEA,2026-04-11,2.1674,778,2.019,725,NA,NA,1
2026,2,8482751,SEA,2026-04-09,2.5606,902,2.4381,847,NA,NA,1
2026,2,8482751,SEA,2026-04-06,2.3154,818,2.1763,761,NA,NA,0
2026,2,8482751,SEA,2026-03-17,2.3891,866,2.0622,752,0.0092,4,1
2026,2,8482751,SEA,2026-03-15,2.3594,817,2.3281,798,NA,NA,1
2026,2,8482751,SEA,2026-03-14,2.4296,852,2.3213,815,0.0029,2,0
2026,2,8482751,SEA,2026-03-12,1.7981,653,1.758,636,NA,NA,1
2026,2,8483499,"MIN,VAN",2026-04-16,2.9545,1099,2.6517,964,0.0527,18,0
2026,2,8483499,"MIN,VAN",2026-04-14,2.8339,1038,2.4476,886,0.1428,39,1
2026,2,8483499,"MIN,VAN",2026-04-12,3.2427,1127,2.9274,992,0.0557,22,0
2026,2,8483499,"MIN,VAN",2026-04-11,2.8384,1031,2.6823,956,0.0858,44,0
2026,2,8483499,"MIN,VAN",2026-04-09,2.6761,969,2.6761,969,NA,NA,0
2026,2,8483499,"MIN,VAN",2026-04-07,2.4808,980,2.3426,928,0.0777,28,1
2026,2,8483499,"MIN,VAN",2026-04-04,2.6646,989,2.3281,858,0.1705,63,1
2026,2,8483499,"MIN,VAN",2026-04-02,2.5146,919,2.3669,859,0.0827,34,0
2026,2,8483499,"MIN,VAN",2026-04-01,2.828,1035,2.3404,856,0.1824,53,0
2026,2,8483499,"MIN,VAN",2026-03-30,2.2861,894,2.2861,894,NA,NA,0
2026,2,8483609,CGY,2026-04-16,1.7318,681,1.5387,602,0.1931,79,1
2026,2,8483609,CGY,2026-04-14,2.2104,761,2.2054,757,0.0049,4,1
2026,2,8483609,CGY,2026-04-12,1.9807,733,1.9807,733,NA,NA,1
2026,2,8483609,CGY,2026-04-09,1.6591,565,1.6591,565,NA,NA,0
2026,2,8483609,CGY,2026-04-07,1.6261,552,1.5806,536,0.0454,16,0
2026,2,8483609,CGY,2026-04-04,1.6163,619,1.6163,619,NA,NA,0
2026,2,8483609,CGY,2026-04-02,1.4126,502,1.4068,498,0.0058,4,0
2026,2,8483609,CGY,2026-03-30,2.0038,710,1.9844,704,0.0194,6,0
2026,2,8483609,CGY,2026-03-28,1.5177,531,1.4765,521,0.0413,10,1
2026,2,8483609,CGY,2026-03-26,1.7064,599,1.6931,595,0.0133,4,1
2026,2,8485702,NYI,2026-04-09,2.0799,771,1.8813,673,0.1986,98,1
2026,2,8485702,NYI,2026-04-04,2.1145,815,2.1145,815,NA,NA,0
2026,2,8485702,NYI,2026-03-13,1.1862,432,1.1862,432,NA,NA,1
2026,2,8485702,NYI,2026-03-10,1.7236,607,1.4967,533,0.2269,74,0
2026,2,8485702,NYI,2026-01-31,2.2726,852,1.9336,720,0.3389,132,1
2026,2,8485702,NYI,2026-01-29,1.1691,479,1.1691,479,NA,NA,0
2026,2,8485702,NYI,2026-01-26,2.4055,891,2.0731,757,0.3324,134,0
2026,2,8485702,NYI,2026-01-24,2.5521,883,2.3853,821,0.1668,62,1
2026,2,8485702,NYI,2026-01-21,2.2623,803,1.6744,558,0.5879,245,0
2026,2,8485702,NYI,2026-01-17,1.8716,767,1.7583,727,0.1134,40,0
2026,2,8475167,TBL,2026-03-19,0.5587,284,0.4967,245,NA,NA,0
2026,2,8475167,TBL,2026-03-17,2.4503,1034,1.8669,776,0.2597,102,0
2026,2,8475167,TBL,2026-03-14,2.644,1107,2.3192,968,0.2419,102,1
2026,2,8475167,TBL,2026-03-12,2.5882,1134,2.4969,1083,0.0221,13,1
2026,2,8475167,TBL,2026-03-10,2.992,1331,2.0958,905,0.5422,285,1
2026,2,8475167,TBL,2026-03-08,2.8886,1207,2.3963,1033,0.0928,37,0
2026,2,8475167,TBL,2026-03-07,2.9243,1254,2.3907,989,0.1993,95,0
2026,2,8475167,TBL,2026-03-05,2.1268,885,1.8534,757,0.0197,7,0
2026,2,8475167,TBL,2026-03-03,2.5663,1011,2.1468,842,0.0781,26,0
2026,2,8475167,TBL,2026-02-28,2.3867,1013,1.923,783,0.1136,61,1
2026,2,8475208,LAK,2026-04-16,2.0612,968,1.9636,914,NA,NA,0
2026,2,8475208,LAK,2026-04-14,2.3395,1035,2.3357,1032,0.0038,3,0
2026,2,8475208,LAK,2026-04-13,2.471,1105,2.471,1105,NA,NA,0
2026,2,8475208,LAK,2026-04-11,2.1658,955,2.1658,955,NA,NA,1
2026,2,8475208,LAK,2026-04-09,2.2859,1047,2.2859,1047,NA,NA,1
2026,2,8475208,LAK,2026-04-06,2.0941,963,2.0203,935,NA,NA,1
2026,2,8475208,LAK,2026-04-04,1.7495,808,1.5638,725,0.0661,29,1
2026,2,8475208,LAK,2026-04-02,2.4139,1053,2.2641,996,0.0521,13,1
2026,2,8475208,LAK,2026-04-01,2.4857,1068,2.4524,1058,0.0333,10,1
2026,2,8475208,LAK,2026-03-28,2.2289,963,2.0667,863,0.0373,10,1
2026,2,8475324,OTT,2026-03-11,2.2659,868,2.2005,846,NA,NA,1
2026,2,8475324,OTT,2026-03-09,2.7801,1065,2.4916,948,0.0053,1,0
2026,2,8475324,OTT,2026-03-07,3.2276,1232,2.8538,1082,NA,NA,0
2026,2,8475324,OTT,2026-03-05,2.5848,1014,2.491,973,NA,NA,0
2026,2,8475324,OTT,2026-03-03,2.965,1226,2.9016,1189,NA,NA,0
2026,2,8475324,OTT,2026-02-28,2.6523,980,2.6523,980,NA,NA,0
2026,2,8475324,OTT,2026-02-26,2.8733,1175,2.7882,1132,NA,NA,1
2026,2,8475324,OTT,2026-02-05,3.1028,1283,3.1028,1283,NA,NA,0
2026,2,8475324,OTT,2026-02-03,2.4734,1063,2.4734,1063,NA,NA,0
2026,2,8475324,OTT,2026-02-02,2.1022,854,2.1022,854,NA,NA,0
2026,2,8475794,DAL,2025-12-02,0.1265,72,0.1265,72,NA,NA,0
2026,2,8475794,DAL,2025-11-30,2.5113,954,2.0296,733,0.4817,221,1
2026,2,8475794,DAL,2025-11-28,2.7343,1095,2.4657,992,0.2218,78,1
2026,2,8475794,DAL,2025-11-26,2.5442,963,2.4603,917,NA,NA,0
2026,2,8475794,DAL,2025-11-25,2.585,1026,2.1006,783,0.464,237,0
2026,2,8475794,DAL,2025-11-22,2.9711,1115,2.3376,874,0.536,214,0
2026,2,8475794,DAL,2025-11-20,2.638,934,2.4742,868,0.1608,63,0
2026,2,8475794,DAL,2025-11-18,2.6846,1041,2.5889,1009,0.0611,20,1
2026,2,8475794,DAL,2025-11-15,2.4038,916,2.2526,854,0.1512,62,1
2026,2,8475794,DAL,2025-11-13,2.5418,982,2.2867,863,0.199,99,0
2026,2,8476473,"CHI,EDM",2026-04-16,2.5226,994,2.5226,994,NA,NA,1
2026,2,8476473,"CHI,EDM",2026-04-13,3.0037,1327,2.4746,1026,NA,NA,1
2026,2,8476473,"CHI,EDM",2026-04-11,3.1206,1291,2.9925,1231,0.005,3,0
2026,2,8476473,"CHI,EDM",2026-04-08,2.6144,1208,2.3221,1034,NA,NA,0
2026,2,8476473,"CHI,EDM",2026-04-07,3.0493,1424,2.8181,1307,NA,NA,0
2026,2,8476473,"CHI,EDM",2026-04-04,2.8623,1165,2.7769,1120,NA,NA,1
2026,2,8476473,"CHI,EDM",2026-04-02,2.7612,1214,2.6071,1123,NA,NA,1
2026,2,8476473,"CHI,EDM",2026-03-31,2.938,1328,2.5651,1111,8e-4,2,1
2026,2,8476473,"CHI,EDM",2026-03-28,2.8816,1266,2.5848,1129,NA,NA,1
2026,2,8476473,"CHI,EDM",2026-03-26,3.0169,1404,2.6931,1174,NA,NA,0
2026,2,8476479,"LAK,MTL",2026-04-12,2.6588,1063,2.3976,971,0.0278,7,0
2026,2,8476479,"LAK,MTL",2026-04-11,2.0425,765,1.5479,569,0.0397,13,1
2026,2,8476479,"LAK,MTL",2026-04-09,1.9797,760,1.6022,566,NA,NA,1
2026,2,8476479,"LAK,MTL",2026-04-07,2.1317,850,1.9497,757,NA,NA,1
2026,2,8476479,"LAK,MTL",2026-04-05,2.2358,852,1.9764,724,0.0095,6,1
2026,2,8476479,"LAK,MTL",2026-04-04,2.032,731,1.9085,664,NA,NA,0
2026,2,8476479,"LAK,MTL",2026-04-02,2.0725,838,1.6918,655,0.0397,15,0
2026,2,8476479,"LAK,MTL",2026-03-31,2.2572,883,1.9666,727,NA,NA,0
2026,2,8476479,"LAK,MTL",2026-03-29,2.1429,934,1.8683,807,0.0088,0,0
2026,2,8476479,"LAK,MTL",2026-03-28,2.5347,978,2.1136,786,0.0144,5,0
2026,2,8476889,DAL,2026-04-15,1.9186,789,1.7229,675,NA,NA,0
2026,2,8476889,DAL,2026-04-13,1.9833,771,1.7244,657,0.0448,14,0
2026,2,8476889,DAL,2026-02-04,2.3305,910,1.7803,630,NA,NA,1
2026,2,8476889,DAL,2026-02-02,1.395,499,1.2167,412,NA,NA,1
2026,2,8476889,DAL,2026-01-31,1.76,672,1.4829,549,NA,NA,0
2026,2,8476889,DAL,2026-01-29,2.0111,734,1.8473,683,NA,NA,0
2026,2,8476889,DAL,2026-01-27,1.9795,711,1.4975,524,NA,NA,0
2026,2,8476889,DAL,2026-01-23,2.0847,732,1.6657,600,NA,NA,1
2026,2,8476889,DAL,2026-01-22,1.2508,495,1.1557,446,NA,NA,0
2026,2,8476889,DAL,2026-01-20,2.2115,743,1.9693,657,NA,NA,1
2026,2,8476897,STL,2026-04-14,1.8147,750,1.6148,657,NA,NA,1
2026,2,8476897,STL,2026-04-11,1.9011,747,1.824,719,NA,NA,0
2026,2,8476897,STL,2026-04-03,1.5936,608,1.4419,528,NA,NA,0
2026,2,8476897,STL,2026-03-15,1.6522,673,1.4362,569,NA,NA,0
2026,2,8476897,STL,2026-03-13,1.991,773,1.7481,679,NA,NA,1
2026,2,8476897,STL,2026-03-08,1.6373,662,1.1971,483,NA,NA,0
2026,2,8476897,STL,2026-03-06,1.6713,639,1.5904,605,NA,NA,0
2026,2,8476897,STL,2026-03-04,1.9093,768,1.5963,624,NA,NA,0
2026,2,8476897,STL,2026-03-01,1.7033,668,1.5047,557,NA,NA,0
2026,2,8476897,STL,2026-02-04,2.0074,813,1.6679,633,NA,NA,0
2026,2,8476927,VAN,2026-04-16,2.7187,987,2.6352,955,NA,NA,0
2026,2,8476927,VAN,2026-04-14,3.0513,1114,2.81,1019,NA,NA,1
2026,2,8476927,VAN,2026-04-12,2.2865,883,2.1834,840,NA,NA,0
2026,2,8476927,VAN,2026-04-11,2.6678,975,2.2742,791,0.0212,14,0
2026,2,8476927,VAN,2026-04-09,2.5459,899,2.5459,899,NA,NA,0
2026,2,8476927,VAN,2026-04-07,2.5134,878,2.3294,805,NA,NA,1
2026,2,8476927,VAN,2026-04-04,2.1744,846,1.8442,709,0.0169,6,1
2026,2,8476927,VAN,2026-04-02,2.5444,1011,2.2085,869,NA,NA,0
2026,2,8476927,VAN,2026-04-01,3.1563,1188,2.729,1000,0.011,6,0
2026,2,8476927,VAN,2026-03-30,2.8997,1094,2.4868,940,NA,NA,0
2026,2,8477446,"NSH,MIN",2026-04-14,2.3312,863,2.1287,757,0.1098,46,1
2026,2,8477446,"NSH,MIN",2026-04-13,2.7445,1081,1.6307,574,0.4238,200,0
2026,2,8477446,"NSH,MIN",2026-04-11,1.9846,727,1.8103,640,NA,NA,0
2026,2,8477446,"NSH,MIN",2026-04-09,1.6741,595,1.6604,587,NA,NA,0
2026,2,8477446,"NSH,MIN",2026-04-07,2.3101,862,1.9522,697,NA,NA,1
2026,2,8477446,"NSH,MIN",2026-04-05,1.9917,748,1.9331,722,NA,NA,0
2026,2,8477446,"NSH,MIN",2026-04-04,2.1624,796,1.9819,728,NA,NA,0
2026,2,8477446,"NSH,MIN",2026-04-02,1.8098,763,1.6266,683,NA,NA,1
2026,2,8477446,"NSH,MIN",2026-03-28,1.5312,550,1.3675,480,NA,NA,0
2026,2,8477446,"NSH,MIN",2026-03-26,2.709,1040,2.5881,990,NA,NA,0
2026,2,8477450,"CHI,EDM",2026-04-08,2.034,726,1.767,612,NA,NA,0
2026,2,8477450,"CHI,EDM",2026-04-07,2.7283,920,2.4974,824,NA,NA,0
2026,2,8477450,"CHI,EDM",2026-04-04,2.3789,839,2.118,739,NA,NA,1
2026,2,8477450,"CHI,EDM",2026-04-02,2.5588,911,2.4634,856,NA,NA,1
2026,2,8477450,"CHI,EDM",2026-03-31,2.4177,880,1.9879,672,5e-4,2,1
2026,2,8477450,"CHI,EDM",2026-03-28,2.2815,845,2.0465,749,NA,NA,1
2026,2,8477450,"CHI,EDM",2026-03-26,2.4898,948,2.2966,847,NA,NA,0
2026,2,8477450,"CHI,EDM",2026-03-24,2.8909,996,2.8013,961,NA,NA,0
2026,2,8477450,"CHI,EDM",2026-03-21,2.6836,944,2.2559,778,0.0396,17,1
2026,2,8477450,"CHI,EDM",2026-03-19,2.4826,880,2.4074,843,NA,NA,1
2026,2,8477953,EDM,2026-04-16,2.2039,797,2.019,722,NA,NA,1
2026,2,8477953,EDM,2026-04-13,1.9313,711,1.5803,547,0.0111,7,1
2026,2,8477953,EDM,2026-04-11,2.8218,1012,2.6485,944,0.0071,3,0
2026,2,8477953,EDM,2026-04-08,2.5163,1005,2.2628,894,NA,NA,0
2026,2,8477953,EDM,2026-04-07,2.843,1018,2.3784,845,0.2735,82,0
2026,2,8477953,EDM,2026-04-04,2.464,936,2.0164,761,0.236,73,1
2026,2,8477953,EDM,2026-04-02,2.457,943,2.3062,879,NA,NA,1
2026,2,8477953,EDM,2026-03-31,2.3246000000000002,912,1.8864,694,0.003,2,1
2026,2,8477953,EDM,2026-03-28,1.7709,646,1.6708,603,NA,NA,1
2026,2,8477953,EDM,2026-03-26,2.3645,935,2.1527,826,NA,NA,0
2026,2,8477998,"LAK,OTT",2026-04-15,2.4861,971,2.1157,816,0.1683,70,1
2026,2,8477998,"LAK,OTT",2026-04-12,2.5868,961,2.3567,856,0.2234,103,0
2026,2,8477998,"LAK,OTT",2026-04-11,1.6498,610,1.2943,461,0.3555,148,0
2026,2,8477998,"LAK,OTT",2026-04-09,1.7892,678,1.7892,678,NA,NA,1
2026,2,8477998,"LAK,OTT",2026-04-07,1.4313,503,1.3504,465,0.052,20,1
2026,2,8477998,"LAK,OTT",2026-04-05,1.8731,765,1.7918,731,0.0814,34,1
2026,2,8477998,"LAK,OTT",2026-04-04,2.0962,759,1.9101,670,0.1861,89,1
2026,2,8477998,"LAK,OTT",2026-04-02,1.6131,582,1.424,509,0.1891,73,1
2026,2,8477998,"LAK,OTT",2026-03-31,1.767,620,1.5896,553,0.1774,67,0
2026,2,8477998,"LAK,OTT",2026-03-28,1.8031,647,1.6836,603,0.1195,44,0
2026,2,8478434,VGK,2026-04-15,1.9665,727,1.9665,727,NA,NA,1
2026,2,8478434,VGK,2026-04-13,1.9203,679,1.4562,512,NA,NA,1
2026,2,8478434,VGK,2026-04-11,1.6562,612,1.5342,565,0.0244,8,0
2026,2,8478434,VGK,2026-04-09,2.0244,762,2.0244,762,NA,NA,0
2026,2,8478434,VGK,2026-04-07,1.9282,727,1.7712,658,0.0431,25,0
2026,2,8478434,VGK,2026-04-04,1.8811,651,1.6752,576,NA,NA,0
2026,2,8478434,VGK,2026-04-02,2.0184,790,1.931,748,0.0874,42,1
2026,2,8478434,VGK,2026-03-30,1.6903,616,1.6903,616,NA,NA,1
2026,2,8478434,VGK,2026-03-28,1.8742,648,1.8536,640,NA,NA,1
2026,2,8478434,VGK,2026-03-26,1.4958,527,1.4958,527,NA,NA,1
2026,2,8478970,CAR,2026-04-13,3.0797,1391,2.9365,1317,NA,NA,0
2026,2,8478970,CAR,2026-04-07,1.9009,834,1.7785,773,NA,NA,1
2026,2,8478970,CAR,2026-04-05,2.7646,1237,2.531,1112,NA,NA,0
2026,2,8478970,CAR,2026-04-04,2.6209,1213,2.4662,1141,NA,NA,1
2026,2,8478970,CAR,2026-04-02,2.7874,1244,2.4007,1044,NA,NA,1
2026,2,8478970,CAR,2026-03-31,2.6735,1242,2.3997,1082,NA,NA,0
2026,2,8478970,CAR,2026-03-29,2.3381,1038,1.9362,844,0.0313,14,1
2026,2,8478970,CAR,2026-03-28,2.6628,1209,2.2741,994,NA,NA,1
2026,2,8478970,CAR,2026-03-24,2.5995,1160,2.1799,978,NA,NA,0
2026,2,8478970,CAR,2026-03-22,2.6541,1176,2.5081,1092,0.0118,11,0
2026,2,8480727,"VGK,CGY",2026-04-16,2.6595,1230,2.2768,1023,NA,NA,1
2026,2,8480727,"VGK,CGY",2026-04-14,1.8273,876,1.2084,519,NA,NA,1
2026,2,8480727,"VGK,CGY",2026-04-12,3.0881,1361,2.5841,1095,NA,NA,1
2026,2,8480727,"VGK,CGY",2026-04-11,3.3882,1492,2.8737,1202,NA,NA,0
2026,2,8480727,"VGK,CGY",2026-04-09,3.1965,1411,2.9966,1315,NA,NA,0
2026,2,8480727,"VGK,CGY",2026-04-07,3.8021,1792,3.1733,1386,0.0172,13,0
2026,2,8480727,"VGK,CGY",2026-04-04,3.0982,1545,2.8622,1413,NA,NA,0
2026,2,8480727,"VGK,CGY",2026-04-02,3.3942,1516,2.5909,1094,0.0072,4,0
2026,2,8480727,"VGK,CGY",2026-03-30,3.3029,1444,2.9762,1261,NA,NA,0
2026,2,8480727,"VGK,CGY",2026-03-28,3.1383,1450,2.6132,1163,NA,NA,1
2026,2,8481006,STL,2026-04-16,2.6888,1131,2.6888,1131,NA,NA,0
2026,2,8481006,STL,2026-04-14,2.309,904,2.309,904,NA,NA,1
2026,2,8481006,STL,2026-04-13,2.5144,1077,2.1672,854,0.0098,6,1
2026,2,8481006,STL,2026-04-11,2.8575,1125,2.7758,1088,NA,NA,0
2026,2,8481006,STL,2026-04-09,2.2155,877,2.15,843,NA,NA,1
2026,2,8481006,STL,2026-04-07,2.1351,838,2.1351,838,NA,NA,1
2026,2,8481006,STL,2026-04-05,1.9401,769,1.9401,769,NA,NA,0
2026,2,8481006,STL,2026-04-03,1.9402,775,1.9138,763,NA,NA,0
2026,2,8481006,STL,2026-03-18,1.2924,542,1.2924,542,NA,NA,0
2026,2,8481006,STL,2026-03-12,2.6196,1006,2.6196,1006,NA,NA,0
2026,2,8481043,WPG,2026-04-16,2.0065,712,1.7102,599,NA,NA,1
2026,2,8481043,WPG,2026-04-14,1.9467,766,1.3473,509,NA,NA,0
2026,2,8481043,WPG,2026-04-13,2.5144,966,1.4598,534,NA,NA,0
2026,2,8481043,WPG,2026-04-11,2.1147,817,1.8156,713,0.0177,7,1
2026,2,8481043,WPG,2026-04-09,1.8711,706,1.3862,478,NA,NA,0
2026,2,8481043,WPG,2026-04-06,1.8197,654,1.8197,654,NA,NA,1
2026,2,8481043,WPG,2026-04-04,1.8874,715,1.8874,715,NA,NA,0
2026,2,8481043,WPG,2026-04-02,2.0249,754,1.8696,684,0.0057,3,0
2026,2,8481043,WPG,2026-03-31,2.4019,852,2.2695,795,NA,NA,0
2026,2,8481043,WPG,2026-03-28,2.1075,749,1.9398,670,0.0099,4,0
2026,2,8482159,PHI,2026-04-14,2.7641,1097,2.5046,991,NA,NA,1
2026,2,8482159,PHI,2026-04-13,2.7947,1116,2.5841,1012,0.2106,104,1
2026,2,8482159,PHI,2026-04-11,2.2083,907,2.0261,821,0.124,51,0
2026,2,8482159,PHI,2026-04-09,2.5037,1088,1.8923,752,0.6113,336,0
2026,2,8482159,PHI,2026-04-07,2.4895,919,2.0434,743,0.212,85,0
2026,2,8482159,PHI,2026-04-05,2.8759,1107,2.4422,900,0.4337,207,1
2026,2,8482159,PHI,2026-04-03,2.2854,906,1.9905,777,0.2392,103,0
2026,2,8482159,PHI,2026-04-02,2.632,979,2.5285,917,0.1034,62,1
2026,2,8482159,PHI,2025-12-01,1.2702,530,0.8621,342,0.4081,188,1
2026,2,8482159,PHI,2025-11-29,2.3272,975,1.834,746,0.3066,148,0
2026,2,8482176,CHI,2026-04-15,2.9715,1290,2.591,1095,NA,NA,1
2026,2,8482176,CHI,2026-04-13,2.9291,1217,2.6035,1072,NA,NA,1
2026,2,8482176,CHI,2026-04-11,3.2959,1398,3.2272,1367,NA,NA,1
2026,2,8482176,CHI,2026-04-09,2.6193,1076,2.5868,1066,0.0326,10,1
2026,2,8482176,CHI,2026-04-06,2.8813,1314,2.5384,1150,0.136,72,0
2026,2,8482176,CHI,2026-04-04,2.8289,1241,2.6185,1133,0.0206,8,0
2026,2,8482176,CHI,2026-04-02,3.0015,1321,2.5634,1107,NA,NA,0
2026,2,8482176,CHI,2026-03-31,3.4697,1387,3.4426,1379,NA,NA,1
2026,2,8482176,CHI,2026-03-29,3.1535,1347,3.0248,1286,NA,NA,0
2026,2,8482176,CHI,2026-03-27,2.5412,1064,2.1832,927,0.0559,14,0
2026,2,8482768,NSH,2026-04-16,2.5076,931,2.1212,768,NA,NA,1
2026,2,8482768,NSH,2026-04-13,1.9701,709,1.9701,709,NA,NA,1
2026,2,8482768,NSH,2026-04-11,2.1186,802,2.1157,798,NA,NA,1
2026,2,8482768,NSH,2026-04-09,2.6191,939,2.6044,928,NA,NA,0
2026,2,8482768,NSH,2026-04-07,1.7664,655,1.6748,612,0.0301,8,0
2026,2,8482768,NSH,2026-04-06,1.7112,629,1.7112,629,NA,NA,0
2026,2,8482768,NSH,2026-04-04,1.7907,648,1.7856,646,NA,NA,0
2026,2,8482768,NSH,2026-04-02,2.3082,774,2.2737,759,0.0106,3,0
2026,2,8482768,NSH,2026-03-29,2.4684,895,2.4509,886,NA,NA,0
2026,2,8482768,NSH,2026-03-28,2.4236,856,2.2476,783,0.0289,11,1
2026,2,8482858,SEA,2026-04-16,2.6915,1146,2.4124,991,0.0262,10,0
2026,2,8482858,SEA,2026-04-15,2.5074,1111,2.4297,1048,NA,NA,0
2026,2,8482858,SEA,2026-04-13,3.3078,1357,3.1494,1277,NA,NA,1
2026,2,8482858,SEA,2026-04-11,2.6418,1166,2.5791,1133,NA,NA,1
2026,2,8482858,SEA,2026-04-09,2.9293,1350,2.9293,1350,NA,NA,1
2026,2,8482858,SEA,2026-04-07,2.8121,1163,2.8121,1163,NA,NA,0
2026,2,8482858,SEA,2026-04-06,3.1755,1309,3.1755,1309,NA,NA,0
2026,2,8482858,SEA,2026-04-04,2.1985,1011,2.0326,915,NA,NA,1
2026,2,8482858,SEA,2026-04-02,2.9929,1283,2.7144,1148,0.0266,10,1
2026,2,8482858,SEA,2026-03-31,3.0414,1315,2.9574,1262,NA,NA,0
2026,2,8484142,PHI,2026-04-14,2.9928,1058,2.9928,1058,NA,NA,1
2026,2,8484142,PHI,2026-04-13,2.366,900,2.366,900,NA,NA,1
2026,2,8484142,PHI,2026-04-11,2.0171,739,1.8728,684,0.1444,55,0
2026,2,8484142,PHI,2026-04-09,1.6854,605,1.6662,598,0.0191,7,0
2026,2,8484142,PHI,2026-04-07,2.0852,780,2.0852,780,NA,NA,0
2026,2,8484142,PHI,2026-04-02,2.2713,836,2.2713,836,NA,NA,1
2026,2,8484142,PHI,2026-03-31,2.1741,818,1.847,667,0.3271,151,0
2026,2,8484142,PHI,2026-03-29,2.1811,882,1.9152,787,0.2659,95,1
2026,2,8484142,PHI,2026-03-28,2.6001,884,2.5717,874,0.0284,10,0
2026,2,8484142,PHI,2026-03-26,2.4048,871,2.0438,731,0.361,140,1
2026,2,8484800,SEA,2026-04-16,2.4372,811,2.1578,712,0.2793,99,0
2026,2,8484800,SEA,2026-04-15,2.4637,915,2.4637,915,NA,NA,0
2026,2,8484800,SEA,2026-04-13,1.9929,680,1.9929,680,NA,NA,1
2026,2,8484800,SEA,2026-04-11,1.9486,702,1.6936,618,0.2551,84,1
2026,2,8484800,SEA,2026-04-09,1.6854,661,1.6854,661,NA,NA,1
2026,2,8484800,SEA,2026-04-07,2.2399,826,1.8639,659,0.3759,167,0
2026,2,8484800,SEA,2026-04-06,2.2748,763,2.2748,763,NA,NA,0
2026,2,8484800,SEA,2026-04-04,1.9779,719,1.9779,719,NA,NA,1
2026,2,8484800,SEA,2026-04-02,2.126,784,2.126,784,NA,NA,1
2026,2,8484800,SEA,2026-03-31,2.7814,1037,2.7792,1035,0.0021,2,0
2026,2,8475842,"NYR,BUF",2026-03-31,1.1982,407,1.165,390,NA,NA,1
2026,2,8475842,"NYR,BUF",2026-03-28,1.8279,650,1.5341,531,NA,NA,1
2026,2,8475842,"NYR,BUF",2026-03-27,1.0691,406,1.0627,401,NA,NA,1
2026,2,8475842,"NYR,BUF",2026-03-25,1.6898,626,1.6898,626,NA,NA,1
2026,2,8475842,"NYR,BUF",2026-03-22,2.0016,740,1.6275,591,NA,NA,0
2026,2,8475842,"NYR,BUF",2026-03-21,2.5989,938,2.3086,825,NA,NA,0
2026,2,8475842,"NYR,BUF",2026-03-19,2.1679,807,1.9314,711,NA,NA,0
2026,2,8475842,"NYR,BUF",2026-03-17,2.1565,820,1.9404,717,NA,NA,0
2026,2,8475842,"NYR,BUF",2026-03-14,1.8545,634,1.7749,624,0.0482,0,1
2026,2,8475842,"NYR,BUF",2026-03-12,1.8557,651,1.6661,547,NA,NA,1
2026,2,8476917,NYI,2026-04-14,2.5974,1050,2.5974,1050,NA,NA,1
2026,2,8476917,NYI,2026-04-12,2.9233,1170,2.7366,1056,NA,NA,1
2026,2,8476917,NYI,2026-04-11,2.7357,1160,2.0263,801,0.0662,27,1
2026,2,8476917,NYI,2026-04-09,2.6504,1132,2.4911,1043,0.0415,22,1
2026,2,8476917,NYI,2026-04-04,3.0454,1342,2.757,1205,0.0065,4,0
2026,2,8476917,NYI,2026-04-03,2.3465,1048,2.1315,936,0.0639,29,1
2026,2,8476917,NYI,2026-03-31,2.9571,1277,2.6119,1109,0.075,27,0
2026,2,8476917,NYI,2026-03-30,3.0202,1343,2.7962,1240,0.028,13,1
2026,2,8476917,NYI,2026-03-28,2.8623,1324,2.7489,1231,0.012,6,1
2026,2,8476917,NYI,2026-03-26,3.0242,1305,2.8007,1184,0.0474,22,1
2026,2,8477380,NYR,2026-04-13,2.2731,809,2.0643,749,0.2088,60,0
2026,2,8477380,NYR,2026-04-11,1.7045,575,1.5082,502,0.1962,73,0
2026,2,8477380,NYR,2026-04-08,1.9522,723,1.9522,723,NA,NA,1
2026,2,8477380,NYR,2026-04-05,2.3492,847,1.9596,701,0.3897,146,1
2026,2,8477380,NYR,2026-04-04,1.8981,672,1.7904,638,0.1077,34,1
2026,2,8477380,NYR,2026-04-02,2.205,807,1.8878,704,0.3172,103,1
2026,2,8477380,NYR,2026-03-31,1.9604,710,1.8509,680,0.1094,30,1
2026,2,8477380,NYR,2026-03-29,1.6878,681,1.6878,681,NA,NA,1
2026,2,8477380,NYR,2026-03-27,1.8183,660,1.5082,553,0.3101,107,1
2026,2,8477380,NYR,2026-03-25,1.4365,545,1.4365,545,NA,NA,0
2026,2,8478136,MIN,2026-04-14,2.6168,1123,2.6168,1123,NA,NA,1
2026,2,8478136,MIN,2026-04-13,2.2758,891,2.2659,885,NA,NA,0
2026,2,8478136,MIN,2026-04-11,2.8472,1195,2.5771,1063,NA,NA,0
2026,2,8478136,MIN,2026-04-09,1.5839,715,1.5152,669,NA,NA,0
2026,2,8478136,MIN,2026-04-07,2.4528,1050,2.1303,854,NA,NA,1
2026,2,8478136,MIN,2026-04-05,2.3761,1095,2.223,1013,0.0087,4,0
2026,2,8478136,MIN,2026-04-04,2.6418,1258,2.4082,1133,NA,NA,0
2026,2,8478136,MIN,2026-04-02,2.4637,1134,2.2663,1026,NA,NA,1
2026,2,8478136,MIN,2026-03-28,2.0092,883,1.8008,740,NA,NA,0
2026,2,8478136,MIN,2026-03-26,2.3184,1062,2.1667,992,NA,NA,0
2026,2,8478233,"EDM,CHI",2026-04-11,2.0342,747,1.9675,718,NA,NA,1
2026,2,8478233,"EDM,CHI",2026-04-09,1.6466,585,1.6466,585,NA,NA,1
2026,2,8478233,"EDM,CHI",2026-04-06,1.5456,604,1.5456,604,NA,NA,0
2026,2,8478233,"EDM,CHI",2026-03-19,2.1792,744,2.1707,741,0.0086,3,0
2026,2,8478233,"EDM,CHI",2026-03-17,1.8769,665,1.8769,665,NA,NA,1
2026,2,8478233,"EDM,CHI",2026-03-14,2.2508,780,2.1756,758,2e-4,0,0
2026,2,8478233,"EDM,CHI",2026-03-12,2.421,883,2.4057,874,NA,NA,0
2026,2,8478233,"EDM,CHI",2026-03-09,2.4217,864,2.4217,864,NA,NA,1
2026,2,8478233,"EDM,CHI",2026-03-08,1.9209,731,1.9209,731,NA,NA,0
2026,2,8478233,"EDM,CHI",2026-03-06,1.3984,532,1.3984,532,NA,NA,1
2026,2,8478399,NJD,2026-04-14,2.6912,1192,2.6528,1181,0.0384,11,0
2026,2,8478399,NJD,2026-04-12,2.8181,1214,2.457,1029,NA,NA,1
2026,2,8478399,NJD,2026-04-11,3.2039,1356,3.1529,1327,NA,NA,0
2026,2,8478399,NJD,2026-04-09,2.2586,964,2.2026,933,NA,NA,1
2026,2,8478399,NJD,2026-04-07,2.4295,1035,2.3192,965,0.0027,2,1
2026,2,8478399,NJD,2026-04-05,2.8994,1421,2.4042,1137,NA,NA,0
2026,2,8478399,NJD,2026-04-04,2.4583,1135,1.9729,879,NA,NA,1
2026,2,8478399,NJD,2026-04-02,2.3399,1107,2.0953,940,NA,NA,1
2026,2,8478399,NJD,2026-03-31,2.2533,961,2.0056,833,NA,NA,0
2026,2,8478399,NJD,2026-03-29,2.8277,1237,2.6432,1127,NA,NA,1
2026,2,8479370,NSH,2026-04-16,2.4906,911,1.8276,642,NA,NA,1
2026,2,8479370,NSH,2026-04-13,2.4822,892,2.3856,852,NA,NA,1
2026,2,8479370,NSH,2026-04-11,2.1864,859,1.9718,770,NA,NA,1
2026,2,8479370,NSH,2026-04-09,2.4096,884,2.2924,832,NA,NA,0
2026,2,8479370,NSH,2026-04-07,2.4449,950,1.9179,704,0.0133,5,0
2026,2,8479370,NSH,2026-04-06,2.4106,837,2.4106,837,NA,NA,0
2026,2,8479370,NSH,2026-04-04,2.5027,940,1.9629,697,0.019,11,0
2026,2,8479370,NSH,2026-04-02,2.3683,869,1.9679,708,NA,NA,0
2026,2,8479370,NSH,2026-03-29,2.4847,999,1.8298,679,NA,NA,0
2026,2,8479370,NSH,2026-03-28,3.0816,1151,2.7249,990,0.0167,8,1
2026,2,8481527,VGK,2026-04-15,2.3056,856,2.3056,856,NA,NA,1
2026,2,8481527,VGK,2026-04-13,1.8315,694,1.8315,694,NA,NA,1
2026,2,8481527,VGK,2026-04-11,1.7893,709,1.7893,709,NA,NA,0
2026,2,8481527,VGK,2026-04-04,1.7428,715,1.7428,715,NA,NA,0
2026,2,8481527,VGK,2026-04-02,2.0493,825,2.0247,819,0.0246,6,1
2026,2,8481527,VGK,2026-03-30,2.2093,837,2.2093,837,NA,NA,1
2026,2,8481527,VGK,2026-03-26,1.2846,501,1.2846,501,NA,NA,1
2026,2,8481527,VGK,2026-03-24,2.3557,907,2.3557,907,NA,NA,0
2026,2,8481527,VGK,2026-03-22,2.0195,811,2.0195,811,NA,NA,0
2026,2,8481527,VGK,2026-03-19,2.0139,798,2.0139,798,NA,NA,1
2026,2,8482148,WSH,2026-04-14,2.2522,798,2.2494,797,0.0028,1,0
2026,2,8482148,WSH,2026-04-05,1.7533,633,1.7317,625,0.0216,8,0
2026,2,8482148,WSH,2026-04-04,1.881,665,1.8804,662,NA,NA,1
2026,2,8482148,WSH,2026-04-02,2.0235,766,2.0235,766,NA,NA,0
2026,2,8482148,WSH,2026-03-31,2.0631,719,2.0631,719,NA,NA,1
2026,2,8482148,WSH,2026-03-28,1.443,485,1.403,466,0.04,19,0
2026,2,8482148,WSH,2026-03-26,1.6324,554,1.6324,554,NA,NA,0
2026,2,8482148,WSH,2026-03-24,1.2508,425,1.2508,425,NA,NA,0
2026,2,8482148,WSH,2026-03-22,0.9723,344,0.9468,331,0.0255,13,1
2026,2,8482148,WSH,2026-03-20,1.9012,662,1.9012,662,NA,NA,1
2026,2,8482482,NSH,2026-04-16,2.7915,1112,2.2207,844,NA,NA,1
2026,2,8482482,NSH,2026-04-13,2.7444,1097,2.6805,1061,NA,NA,1
2026,2,8482482,NSH,2026-04-11,2.8427,1233,2.7466,1179,NA,NA,1
2026,2,8482482,NSH,2026-04-09,3.0715,1257,2.8206,1135,NA,NA,0
2026,2,8482482,NSH,2026-04-07,2.926,1307,2.3466,994,0.057,19,0
2026,2,8482482,NSH,2026-04-06,3.2282,1345,3.2282,1345,NA,NA,0
2026,2,8482482,NSH,2026-04-04,3.0516,1292,2.8059,1171,NA,NA,0
2026,2,8482482,NSH,2026-04-02,2.0316,876,2.0316,876,NA,NA,0
2026,2,8482482,NSH,2026-03-29,2.1864,897,2.1817,895,NA,NA,0
2026,2,8482482,NSH,2026-03-28,2.0787,871,1.9398,797,NA,NA,1
2026,2,8482634,BOS,2026-04-12,1.7583,673,1.7583,673,NA,NA,0
2026,2,8482634,BOS,2026-04-07,1.48,613,1.48,613,NA,NA,0
2026,2,8482634,BOS,2026-03-16,1.916,694,1.916,694,NA,NA,0
2026,2,8482634,BOS,2026-03-12,1.5946,644,1.5015,597,0.0931,47,1
2026,2,8482634,BOS,2026-03-07,1.5967,631,1.3942,526,0.2025,105,1
2026,2,8482634,BOS,2026-02-04,1.6087,656,1.3168,516,0.292,140,0
2026,2,8482634,BOS,2026-02-01,1.2271,482,1.2206,479,0.0065,3,0
2026,2,8482634,BOS,2026-01-26,1.7254,685,1.6394,648,0.086,37,0
2026,2,8482634,BOS,2026-01-24,1.2869,515,1.1998,475,0.0871,40,1
2026,2,8482634,BOS,2026-01-22,1.6132,629,1.6132,629,NA,NA,1
2026,2,8473422,"CHI,MIN",2026-04-14,2.1171,948,1.7437,757,0.1233,46,1
2026,2,8473422,"CHI,MIN",2026-04-13,2.4729,1037,1.5837,600,0.3387,190,0
2026,2,8473422,"CHI,MIN",2026-04-11,1.7047,640,1.4978,563,NA,NA,0
2026,2,8473422,"CHI,MIN",2026-04-09,1.6019,608,1.6019,608,NA,NA,0
2026,2,8473422,"CHI,MIN",2026-04-05,1.8028,724,1.6481,652,NA,NA,0
2026,2,8473422,"CHI,MIN",2026-04-04,1.893,748,1.7367,680,NA,NA,0
2026,2,8473422,"CHI,MIN",2026-03-28,2.1356,873,1.9065,736,NA,NA,0
2026,2,8473422,"CHI,MIN",2026-03-26,1.9632,757,1.9632,757,NA,NA,0
2026,2,8473422,"CHI,MIN",2026-03-24,1.5172,618,1.4171,557,NA,NA,0
2026,2,8473422,"CHI,MIN",2026-03-21,1.8767,811,1.4014,581,NA,NA,1
2026,2,8474189,OTT,2026-04-15,2.2625,868,1.9668,766,0.0064,0,1
2026,2,8474189,OTT,2026-04-12,2.6573,961,2.2977,804,0.0523,22,0
2026,2,8474189,OTT,2026-04-11,1.0036,368,0.9752,358,NA,NA,0
2026,2,8474189,OTT,2026-04-09,2.1206,798,2.1206,798,NA,NA,1
2026,2,8474189,OTT,2026-04-07,1.7381,672,1.553,585,NA,NA,1
2026,2,8474189,OTT,2026-04-05,1.8969,729,1.8969,729,NA,NA,1
2026,2,8474189,OTT,2026-04-04,2.117,755,1.9624,692,NA,NA,1
2026,2,8474189,OTT,2026-04-02,1.2388,498,1.1952,465,NA,NA,1
2026,2,8474189,OTT,2026-03-31,1.6661,608,1.4522,541,0.1083,36,0
2026,2,8474189,OTT,2026-03-28,1.5611,589,1.3845,527,NA,NA,0
2026,2,8474641,EDM,2026-04-16,2.1486,743,2.1486,743,NA,NA,1
2026,2,8474641,EDM,2026-04-13,2.1218,767,1.7104,598,0.0109,7,1
2026,2,8474641,EDM,2026-04-11,2.5089,908,2.3686,852,0.0057,3,0
2026,2,8474641,EDM,2026-04-08,2.1979,803,1.8761,663,NA,NA,0
2026,2,8474641,EDM,2026-04-07,1.8578,696,1.3397,503,0.2487,81,0
2026,2,8474641,EDM,2026-04-04,2.4413,869,2.0604,717,0.1689,69,1
2026,2,8474641,EDM,2026-04-02,1.8942,743,1.7215,678,0.0328,11,1
2026,2,8474641,EDM,2026-03-31,2.1021,818,1.7924,688,0.0237,14,1
2026,2,8474641,EDM,2026-03-28,2.2578,894,1.8354,699,0.0732,46,1
2026,2,8474641,EDM,2026-03-26,1.6637,620,1.3487,496,0.0996,37,0
2026,2,8475279,DET,2026-04-15,2.7703,1148,2.7147,1126,0.0556,22,0
2026,2,8475279,DET,2026-04-13,2.5394,1063,2.4862,1029,NA,NA,0
2026,2,8475279,DET,2026-04-11,3.3557,1440,3.3557,1440,NA,NA,1
2026,2,8475279,DET,2026-04-09,3.0332,1285,2.5613,1058,0.0155,4,1
2026,2,8475279,DET,2026-04-07,3.0812,1344,2.9069,1251,NA,NA,1
2026,2,8475279,DET,2026-04-05,3.2269,1299,3.0102,1187,3e-4,0,1
2026,2,8475279,DET,2026-04-04,2.1673,943,2.0644,842,0.0393,54,0
2026,2,8475279,DET,2026-04-02,2.8904,1244,2.8056,1202,NA,NA,0
2026,2,8475279,DET,2026-03-31,2.8321,1169,2.7069,1092,NA,NA,0
2026,2,8475279,DET,2026-03-28,3.0064,1110,2.8971,1065,3e-4,3,1
2026,2,8475455,NJD,2026-04-14,2.8145,1177,2.8145,1177,NA,NA,0
2026,2,8475455,NJD,2026-04-12,2.8236,1258,2.4275,1069,NA,NA,1
2026,2,8475455,NJD,2026-04-11,2.9433,1252,2.7909,1180,NA,NA,0
2026,2,8475455,NJD,2026-04-09,2.9965,1284,2.7817,1196,NA,NA,1
2026,2,8475455,NJD,2026-04-07,2.5482,1052,2.3195,935,NA,NA,1
2026,2,8475455,NJD,2026-04-05,1.9303,847,1.6288,688,NA,NA,0
2026,2,8475455,NJD,2026-04-04,2.0436,915,1.7672,756,NA,NA,1
2026,2,8475455,NJD,2026-04-02,2.5185,1124,2.2489,975,NA,NA,1
2026,2,8475455,NJD,2026-03-31,2.5513,1057,2.2622,933,NA,NA,0
2026,2,8475455,NJD,2026-03-29,2.5527,1171,2.2832,986,NA,NA,1
2026,2,8476278,DAL,2026-04-13,2.0031,754,1.7806,670,NA,NA,0
2026,2,8476278,DAL,2026-04-11,2.074,823,1.437,550,0.0163,5,1
2026,2,8476278,DAL,2026-04-09,1.636,596,1.3619,466,NA,NA,1
2026,2,8476278,DAL,2026-04-07,2.2487,805,1.9623,689,NA,NA,1
2026,2,8476278,DAL,2026-04-04,1.9928,721,1.8414,662,NA,NA,1
2026,2,8476278,DAL,2026-04-02,1.7951,635,1.4479,488,NA,NA,1
2026,2,8476278,DAL,2026-03-31,2.2127,802,1.904,671,NA,NA,0
2026,2,8476278,DAL,2026-03-29,2.1806,805,1.8326,656,NA,NA,0
2026,2,8476278,DAL,2026-03-28,2.3942,936,1.9814,748,NA,NA,0
2026,2,8476278,DAL,2026-03-26,2.1127,771,1.6859,613,NA,NA,0
2026,2,8476292,"NJD,NYI",2026-04-14,1.8806,708,1.8806,708,NA,NA,1
2026,2,8476292,"NJD,NYI",2026-04-11,1.8314,636,1.7346,596,0.0968,40,1
2026,2,8476292,"NJD,NYI",2026-04-09,1.985,641,1.9447,630,0.0402,11,1
2026,2,8476292,"NJD,NYI",2026-04-04,1.6543,586,1.6543,586,NA,NA,0
2026,2,8476292,"NJD,NYI",2026-04-03,1.4994,589,1.4994,589,NA,NA,1
2026,2,8476292,"NJD,NYI",2026-03-31,2.0073,702,2.0073,702,NA,NA,0
2026,2,8476292,"NJD,NYI",2026-03-30,1.8841,672,1.8841,672,NA,NA,1
2026,2,8476292,"NJD,NYI",2026-03-28,1.8158,647,1.8158,647,NA,NA,1
2026,2,8476292,"NJD,NYI",2026-03-26,1.8313,711,1.8138,711,NA,NA,1
2026,2,8476292,"NJD,NYI",2026-03-24,2.2522,846,2.2522,846,NA,NA,1
2026,2,8476429,NYI,2026-04-14,2.4353,1065,2.2738,993,NA,NA,1
2026,2,8476429,NYI,2026-04-12,1.7517,754,1.6863,720,NA,NA,1
2026,2,8476429,NYI,2026-04-11,1.8772,842,1.5524,653,NA,NA,1
2026,2,8476429,NYI,2026-04-09,2.0068,815,1.9932,809,0.0136,6,1
2026,2,8476429,NYI,2026-04-04,2.2192,972,1.9199,817,NA,NA,0
2026,2,8476429,NYI,2026-04-03,1.8735,810,1.6285,696,NA,NA,1
2026,2,8476429,NYI,2026-03-31,1.5843,721,1.4295,621,NA,NA,0
2026,2,8476429,NYI,2026-03-30,1.9768,881,1.9456,868,NA,NA,1
2026,2,8476429,NYI,2026-03-28,1.6189,714,1.5573,676,0.0054,5,1
2026,2,8476429,NYI,2026-03-26,1.7156,864,1.473,727,NA,NA,1
2026,2,8476467,SEA,2026-04-15,2.6007,1112,2.4997,1045,NA,NA,0
2026,2,8476467,SEA,2026-04-13,3.078,1164,3.0487,1148,NA,NA,1
2026,2,8476467,SEA,2026-04-11,2.7339,1126,2.6596,1092,NA,NA,1
2026,2,8476467,SEA,2026-04-09,2.3121,1030,2.2293,975,NA,NA,1
2026,2,8476467,SEA,2026-04-07,2.2015,848,2.1499,823,NA,NA,0
2026,2,8476467,SEA,2026-04-04,2.208,983,1.8035,775,NA,NA,1
2026,2,8476467,SEA,2026-04-02,2.5213,972,2.3461,883,NA,NA,1
2026,2,8476467,SEA,2026-03-31,2.1835,874,2.0995,823,NA,NA,0
2026,2,8476467,SEA,2026-03-28,1.6065,774,1.3474,587,NA,NA,0
2026,2,8476467,SEA,2026-03-26,1.2469,506,1.1937,481,NA,NA,0
2026,2,8476871,"WPG,BUF",2026-04-15,2.5232,1024,2.3568,936,0.1657,88,1
2026,2,8476871,"WPG,BUF",2026-04-08,1.3456,532,1.3456,532,NA,NA,0
2026,2,8476871,"WPG,BUF",2026-03-27,0.8362,343,0.8362,343,NA,NA,1
2026,2,8476871,"WPG,BUF",2026-03-12,1.4372,538,1.4372,538,NA,NA,1
2026,2,8476871,"WPG,BUF",2026-03-05,2.2625,810,2.1872,776,NA,NA,0
2026,2,8476871,"WPG,BUF",2026-03-03,1.4312,582,1.2903,510,NA,NA,0
2026,2,8476871,"WPG,BUF",2026-03-01,1.5472,647,1.2904,501,NA,NA,0
2026,2,8476871,"WPG,BUF",2026-02-27,1.9742,722,1.8656,686,NA,NA,0
2026,2,8476871,"WPG,BUF",2026-02-25,1.7234,639,1.613,589,0.0011,1,0
2026,2,8476871,"WPG,BUF",2026-01-29,1.4229,549,1.345,513,NA,NA,0
2026,2,8476874,"UTA,CGY",2026-04-16,3.1017,1332,2.7156,1136,0.0368,17,1
2026,2,8476874,"UTA,CGY",2026-04-14,3.5329,1466,3.1519,1246,0.0222,10,1
2026,2,8476874,"UTA,CGY",2026-04-12,3.4423,1388,3.0651,1182,0.0261,16,1
2026,2,8476874,"UTA,CGY",2026-04-11,3.3921,1386,2.9217,1140,NA,NA,0
2026,2,8476874,"UTA,CGY",2026-04-09,3.6747,1339,3.5331,1272,NA,NA,0
2026,2,8476874,"UTA,CGY",2026-04-07,4.2632,1800,3.5654,1400,0.0215,10,0
2026,2,8476874,"UTA,CGY",2026-04-04,2.859,1195,2.5672,1029,NA,NA,0
2026,2,8476874,"UTA,CGY",2026-04-02,2.7771,1190,2.2775,949,NA,NA,0
2026,2,8476874,"UTA,CGY",2026-03-30,3.2076,1332,2.8309,1138,0.0226,8,0
2026,2,8476874,"UTA,CGY",2026-03-28,2.9941,1255,2.5634,1043,0.0596,27,1
2026,2,8477018,VGK,2026-04-09,1.4289,612,1.4289,612,NA,NA,0
2026,2,8477018,VGK,2026-04-07,1.9526,833,1.9526,833,NA,NA,0
2026,2,8477018,VGK,2026-03-28,1.7604,749,1.7604,749,NA,NA,1
2026,2,8477018,VGK,2026-03-21,1.7632,771,1.7632,771,NA,NA,0
2026,2,8477018,VGK,2026-02-25,2.0419,882,1.9933,863,0.0486,19,0
2026,2,8477018,VGK,2026-02-05,1.6586,729,1.5426,682,0.116,47,1
2026,2,8477018,VGK,2026-02-04,1.917,800,1.917,800,NA,NA,1
2026,2,8477018,VGK,2026-02-01,1.9619,851,1.9203,832,0.0309,12,0
2026,2,8477018,VGK,2026-01-31,2.2071,929,2.2071,929,NA,NA,1
2026,2,8477018,VGK,2026-01-29,2.169,950,2.169,950,NA,NA,1
2026,2,8477426,TBL,2026-04-15,3.4123,1307,2.6551,959,0.6502,302,1
2026,2,8477426,TBL,2026-04-13,2.5824,900,2.5824,900,NA,NA,1
2026,2,8477426,TBL,2026-04-11,2.3379,838,2.3379,838,NA,NA,0
2026,2,8477426,TBL,2026-04-09,1.2581,458,1.253,455,0.0051,3,0
2026,2,8477426,TBL,2026-04-07,2.2885,807,2.0884,723,0.1654,65,0
2026,2,8477426,TBL,2026-04-06,2.9059,1085,2.336,855,0.4728,190,0
2026,2,8477426,TBL,2026-04-04,1.3901,548,1.3096,513,0.0805,35,1
2026,2,8477426,TBL,2026-04-02,1.7803,660,1.7716,652,NA,NA,1
2026,2,8477426,TBL,2026-03-31,1.9291,647,1.9291,647,NA,NA,1
2026,2,8477426,TBL,2026-03-29,1.6583,696,1.3645,547,0.1883,95,1
2026,2,8478840,NYR,2026-04-15,2.3705,977,2.2269,907,NA,NA,0
2026,2,8478840,NYR,2026-04-13,2.5448,1055,2.3618,976,NA,NA,0
2026,2,8478840,NYR,2026-04-11,2.1668,918,1.7551,695,NA,NA,0
2026,2,8478840,NYR,2026-04-08,2.0845,924,1.8816,836,0.0167,4,1
2026,2,8478840,NYR,2026-04-05,2.4074,1044,2.1329,887,NA,NA,1
2026,2,8478840,NYR,2026-04-04,2.4715,1124,2.0532,888,NA,NA,1
2026,2,8478840,NYR,2026-04-02,2.3897,1007,2.2793,954,0.0069,4,1
2026,2,8478840,NYR,2026-03-31,2.7021,1110,2.4701,1011,NA,NA,1
2026,2,8478840,NYR,2026-03-29,2.1407,1061,1.8515,887,NA,NA,1
2026,2,8478840,NYR,2026-03-27,2.3984,1061,2.0887,875,NA,NA,1
2026,2,8479980,NSH,2026-04-04,0.3506,154,0.3506,154,NA,NA,0
2026,2,8479980,NSH,2026-04-02,2.757,1170,2.1992,908,0.0163,7,0
2026,2,8479980,NSH,2026-03-29,2.3424,1025,1.8936,793,0.003,3,0
2026,2,8479980,NSH,2026-03-28,2.681,1200,2.4708,1079,NA,NA,1
2026,2,8479980,NSH,2026-03-26,3.0082,1295,2.8053,1185,NA,NA,1
2026,2,8479980,NSH,2026-03-24,3.1743,1417,2.7217,1189,NA,NA,1
2026,2,8479980,NSH,2026-03-22,2.889,1215,2.6449,1106,NA,NA,0
2026,2,8479980,NSH,2026-03-21,3.2634,1508,2.9028,1317,NA,NA,1
2026,2,8479980,NSH,2026-03-19,2.6288,1101,2.6288,1101,NA,NA,1
2026,2,8479980,NSH,2026-03-17,3.1563,1482,2.8008,1309,NA,NA,0
2026,2,8480035,BOS,2026-04-12,3.0609,1197,2.9136,1145,NA,NA,0
2026,2,8480035,BOS,2026-04-02,2.3183,914,2.3183,914,NA,NA,0
2026,2,8480035,BOS,2026-03-31,2.4677,1007,2.4125,979,NA,NA,1
2026,2,8480035,BOS,2026-03-29,2.414,916,2.414,916,NA,NA,0
2026,2,8480035,BOS,2026-03-24,2.4152,970,2.2023,839,0.0262,10,1
2026,2,8480035,BOS,2026-03-16,2.8271,1154,2.7704,1123,0.0121,8,0
2026,2,8480035,BOS,2026-02-28,2.6196,1095,2.4602,1005,NA,NA,0
2026,2,8480035,BOS,2026-02-26,2.469,978,2.4161,955,0.0055,2,1
2026,2,8480035,BOS,2026-01-26,3.0832,1226,2.781,1116,0.0173,7,0
2026,2,8480035,BOS,2026-01-17,3.2006,1387,3.0447,1293,NA,NA,0
2026,2,8481032,NJD,2026-04-14,2.0394,751,2.008,740,0.0314,11,0
2026,2,8481032,NJD,2026-04-12,1.7081,623,1.6857,611,NA,NA,1
2026,2,8481032,NJD,2026-04-11,1.5176,534,1.5176,534,NA,NA,0
2026,2,8481032,NJD,2026-04-09,1.7934,649,1.7673,639,0.026,10,1
2026,2,8481032,NJD,2026-04-07,2.0125,715,2.0078,713,0.0048,2,1
2026,2,8481032,NJD,2026-04-05,1.2216,434,1.2216,434,NA,NA,0
2026,2,8481032,NJD,2026-04-04,1.0137,387,1.0137,387,NA,NA,1
2026,2,8481032,NJD,2026-04-02,1.1593,418,1.1593,418,NA,NA,1
2026,2,8481032,NJD,2026-03-31,1.3696,485,1.29,462,0.0796,23,0
2026,2,8481032,NJD,2026-03-29,1.2722,456,1.2722,456,NA,NA,1
2026,2,8481133,"VGK,FLA",2026-04-15,2.6557,970,2.4548,898,NA,NA,1
2026,2,8481133,"VGK,FLA",2026-04-13,2.5709,963,2.3573,886,NA,NA,1
2026,2,8481133,"VGK,FLA",2026-04-11,2.6182,929,2.6182,929,NA,NA,0
2026,2,8481133,"VGK,FLA",2026-04-07,1.6685,599,1.6684,599,1e-4,0,0
2026,2,8481133,"VGK,FLA",2026-04-04,2.2641,799,2.2641,799,NA,NA,0
2026,2,8481133,"VGK,FLA",2026-03-31,1.7223,625,1.6532,609,NA,NA,1
2026,2,8481133,"VGK,FLA",2026-03-29,1.8889,687,1.8889,687,NA,NA,0
2026,2,8481133,"VGK,FLA",2026-03-28,1.8022,672,1.8022,672,NA,NA,0
2026,2,8481133,"VGK,FLA",2026-03-26,2.4884,929,2.4884,929,NA,NA,1
2026,2,8481133,"VGK,FLA",2026-03-24,2.194,746,2.194,746,NA,NA,1
2026,2,8481523,MTL,2026-04-14,1.9192,668,1.6231,542,0.2961,126,0
2026,2,8481523,MTL,2026-04-12,1.9866,719,1.765,657,0.2215,62,0
2026,2,8481523,MTL,2026-04-11,2.0006,731,1.6606,617,0.3398,114,1
2026,2,8481523,MTL,2026-04-09,2.4924,878,1.6274,583,0.865,295,1
2026,2,8481523,MTL,2026-04-07,2.285,831,2.1749,790,0.11,41,1
2026,2,8481523,MTL,2026-03-15,0.1597,73,0.1597,73,NA,NA,1
2026,2,8481523,MTL,2026-03-14,2.3716,902,2.0558,756,0.3158,146,1
2026,2,8481523,MTL,2026-03-11,2.3687,854,2.0655,759,0.3032,95,0
2026,2,8481523,MTL,2026-03-10,1.9712,696,1.8124,629,0.1588,67,1
2026,2,8481523,MTL,2026-03-07,2.5496,828,2.5487,828,9e-4,0,0
2026,2,8481563,ANA,2026-04-14,2.1462,874,2.1462,874,NA,NA,0
2026,2,8481563,ANA,2026-04-09,2.384,1014,2.384,1014,NA,NA,1
2026,2,8481563,ANA,2026-04-07,1.7458,706,1.6393,663,NA,NA,1
2026,2,8481563,ANA,2026-04-04,2.0065,813,1.932,778,NA,NA,1
2026,2,8481563,ANA,2026-04-03,2.7069,1089,2.4703,965,NA,NA,1
2026,2,8481563,ANA,2026-04-01,1.6679,714,1.6235,691,NA,NA,0
2026,2,8481563,ANA,2026-03-28,1.7957,775,1.6065,674,NA,NA,0
2026,2,8481563,ANA,2026-03-14,2.0503,875,1.7554,752,NA,NA,0
2026,2,8481563,ANA,2026-03-12,2.08,912,1.8243,773,NA,NA,0
2026,2,8481563,ANA,2026-03-03,2.6232,1115,2.378,973,NA,NA,1
2026,2,8483570,SEA,2026-04-16,2.3155,875,1.8154,692,NA,NA,0
2026,2,8483570,SEA,2026-04-15,2.1593,709,2.0594,679,NA,NA,0
2026,2,8483570,SEA,2026-04-07,2.2543,791,2.0848,696,NA,NA,0
2026,2,8483570,SEA,2026-04-04,1.7927,686,1.3264,485,NA,NA,1
2026,2,8483570,SEA,2026-03-31,1.9562,683,1.8081,617,NA,NA,0
2026,2,8483570,SEA,2026-03-28,2.033,704,1.694,546,0.028,7,0
2026,2,8483570,SEA,2026-03-26,1.8459,678,1.6568,601,0.0076,3,0
2026,2,8483570,SEA,2026-03-24,1.6466,552,1.4484,493,NA,NA,0
2026,2,8483570,SEA,2026-03-21,1.9478,681,1.5144,497,NA,NA,0
2026,2,8483570,SEA,2026-03-19,1.6268,558,1.1844,387,0.0189,9,0
2026,2,8483752,TBL,2026-02-28,2.2623,786,2.2623,786,NA,NA,1
2026,2,8483752,TBL,2026-02-26,2.6528,1015,2.6528,1015,NA,NA,0
2026,2,8483752,TBL,2026-02-25,1.7996,659,1.7742,646,0.0254,13,1
2026,2,8483752,TBL,2026-02-05,2.5405,923,1.8491,636,0.2684,120,1
2026,2,8483752,TBL,2026-02-03,2.2799,782,2.2799,782,NA,NA,1
2026,2,8483752,TBL,2026-02-01,2.3554,821,2.3263,785,0.0127,36,1
2026,2,8483752,TBL,2026-01-29,1.9037,690,1.9037,690,NA,NA,1
2026,2,8483752,TBL,2026-01-26,2.193,794,2.0813,728,0.1117,66,1
2026,2,8483752,TBL,2026-01-24,2.2426,829,2.2185,816,0.0241,13,0
2026,2,8483752,TBL,2026-01-23,2.1457,758,2.1457,758,NA,NA,0
2026,2,8484185,CHI,2026-04-15,2.1971,839,1.7895,665,0.4075,174,1
2026,2,8484185,CHI,2026-04-13,2.3966,918,2.0249,771,0.3717,147,1
2026,2,8484185,CHI,2026-04-11,2.287,807,2.0364,726,0.2506,81,1
2026,2,8484185,CHI,2026-04-09,2.7834,992,2.3592,842,0.4241,150,1
2026,2,8484185,CHI,2026-04-06,2.0462,783,2.0394,783,0.0068,0,0
2026,2,8484185,CHI,2026-04-04,2.3091,852,2.1122,784,0.1969,68,0
2026,2,8484185,CHI,2026-04-02,2.2578,815,2.2578,815,NA,NA,0
2026,2,8484185,CHI,2026-03-31,2.4507,886,2.3527,850,0.098,36,1
2026,2,8484185,CHI,2026-03-29,2.5039,937,2.2585,846,0.2454,91,0
2026,2,8484185,CHI,2026-03-27,1.7428,657,1.6174,585,0.1254,72,0
2026,2,8484304,FLA,2026-03-10,2.3947,949,2.197,859,0.1975,87,1
2026,2,8484304,FLA,2026-03-06,2.4603,1011,2.1982,921,0.2621,90,0
2026,2,8484304,FLA,2026-03-05,2.5395,1055,2.3703,971,0.1692,84,0
2026,2,8484304,FLA,2026-03-03,2.3895,1015,2.3345,976,0.055,39,0
2026,2,8484304,FLA,2026-02-27,1.1891,518,0.9884,432,0.2008,86,1
2026,2,8484304,FLA,2026-02-26,2.9351,1213,2.3032,941,0.52,205,1
2026,2,8484304,FLA,2026-02-05,3.6048,1558,2.5375,1065,0.9523,392,0
2026,2,8484304,FLA,2026-02-04,3.0457,1286,2.6204,1056,0.2707,134,1
2026,2,8484304,FLA,2026-02-02,3.4743,1497,2.6145,1104,0.7055,317,1
2026,2,8484304,FLA,2026-01-31,2.7486,1169,2.4986,1028,0.2433,135,1
2026,2,8476480,WPG,2026-04-11,2.285,775,1.71,564,0.422,139,1
2026,2,8476480,WPG,2026-04-09,1.9642,747,1.6192,591,0.0577,32,0
2026,2,8476480,WPG,2026-04-06,1.931,663,1.931,663,NA,NA,1
2026,2,8476480,WPG,2026-02-27,0.6946,231,0.5258,181,0.1688,50,0
2026,2,8476480,WPG,2026-02-25,2.0356,782,1.7832,685,0.2524,97,0
2026,2,8476480,WPG,2026-02-04,2.2519,854,2.0664,783,0.1696,60,1
2026,2,8476480,WPG,2026-02-02,2.1968,743,1.9842,665,0.2126,78,0
2026,2,8476480,WPG,2026-01-31,1.9786,726,1.5364,578,0.4423,148,0
2026,2,8476480,WPG,2026-01-29,2.3397,805,2.1494,745,0.1903,60,0
2026,2,8476480,WPG,2026-01-27,2.5432,943,2.2233,851,0.3199,92,0
2026,2,8477425,CBJ,2026-04-14,1.7143,596,1.7143,596,NA,NA,1
2026,2,8477425,CBJ,2026-04-12,1.6864,620,1.6864,620,NA,NA,1
2026,2,8477425,CBJ,2026-04-11,1.2433,455,1.2433,455,NA,NA,0
2026,2,8477425,CBJ,2026-04-09,1.6238,622,1.6238,622,NA,NA,0
2026,2,8477425,CBJ,2026-04-07,1.2762,474,1.2762,474,NA,NA,0
2026,2,8477425,CBJ,2026-04-04,1.6086,584,1.6086,584,NA,NA,1
2026,2,8477425,CBJ,2026-04-02,2.0705,765,2.0688,764,0.0017,1,0
2026,2,8477425,CBJ,2026-03-31,1.3154,454,1.2242,407,0.0912,47,1
2026,2,8477425,CBJ,2026-03-29,2.0461,773,2.0461,773,NA,NA,1
2026,2,8477425,CBJ,2026-03-26,1.4429,527,1.4429,527,NA,NA,0
2026,2,8477499,PHI,2026-04-13,3.1195,1394,2.9245,1290,0.195,104,1
2026,2,8477499,PHI,2026-04-11,2.7748,1305,2.3645,1081,0.162,71,0
2026,2,8477499,PHI,2026-04-09,2.8078,1131,2.1243,863,0.5258,218,0
2026,2,8477499,PHI,2026-04-07,2.9838,1414,2.4585,1147,0.2518,109,0
2026,2,8477499,PHI,2026-04-05,3.2736,1367,2.7489,1154,0.5246,213,1
2026,2,8477499,PHI,2026-04-03,2.863,1322,2.3957,1104,0.2818,116,0
2026,2,8477499,PHI,2026-04-02,3.174,1368,2.9334,1243,0.1595,75,1
2026,2,8477499,PHI,2026-03-31,3.5463,1499,2.7599,1130,0.4753,211,0
2026,2,8477499,PHI,2026-03-29,2.9757,1332,2.1746,964,0.6409,276,1
2026,2,8477499,PHI,2026-03-28,3.2928,1407,3.0395,1299,0.1752,77,0
2026,2,8477527,ANA,2026-03-10,1.5848,529,1.5848,529,NA,NA,0
2026,2,8477527,ANA,2026-03-08,1.383,541,1.3815,540,0.0015,1,1
2026,2,8477527,ANA,2026-03-06,1.551,643,1.551,643,NA,NA,1
2026,2,8477527,ANA,2026-03-04,1.6679,670,1.6679,670,NA,NA,1
2026,2,8477527,ANA,2026-03-03,1.6778,670,1.6778,670,NA,NA,1
2026,2,8477527,ANA,2026-03-01,1.646,593,1.646,593,NA,NA,1
2026,2,8477527,ANA,2026-02-27,1.7048,651,1.7048,651,NA,NA,1
2026,2,8477527,ANA,2026-02-25,1.5294,595,1.5294,595,NA,NA,1
2026,2,8477527,ANA,2026-02-03,1.3424,564,1.3424,564,NA,NA,1
2026,2,8477527,ANA,2026-02-01,1.9419,652,1.9419,652,NA,NA,1
2026,2,8477845,WSH,2026-04-14,2.7313,1203,2.6577,1155,NA,NA,0
2026,2,8477845,WSH,2026-04-12,2.3149,1139,2.0425,971,NA,NA,1
2026,2,8477845,WSH,2026-04-11,2.6802,1200,2.6802,1200,NA,NA,0
2026,2,8477845,WSH,2026-04-08,2.6041,1165,2.3675,1046,NA,NA,0
2026,2,8477845,WSH,2026-04-05,2.582,1192,2.3485,1056,0.0169,8,0
2026,2,8477845,WSH,2026-04-04,2.1011,971,1.8809,836,NA,NA,1
2026,2,8477845,WSH,2026-04-02,2.377,1114,2.2862,1063,NA,NA,0
2026,2,8477845,WSH,2026-03-31,2.8087,1271,2.467,1078,0.0054,4,1
2026,2,8477845,WSH,2026-03-28,2.5688,1140,2.433,1044,NA,NA,0
2026,2,8477845,WSH,2026-03-26,2.3884,1128,2.2652,1038,NA,NA,0
2026,2,8478891,DET,2026-04-02,2.8647,1033,2.7805,1004,NA,NA,0
2026,2,8478891,DET,2026-03-31,2.5689,993,2.2804,862,NA,NA,0
2026,2,8478891,DET,2026-03-28,1.686,624,1.686,624,NA,NA,1
2026,2,8478891,DET,2026-03-27,1.3259,495,1.2796,474,NA,NA,0
2026,2,8478891,DET,2026-03-24,1.8368,676,1.8368,676,NA,NA,1
2026,2,8478891,DET,2026-03-21,2.0399,763,1.9517,739,NA,NA,1
2026,2,8478891,DET,2026-03-19,2.2075,870,2.1081,817,NA,NA,1
2026,2,8478891,DET,2026-03-16,1.7482,632,1.5824,557,0.0625,25,1
2026,2,8478891,DET,2026-03-14,1.5977,610,1.2732,446,NA,NA,0
2026,2,8478891,DET,2026-03-12,2.3286,816,2.1838,767,0.0769,18,0
2026,2,8479359,BUF,2026-04-15,2.52,899,2.1266,743,NA,NA,1
2026,2,8479359,BUF,2026-04-13,2.0277,692,1.6354,541,NA,NA,0
2026,2,8479359,BUF,2026-04-09,1.7046,690,1.4278,527,NA,NA,1
2026,2,8479359,BUF,2026-04-08,1.495,615,1.371,558,NA,NA,0
2026,2,8479359,BUF,2026-04-06,1.9793,773,1.4372,538,NA,NA,1
2026,2,8479359,BUF,2026-04-04,2.0117,747,1.891,695,0.0624,15,0
2026,2,8479359,BUF,2026-04-02,1.6289,573,1.3973,480,NA,NA,0
2026,2,8479359,BUF,2026-03-31,1.8492,680,1.5698,573,NA,NA,1
2026,2,8479359,BUF,2026-03-28,1.6551,644,1.2261,442,NA,NA,1
2026,2,8479359,BUF,2026-03-27,1.5014,568,0.9055,336,NA,NA,1
2026,2,8479369,BOS,2026-04-14,2.7243,1216,2.6363,1170,NA,NA,1
2026,2,8479369,BOS,2026-04-12,2.8231,1295,2.5916,1150,NA,NA,0
2026,2,8479369,BOS,2026-04-11,2.5728,1175,2.502,1133,NA,NA,1
2026,2,8479369,BOS,2026-04-07,2.6187,1135,2.1981,905,0.0139,8,0
2026,2,8479369,BOS,2026-04-05,2.968,1257,2.6392,1103,NA,NA,0
2026,2,8479369,BOS,2026-04-04,2.282,1072,2.1991,1022,0.0286,15,0
2026,2,8479369,BOS,2026-04-02,2.6536,1066,2.5148,1024,NA,NA,0
2026,2,8479369,BOS,2026-03-31,2.9577,1275,2.5965,1081,NA,NA,1
2026,2,8479369,BOS,2026-03-29,2.4972,1076,2.3076,978,0.0301,10,0
2026,2,8479369,BOS,2026-03-28,2.781,1255,2.6234,1176,NA,NA,1
2026,2,8479442,"EDM,TOR",2026-04-15,2.5484,1149,2.2181,971,NA,NA,0
2026,2,8479442,"EDM,TOR",2026-04-13,2.6039,1121,2.2657,926,0.0028,2,1
2026,2,8479442,"EDM,TOR",2026-04-11,2.8837,1186,2.7518,1122,NA,NA,1
2026,2,8479442,"EDM,TOR",2026-04-09,2.6539,1257,2.1083,917,NA,NA,0
2026,2,8479442,"EDM,TOR",2026-04-04,2.9117,1270,2.3736,997,NA,NA,0
2026,2,8479442,"EDM,TOR",2026-03-30,2.9229,1206,2.6529,1068,NA,NA,0
2026,2,8479442,"EDM,TOR",2026-03-28,2.3984,1063,2.2782,1005,NA,NA,0
2026,2,8479442,"EDM,TOR",2026-03-25,2.1209,938,2.0885,920,NA,NA,1
2026,2,8479442,"EDM,TOR",2026-03-24,2.2848,1019,1.9712,849,NA,NA,0
2026,2,8479442,"EDM,TOR",2026-03-21,2.9326,1279,2.6985,1148,0.0178,9,0
2026,2,8479992,DET,2026-04-07,1.1386,477,1.0215,385,NA,NA,1
2026,2,8479992,DET,2026-04-05,1.8494,728,1.7266,648,NA,NA,1
2026,2,8479992,DET,2026-04-04,1.4321,571,1.1374,456,0.0503,18,0
2026,2,8479992,DET,2026-03-12,1.8411,778,1.793,747,0.0335,18,0
2026,2,8479992,DET,2026-03-10,2.2594,986,1.9784,845,9e-4,3,0
2026,2,8479992,DET,2026-03-08,1.6117,657,1.5304,603,NA,NA,0
2026,2,8479992,DET,2026-03-06,1.3112,463,0.9275,314,NA,NA,1
2026,2,8479992,DET,2026-03-04,2.3898,969,2.2367,916,NA,NA,1
2026,2,8479992,DET,2026-03-02,2.4249,1049,2.0651,878,NA,NA,0
2026,2,8479992,DET,2026-02-28,1.7681,737,1.6061,628,NA,NA,0
2026,2,8480049,WPG,2026-04-16,2.801,1157,2.6227,1086,NA,NA,1
2026,2,8480049,WPG,2026-04-14,3.0787,1398,2.5007,1092,NA,NA,0
2026,2,8480049,WPG,2026-04-13,2.6826,1127,2.0101,800,NA,NA,0
2026,2,8480049,WPG,2026-04-11,2.9246,1222,2.6205,1046,0.0125,7,1
2026,2,8480049,WPG,2026-04-09,3.6771,1612,3.1799,1349,NA,NA,0
2026,2,8480049,WPG,2026-04-06,3.1037,1362,3.1037,1362,NA,NA,1
2026,2,8480049,WPG,2026-04-04,3.6221,1508,3.6118,1499,NA,NA,0
2026,2,8480049,WPG,2026-04-02,3.1287,1327,3.004,1252,0.0108,8,0
2026,2,8480049,WPG,2026-03-31,3.2076,1386,3.0154,1258,NA,NA,0
2026,2,8480049,WPG,2026-03-28,3.3693,1459,3.3148,1424,NA,NA,0
2026,2,8481532,LAK,2026-04-01,1.1326,398,1.1326,398,NA,NA,1
2026,2,8481532,LAK,2026-03-22,1.0698,411,1.0698,411,NA,NA,0
2026,2,8481532,LAK,2026-03-19,1.8938,668,1.8938,668,NA,NA,1
2026,2,8481532,LAK,2026-03-16,1.6172,616,1.5505,579,0.0666,37,0
2026,2,8481532,LAK,2026-03-13,1.9037,735,1.9037,735,NA,NA,0
2026,2,8481532,LAK,2026-03-10,1.6602,582,1.6482,580,0.012,2,0
2026,2,8481532,LAK,2026-03-09,1.7048,607,1.7048,607,NA,NA,0
2026,2,8481532,LAK,2026-03-07,1.8558,656,1.8558,656,NA,NA,1
2026,2,8481532,LAK,2026-03-05,1.7333,627,1.6968,612,0.0365,15,1
2026,2,8481532,LAK,2026-03-02,1.8361,649,1.8361,649,NA,NA,1
2026,2,8482691,VAN,2026-04-16,2.3659,846,2.187,781,NA,NA,0
2026,2,8482691,VAN,2026-04-14,1.914,722,1.7839,665,NA,NA,1
2026,2,8482691,VAN,2026-04-12,1.6032,605,1.4777,562,NA,NA,0
2026,2,8482691,VAN,2026-04-11,1.8837,839,1.8194,821,NA,NA,0
2026,2,8482691,VAN,2026-04-09,1.9088,718,1.9088,718,NA,NA,0
2026,2,8482691,VAN,2026-04-07,1.7093,712,1.5503,615,0.0521,60,1
2026,2,8482691,VAN,2026-04-04,1.9169,724,1.712,642,NA,NA,1
2026,2,8482691,VAN,2026-04-02,1.6349,723,1.3873,608,NA,NA,0
2026,2,8482691,VAN,2026-04-01,1.7447,712,1.2987,528,0.116,33,0
2026,2,8482691,VAN,2026-03-30,1.7496,668,1.5657,594,NA,NA,0
2026,2,8483506,CHI,2026-04-15,2.7807,1140,2.4124,977,0.362,160,1
2026,2,8483506,CHI,2026-04-13,2.3768,976,2.0664,850,0.3105,126,1
2026,2,8483506,CHI,2026-04-11,3.1167,1243,2.9351,1188,0.1816,55,1
2026,2,8483506,CHI,2026-04-09,3.3038,1317,2.959,1193,0.3448,124,1
2026,2,8483506,CHI,2026-04-06,2.3375,994,2.3375,994,NA,NA,0
2026,2,8483506,CHI,2026-04-04,2.9853,1264,2.7764,1165,0.2089,99,0
2026,2,8483506,CHI,2026-04-02,2.5814,1064,2.5771,1061,NA,NA,0
2026,2,8483506,CHI,2026-03-31,3.4144,1364,3.4144,1364,NA,NA,1
2026,2,8483506,CHI,2026-03-29,3.0538,1249,2.8015,1155,0.2523,94,0
2026,2,8483506,CHI,2026-03-27,2.6537,1175,2.4667,1061,0.187,114,0
2026,2,8483733,PHI,2026-03-21,1.3349,535,1.3349,535,NA,NA,0
2026,2,8483733,PHI,2026-03-19,1.7358,644,1.7358,644,NA,NA,0
2026,2,8483733,PHI,2026-03-18,1.4495,527,1.4495,527,NA,NA,0
2026,2,8483733,PHI,2026-03-14,1.9734,715,1.9734,715,NA,NA,1
2026,2,8483733,PHI,2026-03-12,2.059,770,2.0403,763,0.0187,7,0
2026,2,8483733,PHI,2026-03-11,2.3258,884,2.2053,846,0.0729,25,1
2026,2,8483733,PHI,2026-03-09,1.7552,700,1.7552,700,NA,NA,1
2026,2,8483733,PHI,2026-03-07,1.6921,630,1.67,622,0.0221,8,0
2026,2,8483733,PHI,2026-03-05,2.0695,747,2.0521,741,0.0174,6,1
2026,2,8483733,PHI,2026-03-02,1.4352,524,1.4307,521,0.0045,3,0
2026,2,8484806,SJS,2026-04-16,2.997,1268,2.6306,1082,0.1975,67,0
2026,2,8484806,SJS,2026-04-15,2.2846,994,2.0345,850,NA,NA,0
2026,2,8484806,SJS,2026-04-13,2.6735,1185,2.6735,1185,NA,NA,0
2026,2,8484806,SJS,2026-04-11,2.3362,1022,2.2263,978,0.1098,44,1
2026,2,8484806,SJS,2026-04-09,2.2551,911,2.2551,911,NA,NA,0
2026,2,8484806,SJS,2026-04-08,1.9238,834,1.9037,829,NA,NA,1
2026,2,8484806,SJS,2026-04-06,2.2793,982,2.0409,897,0.2384,85,1
2026,2,8484806,SJS,2026-04-04,3.0001,1258,2.8766,1199,0.11,48,1
2026,2,8484806,SJS,2026-04-02,2.6922,1249,2.5392,1187,0.153,62,1
2026,2,8484806,SJS,2026-04-01,2.8026,1236,2.7418,1202,0.0532,30,1
2026,2,8475220,MIN,2026-04-11,1.7209,763,1.6479,715,0.073,48,0
2026,2,8475220,MIN,2026-04-09,1.6257,639,1.6107,631,NA,NA,0
2026,2,8475220,MIN,2026-04-07,1.8166,772,1.516,612,NA,NA,1
2026,2,8475220,MIN,2026-04-05,1.7887,688,1.6816,639,NA,NA,0
2026,2,8475220,MIN,2026-04-04,1.8979,729,1.7505,654,NA,NA,0
2026,2,8475220,MIN,2026-04-02,2.0069,786,1.7975,709,NA,NA,1
2026,2,8475220,MIN,2026-03-28,1.9366,759,1.7266,662,NA,NA,0
2026,2,8475220,MIN,2026-03-26,1.8394,722,1.7993,703,NA,NA,0
2026,2,8475220,MIN,2026-02-27,1.9266,754,1.7465,680,0.0462,15,0
2026,2,8475220,MIN,2026-02-26,1.4576,595,1.1464,441,NA,NA,0
2026,2,8475462,ANA,2026-04-12,1.411,605,1.1535,472,NA,NA,1
2026,2,8475462,ANA,2026-03-30,0.9926,425,0.9926,425,NA,NA,1
2026,2,8475462,ANA,2026-03-26,1.1295,513,1.1295,513,NA,NA,0
2026,2,8475462,ANA,2026-03-24,2.0352,900,1.9726,848,NA,NA,0
2026,2,8475462,ANA,2026-03-12,1.3059,609,1.2244,536,NA,NA,0
2026,2,8475462,ANA,2026-03-10,2.318,974,2.1394,885,NA,NA,0
2026,2,8475462,ANA,2026-03-08,1.8584,764,1.7087,685,1e-4,1,1
2026,2,8475462,ANA,2026-03-06,2.4343,1151,2.11,975,NA,NA,1
2026,2,8475462,ANA,2026-03-04,2.4786,1196,2.1402,1004,NA,NA,1
2026,2,8475462,ANA,2026-03-03,2.4334,1074,2.2374,985,NA,NA,1
2026,2,8475784,SJS,2026-01-11,1.9214,735,1.6013,616,0.32,119,1
2026,2,8475784,SJS,2026-01-10,2.1555,690,1.5919,520,0.5636,170,1
2026,2,8475784,SJS,2026-01-07,1.9986,710,1.7288,620,0.2698,90,0
2026,2,8475784,SJS,2026-01-06,1.7249,665,1.4972,571,0.2278,94,1
2026,2,8475784,SJS,2026-01-03,1.6104,573,1.448,495,0.1624,78,1
2026,2,8475784,SJS,2025-12-31,2.2551,871,2.1852,846,0.0699,25,1
2026,2,8475784,SJS,2025-12-29,2.0248,709,1.5912,564,0.4337,145,0
2026,2,8475784,SJS,2025-12-27,1.9723,732,1.828,659,0.1444,73,0
2026,2,8475784,SJS,2025-12-23,1.5503,542,1.5503,542,NA,NA,0
2026,2,8475784,SJS,2025-12-20,1.9575,713,1.6612,593,0.2963,120,1
2026,2,8477021,UTA,2026-04-16,2.671,989,2.5909,959,NA,NA,1
2026,2,8477021,UTA,2026-04-14,2.3318,954,1.8563,728,0.2559,138,1
2026,2,8477021,UTA,2026-04-12,2.4908,901,1.8992,674,0.1468,58,0
2026,2,8477021,UTA,2026-04-11,2.4874,936,1.7249,615,0.3316,147,1
2026,2,8477021,UTA,2026-04-09,2.5321,947,2.2238,821,0.0809,53,1
2026,2,8477021,UTA,2026-04-07,2.5912,1024,2.0951,805,0.2081,116,1
2026,2,8477021,UTA,2026-04-04,2.4968,960,2.104,809,0.1504,59,0
2026,2,8477021,UTA,2026-04-02,2.8235,993,2.3444,789,0.2151,88,0
2026,2,8477021,UTA,2026-03-28,2.2513,835,1.9817,733,NA,NA,0
2026,2,8477021,UTA,2026-03-26,2.272,822,1.7872,625,NA,NA,1
2026,2,8478468,VGK,2026-04-15,2.3257,946,2.3257,946,NA,NA,1
2026,2,8478468,VGK,2026-04-13,2.3297,1021,1.7387,712,NA,NA,1
2026,2,8478468,VGK,2026-04-11,1.9995,917,1.5718,687,NA,NA,0
2026,2,8478468,VGK,2026-04-09,2.2138,936,2.1249,877,NA,NA,0
2026,2,8478468,VGK,2026-04-07,2.2405,1055,2.0004,882,NA,NA,0
2026,2,8478468,VGK,2026-04-04,2.0388,916,1.6459,681,NA,NA,0
2026,2,8478468,VGK,2026-04-02,2.2358,945,2.0971,860,0.0248,6,1
2026,2,8478468,VGK,2026-03-30,2.4226,1000,2.4226,1000,NA,NA,1
2026,2,8478468,VGK,2026-03-28,2.6264,1089,2.2536,884,NA,NA,1
2026,2,8478468,VGK,2026-03-26,2.0993,943,1.9811,857,NA,NA,1
2026,2,8479336,PHI,2026-04-14,2.2502,790,1.9981,689,NA,NA,1
2026,2,8479336,PHI,2026-04-05,1.8538,657,1.8538,657,NA,NA,1
2026,2,8479336,PHI,2026-04-02,1.6514,598,1.6514,598,NA,NA,1
2026,2,8479336,PHI,2026-03-31,1.7483,646,1.7483,646,NA,NA,0
2026,2,8479336,PHI,2026-03-29,2.1661,738,2.1661,738,NA,NA,1
2026,2,8479336,PHI,2026-03-28,2.1279,682,2.1279,682,NA,NA,0
2026,2,8479336,PHI,2026-03-26,2.1428,789,2.1428,789,NA,NA,1
2026,2,8479336,PHI,2026-03-24,1.7643,590,1.7643,590,NA,NA,1
2026,2,8479336,PHI,2026-03-21,1.4846,531,1.226,432,NA,NA,0
2026,2,8479336,PHI,2026-03-19,2.1635,900,1.7724,737,NA,NA,0
2026,2,8480003,FLA,2026-04-15,2.7368,895,2.3918,773,NA,NA,1
2026,2,8480003,FLA,2026-04-13,2.7386,952,2.3816,832,0.168,49,1
2026,2,8480003,FLA,2026-04-11,2.7131,941,2.5393,885,0.1738,56,0
2026,2,8480003,FLA,2026-04-09,2.4441,959,2.3985,929,NA,NA,0
2026,2,8480003,FLA,2026-04-07,2.7285,989,2.4781,907,NA,NA,0
2026,2,8480003,FLA,2026-04-05,2.1062,765,1.3513,479,0.2865,95,0
2026,2,8480003,FLA,2026-04-04,2.3924,879,2.1731,797,NA,NA,0
2026,2,8480003,FLA,2026-04-02,2.4803,813,2.1336,704,0.117,30,1
2026,2,8480003,FLA,2026-03-31,2.3908,891,1.7836,634,NA,NA,1
2026,2,8480003,FLA,2026-03-29,2.7731,1011,2.3106,845,0.298,94,0
2026,2,8480246,NSH,2026-04-16,2.9136,1300,2.0662,878,NA,NA,1
2026,2,8480246,NSH,2026-04-13,2.1715,975,2.0045,892,NA,NA,1
2026,2,8480246,NSH,2026-04-11,2.0131,908,1.878,842,NA,NA,1
2026,2,8480246,NSH,2026-04-09,2.9316,1304,2.7084,1174,NA,NA,0
2026,2,8480246,NSH,2026-04-07,2.8078,1332,2.0154,894,NA,NA,0
2026,2,8480246,NSH,2026-04-06,1.9617,866,1.9617,866,NA,NA,0
2026,2,8480246,NSH,2026-04-04,3.0717,1435,2.5742,1171,0.0217,14,0
2026,2,8480246,NSH,2026-04-02,2.6042,1142,2.0045,859,0.0238,9,0
2026,2,8480246,NSH,2026-03-29,2.0578,888,1.5888,638,0.0063,3,0
2026,2,8480246,NSH,2026-03-28,1.7345,720,1.4917,603,NA,NA,1
2026,2,8481219,BOS,2026-04-14,2.8304,1258,2.7125,1182,NA,NA,1
2026,2,8481219,BOS,2026-04-12,2.5241,1041,2.2314,896,NA,NA,0
2026,2,8481219,BOS,2026-04-11,2.2926,1026,2.2926,1026,NA,NA,1
2026,2,8481219,BOS,2026-04-07,2.3342,1049,2.2666,1015,NA,NA,0
2026,2,8481219,BOS,2026-04-05,2.3542,960,2.1624,884,NA,NA,0
2026,2,8481219,BOS,2026-04-04,2.3955,997,2.3955,997,NA,NA,0
2026,2,8481219,BOS,2026-04-02,2.4689,1039,2.4689,1039,NA,NA,0
2026,2,8481219,BOS,2026-03-31,2.5994,1102,2.4473,1028,0.0412,13,1
2026,2,8481219,BOS,2026-03-29,2.5042,1069,2.3906,1013,NA,NA,0
2026,2,8481219,BOS,2026-03-28,2.145,886,2.1252,873,NA,NA,1
2026,2,8481725,"DET,PIT",2026-04-14,2.1978,823,2.1741,808,NA,NA,0
2026,2,8481725,"DET,PIT",2026-04-12,2.0635,802,2.0199,779,NA,NA,0
2026,2,8481725,"DET,PIT",2026-04-11,2.4106,925,2.1338,765,NA,NA,1
2026,2,8481725,"DET,PIT",2026-04-09,1.9913,692,1.9913,692,NA,NA,0
2026,2,8481725,"DET,PIT",2026-04-05,1.7369,618,1.6741,582,0.0186,9,1
2026,2,8481725,"DET,PIT",2026-04-04,2.2281,798,2.2281,798,NA,NA,1
2026,2,8481725,"DET,PIT",2026-04-02,1.8632,641,1.8321,628,0.0311,13,0
2026,2,8481725,"DET,PIT",2026-03-31,2.2206,882,2.2,873,0.0206,9,1
2026,2,8481725,"DET,PIT",2026-03-30,1.861,692,1.861,692,NA,NA,0
2026,2,8481725,"DET,PIT",2026-03-28,1.2664,528,1.2664,528,NA,NA,1
2026,2,8482126,PHI,2026-04-14,2.8797,1279,2.6297,1153,NA,NA,1
2026,2,8482126,PHI,2026-04-13,1.6343,697,1.6343,697,NA,NA,1
2026,2,8482126,PHI,2026-04-11,2.3131,948,2.1616,893,0.1515,55,0
2026,2,8482126,PHI,2026-04-09,1.9277,777,1.9277,777,NA,NA,0
2026,2,8482126,PHI,2026-04-07,1.9512,803,1.9462,801,NA,NA,0
2026,2,8482126,PHI,2026-04-05,1.8101,721,1.8101,721,NA,NA,1
2026,2,8482126,PHI,2026-04-02,1.9386,778,1.9386,778,NA,NA,1
2026,2,8482126,PHI,2026-03-31,2.0319,779,2.0319,779,NA,NA,0
2026,2,8482126,PHI,2026-03-29,1.5723,672,1.5723,672,NA,NA,1
2026,2,8482126,PHI,2026-03-28,2.0458,854,2.0458,854,NA,NA,0
2026,2,8482703,"CHI,EDM",2026-04-16,2.3238,822,2.3238,822,NA,NA,1
2026,2,8482703,"CHI,EDM",2026-04-13,1.9822,710,1.9822,710,NA,NA,1
2026,2,8482703,"CHI,EDM",2026-04-11,2.2219,777,2.2219,777,NA,NA,0
2026,2,8482703,"CHI,EDM",2026-04-08,2.1119,747,2.1119,747,NA,NA,0
2026,2,8482703,"CHI,EDM",2026-04-07,2.4203,841,2.4203,841,NA,NA,0
2026,2,8482703,"CHI,EDM",2026-03-10,0.2825,95,0.2825,95,NA,NA,0
2026,2,8482703,"CHI,EDM",2026-03-08,0.8844,305,0.8844,305,NA,NA,0
2026,2,8482703,"CHI,EDM",2026-03-06,1.6888,572,1.6888,572,NA,NA,1
2026,2,8482703,"CHI,EDM",2026-02-28,1.4533,476,1.4533,476,NA,NA,0
2026,2,8482703,"CHI,EDM",2026-02-04,1.022,331,1.022,331,NA,NA,0
2026,2,8482733,STL,2026-04-16,3.1723,1354,3.0316,1310,0.1407,44,0
2026,2,8482733,STL,2026-04-14,2.9226,1287,2.6086,1161,0.1674,55,1
2026,2,8482733,STL,2026-04-13,3.4824,1457,2.4702,990,0.7263,288,1
2026,2,8482733,STL,2026-04-11,2.8545,1226,2.5836,1098,0.044,18,0
2026,2,8482733,STL,2026-04-09,3.0406,1213,2.4656,968,0.4895,193,1
2026,2,8482733,STL,2026-04-07,2.8707,1204,2.6809,1135,0.1898,69,1
2026,2,8482733,STL,2026-04-05,2.9374,1187,2.2903,909,0.3728,136,0
2026,2,8482733,STL,2026-04-03,2.7338,1151,2.1498,891,0.2734,112,0
2026,2,8482733,STL,2026-04-01,3.3741,1261,3.0949,1157,0.2385,86,0
2026,2,8482733,STL,2026-03-30,2.9519,1190,2.6999,1053,0.073,38,0
2026,2,8484149,COL,2026-03-22,0.8922,297,0.8922,297,NA,NA,0
2026,2,8484149,COL,2026-03-20,2.2252,749,1.9831,679,0.242,70,0
2026,2,8484149,COL,2026-03-18,0.6891,230,0.6891,230,NA,NA,1
2026,2,8484149,COL,2026-03-16,1.8672,620,1.3784,483,0.4888,137,1
2026,2,8484149,COL,2026-03-14,1.0442,326,0.8376,260,0.2066,66,0
2026,2,8484149,COL,2026-03-12,1.6033,560,1.3442,468,0.2591,92,0
2026,2,8484149,COL,2026-03-10,1.4033,495,1.3418,477,0.0615,18,1
2026,2,8484149,COL,2026-03-08,1.6466,605,1.0783,378,0.5684,227,1
2026,2,8484149,COL,2026-03-06,1.2891,427,1.1217,373,0.1674,54,0
2026,2,8484149,COL,2026-03-03,1.5492,545,1.3607,487,0.1885,58,0
2026,2,8474679,WPG,2026-03-26,1.4095,490,0.9987,356,0.4108,134,1
2026,2,8474679,WPG,2026-03-24,2.2171,828,1.7866,656,0.4305,172,1
2026,2,8474679,WPG,2026-03-22,1.5623,630,1.2529,498,0.3095,132,0
2026,2,8474679,WPG,2026-03-21,1.4005,524,1.3017,477,0.0989,47,0
2026,2,8474679,WPG,2026-03-19,2.258,899,1.7488,676,0.5092,223,0
2026,2,8474679,WPG,2026-03-17,2.1846,813,1.9164,708,0.2682,105,1
2026,2,8474679,WPG,2026-03-15,2.0324,731,1.6097,585,0.4227,146,1
2026,2,8474679,WPG,2026-03-14,2.0907,773,1.8459,686,0.1745,56,1
2026,2,8474679,WPG,2026-03-12,1.4965,558,1.3939,516,0.1025,42,1
2026,2,8474679,WPG,2026-03-10,2.067,743,1.7457,614,0.279,109,1
2026,2,8475188,VGK,2026-04-15,2.8488,1142,2.8488,1142,NA,NA,1
2026,2,8475188,VGK,2026-04-13,2.7651,1193,2.3428,971,0.0685,32,1
2026,2,8475188,VGK,2026-04-11,2.7453,1123,2.3622,941,NA,NA,0
2026,2,8475188,VGK,2026-04-09,2.8817,1205,2.8204,1168,NA,NA,0
2026,2,8475188,VGK,2026-04-07,2.9044,1283,2.6342,1105,0.0144,7,0
2026,2,8475188,VGK,2026-04-04,2.9416,1354,2.5326,1116,NA,NA,0
2026,2,8475188,VGK,2026-04-02,2.5759,1086,2.3273,933,0.073,38,1
2026,2,8475188,VGK,2026-03-30,2.9276,1298,2.9276,1298,NA,NA,1
2026,2,8475188,VGK,2026-03-28,2.9523,1274,2.6586,1120,NA,NA,1
2026,2,8475188,VGK,2026-03-26,2.6836,1186,2.4859,1045,NA,NA,1
2026,2,8476624,SJS,2026-04-16,2.1979,847,1.6803,586,0.1556,56,0
2026,2,8476624,SJS,2026-04-15,1.5498,611,1.33,505,NA,NA,0
2026,2,8476624,SJS,2026-04-13,1.7895,700,1.7308,674,NA,NA,0
2026,2,8476624,SJS,2026-04-11,1.8607,806,1.4353,596,NA,NA,1
2026,2,8476624,SJS,2026-04-09,1.6013,617,1.4982,554,NA,NA,0
2026,2,8476624,SJS,2026-04-08,1.6797,647,1.5862,612,NA,NA,1
2026,2,8476624,SJS,2026-04-06,1.5179,608,1.2149,465,NA,NA,1
2026,2,8476624,SJS,2026-04-04,1.6244,649,1.4351,540,NA,NA,1
2026,2,8476624,SJS,2026-04-02,1.9195,727,1.7296,666,NA,NA,1
2026,2,8476624,SJS,2026-04-01,1.832,686,1.3812,501,NA,NA,1
2026,2,8476891,CHI,2026-03-22,0.2768,112,0.2768,112,NA,NA,1
2026,2,8476891,CHI,2026-03-20,2.5125,1199,2.2107,1033,NA,NA,1
2026,2,8476891,CHI,2026-03-19,1.8391,773,1.8391,773,NA,NA,0
2026,2,8476891,CHI,2026-03-14,2.8354,1225,2.6521,1145,NA,NA,0
2026,2,8476891,CHI,2026-03-12,2.958,1267,2.8916,1235,NA,NA,0
2026,2,8476891,CHI,2026-03-09,2.3603,990,2.3603,990,NA,NA,1
2026,2,8476891,CHI,2026-03-08,2.1383,911,2.1383,911,NA,NA,0
2026,2,8476891,CHI,2026-03-06,2.4936,998,2.4526,980,NA,NA,1
2026,2,8476891,CHI,2026-03-03,2.2148,1015,2.1376,970,NA,NA,0
2026,2,8476891,CHI,2026-03-01,2.8388,1242,2.4551,1086,0.1448,47,0
2026,2,8476967,"EDM,PIT,COL",2026-04-16,2.739,1160,2.5378,1057,0.0024,1,1
2026,2,8476967,"EDM,PIT,COL",2026-04-14,3.099,1272,2.7587,1136,NA,NA,0
2026,2,8476967,"EDM,PIT,COL",2026-04-13,3.0596,1301,3.007,1273,NA,NA,0
2026,2,8476967,"EDM,PIT,COL",2026-04-11,3.0634,1357,2.7373,1177,NA,NA,1
2026,2,8476967,"EDM,PIT,COL",2026-04-09,3.135,1308,3.0231,1248,NA,NA,1
2026,2,8476967,"EDM,PIT,COL",2026-04-07,3.1055,1360,2.9235,1280,NA,NA,0
2026,2,8476967,"EDM,PIT,COL",2026-04-05,3.0291,1260,2.712,1086,NA,NA,1
2026,2,8476967,"EDM,PIT,COL",2026-04-04,2.8066,1241,2.6991,1193,NA,NA,0
2026,2,8476967,"EDM,PIT,COL",2026-04-01,2.8714,1153,2.7038,1089,NA,NA,1
2026,2,8476967,"EDM,PIT,COL",2026-03-30,3.1135,1256,3.1135,1256,NA,NA,1
2026,2,8477369,"NYR,NYI",2026-04-14,2.379,944,2.2504,874,NA,NA,1
2026,2,8477369,"NYR,NYI",2026-04-12,1.9173,760,1.8398,726,NA,NA,1
2026,2,8477369,"NYR,NYI",2026-04-11,1.979,860,1.6604,689,NA,NA,1
2026,2,8477369,"NYR,NYI",2026-04-09,2.0934,842,2.0156,817,0.0778,25,1
2026,2,8477369,"NYR,NYI",2026-04-04,2.9703,1161,2.5158,930,NA,NA,0
2026,2,8477369,"NYR,NYI",2026-04-03,1.9305,761,1.6903,647,NA,NA,1
2026,2,8477369,"NYR,NYI",2026-03-31,2.8913,1162,2.7784,1084,0.0171,5,0
2026,2,8477369,"NYR,NYI",2026-03-30,3.119,1219,3.0879,1206,NA,NA,1
2026,2,8477369,"NYR,NYI",2026-03-28,2.7666,1215,2.7666,1215,NA,NA,1
2026,2,8477369,"NYR,NYI",2026-03-26,2.6417,1110,2.3754,972,0.0112,5,1
2026,2,8478046,"PIT,CBJ",2026-04-14,1.8234,645,1.7292,606,NA,NA,1
2026,2,8478046,"PIT,CBJ",2026-04-12,2.3994,827,2.3994,827,NA,NA,1
2026,2,8478046,"PIT,CBJ",2026-04-11,1.7232,612,1.6295,579,NA,NA,0
2026,2,8478046,"PIT,CBJ",2026-04-09,2.0183,699,2.0183,699,NA,NA,0
2026,2,8478046,"PIT,CBJ",2026-04-07,2.1931,799,2.1931,799,NA,NA,0
2026,2,8478046,"PIT,CBJ",2026-04-04,2.0637,720,2.0637,720,NA,NA,1
2026,2,8478046,"PIT,CBJ",2026-04-02,2.243,817,2.1574,784,NA,NA,0
2026,2,8478046,"PIT,CBJ",2026-03-31,2.0306,760,2.0306,760,NA,NA,1
2026,2,8478046,"PIT,CBJ",2026-03-29,1.9806,705,1.9806,705,NA,NA,1
2026,2,8478046,"PIT,CBJ",2026-03-26,2.0033,753,2.0033,753,NA,NA,0
2026,2,8480145,WPG,2026-04-11,2.8036,1200,2.1889,906,0.3441,139,1
2026,2,8480145,WPG,2026-04-09,3.2854,1444,2.7033,1154,0.1513,63,0
2026,2,8480145,WPG,2026-04-06,3.0801,1335,3.0801,1335,NA,NA,1
2026,2,8480145,WPG,2026-04-04,3.5371,1436,3.3904,1378,0.1467,58,0
2026,2,8480145,WPG,2026-04-02,2.7766,1130,2.5114,1022,0.2652,108,0
2026,2,8480145,WPG,2026-03-31,3.3632,1375,3.1975,1304,0.0578,20,0
2026,2,8480145,WPG,2026-03-28,3.6474,1504,3.2315,1341,0.3428,122,0
2026,2,8480145,WPG,2026-03-26,2.9959,1238,2.4916,1039,0.3797,138,1
2026,2,8480145,WPG,2026-03-24,2.9074,1257,2.2958,948,0.397,188,1
2026,2,8480145,WPG,2026-03-22,3.4078,1527,2.8602,1273,0.3643,169,0
2026,2,8480806,CBJ,2026-04-14,2.4464,939,2.1462,803,NA,NA,1
2026,2,8480806,CBJ,2026-04-12,2.0673,756,2.0673,756,NA,NA,1
2026,2,8480806,CBJ,2026-04-11,2.4122,938,2.0448,790,0.0255,7,0
2026,2,8480806,CBJ,2026-04-09,2.1541,809,1.8944,707,NA,NA,0
2026,2,8480806,CBJ,2026-04-07,1.1492,411,1.1492,411,NA,NA,0
2026,2,8480806,CBJ,2026-04-04,1.5444,590,1.4348,534,NA,NA,1
2026,2,8480806,CBJ,2026-04-02,2.3855,934,2.2516,877,NA,NA,0
2026,2,8480806,CBJ,2026-03-31,1.5343,607,1.1536,427,NA,NA,1
2026,2,8480806,CBJ,2026-03-29,2.1456,808,1.8481,690,NA,NA,1
2026,2,8480806,CBJ,2026-03-28,1.9953,769,1.8927,720,NA,NA,1
2026,2,8480834,EDM,2026-04-16,2.896,1134,2.8075,1089,NA,NA,1
2026,2,8480834,EDM,2026-04-13,1.4725,622,1.4725,622,NA,NA,1
2026,2,8480834,EDM,2026-04-11,1.669,658,1.669,658,NA,NA,0
2026,2,8480834,EDM,2026-04-08,2.4154,1017,2.4154,1017,NA,NA,0
2026,2,8480834,EDM,2026-04-07,1.7103,786,1.6127,726,NA,NA,0
2026,2,8480834,EDM,2026-04-04,1.7032,704,1.4493,579,NA,NA,1
2026,2,8480834,EDM,2026-04-02,2.4325,986,2.4325,986,NA,NA,1
2026,2,8480834,EDM,2026-03-31,2.3396,976,2.2892,957,NA,NA,1
2026,2,8480834,EDM,2026-03-28,1.5263,629,1.5263,629,NA,NA,1
2026,2,8480834,EDM,2026-03-26,2.0592,854,2.0237,835,NA,NA,0
2026,2,8480840,DAL,2026-04-15,1.9337,816,1.55,612,NA,NA,0
2026,2,8480840,DAL,2026-04-13,2.1658,867,2.0156,795,NA,NA,0
2026,2,8480840,DAL,2026-04-11,1.8051,696,1.2503,475,NA,NA,1
2026,2,8480840,DAL,2026-04-09,2.0592,804,1.65,630,NA,NA,1
2026,2,8480840,DAL,2026-04-07,2.4458,833,1.9197,629,0.0186,7,1
2026,2,8480840,DAL,2026-04-04,2.6444,995,2.4717,931,5e-4,2,1
2026,2,8480840,DAL,2026-04-02,2.5437,977,1.9916,763,NA,NA,1
2026,2,8480840,DAL,2026-03-31,2.0289,749,1.6382,594,NA,NA,0
2026,2,8480840,DAL,2026-03-29,2.3019,852,1.8239,670,NA,NA,0
2026,2,8480840,DAL,2026-03-28,1.9997,747,1.5126,517,0.0237,8,0
2026,2,8481593,MTL,2026-04-14,2.3004,1037,2.243,1008,0.0574,29,0
2026,2,8481593,MTL,2026-04-12,2.414,1123,2.414,1123,NA,NA,0
2026,2,8481593,MTL,2026-04-11,2.5525,1221,2.2853,1089,NA,NA,1
2026,2,8481593,MTL,2026-04-09,1.4451,669,1.4238,658,NA,NA,1
2026,2,8481593,MTL,2026-04-07,2.4296,1022,2.3967,1007,NA,NA,1
2026,2,8481593,MTL,2026-04-05,1.98,863,1.98,863,NA,NA,1
2026,2,8481593,MTL,2026-04-04,2.1628,928,2.1628,928,NA,NA,0
2026,2,8481593,MTL,2026-04-02,2.2077,957,2.2077,957,NA,NA,0
2026,2,8481593,MTL,2026-03-31,2.0053,828,2.0053,828,NA,NA,0
2026,2,8481593,MTL,2026-03-29,1.336,630,1.336,630,NA,NA,0
2026,2,8482062,"NSH,VGK",2026-04-15,1.8463,668,1.8463,668,NA,NA,1
2026,2,8482062,"NSH,VGK",2026-04-13,1.8813,685,1.4051,513,NA,NA,1
2026,2,8482062,"NSH,VGK",2026-04-11,1.8247,707,1.465,557,0.0064,6,0
2026,2,8482062,"NSH,VGK",2026-04-09,1.8029,725,1.7137,687,NA,NA,0
2026,2,8482062,"NSH,VGK",2026-04-07,1.4539,570,1.4316,554,NA,NA,0
2026,2,8482062,"NSH,VGK",2026-04-04,1.8377,677,1.5581,560,NA,NA,0
2026,2,8482062,"NSH,VGK",2026-04-02,1.5995,627,1.4586,565,0.0915,42,1
2026,2,8482062,"NSH,VGK",2026-03-30,1.624,595,1.624,595,NA,NA,1
2026,2,8482062,"NSH,VGK",2026-03-28,2.1333,775,1.9394,694,NA,NA,1
2026,2,8482062,"NSH,VGK",2026-03-26,1.5773,573,1.4731,536,NA,NA,1
2026,2,8482165,CGY,2026-04-11,2.695,1082,2.3775,945,NA,NA,0
2026,2,8482165,CGY,2026-04-09,2.8865,1231,2.7313,1164,NA,NA,0
2026,2,8482165,CGY,2026-04-07,3.3054,1444,2.7739,1182,NA,NA,0
2026,2,8482165,CGY,2026-04-04,2.4534,1040,2.215,933,NA,NA,0
2026,2,8482165,CGY,2026-04-02,2.3253,1006,1.9719,818,NA,NA,0
2026,2,8482165,CGY,2026-03-14,2.6304,1060,2.4884,983,NA,NA,0
2026,2,8482165,CGY,2026-03-12,2.3511,1029,2.1519,937,NA,NA,0
2026,2,8482165,CGY,2026-03-10,2.2891,1021,2.0426,906,NA,NA,0
2026,2,8482165,CGY,2026-03-09,3.3259,1358,2.8766,1148,NA,NA,0
2026,2,8482165,CGY,2026-03-07,3.2441,1297,2.9335,1170,0.0713,22,1
2026,2,8482166,SJS,2026-04-16,2.9885,1284,2.6138,1034,0.1095,49,0
2026,2,8482166,SJS,2026-04-15,2.5599,1026,2.3448,905,0.0105,4,0
2026,2,8482166,SJS,2026-04-13,2.8828,1259,2.6483,1139,NA,NA,0
2026,2,8482166,SJS,2026-04-11,2.7853,1147,2.6688,1042,NA,NA,1
2026,2,8482166,SJS,2026-04-09,3.0027,1232,2.8512,1139,NA,NA,0
2026,2,8482166,SJS,2026-04-06,2.2454,931,2.1066,834,NA,NA,1
2026,2,8482166,SJS,2026-04-04,2.0194,782,2.0194,782,NA,NA,1
2026,2,8482166,SJS,2026-04-02,2.4616,1104,2.4616,1104,NA,NA,1
2026,2,8482166,SJS,2026-04-01,2.4252,1020,2.2212,923,NA,NA,1
2026,2,8482166,SJS,2026-03-30,2.2868,961,2.1622,896,0.0223,7,1
2026,2,8482178,ANA,2026-04-16,1.4269,514,1.4269,514,NA,NA,0
2026,2,8482178,ANA,2026-04-14,1.1473,447,1.1473,447,NA,NA,0
2026,2,8482178,ANA,2026-04-12,1.5311,540,1.5311,540,NA,NA,1
2026,2,8482178,ANA,2026-04-09,2.349,870,2.349,870,NA,NA,1
2026,2,8482178,ANA,2026-04-07,1.5347,519,1.3822,464,NA,NA,1
2026,2,8482178,ANA,2026-04-04,1.3791,496,1.3791,496,NA,NA,1
2026,2,8482178,ANA,2026-04-03,1.7116,650,1.6802,635,0.0236,12,1
2026,2,8482178,ANA,2026-04-01,2.6146,1164,2.6146,1164,NA,NA,0
2026,2,8482178,ANA,2026-03-30,2.1575,786,2.1503,786,0.0072,0,1
2026,2,8482178,ANA,2026-03-28,1.5557,670,1.5557,670,NA,NA,0
2026,2,8482929,TBL,2026-04-15,2.2296,980,2.039,892,NA,NA,1
2026,2,8482929,TBL,2026-04-13,2.652,1129,2.3544,984,NA,NA,1
2026,2,8482929,TBL,2026-04-11,2.8484,1263,2.8484,1263,NA,NA,0
2026,2,8482929,TBL,2026-04-09,2.3867,1123,1.7548,763,3e-4,0,0
2026,2,8482929,TBL,2026-04-07,2.7606,1195,2.6536,1119,0.0172,18,0
2026,2,8482929,TBL,2026-04-06,2.3843,1018,2.0862,871,NA,NA,0
2026,2,8482929,TBL,2026-04-04,2.799,1285,2.4296,1033,NA,NA,1
2026,2,8482929,TBL,2026-04-02,2.9606,1242,2.8583,1190,NA,NA,1
2026,2,8482929,TBL,2026-03-31,2.4251,1037,2.2829,970,NA,NA,1
2026,2,8482929,TBL,2026-03-29,2.2281,1054,1.9316,896,NA,NA,1
2026,2,8474574,"VAN,DAL",2026-04-15,2.7466,1290,2.4897,1127,6e-4,0,0
2026,2,8474574,"VAN,DAL",2026-04-13,2.8155,1246,2.5792,1122,NA,NA,0
2026,2,8474574,"VAN,DAL",2026-04-11,2.9439,1256,2.4153,973,0.0514,22,1
2026,2,8474574,"VAN,DAL",2026-04-09,2.9537,1358,2.7185,1222,NA,NA,1
2026,2,8474574,"VAN,DAL",2026-04-07,2.1202,870,2.0197,819,NA,NA,1
2026,2,8474574,"VAN,DAL",2026-03-29,2.1729,933,1.9314,825,NA,NA,0
2026,2,8474574,"VAN,DAL",2026-03-28,2.1793,977,1.9917,863,NA,NA,0
2026,2,8474574,"VAN,DAL",2026-03-26,2.0469,908,1.692,770,0.0511,4,0
2026,2,8474574,"VAN,DAL",2026-03-24,2.4523,1004,2.2343,903,NA,NA,1
2026,2,8474574,"VAN,DAL",2026-03-21,2.2138,976,2.1027,920,NA,NA,0
2026,2,8476925,VGK,2026-04-15,2.3402,821,2.2387,786,0.1015,35,1
2026,2,8476925,VGK,2026-04-13,2.7177,1000,1.9071,665,0.3458,160,1
2026,2,8476925,VGK,2026-04-11,2.2917,825,1.8248,647,0.2851,112,0
2026,2,8476925,VGK,2026-04-09,2.4488,872,2.3582,830,NA,NA,0
2026,2,8476925,VGK,2026-04-07,2.1824,802,2.0236,723,0.0971,38,0
2026,2,8476925,VGK,2026-04-04,2.1427,804,1.7375,605,0.1411,84,0
2026,2,8476925,VGK,2026-04-02,2.3994,908,2.0268,734,0.279,126,1
2026,2,8476925,VGK,2026-03-30,2.0064,749,1.7669,650,0.2395,99,1
2026,2,8476925,VGK,2026-03-28,1.7321,649,1.3873,486,0.1524,93,1
2026,2,8476925,VGK,2026-03-26,2.2105,811,2.0427,728,NA,NA,1
2026,2,8477573,STL,2026-04-16,2.2341,863,2.2341,863,NA,NA,0
2026,2,8477573,STL,2026-04-14,1.7862,699,1.7862,699,NA,NA,1
2026,2,8477573,STL,2026-04-09,1.5743,643,1.4875,615,NA,NA,1
2026,2,8477573,STL,2026-04-03,1.629,598,1.3239,490,NA,NA,0
2026,2,8477573,STL,2026-03-26,1.5643,619,1.5643,619,NA,NA,1
2026,2,8477573,STL,2026-03-12,1.7546,685,1.6167,639,NA,NA,0
2026,2,8477573,STL,2026-03-06,1.5429,603,1.5157,591,NA,NA,0
2026,2,8477573,STL,2026-02-28,1.2834,471,1.2812,469,0.0022,2,1
2026,2,8477573,STL,2026-02-26,1.7632,700,1.5738,611,NA,NA,1
2026,2,8477573,STL,2026-02-04,2.0225,803,1.8673,727,NA,NA,0
2026,2,8478416,TBL,2026-04-15,2.2753,953,1.926,778,NA,NA,1
2026,2,8478416,TBL,2026-04-13,2.6669,1182,2.2599,966,NA,NA,1
2026,2,8478416,TBL,2026-04-11,2.0044,817,2.0044,817,NA,NA,0
2026,2,8478416,TBL,2026-04-09,2.9027,1325,1.976,841,NA,NA,0
2026,2,8478416,TBL,2026-04-07,2.6223,1102,2.4721,1008,NA,NA,0
2026,2,8478416,TBL,2026-04-06,1.9903,838,1.654,646,0.0139,4,0
2026,2,8478416,TBL,2026-04-04,2.6341,1047,2.1174,820,NA,NA,1
2026,2,8478416,TBL,2026-04-02,2.4988,1041,2.1743,879,NA,NA,1
2026,2,8478416,TBL,2026-03-31,2.1919,958,1.8858,776,0.0267,9,1
2026,2,8478416,TBL,2026-03-29,2.2607,949,1.7575,709,0.0074,4,1
2026,2,8478472,"STL,LAK",2026-04-16,1.4016,513,1.3073,480,NA,NA,0
2026,2,8478472,"STL,LAK",2026-04-14,0.957,382,0.951,379,0.0061,3,0
2026,2,8478472,"STL,LAK",2026-04-13,1.3678,510,1.3678,510,NA,NA,0
2026,2,8478472,"STL,LAK",2026-04-11,1.1616,406,1.1616,406,NA,NA,1
2026,2,8478472,"STL,LAK",2026-04-02,1.1264,407,1.0427,379,NA,NA,1
2026,2,8478472,"STL,LAK",2026-04-01,1.4649,512,1.4649,512,NA,NA,1
2026,2,8478472,"STL,LAK",2026-03-28,1.6315,574,1.6228,568,0.0087,6,1
2026,2,8478472,"STL,LAK",2026-03-26,2.0471,737,2.0471,737,NA,NA,0
2026,2,8478472,"STL,LAK",2026-03-24,2.0985,719,2.0985,719,NA,NA,0
2026,2,8478472,"STL,LAK",2026-03-22,1.9947,737,1.9947,737,NA,NA,0
2026,2,8478859,FLA,2026-03-20,2.6854,1021,2.2535,825,2e-4,1,0
2026,2,8478859,FLA,2026-03-19,3.2553,1351,3.0137,1204,NA,NA,0
2026,2,8478859,FLA,2026-03-15,2.9385,1134,2.5935,961,NA,NA,0
2026,2,8478859,FLA,2026-03-12,2.8171,1109,2.5921,1012,NA,NA,1
2026,2,8478859,FLA,2026-03-10,3.0158,1079,2.9001,1021,NA,NA,1
2026,2,8478859,FLA,2026-03-06,3.4786,1374,3.1288,1215,0.0524,22,0
2026,2,8478859,FLA,2026-03-05,3.2829,1164,3.0972,1099,0.0022,1,0
2026,2,8478859,FLA,2026-03-03,3.3036,1204,2.9894,1091,0.0664,20,0
2026,2,8478859,FLA,2026-03-01,3.6654,1383,3.6624,1383,0.003,0,0
2026,2,8478859,FLA,2026-02-27,4.0348,1529,3.5717,1323,4e-4,1,1
2026,2,8479371,CBJ,2026-04-14,2.8242,1175,2.6047,1053,NA,NA,1
2026,2,8479371,CBJ,2026-04-12,2.5971,1066,2.5971,1066,NA,NA,1
2026,2,8479371,CBJ,2026-04-11,2.7371,1222,2.4,1062,0.0551,22,0
2026,2,8479371,CBJ,2026-04-09,2.4019,990,2.2015,890,NA,NA,0
2026,2,8479371,CBJ,2026-04-07,2.8347,1155,2.7812,1135,0.0535,20,0
2026,2,8479371,CBJ,2026-04-04,2.6025,1085,2.5081,1031,NA,NA,1
2026,2,8479371,CBJ,2026-04-02,2.823,1233,2.7869,1213,NA,NA,0
2026,2,8479371,CBJ,2026-03-31,2.3778,1075,2.1576,950,0.095,47,1
2026,2,8479371,CBJ,2026-03-29,3.285,1409,2.9608,1263,NA,NA,1
2026,2,8479371,CBJ,2026-03-28,2.4216,1012,2.3966,1000,NA,NA,1
2026,2,8480043,"SJS,WSH",2026-04-12,2.7695,1276,2.6376,1204,NA,NA,1
2026,2,8480043,"SJS,WSH",2026-03-14,2.298,945,2.2867,937,NA,NA,1
2026,2,8480043,"SJS,WSH",2026-03-12,2.1955,950,2.1955,950,NA,NA,0
2026,2,8480043,"SJS,WSH",2026-03-11,2.0794,888,2.0241,865,0.0553,23,0
2026,2,8480043,"SJS,WSH",2026-02-26,2.2373,908,1.9764,780,NA,NA,0
2026,2,8480043,"SJS,WSH",2026-02-04,2.7044,1208,2.5305,1110,NA,NA,0
2026,2,8480043,"SJS,WSH",2026-02-02,2.8101,1193,2.4448,1034,0.3653,159,0
2026,2,8480043,"SJS,WSH",2026-01-29,3.1479,1496,3.0223,1418,0.0634,30,0
2026,2,8480043,"SJS,WSH",2026-01-27,2.3496,1041,2.2894,1000,NA,NA,0
2026,2,8480043,"SJS,WSH",2026-01-23,2.6534,1181,2.3432,1041,0.1593,63,0
2026,2,8480281,STL,2026-04-16,2.3493,865,2.3493,865,NA,NA,0
2026,2,8480281,STL,2026-04-14,2.0291,767,1.8179,675,NA,NA,1
2026,2,8480281,STL,2026-04-13,1.8407,704,1.2101,428,0.0512,17,1
2026,2,8480281,STL,2026-04-11,2.3053,860,2.1064,794,NA,NA,0
2026,2,8480281,STL,2026-04-09,1.7196,656,1.6039,604,NA,NA,1
2026,2,8480281,STL,2026-04-07,1.3756,504,1.2851,466,NA,NA,1
2026,2,8480281,STL,2026-04-05,1.9769,739,1.5451,570,NA,NA,0
2026,2,8480281,STL,2026-04-01,1.3827,528,1.2904,493,NA,NA,0
2026,2,8480281,STL,2026-03-30,1.7941,638,1.69,590,NA,NA,0
2026,2,8480281,STL,2026-03-28,1.8793,697,1.6138,599,NA,NA,1
2026,2,8480848,SJS,2026-04-16,2.7089,1003,2.3779,827,0.0708,43,0
2026,2,8480848,SJS,2026-04-09,1.9888,727,1.9157,676,NA,NA,0
2026,2,8480848,SJS,2026-04-06,1.4527,563,1.2442,456,NA,NA,1
2026,2,8480848,SJS,2026-04-01,1.5192,573,1.3523,506,0.0381,11,1
2026,2,8480848,SJS,2026-01-06,1.4174,522,1.2844,472,0.0423,18,1
2026,2,8480848,SJS,2026-01-03,1.6568,628,1.3124,471,NA,NA,1
2026,2,8480848,SJS,2025-12-31,2.158,836,1.9981,764,NA,NA,1
2026,2,8480848,SJS,2025-12-29,2.6702,1030,2.0889,741,0.0665,39,0
2026,2,8480848,SJS,2025-12-27,2.0191,734,1.7762,642,0.0339,11,0
2026,2,8480848,SJS,2025-12-23,1.8851,698,1.4278,499,NA,NA,0
2026,2,8480878,DAL,2026-04-15,2.9649,1226,2.7544,1122,0.2105,104,0
2026,2,8480878,DAL,2026-04-07,2.0972,840,2.0883,835,0.0088,5,1
2026,2,8480878,DAL,2026-04-04,2.0274,823,2.0274,823,NA,NA,1
2026,2,8480878,DAL,2026-04-02,2.1342,939,2.1342,939,NA,NA,1
2026,2,8480878,DAL,2026-03-31,2.6773,1073,2.6773,1073,NA,NA,0
2026,2,8480878,DAL,2026-03-29,2.7691,1076,2.7612,1072,NA,NA,0
2026,2,8480878,DAL,2026-03-28,2.0695,887,2.0695,887,NA,NA,0
2026,2,8480878,DAL,2026-03-26,2.4462,1094,2.4264,1084,NA,NA,0
2026,2,8480878,DAL,2026-03-24,2.2902,953,2.2902,953,NA,NA,1
2026,2,8480878,DAL,2026-03-22,2.2814,950,2.2656,942,NA,NA,1
2026,2,8481477,MIN,2026-04-14,2.0795,836,1.9572,770,NA,NA,1
2026,2,8481477,MIN,2026-04-13,1.7219,673,1.4386,552,NA,NA,0
2026,2,8481477,MIN,2026-04-11,1.5121,620,1.3985,567,NA,NA,0
2026,2,8481477,MIN,2026-03-21,1.8595,750,1.5835,597,NA,NA,1
2026,2,8481477,MIN,2026-03-19,1.7301,672,1.4301,521,NA,NA,1
2026,2,8481477,MIN,2026-03-17,1.7917,699,1.5964,590,NA,NA,0
2026,2,8481477,MIN,2026-03-15,1.255,469,1.1225,395,NA,NA,1
2026,2,8481477,MIN,2026-03-14,1.4061,506,1.2207,444,NA,NA,1
2026,2,8481477,MIN,2026-03-08,1.2482,467,0.958,339,0.0018,1,0
2026,2,8481477,MIN,2026-03-06,1.729,659,1.6436,604,NA,NA,0
2026,2,8481607,DET,2026-04-15,2.2271,890,2.2271,890,NA,NA,0
2026,2,8481607,DET,2026-04-13,1.9568,823,1.9399,812,NA,NA,0
2026,2,8481607,DET,2026-04-11,1.595,631,1.595,631,NA,NA,1
2026,2,8481607,DET,2026-04-09,2.4759,1116,2.0269,875,NA,NA,1
2026,2,8481607,DET,2026-04-07,1.8135,758,1.6712,690,NA,NA,1
2026,2,8481607,DET,2026-04-05,2.0522,832,1.8974,734,NA,NA,1
2026,2,8481607,DET,2026-04-04,2.1664,923,2.0084,856,NA,NA,0
2026,2,8481607,DET,2026-04-02,2.659,1065,2.6532,1060,NA,NA,0
2026,2,8481607,DET,2026-03-31,2.5256,1154,2.2056,934,NA,NA,0
2026,2,8481607,DET,2026-03-28,2.0946,832,2.0946,832,NA,NA,1
2026,2,8482087,MTL,2026-04-14,2.4458,1040,2.426,1031,0.0198,9,0
2026,2,8482087,MTL,2026-04-12,3.4554,1565,3.0667,1360,0.0168,7,0
2026,2,8482087,MTL,2026-04-05,2.4632,1025,2.3478,965,NA,NA,1
2026,2,8482087,MTL,2026-04-04,2.1472,1013,2.0828,975,NA,NA,0
2026,2,8482087,MTL,2026-04-02,2.4216,1138,2.0127,916,0.0281,12,0
2026,2,8482087,MTL,2026-03-31,2.4736,1094,2.2391,953,0.0167,5,0
2026,2,8482087,MTL,2026-03-29,2.5098,1182,2.343,1080,NA,NA,0
2026,2,8482087,MTL,2026-03-28,2.3875,1043,2.1241,909,NA,NA,0
2026,2,8482087,MTL,2026-03-26,2.7872,1250,2.6807,1191,NA,NA,1
2026,2,8482087,MTL,2026-03-24,2.7924,1230,2.7281,1191,0.0059,4,1
2026,2,8482715,NSH,2026-04-16,2.8982,1229,2.4592,1036,0.3917,172,1
2026,2,8482715,NSH,2026-04-13,2.2396,990,2.2396,990,NA,NA,1
2026,2,8482715,NSH,2026-04-11,1.7824,801,1.6101,735,0.1722,66,1
2026,2,8482715,NSH,2026-04-09,2.5021,1082,2.0548,879,0.342,140,0
2026,2,8482715,NSH,2026-04-07,2.1318,935,1.6742,749,0.4576,186,0
2026,2,8482715,NSH,2026-04-06,1.8821,805,1.8497,794,0.0325,11,0
2026,2,8482715,NSH,2026-03-28,1.4671,615,1.0744,476,0.3927,139,1
2026,2,8482715,NSH,2026-03-26,1.7757,781,1.7143,749,0.0614,32,1
2026,2,8482715,NSH,2026-03-24,1.8254,771,1.6704,702,0.155,69,1
2026,2,8482715,NSH,2026-03-22,1.69,797,1.3034,613,0.3865,184,0
2026,2,8483676,OTT,2026-04-15,2.3933,822,2.2243,752,0.169,70,1
2026,2,8483676,OTT,2026-04-12,1.8828,747,1.3188,510,0.5641,237,0
2026,2,8483676,OTT,2026-03-03,1.1463,416,0.9012,322,0.2451,94,0
2026,2,8483676,OTT,2026-02-28,1.8806,726,1.6791,616,0.2015,110,0
2026,2,8483676,OTT,2026-02-26,1.1205,398,1.0112,348,0.1092,50,1
2026,2,8483676,OTT,2026-02-05,1.2803,454,1.0534,377,0.2269,77,0
2026,2,8483676,OTT,2026-02-03,1.2073,432,1.1179,391,0.0894,41,0
2026,2,8483676,OTT,2026-02-02,1.068,406,0.5872,196,0.4807,210,0
2026,2,8483676,OTT,2026-01-31,0.8939,347,0.8453,319,0.0486,28,1
2026,2,8483676,OTT,2026-01-25,1.2187,459,1.161,428,0.0577,31,1
2026,2,8475755,DAL,2026-04-13,2.2553,989,2.2122,965,NA,NA,0
2026,2,8475755,DAL,2026-04-11,1.6135,762,1.6123,761,NA,NA,1
2026,2,8475755,DAL,2026-04-04,1.2418,531,1.2418,531,NA,NA,1
2026,2,8475755,DAL,2026-02-25,1.7811,763,1.7149,725,NA,NA,1
2026,2,8475755,DAL,2026-02-02,1.8601,772,1.7213,688,NA,NA,1
2026,2,8475755,DAL,2026-01-31,1.9413,844,1.792,759,NA,NA,0
2026,2,8475755,DAL,2026-01-29,1.9108,805,1.8971,801,NA,NA,0
2026,2,8475755,DAL,2026-01-27,1.6344,745,1.3974,636,NA,NA,0
2026,2,8475755,DAL,2026-01-22,1.6462,724,1.6462,724,NA,NA,0
2026,2,8475755,DAL,2026-01-20,2.0901,945,2.0901,945,NA,NA,1
2026,2,8476372,PHI,2026-04-14,3.3674,1592,3.0601,1411,NA,NA,1
2026,2,8476372,PHI,2026-04-13,1.8539,770,1.8539,770,NA,NA,1
2026,2,8476372,PHI,2026-04-11,2.2715,1034,1.9293,886,0.15,55,0
2026,2,8476372,PHI,2026-04-09,2.107,920,1.8514,802,NA,NA,0
2026,2,8476372,PHI,2026-04-07,2.1356,960,1.8082,790,NA,NA,0
2026,2,8476372,PHI,2026-04-05,1.9357,836,1.9357,836,NA,NA,1
2026,2,8476372,PHI,2026-04-03,2.2161,1046,2.0158,943,NA,NA,0
2026,2,8476372,PHI,2026-04-02,1.6864,758,1.5616,684,NA,NA,1
2026,2,8476372,PHI,2026-03-31,2.0231,852,1.7422,711,NA,NA,0
2026,2,8476372,PHI,2026-03-29,2.1769,968,1.9955,872,NA,NA,1
2026,2,8478454,PHI,2026-04-14,2.8628,1305,2.4136,1083,NA,NA,1
2026,2,8478454,PHI,2026-04-03,1.4247,607,1.4247,607,NA,NA,0
2026,2,8478454,PHI,2026-03-24,2.0617,778,2.0617,778,NA,NA,1
2026,2,8478454,PHI,2026-03-21,1.3181,533,1.3181,533,NA,NA,0
2026,2,8478454,PHI,2026-03-19,1.9018,739,1.9018,739,NA,NA,0
2026,2,8478454,PHI,2026-03-11,1.6658,675,1.5522,620,NA,NA,1
2026,2,8478454,PHI,2026-03-09,2.6218,986,2.6016,978,NA,NA,1
2026,2,8478454,PHI,2026-03-07,1.6109,687,1.2123,474,NA,NA,0
2026,2,8478454,PHI,2026-03-05,1.9468,761,1.9468,761,NA,NA,1
2026,2,8478454,PHI,2026-02-25,2.252,908,2.1268,838,NA,NA,0
2026,2,8479022,PHI,2026-01-17,0.1973,79,0.1973,79,NA,NA,1
2026,2,8479022,PHI,2026-01-15,1.698,637,1.6283,604,0.0133,6,0
2026,2,8479022,PHI,2026-01-14,1.4737,549,1.1077,401,0.0626,25,0
2026,2,8479022,PHI,2026-01-12,2.0714,734,2.0714,734,NA,NA,1
2026,2,8479022,PHI,2026-01-10,1.8308,670,1.7128,628,NA,NA,1
2026,2,8479022,PHI,2026-01-08,2.179,784,1.958,676,0.0068,3,1
2026,2,8479022,PHI,2026-01-06,1.7469,667,1.5007,561,NA,NA,1
2026,2,8479022,PHI,2026-01-03,1.7822,641,1.7822,641,NA,NA,0
2026,2,8479022,PHI,2025-12-31,2.0652,732,1.9153,676,NA,NA,0
2026,2,8479022,PHI,2025-12-30,2.2102,804,1.8954,671,NA,NA,0
2026,2,8479316,FLA,2026-04-15,2.8892,1112,2.612,987,NA,NA,1
2026,2,8479316,FLA,2026-04-13,2.2984,891,2.1768,821,0.0035,4,1
2026,2,8479316,FLA,2026-04-11,2.4817,892,2.4817,892,NA,NA,0
2026,2,8479316,FLA,2026-04-09,1.9556,730,1.9556,730,NA,NA,0
2026,2,8479316,FLA,2026-04-07,1.7135,660,1.7135,660,NA,NA,0
2026,2,8479316,FLA,2026-04-04,1.9915,758,1.9915,758,NA,NA,0
2026,2,8479316,FLA,2026-04-02,1.6284,647,1.6284,647,NA,NA,1
2026,2,8479316,FLA,2026-03-31,1.7,664,1.5292,588,NA,NA,1
2026,2,8479316,FLA,2026-03-29,1.3529,581,1.3529,581,NA,NA,0
2026,2,8479316,FLA,2026-03-28,1.6969,687,1.3598,543,NA,NA,0
2026,2,8479705,"BOS,ANA",2026-04-16,1.9585,718,1.9288,707,0.0297,11,0
2026,2,8479705,"BOS,ANA",2026-04-14,1.6948,676,1.6948,676,NA,NA,0
2026,2,8479705,"BOS,ANA",2026-04-12,1.7733,672,1.7733,672,NA,NA,1
2026,2,8479705,"BOS,ANA",2026-04-09,1.9651,763,1.9651,763,NA,NA,1
2026,2,8479705,"BOS,ANA",2026-04-07,1.3623,529,1.3623,529,NA,NA,1
2026,2,8479705,"BOS,ANA",2026-04-04,1.5239,608,1.5239,608,NA,NA,1
2026,2,8479705,"BOS,ANA",2026-04-03,1.7302,657,1.7293,656,NA,NA,1
2026,2,8479705,"BOS,ANA",2026-04-01,2.026,804,2.0138,799,0.0122,5,0
2026,2,8479705,"BOS,ANA",2026-03-30,1.855,705,1.6869,633,0.1681,72,1
2026,2,8479705,"BOS,ANA",2026-03-28,2.1351,861,2.021,814,0.114,47,0
2026,2,8481056,"NSH,EDM",2026-03-19,1.9549,803,1.9549,803,NA,NA,1
2026,2,8481056,"NSH,EDM",2026-03-17,2.287,984,2.1739,923,0.0473,33,1
2026,2,8481056,"NSH,EDM",2026-03-15,2.0434,825,1.7914,728,0.0098,5,1
2026,2,8481056,"NSH,EDM",2026-03-13,2.0719,921,2.0477,912,NA,NA,0
2026,2,8481056,"NSH,EDM",2026-03-12,2.7003,1070,2.4517,952,NA,NA,0
2026,2,8481056,"NSH,EDM",2026-03-03,2.3347,994,2.118,890,NA,NA,1
2026,2,8481056,"NSH,EDM",2026-02-28,2.2072,981,2.1423,950,NA,NA,0
2026,2,8481056,"NSH,EDM",2026-02-26,2.6017,1162,2.3304,1018,NA,NA,0
2026,2,8481056,"NSH,EDM",2026-02-25,2.3577,1011,2.1799,921,NA,NA,0
2026,2,8481056,"NSH,EDM",2026-02-04,1.7553,753,1.6099,684,NA,NA,0
2026,2,8481719,TBL,2026-04-15,2.3446,990,2.2748,960,NA,NA,1
2026,2,8481719,TBL,2026-02-01,1.8924,816,1.7196,735,NA,NA,1
2026,2,8481719,TBL,2026-01-29,2.7075,1123,2.4945,1006,NA,NA,1
2026,2,8481719,TBL,2026-01-26,2.7572,1194,2.549,1071,NA,NA,1
2026,2,8481719,TBL,2026-01-23,2.0939,916,1.7527,745,NA,NA,0
2026,2,8481719,TBL,2026-01-20,2.6075,1146,2.5171,1095,NA,NA,1
2026,2,8481719,TBL,2026-01-18,2.7343,1216,2.4825,1072,NA,NA,0
2026,2,8481719,TBL,2026-01-16,2.4099,966,2.1772,866,NA,NA,0
2026,2,8481719,TBL,2026-01-13,2.0798,959,1.6605,810,NA,NA,0
2026,2,8481719,TBL,2026-01-12,1.8835,834,1.675,729,NA,NA,0
2026,2,8482765,"BUF,WPG",2026-04-16,2.0946,805,1.8612,696,0.2334,109,1
2026,2,8482765,"BUF,WPG",2026-04-14,1.9224,708,1.8345,669,0.088,39,0
2026,2,8482765,"BUF,WPG",2026-04-13,2.0963,749,1.8496,637,0.2467,112,0
2026,2,8482765,"BUF,WPG",2026-04-11,2.2947,808,2.2947,808,NA,NA,1
2026,2,8482765,"BUF,WPG",2026-04-09,1.3497,469,1.3497,469,NA,NA,0
2026,2,8482765,"BUF,WPG",2026-04-06,1.7007,605,1.7007,605,NA,NA,1
2026,2,8482765,"BUF,WPG",2026-04-04,1.9121,700,1.7632,645,0.1489,55,0
2026,2,8482765,"BUF,WPG",2026-04-02,1.808,609,1.512,511,0.296,98,0
2026,2,8482765,"BUF,WPG",2026-03-31,1.2824,445,1.2824,445,NA,NA,0
2026,2,8482765,"BUF,WPG",2026-03-28,0.9936,332,0.8403,292,0.1533,40,0
2026,2,8482911,CAR,2026-04-14,2.1921,951,2.0479,887,NA,NA,0
2026,2,8482911,CAR,2026-01-24,1.3829,580,1.3706,572,NA,NA,0
2026,2,8482911,CAR,2026-01-22,1.5732,643,1.5732,643,NA,NA,1
2026,2,8482911,CAR,2026-01-19,1.9201,788,1.9201,788,NA,NA,1
2026,2,8482911,CAR,2026-01-17,1.758,730,1.758,730,NA,NA,0
2026,2,8482911,CAR,2026-01-08,2.0165,817,1.8061,721,NA,NA,1
2026,2,8482911,CAR,2026-01-06,2.1951,977,1.9796,849,NA,NA,1
2026,2,8482911,CAR,2026-01-04,1.6589,731,1.2813,545,NA,NA,0
2026,2,8482911,CAR,2026-01-03,1.9012,776,1.6939,685,NA,NA,1
2026,2,8482911,CAR,2026-01-01,2.0651,899,1.9426,844,NA,NA,1
2026,2,8482947,COL,2026-04-16,1.9157,691,1.9139,690,0.0018,1,1
2026,2,8482947,COL,2026-04-14,1.4418,511,1.4418,511,NA,NA,0
2026,2,8482947,COL,2026-04-13,1.1137,411,1.1137,411,NA,NA,0
2026,2,8482947,COL,2026-04-05,0.7777,285,0.7777,285,NA,NA,1
2026,2,8482947,COL,2026-03-24,1.6955,641,1.6955,641,NA,NA,0
2026,2,8482947,COL,2026-03-22,0.7417,268,0.7417,268,NA,NA,0
2026,2,8482947,COL,2026-03-20,1.6868,592,1.6868,592,NA,NA,0
2026,2,8482947,COL,2026-03-18,0.5845,203,0.5845,203,NA,NA,1
2026,2,8482947,COL,2026-03-16,1.3966,490,1.3966,490,NA,NA,1
2026,2,8482947,COL,2026-03-14,0.7206,228,0.7206,228,NA,NA,0
2026,2,8483630,SJS,2026-04-16,1.4469,540,1.4469,540,NA,NA,0
2026,2,8483630,SJS,2026-04-09,1.8866,692,1.8866,692,NA,NA,0
2026,2,8483630,SJS,2026-03-24,2.185,824,2.1123,777,0.0727,47,0
2026,2,8483630,SJS,2026-03-19,2.3023,856,2.0694,766,0.2329,90,1
2026,2,8483630,SJS,2026-03-17,2.201,866,2.1964,862,0.0046,4,0
2026,2,8483630,SJS,2026-03-15,2.2867,862,2.1465,810,0.1402,52,0
2026,2,8483630,SJS,2026-03-01,1.4241,466,1.4241,466,NA,NA,1
2026,2,8483630,SJS,2026-02-28,1.7997,648,1.7997,648,NA,NA,1
2026,2,8483630,SJS,2026-02-02,1.8738,683,1.4464,517,0.3497,134,0
2026,2,8483630,SJS,2026-01-29,2.1994,832,1.967,744,0.2324,88,0
2026,2,8483678,VAN,2026-04-16,2.0461,893,1.95,849,NA,NA,0
2026,2,8483678,VAN,2026-04-14,1.871,795,1.7655,745,NA,NA,1
2026,2,8483678,VAN,2026-04-12,2.254,967,2.0691,870,NA,NA,0
2026,2,8483678,VAN,2026-04-11,1.8993,828,1.7809,774,NA,NA,0
2026,2,8483678,VAN,2026-04-09,2.0891,860,2.0891,860,NA,NA,0
2026,2,8483678,VAN,2026-04-07,2.3475,969,2.2455,935,NA,NA,1
2026,2,8483678,VAN,2026-04-02,1.5204,688,1.283,569,NA,NA,0
2026,2,8483678,VAN,2026-04-01,2.3827,1051,2.1215,914,0.0014,0,0
2026,2,8483678,VAN,2026-03-30,1.8924,833,1.6426,714,NA,NA,0
2026,2,8483678,VAN,2026-03-26,2.5458,935,2.4864,903,NA,NA,1
2026,2,8484230,STL,2026-04-13,1.5272,644,1.2137,473,0.0163,16,1
2026,2,8484230,STL,2026-04-11,2.2913,840,2.0417,750,NA,NA,0
2026,2,8484230,STL,2026-04-09,2.5436,957,2.414,904,NA,NA,1
2026,2,8484230,STL,2026-04-03,1.5679,630,1.244,479,NA,NA,0
2026,2,8484230,STL,2026-04-01,2.4635,890,2.3961,867,NA,NA,0
2026,2,8484230,STL,2026-03-30,1.9681,720,1.8529,686,NA,NA,0
2026,2,8484230,STL,2026-03-28,2.1235,814,1.8819,729,NA,NA,1
2026,2,8484230,STL,2026-03-26,2.0508,772,1.9018,705,NA,NA,1
2026,2,8484230,STL,2026-03-24,1.871,674,1.6694,598,NA,NA,1
2026,2,8484230,STL,2026-03-21,2.2439,885,2.1557,841,NA,NA,0
2026,2,8484873,WSH,2026-04-14,3.0098,1194,2.4384,972,0.5335,199,0
2026,2,8484873,WSH,2026-04-12,2.6765,1039,2.4944,968,0.1821,69,1
2026,2,8484873,WSH,2026-04-11,2.9988,1142,2.6644,982,0.3344,160,0
2026,2,8484873,WSH,2026-04-08,2.536,1085,2.2731,969,0.2629,116,0
2026,2,8484873,WSH,2026-04-05,2.9002,1118,2.5325,966,0.3677,152,0
2026,2,8484873,WSH,2026-04-04,2.8334,1138,2.7254,1083,0.1079,55,1
2026,2,8484873,WSH,2026-04-02,2.9646,1128,2.7304,1039,0.2342,89,0
2026,2,8484873,WSH,2026-03-31,1.592,658,1.1567,474,0.4353,184,1
2026,2,8484873,WSH,2026-03-28,2.3046,911,1.8563,743,0.4484,168,0
2026,2,8484873,WSH,2026-03-26,2.3657,896,1.9234,742,0.4423,154,0
2026,2,8485406,PHI,2026-04-14,2.7151,1057,2.6334,1025,NA,NA,1
2026,2,8485406,PHI,2026-04-13,2.6827,1036,2.4588,943,0.2239,93,1
2026,2,8485406,PHI,2026-04-11,2.4259,925,2.1872,808,0.2387,117,0
2026,2,8485406,PHI,2026-04-09,2.933,1186,2.242,843,0.6909,343,0
2026,2,8485406,PHI,2026-04-07,2.4594,944,2.2657,870,0.1937,74,0
2026,2,8485406,PHI,2026-04-05,2.7207,1032,2.4163,867,0.3044,165,1
2026,2,8485406,PHI,2026-04-03,2.3056,913,1.9924,776,0.3132,137,0
2026,2,8485406,PHI,2026-04-02,2.6959,1095,2.5883,1042,0.1076,53,1
2026,2,8485406,PHI,2026-03-31,2.5427,1014,2.1749,817,0.3678,197,0
2026,2,8473507,"FLA,MIN",2026-04-14,2.6486,1206,2.4418,1076,NA,NA,1
2026,2,8473507,"FLA,MIN",2026-04-13,2.4826,1002,2.0854,818,NA,NA,0
2026,2,8473507,"FLA,MIN",2026-04-11,1.6711,656,1.6198,632,NA,NA,0
2026,2,8473507,"FLA,MIN",2026-04-09,1.7202,724,1.7202,724,NA,NA,0
2026,2,8473507,"FLA,MIN",2026-04-07,2.22,900,2.0365,791,NA,NA,1
2026,2,8473507,"FLA,MIN",2026-04-05,2.3431,943,2.3431,943,NA,NA,0
2026,2,8473507,"FLA,MIN",2026-03-28,1.8247,728,1.7667,696,NA,NA,0
2026,2,8473507,"FLA,MIN",2026-03-26,2.0596,873,2.0596,873,NA,NA,0
2026,2,8473507,"FLA,MIN",2026-03-15,1.5702,614,1.5702,614,NA,NA,1
2026,2,8473507,"FLA,MIN",2026-03-01,1.4525,590,1.4525,590,NA,NA,0
2026,2,8475760,"STL,NJD",2026-04-14,2.0868,782,2.0566,771,0.0302,11,0
2026,2,8475760,"STL,NJD",2026-04-12,1.6365,604,1.6365,604,NA,NA,1
2026,2,8475760,"STL,NJD",2026-04-11,1.9978,716,1.9978,716,NA,NA,0
2026,2,8475760,"STL,NJD",2026-04-09,2.3039,846,2.3039,846,NA,NA,1
2026,2,8475760,"STL,NJD",2026-04-07,2.0712,715,2.0712,715,NA,NA,1
2026,2,8475760,"STL,NJD",2026-04-05,1.478,540,1.478,540,NA,NA,0
2026,2,8475760,"STL,NJD",2026-04-04,1.5438,556,1.5438,556,NA,NA,1
2026,2,8475760,"STL,NJD",2026-04-02,2.0479,779,1.8685,699,NA,NA,1
2026,2,8475760,"STL,NJD",2026-03-31,1.9726,668,1.8605,621,NA,NA,0
2026,2,8475760,"STL,NJD",2026-03-29,1.1737,424,1.1737,424,NA,NA,1
2026,2,8476422,CAR,2026-04-14,3.2114,1330,3.0158,1241,NA,NA,0
2026,2,8476422,CAR,2026-04-13,1.835,733,1.835,733,NA,NA,0
2026,2,8476422,CAR,2026-04-11,1.5177,631,1.4631,601,NA,NA,0
2026,2,8476422,CAR,2026-04-09,2.3124,935,2.0247,795,NA,NA,0
2026,2,8476422,CAR,2026-03-24,1.9016,742,1.9016,742,NA,NA,0
2026,2,8476422,CAR,2026-03-22,1.5024,669,1.5024,669,NA,NA,0
2026,2,8476422,CAR,2026-03-20,1.334,547,1.334,547,NA,NA,0
2026,2,8476422,CAR,2026-03-18,1.9487,814,1.9487,814,NA,NA,1
2026,2,8476422,CAR,2026-03-17,2.3617,969,2.2955,940,NA,NA,0
2026,2,8476422,CAR,2026-03-14,1.8987,751,1.8952,749,NA,NA,0
2026,2,8476438,VGK,2026-04-11,1.7071,641,1.7071,641,NA,NA,0
2026,2,8476438,VGK,2026-04-09,2.4092,853,2.4092,853,NA,NA,0
2026,2,8476438,VGK,2026-04-07,2.2276,805,2.1598,781,0.0678,24,0
2026,2,8476438,VGK,2026-03-08,1.4875,516,1.3776,486,NA,NA,1
2026,2,8476438,VGK,2026-03-06,1.3544,519,1.2892,496,NA,NA,1
2026,2,8476438,VGK,2026-03-04,1.4248,502,1.4248,502,NA,NA,0
2026,2,8476438,VGK,2026-03-03,1.3631,494,1.3588,492,0.0043,2,0
2026,2,8476438,VGK,2026-03-01,2.8454,988,2.52,873,NA,NA,0
2026,2,8476438,VGK,2026-02-27,2.0201,748,1.5463,581,NA,NA,0
2026,2,8476438,VGK,2026-02-25,2.2333,815,2.1741,775,NA,NA,0
2026,2,8476822,"NJD,PHI",2026-04-14,2.2512,897,1.9436,753,NA,NA,1
2026,2,8476822,"NJD,PHI",2026-04-13,1.747,660,1.7178,635,NA,NA,1
2026,2,8476822,"NJD,PHI",2026-04-11,2.3186,920,1.925,753,NA,NA,0
2026,2,8476822,"NJD,PHI",2026-04-09,1.6297,625,1.2982,487,NA,NA,0
2026,2,8476822,"NJD,PHI",2026-04-07,2.1079,826,1.7193,639,NA,NA,0
2026,2,8476822,"NJD,PHI",2026-04-05,1.7133,643,1.528,573,NA,NA,1
2026,2,8476822,"NJD,PHI",2026-04-03,2.2375,903,1.9632,763,NA,NA,0
2026,2,8476822,"NJD,PHI",2026-04-02,1.4356,569,1.2122,471,NA,NA,1
2026,2,8476822,"NJD,PHI",2026-03-31,1.4978,562,1.142,403,NA,NA,0
2026,2,8476822,"NJD,PHI",2026-03-29,2.05,747,1.7381,640,NA,NA,1
2026,2,8476879,LAK,2026-04-16,2.4497,1106,2.0961,912,NA,NA,0
2026,2,8476879,LAK,2026-04-14,2.4909,1105,2.3215,979,0.0023,3,0
2026,2,8476879,LAK,2026-04-13,2.7264,1185,2.7055,1172,0.0209,13,0
2026,2,8476879,LAK,2026-04-11,2.3257,1087,2.1917,1023,NA,NA,1
2026,2,8476879,LAK,2026-04-09,2.3497,1083,2.3497,1083,NA,NA,1
2026,2,8476879,LAK,2026-04-06,2.307,1065,2.1515,964,NA,NA,1
2026,2,8476879,LAK,2026-04-04,1.6007,766,1.3061,562,NA,NA,1
2026,2,8476879,LAK,2026-04-02,2.3388,1052,2.0074,907,NA,NA,1
2026,2,8476879,LAK,2026-04-01,2.3603,1042,2.08,896,NA,NA,1
2026,2,8476879,LAK,2026-03-28,2.3826,988,2.2614,898,NA,NA,1
2026,2,8478366,ANA,2026-04-14,1.363,511,1.363,511,NA,NA,0
2026,2,8478366,ANA,2026-04-09,1.9068,735,1.9068,735,NA,NA,1
2026,2,8478366,ANA,2026-04-03,1.9257,757,1.4232,544,0.3484,145,1
2026,2,8478366,ANA,2026-04-01,1.6491,631,1.4456,550,0.2036,81,0
2026,2,8478366,ANA,2026-03-28,0.8345,360,0.8345,360,NA,NA,0
2026,2,8478366,ANA,2026-03-26,2.0584,818,1.6056,638,0.4527,180,0
2026,2,8478366,ANA,2026-03-18,0.9263,348,0.7329,279,NA,NA,1
2026,2,8478366,ANA,2026-03-15,1.431,557,1.2354,461,NA,NA,0
2026,2,8478366,ANA,2026-03-14,1.181,485,1.1138,450,4e-4,1,0
2026,2,8478366,ANA,2026-03-08,1.7031,619,1.5548,575,0.1484,44,1
2026,2,8479066,CGY,2026-03-24,1.3613,506,1.3613,506,NA,NA,1
2026,2,8479066,CGY,2026-03-16,1.5297,585,1.5297,585,NA,NA,0
2026,2,8479066,CGY,2026-03-09,1.4352,519,1.4352,519,NA,NA,0
2026,2,8479066,CGY,2026-03-07,1.8147,647,1.7864,638,0.0283,9,1
2026,2,8479066,CGY,2026-03-05,1.4058,520,1.4058,520,NA,NA,1
2026,2,8479066,CGY,2026-03-03,2.1413,784,2.1413,784,NA,NA,1
2026,2,8479066,CGY,2026-03-01,1.7613,597,1.7613,597,NA,NA,0
2026,2,8479066,CGY,2026-02-04,1.295,468,1.295,468,NA,NA,1
2026,2,8479066,CGY,2026-02-02,1.7394,635,1.7394,635,NA,NA,1
2026,2,8479066,CGY,2026-01-31,1.4772,555,1.4755,554,0.0017,1,1
2026,2,8479324,SEA,2026-04-16,2.2939,1018,1.7597,716,NA,NA,0
2026,2,8479324,SEA,2026-04-13,2.7453,1122,2.5367,1022,NA,NA,1
2026,2,8479324,SEA,2026-04-11,2.8545,1176,2.6795,1088,0.0041,2,1
2026,2,8479324,SEA,2026-04-07,2.0326,914,1.897,819,NA,NA,0
2026,2,8479324,SEA,2026-04-06,2.6974,1151,2.4772,1009,NA,NA,0
2026,2,8479324,SEA,2026-04-04,2.3876,1022,2.119,894,NA,NA,1
2026,2,8479324,SEA,2026-04-02,2.2513,1003,1.8949,763,NA,NA,1
2026,2,8479324,SEA,2026-03-31,2.4101,980,2.2796,913,NA,NA,0
2026,2,8479324,SEA,2026-03-28,1.8758,847,1.6378,688,NA,NA,0
2026,2,8479324,SEA,2026-03-26,2.8638,1199,2.7079,1107,NA,NA,0
2026,2,8479393,FLA,2026-04-15,2.3038,823,1.9555,695,0.073,23,1
2026,2,8479393,FLA,2026-04-13,2.3571,888,1.8318,679,0.1351,47,1
2026,2,8479393,FLA,2026-04-11,2.4852,904,2.327,846,0.1582,58,0
2026,2,8479393,FLA,2026-04-09,2.1265,752,2.1265,752,NA,NA,0
2026,2,8479393,FLA,2026-04-07,1.9456,689,1.8931,674,0.0524,15,0
2026,2,8479393,FLA,2026-04-05,1.4035,489,1.2456,432,NA,NA,0
2026,2,8479393,FLA,2026-04-04,2.1093,808,2.1093,808,NA,NA,0
2026,2,8479393,FLA,2026-04-02,1.7977,652,1.7977,652,NA,NA,1
2026,2,8479393,FLA,2026-03-31,1.5559,565,1.5559,565,NA,NA,1
2026,2,8479393,FLA,2026-03-29,2.1092,809,1.7205,623,0.3155,154,0
2026,2,8479520,WSH,2026-04-14,1.6979,601,1.6979,601,NA,NA,0
2026,2,8479520,WSH,2026-04-12,1.4933,597,1.4933,597,NA,NA,1
2026,2,8479520,WSH,2026-04-11,2.2824,882,2.2824,882,NA,NA,0
2026,2,8479520,WSH,2026-04-08,1.5472,606,1.5472,606,NA,NA,0
2026,2,8479520,WSH,2026-04-05,1.8742,809,1.6272,674,0.0212,8,0
2026,2,8479520,WSH,2026-04-04,1.7868,703,1.643,628,NA,NA,1
2026,2,8479520,WSH,2026-04-02,1.7677,727,1.6059,646,NA,NA,0
2026,2,8479520,WSH,2026-03-31,1.8279,704,1.5838,587,NA,NA,1
2026,2,8479520,WSH,2026-03-28,2.3345,953,2.1276,829,NA,NA,0
2026,2,8479520,WSH,2026-03-26,1.4846,635,1.2806,522,NA,NA,0
2026,2,8480829,CAR,2026-04-14,2.8416,1049,2.6941,1001,0.1396,45,0
2026,2,8480829,CAR,2026-04-13,2.5899,921,2.5899,921,NA,NA,0
2026,2,8480829,CAR,2026-04-11,1.6469,592,1.4862,525,0.1608,66,0
2026,2,8480829,CAR,2026-04-09,2.2683,837,2.1379,778,0.1292,56,0
2026,2,8480829,CAR,2026-04-05,2.0934,844,2.0934,844,NA,NA,0
2026,2,8480829,CAR,2026-03-04,1.6609,629,1.6609,629,NA,NA,0
2026,2,8480829,CAR,2026-02-05,1.5552,574,1.5552,574,NA,NA,0
2026,2,8480829,CAR,2026-02-03,1.4562,514,1.4562,514,NA,NA,1
2026,2,8480829,CAR,2026-02-01,1.5138,560,1.4979,553,0.0159,7,1
2026,2,8480829,CAR,2026-01-31,2.0169,746,2.0169,746,NA,NA,0
2026,2,8480950,DAL,2026-04-15,1.924,939,1.7148,798,NA,NA,0
2026,2,8480950,DAL,2026-04-13,2.3069,1008,2.2351,973,NA,NA,0
2026,2,8480950,DAL,2026-04-11,2.1301,1000,1.8587,852,NA,NA,1
2026,2,8480950,DAL,2026-04-09,2.6277,1208,2.4684,1131,NA,NA,1
2026,2,8480950,DAL,2026-04-07,1.3728,569,1.3728,569,NA,NA,1
2026,2,8480950,DAL,2026-04-04,1.5729,653,1.5708,651,0.0021,2,1
2026,2,8480950,DAL,2026-04-02,1.731,780,1.5895,706,NA,NA,1
2026,2,8480950,DAL,2026-03-31,2.0533,833,2.0533,833,NA,NA,0
2026,2,8480950,DAL,2026-03-22,1.7343,784,1.5808,702,NA,NA,1
2026,2,8480950,DAL,2026-03-06,1.5131,620,1.5131,620,NA,NA,1
2026,2,8481641,COL,2026-04-16,2.3605,862,2.116,773,0.0016,1,1
2026,2,8481641,COL,2026-04-14,1.7508,584,1.4637,488,NA,NA,0
2026,2,8481641,COL,2026-04-13,1.3286,465,1.3286,465,NA,NA,0
2026,2,8481641,COL,2026-04-11,1.6201,590,1.5462,562,NA,NA,1
2026,2,8481641,COL,2026-04-09,1.6225,538,1.6225,538,NA,NA,1
2026,2,8481641,COL,2026-04-05,1.9813,686,1.6739,590,NA,NA,1
2026,2,8481641,COL,2026-04-04,1.8882,641,1.7679,595,NA,NA,0
2026,2,8481641,COL,2026-04-01,1.4536,491,1.3035,445,NA,NA,1
2026,2,8481641,COL,2026-03-30,1.9193,655,1.8101,619,NA,NA,1
2026,2,8481641,COL,2026-03-28,1.4298,455,1.1167,363,NA,NA,1
2026,2,8481754,ANA,2026-01-13,1.8406,687,1.7949,666,NA,NA,1
2026,2,8481754,ANA,2026-01-10,1.8316,647,1.8019,633,NA,NA,0
2026,2,8481754,ANA,2026-01-05,2.0636,745,2.0636,745,NA,NA,0
2026,2,8481754,ANA,2026-01-02,2.2509,887,2.2397,877,NA,NA,1
2026,2,8481754,ANA,2025-12-31,2.2007,804,2.1174,775,NA,NA,1
2026,2,8481754,ANA,2025-12-29,2.1099,759,2.1073,759,NA,NA,1
2026,2,8481754,ANA,2025-11-30,1.7426,588,1.7426,588,NA,NA,0
2026,2,8481754,ANA,2025-11-28,2.3048,843,2.3048,843,NA,NA,1
2026,2,8481754,ANA,2025-11-26,1.8868,682,1.5746,569,0.0359,11,1
2026,2,8481754,ANA,2025-11-22,1.337,469,1.0677,375,NA,NA,1
2026,2,8482111,NSH,2026-04-16,2.7006,1117,2.2495,896,NA,NA,1
2026,2,8482111,NSH,2026-04-13,2.5537,1045,2.5537,1045,NA,NA,1
2026,2,8482111,NSH,2026-04-11,2.3088,980,2.3088,980,NA,NA,1
2026,2,8482111,NSH,2026-04-09,2.8842,1183,2.5729,1034,0.1161,39,0
2026,2,8482111,NSH,2026-04-07,2.4594,1053,2.2453,973,0.1727,58,0
2026,2,8482111,NSH,2026-04-06,3.0668,1320,3.0668,1320,NA,NA,0
2026,2,8482111,NSH,2026-04-04,2.4183,1042,2.2735,977,NA,NA,0
2026,2,8482111,NSH,2026-04-02,2.0901,918,1.9557,872,0.0928,28,0
2026,2,8482111,NSH,2026-03-29,2.1596,862,2.0721,832,0.0764,26,0
2026,2,8482111,NSH,2026-03-28,2.0367,850,2.0367,850,NA,NA,1
2026,2,8482125,VGK,2026-02-27,1.2379,484,1.2379,484,NA,NA,0
2026,2,8482125,VGK,2026-02-25,2.4845,850,2.1967,748,0.2878,102,0
2026,2,8482125,VGK,2026-02-05,2.0667,724,1.8774,668,0.1893,56,1
2026,2,8482125,VGK,2026-02-04,2.2941,849,2.2941,849,NA,NA,1
2026,2,8482125,VGK,2026-02-01,1.8094,645,1.8094,645,NA,NA,0
2026,2,8482125,VGK,2026-01-31,1.708,605,1.6512,592,0.0568,13,1
2026,2,8482125,VGK,2026-01-29,2.242,791,2.242,791,NA,NA,1
2026,2,8482125,VGK,2026-01-27,0.9248,318,0.9248,318,NA,NA,0
2026,2,8482125,VGK,2026-01-23,1.6596,585,1.6596,585,NA,NA,0
2026,2,8482125,VGK,2026-01-22,1.7371,617,1.7371,617,NA,NA,0
2026,2,8482408,LAK,2026-04-09,1.4287,488,1.4287,488,NA,NA,1
2026,2,8482408,LAK,2026-04-06,1.3586,467,1.3586,467,NA,NA,1
2026,2,8482408,LAK,2026-04-04,0.902,318,0.902,318,NA,NA,1
2026,2,8482408,LAK,2026-03-28,1.409,500,1.409,500,NA,NA,1
2026,2,8482408,LAK,2026-03-26,1.2346,439,1.2346,439,NA,NA,0
2026,2,8482408,LAK,2026-03-24,1.2806,436,1.2806,436,NA,NA,0
2026,2,8482408,LAK,2026-03-21,1.7515,600,1.7515,600,NA,NA,1
2026,2,8482408,LAK,2026-03-19,1.3033,508,1.3001,506,0.0032,2,1
2026,2,8482408,LAK,2026-03-16,1.9501,719,1.9501,719,NA,NA,0
2026,2,8482408,LAK,2026-03-14,1.5264,582,1.5264,582,NA,NA,0
2026,2,8482726,LAK,2026-04-16,1.3027,486,1.3027,486,NA,NA,0
2026,2,8482726,LAK,2026-04-14,0.8522,324,0.8522,324,NA,NA,0
2026,2,8482726,LAK,2026-04-13,1.0799,404,1.0799,404,NA,NA,0
2026,2,8482726,LAK,2026-04-11,1.1466,376,1.1466,376,NA,NA,1
2026,2,8482726,LAK,2026-04-09,1.2694,462,1.2694,462,NA,NA,1
2026,2,8482726,LAK,2026-04-06,1.2001,461,1.2001,461,NA,NA,1
2026,2,8482726,LAK,2026-04-04,0.9996,350,0.9996,350,NA,NA,1
2026,2,8482726,LAK,2026-04-02,1.1238,373,1.1238,373,NA,NA,1
2026,2,8482726,LAK,2026-03-28,1.4278,482,1.3999,474,0.0278,8,1
2026,2,8482726,LAK,2026-03-26,1.2804,436,1.2804,436,NA,NA,0
2026,2,8483731,PHI,2026-04-14,2.7343,1013,2.7343,1013,NA,NA,1
2026,2,8483731,PHI,2026-04-09,1.7868,687,1.7617,680,0.0251,7,0
2026,2,8483731,PHI,2026-04-07,1.8807,691,1.8807,691,NA,NA,0
2026,2,8483731,PHI,2026-04-05,1.8404,702,1.8157,691,0.0247,11,1
2026,2,8483731,PHI,2026-04-03,1.6015,549,1.6015,549,NA,NA,0
2026,2,8483731,PHI,2026-03-29,1.611,586,1.611,586,NA,NA,1
2026,2,8483731,PHI,2026-03-28,2.1655,788,2.1655,788,NA,NA,0
2026,2,8483731,PHI,2026-03-26,1.6911,641,1.6911,641,NA,NA,1
2026,2,8483731,PHI,2026-03-24,1.7044,659,1.7044,659,NA,NA,1
2026,2,8483731,PHI,2026-03-21,1.9796,809,1.6055,627,0.3742,182,0
2026,2,8484768,CGY,2026-04-16,3.0994,1330,2.6281,1107,0.4713,223,1
2026,2,8484768,CGY,2026-04-14,3.5204,1341,3.047,1182,0.45,150,1
2026,2,8484768,CGY,2026-04-12,3.5578,1429,2.7965,1129,0.7613,300,1
2026,2,8484768,CGY,2026-04-11,3.228,1326,2.9987,1239,0.2292,87,0
2026,2,8484768,CGY,2026-04-09,2.8885,1077,2.6544,993,0.2341,84,0
2026,2,8484768,CGY,2026-04-07,2.9211,1130,2.2976,875,0.598,244,0
2026,2,8484768,CGY,2026-04-04,2.2806,949,2.0081,841,0.2725,108,0
2026,2,8484768,CGY,2026-04-02,2.5868,1092,2.3056,972,0.2812,120,0
2026,2,8484768,CGY,2026-03-30,2.3146,937,2.1871,877,0.1275,60,0
2026,2,8484768,CGY,2026-03-28,2.2849,989,1.8672,815,0.4176,174,1
2026,2,8485391,CHI,2026-04-15,2.237,794,1.7923,603,0.4447,191,1
2026,2,8485391,CHI,2026-04-13,2.9527,1146,2.1323,775,0.8203,371,1
2026,2,8485391,CHI,2026-04-11,3.1748,1151,2.7751,993,0.3998,158,1
2026,2,8485391,CHI,2026-04-09,3.5848,1231,2.9256,965,0.6592,266,1
2026,2,8485391,CHI,2026-04-06,2.893,1124,2.4164,847,0.4766,277,0
2026,2,8485391,CHI,2026-04-04,2.778,1010,2.1191,758,0.6589,252,0
2026,2,8485391,CHI,2026-04-02,3.0577,1041,2.7003,924,0.3574,117,0
2026,2,8485391,CHI,2026-03-31,2.8365,1009,2.5174,867,0.3192,142,1
2026,2,8485391,CHI,2026-03-29,2.6913,1012,2.2291,799,0.4623,213,0
2026,2,8485391,CHI,2026-03-27,3.2261,1250,2.5833,981,0.6428,269,0
2026,2,8475714,TOR,2026-04-13,1.4137,562,1.0931,417,0.0411,22,1
2026,2,8475714,TOR,2026-04-11,2.0033,786,1.8698,722,NA,NA,1
2026,2,8475714,TOR,2026-04-09,2.4205,1003,1.8483,702,NA,NA,0
2026,2,8475714,TOR,2026-04-08,1.958,758,1.4165,522,0.1843,81,1
2026,2,8475714,TOR,2026-04-04,2.3699,951,1.6198,591,NA,NA,0
2026,2,8475714,TOR,2026-04-02,1.9353,782,1.5932,649,NA,NA,0
2026,2,8475714,TOR,2026-03-30,2.4087,1011,1.6511,615,0.1194,51,0
2026,2,8475714,TOR,2026-03-28,2.059,802,1.652,624,0.2055,101,0
2026,2,8475714,TOR,2026-03-25,1.8573,797,1.5475,593,NA,NA,1
2026,2,8475714,TOR,2026-03-21,1.521,594,1.2235,458,NA,NA,0
2026,2,8475763,PIT,2026-04-14,2.4529,841,2.2668,772,0.1862,69,0
2026,2,8475763,PIT,2026-04-12,2.3503,835,2.2728,792,0.0774,43,0
2026,2,8475763,PIT,2026-04-11,2.525,891,2.525,891,NA,NA,1
2026,2,8475763,PIT,2026-03-03,1.2536,446,1.2536,446,NA,NA,0
2026,2,8475763,PIT,2026-02-05,1.2708,427,1.2367,413,NA,NA,0
2026,2,8475763,PIT,2026-01-11,1.7676,619,1.7676,619,NA,NA,0
2026,2,8475763,PIT,2026-01-10,1.3357,465,1.3357,465,NA,NA,1
2026,2,8475763,PIT,2025-12-23,2.0187,714,2.0187,714,NA,NA,0
2026,2,8475763,PIT,2025-12-21,1.6866,566,1.4889,505,0.1977,61,1
2026,2,8475763,PIT,2025-12-20,2.1996000000000002,824,1.9085,729,0.2912,95,0
2026,2,8476958,CAR,2026-04-11,3.3843,1614,2.7042,1235,NA,NA,0
2026,2,8476958,CAR,2026-04-07,3.0291,1313,2.7267,1169,0.006,5,1
2026,2,8476958,CAR,2026-04-05,2.7858,1283,2.5878,1157,NA,NA,0
2026,2,8476958,CAR,2026-04-04,2.7847,1254,2.6101,1180,NA,NA,1
2026,2,8476958,CAR,2026-04-02,2.6837,1237,2.2807,1016,NA,NA,1
2026,2,8476958,CAR,2026-03-31,2.8012,1247,2.5058,1084,NA,NA,0
2026,2,8476958,CAR,2026-03-29,2.5988,1147,2.1941,954,NA,NA,1
2026,2,8476958,CAR,2026-03-28,2.9162,1300,2.5413,1089,NA,NA,1
2026,2,8476958,CAR,2026-03-24,2.9344,1339,2.4617,1120,NA,NA,0
2026,2,8476958,CAR,2026-03-22,2.7146,1246,2.5803,1169,0.0109,11,0
2026,2,8477406,EDM,2026-02-25,0.3528,150,0.3361,132,NA,NA,0
2026,2,8477406,EDM,2026-02-04,0.8721,332,0.7124,271,NA,NA,0
2026,2,8477406,EDM,2026-02-03,1.5975,630,1.5716,624,NA,NA,1
2026,2,8477406,EDM,2026-01-31,1.7201,648,1.6074,587,NA,NA,1
2026,2,8477406,EDM,2026-01-29,1.5137,582,1.3124,503,NA,NA,1
2026,2,8477406,EDM,2026-01-26,1.9551,825,1.6058,647,NA,NA,1
2026,2,8477406,EDM,2026-01-24,1.5996,685,1.1625,455,NA,NA,1
2026,2,8477406,EDM,2026-01-22,1.7246,700,1.6324,652,NA,NA,1
2026,2,8477406,EDM,2026-01-20,1.9901,762,1.8929,731,NA,NA,1
2026,2,8477406,EDM,2026-01-18,2.3645,1006,1.791,743,NA,NA,1
2026,2,8477454,DAL,2026-04-15,2.0685,803,1.9031,741,7e-4,0,0
2026,2,8477454,DAL,2026-04-11,1.7373,632,1.7313,627,0.006,5,1
2026,2,8477454,DAL,2026-04-09,1.773,635,1.773,635,NA,NA,1
2026,2,8477454,DAL,2026-04-07,1.8778,656,1.8701,651,0.0077,5,1
2026,2,8477454,DAL,2026-04-04,1.6701,559,1.6683,557,0.0019,2,1
2026,2,8477454,DAL,2026-04-02,1.9433,650,1.9433,650,NA,NA,1
2026,2,8477454,DAL,2026-03-31,1.9662,689,1.9662,689,NA,NA,0
2026,2,8477454,DAL,2026-03-29,1.7008,639,1.7008,639,NA,NA,0
2026,2,8477454,DAL,2026-03-26,1.4634,568,1.4634,568,NA,NA,0
2026,2,8477454,DAL,2026-03-24,1.7451,628,1.7451,628,NA,NA,1
2026,2,8477947,WSH,2026-02-03,1.0548,369,0.9088,323,0.146,46,0
2026,2,8477947,WSH,2026-02-02,1.2628,441,0.7838,285,0.4791,156,1
2026,2,8477947,WSH,2026-01-31,1.365,509,0.9595,372,0.4055,137,1
2026,2,8477947,WSH,2026-01-15,1.2356,448,1.1878,435,0.0478,13,1
2026,2,8477947,WSH,2026-01-13,1.6977,561,1.0516,375,0.6462,186,1
2026,2,8477947,WSH,2026-01-07,1.3731,479,1.3731,479,NA,NA,1
2026,2,8477947,WSH,2026-01-05,1.0961,368,1.0961,368,NA,NA,1
2026,2,8477947,WSH,2026-01-03,1.3441,445,1.3441,445,NA,NA,1
2026,2,8477947,WSH,2025-12-23,1.1214,427,1.0647,398,0.0568,29,1
2026,2,8477947,WSH,2025-12-20,1.5421,561,1.2766,466,0.2655,95,1
2026,2,8478104,"TOR,MTL",2026-01-15,1.3502,449,1.188,449,0.1622,0,0
2026,2,8478104,"TOR,MTL",2026-01-13,1.11,378,1.11,378,NA,NA,0
2026,2,8478104,"TOR,MTL",2026-01-12,1.9023,666,1.9023,666,NA,NA,1
2026,2,8478104,"TOR,MTL",2026-01-10,1.4721,491,1.4721,491,NA,NA,1
2026,2,8478104,"TOR,MTL",2026-01-08,1.2613,456,1.2613,456,NA,NA,1
2026,2,8478104,"TOR,MTL",2026-01-07,1.8449,638,1.8449,638,NA,NA,1
2026,2,8478104,"TOR,MTL",2026-01-04,1.3129,500,1.3129,500,NA,NA,0
2026,2,8478104,"TOR,MTL",2026-01-03,1.1648,403,1.1648,402,NA,NA,0
2026,2,8478104,"TOR,MTL",2026-01-01,1.7228,605,1.7228,605,NA,NA,0
2026,2,8478104,"TOR,MTL",2025-12-30,1.3485,489,1.3485,489,NA,NA,0
2026,2,8478424,ANA,2026-03-24,0.3773,125,0.3773,125,NA,NA,0
2026,2,8478424,ANA,2026-03-22,1.5277,516,1.5277,516,NA,NA,1
2026,2,8478424,ANA,2026-03-20,1.41,498,1.41,498,NA,NA,0
2026,2,8478424,ANA,2026-03-18,0.7305,246,0.7305,246,NA,NA,1
2026,2,8478424,ANA,2026-03-15,1.4899,485,1.4899,485,NA,NA,0
2026,2,8478424,ANA,2026-03-14,1.3773,496,1.3773,496,NA,NA,0
2026,2,8478424,ANA,2026-03-12,1.1137,405,1.1137,405,NA,NA,0
2026,2,8478424,ANA,2026-03-10,1.4844,517,1.4844,517,NA,NA,0
2026,2,8478424,ANA,2026-03-06,1.8142,628,1.8142,628,NA,NA,1
2026,2,8478424,ANA,2026-03-03,1.6732,590,1.6732,590,NA,NA,1
2026,2,8479982,BUF,2026-04-15,2.3536,1018,2.1081,902,NA,NA,1
2026,2,8479982,BUF,2026-04-13,2.1992,1011,1.7308,735,NA,NA,0
2026,2,8479982,BUF,2026-04-08,2.1465,986,2.0404,912,NA,NA,0
2026,2,8479982,BUF,2026-03-28,2.3413,1000,1.8594,757,0.0017,0,1
2026,2,8479982,BUF,2026-03-27,2.0773,870,1.4267,553,0.0023,0,1
2026,2,8479982,BUF,2026-03-25,2.2997,930,1.9638,793,NA,NA,1
2026,2,8479982,BUF,2025-12-18,2.2098,960,1.9644,834,NA,NA,1
2026,2,8479982,BUF,2025-12-14,2.3189,1030,2.1791,943,NA,NA,0
2026,2,8479982,BUF,2025-12-11,2.819,1287,2.4893,1109,NA,NA,0
2026,2,8479982,BUF,2025-12-09,2.7464,1329,2.1933,998,0.0059,6,0
2026,2,8480084,UTA,2026-04-16,2.6418,987,2.6171,976,NA,NA,1
2026,2,8480084,UTA,2026-04-07,0.5756,199,0.5756,199,NA,NA,1
2026,2,8480084,UTA,2026-04-04,2.374,954,2.2855,911,NA,NA,0
2026,2,8480084,UTA,2026-03-10,2.6954,1078,2.6441,1053,0.0111,7,0
2026,2,8480084,UTA,2026-03-09,2.1633,857,2.1607,854,NA,NA,0
2026,2,8480084,UTA,2026-03-07,2.1986,905,2.1986,905,NA,NA,0
2026,2,8480084,UTA,2026-03-05,2.7267,1065,2.6043,1011,NA,NA,0
2026,2,8480084,UTA,2026-02-25,2.2314,857,2.2314,857,NA,NA,1
2026,2,8480084,UTA,2026-02-04,2.2533,887,2.2533,887,NA,NA,1
2026,2,8480084,UTA,2026-02-02,2.5358,960,2.5315,957,NA,NA,1
2026,2,8480192,NJD,2026-04-14,2.7151,1183,2.7151,1183,NA,NA,0
2026,2,8480192,NJD,2026-04-12,2.2876,1000,1.8935,803,NA,NA,1
2026,2,8480192,NJD,2026-04-11,2.535,1122,2.3837,1031,NA,NA,0
2026,2,8480192,NJD,2026-04-09,2.5632,1164,2.3334,1063,0.0316,12,1
2026,2,8480192,NJD,2026-04-07,2.7747,1217,2.5334,1087,NA,NA,1
2026,2,8480192,NJD,2026-04-05,2.1945,1049,2.0426,961,NA,NA,0
2026,2,8480192,NJD,2026-04-04,2.8711,1268,2.3272,966,NA,NA,1
2026,2,8480192,NJD,2026-04-02,2.7323,1273,2.5661,1175,NA,NA,1
2026,2,8480192,NJD,2026-03-31,2.4429,1054,2.0492,867,NA,NA,0
2026,2,8480192,NJD,2026-03-29,2.6461,1210,2.4528,1078,NA,NA,1
2026,2,8480196,"BUF,WPG",2026-04-14,2.419,1024,1.9079,767,NA,NA,0
2026,2,8480196,"BUF,WPG",2026-04-13,1.9368,801,1.6,627,NA,NA,0
2026,2,8480196,"BUF,WPG",2026-04-11,2.2715,865,2.2715,865,NA,NA,1
2026,2,8480196,"BUF,WPG",2026-04-09,1.6513,674,1.6513,674,NA,NA,0
2026,2,8480196,"BUF,WPG",2026-04-06,2.1686,928,2.1686,928,NA,NA,1
2026,2,8480196,"BUF,WPG",2026-04-04,1.7816,728,1.7816,728,NA,NA,0
2026,2,8480196,"BUF,WPG",2026-03-31,1.6125,647,1.6125,647,NA,NA,0
2026,2,8480196,"BUF,WPG",2026-03-28,1.403,566,1.403,566,NA,NA,0
2026,2,8480196,"BUF,WPG",2026-03-19,1.7101,709,1.7101,709,NA,NA,0
2026,2,8480196,"BUF,WPG",2026-03-17,1.4773,564,1.4773,564,NA,NA,1
2026,2,8482117,"CHI,VAN,BOS",2026-04-12,2.141,739,2.141,739,NA,NA,0
2026,2,8482117,"CHI,VAN,BOS",2026-04-05,1.9838,705,1.9838,705,NA,NA,0
2026,2,8482117,"CHI,VAN,BOS",2026-04-02,1.7028,603,1.6228,576,0.0799,27,0
2026,2,8482117,"CHI,VAN,BOS",2026-03-31,2.1826,745,2.066,686,0.1166,59,1
2026,2,8482117,"CHI,VAN,BOS",2026-03-29,2.1728,756,2.0946,717,0.0782,39,0
2026,2,8482117,"CHI,VAN,BOS",2026-03-28,2.0109,718,1.8925,654,0.1184,64,1
2026,2,8482117,"CHI,VAN,BOS",2026-03-25,2.4498,899,2.3074,845,0.1424,54,0
2026,2,8482117,"CHI,VAN,BOS",2026-03-24,2.498,989,2.1888,842,0.2831,140,1
2026,2,8482117,"CHI,VAN,BOS",2026-03-21,1.7259,653,1.624,606,0.1019,47,0
2026,2,8482117,"CHI,VAN,BOS",2026-03-19,2.3827,885,2.2261,815,0.1566,70,1
2026,2,8482131,"OTT,FLA",2026-04-15,2.7681,1203,2.6452,1140,NA,NA,1
2026,2,8482131,"OTT,FLA",2026-04-13,2.8483,1317,2.4462,1116,NA,NA,1
2026,2,8482131,"OTT,FLA",2026-04-11,2.765,1170,2.765,1170,NA,NA,0
2026,2,8482131,"OTT,FLA",2026-04-09,2.7527,1224,2.6514,1184,NA,NA,0
2026,2,8482131,"OTT,FLA",2026-04-07,2.4729,1164,2.376,1118,NA,NA,0
2026,2,8482131,"OTT,FLA",2026-04-05,1.8888,840,1.4539,686,NA,NA,0
2026,2,8482131,"OTT,FLA",2026-04-04,2.9307,1362,2.7444,1256,NA,NA,0
2026,2,8482131,"OTT,FLA",2026-04-02,2.7926,1229,2.647,1171,NA,NA,1
2026,2,8482131,"OTT,FLA",2026-03-31,2.4912,1075,1.9779,832,NA,NA,1
2026,2,8482131,"OTT,FLA",2026-03-29,2.1997,1062,2.0721,988,NA,NA,0
2026,2,8482470,"COL,PIT",2026-04-14,1.9588,871,1.9588,871,NA,NA,0
2026,2,8482470,"COL,PIT",2026-04-12,2.8752,1185,2.8752,1185,NA,NA,0
2026,2,8482470,"COL,PIT",2026-04-11,2.3653,942,2.3653,942,NA,NA,1
2026,2,8482470,"COL,PIT",2026-03-18,1.6846,759,1.6011,725,NA,NA,0
2026,2,8482470,"COL,PIT",2026-03-16,1.8308,801,1.8308,801,NA,NA,0
2026,2,8482470,"COL,PIT",2026-03-14,1.5548,666,1.5347,658,0.0201,8,0
2026,2,8482470,"COL,PIT",2026-03-12,1.8779,775,1.8626,768,0.0153,7,0
2026,2,8482470,"COL,PIT",2026-03-10,1.8317,841,1.6542,738,NA,NA,0
2026,2,8482470,"COL,PIT",2026-03-08,2.0019,852,1.9305,801,NA,NA,1
2026,2,8482470,"COL,PIT",2026-02-05,1.7611,728,1.6518,675,NA,NA,0
2026,2,8483425,DAL,2026-04-15,2.7846,1237,2.5246,1085,4e-4,0,0
2026,2,8483425,DAL,2026-04-11,2.0988,891,1.8805,790,NA,NA,1
2026,2,8483425,DAL,2026-04-09,2.8214,1225,2.8065,1221,NA,NA,1
2026,2,8483425,DAL,2026-04-07,1.9896,822,1.9896,822,NA,NA,1
2026,2,8483425,DAL,2026-04-04,2.1942,956,2.0836,906,NA,NA,1
2026,2,8483425,DAL,2026-04-02,2.3917,993,2.1099,854,NA,NA,1
2026,2,8483425,DAL,2026-03-31,2.2109,912,2.1651,887,NA,NA,0
2026,2,8483425,DAL,2026-03-29,2.0932,893,2.0888,887,NA,NA,0
2026,2,8483425,DAL,2026-03-28,1.9778,852,1.9703,848,NA,NA,0
2026,2,8483425,DAL,2026-03-26,2.2539,971,2.0526,879,NA,NA,0
2026,2,8483513,NSH,2026-04-16,1.4208,499,1.4208,499,NA,NA,1
2026,2,8483513,NSH,2026-04-13,1.113,396,1.113,396,NA,NA,1
2026,2,8483513,NSH,2026-04-11,1.5803,587,1.5803,587,NA,NA,1
2026,2,8483513,NSH,2026-04-09,1.4417,503,1.4417,503,NA,NA,0
2026,2,8483513,NSH,2026-04-07,1.3693,489,1.3677,487,NA,NA,0
2026,2,8483513,NSH,2026-04-06,1.6008,594,1.6008,594,NA,NA,0
2026,2,8483513,NSH,2026-04-04,1.2179,445,1.2179,445,NA,NA,0
2026,2,8483513,NSH,2026-04-02,1.4041,485,1.4041,485,NA,NA,0
2026,2,8483513,NSH,2026-03-29,1.0278,386,0.9662,356,NA,NA,0
2026,2,8483513,NSH,2026-03-28,1.9167,729,1.8398,692,NA,NA,1
2026,2,8484177,NJD,2026-04-12,1.8303,729,1.6789,652,0.1514,77,1
2026,2,8484177,NJD,2026-04-11,1.8935,711,1.8935,711,NA,NA,0
2026,2,8484177,NJD,2026-04-09,2.2218,839,2.1316,793,0.0902,46,1
2026,2,8484177,NJD,2026-04-07,1.2499,600,1.1529,563,0.097,37,1
2026,2,8484177,NJD,2026-04-05,1.7173,659,1.701,646,0.0163,13,0
2026,2,8484177,NJD,2026-04-04,1.5346,579,1.4534,549,0.0813,30,1
2026,2,8484177,NJD,2026-04-02,2.2978,849,2.2259,820,0.0719,29,1
2026,2,8484177,NJD,2026-03-31,1.7587,605,1.6784,570,0.0803,35,0
2026,2,8484177,NJD,2026-03-29,1.7297,662,1.6477,623,0.082,39,1
2026,2,8484177,NJD,2026-03-28,2.2146,808,1.9173,702,0.2973,106,0
2026,2,8474568,"WPG,BUF",2026-04-15,1.5452,761,1.364,657,NA,NA,1
2026,2,8474568,"WPG,BUF",2026-04-06,1.726,774,1.35,584,NA,NA,1
2026,2,8474568,"WPG,BUF",2026-03-14,1.4896,662,1.3533,587,NA,NA,1
2026,2,8474568,"WPG,BUF",2026-03-12,1.9465,871,1.7388,750,NA,NA,1
2026,2,8474568,"WPG,BUF",2026-03-03,1.9056,892,1.7908,811,0.0207,9,0
2026,2,8474568,"WPG,BUF",2026-03-01,1.6473,793,1.4156,653,NA,NA,0
2026,2,8474568,"WPG,BUF",2026-02-27,1.7443,819,1.6576,778,NA,NA,0
2026,2,8474568,"WPG,BUF",2026-02-25,1.7389,760,1.6266,687,8e-4,1,0
2026,2,8474568,"WPG,BUF",2026-02-04,1.5925,752,1.3671,629,NA,NA,0
2026,2,8474568,"WPG,BUF",2026-02-02,1.7331,736,1.5873,669,NA,NA,0
2026,2,8475181,SJS,2026-04-11,2.1748,982,2.156,968,NA,NA,1
2026,2,8475181,SJS,2026-04-09,2.588,1071,2.5543,1044,NA,NA,0
2026,2,8475181,SJS,2026-04-08,2.5326,1140,2.4339,1054,NA,NA,1
2026,2,8475181,SJS,2026-04-06,2.1942,1047,2.0905,951,NA,NA,1
2026,2,8475181,SJS,2026-04-04,2.9031,1242,2.9031,1242,NA,NA,1
2026,2,8475181,SJS,2026-04-02,2.5393,1076,2.5158,1063,NA,NA,1
2026,2,8475181,SJS,2026-04-01,2.6492,1248,2.487,1160,NA,NA,1
2026,2,8475181,SJS,2026-03-30,3.0228,1352,3.0228,1352,NA,NA,1
2026,2,8475181,SJS,2026-03-28,2.4461,1057,2.3383,1009,0.0284,12,0
2026,2,8475181,SJS,2026-03-26,2.7272,1184,2.7202,1178,NA,NA,0
2026,2,8476448,VGK,2025-11-08,0.8721,303,0.8721,303,NA,NA,1
2026,2,8476448,VGK,2025-11-06,2.536,964,1.9606,737,0.2622,90,1
2026,2,8476448,VGK,2025-11-04,3.0545,1125,2.7931,1032,NA,NA,1
2026,2,8476448,VGK,2025-10-31,2.2552,836,1.6724,600,0.49370000000000003,191,1
2026,2,8476448,VGK,2025-10-28,2.4533,842,2.3439,798,0.1095,44,0
2026,2,8476448,VGK,2025-10-26,2.9294,1084,2.418,855,0.1283,52,0
2026,2,8476448,VGK,2025-10-25,2.2854,859,1.6428,615,0.2211,70,0
2026,2,8476448,VGK,2025-10-20,2.5773,937,2.1955,757,0.0755,25,1
2026,2,8476448,VGK,2025-10-18,2.706,966,2.5862,943,0.0715,0,1
2026,2,8476448,VGK,2025-10-16,2.3741,917,1.6514,585,0.392,176,1
2026,2,8476474,NJD,2026-01-08,1.3507,496,1.2694,454,0.0813,42,0
2026,2,8476474,NJD,2026-01-06,2.1634,856,1.7826,661,0.3808,195,0
2026,2,8476474,NJD,2026-01-04,1.6276,687,1.0421,411,0.5856,276,1
2026,2,8476474,NJD,2026-01-03,1.9099,706,1.598,577,0.3119,129,1
2026,2,8476474,NJD,2025-12-31,1.1149,413,1.1089,409,0.006,4,0
2026,2,8476474,NJD,2025-12-30,1.8738,851,1.3871,573,0.4867,278,0
2026,2,8476474,NJD,2025-12-27,1.4515,525,1.2213,406,0.2302,119,1
2026,2,8476474,NJD,2025-12-23,1.5334,537,1.5334,537,NA,NA,0
2026,2,8476474,NJD,2025-12-21,1.8457,696,1.615,610,0.2307,86,1
2026,2,8476474,NJD,2025-12-19,2.3,925,1.6436,601,0.6564,324,0
2026,2,8477488,NJD,2026-03-03,2.8947,1324,2.586,1160,NA,NA,1
2026,2,8477488,NJD,2026-02-28,2.478,1101,2.1948,964,NA,NA,0
2026,2,8477488,NJD,2026-02-26,2.7157,1193,2.2807,982,0.0112,7,0
2026,2,8477488,NJD,2026-02-25,2.5614,1130,2.1799,918,9e-4,1,1
2026,2,8477488,NJD,2026-02-05,2.6267,1184,2.4583,1104,NA,NA,1
2026,2,8477488,NJD,2026-02-03,2.5925,1199,2.3597,1067,0.0519,25,1
2026,2,8477488,NJD,2026-01-31,2.494,1109,2.2999,988,0.0506,23,0
2026,2,8477488,NJD,2026-01-29,2.6095,1131,2.4076,1001,NA,NA,1
2026,2,8477488,NJD,2026-01-27,2.8704,1292,2.6457,1150,NA,NA,1
2026,2,8477488,NJD,2026-01-25,2.3113,1015,2.0339,850,0.0119,6,0
2026,2,8477810,CGY,2026-03-26,2.2337,928,2.0136,809,NA,NA,1
2026,2,8477810,CGY,2026-03-24,2.1596,855,2.0657,810,NA,NA,1
2026,2,8477810,CGY,2026-03-22,2.2512,936,2.1398,891,NA,NA,1
2026,2,8477810,CGY,2026-03-20,2.165,875,2.0189,798,NA,NA,1
2026,2,8477810,CGY,2026-03-18,2.3274,967,2.3156,962,NA,NA,1
2026,2,8477810,CGY,2026-03-16,2.4581,1021,2.0768,815,NA,NA,0
2026,2,8477810,CGY,2026-03-14,2.1861,838,2.1861,838,NA,NA,0
2026,2,8477810,CGY,2026-03-12,2.4282,1001,2.4282,1001,NA,NA,0
2026,2,8477810,CGY,2026-03-10,2.6509,1069,2.4968,1004,NA,NA,0
2026,2,8477810,CGY,2026-03-09,2.8461,1124,2.6065,1021,NA,NA,0
2026,2,8478443,TOR,2026-04-08,1.6358,727,1.347,584,NA,NA,1
2026,2,8478443,TOR,2026-04-04,2.4659,1155,1.8995,827,NA,NA,0
2026,2,8478443,TOR,2026-04-02,2.5078,1077,2.2938,956,NA,NA,0
2026,2,8478443,TOR,2026-03-30,2.7996,1310,2.2734,1033,NA,NA,0
2026,2,8478443,TOR,2026-03-28,2.5579,1166,2.2583,1024,NA,NA,0
2026,2,8478443,TOR,2026-03-25,2.6539,1336,2.3889,1132,NA,NA,1
2026,2,8478443,TOR,2026-03-24,2.4763,1100,1.8128,777,0.0198,10,0
2026,2,8478443,TOR,2026-03-21,2.4818,1098,2.165,886,NA,NA,0
2026,2,8478443,TOR,2026-03-20,2.1495,984,1.9108,841,NA,NA,1
2026,2,8478443,TOR,2026-03-17,2.3831,1145,1.9039,836,0.0015,2,1
2026,2,8479365,EDM,2026-04-16,2.5634,877,2.5634,877,NA,NA,1
2026,2,8479365,EDM,2026-04-13,2.0622,803,2.0622,803,NA,NA,1
2026,2,8479365,EDM,2026-04-11,2.3837,866,2.3837,866,NA,NA,0
2026,2,8479365,EDM,2026-04-08,2.441,910,2.441,910,NA,NA,0
2026,2,8479365,EDM,2026-04-07,2.482,884,2.482,884,NA,NA,0
2026,2,8479365,EDM,2026-04-04,1.8124,663,1.8124,663,NA,NA,1
2026,2,8479365,EDM,2026-04-02,2.1249,816,2.1249,816,NA,NA,1
2026,2,8479365,EDM,2026-03-19,1.4163,543,1.4163,543,NA,NA,1
2026,2,8479365,EDM,2026-03-17,1.1851,421,1.1842,419,8e-4,0,1
2026,2,8479365,EDM,2026-03-15,1.5645,593,1.5581,588,0.0064,5,1
2026,2,8479414,DAL,2026-03-28,0.6548,242,0.6457,234,0.009,8,0
2026,2,8479414,DAL,2026-03-26,1.201,512,1.1778,512,0.0232,0,0
2026,2,8479414,DAL,2026-03-22,1.5077,523,1.5077,523,NA,NA,1
2026,2,8479414,DAL,2026-03-21,1.3603,556,1.3603,556,NA,NA,0
2026,2,8479414,DAL,2026-03-18,1.4188,554,1.4188,554,NA,NA,0
2026,2,8479414,DAL,2026-03-14,1.1403,453,1.1403,453,NA,NA,1
2026,2,8479414,DAL,2026-03-08,1.8625,692,1.8625,692,NA,NA,1
2026,2,8479414,DAL,2026-03-06,1.3181,496,1.3181,496,NA,NA,1
2026,2,8479414,DAL,2026-03-03,1.7165,693,1.7165,693,NA,NA,0
2026,2,8479414,DAL,2026-03-02,2.1336,830,2.1336,830,NA,NA,0
2026,2,8479576,SJS,2026-04-15,2.7533,1245,2.3301,1003,NA,NA,0
2026,2,8479576,SJS,2026-04-13,2.5523,1196,2.3521,1076,NA,NA,0
2026,2,8479576,SJS,2026-04-11,3.0519,1363,2.6078,1113,0,0,1
2026,2,8479576,SJS,2026-04-09,2.9345,1242,2.8653,1185,NA,NA,0
2026,2,8479576,SJS,2026-04-08,2.6023,1138,2.384,1018,NA,NA,1
2026,2,8479576,SJS,2026-04-06,3.0264,1451,2.6245,1190,0.0208,9,1
2026,2,8479576,SJS,2026-04-04,2.9378,1244,2.6697,1065,NA,NA,1
2026,2,8479576,SJS,2026-04-02,2.5414,1145,2.4097,1089,NA,NA,1
2026,2,8479576,SJS,2026-04-01,2.5022,1156,2.0963,912,NA,NA,1
2026,2,8479576,SJS,2026-03-30,2.4714,1030,2.1914,873,0.0527,22,1
2026,2,8480990,WSH,2026-03-09,1.8944,839,1.8944,839,NA,NA,1
2026,2,8480990,WSH,2026-03-07,1.6297,698,1.5976,682,NA,NA,0
2026,2,8480990,WSH,2026-02-28,1.8663,780,1.7326,720,0.1338,60,0
2026,2,8480990,WSH,2026-02-27,1.549,659,1.5452,656,NA,NA,1
2026,2,8480990,WSH,2026-02-25,1.9854,908,1.9631,897,NA,NA,1
2026,2,8480990,WSH,2026-01-31,1.4323,604,1.4323,604,NA,NA,1
2026,2,8480990,WSH,2026-01-29,1.2016,562,1.2016,562,NA,NA,0
2026,2,8480990,WSH,2026-01-27,1.8066,773,1.7799,752,NA,NA,0
2026,2,8480990,WSH,2026-01-19,1.6743,711,1.6743,711,NA,NA,0
2026,2,8480990,WSH,2026-01-11,1.5269,671,1.4713,641,NA,NA,0
2026,2,8481030,PIT,2026-04-14,3.0463,1260,2.932,1205,NA,NA,0
2026,2,8481030,PIT,2026-04-12,2.9237,1282,2.729,1167,NA,NA,0
2026,2,8481030,PIT,2026-04-11,2.6072,1087,2.6072,1087,NA,NA,1
2026,2,8481030,PIT,2026-01-25,0.4814,174,0.4814,174,NA,NA,0
2026,2,8481030,PIT,2026-01-22,2.4856,1139,2.3375,1039,NA,NA,0
2026,2,8481030,PIT,2026-01-21,2.3071,1015,2.2391,981,NA,NA,0
2026,2,8481030,PIT,2026-01-17,2.3231,966,2.1408,882,0.0099,5,1
2026,2,8481030,PIT,2026-01-15,2.2194,992,1.9273,850,NA,NA,1
2026,2,8481030,PIT,2026-01-13,2.8145,1198,2.3708,951,0.1789,0,1
2026,2,8481030,PIT,2026-01-10,1.6999,740,1.5009,624,NA,NA,1
2026,2,8481167,CGY,2026-04-16,2.0132,968,1.8553,881,NA,NA,1
2026,2,8481167,CGY,2026-04-14,2.3287,997,2.0534,841,NA,NA,1
2026,2,8481167,CGY,2026-04-12,1.9478,887,1.6209,711,0.0064,3,1
2026,2,8481167,CGY,2026-04-09,1.7184,719,1.6427,670,NA,NA,0
2026,2,8481167,CGY,2026-04-02,1.9878,883,1.9301,858,NA,NA,0
2026,2,8481167,CGY,2026-03-30,1.8699,799,1.7233,731,NA,NA,0
2026,2,8481167,CGY,2026-03-28,1.8586,897,1.6239,762,NA,NA,1
2026,2,8481167,CGY,2026-03-12,2.2214,965,2.0673,889,NA,NA,0
2026,2,8481167,CGY,2026-03-10,2.5793,1048,2.503,1010,NA,NA,0
2026,2,8481167,CGY,2026-03-09,2.4875,1088,2.4006,1034,NA,NA,0
2026,2,8481237,NYI,2026-04-12,1.4833,525,1.4833,525,NA,NA,1
2026,2,8481237,NYI,2026-04-11,1.4013,499,1.375,491,0.0263,8,1
2026,2,8481237,NYI,2026-04-03,1.6976,675,1.6976,675,NA,NA,1
2026,2,8481237,NYI,2026-03-31,1.9548,738,1.9548,738,NA,NA,0
2026,2,8481237,NYI,2026-03-30,2.0316,775,2.0316,775,NA,NA,1
2026,2,8481237,NYI,2026-03-28,1.5904,587,1.5808,587,0.0096,0,1
2026,2,8481237,NYI,2026-03-26,1.4976,600,1.4976,600,NA,NA,1
2026,2,8481237,NYI,2026-03-24,1.248,448,1.248,448,NA,NA,1
2026,2,8481237,NYI,2026-03-22,2.116,747,2.1129,745,0.0031,2,1
2026,2,8481237,NYI,2026-03-19,1.5097,587,1.4983,579,0.0114,8,0
2026,2,8481556,"BOS,CGY",2026-04-09,2.1314,770,2.0402,725,NA,NA,0
2026,2,8481556,"BOS,CGY",2026-03-30,2.0806,767,1.8127,637,0.0146,7,0
2026,2,8481556,"BOS,CGY",2026-03-26,1.8068,650,1.5136,525,0.0073,3,1
2026,2,8481556,"BOS,CGY",2026-03-14,1.6603,584,1.4704,500,0.0157,5,0
2026,2,8481556,"BOS,CGY",2026-03-12,2.4902,915,2.1354,752,NA,NA,0
2026,2,8481556,"BOS,CGY",2026-03-07,2.0292,727,1.8062,648,0.0618,21,1
2026,2,8481556,"BOS,CGY",2026-03-03,2.1153,831,1.7632,650,NA,NA,1
2026,2,8481556,"BOS,CGY",2026-03-01,2.0976,759,1.6017,552,NA,NA,0
2026,2,8481556,"BOS,CGY",2026-02-28,1.4335,543,1.4335,543,NA,NA,0
2026,2,8481556,"BOS,CGY",2026-02-26,1.7024,637,1.2595,438,0.0859,31,0
2026,2,8481655,FLA,2026-04-15,2.5236,890,2.1914,761,0.0647,23,1
2026,2,8481655,FLA,2026-04-13,2.4274,969,2.101,803,0.1564,68,1
2026,2,8481655,FLA,2026-04-11,2.6053,918,2.4452,854,0.1601,64,0
2026,2,8481655,FLA,2026-04-09,2.4644,849,2.389,825,NA,NA,0
2026,2,8481655,FLA,2026-04-07,2.3004,838,1.898,683,0.0412,15,0
2026,2,8481655,FLA,2026-04-05,1.656,585,1.3229,447,NA,NA,0
2026,2,8481655,FLA,2026-04-04,2.0615,742,2.0615,742,NA,NA,0
2026,2,8481655,FLA,2026-02-26,1.2484,443,1.1766,442,0.0718,1,1
2026,2,8481655,FLA,2026-02-05,2.6152,918,1.9116,660,0.6013,196,0
2026,2,8481655,FLA,2026-02-04,1.3205,467,1.063,362,NA,NA,1
2026,2,8482172,CHI,2026-04-15,2.0067,700,1.6047,544,NA,NA,1
2026,2,8482172,CHI,2026-04-13,1.815,663,1.6025,580,NA,NA,1
2026,2,8482172,CHI,2026-04-09,1.6562,570,1.5897,535,NA,NA,1
2026,2,8482172,CHI,2026-04-06,1.6569,595,1.5123,547,NA,NA,0
2026,2,8482172,CHI,2026-04-04,1.5686,598,1.3138,486,NA,NA,0
2026,2,8482172,CHI,2026-04-02,1.5606,575,1.3245,474,0.0065,3,0
2026,2,8482172,CHI,2026-03-31,1.8235,671,1.7407,648,NA,NA,1
2026,2,8482172,CHI,2026-03-29,2.2122,761,2.0684,700,NA,NA,0
2026,2,8482172,CHI,2026-03-27,1.9631,711,1.6799,612,NA,NA,0
2026,2,8482172,CHI,2026-03-26,1.43,486,1.2364,410,NA,NA,0
2026,2,8482758,PIT,2026-04-14,2.6835,1089,2.3044,906,0.379,183,0
2026,2,8482758,PIT,2026-04-12,1.8994,699,1.8994,699,NA,NA,0
2026,2,8482758,PIT,2026-04-11,2.9287,1069,2.9287,1069,NA,NA,1
2026,2,8482758,PIT,2026-03-28,1.9087,696,1.7079,605,0.2008,91,1
2026,2,8482758,PIT,2026-03-26,1.778,618,1.778,618,NA,NA,0
2026,2,8482758,PIT,2026-03-24,1.6262,606,1.6262,606,NA,NA,1
2026,2,8482758,PIT,2026-03-16,1.7065,609,1.7065,609,NA,NA,0
2026,2,8482758,PIT,2026-03-14,2.1802,748,1.8614,651,0.3188,97,0
2026,2,8482758,PIT,2026-03-12,2.4574,887,2.2039,787,0.2534,100,0
2026,2,8482758,PIT,2026-03-10,1.7243,637,1.3777,515,0.3465,122,0
2026,2,8482859,SJS,2026-04-16,2.2423,880,1.7803,622,0.1554,53,0
2026,2,8482859,SJS,2026-04-15,1.7611,653,1.5397,550,NA,NA,0
2026,2,8482859,SJS,2026-04-13,2.0367,721,2.0367,721,NA,NA,0
2026,2,8482859,SJS,2026-04-11,1.5965,651,1.3588,533,NA,NA,1
2026,2,8482859,SJS,2026-04-09,1.3796,501,1.2448,439,NA,NA,0
2026,2,8482859,SJS,2026-04-08,1.8535,684,1.7953,657,NA,NA,1
2026,2,8482859,SJS,2026-04-06,1.2373,489,1.2373,489,NA,NA,1
2026,2,8482859,SJS,2026-04-04,1.6228,609,1.4313,498,NA,NA,1
2026,2,8482859,SJS,2026-04-02,1.8591,675,1.7504,639,NA,NA,1
2026,2,8482859,SJS,2026-04-01,1.5882,577,1.188,409,NA,NA,1
2026,2,8483406,LAK,2026-04-16,1.0142,370,1.0142,370,NA,NA,0
2026,2,8483406,LAK,2026-04-14,0.9758,352,0.9758,352,NA,NA,0
2026,2,8483406,LAK,2026-04-13,1.2542,500,1.2542,500,NA,NA,0
2026,2,8483406,LAK,2026-04-11,1.3438,520,1.3438,520,NA,NA,1
2026,2,8483406,LAK,2026-04-09,1.3963,490,1.3963,490,NA,NA,1
2026,2,8483406,LAK,2026-04-06,1.4646,511,1.4646,511,NA,NA,1
2026,2,8483406,LAK,2026-04-04,0.8787,317,0.8787,317,NA,NA,1
2026,2,8483406,LAK,2026-04-02,1.2518,433,1.2518,433,NA,NA,1
2026,2,8483406,LAK,2026-04-01,0.9554,336,0.9554,336,NA,NA,1
2026,2,8483406,LAK,2026-03-21,1.5821,585,1.5821,585,NA,NA,1
2026,2,8483497,SEA,2026-04-16,1.9355,729,1.7579,636,0.1776,93,0
2026,2,8483497,SEA,2026-04-15,2.085,755,2.085,755,NA,NA,0
2026,2,8483497,SEA,2026-03-21,1.4103,495,1.4103,495,NA,NA,0
2026,2,8483497,SEA,2026-03-19,0.9791,360,0.9541,350,0.025,10,0
2026,2,8483497,SEA,2025-12-22,1.5886,597,1.3894,481,0.1992,116,0
2026,2,8483497,SEA,2025-12-20,2.0663,750,1.9763,692,0.09,58,0
2026,2,8483497,SEA,2025-12-18,2.0429,715,1.9991,685,0.0438,30,0
2026,2,8483497,SEA,2025-12-16,1.734,686,1.548,593,0.186,93,1
2026,2,8483497,SEA,2025-12-14,1.6723,646,1.4455,553,0.2268,93,1
2026,2,8483497,SEA,2025-12-12,2.0886,778,1.9889,728,0.0997,50,0
2026,2,8483553,NYI,2026-04-12,1.4276,537,1.4276,537,NA,NA,1
2026,2,8483553,NYI,2026-04-11,1.4557,499,1.4557,497,NA,NA,1
2026,2,8483553,NYI,2026-04-09,1.7829,620,1.7829,620,NA,NA,1
2026,2,8483553,NYI,2026-04-04,1.6371,631,1.6371,631,NA,NA,0
2026,2,8483553,NYI,2026-04-03,1.5709,638,1.5709,638,NA,NA,1
2026,2,8483553,NYI,2026-03-31,1.8301,667,1.8301,667,NA,NA,0
2026,2,8483553,NYI,2026-03-30,1.9414,689,1.9414,689,NA,NA,1
2026,2,8483553,NYI,2026-03-28,1.6013,584,1.5802,584,0.0211,0,1
2026,2,8483553,NYI,2026-03-26,1.248,466,1.248,466,NA,NA,1
2026,2,8483553,NYI,2026-03-24,1.1369,426,1.1369,426,NA,NA,1
2026,2,8484150,CGY,2026-04-16,2.6337,1193,2.3154,1063,0.3056,121,1
2026,2,8484150,CGY,2026-04-14,3.2002,1354,2.7993,1189,0.2352,90,1
2026,2,8484150,CGY,2026-04-12,2.8755,1207,2.2943,940,0.4181,174,1
2026,2,8484150,CGY,2026-04-11,2.5158,1025,2.3454,945,0.0758,33,0
2026,2,8484150,CGY,2026-04-09,3.0048,1167,2.8732,1117,0.1316,50,0
2026,2,8484150,CGY,2026-04-07,2.7462,1081,2.5434,1002,0.1906,73,0
2026,2,8484150,CGY,2026-04-04,2.1911,916,2.1585,904,0.0295,12,0
2026,2,8484150,CGY,2026-03-30,2.8236,1196,2.6627,1136,0.1608,60,0
2026,2,8484150,CGY,2026-03-28,2.5951,1105,2.3807,1037,0.2144,68,1
2026,2,8484150,CGY,2026-03-26,2.6228,1066,2.4454,1000,0.1774,66,1
2026,2,8484160,DET,2026-01-03,2.0651,712,1.8924,655,0.1727,57,1
2026,2,8484160,DET,2026-01-01,1.8069,704,0.9429,342,0.864,362,0
2026,2,8484160,DET,2025-12-31,1.61,568,1.4051,504,0.2049,64,1
2026,2,8484160,DET,2025-12-28,1.4154,522,1.3333,484,0.0821,38,1
2026,2,8484160,DET,2025-12-27,1.9826,726,1.7062,633,0.2764,93,0
2026,2,8484160,DET,2025-12-23,1.8687,650,1.7656,608,0.1031,42,1
2026,2,8484160,DET,2025-12-21,2.2423,787,2.2095,765,0.0328,22,1
2026,2,8484160,DET,2025-12-20,2.1058,748,1.6538,592,0.452,156,0
2026,2,8484160,DET,2025-12-17,2.0883,698,1.6337,553,0.4546,145,1
2026,2,8484160,DET,2025-12-16,1.7613,606,1.7613,606,NA,NA,1
2026,2,8484388,UTA,2026-03-26,1.5679,548,1.5248,519,0.0431,29,1
2026,2,8484388,UTA,2026-01-31,1.7615,657,1.5811,580,0.1805,77,1
2026,2,8484388,UTA,2026-01-29,2.2238,764,2.0471,697,0.1767,67,0
2026,2,8484388,UTA,2026-01-27,2.0067,702,1.8825,657,0.1242,45,0
2026,2,8484388,UTA,2026-01-26,2.0205,770,1.7577,634,0.2628,136,0
2026,2,8484388,UTA,2026-01-24,1.9653,711,1.8565,657,0.1088,54,0
2026,2,8484388,UTA,2026-01-21,1.8788,686,1.7704,643,0.1084,43,1
2026,2,8484388,UTA,2026-01-17,2.1508,785,1.9739,711,0.1769,74,1
2026,2,8484388,UTA,2026-01-15,2.2377,851,2.0277,762,0.21,89,1
2026,2,8484388,UTA,2026-01-13,2.0171,734,1.8916,685,0.1255,49,1
2026,2,8474567,MIN,2026-04-04,1.9134,848,1.9134,848,NA,NA,0
2026,2,8474567,MIN,2026-04-02,2.1728,977,2.1728,977,NA,NA,1
2026,2,8474567,MIN,2026-03-28,2.1646,870,1.9864,773,NA,NA,0
2026,2,8474567,MIN,2026-03-24,1.6854,712,1.6092,666,NA,NA,0
2026,2,8474567,MIN,2026-03-21,1.3803,600,1.2812,536,NA,NA,1
2026,2,8474567,MIN,2026-03-19,1.3462,568,1.3462,568,NA,NA,1
2026,2,8474567,MIN,2026-03-17,2.3126,950,2.3126,950,NA,NA,0
2026,2,8474567,MIN,2026-03-14,1.7815,765,1.6506,718,NA,NA,1
2026,2,8474567,MIN,2026-03-12,1.7989,727,1.7882,717,0.0107,10,1
2026,2,8474567,MIN,2026-03-10,2.153,928,1.969,818,NA,NA,1
2026,2,8476867,CBJ,2026-01-20,1.4533,570,1.1752,448,NA,NA,1
2026,2,8476867,CBJ,2026-01-17,1.5276,565,1.2634,467,NA,NA,0
2026,2,8476867,CBJ,2026-01-15,1.7684,666,1.6341,588,NA,NA,1
2026,2,8476867,CBJ,2026-01-13,1.7396,673,1.5323,592,NA,NA,1
2026,2,8476867,CBJ,2026-01-11,2.2546,872,2.05,787,NA,NA,0
2026,2,8476867,CBJ,2026-01-10,1.8114,689,1.6273,608,NA,NA,0
2026,2,8476867,CBJ,2026-01-08,1.816,666,1.7987,650,NA,NA,0
2026,2,8476867,CBJ,2026-01-06,1.9408,809,1.5827,628,0.0054,4,0
2026,2,8476867,CBJ,2026-01-04,2.1254,853,1.6261,650,NA,NA,1
2026,2,8476867,CBJ,2026-01-03,2.3889,974,1.8197,720,NA,NA,1
2026,2,8477365,PIT,2026-04-14,2.5343,1134,2.3942,1040,NA,NA,0
2026,2,8477365,PIT,2026-04-11,3.2924,1450,3.0316,1290,NA,NA,1
2026,2,8477365,PIT,2026-04-09,2.2571,1014,2.1657,967,NA,NA,0
2026,2,8477365,PIT,2026-04-05,2.2718,1051,1.7144,746,0.0235,9,1
2026,2,8477365,PIT,2026-04-04,2.5026,1078,2.5026,1078,NA,NA,1
2026,2,8477365,PIT,2026-04-02,2.2218,1012,2.0327,905,0.0162,8,0
2026,2,8477365,PIT,2026-03-31,2.2221,1030,2.2131,1025,NA,NA,1
2026,2,8477365,PIT,2026-03-30,2.5717,1133,2.4513,1081,NA,NA,0
2026,2,8477365,PIT,2026-03-28,2.172,1002,1.6386,706,NA,NA,1
2026,2,8477365,PIT,2026-03-26,2.2068,972,2.041,883,NA,NA,0
2026,2,8477508,EDM,2026-04-16,1.8256,614,1.8256,614,NA,NA,1
2026,2,8477508,EDM,2026-04-13,1.2894,439,1.281,432,0.0085,7,1
2026,2,8477508,EDM,2026-04-11,1.9018,678,1.9018,678,NA,NA,0
2026,2,8477508,EDM,2026-04-07,1.1842,471,1.1842,471,NA,NA,0
2026,2,8477508,EDM,2026-04-04,1.9232,643,1.9232,643,NA,NA,1
2026,2,8477508,EDM,2026-03-31,1.7958,590,1.7958,590,NA,NA,1
2026,2,8477508,EDM,2026-03-28,1.5435,550,1.5435,550,NA,NA,1
2026,2,8477508,EDM,2026-03-03,0.4652,145,0.4652,145,NA,NA,1
2026,2,8477508,EDM,2026-02-28,1.5681,549,1.5681,549,NA,NA,0
2026,2,8477508,EDM,2026-02-26,1.8679,663,1.8679,663,NA,NA,0
2026,2,8478413,BUF,2026-04-15,2.5068,963,2.2615,837,NA,NA,1
2026,2,8478413,BUF,2026-04-13,2.1127,779,1.5811,542,NA,NA,0
2026,2,8478413,BUF,2026-04-09,1.6712,720,1.2771,505,NA,NA,1
2026,2,8478413,BUF,2026-04-06,1.7658,679,1.304,453,NA,NA,1
2026,2,8478413,BUF,2026-04-04,2.2263,812,1.8938,666,0.0472,15,0
2026,2,8478413,BUF,2026-04-02,1.8426,699,1.5599,561,NA,NA,0
2026,2,8478413,BUF,2026-03-31,1.8659,673,1.6693,580,NA,NA,1
2026,2,8478413,BUF,2026-01-22,1.6366,657,1.4296,555,NA,NA,0
2026,2,8478413,BUF,2026-01-20,1.8733,662,1.7845,617,NA,NA,0
2026,2,8478413,BUF,2026-01-17,1.5279,643,1.0368,382,NA,NA,1
2026,2,8480001,NYR,2026-04-11,2.2008,938,2.1071,889,3e-4,1,0
2026,2,8480001,NYR,2026-03-18,0.4165,185,0.4165,185,NA,NA,1
2026,2,8480001,NYR,2026-03-16,2.2516,951,2.1484,888,NA,NA,1
2026,2,8480001,NYR,2026-03-14,1.9124,877,1.5765,695,0.0154,10,0
2026,2,8480001,NYR,2026-03-12,2.0693,973,1.9913,927,NA,NA,0
2026,2,8480001,NYR,2026-03-10,2.067,926,1.9183,849,NA,NA,1
2026,2,8480001,NYR,2026-03-09,2.1216,918,1.8919,812,NA,NA,0
2026,2,8480001,NYR,2026-02-05,2.1679,1010,1.8601,799,NA,NA,1
2026,2,8480001,NYR,2026-01-31,1.6748,818,1.4886,700,NA,NA,0
2026,2,8480001,NYR,2026-01-29,1.8667,814,1.8667,814,NA,NA,1
2026,2,8480058,VAN,2026-04-09,2.1609,904,2.1609,904,NA,NA,0
2026,2,8480058,VAN,2026-04-04,1.8149,780,1.7015,724,NA,NA,1
2026,2,8480058,VAN,2026-04-02,1.5814,652,1.5814,652,NA,NA,0
2026,2,8480058,VAN,2026-04-01,1.5845,661,1.5845,661,NA,NA,0
2026,2,8480058,VAN,2026-03-28,2.2312,902,2.0317,813,0.0136,5,0
2026,2,8480058,VAN,2026-03-26,2.2688,921,2.2237,898,NA,NA,1
2026,2,8480058,VAN,2026-03-24,1.874,768,1.874,768,NA,NA,1
2026,2,8480058,VAN,2026-03-02,1.4265,638,1.4265,638,NA,NA,1
2026,2,8480058,VAN,2026-02-28,1.9169,806,1.9169,806,NA,NA,0
2026,2,8480058,VAN,2026-02-25,2.0061,833,1.7605,721,NA,NA,1
2026,2,8480144,"VAN,WSH",2026-04-02,1.5116,579,1.5116,579,NA,NA,0
2026,2,8480144,"VAN,WSH",2026-03-31,1.5464,509,1.5462,507,2e-4,2,1
2026,2,8480144,"VAN,WSH",2026-03-04,2.3187,833,2.2026,777,NA,NA,0
2026,2,8480144,"VAN,WSH",2026-03-02,2.4024,794,2.2727,737,0.0085,2,0
2026,2,8480144,"VAN,WSH",2026-02-28,2.111,750,2.0335,708,NA,NA,0
2026,2,8480144,"VAN,WSH",2026-02-25,2.294,803,1.8946,655,NA,NA,0
2026,2,8480144,"VAN,WSH",2026-02-04,2.7112,911,2.6463,886,NA,NA,0
2026,2,8480144,"VAN,WSH",2026-02-02,2.5424,917,2.5176,909,0.0248,8,0
2026,2,8480144,"VAN,WSH",2026-01-31,2.667,1006,2.667,1006,NA,NA,0
2026,2,8480144,"VAN,WSH",2026-01-29,2.5941,932,2.3001,801,8e-4,1,0
2026,2,8481122,TOR,2026-04-15,2.5267,1103,2.3562,1013,NA,NA,0
2026,2,8481122,TOR,2026-04-13,2.4969,1107,2.2546,961,NA,NA,1
2026,2,8481122,TOR,2026-04-11,2.6397,1161,2.5216,1106,NA,NA,1
2026,2,8481122,TOR,2026-04-09,2.58,1067,2.3504,935,NA,NA,0
2026,2,8481122,TOR,2026-04-08,2.8073,1184,2.6327,1083,NA,NA,1
2026,2,8481122,TOR,2026-04-04,1.9635,899,1.4592,627,NA,NA,0
2026,2,8481122,TOR,2026-04-02,2.6106,1129,2.4565,1040,NA,NA,0
2026,2,8481122,TOR,2026-03-30,2.3876,1022,1.9851,812,0.0012,1,0
2026,2,8481122,TOR,2026-03-28,2.3922,1055,2.3435,1021,NA,NA,0
2026,2,8481122,TOR,2026-03-25,2.3205,1047,2.261,1011,NA,NA,1
2026,2,8482094,MIN,2026-04-14,2.9274,1261,2.6873,1126,0.0872,35,1
2026,2,8482094,MIN,2026-04-13,2.8264,1101,1.9298,746,0.4893,193,0
2026,2,8482094,MIN,2026-04-11,1.7888,694,1.624,608,NA,NA,0
2026,2,8482094,MIN,2026-03-01,1.934,806,1.934,806,NA,NA,1
2026,2,8482094,MIN,2026-02-27,1.9554,820,1.881,771,NA,NA,0
2026,2,8482094,MIN,2026-02-26,1.3336,547,1.3336,547,NA,NA,0
2026,2,8482094,MIN,2026-02-04,2.2293,866,2.178,837,NA,NA,0
2026,2,8482094,MIN,2026-02-02,0.2865,112,0.2865,112,NA,NA,1
2026,2,8482094,MIN,2026-01-31,1.8121,792,1.6847,721,NA,NA,0
2026,2,8482094,MIN,2026-01-29,2.2071,909,1.9717,767,NA,NA,1
2026,2,8482107,FLA,2026-04-15,3.1034,1294,2.9697,1233,NA,NA,1
2026,2,8482107,FLA,2026-04-13,2.7028,1200,2.3098,1018,0.1811,57,1
2026,2,8482107,FLA,2026-04-11,3.2286,1298,3.0078,1232,0.2208,66,0
2026,2,8482107,FLA,2026-04-09,2.5013,1042,2.2155,906,0.2535,120,0
2026,2,8482107,FLA,2026-04-07,2.2787,929,2.1623,873,0.1163,56,0
2026,2,8482107,FLA,2026-04-05,1.9736,778,1.6971,671,0.2764,106,0
2026,2,8482107,FLA,2026-04-04,2.6178,1089,2.6178,1089,NA,NA,0
2026,2,8482107,FLA,2026-04-02,2.4344,988,2.2762,937,0.1581,51,1
2026,2,8482107,FLA,2026-03-31,2.1395,909,2.0144,844,NA,NA,1
2026,2,8482107,FLA,2026-03-29,2.628,1001,2.1811,836,0.4468,165,0
2026,2,8482666,NYR,2026-02-28,2.1388,931,2.1388,931,NA,NA,1
2026,2,8482666,NYR,2026-01-31,1.9738,889,1.6928,788,0.2809,101,0
2026,2,8482666,NYR,2026-01-29,2.0024,887,1.5784,725,0.3745,143,1
2026,2,8482666,NYR,2026-01-28,1.8948,803,1.7412,754,0.1536,49,0
2026,2,8482666,NYR,2026-01-26,2.1959,951,1.937,850,0.2589,101,1
2026,2,8482666,NYR,2026-01-23,2.2661,971,2.0421,876,0.2096,88,0
2026,2,8482666,NYR,2026-01-20,2.0855,899,2.0786,895,NA,NA,0
2026,2,8482666,NYR,2026-01-19,2.4106,1054,2.2692,1000,0.1414,54,0
2026,2,8482666,NYR,2026-01-17,2.2167,973,2.0572,894,0.1595,79,0
2026,2,8482666,NYR,2026-01-14,2.3797,999,2.3301,974,0.0496,25,1
2026,2,8482877,NYR,2026-04-15,2.1331,806,2.1331,806,NA,NA,0
2026,2,8482877,NYR,2026-04-13,1.7159,633,1.7159,633,NA,NA,0
2026,2,8482877,NYR,2026-04-11,1.6576,672,1.6562,671,0.0014,1,0
2026,2,8482877,NYR,2026-04-08,1.736,675,1.736,675,NA,NA,1
2026,2,8482877,NYR,2026-04-05,2.271,859,2.1957,831,0.0753,28,1
2026,2,8482877,NYR,2026-04-04,1.8649,720,1.8353,709,0.0296,11,1
2026,2,8482877,NYR,2026-04-02,1.3901,484,1.3797,480,0.0105,4,1
2026,2,8482877,NYR,2026-03-31,1.733,631,1.733,631,NA,NA,1
2026,2,8482877,NYR,2026-03-29,1.9141,746,1.9091,743,NA,NA,1
2026,2,8482877,NYR,2026-03-27,1.5672,587,1.3783,510,0.1889,77,1
2026,2,8482896,BUF,2026-04-15,2.1646,814,2.0014,744,NA,NA,1
2026,2,8482896,BUF,2026-04-13,1.7663,649,1.5197,539,NA,NA,0
2026,2,8482896,BUF,2026-04-09,1.5778,578,1.5364,562,NA,NA,1
2026,2,8482896,BUF,2026-04-08,1.7257,650,1.6755,623,NA,NA,0
2026,2,8482896,BUF,2026-04-04,2.0971,735,2.0367,702,0.0394,15,0
2026,2,8482896,BUF,2026-03-28,1.2568,471,1.1936,450,NA,NA,1
2026,2,8482896,BUF,2026-03-17,1.8212,670,1.5799,562,NA,NA,0
2026,2,8482896,BUF,2026-03-03,1.4636,514,1.3801,480,NA,NA,1
2026,2,8482896,BUF,2026-02-28,2.0918,784,1.941,703,0.0195,7,0
2026,2,8482896,BUF,2026-02-27,1.7458,645,1.3959,494,0.0257,8,0
2026,2,8483471,WPG,2026-04-16,2.3795,884,2.1741,775,0.2054,109,1
2026,2,8483471,WPG,2026-04-14,2.1712,806,1.9037,714,0.2675,92,0
2026,2,8483471,WPG,2026-04-13,2.0701,668,1.697,556,0.3731,112,0
2026,2,8483471,WPG,2026-04-11,2.2295,774,1.8295,617,0.3999,157,1
2026,2,8483471,WPG,2026-04-09,1.6936,631,1.6034,586,0.0902,45,0
2026,2,8483471,WPG,2026-04-06,2.058,652,2.058,652,NA,NA,1
2026,2,8483471,WPG,2026-04-04,2.0397,690,1.866,634,0.1737,56,0
2026,2,8483471,WPG,2026-04-02,2.1344,671,1.7351,564,0.3993,107,0
2026,2,8483471,WPG,2026-03-31,2.3142,781,2.3142,781,NA,NA,0
2026,2,8483471,WPG,2026-03-28,1.8782,611,1.521,518,0.3572,93,0
2026,2,8483487,PIT,2026-04-14,2.477,921,2.1762,754,0.1651,74,0
2026,2,8483487,PIT,2026-04-12,1.5633,595,1.5633,595,NA,NA,0
2026,2,8483487,PIT,2026-04-11,2.5195,889,2.5195,889,NA,NA,1
2026,2,8483487,PIT,2026-03-28,1.7789,641,1.7685,632,NA,NA,1
2026,2,8483487,PIT,2026-02-05,1.688,601,1.4615,498,NA,NA,0
2026,2,8483487,PIT,2026-02-02,1.928,637,1.928,637,NA,NA,1
2026,2,8483487,PIT,2026-01-31,1.542,571,1.4157,516,0.1264,55,1
2026,2,8483487,PIT,2026-01-29,1.7467,636,1.7467,636,NA,NA,1
2026,2,8483487,PIT,2026-01-03,2.0465,745,2.0465,745,NA,NA,0
2026,2,8483487,PIT,2026-01-01,1.4085,524,1.4014,520,0.0071,3,1
2026,2,8484305,BUF,2026-04-15,2.108,883,1.7586,732,0.2234,88,1
2026,2,8484305,BUF,2026-04-09,2.4116,1166,1.9742,852,6e-4,2,1
2026,2,8484305,BUF,2026-04-04,2.1342,915,1.8849,785,NA,NA,0
2026,2,8484305,BUF,2026-04-02,2.0677,964,1.7489,814,NA,NA,0
2026,2,8484305,BUF,2026-03-31,2.0101,844,1.9465,799,NA,NA,1
2026,2,8484305,BUF,2026-03-22,1.5956,733,1.5956,733,NA,NA,0
2026,2,8484305,BUF,2026-03-21,2.0421,839,2.0421,839,NA,NA,0
2026,2,8484305,BUF,2026-03-19,2.2074,948,2.2074,948,NA,NA,0
2026,2,8484305,BUF,2026-03-17,1.6657,713,1.6657,713,NA,NA,0
2026,2,8484305,BUF,2026-03-14,2.2753,932,2.2753,932,NA,NA,1
2026,2,8477149,TBL,2026-04-15,1.9007,687,1.9007,687,NA,NA,1
2026,2,8477149,TBL,2026-04-13,1.4827,536,1.4827,536,NA,NA,1
2026,2,8477149,TBL,2026-04-11,1.5226,573,1.5226,573,NA,NA,0
2026,2,8477149,TBL,2026-04-06,0.9245,358,0.9245,358,NA,NA,0
2026,2,8477149,TBL,2026-03-31,1.4726,545,1.4726,545,NA,NA,1
2026,2,8477149,TBL,2026-03-29,0.9869,354,0.9869,354,NA,NA,1
2026,2,8477149,TBL,2026-03-28,1.0176,350,1.0157,350,0.0019,0,1
2026,2,8477149,TBL,2026-03-24,1.6052,551,1.6052,551,NA,NA,1
2026,2,8477149,TBL,2026-03-12,1.5607,587,1.5607,587,NA,NA,1
2026,2,8477149,TBL,2026-03-08,0.7216,257,0.7216,257,NA,NA,0
2026,2,8477952,"STL,MIN",2026-04-14,1.8832,728,1.8832,728,NA,NA,1
2026,2,8477952,"STL,MIN",2026-04-13,1.8186,623,1.8186,623,NA,NA,0
2026,2,8477952,"STL,MIN",2026-03-17,1.3779,490,1.3779,490,NA,NA,0
2026,2,8477952,"STL,MIN",2026-03-12,1.4417,507,1.4417,507,NA,NA,1
2026,2,8477952,"STL,MIN",2026-03-06,1.6564,639,1.6564,639,NA,NA,0
2026,2,8477952,"STL,MIN",2026-03-03,1.6963,556,1.6963,556,NA,NA,1
2026,2,8477952,"STL,MIN",2026-02-04,2.1806,807,2.1806,807,NA,NA,0
2026,2,8477952,"STL,MIN",2026-01-31,1.9681,700,1.9681,700,NA,NA,0
2026,2,8477952,"STL,MIN",2026-01-29,1.4576,531,1.3326,493,NA,NA,0
2026,2,8477952,"STL,MIN",2026-01-27,2.4745,990,2.1506,820,0.3239,170,0
2026,2,8478476,DAL,2026-04-13,2.2011,897,2.088,852,0.113,45,0
2026,2,8478476,DAL,2026-04-02,1.3199,469,1.3199,469,NA,NA,1
2026,2,8478476,DAL,2026-02-04,2.0453,857,2.0453,857,NA,NA,1
2026,2,8478476,DAL,2026-02-02,1.867,748,1.8608,744,NA,NA,1
2026,2,8478476,DAL,2026-01-31,1.8182,720,1.8182,720,NA,NA,0
2026,2,8478476,DAL,2026-01-29,1.862,740,1.8596,739,NA,NA,0
2026,2,8478476,DAL,2026-01-27,1.4951,625,1.4676,613,NA,NA,0
2026,2,8478476,DAL,2026-01-23,1.569,650,1.569,650,NA,NA,1
2026,2,8478476,DAL,2026-01-18,1.8565,743,1.8565,743,NA,NA,1
2026,2,8478476,DAL,2026-01-15,1.9948,749,1.8811,714,0.1137,35,0
2026,2,8479368,EDM,2026-04-11,0.311,127,0.311,127,NA,NA,0
2026,2,8479368,EDM,2026-04-08,1.8081,622,1.8081,622,NA,NA,0
2026,2,8479368,EDM,2026-04-07,1.1042,446,1.1042,446,NA,NA,0
2026,2,8479368,EDM,2026-04-04,1.8711,660,1.8711,660,NA,NA,1
2026,2,8479368,EDM,2026-04-02,1.6474,602,1.6474,602,NA,NA,1
2026,2,8479368,EDM,2026-03-31,1.6992,593,1.6992,593,NA,NA,1
2026,2,8479368,EDM,2026-03-28,1.6472,606,1.6472,606,NA,NA,1
2026,2,8479368,EDM,2026-03-26,1.2768,461,1.2768,461,NA,NA,0
2026,2,8479368,EDM,2026-03-24,1.4006,512,1.4006,512,NA,NA,0
2026,2,8479368,EDM,2026-03-21,1.4783,567,1.461,552,0.0173,15,1
2026,2,8479550,VGK,2026-02-25,2.6076,943,2.4974,876,0.1102,67,0
2026,2,8479550,VGK,2026-02-01,1.2983,455,1.1735,406,0.1248,49,0
2026,2,8479550,VGK,2026-01-29,1.525,583,1.4524,552,0.0725,31,1
2026,2,8479550,VGK,2026-01-27,1.1471,387,0.9767,323,0.1705,64,0
2026,2,8479550,VGK,2026-01-25,2.18,814,2.18,814,NA,NA,0
2026,2,8479550,VGK,2026-01-23,1.4741,571,1.4456,553,0.0285,18,0
2026,2,8479550,VGK,2026-01-22,2.2298,799,2.017,713,0.2128,86,0
2026,2,8479550,VGK,2026-01-19,1.9768,724,1.8137,666,0.1631,58,1
2026,2,8479550,VGK,2026-01-17,1.7108,645,1.5273,548,0.0333,11,1
2026,2,8479550,VGK,2026-01-15,1.5524,541,1.5459,539,0.0065,2,1
2026,2,8479944,CBJ,2026-04-04,2.2029,774,2.2029,774,NA,NA,1
2026,2,8479944,CBJ,2026-01-20,1.188,462,1.1065,411,NA,NA,1
2026,2,8479944,CBJ,2026-01-17,1.313,452,1.313,452,NA,NA,0
2026,2,8479944,CBJ,2026-01-08,1.7791,626,1.7791,626,NA,NA,0
2026,2,8479944,CBJ,2026-01-06,1.2402,459,1.1692,435,NA,NA,0
2026,2,8479944,CBJ,2026-01-04,1.4978,550,1.4618,537,NA,NA,1
2026,2,8479944,CBJ,2026-01-03,2.0025,768,1.742,650,NA,NA,1
2026,2,8479944,CBJ,2025-12-31,1.5302,528,1.5302,528,NA,NA,1
2026,2,8479944,CBJ,2025-12-29,1.181,425,1.181,425,NA,NA,0
2026,2,8479944,CBJ,2025-12-18,1.4974,530,1.3652,471,0.1323,59,1
2026,2,8480813,MTL,2026-04-14,1.7581,616,1.7581,616,NA,NA,0
2026,2,8480813,MTL,2026-04-11,1.9508,817,1.5319,620,NA,NA,1
2026,2,8480813,MTL,2026-04-09,1.7777,644,1.414,477,NA,NA,1
2026,2,8480813,MTL,2026-04-05,1.9636,757,1.6471,639,NA,NA,1
2026,2,8480813,MTL,2026-04-04,1.6154,606,1.4879,553,NA,NA,0
2026,2,8480813,MTL,2026-04-02,1.6985,638,1.2283,448,NA,NA,0
2026,2,8480813,MTL,2026-03-31,1.9507,783,1.4522,530,NA,NA,0
2026,2,8480813,MTL,2026-03-29,1.831,761,1.5396,605,0.0077,0,0
2026,2,8480813,MTL,2026-03-28,2.0422,824,1.5773,642,NA,NA,0
2026,2,8480813,MTL,2026-03-26,1.2079,420,1.2079,420,NA,NA,1
2026,2,8480870,TOR,2026-04-08,2.0937,838,1.7246,684,NA,NA,1
2026,2,8480870,TOR,2026-04-04,2.4208,948,1.6378,579,NA,NA,0
2026,2,8480870,TOR,2026-04-02,2.3249,911,2.0615,785,NA,NA,0
2026,2,8480870,TOR,2026-03-30,3.3044,1174,2.545,901,0.122,48,0
2026,2,8480870,TOR,2026-03-25,2.1751,836,2.1269,820,NA,NA,1
2026,2,8480870,TOR,2026-03-24,2.4884,943,1.7629,645,NA,NA,0
2026,2,8480870,TOR,2026-03-21,2.1863,819,1.8196,656,NA,NA,0
2026,2,8480870,TOR,2026-03-20,2.3687,953,1.8324,708,NA,NA,1
2026,2,8480870,TOR,2026-03-17,1.196,733,1.1027,628,3e-4,2,1
2026,2,8480870,TOR,2026-03-15,2.6921,1023,2.5124,946,NA,NA,0
2026,2,8480879,DET,2026-04-11,1.6111,659,1.6111,659,NA,NA,1
2026,2,8480879,DET,2026-04-09,2.0725,940,1.7867,795,NA,NA,1
2026,2,8480879,DET,2026-04-05,2.1771,874,2.0701,834,NA,NA,1
2026,2,8480879,DET,2026-04-04,1.8542,787,1.66,707,NA,NA,0
2026,2,8480879,DET,2026-04-02,2.2354,968,2.1159,896,NA,NA,0
2026,2,8480879,DET,2026-03-31,1.9979,887,1.7818,753,NA,NA,0
2026,2,8480879,DET,2026-03-28,2.2083,796,2.2083,796,NA,NA,1
2026,2,8480879,DET,2026-03-27,1.3173,586,1.3173,586,NA,NA,0
2026,2,8480879,DET,2026-03-24,1.4685,579,1.3819,529,NA,NA,1
2026,2,8480879,DET,2026-03-21,1.3485,580,1.3439,578,NA,NA,1
2026,2,8481535,VAN,2026-04-16,2.2299,816,2.0998,758,0.1301,58,0
2026,2,8481535,VAN,2026-04-14,2.2313,843,2.2268,840,NA,NA,1
2026,2,8481535,VAN,2026-04-12,2.5933,955,2.5933,955,NA,NA,0
2026,2,8481535,VAN,2026-04-11,2.1286,740,2.1286,740,NA,NA,0
2026,2,8481535,VAN,2026-04-09,2.0732,738,2.0732,738,NA,NA,0
2026,2,8481535,VAN,2026-04-07,1.9709,736,1.9433,725,0.0276,11,1
2026,2,8481535,VAN,2026-04-01,1.141,417,1.141,417,NA,NA,0
2026,2,8481535,VAN,2026-03-30,1.3747,533,1.3747,533,NA,NA,0
2026,2,8481535,VAN,2026-03-28,1.3284,462,1.2499,435,0.0784,27,0
2026,2,8481535,VAN,2026-03-26,1.7388,598,1.7388,598,NA,NA,1
2026,2,8481726,NYR,2026-03-23,0.9205,306,0.9205,306,NA,NA,1
2026,2,8481726,NYR,2026-03-22,1.2807,432,1.2807,432,NA,NA,1
2026,2,8481726,NYR,2026-03-19,1.2555,501,1.2555,501,NA,NA,0
2026,2,8481726,NYR,2026-03-18,1.3134,513,1.307,511,0.0064,2,1
2026,2,8481726,NYR,2026-03-16,1.8367,642,1.8367,642,NA,NA,1
2026,2,8481726,NYR,2026-03-14,1.3161,453,1.2967,445,0.0194,8,0
2026,2,8481726,NYR,2026-03-12,2.1492,825,2.1492,825,NA,NA,0
2026,2,8481726,NYR,2026-03-10,1.6364,622,1.5884,597,NA,NA,1
2026,2,8481726,NYR,2026-03-09,2.0026,810,1.8105,744,NA,NA,0
2026,2,8481726,NYR,2026-03-07,1.1497,454,1.1497,454,NA,NA,0
2026,2,8482090,"TBL,STL",2026-04-16,2.3525,853,2.3268,844,0.0257,9,0
2026,2,8482090,"TBL,STL",2026-04-13,1.8473,755,1.2217,450,0.0502,21,1
2026,2,8482090,"TBL,STL",2026-04-09,1.7013,609,1.5917,555,0.0104,5,1
2026,2,8482090,"TBL,STL",2026-04-07,1.258,464,1.2113,443,NA,NA,1
2026,2,8482090,"TBL,STL",2026-04-05,1.9943,726,1.7672,622,0.0164,5,0
2026,2,8482090,"TBL,STL",2026-04-01,1.3748,475,1.281,435,NA,NA,0
2026,2,8482090,"TBL,STL",2026-03-30,1.7958,643,1.7535,624,NA,NA,0
2026,2,8482090,"TBL,STL",2026-03-28,1.6819,638,1.608,597,NA,NA,1
2026,2,8482090,"TBL,STL",2026-03-26,1.8017,665,1.7762,657,NA,NA,1
2026,2,8482090,"TBL,STL",2026-03-24,2.1461,797,1.9058,690,NA,NA,1
2026,2,8482103,NSH,2026-04-16,1.5841,583,1.5841,583,NA,NA,1
2026,2,8482103,NSH,2026-03-26,1.3151,500,1.3151,500,NA,NA,1
2026,2,8482103,NSH,2026-03-21,1.2319,496,1.0201,391,NA,NA,1
2026,2,8482103,NSH,2026-03-19,1.3671,565,1.2449,497,NA,NA,1
2026,2,8482103,NSH,2026-03-17,1.491,605,1.491,605,NA,NA,0
2026,2,8482103,NSH,2026-03-15,1.499,614,1.2464,463,NA,NA,0
2026,2,8482103,NSH,2026-03-12,2.005,741,1.9798,727,NA,NA,0
2026,2,8482103,NSH,2026-03-07,1.6,561,1.4655,514,NA,NA,0
2026,2,8482103,NSH,2026-03-05,1.8885,724,1.6617,611,NA,NA,1
2026,2,8482103,NSH,2026-03-03,1.3382,458,1.2072,413,NA,NA,0
2026,2,8482742,NSH,2026-04-16,2.6542,1006,1.5769,561,0.0976,42,1
2026,2,8482742,NSH,2026-04-13,1.6824,602,1.4836,522,NA,NA,1
2026,2,8482742,NSH,2026-04-11,2.1204,789,1.913,707,0.1182,49,1
2026,2,8482742,NSH,2026-04-09,2.2613,919,1.9454,756,0.0594,30,0
2026,2,8482742,NSH,2026-04-07,1.9871,824,1.3311,533,NA,NA,0
2026,2,8482742,NSH,2026-04-06,2.1581,829,2.148,825,0.0102,4,0
2026,2,8482742,NSH,2026-04-04,2.3456,923,2.1649,836,NA,NA,0
2026,2,8482742,NSH,2026-04-02,2.5757,1015,2.021,791,0.1076,45,0
2026,2,8482742,NSH,2026-03-29,2.3141,864,1.7316,619,0.1917,88,0
2026,2,8482742,NSH,2026-03-28,2.1136,825,1.7249,647,0.3224,138,1
2026,2,8482874,SEA,2026-04-13,1.2088,461,1.2088,461,NA,NA,1
2026,2,8482874,SEA,2026-04-09,1.4149,541,1.4149,541,NA,NA,1
2026,2,8482874,SEA,2026-04-02,1.7598,589,1.7598,589,NA,NA,1
2026,2,8482874,SEA,2026-03-24,1.0347,349,1.0347,349,NA,NA,0
2026,2,8482874,SEA,2026-03-21,1.5829,546,1.5829,546,NA,NA,0
2026,2,8482874,SEA,2026-03-19,0.7259,254,0.7259,254,NA,NA,0
2026,2,8482874,SEA,2026-03-17,1.5203,554,1.5203,554,NA,NA,1
2026,2,8482874,SEA,2026-03-12,1.5871,571,1.5871,571,NA,NA,1
2026,2,8482874,SEA,2026-03-10,1.4661,505,1.4661,505,NA,NA,1
2026,2,8482874,SEA,2026-03-07,2.0121000000000002,670,1.9944,665,0.0177,5,1
2026,2,8482993,PIT,2026-04-14,2.3292,828,2.1098,744,0.1724,62,0
2026,2,8482993,PIT,2026-04-11,2.4478,922,2.4478,922,NA,NA,1
2026,2,8482993,PIT,2026-04-09,1.8613,673,1.8613,673,NA,NA,0
2026,2,8482993,PIT,2026-03-31,1.5047,580,1.5047,580,NA,NA,1
2026,2,8482993,PIT,2026-03-30,1.9844,709,1.9844,709,NA,NA,0
2026,2,8482993,PIT,2026-03-14,1.6032,644,1.5668,625,0.0365,19,0
2026,2,8482993,PIT,2026-03-12,1.546,571,1.546,571,NA,NA,0
2026,2,8482993,PIT,2026-03-10,1.3958,564,1.3958,564,NA,NA,0
2026,2,8482993,PIT,2026-03-08,1.5412,574,1.5412,574,NA,NA,1
2026,2,8482993,PIT,2026-03-07,1.2489,468,1.2448,465,0.0042,3,1
2026,2,8483395,VAN,2026-01-17,1.6098,601,1.6098,601,NA,NA,1
2026,2,8483395,VAN,2026-01-15,1.6422,596,1.6422,596,NA,NA,0
2026,2,8483395,VAN,2025-12-11,1.4768,560,1.4768,560,NA,NA,1
2026,2,8483395,VAN,2025-12-08,1.7326,600,1.7125,590,0.0201,10,1
2026,2,8483395,VAN,2025-12-06,1.2483,447,1.2483,447,NA,NA,1
2026,2,8483395,VAN,2025-12-05,1.5153,563,1.4301,527,0.0852,36,1
2026,2,8483395,VAN,2025-12-02,1.7801,704,1.7801,704,NA,NA,0
2026,2,8483395,VAN,2025-11-29,1.1746,458,1.1746,458,NA,NA,0
2026,2,8483395,VAN,2025-11-28,0.9277,358,0.9277,358,NA,NA,0
2026,2,8483395,VAN,2025-11-26,0.859,298,0.859,298,NA,NA,0
2026,2,8483455,EDM,2026-04-13,1.5039,596,1.5039,596,NA,NA,1
2026,2,8483455,EDM,2026-01-24,1.5154,552,1.449,519,0.0665,33,1
2026,2,8483455,EDM,2026-01-22,2.2962,826,2.2962,826,NA,NA,1
2026,2,8483455,EDM,2026-01-20,2.3073,766,2.0591,679,0.2483,87,1
2026,2,8483455,EDM,2026-01-18,2.238,888,2.1136,841,0.1244,47,1
2026,2,8483455,EDM,2026-01-17,2.1917,806,2.0319,741,0.1597,65,0
2026,2,8483455,EDM,2026-01-15,1.736,608,1.6641,587,0.0719,21,1
2026,2,8483455,EDM,2026-01-13,1.0949,374,1.0949,374,NA,NA,0
2026,2,8483455,EDM,2026-01-10,1.7953,624,1.5889,558,0.2064,66,1
2026,2,8483455,EDM,2026-01-08,1.9649,746,1.9649,746,NA,NA,0
2026,2,8483468,BUF,2025-11-01,1.7792,679,1.6835,639,0.0954,39,1
2026,2,8483468,BUF,2025-10-30,3.2012,1085,2.6645,907,0.5368,178,0
2026,2,8483468,BUF,2025-10-28,3.3418,1196,3.1189,1098,0.2229,98,1
2026,2,8483468,BUF,2025-10-25,2.5734,924,2.2235,800,0.3388,117,0
2026,2,8483468,BUF,2025-10-24,2.8291,1010,2.8291,1010,NA,NA,1
2026,2,8483468,BUF,2025-10-22,2.6085,941,2.0756,738,0.5328,203,1
2026,2,8483468,BUF,2025-10-20,2.997,1080,2.9847,1073,0.0123,7,0
2026,2,8483468,BUF,2025-10-18,2.577,937,2.5646,933,NA,NA,1
2026,2,8483468,BUF,2025-10-15,2.2146,825,2.2146,825,NA,NA,1
2026,2,8483468,BUF,2025-10-13,2.5892,969,2.0848,770,0.5044,199,1
2026,2,8483510,WPG,2026-04-02,1.2777,536,1.2777,536,NA,NA,0
2026,2,8483510,WPG,2026-03-31,2.2516,884,2.1544,834,NA,NA,0
2026,2,8483510,WPG,2026-03-28,2.0602,831,1.9269,784,0.1333,47,0
2026,2,8483510,WPG,2026-03-26,2.2469,955,2.209,932,NA,NA,1
2026,2,8483510,WPG,2026-03-24,2.5895,1092,2.3051,973,0.1423,38,1
2026,2,8483510,WPG,2026-03-22,2.8537,1178,2.6693,1094,NA,NA,0
2026,2,8483510,WPG,2026-03-21,3.3464,1365,3.3464,1365,NA,NA,0
2026,2,8483510,WPG,2026-03-19,3.1899,1281,2.6885,1062,0.4712,204,0
2026,2,8483510,WPG,2026-03-17,3.1322,1308,2.8078,1149,0.2388,113,1
2026,2,8483510,WPG,2026-03-15,2.9859,1225,2.6305,1103,0.3554,122,1
2026,2,8483771,FLA,2026-03-05,1.7707,634,1.6616,590,0.002,1,0
2026,2,8483771,FLA,2026-03-03,2.2037,825,2.2037,825,NA,NA,0
2026,2,8483771,FLA,2026-03-01,1.2528,465,1.2498,464,0.0031,1,0
2026,2,8483771,FLA,2026-02-27,1.3134,472,1.3134,472,NA,NA,1
2026,2,8483771,FLA,2026-02-26,1.8685,673,1.797,672,0.0715,1,1
2026,2,8483771,FLA,2026-02-05,2.6138,897,2.002,700,0.6117,197,0
2026,2,8483771,FLA,2026-02-04,0.415,155,0.415,155,NA,NA,1
2026,2,8483771,FLA,2026-02-02,2.1939,853,2.1669,843,0.027,10,1
2026,2,8483771,FLA,2026-01-31,1.8731,674,1.8731,674,NA,NA,1
2026,2,8483771,FLA,2026-01-29,1.4583,512,1.4583,512,NA,NA,0
2026,2,8484321,OTT,2026-04-15,2.6149,1119,2.2595,948,NA,NA,1
2026,2,8484321,OTT,2026-04-12,2.626,1235,2.1158,931,0.0169,5,0
2026,2,8484321,OTT,2026-04-11,1.4202,642,1.2139,523,NA,NA,0
2026,2,8484321,OTT,2026-04-09,2.4334,1029,2.4334,1029,NA,NA,1
2026,2,8484321,OTT,2026-04-07,2.7801,1135,2.5951,1055,NA,NA,1
2026,2,8484321,OTT,2026-04-05,2.2273,959,2.1171,891,NA,NA,1
2026,2,8484321,OTT,2026-04-04,2.2689,1059,2.0566,947,NA,NA,1
2026,2,8484321,OTT,2026-04-02,3.1107,1469,2.851,1296,NA,NA,1
2026,2,8484321,OTT,2026-03-31,2.1792,996,1.8926,798,NA,NA,0
2026,2,8484321,OTT,2026-03-28,2.1845,1001,1.9219,877,NA,NA,0
2026,2,8484938,DAL,2026-04-13,2.0539,764,1.8488,691,0.0366,11,0
2026,2,8484938,DAL,2026-04-11,1.7718,643,1.466,517,NA,NA,1
2026,2,8484938,DAL,2026-04-09,2.4286,910,2.0132,735,NA,NA,1
2026,2,8484938,DAL,2026-04-07,2.5064,930,2.0382,743,0.0368,13,1
2026,2,8484938,DAL,2026-04-04,1.7174,594,1.5469,536,5e-4,2,1
2026,2,8484938,DAL,2026-04-02,2.0434,709,1.7004,579,NA,NA,1
2026,2,8484938,DAL,2026-03-31,1.9653,723,1.6962,618,5e-4,1,0
2026,2,8484938,DAL,2026-03-29,1.9514,740,1.4517,550,NA,NA,0
2026,2,8484938,DAL,2026-03-28,2.0376,734,1.5345,520,0.0315,10,0
2026,2,8484938,DAL,2026-03-26,1.4623,556,1.1544,447,0.0532,3,0
2026,2,8485493,EDM,2025-12-13,1.3626,498,1.3626,498,NA,NA,0
2026,2,8485493,EDM,2025-12-11,1.302,513,1.302,513,NA,NA,1
2026,2,8485493,EDM,2025-12-09,0.9218,341,0.9218,341,NA,NA,1
2026,2,8485493,EDM,2025-12-06,2.0249,770,2.0249,770,NA,NA,1
2026,2,8485493,EDM,2025-11-25,2.5061,935,2.4379,912,0.0682,23,1
2026,2,8485493,EDM,2025-11-22,1.0074,353,0.8683,303,0.139,50,0
2026,2,8485493,EDM,2025-11-20,1.4382,526,1.4382,526,NA,NA,0
2026,2,8485493,EDM,2025-11-19,1.5741,586,1.5077,556,0.0665,30,0
2026,2,8485493,EDM,2025-11-13,1.357,514,1.2106,471,0.1464,43,0
2026,2,8485493,EDM,2025-11-08,1.8116,644,1.4992,526,0.3125,118,1
2026,2,8485512,ANA,2026-04-16,1.8234,630,1.6011,535,NA,NA,0
2026,2,8485512,ANA,2026-04-14,1.6062,588,1.463,535,NA,NA,0
2026,2,8485512,ANA,2026-04-12,1.9634,697,1.7304,603,NA,NA,1
2026,2,8485512,ANA,2026-04-09,2.7941,1065,2.7941,1065,NA,NA,1
2026,2,8485512,ANA,2026-04-07,1.7741,691,1.4325,535,NA,NA,1
2026,2,8485512,ANA,2026-04-04,1.6226,619,1.508,582,NA,NA,1
2026,2,8485512,ANA,2026-04-03,2.2659,801,1.6315,547,NA,NA,1
2026,2,8485512,ANA,2026-04-01,2.705,995,2.6776,989,0.0022,1,0
2026,2,8485512,ANA,2026-03-30,2.5928,937,2.4083,856,NA,NA,1
2026,2,8485512,ANA,2026-03-28,2.1083,831,1.6201,598,NA,NA,0
2026,2,8476907,VAN,2025-11-23,1.5324,525,1.5324,525,NA,NA,1
2026,2,8476907,VAN,2025-11-20,1.1862,414,1.1862,414,NA,NA,1
2026,2,8476907,VAN,2025-11-17,1.368,524,1.319,505,NA,NA,0
2026,2,8476907,VAN,2025-11-16,1.976,799,1.976,799,NA,NA,0
2026,2,8476907,VAN,2025-11-14,1.6008,583,1.6008,583,NA,NA,0
2026,2,8476907,VAN,2025-11-03,1.6858,649,1.6858,649,NA,NA,0
2026,2,8476907,VAN,2025-11-01,1.8276,656,1.8276,656,NA,NA,0
2026,2,8476907,VAN,2025-10-30,2.1219,738,2.1219,738,NA,NA,0
2026,2,8477070,UTA,2026-04-16,1.9353,726,1.9353,726,NA,NA,1
2026,2,8477070,UTA,2026-04-14,1.4792,527,1.4792,527,NA,NA,1
2026,2,8477070,UTA,2026-04-12,1.662,629,1.662,629,NA,NA,0
2026,2,8477070,UTA,2026-04-11,1.4092,526,1.4092,526,NA,NA,1
2026,2,8477070,UTA,2026-04-09,1.4299,519,1.4299,519,NA,NA,1
2026,2,8477070,UTA,2026-04-04,1.7817,621,1.7817,621,NA,NA,0
2026,2,8477070,UTA,2026-02-04,1.3589,490,1.3589,490,NA,NA,1
2026,2,8477070,UTA,2026-02-02,1.3679,509,1.3679,509,NA,NA,1
2026,2,8477070,UTA,2026-01-29,1.6858,650,1.6858,650,NA,NA,0
2026,2,8477070,UTA,2026-01-27,1.2427,478,1.2427,478,NA,NA,0
2026,2,8477931,FLA,2026-04-13,2.3302,950,1.9753,771,0.0108,5,1
2026,2,8477931,FLA,2026-04-11,2.3458,880,2.3458,880,NA,NA,0
2026,2,8477931,FLA,2026-04-09,2.1347,831,2.0726,805,NA,NA,0
2026,2,8477931,FLA,2026-04-07,2.2268,884,1.867,721,0.0322,15,0
2026,2,8477931,FLA,2026-04-05,1.5238,619,0.9791,361,NA,NA,0
2026,2,8477931,FLA,2026-04-04,2.4643,979,2.2595,873,NA,NA,0
2026,2,8477931,FLA,2026-04-02,2.224,879,1.9884,767,NA,NA,1
2026,2,8477931,FLA,2026-03-31,2.3616,921,1.6763,621,NA,NA,1
2026,2,8477931,FLA,2026-03-29,2.342,891,2.2228,847,0.0285,10,0
2026,2,8477931,FLA,2026-03-28,2.0882,827,1.7115,653,NA,NA,0
2026,2,8477938,WPG,2026-04-16,2.933,1139,2.7191,1032,NA,NA,1
2026,2,8477938,WPG,2026-04-13,1.7034,765,1.2457,516,NA,NA,0
2026,2,8477938,WPG,2026-04-11,2.0502,798,1.9685,760,NA,NA,1
2026,2,8477938,WPG,2026-04-09,1.5619,697,1.1691,488,NA,NA,0
2026,2,8477938,WPG,2026-04-06,2.2321,920,2.2321,920,NA,NA,1
2026,2,8477938,WPG,2026-04-04,1.2942,564,1.2942,564,NA,NA,0
2026,2,8477938,WPG,2026-04-02,2.0835,865,2.0369,849,0.0467,16,0
2026,2,8477938,WPG,2026-03-26,1.4836,611,1.3276,528,NA,NA,1
2026,2,8477938,WPG,2026-03-24,1.6957,684,1.5689,632,0.0353,10,1
2026,2,8477938,WPG,2026-03-22,1.5596,643,1.5596,643,NA,NA,0
2026,2,8478841,NJD,2026-01-06,1.9736,774,1.9736,774,NA,NA,0
2026,2,8478841,NJD,2026-01-04,1.4891,599,1.4891,599,NA,NA,1
2026,2,8478841,NJD,2026-01-03,1.7811,722,1.7811,722,NA,NA,1
2026,2,8478841,NJD,2025-12-31,1.672,692,1.6585,688,NA,NA,0
2026,2,8478841,NJD,2025-12-30,2.0848,880,2.0848,880,NA,NA,0
2026,2,8478841,NJD,2025-12-27,1.7686,712,1.7686,712,NA,NA,1
2026,2,8478841,NJD,2025-12-23,1.9302,823,1.9302,823,NA,NA,0
2026,2,8478841,NJD,2025-12-21,1.7485,723,1.7485,723,NA,NA,1
2026,2,8478841,NJD,2025-12-19,1.6826,777,1.627,751,NA,NA,0
2026,2,8478841,NJD,2025-12-17,1.5013,547,1.5013,547,NA,NA,0
2026,2,8480842,PIT,2025-11-03,2.1393,744,2.0124,691,0.024,20,0
2026,2,8480842,PIT,2025-11-01,2.242,793,2.1178,749,0.1242,40,0
2026,2,8480842,PIT,2025-10-30,2.3468,880,2.047,771,NA,NA,0
2026,2,8480842,PIT,2025-10-28,2.8097,946,2.7323,919,NA,NA,0
2026,2,8480842,PIT,2025-10-27,2.8632,1019,2.8493,982,NA,NA,1
2026,2,8480842,PIT,2025-10-25,2.7325,969,2.3394,824,0.1831,75,1
2026,2,8480842,PIT,2025-10-23,1.8906,658,1.7378,608,NA,NA,0
2026,2,8480842,PIT,2025-10-21,1.9042,700,1.6453,574,0.1167,66,1
2026,2,8480842,PIT,2025-10-18,2.0934,760,1.9212,695,NA,NA,0
2026,2,8480842,PIT,2025-10-16,1.9208,661,1.7129,598,NA,NA,0
2026,2,8480871,NYI,2026-04-03,2.527,1060,2.3651,1007,0.1619,53,1
2026,2,8480871,NYI,2026-03-31,1.9152,782,1.8335,755,0.0817,27,0
2026,2,8480871,NYI,2026-03-30,2.7327,1068,2.5284,995,0.2042,73,1
2026,2,8480871,NYI,2026-03-28,1.815,727,1.6901,674,0.1249,53,1
2026,2,8480871,NYI,2026-03-26,1.6883,736,1.2638,585,0.4075,151,1
2026,2,8480871,NYI,2026-03-24,2.7604,1077,2.5292,982,0.0479,21,1
2026,2,8480871,NYI,2026-03-22,1.7354,723,1.7354,723,NA,NA,1
2026,2,8480871,NYI,2026-03-04,1.8907,820,1.8457,799,NA,NA,0
2026,2,8480871,NYI,2026-01-26,2.0322,857,1.7548,724,0.2774,133,0
2026,2,8480871,NYI,2026-01-24,2.2887,954,2.0297,856,0.1406,49,1
2026,2,8480876,"TBL,VAN",2026-04-16,1.9912,720,1.9912,720,NA,NA,0
2026,2,8480876,"TBL,VAN",2026-04-14,1.209,432,1.209,432,NA,NA,1
2026,2,8480876,"TBL,VAN",2026-04-12,0.9919,379,0.9919,379,NA,NA,0
2026,2,8480876,"TBL,VAN",2026-04-09,1.6628,594,1.6628,594,NA,NA,0
2026,2,8480876,"TBL,VAN",2026-04-07,1.4981,588,1.4981,588,NA,NA,1
2026,2,8480876,"TBL,VAN",2026-04-02,1.3667,524,1.3667,524,NA,NA,0
2026,2,8480876,"TBL,VAN",2026-04-01,1.0488,378,1.0488,378,NA,NA,0
2026,2,8480876,"TBL,VAN",2026-03-30,0.875,319,0.874,318,NA,NA,0
2026,2,8480876,"TBL,VAN",2026-03-28,1.0877,390,1.0201,370,NA,NA,0
2026,2,8480876,"TBL,VAN",2026-03-24,1.0662,415,1.0471,406,NA,NA,1
2026,2,8481077,DET,2026-03-16,1.3753,550,1.2833,500,0.0921,50,1
2026,2,8481077,DET,2026-03-14,1.4507,550,1.4507,550,NA,NA,0
2026,2,8481077,DET,2026-01-08,1.6905,677,1.5513,613,0.1392,64,1
2026,2,8481077,DET,2026-01-05,1.4543,663,1.0395,449,0.4148,214,0
2026,2,8481077,DET,2025-12-28,1.1373,451,1.0712,415,0.0661,36,1
2026,2,8481077,DET,2025-12-27,1.8677,760,1.6892,671,0.1785,89,0
2026,2,8481077,DET,2025-12-23,2.098,813,2.0156,775,0.0825,38,1
2026,2,8481077,DET,2025-12-21,2.2067,840,2.2067,840,NA,NA,1
2026,2,8481077,DET,2025-12-20,2.0136,777,1.7277,636,0.2858,141,0
2026,2,8481077,DET,2025-12-17,1.8653,728,1.5159,587,0.3494,141,1
2026,2,8481600,FLA,2026-04-15,3.071,1217,2.8311,1101,NA,NA,1
2026,2,8481600,FLA,2026-04-13,3.0813,1295,2.9633,1241,0.012,6,1
2026,2,8481600,FLA,2026-04-11,2.544,1036,2.5159,1015,NA,NA,0
2026,2,8481600,FLA,2026-04-09,2.88,1194,2.8001,1155,NA,NA,0
2026,2,8481600,FLA,2026-04-07,2.3508,1004,2.1287,913,NA,NA,0
2026,2,8481600,FLA,2026-04-05,1.9543,756,1.6785,619,NA,NA,0
2026,2,8481600,FLA,2026-04-04,2.6437,1040,2.6437,1040,NA,NA,0
2026,2,8481600,FLA,2026-04-02,2.5452,999,2.4099,949,NA,NA,1
2026,2,8481600,FLA,2026-03-03,2.0824,827,2.0164,807,0.0659,20,0
2026,2,8481600,FLA,2026-02-04,1.2519,507,1.2519,507,NA,NA,1
2026,2,8482623,BUF,2026-04-15,1.8395,712,1.8091,694,NA,NA,1
2026,2,8482623,BUF,2026-04-06,1.3645,478,1.3645,478,NA,NA,1
2026,2,8482623,BUF,2026-04-02,1.2648,437,1.2648,437,NA,NA,0
2026,2,8482623,BUF,2026-03-05,1.2653,517,1.1498,457,NA,NA,0
2026,2,8482623,BUF,2026-02-27,1.3521,534,1.3438,528,0.0082,6,0
2026,2,8482623,BUF,2026-02-25,1.7145,675,1.7145,675,NA,NA,0
2026,2,8482623,BUF,2026-01-12,1.2182,433,1.2182,433,NA,NA,1
2026,2,8482623,BUF,2026-01-03,1.4396,495,1.4396,495,NA,NA,0
2026,2,8482623,BUF,2025-12-31,1.7353,675,1.7353,675,NA,NA,0
2026,2,8482623,BUF,2025-12-29,2.0791,788,2.0791,788,NA,NA,0
2026,2,8482964,MTL,2026-04-14,2.8605,1186,2.8289,1166,0.0315,20,0
2026,2,8482964,MTL,2026-04-12,1.7192,761,1.6446,717,NA,NA,0
2026,2,8482964,MTL,2026-04-11,2.6446,1184,2.363,1035,NA,NA,1
2026,2,8482964,MTL,2026-04-09,1.2057,525,1.1931,518,NA,NA,1
2026,2,8482964,MTL,2026-04-07,1.5242,696,1.4353,632,NA,NA,1
2026,2,8482964,MTL,2026-04-05,1.6188,718,1.6188,718,NA,NA,1
2026,2,8482964,MTL,2026-04-04,1.3538,600,1.3538,600,NA,NA,0
2026,2,8482964,MTL,2026-04-02,1.4093,585,1.4093,585,NA,NA,0
2026,2,8482964,MTL,2026-03-31,1.7883,777,1.7883,777,NA,NA,0
2026,2,8482964,MTL,2026-03-29,0.8033,311,0.8033,311,NA,NA,0
2026,2,8483669,NYR,2026-04-15,1.4022,524,1.4022,524,NA,NA,0
2026,2,8483669,NYR,2026-04-13,1.6233,597,1.6233,597,NA,NA,0
2026,2,8483669,NYR,2026-04-11,1.4952,622,1.4941,621,0.0011,1,0
2026,2,8483669,NYR,2026-04-08,1.658,676,1.658,676,NA,NA,1
2026,2,8483669,NYR,2026-04-05,2.202,816,2.141,792,0.061,24,1
2026,2,8483669,NYR,2026-04-04,1.7238,670,1.7238,670,NA,NA,1
2026,2,8483669,NYR,2026-04-02,1.2082,436,1.2006,432,0.0076,4,1
2026,2,8483669,NYR,2026-03-31,2.1685,782,2.1685,782,NA,NA,1
2026,2,8483669,NYR,2026-03-29,1.4887,603,1.3964,573,NA,NA,1
2026,2,8483669,NYR,2026-03-27,2.1408,836,2.0432,793,0.0976,43,1
2026,2,8483756,LAK,2026-04-16,1.7977,638,1.6958,612,NA,NA,0
2026,2,8483756,LAK,2026-04-14,2.1928,797,2.1928,797,NA,NA,0
2026,2,8483756,LAK,2026-04-13,2.3348,780,2.3348,780,NA,NA,0
2026,2,8483756,LAK,2026-04-11,1.9533,651,1.9533,651,NA,NA,1
2026,2,8483756,LAK,2026-04-09,2.166,772,2.166,772,NA,NA,1
2026,2,8483756,LAK,2026-04-06,2.2929,802,2.2929,802,NA,NA,1
2026,2,8483756,LAK,2026-04-04,1.7094,640,1.7094,640,NA,NA,1
2026,2,8483756,LAK,2026-04-02,1.8895,710,1.8895,710,NA,NA,1
2026,2,8483756,LAK,2026-04-01,2.0951,685,2.0951,685,NA,NA,1
2026,2,8483756,LAK,2026-03-28,1.8602,592,1.8602,592,NA,NA,1
2026,2,8484180,CGY,2025-11-15,1.1936,425,1.1936,425,NA,NA,1
2026,2,8484180,CGY,2025-11-13,2.3702,918,2.0611,784,0.0523,22,1
2026,2,8484180,CGY,2025-11-11,1.9557,683,1.8923,667,NA,NA,0
2026,2,8484180,CGY,2025-11-09,1.7954,728,1.5839,628,NA,NA,0
2026,2,8484180,CGY,2025-11-07,2.0281,762,1.6528,598,NA,NA,1
2026,2,8484180,CGY,2025-11-05,2.2849,909,2.1723,857,0.0241,7,1
2026,2,8484180,CGY,2025-11-02,2.2317,884,2.1403,844,NA,NA,0
2026,2,8484180,CGY,2025-11-01,1.8037,714,1.6515,645,NA,NA,0
2026,2,8484180,CGY,2025-10-30,1.737,670,1.601,598,NA,NA,0
2026,2,8484180,CGY,2025-10-28,1.8089,701,1.7104,650,NA,NA,0
2026,2,8484188,STL,2026-04-13,2.4098,934,1.9191,733,0.1524,43,1
2026,2,8484188,STL,2026-04-11,2.8114,1089,2.7196,1053,NA,NA,0
2026,2,8484188,STL,2026-04-09,2.8433,1125,2.7954,1090,NA,NA,1
2026,2,8484188,STL,2026-04-07,2.4893,959,2.4893,959,NA,NA,1
2026,2,8484188,STL,2026-04-05,2.2294,841,2.2294,841,NA,NA,0
2026,2,8484188,STL,2026-04-03,2.3863,1021,2.2846,971,NA,NA,0
2026,2,8484188,STL,2026-04-01,2.4068,959,2.4068,959,NA,NA,0
2026,2,8484188,STL,2026-03-30,2.5458,1032,2.5458,1032,NA,NA,0
2026,2,8484188,STL,2026-03-28,2.6131,991,2.5722,968,NA,NA,1
2026,2,8484188,STL,2026-03-26,2.5177,1037,2.4017,968,0.0096,4,1
2026,2,8484509,EDM,2026-04-16,2.5696,867,2.3834,792,NA,NA,1
2026,2,8484509,EDM,2026-04-13,2.0973,785,1.7612,631,NA,NA,1
2026,2,8484509,EDM,2026-04-11,1.7819,665,1.6573,603,NA,NA,0
2026,2,8484509,EDM,2026-04-08,1.9013,679,1.9013,679,NA,NA,0
2026,2,8484509,EDM,2026-04-04,1.7081,640,1.6039,597,NA,NA,1
2026,2,8484509,EDM,2026-04-02,1.5814,613,1.5496,602,NA,NA,1
2026,2,8484509,EDM,2026-03-31,1.6154,588,1.5591,562,NA,NA,1
2026,2,8484509,EDM,2026-03-28,1.7679,677,1.4898,569,NA,NA,1
2026,2,8484509,EDM,2026-03-26,2.021,808,2.021,808,NA,NA,0
2026,2,8484509,EDM,2026-03-24,1.6838,643,1.6838,643,NA,NA,0
2026,2,8484797,BUF,2026-02-05,1.3242,482,1.3242,482,NA,NA,1
2026,2,8484797,BUF,2026-02-03,2.3402,827,2.3402,827,NA,NA,0
2026,2,8484797,BUF,2026-01-31,1.5789,594,1.5789,594,NA,NA,1
2026,2,8484797,BUF,2026-01-29,2.1579,787,2.1579,787,NA,NA,1
2026,2,8484797,BUF,2026-01-27,2.4689,972,2.4689,972,NA,NA,0
2026,2,8484797,BUF,2026-01-24,1.8963,663,1.8963,663,NA,NA,0
2026,2,8484797,BUF,2026-01-22,1.6103,576,1.6103,576,NA,NA,0
2026,2,8484797,BUF,2026-01-20,2.3159,883,2.3159,883,NA,NA,0
2026,2,8484797,BUF,2026-01-19,1.7078,647,1.7078,647,NA,NA,0
2026,2,8484958,"NYI,NJD",2026-04-14,1.8755,710,1.8755,710,NA,NA,0
2026,2,8484958,"NYI,NJD",2026-04-02,0.9831,364,0.9831,364,NA,NA,1
2026,2,8484958,"NYI,NJD",2026-03-31,1.4104,541,1.4104,541,NA,NA,0
2026,2,8484958,"NYI,NJD",2026-03-29,1.2035,441,1.2035,441,NA,NA,1
2026,2,8484958,"NYI,NJD",2026-03-28,1.4663,561,1.4378,553,0.0285,8,0
2026,2,8484958,"NYI,NJD",2026-03-26,1.529,568,1.529,568,NA,NA,0
2026,2,8484958,"NYI,NJD",2026-03-24,0.9253,384,0.9253,384,NA,NA,0
2026,2,8484958,"NYI,NJD",2026-03-20,1.0342,419,1.0342,419,NA,NA,0
2026,2,8484958,"NYI,NJD",2026-03-18,1.5602,583,1.5602,583,NA,NA,0
2026,2,8484958,"NYI,NJD",2026-03-16,1.2281,459,1.2281,459,NA,NA,1
2026,2,8484999,WSH,2026-04-14,2.6003,966,2.0207,741,0.5796,225,0
2026,2,8484999,WSH,2026-04-12,2.5417,945,2.3571,876,0.1846,69,1
2026,2,8484999,WSH,2026-04-11,2.6755,966,2.347,806,0.3284,160,0
2026,2,8484999,WSH,2026-04-08,2.5342,937,2.21,808,0.3242,129,0
2026,2,8471817,SJS,2026-03-21,0.0371,19,0.0371,19,NA,NA,1
2026,2,8471817,SJS,2026-03-12,1.4813,546,1.47,536,0.0114,10,0
2026,2,8471817,SJS,2026-03-07,0.9972,380,0.9972,380,NA,NA,1
2026,2,8471817,SJS,2026-02-26,1.313,480,1.313,480,NA,NA,1
2026,2,8471817,SJS,2026-02-02,0.9125,338,0.9125,338,NA,NA,0
2026,2,8471817,SJS,2026-01-31,1.0605,393,1.0605,393,NA,NA,0
2026,2,8471817,SJS,2026-01-29,1.1222,455,1.1222,455,NA,NA,0
2026,2,8471817,SJS,2026-01-27,1.8211,681,1.8211,681,NA,NA,0
2026,2,8471817,SJS,2026-01-23,0.5552,236,0.5552,236,NA,NA,1
2026,2,8471817,SJS,2026-01-20,1.769,739,1.769,739,NA,NA,0
2026,2,8475790,CBJ,2026-04-14,2.6605,1121,2.2016,882,NA,NA,1
2026,2,8475790,CBJ,2026-04-12,2.139,889,2.139,889,NA,NA,1
2026,2,8475790,CBJ,2026-04-11,2.5774,1146,2.0823,882,NA,NA,0
2026,2,8475790,CBJ,2026-04-09,2.1736,946,1.895,806,NA,NA,0
2026,2,8475790,CBJ,2026-04-07,2.3745,996,2.2979,943,0.01,2,0
2026,2,8475790,CBJ,2026-04-04,2.0312,833,1.907,769,NA,NA,1
2026,2,8475790,CBJ,2026-04-02,2.3992,1102,2.1841,994,NA,NA,0
2026,2,8475790,CBJ,2026-03-31,2.627,1281,2.0231,909,NA,NA,1
2026,2,8475790,CBJ,2026-03-29,2.4021,1114,2.2571,997,NA,NA,1
2026,2,8475790,CBJ,2026-03-28,2.6138,1149,2.4842,1039,NA,NA,1
2026,2,8476856,PIT,2025-12-07,2.1772,982,2.1772,982,NA,NA,0
2026,2,8476856,PIT,2025-11-29,2.3034,917,2.2947,913,0.0087,4,1
2026,2,8476856,PIT,2025-11-28,2.2304,854,2.2304,854,NA,NA,0
2026,2,8476856,PIT,2025-11-26,2.3188,976,2.3188,976,NA,NA,1
2026,2,8476856,PIT,2025-11-22,1.9471,808,1.9471,808,NA,NA,1
2026,2,8476856,PIT,2025-11-14,1.9048,813,1.9048,813,NA,NA,0
2026,2,8476856,PIT,2025-10-30,2.3438,945,2.3209,937,NA,NA,0
2026,2,8476856,PIT,2025-10-28,2.0441,873,2.0341,869,NA,NA,0
2026,2,8476856,PIT,2025-10-27,2.1491,916,2.1381,910,NA,NA,1
2026,2,8476856,PIT,2025-10-25,1.9883,865,1.9883,865,NA,NA,1
2026,2,8477903,PHI,2026-04-14,2.0251,763,1.7037,623,NA,NA,1
2026,2,8477903,PHI,2026-04-13,1.8771,628,1.8771,628,NA,NA,1
2026,2,8477903,PHI,2026-04-11,1.9117,708,1.8051,643,0.1066,65,0
2026,2,8477903,PHI,2026-04-03,2.0342,783,1.9266,741,NA,NA,0
2026,2,8477903,PHI,2026-03-31,1.2756,443,1.2012,422,NA,NA,0
2026,2,8477903,PHI,2026-03-29,1.9404,701,1.826,655,0.0035,3,1
2026,2,8477903,PHI,2026-03-28,1.9644,669,1.8685,645,0.0203,0,0
2026,2,8477903,PHI,2026-03-26,1.8699,699,1.8699,699,NA,NA,1
2026,2,8477903,PHI,2026-03-24,2.076,763,2.076,763,NA,NA,1
2026,2,8477903,PHI,2026-03-21,1.5701,699,1.1363,489,NA,NA,0
2026,2,8479293,UTA,2026-04-16,2.1363,712,2.1004,701,NA,NA,1
2026,2,8479293,UTA,2026-04-14,1.6011,552,1.6011,552,NA,NA,1
2026,2,8479293,UTA,2026-04-12,1.6214,547,1.6214,547,NA,NA,0
2026,2,8479293,UTA,2026-04-11,1.5415,506,1.5415,506,NA,NA,1
2026,2,8479293,UTA,2026-04-09,1.7202,591,1.7202,591,NA,NA,1
2026,2,8479293,UTA,2026-04-07,1.0993,429,1.0993,429,NA,NA,1
2026,2,8479293,UTA,2026-04-04,1.7989,632,1.7989,632,NA,NA,0
2026,2,8479293,UTA,2026-04-02,1.742,584,1.742,584,NA,NA,0
2026,2,8479293,UTA,2026-03-28,1.7583,655,1.7583,655,NA,NA,0
2026,2,8479293,UTA,2026-03-26,1.044,392,1.044,392,NA,NA,1
2026,2,8479372,SEA,2026-04-15,2.5993,1243,2.3746,1079,NA,NA,0
2026,2,8479372,SEA,2026-04-09,2.2347,964,2.2347,964,NA,NA,1
2026,2,8479372,SEA,2026-02-26,2.1908,921,2.1908,921,NA,NA,0
2026,2,8479372,SEA,2025-12-23,2.3402,1053,2.1555,964,NA,NA,0
2026,2,8479372,SEA,2025-12-22,2.3292,957,2.1656,887,NA,NA,0
2026,2,8479372,SEA,2025-12-20,2.1567,1056,1.9272,917,NA,NA,0
2026,2,8479372,SEA,2025-12-18,2.1295,927,1.7645,742,NA,NA,0
2026,2,8479372,SEA,2025-12-12,1.8962,827,1.8391,798,NA,NA,0
2026,2,8479372,SEA,2025-12-08,2.3609,1070,2.083,976,0.0842,0,1
2026,2,8479372,SEA,2025-12-06,1.8152,760,1.7769,735,NA,NA,1
2026,2,8479942,DET,2026-04-11,1.1222,377,1.1222,377,NA,NA,1
2026,2,8479942,DET,2026-04-09,1.0403,386,1.0403,386,NA,NA,1
2026,2,8479942,DET,2026-04-04,1.0261,350,1.0124,342,0.0137,8,0
2026,2,8479942,DET,2026-04-02,1.0539,360,1.0539,360,NA,NA,0
2026,2,8479942,DET,2026-03-28,1.5812,604,1.5812,604,NA,NA,1
2026,2,8479942,DET,2026-03-27,0.826,281,0.826,281,NA,NA,0
2026,2,8479942,DET,2026-03-24,0.8857,317,0.8857,317,NA,NA,1
2026,2,8479942,DET,2026-03-21,0.6828,234,0.6828,234,NA,NA,1
2026,2,8479942,DET,2026-03-19,0.8272,314,0.8272,314,NA,NA,1
2026,2,8479942,DET,2026-03-16,1.6543,564,1.6253,550,0.029,14,1
2026,2,8479981,FLA,2025-10-25,1.5348,585,1.5288,579,0.006,6,1
2026,2,8479981,FLA,2025-10-23,0.9327,341,0.9327,341,NA,NA,1
2026,2,8479981,FLA,2025-10-21,0.6835,261,0.6835,261,NA,NA,0
2026,2,8479981,FLA,2025-10-18,1.5437,554,1.5437,554,NA,NA,0
2026,2,8479981,FLA,2025-10-16,1.3976,543,1.3976,543,NA,NA,0
2026,2,8479981,FLA,2025-10-15,1.4015,527,1.4015,527,NA,NA,0
2026,2,8479981,FLA,2025-10-13,1.1343,413,1.1343,411,NA,NA,0
2026,2,8479981,FLA,2025-10-11,1.7593,617,1.7488,612,0.0105,5,1
2026,2,8479981,FLA,2025-10-09,1.2895,487,1.2895,487,NA,NA,1
2026,2,8479981,FLA,2025-10-07,1.2127,438,1.2127,438,NA,NA,1
2026,2,8479985,SEA,2026-04-16,2.4118,942,2.0694,787,NA,NA,0
2026,2,8479985,SEA,2026-04-06,2.8461,1132,2.7813,1094,NA,NA,0
2026,2,8479985,SEA,2026-03-26,1.0763,416,1.0187,390,NA,NA,0
2026,2,8479985,SEA,2026-03-24,1.242,474,1.186,444,NA,NA,0
2026,2,8479985,SEA,2026-03-07,2.1919,930,2.1118,868,NA,NA,1
2026,2,8479985,SEA,2026-03-02,1.9381,848,1.9381,848,NA,NA,1
2026,2,8479985,SEA,2026-02-28,2.1394,859,2.037,798,NA,NA,1
2026,2,8479985,SEA,2026-01-15,1.4857,625,1.4323,592,NA,NA,0
2026,2,8479985,SEA,2026-01-14,2.9085,1283,2.7041,1197,NA,NA,0
2026,2,8479985,SEA,2026-01-12,2.959,1254,2.8249,1195,0.0053,2,0
2026,2,8480078,VAN,2026-02-02,1.3525,456,0.96,341,0.3925,115,0
2026,2,8480078,VAN,2026-01-31,2.441,838,2.441,838,NA,NA,1
2026,2,8480078,VAN,2026-01-29,2.5991,899,2.1857,750,0.4133,149,1
2026,2,8480078,VAN,2026-01-27,2.4371,854,2.2501,795,0.187,59,1
2026,2,8480078,VAN,2026-01-25,2.9028,1019,2.6944,949,0.2084,70,1
2026,2,8480078,VAN,2026-01-23,3.1341,1109,2.8807,1026,0.2534,83,1
2026,2,8480078,VAN,2025-10-19,0.9714,302,0.9714,302,NA,NA,0
2026,2,8480078,VAN,2025-10-17,3.7058,1240,3.3256,1113,0.3803,127,0
2026,2,8480078,VAN,2025-10-16,2.9262,1062,2.8313,1028,0.0487,15,0
2026,2,8480078,VAN,2025-10-13,2.7412,1003,2.5947,935,0.1465,68,1
2026,2,8480259,MIN,2026-04-14,2.014,803,1.7993,688,NA,NA,1
2026,2,8480259,MIN,2026-04-13,1.7482,606,1.6796,580,NA,NA,0
2026,2,8480259,MIN,2026-01-20,1.1281,439,0.9803,369,NA,NA,0
2026,2,8480259,MIN,2026-01-19,1.2134,480,1.1266,447,NA,NA,0
2026,2,8480259,MIN,2026-01-17,1.2706,534,1.0585,429,NA,NA,0
2026,2,8480259,MIN,2026-01-15,1.4231,545,1.4231,545,NA,NA,1
2026,2,8480259,MIN,2026-01-12,1.4542,519,1.4273,503,0.0269,16,1
2026,2,8480259,MIN,2026-01-10,1.3542,497,1.3542,497,NA,NA,1
2026,2,8480259,MIN,2025-12-18,1.0734,422,1.0734,422,NA,NA,0
2026,2,8480259,MIN,2025-12-16,1.6023,678,1.6023,678,NA,NA,1
2026,2,8480831,EDM,2026-01-20,0.3925,155,0.3925,155,NA,NA,1
2026,2,8480831,EDM,2026-01-12,2.1241,876,2.1241,876,NA,NA,0
2026,2,8480831,EDM,2026-01-10,1.5302,596,1.5302,596,NA,NA,1
2026,2,8480831,EDM,2026-01-06,2.3735,968,2.3735,968,NA,NA,1
2026,2,8480831,EDM,2026-01-03,2.0218,861,2.0218,861,NA,NA,1
2026,2,8480831,EDM,2025-12-31,1.6217,656,1.5239,621,NA,NA,1
2026,2,8480831,EDM,2025-12-27,1.797,786,1.6868,723,NA,NA,0
2026,2,8480831,EDM,2025-12-23,2.4456,937,2.2381,851,NA,NA,1
2026,2,8480831,EDM,2025-12-21,2.4157,1020,2.1862,912,NA,NA,1
2026,2,8480831,EDM,2025-12-16,2.4896,1097,2.1896,955,NA,NA,0
2026,2,8480887,BOS,2026-04-12,2.6701,1125,2.4047,962,NA,NA,0
2026,2,8480887,BOS,2026-04-04,2.1225,854,2.1225,851,NA,NA,0
2026,2,8480887,BOS,2026-03-05,2.3856,963,2.2401,899,NA,NA,0
2026,2,8480887,BOS,2025-10-21,2.3171,920,2.2811,903,0.0157,8,1
2026,2,8480887,BOS,2025-10-19,2.236,954,1.9841,832,0.0478,16,0
2026,2,8480887,BOS,2025-10-16,1.841,811,1.5753,665,NA,NA,0
2026,2,8480887,BOS,2025-10-13,2.3261,1019,2.1478,925,NA,NA,1
2026,2,8480887,BOS,2025-10-11,2.2342,985,1.941,824,NA,NA,1
2026,2,8481028,CGY,2026-04-11,1.5516,599,1.5516,599,NA,NA,0
2026,2,8481028,CGY,2026-04-07,1.3411,478,1.3411,478,NA,NA,0
2026,2,8481028,CGY,2026-04-04,2.007,766,2.007,766,NA,NA,0
2026,2,8481028,CGY,2026-04-02,1.3619,495,1.3552,491,0.0067,4,0
2026,2,8481028,CGY,2026-03-26,1.427,532,1.427,532,NA,NA,1
2026,2,8481028,CGY,2026-03-24,1.5354,552,1.5354,552,NA,NA,1
2026,2,8481028,CGY,2026-03-22,1.611,634,1.611,634,NA,NA,1
2026,2,8481028,CGY,2026-03-20,1.5595,578,1.5595,578,NA,NA,1
2026,2,8481028,CGY,2026-03-18,1.697,622,1.697,622,NA,NA,1
2026,2,8481028,CGY,2026-03-16,1.6064,579,1.6064,579,NA,NA,0
2026,2,8481161,CBJ,2026-04-14,1.5367,611,1.5367,611,NA,NA,1
2026,2,8481161,CBJ,2026-04-11,0.6515,258,0.6515,258,NA,NA,0
2026,2,8481161,CBJ,2026-04-07,0.7454,347,0.7454,347,NA,NA,0
2026,2,8481161,CBJ,2026-04-04,1.4763,578,1.4763,578,NA,NA,1
2026,2,8481161,CBJ,2026-03-28,1.3007,583,1.3007,583,NA,NA,1
2026,2,8481161,CBJ,2026-03-12,1.8148,720,1.8148,720,NA,NA,0
2026,2,8481161,CBJ,2026-03-10,1.7126,716,1.6904,708,NA,NA,0
2026,2,8481161,CBJ,2026-03-05,1.8212,722,1.7623,689,NA,NA,1
2026,2,8481161,CBJ,2026-01-30,1.0606,458,1.0606,458,NA,NA,0
2026,2,8481161,CBJ,2026-01-24,0.8517,334,0.8517,334,NA,NA,1
2026,2,8481178,"PHI,CBJ",2026-04-12,0.7043,260,0.7043,260,NA,NA,1
2026,2,8481178,"PHI,CBJ",2026-04-09,1.6011,637,1.6011,637,NA,NA,0
2026,2,8481178,"PHI,CBJ",2026-04-02,2.4336,979,2.4336,979,NA,NA,0
2026,2,8481178,"PHI,CBJ",2026-03-31,1.0957,430,1.0957,430,NA,NA,1
2026,2,8481178,"PHI,CBJ",2026-03-29,1.5658,636,1.4914,601,NA,NA,1
2026,2,8481178,"PHI,CBJ",2026-03-14,1.1826,440,1.1826,440,NA,NA,0
2026,2,8481178,"PHI,CBJ",2026-03-07,1.7247,674,1.7247,674,NA,NA,1
2026,2,8481178,"PHI,CBJ",2026-03-05,1.6454,688,1.6454,688,NA,NA,1
2026,2,8481178,"PHI,CBJ",2026-03-03,1.7044,704,1.7044,704,NA,NA,1
2026,2,8481178,"PHI,CBJ",2026-03-02,1.8157,770,1.8157,770,NA,NA,0
2026,2,8481491,"EDM,CAR",2026-01-06,1.1857,458,1.1358,426,NA,NA,1
2026,2,8481491,"EDM,CAR",2026-01-04,1.6418,648,1.3069,510,0.0267,9,0
2026,2,8481491,"EDM,CAR",2025-11-17,1.0806,383,0.9716,337,NA,NA,0
2026,2,8481491,"EDM,CAR",2025-11-15,1.568,530,1.4762,486,NA,NA,1
2026,2,8481491,"EDM,CAR",2025-11-13,1.8875,643,1.8181,620,NA,NA,0
2026,2,8481491,"EDM,CAR",2025-11-12,1.5037,547,1.2957,438,0.0114,5,0
2026,2,8481491,"EDM,CAR",2025-11-10,1.5854,509,1.4784,475,NA,NA,0
2026,2,8481491,"EDM,CAR",2025-11-08,2.489,888,1.7585,601,NA,NA,0
2026,2,8481491,"EDM,CAR",2025-11-04,1.1956,388,1.1956,388,NA,NA,0
2026,2,8481491,"EDM,CAR",2025-11-03,1.4902,529,1.4902,529,NA,NA,0
2026,2,8481569,NYI,2026-01-01,1.8668,810,1.6774,694,NA,NA,1
2026,2,8481569,NYI,2025-12-30,1.5167,594,1.5167,594,NA,NA,0
2026,2,8481569,NYI,2025-12-28,1.7929,683,1.7929,683,NA,NA,0
2026,2,8481569,NYI,2025-12-27,1.2087,511,1.1717,494,NA,NA,1
2026,2,8481569,NYI,2025-12-23,2.0164,864,2.0164,864,NA,NA,1
2026,2,8481569,NYI,2025-12-20,1.6321,591,1.6321,591,NA,NA,0
2026,2,8481569,NYI,2025-10-28,1.9253,776,1.9253,776,NA,NA,0
2026,2,8481569,NYI,2025-10-25,1.7214,680,1.7214,680,NA,NA,0
2026,2,8481575,OTT,2026-04-15,2.5602,1043,2.34,954,0.2201,89,1
2026,2,8481575,OTT,2026-04-12,2.6234,966,2.3252,858,0.2983,108,0
2026,2,8481575,OTT,2026-04-11,1.1199,417,1.1199,417,NA,NA,0
2026,2,8481575,OTT,2026-04-09,2.5973,991,2.5973,991,NA,NA,1
2026,2,8481575,OTT,2026-04-07,2.0851,790,2.0851,790,NA,NA,1
2026,2,8481575,OTT,2026-04-05,2.2109,911,2.2109,911,NA,NA,1
2026,2,8481575,OTT,2026-04-04,2.3476,921,2.3476,921,NA,NA,1
2026,2,8481575,OTT,2026-04-02,3.2141,1255,2.9807,1172,0.2334,82,1
2026,2,8481575,OTT,2026-03-31,2.2075,829,1.7966,652,0.3101,101,0
2026,2,8481575,OTT,2026-03-28,1.5251,684,1.4995,655,NA,NA,0
2026,2,8481609,"DAL,BOS",2025-12-27,1.945,816,1.945,816,NA,NA,0
2026,2,8481609,"DAL,BOS",2025-12-23,1.5516,635,1.5454,633,NA,NA,1
2026,2,8481609,"DAL,BOS",2025-12-11,1.8315,715,1.8315,715,NA,NA,0
2026,2,8481609,"DAL,BOS",2025-12-07,2.4637,954,2.3517,906,NA,NA,0
2026,2,8481609,"DAL,BOS",2025-12-05,2.3364,971,2.1721,907,NA,NA,0
2026,2,8481609,"DAL,BOS",2025-12-03,2.3469,1025,2.3377,1020,NA,NA,0
2026,2,8481609,"DAL,BOS",2025-12-02,1.768,697,1.6839,658,NA,NA,0
2026,2,8481609,"DAL,BOS",2025-11-28,1.8084,717,1.8084,717,NA,NA,0
2026,2,8481609,"DAL,BOS",2025-11-26,1.8542,723,1.7942,700,NA,NA,0
2026,2,8481609,"DAL,BOS",2025-11-25,1.8284,743,1.8284,743,NA,NA,0
2026,2,8481704,NYR,2026-03-23,1.2694,411,1.1827,383,NA,NA,1
2026,2,8481704,NYR,2026-03-12,1.559,570,1.559,570,NA,NA,0
2026,2,8481704,NYR,2026-03-10,1.286,451,1.2806,449,0.0053,2,1
2026,2,8481704,NYR,2026-03-09,1.7708,709,1.7708,709,NA,NA,0
2026,2,8481704,NYR,2026-03-07,1.0772,408,1.0772,408,NA,NA,0
2026,2,8481704,NYR,2026-03-05,1.6106,563,1.6106,563,NA,NA,1
2026,2,8481704,NYR,2025-11-22,1.2875,479,1.2875,479,NA,NA,0
2026,2,8481704,NYR,2025-11-18,1.0867,408,1.0867,408,NA,NA,0
2026,2,8481704,NYR,2025-11-08,1.3807,532,1.3807,532,NA,NA,1
2026,2,8481704,NYR,2025-11-07,1.3761,492,1.3761,492,NA,NA,0
2026,2,8482516,STL,2026-04-14,1.8904,774,1.8904,774,NA,NA,1
2026,2,8482516,STL,2026-03-26,1.7851,787,1.7851,787,NA,NA,1
2026,2,8482516,STL,2026-03-08,2.515,1101,2.1522,906,0.0131,5,0
2026,2,8482516,STL,2026-03-06,2.0022,861,2.0022,861,NA,NA,0
2026,2,8482516,STL,2026-03-04,1.8502,790,1.6309,668,NA,NA,0
2026,2,8482516,STL,2026-03-01,2.3102,871,2.3102,871,NA,NA,0
2026,2,8482516,STL,2026-02-28,2.1453,819,2.1453,819,NA,NA,1
2026,2,8482516,STL,2026-02-04,1.2814,469,1.2814,469,NA,NA,0
2026,2,8482516,STL,2026-01-13,2.3148,962,2.1683,894,NA,NA,1
2026,2,8482516,STL,2026-01-02,2.0927,817,2.0927,817,NA,NA,1
2026,2,8482747,"NYR,CGY",2026-03-30,1.991,715,1.9887,713,0.0023,2,0
2026,2,8482747,"NYR,CGY",2026-03-28,1.7008,612,1.5769,572,0.1238,40,1
2026,2,8482747,"NYR,CGY",2026-02-26,1.5008,563,1.3891,527,NA,NA,0
2026,2,8482747,"NYR,CGY",2026-01-31,1.5361,556,1.2982,480,0.2379,76,0
2026,2,8482747,"NYR,CGY",2026-01-29,1.8242,662,1.5303,548,0.2939,114,0
2026,2,8482747,"NYR,CGY",2026-01-28,2.0567,828,1.9341,779,0.1226,49,0
2026,2,8482747,"NYR,CGY",2026-01-26,1.5737,597,1.5737,597,NA,NA,0
2026,2,8482747,"NYR,CGY",2026-01-23,1.4103,541,1.4103,541,NA,NA,0
2026,2,8482747,"NYR,CGY",2026-01-20,1.6472,628,1.6472,628,NA,NA,0
2026,2,8482747,"NYR,CGY",2026-01-19,1.4553,573,1.4553,573,NA,NA,0
2026,2,8482861,"SJS,NYR",2026-03-25,1.8689,757,1.8689,757,NA,NA,0
2026,2,8482861,"SJS,NYR",2026-03-07,1.2185,549,1.2185,549,NA,NA,0
2026,2,8482861,"SJS,NYR",2026-03-05,2.2464,974,2.2464,974,NA,NA,1
2026,2,8482861,"SJS,NYR",2026-03-02,2.117,862,2.117,862,NA,NA,1
2026,2,8482861,"SJS,NYR",2026-02-26,1.7298,713,1.7298,713,NA,NA,1
2026,2,8482861,"SJS,NYR",2026-02-05,1.9898,855,1.9806,851,NA,NA,1
2026,2,8482861,"SJS,NYR",2026-01-15,2.513,1076,2.4167,1037,0.0233,10,0
2026,2,8482861,"SJS,NYR",2026-01-11,2.3364,1038,2.0887,889,0.02,8,0
2026,2,8482861,"SJS,NYR",2026-01-10,1.9521,746,1.9388,740,NA,NA,0
2026,2,8482861,"SJS,NYR",2026-01-07,2.2057,866,2.2057,866,NA,NA,0
2026,2,8483398,TBL,2026-04-15,2.5924,1126,2.4024,1014,NA,NA,1
2026,2,8483398,TBL,2026-04-13,2.8795,1222,2.7569,1165,NA,NA,1
2026,2,8483398,TBL,2026-04-11,2.8607,1260,2.8607,1260,NA,NA,0
2026,2,8483398,TBL,2026-04-09,0.7425,302,0.7425,302,NA,NA,0
2026,2,8483398,TBL,2026-03-12,2.1417,832,2.0129,776,NA,NA,1
2026,2,8483398,TBL,2026-03-10,2.9299,1235,2.5549,1042,NA,NA,1
2026,2,8483398,TBL,2026-03-05,2.8431,1102,2.8193,1091,NA,NA,0
2026,2,8483398,TBL,2026-02-26,1.7563,664,1.7563,664,NA,NA,0
2026,2,8483398,TBL,2026-02-05,2.3413,1002,2.0874,867,NA,NA,1
2026,2,8483398,TBL,2026-02-03,2.2621000000000002,908,2.2153,872,NA,NA,1
2026,2,8483447,TBL,2026-04-13,1.5659,529,1.5659,529,NA,NA,1
2026,2,8483447,TBL,2026-04-11,1.6707,587,1.6707,587,NA,NA,0
2026,2,8483447,TBL,2026-04-07,1.9894,689,1.8735,648,0.1159,41,0
2026,2,8483447,TBL,2026-03-10,1.6099,571,1.6099,571,NA,NA,1
2026,2,8483447,TBL,2026-03-08,1.2029,453,1.2029,453,NA,NA,0
2026,2,8483447,TBL,2026-03-07,1.6989,604,1.6989,604,NA,NA,0
2026,2,8483447,TBL,2026-03-05,1.681,628,1.6638,621,0.0172,7,0
2026,2,8483447,TBL,2026-03-03,1.7266,640,1.7266,640,NA,NA,0
2026,2,8483447,TBL,2025-10-18,2.3679,829,2.3588,761,0.0091,68,0
2026,2,8483447,TBL,2025-10-17,2.1932,759,1.8239,634,0.3693,125,0
2026,2,8483465,NSH,2026-04-16,2.1432,822,1.7359,641,0.0416,20,1
2026,2,8483465,NSH,2026-04-13,0.8506,311,0.8506,311,NA,NA,1
2026,2,8483465,NSH,2026-04-11,1.5805,588,1.5245,556,NA,NA,1
2026,2,8483465,NSH,2026-04-09,2.1284,803,2.0092,747,NA,NA,0
2026,2,8483465,NSH,2026-04-07,1.976,744,1.8299,673,0.0252,7,0
2026,2,8483465,NSH,2026-04-06,1.5547,611,1.5547,611,NA,NA,0
2026,2,8483465,NSH,2026-04-04,1.1864,446,1.1864,446,NA,NA,0
2026,2,8483465,NSH,2026-04-02,1.4056,492,1.4056,492,NA,NA,0
2026,2,8483465,NSH,2026-03-29,1.368,496,1.368,496,NA,NA,0
2026,2,8483465,NSH,2026-03-24,2.1627,799,2.0574,742,NA,NA,1
2026,2,8483476,VAN,2026-02-04,2.0924,777,1.9336,721,0.1588,56,0
2026,2,8483476,VAN,2026-02-02,1.9249,723,1.4969,534,0.428,189,0
2026,2,8483476,VAN,2026-01-31,1.8406,726,1.8406,726,NA,NA,1
2026,2,8483476,VAN,2026-01-29,1.8319,693,1.3987,478,0.4333,215,1
2026,2,8483476,VAN,2026-01-27,2.3409,965,2.004,742,0.3369,223,1
2026,2,8483476,VAN,2025-12-06,1.1002,395,0.9374,344,0.1627,51,1
2026,2,8483476,VAN,2025-12-05,1.7791,719,1.4199,526,0.3591,193,1
2026,2,8483476,VAN,2025-12-02,2.3412,931,2.2095,844,0.1317,87,0
2026,2,8483476,VAN,2025-11-29,2.115,804,1.7443,648,0.3708,156,0
2026,2,8483476,VAN,2025-10-19,0.7431,247,0.7431,247,NA,NA,0
2026,2,8483491,WSH,2026-04-14,1.8149,636,1.8149,636,NA,NA,0
2026,2,8483491,WSH,2026-04-12,1.2029,455,1.2029,455,NA,NA,1
2026,2,8483491,WSH,2026-04-11,2.0066,714,2.0066,714,NA,NA,0
2026,2,8483491,WSH,2026-04-08,1.5519,559,1.5519,559,NA,NA,0
2026,2,8483491,WSH,2026-04-02,1.7212,649,1.7212,649,NA,NA,0
2026,2,8483491,WSH,2026-03-31,1.1724,381,1.1724,381,NA,NA,1
2026,2,8483491,WSH,2026-03-28,1.3505,470,1.3505,470,NA,NA,0
2026,2,8483491,WSH,2026-03-26,1.7099,585,1.7099,585,NA,NA,0
2026,2,8483491,WSH,2026-03-24,1.541,562,1.541,562,NA,NA,0
2026,2,8483491,WSH,2026-01-19,1.714,643,1.714,643,NA,NA,0
2026,2,8483687,FLA,2026-04-15,2.8718,1233,2.4624,1049,NA,NA,1
2026,2,8483687,FLA,2026-04-13,2.867,1324,2.4852,1137,NA,NA,1
2026,2,8483687,FLA,2026-04-11,2.8795,1161,2.8795,1161,NA,NA,0
2026,2,8483687,FLA,2026-04-09,2.8535,1168,2.8155,1151,NA,NA,0
2026,2,8483768,VAN,2026-04-11,2.0946,859,2.0946,859,NA,NA,0
2026,2,8483768,VAN,2026-04-07,1.6658,723,1.6574,717,NA,NA,1
2026,2,8483768,VAN,2026-04-04,1.8558,801,1.7888,765,NA,NA,1
2026,2,8483768,VAN,2026-03-30,1.559,654,1.559,654,NA,NA,0
2026,2,8483768,VAN,2026-03-28,2.3398,960,2.2168,904,0.0345,13,0
2026,2,8483768,VAN,2026-03-21,1.9528,836,1.9528,836,NA,NA,1
2026,2,8483768,VAN,2026-03-19,2.4559,1001,2.3531,934,NA,NA,1
2026,2,8483768,VAN,2026-03-17,2.3543,961,2.3543,961,NA,NA,1
2026,2,8483768,VAN,2026-03-14,2.3882,1036,2.2403,943,NA,NA,1
2026,2,8483768,VAN,2026-03-12,1.8477,740,1.8477,740,NA,NA,1
2026,2,8484203,CAR,2026-04-14,2.5689,1000,2.304,889,0.1182,45,0
2026,2,8484203,CAR,2026-04-13,2.7655,976,2.7655,976,NA,NA,0
2026,2,8484203,CAR,2026-04-11,2.1239,740,1.9672,674,0.1567,66,0
2026,2,8484203,CAR,2026-04-09,2.5579,928,2.2032,767,0.124,56,0
2026,2,8484203,CAR,2025-12-23,2.0477,761,1.8303,653,0.212,104,1
2026,2,8484203,CAR,2025-12-20,2.0591,786,1.6733,621,0.3858,165,0
2026,2,8484203,CAR,2025-11-06,1.8067,705,1.5669,589,0.2399,116,1
2026,2,8484203,CAR,2025-11-04,2.1153,849,1.8599,742,0.2554,107,0
2026,2,8484203,CAR,2025-11-01,1.7014,665,1.5801,600,0.1213,65,0
2026,2,8484203,CAR,2025-10-30,1.751,602,1.751,602,NA,NA,1
2026,2,8484901,TOR,2026-04-15,2.1998,771,1.987,695,NA,NA,0
2026,2,8484901,TOR,2026-04-13,1.99,746,1.8409,674,NA,NA,1
2026,2,8484901,TOR,2026-04-11,2.2438,770,2.0774,714,NA,NA,1
2026,2,8484901,TOR,2026-04-09,2.3206,804,1.8849,636,NA,NA,0
2026,2,8484901,TOR,2026-04-08,1.6272,541,1.6272,541,NA,NA,1
2026,2,8484901,TOR,2026-04-02,1.7698,632,1.6771,601,NA,NA,0
2026,2,8484901,TOR,2026-03-30,2.1385,739,1.8908,643,NA,NA,0
2026,2,8484901,TOR,2026-03-28,2.7014,967,2.4507,869,0.0759,23,0
2026,2,8484901,TOR,2026-03-25,1.6534,542,1.6534,542,NA,NA,1
2026,2,8484901,TOR,2026-03-24,1.7736,613,1.089,351,NA,NA,0
2026,2,8474090,CBJ,2025-12-29,1.7059,756,1.4224,643,NA,NA,0
2026,2,8474090,CBJ,2025-12-28,1.7422,735,1.5527,649,NA,NA,1
2026,2,8474090,CBJ,2025-12-22,1.7183,719,1.4225,575,NA,NA,0
2026,2,8474090,CBJ,2025-12-20,1.5614,607,1.3996,545,NA,NA,0
2026,2,8474090,CBJ,2025-12-18,1.5959,624,1.5959,624,NA,NA,1
2026,2,8474090,CBJ,2025-12-16,1.5284,618,1.3181,516,NA,NA,1
2026,2,8474090,CBJ,2025-12-13,1.7265,672,1.7265,672,NA,NA,1
2026,2,8474090,CBJ,2025-12-11,1.5828,628,1.5828,628,NA,NA,1
2026,2,8474090,CBJ,2025-12-09,1.7913,695,1.7913,695,NA,NA,0
2026,2,8474090,CBJ,2025-12-07,1.411,564,1.411,564,NA,NA,0
2026,2,8474612,DET,2026-04-15,2.289,1018,2.1714,973,0.0587,22,0
2026,2,8474612,DET,2026-02-04,1.2536,563,1.1257,491,0.0184,9,0
2026,2,8474612,DET,2026-02-02,1.7639,830,1.6867,782,NA,NA,0
2026,2,8474612,DET,2026-01-29,1.7794,836,1.5278,697,NA,NA,1
2026,2,8474612,DET,2026-01-27,1.6081,688,1.3694,563,NA,NA,1
2026,2,8474612,DET,2026-01-24,1.957,903,1.855,845,NA,NA,0
2026,2,8474612,DET,2026-01-22,2.3702,1024,2.2083,917,NA,NA,0
2026,2,8474612,DET,2025-12-21,2.0834,973,1.9596,919,NA,NA,1
2026,2,8474612,DET,2025-12-11,1.709,816,1.6445,779,NA,NA,0
2026,2,8474612,DET,2025-12-10,2.2282,1025,1.8581,843,0.0672,31,0
2026,2,8475235,"PHI,CAR",2026-04-14,1.7879,688,1.7879,688,NA,NA,0
2026,2,8475235,"PHI,CAR",2026-04-13,1.6216,623,1.6216,623,NA,NA,0
2026,2,8475235,"PHI,CAR",2026-04-11,1.0778,368,1.0778,368,NA,NA,0
2026,2,8475235,"PHI,CAR",2026-04-09,1.6428,589,1.5989,565,NA,NA,0
2026,2,8475235,"PHI,CAR",2026-04-07,1.1011,415,1.1011,415,NA,NA,1
2026,2,8475235,"PHI,CAR",2026-04-05,2.1146,826,2.1146,826,NA,NA,0
2026,2,8475235,"PHI,CAR",2026-03-17,1.8629,751,1.7057,683,NA,NA,0
2026,2,8475235,"PHI,CAR",2026-03-05,0.905,321,0.905,321,NA,NA,0
2026,2,8475235,"PHI,CAR",2026-03-02,1.2541,454,1.2541,454,NA,NA,0
2026,2,8475235,"PHI,CAR",2026-02-28,1.0692,398,1.0692,398,NA,NA,0
2026,2,8475690,TOR,2025-12-28,2.9188,1210,2.8036,1141,NA,NA,0
2026,2,8475690,TOR,2025-12-27,2.9563,1287,2.8178,1225,NA,NA,1
2026,2,8475690,TOR,2025-12-23,2.5012,1043,2.4949,1038,0.0064,5,1
2026,2,8475690,TOR,2025-11-01,2.1307,890,1.7738,675,0.0253,11,0
2026,2,8475690,TOR,2025-10-21,0.87,357,0.8222,331,NA,NA,1
2026,2,8475690,TOR,2025-10-18,3.1829,1232,2.9104,1097,NA,NA,1
2026,2,8475690,TOR,2025-10-16,2.5386,1072,2.156,859,NA,NA,1
2026,2,8475690,TOR,2025-10-14,2.7027,1182,2.398,1030,NA,NA,1
2026,2,8475690,TOR,2025-10-13,2.9289,1140,2.5391,949,0.0197,7,1
2026,2,8475690,TOR,2025-10-11,2.5971,1066,2.2581,873,NA,NA,0
2026,2,8475718,STL,2026-04-16,2.7045,1084,2.7045,1084,NA,NA,0
2026,2,8475718,STL,2026-04-01,2.0848,787,2.0193,757,NA,NA,0
2026,2,8475718,STL,2026-03-30,2.1151,875,2.1151,875,NA,NA,0
2026,2,8475718,STL,2026-03-28,2.5467,981,2.5467,981,NA,NA,1
2026,2,8475718,STL,2026-03-24,2.1797,930,2.1797,930,NA,NA,1
2026,2,8475718,STL,2026-03-21,2.777,1127,2.777,1127,NA,NA,0
2026,2,8475718,STL,2026-03-15,2.0225,762,2.0225,762,NA,NA,0
2026,2,8475718,STL,2026-03-13,2.4252,973,2.1625,844,NA,NA,1
2026,2,8475718,STL,2026-03-08,2.1407,944,1.855,811,NA,NA,0
2026,2,8475752,MIN,2026-03-01,1.1735,424,1.1735,424,NA,NA,1
2026,2,8475752,MIN,2026-02-04,1.4701,499,1.4701,499,NA,NA,0
2026,2,8475752,MIN,2026-02-02,1.4066,480,1.4066,480,NA,NA,1
2026,2,8475752,MIN,2026-01-31,1.6187,596,1.6187,596,NA,NA,0
2026,2,8475752,MIN,2026-01-22,1.2178,456,1.2178,456,NA,NA,1
2026,2,8475752,MIN,2026-01-20,1.0907,373,1.0907,373,NA,NA,0
2026,2,8475752,MIN,2026-01-19,1.3308,445,1.3308,445,NA,NA,0
2026,2,8475752,MIN,2026-01-17,0.9899,368,0.9899,368,NA,NA,0
2026,2,8475752,MIN,2026-01-15,1.4487,499,1.4487,499,NA,NA,1
2026,2,8475752,MIN,2025-12-18,1.4206,490,1.4206,490,NA,NA,0
2026,2,8476525,WPG,2026-04-16,2.7345,1118,2.4389,973,0.2227,109,1
2026,2,8476525,WPG,2026-04-14,2.1848,946,2.0615,901,0.1233,45,0
2026,2,8476525,WPG,2026-04-13,2.5066,971,2.059,788,0.3525,142,0
2026,2,8476525,WPG,2026-01-11,0.7048,254,0.7048,254,NA,NA,1
2026,2,8476525,WPG,2026-01-09,2.2813,962,2.2015,911,0.0799,51,1
2026,2,8476525,WPG,2026-01-03,1.5792,629,1.5792,629,NA,NA,0
2026,2,8476525,WPG,2026-01-01,2.0369,840,2.0369,840,NA,NA,0
2026,2,8476525,WPG,2025-12-21,1.8095,768,1.7783,753,NA,NA,0
2026,2,8476525,WPG,2025-12-01,2.3993,1020,2.2281,959,0.1712,61,0
2026,2,8476525,WPG,2025-11-29,2.4564,1000,1.9855,809,0.4709,191,0
2026,2,8477979,MIN,2026-04-14,1.9299,718,1.9299,718,NA,NA,1
2026,2,8477979,MIN,2026-04-13,1.6321,552,1.6321,552,NA,NA,0
2026,2,8477979,MIN,2025-12-18,1.8487,639,1.8487,639,NA,NA,0
2026,2,8477979,MIN,2025-12-16,2.4576,857,2.4576,857,NA,NA,1
2026,2,8477979,MIN,2025-12-14,2.3598,820,2.1658,757,0.194,63,1
2026,2,8477979,MIN,2025-12-13,1.686,596,1.6738,593,0.0122,3,1
2026,2,8477993,CGY,2026-01-29,1.7551,635,1.6649,601,NA,NA,0
2026,2,8477993,CGY,2026-01-25,2.0128,722,1.8724,657,NA,NA,1
2026,2,8477993,CGY,2026-01-21,1.6539,591,1.5077,532,0.0061,2,1
2026,2,8477993,CGY,2026-01-19,2.0945,718,2.046,702,0.0033,2,1
2026,2,8477993,CGY,2026-01-17,1.7704,645,1.56,577,0.054,15,1
2026,2,8477993,CGY,2026-01-15,1.5022,543,0.893,310,NA,NA,0
2026,2,8477993,CGY,2026-01-13,1.5807,597,1.2476,457,NA,NA,0
2026,2,8477993,CGY,2026-01-10,1.3244,480,0.9747,337,NA,NA,0
2026,2,8477993,CGY,2026-01-08,1.7307,628,1.5796,569,NA,NA,0
2026,2,8477993,CGY,2026-01-05,1.5485,527,1.5485,527,NA,NA,1
2026,2,8477996,NJD,2026-02-03,1.1321,433,1.1321,433,NA,NA,1
2026,2,8477996,NJD,2026-01-17,0.8569,373,0.8569,373,NA,NA,1
2026,2,8477996,NJD,2026-01-06,1.7824,645,1.7824,645,NA,NA,0
2026,2,8477996,NJD,2026-01-04,0.8611,352,0.8611,352,NA,NA,1
2026,2,8477996,NJD,2026-01-03,1.6089,586,1.6089,586,NA,NA,1
2026,2,8477996,NJD,2025-12-19,1.8718,689,1.8718,689,NA,NA,0
2026,2,8477996,NJD,2025-12-17,1.9206,636,1.9155,634,NA,NA,0
2026,2,8477996,NJD,2025-12-14,2.2538,787,2.2137,767,0.0401,20,1
2026,2,8477996,NJD,2025-12-13,2.2326,818,2.2201,814,NA,NA,1
2026,2,8477996,NJD,2025-12-03,1.7919,627,1.7919,627,NA,NA,1
2026,2,8478043,CHI,2026-04-15,1.4035,524,1.4035,524,NA,NA,1
2026,2,8478043,CHI,2026-04-11,1.5067,573,1.5067,573,NA,NA,1
2026,2,8478043,CHI,2026-03-31,1.8019,593,1.8019,593,NA,NA,1
2026,2,8478043,CHI,2026-03-24,1.4009,491,1.4009,491,NA,NA,0
2026,2,8478043,CHI,2026-03-22,1.1366,435,1.1366,435,NA,NA,1
2026,2,8478043,CHI,2026-03-20,1.5612,546,1.5612,546,NA,NA,1
2026,2,8478043,CHI,2026-03-17,1.2084,422,1.2084,422,NA,NA,1
2026,2,8478043,CHI,2026-03-14,0.9852,355,0.9852,355,NA,NA,0
2026,2,8478043,CHI,2026-03-12,1.15,394,1.15,394,NA,NA,0
2026,2,8478043,CHI,2026-03-09,1.4172,485,1.4172,484,NA,NA,1
2026,2,8479026,TOR,2026-04-09,2.2487,937,2.1129,851,NA,NA,0
2026,2,8479026,TOR,2026-04-08,2.5599,1078,2.3725,980,NA,NA,1
2026,2,8479026,TOR,2026-04-04,2.5503,1001,2.5503,1001,NA,NA,0
2026,2,8479026,TOR,2026-04-02,3.1711,1372,2.9539,1254,NA,NA,0
2026,2,8479026,TOR,2026-03-21,1.7578,789,1.7578,789,NA,NA,0
2026,2,8479026,TOR,2026-03-17,1.9489,825,1.8621,783,NA,NA,1
2026,2,8479026,TOR,2026-03-15,2.5159,1048,2.4994,1037,0.0166,11,0
2026,2,8479026,TOR,2026-03-14,2.1535,1013,1.7866,787,NA,NA,0
2026,2,8479026,TOR,2026-03-12,1.7155,753,1.4557,607,NA,NA,1
2026,2,8479026,TOR,2026-03-05,2.3963,1106,2.3963,1106,NA,NA,0
2026,2,8479395,NJD,2026-04-11,2.1408,889,2.1408,889,NA,NA,0
2026,2,8479395,NJD,2026-04-09,2.4607,1060,2.4607,1060,NA,NA,1
2026,2,8479395,NJD,2025-12-14,2.2856,891,2.2856,891,NA,NA,1
2026,2,8479395,NJD,2025-12-13,1.8806,783,1.8806,783,NA,NA,1
2026,2,8479395,NJD,2025-12-06,1.968,809,1.968,809,NA,NA,0
2026,2,8479395,NJD,2025-12-03,1.8271,783,1.8271,783,NA,NA,1
2026,2,8479395,NJD,2025-12-01,2.6078,1086,2.5247,1054,NA,NA,1
2026,2,8479395,NJD,2025-11-22,2.3412,908,2.3412,908,NA,NA,0
2026,2,8479395,NJD,2025-11-20,2.1849,952,2.1849,952,NA,NA,0
2026,2,8479395,NJD,2025-11-18,2.0159,798,1.8114,715,0.2045,83,0
2026,2,8479402,CGY,2025-12-06,1.8664,811,1.8664,811,NA,NA,1
2026,2,8479402,CGY,2025-12-04,1.8453,787,1.8279,778,NA,NA,1
2026,2,8479402,CGY,2025-11-30,2.1908,908,2.1908,908,NA,NA,0
2026,2,8479402,CGY,2025-11-18,1.8839,852,1.7615,788,NA,NA,0
2026,2,8479402,CGY,2025-11-15,2.425,1118,2.425,1118,NA,NA,1
2026,2,8479402,CGY,2025-11-13,1.9145,860,1.8008,805,0.1085,52,1
2026,2,8479402,CGY,2025-11-01,2.1036,910,2.1036,910,NA,NA,0
2026,2,8479402,CGY,2025-10-30,1.7889,756,1.7797,750,NA,NA,0
2026,2,8479402,CGY,2025-10-28,2.5918,1128,2.5376,1107,0.0285,10,0
2026,2,8479402,CGY,2025-10-26,2.6195,1159,2.6195,1159,NA,NA,1
2026,2,8480245,OTT,2025-12-20,1.2812,437,1.2812,437,NA,NA,1
2026,2,8480245,OTT,2025-11-08,1.4922,581,1.4922,581,NA,NA,0
2026,2,8480245,OTT,2025-10-28,1.831,700,1.831,700,NA,NA,0
2026,2,8480245,OTT,2025-10-23,1.2522,457,1.2522,456,NA,NA,1
2026,2,8480245,OTT,2025-10-21,2.1618,756,2.1618,756,NA,NA,1
2026,2,8480245,OTT,2025-10-15,1.8484,719,1.7918,719,NA,NA,0
2026,2,8480245,OTT,2025-10-13,1.2476,498,1.2476,498,NA,NA,1
2026,2,8480891,BUF,2026-04-15,2.1291,903,2.1158,898,NA,NA,1
2026,2,8480891,BUF,2026-04-08,1.4452,637,1.4452,637,NA,NA,0
2026,2,8480891,BUF,2026-03-10,2.1924,909,2.1924,909,NA,NA,1
2026,2,8480891,BUF,2026-03-08,0.9086,363,0.8915,358,NA,NA,1
2026,2,8480891,BUF,2026-03-07,1.5674,628,1.4571,573,NA,NA,1
2026,2,8480891,BUF,2026-03-05,1.8243,778,1.6923,703,NA,NA,0
2026,2,8480891,BUF,2026-03-03,1.6997,679,1.6997,679,NA,NA,1
2026,2,8480891,BUF,2026-02-28,1.1888,520,1.1809,514,NA,NA,0
2026,2,8480891,BUF,2026-02-27,1.748,739,1.5261,619,NA,NA,0
2026,2,8480891,BUF,2026-02-25,1.9566,883,1.8265,806,NA,NA,0
2026,2,8481070,STL,2025-12-15,2.3559,834,2.3559,834,NA,NA,1
2026,2,8481070,STL,2025-12-12,1.6447,535,1.6447,535,NA,NA,1
2026,2,8481070,STL,2025-12-11,1.6963,588,1.4874,510,0.209,78,0
2026,2,8481186,COL,2026-04-16,2.2485,827,1.9894,737,0.003,1,1
2026,2,8481186,COL,2026-04-14,2.1363,739,2.0493,695,NA,NA,0
2026,2,8481186,COL,2026-04-13,1.6267,631,1.4092,518,NA,NA,0
2026,2,8481186,COL,2026-04-11,1.5806,594,1.3938,499,NA,NA,1
2026,2,8481186,COL,2026-04-09,2.0509,724,1.9895,693,NA,NA,1
2026,2,8481186,COL,2026-04-07,1.4612,575,1.1822,463,NA,NA,0
2026,2,8481186,COL,2026-04-05,1.3739,487,1.1769,402,NA,NA,1
2026,2,8481186,COL,2026-04-04,1.3398,471,1.2373,425,NA,NA,0
2026,2,8481186,COL,2026-04-01,1.5975,555,1.4537,509,NA,NA,1
2026,2,8481186,COL,2026-03-30,2.2799,878,2.2799,878,NA,NA,1
2026,2,8481732,LAK,2026-01-17,1.8698,668,1.8698,668,NA,NA,0
2026,2,8481732,LAK,2026-01-16,1.7779,688,1.7667,684,0.0112,4,1
2026,2,8481732,LAK,2026-01-14,2.096,728,2.096,728,NA,NA,1
2026,2,8481732,LAK,2026-01-12,1.5265,580,1.5265,580,NA,NA,1
2026,2,8481732,LAK,2026-01-10,1.2135,432,1.2135,432,NA,NA,0
2026,2,8481732,LAK,2026-01-09,2.1495,743,2.147,740,0.0025,3,0
2026,2,8481732,LAK,2026-01-07,1.3261,480,1.3261,480,NA,NA,1
2026,2,8482072,COL,2026-04-14,1.908,765,1.908,765,NA,NA,0
2026,2,8482072,COL,2026-04-13,1.677,666,1.677,666,NA,NA,0
2026,2,8482072,COL,2026-01-25,1.5694,646,1.5694,646,NA,NA,0
2026,2,8482072,COL,2026-01-23,1.8538,754,1.8538,754,NA,NA,1
2026,2,8482072,COL,2026-01-21,1.6969,692,1.6969,692,NA,NA,1
2026,2,8482072,COL,2025-11-11,1.5194,606,1.5194,606,NA,NA,1
2026,2,8482072,COL,2025-11-09,1.6859,676,1.6756,670,NA,NA,0
2026,2,8482072,COL,2025-11-08,1.8898,839,1.8339,821,0.0559,18,0
2026,2,8482072,COL,2025-11-04,1.1257,450,1.1257,450,NA,NA,1
2026,2,8482072,COL,2025-10-28,1.9845,799,1.9845,799,NA,NA,1
2026,2,8483452,MIN,2026-04-14,2.0449,777,1.898,732,0.1469,45,1
2026,2,8483452,MIN,2026-04-13,2.3767,880,1.9016,681,0.4751,199,0
2026,2,8483452,MIN,2026-03-21,1.7348,641,1.7348,641,NA,NA,1
2026,2,8483452,MIN,2026-03-19,1.869,651,1.869,651,NA,NA,1
2026,2,8483452,MIN,2026-01-20,1.8637,694,1.8637,694,NA,NA,0
2026,2,8483452,MIN,2026-01-19,1.5958,599,1.5958,599,NA,NA,0
2026,2,8483452,MIN,2026-01-17,1.3949,486,1.3914,484,0.0035,2,0
2026,2,8483452,MIN,2025-10-11,1.3452,497,1.3452,497,NA,NA,1
2026,2,8483452,MIN,2025-10-09,1.7146,627,1.7146,627,NA,NA,0
2026,2,8483466,CHI,2026-04-15,2.4644,960,2.4547,956,NA,NA,1
2026,2,8483466,CHI,2026-04-13,2.1652,823,2.1191,804,NA,NA,1
2026,2,8483466,CHI,2026-04-11,2.6025,1040,2.5427,1011,NA,NA,1
2026,2,8483466,CHI,2026-04-09,2.704,993,2.704,993,NA,NA,1
2026,2,8483466,CHI,2026-04-06,2.3861,938,2.3861,938,NA,NA,0
2026,2,8483466,CHI,2026-04-04,1.7029,680,1.7029,680,NA,NA,0
2026,2,8483466,CHI,2026-04-02,2.342,888,2.342,888,NA,NA,0
2026,2,8483466,CHI,2026-03-31,2.145,778,2.145,778,NA,NA,1
2026,2,8483466,CHI,2026-03-29,2.0005,729,2.0005,729,NA,NA,0
2026,2,8483466,CHI,2026-03-01,1.5936,627,1.5936,627,NA,NA,0
2026,2,8483467,VAN,2026-04-16,2.4753,1053,2.4753,1053,NA,NA,0
2026,2,8483467,VAN,2026-04-14,2.0535,904,2.0457,899,NA,NA,1
2026,2,8483467,VAN,2026-04-12,2.03,857,2.03,857,NA,NA,0
2026,2,8483531,NJD,2026-04-12,1.3683,491,1.3683,491,NA,NA,1
2026,2,8483531,NJD,2026-04-11,1.3169,484,1.3169,484,NA,NA,0
2026,2,8483531,NJD,2026-04-09,1.6061,534,1.6061,533,NA,NA,1
2026,2,8483531,NJD,2026-04-07,1.9739,616,1.9689,614,0.005,2,1
2026,2,8483531,NJD,2026-04-05,0.9593,319,0.9593,319,NA,NA,0
2026,2,8483531,NJD,2026-04-04,1.0444,356,1.0444,356,NA,NA,1
2026,2,8483531,NJD,2025-11-02,1.2953,452,1.2953,452,NA,NA,0
2026,2,8483531,NJD,2025-11-01,1.1236,366,1.1236,366,NA,NA,0
2026,2,8483531,NJD,2025-10-26,1.3584,456,1.3584,456,NA,NA,1
2026,2,8483531,NJD,2025-10-24,1.2258,393,1.2258,393,NA,NA,1
2026,2,8484148,PHI,2026-04-14,2.2584,988,2.0559,867,NA,NA,1
2026,2,8484168,SEA,2026-04-13,1.4629,566,1.4629,566,NA,NA,1
2026,2,8484168,SEA,2026-04-11,1.5493,607,1.4742,573,NA,NA,1
2026,2,8484168,SEA,2026-04-09,1.4357,541,1.4357,541,NA,NA,1
2026,2,8484168,SEA,2026-04-07,1.5628,571,1.5628,571,NA,NA,0
2026,2,8484168,SEA,2026-04-06,2.0652,748,2.0652,748,NA,NA,0
2026,2,8484168,SEA,2026-04-04,1.0517,424,1.0517,424,NA,NA,1
2026,2,8484168,SEA,2026-04-02,1.4359,494,1.4359,494,NA,NA,1
2026,2,8484168,SEA,2026-03-31,2.1356,785,2.1356,785,NA,NA,0
2026,2,8484168,SEA,2026-03-28,1.7655,640,1.7313,631,0.0341,9,0
2026,2,8484168,SEA,2026-03-26,2.0283,706,2.0193,703,0.009,3,0
2026,2,8484169,NYR,2026-04-15,2.2783,944,2.2783,944,NA,NA,0
2026,2,8484169,NYR,2026-04-13,1.8927,782,1.8844,775,NA,NA,0
2026,2,8484169,NYR,2026-04-08,1.9488,814,1.9488,814,NA,NA,1
2026,2,8484169,NYR,2026-04-05,2.4959,1073,2.4177,1045,0.0781,28,1
2026,2,8484169,NYR,2026-04-04,1.7362,676,1.7362,676,NA,NA,1
2026,2,8484169,NYR,2026-04-02,2.0881,841,2.0881,841,NA,NA,1
2026,2,8484169,NYR,2026-03-31,2.0393,828,2.0393,828,NA,NA,1
2026,2,8484169,NYR,2026-03-29,2.3866,1014,2.3866,1014,NA,NA,1
2026,2,8484169,NYR,2026-03-27,2.5851,1043,2.3658,963,0.1814,65,1
2026,2,8484380,FLA,2026-04-15,2.1427,840,1.9829,786,NA,NA,1
2026,2,8484380,FLA,2026-04-13,2.4186,914,2.2185,849,0.2001,65,1
2026,2,8484380,FLA,2026-04-11,2.513,949,2.3925,903,0.1204,46,0
2026,2,8484428,CAR,2026-04-14,3.2622,1321,2.9036,1153,NA,NA,0
2026,2,8484428,CAR,2026-04-13,2.152,862,1.9666,770,NA,NA,0
2026,2,8484428,CAR,2026-04-11,1.8505,737,1.5487,605,NA,NA,0
2026,2,8484428,CAR,2026-04-09,2.7609,1003,2.45,869,NA,NA,0
2026,2,8484428,CAR,2025-11-09,1.0719,435,1.0208,405,NA,NA,0
2026,2,8484428,CAR,2025-11-08,2.7598,1101,2.7598,1101,NA,NA,1
2026,2,8484428,CAR,2025-11-04,2.3145,895,2.3145,895,NA,NA,0
2026,2,8484428,CAR,2025-11-01,2.2302,859,2.2302,859,NA,NA,0
2026,2,8484428,CAR,2025-10-30,2.3978,940,2.3583,924,NA,NA,1
2026,2,8484428,CAR,2025-10-25,1.6329,598,1.6078,585,NA,NA,0
2026,2,8484759,OTT,2026-03-31,2.0857,822,1.675,671,0.4107,151,0
2026,2,8484759,OTT,2026-03-28,2.2433,838,2.0366,762,0.2067,76,0
2026,2,8484759,OTT,2026-03-26,2.7042,1062,2.4755,961,0.2288,101,1
2026,2,8484759,OTT,2026-03-24,1.8776,766,1.6817,682,0.19,82,0
2026,2,8484793,CHI,2026-04-11,2.0685,712,2.0685,712,NA,NA,1
2026,2,8484793,CHI,2026-04-06,1.1985,459,1.1985,459,NA,NA,0
2026,2,8484793,CHI,2026-04-04,1.4825,558,1.4825,558,NA,NA,0
2026,2,8484793,CHI,2026-04-02,1.2333,430,1.2333,430,NA,NA,0
2026,2,8484793,CHI,2026-03-29,1.6797,576,1.6797,576,NA,NA,0
2026,2,8484793,CHI,2026-03-27,1.6891,605,1.6891,605,NA,NA,0
2026,2,8484793,CHI,2026-03-26,1.6367,543,1.6362,543,4e-4,0,0
2026,2,8474149,NJD,2026-04-14,1.9107,668,1.9107,668,NA,NA,0
2026,2,8474149,NJD,2026-04-02,0.999,343,0.999,343,NA,NA,1
2026,2,8474149,NJD,2026-03-31,1.3152,489,1.3152,489,NA,NA,0
2026,2,8474149,NJD,2026-03-29,1.6402,587,1.6402,587,NA,NA,1
2026,2,8474149,NJD,2026-03-28,2.091,756,2.0434,744,0.0476,12,0
2026,2,8474149,NJD,2026-03-26,1.9709,726,1.9709,726,NA,NA,0
2026,2,8474149,NJD,2026-03-08,1.3831,447,1.3831,447,NA,NA,1
2026,2,8474149,NJD,2026-02-05,2.5564,881,2.5564,881,NA,NA,1
2026,2,8474149,NJD,2026-01-31,2.3762,855,1.9519,702,0.4242,153,0
2026,2,8474149,NJD,2026-01-29,2.1925,791,1.9471,715,0.2454,76,1
2026,2,8476952,CHI,2026-04-13,1.6812,572,1.6812,572,NA,NA,1
2026,2,8476952,CHI,2026-03-22,1.4045,502,1.4045,502,NA,NA,1
2026,2,8476952,CHI,2026-03-20,1.5652,561,1.5652,561,NA,NA,1
2026,2,8476952,CHI,2025-12-27,1.8731,631,1.8731,631,NA,NA,0
2026,2,8476952,CHI,2025-12-23,1.1665,400,1.1665,400,NA,NA,1
2026,2,8476952,CHI,2025-12-18,1.5838,538,1.5838,538,NA,NA,0
2026,2,8476952,CHI,2025-12-16,1.7036,572,1.7036,572,NA,NA,0
2026,2,8476952,CHI,2025-12-13,1.7666,618,1.7666,618,NA,NA,1
2026,2,8477073,OTT,2026-04-15,1.2078,465,1.2078,465,NA,NA,1
2026,2,8477073,OTT,2026-04-12,0.9642,346,0.9642,346,NA,NA,0
2026,2,8477073,OTT,2026-03-05,0.3471,122,0.3471,122,NA,NA,0
2026,2,8477073,OTT,2025-12-29,0.4664,170,0.4664,170,NA,NA,1
2026,2,8477073,OTT,2025-12-23,0.4018,160,0.4018,160,NA,NA,1
2026,2,8477073,OTT,2025-12-21,0.8649,334,0.7962,296,0.0688,38,0
2026,2,8477073,OTT,2025-12-18,0.3116,101,0.3116,101,NA,NA,1
2026,2,8477073,OTT,2025-12-15,0.8645,323,0.8645,323,NA,NA,0
2026,2,8477073,OTT,2025-12-13,0.4869,170,0.4869,170,NA,NA,0
2026,2,8477073,OTT,2025-12-11,0.8527,299,0.8527,299,NA,NA,0
2026,2,8477320,NYR,2026-02-05,1.4134,544,1.4134,544,NA,NA,1
2026,2,8477320,NYR,2026-01-23,1.0054,374,1.0054,374,NA,NA,0
2026,2,8477320,NYR,2026-01-08,1.2028,455,1.2028,455,NA,NA,1
2026,2,8477320,NYR,2026-01-05,1.282,476,1.282,476,NA,NA,1
2026,2,8477435,PIT,2026-04-14,2.082,860,1.9848,805,NA,NA,0
2026,2,8477435,PIT,2026-04-11,2.3475,930,2.3475,930,NA,NA,1
2026,2,8477435,PIT,2026-03-22,1.9146,765,1.9092,761,NA,NA,1
2026,2,8477435,PIT,2026-01-21,2.5201,1101,2.3804,1034,NA,NA,0
2026,2,8477435,PIT,2026-01-19,2.1921,914,1.8395,731,NA,NA,0
2026,2,8477435,PIT,2025-12-14,1.9401,823,1.905,807,NA,NA,1
2026,2,8477435,PIT,2025-12-13,2.0405,863,2.0231,858,0.0174,5,1
2026,2,8477435,PIT,2025-12-11,1.9523,779,1.9523,779,NA,NA,1
2026,2,8477435,PIT,2025-12-09,1.9593,825,1.936,814,NA,NA,1
2026,2,8477435,PIT,2025-12-07,2.1984,947,2.1984,947,NA,NA,0
2026,2,8477463,TBL,2026-04-15,1.3042,529,1.3042,529,NA,NA,1
2026,2,8477463,TBL,2026-03-28,0.3301,109,0.3301,109,NA,NA,1
2026,2,8477463,TBL,2026-03-10,1.4465,561,1.4465,561,NA,NA,1
2026,2,8477463,TBL,2025-12-27,1.1606,478,1.0334,393,0.0202,7,0
2026,2,8477463,TBL,2025-12-15,2.0276,720,2.0057,713,NA,NA,1
2026,2,8477463,TBL,2025-12-02,1.5685,643,1.5461,635,NA,NA,0
2026,2,8477463,TBL,2025-11-29,1.5355,641,1.5355,641,NA,NA,0
2026,2,8477463,TBL,2025-11-28,1.9705,784,1.9705,784,NA,NA,0
2026,2,8477463,TBL,2025-11-26,2.3175,918,2.3175,918,NA,NA,1
2026,2,8477463,TBL,2025-11-24,1.9104,765,1.9104,765,NA,NA,1
2026,2,8477541,TOR,2025-12-08,1.4703,634,1.4703,634,NA,NA,1
2026,2,8477541,TOR,2025-11-29,1.9798,910,1.9357,891,NA,NA,0
2026,2,8477541,TOR,2025-11-28,1.7484,761,1.7484,760,NA,NA,0
2026,2,8477541,TOR,2025-11-26,1.5325,707,1.4244,646,NA,NA,0
2026,2,8477541,TOR,2025-11-22,1.762,869,1.5737,749,NA,NA,0
2026,2,8477541,TOR,2025-11-20,1.8679,839,1.7045,743,NA,NA,1
2026,2,8477541,TOR,2025-11-18,2.1338,876,2.0138,823,NA,NA,1
2026,2,8477541,TOR,2025-11-15,1.2469,500,1.2469,500,NA,NA,0
2026,2,8477541,TOR,2025-11-13,1.8453,872,1.8453,872,NA,NA,1
2026,2,8477541,TOR,2025-11-05,1.8874,838,1.801,773,NA,NA,1
2026,2,8478062,CBJ,2026-01-13,1.1317,483,1.1317,483,NA,NA,1
2026,2,8478062,CBJ,2025-12-31,1.4122,576,1.4122,576,NA,NA,1
2026,2,8478062,CBJ,2025-11-05,1.0643,453,1.0643,453,NA,NA,0
2026,2,8478452,PIT,2025-10-23,2.4308,999,2.3494,960,NA,NA,0
2026,2,8478452,PIT,2025-10-21,2.3574,1079,1.9995,886,0.0947,47,1
2026,2,8478452,PIT,2025-10-18,2.4322,1131,2.2145,1019,NA,NA,0
2026,2,8478452,PIT,2025-10-16,2.6039,1056,2.3771,960,NA,NA,0
2026,2,8478452,PIT,2025-10-11,2.6768,1090,2.3779,943,NA,NA,1
2026,2,8478452,PIT,2025-10-09,2.2913,921,2.1907,844,NA,NA,1
2026,2,8478452,PIT,2025-10-07,2.2303,936,2.1352,897,0.0475,19,0
2026,2,8478502,OTT,2026-04-15,2.1979,932,2.1343,902,NA,NA,1
2026,2,8478502,OTT,2026-04-12,2.4758,1066,2.2866,974,NA,NA,0
2026,2,8478502,OTT,2026-03-21,1.5632,677,1.5462,674,0.017,3,1
2026,2,8478502,OTT,2026-03-19,1.367,544,1.367,544,NA,NA,1
2026,2,8478502,OTT,2026-03-18,1.3441,573,1.3441,573,NA,NA,0
2026,2,8478502,OTT,2026-03-15,1.8743,833,1.8743,833,NA,NA,1
2026,2,8478502,OTT,2026-03-14,1.4323,635,1.432,634,NA,NA,1
2026,2,8478502,OTT,2025-12-04,1.8821,830,1.8821,830,NA,NA,1
2026,2,8478888,DAL,2026-04-11,1.0445,386,1.0445,386,NA,NA,1
2026,2,8478888,DAL,2026-04-09,1.4393,537,1.4393,537,NA,NA,1
2026,2,8478888,DAL,2026-03-31,1.1566,394,1.1566,394,NA,NA,0
2026,2,8479291,UTA,2025-11-28,1.7403,584,1.7403,584,NA,NA,0
2026,2,8479339,MTL,2025-10-16,1.8703,730,1.6553,597,0.215,133,1
2026,2,8479339,MTL,2025-10-14,1.6677,643,1.5018,522,0.166,121,1
2026,2,8479339,MTL,2025-10-11,1.9627,813,1.3466,452,0.6161,361,0
2026,2,8479339,MTL,2025-10-09,2.069,825,1.9703,754,0.0987,71,0
2026,2,8479339,MTL,2025-10-08,2.0369,771,1.9583,725,0.0786,46,0
2026,2,8479362,BOS,2025-11-28,1.8065,688,1.8065,688,NA,NA,1
2026,2,8479362,BOS,2025-11-23,1.2213,481,0.9919,381,0.2294,100,0
2026,2,8479362,BOS,2025-11-21,1.8265,719,1.8265,719,NA,NA,0
2026,2,8479362,BOS,2025-11-17,2.4228,913,1.9117,705,0.5111,208,1
2026,2,8479387,COL,2026-01-31,1.2646,535,1.2646,535,NA,NA,0
2026,2,8479387,COL,2026-01-29,1.6896,778,1.6896,778,NA,NA,0
2026,2,8479387,COL,2026-01-28,1.4056,623,1.3142,583,NA,NA,0
2026,2,8479533,PIT,2026-04-14,1.7216,651,1.6441,618,NA,NA,0
2026,2,8479533,PIT,2026-04-12,1.4796,607,1.2324,504,NA,NA,0
2026,2,8479533,PIT,2026-04-11,1.8295,730,1.8295,730,NA,NA,1
2026,2,8479533,PIT,2025-11-29,2.0431,808,1.7993,685,NA,NA,1
2026,2,8479533,PIT,2025-11-28,2.0596,744,1.8301,655,0.0265,9,0
2026,2,8479533,PIT,2025-11-26,2.1283,782,2.1283,782,NA,NA,1
2026,2,8479533,PIT,2025-11-22,1.5135,631,1.2512,504,NA,NA,1
2026,2,8479533,PIT,2025-11-21,2.1733,855,1.7376,655,NA,NA,1
2026,2,8479533,PIT,2025-11-16,2.0375,807,1.6354,602,NA,NA,1
2026,2,8479533,PIT,2025-11-14,2.1139,832,2.1139,773,NA,NA,0
2026,2,8479644,STL,2025-12-18,1.2354,440,1.2354,440,NA,NA,1
2026,2,8479644,STL,2025-12-15,2.1121,780,1.9741,736,0.138,44,1
2026,2,8479644,STL,2025-12-12,1.4623,543,1.4623,543,NA,NA,1
2026,2,8479644,STL,2025-12-09,1.1689,464,1.1689,464,NA,NA,1
2026,2,8479644,STL,2025-12-07,1.3272,513,1.3272,513,NA,NA,0
2026,2,8479718,COL,2026-04-16,2.0691,782,1.7191,626,0.35,156,1
2026,2,8479718,COL,2026-01-19,0.5324,226,0.5007,208,0.0317,18,1
2026,2,8480007,VGK,2026-02-01,1.418,500,1.418,500,NA,NA,0
2026,2,8480007,VGK,2026-01-31,2.3308,821,2.2617,809,NA,NA,1
2026,2,8480007,VGK,2026-01-25,1.9045,698,1.8183,667,NA,NA,0
2026,2,8480007,VGK,2026-01-23,2.3086,880,2.1886,824,NA,NA,0
2026,2,8480075,OTT,2026-04-15,2.7387,1133,2.4377,984,NA,NA,1
2026,2,8480075,OTT,2026-04-12,1.7337,692,1.5468,591,NA,NA,0
2026,2,8480075,OTT,2026-04-07,2.1952,890,2.0097,811,NA,NA,1
2026,2,8480075,OTT,2026-04-05,2.1745,980,2.0707,912,NA,NA,1
2026,2,8480075,OTT,2026-04-04,2.1322,859,2.1322,859,NA,NA,1
2026,2,8480075,OTT,2026-04-02,1.9726,817,1.8227,720,NA,NA,1
2026,2,8480825,SJS,2025-11-02,1.2974,500,1.2974,500,NA,NA,1
2026,2,8480825,SJS,2025-11-01,1.3435,486,1.3435,485,NA,NA,1
2026,2,8480825,SJS,2025-10-30,1.505,610,1.3321,542,NA,NA,1
2026,2,8481014,NYI,2025-11-18,2.9031,1239,2.6784,1152,NA,NA,0
2026,2,8481014,NYI,2025-11-16,2.6272,1203,2.3393,1037,NA,NA,0
2026,2,8481014,NYI,2025-11-14,3.1674,1361,2.6423,1080,0.0351,18,0
2026,2,8481014,NYI,2025-11-13,2.7622,1237,2.4807,1070,NA,NA,0
2026,2,8481014,NYI,2025-11-10,3.047,1321,2.743,1177,NA,NA,0
2026,2,8481014,NYI,2025-11-08,2.4994,1061,2.3332,962,NA,NA,0
2026,2,8481014,NYI,2025-11-07,2.3473,998,2.2556,930,NA,NA,1
2026,2,8481014,NYI,2025-11-04,2.4461,1052,2.1679,900,0.0114,5,1
2026,2,8481014,NYI,2025-11-02,3.0454,1298,2.689,1091,0.0175,13,1
2026,2,8481014,NYI,2025-10-31,2.6947,1183,2.2541,991,0.0522,17,0
2026,2,8481065,NJD,2025-12-19,0.9964,397,0.9964,397,NA,NA,0
2026,2,8481065,NJD,2025-12-17,1.6286,601,1.6286,601,NA,NA,0
2026,2,8481065,NJD,2025-12-14,1.3191,425,1.3191,425,NA,NA,1
2026,2,8481065,NJD,2025-12-13,1.284,467,1.284,467,NA,NA,1
2026,2,8481065,NJD,2025-12-11,1.6752,624,1.6752,624,NA,NA,1
2026,2,8481065,NJD,2025-12-09,1.2045,402,1.2045,402,NA,NA,0
2026,2,8481065,NJD,2025-12-06,1.5511,579,1.5511,579,NA,NA,0
2026,2,8481065,NJD,2025-12-05,1.8963,636,1.8963,636,NA,NA,1
2026,2,8481518,FLA,2026-04-15,2.2441,795,1.9932,692,NA,NA,1
2026,2,8481518,FLA,2026-04-13,1.6467,652,1.5837,621,0.0041,3,1
2026,2,8481518,FLA,2026-04-11,2.2835,853,2.2835,853,NA,NA,0
2026,2,8481518,FLA,2026-04-09,1.9837,716,1.9837,716,NA,NA,0
2026,2,8481518,FLA,2026-04-05,0.953,337,0.953,337,NA,NA,0
2026,2,8481518,FLA,2026-04-02,1.8413,656,1.8413,656,NA,NA,1
2026,2,8481518,FLA,2026-03-29,1.7701,692,1.7538,685,0.0163,7,0
2026,2,8481518,FLA,2026-03-28,1.8382,656,1.8382,656,NA,NA,0
2026,2,8481518,FLA,2026-03-26,1.8299,682,1.8299,682,NA,NA,1
2026,2,8481518,FLA,2026-03-24,1.9527,647,1.9527,647,NA,NA,1
2026,2,8481560,OTT,2025-10-18,1.4968,603,1.394,540,0.1027,63,1
2026,2,8481560,OTT,2025-10-16,1.9202,670,1.7431,594,0.1772,76,1
2026,2,8481577,PIT,2025-11-16,2.0144,699,2.0144,699,NA,NA,1
2026,2,8481577,PIT,2025-11-14,1.7548,637,1.7548,637,NA,NA,0
2026,2,8481577,PIT,2025-11-06,1.696,589,1.557,540,0.139,49,1
2026,2,8481577,PIT,2025-11-03,2.4033,815,2.4033,815,NA,NA,0
2026,2,8481577,PIT,2025-11-01,2.5672,925,2.5098,908,0.0573,17,0
2026,2,8481577,PIT,2025-10-25,1.6984,626,1.6449,610,0.0535,16,1
2026,2,8481577,PIT,2025-10-16,1.9276,681,1.8091,630,0.1186,51,0
2026,2,8481577,PIT,2025-10-14,2.1497,784,2.1497,784,NA,NA,0
2026,2,8481577,PIT,2025-10-07,2.2205,817,2.2205,817,NA,NA,0
2026,2,8481599,BOS,2025-12-21,2.0399,864,2.0385,863,0.0014,1,1
2026,2,8481599,BOS,2025-12-20,1.686,696,1.6736,691,NA,NA,1
2026,2,8481599,BOS,2025-12-18,1.8453,748,1.8453,748,NA,NA,1
2026,2,8481599,BOS,2025-12-16,2.0151,818,1.9699,792,0.0452,26,1
2026,2,8481599,BOS,2025-12-14,2.2618,898,2.2618,898,NA,NA,0
2026,2,8481599,BOS,2025-12-09,1.9687,824,1.9687,824,NA,NA,0
2026,2,8481599,BOS,2025-12-06,1.9748000000000001,897,1.9748000000000001,897,NA,NA,1
2026,2,8481599,BOS,2025-12-04,1.9699,820,1.9402,803,NA,NA,1
2026,2,8482070,TBL,2026-04-15,2.1366,799,2.0318,756,NA,NA,1
2026,2,8482070,TBL,2026-04-06,1.0755,383,1.0294,360,0.0461,23,0
2026,2,8482070,TBL,2026-04-04,1.4676,579,1.4676,579,NA,NA,1
2026,2,8482070,TBL,2026-04-02,1.5697,563,1.5697,563,NA,NA,1
2026,2,8482070,TBL,2025-10-23,1.7755,609,1.6209,547,0.1546,62,1
2026,2,8482070,TBL,2025-10-18,1.3666,520,1.3666,452,NA,NA,0
2026,2,8482070,TBL,2025-10-17,1.5961,618,1.2643,467,0.3318,151,0
2026,2,8482070,TBL,2025-10-14,1.3822,484,1.3072,452,0.075,32,0
2026,2,8482070,TBL,2025-10-13,1.0917,443,0.9397,357,0.1519,86,0
2026,2,8482070,TBL,2025-10-11,1.5041,508,1.3101,439,0.194,69,1
2026,2,8482118,ANA,2026-01-29,1.6026,569,1.4772,532,0.1254,37,0
2026,2,8482118,ANA,2026-01-16,1.8627,642,1.5393,528,0.3234,114,0
2026,2,8482118,ANA,2025-10-31,1.453,502,1.453,502,NA,NA,1
2026,2,8482118,ANA,2025-10-28,1.9138,647,1.9138,647,NA,NA,0
2026,2,8482118,ANA,2025-10-25,1.3789,491,1.3789,491,NA,NA,0
2026,2,8482118,ANA,2025-10-23,2.2787,794,2.2787,794,NA,NA,0
2026,2,8482118,ANA,2025-10-21,2.0824,731,1.8677,646,0.2147,85,0
2026,2,8482118,ANA,2025-10-19,1.5181,504,1.5034,498,0.0147,6,0
2026,2,8482118,ANA,2025-10-09,1.7016,616,1.7016,616,NA,NA,0
2026,2,8482153,NYR,2026-03-02,1.4425,586,1.368,542,0.0745,44,1
2026,2,8482153,NYR,2026-02-28,1.5889,639,1.4426,577,0.1463,62,1
2026,2,8482153,NYR,2026-02-26,1.756,681,1.6263,621,0.1298,60,1
2026,2,8482168,TBL,2026-01-26,1.3537,597,1.3537,597,NA,NA,1
2026,2,8482168,TBL,2025-12-28,1.811,783,1.8033,780,NA,NA,1
2026,2,8482206,SJS,2025-12-23,1.6952,588,1.6734,578,NA,NA,0
2026,2,8482206,SJS,2025-12-18,2.0302,682,2.0302,682,NA,NA,1
2026,2,8482206,SJS,2025-12-16,2.1919,776,2.1586,761,NA,NA,1
2026,2,8482206,SJS,2025-11-08,1.6888,628,1.6476,607,NA,NA,1
2026,2,8482206,SJS,2025-11-07,1.8884,698,1.8884,698,NA,NA,1
2026,2,8482206,SJS,2025-11-05,1.9556,734,1.7155,658,NA,NA,0
2026,2,8482206,SJS,2025-11-02,2.6141,905,2.4516,841,0.1625,64,1
2026,2,8482451,CBJ,2026-01-15,1.8032,655,1.8032,655,NA,NA,1
2026,2,8482451,CBJ,2026-01-13,1.1308,443,1.0838,404,NA,NA,1
2026,2,8482451,CBJ,2026-01-11,2.0409,714,1.9452,686,NA,NA,0
2026,2,8482451,CBJ,2026-01-10,1.7701,699,1.6936,652,NA,NA,0
2026,2,8482451,CBJ,2026-01-08,1.5683,567,1.5683,567,NA,NA,0
2026,2,8482460,NYR,2026-02-05,1.1702,428,1.1702,428,NA,NA,1
2026,2,8482460,NYR,2026-01-31,1.2523,466,1.2523,466,NA,NA,0
2026,2,8482460,NYR,2026-01-29,1.1899,465,1.1899,465,NA,NA,1
2026,2,8482460,NYR,2026-01-28,1.4769,589,1.4572,581,NA,NA,0
2026,2,8482460,NYR,2026-01-26,1.3377,523,1.3377,522,NA,NA,1
2026,2,8482460,NYR,2026-01-10,1.3056,488,1.3056,488,NA,NA,0
2026,2,8482460,NYR,2026-01-08,1.5494,583,1.5494,583,NA,NA,1
2026,2,8482460,NYR,2026-01-05,1.4864,522,1.4864,522,NA,NA,1
2026,2,8482460,NYR,2026-01-02,1.2993,482,1.2993,482,NA,NA,0
2026,2,8482460,NYR,2025-12-31,1.4,556,1.4,556,NA,NA,0
2026,2,8482641,MIN,2026-04-14,2.6199,1219,2.3408,1027,NA,NA,1
2026,2,8482641,MIN,2026-04-13,2.5284,1155,1.9949,867,NA,NA,0
2026,2,8482641,MIN,2026-01-05,1.2771,511,1.2771,511,NA,NA,0
2026,2,8482641,MIN,2025-12-18,2.5725,1057,2.4312,984,NA,NA,0
2026,2,8482641,MIN,2025-12-16,2.3063,976,2.0852,867,NA,NA,1
2026,2,8482641,MIN,2025-12-13,1.8478,744,1.7331,689,NA,NA,1
2026,2,8482785,CAR,2025-11-28,2.2152,717,2.2152,717,NA,NA,1
2026,2,8482785,CAR,2025-11-26,1.6081,565,1.6081,565,NA,NA,1
2026,2,8482807,CHI,2026-04-15,2.0508,841,1.9106,780,NA,NA,1
2026,2,8482807,CHI,2026-04-13,2.2926,973,2.0702,865,NA,NA,1
2026,2,8482807,CHI,2026-04-09,2.4363,995,2.4363,995,NA,NA,1
2026,2,8482807,CHI,2026-04-06,1.9485,863,1.7331,765,NA,NA,0
2026,2,8482807,CHI,2026-04-04,2.0221,942,1.8477,846,NA,NA,0
2026,2,8482807,CHI,2026-04-02,2.1658,997,1.9416,866,NA,NA,0
2026,2,8482807,CHI,2026-03-31,2.1501,853,2.1501,853,NA,NA,1
2026,2,8482807,CHI,2026-03-29,2.1523,866,2.0652,817,NA,NA,0
2026,2,8482807,CHI,2026-03-27,2.3609,1056,2.2159,980,NA,NA,0
2026,2,8482807,CHI,2026-03-26,2.4022,1045,2.29,973,NA,NA,0
2026,2,8483039,COL,2025-11-23,1.0992,412,1.0992,412,NA,NA,0
2026,2,8483039,COL,2025-11-22,1.3455,411,1.3455,411,NA,NA,0
2026,2,8483039,COL,2025-11-20,1.0946,365,1.0946,365,NA,NA,1
2026,2,8483039,COL,2025-11-04,0.9054,325,0.9054,325,NA,NA,1
2026,2,8483424,MTL,2026-01-12,1.9361,663,1.9361,663,NA,NA,1
2026,2,8483424,MTL,2026-01-10,1.2893,451,1.2893,451,NA,NA,1
2026,2,8483424,MTL,2026-01-08,1.2375,429,1.2375,429,NA,NA,1
2026,2,8483424,MTL,2026-01-07,1.9957,676,1.9957,676,NA,NA,1
2026,2,8483424,MTL,2026-01-04,1.3081,437,1.3081,437,NA,NA,0
2026,2,8483424,MTL,2026-01-03,1.3991,482,1.3991,482,NA,NA,0
2026,2,8483424,MTL,2025-12-21,1.7877,607,1.7877,607,NA,NA,0
2026,2,8483424,MTL,2025-12-20,2.3296,798,2.3296,798,NA,NA,1
2026,2,8483424,MTL,2025-12-18,1.8873,684,1.8873,684,NA,NA,1
2026,2,8483424,MTL,2025-12-16,1.3124,444,1.3124,444,NA,NA,1
2026,2,8483432,CBJ,2026-04-02,1.9975,798,1.6916,675,0.3058,123,0
2026,2,8483432,CBJ,2025-12-22,1.0725,382,1.0725,382,NA,NA,0
2026,2,8483432,CBJ,2025-12-20,1.2725,476,1.2725,476,NA,NA,0
2026,2,8483432,CBJ,2025-12-09,1.3969,549,1.2193,488,0.1776,61,0
2026,2,8483432,CBJ,2025-12-07,1.4819,547,1.4789,544,0.003,3,0
2026,2,8483432,CBJ,2025-12-06,1.226,443,1.226,443,NA,NA,0
2026,2,8483432,CBJ,2025-12-04,1.2332,424,1.2332,424,NA,NA,1
2026,2,8483432,CBJ,2025-11-20,1.5667,539,1.5667,539,NA,NA,0
2026,2,8483432,CBJ,2025-11-18,1.5992,579,1.5992,579,NA,NA,0
2026,2,8483432,CBJ,2025-11-15,1.4326,513,1.4326,513,NA,NA,1
2026,2,8483448,NYI,2026-04-14,2.5535,993,2.4526,945,NA,NA,1
2026,2,8483448,NYI,2026-04-04,1.5601,621,1.5601,621,NA,NA,0
2026,2,8483448,NYI,2026-01-26,1.8492,759,1.8492,759,NA,NA,0
2026,2,8483448,NYI,2026-01-24,2.1398,836,2.1356,834,NA,NA,1
2026,2,8483472,UTA,2025-12-10,1.7754,766,1.7754,766,NA,NA,1
2026,2,8483472,UTA,2025-12-08,2.441,933,2.441,933,NA,NA,1
2026,2,8483472,UTA,2025-12-06,2.1374,807,2.1374,807,NA,NA,0
2026,2,8483472,UTA,2025-12-05,2.2865,879,2.2865,879,NA,NA,0
2026,2,8483472,UTA,2025-12-03,2.4591,1011,2.4591,1011,NA,NA,0
2026,2,8483482,ANA,2026-04-16,1.7807,697,1.7807,697,NA,NA,0
2026,2,8483505,BOS,2026-02-04,2.0912,785,1.9069,700,0.1843,85,0
2026,2,8483505,BOS,2026-02-01,1.9866,708,1.9866,708,NA,NA,0
2026,2,8483505,BOS,2026-01-29,1.7815,688,1.6476,637,0.1339,51,1
2026,2,8483526,WPG,2026-03-31,1.2152,414,1.1098,357,NA,NA,0
2026,2,8483526,WPG,2026-03-28,0.9751,339,0.9751,339,NA,NA,0
2026,2,8483526,WPG,2026-01-13,1.3664,462,1.2579,418,NA,NA,1
2026,2,8483526,WPG,2026-01-11,1.3879,473,1.2383,401,NA,NA,1
2026,2,8483526,WPG,2026-01-09,1.7475,627,1.4431,510,NA,NA,1
2026,2,8483526,WPG,2026-01-08,1.1821,415,1.1821,415,NA,NA,1
2026,2,8483686,MTL,2026-04-14,2.2159,928,1.8607,784,0.3552,144,0
2026,2,8483686,MTL,2026-04-11,2.3779,1041,2.0984,926,0.1807,65,1
2026,2,8483686,MTL,2026-04-09,1.2863,552,1.2802,549,NA,NA,1
2026,2,8483686,MTL,2026-04-07,2.3449,950,2.3449,950,NA,NA,1
2026,2,8483686,MTL,2026-01-01,1.9084,784,1.9084,784,NA,NA,0
2026,2,8483686,MTL,2025-12-30,1.7169,689,1.7169,689,NA,NA,0
2026,2,8483686,MTL,2025-12-21,1.5118,640,1.5118,640,NA,NA,0
2026,2,8483686,MTL,2025-12-20,1.5729,672,1.5729,672,NA,NA,1
2026,2,8483686,MTL,2025-12-18,2.3915,973,2.3915,973,NA,NA,1
2026,2,8483686,MTL,2025-12-16,2.3984,945,2.3594,919,NA,NA,1
2026,2,8483696,NSH,2026-04-16,1.8779,683,1.8155,661,0.0624,22,1
2026,2,8483699,LAK,2026-03-02,1.8019,738,1.8019,738,NA,NA,1
2026,2,8483712,FLA,2026-04-15,2.9237,1088,2.6344,951,0.0662,23,1
2026,2,8483712,FLA,2026-04-13,2.8607,1118,2.687,1031,NA,NA,1
2026,2,8483712,FLA,2026-04-11,2.887,1122,2.8418,1106,0.0452,16,0
2026,2,8483712,FLA,2026-04-09,2.0033,817,2.0033,817,NA,NA,0
2026,2,8483728,MTL,2025-12-11,0.9718,344,0.9718,344,NA,NA,0
2026,2,8483728,MTL,2025-12-09,1.9811,735,1.9811,735,NA,NA,1
2026,2,8483728,MTL,2025-12-07,1.7605,655,1.7605,655,NA,NA,1
2026,2,8483728,MTL,2025-12-06,1.2925,511,1.2925,511,NA,NA,0
2026,2,8483728,MTL,2025-12-03,1.3118,498,1.3118,498,NA,NA,1
2026,2,8483728,MTL,2025-11-26,0.8894,323,0.8894,323,NA,NA,0
2026,2,8483728,MTL,2025-11-22,1.481,592,1.481,592,NA,NA,1
2026,2,8483728,MTL,2025-11-20,1.5416,573,1.5416,573,NA,NA,1
2026,2,8483728,MTL,2025-11-17,1.5249,565,1.5078,562,NA,NA,0
2026,2,8483728,MTL,2025-11-15,1.1532,434,1.1532,434,NA,NA,1
2026,2,8483760,PHI,2026-04-14,2.1993,911,2.0693,840,NA,NA,1
2026,2,8483930,COL,2026-03-20,1.565,549,1.565,549,NA,NA,0
2026,2,8483930,COL,2026-03-18,0.64,223,0.64,223,NA,NA,1
2026,2,8483930,COL,2026-01-19,0.7918,297,0.763,279,0.0288,18,1
2026,2,8483930,COL,2026-01-16,1.7485,576,1.5741,525,0.1744,51,1
2026,2,8483930,COL,2026-01-12,0.8077,304,0.8077,304,NA,NA,1
2026,2,8483930,COL,2026-01-08,1.6655,577,1.6655,577,NA,NA,1
2026,2,8483930,COL,2025-11-29,1.7675,623,1.7675,623,NA,NA,1
2026,2,8483930,COL,2025-11-28,1.019,363,1.019,363,NA,NA,0
2026,2,8483930,COL,2025-11-26,1.5139,512,1.5139,512,NA,NA,1
2026,2,8484135,WPG,2026-04-04,1.9979,713,1.9979,713,NA,NA,0
2026,2,8484135,WPG,2026-04-02,1.6533,552,1.6509,549,0.0024,3,0
2026,2,8484135,WPG,2026-03-31,1.5701,490,1.5701,490,NA,NA,0
2026,2,8484135,WPG,2026-03-28,1.5292,540,1.529,539,2e-4,1,0
2026,2,8484135,WPG,2025-11-15,1.5852,609,1.4592,549,NA,NA,0
2026,2,8484135,WPG,2025-11-13,1.3916,479,1.1665,396,NA,NA,0
2026,2,8484135,WPG,2025-11-11,1.6919,595,1.5655,539,0.007,7,0
2026,2,8484135,WPG,2025-11-09,2.0225,664,1.5665,505,0.0589,19,0
2026,2,8484135,WPG,2025-11-07,1.1702,428,1.1442,413,NA,NA,0
2026,2,8484135,WPG,2025-11-04,1.3964,463,1.3462,440,NA,NA,0
2026,2,8484220,MTL,2026-04-14,2.3072,900,2.3072,900,NA,NA,0
2026,2,8484220,MTL,2026-04-12,1.7417,677,1.7417,677,NA,NA,0
2026,2,8484234,CGY,2026-04-16,2.0946,706,1.734,599,0.3606,107,1
2026,2,8484234,CGY,2026-04-14,1.9639,654,1.6201,533,0.3439,121,1
2026,2,8484234,CGY,2026-04-12,2.0936,687,1.6334,535,0.4601,152,1
2026,2,8484234,CGY,2026-04-11,2.1059,745,1.9799,702,0.126,43,0
2026,2,8484234,CGY,2026-04-09,2.1264,716,1.9652,657,0.1612,59,0
2026,2,8484234,CGY,2026-04-07,2.0236,676,1.8131,605,0.2105,71,0
2026,2,8484262,NYI,2025-12-16,1.9738,904,1.9738,904,NA,NA,0
2026,2,8484262,NYI,2025-12-13,1.2685,575,1.2685,575,NA,NA,1
2026,2,8484262,NYI,2025-12-11,1.6709,765,1.6709,764,NA,NA,1
2026,2,8484262,NYI,2025-12-09,1.5435,620,1.5435,620,NA,NA,1
2026,2,8484262,NYI,2025-12-07,1.8274,806,1.7265,762,NA,NA,0
2026,2,8484262,NYI,2025-12-04,1.425,612,1.425,612,NA,NA,1
2026,2,8484262,NYI,2025-12-02,1.6998,718,1.6998,718,NA,NA,1
2026,2,8484262,NYI,2025-11-30,1.6404,685,1.6404,685,NA,NA,1
2026,2,8484262,NYI,2025-11-28,1.222,545,1.222,545,NA,NA,1
2026,2,8484386,UTA,2026-04-16,1.8311,739,1.8078,729,NA,NA,1
2026,2,8484386,UTA,2026-04-12,1.9938,811,1.9938,811,NA,NA,0
2026,2,8484386,UTA,2026-04-11,2.012,800,1.9858,785,0.0093,4,1
2026,2,8484386,UTA,2026-03-05,1.8632,750,1.8632,750,NA,NA,0
2026,2,8484386,UTA,2025-12-01,2.4697,1084,2.4697,1084,NA,NA,0
2026,2,8484386,UTA,2025-11-28,1.7756,751,1.7756,751,NA,NA,0
2026,2,8484386,UTA,2025-11-22,1.7342,735,1.7342,735,NA,NA,1
2026,2,8484386,UTA,2025-11-20,2.6783,1121,2.5569,1058,5e-4,1,1
2026,2,8484386,UTA,2025-11-17,2.0386,853,2.0386,853,NA,NA,0
2026,2,8484386,UTA,2025-11-14,2.0462,901,2.0462,901,NA,NA,1
2026,2,8484392,CAR,2026-04-14,2.3068,875,2.1986,826,0.1041,47,0
2026,2,8484403,MTL,2025-12-02,1.2727,463,1.2727,463,NA,NA,1
2026,2,8484403,MTL,2025-11-29,1.676,635,1.676,635,NA,NA,0
2026,2,8484403,MTL,2025-11-28,1.8157,662,1.8157,662,NA,NA,0
2026,2,8484403,MTL,2025-11-26,1.4445,531,1.4445,531,NA,NA,0
2026,2,8484403,MTL,2025-11-22,1.6505,588,1.6505,588,NA,NA,1
2026,2,8484406,VAN,2026-04-16,2.3453,779,2.3453,779,NA,NA,0
2026,2,8484406,VAN,2026-04-14,1.6253,565,1.6253,565,NA,NA,1
2026,2,8484406,VAN,2026-04-12,1.8453,626,1.8453,626,NA,NA,0
2026,2,8484406,VAN,2026-04-11,1.9509,782,1.9509,782,NA,NA,0
2026,2,8484406,VAN,2026-04-04,1.6058,561,1.6058,561,NA,NA,1
2026,2,8484406,VAN,2026-04-02,1.5389,595,1.5389,595,NA,NA,0
2026,2,8484529,EDM,2025-12-04,1.0348,358,0.9898,346,NA,NA,1
2026,2,8484529,EDM,2025-12-02,0.782,281,0.782,281,NA,NA,1
2026,2,8484529,EDM,2025-11-29,1.1374,398,1.1374,398,NA,NA,0
2026,2,8484529,EDM,2025-11-25,2.0985,778,2.0394,757,0.0591,21,1
2026,2,8484529,EDM,2025-11-22,0.9943,347,0.9943,347,NA,NA,0
2026,2,8484794,DET,2026-04-15,2.6611,982,2.4048,876,0.2562,106,0
2026,2,8484794,DET,2026-04-13,1.8376,687,1.8376,687,NA,NA,0
2026,2,8484794,DET,2026-03-12,1.6146,627,1.5732,612,0.0414,15,0
2026,2,8484794,DET,2026-03-10,1.96,727,1.96,727,NA,NA,0
2026,2,8484794,DET,2026-03-08,1.9752,768,1.967,764,0.0083,4,0
2026,2,8484794,DET,2025-10-25,1.1205,397,0.8661,290,0.2544,107,1
2026,2,8484794,DET,2025-10-23,1.7837,728,1.3185,499,0.4652,229,0
2026,2,8484794,DET,2025-10-22,1.7576,662,1.6714,628,0.0862,34,0
2026,2,8484794,DET,2025-10-19,2.3143,851,2.3143,851,NA,NA,1
2026,2,8484794,DET,2025-10-17,2.2831,816,1.9777,708,0.3054,108,1
2026,2,8484839,PIT,2025-11-03,2.0495,759,2.0354,751,NA,NA,0
2026,2,8484839,PIT,2025-11-01,2.3428,938,2.3369,934,NA,NA,0
2026,2,8484839,PIT,2025-10-27,2.4509,943,2.4456,939,NA,NA,1
2026,2,8484839,PIT,2025-10-21,2.3772,994,2.2629,935,0.1143,59,1
2026,2,8484839,PIT,2025-10-18,2.6402,1035,2.6402,1035,NA,NA,0
2026,2,8484839,PIT,2025-10-16,2.7062,1070,2.6898,1062,NA,NA,0
2026,2,8484839,PIT,2025-10-11,2.8404,1063,2.6809,1016,0.1595,47,1
2026,2,8484839,PIT,2025-10-09,2.3827,763,2.2034,707,0.1793,56,1
2026,2,8484839,PIT,2025-10-07,2.4154,921,2.2679,871,0.1475,50,0
2026,2,8484933,FLA,2026-04-15,2.7671,1148,2.3869,965,NA,NA,1
2026,2,8484933,FLA,2026-04-04,2.6157,1075,2.4926,1013,NA,NA,0
2026,2,8484933,FLA,2026-04-02,1.5318,668,1.5318,668,NA,NA,1
2026,2,8484933,FLA,2026-02-05,1.6343,687,1.5256,632,0.0253,9,0
2026,2,8485388,NYI,2026-04-14,2.355,930,2.0051,781,0.3499,149,1
2026,2,8485395,BOS,2026-04-14,2.5895,958,2.5895,958,NA,NA,1
2026,2,8485395,BOS,2026-04-12,2.1822,788,2.1822,788,NA,NA,0
2026,2,8485405,NSH,2025-10-21,1.9153,651,1.8536,627,0.0617,24,1
2026,2,8485405,NSH,2025-10-11,1.7821,640,1.4694,518,0.3127,122,1
2026,2,8485405,NSH,2025-10-09,2.2556,764,1.9333,637,0.3224,127,1
2026,2,8485467,TOR,2026-04-15,2.4252,884,2.0651,728,0.1959,88,0
2026,2,8485467,TOR,2026-04-13,1.9816,722,1.5676,548,NA,NA,1
2026,2,8485467,TOR,2026-04-11,2.2945,880,2.2945,880,NA,NA,1
2026,2,8485467,TOR,2026-04-09,2.1098,767,2.0174,731,NA,NA,0
2026,2,8485511,EDM,2026-01-03,1.5005,557,1.5005,557,NA,NA,1
2026,2,8485511,EDM,2025-12-20,1.5198,557,1.5198,557,NA,NA,0
2026,2,8485511,EDM,2025-12-18,1.0077,386,1.0077,386,NA,NA,0
2026,2,8485511,EDM,2025-12-16,1.2626,419,1.2626,419,NA,NA,0
2026,2,8486056,CGY,2026-04-14,1.9471,719,1.6196,587,NA,NA,1
2026,2,8486056,CGY,2026-04-12,1.5692,555,1.4505,499,0.0027,1,1
2026,2,8486056,CGY,2026-04-11,1.8341,718,1.7798,690,NA,NA,0
2026,2,8486056,CGY,2026-04-09,2.2781,795,2.1386,734,NA,NA,0
2026,2,8486056,CGY,2026-03-28,1.9029,695,1.7501,622,NA,NA,1
2026,2,8486056,CGY,2026-03-22,1.3186,487,1.3186,487,NA,NA,1
2026,2,8475179,FLA,2026-04-07,2.4232,953,2.2721,890,0.0394,15,0
2026,2,8475179,FLA,2026-04-05,3.0747,1319,2.2179,890,NA,NA,0
2026,2,8475179,FLA,2026-03-31,2.1351,900,1.984,823,NA,NA,1
2026,2,8475179,FLA,2026-03-29,2.3423,959,2.3299,954,0.0124,5,0
2026,2,8475179,FLA,2026-03-28,3.0032,1218,2.7266,1102,NA,NA,0
2026,2,8475179,FLA,2026-03-26,3.041,1263,2.9352,1203,NA,NA,1
2026,2,8475179,FLA,2026-03-24,3.0876,1231,2.9214,1150,NA,NA,1
2026,2,8475179,FLA,2026-03-20,2.7728,1162,2.3852,969,NA,NA,0
2026,2,8475179,FLA,2026-03-19,2.2571,969,2.2534,966,NA,NA,0
2026,2,8475179,FLA,2026-03-17,3.2812,1348,2.9193,1192,0.0067,4,0
2026,2,8475253,PHI,2026-04-14,1.2088,473,1.2088,473,NA,NA,1
2026,2,8475253,PHI,2026-03-21,1.1651,486,1.1651,486,NA,NA,0
2026,2,8475253,PHI,2026-03-19,1.4967,603,1.4967,603,NA,NA,0
2026,2,8475413,NYR,2026-01-05,1.2855,438,1.2855,438,NA,NA,1
2026,2,8475413,NYR,2026-01-02,1.3518,425,1.3518,425,NA,NA,0
2026,2,8475461,UTA,2025-10-11,0.9285,321,0.9285,321,NA,NA,0
2026,2,8475461,UTA,2025-10-09,1.1493,415,1.1493,415,NA,NA,0
2026,2,8475762,VAN,2025-10-11,1.7763,755,1.4187,560,NA,NA,0
2026,2,8475762,VAN,2025-10-09,2.3546,917,1.9946,750,NA,NA,1
2026,2,8475795,WSH,2026-04-14,2.0096,784,1.9649,760,NA,NA,0
2026,2,8475795,WSH,2026-03-03,1.04,415,1.04,415,NA,NA,1
2026,2,8475795,WSH,2026-01-31,1.3037,555,1.3037,555,NA,NA,1
2026,2,8475795,WSH,2026-01-27,1.6807,713,1.5991,657,NA,NA,0
2026,2,8475795,WSH,2026-01-15,0.8891,365,0.8891,365,NA,NA,1
2026,2,8475795,WSH,2026-01-13,0.8295,358,0.8295,358,NA,NA,1
2026,2,8475795,WSH,2026-01-07,0.9486,368,0.9486,368,NA,NA,1
2026,2,8475795,WSH,2026-01-05,0.8627,342,0.8515,338,NA,NA,1
2026,2,8475795,WSH,2025-12-31,1.6147,678,1.6147,678,NA,NA,1
2026,2,8475795,WSH,2025-12-07,1.4178,601,1.4178,601,NA,NA,1
2026,2,8475857,NSH,2026-04-16,2.3089,996,2.2202,952,NA,NA,1
2026,2,8476391,COL,2026-01-10,1.3518,493,1.3518,493,NA,NA,1
2026,2,8476425,VAN,2025-10-21,1.5612,572,1.5612,572,NA,NA,0
2026,2,8476979,DET,2026-01-31,3.2639,1206,2.9104,1070,0.3535,136,1
2026,2,8476979,DET,2025-11-26,2.8381,1043,2.8381,1043,NA,NA,1
2026,2,8476988,TOR,2026-01-03,1.783,746,1.774,741,NA,NA,0
2026,2,8477034,VGK,2026-01-19,1.5911,661,1.5911,661,NA,NA,1
2026,2,8477034,VGK,2026-01-06,0.7254,304,0.7254,304,NA,NA,0
2026,2,8477034,VGK,2026-01-04,2.104,941,2.0019,890,NA,NA,0
2026,2,8477034,VGK,2026-01-02,1.5069,643,1.5069,643,NA,NA,0
2026,2,8477401,SEA,2025-10-21,1.4526,515,1.31,465,NA,NA,0
2026,2,8477401,SEA,2025-10-20,2.054,703,1.894,639,NA,NA,0
2026,2,8477401,SEA,2025-10-18,1.668,596,1.4803,517,NA,NA,0
2026,2,8477419,BUF,2025-11-04,0.639,229,0.639,229,NA,NA,1
2026,2,8477419,BUF,2025-10-20,0.8481,327,0.8481,327,NA,NA,0
2026,2,8477419,BUF,2025-10-18,0.3808,126,0.3808,126,NA,NA,1
2026,2,8477419,BUF,2025-10-11,0.7666,288,0.7549,284,0.0117,4,0
2026,2,8477419,BUF,2025-10-09,0.7307,266,0.7307,266,NA,NA,1
2026,2,8477851,NSH,2026-04-09,2.0213,845,2.0213,845,NA,NA,0
2026,2,8477971,NSH,2026-02-02,0.9371,373,0.9371,373,NA,NA,1
2026,2,8477971,NSH,2026-01-31,1.7294,751,1.7294,751,NA,NA,0
2026,2,8477971,NSH,2026-01-27,1.1258,463,1.1175,460,NA,NA,0
2026,2,8478147,PIT,2025-12-04,0.9133,338,0.9133,338,NA,NA,0
2026,2,8478147,PIT,2025-12-01,1.6465,579,1.6465,579,NA,NA,0
2026,2,8478173,OTT,2026-04-15,2.1162,780,2.104,780,0.0121,0,1
2026,2,8478173,OTT,2025-12-06,0.3509,113,0.3509,113,NA,NA,1
2026,2,8478173,OTT,2025-11-28,1.3785,480,1.3785,480,NA,NA,0
2026,2,8478173,OTT,2025-11-26,1.5032,518,1.5032,518,NA,NA,0
2026,2,8478173,OTT,2025-11-22,0.6018,193,0.6018,193,NA,NA,0
2026,2,8478173,OTT,2025-11-20,1.1272,434,1.1272,434,NA,NA,0
2026,2,8478173,OTT,2025-11-15,1.4877,514,1.4877,514,NA,NA,1
2026,2,8478173,OTT,2025-11-11,1.1383,424,1.1383,424,NA,NA,1
2026,2,8478173,OTT,2025-11-09,1.3028,415,1.2866,408,0.0162,7,1
2026,2,8478211,CGY,2026-01-15,0.8985,335,0.8985,335,NA,NA,0
2026,2,8478211,CGY,2025-12-02,1.7773,671,1.7773,671,NA,NA,0
2026,2,8478211,CGY,2025-11-30,1.5746,602,1.5746,602,NA,NA,0
2026,2,8478409,PHI,2026-04-14,1.2701,428,1.2701,428,NA,NA,1
2026,2,8478967,PHI,2026-01-28,1.0487,408,1.0487,408,NA,NA,0
2026,2,8478967,PHI,2026-01-26,1.7682,641,1.7682,641,NA,NA,1
2026,2,8478967,PHI,2026-01-23,1.4798,523,1.4798,523,NA,NA,0
2026,2,8478967,PHI,2026-01-21,1.6488,569,1.6488,569,NA,NA,0
2026,2,8478967,PHI,2026-01-19,1.4834,518,1.4834,518,NA,NA,0
2026,2,8479383,TBL,2025-11-16,1.8856,765,1.8856,765,NA,NA,1
2026,2,8479383,TBL,2025-11-15,1.6056,635,1.114,439,NA,NA,0
2026,2,8479383,TBL,2025-11-12,2.0522,794,1.8003,693,NA,NA,1
2026,2,8479388,EDM,2026-01-08,1.9199,779,1.9199,779,NA,NA,0
2026,2,8479388,EDM,2025-12-29,1.6203,710,1.6203,710,NA,NA,0
2026,2,8479388,EDM,2025-12-20,1.6605,717,1.6605,717,NA,NA,0
2026,2,8479388,EDM,2025-12-18,1.7595,682,1.7595,682,NA,NA,0
2026,2,8479421,LAK,2026-02-28,1.9171,805,1.9171,805,NA,NA,1
2026,2,8479421,LAK,2026-02-05,1.4498,595,1.4498,595,NA,NA,0
2026,2,8479421,LAK,2026-02-04,1.0959,431,1.0959,431,NA,NA,1
2026,2,8479421,LAK,2026-01-20,1.5026,619,1.4817,606,NA,NA,1
2026,2,8479421,LAK,2026-01-14,0.0724,22,0.0724,22,NA,NA,1
2026,2,8479421,LAK,2026-01-09,0.8048,347,0.8048,347,NA,NA,0
2026,2,8479421,LAK,2026-01-07,1.037,418,1.037,418,NA,NA,1
2026,2,8479421,LAK,2025-12-02,1.7991,721,1.7991,721,NA,NA,1
2026,2,8479421,LAK,2025-11-29,1.1464,458,1.1464,458,NA,NA,1
2026,2,8479421,LAK,2025-11-28,1.9702,796,1.9702,796,NA,NA,0
2026,2,8479543,TOR,2026-04-15,1.5828,602,1.5828,602,NA,NA,0
2026,2,8479543,TOR,2026-04-11,1.6346,577,1.6346,577,NA,NA,1
2026,2,8479543,TOR,2026-04-09,1.1123,384,1.096,379,0.0163,5,0
2026,2,8479543,TOR,2026-04-04,0.8295,305,0.8295,305,NA,NA,0
2026,2,8479543,TOR,2026-03-30,0.5728,186,0.5728,186,NA,NA,0
2026,2,8479543,TOR,2026-03-28,1.5174,529,1.455,506,0.0624,23,0
2026,2,8479543,TOR,2026-03-24,0.8703,300,0.8703,300,NA,NA,0
2026,2,8479543,TOR,2026-03-14,1.1331,389,1.1331,389,NA,NA,0
2026,2,8479543,TOR,2026-03-12,0.6013,223,0.585,219,0.0162,4,1
2026,2,8479639,VGK,2026-02-25,2.1188,915,2.0571,894,0.0616,21,0
2026,2,8479639,VGK,2026-01-22,2.0074,837,2.0074,837,NA,NA,0
2026,2,8479639,VGK,2026-01-08,2.2234,958,2.2234,958,NA,NA,1
2026,2,8479772,NJD,2025-11-12,0.3975,133,0.3975,133,NA,NA,0
2026,2,8479772,NJD,2025-11-10,1.5894,575,1.5894,575,NA,NA,1
2026,2,8479772,NJD,2025-10-11,1.2271,432,1.2271,432,NA,NA,0
2026,2,8479941,BUF,2025-10-15,0.9889,374,0.6958,242,NA,NA,1
2026,2,8479941,BUF,2025-10-13,2.6424,1055,2.052,759,0.0754,30,1
2026,2,8479941,BUF,2025-10-11,2.1569,807,1.8348,662,NA,NA,0
2026,2,8479941,BUF,2025-10-09,1.6138,573,1.374,487,NA,NA,1
2026,2,8480021,FLA,2026-03-28,1.234,452,1.234,452,NA,NA,0
2026,2,8480021,FLA,2026-01-12,0.9364,331,0.9364,331,NA,NA,0
2026,2,8480021,FLA,2026-01-10,1.1966,397,1.1966,397,NA,NA,0
2026,2,8480021,FLA,2026-01-08,1.0721,390,1.0721,390,NA,NA,0
2026,2,8480021,FLA,2026-01-04,0.7393,273,0.7393,273,NA,NA,1
2026,2,8480021,FLA,2026-01-02,1.2476,431,1.2357,425,0.0119,6,1
2026,2,8480021,FLA,2025-12-30,1.024,370,1.024,370,NA,NA,1
2026,2,8480021,FLA,2025-12-29,0.9125,293,0.9125,293,NA,NA,1
2026,2,8480021,FLA,2025-12-27,0.6461,222,0.6437,219,0.0023,3,1
2026,2,8480021,FLA,2025-12-23,1.5356,524,1.5356,524,NA,NA,0
2026,2,8480291,CAR,2026-04-14,2.4311,941,2.1244,797,0.094,50,0
2026,2,8480291,CAR,2026-04-13,2.2425,865,1.9878,758,NA,NA,0
2026,2,8480291,CAR,2026-04-11,2.3464,864,2.181,798,NA,NA,0
2026,2,8480291,CAR,2026-04-09,2.4217,934,1.89,720,NA,NA,0
2026,2,8480326,DET,2026-03-21,0.7427,266,0.7427,266,NA,NA,1
2026,2,8480326,DET,2026-03-19,0.6165,233,0.6165,233,NA,NA,1
2026,2,8480326,DET,2026-03-16,1.4867,503,1.2753,426,0.0604,23,1
2026,2,8480326,DET,2026-03-14,1.2643,474,1.0009,364,NA,NA,0
2026,2,8480326,DET,2026-03-12,1.7518,616,1.657,584,NA,NA,0
2026,2,8480828,BOS,2025-12-02,0.4078,171,0.4078,171,NA,NA,0
2026,2,8480828,BOS,2025-11-29,1.7206,765,1.4027,605,NA,NA,1
2026,2,8480828,BOS,2025-10-27,2.6807,1106,2.5222,1040,NA,NA,0
2026,2,8480828,BOS,2025-10-25,1.9659,841,1.7434,733,0.0122,5,1
2026,2,8480828,BOS,2025-10-23,2.3791,1014,2.2884,969,NA,NA,1
2026,2,8480853,NYI,2026-04-14,1.8337,677,1.8337,677,NA,NA,1
2026,2,8480874,PHI,2025-10-25,1.6025,727,1.5343,692,NA,NA,1
2026,2,8480874,PHI,2025-10-16,1.6689,740,1.6689,740,NA,NA,1
2026,2,8480874,PHI,2025-10-13,2.546,1233,2.1618,1073,NA,NA,1
2026,2,8480874,PHI,2025-10-11,1.8702,861,1.5445,672,NA,NA,0
2026,2,8480874,PHI,2025-10-09,2.2276,1041,1.9192,890,0.0122,2,0
2026,2,8481004,CAR,2026-04-11,2.2933,844,2.1442,777,NA,NA,0
2026,2,8481004,CAR,2026-04-09,2.5309,958,2.1747,808,NA,NA,0
2026,2,8481093,PIT,2026-04-14,1.8203,661,1.8203,661,NA,NA,0
2026,2,8481517,WSH,2026-01-17,1.0517,347,1.0517,347,NA,NA,1
2026,2,8481517,WSH,2026-01-15,1.5663,580,1.4967,552,0.0696,28,1
2026,2,8481517,WSH,2026-01-13,1.7118,609,1.5659,544,0.1459,65,1
2026,2,8481517,WSH,2026-01-11,1.643,570,1.643,570,NA,NA,0
2026,2,8481517,WSH,2026-01-09,1.822,649,1.7477,623,0.0742,26,0
2026,2,8481517,WSH,2026-01-07,0.9269,334,0.9269,334,NA,NA,1
2026,2,8481534,VGK,2026-03-03,1.4726,514,1.4726,514,NA,NA,0
2026,2,8481547,TBL,2026-01-24,2.6094,1005,2.6094,1005,NA,NA,0
2026,2,8481562,CAR,2025-10-28,3.0242,1162,2.8911,1097,NA,NA,1
2026,2,8481564,BUF,2025-10-15,0.7147,312,0.7147,312,NA,NA,1
2026,2,8481564,BUF,2025-10-13,1.5749,632,1.4735,584,NA,NA,1
2026,2,8481564,BUF,2025-10-09,1.7275,676,1.726,675,NA,NA,1
2026,2,8481567,TOR,2025-12-18,1.9941,927,1.9564,906,NA,NA,0
2026,2,8481567,TOR,2025-12-16,1.8416,784,1.8416,784,NA,NA,1
2026,2,8481567,TOR,2025-12-13,1.9987,889,1.9987,889,NA,NA,1
2026,2,8481567,TOR,2025-12-11,2.1048,967,1.9723,890,NA,NA,1
2026,2,8481572,WPG,2026-04-16,2.6791,954,2.6791,953,NA,NA,1
2026,2,8481572,WPG,2026-04-14,2.2401,894,2.2182,884,NA,NA,0
2026,2,8481572,WPG,2026-03-05,2.0748,831,1.7478,696,0.327,135,1
2026,2,8481572,WPG,2026-02-27,1.7493,727,1.5391,654,0.2103,73,0
2026,2,8481572,WPG,2026-02-25,2.0602,824,1.7567,697,0.3035,127,0
2026,2,8481591,PIT,2025-11-22,1.8388,710,1.8388,710,NA,NA,1
2026,2,8481591,PIT,2025-11-21,2.4549,948,2.332,879,NA,NA,1
2026,2,8481592,TBL,2026-04-15,1.8631,670,1.8631,670,NA,NA,1
2026,2,8481592,TBL,2026-04-09,1.256,426,1.1691,390,0.0869,36,0
2026,2,8481592,TBL,2026-04-07,1.8074,622,1.6094,551,0.1981,71,0
2026,2,8481592,TBL,2026-01-24,1.9846,713,1.9846,713,NA,NA,0
2026,2,8481592,TBL,2025-11-15,1.0589,372,0.871,311,0.188,61,0
2026,2,8481594,NJD,2025-11-15,1.3295,495,1.3295,495,NA,NA,0
2026,2,8481712,BOS,2025-11-26,0.346,122,0.346,122,NA,NA,0
2026,2,8481712,BOS,2025-11-21,2.4983,919,2.0684,770,0.4299,149,0
2026,2,8481712,BOS,2025-11-19,2.0755,777,1.9627,728,0.1128,49,0
2026,2,8481712,BOS,2025-11-17,2.0586,790,1.6355,628,0.4231,162,1
2026,2,8481715,STL,2025-11-14,1.7663,645,1.7663,645,NA,NA,1
2026,2,8481848,PHI,2026-04-14,1.4881,536,1.3793,496,NA,NA,1
2026,2,8481848,PHI,2025-11-04,1.0376,383,1.0376,383,NA,NA,0
2026,2,8481848,PHI,2025-11-02,1.4734,526,1.4734,526,NA,NA,1
2026,2,8481848,PHI,2025-11-01,1.8305,669,1.5703,577,0.0118,6,1
2026,2,8482067,NYR,2026-03-23,1.8074,739,1.7381,700,NA,NA,1
2026,2,8482067,NYR,2026-03-22,1.7534,750,1.7534,750,NA,NA,1
2026,2,8482067,NYR,2026-03-19,1.8888,812,1.8888,812,NA,NA,0
2026,2,8482132,NYR,2026-01-29,1.3577,525,1.3577,525,NA,NA,1
2026,2,8482132,NYR,2026-01-02,1.2015,447,1.2015,447,NA,NA,0
2026,2,8482132,NYR,2025-12-15,1.6586,624,1.6584,623,2e-4,1,1
2026,2,8482132,NYR,2025-12-13,1.8241,681,1.8241,681,NA,NA,1
2026,2,8482132,NYR,2025-12-10,1.4769,584,1.4769,584,NA,NA,0
2026,2,8482132,NYR,2025-12-07,1.9143,735,1.9143,735,NA,NA,1
2026,2,8482132,NYR,2025-12-06,1.7043,646,1.7043,646,NA,NA,1
2026,2,8482132,NYR,2025-12-04,1.9386,718,1.9386,718,NA,NA,0
2026,2,8482132,NYR,2025-12-02,1.7669,707,1.7669,707,NA,NA,1
2026,2,8482132,NYR,2025-11-29,1.7263,709,1.7263,709,NA,NA,1
2026,2,8482162,EDM,2026-03-26,1.1956,399,1.1956,399,NA,NA,0
2026,2,8482162,EDM,2026-03-24,1.4833,532,1.4833,532,NA,NA,0
2026,2,8482162,EDM,2026-03-21,1.3199,510,1.2245,478,0.0954,32,1
2026,2,8482167,WSH,2025-12-18,1.4806,558,1.4563,547,0.0242,11,1
2026,2,8482167,WSH,2025-12-13,1.9454,705,1.8995,688,0.0353,17,0
2026,2,8482174,TOR,2026-04-15,2.4963,999,2.4851,999,NA,NA,0
2026,2,8482174,TOR,2026-04-13,2.1837,995,2.1837,995,NA,NA,1
2026,2,8482174,TOR,2026-04-11,2.6524,1125,2.6524,1125,NA,NA,1
2026,2,8482187,CAR,2026-04-14,2.1588,912,2.0688,873,NA,NA,0
2026,2,8482192,WPG,2026-03-05,1.7292,730,1.7174,723,NA,NA,1
2026,2,8482192,WPG,2026-01-20,1.4362,594,1.4362,594,NA,NA,1
2026,2,8482192,WPG,2026-01-19,0.9587,389,0.9587,389,NA,NA,0
2026,2,8482209,CGY,2026-04-16,2.0222,746,1.7424,650,0.2798,96,1
2026,2,8482209,CGY,2026-04-14,2.6638,951,2.3677,819,0.2685,116,1
2026,2,8482209,CGY,2025-11-15,2.6804,953,2.5247,907,0.1557,46,1
2026,2,8482209,CGY,2025-11-13,2.3853,949,2.0557,824,0.3296,125,1
2026,2,8482479,BUF,2025-12-11,0.8493,312,0.8493,312,NA,NA,0
2026,2,8482496,VAN,2025-10-23,1.1406,407,1.1406,407,NA,NA,0
2026,2,8482496,VAN,2025-10-21,1.7889,632,1.7889,632,NA,NA,0
2026,2,8482525,TOR,2026-04-15,1.7979,640,1.7979,640,NA,NA,0
2026,2,8482525,TOR,2026-04-13,1.4689,544,1.4689,544,NA,NA,1
2026,2,8482624,CGY,2025-10-14,2.6729,1069,2.5969,1033,NA,NA,1
2026,2,8482652,WPG,2026-03-05,1.753,623,1.753,623,NA,NA,1
2026,2,8482652,WPG,2026-03-03,1.7077,587,1.7077,587,NA,NA,1
2026,2,8482652,WPG,2026-03-01,1.4015,500,1.3628,482,NA,NA,0
2026,2,8482663,TBL,2026-04-07,1.5544,562,1.4547,521,0.0997,41,0
2026,2,8482673,OTT,2026-01-28,0.9007,312,0.9007,312,NA,NA,1
2026,2,8482673,OTT,2025-12-27,1.0735,403,1.0735,403,NA,NA,0
2026,2,8482698,PIT,2025-11-26,1.7439,690,1.7439,690,NA,NA,1
2026,2,8482731,ANA,2026-04-16,1.9766,821,1.7711,709,NA,NA,0
2026,2,8482731,ANA,2026-04-14,2.1935,906,2.1195,859,NA,NA,0
2026,2,8482731,ANA,2026-04-12,1.7224,696,1.7224,696,NA,NA,1
2026,2,8482731,ANA,2026-04-09,2.3873,1004,2.3873,1004,NA,NA,1
2026,2,8482731,ANA,2026-04-07,1.823,793,1.6706,692,NA,NA,1
2026,2,8482731,ANA,2026-04-04,3.4467,1402,3.4467,1402,NA,NA,1
2026,2,8482749,MTL,2025-11-20,1.6388,594,1.596,578,0.0428,16,1
2026,2,8482749,MTL,2025-11-17,1.9517,690,1.9517,690,NA,NA,0
2026,2,8482749,MTL,2025-10-22,1.3675,478,1.3476,473,0.0199,5,0
2026,2,8482766,CGY,2026-01-13,1.0667,381,1.0667,381,NA,NA,0
2026,2,8482766,CGY,2026-01-10,1.2278,447,1.2278,447,NA,NA,0
2026,2,8482766,CGY,2026-01-07,1.3142,484,1.3142,484,NA,NA,0
2026,2,8482781,MIN,2025-12-18,1.5806,616,1.4243,542,NA,NA,0
2026,2,8482787,WPG,2026-04-16,1.9328,637,1.7322,574,NA,NA,1
2026,2,8482787,WPG,2026-04-14,1.6717,568,1.5924,543,NA,NA,0
2026,2,8482787,WPG,2026-04-13,1.3218,447,1.3218,447,NA,NA,0
2026,2,8482787,WPG,2025-11-11,1.434,514,1.434,514,NA,NA,0
2026,2,8482787,WPG,2025-11-09,1.0977,369,1.0977,369,NA,NA,0
2026,2,8482787,WPG,2025-11-07,1.6363,622,1.6162,616,0.0201,6,0
2026,2,8482787,WPG,2025-10-26,1.7106,615,1.6747,615,NA,NA,1
2026,2,8482787,WPG,2025-10-24,1.4093,500,1.4093,500,NA,NA,1
2026,2,8482787,WPG,2025-10-13,1.7295,621,1.7295,621,NA,NA,0
2026,2,8482787,WPG,2025-10-11,1.6073,565,1.6073,565,NA,NA,1
2026,2,8482802,DET,2026-04-15,2.3078,791,2.2459,773,0.0619,18,0
2026,2,8482802,DET,2026-04-13,2.161,743,2.161,743,NA,NA,0
2026,2,8482802,DET,2026-04-11,2.6321,883,2.6321,883,NA,NA,1
2026,2,8482802,DET,2026-04-09,1.9554,677,1.9553,677,NA,NA,1
2026,2,8482802,DET,2026-04-07,1.1635,415,1.1635,415,NA,NA,1
2026,2,8482802,DET,2026-04-05,1.678,580,1.678,580,NA,NA,1
2026,2,8482802,DET,2026-03-31,1.0901,414,1.0901,414,NA,NA,0
2026,2,8482802,DET,2026-03-28,1.8803,632,1.8095,611,0.0709,21,1
2026,2,8482804,PHI,2025-12-13,2.2744,984,2.1219,892,NA,NA,1
2026,2,8482804,PHI,2025-12-11,2.1827,821,2.1468,800,NA,NA,1
2026,2,8482804,PHI,2025-12-09,2.066,896,1.9639,836,NA,NA,1
2026,2,8482873,NJD,2026-04-14,2.8081,1107,2.8081,1107,NA,NA,0
2026,2,8482873,NJD,2026-04-12,1.8469,748,1.8267,731,NA,NA,1
2026,2,8482941,NJD,2025-11-15,1.1751,445,1.1751,445,NA,NA,0
2026,2,8482953,COL,2026-02-04,0.5887,205,0.5887,205,NA,NA,1
2026,2,8482953,COL,2026-02-02,0.9755,344,0.9755,344,NA,NA,1
2026,2,8482953,COL,2026-01-31,1.5047,481,1.5047,481,NA,NA,0
2026,2,8482953,COL,2026-01-28,0.9604,330,0.9604,330,NA,NA,0
2026,2,8482953,COL,2026-01-25,1.7272,596,1.7272,596,NA,NA,0
2026,2,8482953,COL,2026-01-23,1.2555,436,1.2555,436,NA,NA,1
2026,2,8482953,COL,2026-01-21,1.2501,433,1.2501,433,NA,NA,1
2026,2,8482953,COL,2026-01-06,0.8081,329,0.8081,329,NA,NA,0
2026,2,8482953,COL,2026-01-03,0.9433,318,0.9433,318,NA,NA,0
2026,2,8482953,COL,2025-11-16,0.5567,201,0.5567,201,NA,NA,1
2026,2,8483397,NJD,2026-04-14,1.827,618,1.827,618,NA,NA,0
2026,2,8483397,NJD,2026-04-12,1.5104,507,1.5074,506,0.003,1,1
2026,2,8483397,NJD,2026-04-11,1.4531,469,1.4531,469,NA,NA,0
2026,2,8483397,NJD,2026-04-09,1.7303,581,1.6763,567,0.0541,14,1
2026,2,8483397,NJD,2026-04-07,1.7104,570,1.7085,568,0.0019,2,1
2026,2,8483397,NJD,2026-04-05,1.2855,423,1.2855,423,NA,NA,0
2026,2,8483397,NJD,2026-04-04,0.8218,274,0.8218,274,NA,NA,1
2026,2,8483429,NJD,2025-10-30,2.8565,1087,2.8565,1087,NA,NA,0
2026,2,8483429,NJD,2025-10-28,2.911,1074,2.911,1074,NA,NA,0
2026,2,8483433,FLA,2025-12-02,1.2372,424,1.2372,424,NA,NA,1
2026,2,8483433,FLA,2025-11-28,1.381,458,1.381,458,NA,NA,1
2026,2,8483433,FLA,2025-11-26,1.4943,548,1.4943,548,NA,NA,1
2026,2,8483433,FLA,2025-11-24,1.5219,521,1.5219,521,NA,NA,0
2026,2,8483433,FLA,2025-11-22,1.6006,587,1.4941,550,0.1065,37,1
2026,2,8483433,FLA,2025-11-20,1.3404,500,1.3404,500,NA,NA,1
2026,2,8483435,OTT,2026-03-26,1.4101,562,1.3959,555,NA,NA,1
2026,2,8483435,OTT,2026-03-24,0.7576,282,0.7576,282,NA,NA,0
2026,2,8483444,ANA,2026-04-04,1.2597,471,1.2597,471,NA,NA,1
2026,2,8483444,ANA,2026-04-03,1.5948,545,1.4584,494,NA,NA,1
2026,2,8483444,ANA,2026-04-01,1.2624,428,1.2624,428,NA,NA,0
2026,2,8483460,"MIN,PHI",2026-04-14,2.6913,1177,2.6913,1177,NA,NA,1
2026,2,8483460,"MIN,PHI",2026-01-31,1.8284,831,1.7853,800,NA,NA,0
2026,2,8483460,"MIN,PHI",2026-01-29,1.7627,758,1.6948,715,NA,NA,0
2026,2,8483460,"MIN,PHI",2026-01-27,1.4166,633,1.2667,549,NA,NA,0
2026,2,8483460,"MIN,PHI",2026-01-24,1.0468,444,1.0424,442,NA,NA,0
2026,2,8483460,"MIN,PHI",2026-01-22,1.0568,484,1.0568,484,NA,NA,0
2026,2,8483460,"MIN,PHI",2026-01-19,1.7355,769,1.6733,727,NA,NA,0
2026,2,8483460,"MIN,PHI",2026-01-17,1.2654,552,1.2654,552,NA,NA,0
2026,2,8483460,"MIN,PHI",2025-12-21,1.0563,419,1.0563,419,NA,NA,0
2026,2,8483460,"MIN,PHI",2025-12-20,1.8821,903,1.7346,772,NA,NA,0
2026,2,8483463,STL,2025-12-11,1.6384,571,1.481,505,0.1574,66,0
2026,2,8483463,STL,2025-12-09,1.7229,635,1.7229,635,NA,NA,1
2026,2,8483463,STL,2025-12-07,1.4198,536,1.4198,536,NA,NA,0
2026,2,8483463,STL,2025-12-06,1.2155,459,1.2155,459,NA,NA,0
2026,2,8483463,STL,2025-12-04,2.5432,917,2.3434,822,0.1416,67,0
2026,2,8483503,PIT,2025-11-03,1.6464,665,1.6464,665,NA,NA,0
2026,2,8483503,PIT,2025-11-01,1.5876,643,1.5876,643,NA,NA,0
2026,2,8483503,PIT,2025-10-30,1.9551,803,1.9402,798,NA,NA,0
2026,2,8483503,PIT,2025-10-28,1.869,792,1.8622,787,NA,NA,0
2026,2,8483546,TOR,2026-01-31,1.324,580,1.324,580,NA,NA,0
2026,2,8483567,BOS,2025-11-28,1.5667,635,1.5667,635,NA,NA,1
2026,2,8483675,LAK,2026-03-05,1.0793,425,1,378,0.0516,35,1
2026,2,8483675,LAK,2026-03-02,1.7986,614,1.7986,614,NA,NA,1
2026,2,8483709,CGY,2026-04-16,1.8732,830,1.8732,830,NA,NA,1
2026,2,8483709,CGY,2026-04-14,2.2035,912,2.2035,912,NA,NA,1
2026,2,8483709,CGY,2026-04-12,1.1131,464,1.1131,464,NA,NA,1
2026,2,8483709,CGY,2026-04-11,1.6084,679,1.6084,679,NA,NA,0
2026,2,8483766,MIN,2026-01-20,1.3119,571,1.3119,571,NA,NA,0
2026,2,8483766,MIN,2026-01-15,1.701,719,1.6987,719,NA,NA,1
2026,2,8483841,NJD,2025-12-19,0.8385,337,0.8385,337,NA,NA,0
2026,2,8483841,NJD,2025-12-17,1.8041,621,1.8041,621,NA,NA,0
2026,2,8483841,NJD,2025-12-14,1.3487,442,1.3487,442,NA,NA,1
2026,2,8483841,NJD,2025-12-13,1.5429,590,1.5329,586,0.01,4,1
2026,2,8483841,NJD,2025-12-11,1.6293,582,1.6293,582,NA,NA,1
2026,2,8484152,SJS,2026-04-16,2.6696,1086,2.3757,967,0.2939,119,0
2026,2,8484152,SJS,2026-04-15,3.2628,1266,2.4497,973,0.8131,293,0
2026,2,8484152,SJS,2026-04-13,2.2104,893,1.9693,804,0.2412,89,0
2026,2,8484214,CBJ,2025-12-01,1.1742,418,1.1742,418,NA,NA,0
2026,2,8484214,CBJ,2025-11-28,2.8886,1080,2.8886,1080,NA,NA,1
2026,2,8484214,CBJ,2025-11-26,2.7502,980,2.4039,853,0.3464,127,1
2026,2,8484242,WPG,2026-04-16,2.2877,737,2.1623,688,NA,NA,1
2026,2,8484242,WPG,2026-04-14,1.6281,616,1.2933,487,NA,NA,0
2026,2,8484242,WPG,2026-04-13,1.7422,625,1.3284,475,NA,NA,0
2026,2,8484255,COL,2026-04-16,1.7845,613,1.7845,613,NA,NA,1
2026,2,8484255,COL,2026-03-03,1.3344,489,1.3344,489,NA,NA,0
2026,2,8484255,COL,2025-11-23,0.8744,303,0.8744,303,NA,NA,0
2026,2,8484255,COL,2025-11-22,1.2856,414,1.2856,414,NA,NA,0
2026,2,8484287,NYI,2026-01-08,1.7327,670,1.7327,670,NA,NA,0
2026,2,8484287,NYI,2026-01-06,2.3197,912,2.3197,912,NA,NA,1
2026,2,8484287,NYI,2026-01-03,2.3263,890,2.3263,890,NA,NA,1
2026,2,8484779,PHI,2025-10-20,1.4907,523,1.4225,499,NA,NA,1
2026,2,8484779,PHI,2025-10-16,1.8197,640,1.8197,640,NA,NA,1
2026,2,8484779,PHI,2025-10-13,1.4875,529,1.4875,529,NA,NA,1
2026,2,8484779,PHI,2025-10-11,1.3435,460,1.3435,460,NA,NA,0
2026,2,8484821,CGY,2025-11-22,1.1284,390,0.9488,326,0.0158,8,1
2026,2,8484821,CGY,2025-11-19,1.7679,625,1.5821,553,NA,NA,0
2026,2,8484821,CGY,2025-11-18,1.8138,665,1.5811,568,NA,NA,0
2026,2,8485251,VGK,2026-02-25,2.28,758,2.28,758,NA,NA,0
2026,2,8485251,VGK,2026-02-05,1.9231,726,1.6574,618,0.1585,68,1
2026,2,8485251,VGK,2026-02-04,2.0203,709,1.9893,697,0.0116,5,1
2026,2,8485385,VAN,2025-10-13,1.7129,673,1.5811,628,0.1318,45,1
2026,2,8485385,VAN,2025-10-11,1.7163,593,1.7163,593,NA,NA,0
2026,2,8485385,VAN,2025-10-09,1.8666,674,1.5293,514,0.3373,160,1
2026,2,8486166,MIN,2026-04-14,2.5196,1238,2.2564,1044,NA,NA,1
2026,2,8486166,MIN,2026-04-13,2.8567,1317,2.278,1004,NA,NA,0
2026,2,8486169,PIT,2026-04-14,3.5003,1514,3.1265,1342,0.3738,172,0
