"player_id","season","off_rapm_raw","def_rapm_raw","toi_5v5_sec","own_cf_per60","own_ca_per60","off_rapm_per60","def_rapm_per60"
"8473461",2018,-0.00103864346846531,-0.00122605602003137,33374,59.5433571043327,58.0331994966141,-0.0618443189469127,-0.0711519536045051
"8473574",2018,0.000466473231508026,-0.000125669983665135,15314,50.7770667363197,64.8818074964085,0.0236861424069898,-0.00815369568823807
"8476392",2018,0.000511405624206383,-0.000124178001316981,43338,61.0549633116434,47.5148830125986,0.0312238516232888,-0.00590030320531467
"8476469",2018,-9.00779001322345e-06,0.000725424626829021,54676,58.665593679128,50.8961884556295,-0.000528447348862674,0.0369213485174446
"8476885",2018,0.000303808798972865,0.000736063126416332,75414,62.1529159042088,58.0475773729016,0.0188826027335191,0.0427266812819918
"8477504",2018,0.000613337111002395,0.000716354880374988,98279,61.3925660619257,56.8503953031675,0.0376543391054452,0.0407250581266713
"8473412",2018,-0.00181804815181312,0.00106915800666476,75932,59.358373281357,56.5611336458937,-0.107916380838804,0.0604727889035426
"8477940",2018,-0.000935767854295278,-0.000785280546545403,77196,66.2676822633297,56.1013524016788,-0.0620111668406773,-0.0440553006759266
"8479339",2018,-0.00102284071832263,-0.000282426475678413,80571,58.3088207916,56.6556205086197,-0.0596406361430258,-0.0160010472276231
"8470828",2018,0.000373721870440032,0.00159245537662356,50557,55.3276499792314,53.2626540340606,0.0206771528372898,0.0848183997897804
"8470834",2018,-0.000319028835431246,-0.00105134274032185,101573,56.8851958689809,52.9510795191636,-0.0181480177913593,-0.0556697330446778
"8471218",2018,0.00198991385442685,-0.000245571049075239,90617,56.691349305318,54.9036052837768,0.112810901408804,-0.0134827359475499
"8473618",2018,0.000771962307128091,0.00080130218514772,55045,68.3440821146335,51.7976201289854,0.0527590553077641,0.0415055461948075
"8476460",2018,0.00241519015859599,-0.000559609618349024,74695,58.6063324185019,54.7024566570721,0.141545437288571,-0.0306120208926181
"8470611",2018,-0.000560151033631907,0.00139221812232135,16182,58.7319243604004,58.2869855394883,-0.0328987481376693,0.0811481975635584
"8475786",2018,0.00166791005893117,-0.000269003099272376,76059,59.4959176428825,60.9631996213466,0.0992338395019041,-0.0163992896397027
"8475883",2018,0.00210713506299786,-0.00144291938384543,211476,57.8789082449072,60.3132270328548,0.12195867697088,-0.0870271243879766
"8476941",2018,-0.000734664576947922,0.00103398820086395,40348,59.5122434817091,53.6234757608803,-0.0437215371807116,0.0554460412260642
"8477939",2018,0.000753559780431929,-0.00116023850121234,73794,61.7611187901455,61.3708431579803,0.0465406951147323,-0.0712048150837528
"8480158",2018,-0.000200160410374289,0.000954435558684536,37547,60.1166537939116,59.5413748102378,-0.0120329740937184,0.0568284053318547
"8468493",2018,0.001426704784765,-0.000640858891719299,90385,55.0843613431432,61.536759418045,0.0785891218939865,-0.0394363794406455
"8474709",2018,-0.000751156768727748,5.32229117917877e-05,23108,55.3055218971785,57.1750043275056,-0.0415431171210863,0.00304302021201791
"8477015",2018,0.000425159726739496,-0.000443809711095336,63127,56.058421911385,56.8568124574271,0.0238337833412918,-0.0252336055105324
"8475172",2018,-0.000301287165571011,-0.000118058168163327,70844,57.0154141493987,61.1823160747558,-0.0171780125229296,-0.00722307215977532
"8474574",2018,0.000375326468590708,-0.00139514231971106,95086,58.8730202132806,55.3898576025913,0.02209660277192,-0.0772767344241446
"8466139",2018,-0.000213734284370349,-0.00147242587145095,73756,57.3512663376539,59.7917457562775,-0.0122579318684117,-0.0880389133507606
"8479318",2018,0.00295506663333467,-0.0015038839071933,62336,61.5631416837782,61.6786447638604,0.181923185832988,-0.0927575212778616
"8475179",2018,0.000181959820302191,-0.000782689869643043,53330,54.5434089630602,54.0033752109507,0.00992470889358733,-0.0422678947041433
"8474037",2018,0.000977249724040104,0.00062010246530314,65279,62.2619831798894,52.6662479511022,0.0608455058807365,0.0326584701927449
"8475098",2018,-0.000129701724235338,0.00177978478285018,69222,60.6396810262633,55.1789893386496,-0.00786507118618724,0.0982067255579808
"8476853",2018,0.00019916449337911,-0.00112403989313596,86715,59.4914374675662,59.823559937727,0.0118485820036228,-0.0672440679194154
"8478483",2018,0.000703227868954681,0.00106081260785478,73096,57.8198533435482,54.7663346831564,0.0406605322500556,0.0580968183178867
"8474581",2018,0.000610057451826583,0.000241297119059977,101223,57.9710144927536,58.9668356006046,0.0353656493812512,0.0142285275505092
"8479458",2018,0.000965084717316332,4.65657033089324e-05,73924,55.9547643525783,60.7272333748174,0.05400108793771,0.00282780633210404
"8477429",2018,-0.00100045110312354,0.000455732359603335,65414,57.8408291802978,50.3011587733513,-0.057866921359009,0.0229238657785614
"8473463",2018,-0.00139492446418811,0.00169872625715864,56779,51.2936120748868,62.8330896986562,-0.0715507143398343,0.106736219289511
"8476945",2018,0.000706773829062323,0.00248877806735369,241128,58.6294416243655,54.2102120035832,0.0414377549526387,0.134917186661111
"8477448",2018,-0.000686690674551251,0.000666930045469113,9280,55.8620689655172,56.6379310344828,-0.0383599618197595,0.0377735379201041
"8479293",2018,-0.000211228392976126,-0.000155651827921471,50153,54.4095069088589,52.3278766973062,-0.0114928327069817,-0.00814492965918505
"8471675",2018,0.00114676965115093,-0.000692759182809403,90452,63.6403838499978,52.0585503913678,0.0729808607867731,-0.0360640388273661
"8471724",2018,0.001242910352535,0.000349907492668127,105905,59.3173126858977,49.4594211793589,0.0737261020218581,0.0173062220536863
"8475208",2018,0.000650233658268506,-8.32679506605561e-05,95793,60.2048166358711,51.7490839622937,0.039147198166527,-0.00430904017010125
"8476899",2018,0.00108340970222358,-0.000355546963888418,167218,58.9027497039792,53.5636115729168,0.0638158105169384,-0.0190443794696491
"8477404",2018,0.00110771026369968,-0.00209874117707167,78694,63.5423285129743,55.9026101100465,0.0703864894731983,-0.117325109743738
"8477839",2018,-0.000398501653041174,-0.000603365943766117,64148,64.5943755066409,57.8038286462555,-0.0257409654165587,-0.0348768616244429
"8474565",2018,-0.00106592738747477,-0.00115007147072984,93648,56.9323423885187,53.4725781650436,-0.0606857429850129,-0.061497286613988
"8474596",2018,-0.000208623203630272,0.000829095097613072,162007,57.1086434536779,54.064330553618,-0.0119141881522852,0.0448244714177373
"8475170",2018,0.00136685074442765,-0.00077575650711007,76773,61.1464968152866,50.7834785666836,0.0835781346911173,-0.0393956139517896
"8475768",2018,0.000978119043297983,-0.00011957016413863,56809,63.4336108715168,48.0346423982116,0.0620456227785846,-0.00574351007589454
"8476436",2018,0.000764142459706595,0.000278226040315276,52895,57.8504584554306,52.0654126098875,0.0442059916192869,0.01448595358783
"8476441",2018,-0.000126913444164851,-0.0011640652618458,73715,60.3133690565014,55.966899545547,-0.00765457739614632,-0.0651491235741848
"8471436",2018,0.000524384243694874,-0.000615789721908396,37669,56.3858875998832,59.157397329369,0.0295678710241289,-0.0364285172502766
"8474013",2018,0.000104084672051804,-0.00148827692838721,67062,57.4393844502102,53.4132593719245,0.00597855949335763,-0.0794937215931971
"8471215",2018,0.000388286548886846,-0.00102002526989345,77139,58.989616147474,52.6893011317233,0.0229048744740625,-0.0537444186073831
"8473548",2018,0.00137243421839773,-0.00227942964003333,81347,55.4070832360136,55.9823964006048,0.0760425769747163,-0.127607933675634
"8475810",2018,-0.00142030965031804,-0.000230989364708927,63274,64.9176597022474,51.6610298068717,-0.0922031785511647,-0.0119331484552983
"8475735",2018,-0.000108197272217684,0.000526594508164174,13018,49.77723152558,56.4141957289906,-0.00538576066961583,0.0297074056533853
"8476874",2018,-0.00139256130732829,0.000259591951605073,86842,62.4306211280256,58.5753437276894,-0.0869384673753608,0.0152056877942089
"8474602",2018,0.000741661991634299,-0.00040350590034687,73412,58.6498120198333,59.8757696289435,0.0434983363916068,-0.0241602263330886
"8469501",2018,-0.000664996367114616,0.000487574379415865,20611,51.1765562078502,59.7350929115521,-0.0340322239596573,0.029125300855699
"8470105",2018,-0.000562068233760434,0.000534196048457312,35193,53.8061546330236,59.4322734634729,-0.0302427303000244,0.0317484856350216
"8470803",2018,-0.0011465645839775,0.000407635696318405,55943,53.4115081422162,57.8517419516293,-0.061239743612691,0.0235824351136851
"8474145",2018,0.000704169928017648,-4.92107351708338e-05,55994,60.4993392149159,55.6131014037218,0.0426018153400826,-0.00273676160520728
"8478407",2018,-0.000216536973374078,-2.36327613766471e-05,65401,63.0816042568157,53.9991743245516,-0.0136594996613522,-0.00127614960134809
"8474125",2018,-0.000207240580139236,0.00185559673616389,54150,50.1939058171745,57.1080332409972,-0.0104022141610054,0.105969480090733
"8476892",2018,0.000288439143934889,0.00101530581860714,87538,60.4537458018232,53.6681212730471,0.0174372266867353,0.0544895558022384
"8471669",2018,7.23732781775177e-05,1.52835382726097e-05,83842,63.1187233128981,54.402328188736,0.00456810892053414,0.000831460064991617
"8471743",2018,-0.000793039030479303,-0.000789218169822209,65944,56.5024869586316,56.8300376076671,-0.0448086774773426,-0.0448512982716503
"8475765",2018,0.0012611231692885,0.000416517060436599,72649,62.3380913708379,53.8644716376,0.0786160113569868,0.0224354713884637
"8474176",2018,-0.000819796474641972,0.00119988091833147,71684,59.4107471681268,50.3208526309916,-0.0487047210842758,0.0603790308660967
"8475832",2018,-0.00113298583940567,0.00151823886606804,38122,45.6114579507896,55.9991605896857,-0.0516771359728915,0.0850201020744463
"8471817",2018,0.000782818256867704,0.000448340448001398,39623,52.7875223986069,56.1492062690861,0.0413230362684423,0.025173960293605
"8476293",2018,-0.00110018544237631,2.44542328389505e-05,43792,53.7632444282061,62.0661308001461,-0.0591495388548315,0.00151777961399953
"8477240",2018,-0.000235897557618655,-0.000123114804585641,20198,47.5888701851668,55.2529953460739,-0.0112260982465121,-0.00680246172480323
"8475175",2018,-0.000895656465205563,0.00140724782280407,51313,53.8810827665504,62.8612632276421,-0.0482589401321369,0.0884613758158132
"8476897",2018,0.000122096967514821,0.00126735213076251,22239,50.9915014164306,55.2003237555645,0.00622590769197389,0.0699582479303954
"8479420",2018,-0.000457270077857688,-0.000625787607930674,26263,57.9827133229258,58.5310132125043,-0.0265137598355743,-0.0366279827480117
"8469608",2018,-0.0010795788183798,0.000409486440755343,152324,63.4095743284052,56.2721567185736,-0.068455633327426,0.0230426851683155
"8474673",2018,0.000294798162549682,-0.000694160614098404,79451,59.8557601540572,58.2245660847566,0.0176453681114305,-0.0404172005490078
"8475907",2018,0.00123210203142758,-0.000396442447683906,59555,62.9267064058433,57.9699437494753,0.0775321227936865,-0.0229817463921403
"8476346",2018,0.00195183665431886,-0.00144273378444801,73051,63.7198669422732,53.9130196711886,0.124370771906249,-0.0777821349012339
"8476462",2018,0.000204221296636478,0.000889867964133572,85500,71.9578947368421,52.8,0.0146953345663891,0.0469850285062526
"8477497",2018,0.00143675468851449,-0.000746970252326004,63238,65.69467725102,54.3660457319966,0.094387135550849,-0.0406098188983966
"8474034",2018,-0.000206432597420424,-0.00136847332158042,66377,62.967594196785,59.2795697304789,-0.0129985640233576,-0.0811225096909265
"8475660",2018,0.00151057065658294,-0.00148603402952263,186751,58.7370348753153,59.1804059951486,0.0887264413373398,-0.0879440971897558
"8476457",2018,0.000965818527660535,-9.11460515128217e-05,71311,58.7118396881267,57.3992792135856,0.0567049825638279,-0.0052317176600003
"8476472",2018,-0.000390096944040601,0.000346327476934828,70336,60.1910828025478,56.5059144676979,-0.0234803574597687,0.019569550789493
"8477934",2018,0.00113443300536249,-0.000970698076354212,70308,60.5222734254992,55.094726062468,0.0686584645334593,-0.0534803446060999
"8478402",2018,0.00335116163319514,-0.00184823680648644,83244,64.1775983854692,58.4258324924319,0.215069505419991,-0.107984774062124
"8469638",2018,-9.74507754626271e-05,0.000109731654835348,35329,59.3053865096663,55.637012086388,-0.0057793559044778,0.0061051414063336
"8476458",2018,-0.00127062172682649,0.00203721041492894,60071,57.4120623928351,55.7939771270663,-0.0729490138582544,0.113664071293566
"8479465",2018,0.000314480847310816,0.00140008955782061,45928,56.1226267200836,62.941996167915,0.0176494912042405,0.0881244315830828
"8473468",2018,-0.000770263468024037,-0.000752735456589498,16371,65.9703133589884,53.8757559098406,-0.0508145223545269,-0.0405541917238982
"8477498",2018,-0.000502173230028317,-0.000602317864320323,92431,60.1746167411366,57.7987904490918,-0.0302180816546126,-0.0348132440235948
"8471346",2018,-0.00135397750760716,0.000510716177574698,15111,51.697438951757,56.7004169148303,-0.0699971695415735,0.0289578201936338
"8471426",2018,-0.00266549716300377,0.00181713080941159,50080,57.220447284345,55.4233226837061,-0.152520939902228,0.100711427208523
"8474628",2018,0.000375987423081496,0.000970191816712149,65798,60.0200614000426,60.7860421289401,0.0225667882189951,0.0589741206438176
"8474749",2018,-0.000598118712884483,-1.33293253866402e-05,12748,55.067461562598,64.3865704424223,-0.0329368792316369,-0.000858229547956878
"8477935",2018,0.00117037862385539,-5.60269767949421e-05,57206,66.2657763171695,59.8468692095235,0.0775560480947976,-0.00335303915245191
"8475178",2018,-0.000175803521461665,-0.000903103313599297,44693,54.2098315172398,57.431812588101,-0.0095302792785743,-0.0518668602543279
"8474612",2018,-0.00104554212605876,-0.000695700849179461,77767,59.1150487996194,55.9671840240719,-0.0618072738040213,-0.03893641745173
"8470966",2018,-0.000553523032761526,0.000937246165448088,89739,68.2378898806539,49.6640256744559,-0.0377712437559866,0.0465474176240992
"8474150",2018,-0.00163842976924343,0.000358293306401009,69451,65.0012238844653,50.6428993103051,-0.106499940249565,0.0181450118396226
"8477903",2018,0.000349638071436647,0.00064976417587534,35497,64.9068935402992,56.6921148266051,0.022693921080374,0.0368365052689392
"8479314",2018,-0.0011840910547709,-0.000953560001411891,56630,68.4019071163694,51.1107187003355,-0.080994086345763,-0.0487371369960547
"8471729",2018,0.00154078411988622,-0.000242171851437332,76859,56.8625665179094,61.0780780390065,0.0876129395067688,-0.0147913912409401
"8476988",2018,-9.41016425403895e-05,1.6512555605316e-05,66871,62.3947600604148,59.110825320393,-0.00587144940759853,0.000976070789979113
"8473914",2018,-0.00141414999480403,0.000689634395568493,48511,50.6854115561419,53.7280204489703,-0.0716767744887581,0.0370526909074173
"8476915",2018,-0.000507232105962976,-0.000786112080869273,44662,53.9250369441584,53.9250369441584,-0.0273525100533167,-0.0423911230031248
"8470162",2018,-0.000224751247249397,0.00106076807659664,37591,59.2801468436594,54.2044638344285,-0.0133232869402398,0.0574983648445989
"8470854",2018,-0.000616536695152024,-0.000111203138721705,7798,61.8620159015132,59.0920748909977,-0.0381402028393609,-0.00657122420145698
"8473473",2018,0.00131602462265588,3.06021325864104e-05,67274,60.8437137675774,57.7935012040313,0.0800718254519586,0.00176860438647864
"8476454",2018,0.00121522194801029,-0.00112400372703852,52137,57.7248403245296,58.0010357327809,0.0701484929077576,-0.0651933803357404
"8479977",2018,-0.000533879578379613,0.000757898968130369,7260,77.3553719008265,51.5702479338843,-0.0412984533358114,0.0390850376953182
"8473564",2018,-0.00132985251443406,-4.58816094471684e-05,58445,68.6799555137309,52.1105312687142,-0.091334211531154,-0.0023909150437556
"8471709",2018,-0.000311254947707353,5.06072830617139e-06,97706,54.8257015945797,59.3945100607946,-0.0170647708828398,0.000300579478295845
"8474027",2018,0.000214544775624808,-0.000183939183171117,97776,52.0250368188512,62.6288659793814,0.0111616998511728,-0.0115199024511808
"8474053",2018,-0.00104823440333308,0.000176483895007537,73247,58.2412931587642,57.6515079115868,-0.0610505271836244,0.0101745626692947
"8474571",2018,0.00178550414048709,-4.61553392857992e-05,59226,56.7115793739236,64.978219025428,0.101258759785703,-0.0029990917453056
"8474889",2018,0.000522469885983481,-0.000457490203111951,194392,59.5580065023252,58.9839088028314,0.0311172648666733,-0.0269845604185441
"8475820",2018,0.00117571267978469,-0.000178397982962046,56994,64.9963154016212,56.2796083798295,0.0764169921569712,-0.0100401686168554
"8466138",2018,-0.000684016499738782,-0.00158697816963252,40262,63.3947642938751,54.0062590035269,-0.0433630647740616,-0.0857067540621169
"8468542",2018,-0.000481203676215444,0.000340163539557966,17480,69.8169336384439,61.3729977116705,-0.0335961651289089,0.0208768561348848
"8470613",2018,-0.00160720070200282,-0.00144161716908496,107465,65.8595821895501,56.4127855580887,-0.105849566728657,-0.0813256402164487
"8470794",2018,-0.000890582091627021,0.00157353144615487,84421,61.7476694187465,56.5025289916016,-0.0549913685840411,0.0889085061555624
"8478099",2018,-0.00142652642066493,-0.0009276092303235,61317,64.1714369587553,55.9518567444591,-0.0915422502736985,-0.0519014587698985
"8470880",2018,-0.000434599147539605,0.000704047712425847,128974,52.8664692108487,54.7645261835719,-0.0229757224524636,0.0385568393816292
"8474190",2018,3.50287505517751e-05,0.0003971908901835,66285,51.3781398506449,56.8092328581127,0.00179971204464246,0.0225641097695555
"8475738",2018,-0.000419788127218176,0.000453584163069183,45696,55.8560924369748,56.25,-0.0234477244378429,0.0255141091726415
"8476906",2018,0.000508238423333116,0.000854246424079109,86549,53.7822505170481,51.4945291106772,0.0273342062060912,0.0439890173524336
"8477462",2018,0.000688418473565375,0.000874848911731914,66942,52.5410056466792,62.0059155687013,0.0361701989068767,0.0542458077562192
"8479974",2018,0.000259093749328721,0.000212968741268258,54323,57.9864882278225,61.5650829298824,0.0150239366453522,0.013111438217653
"8475430",2018,0.000407002685769944,-0.00118641385996408,66527,56.9813759826837,56.115562102605,0.0231915730638193,-0.0665762806382056
"8476872",2018,-0.00116284389104417,4.41095672472543e-05,49839,56.0524890146271,51.790766267381,-0.0651802944284798,0.00228446828745787
"8476955",2018,-0.000425396992846609,-0.000173703330058432,20728,52.1034349671941,47.9351601698186,-0.0221646445520232,-0.00832649694838179
"8477290",2018,0.00010413239167312,-0.000205740158466224,56743,52.912253493823,53.4832490351233,0.00550987950512621,-0.0110036521317748
"8478500",2018,-0.000645903416602352,6.89535127088326e-05,98253,53.2014289640011,54.080791426216,-0.0343629847359757,0.00372906053891131
"8474161",2018,0.000642365517568895,1.88175599062634e-07,80348,54.5726091501966,53.1388460198138,0.0350555623218511,9.99943418327554e-06
"8476461",2018,0.000757619926402495,-0.000273138447669176,83543,55.8466897286427,48.9520366757239,0.0423105649620373,-0.0133706833078518
"8470047",2018,4.15725705425398e-05,9.10269815558401e-05,66549,48.5236442320696,60.1000766352612,0.00201725262281882,0.0054707285673825
"8474668",2018,-0.00166701214276336,0.000282094083027151,27920,50.0286532951289,63.4383954154728,-0.0833983725290783,0.0178955959834416
"8478439",2018,0.000882066907203394,0.00024680657041051,65170,56.8973454043271,59.8803130274666,0.0501872654888781,0.0147788546934168
"8475462",2018,-0.00140335002743703,-6.33855177844464e-05,67499,57.867523963318,53.6007940858383,-0.081208391341635,-0.00339751408678835
"8473512",2018,0.00143368479780179,-0.00106486649851946,82421,55.2529088460465,49.3563533565475,0.079215255446905,-0.052557927178476
"8475455",2018,-9.37079078750723e-06,-0.000808739474574136,82709,61.5459018970124,58.2814445828144,-0.000576733770505348,-0.047134504869327
"8476331",2018,0.000310020286758933,0.000772844118655619,56695,58.925831202046,59.8147984831114,0.0182682030867668,0.0462275152162437
"8471498",2018,-0.00058480995516935,-0.000819234456702713,30323,61.0229858523233,59.1234376545856,-0.0356868496205971,-0.0484359573253512
"8476919",2018,0.000699327979766107,-0.00170990568828183,70511,58.2036845314915,59.5311369857185,0.0407034651183518,-0.101792629761765
"8477922",2018,-0.000562761123594652,0.0011853451228992,55509,53.3102740096201,61.5467761984543,-0.0300009497007925,0.0729541709970062
"8473584",2018,0.000681414846554874,-0.000144123756087828,71894,51.3756363535205,59.6878738142265,0.0350081213624932,-0.00860244056700261
"8468208",2018,-0.000199432885054326,-0.000949883148737032,31861,52.9926869840871,55.2525030601676,-0.0105684844520173,-0.0524834215823945
"8476881",2018,0.000267320499665859,-0.000957736956130058,72994,60.5145628407814,58.3938405896375,0.0161767831756587,-0.0559259391430633
"8478414",2018,0.0014983332032748,0.000200750937503616,69223,66.4114528408188,60.2227583317683,0.0995064848691176,0.0120897751941562
"8471695",2018,-0.000460440891926224,0.00137999060366409,189891,57.6141049338831,51.1872600597185,-0.0265278898632882,0.0706379379097217
"8471717",2018,-0.00113665012422915,1.02159320960224e-05,38080,55.5882352941176,55.7773109243698,-0.063184374552738,0.00056981722090209
"8474062",2018,-0.000285618990349509,0.000410711819270815,64541,53.9935854728002,51.7066670798407,-0.0154215933680911,0.0212365393047917
"8476891",2018,6.45077475499932e-06,0.000195590633716151,62768,58.5585011470813,49.496558756054,0.000377747700890191,0.0096810632938653
"8477213",2018,0.000342130111221299,0.000372988210498098,60053,54.1321832381396,54.5518125655671,0.0185202498719165,0.0203471829482585
"8478569",2018,-0.000820775594665469,-3.15608126604781e-05,46833,49.7341618089808,57.5747870091602,-0.0408205862339549,-0.00181710706676303
"8471276",2018,0.000112383620537433,-0.000250941900842962,61621,61.9853621330391,53.1636941951607,0.00696613941683482,-0.0133409984771676
"8476191",2018,1.44780242367268e-05,0.000307022586251438,79410,57.3026067245939,51.318473743861,0.000829628528986295,0.0157559305313167
"8477956",2018,0.00137807702671408,-0.00110947063608308,83521,60.7751343973372,48.0597693993127,0.0837528165084313,-0.0533209029254615
"8478443",2018,0.00117555258044338,5.66261860594933e-05,74073,56.5712202826941,52.1971568587745,0.0665024439821521,0.00295572591606152
"8478498",2018,-0.000707697839644941,-0.000785553743159322,60351,61.559874732813,53.0297758115027,-0.043565790357225,-0.0416577388876256
"8471469",2018,0.00024361314231445,0.00100883285500149,197069,58.9133755182195,55.7895965372534,0.0143520725343447,0.0562823779540584
"8474056",2018,0.000143878279558476,-0.000908235088440896,103968,58.9335180055402,53.7742382271468,0.00847925317896559,-0.0488396500120745
"8475218",2018,5.93914640186522e-05,-0.000572431760986117,103320,63.1010452961672,52.4738675958188,0.00374766346124666,-0.0300377084336269
"8475793",2018,0.000484333302503256,-0.000668310324418572,76908,63.2391948821969,57.0603838352317,0.0306288481049414,-0.0381340436323719
"8476887",2018,0.00144313850217026,-0.000604670095066625,65157,63.3730834752981,55.8589253648879,0.0914561367644528,-0.0337762217107063
"8478042",2018,-0.000824036176609749,-0.00197945426218982,74432,62.9245485812554,59.5389079965606,-0.0518521044277921,-0.117854545199919
"8465009",2018,0.000555995093859295,0.000267390244135774,96080,57.9641965029142,52.2689425478768,0.0322278088751164,0.0139762053085955
"8473492",2018,-0.000165588383172585,-8.09169755141611e-05,8414,53.910149750416,53.910149750416,-0.00892689453376334,-0.00436224626731917
"8476374",2018,0.000233830419593313,-0.000186698187750258,54760,54.8283418553689,56.208911614317,0.0128205341816465,-0.0104941019338074
"8468486",2018,-0.00122078021900001,0.000297818257926719,41695,57.9350041971459,56.2081784386617,-0.0707259071115583,0.0167398217838364
"8474009",2018,-0.000419908901309438,0.000682164807394641,62879,52.3863292991301,58.5123809220885,-0.0219974859796322,0.0399150870619183
"8477942",2018,0.00263594258094036,-0.000127114071492699,69117,70.7322366422154,55.6794999782977,0.186446114410365,-0.00707764794091909
"8473419",2018,0.00137694615168763,-0.00152743403286628,72416,60.2021652673442,45.8351745470614,0.0828951397881324,-0.0700102055055478
"8475727",2018,-0.000623541846278907,5.12924515612478e-05,44087,54.8733186653662,58.384557806156,-0.0342158104320532,0.00299468710319713
"8478075",2018,0.000410035245816036,0.000211626711027674,19677,63.1193779539564,53.2398231437719,0.0258811696551058,0.0112669686676115
"8479325",2018,0.000128631147789365,0.000225034650733375,83411,61.3732001774346,51.3601323566436,0.00789450518232986,0.0115578094464972
"8475225",2018,0.00150759240419778,-0.00106527054039862,69380,68.1810319976939,52.5626981839147,0.102789205950089,-0.0559934938991885
"8476447",2018,-0.00161395958378496,0.000900568182643166,38414,54.448898838965,50.2316863643463,-0.0878783221076851,0.0452370585002409
"8476925",2018,-0.001910931813361,0.000233844539215276,67169,53.0065953043815,53.0601914573687,-0.101291989285094,0.0124078360220227
"8474600",2018,0.000809871709213493,0.000445880830352839,96679,65.7226491792427,57.3444077824553,0.053226914224832,0.025568772158133
"8475625",2018,-0.000923943250955886,-0.000444408050737906,43916,56.6445031423627,56.3166044266327,-0.0523363063821355,-0.0250275523974175
"8475714",2018,-3.1385147552625e-05,0.000698985940443682,55158,55.6075274665506,55.933862721636,-0.00174525045457434,0.0390969836371306
"8475766",2018,-0.00127758697392056,-0.000337886918072617,55020,49.0076335877863,56.4667393675027,-0.0626115142944275,-0.0190793725384952
"8478366",2018,-0.000309586563131213,-0.000348898476452309,24136,60.8551541266158,51.6075571760027,-0.0188399380148792,-0.0180057980721328
"8469521",2018,-2.26535266000908e-05,0.00108407889271906,63965,59.8827483780192,59.4887829281638,-0.001356555433268,0.0644905339259684
"8471679",2018,-0.00114448475988498,0.00167575652140083,140634,59.9513631127608,56.3419941123768,-0.0686134214168855,0.0944154640625426
"8473507",2018,-0.000427080308555029,0.000251206202076402,89072,59.7359439554518,54.8455182324412,-0.0255120453763202,0.0137775343360836
"8473991",2018,-0.00104391577462794,0.000429062194109092,83743,56.6590640411736,55.0254946682111,-0.059147290728236,0.0236093594742808
"8476948",2018,-0.00019957029269929,0.000525847492168328,52013,61.8076250168227,58.9698729163863,-0.0123349658156553,0.0310091597865667
"8477476",2018,0.000525345313713098,0.000119719019092008,51199,62.5090333795582,56.6026680208598,0.0328388277506865,0.0067764158934479
"8470642",2018,-0.000665591677035837,0.000420193473800976,29955,63.4551827741612,53.8407611417126,-0.0422352415192695,0.0226235364562248
"8474157",2018,-0.000675162829892296,-0.000338432556170198,53582,59.9977604419395,52.6072188421485,-0.0405082577271799,-0.0178039955457533
"8475848",2018,0.000247750106768738,-0.000113018258201056,64070,65.5720305915405,55.177149992196,0.0162454775800971,-0.00623602538461641
"8477494",2018,-0.000218981037837536,-0.00190732111066916,64069,58.3246187703882,56.8075044093087,-0.0127719855498182,-0.108350152404306
"8479376",2018,0.00172337898769005,0.00142165961998749,39242,58.8960807298303,60.8225880434229,0.101500267987086,0.0864690174044679
"8471678",2018,-0.000343106950805599,0.000662436739415802,49809,50.3764379931338,59.0495693549359,-0.0172845060322715,0.0391166041873909
"8473449",2018,-0.00091208653869791,-0.00023495553652658,61206,47.2306636604254,54.4652485050485,-0.0430784525384426,-0.0127969116845572
"8474618",2018,0.000205092457776263,0.00065235892247874,91137,50.7192468481517,56.4468876526548,0.0104021349926484,0.0368236308063644
"8475158",2018,-0.000940263047632996,0.000921616784209337,74528,51.7335766423358,51.830184628596,-0.0486431704386778,0.0477675680823828
"8475215",2018,-0.00205509462790788,0.000727765804529033,138233,49.7421021029711,56.4091063638928,-0.102224726812661,0.0410526186756823
"8476807",2018,-0.000115755154025841,-0.000673662047268714,13380,53.0044843049327,60.5381165919283,-0.00613554224477778,-0.0407822315611105
"8468309",2018,-2.45408674907407e-05,9.05715672452166e-05,1348,74.7774480712166,50.7418397626113,-0.00183510344441147,0.00459576795220535
"8474818",2018,-0.00148026658637664,0.000286995339915587,74705,59.947794658992,59.6104678401713,-0.0887387173606738,0.0171079264803171
"8476495",2018,0.000268869676798777,6.1130471587929e-05,12085,46.7687215556475,47.9602813405048,0.0125746910489589,0.0029318346158348
"8476878",2018,0.000490193264944612,0.000268524447041118,50111,48.4923469896829,51.5096485801521,0.0237706218956997,0.0138315999022676
"8477933",2018,-0.00058928821551217,0.00116023978189568,67302,53.757689221717,50.6552554158866,-0.0316787727515234,0.0587722424955982
"8476470",2018,-0.0016843493052553,-0.000553208977386196,50374,53.7420097669433,58.315797832215,-0.0905203168139744,-0.0322608228842198
"8477499",2018,-0.000514530835774436,0.000186411124450518,86464,51.5035159141377,56.1667283493708,-0.0265001470886232,0.010470102988313
"8476931",2018,-0.000317697206820049,-0.000814601219994426,51733,51.3560010051611,55.1137571762705,-0.0163156580727873,-0.0448957338342665
"8479755",2018,-0.000360816849138488,0.000362621632788117,38079,50.7681399196407,53.7934294493028,-0.0183180002824267,0.0195066612201785
"8469466",2018,-0.000105550758580566,-0.000237283620767073,3116,51.98973042362,54.3003851091143,-0.00548755548461224,-0.0128845919877371
"8474038",2018,0.000980956993671528,-0.000339053250382086,63377,56.9165470123231,55.4396705429414,0.0558326848473726,-0.0187970004976963
"8477455",2018,2.03678763784995e-05,0.000240427442380516,34721,55.0560179718326,58.8923130094179,0.00112137416794274,0.0141593281927272
"8475185",2018,-3.70848434736428e-05,0.000133423015972957,22523,36.4427474137548,61.0575855791857,-0.0013514735835886,0.00814648721600191
"8475325",2018,-3.88311102731046e-05,0.0013229725911756,38553,42.86047778383,57.5208155007392,-0.00166431993918186,0.0760984623295465
"8475728",2018,-0.0023467010378035,0.000602518368449422,56435,43.8238681669177,58.6869850270222,-0.102841516907869,0.0353599864676971
"8469506",2018,-0.000695769944968464,-0.00124942507987434,60529,59.0592938921839,56.97764707826,-0.0410916816612411,-0.0711893012518068
"8475169",2018,7.02302414707423e-05,0.000973205621736254,78859,58.4790575584271,58.8442663487998,0.00410699833330977,0.0572675708175974
"8478403",2018,0.00119629566804486,-0.000433662547485714,60352,52.6113467656416,54.6394485683987,0.062938726225743,-0.0236950824593865
"8476381",2018,0.000226219469005999,-0.000333020708202922,40437,59.3812597373692,56.354328956154,0.0134331970466949,-0.0187671585392788
"8476479",2018,9.25650763228409e-05,-0.000339348933831069,41346,62.2551153678711,55.0282977797127,0.00576264950551426,-0.0186737941820841
"8476851",2018,-0.000645202970060005,-0.000886579998203648,63382,58.6160108548168,61.0015461803036,-0.0378192242965973,-0.0540827507029533
"8468685",2018,0.00125631408242791,-0.000477134037577339,170453,52.0823922136894,61.7765601074783,0.0654318427845916,-0.0294756995517203
"8474031",2018,-0.000872514759501342,-0.00173036994705309,45449,51.5654909899008,58.45673172127,-0.0449916519696219,-0.10115177177343
"8474151",2018,0.000738202920066737,-0.000634671856558777,87276,51.6018149319401,57.0878592052798,0.0380926104635015,-0.036232057588781
"8475184",2018,0.000500252450180431,0.00108669603454812,44457,59.0323233686484,57.0888723935488,0.0295310644050099,0.0620382512468931
"8476459",2018,-0.000389609070249328,0.000504146402094174,58989,58.4651375680212,55.3526928749428,-0.0227785478898758,0.0279058609591262
"8477402",2018,2.36598542833987e-05,-0.000262767425751128,54383,56.1351893054815,59.6436386370741,0.00132815039913869,-0.0156724053870945
"8473575",2018,-0.000607861123607444,-8.84605286757732e-05,135621,52.5582321321919,60.4154223903378,-0.031948106038695,-0.00534438020481943
"8474569",2018,-9.59213415123953e-05,0.000729273997912828,39432,54.4126597687158,59.7078514911747,-0.00521933532027276,0.0435433835637544
"8474717",2018,-0.000550998776958463,0.00091052236627233,45876,57.4417996337954,59.3251373267068,-0.0316503613445144,0.054016864418144
"8476455",2018,-0.00031858426593981,0.000555759468716534,77563,57.181903742764,58.3422508154661,-0.0182172548289293,0.0324242583169302
"8477453",2018,0.000272938736084038,0.000295209456933251,10218,46.5061655901351,62.7128596594245,0.0126933340562865,0.0185134292427899
"8477456",2018,-0.00110178307166709,-0.000203150285610935,52743,52.5567373869518,58.2901996473466,-0.0579061235549964,-0.0118416707066769
"8470041",2018,-0.000204857744804128,0.000123474748205998,64258,57.4247564505587,56.7524666189424,-0.0117639061023877,0.00700749652584323
"8475692",2018,0.000667702424979094,-0.000929937190630329,69684,51.9200964353367,60.4442913724815,0.0346671742950227,-0.0562093945085665
"8480078",2018,0.000381869653292519,-0.000571630619256985,6657,51.3744930148716,71.3835060838215,0.0196183598356679,-0.0408049977874296
"8473446",2018,0.000556647225517668,2.37250231040877e-06,72063,53.7030098663669,58.0991632321719,0.0298936314440611,0.000137840399001144
"8475168",2018,-7.98618399910487e-05,0.000879562355648112,72352,55.2797434763379,60.5042016806723,-0.00441474202825352,0.0532172181568605
"8475747",2018,0.000512798031123474,0.0010256405076522,71836,51.9683724038087,61.7406314382761,0.0266492790493646,0.0633236925711211
"8476855",2018,-0.000283755021558408,0.000578007330858844,30569,51.4639013379568,55.3501913703425,-0.0146031404336317,0.0319928163764979
"8477021",2018,0.000248737047014167,-0.000410423399424273,54034,50.967909094274,57.6303808713033,0.0126776072005962,-0.0236528568273158
"8475197",2018,-0.000822928102568079,-0.0014882952920475,82042,55.1571146485946,59.6328709685283,-0.045390339700898,-0.0887513211137365
"8477413",2018,-0.000190332873397998,0.000716253092405413,38227,57.4463075836451,57.8230046825542,-0.0109339207885004,0.0414159059160521
"8477492",2018,0.000784296031943006,-0.000201614070954845,75703,58.6819544800074,57.5882065439943,0.0460240240453299,-0.0116105927603231
"8478420",2018,0.000297842489821349,-0.000440582639535763,78579,57.4504638643912,56.6716298247623,0.0171111891987617,-0.0249685362549875
"8473546",2018,0.00164067317627981,6.30612964975716e-05,59968,51.9276947705443,62.3732657417289,0.0851963759160776,0.00393333900446099
"8474090",2018,-0.000308765241325373,-0.00232522627763568,39630,54.2316426949281,62.6797880393641,-0.0167448462441709,-0.145744690225764
"8475763",2018,0.0017130603437355,-0.000174094563279276,62143,51.1529858552049,61.2329626828444,0.0876281515322146,-0.010660325896566
"8476468",2018,0.00103886045293517,0.000358542053517857,80858,55.4750303000322,58.9923075020406,0.0576308151040837,0.0211512230735385
"8476869",2018,0.0025525490892316,-7.23227058813935e-06,84023,55.3134260857146,62.5971460195423,0.14119023537737,-0.0004527194980586
"8471976",2018,-0.000538970511052232,0.00112709513189687,47768,46.8012058281695,62.1755149891141,-0.0252244698230692,0.0700777202674116
"8474008",2018,0.00177706789902991,0.00033977540453713,34044,44.8360944659852,65.9851956291858,0.0796767841933747,0.0224201465383683
"8476918",2018,0.000632050948665623,-0.000581641544968945,57994,52.2674759457875,63.5031210125185,0.0330357077558926,-0.0369360534160711
"8477950",2018,-0.000746884841555741,0.000552283686852058,26348,61.7580081979657,62.987703051465,-0.0461261201677357,0.0347870808676057
"8471686",2018,0.00160931054815739,-4.00574525580114e-05,68051,48.8280848187389,62.8469824102511,0.07857955194512,-0.00251749001631281
"8471260",2018,-0.0012766507979026,-6.37669386820314e-05,65395,53.5086780334888,60.6651884700665,-0.0683118965061669,-0.00386843335330461
"8476442",2018,-0.00105322934875756,0.000244317741709408,57251,53.1973240642085,64.0128556706433,-0.0560289829797911,0.0156394763378219
"8479370",2018,-0.000349354484349017,0.000219029194237448,50923,48.0725801700607,57.6870962040728,-0.0167943714566383,0.0126351581994762
"8468498",2018,-0.000994703590799164,-0.000157741949151897,98260,48.6545898636271,60.5617748829636,-0.0483968952462105,-0.00955313241413705
"8474291",2018,4.21893643604985e-05,0.000982886399172865,60157,39.0777465631597,63.1347972804495,0.00164866528814036,0.0620543335614898
"8474590",2018,-0.000466400298275556,0.00077664624104118,118251,56.2295456275211,58.2083872440825,-0.0262254768525748,0.0452073251501861
"8474651",2018,-0.000356205541942199,0.000633898393429438,217074,54.3630282760718,59.0729428674093,-0.0193644119486972,0.0374462435787997
"8475758",2018,0.000360682089471814,0.000443790172977176,64157,50.7816762005705,66.2686846330096,0.0183160410789029,0.0294093910162533
"8476344",2018,5.57677977119663e-05,-0.000173321480513101,1826,25.6297918948521,80.8324205914567,0.00142931704979191,-0.014009994810369
"8471698",2018,-0.000712327871173849,4.28866682925165e-05,85523,54.3432760777802,53.8802427417186,-0.0387102301610979,0.00231074409798436
"8471710",2018,0.000515841033044678,-0.000307551453382442,16648,47.7895242671792,59.6828447861605,0.0246517975666955,-0.0183555456559823
"8473563",2018,0.000567507568377524,0.00018456163333342,91398,56.1675310181842,54.276898838049,0.0318754989498989,0.0100174331018231
"8474604",2018,0.000342743994430751,-3.02425654895141e-06,5437,48.997608975538,67.5372448041199,0.0167936362178319,-0.000204249954896994
"8477444",2018,-0.00130281226449264,0.000159390242956375,47719,61.334059808462,55.298727969991,-0.0799067653495897,0.00881407768631536
"8467950",2018,-0.000493039776459687,0.000527203131758813,158344,55.1331278734906,60.8169554893144,-0.0271828250422692,0.0320628893980029
"8471676",2018,0.000273528142538335,0.000610968084555492,49814,57.8873409081784,61.5730517525194,0.0158338168350974,0.037619169489473
"8473544",2018,0.00065349493943274,-0.000472648163386537,69550,59.9913731128684,59.05966930266,0.0392040587388809,-0.0279144442261185
"8474697",2018,9.31352229278376e-05,0.000148136015338704,41357,53.2727228764175,61.3680876272457,0.00496156692106806,0.00909082397005659
"8475227",2018,-7.38174137628082e-05,0.000336047114858463,8711,58.6844219951785,54.964986798301,-0.00433193225984933,0.0184708252318026
"8475913",2018,0.00193570318132183,1.42221726042515e-05,54691,59.5052202373334,56.0165292278437,0.115184444118663,0.000796676747369494
"8471214",2018,0.000926073353365659,-0.000626108366793167,99614,59.0158009918285,57.4618025578734,0.054652960726063,-0.0359773153525015
"8471702",2018,0.000889127217062664,-0.000368115164954126,106491,54.3933290137195,56.8949488689185,0.0483625892527422,-0.0209438934879385
"8475200",2018,0.000905454163630272,0.000225634419163134,120872,57.1248924482097,57.3929446025548,0.0517239717141629,0.0129498237194594
"8475744",2018,0.00144521060858393,0.000133239648474673,94444,54.6609631104146,57.5579179196137,0.0789966037625861,0.00766899675054344
"8477944",2018,0.000804704249658983,0.000201603223775612,65434,59.8037717394627,59.1985817770578,0.0481243492643814,0.011934624929199
"8470602",2018,-0.00150306464155109,0.00129766884852215,80234,51.1503851235137,65.7327317596032,-0.0768823352808746,0.0852993183326999
"8470775",2018,-0.00220462481203091,-1.5800429019404e-05,45629,45.1291941528414,58.1472309276995,-0.0994929411763145,-0.000918751194948007
"8471768",2018,-0.00153468013870756,0.00038515476363904,57490,50.9723430161767,67.9422508262306,-0.0782262424503156,0.0261682815580812
"8476368",2018,-0.000496705998705639,0.000548172636309027,51603,51.3458519853497,57.7640834835184,-0.025503792689775,0.031664689927135
"8476419",2018,-0.00116392705000842,-1.55000989899898e-06,63091,53.4085685755496,62.8235406000856,-0.0621636776673119,-9.73771098202972e-05
"8474068",2018,0.00167985454378517,-0.000101070478045521,71978,68.5709522354053,57.4675595320792,0.115189225684322,-0.00580827371401668
"8474250",2018,-0.00105061136995424,0.000511021785911047,54841,55.3381594062836,65.5786728907204,-0.0581388994645817,0.0335121305382924
"8474884",2018,-0.000640700384823313,-0.00116566175984476,73037,55.5499267494558,59.7888741322891,-0.0355908594452832,-0.0696936042401811
"8474189",2018,-0.000220284292686135,-0.00118537718102687,75283,57.1921947850112,59.8700901930051,-0.0125985421753839,-0.0709686387408088
"8475163",2018,-0.000320633672045339,0.000410751691075748,41792,47.8081929555896,62.0214395099541,-0.0153289164612028,0.0254754111616658
"8475792",2018,2.21314225442977e-05,-0.00137109380615104,57325,54.4474487570868,57.964238988225,0.00120499949490209,-0.079474409055014
"8476879",2018,-0.000208685037730697,-0.0003549776245544,95250,52.9889763779528,66.7842519685039,-0.0110580065347441,-0.023706915121422
"8469665",2018,-0.000966742801461238,-0.000652428844257064,45948,55.3930530164534,58.6053799947767,-0.053550835254617,-0.0382358403372382
"8479366",2018,2.1846007148811e-05,8.47689631294037e-05,1427,47.9327259985985,52.9782761037141,0.00104713867482738,0.00449091353369511
"8470358",2018,-0.00120858894106055,-6.62629743966987e-05,40017,49.2090861383912,56.6759127370867,-0.0594735573065558,-0.00375551455460711
"8476288",2018,0.00112223358563136,-0.00136446973149144,65025,58.8512110726644,63.1695501730104,0.0660448056208242,-0.0861929391630025
"8470595",2018,0.00144843142172211,-0.000373873376616365,71655,59.5855139208708,60.9420138162026,0.0863055306424494,-0.0227845964832649
"8470600",2018,-0.000452833015701727,0.00154395670956921,95863,53.4763151580902,55.0160124344116,-0.024215841061654,0.084942341531853
"8471227",2018,0.000399590444023754,0.00221638204878876,183311,50.884016780226,58.1896340099612,0.0203327668589226,0.128970460245266
"8474716",2018,0.000289590989642258,0.000851578740198693,74284,53.890474395563,55.0051155026654,0.0156061958125019,0.0468411869642434
"8475745",2018,0.000721105011650546,-0.00069601924029325,56180,50.4307582769669,63.503025987896,0.0363658725348581,-0.0441993279044179
"8475799",2018,0.000243169959118903,0.000311419868055967,51423,57.7562569278339,52.5756957003675,0.0140445866360022,0.0163731162179591
"8470144",2018,-0.000313105272020633,0.0015537968352019,58977,50.4196551197925,52.8612849076759,-0.0157866598314691,0.082135697194253
"8470318",2018,0.000324603885044353,-0.000111365721791766,79790,52.2471487655095,57.0748214061913,0.0169596274717747,-0.00635617868203665
"8470657",2018,0.000315278950870229,-0.0013185576045362,163215,52.737799834574,54.8552522746071,0.0166271182030486,-0.0723298100354351
"8471716",2018,0.000460061652459933,-0.00059794972527477,57152,53.1005039193729,55.3051511758119,0.0244295055796018,-0.0330696999518564
"8471794",2018,-0.000970512334272486,0.000238983468677123,58232,52.115675230114,58.4214864679214,-0.0505789056197647,0.0139617694813775
"8475324",2018,-0.00123979107764782,0.000273807402645961,67301,54.721326577614,51.7258287395432,-0.0678430124479785,0.0141629148168842
"8470724",2018,0.000374703422880926,-6.77659447981487e-05,12505,44.6221511395442,64.1983206717313,0.0167200727682972,-0.0043504598547744
"8476422",2018,2.97068528262746e-05,-8.06984315876087e-05,43247,50.6948458852637,64.4299026522071,0.0015059843257642,-0.00519939209137542
"8470110",2018,0.00179555148259891,0.000882229102947187,77777,51.4702289880042,60.0794579374365,0.0924174459691161,0.0530038462816979
"8476924",2018,0.000471903113335623,-0.00198999550094891,33212,52.2461760809346,52.2461760809346,0.0246551331524742,-0.103969655342844
"8477215",2018,-0.000404640710845182,0.000407578575783862,67266,53.9470163232539,55.4455445544555,-0.0218291590330181,0.0225984160830656
"8477511",2018,0.00140864063648807,-8.18069394272086e-06,69512,56.7096328691449,53.0325699159857,0.079883493339797,-0.000433843223478625
"8477946",2018,0.00103434214307802,-0.00316282774914272,75971,57.5272143317845,56.6268707796396,0.0595028221572463,-0.179101038248963
"8471266",2018,0.000104411497510391,-0.00242027586730529,11171,42.8609793214573,62.8412854713096,0.00447517903571525,-0.152093246696653
"8475772",2018,0.000276743288601822,0.000404727261745267,65439,51.2721771420712,53.9678173566222,0.014189230916072,0.0218422469411144
"8476822",2018,-0.000582573801206664,0.000566648457338467,43042,45.6670229078574,57.2928767250592,-0.0266044111252223,0.0324649202127378
"8471242",2018,-0.000684451056713323,-0.00180175693921837,73265,53.3133146795878,57.9321640619668,-0.0364903545693338,-0.104379678602586
"8475193",2018,-0.000560309414187422,-0.00025832986391637,72797,55.0901822877316,54.4967512397489,-0.0308675477651172,-0.0140781383316486
"8468083",2018,0.00093370989647331,0.00174852283350312,79753,53.2644540017303,53.4901508407207,0.049733547831663,0.0935287501125263
"8474679",2018,0.000589255391429911,0.000952387428732878,73515,54.0134666394613,52.5933482962661,0.0318277264271222,0.0500892437523335
"8476443",2018,0.000178147238504647,-0.00188916780940595,33087,56.9045244355789,55.2724635053042,0.0101373838866186,-0.104418958800786
"8476463",2018,0.00085044554711442,-0.000225976756320339,83189,50.2422195242159,59.0270348243157,0.0427282718715146,-0.0133387378648066
"8476856",2018,-0.00125672192533832,0.000258527759842165,100084,51.6885815914632,58.3429918868151,-0.0649581737756303,0.0150832829949879
"8473485",2018,0.000529152076039606,-0.000335860898966707,32277,50.4136072125662,68.7052700065062,0.0266764649171747,-0.0230754137481355
"8475220",2018,-0.00192567736407181,0.000290372201914465,50011,48.9492311691428,55.2838375557377,-0.0942604264511364,0.0160528896413412
"8478493",2018,-0.00133781861890447,0.000849627262901634,52762,52.6060422273606,59.565596451992,-0.0703773427586378,0.0506085546766092
"8464989",2018,2.50462402199871e-05,-0.000384953734133072,52855,44.2720650837196,64.8415476303093,0.00110884877712174,-0.024960995887255
"8471476",2018,-0.00207789654884996,0.000601493121126957,58199,48.9286757504424,59.568033815014,-0.101668726481643,0.0358297625787889
"8474589",2018,0.00156515432352237,0.000743045375484186,48967,52.2719382441236,59.1091959891355,0.0818136501416844,0.0439208147283155
"8469459",2018,-0.000110723439782577,0.00258384185703142,74047,47.0620011614245,49.4928896511675,-0.00521086665164458,0.127881799906124
"8475722",2018,0.00143608812025841,0.000831950018191925,71531,57.1724147572381,58.833233143672,0.082104625639356,0.0489463093841677
"8475798",2018,0.00201253678171962,0.00173192225510952,71041,51.6884615926015,52.1445362537127,0.104024930145612,0.0903102828201703
"8469544",2018,-0.000746861792560711,-0.000682723501929772,46370,62.2643950830278,60.4787578175545,-0.0465028977244185,-0.0412902693295633
"8470645",2018,0.000285145519187742,0.000557528753458397,74544,63.8441725692209,55.8274307791372,0.0182048797343623,0.0311253978910773
"8473573",2018,-0.000843455575799604,0.000193771141728844,54814,56.67895063305,58.1238369759551,-0.0478061769419165,0.011262722252492
"8476473",2018,0.000555874208644332,-0.000762440025503378,66326,65.6756023278955,56.9912251605705,0.0365073734712588,-0.0434523911648942
"8479337",2018,0.000236654843648637,-0.00108656213258977,58964,63.801641679669,54.8266739027203,0.0150989675362284,-0.0595725877185436
"8479482",2018,-0.000879745783030582,0.00204779653357002,69528,63.2205730065585,62.3921297894373,-0.0556180325032969,0.12776638710486
"8474550",2018,-0.000394076143573993,-0.000578103423753096,57990,53.0160372478013,62.1417485773409,-0.0208923555061887,-0.0359243576105649
"8470281",2018,-0.000138220738259426,-0.000760006301105089,90220,62.4872533806251,58.1777876302372,-0.00863703429407381,-0.044215485183334
"8470607",2018,0.00146476539093995,-0.00047789723086239,76982,62.6172351978385,59.1099217999013,0.0917195589941407,-0.0282484679446653
"8474642",2018,0.000617165131661035,0.00119484837266347,29113,56.7581492803902,56.2635248857898,0.0350291506734687,0.0672263811500967
"8477401",2018,-0.00120504283796418,-0.000406831298312362,26226,55.4564172958133,60.5353466026081,-0.0668273584814728,-0.0246276736521279
"8478055",2018,0.00063846823861279,-0.000403868610895448,36878,56.9119800423016,59.2548402841803,0.0363364916535746,-0.0239311700344035
"8478528",2018,0.000152438642901022,0.000353213863947917,4181,56.8285099258551,69.7440803635494,0.00866286093118462,0.0246345761127033
"8480172",2018,0.000542029320498847,-0.00026368031574506,53850,60.8356545961003,60.7019498607242,0.0329747085228268,-0.0160059093056166
"8473604",2018,0.00160136712955713,-0.000497369057612173,65290,69.3092357175678,54.146117322714,0.11098953185284,-0.0269306033461564
"8475209",2018,0.000354638230656495,-0.00159175808556392,55289,68.107580169654,54.9548734829713,0.0241535517256615,-0.087474864207662
"8476438",2018,0.00078877874696225,-0.00118357141445599,66365,68.8374896406238,54.4624425525503,0.0542975488227581,-0.0644601901666499
"8474141",2018,0.00117675102647249,-0.00131048063081062,79475,60.9701163888015,57.1198490091224,0.0717466470446694,-0.0748544557612819
"8477451",2018,-0.0012759009386547,-0.000279166051795846,60176,65.0292475405477,56.7136399893645,-0.0829708779769937,-0.0158325229588019
"8477951",2018,0.00140530452622953,0.000322573830043518,65813,59.8422804005288,56.1773509792898,0.08409662750676,0.0181213432670885
"8471274",2018,-0.000558384751377964,-0.000269618054692585,86732,54.2913803440483,63.9625513074759,-0.0303154789153779,-0.0172454586566963
"8474218",2018,0.000260919554223213,0.0016358649961306,72793,57.6154300550877,54.3019246356106,0.0150329923263522,0.088830617733917
"8475839",2018,0.00094301462259798,-0.000950537811699666,53292,56.4737671695564,55.9333483449673,0.0532555882340855,-0.0531667625368604
"8476356",2018,-0.00109870527828943,0.000461764491075995,63385,53.6720044174489,63.2704898635324,-0.0589697145498246,0.0292160655519629
"8477407",2018,0.000168072417751163,0.000248362706488426,37778,62.607867012547,60.892582984806,0.010522655579042,0.0151234467151775
"8477989",2018,0.000299827081165006,0.000311195904201991,60164,55.5880593045675,59.7167741506549,0.0166668055689157,0.0185836155278391
"8467400",2018,-0.00075842676985894,-0.0013902237423002,62307,59.9739997111079,63.6718185757619,-0.0454858868764166,-0.088518073899455
"8470621",2018,0.0011744647938536,-0.000155294921560139,66090,55.124829777576,60.2995914661825,0.0647421718409355,-0.00936422032684926
"8471699",2018,-0.000907531819882353,-0.00065814769057909,65234,59.656007603397,58.7730324677316,-0.0541397251472264,-0.0386813355869674
"8476434",2018,0.000327119031788946,-1.21331994735856e-05,176738,55.0781382611549,59.4982403331485,0.0180171072607267,-0.000721904018289427
"8476483",2018,0.001632409049471,-0.000205788305829933,76505,55.9492843604993,55.8551728645187,0.0913321181015051,-0.0114943413956273
"8477986",2018,-0.00109094403146584,3.17087993400597e-05,82026,58.4156243142418,58.7667324994514,-0.0637281766899729,0.00186342252869607
"8471769",2018,0.000750061218011862,0.0016125688994831,50053,53.6551255668991,57.6109324116437,0.0402446288352877,0.0929015978772395
"8474613",2018,-0.000225307429802383,0.000208425688552975,72566,56.7042416558719,58.3909820025907,-0.0127758869463777,0.0121701806291744
"8475171",2018,-0.000140402824185561,-0.00065953551570897,91138,55.4982553929206,53.2072242094406,-0.00779211179453761,-0.0350920540584162
"8477503",2018,0.00104416383734578,-0.0010634094992096,65770,57.2540672038923,62.3445339820587,0.0597826265152693,-0.0662977696603168
"8479343",2018,-0.000665372402182519,-0.00208196232683208,70228,55.9264111180726,59.5147234721194,-0.0372118905110791,-0.123907412160782
"8469598",2018,0.000612698918824777,0.000420496063557574,54784,51.2558411214953,64.201226635514,0.0314043984385947,0.0269963630758013
"8473560",2018,0.000628973248213956,0.000204031936897281,10008,43.5251798561151,60.7913669064748,0.0273761737531974,0.0124033803365614
"8475780",2018,-0.000979688751320927,-0.000298078975353046,49858,48.8106221669542,60.6522523968069,-0.0478192174819409,-0.0180791612472945
"8476400",2018,-9.34214621050746e-05,-0.000378900968190608,42769,52.2715050620777,60.688816666277,-0.00488328042933211,-0.0229950513931947
"8477929",2018,-0.00025099563957694,-0.000297609783768746,12073,49.7970678373229,66.7936718297026,-0.0124988468908851,-0.0198784502303584
"8474568",2018,-0.00146936239898129,0.000150687950279165,54642,54.4196771714066,64.6316020643461,-0.0799622274003656,0.00973920363833497
"8475246",2018,-0.000881847292037194,0.000180908029026686,60245,58.3218524358868,67.643787866213,-0.0514309676371796,0.0122373043387759
"8477943",2018,-0.000449926773559616,0.000610177746886947,54582,55.4688358799604,62.0644168407167,-0.0249569143605784,0.0378703260297208
"8478440",2018,0.000941079641678247,-0.000571803669778658,13913,61.0651908287213,72.1914755983612,0.0574672079041069,-0.0412793506738794
"8478474",2018,-0.000314588465947812,-4.6754202725763e-05,6865,54.5375091041515,60.3058994901675,-0.0171568713256899,-0.00281955425032278
"8476312",2018,0.000891964841963577,-0.000487001835846134,86363,56.8159975915612,53.9814503896344,0.0506778723127598,-0.026289065441389
"8470755",2018,7.7039260864047e-05,0.00132985153030078,56487,53.1520526846885,57.9319135376281,0.00409479485223529,0.0770408438712673
"8476921",2018,5.15562727354854e-05,0.000789608496679621,58328,54.3752571663695,55.5479358112742,0.0028033855885315,0.0438611220895963
"8478432",2018,0.000817959260535189,0.00133411529185071,54639,56.2016142315928,60.6160434854225,0.0459706308177576,0.08086879054539
"8468535",2018,-0.000237861679211123,0.00113988206970621,44213,52.0299459435008,61.7194037952638,-0.0123759303113851,0.0703528417391784
"8475164",2018,-0.000416818057753579,8.4982669289431e-05,67134,59.3082491732952,57.9676467959603,-0.0247207492291782,0.00492624535714764
"8475764",2018,0.000681631885866265,-0.000140251626387567,77212,53.5253587525255,56.0431021084805,0.0364845912281524,-0.00786013621851887
"8477941",2018,0.000322936320660826,0.000204917893021917,57302,61.0031063488185,62.4480820913755,0.0197001187131686,0.0127967294054244
"8474683",2018,-0.000824539378947718,0.000676364916677333,38448,53.0898876404494,61.8913857677903,-0.0437747029834603,0.0418611619778761
"8478131",2018,-0.000286265548463625,0.000458501291791002,50661,61.0410374844555,55.5693728903891,-0.0174739460742763,0.0254786292542593
"8471766",2018,-0.000199081648428888,-1.15989766047514e-05,2479,49.3747478822106,56.6357402178298,-0.00982960619915121,-0.000656916625779385
"8470604",2018,-0.000122417449725039,9.59622926535852e-05,25333,53.1480677377334,59.54288872222,-0.00650625091026695,0.00571387211300154
"8471734",2018,-0.000156968473698585,-0.000505700164239067,191485,55.4048619996344,55.8748727054338,-0.00869681662356334,-0.0282559323039749
"8474162",2018,-0.000108463001399323,0.000274998805200222,75806,61.0241933356199,54.0907052212226,-0.0066188671671539,0.0148748793082736
"8475726",2018,0.000348888212473217,-0.000331671532654003,67157,61.7001950652948,59.9848117098739,0.0215264707655795,-0.0198952544357756
"8476871",2018,-0.000710929326353801,-0.000497467470059797,65443,62.8210809406659,58.5303240988341,-0.0446613487539652,-0.029116932251227
"8477850",2018,2.33842895845045e-05,0.000508180033460409,58218,57.9408430382356,58.1263526744306,0.00135490545237642,0.0295386518470237
"8473607",2018,0.000781793379768559,0.000500159657107277,57740,54.8042951160374,55.2407343262903,0.0428456351046004,0.0276291867389915
"8477948",2018,-0.00084294966792184,0.00110992008302949,44422,59.3219575885822,51.9472333528432,-0.0500054244497689,0.0576572775561402
"8469500",2018,-0.000407991811020556,-0.000595587484947532,46205,54.5395519965372,61.2401255275403,-0.022251690591317,-0.0364738523408189
"8477073",2018,0.000294348208762283,-0.000855856868529184,22047,49.4761191998911,63.8454211457341,0.0145632070629972,-0.054642542211715
"8477380",2018,-0.000511277315369257,-0.00015635728544457,18921,50.4201680672269,59.7431425400349,-0.0257786881698785,-0.00934127559148786
"8477960",2018,-0.000923541155701668,-5.88057637129516e-05,58670,57.6785409919891,61.3601499914778,-0.0532685064069276,-0.00360833048179011
"8480147",2018,-0.000751575723472479,-0.000404790469027245,24151,52.4698770237257,58.8795495010559,-0.0394350857846187,-0.0238338804586453
"8473453",2018,-0.000854308123543364,0.000107731642819381,53898,54.1021930312813,56.5067349437827,-0.0462199430081348,0.00608756338585301
"8474563",2018,-0.000254958333990186,0.000136651168293137,103757,56.5552203706738,50.4486444288096,-0.0144192247641548,0.00689386620000192
"8475160",2018,-0.00048407007545766,-0.000550649040740468,32160,58.3208955223881,52.1641791044776,-0.0282314002962807,-0.0287241551848946
"8475762",2018,-0.00125544979151891,0.000482770592162529,81494,53.8051881120083,52.7449873610327,-0.0675497121978564,0.0254637287818909
"8476406",2018,0.000498599204469547,-9.60915929697393e-05,44762,61.0428488450025,53.7241410124659,0.030435915872673,-0.00516243829081876
"8470606",2018,0.000526673012547341,-0.000766805830172581,78357,54.9025613538037,49.0217849075386,0.028915697384773,-0.0375901904725668
"8471685",2018,4.55637732510753e-05,-9.30914298087408e-05,87051,54.6300444566978,50.742668091119,0.00248915095832114,-0.00472370752491264
"8480113",2018,0.000471799608179821,0.000197573636147513,63622,57.546131841187,52.6233064034453,0.0271502424549363,0.0103969779922334
"8470187",2018,-0.00191015307943585,0.000278814656042467,58871,54.729833024749,62.4348151042109,-0.104542359089234,0.0174077414983556
"8471306",2018,0.000593271257033693,-0.000379736154334029,75647,55.8224384311341,61.771121128399,0.0331178482187249,-0.0234567279861997
"8474586",2018,0.00212691131484426,-0.000830367663355467,64637,66.4449154509027,57.7563933969708,0.141322442486395,-0.0479590414288818
"8475166",2018,0.000578510756583036,-0.00099142801473932,74463,55.3080053180774,58.7889287297047,0.0319962760016595,-0.0582849908991425
"8475177",2018,0.00157752866848402,-0.00093346693744385,31043,55.20085043327,57.5202138968528,0.0870809240831817,-0.0536932179074103
"8475314",2018,0.000769101325672733,0.000214465427658947,70509,55.8056418329575,60.9624303280432,0.0429201931137453,0.0130743336914326
"8471677",2018,0.000802804576802564,-0.00186894283437503,76321,54.6690950066168,59.2916759476422,0.0438885996809661,-0.110812752900432
"8473422",2018,-0.00102873453883715,0.00108080957937473,67553,56.329104554942,53.8776960312643,-0.0579476953974377,0.0582315299852304
"8475233",2018,7.21789631904531e-05,0.000340842312848442,86080,59.3447955390335,59.4702602230483,0.00428344581275686,0.0202699810401225
"8475683",2018,0.000634752616543704,-0.00034315880952473,215332,58.8988167109394,55.8895101517656,0.0373861780185968,-0.0191789777686002
"8477416",2018,-0.00103833604876214,0.00011305691443704,63650,59.8397486252946,56.3330714846819,-0.0621337681465078,0.00636884324281931
"8477947",2018,0.000429126133453599,0.000741955277906354,33042,56.1104049391683,54.0403123297621,0.024078441118061,0.0400954949527748
"8466251",2018,-0.00012515976134253,-0.000820249823139028,42265,51.2764698923459,67.3748964864545,-0.00641775073421344,-0.0552642469270246
"8474066",2018,-3.54545125115706e-06,-0.000163879662087037,63305,58.0617644735803,63.3504462522707,-0.000205855155497242,-0.0103818497248851
"8475754",2018,3.90128909757272e-05,-0.000564044920712728,57239,53.3971592795122,62.4539212774507,0.00208317755338515,-0.0352268170751386
"8476917",2018,0.001009826656237,0.000612696027817958,75623,55.6973407561192,59.8865424540153,0.0562446593770445,0.0366922466813267
"8478463",2018,0.000720054072689856,-2.74503006085649e-05,52556,62.6760027399345,65.0049471040414,0.0451301110328105,-0.00178440533904979
"8475181",2018,-4.1059268875863e-05,0.000312995250232378,87075,53.0025839793282,60.6925064599483,-0.00217624734672274,0.0189964662466618
"8474715",2018,0.0020639071699398,-0.000384354184697347,64622,58.5497199096283,54.6501191544675,0.120841186719449,-0.0210050019912282
"8476850",2018,0.000363417688193468,-8.68609048138853e-05,47068,53.8455001274751,55.3752018356421,0.0195684071759481,-0.00480994013569539
"8477505",2018,0.000531306784380185,0.000311365039504678,59171,60.1713677308141,51.288638015244,0.0319694559008164,0.0159694888017576
"8478506",2018,0.0010375458811503,0.00018872805497352,9139,61.0570084254295,66.1779188094978,0.0633494476071638,0.012489629899112
"8478550",2018,0.000384641307813244,-0.00216427252161027,88489,65.5403496479788,51.2606086632237,0.0252095258031359,-0.110941926770832
"8474610",2018,-0.00051681154465549,-0.000184295117024839,5019,54.5128511655708,48.0573819485953,-0.0281728708144535,-0.00885674083012378
"8476310",2018,-0.000488108011083012,0.000396040421317646,26710,51.7558966679146,53.642830400599,-0.0252624677843937,0.0212447291525243
"8478541",2018,0.000192237605163115,-0.000349010505620996,15035,48.8460259394746,60.5786498170934,0.00939004304833997,-0.0211425852025011
"8471273",2018,0.000485248070649207,0.000213794931743653,52345,53.9879644665202,60.4527653070971,0.0261975555956569,0.0129244948325459
"8474685",2018,0.00124336953296581,-0.00101700356646602,51501,56.0610473583037,58.5775033494495,0.0697045982714682,-0.0595735298210652
"8479400",2018,0.00191089304582692,-0.001241325814326,76479,65.5709410426391,52.8615698427019,0.125299055246706,-0.0656184312315428
"8477495",2018,-0.00154757515070424,-0.000606203839163632,100029,61.0023093302942,52.220855951774,-0.0944056580551368,-0.0316564833623764
"8478460",2018,-0.000313486197323076,-0.00127923430536943,94178,63.6072118753849,53.7832614835737,-0.0199399829731376,-0.0688013931444416
"8471217",2018,-0.000660375860254683,-0.00031740739858573,53985,59.8833009169214,55.5487635454293,-0.039545486357902,-0.0176315885316086
"8474573",2018,0.000674578009593932,-0.0016214329677556,66017,54.0951573079661,62.5475256373358,0.0364914035454784,-0.101416620119915
"8478445",2018,0.00047107147373256,-0.000803269383980904,70629,61.2156479633012,55.965679819904,0.0288369455015659,-0.0449555171530068
"8473504",2018,5.30412851726892e-05,0.00112984425292405,48446,44.7343433926434,63.1631094414399,0.0023727670649022,0.0713644761992236
"8473579",2018,-0.000153825814160921,0.000246646788072395,7170,50.7112970711297,59.2468619246862,-0.00780070655912284,0.0146130481970925
"8475231",2018,0.000311743239760722,0.000844629087403453,40935,47.3140344448516,61.0333455478197,0.0147498303839884,0.0515505389512346
"8469619",2018,0.000110858385289827,-0.00126149124661836,25533,52.3087768769827,72.0479379626366,0.00579886654106814,-0.0908878430767684
"8470860",2018,5.43459439222532e-05,-0.00110897384540626,146311,55.6321807656294,59.7166310120223,0.00302338337616155,-0.0662241819281091
"8466141",2018,0.000494586421785884,0.00122443931296522,96605,59.0280006210859,59.3261218363439,0.0291944476123578,0.0726412358621839
"8468085",2018,0.000244621822091595,-0.000767146650878605,27672,53.3391153512576,68.4301821335646,0.0130479115859784,-0.052495985042777
"8473465",2018,-0.000295625870170102,-0.000139195278865505,52157,55.5630116762851,64.1908085204287,-0.0164258636760733,-0.00893505749260333
"8475755",2018,-0.000565823513937695,0.000102252006546552,55571,57.9150996023106,54.67600007198,-0.0327697251670309,0.00559073071729939
"8476389",2018,-0.000921975785364326,-0.000396668176493544,77423,56.5413378453431,60.633145189414,-0.0521297443655099,-0.0240512391373532
"8477452",2018,0.000425793003489741,0.00112704698514929,30938,52.3627900963217,60.2753894886547,0.0222957096662157,0.0679331960018875
"8474149",2018,0.00160089458388798,-7.02772857542928e-05,67243,60.0151688651607,52.6805764168761,0.0960779587873583,-0.00370224792254966
"8475796",2018,0.000197576597802747,0.000160486060922027,78643,57.7699223071348,59.784087585672,0.0114139847047727,0.00959451272244192
"8476456",2018,0.000552664525976457,-0.000337101598164159,75028,58.2502532387909,56.0430772511596,0.0321928485942249,-0.0188922109074033
"8476875",2018,-0.000795532997578616,-0.0010410840856224,84512,58.9549413101098,60.7440363498675,-0.046900601182503,-0.0632396495403153
"8477493",2018,0.00195319438452816,-0.000684707907638244,77935,57.3708859947392,54.2298068903573,0.11205649236033,-0.0371315776075226
"8470543",2018,-0.000468619741803178,0.00091091041315067,62543,54.9701805158051,52.9555665701997,-0.0257601118001907,0.0482377770230884
"8471958",2018,-0.000532856574677993,0.000227188826243375,81765,57.1051183269125,59.262520638415,-0.0304288377482601,0.0134637825040653
"8475167",2018,6.58471283757882e-05,0.000953222980806582,111345,57.7448470968611,53.4770308500606,0.00380233235982727,0.0509755347515803
"8475254",2018,-0.000751382139575342,0.000488454445457288,14149,50.1236836525549,59.7922114637077,-0.0376620406662543,0.0292057714931702
"8476883",2018,-0.0014524301184962,0.00220472512085776,232607,58.9973646536863,54.7103053648428,-0.0856895493349172,0.120621184607668
"8476975",2018,-0.000976804092378044,0.000163162212112273,41362,55.0070112663798,54.049610753832,-0.0537310737144849,0.00881885405440256
"8471873",2018,0.00190421420544096,0.000868483251931489,101787,57.8973739279083,53.7593209348935,0.11024900189125,0.0466890698671648
"8474564",2018,0.000791042257147416,0.000395257069382879,81916,59.9443332193955,53.8795839640607,0.0474185006530674,0.0212962864572034
"8476453",2018,0.000253611254602278,-0.00115838074069432,90338,62.3259315016936,55.2724213509265,0.0158065576824001,-0.0640265083844548
"8476480",2018,0.000126784061138433,-0.00110023696310566,66901,60.5372117008714,57.3085604101583,0.00767515354943356,-0.0630529964656295
"8479410",2018,-8.44905068311113e-05,-0.00069765847441566,71494,66.2657006182337,52.9722773939072,-0.00559882263075325,-0.0369565582329564
"8471735",2018,-0.0011797527055305,0.000525617694462718,90971,55.6792824086797,60.1906101944576,-0.0656877840636366,0.0316372497587149
"8477932",2018,-0.000350619743279419,-0.00027232850080917,88948,57.1479965822728,62.0452399154562,-0.0200372158906096,-0.0168966871685215
"8475736",2018,-4.70093564129121e-05,0.001357086004473,27869,54.5121819943306,61.358498690301,-0.00256258259221702,0.0832687598280822
"8475760",2018,0.00105654655684109,-0.000417347232726239,63476,64.1439284138887,59.49335181801,0.0677710467079555,-0.024829385746855
"8477955",2018,-0.00147930988253552,0.00169321103206345,46186,57.757762092409,61.1873727969515,-0.0854416282564362,0.103603134642777
"8476292",2018,0.000497594829461821,0.000674863827772776,56997,60.6347702510658,57.413548081478,0.0301715481625358,0.0387463268242825
"8476826",2018,0.000904615718553117,1.96538420683418e-05,75186,60.1388556380177,54.249461335887,0.0544025541059476,0.00106621034538814
"8478010",2018,0.00166139789438906,0.00119333840833309,87438,58.5466273245042,55.4998970699238,0.0972692433605124,0.0662301588320732
"8473986",2018,-0.000434995569223432,-0.000293487964560166,72016,59.9366807376139,47.8893579204621,-0.0260721905548215,-0.0140549501801697
"8468001",2018,-0.000770707268424176,-0.000119737997152003,40461,49.4698598650552,54.630384815007,-0.0381267805659235,-0.00654133286139215
"8474098",2018,-0.000339568952099471,0.000581621071684609,49140,53.040293040293,59.4139194139194,-0.0180108367267412,0.0345563874825068
"8474230",2018,-0.00103203129126182,-0.000718774892394457,33867,49.3223491894765,57.7199043316503,-0.0509022077220818,-0.0414876180250003
"8471339",2018,-0.000993423813116539,0.000766451531424559,51916,57.7625394868634,54.6421141844518,-0.0573826822323345,0.0418805320969487
"8474870",2018,0.000636804231687354,-0.00109132508210686,75241,57.3198123363592,59.0422774816922,0.0365014990553185,-0.064434318320484
"8470601",2018,0.000251883534625652,-1.59385015053876e-05,70883,55.8667099304488,54.1399207144167,0.0140719043651875,-0.000862909207808299
"8477205",2018,-0.000362293466355353,-0.000110470955086018,31666,59.9128402703215,57.8664813996084,-0.0217060305807294,-0.00639256546768204
"8471228",2018,0.000992236652759037,-0.000149412458677707,78762,60.6079073664965,55.7172240420507,0.0601373871360623,-0.00832484743481945
"8471750",2018,0.000780939492634749,-0.000607618029885293,136916,57.4249905051272,55.7422069005814,0.0448454429496293,-0.0338699699383897
"8473994",2018,0.000757240510843413,0.000770114370271391,72953,58.0318835414582,55.0217263169438,0.0439440931381393,0.042373022113818
"8475794",2018,0.00216093099296395,-0.000971062617808811,76788,58.1340834505392,57.1495546179091,0.125623742675823,-0.0554957961138744
"8475906",2018,0.00131645873917448,-0.000214829908607408,90607,60.5118809804982,53.0025273985454,0.079661394540663,-0.0113865281169912
"8476902",2018,0.00117845904650893,0.000534683463158327,83851,61.3087500447222,55.512754767385,0.0722498511203575,0.0296817519684844
"8470594",2018,-0.00124300239410167,0.000820299394232459,191972,58.3397578813577,56.1456879128206,-0.0725164587178393,0.0460562737836515
"8474102",2018,-0.000593796949739078,-0.00124355958201436,71619,55.4433879277845,57.6550915259917,-0.0329221146347189,-0.0716975415190618
"8474520",2018,-0.000206087814363825,-0.000473776387126436,8010,54.8314606741573,59.7752808988764,-0.0113000958887131,-0.0283201166237375
"8475191",2018,0.00111543196687511,-0.000523496271423823,74068,59.053842415078,50.8883728465734,0.0658705435965833,-0.0266398734440065
"8475236",2018,-0.00177829635426094,0.000567459138337182,73029,53.3377151542538,58.0700817483465,-0.0948502644034181,0.0329523985520864
"8476525",2018,-0.00035047461251101,0.000500797353258403,92683,60.4382680750515,49.5624871875101,-0.0211820785844402,0.0248207624044086
"8470760",2018,-0.00125731239809175,8.99660010078973e-05,32965,53.7297133323222,58.0979827089337,-0.0675550347186441,0.00522684317094873
"8471691",2018,0.000212636622793707,-0.00100005271457868,23696,49.2234976367319,52.8696826468602,0.0104667182995687,-0.0528724696499061
"8475752",2018,-0.00130036743925282,0.000802712984538595,55160,54.7570703408267,56.1276287164612,-0.0712043113400871,0.0450543763620647
"8476467",2018,0.00115484317421383,-0.000204372388854288,66632,57.0536679073118,56.6754712450474,0.0658880389466216,-0.0115829014477929
"8476913",2018,-0.000477103511131698,0.00089435420640947,59869,51.2318562194124,53.937764118325,-0.0244428984840759,0.0482394662235458
"8469455",2018,-0.000521358409972897,0.000754568179881981,49746,59.9203956096973,54.2757206609577,-0.0312400021800187,0.0409547317509216
"8476439",2018,0.000884551810667151,0.000819913649454301,40033,60.0704418854445,46.671496015787,0.0531354181373458,0.0382665966237958
"8477406",2018,-0.00118129015053577,-0.00107297150026961,63692,55.3915719399611,56.635056208001,-0.0654335183553695,-0.0607678012273523
"8469465",2018,0.000155798561291877,0.00085521424445515,80232,53.4400239306013,53.9335925815136,0.00832587884379113,0.0461247766303511
"8474849",2018,3.45921283459706e-05,0.000322946979254244,47660,60.8812421317667,55.5937893411666,0.00210601174168419,0.0179538463330265
"8475730",2018,-0.000715580210145273,-0.000577655789178124,63369,55.3898593949723,54.9353784973725,-0.0396358872257714,-0.0317337394196987
"8476889",2018,-0.000287472928778461,0.000200904567555436,58757,54.3458651735112,54.3458651735112,-0.0156229650284286,0.0109183325411103
"8476966",2018,-0.000137448302692131,3.33341579889339e-05,25070,53.4184284004787,45.8077383326685,-0.00734227231612693,0.00152696238669692
"8474579",2018,0.00226529897895083,0.000327425950596506,39342,52.5240201311575,67.8969040719841,0.118982609173504,0.0222312083583292
"8475715",2018,-0.000518821825601955,0.00164648845852112,41293,57.1912915021917,57.2784733489938,-0.0296720902657007,0.094308345290828
"8476539",2018,0.00103467623237309,-0.000605071725003811,86591,61.3643450243097,53.2988416810061,0.0634922293117951,-0.0322496220766314
"8477220",2018,-0.00030004777719789,0.000635238679737671,103036,59.0822625101906,58.313599130401,-0.0177275015380049,0.0370430537223478
"8468674",2018,0.000626662395904748,-0.000527133257327756,102657,57.0560215085187,58.9146380665712,0.0357548631393211,-0.0310558650683175
"8471707",2018,-0.000225585715642298,-0.00107536192851234,76870,58.4935605567842,57.3695850136594,-0.0131953117186682,-0.0616930675782416
"8475188",2018,0.000247061260588336,-0.000246540411362168,98906,57.47275190585,55.7620366812933,0.01419929053534,-0.0137475954617983
"8475287",2018,0.000146333226673409,-0.000270029737882939,78329,59.7939460480793,58.8287862732832,0.00874984106075119,-0.0158855217373461
"8476448",2018,0.000884397135795701,-0.000192765532243986,90570,59.4236502153031,52.0304736667771,0.0525541060489396,-0.010029681949283
"8477931",2018,-0.000277248304595295,-0.000331522347734979,47237,57.9206977581133,58.3779664246248,-0.0160584152544134,-0.0193536004850854
"8477478",2018,0.0010940084022374,-0.000954175562755462,23286,62.7673280082453,58.9023447565061,0.0686679842270114,-0.0562031779556554
"8477930",2018,3.65922524649431e-05,0.000473525655127348,55466,56.9213572278513,52.572747268597,0.00208288067432875,0.0248945445922069
"8476894",2018,0.000718435393116605,0.000542023378786914,41272,58.0054274084125,60.534987400659,0.0416731520430595,0.0328113784057285
"8470140",2018,-0.000523539831816363,0.000925150550196839,94367,55.773734462259,52.4929265527144,-0.0291997715601416,0.048563859881686
"8468575",2018,-0.000364996834626777,6.5869489118012e-05,26969,55.6639104156624,56.3313433942675,-0.0203171511046652,0.0037105168107117
"8471715",2018,0.00143681765618496,-0.000538380204903189,44192,55.0687907313541,61.2599565532223,0.0791238108275641,-0.0329811479614843
"8480157",2018,0.000262915784793995,-0.000312562592659709,2718,67.5496688741722,47.682119205298,0.0177598742046275,-0.0149036468023173
"8477433",2018,-0.000693120892791324,-0.000557204397713083,31687,55.555906207593,65.7809196200335,-0.0385069593104379,-0.0366534176978934
"8474722",2018,0.000365590715427733,0.000378927761358278,12318,45.2995616171456,61.9581100828056,0.0165610991401749,0.0234776479516673
"8480029",2018,-7.32807988803895e-05,6.15797053425135e-05,294,48.9795918367347,97.9591836734694,-0.00358926361863132,0.00603229766620541
"8473503",2018,-0.000275035416038519,-0.000697955998609194,116772,53.858801767547,59.0689548864454,-0.0148130779514734,-0.0412275313945704
"8477009",2018,-0.000264478292659124,0.000215109994311305,43141,61.0834241209059,56.7441644839016,-0.0161552397212703,0.0122062368993318
"8473541",2018,-0.000808161989559754,0.00203601018167294,105137,54.6144554248267,58.2440054405205,-0.0441373269548504,0.118585388098314
"8478073",2018,-0.000371730888195147,-0.00017426343654703,32245,49.5704760427973,61.8514498371841,-0.0184268770876453,-0.0107784462040439
"8471239",2018,0.00101658830346434,0.000247838091974529,119801,53.3685027670888,57.2749810101752,0.0542537956864265,0.0141949220114392
"8475151",2018,-0.000474188757774441,-0.00110279666084953,53596,54.3398761101575,57.3624897380402,-0.0257673583502926,-0.0632591621411261
"8475186",2018,-0.000346745538195224,-0.00107524823309606,85019,57.5447841070819,60.1700796292593,-0.0199533971355381,-0.0646977718066103
"8475791",2018,0.0023175323200464,-0.000647248518376246,75078,57.6360584991609,55.1906017741549,0.13357342837189,-0.0357220352266151
"8476923",2018,-8.38212741805828e-05,-0.00261048586751523,79401,60.1201496202819,60.9815997279631,-0.00503934754509931,-0.159191604268319
"8478401",2018,0.000690102047576577,-0.000127449352129519,51748,55.4456210868053,59.3414238231429,0.0382631366411594,-0.00756302602070277
"8471226",2018,0.000174381365851096,-0.00100130256988515,41562,53.1831961888263,58.2070160242529,0.00927415839173433,-0.0582828347304304
"8472382",2018,0.00076078078958301,0.00160567763942423,89425,48.8722393066816,59.5403969807101,0.037181060808427,0.0956026840743682
"8475149",2018,0.000266058145392714,-0.000542878970208893,23743,51.8552836625532,55.7974982099987,0.013796520600072,-0.0302912883684767
"8480002",2018,0.00188341305584248,-0.0012526095777955,66652,60.0072015843486,61.0334273540179,0.113018346908533,-0.0764510556693289
"8474625",2018,-0.000966385716649933,0.00076709969843012,20622,45.5629909805063,59.0049461739889,-0.044031423691411,0.0452626764159524
"8474641",2018,-0.000688013969326166,-0.000616408910226174,68137,52.3063827289138,57.1671778916007,-0.0359875220024136,-0.0352383578248674
"8477463",2018,-0.00103130396863035,0.000607408574817688,35530,41.7450042217844,64.3399943709541,-0.0430517885244171,0.0390806642846393
"8479407",2018,7.43280073393704e-05,-0.00057623065676792,53038,52.264414193597,60.4773935668766,0.00388470976176957,-0.0348489282146533
"8471262",2018,-0.000911979585670814,0.000841763013976314,62983,51.6710858485623,61.3879935855707,-0.0471229754633329,0.0516741425025487
"8477355",2018,0.00164859622883299,-1.00813580821467e-05,68753,58.3829069276977,52.2566288016523,0.0962498401893099,-0.00052681778711528
"8476207",2018,0.000219542944122071,0.000624544589855441,41549,48.1744446316398,58.8317408361212,0.0105763594058759,0.0367430454509769
"8476399",2018,-0.000212704178349069,0.00106836351931613,59250,52.1924050632911,53.2860759493671,-0.0111015426350492,0.0569288996318125
"8476474",2018,0.000199838446162272,0.000360940304426195,55831,56.6137092296394,52.8093711378983,0.0113135956839338,0.0190610304950689
"8477509",2018,-0.000133136798148084,0.00116495210338733,25885,49.6503766660228,56.0479041916168,-0.00661029217616063,0.0652931238784752
"8477507",2018,0.000128302946024436,0.00162958071109144,82215,57.5807334428024,63.7110016420361,0.00738777773495931,0.103822219360177
"8476429",2018,0.00175880012755827,0.000443304274332876,44814,56.1520953273531,61.9360021421877,0.0987603124244127,0.027456494484722
"8477959",2018,-0.000721704835043561,-0.000762795495784008,14833,53.8798624688195,59.9474145486415,-0.0388853572552291,-0.0457276178016005
"8470852",2018,-0.000628749281216577,-0.000601564467297812,7275,46.020618556701,53.4432989690722,-0.028935430838668,-0.0321495896749676
"8473434",2018,0.000205290602227302,-0.00014053325911953,86435,51.3125470006363,55.4358766703303,0.0105339836755774,-0.00779058442062985
"8477424",2018,-0.000698719793062748,-0.00131109500179325,77173,61.8558304070076,56.5845567750379,-0.0432198930217088,-0.0741877295664387
"8471657",2018,0.000146055081997181,-0.000110150154582602,20679,43.0001450747135,69.1135935006528,0.00628038971477795,-0.007612873007856
"8474134",2018,0.00081820796751977,-0.000363391644080403,34100,50.3577712609971,59.2258064516129,0.0412031296722859,-0.0215221631784393
"8475868",2018,-0.000580785942414704,0.000771040172027096,23830,52.2702475870751,66.6219051615611,-0.0303578250051093,0.0513681652165429
"8476857",2018,-0.000146085234630445,0.00042092803015928,35794,51.9975414874001,59.4401296306644,-0.00759607304839316,0.0250200166778478
"8477573",2018,-0.000581980856386736,9.83229101730131e-05,5042,48.5521618405395,54.9781832606109,-0.0282564287273846,0.0054056149742085
"8471219",2018,0.000618879102290539,-0.000523103120075864,33400,58.4191616766467,54.4311377245509,0.036154398335009,-0.0284730979729916
"8473533",2018,0.000922054016450991,0.000142087721467091,70292,59.5117509816195,50.1394184259944,0.0548730490186335,0.00712419571983463
"8474152",2018,-0.000936623820714348,-0.000514685893038975,123945,62.0694662955343,51.3227641292509,-0.0581357406714238,-0.0264151026890922
"8475753",2018,-4.15446815722593e-05,-0.00152928237858022,82193,63.7280547005219,51.8146314163007,-0.00264756173975271,-0.0792392027775774
"8476958",2018,-7.39228769468683e-05,0.000305611415706322,92526,60.813176836781,49.0629660852085,-0.0044954849880535,0.0149942025240518
"8477496",2018,0.000140592407625586,0.000312901324772722,66270,60.3531009506564,53.0737890448167,0.0084851877703228,0.0166068589028311
"8478427",2018,0.000224319970966271,-0.000378382642774868,68208,61.0661505981703,50.2463054187192,0.0136983571292035,-0.0190123298340081
"8471774",2018,-0.000247973666095236,0.000426842408429648,71730,52.1957340025094,58.3688833124216,-0.012943167515134,0.0249143147304231
"8475784",2018,0.00138759913283054,5.0576217535629e-05,68376,66.1811161811162,53.8083538083538,0.0918328594226741,0.00272142300744539
"8478585",2018,0.000877242913066397,6.3072405591478e-05,62014,64.0887541522882,48.5309768761892,0.0562214053873494,0.00306096545728565
"8479511",2018,-0.000216118648001439,3.62839473690898e-05,2643,79.0011350737798,35.4143019296254,-0.0170736185027244,0.00128497066732759
"8477488",2018,0.000697687836552398,0.000512684475675311,69699,59.1916670253519,49.8428958808591,0.0412973061088477,0.0255536789408174
"8478396",2018,0.00101111165959369,6.02455409428728e-05,77350,64.5533290239173,50.6839043309632,0.0652706236416706,0.00305347923351569
"8476934",2018,0.000925698856358714,-0.0012213758681314,61041,62.0435445028751,52.2534034501401,0.0574336381907525,-0.0638210460017349
"8477845",2018,-3.95086534648751e-05,0.000907056402914817,72110,63.8025239217862,51.5212869227569,-0.00252075180781025,0.0467327131896981
"8477938",2018,-0.00164369408049221,-0.000937688307572168,61689,61.3334630160969,57.7153139133395,-0.100813450095646,-0.0541189750243957
"8468508",2018,-0.000428325784473838,-0.000990893298282421,69473,65.498826882386,52.1814229988629,-0.0280548364065141,-0.0517062223444134
"8476437",2018,-0.000723296698543435,0.000324654125312897,55412,60.1602540965856,57.1067638778604,-0.0435137131715945,0.0185399464762169
"8475323",2018,-0.00108644044324507,0.000109697398609717,26729,59.2614762991507,49.8335141606495,-0.0643840645778067,0.00546660686700376
"8475807",2018,-0.00193087206189144,0.000396998595629218,39850,56.1003764115433,52.0351317440402,-0.108322649474643,0.0206578742257653
"8476882",2018,-0.000193192998275811,0.000215697568302832,67883,59.6614763637435,45.8730462707894,-0.011526179500273,0.00989470453125256
"8477467",2018,0.00153288100165421,-0.000101950512327832,28900,50.076124567474,57.5501730103806,0.0767607399859508,-0.00586726962296369
"8471490",2018,-0.000332674425728917,2.17496050520815e-05,1996,48.6973947895792,55.9118236472946,-0.0162003778461176,0.00121606008207029
"8476914",2018,0.00049957766589878,-0.00080466824838552,51296,59.8643169058016,55.3727386150967,0.0299068757104252,-0.0445566845897191
"8474739",2018,-0.000394572102405885,0.00190612409168824,45218,55.0931045159007,59.0738201601132,-0.0217382020769061,0.11260203179525
"8476393",2018,8.6422160369555e-05,9.78905846964783e-05,50714,57.2149702251844,58.1377923255906,0.0049446413323402,0.00569114248371449
"8477293",2018,-0.000299876647319255,0.000977761781895897,127462,55.4141626523984,59.678963141956,-0.0166174133102051,0.0583518093433785
"8477464",2018,-1.5996739729661e-05,0.000375958060835155,6840,44.7368421052632,49.4736842105263,-0.000715643619484836,0.0186000303781603
"8477508",2018,0.000229928360230976,0.000659220548011552,35320,60.5436013590034,56.5685164212911,0.0139206909829535,0.037291128395444
"8474040",2018,-0.00120697818907564,0.000239726321431893,55504,54.6122801960219,62.0063418852695,-0.0659158310522861,0.014864552245604
"8474584",2018,0.000759175944558771,-0.00102536518947777,83280,52.0028818443804,61.1239193083574,0.0394793369439857,-0.0626743391032375
"8474593",2018,9.35928166228215e-05,-3.19980284729245e-05,165349,52.2966573731925,56.5639949440275,0.00489459146351573,-0.00180993632076135
"8475788",2018,-0.000441337086113643,0.000467088958299877,14662,51.3163279225208,55.2448506342927,-0.0226477986353775,0.0258042597342041
"8475790",2018,-0.000688231866234947,0.00130874659182941,48882,46.9866208420277,60.9795016570517,-0.0323376897501826,0.0798067149651225
"8477937",2018,0.000837124456928243,-0.000604011654194463,49358,56.5987276631954,58.2762672717695,0.047380179157882,-0.0351995445951002
"8476336",2018,-0.00082623455143237,-0.000137188601537777,20699,49.741533407411,56.5244697811488,-0.0410981735424305,-0.00775451296194015
"8473432",2018,0.000396055075658254,-0.000490869459703391,14689,41.1736673701409,51.9572469194635,0.016307039945409,-0.0255042257230327
"8474091",2018,-0.00141508230789265,0.00107903348066149,49740,44.583835946924,58.1905910735826,-0.0630897974664805,0.0627895960278771
"8476440",2018,-0.00141329134047865,0.000912663123066596,39391,48.1632860298038,56.114340839278,-0.068068755074918,0.0512134895591989
"8477018",2018,-5.80304665476186e-06,0.00014636345828097,55759,52.8129987984003,54.3625244355171,-0.000306476296004999,0.00795668707726602
"8479442",2018,-0.00110204472363611,0.000230374492977657,66513,55.3155022326462,59.4289838076767,-0.0609601573707691,0.0136909220128709
"8467875",2018,0.000586912188885122,-0.000363690767301886,59370,55.7251136937847,50.6922688226377,0.0327057484538915,-0.0184363101443786
"8467876",2018,0.00041075041135619,-0.00104149460611355,61231,54.207835900116,51.0917672420833,0.0222658908947015,-0.0532117999994387
"8470598",2018,0.000558991435398095,-0.000294043442091654,61173,53.6707370898926,59.0848903928204,0.0300014823647528,-0.017373524546713
"8471303",2018,-0.000652467669617203,-7.1423626947577e-05,77914,50.501835356932,58.7724927484149,-0.0329508148267291,-0.00419774459684196
"8470626",2018,-0.000526967366033514,0.000138108796574692,36944,54.7639670853183,56.6154179298398,-0.0288588234884963,0.00781908723786343
"8475690",2018,0.000121019335824944,7.10546216255751e-05,40153,47.9665280302842,52.2700669937489,0.00580487736405354,0.00371402983258429
"8476466",2018,-0.000440134428246514,0.000252537996905604,40624,51.4868058290666,60.348562426152,-0.0226611158458155,0.0152403050712333
"8477500",2018,0.00183629028472583,-0.000205613073535602,56572,53.6449126776497,56.3812486742558,0.0985076319749335,-0.0115927218296888
"8476316",2018,-0.000983522857717049,0.000327361305431824,35687,65.1665872726763,53.4648471432174,-0.0640928281420901,0.0175023221555166
"8479613",2018,-1.9409419408463e-05,2.41060146638694e-05,369,39.0243902439024,68.2926829268293,-0.000757440757403436,0.00164626441606913
"8475343",2018,-0.000200598322219349,-0.00042368886374156,30676,51.9885252314513,59.2645716521059,-0.0104288109360874,-0.025109739023411
"8477180",2018,-0.000151892057191088,7.88197225197572e-05,76882,60.5447308862933,57.1733305585182,-0.00919626372639991,0.00450638605015276
"8471338",2018,0.000202513924359033,0.000629887442659482,36257,51.3335355931268,53.5179413630471,0.0103957557441882,0.0337102792215698
"8475869",2018,-9.43039746047425e-05,0.000934189429294625,45192,57.3552841210834,55.4434413170473,-0.00540883125720244,0.0517946768021024
"8474000",2018,-0.00023483144243377,0.00119192527599823,20014,51.9836114719696,69.431398021385,-0.0122073864648793,0.0827570382495822
"8474207",2018,0.00167091651472612,0.00161120728019487,71350,53.6846531184303,59.5879467414156,0.0897025734829285,0.096008533601633
"8478512",2018,-2.66434741986673e-06,-0.000124862360679855,5767,60.5514132131091,43.6968961331715,-0.000161330001563632,-0.00545609760557024
"8476792",2018,-0.000376907954528414,0.000982499044475299,84793,60.9248404939087,50.6928637977192,-0.022963057010529,0.0498056902429755
"8477964",2018,-0.000738198005628399,0.00029842030209655,36446,55.4134884486638,53.7342918290073,-0.0409061266577159,0.0160354036005565
"8475263",2018,2.92225529710061e-05,7.44381677940393e-05,396,9.09090909090909,81.8181818181818,0.000265659572463692,0.00609039554678503
"8477425",2018,-0.000766926874437629,8.79942282764332e-05,54120,59.0022172949002,59.6008869179601,-0.0452503860948677,0.00524453404893686
"8473933",2018,-0.00100631191299087,0.00106864472185345,49713,55.253153098787,50.6909661456762,-0.0556019061936181,0.054170633417229
"8476341",2018,-0.000494684101798152,-0.000636315273413756,83779,63.7677699662207,56.2909559674859,-0.0315449020094111,-0.0358187950371725
"8475831",2018,0.000533192478600866,-0.000450510943779917,96169,54.5789183624661,57.4239099917853,0.0291010687610376,-0.0258700998859322
"8476886",2018,-1.49433337660508e-05,0.000389576175393778,21581,57.2169964320467,61.2205180482832,-0.00085501267477501,0.0238500552768759
"8477359",2018,-0.000271304282123428,0.000872732108375298,18643,62.9512417529368,53.4892452931395,-0.0170789414525588,0.0466817818200851
"8477415",2018,0.000134487601944456,-0.000461245047623624,33645,64.3067320552831,60.6687472135533,0.00864845818299972,-0.027983159197781
"8477034",2018,-0.000381420382593544,0.00101454608742386,11129,55.3149429418636,69.2245484769521,-0.0210982467000257,0.0702314948109753
"8470612",2018,0.0017068052142045,-0.00156416321513213,60401,56.6811807751527,51.7938444727736,0.0967437348942983,-0.0810140262945872
"8475622",2018,-0.000546591576911999,-0.000625949205588344,80324,59.6085852298192,54.1407300433245,-0.0325815505982602,-0.033889346960592
"8476403",2018,-0.000955481080424846,0.000131802990048689,29572,56.1206546733396,57.4597592317057,-0.0536222237614322,0.00757336807421656
"8476981",2018,-0.000554759965360827,-9.62773187569734e-05,61093,65.1727693843812,55.8034472034439,-0.0361552432861485,-0.00537260627414391
"8471742",2018,-0.00103568737209556,-0.000543330544777375,19500,69.7846153846154,49.1076923076923,-0.0722750449203917,-0.0266817092142982
"8471296",2018,-0.000575631375244516,0.000537537032844211,73285,51.6776966637102,59.2426826772191,-0.0297473036000004,0.0318451358640435
"8479398",2018,-0.000612912175449393,-0.0001325922675533,68484,53.2503942526722,57.6660241808306,-0.0326378149849432,-0.00764606890691977
"8477461",2018,9.91987340287588e-05,-0.00103350981705795,42058,55.8942412858434,52.7271862665842,0.00554463797505364,-0.0544940646323581
"8477945",2018,0.000111930243773881,0.000350418938207008,28266,59.6051793674379,54.2559966036935,0.00667162225678321,0.0190123287212293
"8475852",2018,-0.00102221317806338,-0.000406924817459519,105923,54.5490592222652,56.7921981061715,-0.0557607671879591,-0.0231101548474786
"8478868",2018,-6.03725705213982e-05,0.000135756312077505,899,40.0444938820912,44.0489432703003,-0.00241758903089025,0.00597992208928721
"8478469",2018,0.000543466611917165,0.000370342871266209,55317,59.3524594609252,62.3461142144368,0.0322560800521799,0.0230894389504655
"8474131",2018,-0.000262671524413021,0.000564650356060697,10808,46.2990377498149,56.2916358253146,-0.0121614388245999,0.031785092212003
"8477043",2018,0.000367616158596939,-0.000341271350417855,62818,59.1422840587093,58.9703588143526,0.0217416592763117,-0.0201248939871996
"8471887",2018,0.00188375079712613,0.000224535153077314,67174,60.8806978890642,53.2706106529312,0.11468406317812,0.0119611247174779
"8477244",2018,-0.00131625120540346,0.000375112596714199,46934,60.3656198065368,54.1526398772745,-0.0794563198352811,0.0203133373632933
"8478046",2018,-0.000322942891899195,0.0018017990831533,63579,57.9247864861039,48.9218138064455,-0.0187063980604658,0.0881472792626498
"8471418",2018,0.000553981681702653,-0.000955980850944809,86432,59.6029248426509,51.7308404294706,0.0330189285387286,-0.0494536928538554
"8470622",2018,-0.000118919111270696,0.000271389109214618,1484,36.3881401617251,84.9056603773585,-0.00432724528882587,0.0230424715370902
"8448208",2018,0.000986147017949509,5.04870172112872e-05,14484,62.8831814415907,57.9121789560895,0.0620120618578026,0.00292381317569923
"8476404",2018,-0.000285549456479609,-3.35974878420442e-05,24466,50.7643260034333,60.770048230197,-0.0144957256988341,-0.00204172095657448
"8478444",2018,0.000506972563715666,-0.00040681440648414,52923,54.0105436199762,58.6361317385636,0.0273818637666962,-0.0238540231317496
"8476431",2018,-0.000382492746855792,-0.000570025491662047,4437,60.0405679513185,72.210953346856,-0.0229650817584816,-0.0411620841849267
"8468509",2018,0.000189935946637553,0.000947177592355626,72767,52.1939890334905,53.7771242458807,0.00991351471586606,0.0509364870670226
"8477846",2018,-1.39347564233482e-05,0.000881704056328295,45468,57.9572446555819,55.8194774346793,-0.000807620087243933,0.0492162596762825
"8477046",2018,0.00088886045486824,0.000926941288089864,61243,66.3063533791617,58.7822281730157,0.0589370954252559,0.0544876742994875
"8475841",2018,0.00128541396744754,-6.2541822344027e-05,22257,61.9490497371613,51.112009704812,0.0796301738022498,-0.00319663823060453
"8470324",2018,-2.69466893493466e-05,0.00163884299719794,25961,45.8996186587574,56.8545125380378,-0.00123684276525101,0.0931756197320655
"8474774",2018,0.000328379485806325,-6.58124523290629e-05,3073,64.4321509925155,58.5746827204686,0.0211581966123177,-0.00385494351423082
"8476880",2018,0.000998600192390115,5.71023072780455e-05,84088,59.3378365521834,58.2247169631814,0.0592547749970236,0.00332476567920881
"8476866",2018,-7.84661538160569e-05,-9.82145137541269e-05,405,44.4444444444444,80,-0.00348738461404697,-0.00785716110033016
"8473499",2018,-0.000427432395765335,3.3759227171773e-05,8046,55.4809843400447,58.165548098434,-0.0237143700558844,0.00196362395182572
"8475663",2018,0.000170370571110091,0.000250793858665071,16221,57.9249121509155,51.7107453301276,0.00986870036465332,0.0129687373557895
"8478104",2018,9.48102576392244e-06,0.000336324457692746,5974,42.7854034147975,58.4532976230331,0.00040564951209551,0.0196592736234193
"8476234",2018,-0.00125268605126107,0.000613373306843571,117299,54.1999505537132,57.9749187972617,-0.0678955220376762,0.0355602676566639
"8475855",2018,-0.000329688166248656,-0.00107333879138847,53191,51.5049538455754,61.1832828862026,-0.0169805737860694,-0.0656703909062556
"8477474",2018,-0.000868010210307938,-0.00132187087538048,39593,50.6453160912282,61.2835602252923,-0.043960651471459,-0.0810089534014393
"8476449",2018,-0.00145499015887144,0.000270728776006125,23381,49.7326889354604,63.898036867542,-0.0723605729753095,0.0172990373103439
"8479316",2018,-0.00147267102304635,6.92872351772921e-05,13103,51.9270396092498,55.498740746394,-0.0764714465451224,0.00384535430213896
"8475157",2018,0.000100455291099101,0.000144030785262793,444,40.5405405405405,72.972972972973,0.00407251180131491,0.0105103546002578
"8476619",2018,0.00026710625511934,0.000345200378437808,12900,36.5581395348837,70.8837209302326,0.00976490774529308,0.0244690872901963
"8477006",2018,-1.33159317009545e-05,-8.71073268663291e-06,234,30.7692307692308,92.3076923076923,-0.000409720975413984,-0.000804067632612269
"8479483",2018,0.000116069033950961,-0.000214800651906429,24870,64.4149577804584,58.6248492159228,0.00747658192156975,-0.0125926558294963
"8477237",2018,-0.00163175927076251,0.000304977397415259,80841,54.7741863658292,62.0774112146064,-0.0893782864009155,0.0189322073105075
"8475878",2018,-0.000953726314000359,0.000495349442741624,7979,53.6909387141246,57.3004135856624,-0.0512064610750412,0.0283837279385224
"8476884",2018,0.000921648103477267,-0.00267418142276908,64898,56.8029831427779,56.1373231840735,0.0523523616853924,-0.150121386782833
"8474166",2018,4.7420685637942e-06,-0.000276875368334048,87236,51.7080104543996,61.4883763583842,0.00024520293087215,-0.0170246168524902
"8475750",2018,-0.000531160638399752,0.00170286400407558,37739,58.6661013805347,55.8043403375818,-0.0311611238617094,0.0950272024320508
"8476876",2018,6.89819959703846e-05,-3.67897550057143e-05,59665,56.7770049442722,55.6909410877399,0.00391659112627629,-0.00204885607865562
"8476779",2018,-0.000728304387852226,-0.000747425702857519,37966,54.7121108360112,49.9710267081073,-0.0398470703905243,-0.0373496297598189
"8477949",2018,-5.06798375150882e-05,0.00115137658966566,75363,57.274790016321,55.7939572469249,-0.00290267705173794,0.0642398562189161
"8479650",2018,3.75281666077541e-06,-7.1622284212834e-05,1631,59.5953402820356,68.4242795830779,0.000223650385915003,-0.00490070319935762
"8477473",2018,-0.000158982117198192,0.000778455605337262,7276,46.5090709180869,58.8785046728972,-0.0073941105634783,0.045834301996493
"8475311",2018,0.000160484518027363,-0.000797689244890224,78121,58.2020199434211,56.4048079261658,0.0093405231188389,-0.0449935086428013
"8469514",2018,-0.000196466049432327,0.000233225600868293,19690,60.3351955307263,50.4621635347892,-0.0118538175076488,0.0117690684115153
"8480015",2018,-7.95295653736507e-05,-0.000514276546274719,3671,55.8975755924816,70.6074639062926,-0.00444550989231085,-0.036311762678945
"8475195",2018,-0.000665792634428155,-0.00122379800970876,71108,53.4117117623896,59.63885920009,-0.0355611242835986,-0.0729859171903709
"8474578",2018,-0.000846883020586871,-0.000186361149375197,90696,57.9518391108759,56.0862662079915,-0.0490784285547829,-0.0104523010346846
"8477919",2018,-0.000782509617597182,-0.000508125022502068,10101,54.8856548856549,61.3008613008613,-0.0429485528161447,-0.0311485015278963
"8478398",2018,0.00101830160616254,-0.000427690840431554,80762,57.1902627473317,57.3685644238627,0.0582369364124657,-0.0245360095327936
"8478906",2018,0.00229033162410072,-9.24156604084524e-05,60118,60.6607006221099,55.271299777105,0.138933120974924,-0.00510793367053471
"8478499",2018,0.000274196407232167,-0.000442628632453597,12316,50.8606690483923,58.7528418317636,0.0139458127224935,-0.026005690032756
"8474736",2018,-0.00131029281571518,-0.000265034716568732,32724,47.7447744774477,63.4763476347635,-0.0625596349857411,-0.0168234358041978
"8470320",2018,0.000703022853048947,0.000203153102672844,124075,61.5692121700584,51.9653435422124,0.0432845631997704,0.0105569207720607
"8474089",2018,-4.24680676680611e-05,0.000463155626463308,2954,58.4969532836831,38.9979688557888,-0.00248425257042686,0.0180621286961994
"8476953",2018,-4.20892031914101e-05,-2.47277730835644e-05,376,57.4468085106383,57.4468085106383,-0.00241789039610228,-0.00142053164522604
"8480039",2018,-4.18326635086917e-05,-6.81723238765853e-05,383,65.7963446475196,84.5953002610966,-0.00275243634574159,-0.00576705820783646
"8477591",2018,-0.000756050683565435,-2.88597032764143e-05,20121,57.0746980766364,56.5379454301476,-0.0431513644951317,-0.00163166832897216
"8476476",2018,-0.000209750127566297,-0.000211999903518573,54908,66.1542944561812,62.2860056822321,-0.0138758717012424,-0.0132046271951905
"8470147",2018,-0.000564445389231418,0.00082060819169546,51438,59.0691706520471,53.120261285431,-0.0333413210202718,0.0435909215558279
"8470257",2018,-0.000523513598022449,-5.58960288791558e-05,66240,57.3913043478261,50.3804347826087,-0.0300451282343319,-0.00281606623755312
"8477428",2018,-0.000109548542453663,-0.000282759517328592,914,35.4485776805252,82.7133479212254,-0.003883340016957,-0.0233879863348376
"8470638",2018,-3.97658507460135e-05,-0.000256702746236569,66690,61.7004048582996,43.9406207827261,-0.00245356909056375,-0.0112796780262655
"8470655",2018,-0.000989659811806021,0.000757335916735597,51716,60.7007502513729,52.2082140923505,-0.060073093070258,0.0395391556807586
"8475844",2018,0.000504446859116044,-0.000326636609163781,2744,44.6064139941691,59.0379008746356,0.0225015654357885,-0.0192839397538384
"8477506",2018,0.000181579660033964,-0.000659868813148596,63142,60.8913243166197,63.0008552152292,0.0110566259684296,-0.0415722995582198
"8474627",2018,-0.00172372407440069,0.000138529595684738,36156,50.6803849983405,54.0657152339861,-0.0873589997215351,0.00748970167177027
"8477851",2018,0.000162963277475585,-9.7660687746331e-05,59457,62.42494575912,57.338917200666,0.0101729737571418,-0.00559975808844697
"8473415",2018,9.39233782849775e-05,-0.000334440162881628,35924,59.2250306201982,57.9222803696693,0.00556261495488025,-0.0193715368813075
"8477346",2018,0.000622048729116837,-0.000103071018001186,48846,57.8553003316546,53.6543422184007,0.0359888160439787,-0.00553020767263457
"8475279",2018,-0.00172079717878764,1.99211061413602e-05,59768,58.4861464328738,56.8598581180565,-0.10064279577985,0.00113271126875249
"8477962",2018,-0.000186177149623841,3.63617942776289e-05,3983,39.7690183278935,45.1920662816972,-0.00740408247562553,0.00164326461711604
"8476177",2018,-0.000410405193229403,3.12830353914609e-05,13669,52.1471943814471,51.3570853756676,-0.021401479386489,0.00160660551940929
"8474074",2018,0.000438661023886068,-0.000888647785630458,7650,62.5882352941176,61.1764705882353,0.0274550193773398,-0.0543643351209221
"8476303",2018,-0.000264010952585651,-0.000649402349712868,24633,52.6123492875411,66.6423090975521,-0.0138902364531727,-0.0432776721182416
"8476166",2018,-0.000592476180115323,7.82122421201642e-05,5346,57.9124579124579,51.1784511784512,-0.0343117518450625,0.00400278141490402
"8474018",2018,0.000331553627076749,0.000674354269122369,14553,53.6796536796537,60.8534322820037,0.0177976838777129,0.0410367718501182
"8476432",2018,0.000238027509628249,-0.00028852526295682,67522,56.3549657889281,62.9661443677616,0.0134140321619237,-0.0181673233610855
"8469639",2018,-0.000271968904936114,-0.000948931682303013,6796,43.4373160682755,58.2695703354915,-0.0118135992844528,-0.0552938414055317
"8471811",2018,3.29230774989245e-06,1.24552656423414e-05,495,36.3636363636364,80,0.000119720281814271,0.000996421251387315
"8476967",2018,-0.000288432740834927,0.000193004066152969,52345,63.4788422963034,58.1144330881651,-0.0183093764685509,0.0112163218881905
"8476861",2018,0.000543225068735461,-0.000319095735802428,7787,58.7132400154103,56.4016951329138,0.0318945038430529,-0.0179975404089414
"8471392",2018,0.000545790170499652,8.31789969932013e-05,54756,57.3307034845496,62.1959237343853,0.0312905344296973,0.00517339455329181
"8476624",2018,0.000395986502779443,0.000354326575010624,28665,58.2731554160126,57.7708006279435,0.0230753830191098,0.0204697299221208
"8476854",2018,0.000667014770862127,-0.000242713215208282,77945,57.8715761113606,51.3131053948297,0.0386011960793493,-0.0124543687927005
"8479290",2018,-2.50331795454811e-05,-8.71482538645311e-05,5223,49.626651349799,48.248133256749,-0.00124231287348051,-0.00420474056554888
"8476806",2018,-0.00124144352765103,0.000845565334028762,25037,56.5083676159284,55.2142828613652,-0.0701519472349196,0.0466872835308288
"8478843",2018,0.000335374798500275,-3.7857504312677e-05,36577,63.7777838532411,61.2187986986358,0.0213894614085748,-0.00231759093575051
"8477446",2018,-0.000865468622454452,-0.000364463624651124,9090,43.960396039604,56.2376237623762,-0.0380463434029482,-0.0204965681982018
"8477957",2018,0.000461338761257033,0.000166926368620997,17750,53.7464788732394,60.6422535211268,0.0247953339853076,0.0101227911652756
"8476873",2018,2.47051975932363e-05,0.000490773173080469,47251,63.236756894034,60.1892023449239,0.00156227657422256,0.0295392458200007
"8480082",2018,5.46862788092976e-05,0.000171936027433468,513,63.1578947368421,42.1052631578947,0.00345387024058722,0.00723941168140917
"8475268",2018,0.000769477947119619,0.00051657024595002,33943,43.9089061072975,64.4845770851133,0.0337869349317114,0.03331081384484
"8478421",2018,0.000135915599395777,9.83910338663683e-05,7142,41.8370204424531,64.0156818818258,0.00568630371036937,0.00629856912401339
"8474743",2018,-0.000170385168876828,6.92416256854825e-05,2515,48.6679920477137,52.9622266401591,-0.0082923040439458,0.00366719067248758
"8475613",2018,0.000374186093907456,0.0017953742788115,43342,47.0121360343316,64.9531632135111,0.0175912875489325,0.116615238560983
"8475761",2018,-0.000629295016449059,-5.65493254019052e-05,3540,64.0677966101695,56.9491525423729,-0.0403175451216516,-0.00322043615848138
"8476922",2018,0.00255807838421357,-0.00149700422252434,15671,51.4581073320145,62.9442920043392,0.131633872058568,-0.0942278709143011
"8475902",2018,0.000195482242686246,-1.66419822888856e-05,1995,59.5488721804511,52.3308270676692,0.0116407470832712,-0.000870888697222886
"8468611",2018,-0.00126153790379897,-8.49383643063942e-05,29447,52.9357829320474,53.6693041736,-0.0667804966360524,-0.00455858290996792
"8478020",2018,-0.000441065270402648,0.0010615287508491,19234,49.4124987002184,55.0275553706977,-0.0217941371004823,0.0584133321149365
"8476323",2018,1.53849045868632e-06,0.000520512174720192,14159,49.3255173387951,57.7159403912706,7.58868377955027e-05,0.0300418496490812
"8478488",2018,-0.000567946812047135,0.000514638538000131,11146,53.9386326933429,55.5535618158981,-0.0306342744843655,0.0285900038336337
"8476960",2018,0.000563245201703565,-0.00129598610417867,53520,56.0986547085202,58.3183856502242,0.0315972980865991,-0.0755798174208234
"8474688",2018,8.43271560325561e-06,0.00126696893485011,73065,53.1143502360911,53.8534181892835,0.000447898209992669,0.0682306078813142
"8476905",2018,-0.000482181824062994,0.000950369495964616,59147,47.9618577442643,58.004632525741,-0.0231263360525792,0.0551258333771012
"8478268",2018,-8.43767909889692e-05,-1.41491748038823e-05,1711,35.7685563997662,48.3927527761543,-0.00301803600732023,-0.000684717518270866
"8476410",2018,-9.19424341226362e-05,0.000256115426811959,8129,50.4859146266453,55.8002214294501,-0.00464179787968138,0.0142912975276054
"8477953",2018,-5.55252985194298e-05,-0.00029727162890984,25774,56.8479863428261,56.0099324901063,-0.00315650141191389,-0.0166501638664641
"8475222",2018,2.73788465328441e-05,-0.000687042723858899,77933,51.8753288080787,58.3886158623433,0.00142028666627722,-0.0401154736844153
"8476322",2018,-0.000192647136305166,0.000364613992460955,3833,55.4135142186277,52.5958779024263,-0.0106752548268242,0.0191771930289926
"8478842",2018,-0.000365601240350849,-0.000137700318590511,5565,47.8706199460916,66.6307277628032,-0.0175015580286552,-0.00917507244085562
"8476428",2018,-6.06101915808163e-05,0.000227671531337294,3334,49.6700659868026,85.3029394121176,-0.00301051221529189,0.0194210508435292
"8474061",2018,-0.000121526473807905,-7.2145580172344e-07,547,26.3254113345521,32.9067641681901,-0.00319923441103077,-2.37407759250858e-05
"8468011",2018,0.000278633874332749,-0.000287325665509784,65816,56.8311656740002,55.080831408776,0.015835087874593,-0.0158261365413588
"8479193",2018,0.000292716087811793,-0.000486803811125436,33967,59.6696793947066,55.3242853357671,0.0174662751134025,-0.0269320729492425
"8476509",2018,0.00110152210872069,-0.000610773842282143,42576,57.7508455467869,54.0304396843292,0.0636138331670999,-0.0330003792461913
"8475729",2018,-0.000648090639737045,-0.000297042378058784,10088,55.6701030927835,58.8818398096749,-0.0360792727276293,-0.0174904017215422
"8475809",2018,-0.000535049311971263,-0.000212541212113093,54645,53.6261323085369,63.1128191051331,-0.0286926251953626,-0.0134140750724794
"8477353",2018,-0.000289766731154655,-8.86708722038504e-05,27534,51.6452386140771,61.8435388973633,-0.0149650719729033,-0.00548372053420195
"8477126",2018,-4.22922138607406e-05,-5.92575760453864e-05,250,43.2,43.2,-0.00182702363878399,-0.00255992728516069
"8477447",2018,-0.000625598003278285,-0.000902231104200977,83428,61.0586373879273,55.837368749101,-0.0381981616327801,-0.0503782108621786
"8476302",2018,-3.8950976166174e-05,0.000165083943080739,3424,50.4672897196262,52.5700934579439,-0.00196575019904056,0.00867847831616035
"8476326",2018,-0.000699523263445506,0.000259289552285202,26474,52.6252171942283,58.7444284958828,-0.0368125636712351,0.0152318165639475
"8470619",2018,-0.00113600417195098,0.000849053822299235,46614,54.2154717466855,55.6828420646158,-0.0615890020885254,0.0472777298914466
"8475224",2018,0.000116046419706985,-7.38891173051695e-05,7232,46.7920353982301,56.25,0.00543004817876711,-0.00415626284841579
"8473440",2018,-8.83394314659151e-06,-0.000327270743403324,559,32.2003577817531,70.8407871198569,-0.000284456129943913,-0.0231841170639922
"8477450",2018,-0.000256703176772129,-0.000215612175385463,13523,44.7238038896694,46.0548694816239,-0.0114807425358118,-0.00992999059602651
"8477465",2018,-0.000384323067162145,0.000657869448736846,66842,58.7594626133269,54.1276442955028,-0.0225826168963532,0.0356089235141065
"8473992",2018,0.000662613410818492,0.000270906635922457,39401,44.4049643410066,60.2116697545748,0.0294233248792679,0.0163117408964858
"8477541",2018,-9.89259673561019e-05,6.037844852656e-05,5703,52.3934771173067,57.4434508153603,-0.00518307540697935,0.00346834643824321
"8477070",2018,-0.000100493888025557,-5.95708253070552e-05,1182,30.4568527918782,51.7766497461929,-0.00306072755407787,-0.00308437775701504
"8477981",2018,0.000176725686081589,0.000217587315442905,7810,67.2983354673496,58.5403329065301,0.0118933445076163,0.0127376338822659
"8479292",2018,0.00103812689631378,-0.000836759692466028,40864,61.4917776037588,59.1131558339859,0.0638362682326075,-0.0494635060963424
"8477491",2018,-0.000301508013062092,-0.000236110159175513,17139,48.7309644670051,57.9730439348854,-0.0146927762710461,-0.0136880246313548
"8476867",2018,-0.00046051301894358,8.84930395763734e-05,24575,49.0742624618515,57.4242115971516,-0.0225993367587368,0.00508164302950877
"8475278",2018,-0.000559397945067085,0.00142641642750883,28544,52.7186098654708,61.4209641255605,-0.0294906820255378,0.0876118722221301
"8478397",2018,-0.000139349390669704,-1.40092818922638e-05,7746,63.6715724244771,53.9116963594113,-0.0088725948203328,-0.000755264151589127
"8476971",2018,0.000832588042178926,0.000132138980994334,17970,49.0818030050084,62.1035058430718,0.0408649222705516,0.00820629397827915
"8478211",2018,-0.000834754743615236,0.000718842378722811,6633,54.2740841248304,56.9877883310719,-0.0453055491785745,0.0409652373220598
"8476409",2018,-5.38035182456572e-06,0.000395041813220246,13973,45.3445931439204,70.5932870536034,-0.000243969864456082,0.0278873001188328
"8479344",2018,0.000642375158633009,-0.000102220281261406,48166,63.1565834821243,60.8395963957979,0.0405702203330485,-0.00621904065540885
"8477426",2018,-0.000612599959223173,0.000260207711901295,5075,52.4926108374384,40.4334975369458,-0.0321569712585327,0.0105211078782553
"8475147",2018,-0.000280355851117064,-0.000237163773046821,9067,54.7921032314988,62.3359435314878,-0.0153612867359609,-0.0147838275643613
"8477583",2018,-2.55797490549857e-05,3.64295590849943e-05,205,70.2439024390244,70.2439024390244,-0.00179682139703314,0.00255895439426302
"8480263",2018,-8.18317478565491e-05,-1.79334658441824e-05,328,32.9268292682927,65.8536585365854,-0.00269445999039857,-0.0011809843360803
"8476903",2018,8.72726145485116e-05,-0.000127882348810652,28760,68.970792767733,49.0681502086231,0.00601926141232363,-0.00627495030047262
"8477417",2018,-0.000253700075534678,-5.58129642622073e-05,4436,56.8079350766456,66.546438232642,-0.0144121774199141,-0.00371415397885563
"8471233",2018,-0.00121076636508431,0.00134288176844803,55803,48.5780334390624,53.6100209666147,-0.0588166489699579,0.0719919197621834
"8478373",2018,-0.000687523072036039,-0.000722352081620777,8789,41.3698941859142,63.8980543861645,-0.0284427567405056,-0.0461568925973635
"8476858",2018,-0.000430538282179703,-0.000674566598103617,29866,65.6934306569343,54.0012053840488,-0.0282835367855279,-0.0364274094094125
"8475235",2018,0.000393772971699113,0.000913607590156967,35362,53.0399864261071,60.573496974153,0.0208857130738888,0.0553404065979363
"8477810",2018,0.000258923076909916,-0.000217389282533044,3195,61.9718309859155,59.7183098591549,0.0160459371606145,-0.0129821205343677
"8477973",2018,-0.000127023329602825,-0.000350422966031824,1512,28.5714285714286,50,-0.00362923798865214,-0.0175211483015912
"8476020",2018,-5.53903930925107e-05,-0.000102342340321092,811,22.1948212083847,75.462392108508,-0.00122937987135042,-0.00772299781461259
"8479304",2018,-0.000242635571084482,0.000399008485566001,3888,50,58.3333333333333,-0.0121317785542241,0.02327549499135
"8474873",2018,0.000106320545660438,1.06153488427002e-05,208,17.3076923076923,34.6153846153846,0.00184016329027682,0.000367454383016546
"8476952",2018,0.000293309688697393,0.00125259625647877,16332,52.2409992652461,55.547391623806,0.0153227912317301,0.0695784548051398
"8476982",2018,0.000973746488697391,3.85973148975675e-05,11455,44.3125272806635,61.2832824094282,0.0431491678448534,0.00236537014911326
"8475436",2018,-0.000259128333619571,-5.6184209392176e-05,2145,33.5664335664336,65.4545454545455,-0.00869801399562197,-0.00367751188748788
"8470151",2018,-0.00108805830158752,-0.000179220666735817,36688,53.4779764500654,54.5573484518099,-0.0581871562285957,-0.00977780436487167
"8480164",2018,-0.00066070857669273,0.000145169358904623,3658,53.1437944231821,71.8425369054128,-0.0351125607733917,0.0104293350246405
"8478365",2018,0.000342807450444377,0.000350787041404566,2427,48.9493201483313,78.6155747836836,0.016780191641035,0.0275773248866877
"8477502",2018,7.23154483137491e-05,-0.000384236392780704,1615,64.6439628482972,51.2693498452012,0.00467475715415196,-0.0196995500447321
"8480143",2018,0.000694657308607317,2.17221598598781e-05,34126,58.7587176932544,60.6575631483326,0.0408171726900133,0.00131761328341873
"8468483",2018,-0.000243250269414673,0.0013055982996882,32090,56.0922405733873,58.1115612340293,-0.0136444526315491,0.0758703555393755
"8476195",2018,0.000385259153158227,-8.33217112715918e-05,20545,56.2472621075688,52.217084448771,0.0216697725670308,-0.00435081683388482
"8476986",2018,0.000458148110452011,0.00031151956527649,1312,76.8292682926829,49.390243902439,0.0351991840957033,0.0153860273093876
"8479496",2018,0.000507596104716324,5.55552412057353e-05,48451,61.6705537553404,56.5437245877278,0.0313037328619095,0.00314130025814188
"8476465",2018,-0.000334688499069408,-0.000699868954520435,21674,50.3275814339762,56.3070960597951,-0.0168440626919309,-0.0394075884514505
"8476870",2018,8.95932382960716e-05,-4.59514711887262e-05,3713,66.900080797199,51.3870185833558,0.0059937948808899,-0.00236130910390761
"8473673",2018,0.000800593669332263,0.000538709220945468,34086,57.9827495159303,60.2006688963211,0.0464206221929321,0.0324306554415332
"8473534",2018,-0.00151053551810081,-0.000996930971877442,43832,57.7386384376711,52.4822047818945,-0.0872162641268827,-0.052321135419485
"8477901",2018,0.000711373472118149,0.000911326288351714,24181,57.0199743600347,59.6997642777387,0.0405624971405857,0.0544059645947038
"8477958",2018,-0.000432261334946572,-0.000822818552549631,24850,58.5271629778672,61.8591549295775,-0.0252990295994485,-0.0508988603210983
"8474567",2018,0.000267641030771765,0.000670053222770317,17701,53.6918818145867,56.5391785774815,0.0143701505929318,0.0378842588186279
"8477010",2018,-0.000506369706176395,0.000245382518938731,1925,44.8831168831169,46.7532467532468,-0.0227274507083847,0.0114724294568758
"8477392",2018,-0.00029489017372337,-6.62864497298349e-05,2298,46.9973890339426,62.6631853785901,-0.0138590682167641,-0.00415372008750924
"8475310",2018,0.00057990444654996,-0.000166507834073748,3006,58.6826347305389,44.311377245509,0.0340303208155066,-0.00737819144997446
"8479345",2018,0.000380074789374372,0.000514256110915061,51830,56.3303106309087,61.8869380667567,0.0214097309484356,0.0318257360866516
"8476329",2018,-0.000813784233773152,0.000204873486590484,4782,52.6976160602258,71.5181932245922,-0.0428844891072426,0.0146521816005742
"8475834",2018,0.000182632874079948,6.61515828095894e-05,22531,54.0055922950601,54.1653721539213,0.00986319653723671,0.00358312510145235
"8476464",2018,-0.00042219116928568,0.00059501530562005,11009,52.9748387682805,60.495957852666,-0.0223655091223007,0.0359960208504817
"8478542",2018,9.46049547109536e-06,-0.000198594153852476,31991,53.2274702260011,53.6775968241068,0.000503558241010946,-0.0106600569221178
"8475234",2018,0.000208198150934483,-0.000622055221328735,34226,55.9574592415123,60.901069362473,0.0116502395450745,-0.0378838281814298
"8478476",2018,0.000129548549273547,-0.000445285079587834,800,45,76.5,0.00582968471730961,-0.0340643085884693
"8477480",2018,-0.000762865111765258,-0.000388999452067473,8856,63.8211382113821,50.4065040650407,-0.048686919734612,-0.0196081024619377
"8476994",2018,0.00113086107789134,-0.000348848151087528,36778,67.4424927946055,58.1434553265539,0.0762680900973868,-0.0202832368885086
"8477479",2018,0.00127887008963189,0.000827687170029656,36361,52.6718187068562,59.8993427023459,0.0673604135107119,0.0495779174479412
"8478866",2018,0.000177061722084905,-0.00118700308566245,26424,65.9400544959128,56.6757493188011,0.0116754596034188,-0.0672742893236483
"8475808",2018,-0.000166389067630916,3.27141056282029e-05,4562,43.4020166593599,56.0280578693555,-0.00722162108525237,0.00183290780328116
"8476407",2018,-4.65170959889358e-05,0.000132835239884114,7719,45.2390205985231,69.4908666925768,-0.00210438786362694,0.0092308359468634
"8476877",2018,0.00050176051602623,-6.47949884301971e-05,7942,52.1279274741879,47.5950642155628,0.0261557357888264,-0.00308392163518188
"8479250",2018,-4.59280340650849e-05,0.000491121142072514,3343,46.30571343105,79.6889021836674,-0.00212673038386932,0.0391369046509475
"8470609",2018,-0.000161194632407396,-0.000158906695318742,1995,41.5037593984962,73.984962406015,-0.00669018323976559,-0.0117567058792212
"8478447",2018,-4.408293525102e-05,1.5288611364117e-05,637,22.6059654631083,67.817896389325,-0.000996537311796999,0.00103684146142834
"8476423",2018,9.84491460629981e-05,-0.000812987303041634,12025,63.4677754677755,59.8752598752599,0.00624834829732059,-0.0486778260449045
"8477529",2018,-0.000101582658657789,0.000169369518836779,1831,49.1534680502458,51.1196067722556,-0.00499313996679464,0.00865810320214228
"8476386",2018,-1.18770527773077e-05,0.000112521103290919,9072,47.6190476190476,70.6349206349206,-0.000565573941776558,0.0079479192007078
"8471284",2018,-0.000585391178733988,-0.00104426698113998,29829,55.2750678869557,57.9302021522679,-0.0323575371449462,-0.0604945973183775
"8478004",2018,-0.000706015608138177,-0.000450663861101537,16529,51.6183677173453,59.459132433904,-0.0364433732750616,-0.0267960822004108
"8470616",2018,0.000243478848382677,0.000418075421754252,39876,56.4249172434547,57.5985555221186,0.0137382738705242,0.0240805403923454
"8480144",2018,-0.000896911211168614,-0.000824371546998061,30455,60.6402889509112,56.2666228862256,-0.0543889550085765,-0.0463846029530743
"8475857",2018,0.000163380525374591,-1.27662851937107e-05,13129,58.130855358367,60.8728768375352,0.00949744968892433,-0.000777120506269602
"8479968",2018,0.00102245150376025,-0.000375904686330608,11739,49.0672118579095,66.8540761564017,0.0501688445494423,-0.0251307605274948
"8475716",2018,-0.000305639544707605,-6.58729810904116e-05,1653,50.0907441016334,60.9800362976407,-0.0153097122212884,-0.00401693677792709
"8475717",2018,-0.000161291265480054,0.000277118409142,2982,50.7042253521127,53.1187122736418,-0.00817814867222809,0.0147201730409433
"8471301",2018,0.000843522092552247,-0.0012799617490162,40561,65.94511969626,59.1109686644807,0.0556261653597976,-0.0756597788378302
"8478027",2018,0.000468538002666474,0.00013442470502138,5704,62.4824684431978,53.6465638148668,0.0292754109660468,0.0072114235162241
"8478466",2018,3.64633652080243e-05,0.000677545252939521,6017,68.8050523516703,40.6847266079442,0.00250886375205619,0.0275657433803548
"8480222",2018,-0.000309317848357459,-0.000127997961515262,19489,54.1228385242958,60.5880240135461,-0.0167411599593334,-0.00775514356597166
"8478233",2018,-0.000355904129606753,0.000257304317533409,5192,62.4036979969183,61.0169491525424,-0.0222097338198359,0.0156999244596657
"8477512",2018,0.000238954747699222,-0.000686468126953703,3821,47.1080868882491,76.3151007589636,0.0112567010169746,-0.0523878842762888
"8479206",2018,-0.000696703377346003,-0.000357963265244015,23058,55.1131928181108,64.1686182669789,-0.0383975475726993,-0.0229700081210445
"8470610",2018,-0.000613662265476365,0.000947729440974186,36361,51.5827397486318,60.7904073045296,-0.0316543809336231,0.0576128587313149
"8474667",2018,-0.000638435366553831,2.7203176782403e-05,24219,64.362690449647,55.1467855815682,-0.0410914178696111,0.00150016775715667
"8475176",2018,4.11144920199756e-05,-0.000299212620473946,63276,67.0775649535369,56.2677792527973,0.00275786000900158,-0.016836029678479
"8479404",2018,-4.16413186015525e-05,0.000101244179811146,2607,31.7606444188723,55.2359033371692,-0.00132255511323688,0.00559231372949941
"8479553",2018,-0.000253962505516402,6.64401472421545e-05,15890,52.5613593455003,56.1862806796728,-0.0133486145127312,0.00373302476134648
"8467407",2018,3.60927900777873e-05,0.000536983534763487,12957,58.3468395461912,51.4007872192637,0.00210590023144302,0.0276013764106261
"8477987",2018,0.000120286069595757,-4.04785505670522e-05,10860,54.6961325966851,51.3812154696133,0.00657918281214363,-0.00207983712858334
"8477399",2018,-0.000503118991821584,-0.000337258134700099,2961,49.8480243161094,58.3586626139818,-0.0250794877382188,-0.0196819336967839
"8478408",2018,0.000117505684713634,-0.000883846683440445,38243,64.6706586826347,52.8096645137672,0.00759917002938471,-0.0466756468340957
"8478400",2018,-0.000476027239781089,-5.32211212769806e-05,15423,51.118459443688,65.5903520715814,-0.0243337791508403,-0.00349079208220149
"8478458",2018,3.89317316525466e-05,0.000355224402227903,26252,52.7959774493372,55.4014932195642,0.0020554388263915,0.0196799623114529
"8478425",2018,-0.000108023086477938,0.000224943681091378,17276,58.9719842556147,56.0546422783052,-0.00637033575501988,0.0126091375763423
"8476999",2018,-2.05962047284321e-05,0.000424494035812164,12568,55.2832590706556,56.142584341184,-0.00113862532187417,0.023832192207914
"8470740",2018,-0.000187704002666942,0.000338086160898337,25948,60.6289502081085,49.3910898720518,-0.0113802966315567,0.0166984439574267
"8477936",2018,-0.000206449926610046,0.000268163286543746,2881,44.9843804234641,62.4783061437001,-0.00928702203702256,0.016754387913181
"8475949",2018,0.000119342226276355,-0.000251107684952458,1392,59.4827586206897,62.0689655172414,0.00709880483885216,-0.0155859942384284
"8477994",2018,-0.000227779478359372,0.000131461851091721,2285,31.5098468271335,56.7177242888403,-0.00717729647346818,0.00745621702472083
"8475180",2018,-0.00160964755345445,-0.000493057323160665,14679,46.8424279583078,70.3862660944206,-0.0753997995609564,-0.0347044639477893
"8479268",2018,-0.000620052974813247,0.000363906022071446,36992,50.8001730103806,54.6929065743945,-0.0314987983961141,0.0199030780670131
"8477471",2018,-0.000479046449289117,-0.000270684741828214,3607,46.90878846687,57.8874410867757,-0.0224714885555084,-0.0156692470456698
"8478965",2018,-5.98664708270767e-05,-0.000653204949432767,5825,51.9141630901288,48.824034334764,-0.0031079177301473,-0.0318921008787432
"8476401",2018,-6.70720417357532e-05,4.71552888408262e-05,662,38.0664652567976,103.323262839879,-0.00255319554643653,0.00487223830319111
"8477520",2018,4.28221589302357e-05,0.000677624910189114,1568,32.1428571428571,68.8775510204082,0.00137642653704329,0.0466731443242502
"8476979",2018,0.000442650259478028,-0.000157944043354177,34695,68.8975356679637,56.2386511024643,0.0304975120408208,-0.00888255994790807
"8477527",2018,2.66432198108045e-06,0.000715392687097445,12781,41.4052108598701,62.248650340349,0.000110316813425223,0.0445322292351716
"8476415",2018,-0.000172110869800562,0.00010429991261689,2548,48.0376766091052,60.7535321821036,-0.00826780630439119,0.00633658809776081
"8478176",2018,0.000277025197197793,-8.31415197683064e-05,4143,53.8740043446778,58.2186821144098,0.0149244566774191,-0.00484038970989995
"8475739",2018,-0.000244313649792706,-0.000146287763091912,2758,44.3799854967368,67.8752719361856,-0.0108426362344551,-0.00992932170079981
"8476285",2018,1.88654066482977e-05,-0.000403195228175832,7238,45.7584968223266,61.1771207515888,0.000863252650168028,-0.0246663231605773
"8476430",2018,-0.00014479496575947,0.00110894281049198,20680,62.321083172147,57.9690522243714,-0.00902377910400413,0.0642843636952506
"8475982",2018,0.000224359112694872,0.000157164256722436,1531,49.379490529066,65.8393207054213,0.0110787386804261,0.0103475879017777
"8476983",2018,0.000165296473922372,0.000385260856808146,10955,63.7517115472387,52.9073482428115,0.0105379331252747,0.0203831303154725
"8479291",2018,0.00020164377048104,-5.94849922554259e-05,657,43.8356164383562,32.8767123287671,0.00883917897999077,-0.00195567097826058
"8474660",2018,-0.000237305600878263,0.000814912023238744,13499,56.5375212978739,60.0044447736869,-0.0134166704637596,0.0488983434938427
"8479066",2018,0.00024616340492117,2.51166432047602e-05,2570,36.420233463035,54.6303501945525,0.00896532867728464,0.00137213101398768
"8478567",2018,0.000293770111399891,-9.00581295590351e-05,7856,75.152749490835,57.2810590631365,0.0220776315899307,-0.00515862503838668
"8474636",2018,0.000808687561110946,-0.000421224834564253,5972,56.6644340254521,62.6925653047555,0.045823822953775,-0.0264076654489043
"8475718",2018,-0.00013163505135806,0.000182818009899545,1907,90.6135291033036,64.1845831148401,-0.0119279165572485,0.011734097751287
"8479312",2018,0.000297435182433522,-0.000568916108752676,24458,59.7595878649113,55.0494725652138,0.017774603918752,-0.0313185317206887
"8479944",2018,3.21006908869404e-05,0.000373226187514278,14026,49.5365749322686,54.9265649508056,0.00159015827949851,0.0205000324298446
"8477961",2018,-0.00027306819577579,-0.000142016048871611,1502,74.3009320905459,57.5233022636485,-0.0202892214704248,-0.00816923210553078
"8471663",2018,8.77663265558372e-05,0.000114240005881841,391,46.0358056265985,55.2429667519182,0.00404039354988509,0.00631095684666946
"8477454",2018,-0.00059357405706793,0.000288824242175838,13341,53.6991230042725,47.2228468630537,-0.0318744063026359,0.0136391029586072
"8477337",2018,-0.000203539700347319,-0.00108371028482131,24804,60.8127721335269,62.4092888243832,-0.0123778134173478,-0.0676335881673679
"8480145",2018,-0.000869472094594511,0.000558611014834264,30969,46.2656204591689,64.3998837547225,-0.0402266659283482,0.0359744844194342
"8475423",2018,-0.00102882675210236,0.000381080874130405,19868,44.9365814374874,59.7946446547212,-0.0462319571309133,0.0227865954533381
"8477472",2018,-2.04709268023049e-05,-0.000100832802998106,10069,60.4230807428742,55.7751514549608,-0.00123691646305713,-0.00562396485884759
"8476372",2018,-0.00045842720491887,0.000605816395048375,22229,54.5773539070584,59.7597732691529,-0.0250197438034807,0.0362034504108265
"8476450",2018,-0.000215749456936555,-0.000748256253379206,14146,61.3318252509543,62.3497808567793,-0.0132323079908211,-0.0466536134229082
"8477969",2018,5.69240359552615e-05,0.000104242437965998,18329,53.4235364722571,68.743521195919,0.00304108331100399,0.00716599224382986
"8477990",2018,-0.000282480224355853,-0.00023078339593966,618,75.7281553398058,46.6019417475728,-0.0213917063104433,-0.0107549543738871
"8476370",2018,6.43986022523538e-05,0.000274955966492811,1088,46.3235294117647,52.9411764705882,0.00298317054551345,0.0145564923437371
"8477449",2018,-0.000164248061193224,-0.000192661829900324,445,56.6292134831461,40.4494382022472,-0.00930123852150394,-0.00779306278248502
"8476617",2018,-0.000378550343864019,0.00019551233019171,6194,52.8898934452696,53.4711010655473,-0.0200214873506381,0.0104542595672416
"8478067",2018,0.000456842745061862,8.70338282244768e-05,19570,64.5682166581502,57.7618804292284,0.0294975213418584,0.00502723757920023
"8471761",2018,-0.000342309092028343,0.000360386024336593,4329,67.3596673596674,54.0540540540541,-0.023057826573219,0.0194803256398158
"8471804",2018,-0.000175800981102697,0.000144835760730099,1032,41.8604651162791,45.3488372093023,-0.00735911083685709,0.0065681333354347
"8480382",2018,-0.000420534377418002,-0.000284195304365713,25989,52.2220939628304,65.6585478471661,-0.0219611857721233,-0.0186598509896361
"8478454",2018,0.000252257147235957,-0.000249824712636166,21948,52.8157463094587,56.4242755604155,0.0133231494931621,-0.0140961784275847
"8480163",2018,0.000107971057997843,-0.000433860175775542,850,72,76.2352941176471,0.0077739161758447,-0.0330754581061825
"8476427",2018,0.000790271022881192,-0.000592033615217826,11463,55.2734886155457,66.2653755561371,0.0436810363864192,-0.0392313298542668
"8474024",2018,0.000141682825027245,-7.40205297979441e-05,4947,48.0291085506367,56.0339599757429,0.00680489978299443,-0.00414766340408128
"8475789",2018,-0.000791078170054692,0.000639439390681482,12827,46.589225851719,57.815545334061,-0.0368557195310426,0.0369695370803296
"8478519",2018,-0.000731247841197984,0.000101288451974009,23660,59.3406593406593,48.9940828402367,-0.0433927290381221,0.00496253480677394
"8478451",2018,0.000384503447755474,-0.00093617302563579,17670,55.6196943972835,69.4736842105263,0.0213859642588613,-0.0650393891494338
"8478146",2018,0.000194173682944906,-0.000437395795848384,8539,63.660850216653,57.7585197329898,0.0123612617459715,-0.0252633337056357
"8467370",2018,-0.000976012708883174,0.00080085927232146,16758,50.4833512352309,52.8464017185822,-0.0492723923925985,0.0423225308251513
"8467967",2018,-8.85639200029353e-05,-7.09563348986012e-05,4909,41.0674271745773,60.1344469342025,-0.00363709233501563,-0.00426691995560544
"8476444",2018,0.000271365485113377,0.000495385685497724,21000,52.6285714285714,70.6285714285714,0.0142815778165383,0.0349883832728678
"8477225",2018,0.000392601495394521,0.000283762810720564,19535,51.968262093678,56.3910929101612,0.0204028174110324,0.0160016950237918
"8477642",2018,6.71787236358938e-05,-0.000175772723711507,1182,60.9137055837563,51.7766497461929,0.00409210499304937,-0.00910092275054504
"8477460",2018,-0.000125901213848393,-1.70266668115251e-05,853,63.305978898007,67.5263774912075,-0.00797029958711982,-0.00114974913053206
"8478431",2018,-0.000370641562813734,0.000184642249322934,7129,52.5178846963108,52.5178846963108,-0.0194653108595121,0.00969702036000933
"8477341",2018,0.00030172627357916,-9.78221880794493e-06,8698,57.9443550241435,53.8054725224189,0.0174833343163827,-0.000526336905279171
"8477320",2018,-5.37888351320727e-05,3.5104670472751e-05,623,23.1139646869984,23.1139646869984,-0.00124327323579751,0.000811408113655881
"8477458",2018,0.000757008856292104,0.000222289306539641,7562,61.4123247818037,42.8458079873049,0.0464896737453125,0.00952416494562865
"8476890",2018,-0.000268503590853557,-5.11030175164139e-05,648,88.8888888888889,77.7777777777778,-0.0238669858536495,-0.00397467914016552
"8478561",2018,-0.000169885913755352,0.000249119624919052,6413,65.6790893497583,57.8200530173086,-0.0111579521088031,0.0144041099204716
"8478846",2018,0.000114454109378301,-0.000310681551986726,7351,65.1339953747789,56.3188681811998,0.00745485343087072,-0.017497233372671
"8477634",2018,-0.00016053000067867,-0.000607220887352281,6280,50.4458598726115,69.3630573248408,-0.00809807391958642,-0.0421186972182569
"8477085",2018,4.41469634094484e-05,0.000179384300254356,3831,46.9851213782302,56.3821456538763,0.00207425043427322,0.0101140717449598
"8480072",2018,-0.000253848875981562,-0.000532066768939724,4520,54.9557522123894,70.0884955752212,-0.0139504559278363,-0.0372917593805541
"8475328",2018,-0.000190528636456116,0.00018695092183568,1216,53.2894736842105,32.5657894736842,-0.0101531707585167,0.00608820436241193
"8477998",2018,-1.15973553007562e-05,0.000212109215561815,1169,58.5115483319076,36.9546621043627,-0.000678579215202499,0.00783842439030831
"8480153",2018,-0.000374933087274256,-0.00050120688964588,4395,47.5085324232082,61.4334470989761,-0.0178125207333026,-0.0307908669407025
"8478413",2018,-0.000447936138069094,8.53778242066239e-05,7927,46.7768386527059,55.4055758799041,-0.0209530364571742,0.00473040751754122
"8478873",2018,-9.79598289191118e-06,-1.63261864944186e-05,1153,34.3451864700781,49.9566348655681,-0.000336444859080384,-0.000815601337448839
"8478063",2018,-0.000207219200423368,0.000499730946854539,2313,56.0311284046693,70.0389105058366,-0.0116107256268346,0.035000611063742
"8477202",2018,0.000372733296672559,-0.000479339697037903,9790,61.7773237997957,62.8804902962206,0.023026465559506,-0.0301411151681852
"8479999",2018,0.000206926935975887,0.000273921857766878,4120,48.0582524271845,52.4271844660194,0.009944546923113,0.0143609517664189
"8480420",2018,9.1785049158602e-05,0.000245494739900928,5978,62.6296420207427,60.2208096353295,0.00574846477165951,0.0147838919980485
"8478106",2018,-0.000186003643537652,0.000145266331018876,3687,45.8909682668836,62.4898291293735,-0.00853588730311113,0.00907766820362055
"8479138",2018,0.000202585180665457,9.59513578419762e-05,679,74.2268041237113,74.2268041237113,0.0150372505236216,0.0071221626439405
"8478874",2018,0.000467073633968622,-0.000294754116520841,3474,56.9948186528497,63.2124352331606,0.0266207770655691,-0.0186321255002811
"8479595",2018,-0.000180145905965506,-0.000285946058940268,3892,45.3237410071942,65.6731757451182,-0.00816488638548698,-0.0187789857824082
"8477967",2018,0.000318852617188143,0.000121982378289618,3308,43.5308343409915,62.0314389359129,0.0138799204580086,0.00756674245012989
"8480009",2018,0.000120645501578325,0.000169422890887291,2086,36.241610738255,62.1284755512943,0.00437238730552319,0.0105259859343207
"8480761",2018,-0.000253427950765583,-0.000101123154519627,785,59.6178343949045,41.2738853503185,-0.0151088255997825,-0.00417374548590564
"8480330",2018,8.9160820234693e-05,-1.31486613940692e-05,3258,64.0883977900553,50.828729281768,0.00571417411448861,-0.000668329750416776
"8477510",2018,-0.000159609664126194,-0.000277947071547862,2440,56.0655737704918,73.7704918032787,-0.00894860739855055,-0.0205042921633669
"8477369",2018,-0.000304802551840253,0.000435165332888948,5443,42.3295976483557,68.1241962153224,-0.01290216938159,0.0296452885238328
"8476283",2018,-5.84378625543e-05,-2.79784998414863e-05,1132,85.8657243816254,47.7031802120141,-0.00501780939953884,-0.00133466342000023
"8478915",2018,3.67128129078823e-05,-0.000450741782774643,796,54.2713567839196,76.8844221105528,0.00199245416786497,-0.0346550214897088
"8475204",2018,0.000129796227482302,-0.000111625308209838,1709,67.407840842598,46.3428905792861,0.00874928344409663,-0.00517303944424763
"8479580",2018,-0.000134818611871774,8.51220329262814e-05,1881,57.4162679425837,65.0717703349282,-0.007740781542877,0.00553904137702118
"8470093",2018,0.000231150116121156,-0.0001801921629005,5495,52.4112829845314,52.4112829845314,0.0121148741479332,-0.0094441024413729
"8479423",2018,-8.2476515807306e-05,-0.000128779537637821,2142,60.5042016806723,53.781512605042,-0.00499017574632439,-0.00692595832673995
"8480727",2018,0.000273849415256547,-0.000162000980638804,940,57.4468085106383,53.6170212765957,0.0157317749189931,-0.00868601002574011
"8476397",2018,0.000218691244162201,-9.72654464429704e-05,1499,64.8432288192128,72.0480320213476,0.014180646385968,-0.0070077839998938
"8480771",2018,7.10308696626896e-05,0.000142905084204772,645,44.6511627906977,39.0697674418605,0.00317161092447358,0.00558326840613995
"8476396",2018,-6.18466956015605e-05,2.44941410962835e-06,696,51.7241379310345,36.2068965517241,-0.00319896701387382,8.86856832796471e-05
"8471433",2018,0.000240625173352139,-6.48789558543555e-05,2879,41.264327891629,68.7738798193817,0.00992923605218274,-0.00446197751273442
"8477971",2018,-3.55263253399235e-06,4.72821739353351e-05,600,30,84,-0.00010657897601977,0.00397170261056814
"8476330",2018,-7.66800755464027e-05,0.000237503909191131,2088,75.8620689655173,44.8275862068966,-0.00581710917938227,0.0106467269637403
"8478462",2018,-3.55906156937974e-06,-3.62095664876637e-05,617,58.3468395461912,70.0162074554295,-0.000207659994323616,-0.00253525651907143
"8480762",2018,-7.35369532682115e-05,-0.000194771466375145,654,60.5504587155963,38.5321100917431,-0.00445269625293758,-0.00750495558509734
"8478011",2018,0.000120858872354066,-0.000121138247325608,846,80.8510638297872,68.0851063829787,0.00977156840309472,-0.00824771045621161
