"player_id","season","pp_rapm_raw","pk_rapm_raw","own_pp_shots_per60","own_pk_sa_per60","pp_rapm_per60","pk_rapm_per60"
"8470834",2018,-0.00126120003823946,-0.000725002547104613,132.909535452323,100.604229607251,-0.167625511194858,-0.0729383227147541
"8471218",2018,-6.781015700136e-05,-0.000482446001640909,140.819861431871,102.288506042685,-0.00954901691260491,-0.0493486807541151
"8473461",2018,-0.000676933562728632,-7.46077585631268e-05,104.745762711864,128.602673147023,-0.0709059223332703,-0.00959475718872581
"8476392",2018,-0.000378411225481369,7.36683769456243e-05,79.941754641427,116.517857142857,-0.0302508573409933,0.00858368142089641
"8476460",2018,0.000672910434374335,-0.000160613611984971,139.428358625826,96.0079509690243,0.0938227973670054,-0.015420183784411
"8479339",2018,-0.000501117159176238,0,144.89078967466,0,-0.0726072609125674,0
"8473412",2018,-0.000656784892212792,0.000761472855215456,105.964129408736,123.960749330954,-0.069595639312139,0.0943927457276894
"8473618",2018,0.000614460437720526,3.05316423981924e-05,111.642283123841,4.25029515938607,0.0685997661563942,0.000129768491893144
"8474574",2018,0.000477532591164234,8.84157814542157e-05,102.054616384915,134.616287256513,0.0487344054025606,0.0119022042342497
"8476885",2018,-0.000172786874863409,0.00122794988710419,92.0828258221681,136.960763060915,-0.015910703702404,0.168180953538354
"8477940",2018,0.000517894836279131,6.32239506206721e-05,105.054545454545,4.89130434782609,0.0544072066185603,0.000309247584557635
"8477504",2018,0.000403385660009715,0.000323604269762775,23.6453201970443,130.081031916653,0.00953818309382577,0.0420947773433767
"8474037",2018,0.00227586925965657,-5.25299646231633e-05,175.976040218205,20.4545454545455,0.400498460368701,-0.00107447654911016
"8475098",2018,0.00232804575514951,0,169.292929292929,0,0.39412168541723,0
"8475172",2018,0.00187955450064166,7.24461959531777e-05,167.911248956221,10.6038291605302,0.315598343684027,0.00076820708521779
"8475883",2018,0.00346378650011219,-0.000401388223198571,126.555919513336,107.704837921486,0.43836268551958,-0.0432314535231951
"8476853",2018,0.00124373680098236,-0.000299533677308457,157.927461139896,74.8378513221354,0.1964201953054,-0.0224164568083828
"8478483",2018,0.00257758390022659,-0.000135937709488356,169.397828232971,30.7692307692308,0.436637114786656,-0.00418269875348788
"8476945",2018,-0.000846325080655838,0.000957485464212635,111.944019243385,128.904877436627,-0.0947410311150966,0.123424546411681
"8466139",2018,0.00015730765354855,-0.000343161069199692,115.864759427828,60.7647261453669,0.0182264134345589,-0.0208520883936706
"8473463",2018,0.000382534233767087,0.00127531424935316,107.687705653605,137.594728171334,0.0411942339683372,0.175476517472777
"8474581",2018,0.0017978337819846,0.000581232618446195,116.463233105091,49.9246306903829,0.209381534835479,0.0290178238211305
"8477939",2018,0.000577540095303358,-0.000121807734895954,110.329581993569,17.1428571428571,0.0637197572993456,-0.00208813259821636
"8479318",2018,0.000621551456695982,-4.89978220438443e-05,116.129032258065,7.57894736842105,0.0721801691646947,-0.000371351914437557
"8476941",2018,-6.98086277966232e-05,-8.37900157359485e-05,117.894736842105,10.7784431137725,-0.00823006980339137,-0.000903125918112019
"8480158",2018,-3.28482844769527e-05,-0.000137991437740675,25.531914893617,35.2941176470588,-0.000838679603666878,-0.00487028603790619
"8471669",2018,-0.000289209702202377,0.000148793999557197,127.445255474453,117.554240631164,-0.0368584043828723,0.01749136562842
"8474565",2018,-0.000431368661303437,0.000205221463100773,121.933982590709,121.846153846154,-0.0525984988375509,0.0250054459655096
"8474596",2018,-0.000664611971539546,0.000721693712710408,110.351538742245,103.0102144355,-0.0733409537259064,0.0743418241030515
"8475170",2018,-0.00120742060830081,0.000276732976555537,147.211895910781,68.6919407481798,-0.17774667690971,0.0190093252286204
"8475765",2018,-0.000573735602700142,1.15558372799791e-05,145.250103348491,15.0753768844221,-0.0833351555869044,0.00017420860221074
"8475768",2018,0.000450683541350336,0.000299435462577302,156.883749239197,68.2215743440233,0.0707049236874392,0.0204279586714544
"8471743",2018,-0.000233751334195357,0.000132629878182838,72.512315270936,110.575427682737,-0.0169498504401757,0.0146656055035767
"8476892",2018,-0.000164137278290835,0.000103016107017283,84.0654608096469,99.965858654831,-0.0137982759355603,0.0102980935932607
"8476897",2018,2.35344470621016e-05,4.29902535472078e-05,46.2585034013605,88.9428918590523,0.00108866829947137,0.00382367747224254
"8478407",2018,-0.00146067877620437,-0.000104676308610942,101.303447435741,17.1564733915806,-0.147971795625723,-0.00179587630341251
"8479420",2018,8.89133113357638e-05,0,71.1352189074002,0,0.00632486786565139,0
"8471215",2018,0.00131895669053769,2.99657711525461e-05,144.869706840391,15.9527326440177,0.191076869093367,0.000478035935668386
"8471675",2018,0.00238427632848645,0.000567947915915165,143.005575266092,31.6567006683081,0.340964807948531,0.0179793571693158
"8471724",2018,0.00248673617847077,0.000589098275623224,117.979176856963,106.972165040723,0.293383087396412,0.0630171179651729
"8473548",2018,0.00225759960273146,-0.000151658251934288,143.227239082161,9.6514745308311,0.323349758052212,-0.00146372575593415
"8476899",2018,0.000783944845106278,0.000371263482711654,106.21084007543,101.561824804,0.0832634405715409,0.037706196787284
"8477404",2018,-0.000218582766507311,-0.00025560750159345,87.3471024664127,37.5533428165007,-0.0190925713035061,-0.00959891613380807
"8469608",2018,0.00046486658511835,-0.000725069686712081,115.015271838729,106.734340183214,0.0534667566561289,-0.0773898345980634
"8471346",2018,0.000852594632051754,0,181.541389153187,0,0.154781213887226,0
"8474673",2018,0.000613002489302988,-0.000140936954597407,117.16388996513,86.5038045654786,0.0718217562050459,-0.0121915827765478
"8475907",2018,0.000512892027966296,4.92695218585231e-05,125.072655217966,6.24457935819601,0.0641487677778717,0.000307667439185921
"8476346",2018,0.0018466536942563,0,161.542063368191,0,0.298312248096656,0
"8477497",2018,0.00196530277300373,-0.000246816265345939,162.730627306273,38.8926401080351,0.319814953097655,-0.0095993361809089
"8473473",2018,-0.000424185422911838,0.00010788688773217,128.081865778201,8.60215053763441,-0.0543304604024634,0.000928059249308988
"8473914",2018,0.000923989928455724,-0.000779457834790233,134.634146341463,124.498416050686,0.124400595245746,-0.0970412658096816
"8475660",2018,0.000323716738184613,-0.00247741558922109,108.380797396257,108.411662575585,0.0350846782149637,-0.268580742918132
"8476472",2018,0.000411090180674769,-0.00115110431477392,136.96997478799,110.285490809542,0.0563070116826134,-0.126950104327823
"8477934",2018,0.000565090508577363,-0.000736486973146991,137.613072658302,77.0862517510506,0.0777638412153734,-0.0567730202233782
"8478402",2018,0.00115659420405837,-0.00026569344640528,144,84.2174629324547,0.166549565384406,-0.0223760279740328
"8474034",2018,-0.000546051821097686,8.22037314340308e-05,130.578326782706,3.94736842105263,-0.0713025331355856,0.000324488413555385
"8476454",2018,-0.000268504814456713,-0.00110195190286153,111.729803742583,117.93665158371,-0.0299999902231873,-0.129960517629787
"8476458",2018,-0.000624003369471667,-0.000204424671520636,116.423063643687,127.804295942721,-0.0726483839978753,-0.0261263512170169
"8476988",2018,0.000321856431513669,-0.000229554520105215,99.7275204359673,82.6434782608696,0.0320979438512269,-0.0189711839919997
"8479465",2018,0.000313315125328724,-0.000727439206602237,111.528694768918,81.3857897827364,0.0349436269792726,-0.0592032143482502
"8470047",2018,-0.00049630285025476,-0.000893338843934904,84.9142280524723,106.440866185453,-0.0421431734096247,-0.095087760345542
"8470880",2018,-0.000943538794703566,0.000312101854277834,112.140575079872,99.9669421487603,-0.105808983048227,0.0311998680111131
"8473512",2018,0.000408254725509817,0.000283555097644993,168.211822294742,63.9101123595506,0.0686732713384458,0.0181220381506148
"8474161",2018,-0.000175751585481552,2.82830231086439e-05,167.609712630875,6.75422138836773,-0.0294576727369837,0.000191029799608101
"8474190",2018,0.000612860164672932,0.000804937996975302,164.904425693129,93.071354705274,0.101063353485586,0.0749166698322411
"8476906",2018,0.000660092295710811,-5.64087765406219e-05,162.782148371443,11.9760479041916,0.107451242019244,-0.000675554210067328
"8475738",2018,9.70664654040752e-05,0,75.1511661387849,0,0.00729465806808627,0
"8476461",2018,8.68705620980179e-05,0.000225838788188719,156.093108169785,109.078482742909,0.013559896046336,0.0246341523601227
"8478439",2018,0.000105154111174749,0,71.7579250720461,0,0.00754564083069522,0
"8478500",2018,-0.0010394378757982,0.000466168892071062,69.5829094608342,125.497696253151,-0.072327111601828,0.0585031220198022
"8479974",2018,-0.000712776501694162,8.26102332589075e-05,97.0895606247893,8.94039735099338,-0.0692031573731606,0.000738568310592881
"8468208",2018,-0.000276480321537618,1.09876261195061e-05,30.2309307207838,110.769230769231,-0.00835825744606375,0.0012170908932376
"8471709",2018,-8.18522713279711e-05,0.000527478517349804,62.1064060803474,137.37714987715,-0.00508355040169376,0.0724634953349408
"8474889",2018,0.000609715927321188,-0.000859743734316472,122.79815832467,107.964601769912,0.0748719929762599,-0.0928218898996545
"8476331",2018,0.000367410653638825,-0.000375645049760809,65.3006382264024,61.5225271879855,0.0239921501737949,-0.0231106327869415
"8476881",2018,0.000310911556464784,0.000554171895068718,156.50875300755,109.535452322738,0.0486603799979398,0.0607014691909012
"8478099",2018,0.000267205789727276,-0.000154161453956312,144.725274725275,19.0812720848057,0.038671431326464,-0.00294159664792962
"8466138",2018,-0.00072131998584106,-8.57648281272625e-06,151.296150824823,5.32544378698225,-0.109132937370768,-4.5673577109193e-05
"8470613",2018,-0.000194414584807247,0.000133610072700269,162.843295638126,81.7645774186503,-0.03165911171013,0.0109245711332126
"8470794",2018,-0.000612106198630146,0.000477031038848586,169.701240135287,68.747704737422,-0.103875181002032,0.0327947890093483
"8474053",2018,-0.000482445050725978,-0.000943658090860184,178.711484593838,102.428509843368,-0.0862184712501888,-0.0966574920484465
"8474571",2018,0.000756440736192726,7.69050490204555e-05,78.8429752066116,17.910447761194,0.0596400382089141,0.00137740386305293
"8471469",2018,-0.00123971977520254,0.000840128315021664,106.05010397069,101.588488133059,-0.13147241105475,0.0853473653608254
"8474009",2018,-0.000157928257163476,-0.000438527725729637,83.0516217450891,134.167083541771,-0.0131161978768021,-0.0588359860133511
"8475218",2018,-0.000447422119999651,0.000123844961120975,93.6746350751005,102.259180219295,-0.0419121038154952,0.0126642841985214
"8475225",2018,2.98814799460196e-05,0,125.936865423666,0,0.00376317991862186,0
"8477942",2018,-0.000375737699457635,-2.99029872569923e-05,105.440826052423,2.82574568288854,-0.03961809340985,-8.44982371469171e-05
"8478042",2018,-0.000380193198984038,-0.000206029904538646,124.960254372019,97.0410534469404,-0.0475090388555571,-0.0199933589780027
"8471276",2018,0.000277041434055986,0.000285961537885955,91.98738170347,39.8076923076923,0.0254843161421847,0.0113834689119986
"8471695",2018,0.000274697331411694,0.000522999532447215,106.514010244049,105.379086482727,0.0292591143719982,0.0551132129601807
"8473419",2018,0.000392719932862192,-0.000908525119892156,160.143497757848,112.151113617141,0.0628915436877785,-0.101892103945052
"8475727",2018,0.000245540313044981,0,130.49365303244,0,0.0320414524159684,0
"8477956",2018,0.00105610522089722,-0.000362220441349502,157.044230331538,8.81272949816401,0.165855231564922,-0.00319215076831875
"8479325",2018,0.000721982954038564,-0.000378889639794566,72.7395868608195,64.0377196742392,0.0525167417973192,-0.0242632285406379
"8468486",2018,0.000439790112528545,0,89.4802912377605,5.69620253164557,0.0393525473525417,0
"8474056",2018,-7.53535407962166e-05,-0.000840049930968096,115.698098204228,95.7104557640751,-0.00871826136307695,-0.0804015617575362
"8474600",2018,-0.000507148922722683,0.000489444097648235,113.439748573319,127.929835173144,-0.0575308462828907,0.0626145027386068
"8475793",2018,2.8194246009477e-06,-0.000383407468065504,129.166666666667,61.3836477987421,0.000364175677622411,-0.0235349489831404
"8476887",2018,0.000639462353062658,0.000410978695344746,132.083029861617,47.8723404255319,0.0844621250749549,0.0196745120111847
"8474062",2018,0.000549935095254777,0.000176526878019499,93.9823008849557,123.255201474849,0.0516841655894313,0.0217578559160194
"8473492",2018,0.000211905228338548,0.000235231700990533,40.2030456852792,79.8029556650246,0.00851923557584418,0.0187721850051558
"8478498",2018,0.0012394975117263,0.000154905896475003,94.8413184658743,17.4898785425101,0.117555578247293,0.00270928531486645
"8469466",2018,-0.000151834015787179,-0.000264617311337,133.051742344245,378.947368421053,-0.0202017803476078,-0.100276033769811
"8470642",2018,-0.000689884989249193,-0.000824642988398984,144.881148505531,155.197037820682,-0.0999513295791488,-0.127982149059118
"8471679",2018,-7.96508090986566e-05,-0.000218912844617374,114.936305732484,118.474807081253,-0.00915476974640292,-0.0259356570336517
"8474157",2018,-0.000197180904652872,-0.00049078114456618,153.681963713981,111.899529042386,-0.0303031486339525,-0.0549181789398388
"8476851",2018,0.00119556571403609,-0.000172132369746743,139.083837510804,10.2857142857143,0.166283867504484,-0.00177050437453792
"8477494",2018,0.000482390356235276,-3.15039006690388e-06,150.040074806305,24.3792325056433,0.072377885135381,-7.68040919245189e-05
"8468309",2018,-0.000113712891637852,0,107.641196013289,0,-0.0122401916580279,0
"8475848",2018,0.00154371207564974,-0.000866862611487299,127.230590961761,61.9354838709677,0.196407399659723,-0.0536895552921166
"8476948",2018,0.000144494694576036,0,97.6363636363636,0,0.0141079365431512,0
"8477476",2018,-0.00156143684378881,0.000630491641009592,119.73056413135,135.467775467775,-0.186951714162309,0.0854113000585967
"8479376",2018,-0.00096364869041545,0.000271407811945646,92.5386715195633,69.5876288659794,-0.0891747696226127,0.0188866260890012
"8473449",2018,0.000991593783980305,-4.26600275913397e-05,148.072777442442,46.4944649446494,0.146828045688625,-0.00198345515738332
"8475158",2018,-2.23771638028638e-05,6.53183739571231e-05,150.966861302798,139.789603960396,-0.00337821018417693,0.00913082962680328
"8475215",2018,-0.00153102226766946,0.0012040505110833,106.851037083595,112.215909090909,-0.16359131709856,0.135113622692586
"8477499",2018,-0.00110751593436654,0.000773188953127829,147.672499174645,134.803337306317,-0.163549645903649,0.104228451250009
"8477933",2018,-0.000800541428509223,0.000104924110516718,147.540983606557,14.7540983606557,-0.118112669780049,0.00154806064696797
"8478403",2018,0.000447483068540165,0.000599955331791365,148.323115759106,53.5784635587656,0.0663720829753228,0.0321446848812708
"8469506",2018,-0.00183119943101173,5.84775159906699e-05,85.2431289640592,7.33197556008147,-0.156097169256645,0.000428755718057865
"8475169",2018,-0.000366072879895389,0.000509330310717176,104.006622516556,65.4793482379689,-0.0380740038328284,0.0333506167836029
"8476470",2018,-0.000324944719381659,-0.000112123275286022,77.1040723981901,73.0434782608696,-0.025054561168613,-0.008189874020892
"8476495",2018,0.000125776680189313,0,64.5569620253165,0,0.00811976036665188,0
"8479755",2018,-0.000678022423073265,0.000156163995110516,79.5252225519288,11.1225540679712,-0.0539198840900994,0.0017369424790871
"8476381",2018,-0.00101120807629452,-1.06261985608335e-05,139.240074970182,60.2006688963211,-0.140800688353702,-0.000639704261187302
"8468685",2018,0.00123206540571059,-0.00134648611445433,109.124109805831,104.053888548683,0.134448040620729,-0.140107116085781
"8474031",2018,0.00131153952671533,-0.000122821341105555,129.429388533297,20.3389830508475,0.169751758980015,-0.00249806117502823
"8475184",2018,-0.000827599337816622,0,136.058230683091,0,-0.112601701617827,0
"8475692",2018,0.000194025940094958,-9.43882079660038e-05,135.160317895314,85.5507372072853,0.0262246077431717,-0.00807498077516619
"8476459",2018,-4.71943671969294e-05,0.000647580040809738,140.831295843521,93.4147405146097,-0.00664644388885852,0.0604935214746821
"8477402",2018,0.000179629128872986,0.000284808179201092,140.083843921316,17.5097276264591,0.0251631388527652,0.00498691364359888
"8470041",2018,0.000716298723478736,-0.000388388914877596,128.278729090369,114.980544747082,0.0918858898969061,-0.044657169006354
"8471976",2018,0.000711095945068576,0,94.5036915504512,0,0.0672011918555373,0
"8474151",2018,-0.000271828032339394,-0.000702429213280461,81.9895287958115,138.1134183816,-0.0222870522849995,-0.0970148998172623
"8476468",2018,0.000309074503898934,0.000566344430922123,119.656488549618,60.8313619466036,0.0369827698367618,0.0344515030638669
"8477950",2018,0.00051900887291491,3.85520238081087e-05,79.7808764940239,28.9738430583501,0.0414069827893269,0.00111700028739792
"8473575",2018,-0.00054707271313242,0.000843142664077066,98.2274447321251,117.767179418284,-0.0537375546936685,0.0992945333955741
"8475197",2018,-0.000889259597196827,-0.000211290639505017,123.781363521162,29.126213592233,-0.110073765465303,-0.00615409629626264
"8476455",2018,-0.000777253453269829,0.00023631689572513,126.9429241595,99.0281666941196,-0.098666826171141,0.0234020289425051
"8477413",2018,-0.000231470278404405,0.000151084695845497,82.2429906542056,39.9445214979196,-0.0190368079435398,0.00603500588120708
"8477492",2018,-0.000634681573141735,0.00023075662268014,135.306482805011,41.7582417582418,-0.0858765313629598,0.00963599083719266
"8478420",2018,-0.000438688379193896,-0.000100485822210834,135.813536530704,1.86431900569653,-0.0595798202132455,-0.0001873376281507
"8473446",2018,-0.000253408017014932,0.00099115292685895,72.1064659228391,147.874899759423,-0.0182723565434614,0.146566639705526
"8474569",2018,1.10980559452903e-05,-6.39366166316098e-05,81.9553072625698,51.4285714285714,0.000909544585013453,-0.00328816885533993
"8475168",2018,-0.000819786178979439,0.000384289099988741,115.356507073925,55.7230142566191,-0.0945676701545475,0.0214137469973359
"8476855",2018,-0.000912480654560202,0,84.7890088321884,0,-0.0773683302787061,0
"8477021",2018,-0.000429224867020154,0,95.4994511525796,0,-0.0409907392214637,0
"8475763",2018,4.70347509017375e-05,-0.00202859411224571,84.6217513656679,144.607843137255,0.00398016299635295,-0.293350619172786
"8467950",2018,-0.000707899547606807,-2.5401529568163e-05,97.8914888146053,109.229789942712,-0.0692973406464159,-0.00277460373895402
"8471676",2018,-0.00126168504357578,0,98.8671472708548,0,-0.124739201012642,0
"8473544",2018,-1.5256484480902e-05,-4.60433467107353e-05,109.557774607703,24.6575342465753,-0.00167146648806458,-0.0011353153983469
"8475227",2018,7.4632166657974e-05,0,117.303370786517,0,0.00875460471808145,0
"8475913",2018,0.000540027094207167,-6.12317875787542e-05,136.458208776755,81.4376321353066,0.0736911299664258,-0.00498657179182582
"8479366",2018,0.000373634707362186,0,98.0544747081712,NA,0.0366365549631404,NA
"8470358",2018,-0.000817180375094745,-0.00091738849153657,94.2793462109955,95.1677089255259,-0.0770432315003886,-0.0873057609341795
"8470602",2018,-0.00162520064927659,0.000462346040735199,98.2612211888395,123.280098280098,-0.159694200474812,0.0569980653412497
"8474068",2018,-0.00123769894257142,-0.000167603567652752,109.558970265416,18.798955613577,-0.135601021646719,-0.00315077202898124
"8474884",2018,-0.000862602195504644,9.43848692648749e-05,121.710411958978,13.986013986014,-0.104987668571589,0.00132006810160664
"8476288",2018,-0.000191198396155346,4.18879992449464e-05,83.6080870917574,11.5015974440895,-0.0159857321575605,0.000481778905053697
"8471214",2018,-0.000129135495352637,0.000125551152627449,138.635049161365,6.85387910518801,-0.01790270574669,0.000860512421625544
"8471698",2018,-0.000546196080670266,1.02870994589989e-06,156.870947500523,67.7361853832442,-0.0856822966958167,6.96808876010622e-05
"8473563",2018,-0.000432090397875497,-0.000636237646987553,152.341073467834,82.7909887359199,-0.0658251150474968,-0.0526747438651146
"8474590",2018,0.000424173054545441,-5.76298256359353e-05,141.475940605113,113.908029812966,0.0600102818711603,-0.00656449989665414
"8474651",2018,-6.16642571440382e-06,-0.000346859719182589,107.846715328467,110.655061841503,-0.000665028758615449,-0.0383817836764756
"8475744",2018,-0.000291906489325826,1.18191821272719e-05,150.046448256642,1.63413527008625,-0.0437995319464056,1.9314142377748e-05
"8469459",2018,0.000303977676711504,0.000251753691622245,129.442060085837,166.145600714605,0.0393474966936436,0.0418277683266972
"8470600",2018,0.0013100161944457,0.000293065176733408,132.890916632103,134.338235294118,0.174089252882788,0.0393698586685248
"8471227",2018,-0.000419980916415548,0.0021050857984964,109.055374592834,111.689624668267,-0.0458011761615392,0.235116242728563
"8475745",2018,-0.000814153167638139,0.000973020824028966,94.5,77.7731616119651,-0.0769374743418041,0.0756749057990122
"8475798",2018,0.00139384971504711,-0.00041706434817391,129.030976965846,159.11929017417,0.179849790476095,-0.0663629830383856
"8475799",2018,-0.000442780931309969,0.000101917338177725,114.042326633835,21.7917675544794,-0.050495767595685,0.00222095894334026
"8470595",2018,6.98721992891517e-06,0.000287059204614902,105.333844973139,94.485049833887,0.000735990740785577,0.027122803253315
"8475220",2018,0.000142923649104184,0,69.2307692307692,0,0.00989471416875121,0
"8475722",2018,0.000144033903343854,0.000640419897701679,121.682978508728,57.6983709931687,0.0175264743651183,0.0369511848489986
"8476422",2018,-0.000276629226993372,6.76630720854625e-05,93.849825592069,14.968814968815,-0.0259616047069969,0.00101283600626888
"8476856",2018,-0.000657477975461064,0.000838242346568171,106.051464063886,111.986902116711,-0.0697265018874058,0.0938721636152123
"8468083",2018,0.000182979382812019,0,113.462893968382,0,0.0207613703104,0
"8470110",2018,-0.000263471104713316,-0.000442454329374605,70.2091577162239,140.350877192982,-0.0184980843444849,-0.0620988532455586
"8470657",2018,-8.97277974600851e-05,-0.000418330120236503,101.077375122429,110.596804511278,-0.00906945024278235,-0.046265974528976
"8471716",2018,0.00073248985602086,0.000200674106957153,112.125534950071,91.6955538809344,0.0821308169518396,0.0184009233869981
"8474679",2018,-0.000403713069885226,0,108.939264328486,0,-0.0439802048330911,0
"8475193",2018,-0.000546423728895391,0,117.412089663232,0,-0.0641567518511831,0
"8474716",2018,0.000771820480929567,0.00132762543156588,130.159809588575,137.420718816068,0.100460006834355,0.182443241124275
"8471242",2018,0.000580628771168162,-0.000171555572005199,113.010115102895,17.9918218991368,0.0656169242617665,-0.00308659729732207
"8476924",2018,-0.000399049443913906,0,125.751421608448,0,-0.0501810348642345,0
"8477511",2018,-0.000400583781722689,-0.00014727151237854,118.18882890823,10.9533468559838,-0.0473445280414345,-0.00161311595708745
"8475772",2018,-0.000611262101662313,-0.00114307206926044,46.3478717813978,133.067955644015,-0.0283306975126726,-0.152106263410261
"8477946",2018,-9.92904262602035e-05,0.00032456184172728,109.021357985336,128.716597666541,-0.0108247771058303,0.0417764959995219
"8470144",2018,0.000421206109728266,-0.00129873831174066,116.646054909721,120.70377337612,0.0491320310036731,-0.15676261485523
"8476443",2018,0.000155114960551073,0.000880501818641299,42.8571428571429,98.6577181208054,0.00664778402361743,0.0868683002283697
"8476822",2018,0.0003077229499645,0.000756947911275137,16.4759725400458,149.524815205913,0.00507003487355698,0.113182496553917
"8474602",2018,0.000191312071628365,-0.000206903683657616,108.908825370332,17.1184022824536,0.0208355730002099,-0.0035418604905726
"8469544",2018,-0.00102834635872362,-0.000195662589062797,102.749080721415,34.8949919224556,-0.105661643022066,-0.00682764446487305
"8470281",2018,-0.00086348309780263,0.000854172060657684,105.708610415407,125.535518581249,-0.0912775983859071,0.107228932592277
"8470645",2018,-0.000782396032504612,0.00052598229792984,109.229305423406,116.786118445869,-0.0854605751965076,0.0614274309464649
"8473604",2018,-0.000745693298339306,-0.000344428684912559,145.247766043867,127.269805560019,-0.108310285737667,-0.0438353717581145
"8474141",2018,0.000816313739638171,-9.68952734075126e-05,140.230067433558,7.54321634363541,0.114471730756401,-0.000730902009988571
"8476438",2018,-0.000748243573273465,-0.000550990597658018,113.133588646091,120.324278196558,-0.0846514806258018,-0.0662975459562912
"8473573",2018,0.000115080625126541,0.000497457393247555,129.463980880847,113.073507646769,0.0148987958511383,0.056249252359319
"8475209",2018,-0.00142885572143313,-0.000274257813848082,117.294545454545,75.3412192902639,-0.167596982365626,-0.0206629180951967
"8477951",2018,0.00150082380129017,0.000121470977122442,112.036944081919,119.732556146065,0.168147712301961,0.0145440305884302
"8479337",2018,-0.00100461554583515,1.47148684522268e-05,101.908156846299,63.1578947368421,-0.102378518615198,0.000929360112772219
"8480172",2018,-0.000500363190072081,0.000155395547365252,49.7358797236896,129.72972972973,-0.0248860034395867,0.0201594223608976
"8467400",2018,-0.000196690072548924,-8.33941270825455e-05,87.2996300863132,102.393183811552,-0.0171709705751712,-0.00853899018316704
"8475780",2018,0.000145928768994033,0.00012299133476005,68.9870942510755,135.987333182538,0.0100672017405348,0.01672526361858
"8476312",2018,9.71676761093329e-06,-0.000830888372193053,14.1018466703973,126.717843100543,0.000137024366981264,-0.105288382381625
"8476400",2018,-8.30581797503772e-05,0.000634884107479418,31.3649564375605,116.430205949657,-0.00260511618965365,0.0739196873879926
"8476434",2018,-0.000172256047818236,0.000744217507483732,110.242872228089,112.330616271222,-0.0189900014701414,0.0835984112554801
"8476483",2018,-0.000655109937368008,-0.00051045447025266,142.553191489362,17.3243503368624,-0.0933880123482054,-0.00884329207367457
"8470621",2018,0.00082152946433336,-0.00017331225278128,135.032911921429,7.62173606210303,0.110933515798186,-0.0013209402470274
"8475164",2018,-0.000116094408085541,0.000600883352731928,107.482993197279,136.240855374226,-0.0124781744745004,0.0818648619563307
"8475764",2018,-0.000898809057851662,-0.000529748398811859,128.995964290082,113.821138211382,-0.115942741130235,-0.060296565718423
"8477986",2018,0.00116529104167504,0.000189667615040936,116.58270792639,85.726083964212,0.13585278516084,0.0162594618922911
"8468535",2018,-0.00043729819430687,-0.000170823872318898,95.5958549222798,138.286196707472,-0.0418038947407344,-0.0236225836098231
"8477941",2018,-0.000117442466933771,-0.00014698540674577,95.6920256645279,62.4187256176853,-0.0112383075599319,-0.00917464177346809
"8478131",2018,-0.000379177090191711,-0.000131469124879953,93.9068100358423,5.60747663551402,-0.0356073109785765,-0.00073721004605581
"8474613",2018,0.000227823999393383,-0.000107640916647462,138.121003443187,108.017145578663,0.0314672794046541,-0.0116270645637297
"8475171",2018,0.000397072298686664,0.0006519243237223,141.320418047413,91.7135961383749,0.0561144232454465,0.0597903241386502
"8475839",2018,0.000196401298137305,-0.00170278134162574,113.142857142857,123.360093988643,0.0222214040178208,-0.210055266345059
"8477503",2018,0.000943360476763482,-5.23152827410697e-05,127.35026167862,16.3849154746424,0.120137203573097,-0.000857181485744445
"8477989",2018,0.000906071486716281,-5.63565848023165e-06,103.782937646752,97.0859728506787,0.0940347606093755,-0.000547143386207467
"8479343",2018,-0.000656524999478193,-9.49468720429193e-05,149.099058718064,18.1734740706746,-0.0978872594470758,-0.00172551451716366
"8469598",2018,-0.000195490621952336,0.000285309919835249,74.0088105726872,115.568022440393,-0.0144680284088073,0.0329727032179867
"8471274",2018,-0.000119551492374614,0.000409433987602629,89.9211218229623,114.579507895703,-0.0107502043099346,0.0469127448152847
"8477407",2018,-0.000275399418492546,2.46974566251122e-05,114.027149321267,26.3736263736264,-0.0314030106154397,0.000651361493409551
"8477943",2018,0.000233295783659397,4.69963062001738e-05,111.001347103727,10.7946026986507,0.0258961462598127,0.000507306453735009
"8478432",2018,0.000458041154819886,4.69962805954294e-05,123.221193295042,14.8148148148148,0.0564403776751452,0.000696241194006361
"8478440",2018,0.00063216345079342,4.69962549481573e-05,82.9581993569132,44.4444444444444,0.0524431415770747,0.00208872244214033
"8473607",2018,0.000421325872855404,-0.000366329078337491,123.896929050477,107.515127854773,0.052200981776296,-0.0393859176943764
"8470604",2018,-0.000199919270910467,-3.5024379945823e-05,149.461400359066,86.5116279069767,-0.0298802141890419,-0.00303001612554562
"8470606",2018,-0.000248449045086449,0.000684462167002533,142.622071185834,130.596175478065,-0.0354343173943721,0.0893881412699596
"8471685",2018,0.000142172296363996,0.000979264604800558,138.528839922229,132.583754015603,0.0196949632843837,0.129834577479064
"8471734",2018,0.000524393186144232,-0.00019932167798974,114.051282051282,108.302367014507,0.0598077151787063,-0.0215870095235923
"8474563",2018,0.000459387211467934,0.000744142202207785,133.158927403532,126.649874055416,0.0611715083419694,0.0942455161889356
"8475726",2018,0.000511267802816324,-0.000416698105243971,122.073944432291,64.4808743169399,0.0624124773510192,-0.0268690581523435
"8469500",2018,-0.000779161355615871,-0.000120451469845726,105.263157894737,60.0400266844563,-0.0820169848016706,-0.0072319094637194
"8474162",2018,-0.00108427858435235,-0.00121945427063267,116.586433260394,103.410475030451,-0.126412172810269,-0.126104345404036
"8476871",2018,-0.000577478091038084,-0.00108355335166651,109.763217645151,104.700932869947,-0.0633858533919194,-0.113449046733841
"8477960",2018,-0.000210942461314828,-1.66508755435274e-05,91.7830464436505,23.5979606700656,-0.0193609417237968,-0.000392926706198315
"8480147",2018,0.00026774691696883,1.8642092356921e-05,111.286089238845,42.6264800861141,0.0297965072952189,0.000794646778615793
"8480113",2018,-4.60031827781894e-05,7.93226137619495e-05,87.1811430416532,83.390832922622,-0.00401061005815665,0.00661477883120841
"8473422",2018,-0.000887819886603521,0.00107810839826481,116.279069767442,100.899653979239,-0.103234870535293,0.10878076433703
"8474715",2018,-0.0006056770191869,-0.00137807772955189,147.729566094854,115.333219119411,-0.0894764032381051,-0.158938140745988
"8475683",2018,-0.000285484559823551,-0.00106907505371256,104.198536290101,107.236655107726,-0.0297470732670377,-0.114644032819247
"8477505",2018,-0.000708076552113693,5.06099684889023e-06,135.505873436908,82.4716267339218,-0.0959485316543602,0.00041738864302323
"8478460",2018,-0.000954808141542137,-0.00010166909330913,105.302325581395,74.234693877551,-0.100543517788437,-0.00754737401861141
"8478550",2018,-0.000627527623292472,0,142.481039142185,0,-0.0894107878571368,0
"8477416",2018,-0.000527608407629973,0,80.4928131416838,0,-0.0424686849673408,0
"8477495",2018,-0.000447714292541677,0.000546576840626719,133.138044672281,105.697445972495,-0.0596078054808325,0.0577717760819597
"8470860",2018,0.000905196999337295,0.000506523269599121,98.5611510791367,122.73845312927,0.0892172582080644,0.0621698825845764
"8474586",2018,0.000456327038685351,7.61077135482099e-05,88.41960289223,6.79245283018868,0.040348255549546,0.000516958054289728
"8475166",2018,0.00113225550594284,0.00052339589212605,157.060465116279,121.381578947368,0.17783257639385,0.0635306198008265
"8475181",2018,0.00101458673169685,3.99421628163731e-05,137.365471849151,81.9939836699613,0.139369185131426,0.00327501704570863
"8475314",2018,0.00153319750734526,8.00383515165063e-05,157.903930131004,3.14685314685315,0.242097912076876,0.000251868938338656
"8478445",2018,0.00108695078757336,-8.66586023979843e-05,148.221880372817,4.37424058323208,0.161109889606838,-0.000379065575495436
"8470187",2018,-0.000393344367003868,0.000198321526249596,62.9524196827979,159.132610508757,-0.024761979671492,0.0315594221921792
"8471217",2018,-0.000319310232139052,-0.00043577187167574,63.9228598306679,118.043719896258,-0.0204112232115226,-0.0514401327587591
"8474573",2018,0.001466941945635,-3.45417664091144e-05,148.209139563606,67.9245283018868,0.217414203552326,-0.00234623319005305
"8475754",2018,-0.00066310974078663,-0.000188677922461306,68.7082165193013,108.277881288262,-0.0455610876460255,-0.0204296456899812
"8478463",2018,-0.000323620574431026,0.000106600832692394,67.0498965279374,99.6344647519582,-0.0216987260299119,0.0106211169074197
"8466141",2018,-3.05679363933007e-06,-0.00027682892418161,111.996746644978,115.468184169684,-0.000342350942770028,-0.0319649332008978
"8471735",2018,-0.000595756393304823,-0.000551028146553909,138.585737778442,137.014629853701,-0.0825633393023727,-0.075498917539055
"8474149",2018,0.000964068902297556,0,141.032816077334,0,0.135965352183609,0
"8476389",2018,0.000904338083813823,-0.000403269190577303,146.065244853979,117.130884890313,0.132092363643045,-0.0472352771413198
"8476456",2018,0.000832029320390762,5.15123601835704e-05,145.767881653195,33.5507921714818,0.121283151506709,0.00172828049078149
"8477493",2018,-3.34765126851652e-05,0.00214519266554396,144.091124822022,117.365584330222,-0.00482366836792413,0.251771790692473
"8474870",2018,-0.000419759060125744,0.00097762153760675,104.378519203294,110.923036233801,-0.0438138291180918,0.108440749238897
"8476292",2018,-0.000269573739648599,-4.68853562591946e-05,98.4740590030519,89.9135446685879,-0.0265460203438295,-0.00421562857431375
"8476826",2018,-8.69855442071784e-05,0.00088622235954676,90.0472275669057,108.416433984842,-0.00783280709425493,0.0960810679396926
"8476883",2018,-2.22749202623064e-05,0.00361644348136411,116.806472216308,114.524370195939,-0.00260185485473957,0.414170912052434
"8478010",2018,0.000242148807721981,0.000128635344264836,111.825311394741,135.856708347415,0.0270783658273757,0.017475974448957
"8479410",2018,0.000279969007053342,0,105.550107864287,0,0.0295507588931376,0
"8468085",2018,0.000292163080786257,0,105.605576532094,0,0.0308540505878254,0
"8473465",2018,0.000295528241931556,3.69984749360813e-05,102.335513145603,17.5040518638574,0.0302430342870836,0.000647623224164793
"8475760",2018,-0.000174355827486183,5.93262326032921e-05,94.8403544979968,4.29082240762813,-0.0165359684875812,0.000254558328214364
"8477932",2018,-0.000809756896473037,0.000602861479760113,103.859380970577,133.17697228145,-0.0841008500043453,0.0802872665795664
"8477955",2018,-0.000412114482520413,-0.000311819464909653,71.0598238688126,62.2340425531915,-0.0292847825416874,-0.0194057858481008
"8473986",2018,-0.000732236691196317,0.000476520450846191,138.493119440432,116.170825335893,-0.101409743532518,0.0553577740642336
"8474564",2018,0.000569806881500117,0.000543731392261442,149.919137466307,60.4703247480403,0.085424956196864,0.0328796138657535
"8475167",2018,-0.000207738292412965,0.00112695557599035,141.064664967977,123.729649728663,-0.0293045326202547,0.13943781867705
"8476453",2018,0.00037222609125077,-0.000184280020596394,146.670930604413,2.05831903945111,0.0545947471989936,-0.000379307074984001
"8476480",2018,9.27523137995359e-05,-1.41415668171387e-05,139.692036955565,8.81812614819351,0.012956759646999,-0.000124702120126637
"8470594",2018,-0.000394110062353052,0.000709132357033142,125.967957276368,111.183421818805,-0.0496452394966762,0.078843761977379
"8471707",2018,3.55139331046348e-05,-4.61685602922682e-05,107.322016721561,4.70280862181581,0.00381142692250401,-0.000217121903399302
"8475191",2018,0.00128959531177234,-2.83387854785542e-05,157.251617814998,114.898626553303,0.202790949102837,-0.00325608752967457
"8476525",2018,-0.000609360468469929,-0.000579737913675476,117.54565376187,66.5879574970484,-0.0716276746429372,-0.0386035635552501
"8476539",2018,0.000379331162012562,5.5008997064861e-05,144.189489267209,16.1254199328108,0.0546955665137284,0.000887043177753638
"8476894",2018,0.000142249968113281,0,87.5342465753425,0,0.0124517437841625,0
"8474102",2018,-0.000461236427369706,0.000298642258877104,105.297670405522,31.6420295645226,-0.0485671213081957,0.00944964718460512
"8474579",2018,-0.000243888162285641,-0.000264095898024932,32.1428571428571,109.519867549669,-0.00783926235918132,-0.0289237477721014
"8475236",2018,-0.000514177792539952,0.000551997279163045,65.9685863874346,103.110693743397,-0.0339195821256722,0.0569168223989692
"8475287",2018,-0.000257221980123208,-0.000367244529676887,109.799408089444,63.6644046884639,-0.028242821165123,-0.0233804043569739
"8477220",2018,4.13443837301394e-05,0.000254666439901983,100.855504371533,98.3246073298429,0.00416980867403343,0.0250399777034516
"8471228",2018,0.000724390998140938,0,148.280496481935,0,0.107413056851383,0
"8471750",2018,0.000988925771334585,8.01958583147663e-05,122.856323487238,104.890969570038,0.121495784467948,0.00841182133413724
"8473994",2018,0.00144904478329577,0.00109130609157994,155.980861244019,100.014622020763,0.226023253279628,0.109146566258324
"8475794",2018,0.00122621610577499,0.000962986507567306,152.53980288097,107.724425887265,0.187046763064389,0.103737168664871
"8475906",2018,0.000433729632610114,0.000823071624526723,143.746031746032,67.7264109668951,0.0623469135383681,0.0557436870978869
"8476913",2018,0.000949892393008046,-0.000622977237841588,135.184922771716,96.2479112866474,0.128411129790233,-0.0599602579213778
"8476448",2018,0.00110630209574217,-0.000509055711008266,161.038123639881,106.901494982593,0.178156813677186,-0.0544188165362103
"8468674",2018,-0.000111376499505058,0.000117873217626468,25.7510729613734,138.689887195725,-0.00286806436493711,0.016347823256012
"8475188",2018,-7.34015397611499e-05,0.000356230705803514,10.0390407138873,132.716417910448,-0.000736881046124204,0.047277663223953
"8477478",2018,-0.000117400286974074,0,25.8064516129032,19.8895027624309,-0.0030296848251374,0
"8477930",2018,-0.000404103703924639,-0.000531909517365144,31.8801089918256,158.010543204217,-0.0128828701251179,-0.0840473117743595
"8477931",2018,-0.000205349735466593,0.00112203383658657,22.1368178324366,132.860184528034,-0.00454578968596301,0.14907362257559
"8474520",2018,-2.51033373565434e-05,-0.000116557396357856,16.7441860465116,108.108108108108,-0.000420334951086307,-0.0126007996062547
"8471691",2018,-2.78174412566268e-05,0.000602753358665893,103.216155572177,107.234042553191,-0.00287120934436387,0.0646356793122575
"8476902",2018,-0.000921751688472599,0.000483034993420856,88.1256850566314,85.6882406563355,-0.0812299989987544,0.0413904187616777
"8477406",2018,-0.00138307688211628,-0.000578216232951542,92.9718617499679,82.4935952177626,-0.128587232673691,-0.0476991358694441
"8469455",2018,-0.0017096259984276,-7.6881385558008e-05,128.995756718529,27.027027027027,-0.22053449937284,-0.00207787528535157
"8469465",2018,-0.000183041655210957,-0.000223361160829795,57.6,121.724709784411,-0.0105431993401511,-0.027188572479116
"8474849",2018,-0.000213860152984526,-3.82896160608107e-06,16.3001293661061,74.5516652433817,-0.00348594815990301,-0.000285455463886317
"8475730",2018,-0.00095225720029109,-0.000122084467804956,58.1721854304636,108.818092856366,-0.0553948824328274,-0.0132849989539198
"8476439",2018,0.000378188046689169,0,125.318622788663,0,0.0473940051662212,0
"8470140",2018,-0.00118603443200326,0.000187619470895202,108.88638920135,102.510169659688,-0.129143006769309,0.0192329037929282
"8477015",2018,0.000264935526156735,-0.00113632289333303,99.4736842105263,100.991352035436,0.0263541128650647,-0.114758785346521
"8471715",2018,-0.000558766543067437,-0.000428906279075751,99.438202247191,108.162243365048,-0.0555627405185036,-0.0463914653381884
"8468493",2018,-7.78471636102643e-05,-0.000465421685230288,21.5370455591348,129.685749660987,-0.00167659790932369,-0.0603585601575698
"8479458",2018,-6.92191019957018e-06,0.000327434904863328,21.9321148825065,134.87890705858,-0.000151812129703367,0.0441640621007958
"8474250",2018,-0.000446284722618082,0.000426039931475234,81.5895684570009,108.63309352518,-0.0364121779273616,0.0462820357214103
"8476879",2018,0.000362559043825354,0.00112227298890436,46.4516129032258,139.880146916683,0.016841452358339,0.156983710568567
"8473503",2018,0.000961490964633788,0.000395014039758964,128.439683278994,122.817314746882,0.123493594973178,0.048514563650514
"8476875",2018,-0.000123884452297764,9.24858338111556e-05,85.6090825406566,103.012678841456,-0.0106056343022633,0.00952721349577288
"8471873",2018,-8.17292020764135e-05,0.00049643671245876,33.448367401115,120.295737895042,-0.00273370837845185,0.0597192206434153
"8471239",2018,0.000545228157978193,-0.00210855987221143,104.899573950091,101.430889511727,0.0571942014775055,-0.213873103427139
"8474625",2018,0.000331493663444152,0,123.936816524909,0,0.0410842693454478,0
"8474641",2018,0.000885434681053182,-0.00176311807711603,143.453510436433,103.326810176125,0.127018713259242,-0.182177366872263
"8475151",2018,-0.000439890910618064,0.000299520310070734,155.565993424143,59.8141368628555,-0.0684320665085499,0.0179155488197758
"8475791",2018,0.000106021376916657,-3.27941021045566e-05,146.806207145435,7.68902178556173,0.0155645962214709,-0.000252154565519872
"8477355",2018,-3.68477015259377e-05,-0.000277955227187796,129.021827000808,12.2657580919932,-0.00475415777165696,-0.00340933157709052
"8473541",2018,-0.000216299470247291,-7.61748037858025e-05,101.33602218301,124.605451936872,-0.0219189279151528,-0.00949179585193249
"8471226",2018,0.000240387153242131,6.37648362696833e-05,91.0153595215441,16.1434977578475,0.021878923176693,0.00102938749134915
"8475149",2018,-0.000128187170154912,4.66799007667444e-06,90.2140113407719,23.3261339092873,-0.0115642788220967,0.000108886161615732
"8476923",2018,0.000189535582459354,-0.000182175784387451,71.3602187286398,34.2653182629387,0.0135253006211597,-0.00624231123183653
"8478401",2018,0.000690608432721011,-0.000216844836897295,92.7567567567568,70.2089552238806,0.0640585984080678,-0.0152244494442519
"8480002",2018,0.000417194004820563,-0.000473505159967275,83.4626530803029,49.4874184529357,0.0348201184915208,-0.0234325479909248
"8479407",2018,0.000320477751788116,-0.000363181384893677,97.3464746019712,69.0117252931323,0.0311973793249386,-0.0250637739658618
"8477456",2018,0.000208950761290081,-6.1995488088708e-05,102.208201892744,138.56022808268,0.0213564815955793,-0.00859010896966846
"8476474",2018,-0.000627847642335379,-0.000514070374367199,38.5284280936455,85.459940652819,-0.0241899827414835,-0.0439324236847933
"8471262",2018,-0.000351761356311558,0.00025880847500269,72.4680226462571,140.85748925383,-0.0254914499352641,0.0364551119864915
"8477453",2018,0.000160802063639926,-1.03685653683362e-05,60.5042016806723,88.3150419625565,0.0097292004891384,-0.000915700285596118
"8479370",2018,0.000501342979753307,-3.48811082850925e-05,127.780625320349,60.1307189542484,0.0640619194528444,-0.0020974261191036
"8470852",2018,-0.000168447088955386,0,118.647007805724,0,-0.0199857430781412,0
"8477959",2018,0.000258696768951763,0,69.1898285038439,0,0.017899185078271,0
"8466251",2018,2.88241727490874e-05,0.000112098602717249,13.1506849315069,76.9124741557547,0.000379057614234574,0.00862178088438661
"8473579",2018,-2.70360502917036e-05,0.000701489437627581,12.4137931034483,104.166666666667,-0.00033561993465563,0.0730718164195397
"8475177",2018,-2.70360372165146e-05,0.000250383161758818,4.05405405405405,133.816075307748,-0.000109605556283167,0.0335052920297101
"8475231",2018,3.36349790868822e-05,-0.000375232400246528,6.3305978898007,166.451612903226,0.000212929527630907,-0.0624580382345833
"8473434",2018,0.000740231545055691,-8.24147732539906e-05,109.496717724289,117.055214723926,0.0810529245395773,-0.00964707897966958
"8475208",2018,-0.000178359883011156,-0.000574836430476827,20.141738157404,114.672441797509,-0.00359247806139591,-0.065917897116942
"8475810",2018,-0.000277584621255003,0.000307405647158589,55.4821664464993,95.1003541912633,-0.0154009961594586,0.0292343859251763
"8476293",2018,-6.37473171026697e-06,0.000612114015771291,57.2883513685551,81.336785125912,-0.000365197870098044,0.0497873861733486
"8477839",2018,-0.000985355276656713,0.000195861475983877,64.6875,17.6470588235294,-0.0637401694587311,0.00345637898795077
"8477424",2018,0.000429607526985476,-0.00072096475158712,114.399205561072,110.463202445333,0.0491467597901955,-0.079640075310517
"8475714",2018,-0.000240248037541457,-0.000607140558961721,70.4409079050352,123.810719216769,-0.0169232898868232,-0.075170509270722
"8474134",2018,2.38624137843338e-05,-7.5907247276339e-05,7.5,13.4579439252336,0.000178968103382504,-0.00102155547736381
"8476447",2018,-3.27236748265247e-05,0.000215591933674145,4.8582995951417,84.375,-0.000158981416161254,0.018190569403756
"8475832",2018,4.75704743561135e-06,0.000246241023051173,22.7667984189723,118.81320146683,0.000108302740036053,0.0292566842811772
"8477240",2018,0.000121180256998303,0.000174489627691938,8.1447963800905,118.269230769231,0.000986988518538218,0.020636754044335
"8471702",2018,-0.000390296885228943,-0.0014580965960801,35.9542400581079,122.125147579693,-0.0140328279054532,-0.178070261981731
"8475792",2018,-0.000467529843379009,-4.32120765758343e-05,77.1073238139106,11.9205298013245,-0.0360499750260921,-0.00051511084659935
"8477444",2018,-0.000660168966350823,0,60.6154441648926,0,-0.0400164351192332,0
"8477944",2018,0.000148138532925051,8.3516948379451e-05,63.4760705289673,14.9377593360996,0.0094032519640083,0.00124755607537769
"8471219",2018,-0.000429470902332886,0.000197823651711828,141.798941798942,87.8048780487805,-0.0608985194842399,0.0173698816137214
"8471774",2018,0.00029637166287864,0.000213847115482205,105.827018552391,122.140060896042,0.0313641294658608,0.0261192997074394
"8474589",2018,-0.000395236283300688,0,108.208092485549,0,-0.0427677642970456,0
"8473533",2018,0.00107361092204878,0.000960351434085797,139.017935901206,136.067796610169,0.149251174344211,0.130672903607471
"8474152",2018,-0.000469264571351733,-0.000792836039549302,119.56655801251,114.027149321267,-0.0561083495937426,-0.0904048334689701
"8475753",2018,0.00067590398021215,0.000145094181409989,140.841539838854,67.7295918367347,0.0951953573562896,0.00982716968478368
"8476882",2018,0.000625143581035173,-6.36161604727318e-05,151.488549618321,8.10810810810811,0.0947020943942214,-0.000515806706535663
"8477496",2018,0.000616220147440261,-0.000136495864521835,145.518453427065,117.841726618705,0.0896714028261048,-0.0160849083515659
"8478427",2018,-5.58812447295908e-05,4.63904000253224e-05,140.660625548085,24.9566724436742,-0.0078602908400699,0.00115775001796298
"8468508",2018,-2.03470416672307e-05,-4.77548908499484e-05,120.547945205479,3.78947368421053,-0.00245279406399493,-0.000180965902168226
"8475784",2018,-0.000103361413470834,0,123.670212765957,0,-0.0127827279957282,0
"8476437",2018,0.000296922130828885,-4.775491186713e-05,135.179760319574,5.53846153846154,0.0401378624790259,-0.00026448874264872
"8478396",2018,0.000188514655792069,-0.000120689440940475,118.055735580039,28.2574568288854,0.0222552363571506,-0.00341037666707779
"8478585",2018,-0.000244392726660586,0.000359023554211845,121.166153116852,66.6947368421053,-0.0296121265392016,0.0239449814682763
"8476914",2018,-0.000390184808256885,0.000285555072494403,84.2568513702741,110.865322055953,-0.0328757433962392,0.0316581550768031
"8471273",2018,0.000360392319218024,-0.0021470510075925,28.171334431631,143.202788599549,0.0101527325512821,-0.307463691552718
"8477947",2018,-0.000358154100508963,0,73.7136856842842,0,-0.0264008587914552,0
"8479400",2018,-0.000139919227306241,0.000186948174138314,120.287375983578,28.4510010537408,-0.0168305167023176,0.00531886269940408
"8477293",2018,-0.000219898353190182,-0.000551716072088907,116.625133499466,114.929577464789,-0.0256456747971177,-0.0634084950457109
"8471426",2018,0.000455493238378098,-0.000577445844912633,142.983870967742,149.375448671931,0.065128186422933,-0.0862562321675668
"8470966",2018,-0.000349484932574533,-1.08985253403932e-05,125.075931550485,128.603398259428,-0.0437121535046183,-0.00140158739479105
"8474150",2018,-0.000541492326119977,1.22997213362413e-05,94.087705559906,143.31076348354,-0.050947770542925,0.00176268245533152
"8476462",2018,-0.00109399858506461,-0.000454307228286811,112.829697167047,51.2658227848101,-0.123435529054017,-0.0232904338552099
"8477935",2018,-0.000395701381448168,-0.000783932229416432,83.050617451486,88.3329324031754,-0.0328632440556763,-0.0692470326297122
"8479314",2018,-2.52673205678418e-06,0,125.345263567399,0,-0.00031671389562181,0
"8470626",2018,0.000309273644771761,0.000846256677111407,92.749658002736,98.0405181002989,0.0286850247818404,0.0829674430698397
"8474593",2018,0.000322991846136828,-0.000368134000781249,99.5258912628533,97.999493542669,0.0321460513574022,-0.0360769456323989
"8475788",2018,-6.47234072055878e-05,0.000192344467770856,99.0825688073394,92.6790024135157,-0.00641296144789311,0.0178262933927615
"8476466",2018,9.81663543606132e-05,0,103.357664233577,0,0.0101462450930386,0
"8477018",2018,-0.000515308404621827,-0.000625458459262427,82.3211212195722,84.8812095032397,-0.0424207656423378,-0.0530896705162276
"8477500",2018,-0.000188263050443011,-9.69112734953191e-05,130.083292503675,96.3597430406852,-0.0244898774584123,-0.00933834541175452
"8467875",2018,0.000481273111090339,-0.000344637118622702,136.566547258198,13.7142857142857,0.0657258070698187,-0.00472645191253991
"8467876",2018,0.00086291109810086,-7.83687993429673e-05,134.591534106228,3.0690537084399,0.116140528490685,-0.000240518054249516
"8470598",2018,-0.000500628718368937,-7.83688051005439e-05,94.4900821478662,4.85175202156334,-0.0473044487242618,-0.000380226008574068
"8471303",2018,0.00100382882263778,-4.49268300572392e-05,130.816594327243,121.889763779528,0.131317467865001,-0.00547612070303986
"8474040",2018,-0.000232378075910689,0.000155737739372957,98.7467486403405,26.4705882352941,-0.0229465794514788,0.00412246957163709
"8476316",2018,-6.68191115051561e-05,-0.000735060230140231,119.185888738128,94.3958868894602,-0.00796389518943407,-0.0693866623412578
"8471729",2018,-0.000341168350427636,-0.000915826594638369,60.9480812641084,102.253909843606,-0.0207935563466053,-0.0936468500405288
"8479442",2018,8.91677737111196e-05,0.000253904196542029,40.106100795756,83.0430797433547,0.00357617172019132,0.0210849864406121
"8475462",2018,-3.40474089549254e-05,9.69160550093822e-05,7.70877944325482,105.50621669627,-0.000262463966247819,0.0102252463011675
"8479613",2018,-6.23970272944238e-05,0,69.2307692307692,NA,-0.00431979419730626,NA
"8477180",2018,-0.00047263548824843,0.00053810331429848,121.301518438178,113.011152416357,-0.0573314023923041,0.0608116756679323
"8476918",2018,0.000753070634114259,-0.000148384499220376,88.3905762134544,51.0480887792848,0.0665643472787908,-0.00757474508967145
"8476792",2018,0.0011353292471112,0.000487488023012204,147.927272727273,37.6152427781192,0.167946159172668,0.0183369803370294
"8478075",2018,0.000218430861927962,0,55.0567340897879,0,0.012026089882171,0
"8478366",2018,0.000296692441559116,0,58.3412774070543,0,0.0173094160375766,0
"8471306",2018,0.000234449735099499,0.000222004987885955,108.533145275035,122.647837599294,0.0254455671592474,0.0272284317004698
"8474066",2018,0.000102130627502488,0.000983671270573109,7.94701986754967,127.151353319578,0.000811634125847588,0.125075133274959
"8475186",2018,3.09249317498079e-05,-0.000654383083725636,34.8457350272232,88.0374974526187,0.00107760197748877,-0.0576102490665325
"8474618",2018,-0.0001114530265804,0.000543464032506256,79.9192734611504,145.401966454598,-0.00890724490935186,0.0790207390237553
"8475185",2018,-8.34586026816787e-05,9.23648327880306e-05,5.86319218241042,117.952218430034,-0.000489333826798116,0.0108946369322674
"8475728",2018,-0.000139062853915247,0.000595387778677298,9.99074930619797,146.570290603334,-0.00138934211127166,0.0872661597424049
"8476807",2018,-0.000508441635994549,0.000140591271406836,76.9596199524941,25.8249641319943,-0.0391294750741648,0.003630764541353
"8476931",2018,-0.00072916277293777,0.0011673907740787,38.7904066736183,90,-0.0282845204935194,0.105065169667083
"8476341",2018,-5.29727628333584e-05,-0.000994851654933818,109.923664122137,108.347853635356,-0.00582296018931573,-0.107790041497661
"8470607",2018,9.4440096493266e-05,9.75941290866268e-05,104.288321167883,131.269785437918,0.0098489991142156,0.0128111603852019
"8477451",2018,0.000155307223760545,0.000358839932194369,82.8188701223064,64.0371229698376,0.0128623687936806,0.022979076864419
"8480157",2018,-3.77178954928271e-05,0,47.3684210526316,0,-0.00178663715492339,0
"8478055",2018,-0.000488802755457311,-0.0012235682137822,96.469104665826,125.164442773915,-0.0471543641771555,-0.153147233673923
"8475786",2018,-0.00010758851187489,0.00117366404744771,26.5617314313822,135.640886965928,-0.0028577371575229,0.159196832395828
"8475831",2018,-0.000522957345192709,-0.00040978204509155,113.619210977702,114.450867052023,-0.0594180009357891,-0.0468999103630791
"8475163",2018,0.000201492587183152,-0.000191386356607858,56.25,131.077602059581,0.0113339580290523,-0.0250864646910778
"8475200",2018,-0.000873358353721523,0.0011455616117428,57.7577773429857,83.223992502343,-0.0504432373348843,0.0953382109866551
"8469638",2018,1.24615187232143e-05,-6.01501948450902e-05,107.462686567164,93.7577511368334,0.00133914828070362,-0.00563954699911801
"8477464",2018,-5.02839522472248e-05,0,81.1091854419411,0,-0.00407849040757386,0
"8475179",2018,3.04707696421e-05,0.000591625168067722,17.8217821782178,148.501586555412,0.000543043419364158,0.087857276104169
"8470612",2018,3.61126528949703e-05,0.000481198844633508,145.958795562599,113.201896680809,0.00527095932112008,0.0544726218931269
"8474683",2018,0.00042885691002011,3.21207111799811e-05,91.8438345574024,97.1443542048729,0.0393878630926858,0.00312034574418051
"8475622",2018,-0.000103060588177846,-0.000312260063359561,98.9253914645379,103.7517053206,-0.010195309030059,-0.0323975140770731
"8473507",2018,0.000826978935217307,9.26277445086521e-05,130.731536576829,119.366197183099,0.108112226917628,0.0110566216156454
"8471742",2018,0.000167687340347663,-4.03417454232118e-05,131.144915932746,12.5874125874126,0.0219913421528801,-0.00050779819413833
"8475852",2018,0.000161573593356232,-0.000193616404252612,107.820299500832,111.996126376952,0.0174209132270946,-0.0216842872793265
"8477945",2018,-0.000330483657469486,-1.32339514458953e-05,93.4789023310711,10.0278551532033,-0.0308932495386053,-0.000132708148203964
"8478469",2018,-0.000412112037814078,0.000152168412526656,81.9329696024942,26.4,-0.0337655630670428,0.00401724609070372
"8474218",2018,-0.00030996227590028,-0.000177810014144972,80.3001876172608,111.78838412881,-0.0248900289090656,-0.0198770941631872
"8476393",2018,0.000368083916704453,-6.54183642100628e-06,58.5365853658537,30.188679245283,0.021546375611968,-0.000197489401388869
"8476207",2018,-0.000100022543771404,0.000374573951065276,2.87539936102236,124.622356495468,-0.000287604758448126,0.0466802884635729
"8476399",2018,3.68677353205724e-06,0.000537187349224608,6.84736091298146,111.691827173347,2.52446689784234e-05,0.0599994365693034
"8477425",2018,7.30340460622537e-05,6.22240667449364e-05,84.375,6.282722513089,0.00616224763650265,0.000390936544994365
"8471887",2018,0.00256073130853121,-1.54833919343574e-05,151.618020304569,9.11392405063291,0.38825301153143,-0.000141114458135916
"8476874",2018,-0.00139755823826559,-0.000373201840994964,71.8460441910192,95.2207969122488,-0.100409030945953,-0.0355365767086589
"8471436",2018,-3.92264437879899e-06,-0.000678477697532601,18.9806678383128,96.568933250156,-7.44544100018085e-05,-0.0655198674847453
"8471418",2018,0.000966850847016095,0.000684399289700746,119.172932330827,108.566622612039,0.115222450565452,0.0743029194008884
"8470622",2018,-0.000229618531804768,0,144.723618090452,0,-0.0332312247034036,0
"8475762",2018,6.04323580080232e-05,0.00032203040375168,16.9014084507042,130.791121229368,0.00102139196633279,0.0421187175766284
"8448208",2018,-4.21974779732309e-05,0,98.1348637015782,0,-0.00414104374945336,0
"8474550",2018,0.000691034475225581,0.000468354832375732,113.493064312736,140.206851971558,0.078427620139095,0.065666556653068
"8476436",2018,-4.56250815892255e-05,-0.000113306300379787,38.9508196721311,31.858407079646,-0.00177713432550819,-0.00360975824218792
"8475755",2018,-5.90654787002401e-06,0.000587026224629996,16.289592760181,70.5253784505788,-9.62152594212055e-05,0.0414002466524449
"8477452",2018,-0.000133964118468268,0.000342896419934838,56.0311284046693,111.818181818182,-0.00750616072351385,0.0383420542290774
"8479398",2018,0.000216829327538668,0,98.7972884321015,0,0.0214221496133763,0
"8471476",2018,-1.456192734309e-06,0.00110875023029985,12.388162422574,129.090686574471,-1.8039552111192e-05,0.14312932846901
"8473485",2018,-0.000502620699458011,0,76.0076775431862,0,-0.0382030320509352,0
"8464989",2018,3.11765122734652e-05,0.000158645029759739,23.9114391143911,98.6859990937925,0.000745475275026031,0.0156560432631043
"8478493",2018,3.86917139014252e-05,0.0012383811220063,35.3474320241692,109.07087770841,0.00136765272702923,0.135071315914752
"8478444",2018,0.000410333296071299,0,140.368900303526,6.88995215311005,0.0575980335274492,0
"8474584",2018,-0.000155826247336189,0.000731539977895712,71.3324850027268,101.113267286283,-0.0111154734511399,0.0739683973155709
"8475690",2018,-9.31713257556484e-05,0.00022479249695441,24.8133256748995,125.288562434418,-0.00231189044953705,0.0281639287894613
"8476440",2018,-9.0300017138765e-05,0.000411318581483092,110.460251046025,114.363143631436,-0.00997456256260835,0.0470396860124295
"8476921",2018,-0.000130273819516605,0.000235225079903176,20.162932790224,145.355888924354,-0.00262670226723907,0.0341913505866283
"8468509",2018,0.000210037296614335,0.000217552128114802,102.010582010582,61.3579212070411,0.0214260268715576,0.0133485463352922
"8475324",2018,0.000342538530698051,-0.000728641181380409,25.4416961130742,97.8513107004727,0.00871476120503874,-0.0712984946284139
"8470755",2018,-8.35669247028581e-05,-0.000817889991268577,9.06801007556675,143.709468223087,-0.000757785715189645,-0.117538535710192
"8471769",2018,-4.48582379286262e-05,-0.000216902903409367,25.7296009529482,146.554054054054,-0.00115418456135596,-0.0317879998307376
"8476356",2018,-0.000233679804634671,0.000781729598857947,89.8047722342733,92.9479768786127,-0.0209855616309661,0.0726601846799757
"8478474",2018,-2.74619938841643e-05,3.83334875445735e-05,34.6153846153846,117.209302325581,-0.000950607480605687,0.00449304133080582
"8475820",2018,0.000171053700422423,-1.96806745437205e-05,94.5617740232313,16.0714285714286,0.0161751413651827,-0.000316296555166937
"8475841",2018,-0.000420588226158799,-1.96806770165961e-05,112.528358961432,19.4594594594595,-0.0473281028881493,-0.000382975336539167
"8477046",2018,-0.000233572596814173,0.000226668333117816,61.8025751072961,75.8667573079538,-0.0144353879576141,0.0171965914180477
"8477043",2018,-0.000105133535958465,0.000191706223281569,34.2105263157895,22.3950233281493,-0.00359667359857908,0.00429326534254213
"8473499",2018,-5.14283659941246e-05,-1.0399364945187e-05,153.020134228188,126,-0.00786957546755732,-0.00131031998309356
"8476368",2018,-2.73692960373851e-05,-0.000154810720795506,25.2336448598131,86.4160774097507,-0.000690627096270466,-0.0133781352321237
"8473564",2018,-0.000677050428796985,-0.00105496085354482,55.0649350649351,121.444493981275,-0.0372817378973924,-0.128119187028804
"8474612",2018,0.000197840867886485,0.000216667815906857,24.8790601243953,129.170383586084,0.0049220948472104,0.0279870648914478
"8477508",2018,-4.18093699827946e-05,0.000531651813904959,21.0526315789474,64.6601941747573,-0.000880197262795676,0.0343767095204566
"8474038",2018,0.000896724978352902,-0.000200151095913861,100.884955752212,126.033166622795,0.0904660597630362,-0.0252256764210468
"8477964",2018,-4.0357234372666e-05,-5.33796894894999e-05,47.6093591047813,67.9245283018868,-0.00192138206372408,-0.00362579022947547
"8478104",2018,0.000137648207396759,0,110.385756676558,0,0.015194401528663,0
"8476234",2018,0.000152404988882753,0.000258294254700898,96.9301376848547,106.533043396048,0.014772636556264,0.0275168730450007
"8476463",2018,-0.000847142622264761,0.00129526660504528,76.3092269326683,114.693295292439,-0.0646447986067374,0.148558395214894
"8476925",2018,-0.000642760410603066,0.000888164577912609,104.336947456214,126.475650501164,-0.0670636591880263,0.112331192743589
"8478046",2018,-0.000160617652202196,-0.000603951044693228,104.036504036504,79.6546141392337,-0.0167100990216676,-0.0481074874240262
"8477237",2018,0.000276834389741557,0.000806490175173642,101.581243184297,114.807605929031,0.0281211814661135,0.092591206216971
"8479977",2018,0.00033088689180068,6.22485511966599e-05,165.079365079365,22.0858895705521,0.0546225980115408,0.00137481462765629
"8476884",2018,-0.000934109424405922,0.000341024415393239,89.568345323741,33.6448598130841,-0.0836666354953505,0.0114737186487445
"8474166",2018,0.000309371181305621,-0.00138312898865919,112.315270935961,107.653153972005,0.034747108048119,-0.148898197979272
"8476779",2018,-0.000603291435061333,0.00011681689885213,128.386167146974,47.8723404255319,-0.0774542750201221,0.00559229834930408
"8476876",2018,-0.000353217168030184,-0.000231985571940025,100.504322766571,104.13487133984,-0.0354998522623996,-0.0241577876866738
"8477949",2018,-0.000110721718108857,0.000118115661610377,158.9306129628,31.9644839067703,-0.017597070527335,0.00377550616468241
"8471699",2018,7.33366960774233e-06,-0.000838136659296503,18.8591385331781,103.4404536862,0.000138306691088971,-0.0866972362886666
"8476878",2018,-6.06447693692489e-05,-0.000209563189932913,22.0633299284985,124.720738222438,-0.00133802555503144,-0.0261368757526819
"8471678",2018,-0.000549679474199735,0.000401375757642056,50.9615384615385,145.622460288142,-0.028012511665948,0.0584493253278532
"8475311",2018,-0.000846968754489809,-0.00110377072167467,116.162639270728,119.718504208638,-0.0983861259013773,-0.13214177978818
"8471794",2018,0.000191679485410486,-0.00147084781679752,14.1732283464567,117.348309119766,0.00271671711605413,-0.172601504273688
"8469514",2018,0.000446602767279425,-0.000385168472341272,109.756097560976,112.307692307692,0.0490173768965222,-0.0432573822783275
"8474090",2018,-0.00015031096829495,-0.00127839990624753,30.2945301542777,74.2913973147688,-0.00455360016153005,-0.0949741153621986
"8476869",2018,-0.001248286729251,-0.000179921498569639,79.9284756370139,92.0856021273901,-0.0997736554269467,-0.0165681795314476
"8471686",2018,-0.000188306723061703,-0.00140252127199866,35.2509179926561,121.994884910486,-0.00663798485211389,-0.171100421161985
"8475855",2018,-0.000110062350957667,-0.000839046756999045,13.3630289532294,117.044334975369,-0.0014707663825078,-0.0982056696861936
"8480015",2018,0.000263933129062586,-1.37588375749642e-05,160,23.841059602649,0.0422293006500138,-0.000328025266687887
"8475195",2018,-0.000259493622953609,0.00112686954973586,108.363072148953,109.51821386604,-0.0281195261863151,0.1234127403471
"8474578",2018,0.000362868181704761,-0.000794581297953554,129.896907216495,88.1611360672366,0.0471354545307215,-0.0700511899253648
"8470775",2018,-0.00029232534528829,0.00075345337490263,15.2758132956153,137.609162491052,-0.00446550739620019,0.103682087896408
"8471768",2018,-6.19863057988804e-05,0.000270288676553402,2.66469282013323,140.646830530401,-0.00016517446400886,0.0380152456854927
"8476419",2018,-6.12679894982244e-05,0.000568617049628003,91.6537524905911,122.644315262944,-0.00561544114506639,0.0697376486984621
"8474610",2018,-3.34574595234987e-05,0,58.6319218241042,0,-0.00196167515121491,0
"8471677",2018,-0.000170879259306555,-0.00186469450138189,13.4050475796442,123.717124488603,-0.00229064460137872,-0.230694641760677
"8475233",2018,-0.000184876119737664,-0.00109472808655402,19.2233009708738,120.22641509434,-0.00355392929204442,-0.131615233349476
"8476310",2018,-0.00015656309852632,-0.000355935392409465,15.041782729805,98.7751102400784,-0.00235498811153796,-0.0351575576235905
"8474685",2018,1.17971493504063e-05,-0.000751156980714081,30.3249097472924,113.404050144648,0.000357747489326399,-0.085184243907402
"8478499",2018,0.000192330981257217,-0.000215297315392555,96,108.958837772397,0.0184637742006929,-0.02345854526069
"8470320",2018,0.00141896084863968,0.000117779686962315,124.288513576561,106.860706860707,0.176360534700761,0.0125860206026257
"8476336",2018,-2.54231186496253e-05,0.00066147594506184,29.4599018003273,87.0554765291607,-0.000748962578876033,0.0575851036099354
"8476457",2018,-0.000108465943812093,-0.000554989390802906,7.19041278295606,110.62335381914,-0.000779914908901864,-0.0613947877446586
"8475715",2018,-0.000156132829794302,0.000244545127748325,49.9009900990099,83.953359244864,-0.00779118279369586,0.0205303849614363
"8469521",2018,-0.000318929080619356,0.000126096095294125,25.3186813186813,154.530201342282,-0.00807486375546149,0.0194856549942766
"8478414",2018,0.00136713982031845,0.00031902597496208,91.5109955072121,55.4150632215503,0.125108325954892,0.0176788445718404
"8470147",2018,-0.000419927788766411,0.000124159547773074,127.152317880795,114.909701805964,-0.053394791684206,0.0142671366109673
"8470257",2018,-0.000969812957846218,0.000192049825282688,138.337801608579,120.805369127517,-0.134161792559959,0.0232006500341503
"8476476",2018,-0.000309767758613245,0.000225083566607981,79.2537313432836,88.4943666780471,-0.0245502507199452,0.0199186276766093
"8476479",2018,-0.000498120213218705,-0.000218077666600846,105.180722891566,135.333073626802,-0.0523926441132445,-0.0295131209104534
"8470638",2018,-0.000142075854669651,-6.59058033452948e-06,155.354479467038,124.118651964591,-0.0220721204470382,-0.000818013946786141
"8475844",2018,0.000414443112354135,0,169.911504424779,0,0.0704186527185787,0
"8470655",2018,0.000678646375261842,1.45033063225459e-05,94.8844455985458,20.8782104391052,0.0643929850741825,0.000302803081464918
"8465009",2018,-0.000230901430522485,-0.000138303989038889,32.6220403390821,127.635014429023,-0.00753247578085628,-0.01765243163657
"8477506",2018,-0.000136982195177103,-1.03716737927865e-05,81.8858560794045,13.3004926108374,-0.0112169043197132,-0.000137948370642973
"8476917",2018,0.000243752807026784,0.000450198550488551,35.2173913043478,144.202663202338,0.00858433798659543,0.0649198299502815
"8476429",2018,5.65926035023237e-05,-0.000217513266234039,17.007874015748,124.106230847804,0.000962519870590702,-0.0269947516317015
"8474668",2018,-0.000430608684085007,1.3904515025383e-05,58.3783783783784,52.4271844660194,-0.0251382366925301,0.000728974574146292
"8477948",2018,-0.000128681438805414,-0.000253758357696954,45.5936675461741,50.2325581395349,-0.00586705874025742,-0.0127469314564051
"8475323",2018,2.23960345497624e-05,-0.0016635105877187,23.5514018691589,130.135557872784,0.000527458009957022,-0.216481878360056
"8475807",2018,-5.48647209024905e-06,-3.58317372077239e-05,5.64263322884013,133.404255319149,-3.09581497255432e-05,-0.00478010621898784
"8476958",2018,0.000721282537394894,-0.00157410803918778,64.8248643315244,140.46908315565,0.0467570426313217,-0.221113513052646
"8477591",2018,-5.48441901896792e-06,-0.000706639123558227,8.15402038505096,105.272485600354,-4.47200644808256e-05,-0.0743896569594306
"8478398",2018,0.000507456071126912,-3.60952122200194e-06,120.73766045923,6.30472854640981,0.0612690588136958,-2.27570514872276e-05
"8477034",2018,3.05037885863494e-05,0.000258902160457233,32.9268292682927,100.650195058518,0.00100439303881882,0.0260585529510921
"8474074",2018,-0.000201329375314393,0,77.7327935222672,0,-0.0156498947612807,0
"8471498",2018,-0.000152844440735197,-0.000828778488919948,22.7848101265823,91.3989637305699,-0.00348253156105511,-0.0757494950494709
"8475736",2018,-0.000128546364561829,0.000532318506933278,41.9825072886297,104.43956043956,-0.00539669868714385,0.0555951108779547
"8475796",2018,-0.000286326883837594,-0.0002010215401235,31.9097502014504,112.100313479624,-0.00913661933921735,-0.0225345776640012
"8477346",2018,0.000480929950594934,3.09450358093414e-05,77.8702163061564,33.4710743801653,0.0374501192809366,0.00103576359527134
"8476432",2018,0.000552597364973572,-2.8184477563423e-05,65.2474108170311,120.288272548591,0.0360555472888395,-0.00339026211878869
"8474642",2018,-0.000100652183704274,-4.66085739709758e-06,47.7574226152874,114.412416851441,-0.00480688887431655,-0.000533259959401852
"8474739",2018,1.11168048119928e-05,0.000889238601016225,54.0874944763588,102.804377564979,0.000601280118863421,0.0914176208842261
"8476473",2018,0.00019871458859076,-0.000249840488994076,10.9024833434282,94.0879596250901,0.00216648249220695,-0.0235069818411874
"8477401",2018,0.000272061013381721,4.18300145930465e-05,28.3870967741935,105.489063144862,0.00772302231535207,0.00441260905075637
"8477851",2018,0.000277284033351876,-8.13294945671093e-06,103.354178510517,90.1325478645066,0.028658463481166,-0.000733043456186611
"8479650",2018,-0.000100028208226286,0,94.1176470588235,0,-0.00941441959776805,0
"8475175",2018,-0.000124230037956872,0.000264379523825671,19.9630314232902,107.820299500832,-0.00248000815144957,0.0285054794407712
"8476854",2018,0.000867166488801529,-0.000509492149029422,90.5372793090309,132.044805622666,0.0785108946040556,-0.0672757917848646
"8477244",2018,-0.000332915385605907,-7.23779158988433e-05,25.668449197861,104.963554321416,-0.00854542166261152,-0.00759704330711914
"8477073",2018,0.000123595970181635,9.20178889375052e-06,76.7772511848341,43.7025796661609,0.00948935884806867,0.000402141912200326
"8470760",2018,5.25412360826393e-05,-0.00022093314177472,19.6007259528131,103.996148290804,0.00102984636967787,-0.022976195774357
"8476861",2018,7.84093831188625e-05,-0.000229506689283638,128.316831683168,89.3485005170631,0.0100612436160441,-0.0205060785461285
"8476981",2018,0.000574324311428149,0.000949350655517408,77.2243984331281,83.3451452870305,0.0443518494555594,0.079123768312436
"8475761",2018,-3.05586102794043e-05,0,137.579617834395,0,-0.00420424192379066,0
"8475663",2018,-9.68333336147539e-05,0.000250813455968717,121.206821163096,115.990453460621,-0.0117368605500699,0.0290919664918369
"8477922",2018,-0.000189666340703397,0.00121593401576847,10.9756097560976,120.474777448071,-0.00208170373942753,0.146489379941246
"8473991",2018,-6.71577098629953e-05,0.000207390570438217,7.88321167883212,142.72,-0.000529418442715583,0.0295987822129423
"8474018",2018,0.000405465506136225,-3.89972411414309e-05,93.8514510575504,22.6415094339623,0.0380535261046688,-0.00088295640320221
"8478488",2018,-5.32146126085849e-05,0,68.7585266030014,0,-0.0036589583567158,0
"8474627",2018,-9.38848308551659e-05,-0.000289169527190534,62.0689655172414,95.8133971291866,-0.00582733432894133,-0.0277063147463657
"8476960",2018,0.000876241419239936,-0.00136822556579889,104.028021015762,56.7164179104478,0.091153660775573,-0.0776008529856085
"8473504",2018,-0.000199106354719424,0.00116443445200001,13.3498145859085,171.258165293951,-0.00265803291838044,0.199418907854588
"8477937",2018,-7.07873933581619e-05,2.08487560269451e-12,50.1392757660167,7.11462450592885,-0.00354922863634238,1.48331070547435e-11
"8477448",2018,8.70484436745108e-06,0,31.5789473684211,0,0.000274889822130034,0
"8477213",2018,-0.000254949639637496,0.00180405884202511,11.6693679092383,120.041536863967,-0.00297510114325765,0.216561995989723
"8476410",2018,-0.00081733732550302,0,120.952962736713,0,-0.0988593710748918,0
"8474145",2018,0.000119150556181792,0.000645575250449764,10.4347826086957,84.8589125946318,0.00124331015146217,0.0547828137511741
"8475902",2018,-0.000214346075208022,0,62.6086956521739,0,-0.013419928186937,0
"8476469",2018,-0.000598664723789493,0.000113406512003827,112.386182974418,133.774834437086,-0.0672816431881356,0.0151709373673993
"8479193",2018,0.000259026159359605,-0.000612527456042301,91.5065096094234,97.2354623450906,0.0237025797405317,-0.0595593903873353
"8471817",2018,-0.000273813549185877,0,24.9134948096886,0,-0.00682165243646475,0
"8474013",2018,-5.08597759981523e-05,-0.000343341383128807,5.76,102.879327078615,-0.000292952309749357,-0.0353227304545327
"8474189",2018,3.08997663097999e-05,0.000349262851747313,71.4422158548233,107.956659735143,0.00220754777456832,0.0377052508442103
"8476509",2018,0.000218687252169058,-0.000182202148505151,122.338403041825,116.718129686811,0.0267538491959674,-0.0212662939984397
"8475809",2018,-0.000505793543550144,0.000429666186034439,98.3050847457627,98.2874162323157,-0.0497220771625565,0.0422307792677185
"8478268",2018,0.000172131596100171,0,720,0,0.123934749192123,0
"8477446",2018,-0.000135929438972938,0,94.1176470588235,0,-0.0127933589621589,0
"8475869",2018,4.70439036201058e-05,-0.000380444452542592,21.5568862275449,103.718839395178,0.00101412007803821,-0.0394592570720514
"8470543",2018,-0.000305057601552657,-1.02454221991433e-05,50.6804317221961,79.1979949874687,-0.0154604509468264,-0.000811416895972254
"8477009",2018,1.37615801030818e-05,-0.000325384947200164,17.8394449950446,81.3375508359693,0.000245498951293829,-0.0264660146841525
"8477447",2018,-3.45874555849943e-05,-0.000313264284633965,145.747637576431,39.5604395604396,-0.00504103994129266,-0.0123928727987063
"8476431",2018,3.69907670600953e-05,-1.87581827306339e-05,16.9014084507042,69.2307692307692,0.000625196062987527,-0.00129864341981312
"8475222",2018,-0.000295432398439167,-0.000591507530536095,112.872975277067,108.568470100958,-0.0333463338050688,-0.0642190676434995
"8479290",2018,-3.89763780670024e-05,0,44.4444444444444,0,-0.00173228346964455,0
"8478843",2018,-0.000508083224722925,0,92.6126976634411,0,-0.0470549580791305,0
"8476850",2018,0.000370701437919895,0.00114942429954572,20.8311415044713,110.956707642972,0.00772213410922032,0.127536335962422
"8478906",2018,0.000136547465481536,-0.000191479725088457,47.8784040531982,23.5294117647059,0.0065376747247651,-0.00450540529619898
"8477465",2018,0.000410849996224801,-0.00021494612495045,116.690856313498,106.340859882462,0.0479424378758694,-0.022857555755634
"8476934",2018,0.000373260394595836,-0.000379747037473495,79.4117647058823,99.1394148020654,0.0296412666296693,-0.0376478990679403
"8478421",2018,-3.91638905891408e-05,0,47.787610619469,0,-0.00187154875381735,0
"8479292",2018,-0.000763719428326162,-0.000589499492571981,110.526315789474,113.981762917933,-0.0844110947097337,-0.0671921914025815
"8470619",2018,0.000258231579442618,-0.000138774548648565,117.899761336515,103.083700440529,0.0304454415858362,-0.0143053940016582
"8478512",2018,-9.0012062107701e-05,0.000106292371090254,24.6013667425968,101.766784452297,-0.00221441975116895,0.0108170328176654
"8477541",2018,-8.63000711704e-05,-9.44072028566986e-06,161.194029850746,34.6153846153846,-0.013911056248363,-0.000326794163734726
"8476166",2018,8.77836237776755e-05,1.48682867331265e-05,48.780487804878,48.4304932735426,0.0042821279891549,0.000720078460617783
"8475224",2018,0.000232029993264492,0.000190793994136688,62.8571428571429,59.2592592592593,0.0145847424337681,0.0113063107636556
"8474736",2018,-8.25260720370356e-05,0.00023990241486671,7.08661417322835,104.868913857678,-0.00058483043175852,0.025158305678906
"8468011",2018,0.000301101921504439,-0.00133704916699722,101.286173633441,113.249256057815,0.0304974615028612,-0.151419823475156
"8474098",2018,-0.000165506988338942,-0.000663529945187659,25.7142857142857,130.046575031239,-0.00425589398585851,-0.086289796802321
"8474230",2018,-0.000152746487673804,-0.000160548858340157,55.3846153846154,19.8529411764706,-0.00845980547116455,-0.00318736704057665
"8476409",2018,4.41510331018286e-05,0.000236724421980953,17.2248803827751,124.643584521385,0.000760496263954942,0.0295061804994589
"8471260",2018,-4.5080845809878e-05,-0.00184011983783728,6.29370629370629,143.205986608901,-0.000283725602999232,-0.263516176856098
"8476442",2018,0.000163961522822485,0.00168435470614323,8.32947709393799,118.729641693811,0.00136571374863708,0.19998283074567
"8475790",2018,-5.57590416368622e-05,0.000439456750223379,12.9963898916968,121.536,-0.000724666245100014,0.0534098155951486
"8479482",2018,-0.000135985098223507,0.000181226247612504,24.1842610364683,52.9553356512436,-0.00328869911250708,0.00959689677113554
"8475868",2018,-3.28328010764884e-05,1.98382832985166e-05,39.7790055248619,36.0801781737194,-0.00130605617541832,0.0007157687960712
"8475246",2018,-0.000318127590142134,-0.000584679131190353,33.5776149233844,105.596763317599,-0.0106819657182969,-0.0617402238330474
"8479344",2018,-0.000457958005591349,0,91.6532388011602,0,-0.041973334447367,0
"8475178",2018,-0.000179667851686199,-0.00102925870129893,39.5209580838323,99.0415335463259,-0.00710064563550246,-0.101939360192546
"8476915",2018,-0.000135345555038446,-0.000441043432020433,53.5765722515603,119.557195571956,-0.00725135090844482,-0.0527299158577935
"8476903",2018,-8.89224240634127e-06,-0.000351575780141951,125.449871465296,97.7014677374688,-0.00111553066691376,-0.0343494697408143
"8471266",2018,0.000199449274995521,-6.19492103398388e-05,18.75,50.3496503496504,0.00373967390616601,-0.00311912108004783
"8473546",2018,-0.000136458419761807,-0.00121744830018103,16.6795366795367,115.727002967359,-0.00227606321764868,-0.140891643047656
"8474000",2018,2.00590917878782e-06,0.000470941537888963,41.8604651162791,97.970479704797,8.39682912050717e-05,0.0461383683798965
"8477417",2018,8.30046241149429e-05,0,90.7563025210084,0,0.00753319277681835,0
"8471233",2018,-0.000310981823676524,-0.000603296717112873,127.640715024376,141.026998411858,-0.0396939423336559,-0.0850811251661563
"8470828",2018,-0.000132167960261419,-0.000277381370574424,15.7434402332362,73.6363636363636,-0.00208077838312438,-0.0204253554695712
"8477290",2018,-0.000169924911216199,-0.000432323497516067,21.2682158330051,93.3997509339975,-0.00361399968715035,-0.0403789069909154
"8477573",2018,-5.95861897239218e-05,0,61.7142857142857,13.7404580152672,-0.00367731913724775,0
"8476905",2018,5.64687635510481e-05,-0.00121518874385581,22.2222222222222,124.026363091672,0.00125486141224551,-0.150715440370373
"8476441",2018,0.000146547702487694,1.70212045907161e-05,42.835894893406,122.967117002294,0.006277501980633,0.00209304845642657
"8470162",2018,6.49499178527587e-06,-0.00105508122567734,19.1235059760956,119.42522618414,0.000124207014220415,-0.126003314019157
"8476467",2018,-0.000234586858497041,-0.000639300854650035,45.8471760797342,92.6600985221675,-0.0107551450075055,-0.0592376801771781
"8476982",2018,0.000125882397397763,-0.000408193448488727,163.411279229711,154.08560311284,0.0205706035912713,-0.0628967336970957
"8476858",2018,-0.000372572964547046,0,56.3380281690141,0,-0.0209900261716646,0
"8477488",2018,-2.38154409300753e-05,-0.000834628486271613,34.3302990897269,132.852818221133,-0.00081759121008321,-0.110882746568822
"8480164",2018,0.000193964049896005,0,148.543689320388,0,0.0288121355670764,0
"8476891",2018,0.000152009420713828,-0.000107065674945315,70.945945945946,13.4328358208955,0.0107844521452378,-0.00143819563359378
"8477380",2018,6.65125166915633e-05,0,112.695652173913,0,0.007495671446284,0
"8476971",2018,-0.000595326766260096,0,57.3451327433628,0,-0.0341390924368621,0
"8479483",2018,1.904412996719e-05,-6.40324292791047e-05,76.9403824521935,7.24346076458753,0.00146526264314487,-0.00046381638914442
"8468483",2018,0.000341251701206029,5.32708126299286e-05,97.58352595083,24.6153846153846,0.0333005442404035,0.00131128154165978
"8474818",2018,-0.000101600053486674,0.000221314504078508,6.14859094790777,124.822990420658,-0.00062469716917511,0.0276251382225443
"8476619",2018,3.86630452154481e-05,0.000191348900413367,27,74.0608228980322,0.0010439022208171,0.0141714570252476
"8470105",2018,4.18303828407131e-05,-0.000363622256680223,10.9644670050761,105.633802816901,0.000458647852466702,-0.0384108017619954
"8476986",2018,-2.63451997011908e-05,0.000307745729222799,84.7058823529412,130.120481927711,-0.00223159338645381,0.0400440225976654
"8479496",2018,-5.81194967051292e-05,0.000443261071280742,123.315825530943,103.439597315436,-0.00716705371563594,0.0458507467188888
"8474628",2018,-0.000319256950070981,-0.000656938483371262,67.5124103695532,104.538956397427,-0.021553806226524,-0.06867566346894
"8474027",2018,-0.000198293410161519,-0.000189861206347539,12.6360126360126,136.403296170625,-0.00250563803643899,-0.0258976943607356
"8476919",2018,0.000626446347014627,-0.000998344996746093,71.4404662781016,120.454842504248,0.0447536191289384,-0.120255489347954
"8472382",2018,-2.42843300968633e-05,-0.000451283663310019,9.9889012208657,126.910150123235,-0.000242573774552464,-0.0572724774588382
"8480143",2018,-5.77538173462921e-05,-1.84567784660277e-05,35.702479338843,47.9573712255773,-0.0020619544705453,-0.000885138576523533
"8473453",2018,1.24174796281357e-05,-0.000221598660293962,55.9338842975207,114.649681528662,0.000694557868786964,-0.025406215829881
"8471296",2018,-0.000146668720776206,0.000353803814891742,7.25806451612903,92.1331316187595,-0.00106453103789182,0.03259705344464
"8475766",2018,-0.000143559634551521,0.000446386362404979,6.29370629370629,118.297236743839,-0.000903522175499082,0.0528062731926427
"8474688",2018,5.38316700921716e-06,0.000529788482866067,19.0812720848057,129.804955192409,0.000102717674380822,0.0687691702798842
"8476870",2018,-6.08762276864867e-05,0,35.8208955223881,NA,-0.00218064099175475,NA
"8473673",2018,-8.45297357350194e-05,-0.000718767171396024,91.3923046410155,96.9079665332848,-0.00772536735951942,-0.0696542649908697
"8473534",2018,0.000156646190359272,0.000800585461531582,82.2695035460993,80.5891016200295,0.012887204313245,0.0645184631148868
"8477901",2018,-8.3000470007019e-05,0,76.4940239043825,0,-0.00634903993679189,0
"8476465",2018,-0.000361946574012163,-9.99809060679826e-05,75,42.4242424242424,-0.0271459930509122,-0.00424161419682351
"8474567",2018,3.13675946962197e-06,0.000313144739851988,44.3759630200308,74.888558692422,0.000139196722226676,0.0234509582296288
"8474008",2018,3.53670037043061e-05,5.4089743425224e-05,29.8136645962733,71.304347826087,0.00105441998621534,0.00385683387901598
"8476922",2018,5.13122342792942e-05,0.000192034077244101,50.2325581395349,67.3526660430309,0.00257754479170408,0.0129340070735035
"8476406",2018,0.000284886286091565,-0.000497883910895895,36.972972972973,97.6250631632137,0.0105330929560341,-0.0486059482491597
"8478443",2018,-7.10262413439542e-05,0.000850813390826992,10.1790763430726,124.879480192832,-0.000722981533001608,0.106249133987575
"8477392",2018,-0.000355402301018675,0,163.087248322148,0,-0.0579615833204954,0
"8477461",2018,-0.000113453578194674,4.72194269322485e-06,19.0140845070423,61.5156017830609,-0.00215721592341986,0.000290473146358854
"8468611",2018,-4.54000398642872e-05,0.000742569203844347,41.1899313501144,166.403607666291,-0.00187002452530245,0.123566194461585
"8473574",2018,-4.54206962309584e-05,0.000134714582123985,14.604462474645,131.946508172363,-0.000663344853677282,0.0177751187111588
"8476880",2018,0.000293574603822925,0.00104441849593155,20.3619909502262,98.6610878661088,0.00597776342625866,0.103043464996092
"8475234",2018,-0.000475749400358144,0.0008747511679184,93.5965334617236,135.260115606936,-0.044528494670016,0.118318944099945
"8477480",2018,-5.63187378822608e-05,9.14763335845453e-05,134.328358208955,74.88,-0.00756520359612458,0.00684974785881075
"8476867",2018,-1.22300121133862e-05,0.000249746884810124,9.03387703889586,110.329171396141,-0.000110484425616538,0.0275543668598684
"8477958",2018,-0.000277037337567978,0,83.5443037974684,0,-0.023144891493021,0
"8478542",2018,-0.000522801839908952,-0.000132034962939521,109.665287702144,65.5086848635236,-0.0573332141848253,-0.00864943677817211
"8479345",2018,-0.00164903236081807,-0.00010476131251413,110.592459605027,19.7802197802198,-0.182370544751154,-0.00207220178599378
"8476873",2018,4.25698799390428e-05,0.00100623018529272,99.7032640949555,64.9428743235117,0.00424435598205294,0.0653474804639889
"8475455",2018,0.000154720119267928,-0.00108259847488695,16.0953800298063,77.4104046242775,0.00249027911787426,-0.0838043859866248
"8468001",2018,-0.000146012190952205,-0.000137321170171041,18.5328185328185,144.317763883781,-0.00270601743849647,-0.0198178842129888
"8477938",2018,0.000145466622825019,-0.000425942504360988,20.0557103064067,79.2613636363636,0.00291743644662991,-0.0337607837263397
"8477845",2018,0.000217015421667709,0.0012036673309982,50.1742160278746,101.309734513274,0.0108885786481359,0.121943217745729
"8476877",2018,-4.1660780123853e-05,0,61.0169491525424,0,-0.00254201370247238,0
"8477415",2018,-0.000168554739866206,-0.000225486979416472,51.7127071823204,56.8848758465011,-0.00871642190689331,-0.0128267988291086
"8477498",2018,-0.000697798971993188,-0.00141456937462194,50.6910039113429,105.661874070402,-0.0353721304186378,-0.14946605112515
"8474568",2018,-6.68733905486812e-05,0.000429618668557131,5.45454545454546,114.276865902756,-0.000364763948447352,0.049095474976024
"8477215",2018,0.00011569136708643,-0.000720646355344456,27.2727272727273,112.285168682368,0.0031552191023572,-0.0809178975701859
"8470609",2018,0.000197463177293848,0,76.3636363636364,0,0.0150790062660757,0
"8476195",2018,0.000239326646129676,0,58.0645161290323,0,0.0138963859043038,0
"8476191",2018,-3.76361290825412e-06,0.000641556994456216,17.9359430604982,100.767810282826,-6.75039468242021e-05,0.0646482935029842
"8476374",2018,-0.000125037745158996,-1.02086868741338e-05,6.46706586826347,100.506019891816,-0.000808627333962369,-0.00102603448604102
"8478569",2018,-0.000146330374618844,0.000639685317069793,8.59188544152745,102.268954067515,-0.00125725381534091,0.0654199483090745
"8478447",2018,-0.000111715654238234,0,110.769230769231,NA,-0.0123746570848506,NA
"8476423",2018,-0.000293441493432849,0,66.0550458715596,0,-0.0193832913093258,0
"8471284",2018,0.000149016124294927,0.000267071020963187,121.636040308239,84.0236686390533,0.0181257313013154,0.0224402869685044
"8476326",2018,-0.000131939373926155,0.000347661964784264,28.436018957346,116.925892040256,-0.00375183053818451,0.0406506853608682
"8477507",2018,-0.000161689568407915,0.00015132166591606,18.0904522613065,109.195036589246,-0.00292503741843465,0.0165235748464498
"8474717",2018,-6.13538699661583e-06,-5.37879299838557e-05,19.4945848375451,109.174452442947,-0.000119606822316699,-0.005872267804027
"8476386",2018,-0.000141030959355827,0,68.5279187817259,0,-0.00966455812844497,0
"8477429",2018,-0.000156898278056928,0.000337405701851138,7.71869639794168,123.722970855531,-0.00121105017368127,0.0417448358166183
"8470616",2018,-0.000323374003262703,0.000250226743790742,94.4751381215469,171.463765140628,-0.0305508036231614,0.0429048196292399
"8479968",2018,0.00146214309713505,0,105.822498586772,0,0.154727635830233,0
"8477479",2018,0.000100166832323199,6.76300958428032e-05,91.4383561643836,40.6779661016949,0.00915909048982674,0.00275105474614793
"8473584",2018,-0.000129432866995976,0.000111863873757327,6.34920634920635,100.818414322251,-0.000821795980926833,0.0112779383721581
"8476872",2018,-1.04713313355757e-05,2.26068162064087e-05,4.07932011331445,101.989150090416,-4.27159125303938e-05,0.00230564997114186
"8477462",2018,-4.72788810835419e-05,-6.55787542925607e-05,4.76505625413633,103.597122302158,-0.000225286527995699,-0.0067937702288696
"8475430",2018,-0.000396844889212071,0.00033746971727925,36.5041042974408,78.7937743190661,-0.0144864672257038,0.0265905127428203
"8476889",2018,-6.63065618322094e-05,-0.000532292211955815,28.5283018867925,117.041334300218,-0.00189161361302454,-0.0623001907249228
"8475717",2018,-0.000483075982903424,0.000485862772862409,180.904522613065,122.330097087379,-0.0873906300729812,0.0594356401754015
"8471301",2018,0.000435948208712078,-0.000575360732943029,119.342750072067,114.205738278516,0.0520272581166908,-0.0657094972822269
"8476994",2018,0.000456332526149379,-0.000119590330261516,122.680412371134,33.6448598130841,0.0559830624863671,-0.00402359989664912
"8475857",2018,-0.000219298387714181,-4.21986180160625e-05,74.4525547445255,119.371727748691,-0.0163273252166762,-0.00503732194118442
"8470601",2018,4.47311994658038e-05,0.000457248990406986,13.8284250960307,97.5502449755025,0.000618562041268478,0.0446047510290026
"8480222",2018,0.000209752068278963,0,70.2312138728324,0,0.0147311423675688,0
"8478466",2018,-0.000198159050379707,-1.46657722680743e-05,64.2857142857143,189.473684210526,-0.0127387960958383,-0.0027787779034246
"8474125",2018,-1.97175386634441e-05,0.000316824009276699,5.29411764705882,89.1398783666377,-0.000104386969394704,0.0282416536505555
"8470803",2018,-5.26641700408228e-05,-5.88813873842843e-06,9.66442953020134,129.526324475986,-0.000508969160126072,-0.000762668968793305
"8470610",2018,-6.10512582588232e-05,0.000521734653002563,120.773313115997,70.5882352941177,-0.00737336272981846,0.0368283284472397
"8474667",2018,-0.000916304124607833,0.000576839447815188,108.193202146691,105.93701600413,-0.0991378773815415,0.0611086498150111
"8476404",2018,-7.19940259610359e-05,0,7.9295154185022,0,-0.000570877738898082,0
"8479404",2018,3.34113759043185e-05,0,86.1702127659574,0,0.00287906537047851,0
"8477987",2018,0.000160849682313773,0,195.164835164835,0,0.0313922017350837,0
"8475176",2018,-0.00096997111187671,0.000400199845265707,103.206738584306,126.05459057072,-0.100107554977788,0.050447027641434
"8479206",2018,-0.000127649343635738,-0.000153715652333373,53.2019704433498,93.8775510204082,-0.00679119660722155,-0.0144304489945615
"8478458",2018,-0.000439129183560232,0,102.721685689201,0,-0.0451080899706296,0
"8478425",2018,-0.000273971218444506,-0.000190740007098253,51.0425354462052,48.2412060301508,-0.0139841856286937,-0.00920152798061922
"8477433",2018,-4.25418406177693e-05,7.50385501717631e-05,8.29493087557604,98.2784062961141,-0.000352881627244169,0.00737466912165188
"8480144",2018,7.23570690923866e-05,-0.000713056093317834,21.5568862275449,143.003310261812,0.00155979310618318,-0.101969381746806
"8475343",2018,0.000164719034059094,0.000637928615412178,20.1492537313433,95.8355297838693,0.00331896561163846,0.0611362268223163
"8470740",2018,0.000468866027527439,-0.000165946776198343,65.78073089701,89.4409937888199,0.0308423499835325,-0.0148424445792307
"8477936",2018,-0.000158313501654967,0,64.5161290322581,NA,-0.0102137743003205,NA
"8474091",2018,0.000303832396871892,-0.000377330431748249,21.301775147929,127.986222167548,0.00647216940082137,-0.0482930964683083
"8473933",2018,-2.85975422722716e-05,-3.08570376069016e-05,7.17846460618146,121.597535482451,-0.00020528644502528,-0.00375213972528855
"8478866",2018,-9.905811762171e-05,-1.75505952161827e-06,48.4522207267833,11.1111111111111,-0.00479958577978676,-1.95006613513141e-05
"8474176",2018,-0.000203172511434788,-0.00153924218777722,9.09090909090909,111.075135701362,-0.00184702283122535,-0.170971534884616
"8478965",2018,-0.000108182489866719,0.000242334915018831,89.8817345597898,89.6046852122987,-0.00972362983821754,0.0217143437762115
"8471339",2018,-0.000540397595795355,0.000198116373054413,83.7008628954938,120.952650978168,-0.0452317450747215,0.0239627005231111
"8478020",2018,-0.000200924456871896,0,113.137557959815,0,-0.0227321023848884,0
"8476979",2018,-0.000991005582096818,-4.86487305147589e-06,153.617810760668,5.25547445255475,-0.152236107973315,-2.55672160369536e-05
"8475325",2018,-7.58315251935835e-05,7.28287763418834e-05,3.2345013477089,57.4031890660592,-0.000245277170437467,0.00418060401780287
"8476624",2018,-2.17363383738009e-05,0.000124990436337099,65.8285714285714,92.5373134328358,-0.00143087210323535,0.0115662791834331
"8478400",2018,0.000355331718459733,0.000126939518368683,94.7368421052632,30.7692307692308,0.0336630049067116,0.00390583133442101
"8479268",2018,-0.000154156240178583,-6.91683203868937e-05,22.0408163265306,70.2886247877759,-0.00339772937536469,-0.00486174611887504
"8474636",2018,0.00056953588463258,5.07439795587957e-05,103.769401330377,113.53001017294,0.0591003977844894,0.00576096451552554
"8477450",2018,0.000104940366581179,-2.7343138014806e-05,67.9245283018868,58.0645161290323,0.00712802489985365,-0.00158766607827906
"8475160",2018,-6.7028743306113e-05,-0.000164562444847016,12.5727590221187,19.2513368983957,-0.000842736237143213,-0.00316804706657356
"8478408",2018,-0.00021731820194588,0.000333331170103706,51.5337423312883,43.1712191872085,-0.0111992202229779,0.0143903130064758
"8479312",2018,-0.000128923863804197,-0.000786681191908387,113.93481341521,96.6895690193629,-0.0146889163672991,-0.0760638654012607
"8476806",2018,-6.12653049222804e-05,-0.000198416612870078,11.4832535885167,36.4952932657495,-0.000703525032600349,-0.00724127247549018
"8477957",2018,-5.21816956004891e-05,6.94462356343631e-05,93.8251804330393,15.1260504201681,-0.00489595700501783,0.00105044726169625
"8475235",2018,1.390000446058e-05,-0.000180835105884862,11.9601328903654,100.994644223412,0.000166245900525209,-0.0182633771819447
"8475278",2018,-5.55577139149794e-05,0.000837270293505164,4.78723404255319,120.634920634921,-0.000265967779380221,0.101004035406972
"8476955",2018,7.34544460007471e-05,-3.08181623213138e-05,18.9473684210526,167.028627838105,0.00139176845054047,-0.00514751536502101
"8479944",2018,-2.45901261885543e-05,0.000113962474967166,31.6251830161054,77.9220779220779,-0.000777667241102155,0.00888019285458434
"8476285",2018,7.83677101963279e-05,-0.000787509839429481,28.125,175.609756097561,0.00220409184927172,-0.138294410826641
"8476983",2018,-0.000380213040357813,0,84.5250800426894,0,-0.0321375376695184,0
"8474207",2018,-3.23742888134016e-05,0.000905950573960666,67.6283126467628,98.4518024635552,-0.00218941852558932,0.08919246694932
"8477337",2018,7.767794287509e-05,-9.64035141725762e-06,120.781171757636,70.7616707616708,0.00938203296017612,-0.00068216737301479
"8477846",2018,-0.000407961638658154,-0.000663197518252514,73.3031674208145,118.549395581492,-0.0299048802998285,-0.0786216649399812
"8480145",2018,-0.000573667613445093,-0.00029779579832963,106.894816305989,135.564853556485,-0.0613220941599083,-0.0403706437902929
"8477990",2018,-0.00021079690917873,0,133.333333333333,NA,-0.028106254557164,NA
"8476372",2018,7.1797167254572e-06,5.04503154093747e-05,11.5384615384615,87.9788639365918,8.28428852937369e-05,0.00443856143495952
"8469665",2018,-4.54064996477494e-05,0.000429220002929661,14.8148148148148,121.894616701541,-0.000672688883670362,0.0523196077377452
"8476617",2018,-0.000319006460399042,0,128.113879003559,0,-0.0408691550689165,0
"8476449",2018,5.63878570388378e-05,4.17126255738417e-05,26.1818181818182,101.441677588467,0.00147633662065321,0.00423139871483008
"8478067",2018,-0.000758111558238614,0,54.257724189902,0,-0.0411334078320875,0
"8480382",2018,-0.000119733091644444,0.000431223757069722,103.964757709251,107.774798927614,-0.0124480218625942,0.0464750537109995
"8477491",2018,-0.000351844097031188,-0.000609456080330152,54.0372670807453,157.377049180328,-0.019012693442058,-0.0959143995273682
"8476427",2018,0.000312094237276024,0,97.6973684210526,0,0.0304907856812431,0
"8475752",2018,-2.67472149342916e-05,-0.000413246966245666,3.85645420460632,136.134453781513,-0.000103149409494858,-0.0562571500267209
"8475789",2018,-0.000193670969797358,0.000489013951457227,90.7763769077638,135.384615384615,-0.0175807489504171,0.0662049657357476
"8471338",2018,-6.78816796512321e-05,-0.000288502879200499,11.1975116640746,118.551042810099,-0.00076010589967165,-0.0342023171829351
"8478454",2018,-6.00980208050452e-06,0.000828184469438248,40.5862457722661,140.897666068223,-0.000243915304282032,0.116689258817798
"8467407",2018,-8.21942950517426e-05,0.000109469342858627,98.917568692756,74.0740740740741,-0.00813045982693341,0.00810884021175018
"8477969",2018,0.000413111745936281,0.000364776767604372,86.0420650095602,42.3529411764706,0.0355449877000624,0.015449368980891
"8476444",2018,-8.92521928878283e-05,0.000209500027506689,123.678646934461,163.058823529412,-0.0110385904523001,0.0341608280146201
"8476857",2018,-4.54884143451084e-05,-3.5124555227735e-06,47.6247745039086,7.30223123732251,-0.00216637547572615,-2.56487624381026e-05
"8478451",2018,3.92181595311828e-05,-0.000224854238751497,107.569721115538,113.564668769716,0.00421868648343401,-0.0255354971452805
"8479553",2018,-2.98311778154165e-05,0,10.4956268221574,0,-0.000313096910016033,0
"8477225",2018,0.00057604030192007,0.000150624178497438,108.606921029281,104.677623261694,0.0625619635803164,0.0157669810108569
"8477642",2018,-0.00013091226347615,0,113.385826771654,0,-0.0148435952287918,0
"8476430",2018,-0.000277555530394067,0.000136204337333269,48,83.4782608695652,-0.0133226654589152,0.0113701012034729
"8475750",2018,-0.000109866641479455,0.000280276350755824,26.865671641791,51.2953367875648,-0.00295164111437341,0.0143768698056097
"8476450",2018,-8.605336585278e-05,0.000194685507665407,20.7692307692308,57.8102189781022,-0.00178726221386543,0.0112548118300002
"8477341",2018,2.41087817595989e-05,0.000172995060575541,146.555323590814,50.7936507936508,0.00353327031215833,0.00878705069590048
"8476999",2018,-0.000764624253925147,0.000346776415934897,135.091277890467,87.3134328358209,-0.103294067568793,0.0302782393017784
"8478397",2018,0.000277402318011758,-6.89385329162767e-07,97.196261682243,18.3206106870229,0.0269624682927316,-1.26299602289362e-05
"8477458",2018,-5.64681131709823e-05,0,62.6086956521739,0,-0.00353539491157454,0
"8478846",2018,-0.000145971841602547,0,52.2243713733075,0,-0.00762328766589703,0
"8475310",2018,0.000132000813891586,0,88.5245901639344,0,0.0116853179510584,0
"8473415",2018,4.1485811260939e-05,0.000155607445213681,8.61244019138756,54.2324246771879,0.000357294068276029,0.00843896905176059
"8477455",2018,-6.15963797547295e-05,-0.000146593876115948,7.46887966804979,110.01300390117,-0.000460055948375573,-0.0161272326650315
"8480153",2018,-0.000171704220044008,0,78.2608695652174,0,-0.0134377215686615,0
"8478176",2018,-0.000164733901533595,-0.000183517410641507,132.110091743119,70.8661417322835,-0.0217630108448052,-0.0130051708328627
"8480078",2018,-0.000185672072538617,0,56.544502617801,0,-0.0104987349917124,0
"8477202",2018,-0.000187350263217016,0.000411862088005375,81.9512195121951,89.0721649484536,-0.0153535825465652,0.0366854478388293
"8479999",2018,0.000149628781267077,0,52.8,0,0.00790039965090168,0
"8480420",2018,-2.73403171781544e-05,5.97791272416589e-06,29.0322580645161,203.77358490566,-0.000793751143881902,0.00121814070605645
"8478541",2018,-3.43626519118642e-05,0.000145330948820732,19.3548387096774,93.8223938223938,-0.00066508358539092,0.0136352975148409
"8477634",2018,3.93491970017411e-05,6.98707016796086e-05,56.544502617801,67.2897196261682,0.00222498077287332,0.0047015799261045
"8471958",2018,9.64257391334781e-05,0.00124963959892524,7.9295154185022,126.423982869379,0.000764609385199386,0.157984415247422
"8476975",2018,0.000178629868394677,-0.000337062401683941,7.10059171597633,127.667380006114,0.00126837776374919,-0.0430318737215572
"8477967",2018,-3.03580314114852e-06,4.23474030432989e-06,67.9245283018868,64.2857142857143,-0.000206205496379899,0.00027223330527835
"8478874",2018,0.000128877675579144,5.66166892479667e-05,69.4533762057878,70.5882352941177,0.00895098968652572,0.00399647218220941
"8475613",2018,-4.59162746903679e-05,0.000904329831237919,5.24781341107872,86.4054003375211,-0.000240960042106887,0.0781389811052753
"8467370",2018,2.98664734296884e-05,-0.000309926537884438,9.80926430517711,79.6812749003984,0.000292968131735363,-0.0246953416640986
"8477510",2018,4.32192264118007e-05,0,89.5522388059701,NA,0.00387037848463887,NA
"8478519",2018,0.000235734420919219,6.27425449563307e-05,32.1428571428571,138.461538461538,0.0075771778152606,0.00868742930164579
"8480330",2018,-9.13982047930325e-05,0,142.105263157895,0,-0.012988165944273,0
"8475204",2018,5.81914846470564e-05,0,92.3076923076923,0,0.00537152165972828,0
"8478106",2018,6.82803529387299e-06,0,26.6666666666667,0,0.000182080941169947,0
"8476967",2018,-9.53246047908543e-05,-0.000132786236400427,30.5084745762712,60.6624055781522,-0.00290820828175488,-0.0080551325277191
"8471761",2018,-6.24641924659443e-06,1.88786248486811e-06,62.7906976744186,20,-0.00039221702246058,3.77572496973622e-05
"8476407",2018,5.23079145994816e-05,2.27542916084962e-05,56.1768530559168,54.9618320610687,0.00293849403211652,0.00125061755405475
"8470093",2018,5.40806705305159e-05,8.68511546560049e-05,111.627906976744,133.333333333333,0.00603691205922038,0.011580153954134
"8471433",2018,-0.000164671771238567,-6.68039435100682e-05,97.8260869565217,73.2824427480916,-0.0161091950124685,-0.00489555616562332
"8476330",2018,-3.52446655928021e-05,-0.000249006327032205,78.8321167883212,177.777777777778,-0.0027784115941771,-0.0442677914723919
"8479423",2018,4.44472575828113e-05,0,35.6435643564356,NA,0.00158425868612001,NA
"8478413",2018,-0.000202971260095656,6.81748468275535e-05,118.811881188119,84.7058823529412,-0.0241153972390878,0.00577481055480453
"8477850",2018,-4.198051345138e-05,-0.000170762440697471,6.60550458715596,89.8008449004224,-0.000277302474174253,-0.0153346114518912
"8470611",2018,-5.53975006042262e-05,0.000278627809266571,13.8195777351248,122.197409557838,-0.000765570065931725,0.0340475965231504
"8474291",2018,-5.75434280396076e-05,-0.00084784061258262,3.78349973725696,152.217256789275,-0.00021771554486872,-0.129055972241865
"8475758",2018,-5.75434271953942e-05,-0.000424416104912107,4.551201011378,111.545988258317,-0.000261891704049835,-0.0473419138551666
"8479293",2018,0,0.000752477475470288,3.99334442595674,171.943371943372,0,0.129383514443797
"8475735",2018,0,-0.000231677267943338,9.49868073878628,77.7700348432056,0,-0.018017549200332
"8471717",2018,0,0.000852174622123621,0,126.902841108383,0,0.10814338066795
"8475625",2018,0,-0.000135832221270846,0,63.728323699422,0,-0.00865635976595997
"8475747",2018,0,0.00246350539934559,0,138.784033410971,0,0.341895215650886
"8478842",2018,0,-0.000307386376005002,0,115.104740904079,0,-0.0353816291674997
"8468498",2018,0,-0.000561102948790101,6.64819944598338,148.156956004756,0,-0.083131304898034
"8474697",2018,0,0.000399815663951045,0,92.6711084191399,0,0.0370513607416777
"8471710",2018,0,-0.000628660047608577,0,114.447191805016,0,-0.0719483770488093
"8470318",2018,0,-0.0015404365007436,2.71493212669683,141.400172860847,0,-0.217817987486303
"8470724",2018,0,-0.000176116813511795,0,114.752758479771,0,-0.020209890165146
"8478528",2018,0,-0.000166794227806626,0,144.288577154309,0,-0.0240665018077697
"8477929",2018,0,-3.37641382688519e-05,0,75.6756756756757,0,-0.0025551239771023
"8469619",2018,0,0.000187561773075616,0,122.727272727273,0,0.023018944877462
"8475254",2018,0,-0.000245329612897188,29.5081967213115,95.6521739130435,0,-0.0234663107988614
"8477205",2018,0,6.68168133724882e-05,0,56.9343065693431,0,0.00380416893653583
"8476966",2018,0,-1.58847223440017e-05,0,40.8163265306122,0,-0.000648356014040884
"8468575",2018,0,0.000350538517794895,0,103.846153846154,0,0.0364020768479314
"8478073",2018,0,-0.000351483386105428,0,96.4150147617039,0,-0.0338882758598485
"8477509",2018,0,-0.000585756893905782,12.3924268502582,93.5942106673814,0,-0.0548234541280887
"8477463",2018,0,-0.000618091517648171,0,108.885850991114,0,-0.0673014208895103
"8477467",2018,0,0.000128577762542642,6.6543438077634,38.6819484240688,0,0.00497363837915663
"8469501",2018,0,-3.74969300776662e-05,0,141.176470588235,0,-0.00529368424625876
"8474749",2018,0,3.66488890660362e-05,0,61.7142857142857,0,0.00226176001093252
"8470854",2018,0,9.12190844011523e-05,0,70.3583061889251,0,0.00641802027056967
"8473468",2018,0,-0.000743057303338347,0,85.981308411215,0,-0.0638890391655401
"8473432",2018,0,0.000121402811240941,0,132.649253731343,0,0.0161039923119979
"8473560",2018,0,0.000233646541096261,0,87.8048780487805,0,0.0205153060474766
"8475263",2018,0,1.12484401370028e-05,0,116.129032258065,0,0.0013062704675229
"8471490",2018,0,3.93003365737157e-05,0,62.2837370242215,0,0.0024477718281207
"8476403",2018,0,0.000181438501163807,14.1176470588235,95.7619477006312,0,0.0173749042593294
"8474131",2018,0,0.00035163930461013,0,89.1891891891892,0,0.0313624244652278
"8474604",2018,0,-2.83859924402209e-05,0,62.1761658031088,0,-0.00176493217244897
"8476344",2018,0,-0.000211505035047582,0,109.090909090909,0,-0.0230732765506453
"8476886",2018,0,-0.000102681144356117,0,77.2914946325351,0,-0.00793637911786337
"8470324",2018,0,-0.000253981911916739,0,96.2616822429906,0,-0.0244487261003964
"8477474",2018,0,-0.000417871187503068,0,51.3329200247985,0,-0.0214505482487626
"8477473",2018,0,0.000180433905288241,0,97.2972972972973,0,0.0175557313253424
"8474774",2018,0,5.44607927395797e-05,0,30.9012875536481,0,0.00168290861684538
"8476303",2018,0,-0.000214503372815932,0,87.1606749816581,0,-0.0186962587604789
"8479316",2018,0,-0.000440774277074518,0,79.1934005499542,0,-0.0349064138764787
"8469639",2018,0,-0.000137368364878238,0,116.356513222331,0,-0.0159837039642846
"8475268",2018,0,0.00185497078115009,0,119.660157996721,0,0.221966096751721
"8471392",2018,0,5.32570605446117e-05,9.47368421052632,114.436486995854,0,0.00609455091645085
"8476322",2018,0,4.72965551312189e-05,0,101.749663526245,0,0.00481240857055202
"8476177",2018,0,-6.42136967362749e-05,0,105.882352941176,0,-0.00679909730148793
"8477953",2018,0,-0.000512287291896828,0,78.3318223028105,0,-0.0401283971168503
"8477353",2018,0,7.2285427858243e-05,5.5045871559633,111.475409836066,0,0.00805804769567299
"8475729",2018,0,-0.000255421810748633,0,69.7674418604651,0,-0.0178201263313
"8473992",2018,0,-0.000214304065482614,0,110.194788768024,0,-0.0236151912279855
"8477919",2018,0,5.45659665454369e-05,0,34.5047923322684,0,0.0018827873440598
"8474089",2018,0,2.011684875235e-05,30.5084745762712,38.2978723404255,0,0.00077043250540915
"8477426",2018,0,-5.7911594892093e-05,NA,254.117647058824,NA,-0.0147163582314025
"8480263",2018,0,-8.14289203759268e-05,31.304347826087,85.7142857142857,0,-0.00697962174650801
"8476020",2018,0,-0.000112550815762365,NA,166.153846153846,NA,-0.0187007509266698
"8474722",2018,0,8.39640731886991e-06,0,36.1204013377926,0,0.000303281602153161
"8478373",2018,0,-0.000546746765572887,0,63.9741518578352,0,-0.0349776606085401
"8478506",2018,0,0.000102226584258206,0,53.3333333333333,0,0.00545208449377096
"8474873",2018,0,0.000122830110202545,NA,218.181818181818,NA,0.0267992967714644
"8479304",2018,0,2.69853834504452e-05,0,64.8648648648649,0,0.00175040325083969
"8476952",2018,0,-0.000232600914718365,0,84.375,0,-0.019625702179362
"8475878",2018,0,-8.32234111470158e-05,0,86.7469879518072,0,-0.00721938024407848
"8470151",2018,0,2.25804507573363e-05,0,91.7610710607621,0,0.00207200634652797
"8477502",2018,0,-0.000260521859969236,NA,89.3617021276596,NA,-0.0232806768483147
"8475279",2018,0,3.99832831154287e-05,6.49819494584838,128.191881918819,0,0.00512553230785975
"8475834",2018,0,-0.000272893066145954,0,136.267605633803,0,-0.0371864847177761
"8478211",2018,0,-7.14550949326554e-05,0,27.4809160305344,0,-0.00196365146379816
"8475808",2018,0,-3.01202218871306e-05,0,75.2851711026616,0,-0.00226760605842276
"8477903",2018,0,0.000949264102995673,0,64.9941383352872,0,0.0616966024268231
"8477529",2018,0,-9.80797975843161e-05,NA,78.2608695652174,NA,-0.00767581024572909
"8478004",2018,0,5.13580984312335e-06,0,78.6026200873362,0,0.000403688109939827
"8475716",2018,0,0.000117048606055131,0,51.063829787234,0,0.00597695009643222
"8477512",2018,0,-0.000316895487439158,0,48.7144790257104,0,-0.0154373985761971
"8477994",2018,0,-0.000307669319675324,0,172.602739726027,0,-0.0531045675056039
"8475180",2018,0,0.000378945828353308,0,97.4289580514208,0,0.0369202972143954
"8475718",2018,0,-2.50444383053423e-06,0,75.5244755244755,0,-0.000189146806781607
"8475423",2018,0,-0.000316756373092199,0,133.986287952987,0,-0.0424410106160753
"8477472",2018,0,-0.000147245492267377,0,89.197224975223,0,-0.0131338893003606
"8478567",2018,0,7.35134294528784e-05,46.1538461538462,64,0,0.00470485948498422
"8474660",2018,0,0.000233536763308263,12.3287671232877,95.5017301038062,0,0.0223031649387822
"8476464",2018,0,0.000239292302782307,0,140.591715976331,0,0.0336425154680924
"8478027",2018,0,2.78530665446826e-05,0,53.1365313653137,0,0.0014800153440717
"8477527",2018,0,-4.29897011503174e-05,0,16.9811320754717,0,-0.000730013793118598
"8478146",2018,0,0.000136210585179769,0,114.364640883978,0,0.0155776746586808
"8476323",2018,0,0.000318147473653677,0,60.3658536585366,0,0.019205243836411
"8467967",2018,0,0.00017113172775052,0,51.1156186612576,0,0.00874750413653774
"8474024",2018,0,-0.000385925928374561,0,130.909090909091,0,-0.0505212124417607
"8468542",2018,0,-1.28642883525258e-05,0,51.5337423312883,0,-0.000662944921234459
"8478561",2018,0,-7.18843814430212e-05,0,67.4157303370786,0,-0.00484613807481042
"8477998",2018,0,0.000322673941984804,NA,130.645161290323,NA,0.042155789194789
"8479138",2018,0,-6.28501543335131e-05,72,107.462686567164,0,-0.00675404643584021
"8477085",2018,0,5.66165591581766e-05,0,54.5454545454545,0,0.00308817595408236
"8480072",2018,0,5.67713053402714e-06,0,77.5862068965517,0,0.000440467024191761
"8477359",2018,0,2.82380278308402e-05,0,10.6508875739645,0,0.000300760059736759
"8479595",2018,0,0.000134988975631979,0,146.739130434783,0,0.0198081649025187
"8477369",2018,0,6.37462119498377e-05,0,48.868778280543,0,0.00311519949800112
"8477810",2018,0,-9.44079967622597e-06,0,92.3076923076923,0,-0.000871458431651628
"8476397",2018,0,2.62327760029013e-05,NA,76.5957446808511,NA,0.00200931901298819
"8477471",2018,0,-4.34493481035506e-05,0,56.6929133858268,0,-0.00246327012870523
