"player_id","team_abbrev","gp_onice","cf_5v5","ca_5v5","gf_5v5","ga_5v5","ev_goals","ev_assists","pp_goals","pp_assists","pk_ga","pp_shots","pk_shots_against","pp_gf_onice","pk_ga_onice","xg_for_5v5","xg_against_5v5","pen_taken","pen_drawn","toi_5v5_sec","toi_pp_sec","toi_pk_sec","cf_pct_5v5","gf_per60_5v5","ga_per60_5v5","ev_points_per60","pp_points_per60","pk_ga_per60","pk_save_pct","pp_gf_onice_per60","pk_ga_onice_per60","xg_for_per60_5v5","xg_against_per60_5v5","toi_all_tracked_sec","pen_taken_per60","pen_drawn_per60","penalty_diff_per60"
"8473533","CAR",5,52,33,0,3,0,0,0,0,0,21,24,2,1,1.66576540796086,1.2886082053883,0,0,3547,358,678,61.2,0,3.04,0,0,0,1,20.11,5.31,1.691,1.308,4583,0,0,0
"8474189","FLA",4,41,15,1,0,0,1,0,1,0,2,14,1,1,0.702228303824085,0.197415604139678,1,2,2433,78,520,73.2,1.48,0,1.48,46.15,0,1,46.15,6.92,1.039,0.292,3031,1.19,2.38,1.19
"8474593","FLA",3,122,76,3,1,0,0,0,0,0,46,37,0,3,3.29803348117275,1.95606240455527,0,0,8045,1712,1059,61.6,1.34,0.45,0,0,0,1,0,10.2,1.476,0.875,10816,0,0,0
"8475179","FLA",4,55,36,3,1,0,1,0,0,0,0,9,0,2,1.61233552946942,1.17771628312766,2,0,3420,104,323,60.4,3.16,1.05,1.05,0,0,1,0,22.29,1.697,1.24,3847,1.87,0,-1.87
"8475235","CAR",2,4,21,0,1,0,0,0,0,0,0,0,0,0,0.010777423158288,1.00663353013806,0,0,864,0,0,16,0,4.17,0,NA,NA,NA,NA,NA,0.045,4.194,864,0,0,0
"8475462","FLA",4,56,34,2,0,0,0,0,0,0,0,8,0,1,2.09988145751412,0.862387003377079,0,0,2842,19,259,62.2,2.53,0,0,0,0,1,0,13.9,2.66,1.092,3120,0,0,0
"8475791","CAR",5,71,38,3,2,2,1,0,1,0,12,0,1,0,3.44373909954448,1.56522787408903,4,3,3287,550,184,65.1,3.29,2.19,3.29,6.55,0,NA,6.55,0,3.772,1.714,4021,3.58,2.69,-0.89
"8476873","CAR",5,37,39,3,3,2,1,0,0,0,3,13,1,1,1.94543307065033,1.70601403422188,0,0,2673,307,788,48.7,4.04,4.04,4.04,0,0,1,11.73,4.57,2.62,2.298,3768,0,0,0
"8476906","CAR",5,65,37,3,3,0,0,1,3,0,55,0,6,0,3.24898404523264,1.33824771246873,1,3,4102,1218,115,63.7,2.63,2.63,0,11.82,0,NA,17.73,0,2.851,1.174,5435,0.66,1.99,1.33
"8476921","CAR",5,67,34,1,3,0,0,0,0,0,0,18,0,1,3.21588919078931,1.35318222537171,1,0,3614,84,603,66.3,1,2.99,0,0,0,1,0,5.97,3.203,1.348,4301,0.84,0,-0.84
"8476958","CAR",5,87,53,4,2,0,1,0,0,0,0,24,0,1,4.21206461708061,1.55553001700901,0,1,4920,91,1070,62.1,2.93,1.46,0.73,0,0,1,0,3.36,3.082,1.138,6081,0,0.59,0.59
"8477409","FLA",4,48,42,4,0,1,0,0,0,0,19,0,1,0,1.76833703089505,1.54058750811965,1,0,3259,890,26,53.3,4.42,0,1.1,0,0,NA,4.04,0,1.953,1.702,4175,0.86,0,-0.86
"8477478","CAR",5,62,34,4,4,0,3,0,0,0,0,0,0,0,3.61883553338703,1.41756983066444,0,2,3275,53,26,64.6,4.4,4.4,3.3,0,0,NA,0,0,3.978,1.558,3354,0,2.15,2.15
"8477493","FLA",2,13,7,0,0,0,0,0,0,0,15,4,0,0,0.0800965931266546,0.0876846057071816,0,1,1135,390,156,65,0,0,0,0,0,1,0,0,0.254,0.278,1681,0,2.14,2.14
"8477495","FLA",4,56,41,1,1,1,0,0,0,0,45,20,0,2,1.56307566491887,1.29764870283543,1,0,4471,1265,558,57.7,0.81,0.81,0.81,0,0,1,0,12.9,1.259,1.045,6294,0.57,0,-0.57
"8477903","FLA",4,26,12,1,0,0,0,0,0,0,0,12,0,2,0.599106336943805,0.0276909108506516,2,5,1531,18,427,68.4,2.35,0,0,0,0,1,0,16.86,1.409,0.065,1976,3.64,9.11,5.47
"8477932","FLA",2,14,16,1,1,0,0,0,1,1,11,17,1,1,0.495115414261818,0.255912111373618,0,0,1464,530,436,46.7,2.46,2.46,0,6.79,8.26,0.9412,6.79,8.26,1.217,0.629,2430,0,0,0
"8477933","FLA",4,50,30,0,1,0,0,0,0,0,52,11,0,1,1.11219115339918,0.731805093790171,0,2,3304,1329,284,62.5,0,1.09,0,0,0,1,0,12.68,1.212,0.797,4917,0,1.46,1.46
"8477935","FLA",4,44,44,3,0,0,3,0,0,1,32,0,1,0,1.51303774956614,1.43717989791185,2,1,3512,1121,44,50,3.08,0,3.08,0,81.82,NA,3.21,0,1.551,1.473,4677,1.54,0.77,-0.77
"8477940","CAR",5,44,36,0,3,0,0,0,2,0,36,0,3,0,1.65487125469372,1.52681474667042,0,2,3383,1157,25,55,0,3.19,0,6.22,0,NA,9.33,0,1.761,1.625,4565,0,1.58,1.58
"8478055","FLA",3,48,35,2,0,0,0,0,0,0,1,20,0,0,1.03493519156473,1.08414624817669,2,0,2759,291,552,57.8,2.61,0,0,0,0,1,0,0,1.35,1.415,3602,2,0,-2
"8478147","FLA",4,21,9,0,0,0,0,0,0,0,0,0,0,0,0.40273801330477,0.0276909108506516,1,0,1501,7,14,70,0,0,0,0,0,NA,0,0,0.966,0.066,1522,2.37,0,-2.37
"8478427","CAR",5,65,27,3,2,1,1,3,1,0,57,12,6,0,3.64662946946918,1.03645447269082,5,3,3705,1269,594,70.7,2.91,1.94,1.94,11.35,0,1,17.02,0,3.543,1.007,5568,3.23,1.94,-1.29
"8478859","FLA",4,59,41,0,1,0,0,0,0,0,0,26,0,2,1.4262379030697,0.923583409137791,1,1,4046,118,649,59,0,0.89,0,0,0,1,0,11.09,1.269,0.822,4813,0.75,0.75,0
"8478970","CAR",5,88,52,3,3,0,1,0,0,0,0,23,0,1,4.13970814249478,1.82087200134993,3,0,4693,94,942,62.9,2.3,2.3,0.77,0,0,1,0,3.82,3.176,1.397,5729,1.89,0,-1.89
"8479314","FLA",4,41,39,3,0,2,1,0,0,1,59,0,0,0,1.5491942698136,1.64270305540413,0,2,3382,1570,15,51.2,3.19,0,3.19,0,240,NA,0,0,1.649,1.749,4967,0,1.45,1.45
"8480185","FLA",4,46,34,1,1,1,0,1,0,0,12,18,1,1,1.74780972721055,0.985795069485903,2,2,2839,489,344,57.5,1.27,1.27,1.27,7.36,0,1,7.36,10.47,2.216,1.25,3672,1.96,1.96,0
"8480336","CAR",5,78,61,2,5,0,2,0,1,0,6,27,1,1,3.02302693179809,2.99881971487775,3,2,4619,399,1031,56.1,1.56,3.9,1.56,9.02,0,1,9.02,3.49,2.356,2.337,6049,1.79,1.19,-0.6
"8480762","CAR",5,44,32,3,2,1,1,0,0,0,0,5,0,0,1.79674958135001,1.48906307492871,0,1,2957,29,487,57.9,3.65,2.43,2.43,0,0,1,0,0,2.187,1.813,3473,0,1.04,1.04
"8480801","FLA",4,45,23,0,1,0,0,0,0,1,47,0,0,0,1.10713948745979,0.412773857096908,1,0,2732,1207,56,66.2,0,1.32,0,0,64.29,NA,0,0,1.459,0.544,3995,0.9,0,-0.9
"8480817","CAR",5,86,61,3,5,1,1,0,0,0,15,24,1,1,4.32678699598182,2.86157994577661,2,0,4875,643,930,58.5,2.22,3.69,1.48,0,0,1,5.6,3.87,3.195,2.113,6448,1.12,0,-1.12
"8480830","CAR",5,65,28,3,2,0,1,2,2,0,58,2,6,0,3.63786223530769,1.06434492766857,1,4,3619,1266,114,69.9,2.98,1.99,0.99,11.37,0,1,17.06,0,3.619,1.059,4999,0.72,2.88,2.16
"8482113","FLA",4,50,40,1,1,0,1,0,0,1,26,24,0,2,1.98381000617519,0.951207591220736,0,2,2774,1056,519,55.6,1.3,1.3,1.3,0,6.94,0.9583,0,13.87,2.575,1.234,4349,0,1.66,1.66
"8482702","CAR",5,79,50,3,2,2,0,1,0,0,20,17,1,1,4.01589977380353,1.73979352647439,1,0,3851,670,629,61.2,2.8,1.87,1.87,5.37,0,1,5.37,5.72,3.754,1.626,5150,0.7,0,-0.7
"8482809","CAR",5,65,42,2,1,0,1,0,4,0,64,0,6,0,2.96381813916378,1.26072486722843,1,2,3697,1392,145,60.7,1.95,0.97,0.97,10.34,0,NA,15.52,0,2.886,1.228,5234,0.69,1.38,0.69
"8483548","CAR",3,120,87,5,6,0,0,0,0,0,49,25,2,2,4.50709717988503,3.16400632925797,0,2,7594,1464,1255,58,2.37,2.84,0,0,0,1,4.92,5.74,2.137,1.5,10313,0,0.7,0.7
"8483771","FLA",4,51,37,1,1,0,0,0,0,0,7,0,0,0,2.03135799476877,0.918485304340721,0,0,2767,179,3,58,1.3,1.3,0,0,0,NA,0,0,2.643,1.195,2949,0,0,0
"8484428","CAR",2,15,19,0,0,0,0,0,0,0,0,1,0,0,0.274458593688905,0.414930889382958,1,0,1281,0,146,44.1,0,0,0,NA,0,1,NA,0,0.771,1.166,1427,2.52,0,-2.52
"8475166","TOR",5,67,71,3,6,1,1,0,1,1,27,0,1,0,1.71404856722802,2.94660941511393,2,1,3788,751,80,48.6,2.85,5.7,1.9,4.79,45,NA,4.79,0,1.629,2.8,4619,1.56,0.78,-0.78
"8475171","TOR",5,73,62,3,4,0,0,0,0,0,1,11,0,0,2.10678786091739,2.13647333940025,3,1,4198,73,606,54.1,2.57,3.43,0,0,0,1,0,0,1.807,1.832,4877,2.21,0.74,-1.47
"8475184","MTL",4,45,42,4,3,0,2,0,0,0,11,0,0,0,1.47188121115323,1.87866302486508,0,0,2606,565,91,51.7,5.53,4.14,2.76,0,0,NA,0,0,2.033,2.595,3262,0,0,0
"8475683","TOR",3,134,131,6,8,0,0,0,0,0,21,42,1,0,4.03879494726425,5.76627911254764,0,0,8520,806,1090,50.6,2.54,3.38,0,0,0,1,4.47,0,1.707,2.436,10416,0,0,0
"8475690","TOR",5,52,71,3,1,0,1,0,0,0,0,47,0,1,1.71787571522873,2.26696054916829,0,0,4680,111,873,42.3,2.31,0.77,0.77,0,0,1,0,4.12,1.321,1.744,5664,0,0,0
"8476479","MTL",4,34,32,3,2,0,1,0,0,0,0,15,0,1,1.30603084340692,0.554804069455713,0,0,2684,78,656,51.5,4.02,2.68,1.34,0,0,1,0,5.49,1.752,0.744,3418,0,0,0
"8476853","TOR",5,94,87,4,6,0,2,0,1,0,12,6,1,0,2.5934799144743,3.77330131735653,1,1,4944,526,288,51.9,2.91,4.37,1.46,6.84,0,1,6.84,0,1.888,2.748,5758,0.63,0.63,0
"8476875","MTL",4,54,69,2,5,0,1,0,0,0,1,28,0,3,1.55293682403862,1.93636357499054,3,1,4458,174,740,43.9,1.62,4.04,0.81,0,0,1,0,14.59,1.254,1.564,5372,2.01,0.67,-1.34
"8476925","TOR",5,54,39,3,3,1,0,0,0,0,0,33,0,1,1.9210036721197,1.75856460107025,0,1,3353,23,734,58.1,3.22,3.22,1.07,0,0,1,0,4.9,2.063,1.888,4110,0,0.88,0.88
"8476927","TOR",5,26,38,1,1,0,0,0,0,0,0,26,0,0,0.586696217302233,1.98232824821024,0,1,2397,54,692,40.6,1.5,1.5,0,0,0,1,0,0,0.881,2.977,3143,0,1.15,1.15
"8476931","TOR",5,55,59,3,1,0,0,0,0,0,1,49,0,1,1.65982758591418,2.25033173244447,2,2,4564,98,794,48.2,2.37,0.79,0,0,0,1,0,4.53,1.309,1.775,5456,1.32,1.32,0
"8476981","MTL",4,55,30,3,2,1,2,0,0,0,0,9,0,1,1.75794196070638,0.664191027521156,3,1,2474,35,494,64.7,4.37,2.91,4.37,0,0,1,0,7.29,2.558,0.966,3003,3.6,1.2,-2.4
"8477426","TOR",5,57,47,2,5,1,1,0,0,0,9,20,1,0,2.07862966158427,2.11587005096953,2,2,3439,559,631,54.8,2.09,5.23,2.09,0,0,1,6.44,0,2.176,2.215,4629,1.56,1.56,0
"8477939","TOR",5,73,86,4,6,2,2,1,0,1,31,2,2,0,2.43093811057042,2.89006083831191,0,1,4415,823,211,45.9,3.26,4.89,3.26,4.37,17.06,0.5,8.75,0,1.982,2.357,5449,0,0.66,0.66
"8478133","MTL",4,42,37,1,3,0,0,0,0,0,0,28,0,3,1.22074533125851,1.06116299552377,0,2,2683,48,503,53.2,1.34,4.03,0,0,0,1,0,21.47,1.638,1.424,3234,0,2.23,2.23
"8478178","TOR",5,102,85,3,6,0,1,0,1,1,29,0,2,0,2.68264747865033,2.5164551846683,0,0,5379,925,69,54.5,2.01,4.02,0.67,3.89,52.17,NA,7.78,0,1.795,1.684,6373,0,0,0
"8478458","TOR",5,67,55,4,1,2,1,0,1,0,12,0,1,0,1.52926792926155,1.99510111287236,1,0,4172,650,4,54.9,3.45,0.86,2.59,5.54,0,NA,5.54,0,1.32,1.722,4826,0.75,0,-0.75
"8478851","MTL",4,47,48,4,1,1,1,0,0,0,0,20,0,2,0.924846362206154,0.535399386251811,1,1,3565,27,427,49.5,4.04,1.01,2.02,0,0,1,0,16.86,0.934,0.541,4019,0.9,0.9,0
"8479318","TOR",5,77,64,4,2,1,3,0,1,1,29,2,2,0,2.05801801080815,2.15560026140884,0,1,4915,911,127,54.6,2.93,1.46,2.93,3.95,28.35,0.5,7.9,0,1.507,1.579,5953,0,0.6,0.6
"8479442","TOR",5,70,68,4,4,0,0,0,0,0,0,13,0,0,1.98876978858607,3.42634310887661,0,1,4326,66,735,50.7,3.33,3.33,0,0,0,1,0,0,1.655,2.851,5127,0,0.7,0.7
"8479520","TOR",5,27,39,0,0,0,0,0,0,0,0,38,0,1,0.332266678567976,1.57486613094807,0,2,2518,42,770,40.9,0,0,0,0,0,1,0,4.68,0.475,2.252,3330,0,2.16,2.16
"8479772","TOR",1,1,4,0,0,0,0,0,0,0,0,0,0,0,0,0,0,0,325,0,0,20,0,0,0,NA,NA,NA,NA,NA,0,0,325,0,0,0
"8480018","MTL",4,57,47,3,2,1,1,0,0,0,15,4,0,1,2.29940252192319,1.1411303897039,1,0,3675,525,210,54.8,2.94,1.96,1.96,0,0,1,0,17.14,2.252,1.118,4410,0.82,0,-0.82
"8480074","MTL",4,33,31,2,2,0,1,0,1,0,8,0,1,0,1.0677983360365,0.58327499544248,1,0,2279,424,34,51.6,3.16,3.16,1.58,8.49,0,NA,8.49,0,1.687,0.921,2737,1.32,0,-1.32
"8480865","MTL",4,70,60,1,5,0,0,0,0,0,8,19,1,4,2.59203012718353,1.8327190297423,4,3,4098,401,525,53.8,0.88,4.39,0,0,0,1,8.98,27.43,2.277,1.61,5024,2.87,2.15,-0.72
"8480893","TOR",5,72,57,2,1,0,2,1,1,1,29,0,2,0,1.49454259395134,1.31663081934676,3,0,4544,822,42,55.8,1.58,0.79,1.58,8.76,85.71,NA,8.76,0,1.184,1.043,5408,2,0,-2
"8481523","MTL",4,23,44,2,4,0,1,0,0,0,5,0,1,0,0.535541952122003,2.11392416711897,1,1,2126,155,91,34.3,3.39,6.77,1.69,0,0,NA,23.23,0,0.907,3.58,2372,1.52,1.52,0
"8481540","MTL",4,58,53,3,4,2,0,0,0,0,15,0,0,0,2.24649442883674,1.95274676481494,2,1,3501,530,95,52.3,3.08,4.11,2.06,0,0,NA,0,0,2.31,2.008,4126,1.75,0.87,-0.88
"8481593","MTL",3,25,33,2,2,0,0,0,0,0,0,0,0,0,0.553256050683558,2.1329465159215,0,1,1784,0,197,43.1,4.04,4.04,0,NA,0,NA,NA,0,1.116,4.304,1981,0,1.82,1.82
"8481618","MTL",4,40,38,1,2,1,0,0,1,0,7,22,1,4,1.16099891334306,1.76038974011316,1,1,2727,358,490,51.3,1.32,2.64,1.32,10.06,0,1,10.06,29.39,1.533,2.324,3575,1.01,1.01,0
"8482487","MTL",3,112,126,7,9,0,0,0,0,0,19,27,1,3,2.78566705726552,4.40818702930119,0,3,8038,750,941,47.1,3.14,4.03,0,0,0,1,4.8,11.48,1.248,1.974,9729,0,1.11,1.11
"8482737","MTL",4,50,30,2,0,2,0,1,0,0,8,0,1,0,1.84590998350177,0.917244364973157,0,0,2617,403,30,62.5,2.75,0,2.75,8.93,0,NA,8.93,0,2.539,1.262,3050,0,0,0
"8482964","MTL",4,33,35,3,3,0,0,0,0,0,0,10,0,1,1.54473040439189,2.31708205770701,1,0,2299,0,472,48.5,4.7,4.7,0,NA,0,1,NA,7.63,2.419,3.628,2771,1.3,0,-1.3
"8483457","MTL",4,95,61,3,4,0,2,0,0,0,15,0,0,0,3.42928039515391,1.84242591354996,1,2,4968,593,131,60.9,2.17,2.9,1.45,0,0,NA,0,0,2.485,1.335,5692,0.63,1.26,0.63
"8483515","MTL",4,42,46,0,1,0,0,0,0,0,15,0,0,0,1.58549271104857,1.82881776202703,1,1,3223,534,37,47.7,0,1.12,0,0,0,NA,0,0,1.771,2.043,3794,0.95,0.95,0
"8484158","TOR",5,61,47,3,3,1,2,1,0,0,11,1,1,0,2.16540253680433,1.28990221070126,2,1,3392,558,102,56.5,3.18,3.18,3.18,6.45,0,1,6.45,0,2.298,1.369,4052,1.78,0.89,-0.89
"8484984","MTL",2,16,13,0,1,0,0,0,0,0,7,0,0,0,0.0821443172171712,0.0489535774104297,1,0,1439,119,6,55.2,0,2.5,0,0,0,NA,0,0,0.206,0.122,1564,2.3,0,-2.3
"8486067","TOR",5,60,71,3,4,1,2,0,0,0,14,0,2,0,2.15717343450524,2.65706415788736,1,1,3532,695,59,45.8,3.06,4.08,3.06,0,0,NA,10.36,0,2.199,2.708,4286,0.84,0.84,0
"8476374","BOS",3,32,30,1,1,0,0,0,0,0,0,8,0,2,0.504717514850199,0.257132393773645,1,2,2017,19,117,51.6,1.78,1.78,0,0,0,1,0,61.54,0.901,0.459,2153,1.67,3.34,1.67
"8476459","NYR",6,62,72,3,0,0,3,1,0,0,40,14,2,0,3.88345803134144,2.78343697293894,0,1,5516,794,556,46.3,1.96,0,1.96,4.53,0,1,9.07,0,2.535,1.817,6866,0,0.52,0.52
"8476468","NYR",6,78,59,3,3,1,0,0,1,0,30,7,2,1,3.1568450247869,1.99283300037497,3,0,4755,624,474,56.9,2.27,2.27,0.76,5.77,0,1,11.54,7.59,2.39,1.509,5853,1.85,0,-1.85
"8476854","BOS",5,80,78,3,3,1,1,0,1,0,12,24,1,0,2.95265907229622,3.18510003975825,0,2,4839,559,508,50.6,2.23,2.23,1.49,6.44,0,1,6.44,0,2.197,2.37,5906,0,1.22,1.22
"8477365","BOS",5,71,72,4,4,0,1,0,0,0,1,22,0,1,2.29915728978813,2.67688841902418,1,0,5425,129,590,49.7,2.65,2.65,0.66,0,0,1,0,6.1,1.526,1.776,6144,0.59,0,-0.59
"8477416","NYR",6,53,49,2,1,1,1,1,0,0,8,0,2,0,1.33558648690814,1.36556589754764,0,2,3515,395,58,52,2.05,1.02,2.05,9.11,0,NA,18.23,0,1.368,1.399,3968,0,1.81,1.81
"8477496","BOS",5,57,60,2,2,0,2,0,0,1,17,10,3,0,1.74588401149959,1.41675867445883,2,0,3906,469,461,48.7,1.84,1.84,1.84,0,7.81,0.9,23.03,0,1.609,1.306,4836,1.49,0,-1.49
"8477507","BOS",5,69,70,4,5,0,1,0,0,0,0,20,0,2,2.81222345260903,2.49997824351885,2,0,5166,133,723,49.6,2.79,3.48,0.7,0,0,1,0,9.96,1.96,1.742,6022,1.2,0,-1.2
"8477956","BOS",5,80,67,2,3,0,1,2,1,1,28,0,3,0,2.92141007259489,2.15086797034018,0,0,4759,820,148,54.4,1.51,2.27,0.76,13.17,24.32,NA,13.17,0,2.21,1.627,5727,0,0,0
"8477969","NYR",6,68,90,1,1,0,0,0,0,0,2,22,0,1,2.52186741214246,3.88306398515124,1,0,5957,116,934,43,0.6,0.6,0,0,0,1,0,3.85,1.524,2.347,7007,0.51,0,-0.51
"8478048","NYR",5,177,212,8,6,0,0,0,0,0,33,33,3,2,6.88521043822402,8.0139624280855,0,0,12772,954,1555,45.5,2.25,1.69,0,0,0,1,11.32,4.63,1.941,2.259,15281,0,0,0
"8478401","BOS",5,58,66,1,0,0,0,0,1,1,22,17,3,1,2.17479132488369,3.24628083605785,1,0,4231,610,333,46.8,0.85,0,0,5.9,10.81,0.9412,17.7,10.81,1.85,2.762,5174,0.7,0,-0.7
"8478840","BOS",5,68,78,3,1,0,1,0,0,0,0,23,0,1,2.33794014336308,2.98362896946492,3,0,5093,98,552,46.6,2.12,0.71,0.71,0,0,1,0,6.52,1.653,2.109,5743,1.88,0,-1.88
"8478882","NYR",6,92,83,3,5,1,2,0,0,0,0,20,0,1,3.80069629941136,2.85607863648329,0,2,6272,183,971,52.6,1.72,2.87,1.72,0,0,1,0,3.71,2.182,1.639,7426,0,0.97,0.97
"8479323","NYR",6,90,79,5,3,0,2,0,1,0,40,4,2,0,4.50685050524771,2.90258110745344,2,1,6114,780,320,53.3,2.94,1.77,1.18,4.62,0,1,9.23,0,2.654,1.709,7214,1,0.5,-0.5
"8479661","BOS",5,43,55,4,2,1,0,0,0,0,0,7,0,1,1.45602587703615,1.66848433739506,2,0,2985,55,314,43.9,4.82,2.41,1.21,0,0,1,0,11.46,1.756,2.012,3354,2.15,0,-2.15
"8479987","BOS",5,63,72,1,1,0,1,1,2,1,26,0,3,0,2.09115893556736,3.29629608581308,0,2,4468,725,10,46.7,0.81,0.81,0.81,14.9,360,NA,14.9,0,1.685,2.656,5203,0,1.38,1.38
"8479999","BOS",5,49,63,2,1,1,0,0,0,0,5,0,0,0,1.98768658167683,2.20824861316942,1,0,3777,329,55,43.8,1.91,0.95,0.95,0,0,NA,0,0,1.895,2.105,4161,0.87,0,-0.87
"8480009","NYR",6,45,81,1,1,1,0,0,0,0,8,9,2,0,1.70842926157638,2.85926098097116,1,0,3743,461,494,35.7,0.96,0.96,0.96,0,0,1,15.62,0,1.643,2.75,4698,0.77,0,-0.77
"8480280","BOS",4,175,196,8,6,0,0,0,0,1,21,39,3,1,6.00692198768957,7.15414920073818,0,0,12041,880,1229,47.2,2.39,1.79,0,0,2.93,0.9744,12.27,2.93,1.796,2.139,14150,0,0,0
"8480355","BOS",5,39,51,4,2,0,3,0,0,0,0,17,0,2,1.50677897594869,1.23221475241007,1,0,2962,66,345,43.3,4.86,2.43,3.65,0,0,1,0,20.87,1.831,1.498,3373,1.07,0,-1.07
"8480434","NYR",6,72,88,0,1,0,1,1,0,0,10,19,2,2,2.12414418254047,3.95193377800751,2,0,5613,535,903,45,0,0.64,0.64,6.73,0,1,13.46,7.97,1.362,2.535,7051,1.02,0,-1.02
"8480813","NYR",4,26,31,0,0,0,0,0,0,0,0,6,0,0,0.454634900204837,1.0286835860461,1,1,2109,52,520,45.6,0,0,0,0,0,1,0,0,0.776,1.756,2681,1.34,1.34,0
"8481219","BOS",3,43,44,1,0,0,0,0,0,0,0,2,0,2,1.19778426992707,0.959700486971997,2,0,2899,35,111,49.4,1.24,0,0,0,0,1,0,64.86,1.487,1.192,3045,2.36,0,-2.36
"8481604","NYR",6,72,57,3,4,1,0,0,2,0,41,0,2,0,2.96214593807235,1.82571668713354,0,2,4780,800,99,55.8,2.26,3.01,0.75,9,0,NA,9,0,2.231,1.375,5679,0,1.27,1.27
"8481789","NYR",6,55,61,2,3,0,1,0,0,0,0,16,0,1,2.28497664630413,2.34350626729429,1,0,4363,116,733,47.4,1.65,2.48,0.83,0,0,1,0,4.91,1.885,1.934,5212,0.69,0,-0.69
"8482073","NYR",6,63,100,3,1,0,0,0,0,0,0,19,0,0,2.56771315500374,3.11298888019519,2,1,5236,147,773,38.7,2.06,0.69,0,0,0,1,0,0,1.765,2.14,6156,1.17,0.58,-0.59
"8482109","NYR",6,66,70,4,0,1,2,1,0,0,41,0,2,0,3.7111602537334,2.85516095574713,1,4,5496,827,65,48.5,2.62,0,1.97,4.35,0,NA,8.71,0,2.431,1.87,6388,0.56,2.25,1.69
"8482157","NYR",6,51,86,1,3,0,0,0,2,0,18,13,2,1,1.75520192459226,3.628382794559,4,2,4215,633,529,37.2,0.85,2.56,0,11.37,0,1,11.37,6.81,1.499,3.099,5377,2.68,1.34,-1.34
"8482175","BOS",5,67,73,1,4,1,0,0,0,0,16,0,0,0,2.87048887554556,3.15273152882582,1,1,4296,654,137,47.9,0.84,3.35,0.84,0,0,NA,0,0,2.405,2.642,5087,0.71,0.71,0
"8482177","BOS",5,47,44,1,1,0,0,0,0,0,0,17,0,0,1.44251657038694,2.19356375670759,0,1,3502,93,388,51.6,1.03,1.03,0,0,0,1,0,0,1.483,2.255,3983,0,0.9,0.9
"8482460","NYR",1,7,10,0,0,0,0,0,0,0,0,0,0,0,0,0,0,0,571,0,0,41.2,0,0,0,NA,NA,NA,NA,NA,0,0,571,0,0,0
"8482511","BOS",5,72,88,2,0,1,1,0,0,1,14,0,0,0,2.81131301098503,3.03930876016966,0,2,5033,447,156,45,1.43,0,1.43,0,23.08,NA,0,0,2.011,2.174,5636,0,1.28,1.28
"8483489","BOS",5,53,52,2,3,1,0,0,0,0,3,11,0,0,2.31689745764015,2.78040268615587,0,1,3739,394,386,50.5,1.93,2.89,0.96,0,0,1,0,0,2.231,2.677,4519,0,0.8,0.8
"8483690","NYR",6,50,100,1,3,0,1,0,0,0,0,17,0,1,1.55328136589378,3.72487161681056,2,0,4469,128,487,33.3,0.81,2.42,0.81,0,0,1,0,7.39,1.251,3.001,5084,1.42,0,-1.42
"8484210","NYR",6,63,73,3,1,2,0,0,2,0,9,0,2,0,3.71430665068328,3.1157833285979,0,2,4736,537,52,46.3,2.28,0.76,1.52,13.41,0,NA,13.41,0,2.823,2.368,5325,0,1.35,1.35
"8485395","BOS",5,39,54,3,2,2,1,0,0,0,6,0,0,0,1.56970828160411,1.66615264542634,1,0,3404,426,110,41.9,3.17,2.12,3.17,0,0,NA,0,0,1.66,1.762,3940,0.91,0,-0.91
"8485957","NYR",6,65,87,4,3,0,0,0,0,0,0,0,0,0,3.18317785026739,3.08305597986327,2,1,5155,30,52,42.8,2.79,2.1,0,0,0,NA,0,0,2.223,2.153,5237,1.37,0.69,-0.68
"8474568","VAN",4,41,35,3,0,0,2,0,0,0,0,14,0,0,1.18091212579748,1.382843964122,3,0,2454,66,481,53.9,4.4,0,2.93,0,0,1,0,0,1.732,2.029,3001,3.6,0,-3.6
"8475218","EDM",4,70,44,7,1,0,0,0,0,0,0,19,0,3,3.63846124440897,1.56386541767279,0,2,4185,104,519,61.4,6.02,0.86,0,0,0,1,0,20.81,3.13,1.345,4808,0,1.5,1.5
"8475786","EDM",1,19,9,3,0,0,0,0,0,1,9,0,0,0,0,0,0,0,918,217,16,67.9,11.76,0,0,0,225,NA,0,0,0,0,1151,0,0,0
"8475848","VAN",4,31,36,1,1,0,0,0,0,0,0,1,0,0,1.28856079786783,1.74018754629651,2,0,2068,91,195,46.3,1.74,1.74,0,0,0,1,0,0,2.243,3.029,2354,3.06,0,-3.06
"8476467","VAN",5,45,96,3,8,1,2,0,0,0,0,26,0,2,1.38769397325814,3.55835917982039,2,1,4904,72,707,31.9,2.2,5.87,2.2,0,0,1,0,10.18,1.019,2.612,5683,1.27,0.63,-0.64
"8476473","EDM",4,41,82,3,4,0,0,0,0,0,0,17,0,2,1.6207123043132,3.17228219792014,5,1,4192,148,375,33.3,2.58,3.44,0,0,0,1,0,19.2,1.392,2.724,4715,3.82,0.76,-3.06
"8477465","EDM",1,58,35,4,3,0,0,0,0,1,11,2,0,1,0,0,0,0,3019,352,140,62.4,4.77,3.58,0,0,25.71,0.5,0,25.71,0,0,3511,0,0,0
"8477934","EDM",4,78,23,8,1,2,4,1,0,1,37,0,3,0,3.69578479952179,0.573184894223232,0,1,3640,820,98,77.2,7.91,0.99,5.93,4.39,36.73,NA,13.17,0,3.655,0.567,4558,0,0.79,0.79
"8477953","EDM",4,53,42,1,5,0,0,1,1,0,23,7,3,2,0.840136974497,1.65315521077719,1,0,2937,594,381,55.8,1.23,6.13,0,12.12,0,1,18.18,18.9,1.03,2.026,3912,0.92,0,-0.92
"8478013","EDM",4,48,47,1,4,0,0,0,0,0,12,3,0,0,0.979353620467009,1.6699234189,2,0,2657,586,183,50.5,1.35,5.42,0,0,0,1,0,0,1.327,2.263,3426,2.1,0,-2.1
"8478402","EDM",4,76,33,10,1,0,6,0,3,1,37,12,3,3,3.79960507183569,0.735080038895831,0,2,3983,817,292,69.7,9.04,0.9,5.42,13.22,12.33,0.9167,13.22,36.99,3.434,0.664,5092,0,1.41,1.41
"8478444","VAN",5,48,63,3,4,1,0,0,2,2,29,0,3,0,1.38262559846043,2.81291786546353,0,0,4120,778,78,43.2,2.62,3.5,0.87,9.25,92.31,NA,13.88,0,1.208,2.458,4976,0,0,0
"8478472","EDM",4,25,54,2,3,0,1,0,0,0,0,8,0,1,1.03402394783916,1.88808947429061,1,1,2850,183,393,31.6,2.53,3.79,1.26,0,0,1,0,9.16,1.306,2.385,3426,1.05,1.05,0
"8478498","VAN",3,20,33,4,1,2,1,0,0,2,18,0,2,0,0.774877338786609,0.725276664103149,1,1,2390,393,42,37.7,6.03,1.51,4.52,0,171.43,NA,18.32,0,1.167,1.092,2825,1.27,1.27,0
"8478854","EDM",4,58,57,6,2,1,2,0,0,0,10,6,0,3,1.6364762042067,1.92709572863532,0,1,4077,578,466,50.4,5.3,1.77,2.65,0,0,1,0,23.18,1.445,1.702,5121,0,0.7,0.7
"8479365","EDM",4,26,35,1,1,1,0,0,0,0,11,0,0,0,0.929913869127631,0.932241530623287,1,0,1813,548,43,42.6,1.99,1.99,1.99,0,0,NA,0,0,1.846,1.851,2404,1.5,0,-1.5
"8479368","EDM",4,35,35,0,4,0,0,0,0,0,2,0,0,0,0.846565423329594,1.03156100440538,3,1,2317,84,44,50,0,6.21,0,0,0,NA,0,0,1.315,1.603,2445,4.42,1.47,-2.95
"8479425","VAN",5,62,96,8,6,0,3,0,2,2,28,34,3,5,2.66821261466249,3.77748879574938,0,1,5634,760,833,39.2,5.11,3.83,1.92,9.47,8.64,0.9412,14.21,21.61,1.705,2.414,7227,0,0.5,0.5
"8480012","VAN",5,41,73,6,2,0,4,2,1,2,29,15,3,0,2.07800627790858,1.36407770068036,0,3,4354,798,500,36,4.96,1.65,3.31,13.53,14.4,0.8667,13.53,0,1.718,1.128,5652,0,1.91,1.91
"8480029","EDM",4,34,53,5,2,0,2,0,0,0,0,17,0,2,0.839257535699289,2.37976221973077,0,2,3034,112,307,39.1,5.93,2.37,2.37,0,0,1,0,23.45,0.996,2.824,3453,0,2.09,2.09
"8480803","EDM",4,88,39,11,1,6,3,0,1,1,35,7,3,2,3.69396451464854,0.851545850746333,0,0,4316,789,354,69.3,9.18,0.83,7.51,4.56,10.17,0.8571,13.69,20.34,3.081,0.71,5459,0,0,0
"8480947","VAN",4,89,148,7,13,0,0,0,0,3,15,46,2,5,1.90980924182804,6.38470859444351,0,0,8899,661,1330,37.6,2.83,5.26,0,0,8.12,0.9348,10.89,13.53,0.773,2.583,10890,0,0,0
"8481024","VAN",5,39,69,5,5,0,3,0,0,1,9,0,0,0,1.34073316556168,2.82636019337223,2,1,3760,569,48,36.1,4.79,4.79,2.87,0,75,NA,0,0,1.284,2.706,4377,1.64,0.82,-0.82
"8481032","VAN",5,42,58,3,3,1,2,1,0,0,2,15,1,3,1.42962735332548,3.07873809803277,0,0,3738,120,499,42,2.89,2.89,2.89,30,0,1,30,21.64,1.377,2.965,4357,0,0,0
"8481617","EDM",4,73,25,8,2,2,0,1,1,1,33,0,3,0,3.59808684769087,0.791629311395809,0,0,3369,741,72,74.5,8.55,2.14,2.14,9.72,50,NA,14.57,0,3.845,0.846,4182,0,0,0
"8482055","VAN",5,51,65,2,5,1,1,0,0,0,9,22,0,1,1.74540705059189,3.97105057851877,2,1,3668,383,546,44,1.96,4.91,1.96,0,0,1,0,6.59,1.713,3.897,4597,1.57,0.78,-0.79
"8482079","VAN",5,52,59,3,4,3,0,0,1,2,28,1,3,0,1.67885063961149,1.56777299026726,2,1,4007,788,145,46.8,2.7,3.59,2.7,4.57,49.66,-1,13.71,0,1.508,1.409,4940,1.46,0.73,-0.73
"8482166","EDM",2,20,21,0,6,0,0,0,0,0,0,0,0,0,0.188770532986382,0.707572968385648,0,1,1331,25,28,48.8,0,16.23,0,0,0,NA,0,0,0.511,1.914,1384,0,2.6,2.6
"8482703","EDM",3,26,28,0,4,0,0,0,0,0,8,1,0,1,0.350248814938823,0.765045750886202,1,3,1946,252,156,48.1,0,7.4,0,0,0,1,0,23.08,0.648,1.415,2354,1.53,4.59,3.06
"8483395","VAN",5,41,53,3,5,1,1,0,0,0,1,12,0,3,1.62736888322979,2.69628966588061,0,1,2873,111,410,43.6,3.76,6.27,2.51,0,0,1,0,26.34,2.039,3.379,3394,0,1.06,1.06
"8483455","EDM",4,23,36,1,1,0,1,0,0,0,13,0,0,0,0.630646165460348,1.62736433930695,1,1,1872,545,11,39,1.92,1.92,1.92,0,0,NA,0,0,1.213,3.13,2428,1.48,1.48,0
"8483476","VAN",5,48,51,7,2,2,2,0,0,1,9,0,0,0,1.941853853059,1.4557359359751,0,1,3240,551,66,48.5,7.78,2.22,4.44,0,54.55,NA,0,0,2.158,1.617,3857,0,0.93,0.93
"8483499","VAN",5,44,63,4,4,1,2,0,0,1,10,19,0,2,1.2176186768338,3.22436931915581,0,0,3669,571,497,41.1,3.92,3.92,2.94,0,7.24,0.9474,0,14.49,1.195,3.164,4737,0,0,0
"8483678","VAN",5,59,52,4,2,0,0,0,0,0,0,30,0,5,2.24652145302389,2.05150370279444,1,3,3879,125,827,53.2,3.71,1.86,0,0,0,1,0,21.77,2.085,1.904,4831,0.75,2.24,1.49
"8484136","VAN",5,45,66,1,3,1,0,0,0,0,0,20,0,3,1.35819016874302,3.34631711454131,2,1,3523,85,528,40.5,1.02,3.07,1.02,0,0,1,0,20.45,1.388,3.419,4136,1.74,0.87,-0.87
"8484240","VAN",5,62,92,3,6,0,2,0,0,1,10,2,0,0,1.80850008921698,4.70124747778756,2,1,5103,641,312,40.3,2.12,4.23,1.41,0,11.54,0.5,0,0,1.276,3.317,6056,1.19,0.59,-0.6
"8484798","VAN",5,66,96,6,6,0,1,0,0,1,12,1,0,0,2.14973315468523,4.09405202133348,0,1,5490,712,125,40.7,3.93,3.93,0.66,0,28.8,0,0,0,1.41,2.685,6327,0,0.57,0.57
"8486161","EDM",4,23,54,2,2,2,0,0,0,0,0,7,0,1,1.1716013813857,2.16593772801571,0,0,2489,153,230,29.9,2.89,2.89,2.89,0,0,1,0,15.65,1.695,3.133,2872,0,0,0
"8474013","CHI",5,48,59,3,2,0,0,0,0,0,0,13,0,1,2.37509205407696,2.15597235882887,1,2,4279,64,443,44.9,2.52,1.68,0,0,0,1,0,8.13,1.998,1.814,4786,0.75,1.5,0.75
"8474141","CHI",5,57,85,1,4,1,0,0,0,0,16,0,0,0,1.36714359448523,3.28580177202821,3,0,4918,634,172,40.1,0.73,2.93,0.73,0,0,NA,0,0,1.001,2.405,5724,1.89,0,-1.89
"8475188","VGK",5,83,64,10,3,0,4,0,0,0,0,14,0,1,3.137763237115,2.14501283079153,0,0,4844,48,501,56.5,7.43,2.23,2.97,0,0,1,0,7.19,2.332,1.594,5393,0,0,0
"8475343","VGK",5,43,40,2,3,0,2,0,0,0,1,10,0,1,1.19201334542595,1.35623971372843,1,2,2847,215,273,51.8,2.53,3.79,2.53,0,0,1,0,13.19,1.507,1.715,3335,1.08,2.16,1.08
"8475913","VGK",5,71,52,4,0,1,0,0,2,0,43,5,3,0,2.57397900056094,1.17622526327614,2,2,4214,1071,243,57.7,3.42,0,0.85,6.72,0,1,10.08,0,2.199,1.005,5528,1.3,1.3,0
"8476448","VGK",5,72,55,2,4,0,1,0,0,0,12,10,0,1,3.11880116761313,1.93645189155359,0,1,4372,574,233,56.7,1.65,3.29,0.82,0,0,1,0,15.45,2.568,1.595,5179,0,0.7,0.7
"8476881","VGK",5,65,39,4,2,0,2,3,0,0,45,0,5,0,2.42199014383368,1.1658423175104,1,0,3484,1143,13,62.5,4.13,2.07,2.07,9.45,0,NA,15.75,0,2.503,1.205,4640,0.78,0,-0.78
"8477447","VGK",5,87,67,10,3,1,1,0,1,0,27,4,3,2,3.49666202114895,2.20923484250671,0,0,5101,803,220,56.5,7.06,2.12,1.41,4.48,0,1,13.45,32.73,2.468,1.559,6124,0,0,0
"8477479","CHI",5,53,54,3,3,1,0,0,0,0,15,0,0,0,1.51433834654745,2.51407712936635,0,1,4549,609,18,49.5,2.37,2.37,0.79,0,0,NA,0,0,1.198,1.99,5176,0,0.7,0.7
"8477964","VGK",5,83,51,3,0,0,2,0,1,0,4,0,1,0,2.64830610039644,0.68648551258957,1,3,4276,238,32,61.9,2.53,0,1.68,15.13,0,NA,15.13,0,2.23,0.578,4546,0.79,2.38,1.59
"8477987","CHI",5,34,65,1,6,1,0,0,0,0,6,0,1,0,0.897928512655199,2.53677428793162,0,0,2861,364,0,34.3,1.26,7.55,1.26,0,NA,NA,9.89,NA,1.13,3.192,3225,0,0,0
"8478109","VGK",4,61,30,4,3,2,1,2,0,0,15,0,3,0,2.65983705385588,0.612091722432524,0,0,2617,497,35,67,5.5,4.13,4.13,14.49,0,NA,21.73,0,3.659,0.842,3149,0,0,0
"8478233","CHI",1,3,5,0,0,0,0,0,0,0,0,0,0,0,0,0,1,0,316,0,7,37.5,0,0,0,NA,0,NA,NA,0,0,0,323,11.15,0,-11.15
"8478396","VGK",5,92,70,1,1,1,0,0,0,0,3,12,0,1,2.77102469245437,1.39714258839376,0,0,5071,315,523,56.8,0.71,0.71,0.71,0,0,1,0,6.88,1.967,0.992,5909,0,0,0
"8478397","VGK",5,86,57,1,7,0,1,0,0,0,12,0,0,0,3.65251972273109,2.34330128744477,3,1,4564,723,85,60.1,0.79,5.52,0.79,0,0,NA,0,0,2.881,1.848,5372,2.01,0.67,-1.34
"8478403","VGK",5,76,57,4,2,2,2,0,5,0,45,8,5,0,2.94608933059499,1.6334798183525,1,1,4377,1200,348,57.1,3.29,1.64,3.29,15,0,1,15,0,2.423,1.344,5925,0.61,0.61,0
"8478413","CHI",5,51,57,1,0,1,0,0,0,0,0,8,0,0,2.28826064598979,2.35909134941176,0,1,3938,95,258,47.2,0.91,0,0.91,0,0,1,0,0,2.092,2.157,4291,0,0.84,0.84
"8478450","VGK",5,82,54,1,7,0,0,0,0,0,0,11,0,0,3.54286405516905,2.22764774650568,1,1,4685,223,370,60.3,0.77,5.38,0,0,0,1,0,0,2.722,1.712,5278,0.68,0.68,0
"8478468","VGK",5,74,66,1,1,0,0,0,0,0,1,11,0,0,2.11202971276361,1.52492432971485,1,2,4292,118,474,52.9,0.84,0.84,0,0,0,1,0,0,1.772,1.279,4884,0.74,1.47,0.73
"8478483","VGK",5,66,50,2,3,1,1,0,1,0,44,7,4,0,2.69074725024985,1.78557100112084,0,1,4484,1111,437,56.9,1.61,2.41,1.61,3.24,0,1,12.96,0,2.16,1.434,6032,0,0.6,0.6
"8479353","VGK",5,62,52,4,3,1,1,0,0,0,1,10,0,1,2.51663973569521,1.98116847669008,1,1,4193,103,414,54.4,3.43,2.58,1.72,0,0,1,0,8.7,2.161,1.701,4710,0.76,0.76,0
"8479394","VGK",3,152,118,8,7,0,0,0,0,0,25,20,4,1,4.17192367828102,3.66660792543553,0,0,8702,1096,751,56.3,3.31,2.9,0,0,0,1,13.14,4.79,1.726,1.517,10549,0,0,0
"8481519","CHI",3,105,161,6,7,0,0,0,0,0,12,13,1,1,3.13940046058269,5.46531694900478,0,0,9366,471,677,39.5,2.31,2.69,0,0,0,1,7.64,5.32,1.207,2.101,10514,0,0,0
"8481524","CHI",4,61,77,1,5,0,0,0,0,0,15,2,0,1,1.61764541635057,3.67927418230102,0,0,4944,615,222,44.2,0.73,3.64,0,0,0,1,0,16.22,1.178,2.679,5781,0,0,0
"8481568","CHI",5,52,86,3,4,0,2,0,0,0,0,15,0,3,2.12035962170921,3.52296807157109,0,1,5269,78,462,37.7,2.05,2.73,1.37,0,0,1,0,23.38,1.449,2.407,5809,0,0.62,0.62
"8482062","CHI",5,51,61,1,1,0,0,0,0,0,0,11,0,4,2.42080809175968,2.43496958026662,1,0,3816,103,454,45.5,0.94,0.94,0,0,0,1,0,31.72,2.284,2.297,4373,0.82,0,-0.82
"8482176","CHI",5,68,88,2,5,0,1,0,0,0,0,8,0,2,1.81018256803509,2.79114097729326,2,2,5251,109,406,43.6,1.37,3.43,0.69,0,0,1,0,17.73,1.241,1.914,5766,1.25,1.25,0
"8483450","CHI",5,56,66,1,0,0,1,0,0,0,0,10,0,4,2.37308808398666,2.21924890717492,0,0,4019,112,400,45.9,0.9,0,0.9,0,0,1,0,36,2.126,1.988,4531,0,0,0
"8483493","CHI",5,60,68,0,4,0,0,0,1,0,10,8,1,0,1.51083536021179,2.69968866789714,1,1,4509,543,352,46.9,0,3.19,0,6.63,0,1,6.63,0,1.206,2.155,5404,0.67,0.67,0
"8483506","CHI",4,60,60,1,3,0,0,1,0,0,5,0,1,0,1.40448153938632,2.04634842230007,0,1,3775,391,75,50,0.95,2.86,0,9.21,0,NA,9.21,0,1.339,1.951,4241,0,0.85,0.85
"8483553","VGK",5,41,41,2,3,1,1,0,0,0,1,0,0,0,1.24888596800156,1.47039181459695,2,1,2549,185,52,50,2.82,4.24,2.82,0,0,NA,0,0,1.764,2.077,2786,2.58,1.29,-1.29
"8483890","VGK",5,55,51,2,5,1,1,0,0,0,13,0,1,0,2.03047910891472,1.94802593206987,0,0,2977,721,59,51.9,2.42,6.05,2.42,0,0,NA,4.99,0,2.455,2.356,3757,0,0,0
"8484185","CHI",5,24,59,1,6,0,1,0,1,0,6,0,1,0,0.653837393969297,2.340579691343,0,2,2609,410,0,28.9,1.38,8.28,1.38,8.78,NA,NA,8.78,NA,0.902,3.23,3019,0,2.38,2.38
"8484197","CHI",5,37,70,2,5,1,0,0,0,0,5,0,1,0,0.924123746342957,2.97771245986223,3,1,3061,405,78,34.6,2.35,5.88,1.18,0,0,NA,8.89,0,1.087,3.502,3544,3.05,1.02,-2.03
"8484390","CHI",5,52,61,0,3,0,0,0,0,0,15,0,0,0,1.78189659933559,2.80895244562999,1,0,4817,629,58,46,0,2.24,0,0,0,NA,0,0,1.332,2.099,5504,0.65,0,-0.65
"8484783","CHI",5,68,87,2,3,0,1,0,0,0,1,8,0,1,2.10198055114597,3.09691941738128,1,0,5354,107,507,43.9,1.34,2.02,0.67,0,0,1,0,7.1,1.413,2.082,5968,0.6,0,-0.6
"8484803","VGK",5,58,37,3,4,1,1,0,0,0,23,1,0,1,2.50184861104936,1.08843696443364,0,0,2765,764,52,61.1,3.91,5.21,2.6,0,0,1,0,69.23,3.257,1.417,3581,0,0,0
"8485391","CHI",5,49,69,4,5,1,2,0,0,0,11,6,0,0,1.7084513216978,2.50449949648464,0,0,4371,524,343,41.5,3.29,4.12,2.47,0,0,1,0,0,1.407,2.063,5238,0,0,0
"8471215","PIT",5,71,69,3,2,1,1,2,0,0,11,0,2,0,2.43635144682775,2.74582183611347,1,2,4211,582,56,50.7,2.56,1.71,1.71,12.37,0,NA,12.37,0,2.083,2.347,4849,0.74,1.48,0.74
"8471675","PIT",5,69,89,5,7,0,2,0,0,0,24,0,2,0,3.25941944122315,4.33288837701547,0,1,4685,600,4,43.7,3.84,5.38,1.54,0,0,NA,12,0,2.505,3.329,5289,0,0.68,0.68
"8471724","PIT",5,76,82,2,2,0,1,0,1,0,9,1,2,0,2.82844473239674,3.44678453548113,1,0,4924,439,106,48.1,1.46,1.46,0.73,8.2,0,1,16.4,0,2.068,2.52,5469,0.66,0,-0.66
"8474578","PIT",5,82,86,6,3,0,3,0,2,0,24,8,2,1,3.46238462347538,3.77931663079653,0,0,5244,681,381,48.8,4.12,2.06,2.06,10.57,0,1,10.57,9.45,2.377,2.594,6306,0,0,0
"8476372","PHI",5,51,77,1,1,0,1,0,0,0,0,22,0,3,1.11470272578299,2.38631041324698,2,0,4482,53,770,39.8,0.8,0.8,0.8,0,0,1,0,14.03,0.895,1.917,5305,1.36,0,-1.36
"8476461","PHI",5,48,72,2,2,0,2,0,0,0,1,30,0,2,1.95014929026365,2.48308147024363,1,0,3947,161,674,40,1.82,1.82,1.82,0,0,1,0,10.68,1.779,2.265,4782,0.75,0,-0.75
"8476483","PIT",5,73,78,5,5,0,1,0,1,0,23,6,2,1,3.51218206994235,4.31433151301462,1,1,4507,570,345,48.3,3.99,3.99,0.8,6.32,0,1,12.63,10.43,2.805,3.446,5422,0.66,0.66,0
"8477499","PHI",3,39,68,2,3,0,0,0,0,0,1,8,0,0,1.11119085364044,1.91594275087118,0,1,2874,101,317,36.4,2.51,3.76,0,0,0,1,0,0,1.392,2.4,3292,0,1.09,1.09
"8477845","PIT",5,65,78,1,1,0,0,0,0,0,0,33,0,0,1.91596615970775,3.21706186543452,2,1,4802,66,594,45.5,0.75,0.75,0,0,0,1,0,0,1.436,2.412,5462,1.32,0.66,-0.66
"8477948","PHI",5,82,132,2,7,1,0,0,0,0,2,36,0,4,3.0679780561477,4.96692725364119,2,0,5808,284,1017,38.3,1.24,4.34,0.62,0,0,1,0,14.16,1.902,3.079,7109,1.01,0,-1.01
"8477989","PHI",5,52,78,1,4,0,1,0,0,0,6,8,0,2,1.80970656307181,3.09781092428602,1,0,3957,383,420,40,0.91,3.64,0.91,0,0,1,0,17.14,1.646,2.818,4760,0.76,0,-0.76
"8478435","PHI",2,57,109,1,7,0,0,0,0,1,21,17,0,2,1.08281636051834,3.01599006634206,0,0,5644,702,637,34.3,0.64,4.46,0,0,5.65,0.9412,0,11.3,0.691,1.924,6983,0,0,0
"8478438","PIT",5,51,56,2,1,2,0,0,2,0,23,0,3,0,2.0468468232284,2.18248812732054,0,1,3719,570,62,47.7,1.94,0.97,1.94,12.63,0,NA,18.95,0,1.981,2.113,4351,0,0.83,0.83
"8478439","PHI",5,54,83,1,4,0,1,0,1,0,28,1,1,1,1.77531931916019,3.09961485257373,2,0,3887,865,148,39.4,0.93,3.7,0.93,4.16,0,1,4.16,24.32,1.644,2.871,4900,1.47,0,-1.47
"8478569","PHI",5,36,69,0,4,0,0,0,0,0,1,28,0,2,1.20732547901571,2.64970648707822,1,0,3666,123,610,34.3,0,3.93,0,0,0,1,0,11.8,1.186,2.602,4399,0.82,0,-0.82
"8479336","PHI",4,27,57,2,2,0,0,0,0,0,0,0,0,0,0.802105645649135,1.84014886105434,0,1,2629,22,6,32.1,2.74,2.74,0,0,0,NA,0,0,1.098,2.52,2657,0,1.35,1.35
"8479398","PIT",5,81,88,6,7,1,4,0,0,0,2,9,1,1,3.44284666981548,3.44386010250309,1,2,5033,170,469,47.9,4.29,5.01,3.58,0,0,1,21.18,7.68,2.463,2.463,5672,0.63,1.27,0.64
"8480015","PHI",5,46,76,2,2,1,0,0,0,0,12,0,0,0,1.65892160497606,2.64814529614523,2,1,3784,713,187,37.7,1.9,1.9,0.95,0,0,NA,0,0,1.578,2.519,4684,1.54,0.77,-0.77
"8480220","PHI",5,34,46,0,3,0,0,0,0,0,5,23,0,1,0.932798125781118,1.47383211925626,0,0,2714,191,757,42.5,0,3.98,0,0,0,1,0,4.76,1.237,1.955,3662,0,0,0
"8480842","PIT",2,18,11,3,0,1,1,0,0,0,0,6,0,0,0.211174715310335,0.0652075977995992,0,1,997,50,187,62.1,10.83,0,7.22,0,0,1,0,0,0.763,0.235,1234,0,2.92,2.92
"8480980","PIT",5,42,51,2,2,0,0,0,0,0,0,24,0,0,1.15628614008892,1.25252160074888,1,0,3181,104,560,45.2,2.26,2.26,0,0,0,1,0,0,1.309,1.418,3845,0.94,0,-0.94
"8481122","PHI",4,30,46,0,1,0,0,0,0,0,0,10,0,0,0.822304545901716,1.63713156152516,2,2,3013,30,426,39.5,0,1.19,0,0,0,1,0,0,0.983,1.956,3469,2.08,2.08,0
"8481481","PIT",5,50,44,2,1,0,1,0,0,0,0,31,0,0,1.52475957863499,0.968441569420974,2,0,3002,123,437,53.2,2.4,1.2,1.2,0,0,1,0,0,1.828,1.161,3562,2.02,0,-2.02
"8481527","PIT",5,69,82,7,6,0,4,0,0,0,0,13,0,0,2.91187062114477,2.74841163837119,0,1,4382,87,583,45.7,5.75,4.93,3.29,0,0,1,0,0,2.392,2.258,5052,0,0.71,0.71
"8481533","PHI",5,42,81,1,2,0,1,0,1,1,28,0,1,0,1.36005830764771,3.34209263790398,2,0,4306,886,188,34.1,0.84,1.67,0.84,4.06,19.15,NA,4.06,0,1.137,2.794,5380,1.34,0,-1.34
"8481546","PHI",5,48,99,1,7,0,0,0,0,0,9,36,0,3,1.59290780680021,4.44226699043066,0,1,5014,509,929,32.7,0.72,5.03,0,0,0,1,0,11.63,1.144,3.19,6452,0,0.56,0.56
"8481582","PIT",5,57,59,4,1,2,0,0,0,0,0,3,0,0,2.20232207851951,2.02489719318692,2,2,3527,42,155,49.1,4.08,1.02,2.04,0,0,1,0,0,2.248,2.067,3724,1.93,1.93,0
"8481668","PIT",3,131,129,10,6,0,0,0,0,0,28,32,4,1,3.88077430299017,4.36114569299388,0,0,8425,911,851,50.4,4.27,2.56,0,0,0,1,15.81,4.23,1.658,1.864,10187,0,0,0
"8481725","PIT",1,4,8,0,0,0,0,0,0,0,0,5,0,0,0,0,0,0,590,54,115,33.3,0,0,0,0,0,1,0,0,0,0,759,0,0,0
"8482142","PHI",5,53,107,1,3,0,0,0,0,1,25,4,0,0,2.25334183679661,4.21769552095793,1,2,4846,879,329,33.1,0.74,2.23,0,0,10.94,0.75,0,0,1.674,3.133,6054,0.59,1.19,0.6
"8482148","PIT",5,58,58,3,5,1,0,0,2,0,8,0,2,0,2.08234553178772,2.77957010694081,0,1,3185,378,0,50,3.39,5.65,1.13,19.05,NA,NA,19.05,NA,2.354,3.142,3563,0,1.01,1.01
"8482159","PHI",5,43,68,1,5,1,0,0,0,1,27,23,1,1,1.06378756649792,1.77890464733355,0,3,3709,777,706,38.7,0.97,4.85,0.97,0,5.1,0.9565,4.63,5.1,1.033,1.727,5192,0,2.08,2.08
"8482475","PIT",5,62,64,2,2,0,1,1,0,0,13,1,2,0,2.2940743597428,2.32110900309635,1,2,3843,607,100,49.2,1.87,1.87,0.94,5.93,0,1,11.86,0,2.149,2.174,4550,0.79,1.58,0.79
"8482758","PIT",4,51,46,5,0,1,1,0,0,0,2,1,0,0,2.07389037497342,1.45776772254612,2,0,3023,191,23,52.6,5.95,0,2.38,0,0,1,0,0,2.47,1.736,3237,2.22,0,-2.22
"8483398","PIT",5,83,73,6,3,2,2,0,0,0,0,32,0,0,3.35069776605815,3.01363875251263,2,1,4756,80,542,53.2,4.54,2.27,3.03,0,0,1,0,0,2.536,2.281,5378,1.34,0.67,-0.67
"8483731","PHI",3,18,34,0,0,0,0,0,0,0,8,0,0,0,0.650252478197217,1.80851519200951,0,2,1801,295,75,34.6,0,0,0,0,0,NA,0,0,1.3,3.615,2171,0,3.32,3.32
"8484387","PHI",5,43,69,1,2,1,0,1,0,1,28,0,1,0,1.37627824489027,2.91534177120775,3,0,3430,860,104,38.4,1.05,2.1,1.05,4.19,34.62,NA,4.19,0,1.444,3.06,4394,2.46,0,-2.46
"8485406","PHI",5,44,72,1,2,0,0,0,0,1,8,0,0,0,1.84206105483463,2.48964592698031,1,2,3221,487,53,37.9,1.12,2.24,0,0,67.92,NA,0,0,2.059,2.783,3761,0.96,1.91,0.95
"8470613","COL",4,69,53,4,5,0,3,0,0,0,0,12,0,0,2.49072948022513,1.55201245623175,1,0,3456,83,419,56.6,4.17,5.21,3.12,0,0,1,0,0,2.595,1.617,3958,0.91,0,-0.91
"8474563","LAK",3,34,46,2,4,0,0,0,0,0,7,17,0,2,1.05738660041243,0.768207842862466,2,1,2770,269,477,42.5,2.6,5.2,0,0,0,1,0,15.09,1.374,0.998,3516,2.05,1.02,-1.03
"8475172","COL",4,54,62,4,1,0,1,0,2,0,18,0,4,0,1.87631195556605,2.14459982514381,0,0,3629,577,62,46.6,3.97,0.99,0.99,12.48,0,NA,24.96,0,1.861,2.127,4268,0,0,0
"8475208","LAK",3,34,38,2,4,1,0,0,0,0,1,11,0,1,1.07824145490304,0.631229699385585,0,0,2364,47,333,47.2,3.05,6.09,1.52,0,0,1,0,10.81,1.642,0.961,2744,0,0,0
"8475287","LAK",3,28,34,2,4,1,1,0,0,0,10,11,0,2,0.64605518663302,0.610327530914219,0,0,2026,257,449,45.2,3.55,7.11,3.55,0,0,1,0,16.04,1.148,1.084,2732,0,0,0
"8475311","LAK",2,73,84,2,6,0,0,0,0,0,25,28,0,4,0.807896838523448,1.24337424169062,0,0,5143,846,981,46.5,1.4,4.2,0,0,0,1,0,14.68,0.566,0.87,6970,0,0,0
"8475692","LAK",3,23,25,1,0,0,0,0,1,0,22,0,2,0,0.450610077008605,0.738440306740813,0,1,2502,595,0,47.9,1.44,0,0,6.05,NA,NA,12.1,NA,0.648,1.063,3097,0,1.16,1.16
"8475754","COL",4,35,55,1,2,0,1,1,2,0,9,14,3,0,1.16907933913171,1.97242256253958,1,1,3172,320,489,38.9,1.13,2.27,1.13,33.75,0,1,33.75,0,1.327,2.239,3981,0.9,0.9,0
"8475768","COL",4,48,38,5,2,3,2,0,1,0,11,0,3,0,1.70848376071081,1.18931307457388,1,1,2840,426,23,55.8,6.34,2.54,6.34,8.45,0,NA,25.35,0,2.166,1.508,3289,1.09,1.09,0
"8476312","COL",4,72,63,9,4,1,2,0,0,0,0,10,0,0,3.17664618341951,1.59537763241678,0,0,3614,56,413,53.3,8.97,3.98,2.99,0,0,1,0,0,3.164,1.589,4083,0,0,0
"8476441","LAK",3,30,28,1,1,0,0,0,0,0,0,9,0,2,0.764481355436146,0.50325148878619,1,0,2067,7,421,51.7,1.74,1.74,0,0,0,1,0,17.1,1.331,0.876,2495,1.44,0,-1.44
"8476455","COL",4,41,56,3,3,1,1,0,0,2,12,0,1,0,1.64652384631336,1.94705908931792,0,0,3260,441,0,42.3,3.31,3.31,2.21,0,NA,NA,8.16,NA,1.818,2.15,3701,0,0,0
"8476469","LAK",3,31,34,1,2,0,0,0,0,0,5,13,0,1,0.772394197527319,0.567659921274753,0,1,1768,138,425,47.7,2.04,4.07,0,0,0,1,0,8.47,1.573,1.156,2331,0,1.54,1.54
"8476872","LAK",3,32,34,0,2,0,0,0,0,0,0,14,0,2,1.11431893985719,0.509201990440488,0,0,2113,57,324,48.5,0,3.41,0,0,0,1,0,22.22,1.899,0.868,2494,0,0,0
"8476879","LAK",3,40,41,1,1,0,0,0,0,0,0,14,0,2,1.21120604127646,0.841070831753314,0,1,2674,29,479,49.4,1.35,1.35,0,0,0,1,0,15.03,1.631,1.132,3182,0,1.13,1.13
"8476967","COL",4,66,75,4,3,0,3,0,0,0,0,9,0,0,2.04757392505417,2.83810962177813,0,0,3781,73,438,46.8,3.81,2.86,2.86,0,0,1,0,0,1.95,2.702,4292,0,0,0
"8477476","COL",4,48,63,6,2,1,1,2,0,0,10,8,3,0,1.90792411519215,2.45496671594446,0,2,3487,437,495,43.2,6.19,2.06,2.06,16.48,0,1,24.71,0,1.97,2.535,4419,0,1.63,1.63
"8477492","COL",4,67,62,7,3,2,5,1,0,2,18,0,1,0,2.76050059363479,1.94983712752583,0,1,3764,557,128,51.9,6.7,2.87,6.7,6.46,56.25,NA,6.46,0,2.64,1.865,4449,0,0.81,0.81
"8477960","LAK",3,45,41,1,4,0,0,1,1,0,20,5,2,0,1.3403509715572,0.624736437748652,1,2,2758,604,256,52.3,1.31,5.22,0,11.92,0,1,11.92,0,1.75,0.815,3618,1,1.99,0.99
"8478038","COL",4,67,55,6,0,2,0,0,2,0,9,9,3,0,2.65216806670651,1.15925834683003,2,0,3923,437,387,54.9,5.51,0,1.84,16.48,0,1,24.71,0,2.434,1.064,4747,1.52,0,-1.52
"8478406","COL",3,156,142,12,5,0,0,0,0,2,27,21,4,0,5.80993133410811,3.63669160049176,0,0,8872,925,937,52.3,4.87,2.03,0,0,7.68,0.9048,15.57,0,2.358,1.476,10734,0,0,0
"8478454","COL",3,38,40,3,1,0,1,0,0,0,0,0,0,0,1.09053410968045,1.32265162095427,1,0,2192,22,51,48.7,4.93,1.64,1.64,0,0,NA,0,0,1.791,2.172,2265,1.59,0,-1.59
"8478462","COL",4,69,39,5,2,2,1,0,0,0,0,6,0,0,2.35883759119315,1.17630819324404,1,1,2602,138,338,63.9,6.92,2.77,4.15,0,0,1,0,0,3.264,1.627,3078,1.17,1.17,0
"8478550","LAK",3,47,39,1,6,1,0,0,1,0,25,0,2,0,1.64926693495363,0.794449775654357,1,2,2700,800,103,54.7,1.33,8,1.33,4.5,0,NA,9,0,2.199,1.059,3603,1,2,1
"8479675","LAK",3,35,45,1,3,0,0,0,0,0,0,14,0,2,0.885953286197036,0.668256430217297,0,0,2427,51,341,43.8,1.48,4.45,0,0,0,1,0,21.11,1.314,0.991,2819,0,0,0
"8479998","LAK",3,31,45,0,2,0,0,0,0,0,0,15,0,2,0.441528487950564,0.89324258826673,1,0,2609,39,434,40.8,0,2.76,0,0,0,1,0,16.59,0.609,1.233,3082,1.17,0,-1.17
"8480039","COL",4,67,63,6,3,2,2,0,0,2,20,0,1,0,3.07444626325742,1.41701638308586,0,1,3850,616,81,51.5,5.61,2.81,3.74,0,88.89,NA,5.84,0,2.875,1.325,4547,0,0.79,0.79
"8480069","COL",4,64,67,7,2,3,2,0,1,2,20,5,1,0,2.92584640951827,2.05229442048585,0,0,4139,625,341,48.9,6.09,1.74,4.35,5.76,21.11,0.6,5.76,0,2.545,1.785,5105,0,0,0
"8480448","COL",4,64,39,5,1,1,4,0,0,0,0,14,0,0,2.06762158329366,0.885367557406425,1,0,2575,145,451,62.1,6.99,1.4,6.99,0,0,1,0,0,2.891,1.238,3171,1.14,0,-1.14
"8481532","LAK",3,21,30,1,1,0,1,0,0,0,9,6,0,1,0.50833164807409,1.03337649151217,2,0,2040,310,182,41.2,1.76,1.76,1.76,0,0,1,0,19.78,0.897,1.824,2532,2.84,0,-2.84
"8481732","LAK",1,12,4,0,0,0,0,0,0,0,0,0,0,0,0,0,1,0,467,0,9,75,0,0,0,NA,0,NA,NA,0,0,0,476,7.56,0,-7.56
"8482124","LAK",3,51,36,1,4,0,1,1,0,0,23,4,2,0,1.67690906114877,0.66518189368071,0,0,2715,645,250,58.6,1.33,5.3,1.33,5.58,0,1,11.16,0,2.224,0.882,3610,0,0,0
"8482155","LAK",3,35,28,2,2,1,1,0,0,0,14,2,0,1,1.12213173136115,0.864200952928513,1,0,2394,384,156,55.6,3.01,3.01,3.01,0,0,1,0,23.08,1.687,1.3,2934,1.23,0,-1.23
"8482726","LAK",1,9,3,0,0,0,0,0,0,0,0,0,0,0,0,0,0,0,410,0,9,75,0,0,0,NA,0,NA,NA,0,0,0,419,0,0,0
"8482730","LAK",3,50,32,1,4,0,1,0,1,0,17,4,2,1,1.3532206476666,0.775578453729395,2,2,2627,479,234,61,1.37,5.48,1.37,7.52,0,1,15.03,15.38,1.854,1.063,3340,2.16,2.16,0
"8482768","COL",4,65,49,7,1,1,2,0,0,0,0,4,0,0,2.39477052679285,0.616545484983362,1,0,3099,99,195,57,8.13,1.16,3.48,0,0,1,0,0,2.782,0.716,3393,1.06,0,-1.06
"8484258","COL",3,53,41,6,1,0,0,0,0,0,0,1,0,0,1.84418855421245,1.37281914055347,0,1,2636,128,146,56.4,8.19,1.37,0,0,0,1,0,0,2.519,1.875,2910,0,1.24,1.24
"8486171","COL",4,51,46,5,2,0,1,0,0,2,18,0,0,0,1.91025402164087,1.20153700059745,1,3,3117,568,8,52.6,5.77,2.31,1.15,0,900,NA,0,0,2.206,1.388,3693,0.97,2.92,1.95
"8475151","NYI",4,34,51,0,1,0,0,0,0,0,33,0,3,0,0.981954791583121,2.21700737671927,2,0,2838,736,23,40,0,1.27,0,0,0,NA,14.67,0,1.246,2.812,3597,2,0,-2
"8475170","NYI",4,41,50,3,1,1,2,0,1,0,30,0,3,0,1.99916249560192,2.12477628560736,2,1,2768,696,79,45.1,3.9,1.3,3.9,5.17,0,NA,15.52,0,2.6,2.763,3543,2.03,1.02,-1.01
"8475231","NYI",4,41,41,1,0,0,1,0,0,0,0,10,0,1,1.47901233224547,1.55668088753009,1,2,2530,69,416,50,1.42,0,1.42,0,0,1,0,8.65,2.105,2.215,3015,1.19,2.39,1.2
"8476292","NYI",4,42,32,2,1,1,0,0,0,0,0,7,0,1,1.9051174496708,1.06008693069452,0,0,2409,97,273,56.8,2.99,1.49,1.49,0,0,1,0,13.19,2.847,1.584,2779,0,0,0
"8476419","NYI",4,21,43,2,2,0,2,0,0,0,0,14,0,0,0.447396324016154,1.22465944243595,0,0,2669,99,478,32.8,2.7,2.7,2.7,0,0,1,0,0,0.603,1.652,3246,0,0,0
"8476917","NYI",4,55,49,5,1,0,2,0,0,0,0,20,0,1,1.91790385870263,1.41411170084029,1,0,3882,170,672,52.9,4.64,0.93,1.85,0,0,1,0,5.36,1.779,1.311,4724,0.76,0,-0.76
"8476932","TOR",2,89,85,4,3,0,1,0,0,1,20,21,2,1,2.32996920926962,2.41865350340959,0,0,5564,742,582,51.1,2.59,1.94,0.65,0,6.19,0.9524,9.7,6.19,1.508,1.565,6888,0,0,0
"8477407","NYI",4,29,39,2,1,1,0,0,0,0,6,0,0,0,0.77951252181083,1.11916693579406,2,1,2440,507,12,42.6,2.95,1.48,1.48,0,0,NA,0,0,1.15,1.651,2959,2.43,1.22,-1.21
"8477500","NYI",4,40,50,1,1,0,0,3,0,0,33,16,3,1,1.44846533890814,1.66808031965047,1,2,3018,737,541,44.4,1.19,1.19,0,14.65,0,1,14.65,6.65,1.728,1.99,4296,0.84,1.68,0.84
"8477506","NYI",4,35,65,2,1,0,0,0,0,0,0,25,0,1,1.79116921499372,2.38501997251296,0,0,3280,68,687,35,2.2,1.1,0,0,0,1,0,5.24,1.966,2.618,4035,0,0,0
"8477950","NYI",4,47,51,1,1,0,0,0,0,0,6,0,0,0,1.28783610867686,1.98603690322488,0,3,3312,429,70,48,1.09,1.09,0,0,0,NA,0,0,1.4,2.159,3811,0,2.83,2.83
"8478009","NYI",3,110,135,6,1,0,0,0,0,0,28,28,2,1,3.79611157145701,4.6515661184676,0,0,8213,947,1188,44.9,2.63,0.44,0,0,0,1,7.6,3.03,1.664,2.039,10348,0,0,0
"8479378","NYI",4,48,62,2,1,0,2,0,0,0,0,12,0,1,1.64384671146399,1.79856386320899,1,1,3779,30,632,43.6,1.91,0.95,1.91,0,0,1,0,5.7,1.566,1.713,4441,0.81,0.81,0
"8480870","TOR",4,27,29,1,0,0,0,0,0,0,0,4,0,0,0.626445026195142,1.67332837358118,1,1,1752,53,46,48.2,2.05,0,0,0,0,1,0,0,1.287,3.438,1851,1.94,1.94,0
"8481014","NYI",3,27,54,1,1,0,0,0,0,0,0,18,0,1,1.26878271624446,1.7768509122543,0,0,2281,79,532,33.3,1.58,1.58,0,0,0,1,0,6.77,2.002,2.804,2892,0,0,0
"8481601","NYI",4,34,44,1,0,1,0,0,0,0,7,14,0,0,0.399448351003229,1.14641547994688,0,1,2815,527,423,43.6,1.28,0,1.28,0,0,1,0,0,0.511,1.466,3765,0,0.96,0.96
"8481711","NYI",4,37,32,2,0,0,1,0,1,0,32,0,3,0,1.22595058879233,0.861404484661761,1,2,2656,779,73,53.6,2.71,0,1.36,4.62,0,NA,13.86,0,1.662,1.168,3508,1.03,2.05,1.02
"8482476","NYI",4,29,51,1,1,1,0,0,0,0,2,17,0,1,1.2679666345939,1.83466842863709,0,1,3010,123,552,36.2,1.2,1.2,1.2,0,0,1,0,6.52,1.517,2.194,3685,0,0.98,0.98
"8484221","NYI",4,45,41,3,0,1,1,0,0,0,7,0,0,0,1.90700853476301,1.70034898677841,0,1,2846,493,76,52.3,3.79,0,2.53,0,0,NA,0,0,2.412,2.151,3415,0,1.05,1.05
"8485366","NYI",4,71,64,3,1,0,1,0,2,0,33,3,3,0,2.15472440375015,2.58338764403015,1,0,4685,878,114,52.6,2.31,0.77,0.77,8.2,0,1,12.3,0,1.656,1.985,5677,0.63,0,-0.63
"8485388","NYI",4,43,49,3,1,1,1,0,0,0,6,0,0,0,2.02433798136189,1.9360133507289,3,0,2627,509,57,46.7,4.11,1.37,2.74,0,0,NA,0,0,2.774,2.653,3193,3.38,0,-3.38
"8474596","NJD",2,118,76,4,4,0,0,0,0,0,29,18,1,2,4.47849981684703,3.32683399744564,0,0,5658,787,550,60.8,2.55,2.55,0,0,0,1,4.57,13.09,2.85,2.117,6995,0,0,0
"8475455","NJD",3,29,33,0,1,0,0,0,0,0,0,14,0,3,1.14934372261632,1.0736035379814,2,1,2076,0,295,46.8,0,1.73,0,NA,0,1,NA,36.61,1.993,1.862,2371,3.04,1.52,-1.52
"8476462","NJD",3,72,45,2,5,1,1,0,0,1,17,11,0,0,3.2615938411327,2.70579347893363,0,1,3111,472,368,61.5,2.31,5.79,2.31,0,9.78,0.9091,0,0,3.774,3.131,3951,0,0.91,0.91
"8476474","NJD",2,12,18,0,2,0,0,0,0,0,1,0,0,0,0.332651171367615,1.09308538385085,0,0,828,62,0,40,0,8.7,0,0,NA,NA,0,NA,1.446,4.753,890,0,0,0
"8477488","NJD",3,75,28,2,2,0,0,0,0,0,0,16,0,2,3.02896254742519,1.4977467887511,0,1,3100,53,355,72.8,2.32,2.32,0,0,0,1,0,20.28,3.518,1.739,3508,0,1.03,1.03
"8477511","NJD",3,43,32,1,2,0,0,0,0,1,14,0,0,0,2.09535802120808,1.2805052222684,0,0,2240,430,57,57.3,1.61,3.21,0,0,63.16,NA,0,0,3.368,2.058,2727,0,0,0
"8478399","NJD",3,71,46,1,4,0,0,0,0,0,1,7,0,1,3.02074799407274,2.67359841242433,0,0,2994,59,364,60.7,1.2,4.81,0,0,0,1,0,9.89,3.632,3.215,3417,0,0,0
"8478414","NJD",3,47,33,2,2,0,1,0,0,1,17,0,0,0,1.58517149602994,1.31012522708624,2,5,2619,492,1,58.8,2.75,2.75,1.37,0,3600,NA,0,0,2.179,1.801,3112,2.31,5.78,3.47
"8478542","NJD",3,49,27,0,2,0,0,0,0,1,16,12,0,1,1.77306469774339,1.08053176291287,0,0,2110,484,347,64.5,0,3.41,0,0,10.37,0.9167,0,10.37,3.025,1.844,2941,0,0,0
"8479361","PHI",3,112,171,3,4,0,0,0,0,0,19,41,1,3,4.57600136467955,7.24655520706437,0,0,8597,1001,1255,39.6,1.26,1.68,0,0,0,1,3.6,8.61,1.916,3.035,10853,0,0,0
"8479407","NJD",3,45,27,1,3,0,0,0,1,0,22,2,1,0,2.40163566963747,1.28049982571974,0,0,2322,600,117,62.5,1.55,4.65,0,6,0,1,6,0,3.723,1.985,3039,0,0,0
"8479996","NJD",3,27,22,1,2,0,0,0,0,0,1,14,0,2,0.885072773322463,1.25961713210563,0,1,1538,94,276,55.1,2.34,4.68,0,0,0,1,0,26.09,2.072,2.948,1908,0,1.89,1.89
"8480002","NJD",3,44,27,2,1,0,0,0,0,0,24,14,1,1,2.32286613201723,1.49231246573618,0,1,2405,610,424,62,2.99,1.5,0,0,0,1,5.9,8.49,3.477,2.234,3439,0,1.05,1.05
"8480990","NJD",3,35,38,1,2,0,1,0,0,0,0,6,0,0,1.17234464036301,1.43305028101895,0,1,2352,58,110,47.9,1.53,3.06,1.53,0,0,1,0,0,1.794,2.193,2520,0,1.43,1.43
"8481559","NJD",3,58,34,1,3,0,0,0,1,0,24,1,1,0,2.9650579369627,1.73515212209895,0,0,2937,686,127,63,1.23,3.68,0,5.25,0,1,5.25,0,3.634,2.127,3750,0,0,0
"8481721","NJD",3,62,29,0,1,0,0,0,0,1,14,1,0,0,2.17134037660435,0.984899024944753,0,0,2276,390,33,68.1,0,1.58,0,0,109.09,0,0,0,3.434,1.558,2699,0,0,0
"8482110","NJD",3,58,23,0,1,0,0,0,0,0,0,14,0,2,1.77944379963446,0.998820043168962,0,0,2107,90,328,71.6,0,1.71,0,0,0,1,0,21.95,3.04,1.707,2525,0,0,0
"8482146","NJD",3,48,28,2,1,1,1,1,0,0,22,0,1,0,2.43168585328385,0.947861312830355,1,2,2521,611,18,63.2,2.86,1.43,2.86,5.89,0,NA,5.89,0,3.472,1.354,3150,1.14,2.29,1.15
"8482684","NJD",3,71,29,2,2,1,0,0,0,0,22,4,1,0,3.23495499975979,1.55462117752177,1,1,3189,652,172,71,2.26,2.26,1.13,0,0,1,5.52,0,3.652,1.755,4013,0.9,0.9,0
"8483695","NJD",3,28,24,1,3,0,0,0,0,0,0,0,0,0,1.09549874998629,2.0041451928264,2,0,1496,81,6,53.8,2.41,7.22,0,0,0,NA,0,0,2.636,4.823,1583,4.55,0,-4.55
"8474151","TBL",4,49,39,3,1,0,0,0,0,0,0,15,0,1,2.1439473615028,1.2094173944206,1,0,3017,108,508,55.7,3.58,1.19,0,0,0,1,0,7.09,2.558,1.443,3633,0.99,0,-0.99
"8474590","TBL",4,68,48,2,2,1,1,1,0,0,31,0,1,0,2.2334101293236,2.09998325724155,0,0,3348,1029,32,58.6,2.15,2.15,2.15,3.5,0,NA,3.5,0,2.402,2.258,4409,0,0,0
"8475167","TBL",4,58,46,2,1,0,0,0,0,0,0,12,0,2,3.77342291176319,2.36637576902285,0,0,2713,158,411,55.8,2.65,1.33,0,0,0,1,0,17.52,5.007,3.14,3282,0,0,0
"8476453","TBL",4,80,41,3,1,1,2,0,1,0,33,0,1,0,3.43239641049877,1.68030837923288,0,1,3578,1171,81,66.1,3.02,1.01,3.02,3.07,0,NA,3.07,0,3.454,1.691,4830,0,0.75,0.75
"8476878","TBL",4,39,47,2,2,0,1,0,0,0,0,3,0,0,2.48238775227219,1.6476215753355,1,1,2494,101,348,45.3,2.89,2.89,1.44,0,0,1,0,0,3.583,2.378,2943,1.22,1.22,0
"8476883","TBL",3,145,105,6,5,0,0,0,0,0,29,17,0,1,7.26583079155535,4.43348768120632,0,0,7902,1278,757,58,2.73,2.28,0,0,0,1,0,4.76,3.31,2.02,9937,0,0,0
"8477404","TBL",4,65,42,3,1,0,2,0,1,0,32,12,1,0,2.83720168890431,1.92914787493646,0,0,3438,1091,305,60.7,3.14,1.05,2.09,3.3,0,1,3.3,0,2.971,2.02,4834,0,0,0
"8478010","TBL",4,63,48,4,2,1,2,0,0,0,31,0,1,0,2.78507336555049,2.31560915242881,1,0,3243,1044,94,56.8,4.44,2.22,3.33,0,0,NA,3.45,0,3.092,2.571,4381,0.82,0,-0.82
"8478416","TBL",4,66,47,4,1,0,1,0,0,0,0,15,0,0,3.78245723526925,1.52897982863942,0,1,3752,176,559,58.4,3.84,0.96,0.96,0,0,1,0,0,3.629,1.467,4487,0,0.8,0.8
"8478424","TBL",1,6,12,0,1,0,0,0,0,0,0,1,0,0,0.272378459572792,0.582812338136137,0,0,543,43,52,33.3,0,6.63,0,0,0,1,0,0,1.806,3.864,638,0,0,0
"8478519","TBL",4,70,35,1,0,1,0,0,0,0,8,11,0,2,2.88512304378673,1.22557130549103,1,2,3186,468,317,66.7,1.13,0,1.13,0,0,1,0,22.71,3.26,1.385,3971,0.91,1.81,0.9
"8479542","TBL",4,74,36,3,1,0,3,0,0,0,30,16,1,2,3.56459672329947,1.42739151231945,1,2,3397,1054,361,67.3,3.18,1.06,3.18,0,0,1,3.42,19.94,3.778,1.513,4812,0.75,1.5,0.75
"8479705","TBL",4,38,28,0,3,0,0,0,0,0,0,0,0,0,2.54734529741109,1.61481420043855,1,2,1939,40,0,57.6,0,5.57,0,0,NA,NA,0,NA,4.729,2.998,1979,1.82,3.64,1.82
"8480426","TBL",4,48,46,2,3,1,0,0,0,0,6,0,0,0,2.64991185069084,2.08383801579475,1,0,2829,497,68,51.1,2.55,3.82,1.27,0,0,NA,0,0,3.372,2.652,3394,1.06,0,-1.06
"8480995","TBL",4,44,49,2,2,1,1,0,0,0,4,0,0,0,2.75522775482386,2.14281836297596,2,1,2926,413,19,47.3,2.46,2.46,2.46,0,0,NA,0,0,3.39,2.636,3358,2.14,1.07,-1.07
"8481624","TBL",4,41,50,3,3,1,2,0,0,0,0,9,0,0,2.06111193355173,1.61235437175492,0,3,2824,87,416,45.1,3.82,3.82,3.82,0,0,1,0,0,2.627,2.055,3327,0,3.25,3.25
"8482201","TBL",4,61,47,2,1,0,0,0,0,0,5,0,0,0,2.39887637412175,1.93663871427998,0,1,3125,359,75,56.5,2.3,1.15,0,0,0,NA,0,0,2.764,2.231,3559,0,1.01,1.01
"8482655","TBL",4,65,47,2,2,0,0,0,0,0,0,10,0,1,2.45417912444099,2.13914560060948,2,2,3218,14,369,58,2.24,2.24,0,0,0,1,0,9.76,2.746,2.393,3601,2,2,0
"8482877","NYR",5,27,29,0,1,0,0,0,0,0,0,0,0,0,0.736783565080259,1.47902894380968,0,3,2258,58,24,48.2,0,1.59,0,0,0,NA,0,0,1.175,2.358,2340,0,4.62,4.62
"8483447","TBL",4,35,26,1,1,1,0,0,0,0,5,0,0,0,1.92315133474767,1.44461491890252,0,1,2140,458,0,57.4,1.68,1.68,1.68,0,NA,NA,0,NA,3.235,2.43,2598,0,1.39,1.39
"8475745","CBJ",3,45,34,3,2,0,1,0,1,0,21,18,1,2,2.73039885424078,2.42902343999595,0,1,2509,540,197,57,4.3,2.87,1.43,6.67,0,1,6.67,36.55,3.918,3.485,3246,0,1.11,1.11
"8475790","CBJ",3,30,41,0,2,0,0,0,0,0,0,24,0,2,0.706621428427752,0.97534234781051,0,1,2616,13,315,42.3,0,2.75,0,0,0,1,0,22.86,0.972,1.342,2944,0,1.22,1.22
"8475842","BUF",2,9,10,0,2,0,0,0,0,0,0,1,0,0,0.19881210179301,0.580905636772513,0,0,892,0,11,47.4,0,8.07,0,NA,0,1,NA,0,0.802,2.344,903,0,0,0
"8476891","BUF",1,6,7,0,1,0,0,0,0,0,0,1,0,1,0.0828185232821852,0.140765480697155,0,0,712,0,84,46.2,0,5.06,0,NA,0,1,NA,42.86,0.419,0.712,796,0,0,0
"8477369","CBJ",3,39,43,2,3,0,0,0,0,0,0,6,0,1,1.95077401772142,2.07337360095698,1,0,2919,18,267,47.6,2.47,3.7,0,0,0,1,0,13.48,2.406,2.557,3204,1.12,0,-1.12
"8477497","CBJ",3,35,31,0,1,0,0,1,0,0,4,8,1,0,1.51370833383407,0.990067080128938,0,0,2320,277,183,53,0,1.55,0,13,0,1,13,0,2.349,1.536,2780,0,0,0
"8477501","CBJ",3,33,35,0,2,0,0,0,1,0,4,5,1,0,1.25501144432928,1.078531189356,0,1,2374,252,174,48.5,0,3.03,0,14.29,0,1,14.29,0,1.903,1.636,2800,0,1.29,1.29
"8478046","CBJ",3,25,34,0,1,0,0,0,0,0,0,5,0,1,1.18191256374121,1.09175074176164,0,2,1793,0,243,42.4,0,2.01,0,NA,0,1,NA,14.81,2.373,2.192,2036,0,3.54,3.54
"8478460","CBJ",3,63,61,4,1,0,2,0,1,0,22,24,1,2,3.52846669685095,2.58376590235275,0,0,4199,579,372,50.8,3.43,0.86,1.71,6.22,0,1,6.22,19.35,3.025,2.215,5150,0,0,0
"8478856","CBJ",3,22,32,0,0,0,0,0,0,0,4,0,1,0,0.791574510745705,0.780365663580596,0,0,1852,185,16,40.7,0,0,0,0,0,NA,19.46,0,1.539,1.517,2053,0,0,0
"8479066","CBJ",3,21,28,0,0,0,0,0,0,0,0,0,0,0,0.981014386750758,0.879776096437126,0,1,1610,0,25,42.9,0,0,0,NA,0,NA,NA,0,2.194,1.967,1635,0,2.2,2.2
"8479359","BUF",4,25,20,0,3,0,0,0,0,0,0,2,0,0,0.890990968619008,1.27451035846025,1,1,1851,10,244,55.6,0,5.83,0,0,0,1,0,0,1.733,2.479,2105,1.71,1.71,0
"8479420","BUF",4,70,48,2,1,2,0,0,0,0,21,0,0,0,3.79613522952423,1.66359410481527,1,0,3819,511,186,59.3,1.89,0.94,1.89,0,0,NA,0,0,3.578,1.568,4516,0.8,0,-0.8
"8479671","CBJ",3,49,36,3,2,1,0,0,0,0,0,6,0,2,2.91868763696402,2.26195097930031,1,0,2424,65,215,57.6,4.46,2.97,1.49,0,0,1,0,33.49,4.335,3.359,2704,1.33,0,-1.33
"8480045","BUF",3,156,92,5,9,0,0,0,0,0,22,14,0,3,7.25685474131024,5.10605795244919,0,0,8918,847,554,62.9,2.02,3.63,0,0,0,1,0,19.49,2.929,2.061,10319,0,0,0
"8480064","BUF",4,57,39,2,4,0,1,0,0,0,3,12,0,3,2.72500576172024,1.64550284511643,0,1,2964,438,289,59.4,2.43,4.86,1.21,0,0,1,0,37.37,3.31,1.999,3691,0,0.98,0.98
"8480802","BUF",4,40,36,1,5,0,1,0,0,0,4,14,0,2,1.95991527102887,1.7057915199548,1,0,2689,427,306,52.6,1.34,6.69,1.34,0,0,1,0,23.53,2.624,2.284,3422,1.05,0,-1.05
"8480807","BUF",4,78,50,1,4,0,1,0,0,0,0,11,0,2,3.72514300298644,2.84496791823766,2,2,4511,52,251,60.9,0.8,3.19,0.8,0,0,1,0,28.69,2.973,2.27,4814,1.5,1.5,0
"8480839","BUF",4,89,56,3,3,1,1,0,0,0,21,0,0,0,3.76915289525641,2.85083600401412,1,0,5434,580,171,61.4,1.99,1.99,1.32,0,0,NA,0,0,2.497,1.889,6185,0.58,0,-0.58
"8481161","CBJ",2,15,16,0,0,0,0,0,0,0,0,0,0,0,0.577617077156901,0.262545096920803,0,0,905,0,78,48.4,0,0,0,NA,0,NA,NA,0,2.298,1.044,983,0,0,0
"8481522","BUF",4,50,37,2,2,0,2,0,0,0,0,0,0,0,3.05555358715356,1.2458508523996,1,0,3432,28,74,57.5,2.1,2.1,2.1,0,0,NA,0,0,3.205,1.307,3534,1.02,0,-1.02
"8481716","CBJ",3,30,33,0,1,0,0,0,1,0,5,0,1,0,1.65644926764071,1.25649239029735,1,0,1875,293,9,47.6,0,1.92,0,12.29,0,NA,12.29,0,3.18,2.412,2177,1.65,0,-1.65
"8481806","BUF",4,48,38,3,3,0,1,0,0,0,0,9,0,1,2.22126074600965,2.11207468621433,0,0,3144,0,418,55.8,3.44,3.44,1.15,NA,0,1,NA,8.61,2.543,2.418,3562,0,0,0
"8482097","BUF",4,71,37,3,3,2,0,0,0,0,22,4,0,2,3.4037517803954,2.21793313755187,1,3,3733,534,257,65.7,2.89,2.89,1.93,0,0,1,0,28.02,3.282,2.139,4524,0.8,2.39,1.59
"8482126","CBJ",3,28,42,3,1,0,1,0,0,0,0,0,0,0,1.01020295824856,1.59180314152036,2,0,2144,26,5,40,5.04,1.68,1.68,0,0,NA,0,0,1.696,2.673,2175,3.31,0,-3.31
"8482659","BUF",4,61,43,1,1,0,0,0,0,0,14,0,0,0,3.09783501550556,1.84775931277545,1,0,3210,531,115,58.7,1.12,1.12,0,0,0,NA,0,0,3.474,2.072,3856,0.93,0,-0.93
"8482660","CBJ",3,31,35,3,2,1,1,0,0,0,22,0,1,0,1.03314464265713,1.18781074057915,1,0,2350,482,32,47,4.6,3.06,3.06,0,0,NA,7.47,0,1.583,1.82,2864,1.26,0,-1.26
"8482671","BUF",4,102,56,4,5,0,2,0,0,0,4,9,0,1,5.83078807312995,1.81077996088425,0,3,5069,465,531,64.6,2.84,3.55,1.42,0,0,1,0,6.78,4.141,1.286,6065,0,1.78,1.78
"8482705","CBJ",3,51,38,3,2,1,2,0,0,0,0,5,0,0,3.03218208346516,2.4058424125542,2,0,2435,65,71,57.3,4.44,2.96,4.44,0,0,1,0,0,4.483,3.557,2571,2.8,0,-2.8
"8482720","CBJ",3,31,33,3,1,1,2,1,0,0,22,0,1,0,1.1579696223489,0.959195925068343,0,3,2546,531,46,48.4,4.24,1.41,4.24,6.78,0,NA,6.78,0,1.637,1.356,3123,0,3.46,3.46
"8482982","CBJ",2,75,96,4,3,0,0,0,0,0,12,28,2,3,3.42385565023869,3.11360599470208,0,0,5941,458,507,43.9,2.42,1.82,0,0,0,1,15.72,21.3,2.075,1.887,6906,0,0,0
"8483468","BUF",4,40,19,2,2,0,0,0,0,0,0,0,0,0,1.78061641642126,0.751851721375715,0,0,2583,51,51,67.8,2.79,2.79,0,0,0,NA,0,0,2.482,1.048,2685,0,0,0
"8483485","CBJ",3,65,53,1,2,0,1,0,0,0,4,5,1,1,2.98792743909872,2.03075313064618,2,0,3961,282,209,55.1,0.91,1.82,0.91,0,0,1,12.77,17.22,2.716,1.846,4452,1.62,0,-1.62
"8483500","BUF",4,64,33,4,2,1,1,0,0,0,10,2,0,1,3.01986389758532,1.99840197351296,0,1,3497,375,200,66,4.12,2.06,2.06,0,0,1,0,18,3.109,2.057,4072,0,0.88,0.88
"8484145","BUF",4,72,31,3,2,0,1,0,0,0,22,2,0,0,3.44741582602729,2.16099511797075,2,0,3611,528,351,69.9,2.99,1.99,1,0,0,1,0,0,3.437,2.154,4490,1.6,0,-1.6
"8484166","CBJ",3,37,38,3,1,1,0,0,0,0,22,6,1,1,1.26284338819096,0.928310463350499,1,0,2776,511,93,49.3,3.89,1.3,1.3,0,0,1,7.05,38.71,1.638,1.204,3380,1.07,0,-1.07
"8484305","BUF",4,30,30,2,1,0,1,0,0,0,0,12,0,3,1.19686887250282,1.89780123328091,0,0,2294,0,385,50,3.14,1.57,1.57,NA,0,1,NA,28.05,1.878,2.978,2679,0,0,0
"8484797","BUF",4,35,29,2,4,1,0,0,0,0,4,0,0,0,1.62312442902476,1.30928541300818,0,1,2759,512,0,54.7,2.61,5.22,1.3,0,NA,NA,0,NA,2.118,1.708,3271,0,1.1,1.1
"8473422","MIN",3,23,14,2,0,1,0,0,0,0,0,2,0,0,0.896981538331602,0.571157469879836,0,0,1445,42,185,62.2,4.98,0,2.49,0,0,1,0,0,2.235,1.423,1672,0,0,0
"8474564","NSH",4,33,56,2,3,1,1,2,2,0,29,0,4,0,1.33682700688951,2.27465734971338,0,3,3722,666,10,37.1,1.93,2.9,1.93,21.62,0,NA,21.62,0,1.293,2.2,4398,0,2.46,2.46
"8474567","MIN",4,35,54,1,2,0,0,0,0,0,0,9,0,1,1.44094557501375,2.62079300824553,1,0,3113,48,563,39.3,1.16,2.31,0,0,0,1,0,6.39,1.666,3.031,3724,0.97,0,-0.97
"8474600","NSH",4,43,98,1,1,1,0,0,3,0,29,13,4,2,1.26152308186283,4.03036658582277,0,1,4696,656,471,30.5,0.77,0.77,0.77,16.46,0,1,21.95,15.29,0.967,3.09,5823,0,0.62,0.62
"8474716","MIN",4,83,62,3,1,1,2,0,1,0,8,14,4,1,3.28493724594591,2.94041093782289,2,0,4179,208,528,57.2,2.58,0.86,2.58,17.31,0,1,69.23,6.82,2.83,2.533,4915,1.46,0,-1.46
"8475158","NSH",4,37,65,2,5,0,1,1,1,0,25,17,3,0,1.6211928219418,2.70424730671221,1,0,3785,604,457,36.3,1.9,4.76,0.95,11.92,0,1,17.88,0,1.542,2.572,4846,0.74,0,-0.74
"8475220","MIN",4,38,45,4,0,0,0,0,0,0,0,1,0,0,1.59409147175029,2.71730346279218,0,0,2647,46,162,45.8,5.44,0,0,0,0,1,0,0,2.168,3.696,2855,0,0,0
"8476399","MIN",4,44,43,0,2,0,0,2,1,0,13,12,4,1,2.01921483379556,2.40583429392428,1,2,2709,313,406,50.6,0,2.66,0,34.5,0,1,46.01,8.87,2.683,3.197,3428,1.05,2.1,1.05
"8476463","MIN",4,54,65,0,2,0,0,0,0,0,0,20,0,0,2.21134756878019,2.79907208494842,2,0,4164,153,623,45.4,0,1.73,0,0,0,1,0,0,1.912,2.42,4940,1.46,0,-1.46
"8476539","NSH",4,33,68,1,2,0,0,0,0,0,14,0,2,0,1.23184769251384,2.55451864702627,2,0,3106,585,53,32.7,1.16,2.32,0,0,0,NA,12.31,0,1.428,2.961,3744,1.92,0,-1.92
"8476869","NSH",4,53,73,3,4,0,1,0,0,0,1,24,0,1,2.98433501034742,3.00600168344681,0,0,3837,256,599,42.1,2.81,3.75,0.94,0,0,1,0,6.01,2.8,2.82,4692,0,0,0
"8476874","MIN",3,40,50,1,2,0,1,0,0,0,0,12,0,0,1.67742906155763,2.40850323019549,1,0,3064,99,524,44.4,1.17,2.35,1.17,0,0,1,0,0,1.971,2.83,3687,0.98,0,-0.98
"8476887","NSH",4,51,60,3,2,0,3,0,1,0,32,0,4,0,2.22625435004011,2.64794302801601,0,1,3808,677,65,45.9,2.84,1.89,2.84,5.32,0,NA,21.27,0,2.105,2.503,4550,0,0.79,0.79
"8477021","NSH",4,44,48,1,2,1,0,0,1,0,11,13,2,2,2.39283849374624,2.04848189503537,0,1,2942,332,401,47.8,1.22,2.45,1.22,10.84,0,1,21.69,17.96,2.928,2.507,3675,0,0.98,0.98
"8477424","NSH",4,147,213,5,7,0,0,0,0,0,36,32,5,2,6.56073590891902,8.84311045499635,0,0,11569,1235,1050,40.8,1.56,2.18,0,0,0,1,14.57,6.86,2.042,2.752,13854,0,0,0
"8477446","MIN",4,39,36,3,1,0,3,0,0,0,0,14,0,0,1.41889666998759,1.82720053987578,1,0,2735,48,451,52,3.95,1.32,3.95,0,0,1,0,0,1.868,2.405,3234,1.11,0,-1.11
"8477451","MIN",4,34,59,1,3,0,0,0,1,0,12,0,3,0,0.775440880621317,3.38001307845116,2,1,2608,325,15,36.6,1.38,4.14,0,11.08,0,NA,33.23,0,1.07,4.666,2948,2.44,1.22,-1.22
"8478493","MIN",4,60,43,1,1,0,0,0,1,0,25,8,1,0,2.33328599639935,2.0073404526338,0,1,3300,786,395,58.3,1.09,1.09,0,4.58,0,1,4.58,0,2.545,2.19,4481,0,0.8,0.8
"8478508","MIN",4,37,46,0,3,0,0,0,0,0,0,11,0,0,1.1135493426118,2.0570562123321,0,0,2690,40,477,44.6,0,4.01,0,0,0,1,0,0,1.49,2.753,3207,0,0,0
"8478864","MIN",4,51,56,1,1,1,0,1,1,0,26,0,2,0,2.05773756559938,2.01736007508589,0,1,3959,821,157,47.7,0.91,0.91,0.91,8.77,0,NA,8.77,0,1.871,1.834,4937,0,0.73,0.73
"8479525","NSH",4,39,62,1,2,0,1,0,0,0,1,0,0,0,1.45106488402234,2.31440836424008,2,1,2845,269,12,38.6,1.27,2.53,1.27,0,0,NA,0,0,1.836,2.929,3126,2.3,1.15,-1.15
"8479980","NSH",4,49,83,0,1,0,0,0,0,0,0,0,0,0,1.35182743385667,2.85538227658253,1,0,4202,73,98,37.1,0,0.86,0,0,0,NA,0,0,1.158,2.446,4373,0.82,0,-0.82
"8480246","NSH",4,59,63,1,4,0,0,0,0,0,1,19,0,0,2.58791108842706,2.47496806041454,1,0,3737,226,514,48.4,0.96,3.85,0,0,0,1,0,0,2.493,2.384,4477,0.8,0,-0.8
"8480800","MIN",4,107,78,4,2,1,3,1,1,0,31,0,2,0,4.08660140150459,3.85127341578481,0,2,5380,856,221,57.8,2.68,1.34,2.68,8.41,0,NA,8.41,0,2.735,2.577,6457,0,1.12,1.12
"8480835","NSH",4,30,58,0,0,0,0,0,0,0,0,10,0,0,1.62974459136603,2.16765734017827,2,1,2823,166,451,34.1,0,0,0,0,0,1,0,0,2.078,2.764,3440,2.09,1.05,-1.04
"8481535","NSH",4,44,38,2,1,2,0,1,0,0,3,0,1,0,2.13055675383658,1.85764653270598,0,0,2513,203,19,53.7,2.87,1.43,2.87,17.73,0,NA,17.73,0,3.052,2.661,2735,0,0,0
"8481553","MIN",4,37,55,1,2,0,1,0,2,0,13,0,4,0,0.850073857873213,2.71630168007687,0,1,2503,379,16,40.2,1.44,2.88,1.44,19,0,NA,37.99,0,1.223,3.907,2898,0,1.24,1.24
"8481557","MIN",4,61,47,1,2,0,0,0,0,0,30,7,1,0,2.49440654163481,2.16030062548817,1,2,3484,850,433,56.5,1.03,2.07,0,0,0,1,4.24,0,2.577,2.232,4767,0.76,1.51,0.75
"8481726","NSH",4,34,54,0,0,0,0,0,0,0,0,2,0,1,1.58326169953215,2.12343991943635,0,1,2688,136,142,38.6,0,0,0,0,0,1,0,25.35,2.12,2.844,2966,0,1.21,1.21
"8482094","MIN",4,19,40,1,2,0,0,0,0,0,0,5,0,0,0.48473152454244,1.88920569978654,1,1,2598,0,275,32.2,1.39,2.77,0,NA,0,1,NA,0,0.672,2.618,2873,1.25,1.25,0
"8482145","NSH",4,42,58,1,0,0,1,0,0,0,7,0,1,0,1.62285778787918,2.24176108604297,1,1,3078,426,143,42,1.17,0,1.17,0,0,NA,8.45,0,1.898,2.622,3647,0.99,0.99,0
"8482482","NSH",4,45,58,2,2,0,2,0,0,0,0,8,0,1,2.3593940527644,3.17398542014416,0,0,3391,37,420,43.7,2.12,2.12,2.12,0,0,1,0,8.57,2.505,3.37,3848,0,0,0
"8482661","MIN",4,170,178,5,6,0,0,0,0,0,38,31,5,1,6.61237499932759,8.45051123917802,0,0,11408,1173,1419,48.9,1.58,1.89,0,0,0,1,15.35,2.54,2.087,2.667,14000,0,0,0
"8482715","NSH",1,11,11,0,1,0,0,0,0,0,4,0,0,0,0.375314205419272,0.496176593005657,0,0,696,206,9,50,0,5.17,0,0,0,NA,0,0,1.941,2.566,911,0,0,0
"8483513","NSH",2,12,32,1,2,0,0,0,0,0,0,1,0,0,0.710916446521878,1.44734434178099,0,1,1143,77,34,27.3,3.15,6.3,0,0,0,1,0,0,2.239,4.559,1254,0,2.87,2.87
"8483525","MIN",4,35,34,0,1,0,0,1,1,0,7,3,3,0,1.88766346871853,0.938205195765477,0,0,2599,217,178,50.7,0,1.39,0,33.18,0,1,49.77,0,2.615,1.3,2994,0,0,0
"8484241","NSH",4,42,41,2,2,0,0,1,1,0,21,20,3,1,1.86426713503897,2.2423731489107,1,0,2696,487,390,50.6,2.67,2.67,0,14.78,0,1,22.18,9.23,2.489,2.994,3573,1.01,0,-1.01
"8485702","MIN",4,40,41,1,1,1,0,0,1,0,25,0,1,0,2.00365658989176,1.78379314829362,0,2,2940,688,37,49.4,1.22,1.22,1.22,5.23,0,NA,5.23,0,2.453,2.184,3665,0,1.96,1.96
"8475314","UTA",5,71,48,3,2,1,2,0,0,0,12,0,0,0,3.31417095952202,2.68763565516565,0,3,3365,509,16,59.7,3.21,2.14,3.21,0,0,NA,0,0,3.546,2.875,3890,0,2.78,2.78
"8476389","UTA",5,77,58,3,6,1,1,0,0,0,14,8,1,0,4.43370416678954,3.20445339143043,1,2,4038,531,416,57,2.67,5.35,1.78,0,0,1,6.78,0,3.953,2.857,4985,0.72,1.44,0.72
"8476882","CHI",3,25,20,3,2,0,2,0,0,0,0,3,0,0,0.930504540447146,1.33062191313365,0,0,2025,0,188,55.6,5.33,3.56,3.56,NA,0,1,NA,0,1.654,2.366,2213,0,0,0
"8477220","UTA",5,92,71,3,4,0,1,0,0,0,0,19,0,3,4.62007949786494,3.47474265424535,0,0,5363,185,659,56.4,2.01,2.69,0.67,0,0,1,0,16.39,3.101,2.332,6207,0,0,0
"8477346","UTA",5,121,71,3,3,1,0,0,0,0,0,17,0,2,6.30925901568843,3.07310004945611,5,1,5251,182,500,63,2.06,2.06,0.69,0,0,1,0,14.4,4.326,2.107,5933,3.03,0.61,-2.42
"8477951","UTA",5,74,51,4,5,2,2,3,0,0,47,7,7,2,4.36886130284983,2.7362858321867,1,1,4069,970,408,59.2,3.54,4.42,3.54,11.13,0,1,25.98,17.65,3.865,2.421,5447,0.66,0.66,0
"8478474","UTA",5,76,50,3,0,1,0,0,1,0,0,13,0,1,4.03927012646454,2.20846701029222,2,1,3710,170,432,60.3,2.91,0,0.97,21.18,0,1,0,8.33,3.92,2.143,4312,1.67,0.83,-0.84
"8478507","UTA",5,85,75,3,4,0,1,0,0,0,24,1,1,0,3.84614787192549,3.74076699605212,1,2,5209,647,214,53.1,2.07,2.76,0.69,0,0,1,5.56,0,2.658,2.585,6070,0.59,1.19,0.6
"8478831","UTA",5,58,54,2,2,0,1,0,0,0,0,22,0,3,2.02969992393628,2.16741420794278,0,0,3367,78,547,51.8,2.14,2.14,1.07,0,0,1,0,19.74,2.17,2.317,3992,0,0,0
"8478872","UTA",4,199,143,9,6,0,0,0,0,0,45,30,5,3,10.8255843491061,6.78371148736915,0,1,10546,1401,1139,58.2,3.07,2.05,0,0,0,1,12.85,9.48,3.695,2.316,13086,0,0.28,0.28
"8479343","UTA",5,73,51,3,4,0,2,1,4,0,45,0,7,0,3.56896569623496,2.3676893580705,2,2,4273,981,57,58.9,2.53,3.37,1.68,18.35,0,NA,25.69,0,3.007,1.995,5311,1.36,1.36,0
"8479369","UTA",5,73,50,3,2,1,1,0,0,0,0,11,0,1,2.96962361829356,2.28801148664206,1,1,3832,71,517,59.3,2.82,1.88,1.88,0,0,1,0,6.96,2.79,2.149,4420,0.81,0.81,0
"8479410","UTA",5,103,69,3,3,0,2,1,3,0,37,18,7,2,5.27538615468075,2.75651264790212,3,0,4865,860,559,59.9,2.22,2.22,1.48,16.74,0,1,29.3,12.88,3.904,2.04,6284,1.72,0,-1.72
"8479619","UTA",5,59,51,2,1,1,1,0,0,0,16,0,1,0,2.31194790313021,2.5685361456126,1,1,3198,540,8,53.6,2.25,1.13,2.25,0,0,NA,6.67,0,2.603,2.891,3746,0.96,0.96,0
"8480849","UTA",5,77,38,2,1,0,2,0,0,0,5,8,0,0,4.54855884911376,1.96734105504584,2,1,3509,278,222,67,2.05,1.03,2.05,0,0,1,0,0,4.667,2.018,4009,1.8,0.9,-0.9
"8480855","UTA",5,70,53,1,0,1,0,0,0,0,0,4,0,0,3.6332379191881,2.19516480929451,1,5,3507,138,256,56.9,1.03,0,1.03,0,0,1,0,0,3.73,2.253,3901,0.92,4.61,3.69
"8482699","UTA",5,65,47,3,3,0,0,3,3,0,48,0,8,0,2.69650953926612,2.08383607736323,0,1,3860,986,35,58,2.8,2.8,0,21.91,0,NA,29.21,0,2.515,1.943,4881,0,0.74,0.74
"8482821","CHI",2,81,88,0,6,0,0,0,0,0,9,10,0,3,3.04014162701788,4.718092802912,0,1,5921,705,393,47.9,0,3.65,0,0,0,1,0,27.48,1.848,2.869,7019,0,0.51,0.51
"8483431","UTA",5,68,47,3,3,0,0,0,4,0,49,6,8,1,3.1084507937776,2.39572623430285,0,0,3948,990,393,59.1,2.74,2.74,0,14.55,0,1,29.09,9.16,2.834,2.185,5331,0,0,0
"8484386","UTA",5,77,63,5,2,0,2,0,0,0,0,6,0,0,3.84521619405132,3.47565296571701,1,1,4305,72,331,55,4.18,1.67,1.67,0,0,1,0,0,3.216,2.906,4708,0.76,0.76,0
"8484388","UTA",5,56,48,1,0,1,0,0,0,0,8,0,0,0,2.19709886005149,2.16761817689985,0,0,2928,354,0,53.8,1.23,0,1.23,0,NA,NA,0,NA,2.701,2.665,3282,0,0,0
"8474150","CGY",4,71,55,1,4,1,0,0,0,0,0,16,0,1,3.29887747950852,2.5530312032206,0,0,3413,58,543,56.3,1.05,4.22,1.05,0,0,1,0,6.63,3.48,2.693,4014,0,0,0
"8474586","SEA",5,57,65,3,1,1,0,1,2,0,23,0,4,0,2.57345213787629,2.34017309907358,1,1,4134,450,88,46.7,2.61,0.87,0.87,24,0,NA,32,0,2.241,2.038,4672,0.77,0.77,0
"8476457","SEA",5,66,131,4,2,0,0,0,0,0,0,29,0,4,2.80301781313028,5.08185563760344,0,0,5552,91,578,33.5,2.59,1.3,0,0,0,1,0,24.91,1.818,3.295,6221,0,0,0
"8476458","CGY",4,60,48,2,6,1,1,0,0,0,1,3,0,0,1.75271017022896,2.40640892938245,0,0,3097,152,79,55.6,2.32,6.97,2.32,0,0,1,0,0,2.037,2.797,3328,0,0,0
"8476905","SEA",5,59,80,3,1,1,2,0,2,0,22,5,4,1,2.81527033459861,3.19514943182002,2,0,4374,430,258,42.4,2.47,0.82,2.47,16.74,0,1,33.49,13.95,2.317,2.63,5062,1.42,0,-1.42
"8477919","SEA",5,38,90,3,2,3,0,0,0,0,0,22,0,3,2.20875884918496,3.91512713348494,0,1,3782,45,464,29.7,2.86,1.9,2.86,0,0,1,0,23.28,2.102,3.727,4291,0,0.84,0.84
"8477955","SEA",5,45,59,5,3,0,4,1,1,0,21,5,3,0,2.39150941942353,2.46236728632357,0,0,3734,447,215,43.3,4.82,2.89,3.86,16.11,0,1,24.16,0,2.306,2.374,4396,0,0,0
"8477986","SEA",5,93,94,9,4,0,3,0,1,1,17,13,1,0,5.10193159535992,3.93606274391641,1,1,5819,617,405,49.7,5.57,2.47,1.86,5.83,8.89,0.9231,5.83,0,3.156,2.435,6841,0.53,0.53,0
"8478136","CGY",4,65,71,2,6,0,0,0,0,0,0,14,0,0,2.78455069917255,2.98416221840307,2,0,3912,6,437,47.8,1.84,5.52,0,0,0,1,0,0,2.562,2.746,4355,1.65,0,-1.65
"8478407","SEA",5,75,132,3,3,1,2,1,1,0,20,6,3,1,3.51424990815576,4.8530877797457,3,3,5671,446,209,36.2,1.9,1.9,1.9,16.14,0,1,24.22,17.22,2.231,3.081,6326,1.71,1.71,0
"8478916","SEA",3,124,174,11,4,0,1,0,0,1,21,13,1,2,6.1169095885707,6.96349295476102,0,0,8338,649,425,41.6,4.75,1.73,0.43,0,8.47,0.9231,5.55,16.94,2.641,3.007,9412,0,0,0
"8479324","SEA",4,34,51,3,0,0,0,0,0,0,1,13,0,1,1.63095943117514,2.3719140002504,1,1,2544,25,316,40,4.25,0,0,0,0,1,0,11.39,2.308,3.356,2885,1.25,1.25,0
"8479372","SEA",2,17,41,4,3,0,1,0,0,0,0,0,0,0,1.35073554329574,2.81102239619941,1,0,1592,0,22,29.3,9.05,6.78,2.26,NA,0,NA,NA,0,3.054,6.357,1614,2.23,0,-2.23
"8480028","CGY",4,80,52,1,6,0,0,1,0,0,12,0,2,0,2.54960773006314,2.66168042924256,0,0,3352,380,61,60.6,1.07,6.44,0,9.47,0,NA,18.95,0,2.738,2.859,3793,0,0,0
"8480727","CGY",4,81,58,2,7,0,0,0,0,0,0,19,0,1,2.94498510245467,2.55855145445094,0,0,4103,44,626,58.3,1.75,6.14,0,0,0,1,0,5.75,2.584,2.245,4773,0,0,0
"8480797","CGY",4,59,45,1,5,0,1,0,2,0,12,7,2,0,3.07818571384996,1.92310765048023,3,0,3128,421,339,56.7,1.15,5.75,1.15,17.1,0,1,17.1,0,3.543,2.213,3888,2.78,0,-2.78
"8480860","CGY",4,93,56,1,4,1,0,0,0,0,0,11,0,0,3.89918048988329,2.74247500509955,3,1,4533,44,480,62.4,0.79,3.18,0.79,0,0,1,0,0,3.097,2.178,5057,2.14,0.71,-1.43
"8480876","SEA",2,11,25,0,0,0,0,0,0,0,0,0,0,0,0.498216727748513,1.34519038768485,0,0,824,0,0,30.6,0,0,0,NA,NA,NA,NA,NA,2.177,5.877,824,0,0,0
"8481028","CGY",4,46,49,0,5,0,0,0,0,0,0,6,0,0,1.28160380525514,2.02909474261105,1,0,2834,17,357,48.4,0,6.35,0,0,0,1,0,0,1.628,2.578,3208,1.12,0,-1.12
"8481068","CGY",4,78,46,3,3,0,2,0,0,0,1,7,0,0,2.91648124810309,2.56015162169933,0,3,3332,141,271,62.9,3.24,3.24,2.16,0,0,1,0,0,3.151,2.766,3744,0,2.88,2.88
"8481554","SEA",5,56,78,7,3,1,3,0,1,1,13,0,1,0,2.85191771725658,4.24658943180111,0,1,3614,592,63,41.8,6.97,2.99,3.98,6.08,57.14,NA,6.08,0,2.841,4.23,4269,0,0.84,0.84
"8481692","CGY",2,134,99,1,11,0,0,0,0,0,9,12,1,1,5.03476431884337,5.18316843081265,0,0,6430,289,367,57.5,0.56,6.16,0,0,0,1,12.46,9.81,2.819,2.902,7086,0,0,0
"8482074","CGY",2,29,21,1,3,0,1,0,0,0,1,0,0,0,1.16113937750924,1.1677590738982,0,1,1526,91,18,58,2.36,7.08,2.36,0,0,NA,0,0,2.739,2.755,1635,0,2.2,2.2
"8482165","CGY",3,67,54,1,7,0,0,0,0,0,0,6,0,1,1.55196159414481,2.44301926437766,0,0,2935,78,230,55.4,1.23,8.59,0,0,0,1,0,15.65,1.904,2.997,3243,0,0,0
"8482259","SEA",5,65,78,3,1,1,0,1,0,0,18,0,2,0,2.9894092605682,3.17919160251039,0,0,4467,385,103,45.5,2.42,0.81,0.81,9.35,0,NA,18.7,0,2.409,2.562,4955,0,0,0
"8482665","SEA",5,46,67,5,3,1,2,0,0,1,16,6,1,1,2.31686910486314,3.01287368999329,0,0,3900,601,280,40.7,4.62,2.77,2.77,0,12.86,0.8333,5.99,12.86,2.139,2.781,4781,0,0,0
"8482679","CGY",4,84,53,0,6,0,0,1,0,0,12,0,2,0,2.47927194187651,2.59342015266884,0,1,3578,381,72,61.3,0,6.04,0,9.45,0,NA,18.9,0,2.495,2.609,4031,0,0.89,0.89
"8482751","SEA",5,49,83,3,1,0,3,0,0,0,0,16,0,1,2.68368072900921,3.58422248263378,1,0,3668,33,422,37.1,2.94,0.98,2.94,0,0,1,0,8.53,2.634,3.518,4123,0.87,0,-0.87
"8482858","SEA",5,85,87,7,3,0,2,0,0,0,1,9,0,1,4.33070092846175,3.45826860377565,1,3,5845,69,468,49.4,4.31,1.85,1.23,0,0,1,0,7.69,2.667,2.13,6382,0.56,1.69,1.13
"8482874","SEA",1,6,17,0,0,0,0,0,0,0,0,1,0,0,0.457364896312356,0.705898632761091,1,1,537,5,29,26.1,0,0,0,0,0,1,0,0,3.066,4.732,571,6.3,6.3,0
"8483495","CGY",4,102,76,0,7,0,0,0,0,0,1,1,0,0,3.28318552614655,3.92217152821831,0,1,4360,180,243,57.3,0,5.78,0,0,0,1,0,0,2.711,3.238,4783,0,0.75,0.75
"8483524","SEA",5,65,71,6,3,2,1,0,0,0,6,0,0,0,3.04309262696188,3.32173708002665,0,2,3681,418,99,47.8,5.87,2.93,2.93,0,0,NA,0,0,2.976,3.249,4198,0,1.72,1.72
"8483609","CGY",4,53,48,1,4,1,0,0,0,0,0,0,0,0,2.21945761097595,2.21649890136905,1,1,2477,0,16,52.5,1.45,5.81,1.45,NA,0,NA,NA,0,3.226,3.221,2493,1.44,1.44,0
"8484180","CGY",4,43,53,0,4,0,0,0,0,0,0,12,0,1,1.26260850054677,2.24020279641263,0,0,3133,51,483,44.8,0,4.6,0,0,0,1,0,7.45,1.451,2.574,3667,0,0,0
"8484768","CGY",4,77,77,2,8,0,0,0,1,0,12,0,2,0,2.97454471723177,3.47087886184454,3,1,4130,401,54,50,1.74,6.97,0,8.98,0,NA,17.96,0,2.593,3.025,4585,2.36,0.79,-1.57
"8484800","SEA",5,69,76,7,3,2,2,0,0,1,14,0,0,0,3.3879759546835,2.99228766481974,0,2,3767,618,88,47.6,6.69,2.87,3.82,0,40.91,NA,0,0,3.238,2.86,4473,0,1.61,1.61
"8484860","CGY",4,75,52,0,6,0,0,0,1,0,12,0,2,0,2.57370916736545,2.27488174592144,1,1,3073,376,32,59.1,0,7.03,0,9.57,0,NA,19.15,0,3.015,2.665,3481,1.03,1.03,0
"8484958","CGY",3,33,32,0,3,0,0,0,0,0,1,0,0,0,0.978489391040056,1.81493918644264,0,0,2100,132,0,50.8,0,5.14,0,0,NA,NA,0,NA,1.677,3.111,2232,0,0,0
"8482221","EDM",3,113,120,10,6,0,0,0,0,0,36,24,3,4,6.18100195782609,5.45706360897747,0,0,7997,1143,848,48.5,4.5,2.7,0,0,0,1,9.45,16.98,2.782,2.457,9988,0,0,0
"8482447","VAN",3,84,91,7,1,0,0,0,0,0,24,10,1,2,4.16493896342581,3.88163982238621,0,0,5271,890,358,48,4.78,0.68,0,0,0,1,4.04,20.11,2.845,2.651,6519,0,0,0
"8484509","EDM",3,14,26,1,1,0,0,0,0,0,2,0,0,0,0.533330919221043,1.62668921821751,2,0,1321,156,12,35,2.73,2.73,0,0,0,NA,0,0,1.453,4.433,1489,4.84,0,-4.84
"8475200","SJS",4,51,71,0,4,0,0,0,0,0,3,5,0,1,1.7475790505996,3.56345986231463,1,0,4113,198,291,41.8,0,3.5,0,0,0,1,0,12.37,1.53,3.119,4602,0.78,0,-0.78
"8475726","SJS",4,34,55,4,1,1,2,1,0,1,15,0,1,0,1.59534506557975,2.93743403285044,1,0,2694,485,43,38.2,5.35,1.34,4.01,7.42,83.72,NA,7.42,0,2.132,3.925,3222,1.12,0,-1.12
"8476624","SJS",4,24,39,1,1,0,0,0,0,0,0,19,0,2,0.877096597570926,1.92856121528894,0,0,2255,76,582,38.1,1.6,1.6,0,0,0,1,0,12.37,1.4,3.079,2913,0,0,0
"8476885","SJS",4,54,68,4,5,0,2,0,0,1,6,24,0,2,2.16721181149478,3.59932588599623,0,0,4043,315,630,44.3,3.56,4.45,1.78,0,5.71,0.9583,0,11.43,1.93,3.205,4988,0,0,0
"8477498","SJS",4,47,80,1,2,0,0,0,0,0,0,21,0,1,1.63304703801987,3.55637945653871,2,0,4437,38,497,37,0.81,1.62,0,0,0,1,0,7.24,1.325,2.886,4972,1.45,0,-1.45
"8477505","SJS",4,40,52,0,3,0,0,0,0,0,27,12,2,1,1.55802842578851,2.94925737939775,0,2,3424,733,396,43.5,0,3.15,0,0,0,1,9.82,9.09,1.638,3.101,4553,0,1.58,1.58
"8478975","SJS",4,45,59,2,6,1,0,0,0,1,9,0,0,0,1.49502871418372,3.12135225022212,1,0,3280,430,39,43.3,2.2,6.59,1.1,0,92.31,NA,0,0,1.641,3.426,3749,0.96,0,-0.96
"8480748","SJS",4,42,40,2,0,1,0,0,0,1,7,11,0,0,1.93139337515458,2.00582079542801,1,1,2780,352,364,51.2,2.59,0,1.29,0,9.89,0.9091,0,0,2.501,2.597,3496,1.03,1.03,0
"8480891","SJS",4,49,66,1,2,0,0,0,0,0,0,15,0,1,1.58921620241017,2.92616850510239,1,0,4027,31,567,42.6,0.89,1.79,0,0,0,1,0,6.35,1.421,2.616,4625,0.78,0,-0.78
"8481033","FLA",1,44,38,2,1,0,0,0,0,1,23,13,1,1,1.82745704473928,1.13010743467021,0,0,2725,538,336,53.7,2.64,1.32,0,0,10.71,0.9231,6.69,10.71,2.414,1.493,3599,0,0,0
"8482137","SJS",3,103,156,4,9,0,0,0,0,0,24,37,2,3,3.35791183449328,7.54870207823115,0,0,9030,722,1045,39.8,1.59,3.59,0,0,0,1,9.97,10.33,1.339,3.009,10797,0,0,0
"8482700","SJS",2,23,26,2,2,1,0,0,0,0,0,11,0,1,0.683648459351389,1.28910997090861,1,0,1756,33,376,46.9,4.1,4.1,2.05,0,0,1,0,9.57,1.402,2.643,2165,1.66,0,-1.66
"8482859","SJS",4,26,38,1,0,0,0,0,0,0,0,14,0,1,1.12222348665819,1.64201251324266,0,1,2215,54,461,40.6,1.63,0,0,0,0,1,0,7.81,1.824,2.669,2730,0,1.32,1.32
"8484152","SJS",4,37,64,1,2,0,0,0,1,0,27,0,2,0,1.43716011848301,3.34312411240535,1,2,3739,727,57,36.6,0.96,1.93,0,4.95,0,NA,9.9,0,1.384,3.219,4523,0.8,1.59,0.79
"8484227","SJS",4,42,62,1,6,0,0,1,0,1,22,1,1,0,1.33808148291428,3.36695018410683,0,0,3510,631,112,40.4,1.03,6.15,0,5.71,32.14,0,5.71,0,1.372,3.453,4253,0,0,0
"8484304","FLA",3,43,25,1,0,0,0,0,0,0,12,0,0,0,1.98794924316462,0.570945920422674,1,0,2066,405,32,63.2,1.74,0,0,0,0,NA,0,0,3.464,0.995,2503,1.44,0,-1.44
"8484801","SJS",2,30,27,2,2,0,0,0,2,0,19,1,2,0,0.845565231866203,0.918778832536191,1,0,1917,423,125,52.6,3.76,3.76,0,17.02,0,1,17.02,0,1.588,1.725,2465,1.46,0,-1.46
"8484911","SJS",4,33,51,1,2,1,0,0,0,0,0,15,0,2,1.21633994218428,1.91266853082926,1,2,3268,36,302,39.3,1.1,2.2,1.1,0,0,1,0,23.84,1.34,2.107,3606,1,2,1
"8484994","SJS",4,29,58,2,3,1,1,0,0,0,15,0,1,0,0.978992394171656,3.41682084352942,0,0,2939,483,66,33.3,2.45,3.67,2.45,0,0,NA,7.45,0,1.199,4.185,3488,0,0,0
"8485402","SJS",4,35,57,4,2,0,2,0,0,0,8,0,0,0,1.18892032431904,2.82342830376001,0,2,2909,386,56,38,4.95,2.48,2.48,0,0,NA,0,0,1.471,3.494,3351,0,2.15,2.15
"8486103","SJS",4,33,47,0,2,0,0,0,1,0,12,0,1,0,1.21374984597787,2.04298084089533,1,1,3128,363,37,41.2,0,2.3,0,9.92,0,NA,9.92,0,1.397,2.351,3528,1.02,1.02,0
"8475279","DET",4,69,54,2,2,0,0,0,0,0,0,14,0,2,3.91279055646737,2.56234906474128,3,2,3658,68,447,56.1,1.97,1.97,0,0,0,1,0,16.11,3.851,2.522,4173,2.59,1.73,-0.86
"8475753","DET",4,71,43,4,4,1,0,0,0,0,10,12,0,2,2.86941839268547,2.3254160701763,1,1,3587,417,487,62.3,4.01,4.01,1,0,0,1,0,14.78,2.88,2.334,4491,0.8,0.8,0
"8476434","DET",4,176,128,5,7,0,0,0,0,0,40,33,3,5,7.84076052828459,6.17154993792064,0,0,9914,1162,1183,57.9,1.82,2.54,0,0,0,1,9.29,15.22,2.847,2.241,12259,0,0,0
"8477429","DET",4,46,52,0,1,0,0,0,1,0,23,22,1,4,1.24434276518878,2.22151089692488,1,1,3397,587,464,46.9,0,1.06,0,6.13,0,1,6.13,31.03,1.319,2.354,4448,0.81,0.81,0
"8477456","DET",2,22,14,0,0,0,0,0,0,0,0,8,0,1,0.903849272988737,0.885316625237465,1,1,1513,12,234,61.1,0,0,0,0,0,1,0,15.38,2.151,2.107,1759,2.05,2.05,0
"8478042","DET",4,66,49,2,3,0,1,3,0,0,26,0,3,0,3.2066324360203,2.42256296169944,1,0,3292,650,142,57.4,2.19,3.28,1.09,16.62,0,NA,16.62,0,3.507,2.649,4084,0.88,0,-0.88
"8478434","DET",4,38,32,0,2,0,0,0,0,0,1,6,0,0,1.19958780377056,0.810292081907391,4,3,2519,50,249,54.3,0,2.86,0,0,0,1,0,0,1.714,1.158,2818,5.11,3.83,-1.28
"8478891","DET",2,15,7,0,0,0,0,0,0,0,0,5,0,0,0.75559638440609,0.546279126778245,0,1,1033,3,138,68.2,0,0,0,0,0,1,0,0,2.633,1.904,1174,0,3.07,3.07
"8479337","DET",4,60,38,4,1,1,3,0,0,0,26,0,3,0,2.60806815788964,2.14649618975818,2,3,3578,680,55,61.2,4.02,1.01,4.02,0,0,NA,15.88,0,2.624,2.16,4313,1.67,2.5,0.83
"8479992","DET",4,50,31,0,1,0,0,0,0,0,12,21,0,3,1.62637731662835,0.774807335808873,1,2,2932,403,524,61.7,0,1.23,0,0,0,1,0,20.61,1.997,0.951,3859,0.93,1.87,0.94
"8481542","DET",4,75,45,1,1,0,0,0,2,0,30,14,3,2,2.65806365315802,1.4938709307462,1,0,4315,724,439,62.5,0.83,0.83,0,9.94,0,1,14.92,16.4,2.218,1.246,5478,0.66,0,-0.66
"8481607","DET",4,64,47,1,2,0,0,0,0,0,0,14,0,2,2.16559968955699,1.37275093444623,0,2,3522,0,460,57.7,1.02,2.04,0,NA,0,1,NA,15.65,2.214,1.403,3982,0,1.81,1.81
"8482078","DET",4,71,43,1,3,0,1,0,2,0,29,3,3,1,2.16743343850249,2.49160240241327,1,1,3609,719,222,62.3,1,2.99,1,10.01,0,1,15.02,16.22,2.162,2.485,4550,0.79,0.79,0
"8482193","NYR",2,47,51,0,1,0,0,0,0,0,17,9,1,0,2.36376889282838,1.85590855876217,0,0,4424,499,404,48,0,0.81,0,0,0,1,7.21,0,1.924,1.51,5327,0,0,0
"8483464","DET",1,14,4,0,0,0,0,0,0,0,2,2,0,0,0.376540217548609,0.168694802559912,0,0,531,65,54,77.8,0,0,0,0,0,1,0,0,2.553,1.144,650,0,0,0
"8483679","DET",4,59,49,1,1,0,0,0,0,0,1,19,0,2,2.75108813215047,3.21550370100885,1,0,3587,42,512,54.6,1,1,0,0,0,1,0,14.06,2.761,3.227,4141,0.87,0,-0.87
"8484160","DET",4,37,27,1,2,0,1,0,0,0,1,1,0,1,2.17520732671255,1.43010771181434,1,0,2017,124,59,57.8,1.78,3.57,1.78,0,0,1,0,61.02,3.882,2.552,2200,1.64,0,-1.64
"8484223","DET",3,36,27,1,1,0,0,0,0,0,11,7,0,2,2.0594320455566,1.31325057242066,1,1,1960,408,241,57.1,1.84,1.84,0,0,0,1,0,29.88,3.783,2.412,2609,1.38,1.38,0
"8484471","DET",4,57,40,3,1,1,0,0,0,0,10,6,0,1,3.13734670449049,1.83169447025284,0,0,3015,390,371,58.8,3.58,1.19,1.19,0,0,1,0,9.7,3.746,2.187,3776,0,0,0
"8484794","DET",4,61,33,3,1,1,2,0,0,0,7,0,0,0,3.29460823349654,1.59610810596496,1,0,2912,296,123,64.9,3.71,1.24,3.71,0,0,NA,0,0,4.073,1.973,3331,1.08,0,-1.08
"8471214","WSH",4,30,46,3,1,0,1,0,0,0,22,0,1,0,1.47166363120777,2.36164674535394,0,2,2330,674,35,39.5,4.64,1.55,1.55,0,0,NA,5.34,0,2.274,3.649,3039,0,2.37,2.37
"8476432","WSH",4,49,43,3,1,1,1,0,0,0,0,24,0,1,2.40862764767372,1.56603239569813,1,0,3101,75,473,53.3,3.48,1.16,2.32,0,0,1,0,7.61,2.796,1.818,3649,0.99,0,-0.99
"8476880","WSH",4,47,46,4,0,1,3,0,0,0,18,32,1,1,2.52084251353517,2.37481136526913,1,2,3165,484,592,50.5,4.55,0,4.55,0,0,1,7.44,6.08,2.867,2.701,4241,0.85,1.7,0.85
"8477949","WSH",4,47,44,4,0,3,0,0,0,0,14,23,0,1,2.82082117162645,2.59042031783611,0,1,2838,521,630,51.6,5.07,0,3.81,0,0,1,0,5.71,3.578,3.286,3989,0,0.9,0.9
"8478440","WSH",4,35,49,3,1,0,3,0,1,0,21,0,1,0,1.68335744616342,2.21571663534269,0,0,2624,524,45,41.7,4.12,1.37,4.12,6.87,0,NA,6.87,0,2.309,3.04,3193,0,0,0
"8478463","WSH",4,34,39,3,1,1,0,0,0,0,0,3,0,0,1.40841502050171,1.43711429042742,0,2,2496,29,272,46.6,4.33,1.44,1.44,0,0,1,0,0,2.031,2.073,2797,0,2.57,2.57
"8478911","WSH",2,20,25,1,1,0,0,0,0,0,0,22,0,1,0.837295863777399,1.10925936792046,0,0,1679,24,501,44.4,2.14,2.14,0,0,0,1,0,7.19,1.795,2.378,2204,0,0,0
"8479345","WSH",4,74,64,4,2,0,2,1,0,0,21,10,1,1,3.57235014933394,3.0696000396274,4,1,4508,591,386,53.6,3.19,1.6,1.6,6.09,0,1,6.09,9.33,2.853,2.451,5485,2.63,0.66,-1.97
"8479385","WSH",4,31,37,1,5,0,0,0,1,0,12,0,1,0,1.2484848885797,1.77615511196199,0,0,2260,540,24,45.6,1.59,7.96,0,6.67,0,NA,6.67,0,1.989,2.829,2824,0,0,0
"8479400","WSH",4,59,52,5,1,1,3,0,0,0,21,0,1,0,3.15769934188575,2.66552881803363,3,1,3115,553,81,53.2,5.78,1.16,4.62,0,0,NA,6.51,0,3.649,3.081,3749,2.88,0.96,-1.92
"8479576","WSH",4,50,60,6,1,0,0,0,0,0,0,28,0,0,2.46327808947536,2.80260893981904,0,0,3596,100,787,45.5,6.01,1,0,0,0,1,0,0,2.466,2.806,4483,0,0,0
"8480043","WSH",4,54,60,3,2,1,0,0,0,0,0,18,0,0,2.55485927464906,1.87301381956786,0,0,3468,40,661,47.4,3.11,2.08,1.04,0,0,1,0,0,2.652,1.944,4169,0,0,0
"8480313","WSH",3,123,128,10,4,0,0,0,0,0,27,43,2,2,6.93843798659509,5.6005869518267,0,0,8162,933,1176,49,4.41,1.76,0,0,0,1,7.72,6.12,3.06,2.47,10271,0,0,0
"8480796","WSH",4,47,69,3,1,0,0,0,0,0,1,30,1,2,2.01001416530926,2.73709217179567,2,1,4016,115,650,40.5,2.69,0.9,0,0,0,1,31.3,11.08,1.802,2.454,4781,1.51,0.75,-0.76
"8481656","WSH",4,42,42,1,4,0,1,0,0,0,0,23,0,1,1.58446751255542,1.55811824242119,1,0,2816,76,684,50,1.28,5.11,1.28,0,0,1,0,5.26,2.026,1.992,3576,1.01,0,-1.01
"8482088","WSH",4,41,46,2,1,1,0,0,0,0,0,3,0,0,2.08969105477445,1.92721065785736,2,1,2726,97,273,47.1,2.64,1.32,1.32,0,0,1,0,0,2.76,2.545,3096,2.33,1.16,-1.17
"8484186","WSH",4,46,47,3,0,1,1,1,0,0,12,0,1,0,2.67857682460453,2.17140112863853,2,2,2578,508,57,49.5,4.19,0,2.79,7.09,0,NA,7.09,0,3.74,3.032,3143,2.29,2.29,0
"8484873","WSH",4,66,59,4,3,1,0,0,1,0,12,0,1,0,3.62951107369736,3.36773288168479,2,1,3533,544,64,52.8,4.08,3.06,1.02,6.62,0,NA,6.62,0,3.698,3.432,4141,1.74,0.87,-0.87
"8484999","WSH",4,28,31,1,3,0,1,0,0,0,11,0,1,0,1.17186894174666,1.26601344125811,0,0,2144,450,0,47.5,1.68,5.04,1.68,0,NA,NA,8,NA,1.968,2.126,2594,0,0,0
"8475799","WPG",2,9,22,0,0,0,0,0,0,0,2,0,0,0,0.0764171839691699,0.526306414190913,0,1,1136,275,1,29,0,0,0,0,0,NA,0,0,0.242,1.668,1412,0,2.55,2.55
"8476331","WPG",5,87,97,4,3,1,2,0,0,0,0,18,0,0,4.64132660115138,4.25083263183478,2,1,5575,123,574,47.3,2.58,1.94,1.94,0,0,1,0,0,2.997,2.745,6272,1.15,0.57,-0.58
"8476392","WPG",5,46,66,4,0,1,2,0,0,0,0,15,0,1,1.58324702546816,2.55929453384306,0,1,3777,183,352,41.1,3.81,0,2.86,0,0,1,0,10.23,1.509,2.439,4312,0,0.83,0.83
"8476460","WPG",5,97,89,5,5,0,3,0,0,0,36,0,4,0,5.02677874191432,4.51610385545065,0,0,5244,615,135,52.2,3.43,3.43,2.06,0,0,NA,23.41,0,3.451,3.1,5994,0,0,0
"8476480","WPG",5,31,59,0,4,0,0,0,0,0,2,7,0,0,1.05318293173331,2.9155796483683,2,0,2553,531,332,34.4,0,5.64,0,0,0,1,0,0,1.485,4.111,3416,2.11,0,-2.11
"8477504","WPG",4,72,74,1,2,0,1,0,2,0,27,4,4,0,3.74087669281289,3.4029426946654,1,0,4123,340,207,49.3,0.87,1.75,0.87,21.18,0,1,42.35,0,3.266,2.971,4670,0.77,0,-0.77
"8478398","WPG",5,89,88,6,6,3,1,3,1,0,36,2,4,0,4.75947671494215,4.47102975391318,0,0,5025,618,405,50.3,4.3,4.3,2.87,23.3,0,1,23.3,0,3.41,3.203,6048,0,0,0
"8479973","WPG",3,128,172,5,5,0,0,0,0,0,29,29,4,1,5.75602782386704,7.73265863428242,0,0,9846,874,936,42.7,1.83,1.83,0,0,0,1,16.48,3.85,2.105,2.827,11656,0,0,0
"8479983","WPG",5,69,87,2,4,1,0,0,0,0,0,18,0,0,2.31327948463149,4.22163198150519,0,0,5196,74,551,44.2,1.39,2.77,0.69,0,0,1,0,0,1.603,2.925,5821,0,0,0
"8480014","WPG",5,53,48,0,2,0,0,0,2,0,36,0,4,0,2.24838139972416,2.57542597758584,1,1,4068,668,21,52.5,0,1.77,0,10.78,0,NA,21.56,0,1.99,2.279,4757,0.76,0.76,0
"8480049","WPG",5,80,100,6,3,0,2,0,0,0,0,14,0,1,3.19711101162829,4.03193406522041,1,0,5629,308,614,44.4,3.84,1.92,1.28,0,0,1,0,5.86,2.045,2.579,6551,0.55,0,-0.55
"8480113","WPG",5,40,42,3,0,1,1,0,0,0,0,12,0,0,1.58540496506612,1.30237616659724,0,0,3032,412,392,48.8,3.56,0,2.37,0,0,1,0,0,1.882,1.546,3836,0,0,0
"8480145","WPG",5,87,102,4,5,0,1,0,0,0,11,18,0,1,3.0891036625544,5.46374485897832,0,1,5389,647,629,46,2.67,3.34,0.67,0,0,1,0,5.72,2.064,3.65,6665,0,0.54,0.54
"8480289","WPG",5,57,73,2,0,0,1,0,0,0,0,18,0,1,1.43223061886965,2.95690873816783,1,0,4075,103,475,43.8,1.77,0,0.88,0,0,1,0,7.58,1.265,2.612,4653,0.77,0,-0.77
"8482149","WPG",5,91,80,5,6,2,0,1,3,0,36,0,4,0,4.91037642536684,4.08199243212585,0,1,4812,610,76,53.2,3.74,4.49,1.5,23.61,0,NA,23.61,0,3.674,3.054,5498,0,0.65,0.65
"8482459","WPG",3,15,22,0,2,0,0,0,0,0,0,0,0,0,0.362437427043915,0.975035183277214,2,2,1337,30,0,40.5,0,5.39,0,0,NA,NA,0,NA,0.976,2.625,1367,5.27,5.27,0
"8482765","WPG",5,44,38,2,2,0,0,0,0,0,2,0,0,0,1.89810125238728,2.26223723334261,0,2,3030,483,0,53.7,2.38,2.38,0,0,NA,NA,0,NA,2.255,2.688,3513,0,2.05,2.05
"8483471","WPG",5,32,78,0,3,0,0,0,0,0,0,0,0,0,0.778237602673471,3.781699635947,1,2,3184,60,22,29.1,0,3.39,0,0,0,NA,0,0,0.88,4.276,3266,1.1,2.2,1.1
"8486025","WPG",5,44,51,0,2,0,0,0,0,0,2,12,0,0,1.7387064807117,2.49265755410306,1,0,3577,448,267,46.3,0,2.01,0,0,0,1,0,0,1.75,2.509,4292,0.84,0,-0.84
"8473994","DAL",4,55,25,2,0,1,1,0,0,0,3,0,0,0,2.05640455009415,0.898347000591457,0,0,2714,258,23,68.8,2.65,0,2.65,0,0,NA,0,0,2.728,1.192,2995,0,0,0
"8474574","DAL",4,44,47,0,0,0,0,0,0,0,0,3,0,0,1.43348614685238,1.59139407868497,0,0,3355,0,363,48.4,0,0,0,NA,0,1,NA,0,1.538,1.708,3718,0,0,0
"8475764","STL",4,70,56,1,1,0,0,0,0,0,9,15,0,0,3.03811657550978,2.04930838523433,2,0,4379,419,648,55.6,0.82,0.82,0,0,0,1,0,0,2.498,1.685,5446,1.32,0,-1.32
"8475794","DAL",4,39,56,0,1,0,0,0,0,0,3,0,0,0,1.68908838025528,2.58242093527224,2,0,3108,335,25,41.1,0,1.16,0,0,0,NA,0,0,1.956,2.991,3468,2.08,0,-2.08
"8476889","DAL",4,35,33,1,0,0,1,0,0,0,0,13,0,1,1.52699789806502,1.74469081498682,0,0,2299,85,418,51.5,1.57,0,1.57,0,0,1,0,8.61,2.391,2.732,2802,0,0,0
"8476892","STL",4,60,59,2,4,0,1,0,0,0,0,23,0,1,2.10155109065817,3.01522147736978,0,1,4042,77,805,50.4,1.78,3.56,0.89,0,0,1,0,4.47,1.872,2.686,4924,0,0.73,0.73
"8476902","DAL",4,57,65,4,0,0,0,0,0,0,0,16,0,1,3.1809649449715,3.16721818293445,1,0,3921,186,543,46.7,3.67,0,0,0,0,1,0,6.63,2.921,2.908,4650,0.77,0,-0.77
"8477402","STL",4,60,31,1,1,0,0,0,0,0,9,22,0,0,2.33925924246433,1.58651394757908,0,0,3099,412,591,65.9,1.16,1.16,0,0,0,1,0,0,2.717,1.843,4102,0,0,0
"8477527","STL",3,22,21,1,0,0,0,0,0,0,0,0,0,0,1.01651656301692,0.801259249448777,1,0,1435,14,50,51.2,2.51,0,0,0,0,NA,0,0,2.55,2.01,1499,2.4,0,-2.4
"8478420","DAL",4,59,50,6,1,2,3,0,1,0,34,0,1,0,2.59465404381627,1.91821737395367,0,2,3523,956,75,54.1,6.13,1.02,5.11,3.77,0,NA,3.77,0,2.651,1.96,4554,0,1.58,1.58
"8478443","STL",4,64,40,3,2,0,0,0,0,0,0,16,0,0,3.29123220732436,2.26417971390765,1,1,3569,0,604,61.5,3.03,2.02,0,NA,0,1,NA,0,3.32,2.284,4173,0.86,0.86,0
"8478449","DAL",4,52,33,4,1,0,2,1,0,0,31,2,1,0,2.2860999875702,1.72556447680108,0,0,2838,705,94,61.2,5.07,1.27,2.54,5.11,0,1,5.11,0,2.9,2.189,3637,0,0,0
"8479351","DAL",4,54,37,3,0,1,1,0,0,0,0,3,0,1,2.34306964863208,0.819997237995267,0,0,3096,17,299,59.3,3.49,0,2.33,0,0,1,0,12.04,2.724,0.953,3412,0,0,0
"8479979","DAL",3,125,121,8,2,0,0,0,0,0,27,17,1,0,6.12074862094597,5.06136360747042,0,0,9169,1109,994,50.8,3.14,0.79,0,0,0,1,3.25,0,2.403,1.987,11272,0,0,0
"8480023","STL",4,56,40,0,3,0,0,0,0,0,9,19,0,0,2.3415488114697,1.52725951920729,0,0,3751,536,417,58.3,0,2.88,0,0,0,1,0,0,2.247,1.466,4704,0,0,0
"8480027","DAL",4,54,41,4,2,2,1,0,0,0,31,0,1,0,2.44758703559638,2.04864743701182,1,1,3273,829,2,56.8,4.4,2.2,3.3,0,0,NA,4.34,0,2.692,2.253,4104,0.88,0.88,0
"8480036","DAL",4,61,53,4,1,2,0,0,0,0,30,15,1,1,3.44070994589129,2.5007770594093,1,3,4058,758,451,53.5,3.55,0.89,1.77,0,0,1,4.75,7.98,3.052,2.219,5267,0.68,2.05,1.37
"8480281","STL",1,2,3,0,0,0,0,0,0,0,0,1,0,0,0.020401818677783,0.133856017142534,0,0,270,0,38,40,0,0,0,NA,0,1,NA,0,0.272,1.785,308,0,0,0
"8480459","STL",4,38,32,1,1,0,1,0,0,0,0,15,0,1,1.34950086130994,1.72647114656866,0,0,2438,31,784,54.3,1.48,1.48,1.48,0,0,1,0,4.59,1.993,2.549,3253,0,0,0
"8480840","DAL",4,32,33,1,0,0,1,0,0,0,0,11,0,0,1.43813369405689,1.58167877420783,1,0,2319,86,432,49.2,1.55,0,1.55,0,0,1,0,0,2.233,2.455,2837,1.27,0,-1.27
"8480878","DAL",4,72,55,4,1,0,1,0,0,0,0,3,0,1,2.64504239970119,2.22758323885501,1,0,3884,58,174,56.7,3.71,0.93,0.93,0,0,1,0,20.69,2.452,2.065,4116,0.87,0,-0.87
"8480981","STL",3,133,107,4,3,0,0,0,0,0,14,31,0,1,6.19927179982188,4.39921003306518,1,0,8581,763,1144,55.4,1.68,1.26,0,0,0,1,0,3.15,2.601,1.846,10488,0.34,0,-0.34
"8481013","STL",4,39,63,3,4,0,1,0,0,0,0,2,0,0,2.06642548600212,3.14122423372464,1,0,3133,66,139,38.2,3.45,4.6,1.15,0,0,1,0,0,2.374,3.609,3338,1.08,0,-1.08
"8481580","STL",4,44,37,2,2,1,1,0,0,0,9,5,0,0,2.0198507400346,1.61647895199712,0,1,2691,450,451,54.3,2.68,2.68,2.68,0,0,1,0,0,2.702,2.163,3592,0,1,1
"8481581","DAL",4,81,54,6,1,0,1,0,0,0,4,4,0,1,3.24755944748177,2.31315010582329,1,0,4455,526,432,60,4.85,0.81,0.81,0,0,1,0,8.33,2.624,1.869,5413,0.67,0,-0.67
"8481598","STL",4,68,54,1,6,0,1,0,0,0,0,26,0,1,3.02477014699251,3.02719775791048,0,3,4231,99,894,55.7,0.85,5.11,0.85,0,0,1,0,4.03,2.574,2.576,5224,0,2.07,2.07
"8481641","DAL",2,16,17,1,0,1,0,0,0,0,0,2,0,0,0.668237014033366,0.695998335257172,0,0,1060,58,124,48.5,3.4,0,3.4,0,0,1,0,0,2.269,2.364,1242,0,0,0
"8482077","STL",4,55,43,0,4,0,0,0,0,0,9,2,0,0,2.49439667194383,1.57300139439757,0,0,3325,555,116,56.1,0,4.33,0,0,0,1,0,0,2.701,1.703,3996,0,0,0
"8482089","STL",4,43,45,1,2,0,0,0,0,0,9,3,0,0,1.53992441948503,2.39551358140307,1,0,2706,423,199,48.9,1.33,2.66,0,0,0,1,0,0,2.049,3.187,3328,1.08,0,-1.08
"8482740","DAL",4,57,50,4,1,0,3,0,1,0,31,2,1,0,2.48215079974034,1.83333203190705,0,0,3600,761,152,53.3,4,1,3,4.73,0,1,4.73,0,2.482,1.833,4513,0,0,0
"8482745","STL",4,45,41,3,1,2,1,0,0,0,9,0,0,0,2.29928302532062,1.60400028375443,0,0,3063,443,61,52.3,3.53,1.18,3.53,0,0,NA,0,0,2.702,1.885,3567,0,0,0
"8483425","DAL",4,47,67,0,1,0,0,0,0,0,0,3,0,0,1.65543396101566,2.63434498768765,2,0,3724,21,270,41.2,0,0.97,0,0,0,1,0,0,1.6,2.547,4015,1.79,0,-1.79
"8483516","STL",4,61,46,1,3,0,1,0,0,0,9,0,0,0,2.78884824551642,1.6201837620465,0,2,3491,543,59,57,1.03,3.09,1.03,0,0,NA,0,0,2.876,1.671,4093,0,1.76,1.76
"8484164","STL",4,45,46,2,2,2,0,0,0,0,9,0,0,0,2.13390135578811,2.28899645368801,1,0,2539,361,102,49.5,2.84,2.84,2.84,0,0,NA,0,0,3.026,3.246,3002,1.2,0,-1.2
"8484188","STL",3,38,49,2,2,0,1,0,0,0,0,1,0,0,1.30326033924939,2.26394951425027,0,0,2480,0,124,43.7,2.9,2.9,1.45,NA,0,1,NA,0,1.892,3.286,2604,0,0,0
"8484790","STL",4,53,60,1,3,0,0,0,0,0,9,0,0,0,2.45790923619643,2.08780289703282,1,0,3483,502,67,46.9,1.03,3.1,0,0,0,NA,0,0,2.54,2.158,4052,0.89,0,-0.89
"8484829","DAL",4,40,60,1,0,0,0,0,0,0,3,4,0,1,1.66551917995093,2.54854136757786,0,0,3046,364,280,40,1.18,0,0,0,0,1,0,12.86,1.968,3.012,3690,0,0,0
"8484938","DAL",4,36,44,0,0,0,0,0,0,0,0,6,0,1,1.50634973758133,1.27435001323465,1,2,2981,48,345,45,0,0,0,0,0,1,0,10.43,1.819,1.539,3374,1.07,2.13,1.06
"8473986","ANA",4,36,37,2,0,1,0,0,0,0,0,12,0,1,1.77625067613554,0.926832553348504,0,0,2601,65,650,49.3,2.77,0,1.38,0,0,1,0,5.54,2.458,1.283,3316,0,0,0
"8475798","ANA",4,30,44,2,0,1,1,1,1,0,30,19,5,1,1.03069485264132,1.04267068067566,0,3,3006,589,591,40.5,2.4,0,2.4,12.22,0,1,30.56,6.09,1.234,1.249,4186,0,2.58,2.58
"8478366","ANA",1,6,11,0,1,0,0,0,0,0,0,0,0,0,0.242698063142598,0.668215176090598,0,0,634,0,0,35.3,0,5.68,0,NA,NA,NA,NA,NA,1.378,3.794,634,0,0,0
"8478421","ANA",4,53,53,1,5,0,1,0,0,0,0,0,0,0,2.80415190744679,2.74067044770345,2,0,2855,101,39,50,1.26,6.3,1.26,0,0,NA,0,0,3.536,3.456,2995,2.4,0,-2.4
"8480068","ANA",4,39,32,0,2,0,0,0,0,0,0,7,0,0,1.68640258483356,1.34658605256118,2,1,2605,187,555,54.9,0,2.76,0,0,0,1,0,0,2.331,1.861,3347,2.15,1.08,-1.07
"8480843","ANA",4,137,169,8,7,0,0,0,0,0,28,31,5,2,6.15732061036397,6.67207067378331,0,0,10476,742,1483,44.8,2.75,2.41,0,0,0,1,24.26,4.86,2.116,2.293,12701,0,0,0
"8481538","ANA",4,30,39,3,2,1,1,0,0,0,0,3,0,0,1.30408248351887,1.41872243001126,0,0,2373,47,72,43.5,4.55,3.03,3.03,0,0,1,0,0,1.978,2.152,2492,0,0,0
"8481605","ANA",4,56,75,4,4,0,2,0,2,0,22,12,4,2,1.87953671551077,3.34025991009549,0,0,4920,530,804,42.7,2.93,2.93,1.46,13.58,0,1,27.17,8.96,1.375,2.444,6254,0,0,0
"8481754","ANA",4,28,32,0,0,0,0,0,0,0,0,2,0,0,0.965408491552807,0.856435913941823,1,0,2378,86,120,46.7,0,0,0,0,0,1,0,0,1.462,1.297,2584,1.39,0,-1.39
"8482408","ANA",4,29,37,3,1,1,2,0,0,0,0,0,0,0,1.26969939144328,1.16406149580144,0,2,2166,45,0,43.9,4.99,1.66,4.99,0,NA,NA,0,NA,2.11,1.935,2211,0,3.26,3.26
"8482731","ANA",4,42,46,3,2,0,0,0,0,0,0,0,0,0,1.959334715968,1.16470947337803,0,0,2855,0,92,47.7,3.78,2.52,0,NA,0,NA,NA,0,2.471,1.469,2947,0,0,0
"8483445","ANA",4,58,65,2,4,0,1,2,1,0,30,0,5,0,2.50995925400639,3.25057486875449,3,0,3484,588,219,47.2,2.07,4.13,1.03,18.37,0,NA,30.61,0,2.594,3.359,4291,2.52,0,-2.52
"8483482","ANA",4,64,79,6,4,0,1,0,0,0,3,16,0,0,3.47377451206558,3.70551672531292,0,1,4256,233,543,44.8,5.08,3.38,0.85,0,0,1,0,0,2.938,3.134,5032,0,0.72,0.72
"8483490","ANA",4,58,61,1,1,0,0,0,0,0,0,22,0,0,3.0053913986776,2.35214617033489,0,0,3661,183,723,48.7,0.98,0.98,0,0,0,1,0,0,2.955,2.313,4567,0,0,0
"8483521","ANA",4,47,35,2,1,0,2,0,0,0,0,13,0,2,1.68637144711101,0.958609696826897,1,0,3146,0,689,57.3,2.29,1.14,2.29,NA,0,1,NA,10.45,1.93,1.097,3835,0.94,0,-0.94
"8484153","ANA",4,57,50,3,3,1,1,0,5,0,30,0,5,0,2.92048560583499,2.71543796511832,1,3,3473,586,292,53.3,3.11,3.11,2.07,30.72,0,NA,30.72,0,3.027,2.815,4351,0.83,2.48,1.65
"8484262","ANA",4,43,48,0,2,0,0,0,0,0,0,5,0,0,1.68312510405667,2.03849262022414,2,0,3342,21,355,47.3,0,2.15,0,0,0,1,0,0,1.813,2.196,3718,1.94,0,-1.94
"8484762","ANA",4,45,52,4,1,1,1,2,1,0,30,0,5,0,1.80450715625193,1.97657664073631,2,2,3749,583,198,46.4,3.84,0.96,1.92,18.52,0,NA,30.87,0,1.733,1.898,4530,1.59,1.59,0
"8485512","ANA",4,29,47,3,2,1,2,0,0,0,0,25,0,2,1.20618390338495,1.75556620466523,0,1,2713,53,710,38.2,3.98,2.65,3.98,0,0,1,0,10.14,1.601,2.33,3476,0,1.04,1.04
"8482803","BUF",3,50,22,0,2,0,0,0,0,0,0,0,0,0,2.66071657091379,0.83314820076339,0,0,2705,90,37,69.4,0,2.66,0,0,0,NA,0,0,3.541,1.109,2832,0,0,0
"8482807","CHI",1,8,23,0,2,0,0,0,0,0,0,0,0,0,0.496051551774144,1.62202936690301,0,0,871,0,30,25.8,0,8.27,0,NA,0,NA,NA,0,2.05,6.704,901,0,0,0
"8483466","CHI",1,7,18,0,2,0,0,0,0,0,0,0,0,0,0.452092764899135,1.45216670725495,0,0,643,15,13,28,0,11.2,0,0,0,NA,0,0,2.531,8.13,671,0,0,0
"8473512","OTT",4,37,51,2,1,0,2,0,1,0,19,8,1,1,1.44308115879539,2.1501639756898,1,2,2949,779,165,42,2.44,1.22,2.44,4.62,0,1,4.62,21.82,1.762,2.625,3893,0.92,1.85,0.93
"8476393","OTT",4,27,39,2,3,1,1,0,0,0,0,2,0,0,0.770772343385034,2.127926140005,1,2,1943,70,121,40.9,3.71,5.56,3.71,0,0,1,0,0,1.428,3.943,2134,1.69,3.37,1.68
"8476999","OTT",3,88,115,7,1,0,0,0,0,0,33,24,1,2,6.05377866653725,5.7083880500286,0,0,7053,1066,1061,43.3,3.57,0.51,0,0,0,1,3.38,6.79,3.09,2.914,9180,0,0,0
"8477998","OTT",4,25,43,4,1,0,1,0,0,0,0,0,0,0,1.27200638782233,2.13986901758472,1,0,2309,152,254,36.8,6.24,1.56,1.56,0,0,NA,0,0,1.983,3.336,2715,1.33,0,-1.33
"8478020","OTT",4,40,45,4,2,2,0,0,0,0,0,15,0,1,1.95360064331908,1.96983114792966,0,1,3165,131,533,47.1,4.55,2.27,2.27,0,0,1,0,6.75,2.222,2.241,3829,0,0.94,0.94
"8478173","OTT",2,8,17,0,1,0,0,0,0,0,0,0,0,0,0.191945379599928,0.85343412309885,1,0,641,0,0,32,0,5.62,0,NA,NA,NA,NA,NA,1.078,4.793,641,5.62,0,-5.62
"8478469","OTT",4,81,82,7,4,1,1,0,0,0,15,18,0,1,4.30924165114994,3.39807890850352,1,4,4703,655,749,49.7,5.36,3.06,1.53,0,0,1,0,4.81,3.299,2.601,6107,0.59,2.36,1.77
"8480188","OTT",4,48,41,2,0,0,2,0,0,0,15,0,1,0,2.69696504378225,1.89455548336264,0,0,2741,624,34,53.9,2.63,0,2.63,0,0,NA,5.77,0,3.542,2.488,3399,0,0,0
"8480208","OTT",4,39,46,2,1,1,1,1,0,0,25,0,1,0,2.39340309682302,1.70649262756342,3,1,3102,645,70,45.9,2.32,1.16,2.32,5.58,0,NA,5.58,0,2.778,1.98,3817,2.83,0.94,-1.89
"8481528","OTT",4,47,56,0,0,0,0,0,0,0,26,2,1,0,1.79040579206776,2.74412763299188,1,2,3435,639,143,45.6,0,0,0,0,0,1,5.63,0,1.876,2.876,4217,0.85,1.71,0.86
"8481596","OTT",4,41,46,3,1,0,2,0,1,0,17,15,1,1,2.04344816098456,1.7269687873777,3,3,2998,714,731,47.1,3.6,1.2,2.4,5.04,0,1,5.04,4.92,2.454,2.074,4443,2.43,2.43,0
"8481606","OTT",4,68,94,4,4,0,0,0,0,0,0,10,0,1,4.25218927627429,4.41250654365286,1,0,4342,252,661,42,3.32,3.32,0,0,0,1,0,5.45,3.526,3.658,5255,0.69,0,-0.69
"8482095","OTT",4,37,55,2,1,0,1,0,0,0,1,23,0,2,1.1445755410823,3.05090534026386,2,1,3904,117,642,40.2,1.84,0.92,0.92,0,0,1,0,11.21,1.055,2.813,4663,1.54,0.77,-0.77
"8482105","OTT",1,2,9,0,0,0,0,0,0,0,0,0,0,0,0.0474411807954311,0.727337811142206,0,0,269,0,0,18.2,0,0,0,NA,NA,NA,NA,NA,0.635,9.734,269,0,0,0
"8482116","OTT",4,40,45,5,2,2,3,0,0,0,25,26,1,2,2.06564074172638,2.42177238766454,1,3,3391,725,552,47.1,5.31,2.12,5.31,0,0,1,4.97,13.04,2.193,2.571,4668,0.77,2.31,1.54
"8482667","OTT",4,42,35,1,0,1,0,0,1,0,17,0,1,0,3.44013148150407,1.62423126806971,1,0,2713,396,74,54.5,1.33,0,1.33,9.09,0,NA,9.09,0,4.565,2.155,3183,1.13,0,-1.13
"8483676","OTT",4,25,33,2,2,1,0,0,0,0,14,0,0,0,1.97517636977136,1.45696065115045,0,0,1934,508,61,43.1,3.72,3.72,1.86,0,0,NA,0,0,3.677,2.712,2503,0,0,0
"8484321","OTT",4,42,46,1,0,0,0,0,0,0,0,27,0,2,2.57046142523176,1.43580876791384,2,0,3529,48,659,47.7,1.02,0,0,0,0,1,0,10.93,2.622,1.465,4236,1.7,0,-1.7
"8484759","OTT",4,39,46,2,1,0,0,1,1,0,27,0,2,0,1.67561137909069,2.6777233282337,0,1,2897,708,81,45.9,2.49,1.24,0,10.17,0,NA,10.17,0,2.082,3.328,3686,0,0.98,0.98
"8479292","WSH",1,40,46,1,2,0,0,0,0,0,6,11,0,0,1.14306734502316,2.30316301435232,0,0,2660,256,336,46.5,1.35,2.71,0,0,0,1,0,0,1.547,3.117,3252,0,0,0
"8482929","TBL",1,11,5,1,1,0,0,0,0,0,0,0,0,0,0.48921238258481,0.191255130339414,0,0,528,0,39,68.8,6.82,6.82,0,NA,0,NA,NA,0,3.336,1.304,567,0,0,0
"8476422","CAR",3,35,14,3,2,0,0,0,0,0,0,1,0,0,2.65710563911125,0.65594425983727,0,0,2107,0,137,71.4,5.13,3.42,0,NA,0,1,NA,0,4.54,1.121,2244,0,0,0
"8480829","CAR",3,26,14,2,2,0,1,0,0,0,0,1,0,0,1.14100438146852,0.533647266332992,2,2,1804,52,17,65,3.99,3.99,2,0,0,1,0,0,2.277,1.065,1873,3.84,3.84,0
"8481611","CAR",2,107,58,4,4,0,0,0,0,0,21,25,5,0,6.42078472534195,2.56279429525602,0,0,5882,486,896,64.8,2.45,2.45,0,0,0,1,37.04,0,3.93,1.569,7264,0,0,0
"8483460","PHI",3,35,35,1,1,0,0,0,0,0,6,0,1,0,1.3552096253261,1.19217890966684,0,0,2500,362,26,50,1.44,1.44,0,0,0,NA,9.94,0,1.952,1.717,2888,0,0,0
"8483808","PIT",2,11,22,1,1,0,0,0,0,0,5,0,1,0,0.396641823928803,0.962230609729886,0,1,1136,242,0,33.3,3.17,3.17,0,0,NA,NA,14.88,NA,1.257,3.049,1378,0,2.61,2.61
"8485414","PIT",4,43,41,3,3,1,2,1,0,0,18,6,1,0,2.05361420661211,1.92610793130007,0,1,3059,444,343,51.2,3.53,3.53,3.53,8.11,0,1,8.11,0,2.417,2.267,3846,0,0.94,0.94
"8482657","UTA",2,76,56,1,3,0,0,0,0,0,16,6,3,1,2.59765332945971,2.72807946335525,0,0,3988,324,239,57.6,0.9,2.71,0,0,0,1,33.33,15.06,2.345,2.463,4551,0,0,0
"8475831","SEA",3,83,125,6,4,0,0,0,0,0,15,25,3,2,4.32662651047576,5.80543493921869,1,1,6772,448,719,39.9,3.19,2.13,0,0,0,1,24.11,10.01,2.3,3.086,7939,0.45,0.45,0
"8479985","SEA",2,22,22,0,1,0,1,0,0,0,0,7,0,1,0.549200401175767,0.721186723560095,0,0,1452,3,318,50,0,2.48,2.48,0,0,1,0,11.32,1.362,1.788,1773,0,0,0
"8480834","EDM",2,17,20,0,0,0,0,0,0,0,0,0,0,0,0.613279681070708,1.02184163569473,0,1,1260,0,44,45.9,0,0,0,NA,0,NA,NA,0,1.752,2.92,1304,0,2.76,2.76
"8482713","SEA",4,38,69,3,2,3,0,0,0,1,7,0,1,0,2.2113904163707,2.43513372994493,1,0,3360,177,72,35.5,3.21,2.14,3.21,0,50,NA,20.34,0,2.369,2.609,3609,1,0,-1
"8483570","SEA",3,17,40,3,1,1,2,0,0,0,0,12,0,2,0.920022323727607,1.5882024182938,1,2,1825,10,155,29.8,5.92,1.97,5.92,0,0,1,0,46.45,1.815,3.133,1990,1.81,3.62,1.81
"8482076","NJD",1,59,34,0,4,0,0,0,0,1,10,11,0,1,2.95034046983346,2.14237284086994,0,0,2857,399,277,63.4,0,5.04,0,0,13,0.9091,0,13,3.718,2.7,3533,0,0,0
"8476278","DAL",2,14,20,0,0,0,0,0,0,0,0,1,0,0,0.700503299478441,1.12689997535199,0,0,1094,18,75,41.2,0,0,0,0,0,1,0,0,2.305,3.708,1187,0,0,0
"8479193","DAL",1,56,47,1,0,0,0,0,0,0,7,5,0,2,1.68084980201093,1.98526707803831,0,0,3152,123,219,54.4,1.14,0,0,0,0,1,0,32.88,1.92,2.267,3494,0,0,0
"8482072","NSH",2,8,10,1,0,0,0,0,1,0,2,0,1,0,0.416649473831057,0.227336435578763,0,1,721,91,15,44.4,4.99,0,0,39.56,0,NA,39.56,0,2.08,1.135,827,0,4.35,4.35
"8482806","NSH",3,26,29,1,1,0,0,0,0,0,0,0,0,0,1.66509553475771,1.32685626018792,0,0,1662,0,4,47.3,2.17,2.17,0,NA,0,NA,NA,0,3.607,2.874,1666,0,0,0
"8480022","BOS",1,38,38,1,1,0,0,0,0,0,10,9,0,2,1.83281211787835,1.37585428718012,0,0,2922,363,177,50,1.23,1.23,0,0,0,1,0,40.68,2.258,1.695,3462,0,0,0
"8476412","STL",1,50,55,1,6,0,0,0,0,0,4,11,0,0,1.64953540527495,3.06684170151129,0,0,2936,204,460,47.6,1.23,7.36,0,0,0,1,0,0,2.023,3.76,3600,0,0,0
"8479346","STL",3,26,26,0,2,0,0,0,0,0,0,15,0,1,0.946257278614211,1.5333657283336,1,0,1681,20,370,50,0,4.28,0,0,0,1,0,9.73,2.026,3.284,2071,1.74,0,-1.74
"8482784","STL",1,11,12,0,2,0,0,0,0,0,0,0,0,0,0.169905276969075,0.850030934438109,2,1,727,5,25,47.8,0,9.9,0,0,0,NA,0,0,0.841,4.209,757,9.51,4.76,-4.75
"8477810","CGY",1,10,20,0,1,0,0,0,0,0,0,1,0,0,0.323418136686087,0.999428742099553,0,0,734,0,205,33.3,0,4.9,0,NA,0,1,NA,0,1.586,4.902,939,0,0,0
"8482445","CGY",2,113,105,3,9,0,0,0,0,0,4,14,1,0,3.84515532461228,4.24884444731288,0,0,5883,325,742,51.8,1.84,5.51,0,0,0,1,11.08,0,2.353,2.6,6950,0,0,0
"8482691","VAN",3,18,28,1,3,0,0,0,0,0,1,7,0,2,0.592170335352421,1.98995157820173,1,1,1446,108,110,39.1,2.49,7.47,0,0,0,1,0,65.45,1.474,4.954,1664,2.16,2.16,0
"8482747","CGY",1,10,12,0,0,0,0,0,0,0,0,0,0,0,0.149699507281184,0.483036779332906,0,0,535,66,0,45.5,0,0,0,0,NA,NA,0,NA,1.007,3.25,601,0,0,0
"8470621","LAK",2,17,10,1,0,0,0,0,0,0,0,0,0,0,0.942525388672948,0.302615666412748,0,0,1102,133,0,63,3.27,0,0,0,NA,NA,0,NA,3.079,0.989,1235,0,0,0
"8476341","LAK",1,55,38,2,3,0,0,0,0,0,6,7,2,1,2.82453272351995,1.23059385901433,0,0,3230,155,222,59.1,2.23,3.34,0,0,0,1,46.45,16.22,3.148,1.372,3607,0,0,0
"8476979","LAK",2,35,17,1,1,0,1,0,0,0,2,0,0,0,1.14723579958081,0.578812201216352,0,1,1638,161,78,67.3,2.2,2.2,2.2,0,0,NA,0,0,2.521,1.272,1877,0,1.92,1.92
"8477971","DET",1,9,2,0,0,0,0,0,0,0,0,0,0,0,0.235042764019454,0.138238429091871,0,1,428,0,7,81.8,0,0,0,NA,0,NA,NA,0,1.977,1.163,435,0,8.28,8.28
"8473419","FLA",2,23,10,0,1,0,0,0,0,0,2,0,0,0,0.810875559109263,0.297490108758211,0,1,1069,204,91,69.7,0,3.37,0,0,0,NA,0,0,2.731,1.002,1364,0,2.64,2.64
"8482118","ANA",2,13,11,1,0,1,0,0,0,0,0,0,0,0,0.774807079229504,0.368710611946881,0,0,1242,7,0,54.2,2.9,0,2.9,0,NA,NA,0,NA,2.246,1.069,1249,0,0,0
"8482866","SEA",2,22,39,4,0,0,0,0,0,0,0,0,0,0,1.58795437589288,2.28709751367569,1,0,1770,0,0,36.1,8.14,0,0,NA,NA,NA,NA,NA,3.23,4.652,1770,2.03,0,-2.03
"8478499","VGK",2,101,70,4,4,0,0,0,0,0,33,6,1,1,5.30912924744189,2.15142621239647,0,0,5768,927,326,59.1,2.5,2.5,0,0,0,1,3.88,11.04,3.314,1.343,7021,0,0,0
"8481719","TBL",2,44,31,0,1,0,0,0,0,0,0,0,0,0,2.43670576345176,1.44909579958767,1,0,2124,31,24,58.7,0,1.69,0,0,0,NA,0,0,4.13,2.456,2179,1.65,0,-1.65
"8484142","PHI",2,11,21,0,0,0,0,0,0,0,2,0,0,0,0.377298595383763,0.445537392981351,0,0,1144,242,57,34.4,0,0,0,0,0,NA,0,0,1.187,1.402,1443,0,0,0
"8480075","OTT",2,12,12,1,0,0,0,0,0,0,0,0,0,0,0.559604150708765,0.400440556346439,0,0,1227,18,60,50,2.93,0,0,0,0,NA,0,0,1.642,1.175,1305,0,0,0
"8481035","OTT",2,58,61,2,4,0,0,0,0,0,9,15,1,1,1.43832683446817,2.43242905908846,0,0,3761,423,367,48.7,1.91,3.83,0,0,0,1,8.51,9.81,1.377,2.328,4551,0,0,0
"8483017","BOS",2,23,36,1,0,0,0,0,1,0,5,5,2,0,1.26839097216725,1.63500828063115,0,1,1882,104,193,39,1.91,0,0,34.62,0,1,69.23,0,2.426,3.128,2179,0,1.65,1.65
"8483505","BOS",2,12,27,3,0,1,1,0,0,0,0,0,0,0,0.931137837469577,1.27701327041723,1,1,1199,44,35,30.8,9.01,0,6.01,0,0,NA,0,0,2.796,3.834,1278,2.82,2.82,0
"8481030","WPG",2,22,26,1,1,0,0,0,0,0,0,0,0,0,1.03168598620687,1.36676128480758,0,1,1682,0,24,45.8,2.14,2.14,0,NA,0,NA,NA,0,2.208,2.925,1706,0,2.11,2.11
"8481043","WPG",3,23,43,0,3,0,0,0,0,0,0,6,0,0,0.782950666383841,2.25109532149509,0,0,1578,62,142,34.8,0,6.84,0,0,0,1,0,0,1.786,5.136,1782,0,0,0
"8483532","WPG",2,91,87,4,6,0,0,0,0,0,9,7,0,0,3.5323364228825,4.49824378742778,0,0,5940,533,309,51.1,2.42,3.64,0,0,0,1,0,0,2.141,2.726,6782,0,0,0
"8483703","PIT",2,96,115,4,5,0,0,0,0,0,5,16,0,0,4.97908015774737,5.45382747170515,0,0,6247,349,464,45.5,2.31,2.88,0,0,0,1,0,0,2.869,3.143,7060,0,0,0
"8480848","SJS",2,15,23,0,2,0,0,0,0,0,0,5,0,0,0.453924030065536,0.998398523777724,0,0,1475,21,115,39.5,0,4.88,0,0,0,1,0,0,1.108,2.437,1611,0,0,0
"8484806","SJS",2,21,32,1,3,0,1,0,0,0,0,2,0,0,0.854431603103876,1.76540837064385,1,0,1697,0,234,39.6,2.12,6.36,2.12,NA,0,1,NA,0,1.813,3.745,1931,1.86,0,-1.86
"8484403","MTL",2,9,19,0,4,0,0,0,0,0,0,0,0,0,0.382960914634168,0.839812744758092,0,0,889,10,0,32.1,0,16.2,0,0,NA,NA,0,NA,1.551,3.401,899,0,0,0
"8477946","DET",2,42,15,2,3,1,0,0,1,0,11,5,2,0,1.74512863880955,0.714978341246024,1,1,1798,227,186,73.7,4,6.01,2,15.86,0,1,31.72,0,3.494,1.432,2211,1.63,1.63,0
"8482092","OTT",2,22,31,1,1,0,1,0,0,0,9,9,1,1,0.730433089658618,1.60611808486283,3,3,1275,320,256,41.5,2.82,2.82,2.82,0,0,1,11.25,14.06,2.062,4.535,1851,5.83,5.83,0
"8482171","DET",2,35,16,3,3,1,1,0,0,0,0,2,0,0,1.56016667693621,0.985016021877527,0,0,1431,16,130,68.6,7.55,7.55,5.03,0,0,1,0,0,3.925,2.478,1577,0,0,0
"8482802","DET",2,29,19,1,1,0,1,0,0,0,0,0,0,0,1.78951101988787,1.02373160608113,0,0,1105,28,8,60.4,3.26,3.26,3.26,0,0,NA,0,0,5.83,3.335,1141,0,0,0
"8480003","NJD",1,11,7,1,1,1,0,0,0,0,0,0,0,0,0.437407010234892,0.940065799397416,0,0,572,6,0,61.1,6.29,6.29,6.29,0,NA,NA,0,NA,2.753,5.916,578,0,0,0
"8473575","NYI",1,35,40,1,2,0,0,0,0,0,11,11,1,1,1.48577095847577,1.49820351792732,0,0,2707,461,227,46.7,1.33,2.66,0,0,0,1,7.81,15.86,1.976,1.992,3395,0,0,0
"8484786","NYR",2,15,10,1,1,0,0,0,0,0,0,2,0,0,0.28363720147172,0.557421535253525,2,0,1141,0,80,60,3.16,3.16,0,NA,0,1,NA,0,0.895,1.759,1221,5.9,0,-5.9
"8479941","BUF",2,18,9,0,0,0,0,0,0,0,0,5,0,0,0.692178866825998,0.591479971073568,0,0,1060,7,134,66.7,0,0,0,0,0,1,0,0,2.351,2.009,1201,0,0,0
"8481551","BUF",1,47,38,2,1,0,0,0,0,0,3,7,0,1,2.57873482583091,1.19078913732665,0,0,3045,186,413,55.3,2.36,1.18,0,0,0,1,0,8.72,3.049,1.408,3644,0,0,0
"8475795","WSH",2,15,11,1,2,0,0,0,0,0,0,0,0,0,1.09570204699412,0.649273460381665,1,0,820,0,20,57.7,4.39,8.78,0,NA,0,NA,NA,0,4.81,2.85,840,4.29,0,-4.29
"8475810","PIT",2,19,34,2,3,2,0,0,0,0,3,9,0,1,1.13715314026922,2.06666247779503,1,0,1597,215,259,35.8,4.51,6.76,4.51,0,0,1,0,13.9,2.563,4.659,2071,1.74,0,-1.74
"8482742","COL",2,32,18,2,2,0,1,0,0,0,0,0,0,0,1.28859327244572,0.883811844512821,0,0,1116,42,0,64,6.45,6.45,3.23,0,NA,NA,0,NA,4.157,2.851,1158,0,0,0
"8477450","EDM",1,8,12,0,0,0,0,0,0,0,0,0,0,0,0.264789936481975,0.201450106163975,0,0,470,0,98,40,0,0,0,NA,0,NA,NA,0,2.028,1.543,568,0,0,0
"8478024","ANA",1,18,3,0,0,0,0,0,0,0,2,3,0,0,0.686446336330846,0.107796624302864,0,0,736,81,84,85.7,0,0,0,0,0,1,0,0,3.358,0.527,901,0,0,0
"8486052","ANA",1,12,6,0,0,0,0,0,0,0,0,0,0,0,0.235969390661921,0.108540852903388,0,0,516,87,0,66.7,0,0,0,0,NA,NA,0,NA,1.646,0.757,603,0,0,0
"8483686","MTL",1,12,7,1,0,0,0,0,0,0,0,1,0,0,0.761066137813032,0.26710114441812,0,0,632,0,64,63.2,5.7,0,0,NA,0,1,NA,0,4.335,1.521,696,0,0,0
"8484170","MTL",1,56,29,1,1,0,0,0,0,0,4,12,0,2,2.87863088806625,0.83364361996064,0,0,2804,249,329,65.9,1.28,1.28,0,0,0,1,0,21.88,3.696,1.07,3382,0,0,0
"8478047","PHI",1,9,8,0,0,0,0,0,0,0,1,0,0,0,0.170390900224447,0.39821282075718,1,0,488,168,0,52.9,0,0,0,0,NA,NA,0,NA,1.257,2.938,656,5.49,0,-5.49
"8484409","OTT",1,8,8,0,0,0,0,0,0,0,0,0,0,0,0.134393211454153,0.178832962177694,0,0,567,16,38,50,0,0,0,0,0,NA,0,0,0.853,1.135,621,0,0,0
"8481477","MIN",1,10,12,0,1,0,0,0,0,0,0,4,0,1,0.392126240767539,0.665887014009058,0,0,518,0,134,45.5,0,6.95,0,NA,0,1,NA,26.87,2.725,4.628,652,0,0,0
"8483710","TBL",1,60,49,2,1,0,0,0,0,0,8,9,1,1,2.71579258795828,2.09207101917127,0,0,2967,316,235,55,2.43,1.21,0,0,0,1,11.39,15.32,3.295,2.538,3518,0,0,0
"8483766","MIN",1,3,10,0,1,0,0,0,0,0,0,2,0,0,0.0387576213106513,0.495544570498168,0,0,372,0,131,23.1,0,9.68,0,NA,0,1,NA,0,0.375,4.796,503,0,0,0
"8483768","VAN",1,10,11,1,0,0,0,0,0,0,0,5,0,2,0.529249886167236,0.967201692052186,0,0,808,0,116,47.6,4.46,0,0,NA,0,1,NA,62.07,2.358,4.309,924,0,0,0
"8476429","NYI",1,6,6,0,0,0,0,0,0,0,0,0,0,0,0.479816291481256,0.355568276718259,1,0,594,14,144,50,0,0,0,0,0,NA,0,0,2.908,2.155,752,4.79,0,-4.79
"8476952","CHI",1,6,7,0,0,0,0,0,0,0,0,0,0,0,0.148608133196831,0.538211555220187,0,0,474,39,0,46.2,0,0,0,0,NA,NA,0,NA,1.129,4.088,513,0,0,0
"8477968","SJS",1,39,47,2,1,0,0,0,0,1,11,2,0,0,1.82748480548616,2.47278600372374,0,0,2911,468,253,45.3,2.47,1.24,0,0,14.23,0.5,0,0,2.26,3.058,3632,0,0,0
"8482111","STL",1,15,6,0,0,0,0,0,0,0,0,3,0,0,0.501176632940769,0.224443723447621,0,0,692,41,113,71.4,0,0,0,0,0,1,0,0,2.607,1.168,846,0,0,0
"8475809","COL",1,58,55,7,3,0,0,0,0,0,2,2,0,0,2.26827538548969,2.30957001913339,0,0,3100,233,153,51.3,8.13,3.48,0,0,0,1,0,0,2.634,2.682,3486,0,0,0
"8484154","CGY",1,7,17,1,2,0,1,0,0,0,0,0,0,0,0.273614814504981,0.47415335685946,0,0,549,0,0,29.2,6.56,13.11,6.56,NA,NA,NA,NA,NA,1.794,3.109,549,0,0,0
"8484234","CGY",1,12,23,1,3,0,0,0,0,0,0,0,0,0,0.662315493449569,0.621945802355185,0,0,712,0,21,34.3,5.06,15.17,0,NA,0,NA,NA,0,3.349,3.145,733,0,0,0
"8481534","VGK",1,8,7,0,1,0,0,0,0,0,0,0,0,0,0.142784371040761,0.402496635448188,0,0,494,0,0,53.3,0,7.29,0,NA,NA,NA,NA,NA,1.041,2.933,494,0,0,0
"8480193","DET",1,33,12,1,0,0,0,0,0,0,0,8,0,1,1.30025402968749,0.466417768038809,0,0,1385,0,155,73.3,2.6,0,0,NA,0,1,NA,23.23,3.38,1.212,1540,0,0,0
"8480326","DET",1,19,13,0,2,0,0,0,0,0,0,0,0,0,1.26324116298929,0.719260146841407,0,0,628,9,32,59.4,0,11.46,0,0,0,NA,0,0,7.242,4.123,669,0,0,0
"8475660","CBJ",1,62,40,2,2,0,0,0,0,0,14,2,0,0,3.08418044768041,2.3081076988019,0,0,3092,373,152,60.8,2.33,2.33,0,0,0,1,0,0,3.591,2.687,3617,0,0,0
"8476923","CBJ",1,35,17,2,1,1,1,0,0,0,0,1,0,0,2.26367413718253,1.34186812490225,0,0,1176,36,84,67.3,6.12,3.06,6.12,0,0,1,0,0,6.93,4.108,1296,0,0,0
"8477938","WPG",1,7,10,0,2,0,0,0,0,0,0,0,0,0,0.192508358508348,0.748922143131495,0,0,645,152,0,41.2,0,11.16,0,0,NA,NA,0,NA,1.074,4.18,797,0,0,0
