season,game_type,player_id,team_abbrev,game_date,dist_all_mi,toi_all_sec,dist_even_mi,toi_even_sec,dist_pp_mi,toi_pp_sec,home
2024,2,8476453,TBL,2024-04-17,3.5128,1435,2.6972,1038,0.8156,397,1
2024,2,8476453,TBL,2024-04-15,3.7442,1440,3.089,1200,0.6552,240,1
2024,2,8476453,TBL,2024-04-13,3.6325,1339,3.4056,1219,0.2269,120,0
2024,2,8476453,TBL,2024-04-11,3.404,1363,2.5846,963,0.8194,400,1
2024,2,8476453,TBL,2024-04-09,2.9352,1107,2.511,927,0.4242,180,1
2024,2,8476453,TBL,2024-04-06,3.6614,1442,2.9115,1080,0.7499,362,0
2024,2,8476453,TBL,2024-04-04,3.2828,1238,2.3204,850,0.9625,388,0
2024,2,8476453,TBL,2024-04-03,2.7335,1044,2.1597,769,0.5683,271,0
2024,2,8476453,TBL,2024-04-01,3.4942,1403,2.7925,1055,0.701,348,1
2024,2,8476453,TBL,2024-03-30,3.4475,1218,3.2548,1105,0.1927,113,1
2024,2,8477492,COL,2024-04-18,2.9832,1059,2.3383,796,0.6449,263,1
2024,2,8477492,COL,2024-04-14,3.3178,1188,3.0193,1068,0.2985,120,0
2024,2,8477492,COL,2024-04-13,3.6757,1272,3.4039,1172,0.2718,100,1
2024,2,8477492,COL,2024-04-09,3.2545,1140,2.5169,823,0.7376,317,1
2024,2,8477492,COL,2024-04-07,3.9022,1497,3.5357,1323,0.3665,174,1
2024,2,8477492,COL,2024-04-05,3.5674,1349,2.8293,1001,0.7089,333,0
2024,2,8477492,COL,2024-04-04,3.4758,1227,3.2537,1131,0.1982,90,0
2024,2,8477492,COL,2024-04-01,4.0653,1582,3.1937,1146,0.8639,431,0
2024,2,8477492,COL,2024-03-30,3.4931,1399,2.3257,884,1.1674,515,1
2024,2,8477492,COL,2024-03-28,4.7335,1673,4.31,1486,0.4235,187,1
2024,2,8478402,EDM,2024-04-17,3.0703,1090,2.5679,900,0.4857,179,0
2024,2,8478402,EDM,2024-04-15,2.7876,945,2.7876,945,NA,NA,1
2024,2,8478402,EDM,2024-04-06,3.5783,1239,2.4097,807,1.1157,414,0
2024,2,8478402,EDM,2024-04-05,3.5958,1211,2.6211,873,0.9747,338,1
2024,2,8478402,EDM,2024-04-03,3.5336,1205,2.5224,852,0.9957,347,0
2024,2,8478402,EDM,2024-04-01,3.6644,1304,3.1415,1139,0.523,165,0
2024,2,8478402,EDM,2024-03-30,2.6816,949,2.0899,735,0.5664,203,1
2024,2,8478402,EDM,2024-03-28,3.7017,1294,3.427,1182,0.2747,112,1
2024,2,8478402,EDM,2024-03-26,3.6629,1238,2.8135,957,0.6481,221,0
2024,2,8478402,EDM,2024-03-24,3.8743,1377,3.3145,1147,0.5598,230,0
2024,2,8478550,NYR,2024-04-15,3.5663,1347,2.8447,1052,0.7216,295,1
2024,2,8478550,NYR,2024-04-13,3.012,1125,2.7947,1005,0.2173,120,1
2024,2,8478550,NYR,2024-04-11,2.6817,1082,2.1806,835,0.5011,247,1
2024,2,8478550,NYR,2024-04-09,3.1303,1299,2.6075,1063,0.5228,236,0
2024,2,8478550,NYR,2024-04-07,3.0295,1191,2.7442,1041,0.2852,150,1
2024,2,8478550,NYR,2024-04-05,2.9304,1155,2.4204,907,0.51,248,0
2024,2,8478550,NYR,2024-04-03,3.4969,1342,2.7814,1064,0.7154,277,1
2024,2,8478550,NYR,2024-04-01,3.5596,1382,2.987,1116,0.5726,266,1
2024,2,8478550,NYR,2024-03-30,2.7805,993,2.7805,993,NA,NA,0
2024,2,8478550,NYR,2024-03-28,3.1729,1229,2.7488,1050,0.4241,179,0
2024,2,8477956,BOS,2024-04-16,2.9582,1078,2.6481,934,0.3101,144,1
2024,2,8477956,BOS,2024-04-15,3.1339,1072,3.1339,1072,NA,NA,0
2024,2,8477956,BOS,2024-04-13,3.0828,1139,2.522,917,0.5609,222,0
2024,2,8477956,BOS,2024-04-09,2.9535,960,2.639,844,0.3146,116,1
2024,2,8477956,BOS,2024-04-06,3.6439,1402,2.5952,963,1.0469,438,1
2024,2,8477956,BOS,2024-04-04,3.1787,1163,2.2388,822,0.9151,332,0
2024,2,8477956,BOS,2024-04-02,2.9627,1158,2.3944,933,0.5683,225,0
2024,2,8477956,BOS,2024-03-30,3.5025,1310,3.0437,1107,0.4428,196,0
2024,2,8477956,BOS,2024-03-27,3.8671,1363,3.3628,1150,0.5043,213,0
2024,2,8477956,BOS,2024-03-26,3.6469,1370,2.9941,1099,0.6528,271,0
2024,2,8479318,TOR,2024-04-17,3.4517,1263,2.6919,966,0.7428,291,0
2024,2,8479318,TOR,2024-04-16,3.1989,1169,2.3101,822,0.8631,335,0
2024,2,8479318,TOR,2024-04-13,3.9202,1439,3.2752,1155,0.6171,270,1
2024,2,8479318,TOR,2024-04-11,3.7903,1316,3.2855,1111,0.5048,205,1
2024,2,8479318,TOR,2024-04-09,3.4008,1152,2.6269,846,0.7739,306,0
2024,2,8479318,TOR,2024-04-08,3.5419,1149,3.3377,1088,0.2042,61,1
2024,2,8479318,TOR,2024-04-06,3.1849,1149,3.0292,1079,0.1557,70,0
2024,2,8479318,TOR,2024-04-03,3.6029,1301,2.6971,948,0.7293,287,1
2024,2,8479318,TOR,2024-04-01,3.2128,1116,2.5464,864,0.6258,234,1
2024,2,8479318,TOR,2024-03-30,2.7599,981,1.9346,681,0.6916,257,0
2024,2,8477934,EDM,2024-04-17,2.8871000000000002,1160,2.5184,980,0.3398,169,0
2024,2,8477934,EDM,2024-04-15,2.4355,936,2.4355,936,NA,NA,1
2024,2,8477934,EDM,2024-04-13,3.4596,1337,3.0404,1145,0.4193,192,1
2024,2,8477934,EDM,2024-04-12,3.2887,1253,3.0269,1152,0.2618,101,1
2024,2,8477934,EDM,2024-04-10,3.0912,1151,2.5363,926,0.5549,225,1
2024,2,8477934,EDM,2024-04-06,3.1812,1357,2.4398,929,0.7286,415,0
2024,2,8477934,EDM,2024-04-05,3.0219,1186,2.2775,862,0.7444,324,1
2024,2,8477934,EDM,2024-04-03,2.8091,1145,2.1043,790,0.7014,351,0
2024,2,8477934,EDM,2024-04-01,3.3234,1241,2.9387,1073,0.3705,157,0
2024,2,8477934,EDM,2024-03-30,2.6713,1081,2.2465,873,0.4155,198,1
2024,2,8478420,COL,2024-04-18,2.8912,1155,2.3546,884,0.5366,271,1
2024,2,8478420,COL,2024-04-14,3.0855,1217,2.8713,1097,0.2142,120,0
2024,2,8478420,COL,2024-04-13,2.4856,971,2.3069,866,0.1787,105,1
2024,2,8478420,COL,2024-04-05,1.2511,555,1.0842,431,0.157,119,0
2024,2,8478420,COL,2024-04-04,3.2005,1254,3.0063,1138,0.1439,90,0
2024,2,8478420,COL,2024-04-01,3.8695,1684,3.2119,1247,0.6576,437,0
2024,2,8478420,COL,2024-03-30,3.0595,1359,2.076,834,0.9834,525,1
2024,2,8478420,COL,2024-03-28,4.276,1661,3.9121,1470,0.3639,191,1
2024,2,8478420,COL,2024-03-26,3.6951,1548,3.1686,1260,0.5087,282,1
2024,2,8478420,COL,2024-03-24,3.575,1437,3.0799,1241,0.4951,196,1
2024,2,8476468,VAN,2024-04-16,2.7384,1034,2.377,853,0.15,153,1
2024,2,8476468,VAN,2024-04-13,2.5941,1056,2.1865,826,0.3132,195,0
2024,2,8476468,VAN,2024-04-10,2.9173,1235,2.4319,955,0.4761,275,1
2024,2,8476468,VAN,2024-04-08,2.923,1202,2.3966,895,0.392,246,1
2024,2,8476468,VAN,2024-04-06,2.672,1094,2.1119,772,0.501,295,0
2024,2,8476468,VAN,2024-04-03,2.6102,1078,2.1626,828,0.3555,204,0
2024,2,8476468,VAN,2024-04-02,2.6277,1162,1.8663,705,0.3324,230,0
2024,2,8476468,VAN,2024-03-31,2.5719,1140,1.7921,723,0.5645,312,1
2024,2,8476468,VAN,2024-03-28,3.049,1236,2.2188,827,0.5478,283,1
2024,2,8476468,VAN,2024-03-25,3.1563,1260,3.0013,1163,0.1549,97,1
2024,2,8477939,TOR,2024-04-17,2.6663,1049,2.1493,771,0.5171,278,0
2024,2,8477939,TOR,2024-04-16,2.6413,1035,1.9542,727,0.6871,308,0
2024,2,8477939,TOR,2024-04-13,3.3269,1297,2.6442,958,0.5299,265,1
2024,2,8477939,TOR,2024-04-11,3.5594,1345,2.9043,1057,0.4738,207,1
2024,2,8477939,TOR,2024-04-09,3.0677,1173,2.2924,816,0.687,306,0
2024,2,8477939,TOR,2024-04-08,2.7326,990,2.3603,850,0.1657,61,1
2024,2,8477939,TOR,2024-04-06,3.2843,1234,3.0804,1162,0.1906,72,0
2024,2,8477939,TOR,2024-04-03,3.2694,1264,2.4757,907,0.617,289,1
2024,2,8477939,TOR,2024-04-01,2.8527,1210,2.2116,890,0.4226,230,1
2024,2,8477939,TOR,2024-03-30,2.827,1089,1.7939,637,0.5902,242,0
2024,2,8478864,MIN,2024-04-18,3.7594,1384,3.0589,1085,0.7005,299,1
2024,2,8478864,MIN,2024-04-15,3.9782,1465,3.4968,1270,0.4814,195,0
2024,2,8478864,MIN,2024-04-13,3.8781,1465,3.6439,1371,0.2342,94,0
2024,2,8478864,MIN,2024-04-12,3.0741,1163,2.6691,1011,0.405,152,0
2024,2,8478864,MIN,2024-04-09,4.1542,1545,3.1684,1131,0.9858,414,0
2024,2,8478864,MIN,2024-04-07,3.7116,1441,3.4318,1308,0.2798,133,0
2024,2,8478864,MIN,2024-04-06,3.6911,1457,2.9825,1116,0.7086,341,1
2024,2,8478864,MIN,2024-04-04,3.7353,1485,3.162,1158,0.5733,327,1
2024,2,8478864,MIN,2024-04-02,3.5557,1383,2.8434,1071,0.7122,312,1
2024,2,8478864,MIN,2024-03-30,3.8006,1360,3.2418,1145,0.5588,215,1
2024,2,8471675,PIT,2024-04-17,3.094,1187,2.8614,1056,0.2326,131,0
2024,2,8471675,PIT,2024-04-15,3.0855,1253,2.3832,911,0.6985,340,1
2024,2,8471675,PIT,2024-04-13,3.2131,1188,2.9571,1072,0.2213,104,1
2024,2,8471675,PIT,2024-04-11,3.2509,1175,2.9676,1049,0.2795,122,1
2024,2,8471675,PIT,2024-04-08,3.2577,1275,2.4991,911,0.7586,364,0
2024,2,8471675,PIT,2024-04-06,3.1349,1113,2.7393,943,0.3856,160,1
2024,2,8471675,PIT,2024-04-04,3.3747,1130,3.0699,1002,0.3035,127,0
2024,2,8471675,PIT,2024-04-02,2.6747,969,2.3392,822,0.3355,147,0
2024,2,8471675,PIT,2024-04-01,3.2343,1179,2.8071,983,0.3952,182,0
2024,2,8471675,PIT,2024-03-30,3.9447,1351,3.6715,1234,0.2732,117,0
2024,2,8476887,NSH,2024-04-15,3.2491,1165,3.0526,1069,0.1965,96,0
2024,2,8476887,NSH,2024-04-13,2.6717,942,2.5688,878,0.0868,61,1
2024,2,8476887,NSH,2024-04-12,2.4466,890,2.147,731,0.2866,154,0
2024,2,8476887,NSH,2024-04-09,3.5009,1406,2.9071,1058,0.5938,348,1
2024,2,8476887,NSH,2024-04-07,3.4574,1263,3.0674,1052,0.3899,211,0
2024,2,8476887,NSH,2024-04-06,3.1157,1246,2.6449,994,0.4707,252,0
2024,2,8476887,NSH,2024-04-04,3.2866,1254,2.8857,1085,0.3137,169,1
2024,2,8476887,NSH,2024-04-02,2.9778,1127,2.4267,856,0.5511,271,1
2024,2,8476887,NSH,2024-03-30,3.004,1167,2.3088,853,0.6952,314,0
2024,2,8476887,NSH,2024-03-28,2.8259,1086,2.6251,973,0.2007,113,0
2024,2,8477933,FLA,2024-04-16,3.5664,1299,1.9861,722,1.2418,452,1
2024,2,8477933,FLA,2024-04-13,3.3811,1289,2.238,808,1.0424,443,1
2024,2,8477933,FLA,2024-04-11,3.1591,1142,2.4933,886,0.4667,180,1
2024,2,8477933,FLA,2024-04-09,3.5765,1338,2.1585,788,0.9731,390,1
2024,2,8477933,FLA,2024-04-06,3.5491,1325,2.3441,854,0.6611,277,0
2024,2,8477933,FLA,2024-04-04,2.6351,942,1.969,684,0.2453,104,0
2024,2,8477933,FLA,2024-04-02,2.9701,1168,1.9919,776,0.6839,266,0
2024,2,8477933,FLA,2024-04-01,3.6146,1360,2.3571,893,0.9109,325,0
2024,2,8477933,FLA,2024-03-30,3.4818,1326,2.6836,966,0.1254,87,1
2024,2,8477933,FLA,2024-03-28,3.0717,1153,2.3241,866,0.2557,120,1
2024,2,8480800,VAN,2024-04-18,3.5592,1358,2.9689,1101,0.5844,253,0
2024,2,8480800,VAN,2024-04-16,3.7878,1482,3.3825,1326,0.1857,153,1
2024,2,8480800,VAN,2024-04-13,3.2796,1315,2.7965,1110,0.4739,195,0
2024,2,8480800,VAN,2024-04-10,3.9219,1663,3.1873,1330,0.6928,311,1
2024,2,8480800,VAN,2024-04-08,3.3854,1339,2.8077,1093,0.5776,246,1
2024,2,8480800,VAN,2024-04-06,3.9471,1536,3.2255,1230,0.7216,306,0
2024,2,8480800,VAN,2024-04-03,3.7188,1494,3.0669,1227,0.6519,267,0
2024,2,8480800,VAN,2024-04-02,3.5456,1462,2.9598,1195,0.5044,238,0
2024,2,8480800,VAN,2024-03-31,3.456,1366,2.6555,1030,0.7845,328,1
2024,2,8480800,VAN,2024-03-28,3.7262,1542,3.0133,1225,0.7129,317,1
2024,2,8478010,TBL,2024-04-17,3.0028,1169,2.1156,785,0.8872,384,1
2024,2,8478010,TBL,2024-04-15,3.9538,1391,3.4126,1209,0.5412,182,1
2024,2,8478010,TBL,2024-04-13,3.3272,1200,3.1769,1145,0.1504,55,0
2024,2,8478010,TBL,2024-04-11,3.6006,1290,2.8599,980,0.7407,310,1
2024,2,8478010,TBL,2024-04-09,2.704,1008,2.2982,828,0.4058,180,1
2024,2,8478010,TBL,2024-04-06,3.5772,1369,2.8129,1007,0.7642,362,0
2024,2,8478010,TBL,2024-04-04,3.1598,1180,2.2355,791,0.9243,389,0
2024,2,8478010,TBL,2024-04-03,2.7017,950,1.9516,670,0.7437,276,0
2024,2,8478010,TBL,2024-04-01,3.2048,1266,2.595,975,0.6098,291,1
2024,2,8478010,TBL,2024-03-30,3.1858,1113,2.967,1028,0.2188,85,1
2024,2,8480069,COL,2024-04-18,3.1826,1260,2.4743,996,0.7083,264,1
2024,2,8480069,COL,2024-04-14,3.374,1480,2.8215,1190,0.27,109,0
2024,2,8480069,COL,2024-04-13,3.9464,1529,3.6638,1394,0.2153,85,1
2024,2,8480069,COL,2024-04-09,3.1481,1333,2.1633,872,0.6007,248,1
2024,2,8480069,COL,2024-04-07,3.7958,1569,3.3286,1332,0.3322,173,1
2024,2,8480069,COL,2024-04-05,3.0649,1292,2.2016,899,0.5587,232,0
2024,2,8480069,COL,2024-04-04,3.1029,1400,2.6278,1154,0.2003,90,0
2024,2,8480069,COL,2024-04-01,3.6789,1540,2.5325,1007,0.9418,429,0
2024,2,8480069,COL,2024-03-30,3.1383,1302,2.1691,893,0.9098,382,1
2024,2,8480069,COL,2024-03-28,3.9103,1602,3.3745,1334,0.3603,169,1
2024,2,8478427,CAR,2024-04-14,3.1632,1146,2.5491,897,0.2363,111,0
2024,2,8478427,CAR,2024-04-12,3.3381,1203,2.8218,1005,0.3041,109,0
2024,2,8478427,CAR,2024-04-09,3.4558,1177,2.5869,863,0.4817,158,0
2024,2,8478427,CAR,2024-04-07,2.8743,1106,2.4216,903,0.3056,140,1
2024,2,8478427,CAR,2024-04-05,3.5402,1305,2.7256,980,0.3813,163,1
2024,2,8478427,CAR,2024-04-04,3.0957,1151,2.3814,828,0.3098,166,1
2024,2,8478427,CAR,2024-03-30,3.1056,1128,2.5715,894,0.244,125,0
2024,2,8478427,CAR,2024-03-28,2.7255,981,2.1788,777,0.2992,120,1
2024,2,8478427,CAR,2024-03-26,3.7104,1334,3.1094,1118,0.4075,146,0
2024,2,8478427,CAR,2024-03-24,3.6341,1340,2.6494,928,0.5301,233,1
2024,2,8480012,VAN,2024-04-18,2.7925,1102,2.3143,907,0.4782,195,0
2024,2,8480012,VAN,2024-04-16,2.6838,980,2.2195,776,0.1493,153,1
2024,2,8480012,VAN,2024-04-13,2.7673,1053,2.2674,831,0.3668,158,0
2024,2,8480012,VAN,2024-04-10,2.8602,1209,2.1341,863,0.5634,276,1
2024,2,8480012,VAN,2024-04-08,2.9414,1209,2.3644,939,0.5373,246,1
2024,2,8480012,VAN,2024-04-06,3.1863,1265,2.5346,965,0.6516,300,0
2024,2,8480012,VAN,2024-04-03,3.3352,1357,2.6358,1040,0.5248,224,0
2024,2,8480012,VAN,2024-04-02,2.8978,1125,2.2057,800,0.4558,236,0
2024,2,8480012,VAN,2024-03-31,3.0412,1209,2.0219,804,0.6949,287,1
2024,2,8480012,VAN,2024-03-28,3.0849,1295,2.2412,875,0.5994,297,1
2024,2,8479314,FLA,2024-04-16,2.5626,1107,1.7183,649,0.7491,404,1
2024,2,8479314,FLA,2024-04-13,3.0348,1328,2.2481,880,0.7867,448,1
2024,2,8479314,FLA,2024-04-11,2.5934,1037,2.2056,850,0.3878,187,1
2024,2,8479314,FLA,2024-04-09,2.7744,1152,2.1298,789,0.6237,351,1
2024,2,8479314,FLA,2024-04-06,2.6013,1125,1.8774,744,0.5732,324,0
2024,2,8479314,FLA,2024-04-04,1.8429,776,1.6567,664,0.1716,100,0
2024,2,8479314,FLA,2024-04-01,2.461,1172,1.7083,743,0.6804,393,0
2024,2,8479314,FLA,2024-03-30,2.4149,997,2.2905,893,0.1012,87,1
2024,2,8479314,FLA,2024-03-28,2.395,1036,2.0543,854,0.175,120,1
2024,2,8479314,FLA,2024-03-26,2.7704,1162,2.362,955,0.3511,180,1
2024,2,8480023,STL,2024-04-17,3.1367,1183,2.7396,983,0.1865,82,0
2024,2,8480023,STL,2024-04-14,3.1386,1280,2.6835,1041,0.1419,95,1
2024,2,8480023,STL,2024-04-12,3.0677,1115,2.7104,987,0.3573,128,1
2024,2,8480023,STL,2024-04-10,2.505,950,1.9589,710,0.2696,124,1
2024,2,8480023,STL,2024-04-07,3.3166,1239,2.6624,934,0.3328,157,0
2024,2,8480023,STL,2024-04-06,3.4976,1401,2.1804,814,0.9601,415,0
2024,2,8480023,STL,2024-04-04,3.4662,1430,2.2281,909,0.9702,376,0
2024,2,8480023,STL,2024-04-01,4.1253,1539,3.0867,1118,0.799,324,1
2024,2,8480023,STL,2024-03-30,3.0867,1206,2.409,926,0.3454,133,1
2024,2,8480023,STL,2024-03-28,3.1454,1189,2.3459,891,0.5164,184,1
2024,2,8474600,NSH,2024-04-15,3.8809,1571,3.5671,1458,0.2855,97,0
2024,2,8474600,NSH,2024-04-13,2.9112,1175,2.5904,1051,0.3207,124,1
2024,2,8474600,NSH,2024-04-12,2.9031,1161,2.5162,989,0.3777,165,0
2024,2,8474600,NSH,2024-04-09,3.7615,1542,3.0114,1194,0.7214,339,1
2024,2,8474600,NSH,2024-04-07,4.2797,1709,3.7119,1473,0.5626,233,0
2024,2,8474600,NSH,2024-04-06,4.0402,1670,3.4124,1360,0.5712,282,0
2024,2,8474600,NSH,2024-04-04,3.5298,1524,3.0008,1314,0.3743,186,1
2024,2,8474600,NSH,2024-04-02,3.6411,1565,2.6428,1193,0.9253,336,1
2024,2,8474600,NSH,2024-03-30,4.0574,1785,2.8132,1246,0.9573,363,0
2024,2,8474600,NSH,2024-03-28,3.6778,1475,3.3474,1337,0.2805,113,0
2024,2,8478483,TOR,2024-04-17,3.0468,1185,2.296,900,0.7508,285,0
2024,2,8478483,TOR,2024-04-16,3.4543,1351,2.0792,767,0.685,301,0
2024,2,8478483,TOR,2024-04-13,3.4042,1315,2.5041,938,0.5941,265,1
2024,2,8478483,TOR,2024-04-11,3.657,1420,2.7657,1054,0.4604,204,1
2024,2,8478483,TOR,2024-04-09,3.2762,1300,2.4393,913,0.6897,306,0
2024,2,8478483,TOR,2024-04-08,3.0462,1129,2.1941,809,0.1794,61,1
2024,2,8478483,TOR,2024-04-06,2.859,1040,2.7022,970,0.1569,70,0
2024,2,8478483,TOR,2024-03-07,3.1091,1251,2.0728,773,0.6554,280,0
2024,2,8478483,TOR,2024-03-06,3.8733,1415,3.4751,1273,0.1797,70,1
2024,2,8478483,TOR,2024-03-04,3.2629,1274,2.196,807,0.847,369,1
2024,2,8479407,NJD,2024-04-15,3.405,1239,2.7553,969,0.6496,270,1
2024,2,8479407,NJD,2024-04-13,3.938,1416,3.5311,1265,0.1929,61,0
2024,2,8479407,NJD,2024-04-11,3.5056,1291,2.6242,949,0.6312,247,0
2024,2,8479407,NJD,2024-04-09,3.1659,1157,2.4649,847,0.2645,132,1
2024,2,8479407,NJD,2024-04-07,3.3712,1235,2.6768,959,0.4437,194,1
2024,2,8479407,NJD,2024-04-06,3.1691,1175,2.5699,959,0.4178,143,0
2024,2,8479407,NJD,2024-04-03,3.8532,1401,2.8302,1031,0.6746,264,0
2024,2,8479407,NJD,2024-04-02,3.1957,1150,2.3382,828,0.6431,248,1
2024,2,8479407,NJD,2024-03-29,2.7612,1093,2.2099,861,0.5513,232,0
2024,2,8479407,NJD,2024-03-26,3.1319,1159,2.5139,888,0.3435,172,0
2024,2,8480803,EDM,2024-04-17,3.1843,1329,2.707,1134,0.4517,184,0
2024,2,8480803,EDM,2024-04-15,2.6814,1122,2.6814,1122,NA,NA,1
2024,2,8480803,EDM,2024-04-13,3.5402,1540,3.1059,1348,0.4343,192,1
2024,2,8480803,EDM,2024-04-12,3.3161,1339,3.0798,1238,0.2364,101,1
2024,2,8480803,EDM,2024-04-10,3.1104,1271,2.5706,1079,0.5398,192,1
2024,2,8480803,EDM,2024-04-06,3.3614,1429,2.327,998,0.997,415,0
2024,2,8480803,EDM,2024-04-05,2.9999,1224,2.1123,897,0.8876,327,1
2024,2,8480803,EDM,2024-04-03,3.5371,1438,2.7114,1078,0.814,355,0
2024,2,8480803,EDM,2024-04-01,3.2382,1301,2.8106,1150,0.4276,151,0
2024,2,8480803,EDM,2024-03-30,3.4982,1460,3.0089,1249,0.4682,201,1
2024,2,8474564,TBL,2024-04-17,2.6274,1140,2.0562,749,0.5674,388,1
2024,2,8474564,TBL,2024-04-15,2.9194,1138,2.5164,929,0.4031,209,1
2024,2,8474564,TBL,2024-04-13,2.8199,1104,2.6249,984,0.1949,120,0
2024,2,8474564,TBL,2024-04-11,3.0726,1220,2.4201,875,0.6524,345,1
2024,2,8474564,TBL,2024-04-09,2.4708,980,2.2274,800,0.2435,180,1
2024,2,8474564,TBL,2024-04-06,2.2902,1020,1.7703,658,0.5199,362,0
2024,2,8474564,TBL,2024-04-04,2.4479,1028,1.9389,710,0.509,318,0
2024,2,8474564,TBL,2024-04-03,2.2855,998,1.8238,728,0.4618,270,0
2024,2,8474564,TBL,2024-04-01,2.5319,1097,2.1136,808,0.4183,289,1
2024,2,8474564,TBL,2024-03-30,2.4779,956,2.3208,872,0.1571,84,1
2024,2,8477493,FLA,2024-04-16,3.1701,1234,1.7967,682,1.1585,442,1
2024,2,8477493,FLA,2024-04-13,3.6562,1333,2.5325,853,1.0313,443,1
2024,2,8477493,FLA,2024-04-11,2.8627,1042,2.2373,811,0.4297,167,1
2024,2,8477493,FLA,2024-04-09,3.3019,1228,2.0784,756,0.8609,328,1
2024,2,8477493,FLA,2024-04-06,3.3201,1239,2.385,860,0.5339,222,0
2024,2,8477493,FLA,2024-04-04,2.606,945,2.0178,695,0.2486,104,0
2024,2,8477493,FLA,2024-04-02,3.1593,1244,2.0453,764,0.6509,266,0
2024,2,8477493,FLA,2024-04-01,3.365,1303,2.2007,880,0.9015,317,0
2024,2,8477493,FLA,2024-03-30,3.5263,1327,2.9409,1019,0.124,87,1
2024,2,8477493,FLA,2024-03-28,3.0622,1148,2.2326,817,0.2694,120,1
2024,2,8478445,NYI,2024-04-15,2.9459,1050,2.7966,964,0.1494,86,0
2024,2,8478445,NYI,2024-04-13,4.1419,1542,3.2151,1180,0.9267,362,0
2024,2,8478445,NYI,2024-04-11,4.1693,1547,3.3651,1250,0.8042,297,1
2024,2,8478445,NYI,2024-04-09,3.2681,1246,2.9185,1098,0.3496,148,1
2024,2,8478445,NYI,2024-04-06,3.0585,1077,2.8566,1003,0.2018,74,1
2024,2,8478445,NYI,2024-04-04,3.361,1216,2.9112,985,0.4498,231,0
2024,2,8478445,NYI,2024-04-02,3.4661,1251,3.1632,1143,0.3029,108,1
2024,2,8478445,NYI,2024-04-01,3.348,1185,3.0188,1066,0.3292,119,0
2024,2,8478445,NYI,2024-03-30,3.2922,1140,3.2771,1140,NA,NA,0
2024,2,8478445,NYI,2024-03-28,2.8446,1048,1.9878,714,0.8568,334,0
2024,2,8480027,DAL,2024-04-17,3.3566,1226,2.8607,1023,0.4959,203,1
2024,2,8480027,DAL,2024-04-13,2.8017,1035,2.4499,887,0.3517,148,1
2024,2,8480027,DAL,2024-04-11,3.1002,1171,2.9062,1068,0.194,103,1
2024,2,8480027,DAL,2024-04-09,2.2487,885,2.0118,780,0.2369,105,1
2024,2,8480027,DAL,2024-04-07,2.9465,1115,2.6997,993,0.2468,122,0
2024,2,8480027,DAL,2024-04-06,3.3713,1317,2.951,1089,0.4203,228,0
2024,2,8480027,DAL,2024-04-03,2.5635,977,1.9531,718,0.6104,259,1
2024,2,8480027,DAL,2024-03-30,2.9644,1094,2.5255,910,0.4389,184,0
2024,2,8480027,DAL,2024-03-28,2.4845,1016,1.8502,691,0.6342,325,0
2024,2,8480027,DAL,2024-03-26,2.7345,1009,2.1693,773,0.5211,236,0
2024,2,8475786,EDM,2024-04-17,2.3228,1064,2.0645,903,0.2582,161,0
2024,2,8475786,EDM,2024-04-15,2.4475,952,2.4475,952,NA,NA,1
2024,2,8475786,EDM,2024-04-13,2.8372,1211,2.624,1039,0.2132,172,1
2024,2,8475786,EDM,2024-04-12,3.0342,1225,2.8479,1124,0.1863,101,1
2024,2,8475786,EDM,2024-04-10,2.6915,1143,2.3204,918,0.3711,225,1
2024,2,8475786,EDM,2024-04-06,2.3458,1055,1.8563,697,0.4895,358,0
2024,2,8475786,EDM,2024-04-05,2.7268,1197,2.223,865,0.5038,332,1
2024,2,8475786,EDM,2024-04-03,2.5863,1220,2.1002,868,0.4861,352,0
2024,2,8475786,EDM,2024-04-01,2.9368,1239,2.6144,1067,0.2819,159,0
2024,2,8475786,EDM,2024-03-30,2.1148,916,1.8381,719,0.2767,197,1
2024,2,8476389,NYR,2024-04-15,3.7156,1369,2.963,1044,0.5705,243,1
2024,2,8476389,NYR,2024-04-13,3.9095,1473,2.9404,1070,0.2557,120,1
2024,2,8476389,NYR,2024-04-11,3.2263,1252,2.3069,869,0.5635,242,1
2024,2,8476389,NYR,2024-04-09,3.4827,1443,2.7623,1067,0.4516,234,0
2024,2,8476389,NYR,2024-04-07,2.8766,1128,2.4644,917,0.2799,152,1
2024,2,8476389,NYR,2024-04-05,2.8279,1109,2.1105,745,0.477,248,0
2024,2,8476389,NYR,2024-04-03,4.1027,1571,3.052,1160,0.6528,266,1
2024,2,8476389,NYR,2024-04-01,3.6792,1390,2.7646,1011,0.5778,262,1
2024,2,8476389,NYR,2024-03-30,3.2483,1206,2.9869,1094,NA,NA,0
2024,2,8476389,NYR,2024-03-28,3.2158,1214,2.6042,942,0.4044,179,0
2024,2,8477404,"PIT,CAR",2024-04-14,2.7244,966,2.4847,855,0.2397,111,0
2024,2,8477404,"PIT,CAR",2024-04-12,3.0741,1080,2.8002,970,0.2739,110,0
2024,2,8477404,"PIT,CAR",2024-04-09,3.083,1039,2.7383,894,0.3447,145,0
2024,2,8477404,"PIT,CAR",2024-04-07,2.6928,1030,2.3628,849,0.33,181,1
2024,2,8477404,"PIT,CAR",2024-04-05,3.0101,1067,2.6916,907,0.3185,160,1
2024,2,8477404,"PIT,CAR",2024-04-04,2.6953,979,2.4164,837,0.279,142,1
2024,2,8477404,"PIT,CAR",2024-03-30,2.8448,1000,2.6159,874,0.2289,126,0
2024,2,8477404,"PIT,CAR",2024-03-28,2.5217,890,2.2763,758,0.2453,132,1
2024,2,8477404,"PIT,CAR",2024-03-26,3.6212,1266,3.2353,1121,0.3859,145,0
2024,2,8477404,"PIT,CAR",2024-03-24,2.9549,1049,2.4672,808,0.4877,241,1
2024,2,8480018,MTL,2024-04-16,4.0799,1509,3.4482,1249,0.6317,260,1
2024,2,8480018,MTL,2024-04-15,3.4364,1230,3.4272,1224,NA,NA,0
2024,2,8480018,MTL,2024-04-13,3.4453,1277,2.5295,923,0.6025,240,0
2024,2,8480018,MTL,2024-04-11,3.2806,1153,3.0515,1076,NA,NA,0
2024,2,8480018,MTL,2024-04-09,2.8519,1034,2.7864,1016,NA,NA,1
2024,2,8480018,MTL,2024-04-07,3.129,1146,2.6915,999,0.3539,113,0
2024,2,8480018,MTL,2024-04-06,3.2862,1238,3.1424,1173,0.0319,12,1
2024,2,8480018,MTL,2024-04-04,4.009,1500,2.8591,1025,0.868,354,1
2024,2,8480018,MTL,2024-04-02,3.4455,1324,2.0373,775,1.27,508,1
2024,2,8480018,MTL,2024-03-30,3.685,1317,3.0757,1082,0.6094,235,1
2024,2,8475167,TBL,2024-04-15,3.7545,1575,3.1429,1300,0.4649,179,1
2024,2,8475167,TBL,2024-04-13,3.5923,1495,3.1067,1272,0.2881,120,0
2024,2,8475167,TBL,2024-04-11,3.4177,1401,2.5292,950,0.5377,227,1
2024,2,8475167,TBL,2024-04-09,3.4532,1421,2.8674,1138,0.3911,180,1
2024,2,8475167,TBL,2024-04-06,3.3514,1428,2.4021,973,0.7497,362,0
2024,2,8475167,TBL,2024-04-04,3.8707,1632,2.4514,973,0.8566,389,0
2024,2,8475167,TBL,2024-04-03,3.3654,1479,2.291,965,0.6047,260,0
2024,2,8475167,TBL,2024-04-01,3.6422,1605,2.8044,1199,0.6279,263,1
2024,2,8475167,TBL,2024-03-30,3.4808,1380,3.2566,1295,0.2242,85,1
2024,2,8475167,TBL,2024-03-27,3.845,1549,3.4103,1361,0.2134,82,1
2024,2,8479343,ARI,2024-04-17,2.8041,1151,2.5138,1004,0.2903,147,1
2024,2,8479343,ARI,2024-04-14,3.1758,1301,2.7651,1114,0.4107,187,0
2024,2,8479343,ARI,2024-04-12,3.3049,1272,2.9431,1119,0.3618,153,0
2024,2,8479343,ARI,2024-04-10,3.7952,1565,2.7155,1100,1.0797,465,0
2024,2,8479343,ARI,2024-04-09,2.7181,1077,2.5614,994,0.1469,77,0
2024,2,8479343,ARI,2024-04-07,2.5165,984,2.236,837,0.2805,147,0
2024,2,8479343,ARI,2024-04-05,2.2429,868,2.0607,800,0.1822,68,1
2024,2,8479343,ARI,2024-04-03,3.0777,1179,2.5691,956,0.4883,213,1
2024,2,8479343,ARI,2024-03-30,3.5301,1400,2.9432,1150,0.5869,250,1
2024,2,8479343,ARI,2024-03-28,2.8953,1175,2.4783,962,0.417,213,1
2024,2,8474679,NSH,2024-04-15,2.9742,1135,2.7483,1043,0.2259,91,0
2024,2,8474679,NSH,2024-04-13,2.1914,839,2.098,778,0.0934,61,1
2024,2,8474679,NSH,2024-04-09,3.0374,1215,2.375,868,0.6624,347,1
2024,2,8474679,NSH,2024-04-07,3.0378,1147,2.7683,987,0.2695,159,0
2024,2,8474679,NSH,2024-04-06,3.0969,1221,2.6509,989,0.4332,227,0
2024,2,8474679,NSH,2024-04-04,3.1056,1175,2.5995,977,0.4303,198,1
2024,2,8474679,NSH,2024-04-02,3.3895,1271,2.6036,975,0.7859,296,1
2024,2,8474679,NSH,2024-03-30,2.8495,1153,2.1261,848,0.7234,305,0
2024,2,8474679,NSH,2024-03-28,2.7551,1054,2.5382,941,0.2169,113,0
2024,2,8474679,NSH,2024-03-26,2.4202,938,2.1346,789,0.2855,149,1
2024,2,8475172,CGY,2024-04-18,3.2498,1165,3.1478,1096,0.1019,69,1
2024,2,8475172,CGY,2024-04-16,3.2927,1112,2.7603,926,0.4923,170,0
2024,2,8475172,CGY,2024-04-14,2.9591,1104,2.4925,866,0.4471,230,1
2024,2,8475172,CGY,2024-04-12,2.8165,1063,2.3259,860,0.4906,203,0
2024,2,8475172,CGY,2024-04-11,3.0326,1039,2.8344,964,0.1982,75,0
2024,2,8475172,CGY,2024-04-09,3.0583,1097,2.6345,903,0.3748,179,0
2024,2,8475172,CGY,2024-04-06,3.2248,1122,2.4756,819,0.7218,292,1
2024,2,8475172,CGY,2024-04-04,3.1654,1114,2.8058,958,0.2313,107,0
2024,2,8475172,CGY,2024-04-02,3.0741,1084,2.9686,1016,0.1055,68,1
2024,2,8475172,CGY,2024-03-30,3.1285,1169,2.4314,921,0.6303,248,1
2024,2,8475184,NYR,2024-04-15,2.659,1089,1.9609,779,0.5453,257,1
2024,2,8475184,NYR,2024-04-13,2.9868,1165,2.2486,855,0.2039,120,1
2024,2,8475184,NYR,2024-04-11,2.4232,1005,1.7225,642,0.4098,244,1
2024,2,8475184,NYR,2024-04-09,2.1887,994,1.5535,687,0.4595,242,0
2024,2,8475184,NYR,2024-04-07,2.3074,1023,1.9238,819,0.2219,155,1
2024,2,8475184,NYR,2024-04-05,2.2857,1016,1.735,694,0.3893,247,0
2024,2,8475184,NYR,2024-04-03,2.8609,1111,1.993,745,0.6434,269,1
2024,2,8475184,NYR,2024-04-01,3.0563,1276,2.276,904,0.478,259,1
2024,2,8475184,NYR,2024-03-30,2.6899,1026,2.3177,871,NA,NA,0
2024,2,8475184,NYR,2024-03-28,3.016,1214,2.4411,904,0.3096,179,0
2024,2,8477960,LAK,2024-04-18,3.1756,1151,2.802,1005,0.3174,126,1
2024,2,8477960,LAK,2024-04-15,3.0165,1129,2.0965,791,0.6971,252,1
2024,2,8477960,LAK,2024-04-13,3.0372,1166,2.2752,819,0.673,301,1
2024,2,8477960,LAK,2024-04-11,2.4865,934,1.9105,664,0.4368,225,1
2024,2,8477960,LAK,2024-04-09,3.086,1192,2.2547,804,0.4742,231,0
2024,2,8477960,LAK,2024-04-06,2.9929,1210,2.1318,784,0.4487,233,1
2024,2,8477960,LAK,2024-04-04,3.4724,1317,2.3564,861,0.8033,333,0
2024,2,8477960,LAK,2024-04-03,3.4287,1297,2.5246,881,0.5866,259,1
2024,2,8477960,LAK,2024-04-01,3.4959,1231,3.3998,1180,NA,NA,0
2024,2,8477960,LAK,2024-03-30,3.2524,1275,2.4021,899,0.5389,261,0
2024,2,8479542,TBL,2024-04-17,2.5017,1017,2.3504,950,0.0443,13,1
2024,2,8479542,TBL,2024-04-15,2.8407,1108,2.4691,945,0.0836,31,1
2024,2,8479542,TBL,2024-04-13,2.6181,1071,2.3637,964,NA,NA,0
2024,2,8479542,TBL,2024-04-11,3.6941,1417,2.8102,1035,0.3215,112,1
2024,2,8479542,TBL,2024-04-09,2.3073,832,2.3073,832,NA,NA,1
2024,2,8479542,TBL,2024-04-06,2.6196,1116,2.1698,886,0.1246,89,0
2024,2,8479542,TBL,2024-04-04,2.4146,947,1.5484,593,0.3414,162,0
2024,2,8479542,TBL,2024-04-03,2.7728,1111,2.3708,965,0.2821,86,0
2024,2,8479542,TBL,2024-04-01,2.5099,1027,2.1719,877,0.1475,59,1
2024,2,8479542,TBL,2024-03-30,2.571,970,2.48,942,0.091,28,1
2024,2,8480801,OTT,2024-04-16,2.3051,1007,2.0442,856,0.2609,151,0
2024,2,8480801,OTT,2024-04-15,2.8834,1243,2.639,1085,0.2444,158,0
2024,2,8480801,OTT,2024-04-13,3.3919,1606,2.6508,1137,0.7319,468,1
2024,2,8480801,OTT,2024-04-11,3.088,1306,2.5935,992,0.4945,314,0
2024,2,8480801,OTT,2024-04-09,2.5498,1120,2.1163,870,0.4336,250,0
2024,2,8480801,OTT,2024-04-07,2.9782,1297,2.6412,1077,0.3145,209,0
2024,2,8480801,OTT,2024-04-06,2.7696,1206,2.6065,1107,0.163,99,1
2024,2,8480801,OTT,2024-04-04,2.9078,1283,2.3787,955,0.5201,328,1
2024,2,8480801,OTT,2024-04-02,2.6409,1101,2.4117,962,0.2292,139,0
2024,2,8480801,OTT,2024-03-30,3.1627,1354,2.4321,929,0.72,419,0
2024,2,8481559,NJD,2024-04-07,4.1347,1342,3.536,1141,0.5986,201,1
2024,2,8481559,NJD,2024-04-06,3.6102,1229,3.1573,1086,0.4529,143,0
2024,2,8481559,NJD,2024-04-03,4.4192,1487,3.5129,1196,0.9062,291,0
2024,2,8481559,NJD,2024-04-02,3.959,1299,3.112,1025,0.847,274,1
2024,2,8481559,NJD,2024-03-29,3.8072,1531,3.0778,1282,0.7294,249,0
2024,2,8481559,NJD,2024-03-26,3.4964,1199,2.8964,970,0.6001,229,0
2024,2,8481559,NJD,2024-03-24,3.658,1241,2.6079,871,1.0501,370,0
2024,2,8481559,NJD,2024-03-23,3.8953,1256,2.8915,914,0.9885,331,1
2024,2,8481559,NJD,2024-03-21,3.4694,1236,2.7276,939,0.7158,287,1
2024,2,8481559,NJD,2024-03-19,3.3972,1155,2.8275,930,0.5697,225,1
2024,2,8477942,LAK,2024-04-18,2.9649,1176,2.6785,1051,0.2864,125,1
2024,2,8477942,LAK,2024-04-15,3.0145,1172,2.434,934,0.5756,235,1
2024,2,8477942,LAK,2024-04-13,2.3812,1030,1.6775,698,0.7036,332,1
2024,2,8477942,LAK,2024-04-11,2.7136,1077,2.229,850,0.4846,227,1
2024,2,8477942,LAK,2024-04-09,2.8998,1133,2.4248,899,0.475,234,0
2024,2,8477942,LAK,2024-04-06,2.6441,1066,2.1375,833,0.5066,233,1
2024,2,8477942,LAK,2024-04-04,3.2588,1213,2.3298,860,0.929,353,0
2024,2,8477942,LAK,2024-04-03,3.0289,1188,2.4756,926,0.5533,262,1
2024,2,8477942,LAK,2024-04-01,3.057,1123,3.057,1123,NA,NA,0
2024,2,8477942,LAK,2024-03-30,2.9656,1225,2.3024,940,0.6632,285,0
2024,2,8478444,VAN,2024-04-16,2.6322,1020,2.3242,860,0.126,153,1
2024,2,8478444,VAN,2024-04-13,2.2559,926,1.8941,752,0.3618,174,0
2024,2,8478444,VAN,2024-04-10,2.4457,1046,1.9221,776,0.5236,270,1
2024,2,8478444,VAN,2024-04-08,2.9003,1208,2.4192,962,0.481,246,1
2024,2,8478444,VAN,2024-04-06,2.7584,1175,2.1935,869,0.5649,306,0
2024,2,8478444,VAN,2024-04-03,2.6105,1100,2.1902,878,0.4203,222,0
2024,2,8478444,VAN,2024-04-02,2.2097,904,1.7348,655,0.4749,249,0
2024,2,8478444,VAN,2024-03-31,2.5096,1049,1.904,752,0.6055,297,1
2024,2,8478444,VAN,2024-03-28,2.6788,1152,2.1055,862,0.5733,290,1
2024,2,8478444,VAN,2024-03-25,3.0062,1234,2.8505,1137,0.1557,97,1
2024,2,8479323,NYR,2024-04-15,3.0786,1296,2.326,979,0.5918,252,1
2024,2,8479323,NYR,2024-04-13,3.2755,1374,2.5033,1043,0.2713,120,1
2024,2,8479323,NYR,2024-04-11,3.1492,1372,2.1918,934,0.5868,272,1
2024,2,8479323,NYR,2024-04-09,3.6843,1621,2.9174,1263,0.5852,247,0
2024,2,8479323,NYR,2024-04-07,2.9406,1296,2.5231,1109,0.3365,156,1
2024,2,8479323,NYR,2024-04-05,3.4011,1490,2.6605,1124,0.4798,244,0
2024,2,8479323,NYR,2024-04-03,4.2543,1779,3.205,1362,0.5588,211,1
2024,2,8479323,NYR,2024-04-01,3.8908,1593,3.069,1237,0.5954,263,1
2024,2,8479323,NYR,2024-03-30,2.8966,1266,2.634,1128,NA,NA,0
2024,2,8479323,NYR,2024-03-28,3.1171,1407,2.3945,1050,0.4283,179,0
2024,2,8476459,NYR,2024-04-15,3.0586,1117,2.1872,785,0.6496,253,1
2024,2,8476459,NYR,2024-04-13,3.9071,1397,2.9739,1055,0.2891,120,1
2024,2,8476459,NYR,2024-04-11,2.9976,1062,1.9042,634,0.6218,253,1
2024,2,8476459,NYR,2024-04-09,2.5911,968,1.8704,692,0.5981,233,0
2024,2,8476459,NYR,2024-04-07,2.8527,1088,2.3255,875,0.3398,152,1
2024,2,8476459,NYR,2024-04-05,2.8356,1052,2.0133,726,0.6122,251,0
2024,2,8476459,NYR,2024-04-03,3.6981,1261,2.6629,896,0.6108,209,1
2024,2,8476459,NYR,2024-04-01,3.6901,1350,2.7597,966,0.6274,266,1
2024,2,8476459,NYR,2024-03-30,2.9488,1048,2.5891,885,NA,NA,0
2024,2,8476459,NYR,2024-03-28,3.8581,1358,3.0645,1025,0.4575,179,0
2024,2,8476460,WPG,2024-04-16,3.6383,1368,3.0175,1102,0.6208,266,1
2024,2,8476460,WPG,2024-04-13,3.0972,1172,2.8363,1051,0.2609,121,0
2024,2,8476460,WPG,2024-04-11,3.1175,1112,2.9054,1027,0.197,79,0
2024,2,8476460,WPG,2024-04-09,3.3244,1159,2.8566,976,0.4678,183,0
2024,2,8476460,WPG,2024-04-06,3.0845,1099,2.689,940,0.3956,159,0
2024,2,8476460,WPG,2024-04-04,3.558,1366,2.5921,946,0.9659,420,1
2024,2,8476460,WPG,2024-04-01,3.325,1213,3.1016,1119,0.2233,94,1
2024,2,8476460,WPG,2024-03-30,3.8277,1364,3.1542,1113,0.6735,251,1
2024,2,8476460,WPG,2024-03-28,3.3029,1182,2.1444,733,1.1585,449,1
2024,2,8476460,WPG,2024-03-26,3.5352,1246,2.7902,967,0.745,277,1
2024,2,8477409,FLA,2024-04-16,2.4529,1133,1.4806,659,0.9723,474,1
2024,2,8477409,FLA,2024-04-01,2.0304,787,1.4761,572,0.5543,215,0
2024,2,8477409,FLA,2024-03-30,2.932,1102,2.7981,1011,0.1313,87,1
2024,2,8477409,FLA,2024-03-28,2.4962,988,2.2186,852,0.2348,120,1
2024,2,8477409,FLA,2024-03-26,2.8633,1081,2.4991,921,0.3642,160,1
2024,2,8477409,FLA,2024-03-24,3.0007,1099,2.605,924,0.3956,175,0
2024,2,8477409,FLA,2024-03-23,3.5724,1239,3.0908,1021,0.4815,218,0
2024,2,8477409,FLA,2024-03-21,2.8565,1020,2.4364,858,0.4202,162,1
2024,2,8477409,FLA,2024-03-16,2.975,1273,1.9951,789,0.9799,484,1
2024,2,8477409,FLA,2024-03-14,2.8791,1055,2.2534,804,0.6257,251,0
2024,2,8482078,DET,2024-04-16,3.2304,1170,3.2011,1156,NA,NA,0
2024,2,8482078,DET,2024-04-15,3.628,1330,3.5197,1265,0.1083,65,1
2024,2,8482078,DET,2024-04-13,3.2547,1185,2.9424,1030,0.2835,142,0
2024,2,8482078,DET,2024-04-11,3.3995,1280,2.8974,1033,0.4297,213,0
2024,2,8482078,DET,2024-04-09,3.3999,1253,2.9353,1013,0.4646,240,1
2024,2,8482078,DET,2024-04-07,3.2316,1274,2.9028,1096,0.2415,128,1
2024,2,8482078,DET,2024-04-05,2.9529,1136,2.6018,959,0.3511,177,1
2024,2,8482078,DET,2024-04-01,2.7976,1026,2.5594,923,0.2382,103,0
2024,2,8482078,DET,2024-03-30,3.4526,1256,2.7625,994,0.6901,262,0
2024,2,8482078,DET,2024-03-28,2.9504,1008,2.8071,946,0.1098,44,0
2024,2,8471685,LAK,2024-04-18,3.1766,1135,2.9255,991,0.2188,124,1
2024,2,8471685,LAK,2024-04-15,3.1344,1170,2.4148,827,0.5234,255,1
2024,2,8471685,LAK,2024-04-11,3.3283,1230,2.8431,976,0.3903,227,1
2024,2,8471685,LAK,2024-04-09,3.0193,1120,2.3404,740,0.3938,228,0
2024,2,8471685,LAK,2024-04-06,3.0764,1186,2.4209,812,0.3815,233,1
2024,2,8471685,LAK,2024-04-04,3.1683,1302,2.4191,873,0.5058,335,0
2024,2,8471685,LAK,2024-04-03,3.855,1412,2.9754,957,0.4832,233,1
2024,2,8471685,LAK,2024-04-01,3.6191,1236,3.5048,1179,NA,NA,0
2024,2,8471685,LAK,2024-03-30,3.6067,1348,2.8751,979,0.5346,284,0
2024,2,8471685,LAK,2024-03-28,3.5281,1271,3.1223,1103,0.3359,140,0
2024,2,8480865,NYI,2024-04-11,0.2032,88,0.2032,88,NA,NA,1
2024,2,8480865,NYI,2024-04-09,2.7317,1249,2.3775,1078,0.3019,145,1
2024,2,8480865,NYI,2024-04-06,3.0676,1375,2.9158,1311,0.1462,60,1
2024,2,8480865,NYI,2024-04-04,3.0347,1280,2.5506,1051,0.4841,229,0
2024,2,8480865,NYI,2024-04-02,2.7586,1168,2.4458,1017,0.2393,109,1
2024,2,8480865,NYI,2024-04-01,3.0842,1307,2.6742,1164,0.3791,130,0
2024,2,8480865,NYI,2024-03-30,3.4888,1414,3.4082,1375,NA,NA,0
2024,2,8480865,NYI,2024-03-28,2.7698,1211,2.0041,888,0.7657,323,0
2024,2,8480865,NYI,2024-03-24,3.6559,1537,2.8354,1172,0.8205,365,1
2024,2,8480865,NYI,2024-03-23,2.9689,1246,2.8221,1195,0.1468,51,1
2024,2,8482116,OTT,2024-04-04,3.383,1190,2.3168,810,1.0661,380,1
2024,2,8482116,OTT,2024-04-02,3.9428,1364,3.211,1090,0.4567,169,0
2024,2,8482116,OTT,2024-03-30,3.627,1304,2.5887,865,1.0067,423,0
2024,2,8482116,OTT,2024-03-28,3.6702,1283,3.156,1113,0.3443,111,1
2024,2,8482116,OTT,2024-03-27,3.4113,1241,2.8132,994,0.4,164,0
2024,2,8482116,OTT,2024-03-24,3.2818,1128,2.9671,1021,0.3147,107,1
2024,2,8482116,OTT,2024-03-23,3.6872,1203,2.675,864,0.8784,293,0
2024,2,8482116,OTT,2024-03-21,3.4955,1224,2.788,985,0.5729,192,1
2024,2,8482116,OTT,2024-03-19,2.8442,1032,2.2284,751,0.5631,256,0
2024,2,8482116,OTT,2024-03-17,3.1462,1128,2.7249,979,0.4214,149,1
2024,2,8475158,NSH,2024-04-15,3.4622,1374,2.9301,1095,0.1668,91,0
2024,2,8475158,NSH,2024-04-13,2.448,930,2.3329,865,0.0966,61,1
2024,2,8475158,NSH,2024-04-12,2.2686,926,1.6259,572,0.253,153,0
2024,2,8475158,NSH,2024-04-09,3.4917,1327,2.5468,889,0.7026,336,1
2024,2,8475158,NSH,2024-04-07,3.6607,1351,3.1753,1104,0.3206,174,0
2024,2,8475158,NSH,2024-04-06,3.0332,1199,2.5289,942,0.3874,211,0
2024,2,8475158,NSH,2024-04-04,3.5554,1402,2.5675,979,0.3481,170,1
2024,2,8475158,NSH,2024-04-02,3.3977,1310,2.4487,912,0.7175,307,1
2024,2,8475158,NSH,2024-03-30,2.8314,1124,1.9722,717,0.4718,241,0
2024,2,8475158,NSH,2024-03-28,3.0395,1119,2.5993,915,0.227,113,0
2024,2,8475754,NYI,2024-04-17,3.498,1259,2.789,965,0.5021,217,1
2024,2,8475754,NYI,2024-04-15,2.5428,892,2.3753,806,0.1675,86,0
2024,2,8475754,NYI,2024-04-13,3.6744,1313,2.5803,954,1.0285,338,0
2024,2,8475754,NYI,2024-04-11,3.4212,1104,2.7467,908,0.6745,196,1
2024,2,8475754,NYI,2024-04-09,2.8149,1020,2.5739,927,0.241,93,1
2024,2,8475754,NYI,2024-04-06,2.9501,1068,2.8222,1008,0.1025,46,1
2024,2,8475754,NYI,2024-04-04,3.4516,1113,3.0937,997,0.3579,116,0
2024,2,8475754,NYI,2024-04-02,3.2342,1108,2.9884,1013,0.2457,95,1
2024,2,8475754,NYI,2024-04-01,2.9977,1037,2.6474,919,0.3504,118,0
2024,2,8475754,NYI,2024-03-30,2.7213,882,2.7213,882,NA,NA,0
2024,2,8476539,VGK,2024-04-18,3.0657,1193,2.6941,1011,0.3717,182,1
2024,2,8476539,VGK,2024-04-16,2.8316,1122,2.7071,1046,0.1245,76,1
2024,2,8476539,VGK,2024-04-14,3.3118,1280,2.791,1022,0.5208,258,1
2024,2,8476539,VGK,2024-04-12,2.5101,996,2.1936,822,0.3165,174,1
2024,2,8476539,VGK,2024-04-10,2.4627,949,2.4589,946,NA,NA,0
2024,2,8476539,VGK,2024-04-08,3.0352,1279,2.5284,1023,0.5068,256,0
2024,2,8476539,VGK,2024-04-05,3.1252,1236,2.4967,903,0.6285,333,0
2024,2,8476539,VGK,2024-04-02,2.5701,1077,1.9833,733,0.5868,344,1
2024,2,8476539,VGK,2024-03-30,3.0968,1261,2.5532,984,0.5436,277,0
2024,2,8476539,VGK,2024-03-28,2.392,986,2.2899,926,0.1021,60,0
2024,2,8477504,WPG,2024-04-16,3.5578,1528,2.9676,1261,0.5902,267,1
2024,2,8477504,WPG,2024-04-13,2.988,1215,2.7277,1076,0.2603,139,0
2024,2,8477504,WPG,2024-04-11,3.3654,1342,3.2356,1282,0.1299,60,0
2024,2,8477504,WPG,2024-04-09,3.6524,1467,3.1082,1239,0.5101,212,0
2024,2,8477504,WPG,2024-04-06,3.0393,1311,2.6031,1120,0.4209,184,0
2024,2,8477504,WPG,2024-04-04,3.9662,1627,3.0111,1207,0.9552,420,1
2024,2,8477504,WPG,2024-04-01,3.1866,1287,2.9725,1190,0.2141,97,1
2024,2,8477504,WPG,2024-03-30,3.4048,1364,2.7969,1106,0.5937,250,1
2024,2,8477504,WPG,2024-03-28,4.5591,1795,3.4929,1354,1.0529,434,1
2024,2,8477504,WPG,2024-03-26,3.5241,1371,2.7096,1075,0.7953,287,1
2024,2,8477946,DET,2024-04-16,3.9566,1378,3.5425,1202,NA,NA,0
2024,2,8477946,DET,2024-04-15,4.0071,1409,3.805,1348,0.2021,61,1
2024,2,8477946,DET,2024-04-13,4.0995,1491,3.0609,1066,0.5517,198,0
2024,2,8477946,DET,2024-04-11,3.7641,1361,2.8075,1010,0.6483,231,0
2024,2,8477946,DET,2024-04-09,4.1681,1420,3.4199,1117,0.5791,240,1
2024,2,8477946,DET,2024-04-07,3.2268,1253,2.7823,1074,0.3155,128,1
2024,2,8477946,DET,2024-04-05,3.9063,1462,3.0994,1139,0.4808,175,1
2024,2,8477946,DET,2024-04-01,3.1306,1231,2.1528,853,0.6427,250,0
2024,2,8477946,DET,2024-03-30,2.7493,1110,2.0755,796,0.5227,227,0
2024,2,8477946,DET,2024-03-28,3.4858,1204,2.7477,949,0.55,173,0
2024,2,8481557,MIN,2024-04-18,3.2626,1210,2.5619,912,0.7008,298,1
2024,2,8481557,MIN,2024-04-15,3.0456,1150,2.6513,974,0.3943,176,0
2024,2,8481557,MIN,2024-04-13,3.0384,1167,2.8429,1073,0.1955,94,0
2024,2,8481557,MIN,2024-04-12,2.7597,1144,2.3407,963,0.419,181,0
2024,2,8481557,MIN,2024-04-09,3.458,1398,2.5273,988,0.9307,410,0
2024,2,8481557,MIN,2024-04-07,3.2445,1275,2.9361,1142,0.3083,133,0
2024,2,8481557,MIN,2024-04-06,3.1324,1241,2.3935,900,0.7389,341,1
2024,2,8481557,MIN,2024-04-04,3.7696,1531,3.1647,1204,0.6049,327,1
2024,2,8481557,MIN,2024-04-02,2.9648,1120,2.294,831,0.6708,289,1
2024,2,8481557,MIN,2024-03-30,3.3679,1223,2.7959,1006,0.572,217,1
2024,2,8477500,NYI,2024-04-17,3.286,1195,2.6601,955,0.5805,218,1
2024,2,8477500,NYI,2024-04-15,3.3304,1174,2.7249,933,0.1682,86,0
2024,2,8477500,NYI,2024-04-13,3.6814,1313,2.7009,948,0.9663,359,0
2024,2,8477500,NYI,2024-04-11,3.4478,1231,2.6463,961,0.8015,270,1
2024,2,8477500,NYI,2024-04-09,2.8707,1136,2.5454,989,0.3253,147,1
2024,2,8477500,NYI,2024-04-06,3.0962,1105,2.7554,984,0.2314,74,1
2024,2,8477500,NYI,2024-04-04,2.708,1059,2.2396,820,0.4684,239,0
2024,2,8477500,NYI,2024-04-02,3.044,1164,2.7706,1055,0.2734,109,1
2024,2,8477500,NYI,2024-04-01,2.7131,957,2.367,848,0.3462,109,0
2024,2,8477500,NYI,2024-03-30,2.731,991,2.6658,961,NA,NA,0
2024,2,8478403,VGK,2024-04-18,3.2932,1148,2.8616,966,0.4316,182,1
2024,2,8478403,VGK,2024-04-16,3.1294,1133,2.8872,1019,0.1571,79,1
2024,2,8478403,VGK,2024-04-14,3.9218,1411,3.2662,1126,0.5081,215,1
2024,2,8478403,VGK,2024-04-12,2.5728,1059,2.0168,752,0.3211,201,1
2024,2,8478403,VGK,2024-04-10,2.8833,1063,2.6558,964,NA,NA,0
2024,2,8478403,VGK,2024-04-08,3.6385,1353,2.5799,948,0.7017,255,0
2024,2,8478403,VGK,2024-04-05,3.3633,1290,2.5617,906,0.6549,297,0
2024,2,8478403,VGK,2024-04-02,3.2967,1277,2.298,822,0.7075,331,1
2024,2,8478403,VGK,2024-03-30,1.9552,770,1.4263,506,0.529,264,0
2024,2,8478403,VGK,2024-03-28,3.2936,1321,2.5954,974,0.0771,61,0
2024,2,8478439,PHI,2024-04-16,3.3009,1274,3.1978,1219,0.1031,55,1
2024,2,8478439,PHI,2024-04-13,3.5165,1308,3.1038,1131,0.3562,158,1
2024,2,8478439,PHI,2024-04-11,2.675,1024,1.9123000000000001,708,0.4372,195,0
2024,2,8478439,PHI,2024-04-09,2.8568,1098,2.4547,932,0.4021,166,0
2024,2,8478439,PHI,2024-04-06,2.8663,1146,2.4234,949,0.275,127,0
2024,2,8478439,PHI,2024-04-05,3.5155,1376,3.218,1263,0.2975,113,0
2024,2,8478439,PHI,2024-04-01,2.6823,1070,2.4126,964,0.1663,57,1
2024,2,8478439,PHI,2024-03-30,3.3437,1280,2.864,1082,0.3899,162,1
2024,2,8478439,PHI,2024-03-28,3.0638,1262,2.3142,914,0.5103,235,0
2024,2,8478439,PHI,2024-03-26,3.1481,1139,2.6296,943,0.5185,196,0
2024,2,8470794,DAL,2024-04-17,3.042,1203,2.649,1006,0.393,197,1
2024,2,8470794,DAL,2024-04-13,2.443,926,2.0998,778,0.3431,148,1
2024,2,8470794,DAL,2024-04-11,2.8647,1044,2.5862,942,0.2785,102,1
2024,2,8470794,DAL,2024-04-09,2.4176,893,2.0867,788,0.3309,105,1
2024,2,8470794,DAL,2024-04-07,2.9658,1101,2.5856,962,0.3657,128,0
2024,2,8470794,DAL,2024-04-06,3.3636,1257,2.8664,1033,0.4972,224,0
2024,2,8470794,DAL,2024-04-03,2.7519,979,2.1028,714,0.631,259,1
2024,2,8470794,DAL,2024-03-30,2.9376,1032,2.4739,859,0.447,166,0
2024,2,8470794,DAL,2024-03-28,2.7528,1014,1.9985,693,0.7542,320,0
2024,2,8470794,DAL,2024-03-26,2.6486,970,2.0268,748,0.5427,210,0
2024,2,8471215,PIT,2024-04-17,3.0966,1111,2.8226,980,0.274,131,0
2024,2,8471215,PIT,2024-04-15,3.3545,1210,2.525,839,0.8295,371,1
2024,2,8471215,PIT,2024-04-13,3.0136,1084,2.7828,981,0.2308,103,1
2024,2,8471215,PIT,2024-04-11,3.6275,1221,3.3416,1097,0.2859,124,1
2024,2,8471215,PIT,2024-04-08,3.8234,1324,2.9413,946,0.882,378,0
2024,2,8471215,PIT,2024-04-06,3.0355,1089,2.6296,926,0.406,163,1
2024,2,8471215,PIT,2024-04-04,3.1866,1056,2.8868,925,0.2999,131,0
2024,2,8471215,PIT,2024-04-02,2.8928,1004,2.463,839,0.4298,165,0
2024,2,8471215,PIT,2024-04-01,2.995,1054,2.5378,869,0.4572,185,0
2024,2,8471215,PIT,2024-03-30,2.8586,993,2.6086,879,0.25,114,0
2024,2,8473419,BOS,2024-04-16,2.387,879,2.3517,866,0.0353,13,1
2024,2,8473419,BOS,2024-04-15,2.5591,969,2.4407,920,NA,NA,0
2024,2,8473419,BOS,2024-04-13,2.8338,1116,2.1923,825,0.4558,222,0
2024,2,8473419,BOS,2024-04-09,2.5149,905,2.2576,801,0.1751,73,1
2024,2,8473419,BOS,2024-04-06,3.1506,1232,2.0307,732,0.7584,364,1
2024,2,8473419,BOS,2024-04-04,2.7066,1017,1.9723,691,0.6224,257,0
2024,2,8473419,BOS,2024-04-02,2.6284,1036,2.0453,766,0.2559,139,0
2024,2,8473419,BOS,2024-03-30,3.2781,1198,2.6584,891,0.347,189,0
2024,2,8473419,BOS,2024-03-27,2.8237,1130,2.3998,907,0.3526,194,0
2024,2,8473419,BOS,2024-03-26,3.3463,1256,2.4976,871,0.511,263,0
2024,2,8476454,EDM,2024-04-17,2.6261,974,2.1294,744,0.3743,169,0
2024,2,8476454,EDM,2024-04-15,2.4323,905,2.2377,837,NA,NA,1
2024,2,8476454,EDM,2024-04-13,3.0677,1212,2.5355,982,0.4189,170,1
2024,2,8476454,EDM,2024-04-12,3.6083,1301,3.1204,1108,0.2985,101,1
2024,2,8476454,EDM,2024-04-10,2.9846,1076,2.2991,851,0.6855,225,1
2024,2,8476454,EDM,2024-04-06,3.3615,1371,1.9607,751,0.8512,401,0
2024,2,8476454,EDM,2024-04-05,2.7559,1053,1.5069,522,0.7234,316,1
2024,2,8476454,EDM,2024-04-03,3.0808,1180,2.0275,746,0.7906,354,0
2024,2,8476454,EDM,2024-04-01,2.8293,1125,2.0031,763,0.3482,155,0
2024,2,8476454,EDM,2024-03-30,2.4239,984,1.7749,697,0.3999,197,1
2024,2,8478440,WSH,2024-04-16,3.3871000000000002,1200,3.3777,1196,NA,NA,0
2024,2,8478440,WSH,2024-04-15,3.439,1225,3.2581,1157,0.1809,68,1
2024,2,8478440,WSH,2024-04-13,3.0548,1155,2.6696,962,0.3853,193,1
2024,2,8478440,WSH,2024-04-11,3.3618,1200,3.3618,1200,NA,NA,0
2024,2,8478440,WSH,2024-04-09,2.8251,979,2.6498,911,0.1753,68,0
2024,2,8478440,WSH,2024-04-07,3.6634,1363,3.1275,1112,0.5359,251,1
2024,2,8478440,WSH,2024-04-05,3.1235,1208,2.6339,978,0.4892,229,0
2024,2,8478440,WSH,2024-04-04,3.6128,1266,2.9954,1029,0.6174,237,1
2024,2,8478440,WSH,2024-04-02,2.6661,957,2.2697,796,0.3964,161,0
2024,2,8478440,WSH,2024-03-30,3.4641,1306,2.8885,1024,0.5733,280,1
2024,2,8479337,DET,2024-04-16,3.2601,1143,3.2439,1136,NA,NA,0
2024,2,8479337,DET,2024-04-15,3.6868,1350,3.5432,1289,0.1436,61,1
2024,2,8479337,DET,2024-04-13,3.1991,1152,2.9064,1015,0.2927,137,0
2024,2,8479337,DET,2024-04-11,3.2037,1113,2.7161,960,0.4877,153,0
2024,2,8479337,DET,2024-04-09,2.7945,938,2.7945,938,NA,NA,1
2024,2,8479337,DET,2024-04-07,2.4388,865,2.4388,865,NA,NA,1
2024,2,8479337,DET,2024-04-05,3.0933,1058,2.8092,976,0.2841,82,1
2024,2,8479337,DET,2024-04-01,2.5608,924,2.2844,822,0.2764,102,0
2024,2,8479337,DET,2024-03-30,3.3724,1238,2.7147,997,0.6577,241,0
2024,2,8479337,DET,2024-03-28,2.9078,1027,2.7718,983,0.136,44,0
2024,2,8479385,STL,2024-04-17,2.7186,1010,2.5497,928,0.1689,82,0
2024,2,8479385,STL,2024-04-14,2.2533,841,2.0819,746,0.1714,95,1
2024,2,8479385,STL,2024-04-12,2.669,970,2.3509,843,0.3181,127,1
2024,2,8479385,STL,2024-04-10,2.7385,1032,2.4708,910,0.2677,122,1
2024,2,8479385,STL,2024-04-07,3.0273,1179,2.6832,1012,0.3441,167,0
2024,2,8479385,STL,2024-04-06,3.2366,1300,2.2655,881,0.9711,419,0
2024,2,8479385,STL,2024-04-04,3.017,1180,2.1546,831,0.8625,349,0
2024,2,8479385,STL,2024-04-01,3.1589,1220,2.5144,894,0.6445,326,1
2024,2,8479385,STL,2024-03-30,2.8599,1043,2.5388,912,0.3211,131,1
2024,2,8479385,STL,2024-03-28,2.7374,999,2.2545,814,0.4829,185,1
2024,2,8480002,NJD,2024-04-15,3.2386,1293,2.6594,977,0.5792,316,1
2024,2,8480002,NJD,2024-04-13,2.8825,1218,2.4291,991,0.1155,61,0
2024,2,8480002,NJD,2024-04-11,3.2948,1378,2.5448,984,0.461,255,0
2024,2,8480002,NJD,2024-04-09,2.8986,1208,2.3543,903,0.1816,132,1
2024,2,8480002,NJD,2024-04-07,3.2628,1249,2.6905,993,0.3671,164,1
2024,2,8480002,NJD,2024-04-06,3.0792,1236,2.6827,1040,0.2934,140,0
2024,2,8480002,NJD,2024-04-03,3.7013,1499,2.8657,1108,0.5607,271,0
2024,2,8480002,NJD,2024-04-02,2.7022,1155,2.1149,816,0.452,265,1
2024,2,8480002,NJD,2024-03-29,2.9325,1164,2.4494,917,0.4831,247,0
2024,2,8480002,NJD,2024-03-26,3.0517,1193,2.5111,917,0.3051,166,0
2024,2,8482093,CAR,2024-04-14,2.8572,1040,2.4336,823,0.1738,111,0
2024,2,8482093,CAR,2024-04-12,3.0498,1088,2.5987,895,0.176,65,0
2024,2,8482093,CAR,2024-04-09,3.2287,1061,2.5558,823,0.438,144,0
2024,2,8482093,CAR,2024-04-07,2.5209,976,2.2242,794,0.2968,182,1
2024,2,8482093,CAR,2024-04-05,3.2473,1190,2.6162,909,0.3374,164,1
2024,2,8482093,CAR,2024-04-04,3.1166,1155,2.3342,781,0.2913,168,1
2024,2,8482093,CAR,2024-03-30,3.0942,1104,2.5489,851,0.2241,126,0
2024,2,8482093,CAR,2024-03-28,2.9911,1063,2.4467,833,0.3194,124,1
2024,2,8482093,CAR,2024-03-26,3.5815,1310,2.9726,1081,0.4202,144,0
2024,2,8482093,CAR,2024-03-24,3.5076,1377,2.4676,880,0.487,233,1
2024,2,8480208,OTT,2024-04-16,2.9741,1098,2.6101,942,0.3639,156,0
2024,2,8480208,OTT,2024-04-15,3.01,1125,2.676,988,0.334,137,0
2024,2,8480208,OTT,2024-04-13,4.0057,1461,2.7912,991,1.2145,470,1
2024,2,8480208,OTT,2024-04-11,3.4053,1253,2.7447,964,0.6606,289,0
2024,2,8480208,OTT,2024-04-09,2.9007,1095,2.3741,845,0.4282,216,0
2024,2,8480208,OTT,2024-04-07,3.2787,1225,2.8603,1035,0.4183,190,0
2024,2,8480208,OTT,2024-04-06,3.5683,1300,3.2116,1160,0.3567,140,1
2024,2,8480208,OTT,2024-04-04,3.502,1221,2.5389,889,0.9631,332,1
2024,2,8480208,OTT,2024-04-02,3.389,1215,3.0514,1067,0.3341,147,0
2024,2,8480208,OTT,2024-03-30,3.7058,1338,2.7421,925,0.9637,413,0
2024,2,8471214,WSH,2024-04-16,2.2577,895,2.2577,895,NA,NA,0
2024,2,8471214,WSH,2024-04-15,2.7932,1080,2.5925,971,0.2007,109,1
2024,2,8471214,WSH,2024-04-13,2.6952,1156,2.2748,911,0.4204,245,1
2024,2,8471214,WSH,2024-04-11,2.8286,1041,2.8286,1041,NA,NA,0
2024,2,8471214,WSH,2024-04-09,2.4223,911,2.2079,794,0.2144,117,0
2024,2,8471214,WSH,2024-04-07,3.1954,1388,2.7935,1076,0.4019,312,1
2024,2,8471214,WSH,2024-04-05,2.9236,1177,2.2958,831,0.6279,346,0
2024,2,8471214,WSH,2024-04-04,3.3752,1341,2.6222,975,0.7526,366,1
2024,2,8471214,WSH,2024-04-02,2.9143,1138,2.5392,927,0.3751,211,0
2024,2,8471214,WSH,2024-03-30,3.0886,1315,2.2722,859,0.8164,456,1
2024,2,8475166,TOR,2024-04-17,2.3603,1033,1.874,759,0.4864,274,0
2024,2,8475166,TOR,2024-04-16,2.3273,918,1.843,651,0.4844,267,0
2024,2,8475166,TOR,2024-04-13,2.9278,1124,2.4918,876,0.436,248,1
2024,2,8475166,TOR,2024-04-11,2.7878,1046,2.3563,840,0.4315,206,1
2024,2,8475166,TOR,2024-04-09,2.7059,1074,2.1258,768,0.5801,306,0
2024,2,8475166,TOR,2024-04-08,2.5981,946,2.4722,885,0.1259,61,1
2024,2,8475166,TOR,2024-04-06,2.905,1024,2.7432,954,0.1618,70,0
2024,2,8475166,TOR,2024-04-03,2.5582,1024,2.0644,771,0.4938,253,1
2024,2,8475166,TOR,2024-04-01,2.7156,1065,2.2118,823,0.5037,242,1
2024,2,8475166,TOR,2024-03-30,2.2144,833,1.7634,617,0.4461,214,0
2024,2,8475168,DAL,2024-04-17,2.9791,1053,2.6386,918,0.3405,135,1
2024,2,8475168,DAL,2024-04-13,2.7335,958,2.4901,849,0.2435,109,1
2024,2,8475168,DAL,2024-04-11,2.7013,1002,2.3018,846,0.3995,156,1
2024,2,8475168,DAL,2024-04-09,2.5585,981,2.2427,842,0.3158,139,1
2024,2,8475168,DAL,2024-04-07,2.4077,914,2.0916,791,0.3161,123,0
2024,2,8475168,DAL,2024-04-06,2.4299,910,2.1969,792,0.233,118,0
2024,2,8475168,DAL,2024-04-03,2.3366,835,2.2435,805,0.0932,30,1
2024,2,8475168,DAL,2024-03-30,2.7926,1055,2.5047,926,0.2878,129,0
2024,2,8475168,DAL,2024-03-28,2.6022,951,2.2203,801,0.3818,150,0
2024,2,8475168,DAL,2024-03-26,2.8761,1072,2.4182,895,0.4095,158,0
2024,2,8478449,DAL,2024-04-17,3.2375,1150,2.7257,927,0.4254,196,1
2024,2,8478449,DAL,2024-04-13,2.7688,1007,2.1161,740,0.3532,144,1
2024,2,8478449,DAL,2024-04-11,2.876,1003,2.5284,875,0.2381,84,1
2024,2,8478449,DAL,2024-04-09,2.5988,893,2.0033,684,0.2507,83,1
2024,2,8478449,DAL,2024-04-07,3.042,1006,2.5342,839,0.4278,123,0
2024,2,8478449,DAL,2024-04-06,3.636,1250,2.9771,1003,0.5859,218,0
2024,2,8478449,DAL,2024-04-03,3.0325,1110,2.0405,687,0.6227,260,1
2024,2,8478449,DAL,2024-03-30,3.1058,1018,2.4783,802,0.4798,169,0
2024,2,8478449,DAL,2024-03-28,3.0039,1081,1.8801,630,0.8218,322,0
2024,2,8478449,DAL,2024-03-26,3.256,1093,2.275,762,0.6879,243,0
2024,2,8481540,MTL,2024-04-16,3.6388,1352,3.1112,1092,0.5276,260,1
2024,2,8481540,MTL,2024-04-15,3.6257,1265,3.6257,1265,NA,NA,0
2024,2,8481540,MTL,2024-04-13,2.8134,1050,2.3422,816,0.4713,234,0
2024,2,8481540,MTL,2024-04-11,2.7772,995,2.7772,995,NA,NA,0
2024,2,8481540,MTL,2024-04-09,2.7536,1008,2.7536,1008,NA,NA,1
2024,2,8481540,MTL,2024-04-07,3.2888,1219,2.9154,1099,0.3734,120,0
2024,2,8481540,MTL,2024-04-06,3.4804,1227,3.4593,1215,0.0211,12,1
2024,2,8481540,MTL,2024-04-04,3.3065,1240,2.6049,915,0.7015,325,1
2024,2,8481540,MTL,2024-04-02,3.0318,1284,1.9432,782,1.0793,497,1
2024,2,8481540,MTL,2024-03-30,3.4626,1210,2.9852,1001,0.4775,209,1
2024,2,8482740,DAL,2024-04-17,3.1181,1132,2.7258,971,0.2637,110,1
2024,2,8482740,DAL,2024-04-13,3.1642,1123,2.4663,845,0.2779,104,1
2024,2,8482740,DAL,2024-04-11,2.9144,1067,2.3681,859,0.3734,138,1
2024,2,8482740,DAL,2024-04-09,2.5995,990,2.183,809,0.2701,118,1
2024,2,8482740,DAL,2024-04-07,2.7661,1110,2.3788,949,0.3129,118,0
2024,2,8482740,DAL,2024-04-06,2.8508,1090,2.4235,918,0.2456,110,0
2024,2,8482740,DAL,2024-04-03,2.4553,945,2.0901,804,0.0899,30,1
2024,2,8482740,DAL,2024-03-30,2.6458,928,2.0008,699,0.3808,135,0
2024,2,8482740,DAL,2024-03-28,3.0863,1163,2.3524,870,0.3815,148,0
2024,2,8482740,DAL,2024-03-26,2.6364,967,1.8395,678,0.5393,190,0
2024,2,8473512,OTT,2024-04-16,3.0268,1159,2.5207,921,0.3085,148,0
2024,2,8473512,OTT,2024-04-15,3.072,1134,2.2374,780,0.2922,134,0
2024,2,8473512,OTT,2024-04-13,3.5414,1343,2.1642,816,1.1962,466,1
2024,2,8473512,OTT,2024-04-11,3.6915,1439,2.5665,934,0.565,275,0
2024,2,8473512,OTT,2024-04-09,3.3473,1307,2.1206,790,0.4498,200,0
2024,2,8473512,OTT,2024-04-07,3.1625,1273,2.4271,886,0.3872,191,0
2024,2,8473512,OTT,2024-04-06,3.6395,1387,2.9528,1126,0.308,133,1
2024,2,8473512,OTT,2024-04-04,3.1765,1157,2.0937,727,0.8648,327,1
2024,2,8473512,OTT,2024-04-02,3.2566,1260,2.6079,995,0.1926,60,0
2024,2,8473512,OTT,2024-03-30,3.0941,1181,2.2006,823,0.2966,111,0
2024,2,8478493,MIN,2024-04-18,2.8126,1209,1.8647,677,0.6216,348,1
2024,2,8478493,MIN,2024-04-15,3.1208,1206,2.2527,813,0.2587,154,0
2024,2,8478493,MIN,2024-04-13,2.5818,1042,1.9953,770,0.1631,94,0
2024,2,8478493,MIN,2024-04-12,2.0997,887,1.6763,684,0.2228,121,0
2024,2,8478493,MIN,2024-04-09,2.9712,1348,1.7122,698,0.6775,407,0
2024,2,8478493,MIN,2024-04-07,2.3606,964,2.1141,831,0.2465,133,0
2024,2,8478493,MIN,2024-04-06,3.1387,1353,2.3982,911,0.4708,341,1
2024,2,8478493,MIN,2024-04-04,3.1484,1354,2.6882,1026,0.3748,287,1
2024,2,8478493,MIN,2024-04-02,3.0307,1258,2.2311,839,0.4964,273,1
2024,2,8478493,MIN,2024-03-30,3.3531,1390,2.5386,1005,0.4062,204,1
2024,2,8475692,MIN,2024-04-18,3.5157,1424,2.8265,1081,0.6892,343,1
2024,2,8475692,MIN,2024-04-09,3.0665,1290,2.2502,888,0.8163,402,0
2024,2,8475692,MIN,2024-04-07,3.0388,1241,2.7976,1108,0.2412,133,0
2024,2,8475692,MIN,2024-04-06,2.9698,1310,2.3991,969,0.5707,341,1
2024,2,8475692,MIN,2024-04-04,2.6622,1271,2.0771,929,0.5851,342,1
2024,2,8475692,MIN,2024-04-02,2.7916,1159,2.1947,875,0.5969,284,1
2024,2,8475692,MIN,2024-03-30,2.6566,1069,2.2417,852,0.4091,211,1
2024,2,8475692,MIN,2024-03-28,2.4362,1022,2.0727,826,0.3635,196,1
2024,2,8475692,MIN,2024-03-23,3.3885,1290,3.2044,1170,0.184,120,1
2024,2,8475692,MIN,2024-03-20,2.7686,1199,2.4446,1031,0.324,168,0
2024,2,8477402,STL,2024-04-17,2.7284,1058,2.4484,914,0.1492,80,0
2024,2,8477402,STL,2024-04-14,2.6033,996,2.1128,760,0.1464,95,1
2024,2,8477402,STL,2024-04-12,2.9142,1037,2.3941,839,0.3314,128,1
2024,2,8477402,STL,2024-04-10,2.8886,1080,2.3996,837,0.2624,125,1
2024,2,8477402,STL,2024-04-07,3.3745,1288,2.8265,1025,0.3018,155,0
2024,2,8477402,STL,2024-04-06,3.2721,1381,1.7005,701,0.9862,447,0
2024,2,8477402,STL,2024-04-04,3.1242,1298,2.1101,837,0.8281,361,0
2024,2,8477402,STL,2024-04-01,3.0417,1175,2.2376,823,0.5212,254,1
2024,2,8477402,STL,2024-03-30,3.4785,1350,2.8275,1070,0.29,132,1
2024,2,8477402,STL,2024-03-28,3.2715,1205,2.3961,901,0.5364,187,1
2024,2,8476875,MTL,2024-04-16,4.0374,1652,3.4776,1405,0.5598,247,1
2024,2,8476875,MTL,2024-04-15,3.6185,1515,3.4886,1442,NA,NA,0
2024,2,8476875,MTL,2024-04-13,3.6201,1581,2.3845,961,0.5111,240,0
2024,2,8476875,MTL,2024-04-11,3.7594,1546,2.9918,1195,NA,NA,0
2024,2,8476875,MTL,2024-04-09,2.929,1218,2.7029,1104,NA,NA,1
2024,2,8476875,MTL,2024-04-07,3.4148,1521,2.8719,1275,0.3339,113,0
2024,2,8476875,MTL,2024-04-06,3.3754,1449,3.2019,1370,0.0274,12,1
2024,2,8476875,MTL,2024-04-04,4.0926,1693,2.9563,1176,0.7554,327,1
2024,2,8476875,MTL,2024-04-02,3.8852,1723,2.2346,974,1.2279,494,1
2024,2,8476875,MTL,2024-03-30,3.8145,1551,3.0653,1209,0.5715,215,1
2024,2,8477955,SEA,2024-04-18,2.5821,1017,1.9213,691,0.4305,207,0
2024,2,8477955,SEA,2024-04-16,2.7033,1022,1.9978,709,0.1857,109,0
2024,2,8477955,SEA,2024-04-14,2.7018,1047,2.3543,862,0.2469,135,0
2024,2,8477955,SEA,2024-04-13,2.9131,1159,2.1606,791,0.4916,248,0
2024,2,8477955,SEA,2024-04-11,2.2971,914,1.6765,656,0.3183,163,1
2024,2,8477955,SEA,2024-04-05,2.7365,1110,1.9181,762,0.6212,281,0
2024,2,8477955,SEA,2024-04-03,2.5215,977,1.7222,594,0.5032,236,0
2024,2,8477955,SEA,2024-04-01,2.6446,1019,2.2994,847,0.183,98,0
2024,2,8477955,SEA,2024-03-30,2.9095,1055,2.3384,828,0.3371,126,1
2024,2,8477955,SEA,2024-03-28,3.0273,1200,1.7642,617,1.0785,493,1
2024,2,8477940,WPG,2024-04-18,3.0206,1113,2.4601,899,0.5605,214,1
2024,2,8477940,WPG,2024-04-16,2.6897,948,2.0818,741,0.6078,207,1
2024,2,8477940,WPG,2024-04-13,2.3713,859,2.2543,809,0.117,50,0
2024,2,8477940,WPG,2024-04-11,2.128,780,2.0309,738,0.097,42,0
2024,2,8477940,WPG,2024-04-09,1.7009,577,1.4125,479,0.2883,98,0
2024,2,8477940,WPG,2024-04-06,2.4288,858,2.3673,843,0.0615,15,0
2024,2,8477940,WPG,2024-04-04,1.9185,731,1.7635,653,0.1551,78,1
2024,2,8477940,WPG,2024-04-01,2.9215,995,2.8037,961,0.1179,34,1
2024,2,8477940,WPG,2024-03-30,2.518,945,2.1721,792,0.3459,153,1
2024,2,8477940,WPG,2024-03-28,3.1179,1087,2.6269,924,0.491,163,1
2024,2,8477951,ARI,2024-04-17,3.1754,1209,2.763,1015,0.3036,147,1
2024,2,8477951,ARI,2024-04-14,3.6417,1312,3.1602,1106,0.4274,186,0
2024,2,8477951,ARI,2024-04-12,3.4908,1273,3.0783,1118,0.4125,155,0
2024,2,8477951,ARI,2024-04-10,3.8977,1538,2.6475,1043,1.1382,451,0
2024,2,8477951,ARI,2024-04-09,3.2326,1170,2.961,1038,0.1402,74,0
2024,2,8477951,ARI,2024-04-07,2.6055,969,2.2814,824,0.3242,145,0
2024,2,8477951,ARI,2024-04-05,2.8381,965,2.644,885,0.1625,68,1
2024,2,8477951,ARI,2024-04-03,3.4524,1247,2.8319,1008,0.5291,209,1
2024,2,8477951,ARI,2024-03-30,3.501,1290,2.8962,1052,0.6048,238,1
2024,2,8477951,ARI,2024-03-28,3.2819,1186,2.7781,992,0.5038,194,1
2024,2,8478398,WPG,2024-04-16,3.6057,1274,2.9213,1015,0.6844,259,1
2024,2,8478398,WPG,2024-04-13,3.1771,1143,2.8787,1017,0.2984,126,0
2024,2,8478398,WPG,2024-04-11,2.7751,988,2.6001,910,0.1749,78,0
2024,2,8478398,WPG,2024-04-09,3.0704,1044,2.3539,795,0.5447,190,0
2024,2,8478398,WPG,2024-04-06,2.832,982,2.3669,819,0.4651,163,0
2024,2,8478398,WPG,2024-04-04,3.7133,1303,2.5713,862,1.142,441,1
2024,2,8478398,WPG,2024-04-01,2.7215,989,2.5143,903,0.2072,86,1
2024,2,8478398,WPG,2024-03-30,3.4859,1219,2.8189,967,0.6669,252,1
2024,2,8478398,WPG,2024-03-28,3.8045,1357,2.6844,916,1.113,437,1
2024,2,8478398,WPG,2024-03-26,3.4553,1177,2.6445,886,0.7479,272,1
2024,2,8484144,CHI,2024-04-18,3.4139,1264,3.1821,1166,0.2208,92,0
2024,2,8484144,CHI,2024-04-16,3.3197,1146,3.1278,1075,0.1919,71,0
2024,2,8484144,CHI,2024-04-14,3.6485,1210,2.8752,954,0.7733,256,1
2024,2,8484144,CHI,2024-04-12,3.3091,1198,2.6246,909,0.6845,289,1
2024,2,8484144,CHI,2024-04-10,3.5683,1192,3.2309,1052,0.298,123,0
2024,2,8484144,CHI,2024-04-07,3.3998,1104,3.3998,1104,NA,NA,1
2024,2,8484144,CHI,2024-04-06,3.8655,1314,3.4666,1182,0.3989,132,1
2024,2,8484144,CHI,2024-04-02,3.7867,1372,3.5314,1276,0.2553,96,0
2024,2,8484144,CHI,2024-03-30,3.7923,1207,3.2751,1038,0.5171,169,0
2024,2,8484144,CHI,2024-03-28,3.3953,1195,2.8779,1016,0.5175,179,0
2024,2,8473994,DAL,2024-04-17,2.6158,989,2.153,774,0.3685,181,1
2024,2,8473994,DAL,2024-04-13,2.5845,950,2.0319,700,0.3069,143,1
2024,2,8473994,DAL,2024-04-11,2.2042,837,1.9647,732,0.1867,81,1
2024,2,8473994,DAL,2024-04-09,2.5559,959,2.2065,806,0.2023,88,1
2024,2,8473994,DAL,2024-04-07,2.4464,971,2.0073,807,0.3474,121,0
2024,2,8473994,DAL,2024-04-06,2.5664,1026,2.1025,806,0.3586,188,0
2024,2,8473994,DAL,2024-04-03,2.4932,969,1.7827,654,0.5159,245,1
2024,2,8473994,DAL,2024-03-30,2.3144,862,1.7596,639,0.3792,165,0
2024,2,8473994,DAL,2024-03-28,2.6897,1133,1.9471,770,0.5381,285,0
2024,2,8473994,DAL,2024-03-26,2.4088,916,1.6615,604,0.5314,230,0
2024,2,8475745,BOS,2024-04-16,2.3048,839,2.0798,742,0.0293,13,1
2024,2,8475745,BOS,2024-04-15,2.7338,1014,2.6143,961,NA,NA,0
2024,2,8475745,BOS,2024-04-13,2.6635,981,2.1517,792,0.3437,120,0
2024,2,8475745,BOS,2024-04-09,2.8859,1072,2.3935,870,0.3096,136,1
2024,2,8475745,BOS,2024-04-06,2.8736,1123,1.8332,681,0.6019,262,1
2024,2,8475745,BOS,2024-04-04,2.4313,1020,1.6863,650,0.5098,243,0
2024,2,8475745,BOS,2024-04-02,2.4915,970,1.8288,699,0.2911,139,0
2024,2,8475745,BOS,2024-03-30,3.1997,1260,2.3129,828,0.3397,177,0
2024,2,8475745,BOS,2024-03-27,2.8512,1127,2.3803,900,0.3901,195,0
2024,2,8475745,BOS,2024-03-26,3.2276,1167,2.4174,816,0.5615,245,0
2024,2,8475798,SJS,2024-04-18,3.2566,1277,2.7691,1036,0.3715,172,0
2024,2,8475798,SJS,2024-04-15,2.7256,1098,2.5339,1011,0.1918,87,0
2024,2,8475798,SJS,2024-04-13,3.1148,1270,2.3966,948,0.5737,264,1
2024,2,8475798,SJS,2024-04-11,3.0466,1328,2.5035,1075,0.2887,111,0
2024,2,8475798,SJS,2024-04-09,3.823,1464,2.647,921,0.8968,403,1
2024,2,8475798,SJS,2024-04-07,3.7224,1552,2.6194,1055,0.7651,333,1
2024,2,8475798,SJS,2024-04-06,3.7513,1533,2.3606,903,0.8792,380,1
2024,2,8475798,SJS,2024-04-04,3.6213,1462,2.5412,983,0.5486,225,1
2024,2,8475798,SJS,2024-04-01,2.9632,1218,2.395,954,0.3665,163,1
2024,2,8475798,SJS,2024-03-30,3.0658,1245,2.6838,1069,0.3638,165,0
2024,2,8476346,CBJ,2024-04-16,2.4282,939,2.065,790,0.3632,149,1
2024,2,8476346,CBJ,2024-04-13,2.0885,854,1.9821,794,0.1064,60,0
2024,2,8476346,CBJ,2024-04-11,2.2685,884,2.0932,816,0.1753,68,0
2024,2,8476346,CBJ,2024-04-09,2.9335,1098,2.6203,965,0.3133,133,0
2024,2,8476346,CBJ,2024-04-07,2.5428,972,2.3117,884,0.2311,87,0
2024,2,8476346,CBJ,2024-04-06,2.7947,1068,2.304,876,0.4907,192,1
2024,2,8476346,CBJ,2024-04-01,2.4838,1005,2.1397,865,0.3441,140,1
2024,2,8476346,CBJ,2024-03-30,3.8459,1468,2.9996,1145,0.8462,323,1
2024,2,8476346,CBJ,2024-03-28,3.1055,1218,2.9021,1126,0.2034,92,0
2024,2,8476346,CBJ,2024-03-26,2.7367,1061,2.2323,866,0.5044,195,0
2024,2,8476448,VGK,2024-04-18,2.4898,986,1.9435,733,0.4306,182,1
2024,2,8476448,VGK,2024-04-16,2.4845,926,2.3544,867,0.13,59,1
2024,2,8476448,VGK,2024-04-14,2.4998,935,2.1121,760,0.2493,94,1
2024,2,8476448,VGK,2024-04-12,2.7098,1006,2.3465,872,0.2479,78,1
2024,2,8476448,VGK,2024-04-10,2.8226,1005,2.488,859,NA,NA,0
2024,2,8476448,VGK,2024-04-08,2.9396,1120,2.3914,891,0.1932,83,0
2024,2,8476448,VGK,2024-04-05,2.3334,844,1.6332,577,0.5086,180,0
2024,2,8476448,VGK,2024-04-02,2.8153,1050,2.2061,807,0.2934,110,1
2024,2,8476448,VGK,2024-03-30,3.3559,1281,2.742,1009,0.2703,122,0
2024,2,8476448,VGK,2024-03-28,2.8052,1042,2.02,731,0.1791,59,0
2024,2,8478366,ANA,2024-04-18,2.2754,932,2.0147,798,0.1242,71,0
2024,2,8478366,ANA,2024-04-13,2.5809,1150,2.1833,929,0.0929,87,0
2024,2,8478366,ANA,2024-04-12,2.3339,927,1.9883,763,0.1101,60,1
2024,2,8478366,ANA,2024-04-09,3.1262,1307,2.3544,925,0.4124,238,1
2024,2,8478366,ANA,2024-04-07,2.9714,1144,2.7517,1060,0.0888,43,1
2024,2,8478366,ANA,2024-04-05,2.4359,985,1.9049,750,0.1056,53,1
2024,2,8478366,ANA,2024-04-02,2.6459,1024,2.3916,918,0.1444,69,0
2024,2,8478366,ANA,2024-03-31,2.6203,1223,1.8151,829,0.3787,246,0
2024,2,8478366,ANA,2024-03-30,2.6152,1069,2.2541,887,0.1486,86,0
2024,2,8478366,ANA,2024-03-28,2.8324,1229,1.8911,765,0.3706,178,0
2024,2,8477416,SEA,2024-04-18,2.3258,859,1.9585,690,0.3673,169,0
2024,2,8477416,SEA,2024-04-16,2.3219,847,2.2113,779,0.1105,68,0
2024,2,8477416,SEA,2024-04-14,2.6595,981,2.202,792,0.4576,189,0
2024,2,8477416,SEA,2024-04-13,2.6325,978,2.4858,892,0.1466,86,0
2024,2,8477416,SEA,2024-04-11,2.7204,1112,2.1803,914,0.5401,198,1
2024,2,8477416,SEA,2024-04-09,2.3877,911,2.0115,782,0.3762,129,1
2024,2,8477416,SEA,2024-04-05,2.5184,900,2.0646,721,0.4537,179,0
2024,2,8477416,SEA,2024-04-03,2.4709,919,1.8514,646,0.6195,273,0
2024,2,8477416,SEA,2024-04-01,2.246,867,1.9954,746,0.2507,121,0
2024,2,8477416,SEA,2024-03-30,2.9009,1102,2.6273,989,0.2736,113,1
2024,2,8477497,"MTL,WPG",2024-04-18,3.4004,1245,2.319,830,0.696,256,1
2024,2,8477497,"MTL,WPG",2024-04-16,2.8294,1028,2.2263,732,0.508,254,1
2024,2,8477497,"MTL,WPG",2024-04-13,2.3827,812,2.0748,661,0.1715,97,0
2024,2,8477497,"MTL,WPG",2024-04-11,2.8083,994,2.313,780,0.1716,78,0
2024,2,8477497,"MTL,WPG",2024-04-09,2.8272,1063,1.9474,662,0.4247,185,0
2024,2,8477497,"MTL,WPG",2024-04-06,2.7737,1136,2.0527,746,0.3001,141,0
2024,2,8477497,"MTL,WPG",2024-04-04,3.3336,1342,2.405,869,0.7825,399,1
2024,2,8477497,"MTL,WPG",2024-04-01,2.7457,959,2.5783,875,0.1674,84,1
2024,2,8477497,"MTL,WPG",2024-03-30,2.7682,1074,1.861,651,0.5057,244,1
2024,2,8477497,"MTL,WPG",2024-03-28,3.1714,1174,2.1166,717,0.9429,414,1
2024,2,8477949,BUF,2024-04-15,3.8289,1453,3.1694,1167,0.43120000000000003,186,0
2024,2,8477949,BUF,2024-04-13,3.6495,1359,2.884,1042,0.29,131,0
2024,2,8477949,BUF,2024-04-11,3.1359,1121,2.9568,1048,0.1791,73,1
2024,2,8477949,BUF,2024-04-09,3.3097,1315,2.7234,1051,0.4897,223,0
2024,2,8477949,BUF,2024-04-07,3.4339,1327,3.1058,1182,0.2048,83,0
2024,2,8477949,BUF,2024-04-05,3.3898,1299,3.0994,1182,NA,NA,1
2024,2,8477949,BUF,2024-04-02,3.2869,1217,2.9686,1059,0.1302,75,1
2024,2,8477949,BUF,2024-03-30,3.5366,1371,2.1406,768,0.9197,421,1
2024,2,8477949,BUF,2024-03-29,3.3335,1206,2.9119,1067,NA,NA,1
2024,2,8477949,BUF,2024-03-27,2.8919,1087,2.5145,938,0.2484,105,1
2024,2,8478401,BOS,2024-04-16,2.8218,1048,2.2893,800,0.3189,144,1
2024,2,8478401,BOS,2024-04-15,2.768,1008,2.6941,978,NA,NA,0
2024,2,8478401,BOS,2024-04-13,2.9529,1101,2.1922,799,0.5725,222,0
2024,2,8478401,BOS,2024-04-09,2.8656,938,2.3919,793,0.2516,73,1
2024,2,8478401,BOS,2024-04-06,3.1944,1204,2.1537,786,0.9197,367,1
2024,2,8478401,BOS,2024-04-04,2.8242,1096,2.0767,791,0.647,234,0
2024,2,8478401,BOS,2024-04-02,2.6233,957,1.8468,674,0.325,130,0
2024,2,8478401,BOS,2024-03-30,3.2657,1233,2.609,945,0.4471,192,0
2024,2,8478401,BOS,2024-03-27,3.2452,1183,2.7771,982,0.4189,179,0
2024,2,8478401,BOS,2024-03-26,3.4177,1256,2.547,953,0.6972,250,0
2024,2,8480839,BUF,2024-04-15,3.407,1343,2.878,1119,0.4376,188,0
2024,2,8480839,BUF,2024-04-13,3.5229,1418,3.0542,1201,0.1892,82,0
2024,2,8480839,BUF,2024-04-11,3.2266,1286,3.0635,1221,0.1631,65,1
2024,2,8480839,BUF,2024-04-09,3.7218,1489,2.875,1164,0.5971,221,0
2024,2,8480839,BUF,2024-04-07,4.1556,1721,3.8716,1590,0.1908,83,0
2024,2,8480839,BUF,2024-04-05,3.3785,1406,3.207,1331,NA,NA,1
2024,2,8480839,BUF,2024-04-02,3.0551,1265,2.8113,1149,0.1403,75,1
2024,2,8480839,BUF,2024-03-30,3.8269,1549,2.4993,987,1.0659,448,1
2024,2,8480839,BUF,2024-03-29,3.509,1621,3.1929,1494,NA,NA,1
2024,2,8480839,BUF,2024-03-27,3.4906,1373,3.0302,1160,0.2967,132,1
2024,2,8481068,CGY,2024-04-18,2.8728,1052,2.4658,877,0.1116,69,1
2024,2,8481068,CGY,2024-04-16,3.1424,1106,2.437,863,0.6253,154,0
2024,2,8481068,CGY,2024-04-14,3.6442,1344,2.9089,1062,0.5739,230,1
2024,2,8481068,CGY,2024-04-12,3.0071,1060,2.265,775,0.5774,217,0
2024,2,8481068,CGY,2024-04-11,2.7522,1017,2.3089,834,0.2336,73,0
2024,2,8481068,CGY,2024-04-09,2.9576,1076,2.2548,784,0.4575,178,0
2024,2,8481068,CGY,2024-04-06,3.5462,1268,2.5306,877,0.8222,307,1
2024,2,8481068,CGY,2024-04-04,3.2339,1093,2.7454,915,0.2891,103,0
2024,2,8481068,CGY,2024-04-02,2.9958,1070,2.6654,922,0.1601,67,1
2024,2,8481068,CGY,2024-03-30,3.2378,1108,2.1981,757,0.6878,248,1
2024,2,8476853,TOR,2024-04-16,3.3729,1366,2.2906,879,0.7516,316,0
2024,2,8476853,TOR,2024-04-13,3.8111,1452,3.2586,1196,0.5525,256,1
2024,2,8476853,TOR,2024-04-11,3.7059,1459,3.2133,1246,0.488,210,1
2024,2,8476853,TOR,2024-04-09,3.3183,1273,2.6998,1023,0.6185,250,0
2024,2,8476853,TOR,2024-04-08,3.4195,1391,3.2335,1325,0.1491,46,1
2024,2,8476853,TOR,2024-04-06,3.3136,1360,3.1705,1294,0.1379,66,0
2024,2,8476853,TOR,2024-04-03,3.6519,1394,2.8022,1042,0.7407,303,1
2024,2,8476853,TOR,2024-03-24,3.6402,1450,3.2184,1268,0.4044,174,0
2024,2,8476853,TOR,2024-03-23,2.9295,1256,2.4778,1071,0.3124,117,1
2024,2,8476853,TOR,2024-03-20,3.0518,1254,2.5034,1004,0.5485,250,0
2024,2,8478460,CBJ,2024-04-16,4.1344,1638,3.5416,1354,0.3875,166,1
2024,2,8478460,CBJ,2024-04-13,3.5098,1440,3.3801,1377,0.1297,63,0
2024,2,8478460,CBJ,2024-04-11,3.1145,1257,2.7861,1113,0.1665,68,0
2024,2,8478460,CBJ,2024-04-09,3.9561,1575,3.5717,1409,0.3189,128,0
2024,2,8478460,CBJ,2024-04-07,3.5864,1511,3.0547,1261,0.2535,86,0
2024,2,8478460,CBJ,2024-04-06,2.987,1344,2.3268,1044,0.4661,193,1
2024,2,8478460,CBJ,2024-04-04,3.4422,1469,3.0372,1257,0.1847,85,1
2024,2,8478460,CBJ,2024-04-01,3.4028,1496,2.964,1277,0.3164,140,1
2024,2,8478460,CBJ,2024-03-30,4.0466,1644,3.2264,1284,0.7522,321,1
2024,2,8478460,CBJ,2024-03-28,3.8314,1630,3.3316,1382,0.2001,97,0
2024,2,8479675,LAK,2024-04-18,2.8472,1069,2.4139,858,0.3452,174,1
2024,2,8479675,LAK,2024-04-15,2.853,1108,2.3904,906,0.2341,105,1
2024,2,8479675,LAK,2024-04-13,2.9716,1087,2.6175,907,0.23,104,1
2024,2,8479675,LAK,2024-04-11,2.5175,974,2.3629,868,0.1546,106,1
2024,2,8479675,LAK,2024-04-09,2.3163,934,2.0173,795,0.2132,92,0
2024,2,8479675,LAK,2024-04-06,2.3144,854,2.1586,796,NA,NA,1
2024,2,8479675,LAK,2024-04-04,2.9562,1123,2.3659,871,0.3307,148,0
2024,2,8479675,LAK,2024-04-03,2.8511,1062,2.322,823,0.048,35,1
2024,2,8479675,LAK,2024-04-01,3.1161,1141,2.9748,1093,NA,NA,0
2024,2,8479675,LAK,2024-03-30,3.1715,1205,2.5539,992,0.1252,35,0
2024,2,8479999,"BUF,COL",2024-04-18,2.717,919,2.342,810,0.3749,109,1
2024,2,8479999,"BUF,COL",2024-04-14,2.5627,878,2.5627,878,NA,NA,0
2024,2,8479999,"BUF,COL",2024-04-13,2.4745,826,2.4016,806,0.0728,20,1
2024,2,8479999,"BUF,COL",2024-04-09,2.5221,901,2.2787,825,0.2434,76,1
2024,2,8479999,"BUF,COL",2024-04-07,2.9367,1095,2.9367,1095,NA,NA,1
2024,2,8479999,"BUF,COL",2024-04-05,2.5285,971,1.9205,671,0.608,300,0
2024,2,8479999,"BUF,COL",2024-04-04,2.3464,898,2.2311,808,0.1153,90,0
2024,2,8479999,"BUF,COL",2024-04-01,2.7496,1093,2.2793,818,0.4438,267,0
2024,2,8479999,"BUF,COL",2024-03-30,2.3177,978,1.7021,664,0.6156,314,1
2024,2,8479999,"BUF,COL",2024-03-28,2.592,954,2.2793,787,0.3128,167,1
2024,2,8481711,ARI,2024-04-17,1.9822,774,1.8942,742,0.088,32,1
2024,2,8481711,ARI,2024-04-14,1.9985,760,1.8712,706,0.1273,54,0
2024,2,8481711,ARI,2024-04-12,2.3747,899,2.1234,795,0.2513,104,0
2024,2,8481711,ARI,2024-04-10,2.3154,892,1.6645,614,0.6509,278,0
2024,2,8481711,ARI,2024-04-09,2.2644,828,2.1076,779,0.1568,49,0
2024,2,8481711,ARI,2024-04-07,2.1994,861,1.9539,754,0.2455,107,0
2024,2,8481711,ARI,2024-04-05,2.1819,851,1.9871,765,0.1948,86,1
2024,2,8481711,ARI,2024-04-03,2.8082,1105,2.5548,1011,0.2534,94,1
2024,2,8481711,ARI,2024-03-30,2.2059,811,1.9666,716,0.2393,95,1
2024,2,8481711,ARI,2024-03-28,2.5405,1016,2.4105,960,0.13,56,1
2024,2,8482109,NYR,2024-04-15,3.0162,1089,2.684,979,0.3323,110,1
2024,2,8482109,NYR,2024-04-13,2.4195,919,2.4148,916,NA,NA,1
2024,2,8482109,NYR,2024-04-11,2.5395,1001,2.2686,901,0.2663,97,1
2024,2,8482109,NYR,2024-04-09,3.2942,1249,3.2025,1223,0.0917,26,0
2024,2,8482109,NYR,2024-04-07,2.6081,919,2.4887,885,0.1194,34,1
2024,2,8482109,NYR,2024-04-05,2.341,827,2.2274,793,0.1136,34,0
2024,2,8482109,NYR,2024-04-03,3.1225,1120,2.7337,1000,0.3771,116,1
2024,2,8482109,NYR,2024-04-01,2.7633,1033,2.7136,1017,0.0497,16,1
2024,2,8482109,NYR,2024-03-30,2.5712,911,2.5712,911,NA,NA,0
2024,2,8482109,NYR,2024-03-28,3.0386,1088,2.7201,979,0.3185,109,0
2024,2,8474578,PIT,2024-04-17,3.1777,1396,2.8886,1265,0.2891,131,0
2024,2,8474578,PIT,2024-04-15,3.3953,1549,2.5413,1168,0.838,373,1
2024,2,8474578,PIT,2024-04-13,3.3889,1432,3.1469,1327,0.2342,101,1
2024,2,8474578,PIT,2024-04-11,3.6288,1562,3.2218,1402,0.3996,156,1
2024,2,8474578,PIT,2024-04-08,3.6843,1611,2.8023,1222,0.882,389,0
2024,2,8474578,PIT,2024-04-06,3.1494,1343,2.7028,1158,0.3841,155,1
2024,2,8474578,PIT,2024-04-04,3.2801,1390,2.8856,1262,0.3743,120,0
2024,2,8474578,PIT,2024-04-02,3.1814,1314,2.7836,1153,0.3977,161,0
2024,2,8474578,PIT,2024-04-01,2.7028,1232,2.2395,1040,0.4633,192,0
2024,2,8474578,PIT,2024-03-30,3.7184,1540,3.5397,1470,0.1743,67,0
2024,2,8475810,PIT,2024-04-17,2.9458,1162,2.5427,988,0.0961,49,0
2024,2,8475810,PIT,2024-04-15,3.316,1320,2.3378,899,0.8323,371,1
2024,2,8475810,PIT,2024-04-13,3.364,1300,2.6782,1023,0.2119,104,1
2024,2,8475810,PIT,2024-04-11,3.5598,1326,2.6712,978,0.2813,123,1
2024,2,8475810,PIT,2024-04-08,3.2408,1274,2.4849,922,0.6618,322,0
2024,2,8475810,PIT,2024-04-06,3.2951,1308,2.4653,926,0.3594,152,1
2024,2,8475810,PIT,2024-04-04,2.8483,1065,2.0513,766,0.351,128,0
2024,2,8475810,PIT,2024-04-02,2.9891,1113,1.9764,732,0.3724,153,0
2024,2,8475810,PIT,2024-04-01,3.0015,1186,2.2078,844,0.4569,188,0
2024,2,8475810,PIT,2024-03-30,3.5431,1297,2.8735,1037,0.2788,111,0
2024,2,8476906,DET,2024-04-16,3.0867,1245,3.0867,1245,NA,NA,0
2024,2,8476906,DET,2024-04-15,3.4944,1376,3.2909,1308,0.2035,68,1
2024,2,8476906,DET,2024-04-13,2.5101,1053,2.0438,862,0.4663,191,0
2024,2,8476906,DET,2024-04-11,2.582,1091,2.1443,885,0.4376,206,0
2024,2,8476906,DET,2024-04-09,3.1403,1304,2.5863,1064,0.554,240,1
2024,2,8476906,DET,2024-04-07,2.4815,995,2.1895,867,0.292,128,1
2024,2,8476906,DET,2024-04-05,2.9109,1236,2.4324,1043,0.4785,193,1
2024,2,8476906,DET,2024-04-01,2.4798,1093,1.9058,837,0.574,256,0
2024,2,8476906,DET,2024-03-30,2.7491,1151,1.9172,808,0.8319,343,0
2024,2,8476906,DET,2024-03-28,2.4211,986,1.8555,786,0.5656,200,0
2024,2,8477494,COL,2024-04-18,2.3719,898,1.7658,639,0.6061,259,1
2024,2,8477494,COL,2024-04-14,3.1513,1189,2.9065,1069,0.2448,120,0
2024,2,8477494,COL,2024-04-13,3.2128,1226,2.9683,1123,0.2445,103,1
2024,2,8477494,COL,2024-04-09,3.1241,1252,2.4662,928,0.6415,314,1
2024,2,8477494,COL,2024-04-07,3.4514,1472,3.1684,1298,0.2829,174,1
2024,2,8477494,COL,2024-04-05,3.2369,1292,2.5763,961,0.6606,331,0
2024,2,8477494,COL,2024-04-04,3.3572,1276,3.1689,1186,0.1844,90,0
2024,2,8477494,COL,2024-04-01,3.9127,1566,3.1072,1149,0.8056,417,0
2024,2,8477494,COL,2024-03-30,3.3532,1316,2.2102,792,1.143,524,1
2024,2,8477494,COL,2024-03-28,4.3896,1693,4.0691,1525,0.3205,168,1
2024,2,8479420,BUF,2024-04-15,0.5462,191,0.5462,191,NA,NA,0
2024,2,8479420,BUF,2024-04-13,3.1247,1219,2.7573,1085,0.3564,127,0
2024,2,8479420,BUF,2024-04-11,2.8103,1095,2.6395,1020,0.1707,75,1
2024,2,8479420,BUF,2024-04-09,3.591,1310,3.0629,1097,0.5281,213,0
2024,2,8479420,BUF,2024-04-07,3.199,1332,2.8122,1155,0.1851,83,0
2024,2,8479420,BUF,2024-04-05,2.9116,1165,2.9116,1165,NA,NA,1
2024,2,8479420,BUF,2024-04-02,3.1303,1181,2.9762,1106,0.1541,75,1
2024,2,8479420,BUF,2024-03-30,3.3123,1265,2.2303,814,1.0781,449,1
2024,2,8479420,BUF,2024-03-29,2.7208,967,2.7208,967,NA,NA,1
2024,2,8479420,BUF,2024-03-27,2.9855,1143,2.7856,1036,0.1999,105,1
2024,2,8475726,"NJD,WPG",2024-04-18,2.488,1025,2.1168,807,0.3537,210,1
2024,2,8475726,"NJD,WPG",2024-04-16,2.5528,922,2.1146,733,0.4383,189,1
2024,2,8475726,"NJD,WPG",2024-04-13,2.0887,840,2.0176,795,0.0711,45,0
2024,2,8475726,"NJD,WPG",2024-04-11,2.0745,785,1.9956,744,0.0789,41,0
2024,2,8475726,"NJD,WPG",2024-04-09,2.2575,834,2.0977,739,0.1598,95,0
2024,2,8475726,"NJD,WPG",2024-04-06,2.1702,794,1.9712,717,0.199,77,0
2024,2,8475726,"NJD,WPG",2024-04-04,2.1962,821,1.9957,720,0.2006,101,1
2024,2,8475726,"NJD,WPG",2024-03-30,2.1639,863,1.9193,707,0.2369,152,1
2024,2,8475726,"NJD,WPG",2024-03-28,2.8131,1170,2.0405,750,0.7726,420,1
2024,2,8475726,"NJD,WPG",2024-03-26,2.5661,950,2.0406,691,0.5255,259,1
2024,2,8475765,"OTT,FLA",2024-04-16,2.3134,927,1.7933,698,0.5202,229,1
2024,2,8475765,"OTT,FLA",2024-04-13,3.0258,1135,2.3814,821,0.6444,314,1
2024,2,8475765,"OTT,FLA",2024-04-11,2.8221,999,2.4775,864,0.3446,135,1
2024,2,8475765,"OTT,FLA",2024-04-09,2.8168,1052,2.0498,729,0.767,323,1
2024,2,8475765,"OTT,FLA",2024-04-06,2.5317,948,2.0574,726,0.4743,222,0
2024,2,8475765,"OTT,FLA",2024-04-04,1.9987,730,1.8135,633,0.1852,97,0
2024,2,8475765,"OTT,FLA",2024-04-02,2.7026,1066,2.0755,795,0.6271,271,0
2024,2,8475765,"OTT,FLA",2024-04-01,2.3824,948,1.852,703,0.5304,245,0
2024,2,8475765,"OTT,FLA",2024-03-30,2.1041,727,2.049,694,0.055,33,1
2024,2,8475765,"OTT,FLA",2024-03-28,2.3374,834,2.3374,834,NA,NA,1
2024,2,8478047,"CAR,PIT",2024-04-17,2.6463,1096,2.3883,965,0.258,131,0
2024,2,8478047,"CAR,PIT",2024-04-15,2.5764,1114,1.8593,747,0.7171,367,1
2024,2,8478047,"CAR,PIT",2024-04-13,2.4436,1015,2.2408,913,0.2028,102,1
2024,2,8478047,"CAR,PIT",2024-04-11,2.9484,1122,2.6596,1002,0.2888,120,1
2024,2,8478047,"CAR,PIT",2024-04-08,3.0724,1276,2.2619,885,0.8105,391,0
2024,2,8478047,"CAR,PIT",2024-04-06,2.2049,912,1.9383,767,0.2666,145,1
2024,2,8478047,"CAR,PIT",2024-04-04,2.7379,1060,2.4219,927,0.316,133,0
2024,2,8478047,"CAR,PIT",2024-04-02,2.3977,925,2.0205,759,0.3773,166,0
2024,2,8478047,"CAR,PIT",2024-04-01,2.3746,979,1.9478,790,0.4267,189,0
2024,2,8478047,"CAR,PIT",2024-03-30,1.4131,594,1.2981,534,0.1151,60,0
2024,2,8482124,LAK,2024-04-18,2.5265,1004,2.1024,808,0.424,196,1
2024,2,8482124,LAK,2024-04-15,2.2063,829,1.9842,719,0.2187,107,1
2024,2,8482124,LAK,2024-04-13,2.4914,982,2.2975,892,0.1939,90,1
2024,2,8482124,LAK,2024-04-11,2.3062,854,2.1321,761,0.1741,93,1
2024,2,8482124,LAK,2024-04-09,1.7926,654,1.7086,623,0.0841,31,0
2024,2,8482124,LAK,2024-04-06,2.2403,843,2.2403,843,NA,NA,1
2024,2,8482124,LAK,2024-04-04,2.1362,855,1.9022,746,0.234,109,0
2024,2,8482124,LAK,2024-04-03,2.784,997,2.7075,942,0.0766,55,1
2024,2,8482124,LAK,2024-04-01,2.7562,977,2.7562,977,NA,NA,0
2024,2,8482124,LAK,2024-03-30,2.9685,1133,2.7266,1067,0.2287,62,0
2024,2,8475151,NYI,2024-04-17,3.1285,1265,2.5691,989,0.3993,199,1
2024,2,8475151,NYI,2024-04-15,2.6363,1057,2.0261,767,0.135,86,0
2024,2,8475151,NYI,2024-04-13,3.1268,1212,2.2001,856,0.7738,264,0
2024,2,8475151,NYI,2024-04-11,2.6386,944,2.0703,744,0.5682,200,1
2024,2,8475151,NYI,2024-04-09,2.5252,1062,2.0913,868,0.2003,92,1
2024,2,8475151,NYI,2024-04-06,2.6586,1090,2.3519,950,0.1018,46,1
2024,2,8475151,NYI,2024-04-04,2.6981,979,2.317,835,0.3054,112,0
2024,2,8475151,NYI,2024-04-02,2.8443,1078,2.4087,912,0.2605,87,1
2024,2,8475151,NYI,2024-04-01,2.6571,1043,2.1885,840,0.2783,118,0
2024,2,8475151,NYI,2024-03-30,2.4427,918,2.3725,874,NA,NA,0
2024,2,8476399,CGY,2024-04-18,2.5474,930,2.4117,879,0.1358,51,1
2024,2,8476399,CGY,2024-04-09,2.702,988,2.4136,871,0.1303,64,0
2024,2,8476399,CGY,2024-04-06,2.7945,1021,2.3129,839,0.1859,62,1
2024,2,8476399,CGY,2024-04-04,2.4479,896,2.0266,708,0.1048,48,0
2024,2,8476399,CGY,2024-04-02,3.0026,1070,2.7471,982,0.143,47,1
2024,2,8476399,CGY,2024-03-30,2.9374,1065,2.4018,880,0.3108,118,1
2024,2,8476399,CGY,2024-03-28,2.808,1000,2.4097,866,NA,NA,0
2024,2,8476399,CGY,2024-03-26,2.866,1016,2.85,1005,NA,NA,0
2024,2,8476399,CGY,2024-03-24,3.2154,1113,3.172,1097,NA,NA,1
2024,2,8476399,CGY,2024-03-23,2.854,1002,2.5764,884,0.2021,83,0
2024,2,8478873,ANA,2024-04-18,2.4265,931,2.4265,931,NA,NA,0
2024,2,8478873,ANA,2024-04-13,3.0853,1255,2.9225,1094,0.1628,161,0
2024,2,8478873,ANA,2024-04-12,2.9673,1076,2.7786,1015,0.1887,61,1
2024,2,8478873,ANA,2024-04-09,2.7877,1057,2.4352,926,0.3525,131,1
2024,2,8478873,ANA,2024-04-07,2.9936,1123,2.4899,922,0.4928,198,1
2024,2,8478873,ANA,2024-04-05,2.9576,1097,2.7729,1030,0.1847,67,1
2024,2,8478873,ANA,2024-04-02,3.5018,1266,3.411,1218,0.0771,42,0
2024,2,8478873,ANA,2024-03-31,3.062,1255,2.4223,961,0.6397,294,0
2024,2,8478873,ANA,2024-03-30,2.7373,1039,2.6018,976,0.1355,63,0
2024,2,8478873,ANA,2024-03-28,2.6111,1035,2.243,858,0.368,177,0
2024,2,8480036,DAL,2024-04-17,4.2755,1821,3.7619,1581,0.5136,239,1
2024,2,8480036,DAL,2024-04-13,3.2075,1366,2.7346,1136,0.3559,158,1
2024,2,8480036,DAL,2024-04-11,3.614,1493,3.3188,1383,0.2953,110,1
2024,2,8480036,DAL,2024-04-09,2.9381,1281,2.5297,1133,0.3826,137,1
2024,2,8480036,DAL,2024-04-07,3.5555,1587,3.1349,1420,0.3619,124,0
2024,2,8480036,DAL,2024-04-06,3.9348,1606,3.4474,1387,0.4874,219,0
2024,2,8480036,DAL,2024-04-03,3.1454,1334,2.5169,1068,0.6285,266,1
2024,2,8480036,DAL,2024-03-30,3.4684,1419,3.0218,1245,0.4466,174,0
2024,2,8480036,DAL,2024-03-28,3.4295,1494,2.5103,1084,0.7637,323,0
2024,2,8480036,DAL,2024-03-26,3.4507,1368,2.5961,1011,0.6786,272,0
2024,2,8480798,CHI,2024-04-18,2.9418,995,2.7795,922,0.1623,73,0
2024,2,8480798,CHI,2024-04-16,3.2143,1121,3.0065,1050,0.2077,71,0
2024,2,8480798,CHI,2024-04-14,3.4261,1140,2.727,905,0.6991,235,1
2024,2,8480798,CHI,2024-04-12,3.3477,1136,2.6158,838,0.7319,298,1
2024,2,8480798,CHI,2024-04-10,3.3187,1041,2.985,919,0.3337,122,0
2024,2,8480798,CHI,2024-04-07,2.9371,1007,2.9371,1007,NA,NA,1
2024,2,8480798,CHI,2024-04-06,3.673,1294,3.2561,1151,0.39,132,1
2024,2,8480798,CHI,2024-04-02,3.6806,1342,3.4295,1237,0.22,96,0
2024,2,8480798,CHI,2024-03-30,3.4153,1092,3.0435,965,0.3718,127,0
2024,2,8480798,CHI,2024-03-28,3.3615,1153,2.8516,983,0.5099,170,0
2024,2,8475913,VGK,2024-02-20,1.8894,794,1.2624,482,0.4035,205,1
2024,2,8475913,VGK,2024-02-19,2.5253,1059,1.9526,753,0.4842,251,0
2024,2,8475913,VGK,2024-02-17,2.482,1084,2.2489,942,0.2332,142,1
2024,2,8475913,VGK,2024-02-12,2.8718,1271,2.2369,917,0.5509,307,1
2024,2,8475913,VGK,2024-02-08,2.5282,1031,2.2978,910,0.1346,76,0
2024,2,8475913,VGK,2024-02-06,2.8346,1116,2.5225,949,0.2861,143,1
2024,2,8475913,VGK,2024-01-27,3.0294,1294,2.528,1047,0.3211,157,0
2024,2,8475913,VGK,2024-01-26,3.1981,1263,2.7167,1042,0.2105,96,0
2024,2,8475913,VGK,2024-01-23,3.1591,1364,2.5181,1028,0.3897,212,0
2024,2,8475913,VGK,2024-01-22,2.8337,1133,2.6862,1063,NA,NA,0
2024,2,8476882,CAR,2024-04-16,2.3329,948,1.3224,470,0.7279,354,0
2024,2,8476882,CAR,2024-04-09,2.245,876,1.6328,619,0.3043,133,0
2024,2,8476882,CAR,2024-04-07,2.0164,759,1.7568,648,0.1465,64,1
2024,2,8476882,CAR,2024-04-05,2.4594,993,1.7443,682,0.3303,159,1
2024,2,8476882,CAR,2024-04-04,2.2631,892,1.7451,678,0.113,46,1
2024,2,8476882,CAR,2024-03-30,2.3188,928,1.9886,769,0.0715,36,0
2024,2,8476882,CAR,2024-03-28,2.6515,1008,2.2675,853,0.0974,36,1
2024,2,8476882,CAR,2024-03-26,1.9402,752,1.5711,593,0.2241,94,0
2024,2,8476882,CAR,2024-03-24,2.7019,1022,2.187,791,0.1582,64,1
2024,2,8476882,CAR,2024-03-22,2.6298,1002,2.239,845,0.1146,47,0
2024,2,8477501,COL,2024-04-18,3.3774,1139,2.4958,791,0.6132,253,1
2024,2,8477501,COL,2024-04-14,3.3489,1152,3.0613,1001,0.23,120,0
2024,2,8477501,COL,2024-04-13,2.8065,972,2.447,826,0.2258,102,1
2024,2,8477501,COL,2024-04-09,3.3379,1238,2.4593,828,0.61,317,1
2024,2,8477501,COL,2024-04-07,3.4861,1293,3.0147,1068,0.2978,170,1
2024,2,8477501,COL,2024-04-05,3.2784,1183,2.4464,843,0.415,212,0
2024,2,8477501,COL,2024-03-26,2.7239,1045,1.9147,688,0.6255,281,1
2024,2,8477501,COL,2024-03-24,3.4441,1231,2.6567,927,0.5067,213,1
2024,2,8477501,COL,2024-03-22,3.0612,1182,2.6682,949,0.393,233,1
2024,2,8477501,COL,2024-03-19,3.3731,1314,2.8729,1034,0.3355,227,0
2024,2,8478975,DAL,2024-04-17,2.8483,1011,2.6207,913,0.2276,98,1
2024,2,8478975,DAL,2024-04-13,2.4224,857,2.3716,817,0.0508,40,1
2024,2,8478975,DAL,2024-04-11,2.6091,981,2.3078,832,0.3013,149,1
2024,2,8478975,DAL,2024-04-09,2.4815,903,2.2456,768,0.236,135,1
2024,2,8478975,DAL,2024-04-07,2.3055,842,2.0198,711,0.2858,131,0
2024,2,8478975,DAL,2024-04-06,2.0654,756,1.9165,681,0.1489,75,0
2024,2,8478975,DAL,2024-04-03,2.3504,856,2.3504,856,NA,NA,1
2024,2,8478975,DAL,2024-03-30,2.6303,1004,2.3454,869,0.2848,135,0
2024,2,8478975,DAL,2024-03-28,2.2398,872,2.0814,790,0.1584,82,0
2024,2,8478975,DAL,2024-03-26,2.6979,1059,2.3248,893,0.3731,166,0
2024,2,8480015,PHI,2024-04-16,3.3289,1249,3.193,1190,0.1359,59,1
2024,2,8480015,PHI,2024-04-13,2.3068,818,1.8436,655,0.4632,163,1
2024,2,8480015,PHI,2024-04-11,2.321,878,1.835,687,0.486,191,0
2024,2,8480015,PHI,2024-04-09,2.6715,986,2.4017,855,0.2698,131,0
2024,2,8480015,PHI,2024-04-06,2.614,970,2.3527,844,0.2613,126,0
2024,2,8480015,PHI,2024-04-05,3.0845,1152,2.7232,1023,0.3613,129,0
2024,2,8480015,PHI,2024-04-01,2.7627,1032,2.5177,903,0.245,129,1
2024,2,8480015,PHI,2024-03-30,2.9305,1043,2.5654,902,0.3651,141,1
2024,2,8480015,PHI,2024-03-28,2.5782,1010,2.1695,806,0.4087,204,0
2024,2,8480015,PHI,2024-03-26,2.996,1048,2.56,865,0.436,183,0
2024,2,8480039,CAR,2024-04-16,2.9354,1065,2.1815,678,0.7335,379,0
2024,2,8480039,CAR,2024-04-14,2.7477,946,2.3273,766,0.4203,180,0
2024,2,8480039,CAR,2024-04-12,2.9366,972,2.6632,871,0.2734,101,0
2024,2,8480039,CAR,2024-04-09,2.7532,850,2.4476,767,0.3056,83,0
2024,2,8480039,CAR,2024-04-07,3.2916,1117,2.6953,848,0.5962,269,1
2024,2,8480039,CAR,2024-04-05,2.8016,935,2.4435,815,0.3581,120,1
2024,2,8480039,CAR,2024-04-04,2.7893,956,2.5214,844,0.2679,112,1
2024,2,8480039,CAR,2024-03-30,2.7272,926,2.5767,876,0.1132,37,0
2024,2,8480039,CAR,2024-03-28,2.8482,937,2.7073,895,0.1409,42,1
2024,2,8480039,CAR,2024-03-26,3.0213,998,2.7361,907,0.2853,91,0
2024,2,8474590,WSH,2024-04-16,3.5587,1760,3.3999,1664,NA,NA,0
2024,2,8474590,WSH,2024-04-15,3.9643,1773,3.6854,1657,0.2788,116,1
2024,2,8474590,WSH,2024-04-13,3.5047,1645,2.8414,1280,0.4698,245,1
2024,2,8474590,WSH,2024-04-11,3.3938,1494,3.261,1429,NA,NA,0
2024,2,8474590,WSH,2024-04-09,3.9152,1781,3.3289,1467,0.2977,115,0
2024,2,8474590,WSH,2024-04-07,3.736,1738,2.9363,1309,0.5911,312,1
2024,2,8474590,WSH,2024-04-05,3.3125,1509,2.6496,1155,0.3688,158,0
2024,2,8474590,WSH,2024-04-04,3.703,1502,2.6907,1075,0.708,277,1
2024,2,8474590,WSH,2024-04-02,3.2159,1434,2.7943,1213,0.3184,146,0
2024,2,8474590,WSH,2024-03-30,3.9494,1816,3.0046,1305,0.7012,380,1
2024,2,8475794,DAL,2024-04-13,2.8892,1071,2.375,871,0.3066,108,1
2024,2,8475794,DAL,2024-04-11,2.4718,930,2.1709,793,0.3009,137,1
2024,2,8475794,DAL,2024-04-09,2.6217,1028,2.05,773,0.2754,140,1
2024,2,8475794,DAL,2024-04-07,2.5649,889,2.1963,727,0.2814,118,0
2024,2,8475794,DAL,2024-04-03,2.5482,951,2.1215,740,0.0963,41,1
2024,2,8475794,DAL,2024-03-30,2.5489,964,2.313,851,0.2359,113,0
2024,2,8475794,DAL,2024-03-28,2.6164,1015,2.0764,754,0.2533,138,0
2024,2,8475794,DAL,2024-03-24,2.7595,1045,2.0741,768,0.4208,190,0
2024,2,8475794,DAL,2024-03-22,2.6946,984,2.5427,913,0.0934,46,1
2024,2,8475794,DAL,2024-03-20,2.4472,884,2.1678,757,0.205,95,1
2024,2,8476456,CGY,2024-04-18,2.8327,1044,2.7236,975,0.109,69,1
2024,2,8476456,CGY,2024-04-16,2.7597,1029,2.3726,870,0.387,159,0
2024,2,8476456,CGY,2024-04-14,2.457,946,1.9783,708,0.4788,238,1
2024,2,8476456,CGY,2024-04-12,2.9225,1085,2.4183,880,0.5042,205,0
2024,2,8476456,CGY,2024-04-11,2.8022,993,2.6399,917,0.1623,76,0
2024,2,8476456,CGY,2024-04-09,2.969,1120,2.5856,925,0.3478,181,0
2024,2,8476456,CGY,2024-04-06,2.4369,1011,1.7712,694,0.6446,309,1
2024,2,8476456,CGY,2024-04-04,2.5213,952,2.2877,845,0.2165,101,0
2024,2,8476456,CGY,2024-04-02,3.0257,1106,2.9395,1047,0.0862,59,1
2024,2,8476456,CGY,2024-03-30,2.5793,982,2.1575,788,0.4218,194,1
2024,2,8477346,CGY,2024-04-18,3.4437,1428,3.1619,1250,0.0978,69,1
2024,2,8477346,CGY,2024-04-16,3.4126,1360,2.765,1114,0.5854,177,0
2024,2,8477346,CGY,2024-04-14,3.8978,1684,3.0747,1260,0.4957,237,1
2024,2,8477346,CGY,2024-04-12,3.5456,1423,2.6666,1062,0.648,248,0
2024,2,8477346,CGY,2024-04-11,3.2114,1321,2.8139,1086,0.1985,75,0
2024,2,8477346,CGY,2024-04-09,3.6928,1583,2.9464,1156,0.3005,140,0
2024,2,8477346,CGY,2024-04-06,4.162,1791,2.9287,1196,0.7089,304,1
2024,2,8477346,CGY,2024-04-04,3.6552,1604,2.765,1152,0.2439,107,0
2024,2,8477346,CGY,2024-04-02,3.9646,1685,3.652,1507,0.1133,67,1
2024,2,8477346,CGY,2024-03-30,3.5911,1544,2.3934,1000,0.6963,269,1
2024,2,8478414,NJD,2024-04-15,3.5844,1306,3.0237,1035,0.5607,271,1
2024,2,8478414,NJD,2024-04-13,3.5244,1257,3.3694,1196,0.155,61,0
2024,2,8478414,NJD,2024-04-11,3.3317,1246,2.7297,993,0.6019,253,0
2024,2,8478414,NJD,2024-04-09,3.0501,1159,2.8198,1027,0.2303,132,1
2024,2,8478414,NJD,2024-04-07,3.033,1137,2.5797,943,0.4533,194,1
2024,2,8478414,NJD,2024-04-06,3.1191,1166,2.8114,1037,0.3077,129,0
2024,2,8478414,NJD,2024-04-03,3.8237,1407,3.1631,1138,0.6607,269,0
2024,2,8478414,NJD,2024-04-02,3.0172,1215,2.4418,942,0.5754,273,1
2024,2,8478414,NJD,2024-03-29,3.0682,1183,2.492,937,0.5762,246,0
2024,2,8478414,NJD,2024-03-26,3.1283,1204,2.8251,1037,0.3031,167,0
2024,2,8480830,CAR,2024-04-14,2.3298,920,2.169,809,0.1608,111,0
2024,2,8480830,CAR,2024-04-12,2.8346,1036,2.5341,930,0.3005,106,0
2024,2,8480830,CAR,2024-04-09,2.4764,906,2.2704,825,0.206,81,0
2024,2,8480830,CAR,2024-04-07,2.5415,976,2.1248,789,0.4167,187,1
2024,2,8480830,CAR,2024-04-04,2.6028,1039,2.3364,869,0.2665,170,1
2024,2,8480830,CAR,2024-03-30,2.311,948,2.1181,822,0.1928,126,0
2024,2,8480830,CAR,2024-03-28,2.6657,1030,2.4269,900,0.2388,130,1
2024,2,8480830,CAR,2024-03-26,2.4367,963,2.0582,817,0.3785,146,0
2024,2,8480830,CAR,2024-03-24,2.0974,878,1.6694,641,0.428,237,1
2024,2,8480830,CAR,2024-03-22,2.8153,1015,2.5502,884,0.2651,131,0
2024,2,8471724,PIT,2024-04-17,3.7294,1542,3.3789,1387,NA,NA,0
2024,2,8471724,PIT,2024-04-15,3.3467,1428,2.9732,1282,0.2396,89,1
2024,2,8471724,PIT,2024-04-13,3.667,1510,2.9664,1189,0.2209,94,1
2024,2,8471724,PIT,2024-04-11,3.5512,1490,2.7788,1154,0.1979,85,1
2024,2,8471724,PIT,2024-04-08,3.5137,1444,3.0121000000000002,1259,0.4125,149,0
2024,2,8471724,PIT,2024-04-06,3.4737,1514,2.7957,1122,0.1974,85,1
2024,2,8471724,PIT,2024-04-04,3.1466,1342,2.5443,1078,0.2904,120,0
2024,2,8471724,PIT,2024-04-02,3.1907,1353,2.4688,1078,0.284,105,0
2024,2,8471724,PIT,2024-04-01,3.495,1528,3.0489,1312,0.2065,77,0
2024,2,8471724,PIT,2024-03-30,3.7686,1619,2.9843,1229,0.2658,111,0
2024,2,8474641,"ANA,EDM",2024-04-18,3.1632,1192,2.6238,983,0.3079,116,0
2024,2,8474641,"ANA,EDM",2024-04-17,2.4495,922,2.368,890,NA,NA,0
2024,2,8474641,"ANA,EDM",2024-04-15,2.4848,925,2.474,919,NA,NA,1
2024,2,8474641,"ANA,EDM",2024-04-13,2.5269,919,2.3659,840,NA,NA,1
2024,2,8474641,"ANA,EDM",2024-04-12,2.4742,963,2.2329,871,NA,NA,1
2024,2,8474641,"ANA,EDM",2024-04-10,2.5918,868,2.5918,868,NA,NA,1
2024,2,8474641,"ANA,EDM",2024-04-06,2.1789,890,2.1696,888,NA,NA,0
2024,2,8474641,"ANA,EDM",2024-04-05,1.8931,695,1.8931,695,NA,NA,1
2024,2,8474641,"ANA,EDM",2024-04-03,2.0211,761,1.7886,665,0.1059,44,0
2024,2,8474641,"ANA,EDM",2024-04-01,2.3273,828,1.7891,653,0.2654,80,0
2024,2,8476905,VGK,2024-04-14,3.053,1069,2.627,910,0.3637,129,1
2024,2,8476905,VGK,2024-04-12,2.5753,1056,1.9464,729,0.3645,199,1
2024,2,8476905,VGK,2024-04-08,3.2305,1192,2.3494,848,0.5518,190,0
2024,2,8476905,VGK,2024-04-05,2.9063,1066,2.1601,734,0.673,299,0
2024,2,8476905,VGK,2024-04-02,2.6952,1095,1.6753,610,0.7425,331,1
2024,2,8476905,VGK,2024-03-30,3.3485,1250,2.4709,849,0.5804,270,0
2024,2,8476905,VGK,2024-03-28,2.9043,1100,2.3129,809,0.0795,56,0
2024,2,8476905,VGK,2024-03-26,2.577,940,2.1212,746,0.3895,155,0
2024,2,8476905,VGK,2024-03-25,3.4879,1290,2.8759,1034,0.3588,162,0
2024,2,8476905,VGK,2024-03-23,2.6365,984,2.3497,858,0.1307,70,1
2024,2,8474563,LAK,2024-04-18,3.2607,1411,2.9849,1275,0.2378,116,1
2024,2,8474563,LAK,2024-04-15,3.923,1632,2.964,1230,0.7173,279,1
2024,2,8474563,LAK,2024-04-13,3.5766,1584,2.7056,1204,0.7422,322,1
2024,2,8474563,LAK,2024-04-11,3.3389,1411,2.7391,1132,0.4943,234,1
2024,2,8474563,LAK,2024-04-09,3.8261,1599,2.9838,1234,0.5852,240,0
2024,2,8474563,LAK,2024-04-06,3.1524,1500,2.461,1118,0.468,233,1
2024,2,8474563,LAK,2024-04-04,3.9831,1774,2.8588,1271,0.7734,356,0
2024,2,8474563,LAK,2024-04-03,3.3815,1493,2.4924,1050,0.566,262,1
2024,2,8474563,LAK,2024-04-01,3.6345,1452,3.5051,1395,NA,NA,0
2024,2,8474563,LAK,2024-03-30,3.7105,1625,2.7107,1150,0.5921,264,0
2024,2,8478038,COL,2024-04-18,3.0866,1250,2.5952,1046,0.39,154,1
2024,2,8478038,COL,2024-04-14,3.2127,1414,2.8762,1202,0.0187,11,0
2024,2,8478038,COL,2024-04-13,3.6302,1512,3.4667,1429,0.091,35,1
2024,2,8478038,COL,2024-04-09,2.9554,1254,2.3705,980,0.3573,142,1
2024,2,8478038,COL,2024-04-07,3.017,1247,2.8792,1179,0.0278,9,1
2024,2,8478038,COL,2024-04-05,3.0377,1368,2.2521,981,0.3297,128,0
2024,2,8478038,COL,2024-04-04,2.6068,1245,2.2805,1022,NA,NA,0
2024,2,8478038,COL,2024-04-01,3.3465,1392,3.1228,1272,0.0344,14,0
2024,2,8478038,COL,2024-03-30,3.3037,1479,2.3009,1007,0.4319,182,1
2024,2,8478038,COL,2024-03-28,3.8239,1602,3.49,1432,0.1528,71,1
2024,2,8480797,PHI,2024-04-16,2.6432,990,2.5161,933,0.1271,57,1
2024,2,8480797,PHI,2024-04-13,1.8128,667,1.4987,524,0.3141,143,1
2024,2,8480797,PHI,2024-04-11,1.9407,711,1.4773,531,0.4634,180,0
2024,2,8480797,PHI,2024-04-09,2.2272,814,2.0292,741,0.198,73,0
2024,2,8480797,PHI,2024-04-06,2.3835,947,2.1333,833,0.2502,114,0
2024,2,8480797,PHI,2024-04-05,1.5398,598,1.2254,485,0.3144,113,0
2024,2,8480797,PHI,2024-04-01,2.5244,913,2.1712,784,0.3531,129,1
2024,2,8480797,PHI,2024-03-30,2.6179,936,2.1604,738,0.4575,198,1
2024,2,8480797,PHI,2024-03-28,2.8011,1081,2.1767,848,0.6196,231,0
2024,2,8480797,PHI,2024-03-26,2.6145,943,2.0318,749,0.5826,194,0
2024,2,8482175,BUF,2024-04-15,3.6769,1391,3.2369,1201,0.44,190,0
2024,2,8482175,BUF,2024-04-13,3.5652,1289,3.1974,1159,0.3678,130,0
2024,2,8482175,BUF,2024-04-11,2.906,1116,2.7047,1035,0.2012,81,1
2024,2,8482175,BUF,2024-04-09,3.6702,1344,3.0921,1114,0.578,230,0
2024,2,8482175,BUF,2024-04-07,3.4262,1367,3.2025,1284,0.2236,83,0
2024,2,8482175,BUF,2024-04-05,3.2356,1227,3.2356,1227,NA,NA,1
2024,2,8482175,BUF,2024-04-02,2.9883,1121,2.822,1046,0.1664,75,1
2024,2,8482175,BUF,2024-03-30,3.4353,1302,2.3591,876,1.0761,426,1
2024,2,8482175,BUF,2024-03-29,2.7952,1008,2.7952,1008,NA,NA,1
2024,2,8482175,BUF,2024-03-27,3.4252,1298,3.1959,1191,0.2294,107,1
2024,2,8483515,MTL,2024-04-16,3.1139,1375,2.7027,1110,0.4112,265,1
2024,2,8483515,MTL,2024-04-15,3.161,1228,3.161,1228,NA,NA,0
2024,2,8483515,MTL,2024-04-13,2.8328,1136,2.4302,906,0.4026,230,0
2024,2,8483515,MTL,2024-04-11,2.6645,1053,2.6645,1053,NA,NA,0
2024,2,8483515,MTL,2024-04-09,2.25,898,2.25,898,NA,NA,1
2024,2,8483515,MTL,2024-04-07,2.6438,1111,2.344,991,0.2997,120,0
2024,2,8483515,MTL,2024-04-06,2.8309,1134,2.8141,1122,0.0168,12,1
2024,2,8483515,MTL,2024-04-04,3.2339,1364,2.5774,1033,0.6545,330,1
2024,2,8483515,MTL,2024-04-02,2.5177,1126,1.8634,774,0.6543,352,1
2024,2,8483515,MTL,2024-03-30,3.2331,1241,2.8258,1031,0.4074,210,1
2024,2,8477456,DET,2024-04-16,2.4788,980,2.2105,816,NA,NA,0
2024,2,8477456,DET,2024-04-15,3.0606,1199,2.9751,1144,0.0855,55,1
2024,2,8477456,DET,2024-04-13,2.8125,1105,2.2264,801,0.1437,74,0
2024,2,8477456,DET,2024-04-11,3.561,1313,2.9954,1063,0.3567,147,0
2024,2,8477456,DET,2024-04-09,2.7902,1074,2.6025,988,NA,NA,1
2024,2,8477456,DET,2024-04-07,3.2049,1241,2.9346,1133,0.0317,14,1
2024,2,8477456,DET,2024-04-05,3.0813,1157,2.6132,951,0.1687,69,1
2024,2,8477456,DET,2024-04-01,3.3969,1381,2.4236,918,0.5763,251,0
2024,2,8477456,DET,2024-03-30,3.2515,1282,2.5706,956,0.5368,239,0
2024,2,8477456,DET,2024-03-28,3.0514,1100,2.4258,859,0.4823,174,0
2024,2,8479425,VAN,2024-04-16,3.0068,1238,2.8837,1188,0.1103,43,1
2024,2,8479425,VAN,2024-04-13,2.8097,1256,2.4624,1088,0.1407,58,0
2024,2,8479425,VAN,2024-04-10,3.5066,1520,2.6288,1097,0.2775,108,1
2024,2,8479425,VAN,2024-04-08,2.9758,1270,2.8161,1187,0.103,49,1
2024,2,8479425,VAN,2024-04-06,3.1827,1325,2.8255,1137,0.2093,70,0
2024,2,8479425,VAN,2024-04-03,3.0887,1326,2.7453,1172,0.2598,117,0
2024,2,8479425,VAN,2024-04-02,3.6624,1531,3.1289,1273,0.2279,87,0
2024,2,8479425,VAN,2024-03-31,2.902,1257,2.0387,842,0.4689,183,1
2024,2,8479425,VAN,2024-03-28,3.1207,1251,2.7159,1048,0.211,78,1
2024,2,8479425,VAN,2024-03-25,3.2673,1317,2.9926,1189,0.075,44,1
2024,2,8474102,DET,2024-04-16,3.0863,1192,3.0863,1192,NA,NA,0
2024,2,8474102,DET,2024-04-15,2.612,1072,2.4739,1013,0.1381,59,1
2024,2,8474102,DET,2024-04-13,2.4452,963,2.1873,843,0.2579,120,0
2024,2,8474102,DET,2024-04-11,2.8505,1152,2.5008,945,0.3496,207,0
2024,2,8474102,DET,2024-04-09,2.9826,1221,2.5511,981,0.4315,240,1
2024,2,8474102,DET,2024-04-07,2.5944,1054,2.3628,926,0.2316,128,1
2024,2,8474102,DET,2024-04-05,2.9847,1105,2.6063,931,0.3784,174,1
2024,2,8474102,DET,2024-04-01,2.7117,1131,2.2779,881,0.4338,250,0
2024,2,8474102,DET,2024-03-30,2.7776,1083,2.2369,818,0.5408,265,0
2024,2,8474102,DET,2024-03-28,2.7273,1035,2.3164,839,0.411,196,0
2024,2,8474141,DET,2024-04-16,3.6798,1325,3.6798,1325,NA,NA,0
2024,2,8474141,DET,2024-04-15,3.3865,1178,3.2033,1117,0.1832,61,1
2024,2,8474141,DET,2024-04-13,2.7436,1013,2.2457,829,0.4979,184,0
2024,2,8474141,DET,2024-04-11,3.4753,1228,2.8564,987,0.6189,241,0
2024,2,8474141,DET,2024-04-09,3.4186,1308,2.9034,1071,0.5152,237,1
2024,2,8474141,DET,2024-04-07,2.5792,978,2.293,850,0.2862,128,1
2024,2,8474141,DET,2024-04-05,3.4784,1292,3.056,1118,0.4223,174,1
2024,2,8474141,DET,2024-04-01,2.4888,934,2.2394,832,0.2494,102,0
2024,2,8474141,DET,2024-03-30,3.7672,1386,3.0357,1101,0.7315,285,0
2024,2,8474141,DET,2024-03-26,3.2201,1109,2.9829,1033,0.2372,76,0
2024,2,8476479,LAK,2024-04-18,2.9818,1096,2.5139,882,0.4169,177,1
2024,2,8476479,LAK,2024-04-15,2.6023,1028,2.097,796,0.3107,129,1
2024,2,8476479,LAK,2024-04-13,3.1416,1182,2.842,1021,0.2225,85,1
2024,2,8476479,LAK,2024-04-11,2.669,1005,2.3496,851,0.2365,108,1
2024,2,8476479,LAK,2024-04-09,2.5997,994,2.437,917,NA,NA,0
2024,2,8476479,LAK,2024-04-06,2.5236,913,2.2754,801,NA,NA,1
2024,2,8476479,LAK,2024-03-28,2.8943,1043,2.5613,900,0.2349,76,0
2024,2,8476479,LAK,2024-03-25,3.0781,1172,2.7074,1008,0.2605,98,0
2024,2,8476479,LAK,2024-03-23,3.1238,1222,2.5836,994,0.4054,140,1
2024,2,8476479,LAK,2024-03-20,2.8599,1123,2.4582,935,0.3743,173,1
2024,2,8476869,CAR,2024-04-12,2.9911,1285,2.7368,1168,0.1633,64,0
2024,2,8476869,CAR,2024-04-09,3.1259,1210,2.7355,1034,0.2277,84,0
2024,2,8476869,CAR,2024-04-07,2.9253,1275,2.4626,1063,0.3722,173,1
2024,2,8476869,CAR,2024-04-05,3.0044,1243,2.4424,982,0.3443,142,1
2024,2,8476869,CAR,2024-04-04,2.8699,1200,2.387,962,0.1798,71,1
2024,2,8476869,CAR,2024-03-30,2.9212,1202,2.4554,986,0.0834,36,0
2024,2,8476869,CAR,2024-03-28,2.8681,1195,2.6689,1099,0.0915,36,1
2024,2,8476869,CAR,2024-03-26,3.1829,1324,2.6414,1083,0.2667,116,0
2024,2,8476869,CAR,2024-03-24,2.9369,1336,2.3834,1039,0.1283,59,1
2024,2,8476869,CAR,2024-03-22,3.449,1399,2.8419,1136,0.1809,63,0
2024,2,8477503,TOR,2024-04-13,2.5645,1013,2.4123,942,0.1521,71,1
2024,2,8477503,TOR,2024-04-11,1.7351,694,1.5166,617,0.2185,77,1
2024,2,8477503,TOR,2024-04-09,2.0303,782,1.941,739,0.0893,43,0
2024,2,8477503,TOR,2024-04-08,2.7102,1040,2.7022,1040,NA,NA,1
2024,2,8477503,TOR,2024-04-06,2.3716,920,2.2612,870,0.1104,50,0
2024,2,8477503,TOR,2024-04-03,2.7765,1094,2.1344,822,0.6421,272,1
2024,2,8477503,TOR,2024-04-01,2.5815,1008,2.0473,778,0.508,220,1
2024,2,8477503,TOR,2024-03-30,1.9417,738,1.6469,625,0.2949,113,0
2024,2,8477503,TOR,2024-03-28,2.6347,929,2.6347,929,NA,NA,1
2024,2,8477503,TOR,2024-03-26,2.7246,996,2.6765,976,0.0481,20,1
2024,2,8478396,"CGY,VGK",2024-04-16,3.4168,1401,3.1959,1295,0.1459,68,1
2024,2,8478396,"CGY,VGK",2024-04-14,3.7743,1517,3.0537,1206,0.6045,232,1
2024,2,8478396,"CGY,VGK",2024-04-12,2.8688,1317,2.1129,923,0.4028,198,1
2024,2,8478396,"CGY,VGK",2024-04-10,3.4665,1393,3.0933,1209,NA,NA,0
2024,2,8478396,"CGY,VGK",2024-04-08,3.4802,1462,2.6048,1074,0.5975,237,0
2024,2,8478396,"CGY,VGK",2024-04-05,3.309,1433,2.5579,1067,0.6577,306,0
2024,2,8478396,"CGY,VGK",2024-04-02,3.3836,1491,2.3157,979,0.8193,350,1
2024,2,8478396,"CGY,VGK",2024-03-30,3.4725,1443,2.8475,1146,0.4089,170,0
2024,2,8478396,"CGY,VGK",2024-03-28,3.1753,1380,2.4456,1007,0.0644,26,0
2024,2,8478396,"CGY,VGK",2024-03-26,3.3316,1376,2.9215,1192,0.3128,106,0
2024,2,8478856,VAN,2024-04-18,2.6278,968,2.1423,789,0.4855,179,0
2024,2,8478856,VAN,2024-04-16,2.0341,791,1.868,715,0.1661,76,1
2024,2,8478856,VAN,2024-04-13,2.7894,1024,2.3879,854,0.4015,170,0
2024,2,8478856,VAN,2024-04-10,3.126,1230,2.5537,969,0.5723,261,1
2024,2,8478856,VAN,2024-04-08,3.0136,1101,2.4152,855,0.5984,246,1
2024,2,8478856,VAN,2024-04-06,3.0214,1112,2.3168,822,0.7047,290,0
2024,2,8478856,VAN,2024-04-03,2.9943,1138,2.4961,945,0.4982,193,0
2024,2,8478856,VAN,2024-04-02,2.4755,928,1.9284,690,0.5471,238,0
2024,2,8478856,VAN,2024-03-31,2.891,1059,2.165,783,0.726,276,1
2024,2,8478856,VAN,2024-03-28,2.6423,965,2.3935,891,0.2488,74,1
2024,2,8479325,BOS,2024-04-16,3.4822,1364,3.2432,1240,0.0316,13,1
2024,2,8479325,BOS,2024-04-15,4.146,1574,4.0243,1515,NA,NA,0
2024,2,8479325,BOS,2024-04-13,3.1573,1317,2.5951,1071,0.4143,174,0
2024,2,8479325,BOS,2024-04-09,3.9678,1435,3.29,1156,0.424,184,1
2024,2,8479325,BOS,2024-04-06,3.8919,1558,2.6494,1059,1.011,401,1
2024,2,8479325,BOS,2024-04-04,3.4701,1393,2.5712,1001,0.6444,249,0
2024,2,8479325,BOS,2024-04-02,3.6675,1426,2.9261,1131,0.3983,158,0
2024,2,8479325,BOS,2024-03-30,4.2675,1670,3.5767,1306,0.3799,177,0
2024,2,8479325,BOS,2024-03-27,3.8358,1471,3.252,1214,0.4467,191,0
2024,2,8479325,BOS,2024-03-26,3.9025,1512,2.9703,1138,0.6924,253,0
2024,2,8481528,BUF,2024-04-15,3.2972,1215,2.4578,907,0.3741,155,0
2024,2,8481528,BUF,2024-04-13,2.7059,1055,2.0774,779,0.2818,104,0
2024,2,8481528,BUF,2024-04-11,2.7373,969,2.6079,924,0.1295,45,1
2024,2,8481528,BUF,2024-04-09,2.4746,973,1.8724,723,0.3563,137,0
2024,2,8481528,BUF,2024-04-07,2.0305,781,1.8979,720,0.1326,61,0
2024,2,8481528,BUF,2024-04-05,2.5069,975,2.2598,868,NA,NA,1
2024,2,8481528,BUF,2024-04-02,2.2159,809,2.0254,731,NA,NA,1
2024,2,8481528,BUF,2024-03-30,3.01,1173,1.6591,648,0.7132,299,1
2024,2,8481528,BUF,2024-03-29,2.6208,1175,2.4376,1108,NA,NA,1
2024,2,8481528,BUF,2024-03-27,2.5257,984,1.9346,731,0.2843,116,1
2024,2,8481581,DAL,2024-04-17,3.6543,1501,3.3488,1376,0.2389,91,1
2024,2,8481581,DAL,2024-04-13,3.2351,1345,2.7201,1112,0.2824,112,1
2024,2,8481581,DAL,2024-04-11,3.6897,1472,3.2612,1299,0.3377,130,1
2024,2,8481581,DAL,2024-04-09,2.9867,1311,2.4176,1053,0.2626,103,1
2024,2,8481581,DAL,2024-04-07,3.257,1467,2.8861,1301,0.3005,122,0
2024,2,8481581,DAL,2024-04-06,3.5052,1365,3.1699,1219,0.1928,87,0
2024,2,8481581,DAL,2024-04-03,2.8105,1137,2.3674,939,0.0716,26,1
2024,2,8481581,DAL,2024-03-30,3.3477,1286,2.9975,1141,0.30620000000000003,124,0
2024,2,8481581,DAL,2024-03-28,3.2008,1266,2.6289,1021,0.3715,162,0
2024,2,8481581,DAL,2024-03-26,3.5338,1335,2.9038,1086,0.4013,129,0
2024,2,8482122,MIN,2024-04-18,3.359,1480,2.5661,1061,0.4688,211,1
2024,2,8482122,MIN,2024-04-15,3.4458,1535,2.5402,1109,0.4484,195,0
2024,2,8482122,MIN,2024-04-13,2.9991,1327,2.4577,1022,0.1951,94,0
2024,2,8482122,MIN,2024-04-12,2.9247,1334,2.2128,934,0.3932,179,0
2024,2,8482122,MIN,2024-04-09,3.6337,1587,2.3359,982,0.8964,372,0
2024,2,8482122,MIN,2024-04-07,3.3833,1443,3.1069,1310,0.2764,133,0
2024,2,8482122,MIN,2024-04-06,3.2731,1493,2.3921,1023,0.6511,341,1
2024,2,8482122,MIN,2024-04-04,3.9378,1683,3.3459,1359,0.4934,253,1
2024,2,8482122,MIN,2024-04-02,2.9226,1286,2.4421,1043,0.2606,106,1
2024,2,8482122,MIN,2024-03-30,3.4978,1477,2.9324,1148,0.2186,105,1
2024,2,8482684,NJD,2024-04-15,3.7054,1475,2.9543,1176,0.7511,299,1
2024,2,8482684,NJD,2024-04-13,3.6791,1420,3.5073,1353,0.1677,63,0
2024,2,8482684,NJD,2024-04-11,2.8345,1144,2.1708,895,0.6636,248,0
2024,2,8482684,NJD,2024-04-09,3.3717,1402,3.1407,1270,0.231,132,1
2024,2,8482684,NJD,2024-04-07,3.7002,1483,3.1898,1288,0.4226,160,1
2024,2,8482684,NJD,2024-04-06,2.916,1160,2.5368,1031,0.3792,129,0
2024,2,8482684,NJD,2024-04-03,4.5592,1969,3.6572,1609,0.7953,312,0
2024,2,8482684,NJD,2024-04-02,3.1025,1238,2.397,973,0.7054,265,1
2024,2,8482684,NJD,2024-03-29,3.1781,1293,2.6082,1088,0.57,205,0
2024,2,8482684,NJD,2024-03-26,3.2118,1251,2.7026,1031,0.4022,166,0
2024,2,8475170,STL,2024-04-17,2.9849,1205,2.5537,973,0.1251,79,0
2024,2,8475170,STL,2024-04-14,2.7754,1184,2.4721,996,0.1422,95,1
2024,2,8475170,STL,2024-04-12,2.9947,1191,2.5185,968,0.24,128,1
2024,2,8475170,STL,2024-04-10,2.2324,853,2.0041,725,0.2276,125,1
2024,2,8475170,STL,2024-04-07,3.0097,1203,2.5655,962,0.2442,154,0
2024,2,8475170,STL,2024-04-06,3.3762,1473,2.1578,838,0.7535,406,0
2024,2,8475170,STL,2024-04-04,3.0896,1167,2.3882,887,0.5349,210,0
2024,2,8475170,STL,2024-04-01,2.6667,1084,2.1578,804,0.3444,197,1
2024,2,8475170,STL,2024-03-30,2.5309,924,2.2108,808,0.0859,29,1
2024,2,8475170,STL,2024-03-28,2.674,987,2.1696,778,0.3355,144,1
2024,2,8475784,BUF,2024-04-15,2.1275,818,2.0405,768,0.0871,50,0
2024,2,8475784,BUF,2024-04-13,1.9184,733,1.7407,633,0.1776,100,0
2024,2,8475784,BUF,2024-04-11,2.3181,929,2.2272,890,0.0909,39,1
2024,2,8475784,BUF,2024-04-09,2.0545,783,1.6918,626,0.3627,157,0
2024,2,8475784,BUF,2024-04-07,2.393,936,2.258,875,0.135,61,0
2024,2,8475784,BUF,2024-04-05,2.2322,812,2.2322,812,NA,NA,1
2024,2,8475784,BUF,2024-04-02,2.1723,856,2.1723,856,NA,NA,1
2024,2,8475784,BUF,2024-03-30,1.827,755,1.3241,490,0.5029,265,1
2024,2,8475784,BUF,2024-03-29,1.8979,712,1.8979,712,NA,NA,1
2024,2,8475784,BUF,2024-03-27,2.5913,968,2.3598,846,0.2314,122,1
2024,2,8477426,TBL,2024-04-17,3.1456,1323,1.818,683,0.7683,377,1
2024,2,8477426,TBL,2024-04-15,2.9654,1195,2.3585,949,0.344,140,1
2024,2,8477426,TBL,2024-04-13,2.2916,945,1.9234,760,0.2588,120,0
2024,2,8477426,TBL,2024-04-11,2.6532,1060,1.6754,638,0.6551,291,1
2024,2,8477426,TBL,2024-04-09,2.9079,1189,2.4917,959,0.3037,180,1
2024,2,8477426,TBL,2024-04-06,3.1424,1314,2.1956,813,0.6262,362,0
2024,2,8477426,TBL,2024-04-04,3.0911,1280,1.9402,734,0.7837,388,0
2024,2,8477426,TBL,2024-04-03,2.7313,1017,2.0346,721,0.3431,122,0
2024,2,8477426,TBL,2024-04-01,2.5905,1083,2.0324,801,0.4789,243,1
2024,2,8477426,TBL,2024-03-30,2.7841,1035,2.5988,948,0.1853,87,1
2024,2,8478407,SEA,2024-04-03,1.8784,805,1.507,640,0.3714,165,0
2024,2,8478407,SEA,2024-04-01,3.0364,1384,2.7842,1273,0.2523,111,0
2024,2,8478407,SEA,2024-03-04,2.5731,1142,2.347,1056,0.155,57,0
2024,2,8478407,SEA,2024-03-02,3.4644,1481,2.9468,1232,0.4226,207,1
2024,2,8478407,SEA,2024-02-29,2.9963,1274,2.5863,1092,0.41,181,1
2024,2,8478407,SEA,2024-02-26,3.9623,1711,3.0037,1335,0.9422,376,1
2024,2,8478407,SEA,2024-02-24,3.0823,1398,2.2793,987,0.7008,364,1
2024,2,8478407,SEA,2024-02-22,2.8134,1219,2.4315,1028,0.3819,191,1
2024,2,8478407,SEA,2024-02-19,3.4825,1459,3.1755,1335,0.307,124,1
2024,2,8478407,SEA,2024-02-15,3.3754,1468,2.8783,1285,0.4971,183,0
2024,2,8483808,"VAN,CGY",2024-04-18,2.6303,1017,2.5542,948,0.0761,69,1
2024,2,8483808,"VAN,CGY",2024-04-16,2.2958,1021,1.9526,845,0.3432,176,0
2024,2,8483808,"VAN,CGY",2024-04-14,2.5835,1024,2.2039,793,0.3797,231,1
2024,2,8483808,"VAN,CGY",2024-04-12,2.6139,1009,2.1991,802,0.4149,207,0
2024,2,8483808,"VAN,CGY",2024-04-11,2.4563,956,2.3064,878,0.1499,78,0
2024,2,8483808,"VAN,CGY",2024-04-09,2.3926,857,2.0398,673,0.3528,184,0
2024,2,8483808,"VAN,CGY",2024-04-06,2.6064,1053,2.0266,745,0.5799,308,1
2024,2,8483808,"VAN,CGY",2024-04-04,3.1113,1207,2.9182,1104,0.1931,103,0
2024,2,8483808,"VAN,CGY",2024-04-02,2.8456,1063,2.7281,994,0.1175,69,1
2024,2,8483808,"VAN,CGY",2024-03-30,2.7817,1148,2.2167,897,0.4936,251,1
2024,2,8475218,EDM,2024-04-17,3.1564,1395,2.8196,1254,0.2105,71,0
2024,2,8475218,EDM,2024-04-15,2.5609,1090,2.4604,1040,NA,NA,1
2024,2,8475218,EDM,2024-04-13,2.8887,1249,2.5154,1062,0.0369,21,1
2024,2,8475218,EDM,2024-04-12,3.2088,1345,3.1186,1293,NA,NA,1
2024,2,8475218,EDM,2024-04-10,2.4817,1077,2.2363,986,0.2454,91,1
2024,2,8475218,EDM,2024-04-06,2.7909,1202,2.5507,1080,NA,NA,0
2024,2,8475218,EDM,2024-04-05,2.8641,1283,2.1295,928,0.5308,254,1
2024,2,8475218,EDM,2024-04-03,2.8547,1174,2.2259,910,0.3438,126,0
2024,2,8475218,EDM,2024-04-01,3.6099,1489,2.9386,1170,0.2752,92,0
2024,2,8475218,EDM,2024-03-30,3.662,1559,3.2615,1383,0.2684,110,1
2024,2,8475760,ARI,2024-04-07,2.4091,970,1.8641,684,0.1532,95,0
2024,2,8475760,ARI,2024-04-05,2.7506,1142,2.2349,852,0.1428,86,1
2024,2,8475760,ARI,2024-04-03,2.9944,1141,2.6586,986,0.1405,55,1
2024,2,8475760,ARI,2024-03-30,3.2552,1205,3.0568,1121,0.1985,84,1
2024,2,8475760,ARI,2024-03-28,2.6261,970,2.4125,866,0.147,77,1
2024,2,8475760,ARI,2024-03-26,2.8559,1035,2.4131,866,0.0023,0,1
2024,2,8475760,ARI,2024-03-24,3.11,1199,2.5098,894,0.3588,186,1
2024,2,8475760,ARI,2024-03-22,2.9776,1092,2.7199,988,0.1021,42,1
2024,2,8475760,ARI,2024-03-20,3.0607,1068,2.7941,954,0.0955,56,0
2024,2,8475760,ARI,2024-03-16,1.0858,444,0.8942,350,0.0834,50,1
2024,2,8477021,ARI,2024-04-17,2.707,1184,2.2086,917,0.2361,147,1
2024,2,8477021,ARI,2024-04-14,3.1714,1336,2.5786,1027,0.3398,192,0
2024,2,8477021,ARI,2024-04-12,2.9776,1216,2.5532,1008,0.2302,136,0
2024,2,8477021,ARI,2024-04-10,3.5629,1505,2.6313,1025,0.7129,384,0
2024,2,8477021,ARI,2024-04-09,2.9371,1149,2.5757,964,0.1191,75,0
2024,2,8477021,ARI,2024-04-07,2.6386,1060,1.8183,696,0.2129,130,0
2024,2,8477021,ARI,2024-04-05,2.695,993,2.1259,756,0.1805,68,1
2024,2,8477021,ARI,2024-04-03,2.2143,917,1.4555,562,0.3941,192,1
2024,2,8477021,ARI,2024-03-30,1.8566,701,1.3975,465,0.4592,236,1
2024,2,8477021,ARI,2024-03-28,2.5877,993,2.0956,770,0.3591,166,1
2024,2,8477451,MIN,2024-04-18,2.3191,994,1.9989,828,0.1419,73,1
2024,2,8477451,MIN,2024-04-15,2.7301,1184,2.2261,930,0.2168,111,0
2024,2,8477451,MIN,2024-04-13,2.9572,1163,2.6652,1025,NA,NA,0
2024,2,8477451,MIN,2024-04-12,2.5555,1039,1.9116,710,0.266,123,0
2024,2,8477451,MIN,2024-04-09,2.291,922,1.9405,728,0.0391,16,0
2024,2,8477451,MIN,2024-04-07,2.4947,973,2.4602,954,0.0345,19,0
2024,2,8477451,MIN,2024-03-30,2.6947,1051,2.2982,838,0.1868,94,1
2024,2,8477451,MIN,2024-03-28,2.4428,976,2.1927,864,0.0696,44,1
2024,2,8477451,MIN,2024-03-23,2.6864,1067,2.5537,995,0.05,25,1
2024,2,8477451,MIN,2024-03-20,1.3285,531,1.1291,433,0.1503,59,0
2024,2,8477964,VGK,2024-04-18,2.9965,1115,2.6939,957,0.3027,158,1
2024,2,8477964,VGK,2024-04-16,2.6083,988,2.5258,944,0.0825,44,1
2024,2,8477964,VGK,2024-04-14,2.6339,957,2.5504,915,0.0835,42,1
2024,2,8477964,VGK,2024-04-12,2.4666,905,2.233,807,0.2335,98,1
2024,2,8477964,VGK,2024-04-10,2.4536,925,2.4536,924,NA,NA,0
2024,2,8477964,VGK,2024-04-08,2.3276,912,2.29,900,0.0376,12,0
2024,2,8477964,VGK,2024-04-05,2.8487,1128,2.4359,885,0.4128,243,0
2024,2,8477964,VGK,2024-04-02,2.7668,1054,2.2438,755,0.523,299,1
2024,2,8477964,VGK,2024-03-30,2.6776,1027,2.424,868,0.2536,159,0
2024,2,8477964,VGK,2024-03-28,2.4605,969,2.3832,913,0.0774,56,0
2024,2,8478438,NSH,2024-04-15,2.3643,826,2.2715,797,0.0927,29,0
2024,2,8478438,NSH,2024-04-13,2.4457,882,2.2449,819,0.2008,63,1
2024,2,8478438,NSH,2024-04-12,2.5739,919,2.1986,763,0.3753,156,0
2024,2,8478438,NSH,2024-04-09,2.8715,976,2.5013,838,0.3541,131,1
2024,2,8478438,NSH,2024-04-07,2.6836,917,2.3295,794,0.3542,123,0
2024,2,8478438,NSH,2024-04-06,2.6137,904,2.2387,770,0.375,134,0
2024,2,8478438,NSH,2024-04-04,1.5657,538,1.4827,496,0.083,42,1
2024,2,8478438,NSH,2024-04-02,2.3096,846,1.7912,667,0.5184,179,1
2024,2,8478438,NSH,2024-03-30,2.5865,940,2.1803,778,0.4062,162,0
2024,2,8478438,NSH,2024-03-28,2.5372,896,2.516,888,NA,NA,0
2024,2,8478519,TBL,2024-04-15,2.8174,1134,2.3398,910,0.2402,91,1
2024,2,8478519,TBL,2024-04-13,2.7999,1168,2.3778,944,0.1243,65,0
2024,2,8478519,TBL,2024-04-11,3.4214,1381,2.654,1034,0.3113,127,1
2024,2,8478519,TBL,2024-04-09,2.5628,988,2.3719,908,NA,NA,1
2024,2,8478519,TBL,2024-04-04,1.3264,531,1.0509,420,0.0949,30,0
2024,2,8478519,TBL,2024-04-03,2.8984,1223,2.0528,819,0.4166,207,0
2024,2,8478519,TBL,2024-04-01,2.5103,1016,2.0464,813,0.1245,57,1
2024,2,8478519,TBL,2024-03-30,2.5797,992,2.5169,966,0.0629,26,1
2024,2,8478519,TBL,2024-03-27,2.7975,1071,2.6611,1020,NA,NA,1
2024,2,8478519,TBL,2024-03-24,2.9833,1228,2.5537,1015,0.0827,38,0
2024,2,8482667,SJS,2024-04-18,2.8709,1107,2.494,935,0.3769,172,0
2024,2,8482667,SJS,2024-04-15,2.8524,1074,2.6299,985,0.2224,89,0
2024,2,8482667,SJS,2024-04-13,3.1957,1204,2.6372,962,0.5585,242,1
2024,2,8482667,SJS,2024-04-11,3.0609,1170,2.4904,943,0.2955,112,0
2024,2,8482667,SJS,2024-04-09,3.5706,1301,2.6196,894,0.951,407,1
2024,2,8482667,SJS,2024-04-07,3.6093,1334,2.6854,974,0.8555,332,1
2024,2,8482667,SJS,2024-04-06,3.3666,1226,1.99,699,1.034,389,1
2024,2,8482667,SJS,2024-04-04,3.2076,1263,2.2082,824,0.4756,221,1
2024,2,8482667,SJS,2024-04-01,3.264,1223,2.6715,965,0.3711,161,1
2024,2,8482667,SJS,2024-03-30,2.936,1070,2.3146,821,0.4742,194,0
2024,2,8474586,SEA,2024-04-18,2.8089,1045,2.3147,834,0.4854,208,0
2024,2,8474586,SEA,2024-04-16,2.5182,958,2.278,849,0.2402,109,0
2024,2,8474586,SEA,2024-04-14,2.8787,1118,2.3497,894,0.5291,224,0
2024,2,8474586,SEA,2024-04-13,3.1689,1194,2.6302,945,0.5279,244,0
2024,2,8474586,SEA,2024-04-11,2.4735,1015,2.1157,853,0.3579,162,1
2024,2,8474586,SEA,2024-04-09,2.7672,1006,2.3814,880,0.3858,126,1
2024,2,8474586,SEA,2024-04-05,2.5859,989,1.9253,708,0.6607,281,0
2024,2,8474586,SEA,2024-04-03,3.0903,1208,2.433,867,0.6573,341,0
2024,2,8474586,SEA,2024-04-01,2.5311,960,2.316,864,0.2151,96,0
2024,2,8474586,SEA,2024-03-30,2.7756,1024,2.4461,909,0.3295,115,1
2024,2,8475169,EDM,2024-04-13,2.9998,1194,2.611,1002,0.3888,192,1
2024,2,8475169,EDM,2024-04-12,2.5478,982,2.2771,881,0.2707,101,1
2024,2,8475169,EDM,2024-04-10,2.9834,1079,2.644,918,0.3394,161,1
2024,2,8475169,EDM,2024-04-06,1.6065,594,1.588,586,0.0185,8,0
2024,2,8475169,EDM,2024-04-05,2.333,887,1.9404,696,0.3926,191,1
2024,2,8475169,EDM,2024-04-03,2.4688,889,2.0663,756,0.4026,133,0
2024,2,8475169,EDM,2024-04-01,2.3319,852,2.0753,771,0.2566,81,0
2024,2,8475169,EDM,2024-03-30,2.5701,996,2.2867,885,0.2834,111,1
2024,2,8475169,EDM,2024-03-28,2.2528,843,2.159,812,0.0938,31,1
2024,2,8475169,EDM,2024-03-26,2.3935,845,2.1821,784,0.2114,61,0
2024,2,8477496,"CGY,VAN",2024-04-18,2.4789,1045,1.6995,633,0.3269,181,0
2024,2,8477496,"CGY,VAN",2024-04-16,2.7751,1051,2.343,856,NA,NA,1
2024,2,8477496,"CGY,VAN",2024-04-13,2.7848,1074,2.4157,889,0.1481,68,0
2024,2,8477496,"CGY,VAN",2024-04-10,2.753,1110,1.9189,729,0.2909,128,1
2024,2,8477496,"CGY,VAN",2024-03-23,2.5698,942,2.3184,828,0.0475,20,1
2024,2,8477496,"CGY,VAN",2024-03-21,2.52,982,2.0963,744,0.1998,110,1
2024,2,8477496,"CGY,VAN",2024-03-19,2.7662,1085,2.1451,799,0.0574,23,1
2024,2,8477496,"CGY,VAN",2024-03-16,2.4248,834,2.2185,756,0.0936,44,1
2024,2,8477496,"CGY,VAN",2024-03-13,2.9044,1103,2.3386,833,0.2612,123,1
2024,2,8477496,"CGY,VAN",2024-03-09,2.243,869,2.1096,807,0.0177,9,1
2024,2,8477511,"WSH,VGK",2024-04-14,1.6765,641,1.6472,631,NA,NA,1
2024,2,8477511,"WSH,VGK",2024-04-12,2.4299,918,2.4299,918,NA,NA,1
2024,2,8477511,"WSH,VGK",2024-04-10,2.6303,898,2.6303,898,NA,NA,0
2024,2,8477511,"WSH,VGK",2024-04-08,2.3291,876,2.2215,827,0.1076,49,0
2024,2,8477511,"WSH,VGK",2024-04-05,2.2208,892,1.7245,657,0.4963,235,0
2024,2,8477511,"WSH,VGK",2024-04-02,2.4425,941,2.1556,799,0.287,142,1
2024,2,8477511,"WSH,VGK",2024-03-30,2.6645,968,2.2981,827,0.3663,141,0
2024,2,8477511,"WSH,VGK",2024-03-28,2.1003,758,1.9499,698,0.1504,60,0
2024,2,8477511,"WSH,VGK",2024-03-26,2.4066,915,2.2171,832,0.1895,83,0
2024,2,8477511,"WSH,VGK",2024-03-25,1.8659,721,1.713,622,0.153,99,0
2024,2,8477948,PHI,2024-04-16,3.5157,1489,3.483,1476,0.0327,13,1
2024,2,8477948,PHI,2024-04-13,3.5446,1523,3.3256,1436,0.0063,3,1
2024,2,8477948,PHI,2024-04-11,3.4332,1538,2.9268,1272,0.1157,43,0
2024,2,8477948,PHI,2024-04-09,3.4055,1290,3.4019,1287,0.0036,3,0
2024,2,8477948,PHI,2024-04-06,3.2405,1321,2.8748,1169,0.0126,5,0
2024,2,8477948,PHI,2024-04-05,3.1078,1269,3.1078,1269,NA,NA,0
2024,2,8477948,PHI,2024-04-01,3.7086,1543,3.3791,1398,0.1133,54,1
2024,2,8477948,PHI,2024-03-30,3.3425,1319,3.0603,1186,0.0144,8,1
2024,2,8477948,PHI,2024-03-28,3.3065,1318,3.092,1193,0.0668,38,0
2024,2,8477948,PHI,2024-03-26,3.5305,1553,3.4699,1503,0.0067,2,0
2024,2,8480188,SJS,2024-04-18,3.0122,1190,2.7017,1020,0.3105,170,0
2024,2,8480188,SJS,2024-04-15,2.8863,1074,2.7012,986,0.1852,88,0
2024,2,8480188,SJS,2024-04-13,2.7823,1160,2.3547,917,0.4276,243,1
2024,2,8480188,SJS,2024-04-11,2.8514,1220,2.6055,1114,0.246,106,0
2024,2,8480188,SJS,2024-04-09,3.3868,1294,2.6369,890,0.7499,404,1
2024,2,8480188,SJS,2024-04-07,2.8388,1147,2.1156,818,0.7115,326,1
2024,2,8480188,SJS,2024-04-06,2.8351,1113,1.98,733,0.8551,380,1
2024,2,8480188,SJS,2024-04-04,2.8729,1124,2.4492,901,0.4121,220,1
2024,2,8480188,SJS,2024-04-01,2.7282,1074,2.4302,920,0.2981,154,1
2024,2,8480188,SJS,2024-03-30,3.0944,1218,2.7689,1059,0.3255,157,0
2024,2,8483431,ARI,2024-04-17,2.544,900,2.2246,779,0.0979,32,1
2024,2,8483431,ARI,2024-04-14,2.5614,952,2.132,749,0.1225,53,0
2024,2,8483431,ARI,2024-04-12,2.8455,1036,2.4714,898,0.223,87,0
2024,2,8483431,ARI,2024-04-10,2.577,991,2.0042,764,0.3337,130,0
2024,2,8483431,ARI,2024-04-09,2.6697,1008,2.2957,873,0.1336,43,0
2024,2,8483431,ARI,2024-04-07,2.3487,887,1.8449,694,0.2241,95,0
2024,2,8483431,ARI,2024-04-05,2.338,889,1.9375,720,0.0852,39,1
2024,2,8483431,ARI,2024-04-03,2.1883,844,1.876,731,0.204,70,1
2024,2,8483431,ARI,2024-03-30,3.0918,1114,2.87,1033,0.2218,81,1
2024,2,8483431,ARI,2024-03-28,2.4453,877,2.329,821,0.0636,35,1
2024,2,8470613,CAR,2024-04-16,1.4406,609,0.8057,330,0.3857,156,0
2024,2,8470613,CAR,2024-04-14,3.0342,1235,2.3312,914,0.3578,160,0
2024,2,8470613,CAR,2024-04-12,3.3061,1409,2.8908,1224,0.272,112,0
2024,2,8470613,CAR,2024-04-09,2.8309,1201,2.1635,914,0.3937,143,0
2024,2,8470613,CAR,2024-04-07,2.9648,1207,2.4904,1003,0.3784,157,1
2024,2,8470613,CAR,2024-04-05,3.2885,1336,2.6582,1035,0.2934,138,1
2024,2,8470613,CAR,2024-04-04,2.6828,1107,1.9117,757,0.4047,180,1
2024,2,8470613,CAR,2024-03-30,3.0125,1284,2.6137,1091,0.2895,126,0
2024,2,8470613,CAR,2024-03-28,3.0699,1239,2.5081,1021,0.3309,130,1
2024,2,8470613,CAR,2024-03-26,3.1087,1250,2.6604,1077,0.3445,116,0
2024,2,8477479,TOR,2024-04-17,2.0183,839,1.8591,774,0.1592,65,0
2024,2,8477479,TOR,2024-04-16,2.4297,949,2.0404,747,0.3893,202,0
2024,2,8477479,TOR,2024-04-13,3.0182,1167,2.8941,1098,0.1241,69,1
2024,2,8477479,TOR,2024-04-11,2.832,1123,2.6198,1005,0.2122,118,1
2024,2,8477479,TOR,2024-04-09,2.5014,977,2.4123,934,0.0891,43,0
2024,2,8477479,TOR,2024-04-08,2.7024,1065,2.6753,1060,NA,NA,1
2024,2,8477479,TOR,2024-04-06,2.4832,994,2.4208,944,0.0624,50,0
2024,2,8477479,TOR,2024-04-03,2.4026,958,2.1457,843,0.2414,107,1
2024,2,8477479,TOR,2024-04-01,2.5271,1001,2.2632,881,0.2479,114,1
2024,2,8477479,TOR,2024-03-30,2.0163,850,1.5732,619,0.4431,231,0
2024,2,8478466,DET,2024-04-16,1.4049,524,1.4046,508,NA,NA,0
2024,2,8478466,DET,2024-04-15,2.2542,820,2.156,767,0.0982,53,1
2024,2,8478466,DET,2024-04-13,1.3561,467,1.2131,393,0.143,74,0
2024,2,8478466,DET,2024-04-11,1.8012,615,1.5462,500,0.2551,115,0
2024,2,8478466,DET,2024-04-09,1.417,460,1.4109,457,0.0062,3,1
2024,2,8478466,DET,2024-04-07,0.9887,346,0.9887,346,NA,NA,1
2024,2,8478466,DET,2024-04-05,1.39,524,1.1869,443,0.2031,81,1
2024,2,8478466,DET,2024-03-28,2.2211,764,2.1122,698,0.1088,66,0
2024,2,8478466,DET,2024-03-19,1.5093,617,1.2907,494,0.2186,123,1
2024,2,8478466,DET,2024-03-17,1.7112,603,1.6793,577,0.0318,26,0
2024,2,8476438,STL,2024-04-17,2.5524,909,2.4357,869,0.1167,40,0
2024,2,8476438,STL,2024-04-14,2.1369,772,2.0311,731,0.0743,25,1
2024,2,8476438,STL,2024-04-12,2.7152,960,2.5703,914,NA,NA,1
2024,2,8476438,STL,2024-04-10,2.4437,888,2.0594,761,0.3843,127,1
2024,2,8476438,STL,2024-04-07,2.5167,1018,2.392,977,0.1246,41,0
2024,2,8476438,STL,2024-04-06,2.4096,926,1.8534,694,0.5562,232,0
2024,2,8476438,STL,2024-04-04,2.7944,1044,2.2394,829,0.4241,164,0
2024,2,8476438,STL,2024-04-01,2.6775,982,2.5279,910,0.1248,60,1
2024,2,8476438,STL,2024-03-30,2.2665,831,2.1656,800,0.0923,29,1
2024,2,8476438,STL,2024-03-28,2.3308,855,1.9947,715,0.3361,140,1
2024,2,8477407,"SJS,TBL",2024-04-17,1.7789,698,1.7299,685,0.0489,13,1
2024,2,8477407,"SJS,TBL",2024-04-15,2.5088,1029,2.3749,964,0.1339,65,1
2024,2,8477407,"SJS,TBL",2024-04-13,2.1175,799,2.1175,799,NA,NA,0
2024,2,8477407,"SJS,TBL",2024-04-09,2.101,804,2.101,804,NA,NA,1
2024,2,8477407,"SJS,TBL",2024-04-06,2.3261,827,2.3261,827,NA,NA,0
2024,2,8477407,"SJS,TBL",2024-04-04,2.1191,793,1.9286,702,0.1905,91,0
2024,2,8477407,"SJS,TBL",2024-04-03,1.8377,762,1.6324,644,0.2053,118,0
2024,2,8477407,"SJS,TBL",2024-04-01,1.9717,877,1.8468,772,0.1249,105,1
2024,2,8477407,"SJS,TBL",2024-03-30,2.3165,896,2.2652,868,0.0513,28,1
2024,2,8477407,"SJS,TBL",2024-03-27,2.4578,877,2.3915,843,0.0663,34,1
2024,2,8477447,VGK,2024-04-18,3.6623,1385,3.2054,1203,0.4569,182,1
2024,2,8477447,VGK,2024-04-16,3.2094,1236,3.0623,1183,0.1445,52,1
2024,2,8477447,VGK,2024-04-14,3.3836,1325,3.1461,1227,0.2375,98,1
2024,2,8477447,VGK,2024-04-12,3.0185,1257,2.7369,1162,0.2816,95,1
2024,2,8477447,VGK,2024-04-10,3.2807,1271,3.2807,1269,NA,NA,0
2024,2,8477447,VGK,2024-04-08,3.1544,1253,3.0321,1212,0.1223,41,0
2024,2,8477447,VGK,2024-04-05,3.0681,1206,2.5702,1033,0.4979,173,0
2024,2,8477447,VGK,2024-04-02,2.4787,1009,2.2272,918,0.2516,91,1
2024,2,8477447,VGK,2024-03-30,3.0534,1212,2.5522,1022,0.5012,190,0
2024,2,8477447,VGK,2024-03-28,3.2118,1258,2.993,1157,0.2074,94,0
2024,2,8478474,ARI,2024-04-17,2.2379,817,1.9692,717,0.1141,32,1
2024,2,8478474,ARI,2024-04-14,2.3837,943,1.8689,676,0.145,93,0
2024,2,8478474,ARI,2024-04-12,2.4431,950,2.1769,824,0.1645,84,0
2024,2,8478474,ARI,2024-04-10,2.3339,1004,1.5801,654,0.2941,118,0
2024,2,8478474,ARI,2024-04-09,2.5729,1037,2.1841,872,0.094,45,0
2024,2,8478474,ARI,2024-04-07,1.9575,773,1.3193,492,0.1948,96,0
2024,2,8478474,ARI,2024-04-05,2.4689,987,1.9176,706,0.156,86,1
2024,2,8478474,ARI,2024-04-03,2.2272,886,1.82,708,0.1489,70,1
2024,2,8478474,ARI,2024-03-30,2.6772,995,2.4933,902,0.1839,93,1
2024,2,8478474,ARI,2024-03-28,2.0024,762,1.8434,686,0.1357,63,1
2024,2,8480893,CBJ,2024-04-16,2.1029,747,1.5852,578,0.5176,169,1
2024,2,8480893,CBJ,2024-04-13,2.8569,1045,2.7308,987,0.1261,58,0
2024,2,8480893,CBJ,2024-04-11,2.8497,996,2.6508,928,0.1989,68,0
2024,2,8480893,CBJ,2024-04-09,3.5274,1221,3.2357,1116,0.2917,105,0
2024,2,8480893,CBJ,2024-04-07,2.9331,1004,2.7241,943,0.209,61,0
2024,2,8480893,CBJ,2024-04-06,2.336,883,1.815,690,0.5211,193,1
2024,2,8480893,CBJ,2024-04-04,3.0881,1105,2.9135,1020,0.1746,85,1
2024,2,8480893,CBJ,2024-04-01,3.0369,1091,2.777,983,0.26,108,1
2024,2,8480893,CBJ,2024-03-30,3.7602,1353,2.99,1034,0.7702,319,1
2024,2,8480893,CBJ,2024-03-28,3.0909,1111,2.8547,1001,0.2278,105,0
2024,2,8481542,DET,2024-04-16,3.7511,1686,3.3013,1437,NA,NA,0
2024,2,8481542,DET,2024-04-15,3.7624,1570,3.6844,1524,0.078,46,1
2024,2,8481542,DET,2024-04-13,3.0688,1426,2.5816,1127,0.1279,72,0
2024,2,8481542,DET,2024-04-11,3.4972,1431,2.8744,1160,0.4111,150,0
2024,2,8481542,DET,2024-04-09,2.5996,1077,2.4276,991,NA,NA,1
2024,2,8481542,DET,2024-04-07,3.3395,1627,3.116,1505,0.0178,14,1
2024,2,8481542,DET,2024-04-05,2.8525,1218,2.4112,972,0.15310000000000001,62,1
2024,2,8481542,DET,2024-04-01,3.2272,1504,2.7279,1252,0.2486,101,0
2024,2,8481542,DET,2024-03-30,3.875,1687,3.4004,1472,0.4746,215,0
2024,2,8481542,DET,2024-03-28,2.707,1095,2.4324,935,0.0873,40,0
2024,2,8482745,ANA,2024-04-02,1.1087,392,1.1087,392,NA,NA,0
2024,2,8482745,ANA,2024-03-31,2.7421,1064,2.2552,839,0.4869,225,0
2024,2,8482745,ANA,2024-03-30,1.8552,709,1.7598,652,0.0954,57,0
2024,2,8482745,ANA,2024-03-28,1.5721,635,1.5721,635,NA,NA,0
2024,2,8482745,ANA,2024-03-26,2.2735,880,2.1957,842,0.0778,38,0
2024,2,8482745,ANA,2024-03-24,2.974,1111,2.6398,936,0.3342,175,1
2024,2,8482745,ANA,2024-03-21,3.0987,1202,2.6616,967,0.4371,235,1
2024,2,8482745,ANA,2024-03-19,2.4103,949,2.1132,780,0.2971,169,1
2024,2,8482745,ANA,2024-03-14,2.8627,1029,2.7085,973,0.1541,56,0
2024,2,8482745,ANA,2024-03-12,2.7243,942,2.54,879,0.1786,59,0
2024,2,8476458,ANA,2024-04-18,2.2299,809,2.1016,738,0.1283,71,0
2024,2,8476458,ANA,2024-04-13,2.5413,990,2.3651,924,0.1762,66,0
2024,2,8476458,ANA,2024-04-12,2.4242,845,2.142,749,0.2194,74,1
2024,2,8476458,ANA,2024-04-09,2.8673,1132,2.3541,903,0.5133,229,1
2024,2,8476458,ANA,2024-04-07,2.862,1023,2.7305,983,0.1315,40,1
2024,2,8476458,ANA,2024-04-05,1.8673,708,1.7302,657,0.137,51,1
2024,2,8476458,ANA,2024-04-02,3.0136,1097,2.8051,1026,0.2085,71,0
2024,2,8476458,ANA,2024-03-31,2.5829,991,2.1079,802,0.475,189,0
2024,2,8476458,ANA,2024-03-30,2.3548,863,2.0704,777,0.2844,86,0
2024,2,8476458,ANA,2024-03-28,2.3385,807,1.9052,652,0.4332,155,0
2024,2,8477935,FLA,2024-04-16,2.7598,979,1.9122,673,0.6702,248,1
2024,2,8477935,FLA,2024-04-13,3.0775,1066,2.806,973,0.2715,93,1
2024,2,8477935,FLA,2024-04-11,2.6977,916,2.4776,846,0.2201,70,1
2024,2,8477935,FLA,2024-04-09,3.0803,1075,2.4719,840,0.574,220,1
2024,2,8477935,FLA,2024-04-06,3.0191,999,2.4028,807,0.4186,134,0
2024,2,8477935,FLA,2024-04-04,2.2665,754,2.2324,740,0.0022,0,0
2024,2,8477935,FLA,2024-04-02,2.1731,789,1.5069,578,0.5827,211,0
2024,2,8477935,FLA,2024-04-01,3.0208,1059,2.4574,861,0.4328,159,0
2024,2,8477935,FLA,2024-03-30,2.6969,905,2.5873,850,0.0564,33,1
2024,2,8477935,FLA,2024-03-28,2.4887,878,2.179,774,NA,NA,1
2024,2,8477998,EDM,2024-04-18,2.9779,1104,2.4189,852,0.2048,115,0
2024,2,8477998,EDM,2024-04-17,2.5176,927,2.3859,866,0.1317,61,0
2024,2,8477998,EDM,2024-04-15,2.4533,957,2.3556,926,NA,NA,1
2024,2,8477998,EDM,2024-04-13,2.3863,867,2.1369,766,0.0402,31,1
2024,2,8477998,EDM,2024-04-12,2.5098,957,2.3613,883,0.0443,19,1
2024,2,8477998,EDM,2024-04-10,2.5034,898,2.3193,838,0.1841,60,1
2024,2,8477998,EDM,2024-04-06,2.2296,863,2.0386,786,NA,NA,0
2024,2,8477998,EDM,2024-04-05,2.3944,868,2.0894,718,0.2489,118,1
2024,2,8477998,EDM,2024-04-03,2.0796,764,2.0189,738,NA,NA,0
2024,2,8477998,EDM,2024-04-01,2.0944,753,2.0944,753,NA,NA,0
2024,2,8478462,VGK,2024-04-18,2.1351,763,1.9108,643,0.0848,49,1
2024,2,8478462,VGK,2024-04-16,2.1155,727,1.9201,631,0.1062,62,1
2024,2,8478462,VGK,2024-04-14,1.9443,716,1.6667,591,0.167,85,1
2024,2,8478462,VGK,2024-04-12,2.1308,811,1.6172,576,0.1979,96,1
2024,2,8478462,VGK,2024-04-02,1.9701,745,1.5972,584,0.1673,87,1
2024,2,8478462,VGK,2024-03-30,2.6815,981,2.2745,790,0.1482,77,0
2024,2,8478462,VGK,2024-03-28,2.2942,869,1.6783,606,0.1598,64,0
2024,2,8478462,VGK,2024-03-26,2.1259,830,1.9013,735,0.1512,62,0
2024,2,8478462,VGK,2024-03-25,2.3909,872,2.0354,702,0.1056,72,0
2024,2,8478462,VGK,2024-03-23,2.6639,978,2.4695,873,0.1242,72,1
2024,2,8479345,OTT,2024-04-16,3.0527,1335,2.802,1243,0.2508,92,0
2024,2,8479345,OTT,2024-04-15,2.7463,1132,2.5183,1046,0.228,86,0
2024,2,8479345,OTT,2024-04-13,2.7091,1120,2.3774,964,0.3094,143,1
2024,2,8479345,OTT,2024-04-11,2.9423,1232,2.5471,1040,0.36870000000000003,181,0
2024,2,8479345,OTT,2024-04-09,3.051,1326,2.4614,1056,0.4353,210,0
2024,2,8479345,OTT,2024-04-07,2.8444,1283,2.4778,1080,0.3666,203,0
2024,2,8479345,OTT,2024-04-06,2.816,1211,2.5337,1073,0.2823,138,1
2024,2,8479345,OTT,2024-04-04,3.0807,1311,2.3765,971,0.7041,340,1
2024,2,8479345,OTT,2024-04-02,3.1534,1344,2.8097,1187,0.296,142,0
2024,2,8479345,OTT,2024-03-30,3.1689,1424,2.4229,1018,0.7415,403,0
2024,2,8480009,SEA,2024-04-18,2.2461,810,2.0073,697,0.2387,113,0
2024,2,8480009,SEA,2024-04-14,2.4153,893,2.0803,725,0.335,168,0
2024,2,8480009,SEA,2024-04-13,1.9297,690,1.6181,559,0.3116,131,0
2024,2,8480009,SEA,2024-04-11,2.2534,944,1.8874,748,0.366,196,1
2024,2,8480009,SEA,2024-04-09,2.3015,833,2.0386,716,0.2629,117,1
2024,2,8480009,SEA,2024-04-05,2.2783,917,1.9351,757,0.3432,160,0
2024,2,8480009,SEA,2024-04-03,2.1075,775,1.8259,650,0.2817,125,0
2024,2,8480009,SEA,2024-04-01,2.2181,848,1.9867,727,0.2313,121,0
2024,2,8480009,SEA,2024-03-30,2.5887,929,2.3064,796,0.2405,110,1
2024,2,8480009,SEA,2024-03-28,2.5508,1033,1.6599,617,0.8909,416,1
2024,2,8480028,PHI,2024-04-16,1.4183,482,1.2599,417,0.1584,65,1
2024,2,8480028,PHI,2024-04-13,2.4028,849,1.9511,640,0.4517,209,1
2024,2,8480028,PHI,2024-04-11,2.3516,838,1.9822,684,0.3694,154,0
2024,2,8480028,PHI,2024-04-09,2.9362,1042,2.5661,875,0.3702,167,0
2024,2,8480028,PHI,2024-04-06,2.2271,851,1.9627,722,0.2624,128,0
2024,2,8480028,PHI,2024-04-05,3.5028,1300,3.2318,1189,0.271,111,0
2024,2,8480028,PHI,2024-04-01,3.3548,1193,3.0412,1060,0.3136,133,1
2024,2,8480028,PHI,2024-03-30,3.2372,1145,2.6469,907,0.534,219,1
2024,2,8480028,PHI,2024-03-28,2.6303,1014,2.0779,769,0.55,244,0
2024,2,8480028,PHI,2024-03-26,2.8633,1064,2.3415,867,0.5218,197,0
2024,2,8480434,ARI,2024-04-17,3.3146,1475,2.8141,1207,0.2725,147,1
2024,2,8480434,ARI,2024-04-14,3.5317,1442,2.7505,1057,0.461,197,0
2024,2,8480434,ARI,2024-04-12,3.1883,1328,2.5977,1084,0.466,184,0
2024,2,8480434,ARI,2024-04-10,3.793,1663,2.5009,1090,0.9179,382,0
2024,2,8480434,ARI,2024-04-09,3.177,1310,2.7411,1121,0.1744,84,0
2024,2,8480434,ARI,2024-04-07,3.0795,1294,2.2683,908,0.3496,154,0
2024,2,8480434,ARI,2024-04-05,2.6828,1150,2.342,991,0.164,68,1
2024,2,8480434,ARI,2024-04-03,3.3766,1456,2.6128,1097,0.4555,206,1
2024,2,8480434,ARI,2024-03-30,4.1086,1582,3.4639,1335,0.6447,247,1
2024,2,8480434,ARI,2024-03-28,3.2821,1383,2.9218,1211,0.3603,172,1
2024,2,8475191,PIT,2024-04-17,1.9087,669,1.8248,637,NA,NA,0
2024,2,8475191,PIT,2024-04-15,3.0103,1039,2.7361,951,0.2742,88,1
2024,2,8475191,PIT,2024-04-13,2.9315,1001,2.6741,904,0.2436,91,1
2024,2,8475191,PIT,2024-04-11,2.766,894,2.4777,789,0.2847,101,1
2024,2,8475191,PIT,2024-04-08,2.7505,955,2.3048,802,0.4457,153,0
2024,2,8475191,PIT,2024-04-06,2.5595,877,2.2802,781,0.2793,96,1
2024,2,8475191,PIT,2024-04-04,2.8139,999,2.5512,904,0.2615,94,0
2024,2,8475191,PIT,2024-04-02,2.8171,1011,2.4856,903,0.3316,108,0
2024,2,8475191,PIT,2024-04-01,3.1559,1176,2.9311,1093,0.214,78,0
2024,2,8475191,PIT,2024-03-30,3.1401,1116,2.7731,982,0.1764,61,0
2024,2,8478233,CGY,2024-04-18,2.7303,984,2.5177,908,NA,NA,1
2024,2,8478233,CGY,2024-04-16,2.5435,886,2.3212,796,0.0764,2,0
2024,2,8478233,CGY,2024-04-14,2.1526,748,2.1526,748,NA,NA,1
2024,2,8478233,CGY,2024-04-12,2.7955,992,2.5157,881,0.1149,43,0
2024,2,8478233,CGY,2024-04-11,2.3219,803,2.0624,712,NA,NA,0
2024,2,8478233,CGY,2024-04-09,2.5654,926,2.305,817,NA,NA,0
2024,2,8478233,CGY,2024-03-26,2.6088,919,2.3155,793,0.2933,126,0
2024,2,8478233,CGY,2024-03-24,3.1949,1076,3.1095,1049,0.0854,27,1
2024,2,8478233,CGY,2024-03-23,2.5807,871,2.5807,871,NA,NA,0
2024,2,8478233,CGY,2024-03-18,3.0319,1076,2.6687,956,0.3631,120,1
2024,2,8478498,BOS,2024-04-16,2.6821,890,2.4375,800,0.0327,13,1
2024,2,8478498,BOS,2024-04-15,2.5597,908,2.4735,882,NA,NA,0
2024,2,8478498,BOS,2024-04-13,2.8836,1077,2.3013,803,0.4748,220,0
2024,2,8478498,BOS,2024-04-09,2.92,1076,2.2164,796,0.4821,191,1
2024,2,8478498,BOS,2024-04-06,3.1424,1118,2.4325,853,0.5606,203,1
2024,2,8478498,BOS,2024-04-04,2.8925,1012,2.0515,721,0.6487,219,0
2024,2,8478498,BOS,2024-04-02,3.0498,1055,2.4321,841,0.33,101,0
2024,2,8478498,BOS,2024-03-30,2.9508,997,2.6665,883,0.1291,51,0
2024,2,8478498,BOS,2024-03-27,2.9478,1070,2.6786,974,0.1468,46,0
2024,2,8478498,BOS,2024-03-26,2.5546,919,2.3092,827,0.1518,50,0
2024,2,8479365,BOS,2024-04-16,2.478,921,2.2538,839,NA,NA,1
2024,2,8479365,BOS,2024-04-15,2.4178,852,2.386,838,NA,NA,0
2024,2,8479365,BOS,2024-04-13,1.9435,752,1.9435,752,NA,NA,0
2024,2,8479365,BOS,2024-04-09,2.3222,874,2.1355,778,0.1867,96,1
2024,2,8479365,BOS,2024-04-06,1.9696,747,1.7258,660,0.15310000000000001,51,1
2024,2,8479365,BOS,2024-04-04,2.2381,866,2.1244,827,0.1137,39,0
2024,2,8479365,BOS,2024-04-02,2.2553,831,2.0842,751,NA,NA,0
2024,2,8479365,BOS,2024-03-30,2.3289,854,2.226,810,0.1029,44,0
2024,2,8479365,BOS,2024-03-27,2.2245,791,2.1359,756,NA,NA,0
2024,2,8479365,BOS,2024-03-26,2.092,778,1.9127,707,0.1354,49,0
2024,2,8479400,LAK,2024-04-18,2.7405,1034,2.3561,861,0.3844,173,1
2024,2,8479400,LAK,2024-04-15,1.9973,765,1.7308,653,0.265,109,1
2024,2,8479400,LAK,2024-04-13,2.8141,1199,2.2985,913,0.5155,286,1
2024,2,8479400,LAK,2024-04-11,1.7953,769,1.5941,660,0.2012,109,1
2024,2,8479400,LAK,2024-04-09,2.4597,850,2.4376,841,0.0221,9,0
2024,2,8479400,LAK,2024-04-06,1.9332,713,1.9332,713,NA,NA,1
2024,2,8479400,LAK,2024-04-04,2.2703,821,1.9736,691,0.2954,130,0
2024,2,8479400,LAK,2024-04-03,2.5565,932,2.4465,865,0.1056,65,1
2024,2,8479400,LAK,2024-04-01,3.141,1141,3.141,1141,NA,NA,0
2024,2,8479400,LAK,2024-03-30,2.78,1045,2.6236,1003,0.1521,38,0
2024,2,8479525,COL,2024-04-18,2.5141,861,2.1345,741,0.3796,120,1
2024,2,8479525,COL,2024-04-14,1.7734,622,1.7734,622,NA,NA,0
2024,2,8479525,COL,2024-04-13,1.7798,617,1.7229,599,0.0569,18,1
2024,2,8479525,COL,2024-04-09,2.3888,868,2.129,780,0.2261,76,1
2024,2,8479525,COL,2024-04-07,2.1895,781,2.1895,781,NA,NA,1
2024,2,8479525,COL,2024-04-05,2.221,742,2.0659,683,0.1551,59,0
2024,2,8479525,COL,2024-04-04,2.1312,763,2.1312,763,NA,NA,0
2024,2,8479525,COL,2024-04-01,2.3249,811,2.323,808,0.0019,3,0
2024,2,8479525,COL,2024-03-30,1.6446,562,1.601,546,NA,NA,1
2024,2,8479525,COL,2024-03-28,2.1226,778,1.9516,706,0.171,72,1
2024,2,8482079,MIN,2024-04-18,2.6002,974,2.5377,942,0.0625,32,1
2024,2,8482079,MIN,2024-04-15,2.3796,924,2.0225,744,0.3572,180,0
2024,2,8482079,MIN,2024-04-13,3.1926,1208,3.0057,1114,0.1868,94,0
2024,2,8482079,MIN,2024-04-12,2.8088,1123,2.4634,964,0.3454,159,0
2024,2,8482079,MIN,2024-04-09,2.7509,1023,2.7089,1004,0.042,19,0
2024,2,8482079,MIN,2024-04-07,2.8968,1137,2.8613,1118,0.0355,19,0
2024,2,8482079,MIN,2024-04-06,2.7788,1157,2.5231,1003,0.2556,154,1
2024,2,8482079,MIN,2024-04-04,2.6979,1070,2.6353,1043,0.0626,27,1
2024,2,8482079,MIN,2024-04-02,2.8573,1008,2.6716,937,0.1857,71,1
2024,2,8482079,MIN,2024-03-30,2.732,987,2.5472,893,0.1603,85,1
2024,2,8474150,CGY,2024-04-18,2.5729,932,2.3567,825,NA,NA,1
2024,2,8474150,CGY,2024-04-16,2.9524,1088,2.6212,931,0.1816,64,0
2024,2,8474150,CGY,2024-04-14,3.2242,1247,2.726,974,0.2076,117,1
2024,2,8474150,CGY,2024-04-12,2.725,982,2.279,804,0.2919,111,0
2024,2,8474150,CGY,2024-04-11,2.6027,1008,2.2467,821,0.0877,42,0
2024,2,8474150,CGY,2024-04-09,2.9231,1140,2.2419,773,0.0845,61,0
2024,2,8474150,CGY,2024-04-06,3.2091,1281,2.3152,848,0.2486,101,1
2024,2,8474150,CGY,2024-04-04,3.245,1237,2.3607,807,0.0997,50,0
2024,2,8474150,CGY,2024-04-02,2.9742,1045,2.724,963,0.1727,52,1
2024,2,8474150,CGY,2024-03-30,3.0174,1154,2.2358,799,0.3738,163,1
2024,2,8475764,ANA,2024-04-18,3.1134,1268,2.8201,1107,0.1256,71,0
2024,2,8475764,ANA,2024-04-13,3.7239,1506,3.3542,1282,0.1424,69,0
2024,2,8475764,ANA,2024-04-12,3.2882,1330,2.7492,1094,0.1713,64,1
2024,2,8475764,ANA,2024-04-09,3.3405,1417,2.5453,1059,0.6191,240,1
2024,2,8475764,ANA,2024-04-07,3.6432,1473,3.3929,1340,0.1031,44,1
2024,2,8475764,ANA,2024-04-05,3.3184,1397,2.9067,1171,0.1313,51,1
2024,2,8475764,ANA,2024-04-02,3.2063,1282,2.884,1127,0.1759,63,0
2024,2,8475764,ANA,2024-03-31,3.3587,1439,2.3936,985,0.4934,184,0
2024,2,8475764,ANA,2024-03-30,3.2115,1392,2.6019,1092,0.2384,84,0
2024,2,8475764,ANA,2024-03-28,3.5797,1628,2.2889,931,0.3496,146,0
2024,2,8476792,STL,2024-04-10,1.6469,760,1.4779,687,0.1599,69,1
2024,2,8476792,STL,2024-04-07,3.0142,1318,2.4671,1030,0.2929,153,0
2024,2,8476792,STL,2024-04-04,3.761,1596,2.7862,1177,0.8377,348,0
2024,2,8476792,STL,2024-04-01,3.6727,1664,2.9566,1354,0.5333,214,1
2024,2,8476792,STL,2024-03-30,2.887,1299,2.3189,1033,0.2917,136,1
2024,2,8476792,STL,2024-03-28,2.5104,1108,1.7164,788,0.5014,192,1
2024,2,8476792,STL,2024-03-25,3.0705,1357,2.5446,1105,0.4028,180,1
2024,2,8476792,STL,2024-03-23,3.2724,1407,2.8661,1197,0.1966,90,0
2024,2,8476792,STL,2024-03-19,2.9216,1264,2.5487,1100,0.2316,81,1
2024,2,8476792,STL,2024-03-17,2.5633,1129,2.1247,928,0.4299,195,1
2024,2,8476872,PHI,2024-04-16,2.8781,979,2.8685,975,0.0096,4,1
2024,2,8476872,PHI,2024-04-13,1.7812,628,1.7115,606,NA,NA,1
2024,2,8476872,PHI,2024-04-11,1.8951,691,1.6435,587,0.0163,3,0
2024,2,8476872,PHI,2024-04-09,2.4858,849,2.2743,777,0.2115,72,0
2024,2,8476872,PHI,2024-04-06,2.9295,1089,2.5844,927,0.2734,139,0
2024,2,8476872,PHI,2024-04-05,3.1157,1100,2.7554,975,0.3603,125,0
2024,2,8476872,PHI,2024-04-01,3.5298,1297,3.0541,1118,0.2459,102,1
2024,2,8476872,PHI,2024-03-30,2.5684,886,2.16,742,0.4085,144,1
2024,2,8476872,PHI,2024-03-28,3.1881,1265,2.3754,881,0.5656,273,0
2024,2,8476872,PHI,2024-03-26,2.3445,798,2.0232,670,0.3213,128,0
2024,2,8478055,FLA,2024-04-16,3.2505,1434,2.1908,940,0.4975,197,1
2024,2,8478055,FLA,2024-04-13,3.8977,1723,3.3864,1465,0.2848,137,1
2024,2,8478055,FLA,2024-04-11,2.6976,1158,2.5243,1080,0.0028,2,1
2024,2,8478055,FLA,2024-04-09,3.1565,1409,2.4309,1026,0.4499,212,1
2024,2,8478055,FLA,2024-04-06,3.0568,1354,2.3441,977,0.053900000000000003,25,0
2024,2,8478055,FLA,2024-04-04,2.8547,1290,2.158,910,0.0261,7,0
2024,2,8478055,FLA,2024-04-02,3.1971,1476,2.584,1098,0.0134,6,0
2024,2,8478055,FLA,2024-04-01,2.6792,1203,2.2525,969,0.0125,6,0
2024,2,8478055,FLA,2024-03-30,3.5754,1536,2.925,1185,NA,NA,1
2024,2,8478055,FLA,2024-03-28,3.0109,1346,2.0825,879,NA,NA,1
2024,2,8478397,CGY,2024-04-18,3.1874,1379,2.8573,1220,0.1411,51,1
2024,2,8478397,CGY,2024-04-16,3.3072,1355,2.8519,1198,0.3831,86,0
2024,2,8478397,CGY,2024-04-14,3.2477,1399,2.5998,1090,0.3397,124,1
2024,2,8478397,CGY,2024-04-12,2.9438,1310,2.4752,1118,0.2351,79,0
2024,2,8478397,CGY,2024-04-11,3.5253,1458,3.026,1189,0.1355,47,0
2024,2,8478397,CGY,2024-04-09,3.7029,1601,2.9539,1175,0.1292,67,0
2024,2,8478397,CGY,2024-04-06,3.1727,1418,2.3669,1010,0.2999,104,1
2024,2,8478397,CGY,2024-04-04,3.4045,1523,2.6563,1083,0.0847,48,0
2024,2,8478397,CGY,2024-04-02,3.4974,1463,3.1095,1301,0.1736,51,1
2024,2,8478397,CGY,2024-03-30,3.325,1541,2.302,1039,0.4932,219,1
2024,2,8478542,FLA,2024-04-16,2.1819,821,1.5285,562,0.6534,259,1
2024,2,8478542,FLA,2024-04-13,2.5527,914,2.2957,817,0.257,97,1
2024,2,8478542,FLA,2024-04-11,2.3098,854,2.1493,797,0.1605,57,1
2024,2,8478542,FLA,2024-04-09,2.2661,851,1.8901,676,0.376,175,1
2024,2,8478542,FLA,2024-04-06,2.5092,915,2.2359,835,0.2733,80,0
2024,2,8478542,FLA,2024-04-04,2.0524,737,2.0524,737,NA,NA,0
2024,2,8478542,FLA,2024-04-02,2.3707,832,1.8143,629,0.5563,203,0
2024,2,8478542,FLA,2024-04-01,2.498,887,2.0721,737,0.4259,150,0
2024,2,8478542,FLA,2024-03-30,2.0452,746,2.0012,713,0.044,33,1
2024,2,8478542,FLA,2024-03-28,1.7212,638,1.7212,638,NA,NA,1
2024,2,8479987,BOS,2024-04-16,2.5842,955,2.563,946,NA,NA,1
2024,2,8479987,BOS,2024-04-15,2.6293,915,2.6006,901,NA,NA,0
2024,2,8479987,BOS,2024-04-13,2.3971,851,2.0364,713,0.3607,138,0
2024,2,8479987,BOS,2024-04-09,2.7156,1040,2.38,887,0.2999,137,1
2024,2,8479987,BOS,2024-04-06,2.5814,968,2.0809,763,0.5005,205,1
2024,2,8479987,BOS,2024-04-04,2.8181,1040,2.1287,790,0.6609,238,0
2024,2,8479987,BOS,2024-04-02,2.7824,1051,2.4585,928,0.2949,110,0
2024,2,8479987,BOS,2024-03-30,2.6959,998,2.5429,935,0.153,63,0
2024,2,8479987,BOS,2024-03-27,2.5981,907,2.4366,844,0.1615,63,0
2024,2,8479987,BOS,2024-03-26,2.0569,751,1.8825,694,0.1744,57,0
2024,2,8482146,NSH,2024-04-15,2.48,931,2.1899,830,0.2901,101,0
2024,2,8482146,NSH,2024-04-13,2.4246,952,2.3233,891,0.1013,61,1
2024,2,8482146,NSH,2024-04-12,2.4387,955,2.0882,798,0.3505,157,0
2024,2,8482146,NSH,2024-04-09,2.8785,1118,2.1433,788,0.7352,330,1
2024,2,8482146,NSH,2024-04-07,2.3381,942,2.0162,783,0.322,159,0
2024,2,8482146,NSH,2024-04-06,2.4152,964,1.9801,751,0.4351,213,0
2024,2,8482146,NSH,2024-04-04,1.473,594,1.1236,407,0.3493,187,1
2024,2,8482146,NSH,2024-04-02,2.418,917,1.7595,661,0.6584,256,1
2024,2,8482146,NSH,2024-03-30,2.5221,981,2.0887,790,0.4334,191,0
2024,2,8482146,NSH,2024-03-28,2.3546,894,2.3546,894,NA,NA,0
2024,2,8474037,BOS,2024-04-16,1.9803,857,1.8105,726,0.1698,131,1
2024,2,8474037,BOS,2024-04-09,1.7501,712,1.465,580,0.2852,132,1
2024,2,8474037,BOS,2024-04-06,1.3526,631,0.8081,333,0.5445,298,1
2024,2,8474037,BOS,2024-04-04,1.8371,749,1.3958,529,0.4413,220,0
2024,2,8474037,BOS,2024-04-02,1.9747,810,1.7846,709,0.1901,101,0
2024,2,8474037,BOS,2024-03-27,1.5093,577,1.4377,534,0.0716,43,0
2024,2,8474037,BOS,2024-03-23,1.7148,698,1.5869,632,0.1279,66,0
2024,2,8474037,BOS,2024-03-16,1.7462,656,1.5665,585,0.1796,71,1
2024,2,8474037,BOS,2024-03-11,1.6695,753,1.3692,561,0.3003,192,1
2024,2,8474037,BOS,2024-03-09,1.8394,797,1.7073,718,0.1321,79,1
2024,2,8476461,PHI,2024-04-16,2.9526,1107,2.9526,1106,NA,NA,1
2024,2,8476461,PHI,2024-04-13,2.9228,1046,2.7508,994,NA,NA,1
2024,2,8476461,PHI,2024-04-11,2.483,969,2.3782,916,0.0444,19,0
2024,2,8476461,PHI,2024-04-09,2.5635,945,2.5635,945,NA,NA,0
2024,2,8476461,PHI,2024-04-01,0.5845,201,0.5845,201,NA,NA,1
2024,2,8476461,PHI,2024-03-30,1.8893,712,1.8504,692,NA,NA,1
2024,2,8476461,PHI,2024-03-28,1.6981,626,1.6043,591,0.0214,6,0
2024,2,8476461,PHI,2024-03-26,1.977,706,1.977,706,NA,NA,0
2024,2,8476461,PHI,2024-03-24,1.5535,630,1.5084,597,0.0451,33,1
2024,2,8476461,PHI,2024-03-23,2.0348,789,2.0348,789,NA,NA,1
2024,2,8476881,"SJS,VGK",2024-04-18,2.7651,1071,2.4277,889,0.3374,182,1
2024,2,8476881,"SJS,VGK",2024-04-16,2.1285,829,1.9609,738,0.0839,58,1
2024,2,8476881,"SJS,VGK",2024-04-14,2.7673,1064,2.3428,830,0.4245,234,1
2024,2,8476881,"SJS,VGK",2024-04-12,2.445,1017,1.9921,744,0.2417,177,1
2024,2,8476881,"SJS,VGK",2024-04-10,2.8461,991,2.5042,867,NA,NA,0
2024,2,8476881,"SJS,VGK",2024-04-08,2.7213,1220,1.9953,853,0.48,232,0
2024,2,8476881,"SJS,VGK",2024-01-27,2.4551,1010,2.0917,817,0.1832,90,0
2024,2,8476881,"SJS,VGK",2024-01-23,3.799,1529,2.8977,1095,0.5705,277,0
2024,2,8476881,"SJS,VGK",2024-01-22,3.1998,1233,2.8577,1051,0.1735,98,0
2024,2,8476881,"SJS,VGK",2024-01-20,3.535,1451,2.9859,1200,0.2747,137,0
2024,2,8482089,STL,2024-04-06,1.4003,610,1.0176,364,0.3826,246,0
2024,2,8482089,STL,2024-04-04,2.9824,1287,2.3811,925,0.6013,362,0
2024,2,8482089,STL,2024-04-01,2.9221,1101,2.505,909,0.4171,192,1
2024,2,8482089,STL,2024-03-30,2.5179,988,2.2091,824,0.2104,131,1
2024,2,8482089,STL,2024-03-28,2.8419,1144,2.4117,933,0.361,185,1
2024,2,8482089,STL,2024-03-25,3.0821,1215,2.7383,994,0.2627,177,1
2024,2,8482089,STL,2024-03-23,3.1113,1161,2.9646,1069,0.1467,92,0
2024,2,8482089,STL,2024-03-21,2.9839,1121,2.6886,959,0.2953,162,0
2024,2,8482089,STL,2024-03-19,2.894,1152,2.4575,923,0.4365,229,1
2024,2,8482089,STL,2024-03-17,2.1869,984,1.6311,671,0.5558,313,1
2024,2,8482105,OTT,2024-04-16,3.7925,1622,3.201,1303,0.3497,158,0
2024,2,8482105,OTT,2024-04-15,3.1265,1274,2.3262,884,0.3655,149,0
2024,2,8482105,OTT,2024-04-13,3.8114,1640,2.3343,975,1.148,475,1
2024,2,8482105,OTT,2024-04-11,3.4797,1534,2.3702,994,0.6399,282,0
2024,2,8482105,OTT,2024-04-09,2.9645,1361,1.9395,823,0.4298,208,0
2024,2,8482105,OTT,2024-04-07,3.3645,1505,2.4965,1024,0.4245,200,0
2024,2,8482105,OTT,2024-04-06,3.3759,1366,2.7218,1072,0.2986,143,1
2024,2,8482105,OTT,2024-04-04,3.5009,1440,2.5684,1016,0.7749,320,1
2024,2,8482105,OTT,2024-04-02,3.2472,1349,2.5472,989,0.2822,131,0
2024,2,8482105,OTT,2024-03-30,3.2658,1472,2.0766,889,0.8903,419,0
2024,2,8482149,WPG,2024-04-18,2.9214,1037,2.2847,771,0.6367,266,1
2024,2,8482149,WPG,2024-04-09,1.6773,563,1.4057,463,0.2716,100,0
2024,2,8482149,WPG,2024-04-06,2.1355,767,2.0863,750,0.0492,17,0
2024,2,8482149,WPG,2024-04-04,2.3029,832,2.0997,737,0.2032,95,1
2024,2,8482149,WPG,2024-04-01,2.4942,887,2.397,851,0.0972,36,1
2024,2,8482149,WPG,2024-03-26,1.8066,620,1.3376,406,0.4691,214,1
2024,2,8482149,WPG,2024-03-24,1.6283,596,1.4719,520,0.1564,76,0
2024,2,8482149,WPG,2024-03-23,1.8171,651,1.8171,651,NA,NA,0
2024,2,8482149,WPG,2024-03-13,1.5692,540,1.401,460,0.1682,80,1
2024,2,8482149,WPG,2024-03-11,2.0921,729,2.0117,696,0.0803,33,1
2024,2,8473422,CHI,2024-04-18,2.2322,932,2.0116,784,0.0955,77,0
2024,2,8473422,CHI,2024-04-16,2.1585,888,1.9176,762,0.137,71,0
2024,2,8473422,CHI,2024-04-14,2.4266,1056,1.9936,815,0.4329,241,1
2024,2,8473422,CHI,2024-04-12,2.4969,1159,2.111,862,0.3859,297,1
2024,2,8473422,CHI,2024-04-07,1.937,799,1.937,799,NA,NA,1
2024,2,8473422,CHI,2024-04-06,2.7042,1107,2.0684,832,0.2804,129,1
2024,2,8473422,CHI,2024-04-02,2.4544,1024,2.1117,853,0.1862,99,0
2024,2,8473422,CHI,2024-03-30,2.7997,1119,2.0374,796,0.3066,147,0
2024,2,8473422,CHI,2024-03-28,2.8691,1133,2.1605,835,0.3546,170,0
2024,2,8473422,CHI,2024-03-26,2.3356,1045,1.906,766,0.2059,168,1
2024,2,8475314,NYI,2024-04-15,2.2748,817,2.2748,817,NA,NA,0
2024,2,8475314,NYI,2024-04-13,2.6013,996,1.8521,731,0.7492,265,0
2024,2,8475314,NYI,2024-04-11,2.9171,1122,2.2793,886,0.6378,236,1
2024,2,8475314,NYI,2024-04-09,2.1477,837,1.9692,755,0.1785,82,1
2024,2,8475314,NYI,2024-04-06,2.0606,770,1.9619,723,0.0987,47,1
2024,2,8475314,NYI,2024-04-04,2.218,855,2.0533,809,0.1647,46,0
2024,2,8475314,NYI,2024-04-02,2.2389,920,2.0185,826,0.2203,94,1
2024,2,8475314,NYI,2024-04-01,2.087,818,1.7924,697,0.2946,121,0
2024,2,8475314,NYI,2024-03-30,2.6992,1026,2.6923,1026,1e-4,0,0
2024,2,8475314,NYI,2024-03-28,2.3184,965,1.6414,655,0.6771,310,0
2024,2,8476474,CAR,2024-04-16,2.7103,1171,2.201,837,0.4935,327,0
2024,2,8476474,CAR,2024-04-14,1.7775,667,1.6348,584,0.1427,83,0
2024,2,8476474,CAR,2024-04-12,2.0896,783,1.88,697,0.2096,86,0
2024,2,8476474,CAR,2024-04-09,1.8795,730,1.6286,635,0.2509,95,0
2024,2,8476474,CAR,2024-04-07,2.3638,922,2.1026,776,0.2611,146,1
2024,2,8476474,CAR,2024-04-05,1.5011,605,1.2972,499,0.2039,106,1
2024,2,8476474,CAR,2024-04-04,1.7262,685,1.5767,603,0.1495,82,1
2024,2,8476474,CAR,2024-03-30,1.8111,646,1.7557,610,0.0554,36,0
2024,2,8476474,CAR,2024-03-28,1.8751,674,1.8114,648,0.0636,26,1
2024,2,8476474,CAR,2024-03-26,1.3715,508,1.2529,466,0.1186,42,0
2024,2,8476480,WPG,2024-04-16,2.42,885,1.7155,610,0.5557,203,1
2024,2,8476480,WPG,2024-04-13,1.8155,643,1.6857,591,0.1298,52,0
2024,2,8476480,WPG,2024-04-11,2.1564,740,1.9073,645,0.0968,42,0
2024,2,8476480,WPG,2024-04-09,2.7155,981,2.1864,779,0.2834,100,0
2024,2,8476480,WPG,2024-04-06,1.663,669,1.4555,542,0.0545,23,0
2024,2,8476480,WPG,2024-04-04,1.7179,621,1.4704,507,0.2475,114,1
2024,2,8476480,WPG,2024-04-01,2.1578,741,2.0601,713,0.0978,28,1
2024,2,8476480,WPG,2024-03-30,1.1253,389,1.0542,354,NA,NA,1
2024,2,8476480,WPG,2024-03-28,1.9452,686,1.6103,553,0.2913,118,1
2024,2,8476480,WPG,2024-03-26,2.073,787,1.5887,588,0.4153,169,1
2024,2,8476483,PIT,2024-04-17,2.5165,866,2.5165,866,NA,NA,0
2024,2,8476483,PIT,2024-04-15,2.5534,885,2.2743,794,0.279,91,1
2024,2,8476483,PIT,2024-04-13,2.4507,879,2.2052,788,0.2455,91,1
2024,2,8476483,PIT,2024-04-11,3.2676,1091,2.9993,996,0.2684,95,1
2024,2,8476483,PIT,2024-04-08,3.0025,1089,2.4415,883,0.5609,206,0
2024,2,8476483,PIT,2024-04-06,2.6925,993,2.4928,921,0.1997,72,1
2024,2,8476483,PIT,2024-04-04,2.6433,935,2.3917,841,0.2515,94,0
2024,2,8476483,PIT,2024-04-02,2.6861,979,2.3544,870,0.3316,109,0
2024,2,8476483,PIT,2024-04-01,2.3201,819,2.0777,737,0.2424,82,0
2024,2,8476483,PIT,2024-03-30,2.6407,890,2.4501,830,0.1906,60,0
2024,2,8476958,CAR,2024-04-14,3.0225,1254,2.5464,1013,0.0908,40,0
2024,2,8476958,CAR,2024-04-12,3.0634,1349,2.8504,1249,0.0644,25,0
2024,2,8476958,CAR,2024-04-09,2.7513,1178,2.4746,1030,NA,NA,0
2024,2,8476958,CAR,2024-04-07,2.7202,1197,2.6322,1148,NA,NA,1
2024,2,8476958,CAR,2024-04-05,2.816,1227,2.6211,1129,0.0014,1,1
2024,2,8476958,CAR,2024-04-04,2.623,1150,2.1211,881,NA,NA,1
2024,2,8476958,CAR,2024-03-30,2.7409,1192,2.416,1037,NA,NA,0
2024,2,8476958,CAR,2024-03-28,2.8055,1203,2.5705,1096,NA,NA,1
2024,2,8476958,CAR,2024-03-26,3.1339,1313,2.9435,1221,0.0192,8,0
2024,2,8476958,CAR,2024-03-24,2.8007,1266,2.3112,1026,NA,NA,1
2024,2,8482665,SEA,2024-04-18,3.2198,1138,2.8704,964,0.3422,170,0
2024,2,8482665,SEA,2024-04-16,2.8295,981,2.5741,867,0.2427,109,0
2024,2,8482665,SEA,2024-04-14,3.0033,1124,2.6047,908,0.3986,216,0
2024,2,8482665,SEA,2024-04-13,3.4933,1206,2.8622,934,0.5623,245,0
2024,2,8482665,SEA,2024-04-11,2.8419,1093,2.398,896,0.4439,197,1
2024,2,8482665,SEA,2024-04-09,2.9054,1017,2.4932,857,0.3452,132,1
2024,2,8482665,SEA,2024-04-05,3.0319,1039,2.452,815,0.5799,224,0
2024,2,8482665,SEA,2024-04-03,2.782,949,2.0844,679,0.6174,238,0
2024,2,8482665,SEA,2024-04-01,2.8917,1029,2.4751,861,0.3191,124,0
2024,2,8482665,SEA,2024-03-30,3.2449,1103,2.8715,963,0.3073,114,1
2024,2,8473986,ANA,2024-04-18,2.8637,1127,2.5074,950,0.0865,71,0
2024,2,8473986,ANA,2024-04-13,2.9352,1135,2.5422,962,0.1558,84,0
2024,2,8473986,ANA,2024-04-12,2.5607,981,2.132,801,0.1659,74,1
2024,2,8473986,ANA,2024-04-09,2.8311,1121,2.2617,862,0.5026,234,1
2024,2,8473986,ANA,2024-04-07,2.9102,1149,2.7217,1067,0.1063,42,1
2024,2,8473986,ANA,2024-04-05,2.9218,1147,2.5978,992,0.122,49,1
2024,2,8473986,ANA,2024-04-02,3.2586,1264,2.9774,1159,0.1853,69,0
2024,2,8473986,ANA,2024-03-31,2.9968,1238,2.1379,866,0.4657,194,0
2024,2,8473986,ANA,2024-03-30,2.9171,1104,2.4456,920,0.268,85,0
2024,2,8473986,ANA,2024-03-28,3.0329,1282,1.8819,764,0.4195,182,0
2024,2,8478046,BOS,2024-04-16,2.5952,1002,2.1699,790,0.2543,131,1
2024,2,8478046,BOS,2024-04-15,2.6745,951,2.6079,922,NA,NA,0
2024,2,8478046,BOS,2024-04-13,2.5155,915,2.0577,731,0.301,114,0
2024,2,8478046,BOS,2024-04-09,2.7326,932,2.1918,722,0.3075,132,1
2024,2,8478046,BOS,2024-04-06,2.5768,913,2.3629,828,0.0908,41,1
2024,2,8478046,BOS,2024-04-04,2.5264,980,2.1761,826,0.251,109,0
2024,2,8478046,BOS,2024-04-02,2.5446,954,2.0716,785,NA,NA,0
2024,2,8478046,BOS,2024-03-30,2.4309,827,2.2754,767,NA,NA,0
2024,2,8478046,BOS,2024-03-27,2.872,973,2.7713,935,NA,NA,0
2024,2,8478046,BOS,2024-03-26,2.5554,929,2.3602,866,NA,NA,0
2024,2,8478891,WPG,2024-04-18,2.5782,1003,2.3878,917,NA,NA,1
2024,2,8478891,WPG,2024-04-16,2.3911,908,2.3599,896,2e-4,1,1
2024,2,8478891,WPG,2024-04-13,2.4823,939,2.3938,900,NA,NA,0
2024,2,8478891,WPG,2024-04-11,2.7134,1042,2.3199,881,0.1458,67,0
2024,2,8478891,WPG,2024-04-09,2.7984,1041,2.492,907,NA,NA,0
2024,2,8478891,WPG,2024-04-06,2.3315,834,2.1654,783,0.1512,44,0
2024,2,8478891,WPG,2024-04-04,2.1895,792,2.1728,786,0.0167,6,1
2024,2,8478891,WPG,2024-04-01,2.8758,1043,2.8758,1043,NA,NA,1
2024,2,8478891,WPG,2024-03-30,2.4122,937,2.0562,751,NA,NA,1
2024,2,8478891,WPG,2024-03-28,2.4313,920,2.3293,888,0.0126,5,1
2024,2,8480014,WPG,2024-04-18,2.1358,778,1.7332,609,0.4026,169,1
2024,2,8480014,WPG,2024-04-16,2.9606,1209,2.4616,943,0.4989,266,1
2024,2,8480014,WPG,2024-04-13,2.7441,1061,2.5487,942,0.1954,119,0
2024,2,8480014,WPG,2024-04-11,2.5634,960,2.3768,879,0.1866,81,0
2024,2,8480014,WPG,2024-04-09,2.2749,843,1.9172,656,0.3578,187,0
2024,2,8480014,WPG,2024-04-06,2.4869,1005,2.1855,843,0.3013,162,0
2024,2,8480014,WPG,2024-04-04,3.0856,1297,2.3106,878,0.775,419,1
2024,2,8480014,WPG,2024-04-01,2.8425,1098,2.6671,1006,0.1754,92,1
2024,2,8480014,WPG,2024-03-30,2.8058,1072,2.4124,881,0.3934,191,1
2024,2,8480014,WPG,2024-02-29,1.6352,631,1.5036,560,0.1316,71,0
2024,2,8481535,VAN,2024-04-18,2.1599,876,1.9715,802,0.1884,74,0
2024,2,8481535,VAN,2024-04-16,2.2405,805,2.0854,747,0.1046,58,1
2024,2,8481535,VAN,2024-04-13,2.3453,856,2.2344,811,0.1109,45,0
2024,2,8481535,VAN,2024-04-10,2.0965,874,1.9577,805,0.1388,69,1
2024,2,8481535,VAN,2024-04-08,2.1304,815,2.0674,785,0.063,30,1
2024,2,8481535,VAN,2024-04-06,2.5892,963,2.4751,921,0.1141,42,0
2024,2,8481535,VAN,2024-04-03,2.4077,937,2.2589,862,0.1488,75,0
2024,2,8481535,VAN,2024-04-02,2.1101,779,1.9059,705,0.2042,74,0
2024,2,8481535,VAN,2024-03-31,2.2599,889,1.8604,730,0.3994,159,1
2024,2,8481535,VAN,2024-03-28,2.0268,757,1.8929,708,0.1339,49,1
2024,2,8475287,NJD,2024-04-15,2.7114,1047,2.3031,879,0.264,82,1
2024,2,8475287,NJD,2024-04-13,3.0702,1123,2.7036,988,0.2128,59,0
2024,2,8475287,NJD,2024-04-11,2.9289,1123,2.5114,931,0.0885,23,0
2024,2,8475287,NJD,2024-04-09,2.666,1016,2.4487,899,NA,NA,1
2024,2,8475287,NJD,2024-04-07,2.8146,1081,2.4084,889,0.1221,42,1
2024,2,8475287,NJD,2024-04-06,2.7108,1067,2.3167,882,0.2447,97,0
2024,2,8475287,NJD,2024-04-03,3.1222,1197,2.6007,984,0.2008,69,0
2024,2,8475287,NJD,2024-04-02,2.796,1023,2.1517,781,0.3438,119,1
2024,2,8475287,NJD,2024-03-29,2.9363,1329,2.6929,1236,0.2434,93,0
2024,2,8475287,NJD,2024-03-26,2.8991,1153,2.4933,952,0.1589,61,0
2024,2,8476392,WPG,2024-04-16,2.4866,849,2.3432,795,0.0129,6,1
2024,2,8476392,WPG,2024-04-13,2.7055,933,2.6108,889,NA,NA,0
2024,2,8476392,WPG,2024-04-11,2.5451,941,2.1719,793,0.1572,67,0
2024,2,8476392,WPG,2024-04-09,2.6782,960,2.2967,807,NA,NA,0
2024,2,8476392,WPG,2024-04-06,2.7234,1040,2.0383,726,0.1682,58,0
2024,2,8476392,WPG,2024-04-04,2.1456,775,1.9096,668,0.0159,6,1
2024,2,8476392,WPG,2024-04-01,2.6244,979,2.6244,979,NA,NA,1
2024,2,8476392,WPG,2024-03-30,2.6203,1012,2.0223,701,NA,NA,1
2024,2,8476392,WPG,2024-03-28,2.5258,933,2.4308,877,NA,NA,1
2024,2,8476392,WPG,2024-03-26,2.6768,928,2.3156,798,NA,NA,1
2024,2,8476432,CBJ,2024-03-28,3.549,1370,2.8966,1087,0.1795,94,0
2024,2,8476432,CBJ,2024-03-26,3.0337,1191,2.365,857,0.4511,195,0
2024,2,8476432,CBJ,2024-03-23,3.09,1172,2.7441,997,0.1579,70,0
2024,2,8476432,CBJ,2024-03-22,2.9563,1218,2.6857,1059,NA,NA,0
2024,2,8476432,CBJ,2024-03-19,3.5691,1434,2.9716,1104,0.2041,100,0
2024,2,8476432,CBJ,2024-03-17,2.9227,1108,2.4418,866,0.3402,157,1
2024,2,8476432,CBJ,2024-03-16,3.2346,1256,2.5621,934,0.1828,104,1
2024,2,8476432,CBJ,2024-03-14,3.2647,1312,2.6067,939,0.3755,220,1
2024,2,8476432,CBJ,2024-03-12,3.6699,1548,2.6608,1059,0.6465,325,0
2024,2,8476432,CBJ,2024-03-09,3.2617,1298,2.6557,1018,0.3569,166,1
2024,2,8476880,WSH,2024-04-16,3.056,1126,3.056,1126,NA,NA,0
2024,2,8476880,WSH,2024-04-15,3.4044,1207,3.2184,1139,0.186,68,1
2024,2,8476880,WSH,2024-04-13,2.8862,1132,2.4893,912,0.3413,193,1
2024,2,8476880,WSH,2024-04-11,2.7842,1011,2.7842,1011,NA,NA,0
2024,2,8476880,WSH,2024-04-09,2.88,1001,2.4806,822,0.1341,68,0
2024,2,8476880,WSH,2024-04-07,2.553,1021,1.8992,717,0.3625,180,1
2024,2,8476880,WSH,2024-04-05,3.3712,1162,2.7551,906,0.4939,209,0
2024,2,8476880,WSH,2024-04-04,3.3018,1208,2.6501,927,0.5414,240,1
2024,2,8476880,WSH,2024-03-20,2.698,990,2.2984,798,0.1085,52,1
2024,2,8476880,WSH,2024-03-18,2.6981,955,2.245,791,0.0312,20,0
2024,2,8476925,NSH,2024-04-15,2.5347,944,2.0155,727,0.0746,24,0
2024,2,8476925,NSH,2024-04-12,2.4425,825,2.1558,723,0.0481,13,0
2024,2,8476925,NSH,2024-04-09,2.3668,834,1.6734,557,0.3099,127,1
2024,2,8476925,NSH,2024-04-07,2.1374,760,1.7453,636,0.208,60,0
2024,2,8476925,NSH,2024-04-06,2.5366,929,2.1469,786,0.2599,92,0
2024,2,8476925,NSH,2024-04-04,2.3023,869,1.8836,704,NA,NA,1
2024,2,8476925,NSH,2024-04-02,2.4291,930,1.7732,657,0.4088,178,1
2024,2,8476925,NSH,2024-03-30,2.1594,921,1.2706,500,0.5345,241,0
2024,2,8476925,NSH,2024-03-28,2.7204,964,2.4285,851,NA,NA,0
2024,2,8476925,NSH,2024-03-26,2.6758,901,2.4501,817,NA,NA,1
2024,2,8477450,CHI,2024-04-18,2.69,974,2.3786,844,NA,NA,0
2024,2,8477450,CHI,2024-04-16,2.8237,1039,2.7068,982,0.0036,2,0
2024,2,8477450,CHI,2024-04-14,2.8201,1023,2.5426,898,NA,NA,1
2024,2,8477450,CHI,2024-04-12,2.6637,943,2.0136,694,0.2951,94,1
2024,2,8477450,CHI,2024-04-10,2.6036,938,1.9571,661,0.235,128,0
2024,2,8477450,CHI,2024-04-07,2.803,1042,2.6013,956,NA,NA,1
2024,2,8477450,CHI,2024-04-06,3.3671,1190,3.039,1052,0.1638,53,1
2024,2,8477450,CHI,2024-04-02,3.0439,1207,2.8889,1129,NA,NA,0
2024,2,8477450,CHI,2024-03-30,2.5835,936,2.1186,761,NA,NA,0
2024,2,8477450,CHI,2024-03-28,2.6854,924,2.4571,826,NA,NA,0
2024,2,8478472,OTT,2024-04-16,2.4466,958,2.0783,797,0.25,90,0
2024,2,8478472,OTT,2024-04-15,3.0699,1157,2.6682,974,0.0716,45,0
2024,2,8478472,OTT,2024-04-13,3.0912,1183,2.3525,870,0.4059,140,1
2024,2,8478472,OTT,2024-04-11,3.2448,1175,2.4876,911,0.3478,121,0
2024,2,8478472,OTT,2024-04-09,2.6105,1018,1.9109,704,0.2434,103,0
2024,2,8478472,OTT,2024-04-07,2.556,940,2.3467,852,0.0889,31,0
2024,2,8478472,OTT,2024-04-06,2.9134,1134,2.5049,979,0.1159,42,1
2024,2,8478472,OTT,2024-04-04,2.0652,761,2.0464,754,0.0188,7,1
2024,2,8478472,OTT,2024-04-02,2.9735,1101,2.7136,990,NA,NA,0
2024,2,8478472,OTT,2024-03-30,2.4101,921,2.1929,827,0.0143,8,0
2024,2,8482113,FLA,2024-04-16,2.2454,830,1.7789,593,0.4665,237,1
2024,2,8482113,FLA,2024-04-13,2.8412,972,2.2815,778,0.251,96,1
2024,2,8482113,FLA,2024-04-11,2.5927,914,2.1693,757,0.3041,104,1
2024,2,8482113,FLA,2024-04-09,2.6993,970,2.0726,704,0.5526,232,1
2024,2,8482113,FLA,2024-04-06,2.6515,959,2.0215,743,0.4038,134,0
2024,2,8482113,FLA,2024-04-04,2.5032,937,1.9059,695,NA,NA,0
2024,2,8482113,FLA,2024-04-02,2.6964,951,1.9501,689,0.3583,140,0
2024,2,8482113,FLA,2024-04-01,2.0333,731,1.7596,613,0.1777,81,0
2024,2,8482113,FLA,2024-03-30,2.5373,928,2.4754,895,0.0619,33,1
2024,2,8482113,FLA,2024-03-28,2.6368,942,2.2632,819,NA,NA,1
2024,2,8482699,ARI,2024-04-17,2.7416,1005,2.3101,763,0.2303,147,1
2024,2,8482699,ARI,2024-04-14,2.9953,1159,2.3983,845,0.3564,188,0
2024,2,8482699,ARI,2024-04-12,2.824,1059,2.4207,857,0.2918,156,0
2024,2,8482699,ARI,2024-04-10,3.3111,1289,2.1818,804,0.8298,366,0
2024,2,8482699,ARI,2024-04-09,2.6665,974,2.3021,819,0.1098,71,0
2024,2,8482699,ARI,2024-04-07,2.2995,871,1.676,601,0.2733,139,0
2024,2,8482699,ARI,2024-04-05,2.4907,907,2.021,708,0.1452,68,1
2024,2,8482699,ARI,2024-04-03,2.6204,1066,2.057,786,0.4314,220,1
2024,2,8482699,ARI,2024-03-30,3.0141,1136,2.4949,889,0.5192,247,1
2024,2,8482699,ARI,2024-03-28,2.5419,950,1.9545,674,0.4238,203,1
2024,2,8482720,TOR,2024-04-17,1.7452,688,1.293,502,0.1765,66,0
2024,2,8482720,TOR,2024-04-16,2.0918,794,1.5034,568,0.284,91,0
2024,2,8482720,TOR,2024-04-13,2.2366,801,2.2001,787,NA,NA,1
2024,2,8482720,TOR,2024-04-11,1.9464,689,1.8544,637,0.0921,52,1
2024,2,8482720,TOR,2024-04-09,2.231,793,2.1948,782,0.0362,11,0
2024,2,8482720,TOR,2024-04-08,1.5252,621,1.5252,621,NA,NA,1
2024,2,8482720,TOR,2024-04-06,2.1258,829,2.1146,829,NA,NA,0
2024,2,8482720,TOR,2024-04-03,1.8524,698,1.7429,657,0.0039,3,1
2024,2,8482720,TOR,2024-04-01,1.0501,417,1.0501,417,NA,NA,1
2024,2,8482720,TOR,2024-03-30,2.1558,795,1.69,614,0.3791,152,0
2024,2,8475799,WPG,2024-04-18,2.1686,797,1.596,573,0.5726,224,1
2024,2,8475799,WPG,2024-04-16,2.5252,924,1.9945,723,0.5308,201,1
2024,2,8475799,WPG,2024-04-01,2.1788,814,2.1788,814,NA,NA,1
2024,2,8475799,WPG,2024-03-30,1.9802,760,1.7306,662,0.2496,98,1
2024,2,8475799,WPG,2024-03-28,2.4394,925,1.979,745,0.4604,180,1
2024,2,8475799,WPG,2024-03-26,2.6793,1003,2.1481,780,0.5311,223,1
2024,2,8475799,WPG,2024-03-24,2.3254,872,2.0995,797,0.2259,75,0
2024,2,8475799,WPG,2024-03-23,2.3264,912,2.3264,912,NA,NA,0
2024,2,8475799,WPG,2024-03-21,2.1466,781,1.8625,661,0.2841,120,0
2024,2,8475799,WPG,2024-03-19,2.2752,830,2.2042,808,0.071,22,0
2024,2,8477476,COL,2024-04-18,2.6536,978,2.253,807,0.2576,107,1
2024,2,8477476,COL,2024-04-14,2.5066,1002,2.2913,907,NA,NA,0
2024,2,8477476,COL,2024-04-13,3.13,1186,3.0258,1146,0.0451,17,1
2024,2,8477476,COL,2024-04-09,3.2064,1306,2.2184,830,0.6351,314,1
2024,2,8477476,COL,2024-04-07,3.4803,1410,2.8748,1139,0.3448,165,1
2024,2,8477476,COL,2024-04-05,2.7141,1002,2.0747,753,0.0881,30,0
2024,2,8477476,COL,2024-04-04,2.5315,1022,2.1737,836,NA,NA,0
2024,2,8477476,COL,2024-04-01,2.4862,1034,2.0316,792,0.2705,159,0
2024,2,8477476,COL,2024-03-30,2.5195,1064,1.8369,749,0.3726,181,1
2024,2,8477476,COL,2024-03-28,2.8603,1021,2.3796,838,0.121,53,1
2024,2,8481618,MTL,2024-04-16,2.6413,970,2.3005,826,0.3408,144,1
2024,2,8481618,MTL,2024-04-15,2.2364,883,2.2364,883,NA,NA,0
2024,2,8481618,MTL,2024-04-13,2.773,1098,2.2933,859,0.4797,239,0
2024,2,8481618,MTL,2024-04-11,2.2488,875,2.2488,875,NA,NA,0
2024,2,8481618,MTL,2024-04-09,2.579,943,2.5424,931,NA,NA,1
2024,2,8481618,MTL,2024-04-07,2.9878,1157,2.7294,1039,0.2535,115,0
2024,2,8481618,MTL,2024-04-06,2.8858,1120,2.8703,1108,0.0155,12,1
2024,2,8481618,MTL,2024-04-04,2.5286,1031,1.8206,717,0.7079,314,1
2024,2,8481618,MTL,2024-04-02,2.8373,1202,1.7805,696,1.0392,495,1
2024,2,8481618,MTL,2024-03-30,2.4813,890,1.9122,684,0.5691,206,1
2024,2,8481716,CBJ,2024-04-13,2.1967,876,2.1208,818,0.0759,58,0
2024,2,8481716,CBJ,2024-04-11,2.258,824,2.1127,756,0.1453,68,0
2024,2,8481716,CBJ,2024-04-09,2.5545,990,2.356,891,0.1985,99,0
2024,2,8481716,CBJ,2024-04-07,2.3678,901,2.2161,839,0.1517,62,0
2024,2,8481716,CBJ,2024-04-06,2.5844,991,2.1629,794,0.4133,194,1
2024,2,8481716,CBJ,2024-04-04,2.6751,1009,2.5611,924,0.114,85,1
2024,2,8481716,CBJ,2024-04-01,2.1747,845,1.9626,729,0.2122,116,1
2024,2,8481716,CBJ,2024-03-30,2.8169,1189,2.2655,866,0.5514,323,1
2024,2,8481716,CBJ,2024-03-28,2.4636,1028,2.3497,935,0.1139,93,0
2024,2,8481716,CBJ,2024-03-26,2.3138,930,1.7943,685,0.5195,245,0
2024,2,8482074,CGY,2024-04-18,2.3796,805,2.2238,754,0.1558,51,1
2024,2,8482074,CGY,2024-04-16,2.4197,828,2.1578,749,0.2619,79,0
2024,2,8482074,CGY,2024-04-14,2.6713,883,2.3543,766,0.317,117,1
2024,2,8482074,CGY,2024-04-12,2.9175,970,2.6293,870,0.2881,100,0
2024,2,8482074,CGY,2024-04-11,2.953,950,2.8175,905,0.1355,45,0
2024,2,8482074,CGY,2024-04-09,2.6761,917,2.5344,851,0.1417,66,0
2024,2,8482074,CGY,2024-04-06,2.8221,989,2.4869,884,0.3352,105,1
2024,2,8482074,CGY,2024-04-02,2.1625,766,1.9474,706,0.2152,60,1
2024,2,8482074,CGY,2024-03-30,2.1226,778,1.6344,611,0.4291,167,1
2024,2,8482074,CGY,2024-03-28,2.106,740,1.6741,612,0.4319,128,0
2024,2,8474565,VGK,2024-04-02,2.7662,1182,2.2435,917,0.2327,104,1
2024,2,8474565,VGK,2024-03-30,3.4099,1391,2.8222,1131,0.2536,87,0
2024,2,8474565,VGK,2024-03-17,2.779,1170,2.479,1041,0.0978,44,1
2024,2,8474565,VGK,2024-03-14,3.1953,1323,2.6176,1070,0.2094,88,0
2024,2,8474565,VGK,2024-03-12,3.3769,1386,2.9584,1197,0.0994,42,0
2024,2,8474565,VGK,2024-03-09,3.0571,1393,2.5988,1137,0.0519,28,1
2024,2,8474565,VGK,2024-03-07,3.2532,1323,2.9321,1165,0.1031,32,1
2024,2,8474565,VGK,2024-03-04,3.0219,1311,2.6833,1158,0.1212,43,0
2024,2,8474565,VGK,2024-03-02,3.166,1342,2.8706,1224,0.2954,118,0
2024,2,8474565,VGK,2024-02-29,2.9117,1320,2.5866,1164,0.1338,47,0
2024,2,8476419,NYI,2024-04-17,0.3812,156,0.2542,96,0.127,60,1
2024,2,8476419,NYI,2024-04-15,2.5797,939,2.0483,723,NA,NA,0
2024,2,8476419,NYI,2024-04-13,2.9367,1161,2.0763,778,0.7069,290,0
2024,2,8476419,NYI,2024-04-11,2.5579,993,2.0927,796,0.4652,197,1
2024,2,8476419,NYI,2024-04-09,2.5116,940,1.8972,677,0.3014,149,1
2024,2,8476419,NYI,2024-04-06,2.4887,959,1.9382,690,0.1032,54,1
2024,2,8476419,NYI,2024-04-04,2.8452,1137,2.3497,864,0.4282,243,0
2024,2,8476419,NYI,2024-04-02,2.3087,876,1.8766,689,0.2176,108,1
2024,2,8476419,NYI,2024-04-01,2.4192,863,1.8312,646,0.364,129,0
2024,2,8476419,NYI,2024-03-30,2.6491,988,2.478,905,NA,NA,0
2024,2,8476826,SEA,2024-04-18,3.2021,1105,2.6546,865,NA,NA,0
2024,2,8476826,SEA,2024-04-16,2.7598,934,2.1877,730,NA,NA,0
2024,2,8476826,SEA,2024-04-14,2.8129,978,2.6507,907,4e-4,1,0
2024,2,8476826,SEA,2024-04-13,2.4065,829,1.8999,639,0.0019,3,0
2024,2,8476826,SEA,2024-04-11,2.8147,1016,2.4408,873,NA,NA,1
2024,2,8476826,SEA,2024-04-09,2.8618,1034,2.6091,927,0.0597,18,1
2024,2,8476826,SEA,2024-04-05,2.5366,966,2.2691,833,0.1579,75,0
2024,2,8476826,SEA,2024-04-03,2.4445,842,2.1517,718,0.0039,2,0
2024,2,8476826,SEA,2024-04-01,2.7623,921,2.3208,771,0.0875,23,0
2024,2,8476826,SEA,2024-03-30,2.754,936,2.2286,755,0.0198,7,1
2024,2,8477429,DET,2024-04-16,2.5033,889,2.3079,808,NA,NA,0
2024,2,8477429,DET,2024-04-15,2.2336,803,2.2336,803,NA,NA,1
2024,2,8477429,DET,2024-04-09,2.4011,828,2.2786,771,NA,NA,1
2024,2,8477429,DET,2024-04-07,2.8817,1198,2.6531,1091,0.0263,14,1
2024,2,8477429,DET,2024-04-05,2.083,800,1.7271,636,0.0571,25,1
2024,2,8477429,DET,2024-04-01,2.6389,1114,2.086,844,0.21,105,0
2024,2,8477429,DET,2024-03-30,2.3794,999,1.9055,733,0.4399,233,0
2024,2,8477429,DET,2024-03-28,2.3027,846,2.0146,712,0.139,67,0
2024,2,8477429,DET,2024-03-26,2.3854,904,2.0993,765,0.1669,79,0
2024,2,8477429,DET,2024-03-23,2.1667,859,2.0604,808,NA,NA,0
2024,2,8477986,FLA,2024-04-16,3.8201,1624,2.1651,881,1.1501,507,1
2024,2,8477986,FLA,2024-04-13,3.9717,1662,2.8245,1091,0.9058,444,1
2024,2,8477986,FLA,2024-04-11,3.3399,1311,2.9521,1140,0.3877,171,1
2024,2,8477986,FLA,2024-04-09,3.5513,1539,2.3644,980,0.8466,380,1
2024,2,8477986,FLA,2024-04-06,3.8042,1653,3.1478,1334,0.5604,269,0
2024,2,8477986,FLA,2024-04-04,2.8905,1199,2.5784,1045,0.2152,104,0
2024,2,8477986,FLA,2024-04-02,3.3953,1429,2.6354,1105,0.6563,309,0
2024,2,8477986,FLA,2024-04-01,3.7426,1536,2.818,1158,0.9183,374,0
2024,2,8477986,FLA,2024-03-30,3.3454,1401,3.2078,1296,0.1107,87,1
2024,2,8477986,FLA,2024-03-28,3.001,1242,2.6906,1100,0.2483,120,1
2024,2,8478178,TBL,2024-04-17,3.0529,1444,2.335,1123,0.7179,321,1
2024,2,8478178,TBL,2024-04-15,2.8929,1276,2.6077,1137,0.1591,63,1
2024,2,8478178,TBL,2024-04-13,2.4764,1141,2.4002,1089,NA,NA,0
2024,2,8478178,TBL,2024-04-11,3.57,1561,2.9186,1255,0.392,152,1
2024,2,8478178,TBL,2024-04-09,2.5029,1111,2.5029,1111,NA,NA,1
2024,2,8478178,TBL,2024-04-06,2.0922,908,2.0081,867,0.0109,7,0
2024,2,8478178,TBL,2024-04-04,2.0724,924,1.8856,833,0.1868,91,0
2024,2,8478178,TBL,2024-04-03,2.5007,1009,2.1972,906,0.2932,99,0
2024,2,8478178,TBL,2024-04-01,2.6105,1161,2.4363,1069,0.1658,85,1
2024,2,8478178,TBL,2024-03-30,2.9425,1343,2.7956,1259,0.0607,29,1
2024,2,8479992,DET,2024-04-01,1.9762,851,1.6933,717,0.0161,5,0
2024,2,8479992,DET,2024-03-30,1.8012,744,1.7366,711,NA,NA,0
2024,2,8479992,DET,2024-03-28,2.7784,1069,2.622,988,NA,NA,0
2024,2,8479992,DET,2024-03-26,2.2207,874,2.0643,806,NA,NA,0
2024,2,8479992,DET,2024-03-23,1.7624,778,1.6742,716,NA,NA,0
2024,2,8479992,DET,2024-03-21,2.0318,844,1.8288,725,0.0499,38,1
2024,2,8479992,DET,2024-03-19,2.4027,949,2.4027,949,NA,NA,1
2024,2,8479992,DET,2024-03-17,1.8432,700,1.5188,524,NA,NA,0
2024,2,8479992,DET,2024-03-16,2.5559,1066,2.5559,1066,NA,NA,1
2024,2,8479992,DET,2024-03-14,2.4051,961,2.2367,876,0.036,11,1
2024,2,8480145,WPG,2024-04-18,2.8779,1277,2.017,899,0.5673,234,1
2024,2,8480145,WPG,2024-04-16,2.6398,1111,2.072,904,0.5427,196,1
2024,2,8480145,WPG,2024-04-13,3.1271,1382,2.9823,1303,0.0478,32,0
2024,2,8480145,WPG,2024-04-11,3.0342,1282,2.6359,1085,0.1344,60,0
2024,2,8480145,WPG,2024-04-09,2.9707,1177,2.6443,1058,0.2221,73,0
2024,2,8480145,WPG,2024-04-06,2.6771,1217,2.3674,1073,0.1908,57,0
2024,2,8480145,WPG,2024-04-04,3.1744,1329,2.9082,1204,0.2147,94,1
2024,2,8480145,WPG,2024-04-01,3.0221,1262,2.919,1236,0.103,26,1
2024,2,8480145,WPG,2024-03-30,2.7399,1176,2.3527,986,0.1946,96,1
2024,2,8480145,WPG,2024-03-28,2.933,1274,2.3652,1026,0.4423,191,1
2024,2,8481580,WSH,2024-04-16,2.7056,972,2.5563,926,NA,NA,0
2024,2,8481580,WSH,2024-04-15,2.5867,883,2.5867,883,NA,NA,1
2024,2,8481580,WSH,2024-04-13,2.7832,1041,2.5484,948,NA,NA,1
2024,2,8481580,WSH,2024-04-11,2.6539,950,2.5148,899,NA,NA,0
2024,2,8481580,WSH,2024-04-09,2.4419,855,2.0191,694,0.1325,43,0
2024,2,8481580,WSH,2024-04-07,2.7988,1131,2.5155,995,0.1281,60,1
2024,2,8481580,WSH,2024-04-05,2.8642,1017,2.2831,839,0.4069,117,0
2024,2,8481580,WSH,2024-04-04,2.893,1013,2.1637,752,0.3845,128,1
2024,2,8481580,WSH,2024-04-02,2.9812,1091,2.8768,1041,0.1044,50,0
2024,2,8481580,WSH,2024-03-30,2.7073,1004,2.1486,767,0.26,111,1
2024,2,8482055,PIT,2024-04-17,2.7592,1075,2.3812,926,NA,NA,0
2024,2,8482055,PIT,2024-04-15,2.754,1067,2.5532,990,0.0153,7,1
2024,2,8482055,PIT,2024-04-13,2.877,1107,2.4496000000000002,926,NA,NA,1
2024,2,8482055,PIT,2024-04-11,2.8095,1038,2.3865,887,0.0449,16,1
2024,2,8482055,PIT,2024-04-08,3.0331,1090,2.9224,1058,NA,NA,0
2024,2,8482055,PIT,2024-04-06,2.9136,1116,2.61,977,0.0343,11,1
2024,2,8482055,PIT,2024-04-04,3.1664,1148,2.5947,944,0.0417,15,0
2024,2,8482055,PIT,2024-04-02,2.6841,991,2.2035,829,0.0394,9,0
2024,2,8482055,PIT,2024-04-01,2.5092,934,2.1741,808,0.0495,18,0
2024,2,8482055,PIT,2024-03-30,3.6385,1281,3.161,1077,0.0139,6,0
2024,2,8482110,NJD,2024-04-15,3.2089,1301,2.4741,953,0.5763,262,1
2024,2,8482110,NJD,2024-04-13,3.3298,1278,2.9739,1147,0.1824,61,0
2024,2,8482110,NJD,2024-04-11,3.2459,1271,2.3273,898,0.6339,246,0
2024,2,8482110,NJD,2024-04-09,3.0995,1192,2.72,989,0.2053,132,1
2024,2,8482110,NJD,2024-04-07,2.8904,1068,2.6043,980,0.1514,48,1
2024,2,8482110,NJD,2024-04-06,2.8541,1102,2.4604,951,0.2943,97,0
2024,2,8482110,NJD,2024-04-03,2.1836,788,1.8056,662,0.2774,81,0
2024,2,8482110,NJD,2024-04-02,2.4683,893,1.7319,642,0.4242,132,1
2024,2,8482110,NJD,2024-03-29,2.373,910,2.1024,811,0.2707,99,0
2024,2,8482110,NJD,2024-03-26,2.936,1135,2.4874,950,0.1447,74,0
2024,2,8482159,PHI,2024-04-16,3.178,1187,3.0287,1128,0.1493,59,1
2024,2,8482159,PHI,2024-04-13,3.058,1132,2.8221,1011,0.2359,121,1
2024,2,8482159,PHI,2024-04-11,2.5367,972,2.1285,796,0.4082,176,0
2024,2,8482159,PHI,2024-04-09,3.1087,1148,2.8417,1041,0.267,107,0
2024,2,8482159,PHI,2024-04-06,2.3667,851,2.1199,734,0.2414,115,0
2024,2,8482159,PHI,2024-04-05,3.0753,1178,2.8193,1065,0.256,113,0
2024,2,8482159,PHI,2024-04-01,3.6282,1417,3.3108,1282,0.3174,135,1
2024,2,8482159,PHI,2024-03-30,2.2881,792,1.8707,636,0.3872,144,1
2024,2,8482159,PHI,2024-03-28,3.3099,1246,2.6015,960,0.7084,286,0
2024,2,8482159,PHI,2024-03-26,2.8755,1054,2.4221,917,0.4534,137,0
2024,2,8482671,BUF,2024-04-15,2.7661,1217,2.3628,998,0.0974,52,0
2024,2,8482671,BUF,2024-04-13,3.6665,1634,2.6222,1115,0.3964,149,0
2024,2,8482671,BUF,2024-04-11,3.3351,1375,3.1953,1320,0.1398,55,1
2024,2,8482671,BUF,2024-04-09,3.5602,1504,3.0201,1249,0.3606,140,0
2024,2,8482671,BUF,2024-04-07,3.3672,1390,3.0323,1226,0.1499,61,0
2024,2,8482671,BUF,2024-04-05,3.4866,1507,3.1349,1350,NA,NA,1
2024,2,8482671,BUF,2024-04-02,3.3672,1418,3.265,1368,NA,NA,1
2024,2,8482671,BUF,2024-03-30,3.8046,1542,2.7199,1056,0.6161,246,1
2024,2,8482671,BUF,2024-03-29,3.6099,1731,3.2509,1545,NA,NA,1
2024,2,8482671,BUF,2024-03-27,3.4527,1396,2.9662,1164,0.2956,108,1
2024,2,8474151,NSH,2024-04-15,3.5734,1552,2.9902,1257,0.0617,23,0
2024,2,8474151,NSH,2024-04-13,2.8577,1306,2.8522,1302,NA,NA,1
2024,2,8474151,NSH,2024-04-09,3.0827,1287,2.3149,945,0.4048,140,1
2024,2,8474151,NSH,2024-04-07,3.4187,1396,2.968,1198,0.1523,50,0
2024,2,8474151,NSH,2024-04-06,3.2443,1372,2.8772,1221,0.2198,78,0
2024,2,8474151,NSH,2024-04-04,2.9733,1411,2.2509,1038,0.1361,67,1
2024,2,8474151,NSH,2024-04-02,3.0636,1352,2.4148,1077,0.4471,175,1
2024,2,8474151,NSH,2024-03-30,1.1489,503,0.9541,403,0.1151,57,0
2024,2,8474151,NSH,2024-03-28,3.1271,1341,2.8297,1184,NA,NA,0
2024,2,8474151,NSH,2024-03-26,3.2553,1358,2.922,1218,NA,NA,1
2024,2,8475171,FLA,2024-04-13,0.4514,184,0.4514,184,NA,NA,1
2024,2,8475171,FLA,2024-04-11,2.7253,1125,2.4078,980,0.164,65,1
2024,2,8475171,FLA,2024-04-06,3.1673,1334,2.3142,925,0.2631,86,0
2024,2,8475171,FLA,2024-04-04,2.562,1124,2.0571,834,NA,NA,0
2024,2,8475171,FLA,2024-04-02,2.7422,1092,1.9442,773,0.4564,166,0
2024,2,8475171,FLA,2024-04-01,2.1988,882,1.841,731,0.2528,101,0
2024,2,8475171,FLA,2024-03-30,2.8656,1108,2.6411,975,0.044,33,1
2024,2,8475171,FLA,2024-03-28,2.3057,921,2.3057,921,NA,NA,1
2024,2,8475171,FLA,2024-03-26,2.7093,1055,2.2813,847,0.0701,36,1
2024,2,8475171,FLA,2024-03-24,2.7838,1109,2.3471,895,0.0055,3,0
2024,2,8475722,"ARI,NSH",2024-04-15,1.6513,601,1.6513,601,NA,NA,0
2024,2,8475722,"ARI,NSH",2024-04-13,2.6037,986,2.4387,923,0.165,63,1
2024,2,8475722,"ARI,NSH",2024-04-12,2.2648,805,2.1951,786,0.0644,16,0
2024,2,8475722,"ARI,NSH",2024-04-09,1.677,576,1.2227,426,0.4543,150,1
2024,2,8475722,"ARI,NSH",2024-04-07,2.2427,840,1.972,758,0.2707,82,0
2024,2,8475722,"ARI,NSH",2024-04-06,2.5165,953,2.1171,814,0.3993,139,0
2024,2,8475722,"ARI,NSH",2024-04-04,1.4187,520,1.315,476,0.1038,44,1
2024,2,8475722,"ARI,NSH",2024-04-02,1.9981,805,1.6027,652,0.3954,153,1
2024,2,8475722,"ARI,NSH",2024-03-30,1.9085,746,1.5603,605,0.3481,141,0
2024,2,8475722,"ARI,NSH",2024-03-28,2.2422,814,2.2422,814,NA,NA,0
2024,2,8476921,CAR,2024-04-16,1.9932,749,1.8622,691,NA,NA,0
2024,2,8476921,CAR,2024-04-14,2.5777,1006,2.2616,875,NA,NA,0
2024,2,8476921,CAR,2024-04-12,2.4378,952,2.3663,923,NA,NA,0
2024,2,8476921,CAR,2024-04-09,2.3522,914,1.9883,773,NA,NA,0
2024,2,8476921,CAR,2024-04-07,2.3468,912,2.2586,878,NA,NA,1
2024,2,8476921,CAR,2024-04-05,2.1926,828,2.0008,751,2e-4,1,1
2024,2,8476921,CAR,2024-04-04,1.7335,653,1.4731,556,NA,NA,1
2024,2,8476921,CAR,2024-03-30,1.9436,743,1.6744,642,NA,NA,0
2024,2,8476921,CAR,2024-03-28,1.9916,754,1.8726,710,NA,NA,1
2024,2,8476921,CAR,2024-03-26,2.0776,754,1.7788,654,0.0259,8,0
2024,2,8477498,EDM,2024-04-18,3.0424,1339,2.2555,989,0.32,128,0
2024,2,8477498,EDM,2024-04-15,2.7518,1241,2.6725,1208,NA,NA,1
2024,2,8477498,EDM,2024-04-13,2.4453,1090,2.2645,991,0.0378,36,1
2024,2,8477498,EDM,2024-04-12,3.0349,1370,2.6962,1203,0.0407,19,1
2024,2,8477498,EDM,2024-04-10,2.9781,1257,2.8282,1197,0.1499,60,1
2024,2,8477498,EDM,2024-04-06,2.7398,1307,2.1411,998,0.0665,25,0
2024,2,8477498,EDM,2024-04-05,3.2598,1384,2.3212,942,0.6253,278,1
2024,2,8477498,EDM,2024-04-03,2.394,987,2.0893,873,0.1688,65,0
2024,2,8477498,EDM,2024-04-01,3.5276,1441,2.9838,1211,0.2387,84,0
2024,2,8477498,EDM,2024-03-30,3.5829,1551,3.1831,1361,0.2563,107,1
2024,2,8477952,DET,2024-04-16,2.1547,783,2.1547,783,NA,NA,0
2024,2,8477952,DET,2024-04-15,2.4127,938,2.3252,879,0.0876,59,1
2024,2,8477952,DET,2024-04-13,2.2466,866,2.1476,808,0.099,58,0
2024,2,8477952,DET,2024-04-11,2.1606,734,1.7706,605,0.39,129,0
2024,2,8477952,DET,2024-04-09,2.9283,1105,2.8274,1036,0.1009,69,1
2024,2,8477952,DET,2024-04-07,1.0748,373,1.0748,373,NA,NA,1
2024,2,8477952,DET,2024-04-05,1.7388,670,1.5479,616,0.191,54,1
2024,2,8477952,DET,2024-04-01,1.272,554,0.7978,306,0.4742,248,0
2024,2,8477952,DET,2024-03-30,1.8257,738,1.2486,465,0.5771,273,0
2024,2,8477952,DET,2024-03-28,2.2073,911,1.816,715,0.3913,196,0
2024,2,8478057,VAN,2024-04-18,2.5556,995,1.9457,699,0.2995,183,0
2024,2,8478057,VAN,2024-04-16,2.4235,936,2.1669,855,0.1257,43,1
2024,2,8478057,VAN,2024-04-13,2.2924,908,2.17,857,0.0228,7,0
2024,2,8478057,VAN,2024-04-10,2.4908,1018,1.8823,754,0.2261,93,1
2024,2,8478057,VAN,2024-04-08,2.6695,1088,2.228,888,0.0398,33,1
2024,2,8478057,VAN,2024-04-06,1.7107,684,1.4127,543,0.1436,53,0
2024,2,8478057,VAN,2024-04-03,2.8033,1179,2.3367,953,0.1425,69,0
2024,2,8478057,VAN,2024-04-02,2.1981,896,1.6717,652,0.2203,82,0
2024,2,8478057,VAN,2024-03-31,2.3302,1070,1.6277,702,0.2443,131,1
2024,2,8478057,VAN,2024-03-28,2.1517,947,1.7039,707,0.0257,17,1
2024,2,8478500,CBJ,2024-04-16,3.1479,1369,2.3415,912,0.2053,74,1
2024,2,8478500,CBJ,2024-04-13,3.2204,1258,2.9794,1134,NA,NA,0
2024,2,8478500,CBJ,2024-04-11,3.3604,1347,2.9181,1133,0.1224,52,0
2024,2,8478500,CBJ,2024-04-09,3.3598,1352,2.9924,1156,0.0573,16,0
2024,2,8478500,CBJ,2024-04-07,3.3348,1367,2.9911,1197,0.1108,34,0
2024,2,8478500,CBJ,2024-04-06,3.2318,1346,2.832,1164,0.1794,52,1
2024,2,8478500,CBJ,2024-04-04,3.4585,1462,3.0137,1231,NA,NA,1
2024,2,8478500,CBJ,2024-04-01,2.8045,1364,2.2178,978,0.1075,57,1
2024,2,8478500,CBJ,2024-03-30,3.4828,1329,3.029,1146,0.2875,101,1
2024,2,8478500,CBJ,2024-03-28,3.5291,1407,2.9116,1132,0.1855,57,0
2024,2,8482705,CBJ,2024-04-16,2.4518,994,1.8637,677,0.2853,152,1
2024,2,8482705,CBJ,2024-04-13,2.8668,1077,2.7119,999,0.0168,3,0
2024,2,8482705,CBJ,2024-04-11,3.1029,1137,2.7305,972,0.1439,52,0
2024,2,8482705,CBJ,2024-04-09,3.3588,1225,3.049,1067,0.1057,45,0
2024,2,8482705,CBJ,2024-04-07,3.1638,1203,2.607,945,0.1622,58,0
2024,2,8482705,CBJ,2024-04-06,2.4751,946,2.0043,745,0.1773,51,1
2024,2,8482705,CBJ,2024-04-04,3.2669,1178,2.9126,1040,NA,NA,1
2024,2,8482705,CBJ,2024-04-01,3.5278,1366,3.0949,1111,0.1485,81,1
2024,2,8482705,CBJ,2024-03-30,3.8914,1427,3.4889,1270,0.2808,97,1
2024,2,8482705,CBJ,2024-03-28,3.119,1166,2.4705,887,0.1702,55,0
2024,2,8474189,PIT,2024-04-17,2.0505,774,1.6449,605,NA,NA,0
2024,2,8474189,PIT,2024-04-15,3.0434,1106,2.5904,953,0.2673,92,1
2024,2,8474189,PIT,2024-04-13,2.8358,1088,2.2036,815,0.1944,92,1
2024,2,8474189,PIT,2024-04-11,2.5928,957,1.8689,680,0.2964,105,1
2024,2,8474189,PIT,2024-04-08,3.028,1122,2.5605,938,0.3757,150,0
2024,2,8474189,PIT,2024-04-06,2.7537,992,2.2448,784,0.1673,66,1
2024,2,8474189,PIT,2024-04-04,2.9107,1075,2.18,779,0.2194,95,0
2024,2,8474189,PIT,2024-04-02,3.0124,1082,2.3799,853,0.2338,96,0
2024,2,8474189,PIT,2024-04-01,2.8598,1059,2.2704,810,0.2259,88,0
2024,2,8474189,PIT,2024-03-30,3.0347,1124,2.632,961,0.1158,50,0
2024,2,8474870,CHI,2024-04-18,1.7775,607,1.7341,589,0.0434,18,0
2024,2,8474870,CHI,2024-04-16,2.4141,879,2.2721,829,0.142,50,0
2024,2,8474870,CHI,2024-04-14,2.0203,826,1.6016,600,0.4188,226,1
2024,2,8474870,CHI,2024-04-12,2.4254,1033,2.0192,752,0.4062,281,1
2024,2,8474870,CHI,2024-04-10,2.3647,928,2.1507,808,0.214,120,0
2024,2,8474870,CHI,2024-04-07,2.1881,792,2.1881,792,NA,NA,1
2024,2,8474870,CHI,2024-04-06,2.478,928,2.2162,795,0.2618,133,1
2024,2,8474870,CHI,2024-04-02,2.5798,1009,2.4125,911,0.1673,98,0
2024,2,8474870,CHI,2024-03-30,2.3694,938,2.1381,821,0.2312,117,0
2024,2,8474870,CHI,2024-03-28,2.4948,976,2.126,807,0.3688,169,0
2024,2,8475848,MTL,2024-04-16,2.1829,868,1.9906,757,0.1924,111,1
2024,2,8475848,MTL,2024-04-15,1.9298,824,1.9298,824,NA,NA,0
2024,2,8475848,MTL,2024-04-13,1.9921,822,1.9211,774,0.071,48,0
2024,2,8475848,MTL,2024-04-11,1.7706,725,1.7706,725,NA,NA,0
2024,2,8475848,MTL,2024-04-09,2.1736,852,2.1736,852,NA,NA,1
2024,2,8475848,MTL,2024-04-07,2.0735,770,2.0735,770,NA,NA,0
2024,2,8475848,MTL,2024-04-06,2.3151,896,2.3151,896,NA,NA,1
2024,2,8475848,MTL,2024-04-04,2.077,801,1.6199,650,0.4572,151,1
2024,2,8475848,MTL,2024-04-02,1.9201,752,1.8543,729,0.0488,16,1
2024,2,8475848,MTL,2024-03-30,2.0994,790,1.6839,643,0.4154,147,1
2024,2,8476292,NJD,2024-04-15,2.4339,860,2.2114,779,0.2225,81,1
2024,2,8476292,NJD,2024-04-13,2.4717,993,2.1896,887,0.1936,57,0
2024,2,8476292,NJD,2024-04-11,1.8834,768,1.784,730,0.0617,21,0
2024,2,8476292,NJD,2024-04-09,2.5464,979,2.3373,861,0.0656,51,1
2024,2,8476292,NJD,2024-04-07,2.5543,988,2.298,877,0.1656,72,1
2024,2,8476292,NJD,2024-04-06,2.372,896,2.0475,766,0.2387,100,0
2024,2,8476292,NJD,2024-04-03,2.9804,1129,2.4962,940,0.2248,81,0
2024,2,8476292,NJD,2024-04-02,2.7053,1055,2.2355,878,0.311,114,1
2024,2,8476292,NJD,2024-03-29,2.1436,812,1.9297,729,0.2139,83,0
2024,2,8476292,NJD,2024-03-26,2.4671,999,2.3208,931,0.1462,68,0
2024,2,8476331,WPG,2024-04-18,2.2528,1030,2.0683,919,NA,NA,1
2024,2,8476331,WPG,2024-04-16,2.8507,1345,2.6582,1229,0.0113,7,1
2024,2,8476331,WPG,2024-04-13,2.6391,1257,2.521,1187,NA,NA,0
2024,2,8476331,WPG,2024-04-11,3.1758,1475,2.9706,1371,NA,NA,0
2024,2,8476331,WPG,2024-04-09,3.0999,1433,2.5493,1141,NA,NA,0
2024,2,8476331,WPG,2024-04-06,2.7903,1359,2.3804,1097,0.0369,18,0
2024,2,8476331,WPG,2024-04-04,2.5653,1159,2.4294,1076,0.0125,6,1
2024,2,8476331,WPG,2024-04-01,2.7992,1240,2.7992,1240,NA,NA,1
2024,2,8476331,WPG,2024-03-30,2.7523,1323,2.1414,929,0.0017,3,1
2024,2,8476331,WPG,2024-03-28,2.7861,1338,2.702,1276,NA,NA,1
2024,2,8476979,NYR,2024-04-15,2.8846,1117,2.5807,1009,0.304,108,1
2024,2,8476979,NYR,2024-04-13,2.5466,985,2.5323,979,NA,NA,1
2024,2,8476979,NYR,2024-04-11,2.8492,1132,2.6389,1061,0.2104,71,1
2024,2,8476979,NYR,2024-04-09,2.5274,926,2.4922,914,0.0353,12,0
2024,2,8476979,NYR,2024-04-05,2.3988,931,2.2901,892,0.0843,28,0
2024,2,8476979,NYR,2024-04-03,4.3611,1782,3.7792,1551,0.3376,114,1
2024,2,8476979,NYR,2024-03-23,3.0691,1184,2.9361,1140,0.133,44,1
2024,2,8476979,NYR,2024-03-21,3.2515,1268,2.9369,1136,0.1747,63,0
2024,2,8476979,NYR,2024-03-19,3.1755,1307,3.1553,1298,0.0201,9,1
2024,2,8476979,NYR,2024-03-17,3.2186,1296,3.129,1256,0.0281,11,1
2024,2,8477495,CHI,2024-04-18,3.3808,1501,3.0062,1295,0.1515,70,0
2024,2,8477495,CHI,2024-04-16,3.8502,1657,3.5884,1532,0.1807,70,0
2024,2,8477495,CHI,2024-04-14,3.5163,1500,2.828,1212,0.6154,248,1
2024,2,8477495,CHI,2024-04-12,3.1972,1458,2.4105,1055,0.6006,277,1
2024,2,8477495,CHI,2024-04-10,3.128,1353,2.6291,1098,0.2745,131,0
2024,2,8477495,CHI,2024-04-07,3.0392,1376,2.8866,1289,NA,NA,1
2024,2,8477495,CHI,2024-04-06,3.5297,1587,2.8669,1258,0.3408,128,1
2024,2,8477495,CHI,2024-04-02,3.4447,1561,3.046,1368,0.2205,97,0
2024,2,8477495,CHI,2024-03-30,3.1317,1352,2.4451,1042,0.3465,134,0
2024,2,8477495,CHI,2024-03-28,3.7181,1644,2.9869,1327,0.4432,169,0
2024,2,8478458,"CBJ,NYR",2024-04-15,2.1806,809,2.0212,742,0.1594,67,1
2024,2,8478458,"CBJ,NYR",2024-04-13,1.7385,629,1.7385,629,NA,NA,1
2024,2,8478458,"CBJ,NYR",2024-04-11,1.7712,661,1.5445,579,0.2267,82,1
2024,2,8478458,"CBJ,NYR",2024-04-09,1.8208,677,1.7399,652,0.0809,25,0
2024,2,8478458,"CBJ,NYR",2024-04-05,1.3333,487,1.2645,463,0.0688,24,0
2024,2,8478458,"CBJ,NYR",2024-04-03,2.178,816,2.021,767,0.157,49,1
2024,2,8478458,"CBJ,NYR",2024-04-01,2.6589,900,2.6061,884,0.0527,16,1
2024,2,8478458,"CBJ,NYR",2024-03-30,2.5511,962,2.5511,962,NA,NA,0
2024,2,8478458,"CBJ,NYR",2024-03-28,2.1624,768,1.8688,659,0.2936,109,0
2024,2,8478458,"CBJ,NYR",2024-03-26,1.8548,734,1.8548,734,NA,NA,1
2024,2,8481624,VAN,2024-04-18,2.3514,890,2.3277,882,0.0236,8,0
2024,2,8481624,VAN,2024-04-16,2.0836,737,1.9981,704,NA,NA,1
2024,2,8481624,VAN,2024-04-13,2.0519,773,1.981,741,0.0232,5,0
2024,2,8481624,VAN,2024-04-10,1.7425,700,1.5374,634,NA,NA,1
2024,2,8481624,VAN,2024-04-08,2.4567,919,2.2829,842,0.0485,19,1
2024,2,8481624,VAN,2024-04-06,1.8308,703,1.7945,691,0.0364,12,0
2024,2,8481624,VAN,2024-04-03,2.3266,896,2.1968,841,0.0128,7,0
2024,2,8481624,VAN,2024-04-02,2.5657,928,2.4044,875,0.0099,4,0
2024,2,8481624,VAN,2024-03-31,1.9199,687,1.5233,559,0.076,22,1
2024,2,8481624,VAN,2024-03-28,1.5962,633,1.3269,511,NA,NA,1
2024,2,8473533,CAR,2024-04-14,2.4153,893,2.1357,786,NA,NA,0
2024,2,8473533,CAR,2024-04-09,2.1668,791,1.9242,709,NA,NA,0
2024,2,8473533,CAR,2024-04-07,2.0906,790,1.9664,751,NA,NA,1
2024,2,8473533,CAR,2024-04-05,2.2693,852,2.016,736,0.0024,1,1
2024,2,8473533,CAR,2024-04-04,2.4052,950,1.8339,710,NA,NA,1
2024,2,8473533,CAR,2024-03-30,2.175,841,1.8211,705,NA,NA,0
2024,2,8473533,CAR,2024-03-28,2.3284,838,2.0939,745,NA,NA,1
2024,2,8473533,CAR,2024-03-26,2.2369,824,1.9806,733,0.0185,8,0
2024,2,8473533,CAR,2024-03-24,2.38,928,1.7398,665,NA,NA,1
2024,2,8473533,CAR,2024-03-22,2.7018,972,2.2779,786,0.0307,13,0
2024,2,8475149,MIN,2024-04-18,2.3909,819,2.1759,722,0.1755,72,1
2024,2,8475149,MIN,2024-04-15,2.2816,855,2.0472,781,0.2344,74,0
2024,2,8475149,MIN,2024-04-13,3.0041,1097,2.994,1096,NA,NA,0
2024,2,8475149,MIN,2024-04-12,2.5771,955,2.0676,761,0.4459,165,0
2024,2,8475149,MIN,2024-04-09,2.6118,949,2.5437,909,0.0043,6,0
2024,2,8475149,MIN,2024-04-07,2.9686,1041,2.9309,1022,0.0377,19,0
2024,2,8475149,MIN,2024-04-06,3.0761,1074,2.6947,910,0.1336,66,1
2024,2,8475149,MIN,2024-04-04,2.9521,1095,2.7995,1034,0.1526,61,1
2024,2,8475149,MIN,2024-04-02,2.7004,961,2.5558,913,0.1446,48,1
2024,2,8475149,MIN,2024-03-30,2.3983,923,2.227,834,0.1713,89,1
2024,2,8475753,STL,2024-04-06,1.7858,800,1.1386,503,0.5267,231,0
2024,2,8475753,STL,2024-04-04,3.2535,1357,2.6778,1113,0.4344,177,0
2024,2,8475753,STL,2024-04-01,3.8013,1714,3.2632,1459,0.3361,155,1
2024,2,8475753,STL,2024-03-30,2.7855,1156,2.6336,1089,0.0677,24,1
2024,2,8475753,STL,2024-03-28,2.4179,1138,2.2142,1046,NA,NA,1
2024,2,8475753,STL,2024-03-25,3.022,1346,2.7712,1221,0.1429,53,1
2024,2,8475753,STL,2024-03-23,3.3812,1428,3.1996000000000002,1345,0.0968,30,0
2024,2,8475753,STL,2024-03-21,2.4922,1191,2.097,1011,0.146,57,0
2024,2,8475753,STL,2024-03-19,2.9351,1271,2.2319,933,0.5676,253,1
2024,2,8475753,STL,2024-03-17,2.6695,1285,1.9358,951,0.649,293,1
2024,2,8475768,SEA,2024-04-18,2.4072,890,2.1615,735,0.2458,155,0
2024,2,8475768,SEA,2024-04-16,2.213,779,2.1911,772,NA,NA,0
2024,2,8475768,SEA,2024-04-14,2.7179,993,2.3946,856,0.3233,137,0
2024,2,8475768,SEA,2024-04-13,2.7031,959,2.4744,844,0.2287,115,0
2024,2,8475768,SEA,2024-04-11,2.496,1092,2.1469,925,0.3491,167,1
2024,2,8475768,SEA,2024-04-09,2.6184,1013,2.3995,894,0.2138,117,1
2024,2,8475768,SEA,2024-04-05,2.7497,1052,2.157,769,0.5927,283,0
2024,2,8475768,SEA,2024-04-03,2.9629,1129,2.5352,890,0.4278,239,0
2024,2,8475768,SEA,2024-04-01,2.6827,1016,2.5442,921,0.1386,95,0
2024,2,8475768,SEA,2024-03-30,2.9569,1116,2.697,998,0.2599,118,1
2024,2,8477505,"SEA,NYR",2024-04-15,2.5274,1056,2.1404,842,0.1841,105,1
2024,2,8477505,"SEA,NYR",2024-04-13,2.3801,1011,2.1094,891,NA,NA,1
2024,2,8477505,"SEA,NYR",2024-04-11,2.1959,927,1.7465,701,0.1944,97,1
2024,2,8477505,"SEA,NYR",2024-04-09,2.4623,1005,2.3004,926,0.0482,23,0
2024,2,8477505,"SEA,NYR",2024-04-07,2.1971,863,2.1311,831,0.066,32,1
2024,2,8477505,"SEA,NYR",2024-04-05,2.388,917,2.1503,815,0.0993,38,0
2024,2,8477505,"SEA,NYR",2024-04-03,3.1921,1252,2.5634,1005,0.1661,59,1
2024,2,8477505,"SEA,NYR",2024-04-01,1.8558,741,1.6777,678,0.0459,16,1
2024,2,8477505,"SEA,NYR",2024-03-30,2.0269,799,1.893,733,NA,NA,0
2024,2,8477505,"SEA,NYR",2024-03-28,2.0789,837,1.7975,707,0.2383,109,0
2024,2,8477969,PIT,2024-04-17,3.0343,1346,2.715,1160,NA,NA,0
2024,2,8477969,PIT,2024-04-15,2.6823,1270,2.3667,1123,0.1864,90,1
2024,2,8477969,PIT,2024-04-13,3.2157,1371,2.9162,1225,NA,NA,1
2024,2,8477969,PIT,2024-04-11,3.3722,1474,2.8861,1245,0.1985,76,1
2024,2,8477969,PIT,2024-04-08,2.9195,1238,2.7906,1182,0.0473,19,0
2024,2,8477969,PIT,2024-04-06,3.0971,1402,2.8529,1259,0.0381,26,1
2024,2,8477969,PIT,2024-04-04,3.3252,1509,2.7491,1224,0.1378,59,0
2024,2,8477969,PIT,2024-04-02,3.2167,1390,2.7368,1177,0.0354,11,0
2024,2,8477969,PIT,2024-04-01,2.9567,1370,2.4921,1122,0.1204,58,0
2024,2,8477969,PIT,2024-03-30,3.5166,1578,2.9496000000000002,1266,0.0354,10,0
2024,2,8477987,CHI,2024-04-18,1.7608,653,1.7371,638,0.0237,15,0
2024,2,8477987,CHI,2024-04-16,2.1894,827,2.1183,802,0.071,25,0
2024,2,8477987,CHI,2024-04-14,2.2106,832,2.0133,728,0.1973,104,1
2024,2,8477987,CHI,2024-04-12,2.166,837,1.9063,741,0.2597,96,1
2024,2,8477987,CHI,2024-04-10,1.6857,641,1.6857,641,NA,NA,0
2024,2,8477987,CHI,2024-04-07,2.1346,777,2.1346,777,NA,NA,1
2024,2,8477987,CHI,2024-04-06,1.9088,711,1.7553,654,0.1535,57,1
2024,2,8477987,CHI,2024-04-02,1.7719,660,1.7178,637,0.0541,23,0
2024,2,8477987,CHI,2024-03-30,2.0216,766,1.9436,735,0.078,31,0
2024,2,8477987,CHI,2024-03-28,2.356,874,2.1699,804,0.1861,70,0
2024,2,8478469,OTT,2024-04-16,1.2038,406,0.9568,323,0.2471,83,0
2024,2,8478469,OTT,2024-04-15,3.5193,1385,3.2082,1247,0.237,76,0
2024,2,8478469,OTT,2024-04-13,3.6668,1458,3.2899,1309,0.3487,138,1
2024,2,8478469,OTT,2024-04-11,3.8603,1427,3.4275,1277,0.3987,135,0
2024,2,8478469,OTT,2024-04-09,3.6239,1396,2.8003,1071,0.4147,151,0
2024,2,8478469,OTT,2024-04-07,2.8698,1093,2.7337,1053,0.1361,40,0
2024,2,8478469,OTT,2024-04-06,3.2364,1273,3.1652,1235,0.0561,31,1
2024,2,8478469,OTT,2024-03-27,2.2193,894,1.9557,774,0.2132,100,0
2024,2,8478469,OTT,2024-03-24,3.1416,1324,3.01,1266,0.1316,58,1
2024,2,8478469,OTT,2024-03-23,3.7537,1417,2.6246,987,0.7399,240,0
2024,2,8480064,OTT,2024-02-27,1.0346,363,0.8745,310,0.16,53,0
2024,2,8480064,OTT,2024-02-26,2.172,779,2.0812,740,0.0909,39,0
2024,2,8480064,OTT,2024-02-24,2.9463,1019,2.5863,892,0.3601,127,1
2024,2,8480064,OTT,2024-02-22,2.6796,989,2.0054,719,0.5617,218,1
2024,2,8480064,OTT,2024-02-20,2.1316,786,1.7702,654,0.2562,91,0
2024,2,8480064,OTT,2024-02-19,2.0666,799,1.8881,719,0.1786,80,0
2024,2,8480064,OTT,2024-02-17,3.2922,1142,2.9242,1020,0.368,122,0
2024,2,8480064,OTT,2024-02-15,2.5388,979,1.7242,614,0.7076,299,1
2024,2,8480064,OTT,2024-02-13,2.4458,970,1.7818,637,0.4454,224,1
2024,2,8480064,OTT,2024-02-10,3.1937,1132,2.8353,957,0.3584,175,1
2024,2,8480074,CBJ,2024-04-16,2.2755,907,1.7207,680,0.2208,90,1
2024,2,8480074,CBJ,2024-04-13,2.756,1039,2.6456,993,0.0167,5,0
2024,2,8480074,CBJ,2024-04-11,2.8052,1091,2.4182,909,0.1375,68,0
2024,2,8480074,CBJ,2024-04-09,3.3399,1383,2.871,1136,0.2852,132,0
2024,2,8480074,CBJ,2024-04-07,3.0989,1217,2.6758,1038,0.0988,33,0
2024,2,8480074,CBJ,2024-04-06,2.1986,872,1.7233,682,0.1739,52,1
2024,2,8480074,CBJ,2024-04-04,3.3592,1290,2.7471,1040,0.1739,85,1
2024,2,8480074,CBJ,2024-04-01,3.5516,1378,2.8077,1000,0.1781,84,1
2024,2,8480074,CBJ,2024-03-30,3.7017,1394,3.1483,1176,0.30620000000000003,99,1
2024,2,8480074,CBJ,2024-03-28,3.2524,1196,2.5328,930,0.1679,69,0
2024,2,8480802,EDM,2024-04-18,3.6037,1157,2.8869,916,0.3348,119,0
2024,2,8480802,EDM,2024-04-17,2.4684,778,2.1159,675,0.2494,71,0
2024,2,8480802,EDM,2024-04-15,2.5671,831,2.466,798,NA,NA,1
2024,2,8480802,EDM,2024-04-13,2.1583,694,1.7687,571,0.1525,53,1
2024,2,8480802,EDM,2024-04-12,2.7422,880,2.4627,786,0.0558,19,1
2024,2,8480802,EDM,2024-04-10,2.667,861,2.4461,801,0.2209,60,1
2024,2,8480802,EDM,2024-04-06,2.326,778,2.1708,718,0.0219,9,0
2024,2,8480802,EDM,2024-04-05,2.8321,958,2.062,695,0.6651,227,1
2024,2,8480802,EDM,2024-04-03,2.6502,811,2.2136,694,0.3395,89,0
2024,2,8480802,EDM,2024-04-01,2.6065,804,2.6065,804,NA,NA,0
2024,2,8480817,NYR,2024-04-15,2.642,1163,2.4534,1065,NA,NA,1
2024,2,8480817,NYR,2024-04-13,3.4795,1424,3.015,1213,NA,NA,1
2024,2,8480817,NYR,2024-04-11,2.7005,1146,2.4569,1031,0.0188,6,1
2024,2,8480817,NYR,2024-04-09,2.8767,1174,2.7068,1095,NA,NA,0
2024,2,8480817,NYR,2024-04-07,3.1891,1365,3.0289,1295,0.0249,9,1
2024,2,8480817,NYR,2024-04-05,2.9594,1206,2.7595,1096,0.0425,16,0
2024,2,8480817,NYR,2024-04-03,1e-4,2,1e-4,2,NA,NA,1
2024,2,8480817,NYR,2024-04-01,2.7268,1109,2.4836,1000,0.0398,16,1
2024,2,8480817,NYR,2024-03-30,3.1069,1349,2.8523,1219,NA,NA,0
2024,2,8480817,NYR,2024-03-28,3.5965,1455,3.2403,1320,0.3018,109,0
2024,2,8481546,PHI,2024-04-16,3.7913,1513,3.622,1447,0.1693,66,1
2024,2,8481546,PHI,2024-04-13,3.6122,1529,3.0896,1305,0.3263,142,1
2024,2,8481546,PHI,2024-04-11,3.6891,1560,3.179,1308,0.0802,23,0
2024,2,8481546,PHI,2024-04-09,3.5291,1381,3.2852,1299,0.2439,82,0
2024,2,8481546,PHI,2024-04-06,3.306,1350,2.6407,1084,0.2726,119,0
2024,2,8481546,PHI,2024-04-05,3.5419,1420,3.1651,1290,0.3768,130,0
2024,2,8481546,PHI,2024-04-01,3.7043,1462,3.5467,1396,0.0159,9,1
2024,2,8481546,PHI,2024-03-30,3.8705,1486,3.0896,1191,0.5036,171,1
2024,2,8481546,PHI,2024-03-28,3.8973,1685,3.0893,1297,0.5422,247,0
2024,2,8481546,PHI,2024-03-26,4.0031,1641,3.3197,1379,0.6233,214,0
2024,2,8484145,BUF,2024-04-15,2.7073,996,2.2939,827,0.1726,82,0
2024,2,8484145,BUF,2024-04-13,2.2271,805,1.6636,599,0.3289,123,0
2024,2,8484145,BUF,2024-04-11,2.2123,808,2.0391,734,0.1732,74,1
2024,2,8484145,BUF,2024-04-09,2.392,895,1.6814,620,0.4755,204,0
2024,2,8484145,BUF,2024-04-07,1.8616,705,1.5652,583,0.1818,83,0
2024,2,8484145,BUF,2024-04-05,2.5075,891,2.0843,758,NA,NA,1
2024,2,8484145,BUF,2024-04-02,2.3027,818,1.877,651,0.1537,75,1
2024,2,8484145,BUF,2024-03-30,1.5753,568,1.2518,461,NA,NA,1
2024,2,8484145,BUF,2024-03-29,2.605,1124,2.2761,1002,NA,NA,1
2024,2,8484145,BUF,2024-03-27,1.7908,699,1.5905,614,NA,NA,1
2024,2,8474574,VAN,2024-04-18,3.3232,1379,2.677,1075,0.2498,88,0
2024,2,8474574,VAN,2024-04-16,2.6776,1154,2.3949,1015,NA,NA,1
2024,2,8474574,VAN,2024-04-13,2.6772,1216,2.5546,1144,0.068,24,0
2024,2,8474574,VAN,2024-04-10,2.3361,973,2.0935,853,NA,NA,1
2024,2,8474574,VAN,2024-04-08,2.4883,1077,2.2763,968,NA,NA,1
2024,2,8474574,VAN,2024-04-06,2.2898,1047,2.1473,961,NA,NA,0
2024,2,8474574,VAN,2024-04-03,2.05,912,1.7525,766,NA,NA,0
2024,2,8474574,VAN,2024-04-02,3.0869,1322,2.7276,1094,0.0266,11,0
2024,2,8474574,VAN,2024-03-31,2.515,1236,2.0895,997,NA,NA,1
2024,2,8474574,VAN,2024-03-28,2.4134,1013,1.8996,757,0.1073,48,1
2024,2,8475763,STL,2024-04-17,2.5436,919,2.5371,914,NA,NA,0
2024,2,8475763,STL,2024-04-14,2.2165,758,2.1589,736,NA,NA,1
2024,2,8475763,STL,2024-04-07,2.2754,799,2.1492,755,0.1262,44,0
2024,2,8475763,STL,2024-04-04,1.8847,695,1.4656,518,0.3832,161,0
2024,2,8475763,STL,2024-04-01,2.2997,902,2.1232,824,0.1354,63,1
2024,2,8475763,STL,2024-03-30,2.2647,871,2.08,800,0.0761,28,1
2024,2,8475763,STL,2024-03-28,2.5332,974,2.2266,809,0.258,144,1
2024,2,8475763,STL,2024-03-25,2.7298,1003,2.5504,920,0.1304,54,1
2024,2,8475763,STL,2024-03-23,2.7044,935,2.6444,905,0.06,30,0
2024,2,8475763,STL,2024-03-21,2.0659,762,1.8926,689,0.1309,57,0
2024,2,8479619,ARI,2024-04-17,2.1794,768,2.1074,736,0.072,32,1
2024,2,8479619,ARI,2024-04-14,1.6947,611,1.5939,559,0.1008,52,0
2024,2,8479619,ARI,2024-04-12,1.6436,603,1.4782,532,0.1654,71,0
2024,2,8479619,ARI,2024-04-10,1.4654,544,1.3089,472,0.1565,72,0
2024,2,8479619,ARI,2024-04-09,1.7313,647,1.6388,604,0.0926,43,0
2024,2,8479619,ARI,2024-04-07,1.9534,706,1.9534,706,NA,NA,0
2024,2,8479619,ARI,2024-04-05,1.9948,707,1.9038,673,0.091,34,1
2024,2,8479619,ARI,2024-04-03,1.3779,502,1.3779,502,NA,NA,1
2024,2,8479619,ARI,2024-03-30,1.3911,512,1.3911,512,NA,NA,1
2024,2,8479619,ARI,2024-03-28,1.9253,691,1.9018,682,0.0235,9,1
2024,2,8480336,"PHI,COL",2024-04-18,2.9619,1221,2.508,1014,0.2659,105,1
2024,2,8480336,"PHI,COL",2024-04-14,2.9129,1211,2.714,1120,NA,NA,0
2024,2,8480336,"PHI,COL",2024-04-13,3.224,1325,3.1059,1251,NA,NA,1
2024,2,8480336,"PHI,COL",2024-04-09,2.4103,1056,2.2205,948,NA,NA,1
2024,2,8480336,"PHI,COL",2024-04-07,2.523,1039,2.4215,985,7e-4,1,1
2024,2,8480336,"PHI,COL",2024-04-05,2.2578,1007,1.7962,746,NA,NA,0
2024,2,8480336,"PHI,COL",2024-04-04,2.5343,1073,2.4559,1029,0.0015,0,0
2024,2,8480336,"PHI,COL",2024-04-01,2.4443,995,2.3884,960,NA,NA,0
2024,2,8480336,"PHI,COL",2024-03-30,1.6896,675,1.3083,504,0.033,18,1
2024,2,8480336,"PHI,COL",2024-03-28,2.9007,1139,2.7177,1049,NA,NA,1
2024,2,8480459,VAN,2024-04-18,2.2134,812,1.7057,611,0.1982,64,0
2024,2,8480459,VAN,2024-04-16,2.1121,765,1.8501,675,0.117,43,1
2024,2,8480459,VAN,2024-04-13,2.0689,767,1.9692,732,NA,NA,0
2024,2,8480459,VAN,2024-04-10,1.3415,492,1.3278,487,0.0137,5,1
2024,2,8480459,VAN,2024-04-08,1.6739,626,1.6062,591,0.0677,35,1
2024,2,8480459,VAN,2024-04-06,2.3405,861,2.1056,758,0.1716,60,0
2024,2,8480459,VAN,2024-04-02,2.2823,903,1.7059,630,0.1933,83,0
2024,2,8480459,VAN,2024-03-31,2.3373,890,1.6375,578,0.4285,177,1
2024,2,8480459,VAN,2024-03-28,2.3346,950,1.466,535,0.5778,288,1
2024,2,8480459,VAN,2024-03-25,2.2004,863,1.7665,652,0.112,67,1
2024,2,8481524,"COL,BUF",2024-04-15,3.0028,1262,2.69,1137,0.2153,85,0
2024,2,8481524,"COL,BUF",2024-04-13,3.0723,1342,2.6332,1118,0.2323,101,0
2024,2,8481524,"COL,BUF",2024-04-09,2.859,1198,2.4682,1034,0.3533,145,0
2024,2,8481524,"COL,BUF",2024-04-07,3.0664,1242,2.9778,1203,NA,NA,0
2024,2,8481524,"COL,BUF",2024-04-05,2.5596,1134,2.5596,1134,NA,NA,1
2024,2,8481524,"COL,BUF",2024-04-02,2.7623,1161,2.7193,1123,NA,NA,1
2024,2,8481524,"COL,BUF",2024-03-30,3.2466,1291,2.4165,966,0.7747,293,1
2024,2,8481524,"COL,BUF",2024-03-29,2.7542,1101,2.7026,1078,NA,NA,1
2024,2,8481524,"COL,BUF",2024-03-27,3.1542,1160,2.8009,1027,0.3273,124,1
2024,2,8481524,"COL,BUF",2024-03-24,3.075,1243,2.9526,1178,0.0477,14,0
2024,2,8481656,WSH,2024-04-16,3.0954,1156,2.9744,1111,NA,NA,0
2024,2,8481656,WSH,2024-04-15,2.7112,1012,2.7023,1005,0.0089,7,1
2024,2,8481656,WSH,2024-04-13,2.4548,925,2.386,897,NA,NA,1
2024,2,8481656,WSH,2024-04-11,2.3308,925,2.1747,875,NA,NA,0
2024,2,8481656,WSH,2024-04-09,2.2277,827,2.2277,827,NA,NA,0
2024,2,8481656,WSH,2024-04-07,2.3117,940,2.2252,905,NA,NA,1
2024,2,8481656,WSH,2024-04-05,2.077,816,2.077,816,NA,NA,0
2024,2,8481656,WSH,2024-04-04,2.5817,899,2.3498,809,NA,NA,1
2024,2,8481656,WSH,2024-04-02,2.1976,836,2.1976,836,NA,NA,0
2024,2,8481656,WSH,2024-03-30,2.7043,1023,2.4268,882,NA,NA,1
2024,2,8482475,CBJ,2024-03-12,0.8284,297,0.5018,178,0.2932,100,0
2024,2,8482475,CBJ,2024-03-09,3.303,1180,2.7318,955,0.2335,79,1
2024,2,8482475,CBJ,2024-03-07,2.5869,870,2.3625,780,0.1495,50,1
2024,2,8482475,CBJ,2024-03-05,2.5859,861,2.2968,749,0.1056,45,0
2024,2,8482475,CBJ,2024-03-04,2.4327,855,1.9934,698,0.3146,109,1
2024,2,8482475,CBJ,2024-03-02,2.3168,745,2.0784,671,0.2384,74,0
2024,2,8482475,CBJ,2024-02-29,1.729,543,1.5361,492,0.1928,51,1
2024,2,8482475,CBJ,2024-02-28,2.3716,787,2.2397,747,0.132,40,0
2024,2,8482475,CBJ,2024-02-25,2.6974,888,2.2305,722,0.4544,162,1
2024,2,8482475,CBJ,2024-02-23,2.8294,1073,2.4011,907,0.191,73,1
2024,2,8484153,ANA,2024-04-18,3.1179,1020,2.8662,929,NA,NA,0
2024,2,8484153,ANA,2024-04-13,3.5418,1314,3.1099,1051,0.1499,151,0
2024,2,8484153,ANA,2024-04-12,2.9054,1030,2.4732,867,0.1635,75,1
2024,2,8484153,ANA,2024-04-09,2.8014,964,2.4779,829,0.3235,135,1
2024,2,8484153,ANA,2024-04-07,3.2888,1135,2.8239,930,0.4504,200,1
2024,2,8484153,ANA,2024-04-05,3.1143,1101,2.896,1014,0.1674,65,1
2024,2,8484153,ANA,2024-04-02,3.3387,1181,3.2215,1123,0.0912,50,0
2024,2,8484153,ANA,2024-03-31,3.134,1229,2.4236,912,0.6266,292,0
2024,2,8484153,ANA,2024-03-30,3.0222,1059,2.8824,981,0.1086,62,0
2024,2,8484153,ANA,2024-03-28,3.006,1094,2.5894,903,0.3562,173,0
2024,2,8474715,PHI,2024-04-16,0.8262,281,0.8262,281,NA,NA,1
2024,2,8474715,PHI,2024-04-13,1.4349,497,1.4349,497,NA,NA,1
2024,2,8474715,PHI,2024-04-11,1.4226,515,1.3373,485,NA,NA,0
2024,2,8474715,PHI,2024-04-06,2.1842,772,2.0621,722,NA,NA,0
2024,2,8474715,PHI,2024-04-05,1.9502,774,1.9502,774,NA,NA,0
2024,2,8474715,PHI,2024-04-01,2.4845,841,2.014,698,0.3238,98,1
2024,2,8474715,PHI,2024-03-28,1.845,654,1.7546,620,0.0178,6,0
2024,2,8474715,PHI,2024-03-16,1.8696,691,1.5205,513,0.2329,134,0
2024,2,8474715,PHI,2024-03-09,2.0241,739,1.5264,525,0.4143,180,0
2024,2,8474715,PHI,2024-03-07,1.7698,720,1.4339,577,0.1766,84,0
2024,2,8475181,STL,2024-04-17,3.308,1517,2.7312,1232,0.1313,41,0
2024,2,8475181,STL,2024-04-14,3.0867,1508,2.699,1296,0.0557,25,1
2024,2,8475181,STL,2024-04-12,3.3991,1442,3.0905,1302,0.0193,6,1
2024,2,8475181,STL,2024-04-10,3.0173,1301,2.6295,1110,0.1797,63,1
2024,2,8475181,STL,2024-04-07,2.722,1277,2.4556,1144,NA,NA,0
2024,2,8475181,STL,2024-04-06,2.9045,1245,2.4663,1035,0.0071,6,0
2024,2,8475181,STL,2024-04-04,2.7872,1289,2.4574,1080,0.083,40,0
2024,2,8475181,STL,2024-04-01,2.6645,1328,2.3502,1169,0.0272,18,1
2024,2,8475181,STL,2024-03-30,2.9674,1337,2.6841,1181,NA,NA,1
2024,2,8475181,STL,2024-03-28,2.7605,1276,2.4114,1104,NA,NA,1
2024,2,8476923,CBJ,2024-04-16,2.7828,1199,2.4325,1013,0.1458,71,1
2024,2,8476923,CBJ,2024-04-13,3.1685,1345,3.149,1336,0.0195,9,0
2024,2,8476923,CBJ,2024-04-11,2.9093,1247,2.597,1117,0.1121,52,0
2024,2,8476923,CBJ,2024-04-09,2.9653,1339,2.904,1300,0.0613,39,0
2024,2,8476923,CBJ,2024-04-07,3.3407,1501,2.9679,1292,0.15,59,0
2024,2,8476923,CBJ,2024-04-06,2.8288,1313,2.5193,1152,0.1151,50,1
2024,2,8476923,CBJ,2024-04-04,2.6964,1178,2.5819,1120,NA,NA,1
2024,2,8476923,CBJ,2024-04-01,3.2795,1478,2.9932,1310,0.0973,62,1
2024,2,8476923,CBJ,2024-03-30,3.8141,1598,3.5114,1451,0.1896,97,1
2024,2,8476923,CBJ,2024-03-28,3.156,1343,2.6205,1089,0.0895,52,0
2024,2,8476927,VAN,2024-04-18,2.2988,863,1.7444,628,0.0011,0,0
2024,2,8476927,VAN,2024-04-16,2.402,975,2.1204,852,NA,NA,1
2024,2,8476927,VAN,2024-04-13,2.171,886,1.8902,761,NA,NA,0
2024,2,8476927,VAN,2024-04-10,1.9693,786,1.2757,513,NA,NA,1
2024,2,8476927,VAN,2024-04-08,2.5014,988,2.0606,807,0.0267,14,1
2024,2,8476927,VAN,2024-04-06,1.8293,768,1.6328,659,NA,NA,0
2024,2,8476927,VAN,2024-04-03,2.2832,884,1.8924,734,NA,NA,0
2024,2,8476927,VAN,2024-04-02,2.1084,780,1.838,666,NA,NA,0
2024,2,8476927,VAN,2024-03-31,2.0136,795,1.5876,627,0.0262,11,1
2024,2,8476927,VAN,2024-03-28,2.3188,877,1.9002,696,0.0536,20,1
2024,2,8476931,TOR,2024-04-16,3.0566,1313,2.174,909,0.3066,110,0
2024,2,8476931,TOR,2024-04-13,2.1712,854,1.7632,662,0.1655,70,1
2024,2,8476931,TOR,2024-04-09,2.6574,1175,2.3576,1007,0.1985,99,0
2024,2,8476931,TOR,2024-04-08,3.3083,1397,2.735,1114,NA,NA,1
2024,2,8476931,TOR,2024-04-06,2.7997,1190,2.6981,1128,0.084,50,0
2024,2,8476931,TOR,2024-04-03,2.8501,1200,2.2898,926,0.1248,60,1
2024,2,8476931,TOR,2024-04-01,3.3062,1477,2.5075,1087,0.3057,128,1
2024,2,8476931,TOR,2024-03-30,2.9318,1309,1.9735,876,0.3861,140,0
2024,2,8476931,TOR,2024-03-28,2.9145,1247,2.4152,1014,0.1125,54,1
2024,2,8476931,TOR,2024-03-26,3.0454,1283,2.8183,1168,0.0109,10,1
2024,2,8478115,NYI,2024-04-15,2.3501,816,2.3501,816,NA,NA,0
2024,2,8478115,NYI,2024-04-13,2.9522,1024,2.265,797,0.6873,227,0
2024,2,8478115,NYI,2024-04-11,2.5952,910,2.4126,850,0.1825,60,1
2024,2,8478115,NYI,2024-04-09,2.0697,767,2.0697,767,NA,NA,1
2024,2,8478115,NYI,2024-04-06,2.4651,855,2.4651,855,NA,NA,1
2024,2,8478115,NYI,2024-04-04,2.9735,1110,2.7655,1029,0.208,81,0
2024,2,8478115,NYI,2024-04-02,2.5928,944,2.5928,944,NA,NA,1
2024,2,8478115,NYI,2024-04-01,2.9118,1055,2.5594,933,0.3525,122,0
2024,2,8478115,NYI,2024-03-30,2.4353,859,2.4353,859,NA,NA,0
2024,2,8478115,NYI,2024-03-28,2.6239,958,1.8101,670,0.8138,288,0
2024,2,8478133,MTL,2024-04-16,3.0557,1077,3.0557,1077,NA,NA,1
2024,2,8478133,MTL,2024-04-15,3.0513,1074,2.8778,1001,NA,NA,0
2024,2,8478133,MTL,2024-04-13,2.7,1006,1.8344,640,0.0343,11,0
2024,2,8478133,MTL,2024-04-11,3.2363,1174,2.4199,859,NA,NA,0
2024,2,8478133,MTL,2024-04-09,2.2593,853,2.082,779,NA,NA,1
2024,2,8478133,MTL,2024-04-07,2.4715,1013,2.1995,880,0.018,5,0
2024,2,8478133,MTL,2024-04-06,2.4879,958,2.3172,891,0.0068,0,1
2024,2,8478133,MTL,2024-04-04,2.2139,875,1.584,583,0.0144,6,1
2024,2,8478133,MTL,2024-04-02,2.6121,1022,1.7771,676,0.1362,38,1
2024,2,8478133,MTL,2024-03-30,2.7591,1019,2.4453,876,0.0458,15,1
2024,2,8478413,BUF,2024-04-15,2.838,1099,2.5145,951,0.1819,87,0
2024,2,8478413,BUF,2024-04-13,2.6109,1037,1.8271,665,NA,NA,0
2024,2,8478413,BUF,2024-04-11,2.7241,991,2.7241,991,NA,NA,1
2024,2,8478413,BUF,2024-04-09,2.2157,857,1.8475,678,NA,NA,0
2024,2,8478413,BUF,2024-04-07,2.9266,1129,2.7479,1049,NA,NA,0
2024,2,8478413,BUF,2024-03-30,2.8207,1230,1.3516,549,0.929,452,1
2024,2,8478413,BUF,2024-03-29,2.8848,1099,2.3795,888,NA,NA,1
2024,2,8478413,BUF,2024-03-27,2.6363,1014,2.1106,749,0.2077,109,1
2024,2,8478413,BUF,2024-03-24,2.7623,1077,2.3569,887,0.2001,105,0
2024,2,8478413,BUF,2024-03-21,3.2836,1358,2.5405,973,0.5196,276,0
2024,2,8480068,PHI,2024-04-16,3.2372,1138,3.073,1079,0.1642,59,1
2024,2,8480068,PHI,2024-04-13,3.4345,1203,3.1095,1078,0.1758,79,1
2024,2,8480068,PHI,2024-04-11,2.7435,1003,1.8549,678,0.4836,176,0
2024,2,8480068,PHI,2024-04-09,2.3168,807,2.3168,807,NA,NA,0
2024,2,8480068,PHI,2024-04-06,2.4015,831,2.0471,718,0.0051,2,0
2024,2,8480068,PHI,2024-04-05,2.2008,782,2.1557,768,0.0451,14,0
2024,2,8480068,PHI,2024-04-01,2.7379,963,2.397,842,0.0248,9,1
2024,2,8480068,PHI,2024-03-30,2.8885,989,2.0019,682,0.5801,206,1
2024,2,8480068,PHI,2024-03-28,2.5866,964,1.9105,716,0.4797,190,0
2024,2,8480068,PHI,2024-03-26,3.181,1210,2.7179,1023,0.3888,139,0
2024,2,8480813,DET,2024-04-16,1.9754,696,1.7837,632,NA,NA,0
2024,2,8480813,DET,2024-04-15,1.3339,463,1.3339,463,NA,NA,1
2024,2,8480813,DET,2024-04-13,2.5166,978,2.35,892,0.0116,6,0
2024,2,8480813,DET,2024-04-11,2.1256,715,1.8514,617,NA,NA,0
2024,2,8480813,DET,2024-04-09,1.0444,345,1.0444,345,NA,NA,1
2024,2,8480813,DET,2024-04-07,1.2388,419,1.2388,419,NA,NA,1
2024,2,8480813,DET,2024-04-05,2.0374,706,2.0374,706,NA,NA,1
2024,2,8480813,DET,2024-04-01,0.7089,282,0.7089,282,NA,NA,0
2024,2,8480813,DET,2024-03-30,1.7042,570,1.5805,525,0.1237,45,0
2024,2,8480813,DET,2024-03-28,2.5984,946,2.5538,929,NA,NA,0
2024,2,8482125,NJD,2024-04-15,2.762,1011,2.5493,934,0.2127,77,1
2024,2,8482125,NJD,2024-04-13,1.967,693,1.7719,634,0.1951,59,0
2024,2,8482125,NJD,2024-04-11,1.3294,458,1.299,442,0.0304,16,0
2024,2,8482125,NJD,2024-04-09,2.1681,802,2.1681,802,NA,NA,1
2024,2,8482125,NJD,2024-04-07,1.6995,597,1.5717,553,0.1279,44,1
2024,2,8482125,NJD,2024-04-06,2.206,788,1.9353,694,0.2707,94,0
2024,2,8482125,NJD,2024-04-03,1.9552,662,1.8055,608,0.1497,54,0
2024,2,8482125,NJD,2024-04-02,1.3839,508,1.0888,403,0.2951,105,1
2024,2,8482125,NJD,2024-03-29,2.3259,1066,2.1462,979,0.1798,87,0
2024,2,8482125,NJD,2024-03-26,1.5106,535,1.5106,535,NA,NA,0
2024,2,8483490,ANA,2024-03-30,2.9952,1346,2.686,1185,0.1422,68,0
2024,2,8483490,ANA,2024-03-28,2.9337,1345,1.9977,822,0.382,184,0
2024,2,8483490,ANA,2024-03-26,3.0183,1344,2.6964,1125,0.0771,26,0
2024,2,8483490,ANA,2024-03-24,2.9095,1318,2.3182,1049,0.3513,157,1
2024,2,8483490,ANA,2024-03-21,2.8534,1200,2.6021,1090,0.144,58,1
2024,2,8483490,ANA,2024-03-19,3.2756,1504,2.5235,1079,0.3021,144,1
2024,2,8483490,ANA,2024-03-17,2.3532,993,2.0928,879,0.0122,6,0
2024,2,8483490,ANA,2024-03-15,2.5216,1076,2.1478,915,0.2465,83,0
2024,2,8483490,ANA,2024-03-14,2.8116,1084,2.5879,983,0.1692,57,0
2024,2,8483490,ANA,2024-03-12,2.4534,1046,2.2296,922,0.1011,43,0
2024,2,8476463,MIN,2024-04-18,2.7595,1192,2.4503,984,0.0118,7,1
2024,2,8476463,MIN,2024-04-15,2.9967,1308,2.5187,1089,0.053900000000000003,20,0
2024,2,8476463,MIN,2024-04-13,2.98,1278,2.6182,1067,NA,NA,0
2024,2,8476463,MIN,2024-04-12,2.7017,1229,2.3661,1003,0.0142,6,0
2024,2,8476463,MIN,2024-04-09,2.7837,1241,2.3815,1030,0.0432,15,0
2024,2,8476463,MIN,2024-04-07,3.2166,1321,3.176,1302,0.0405,19,0
2024,2,8476463,MIN,2024-04-06,3.3665,1405,3.0163,1242,0.025,7,1
2024,2,8476463,MIN,2024-04-04,3.4659,1446,3.2914,1352,0.0696,24,1
2024,2,8476463,MIN,2024-04-02,3.4839,1447,3.2924,1341,0.0336,12,1
2024,2,8476463,MIN,2024-03-30,3.4511,1508,3.1012,1283,NA,NA,1
2024,2,8478020,VGK,2024-04-18,1.9897,768,1.879,719,0.1107,49,1
2024,2,8478020,VGK,2024-04-16,2.3639,887,2.2539,844,0.1085,41,1
2024,2,8478020,VGK,2024-04-10,2.4411,859,2.4159,851,NA,NA,0
2024,2,8478020,VGK,2024-04-08,1.8306,698,1.8306,698,NA,NA,0
2024,2,8478020,VGK,2024-04-05,2.0905,894,1.7943,730,0.2312,130,0
2024,2,8478020,VGK,2024-04-02,1.6617,614,1.6617,614,NA,NA,1
2024,2,8478020,VGK,2024-03-30,1.9016,671,1.9016,671,NA,NA,0
2024,2,8478020,VGK,2024-03-28,2.1635,783,2.1635,783,NA,NA,0
2024,2,8478020,VGK,2024-03-26,2.2558,840,2.2558,840,NA,NA,0
2024,2,8478020,VGK,2024-03-25,2.5331,958,2.5331,958,NA,NA,0
2024,2,8480113,WPG,2024-04-18,2.2747,938,1.7488,676,0.1511,96,1
2024,2,8480113,WPG,2024-04-16,1.8698,685,1.6915,611,0.0198,7,1
2024,2,8480113,WPG,2024-04-13,2.0494,775,1.8656,673,0.1337,74,0
2024,2,8480113,WPG,2024-04-11,2.0822,773,1.8481,659,0.0746,39,0
2024,2,8480113,WPG,2024-04-09,2.0991,808,1.728,652,NA,NA,0
2024,2,8480113,WPG,2024-04-06,1.7024,687,1.3137,515,0.0617,21,0
2024,2,8480113,WPG,2024-04-04,1.6222,600,1.4568,523,NA,NA,1
2024,2,8480113,WPG,2024-04-01,1.6044,574,1.6044,574,NA,NA,1
2024,2,8480113,WPG,2024-03-30,1.4711,581,0.9221,313,NA,NA,1
2024,2,8480113,WPG,2024-03-28,2.2337,887,1.7226,652,0.4182,176,1
2024,2,8480185,FLA,2024-04-16,2.5045,988,1.7709,665,0.1505,74,1
2024,2,8480185,FLA,2024-04-13,2.294,907,1.8771,714,0.2018,91,1
2024,2,8480185,FLA,2024-04-11,2.5139,933,2.2698,835,0.1334,53,1
2024,2,8480185,FLA,2024-04-09,2.7422,1113,2.0082,749,0.3994,200,1
2024,2,8480185,FLA,2024-04-06,2.3468,951,1.8266,696,NA,NA,0
2024,2,8480185,FLA,2024-04-04,2.5715,990,1.9997,733,NA,NA,0
2024,2,8480185,FLA,2024-04-02,2.5269,1021,1.5771,589,0.6097,286,0
2024,2,8480185,FLA,2024-04-01,2.2604,862,1.812,677,0.0113,6,0
2024,2,8480185,FLA,2024-03-30,2.4237,927,1.9878,740,NA,NA,1
2024,2,8480185,FLA,2024-03-28,2.7277,1077,2.0035,744,NA,NA,1
2024,2,8480748,NSH,2024-04-15,1.6506,584,1.4362,501,NA,NA,0
2024,2,8480748,NSH,2024-04-13,2.5463,925,2.4238,869,NA,NA,1
2024,2,8480748,NSH,2024-04-12,2.1912,873,2.0048,802,NA,NA,0
2024,2,8480748,NSH,2024-04-09,2.0984,789,1.9321,710,0.0032,2,1
2024,2,8480748,NSH,2024-04-07,2.5293,870,2.3309,799,0.029,12,0
2024,2,8480748,NSH,2024-04-06,2.1639,766,2.1423,758,0.0216,8,0
2024,2,8480748,NSH,2024-04-04,1.6796,612,1.5614,574,NA,NA,1
2024,2,8480748,NSH,2024-04-02,2.3135,816,2.1658,746,0.0047,3,1
2024,2,8480748,NSH,2024-03-30,1.9131,678,1.4924,500,NA,NA,0
2024,2,8480748,NSH,2024-03-28,2.0373,729,2.0373,729,NA,NA,0
2024,2,8480829,CAR,2024-04-16,2.6851,1042,2.1498,823,0.317,131,0
2024,2,8480829,CAR,2024-04-14,1.7875,724,1.5651,616,0.2224,108,0
2024,2,8480829,CAR,2024-04-12,2.4626,910,2.4626,910,NA,NA,0
2024,2,8480829,CAR,2024-04-05,1.5245,597,1.5245,597,NA,NA,1
2024,2,8480829,CAR,2024-03-30,1.7901,688,1.7901,688,NA,NA,0
2024,2,8480829,CAR,2024-03-28,1.9738,795,1.9522,780,NA,NA,1
2024,2,8480829,CAR,2024-03-26,1.4713,575,1.4234,543,0.0479,32,0
2024,2,8480829,CAR,2024-03-24,1.4228,550,1.4228,550,NA,NA,1
2024,2,8480829,CAR,2024-03-22,1.5423,579,1.3603,488,NA,NA,0
2024,2,8480829,CAR,2024-03-21,1.4858,570,1.1316,416,0.2815,118,1
2024,2,8480835,CAR,2024-04-16,2.4608,1012,1.4296,499,0.6707,370,0
2024,2,8480835,CAR,2024-04-14,2.3949,948,1.7946,655,0.3429,175,0
2024,2,8480835,CAR,2024-04-12,2.2975,828,2.0718,736,0.1926,81,0
2024,2,8480835,CAR,2024-04-09,1.9159,692,1.7945,639,NA,NA,0
2024,2,8480835,CAR,2024-04-07,2.1462,746,2.0815,721,NA,NA,1
2024,2,8480835,CAR,2024-04-05,1.766,695,1.517,580,0.249,115,1
2024,2,8480835,CAR,2024-04-04,1.5298,572,1.4346,533,NA,NA,1
2024,2,8480835,CAR,2024-03-30,2.208,820,1.921,707,NA,NA,0
2024,2,8480835,CAR,2024-03-28,2.3192,856,2.2789,837,NA,NA,1
2024,2,8480835,CAR,2024-03-26,1.9492,690,1.7515,612,NA,NA,0
2024,2,8481582,TOR,2024-04-17,2.105,772,1.9425,706,0.1624,66,0
2024,2,8481582,TOR,2024-04-16,2.3314,776,1.9327,653,0.3987,123,0
2024,2,8481582,TOR,2024-04-13,1.7699,652,1.6399,590,0.13,62,1
2024,2,8481582,TOR,2024-04-11,1.6728,650,1.4473,572,0.2255,78,1
2024,2,8481582,TOR,2024-04-09,1.8623,667,1.7397,624,0.1226,43,0
2024,2,8481582,TOR,2024-04-03,2.1592,818,2.0033,742,0.1559,76,1
2024,2,8481582,TOR,2024-04-01,1.3598,549,1.0033,420,0.3565,129,1
2024,2,8481582,TOR,2024-03-30,1.8826,651,1.5397,534,0.3429,117,0
2024,2,8481582,TOR,2024-03-28,1.9111,717,1.9111,717,NA,NA,1
2024,2,8481582,TOR,2024-03-26,1.838,662,1.838,662,NA,NA,1
2024,2,8481596,OTT,2024-04-16,2.9235,1125,2.6273,977,0.2962,148,0
2024,2,8481596,OTT,2024-04-15,3.0888,1158,2.7673,1019,0.3216,139,0
2024,2,8481596,OTT,2024-04-13,4.0116,1592,2.8884,1078,1.0146,469,1
2024,2,8481596,OTT,2024-04-11,3.3277,1286,2.9171,1074,0.3908,201,0
2024,2,8481596,OTT,2024-04-09,3.0987,1206,2.2697,849,0.4136,156,0
2024,2,8481596,OTT,2024-04-07,3.0391,1111,2.8709,1061,0.1682,50,0
2024,2,8481596,OTT,2024-04-06,3.0547,1159,2.9629,1123,0.0917,36,1
2024,2,8481596,OTT,2024-04-04,3.2501,1263,2.5774,929,0.6614,333,1
2024,2,8481596,OTT,2024-04-02,2.5049,901,2.3982,849,0.1066,52,0
2024,2,8481596,OTT,2024-03-30,2.6621,985,2.4461,877,0.216,108,0
2024,2,8484166,CBJ,2024-01-28,1.3117,450,1.3117,450,NA,NA,0
2024,2,8484166,CBJ,2024-01-27,2.9123,1044,2.2054,874,0.6489,170,0
2024,2,8484166,CBJ,2024-01-25,2.4521,841,1.9881,673,0.464,168,0
2024,2,8484166,CBJ,2024-01-23,3.1741,1138,2.5415,875,0.6326,263,0
2024,2,8484166,CBJ,2024-01-19,2.8079,975,2.5847,871,0.167,86,1
2024,2,8484166,CBJ,2024-01-15,2.409,844,2.0604,695,0.3486,149,1
2024,2,8484166,CBJ,2024-01-13,2.9837,1014,2.7874,951,0.1963,63,1
2024,2,8484166,CBJ,2024-01-09,2.8913,938,2.6364,836,0.2345,93,0
2024,2,8484166,CBJ,2024-01-06,3.4626,1272,3.117,1105,0.3456,167,1
2024,2,8484166,CBJ,2024-01-04,3.3372,1218,2.4883,870,0.8489,348,0
2024,2,8474602,SEA,2024-04-18,2.5457,1044,2.1621,873,0.3692,166,0
2024,2,8474602,SEA,2024-04-16,2.3805,1033,2.2277,963,0.1527,70,0
2024,2,8474602,SEA,2024-04-14,2.4202,1015,1.8996,783,0.5205,232,0
2024,2,8474602,SEA,2024-04-13,2.6584,1043,2.2005,850,0.4463,187,0
2024,2,8474602,SEA,2024-04-11,2.6747,1187,2.1744,992,0.5002,195,1
2024,2,8474602,SEA,2024-04-09,2.5624,1104,2.2331,987,0.3293,117,1
2024,2,8474602,SEA,2024-04-05,2.7297,1147,1.9684,833,0.7613,314,0
2024,2,8474602,SEA,2024-03-30,2.8858,1136,2.5553,1026,0.3304,110,1
2024,2,8474602,SEA,2024-03-28,2.0968,970,1.0935,540,1.0033,430,1
2024,2,8474602,SEA,2024-03-26,2.9075,1271,2.1266,942,0.7809,329,1
2024,2,8474673,TOR,2024-04-17,2.7102,1216,2.3467,1016,0.0218,13,0
2024,2,8474673,TOR,2024-04-13,2.8955,1276,2.607,1110,NA,NA,1
2024,2,8474673,TOR,2024-04-11,2.9292,1282,2.561,1098,0.0507,25,1
2024,2,8474673,TOR,2024-04-09,2.9138,1206,2.772,1114,0.0346,11,0
2024,2,8474673,TOR,2024-04-08,3.0971,1313,2.5417,1025,NA,NA,1
2024,2,8474673,TOR,2024-04-06,3.0685,1262,3.0448,1250,NA,NA,0
2024,2,8474673,TOR,2024-04-03,2.8403,1227,2.5688,1097,0.0039,3,1
2024,2,8474673,TOR,2024-04-01,3.0865,1422,2.4957,1128,NA,NA,1
2024,2,8474673,TOR,2024-03-30,3.0048,1379,1.9729,876,0.1343,50,0
2024,2,8474673,TOR,2024-03-28,2.9139,1280,2.52,1101,NA,NA,1
2024,2,8475188,VGK,2024-04-18,2.8495,1230,2.7522,1159,NA,NA,1
2024,2,8475188,VGK,2024-04-16,2.6561,1196,2.4573,1110,NA,NA,1
2024,2,8475188,VGK,2024-04-14,2.8954,1239,2.8111,1189,NA,NA,1
2024,2,8475188,VGK,2024-04-12,2.7854,1280,2.5257,1144,NA,NA,1
2024,2,8475188,VGK,2024-04-10,3.1607,1312,3.0565,1259,NA,NA,0
2024,2,8475188,VGK,2024-04-08,2.4955,1111,2.2961,989,NA,NA,0
2024,2,8475188,VGK,2024-04-05,2.5011,1114,2.3563,1020,NA,NA,0
2024,2,8475188,VGK,2024-04-02,2.4318,1110,2.1561,958,NA,NA,1
2024,2,8475188,VGK,2024-03-30,2.304,1036,2.0154,883,NA,NA,0
2024,2,8475188,VGK,2024-03-28,2.7542,1262,2.3277,1044,0.0451,14,0
2024,2,8475200,CAR,2024-04-16,2.9593,1285,2.6945,1169,0.0801,28,0
2024,2,8475200,CAR,2024-04-14,2.843,1222,2.5184,1066,NA,NA,0
2024,2,8475200,CAR,2024-04-12,2.5571,1149,2.4451,1095,NA,NA,0
2024,2,8475200,CAR,2024-04-09,2.8076,1205,2.5376,1066,NA,NA,0
2024,2,8475200,CAR,2024-04-07,2.5898,1074,2.5373,1040,NA,NA,1
2024,2,8475200,CAR,2024-04-05,2.3678,1064,2.1099,931,NA,NA,1
2024,2,8475200,CAR,2024-04-04,2.579,1131,2.457,1063,0.0364,27,1
2024,2,8475200,CAR,2024-03-30,2.5722,1131,2.3188,1009,NA,NA,0
2024,2,8475200,CAR,2024-03-28,2.7799,1141,2.6139,1066,NA,NA,1
2024,2,8475200,CAR,2024-03-26,2.4249,976,2.3365,938,NA,NA,0
2024,2,8475790,CBJ,2024-04-16,2.8846,1384,2.5028,1069,NA,NA,1
2024,2,8475790,CBJ,2024-04-13,2.5938,1149,2.3788,1025,NA,NA,0
2024,2,8475790,CBJ,2024-04-11,2.7989,1278,2.5051,1114,NA,NA,0
2024,2,8475790,CBJ,2024-04-09,2.6338,1161,2.4065,1019,NA,NA,0
2024,2,8475790,CBJ,2024-04-07,2.731,1271,2.4596,1104,NA,NA,0
2024,2,8475790,CBJ,2024-04-06,3.0521,1416,2.8466,1288,NA,NA,1
2024,2,8475790,CBJ,2024-04-04,2.7688,1289,2.3977,1060,NA,NA,1
2024,2,8475790,CBJ,2024-04-01,2.6637,1324,2.146,974,NA,NA,1
2024,2,8475790,CBJ,2024-03-30,2.7405,1217,2.4884,1076,NA,NA,1
2024,2,8475790,CBJ,2024-03-28,2.2935,1013,1.9777,810,NA,NA,0
2024,2,8476854,BOS,2024-04-16,2.9639,1238,2.7048,1109,0.0429,17,1
2024,2,8476854,BOS,2024-04-15,3.4024,1398,3.2755,1336,NA,NA,0
2024,2,8476854,BOS,2024-04-13,3.1058,1366,2.8408,1213,0.0389,26,0
2024,2,8476854,BOS,2024-04-09,3.4099,1437,2.6806,1112,0.448,189,1
2024,2,8476854,BOS,2024-04-06,2.9693,1188,2.1667,882,0.4231,166,1
2024,2,8476854,BOS,2024-04-04,2.9085,1293,2.246,991,0.5595,226,0
2024,2,8476854,BOS,2024-04-02,3.0763,1372,2.5301,1091,NA,NA,0
2024,2,8476854,BOS,2024-03-30,3.7002,1568,3.4021,1413,0.0292,10,0
2024,2,8476854,BOS,2024-03-27,3.2284,1313,2.9768,1208,0.1346,49,0
2024,2,8476854,BOS,2024-03-26,2.7771,1227,2.4618,1106,0.1558,49,0
2024,2,8476892,STL,2024-04-17,3.7551,1612,3.3316,1347,NA,NA,0
2024,2,8476892,STL,2024-04-14,3.1711,1468,2.8134,1264,0.0318,16,1
2024,2,8476892,STL,2024-04-12,3.5661,1604,3.2903,1483,0.0077,1,1
2024,2,8476892,STL,2024-04-10,3.2382,1436,3.0349,1298,0.0275,10,1
2024,2,8476892,STL,2024-04-07,3.4916,1514,3.2777,1408,NA,NA,0
2024,2,8476892,STL,2024-04-06,2.9258,1336,2.3158,983,0.021,14,0
2024,2,8476892,STL,2024-04-04,2.7914,1282,2.5023,1076,0.082,40,0
2024,2,8476892,STL,2024-04-01,2.9772,1387,2.6924,1240,NA,NA,1
2024,2,8476892,STL,2024-03-30,3.5162,1472,3.1478,1285,NA,NA,1
2024,2,8476892,STL,2024-03-28,3.1897,1439,2.8486,1256,NA,NA,1
2024,2,8476902,DAL,2024-04-17,3.3515,1438,3.1363,1331,0.0505,21,1
2024,2,8476902,DAL,2024-04-13,3.0145,1265,2.4403,986,0.1735,61,1
2024,2,8476902,DAL,2024-04-11,3.0748,1327,2.8154,1182,NA,NA,1
2024,2,8476902,DAL,2024-04-09,3.0885,1354,2.6409,1158,NA,NA,1
2024,2,8476902,DAL,2024-04-07,2.1449,1004,2.0085,917,NA,NA,0
2024,2,8476902,DAL,2024-04-06,2.4422,1057,2.1542,918,0.0203,11,0
2024,2,8476902,DAL,2024-04-03,2.9092,1434,2.316,1059,NA,NA,1
2024,2,8476902,DAL,2024-03-30,3.0205,1358,2.6061,1139,NA,NA,0
2024,2,8476902,DAL,2024-03-28,2.6126,1236,2.2237,1014,NA,NA,0
2024,2,8476902,DAL,2024-03-26,2.4822,1089,2.2619,1001,NA,NA,0
2024,2,8476918,NYR,2024-04-15,1.7332,650,1.559,574,NA,NA,1
2024,2,8476918,NYR,2024-04-13,1.6944,634,1.4135,548,NA,NA,1
2024,2,8476918,NYR,2024-04-11,1.9208,737,1.6345,615,NA,NA,1
2024,2,8476918,NYR,2024-04-09,1.8658,677,1.5955,579,NA,NA,0
2024,2,8476918,NYR,2024-04-07,2.3506,957,2.3506,957,NA,NA,1
2024,2,8476918,NYR,2024-04-05,2.4172,873,2.2504,803,NA,NA,0
2024,2,8476918,NYR,2024-04-03,2.1123,801,1.7695,672,NA,NA,1
2024,2,8476918,NYR,2024-04-01,1.5614,618,1.4011,554,NA,NA,1
2024,2,8476918,NYR,2024-03-30,1.6858,681,1.5315,616,NA,NA,0
2024,2,8476918,NYR,2024-03-28,2.2757,854,2.233,832,NA,NA,0
2024,2,8477425,COL,2024-04-18,2.3458,897,2.2346,862,NA,NA,1
2024,2,8477425,COL,2024-04-14,2.2625,819,2.094,766,NA,NA,0
2024,2,8477425,COL,2024-04-05,1.9421,762,1.369,495,NA,NA,0
2024,2,8477425,COL,2024-04-04,2.1915,884,2.0744,824,NA,NA,0
2024,2,8477425,COL,2024-04-01,1.9746,731,1.7805,645,NA,NA,0
2024,2,8477425,COL,2024-03-30,2.0145,760,1.6047,598,0.1594,68,1
2024,2,8477425,COL,2024-03-28,2.3306,889,2.0901,768,NA,NA,1
2024,2,8477425,COL,2024-03-26,1.6735,643,1.5395,608,NA,NA,1
2024,2,8477425,COL,2024-03-24,2.2035,745,2.0144,683,NA,NA,1
2024,2,8477425,COL,2024-03-22,1.9975,715,1.9975,715,NA,NA,1
2024,2,8479941,CBJ,2024-04-16,2.5515,957,2.3744,871,0.177,86,1
2024,2,8479941,CBJ,2024-04-13,2.1092,778,2.0914,777,0.0178,1,0
2024,2,8479941,CBJ,2024-04-11,2.5358,923,2.5358,923,NA,NA,0
2024,2,8479941,CBJ,2024-04-09,2.757,1004,2.738,992,0.019,12,0
2024,2,8479941,CBJ,2024-04-07,2.0524,798,1.9689,742,0.0835,56,0
2024,2,8479941,CBJ,2024-04-06,2.2019,919,2.0914,868,0.1105,51,1
2024,2,8479941,CBJ,2024-04-04,2.4036,947,2.3723,935,NA,NA,1
2024,2,8479941,CBJ,2024-04-01,1.5232,571,1.5232,571,NA,NA,1
2024,2,8479941,CBJ,2024-03-07,1.6501,635,1.5774,596,NA,NA,1
2024,2,8479941,CBJ,2024-03-05,1.9416,783,1.9322,779,0.0094,4,0
2024,2,8480855,ARI,2024-04-17,2.2495,834,2.0627,761,0.0322,11,1
2024,2,8480855,ARI,2024-04-14,2.2632,814,1.9833,697,NA,NA,0
2024,2,8480855,ARI,2024-04-12,2.3904,861,2.308,832,NA,NA,0
2024,2,8480855,ARI,2024-04-10,1.802,665,1.5589,544,NA,NA,0
2024,2,8480855,ARI,2024-04-09,2.0897,713,1.8856,653,NA,NA,0
2024,2,8480855,ARI,2024-04-07,2.4294,926,1.9062,720,NA,NA,0
2024,2,8480855,ARI,2024-04-05,2.1071,810,1.8151,691,NA,NA,1
2024,2,8480855,ARI,2024-04-03,2.0987,804,1.9168,723,NA,NA,1
2024,2,8480855,ARI,2024-03-30,2.1133,727,2.1133,727,NA,NA,1
2024,2,8480855,ARI,2024-03-28,2.1965,811,2.0824,776,NA,NA,1
2024,2,8482092,OTT,2024-04-16,2.697,1032,2.3362,875,0.2647,86,0
2024,2,8482092,OTT,2024-04-15,2.8189,1099,2.2307,819,0.2315,83,0
2024,2,8482092,OTT,2024-04-13,3.364,1287,2.6831,969,0.3573,129,1
2024,2,8482092,OTT,2024-04-11,3.0561,1152,2.355,876,0.3635,124,0
2024,2,8482092,OTT,2024-04-09,2.8333,1066,2.0296,723,0.2775,112,0
2024,2,8482092,OTT,2024-04-07,2.906,1091,2.5952,950,0.1173,49,0
2024,2,8482092,OTT,2024-04-06,3.3596,1264,2.9796,1088,0.174,74,1
2024,2,8482092,OTT,2024-04-04,2.2818,914,1.5964,586,0.6854,328,1
2024,2,8482092,OTT,2024-04-02,2.0809,769,1.7159,608,NA,NA,0
2024,2,8482092,OTT,2024-03-30,1.796,678,1.591,583,NA,NA,0
2024,2,8482655,ARI,2024-04-17,2.779,1208,2.6554,1130,0.0253,11,1
2024,2,8482655,ARI,2024-04-14,2.6925,1062,2.5215,980,NA,NA,0
2024,2,8482655,ARI,2024-04-12,2.88,1242,2.7654,1179,NA,NA,0
2024,2,8482655,ARI,2024-04-10,2.3045,1062,2.0111,908,NA,NA,0
2024,2,8482655,ARI,2024-04-09,2.6502,1154,2.516,1094,NA,NA,0
2024,2,8482655,ARI,2024-04-07,2.7338,1132,2.4032,979,NA,NA,0
2024,2,8482655,ARI,2024-04-05,2.448,1062,2.1336,901,NA,NA,1
2024,2,8482655,ARI,2024-04-03,2.6385,1135,2.3275,982,0.0109,4,1
2024,2,8482655,ARI,2024-03-30,3.1755,1328,3.0599,1290,0.1156,38,1
2024,2,8482655,ARI,2024-03-28,2.8465,1187,2.8336,1178,0.0129,9,1
2024,2,8471698,WSH,2024-04-16,3.0788,1090,3.0756,1087,NA,NA,0
2024,2,8471698,WSH,2024-04-15,2.9047,986,2.6848,918,0.2199,68,1
2024,2,8471698,WSH,2024-04-13,2.8648,1139,2.4619,957,0.4028,182,1
2024,2,8471698,WSH,2024-04-11,2.8153,1026,2.8153,1026,NA,NA,0
2024,2,8471698,WSH,2024-04-09,2.5967,912,2.4003,844,0.1964,68,0
2024,2,8471698,WSH,2024-03-30,3.1463,1147,2.4662,862,0.6801,285,1
2024,2,8471698,WSH,2024-03-28,2.5856,936,2.2805,828,0.3051,108,0
2024,2,8471698,WSH,2024-03-26,3.3455,1227,3.0711,1067,0.2744,160,1
2024,2,8471698,WSH,2024-03-24,3.4497,1215,2.8422,990,0.5753,213,1
2024,2,8471698,WSH,2024-03-18,2.7744,998,2.206,795,0.5649,201,0
2024,2,8476312,COL,2024-04-18,2.6372,1077,2.3692,960,0.0113,4,1
2024,2,8476312,COL,2024-04-14,3.0792,1286,2.989,1247,NA,NA,0
2024,2,8476312,COL,2024-04-13,3.0311,1293,2.8232,1170,NA,NA,1
2024,2,8476312,COL,2024-04-09,2.4809,1114,2.1385,928,NA,NA,1
2024,2,8476312,COL,2024-04-07,2.4511,1032,2.1306,898,NA,NA,1
2024,2,8476312,COL,2024-04-05,2.7145,1139,2.3197,977,NA,NA,0
2024,2,8476312,COL,2024-04-04,3.0252,1320,2.8233,1172,NA,NA,0
2024,2,8476312,COL,2024-04-01,2.2733,987,2.132,900,NA,NA,0
2024,2,8476312,COL,2024-03-30,2.5177,1092,2.0752,858,NA,NA,1
2024,2,8476312,COL,2024-03-28,2.409,987,2.231,888,NA,NA,1
2024,2,8476469,MTL,2024-04-16,3.0564,1114,2.8269,1027,0.2295,87,1
2024,2,8476469,MTL,2024-04-15,2.3436,957,2.2484,911,NA,NA,0
2024,2,8476469,MTL,2024-04-13,2.8836,1117,2.2006,803,0.135,65,0
2024,2,8476469,MTL,2024-04-11,2.8843,1081,2.0336,747,NA,NA,0
2024,2,8476469,MTL,2024-04-09,2.3072,856,2.1463,777,NA,NA,1
2024,2,8476469,MTL,2024-04-07,2.7164,976,2.4884,879,NA,NA,0
2024,2,8476469,MTL,2024-04-06,2.5611,937,2.5611,937,NA,NA,1
2024,2,8476469,MTL,2024-04-04,2.8835,1137,1.833,704,0.4466,148,1
2024,2,8476469,MTL,2024-04-02,2.3102,982,1.4448,535,0.292,166,1
2024,2,8476469,MTL,2024-03-30,2.6355,964,1.9831,695,0.4542,141,1
2024,2,8476879,EDM,2024-04-18,3.2633,1447,2.7152,1194,NA,NA,0
2024,2,8476879,EDM,2024-04-15,3.0033,1286,2.9029,1244,NA,NA,1
2024,2,8476879,EDM,2024-04-13,2.4458,1033,2.3076,964,0.0105,10,1
2024,2,8476879,EDM,2024-04-10,2.8769,1226,2.8769,1226,NA,NA,1
2024,2,8476879,EDM,2024-04-06,2.7166,1291,2.1099,978,0.0378,16,0
2024,2,8476879,EDM,2024-04-05,2.6643,1193,2.2029,937,NA,NA,1
2024,2,8476879,EDM,2024-04-03,2.4544,1065,2.0312,868,0.1703,63,0
2024,2,8476879,EDM,2024-04-01,2.7355,1260,2.398,1073,NA,NA,0
2024,2,8476879,EDM,2024-03-28,2.8164,1232,2.5435,1091,NA,NA,1
2024,2,8476879,EDM,2024-03-26,3.09,1260,2.6117,1042,NA,NA,0
2024,2,8477508,NJD,2024-04-06,1.1231,398,1.1231,398,NA,NA,0
2024,2,8477508,NJD,2024-04-03,1.3419,480,1.1138,407,0.0211,9,0
2024,2,8477508,NJD,2024-04-02,1.7711,693,1.7565,687,NA,NA,1
2024,2,8477508,NJD,2024-03-29,1.3488,555,1.3488,555,NA,NA,0
2024,2,8477508,NJD,2024-03-26,1.5296,559,1.4656,539,NA,NA,0
2024,2,8477508,NJD,2024-03-23,1.5399,564,1.4253,512,NA,NA,1
2024,2,8477508,NJD,2024-03-21,1.6671,682,1.3183,506,NA,NA,1
2024,2,8477508,NJD,2024-03-19,1.3092,485,1.1079,397,NA,NA,1
2024,2,8477508,NJD,2024-03-17,2.0701,754,2.0422,743,NA,NA,0
2024,2,8477508,NJD,2024-03-16,2.1616,784,2.0703,737,NA,NA,0
2024,2,8478136,MIN,2024-04-18,2.4426,1069,2.2455,949,NA,NA,1
2024,2,8478136,MIN,2024-04-15,2.2445,1072,2.0405,943,NA,NA,0
2024,2,8478136,MIN,2024-04-13,2.7656,1152,2.594,1068,NA,NA,0
2024,2,8478136,MIN,2024-04-12,2.651,1187,2.5031,1121,NA,NA,0
2024,2,8478136,MIN,2024-04-09,1.9866,1001,1.7069,807,NA,NA,0
2024,2,8478136,MIN,2024-04-07,2.779,1226,2.779,1226,NA,NA,0
2024,2,8478136,MIN,2024-04-06,2.6084,1099,2.4293,1010,NA,NA,1
2024,2,8478136,MIN,2024-04-04,2.1982,1006,2.1661,987,NA,NA,1
2024,2,8478136,MIN,2024-04-02,2.2652,1015,2.0722,908,NA,NA,1
2024,2,8478136,MIN,2024-03-30,2.5476,1080,2.2897,943,NA,NA,1
2024,2,8478507,NJD,2024-04-15,3.1295,1330,3.0165,1244,NA,NA,1
2024,2,8478507,NJD,2024-04-13,3.0776,1339,2.7549,1142,NA,NA,0
2024,2,8478507,NJD,2024-04-11,3.176,1405,2.7734,1193,0.0527,22,0
2024,2,8478507,NJD,2024-04-09,3.0854,1412,2.7343,1201,NA,NA,1
2024,2,8478507,NJD,2024-04-03,0.0014,2,0.0014,2,NA,NA,0
2024,2,8478507,NJD,2024-04-02,2.7544,1178,2.3709,990,0.064,24,1
2024,2,8478507,NJD,2024-03-29,2.3582,1055,2.3582,1055,NA,NA,0
2024,2,8478507,NJD,2024-03-26,2.7483,1217,2.5205,1116,0.0307,12,0
2024,2,8478507,NJD,2024-03-24,2.8909,1380,2.3086,1062,0.1069,47,0
2024,2,8478507,NJD,2024-03-23,2.9181,1244,2.3609,969,NA,NA,1
2024,2,8478840,SEA,2024-04-18,2.7629,1116,2.5276,964,NA,NA,0
2024,2,8478840,SEA,2024-04-16,2.8189,1089,2.4348,900,NA,NA,0
2024,2,8478840,SEA,2024-04-14,2.2976,963,2.2314,911,4e-4,1,0
2024,2,8478840,SEA,2024-04-13,2.5122,1078,2.3224,987,NA,NA,0
2024,2,8478840,SEA,2024-04-11,1.8484,807,1.6078,711,NA,NA,1
2024,2,8478840,SEA,2024-04-09,2.3713,1019,2.2921,977,NA,NA,1
2024,2,8478840,SEA,2024-04-05,2.6489,1219,2.5048,1136,0.046,29,0
2024,2,8478840,SEA,2024-04-03,2.6403,1027,2.4831,936,NA,NA,0
2024,2,8478840,SEA,2024-04-01,2.5812,1136,2.4621,1079,0.0452,14,0
2024,2,8478840,SEA,2024-03-30,2.9658,1186,2.584,1016,NA,NA,1
2024,2,8478911,LAK,2024-04-18,3.0421,1238,2.9088,1160,0.0051,6,1
2024,2,8478911,LAK,2024-04-15,2.347,1022,2.0861,869,NA,NA,1
2024,2,8478911,LAK,2024-04-13,2.5709,1132,2.4276,963,0.0345,11,1
2024,2,8478911,LAK,2024-04-11,2.719,1211,2.5779,1136,NA,NA,1
2024,2,8478911,LAK,2024-04-09,2.8431,1284,2.4798,1052,NA,NA,0
2024,2,8478911,LAK,2024-04-06,2.752,1248,2.3751,1039,NA,NA,1
2024,2,8478911,LAK,2024-04-04,2.6461,1213,2.0799,914,0.1825,76,0
2024,2,8478911,LAK,2024-04-03,2.4205,1154,2.0013,859,NA,NA,1
2024,2,8478911,LAK,2024-04-01,2.9344,1253,2.8163,1188,NA,NA,0
2024,2,8478911,LAK,2024-03-30,3.1896,1363,2.5843,1092,0.0866,12,0
2024,2,8479591,TBL,2024-04-17,2.2341,813,2.2341,813,NA,NA,1
2024,2,8479591,TBL,2024-04-15,1.4427,569,1.4427,569,NA,NA,1
2024,2,8479591,TBL,2024-04-13,1.701,589,1.701,589,NA,NA,0
2024,2,8479591,TBL,2024-04-11,1.9064,704,1.7192,630,0.1872,74,1
2024,2,8479591,TBL,2024-04-09,2.2568,870,2.2568,870,NA,NA,1
2024,2,8479591,TBL,2024-04-06,2.6076,915,2.6055,912,0.0021,3,0
2024,2,8479591,TBL,2024-04-04,1.988,749,1.8475,659,0.1405,90,0
2024,2,8479591,TBL,2024-04-03,2.1945,799,2.0465,724,0.1481,75,0
2024,2,8479591,TBL,2024-04-01,1.6203,596,1.6203,596,NA,NA,1
2024,2,8479591,TBL,2024-03-30,2.0937,734,2.0937,734,NA,NA,1
2024,2,8481032,VGK,2024-04-18,1.8822,682,1.8213,664,0.0609,18,1
2024,2,8481032,VGK,2024-04-16,2.0839,729,2.0839,729,NA,NA,1
2024,2,8481032,VGK,2024-04-14,1.8507,687,1.8507,687,NA,NA,1
2024,2,8481032,VGK,2024-04-12,1.8365,687,1.8034,676,0.0331,11,1
2024,2,8481032,VGK,2024-04-10,2.4089,800,2.4089,800,NA,NA,0
2024,2,8481032,VGK,2024-04-08,1.6038,537,1.6038,537,NA,NA,0
2024,2,8481032,VGK,2024-04-05,2.1638,811,2.1638,811,NA,NA,0
2024,2,8481032,VGK,2024-04-02,1.926,697,1.926,697,NA,NA,1
2024,2,8481032,VGK,2024-03-30,2.1776,758,2.1776,758,NA,NA,0
2024,2,8481032,VGK,2024-03-28,1.557,522,1.557,522,NA,NA,0
2024,2,8481186,COL,2024-03-04,1.7769,711,1.4287,556,NA,NA,1
2024,2,8481186,COL,2024-03-02,2.0366,776,1.8743,711,NA,NA,0
2024,2,8481186,COL,2024-02-29,2.3696,883,2.2876,835,NA,NA,0
2024,2,8481186,COL,2024-02-27,2.2619,886,2.0313,783,NA,NA,1
2024,2,8481186,COL,2024-02-24,2.6559,1058,2.5382,985,NA,NA,1
2024,2,8481186,COL,2024-02-22,2.6293,1016,2.3074,852,NA,NA,0
2024,2,8481186,COL,2024-02-10,2.5073,991,2.4248,944,NA,NA,0
2024,2,8481186,COL,2024-02-08,1.9914,744,1.4668,535,NA,NA,0
2024,2,8481186,COL,2024-02-06,2.5987,1042,2.0936,813,NA,NA,0
2024,2,8481186,COL,2024-02-05,2.8115,1071,2.6847,997,0.0066,4,0
2024,2,8481601,NYI,2024-04-17,2.5722,949,2.389,861,0.1832,88,1
2024,2,8481601,NYI,2024-04-11,2.2539,801,2.2539,801,NA,NA,1
2024,2,8481601,NYI,2024-04-09,2.4707,987,2.4615,978,0.0092,9,1
2024,2,8481601,NYI,2024-04-06,2.1696,825,2.0293,770,NA,NA,1
2024,2,8481601,NYI,2024-04-04,2.2334,836,2.2334,836,NA,NA,0
2024,2,8481601,NYI,2024-04-02,2.1153,793,2.1153,793,NA,NA,1
2024,2,8481601,NYI,2024-03-24,1.6939,676,1.4185,531,0.0802,39,1
2024,2,8481601,NYI,2024-03-21,2.1774,823,1.8975,696,0.0365,26,0
2024,2,8481601,NYI,2024-03-19,2.412,856,2.2877,810,0.1244,46,1
2024,2,8481601,NYI,2024-03-17,1.9321,733,1.9321,733,NA,NA,0
2024,2,8482245,OTT,2024-04-16,3.5454,1558,3.2797,1397,NA,NA,0
2024,2,8482245,OTT,2024-04-15,2.7243,1134,2.3496,953,0.0045,5,0
2024,2,8482245,OTT,2024-04-13,2.5278,1125,2.1916,931,NA,NA,1
2024,2,8482245,OTT,2024-04-11,2.573,1152,2.1446,917,NA,NA,0
2024,2,8482245,OTT,2024-04-09,2.6585,1140,2.0732,855,0.018,12,0
2024,2,8482245,OTT,2024-04-07,2.7585,1292,2.3438,1011,NA,NA,0
2024,2,8482245,OTT,2024-04-06,3.0128,1250,2.6869,1106,NA,NA,1
2024,2,8482245,OTT,2024-04-04,3.0246,1233,2.811,1120,0.0349,11,1
2024,2,8482245,OTT,2024-04-02,2.7696,1193,2.3777,974,NA,NA,0
2024,2,8482245,OTT,2024-03-30,2.8846,1334,2.4447,1111,0.0854,40,0
2024,2,8473507,DET,2024-04-16,2.5231,1042,2.3512,945,NA,NA,0
2024,2,8473507,DET,2024-04-15,2.2122,910,2.2039,904,0.0083,6,1
2024,2,8473507,DET,2024-04-13,2.9451,1309,2.7781,1204,NA,NA,0
2024,2,8473507,DET,2024-04-11,2.6175,1088,2.3907,983,0.0032,4,0
2024,2,8473507,DET,2024-04-09,2.8042,1154,2.7317,1120,NA,NA,1
2024,2,8473507,DET,2024-04-07,1.8886,902,1.8163,866,NA,NA,1
2024,2,8473507,DET,2024-04-05,2.4978,1098,2.3765,1021,NA,NA,1
2024,2,8473507,DET,2024-04-01,2.1328,1055,1.8358,859,0.0063,3,0
2024,2,8473507,DET,2024-03-30,2.4387,1074,2.3421,987,NA,NA,0
2024,2,8473507,DET,2024-03-28,2.5944,1122,2.4954,1076,NA,NA,0
2024,2,8474031,BOS,2024-04-16,2.7322,1171,2.4568,1023,0.2754,148,1
2024,2,8474031,BOS,2024-04-15,2.5579,1070,2.5579,1070,NA,NA,0
2024,2,8474031,BOS,2024-04-13,2.1073,858,1.6463,677,0.461,181,0
2024,2,8474031,BOS,2024-04-02,2.1195,925,1.8713,840,0.2446,82,0
2024,2,8474031,BOS,2024-03-30,1.7725,775,1.648,722,0.1245,53,0
2024,2,8474031,BOS,2024-03-21,2.3644,1069,2.0217,923,0.3427,146,1
2024,2,8474031,BOS,2024-03-19,2.257,960,2.1114,900,0.1377,57,1
2024,2,8474031,BOS,2024-03-11,2.0812,959,1.8044,833,0.2456,115,1
2024,2,8474031,BOS,2024-03-09,2.3077,1037,2.0992,951,0.2085,86,1
2024,2,8474031,BOS,2024-03-07,2.0427,914,1.8337,841,0.2053,71,1
2024,2,8475193,"COL,SEA",2024-04-18,2.0019,729,1.7577,613,0.2442,116,0
2024,2,8475193,"COL,SEA",2024-04-16,2.2294,757,2.1941,740,0.0218,11,0
2024,2,8475193,"COL,SEA",2024-04-13,1.7956,665,1.7956,665,NA,NA,0
2024,2,8475193,"COL,SEA",2024-04-03,1.8568,637,1.6912,581,0.1656,56,0
2024,2,8475193,"COL,SEA",2024-03-24,2.2091,823,1.9393,722,0.2698,101,1
2024,2,8475193,"COL,SEA",2024-03-22,1.6098,579,1.6098,579,NA,NA,0
2024,2,8475193,"COL,SEA",2024-03-21,1.4768,591,1.2899,484,NA,NA,0
2024,2,8475193,"COL,SEA",2024-03-18,1.6524,621,1.4878,527,0.1646,94,1
2024,2,8475193,"COL,SEA",2024-03-16,1.7704,678,1.7704,678,NA,NA,1
2024,2,8475193,"COL,SEA",2024-03-14,2.1405,808,2.1405,808,NA,NA,1
2024,2,8475233,MTL,2024-04-16,2.6625,1168,2.6625,1168,NA,NA,1
2024,2,8475233,MTL,2024-04-15,3.0669,1459,2.9289,1384,NA,NA,0
2024,2,8475233,MTL,2024-04-13,2.479,1177,1.8573,829,NA,NA,0
2024,2,8475233,MTL,2024-04-11,3.1439,1391,2.4505,1066,NA,NA,0
2024,2,8475233,MTL,2024-04-09,2.3643,1089,2.1785,983,NA,NA,1
2024,2,8475233,MTL,2024-04-07,2.5055,1206,2.2813,1073,NA,NA,0
2024,2,8475233,MTL,2024-04-06,2.5048,1191,2.3947,1125,NA,NA,1
2024,2,8475233,MTL,2024-04-04,2.5002,1187,1.9391,855,0.0138,6,1
2024,2,8475233,MTL,2024-04-02,2.0265,949,1.6192,719,0.0331,11,1
2024,2,8475233,MTL,2024-03-30,2.1344,1024,1.8879,882,0.0347,13,1
2024,2,8475744,"WSH,CAR",2024-04-16,3.2162,1060,2.8211,915,0.3952,145,0
2024,2,8475744,"WSH,CAR",2024-04-14,1.7616,687,1.5741,600,0.1875,87,0
2024,2,8475744,"WSH,CAR",2024-04-12,2.0005,682,1.7902,601,0.2103,81,0
2024,2,8475744,"WSH,CAR",2024-04-09,2.2807,812,2.0843,742,0.1964,69,0
2024,2,8475744,"WSH,CAR",2024-04-07,2.6888,916,2.3102,760,0.3659,149,1
2024,2,8475744,"WSH,CAR",2024-04-05,2.2614,827,1.9633,708,0.2981,119,1
2024,2,8475744,"WSH,CAR",2024-04-04,2.6069,913,2.3748,830,0.2321,83,1
2024,2,8475744,"WSH,CAR",2024-03-30,2.3283,828,2.2207,792,0.1076,36,0
2024,2,8475744,"WSH,CAR",2024-03-28,2.7245,886,2.5676,840,0.1569,46,1
2024,2,8475744,"WSH,CAR",2024-03-26,2.7333,908,2.4825,815,0.2443,88,0
2024,2,8476422,"FLA,NYI",2024-04-17,2.5248,1202,2.1291,997,0.3957,205,1
2024,2,8476422,"FLA,NYI",2024-04-15,2.7503,1127,2.5805,1041,0.1698,86,0
2024,2,8476422,"FLA,NYI",2024-04-13,2.5233,1051,1.789,788,0.7343,263,0
2024,2,8476422,"FLA,NYI",2024-04-11,3.3602,1347,2.6855,1115,0.6746,232,1
2024,2,8476422,"FLA,NYI",2024-04-09,2.4263,995,2.2139,900,0.2124,95,1
2024,2,8476422,"FLA,NYI",2024-04-06,2.226,881,2.0737,821,0.1523,60,1
2024,2,8476422,"FLA,NYI",2024-04-04,2.9031,1190,2.5558,1074,0.3473,116,0
2024,2,8476422,"FLA,NYI",2024-04-02,2.5983,1065,2.3634,971,0.2349,94,1
2024,2,8476422,"FLA,NYI",2024-04-01,2.4513,1019,2.1566,897,0.269,109,0
2024,2,8476422,"FLA,NYI",2024-03-30,2.4107,975,2.4107,975,NA,NA,0
2024,2,8478043,VAN,2024-04-18,1.8399,645,1.8175,633,0.0224,12,0
2024,2,8478043,VAN,2024-04-16,2.1439,791,2.0737,770,NA,NA,1
2024,2,8478043,VAN,2024-04-13,2.0519,756,2.0519,756,NA,NA,0
2024,2,8478043,VAN,2024-04-10,1.7887,636,1.7887,636,NA,NA,1
2024,2,8478043,VAN,2024-04-08,1.4486,552,1.4104,536,0.0382,16,1
2024,2,8478043,VAN,2024-04-06,1.9621,678,1.9321,666,0.03,12,0
2024,2,8478043,VAN,2024-04-03,1.6424,591,1.6424,591,NA,NA,0
2024,2,8478043,VAN,2024-04-02,1.7699,641,1.652,589,9e-4,1,0
2024,2,8478043,VAN,2024-03-31,1.8016,656,1.563,551,0.0046,3,1
2024,2,8478043,VAN,2024-03-28,2.1023,700,1.9792,649,NA,NA,1
2024,2,8479351,DAL,2024-04-17,2.1348,705,2.0082,644,NA,NA,1
2024,2,8479351,DAL,2024-04-13,2.1044,757,1.6346,578,0.025,8,1
2024,2,8479351,DAL,2024-04-11,2.3102,797,2.0165,681,NA,NA,1
2024,2,8479351,DAL,2024-04-09,2.4568,860,1.8477,663,0.0487,17,1
2024,2,8479351,DAL,2024-04-07,2.022,750,1.8565,674,NA,NA,0
2024,2,8479351,DAL,2024-04-06,1.9814,689,1.751,610,NA,NA,0
2024,2,8479351,DAL,2024-04-03,2.3014,832,1.64,599,NA,NA,1
2024,2,8479351,DAL,2024-03-30,2.2857,779,1.9245,641,NA,NA,0
2024,2,8479351,DAL,2024-03-28,1.8323,597,1.4951,481,NA,NA,0
2024,2,8479351,DAL,2024-03-26,2.1634,757,1.9061,674,NA,NA,0
2024,2,8480246,TBL,2024-04-17,2.3591,1040,2.3152,1024,0.0439,16,1
2024,2,8480246,TBL,2024-04-15,2.5063,988,2.5063,988,NA,NA,1
2024,2,8480246,TBL,2024-04-13,2.631,1089,2.631,1089,NA,NA,0
2024,2,8480246,TBL,2024-04-11,2.6337,1100,2.57,1070,0.0064,3,1
2024,2,8480246,TBL,2024-04-09,2.7275,1106,2.699,1094,NA,NA,1
2024,2,8480246,TBL,2024-04-06,2.1931,856,2.1931,856,NA,NA,0
2024,2,8480246,TBL,2024-04-01,2.0933,943,2.0933,941,NA,NA,1
2024,2,8480246,TBL,2024-03-30,2.6701,1124,2.6557,1124,0.0144,0,1
2024,2,8480246,TBL,2024-03-27,2.5794,1019,2.5794,1019,NA,NA,1
2024,2,8480246,TBL,2024-03-24,2.347,978,2.347,978,NA,NA,0
2024,2,8481028,CGY,2024-04-18,2.1846,800,2.1846,800,NA,NA,1
2024,2,8481028,CGY,2024-04-16,2.628,926,2.595,911,NA,NA,0
2024,2,8481028,CGY,2024-04-14,2.1274,751,2.1274,751,NA,NA,1
2024,2,8481028,CGY,2024-04-12,2.0892,798,2.0892,798,NA,NA,0
2024,2,8481028,CGY,2024-04-11,2.4871,891,2.4871,891,NA,NA,0
2024,2,8481028,CGY,2024-04-09,2.2033,775,2.2033,775,NA,NA,0
2024,2,8481028,CGY,2024-04-06,2.3824,821,2.3824,821,NA,NA,1
2024,2,8481028,CGY,2024-04-04,1.7427,648,1.7427,648,NA,NA,0
2024,2,8481028,CGY,2024-04-02,2.4879,916,2.4879,916,NA,NA,1
2024,2,8481028,CGY,2024-03-30,2.1842,809,2.1127,809,NA,NA,1
2024,2,8481604,VGK,2024-04-18,2.8005,1029,2.6865,980,0.114,49,1
2024,2,8481604,VGK,2024-04-16,2.1313,828,1.9724,766,0.1589,61,1
2024,2,8481604,VGK,2024-04-14,2.6146,1021,2.3615,919,0.253,102,1
2024,2,8481604,VGK,2024-04-12,2.0655,787,1.8555,714,0.21,73,1
2024,2,8481604,VGK,2024-04-10,2.4942,876,2.4942,876,NA,NA,0
2024,2,8481604,VGK,2024-04-08,2.2942,833,2.2377,808,0.0564,25,0
2024,2,8481604,VGK,2024-04-05,1.9591,747,1.4811,566,0.478,181,0
2024,2,8481604,VGK,2024-04-02,1.9251,750,1.9035,742,0.0215,8,1
2024,2,8481604,VGK,2024-03-30,2.328,861,2.2018,827,0.1262,34,0
2024,2,8481604,VGK,2024-03-28,1.8762,660,1.7289,610,0.1473,50,0
2024,2,8481606,LAK,2024-04-18,2.2695,918,1.8323,735,0.4372,183,1
2024,2,8481606,LAK,2024-04-15,2.4579,1011,2.2434,924,0.2114,84,1
2024,2,8481606,LAK,2024-04-13,1.6959,717,1.5305,644,0.1654,73,1
2024,2,8481606,LAK,2024-04-11,1.9904,897,1.789,797,0.2014,100,1
2024,2,8481606,LAK,2024-04-09,1.846,751,1.846,751,NA,NA,0
2024,2,8481606,LAK,2024-04-06,1.9922,861,1.9922,861,NA,NA,1
2024,2,8481606,LAK,2024-04-04,1.4151,594,1.3127,546,0.1024,48,0
2024,2,8481606,LAK,2024-04-03,1.9826,846,1.943,811,0.0397,35,1
2024,2,8481606,LAK,2024-04-01,2.4619,1071,2.4619,1071,NA,NA,0
2024,2,8481606,LAK,2024-03-30,1.6716,676,1.5482,628,0.1234,48,0
2024,2,8482259,TOR,2024-04-13,0.7237,250,0.6587,227,NA,NA,1
2024,2,8482259,TOR,2024-04-11,1.9015,634,1.8666,615,NA,NA,1
2024,2,8482259,TOR,2024-04-09,2.015,696,2.015,696,NA,NA,0
2024,2,8482259,TOR,2024-04-08,2.3893,819,2.2543,760,NA,NA,1
2024,2,8482259,TOR,2024-04-06,2.6749,945,2.5661,897,0.1088,48,0
2024,2,8482259,TOR,2024-04-03,2.2668,771,1.872,636,0.1207,39,1
2024,2,8482259,TOR,2024-04-01,2.923,1041,2.1157,760,0.3444,122,1
2024,2,8482259,TOR,2024-03-30,2.6976,957,1.6985,591,0.3377,120,0
2024,2,8482259,TOR,2024-03-28,2.4447,890,2.1669,769,0.1111,61,1
2024,2,8482259,TOR,2024-03-26,2.3838,830,2.3208,802,NA,NA,1
2024,2,8474149,DAL,2024-04-17,2.5568,861,2.5109,846,0.0459,15,1
2024,2,8474149,DAL,2024-02-10,1.5526,515,1.4766,490,0.076,25,0
2024,2,8474149,DAL,2024-02-07,2.2929,796,2.2929,796,NA,NA,0
2024,2,8474149,DAL,2024-02-06,2.3416,737,2.1877,672,0.1492,63,0
2024,2,8474149,DAL,2024-01-27,2.0733,669,2.0733,669,NA,NA,1
2024,2,8474149,DAL,2024-01-25,2.2043,715,2.129,691,0.0753,24,1
2024,2,8474149,DAL,2024-01-23,2.2468,735,2.2468,735,NA,NA,0
2024,2,8474149,DAL,2024-01-21,2.1454,707,2.0894,691,0.056,16,0
2024,2,8474149,DAL,2024-01-20,2.2306,817,1.7158,612,0.5148,205,0
2024,2,8474149,DAL,2024-01-18,1.7653,611,1.7653,611,NA,NA,0
2024,2,8474157,WSH,2024-04-16,1.2423,486,1.2423,486,NA,NA,0
2024,2,8474157,WSH,2024-04-15,2.2903,906,2.174,861,0.1163,45,1
2024,2,8474157,WSH,2024-04-13,1.914,735,1.8336,683,0.0804,52,1
2024,2,8474157,WSH,2024-04-11,2.5005,919,2.5005,919,NA,NA,0
2024,2,8474157,WSH,2024-04-09,2.1058,810,1.9538,761,0.152,49,0
2024,2,8474157,WSH,2024-04-07,2.5034,1026,2.0534,768,0.438,251,1
2024,2,8474157,WSH,2024-04-05,2.5885,977,2.2581,828,0.3304,149,0
2024,2,8474157,WSH,2024-04-04,2.2362,868,1.728,655,0.5082,213,1
2024,2,8474157,WSH,2024-04-02,2.2116,875,2.0597,812,0.1519,63,0
2024,2,8474157,WSH,2024-03-30,2.4349,1007,2.1038,843,0.3311,164,1
2024,2,8474884,SJS,2024-04-09,1.6061,550,1.4219,477,0.1842,73,1
2024,2,8474884,SJS,2024-04-04,1.7357,631,1.2902,486,0.4455,145,1
2024,2,8474884,SJS,2024-04-01,1.3986,500,1.3986,500,NA,NA,1
2024,2,8474884,SJS,2024-03-30,2.091,766,1.7937,669,0.2972,97,0
2024,2,8474884,SJS,2024-03-28,2.4481,881,2.3004,825,0.1477,56,0
2024,2,8474884,SJS,2024-03-09,2.1893,812,2.0451,753,0.1442,59,1
2024,2,8474884,SJS,2024-03-07,1.8743,711,1.8743,711,NA,NA,1
2024,2,8474884,SJS,2024-03-05,1.3917,539,1.2709,480,0.1209,59,1
2024,2,8474884,SJS,2024-03-03,2.3694,841,2.0725,699,0.2969,142,0
2024,2,8474884,SJS,2024-03-02,1.5463,556,1.3747,503,0.1716,53,0
2024,2,8475231,NYI,2024-04-17,2.4806,960,2.3375,891,0.1006,47,1
2024,2,8475231,NYI,2024-04-15,2.6703,914,2.6075,886,NA,NA,0
2024,2,8475231,NYI,2024-04-13,2.924,994,2.897,984,0.027,10,0
2024,2,8475231,NYI,2024-04-11,2.7961,1076,2.2749,852,0.5212,224,1
2024,2,8475231,NYI,2024-04-09,2.705,1083,2.1074,789,0.3001,149,1
2024,2,8475231,NYI,2024-04-06,2.9071,1107,2.387,887,0.1018,46,1
2024,2,8475231,NYI,2024-04-04,2.7658,1049,2.2378,766,0.4071,228,0
2024,2,8475231,NYI,2024-04-02,2.5319,973,2.2413,825,0.192,107,1
2024,2,8475231,NYI,2024-04-01,2.7134,1008,2.3016,854,NA,NA,0
2024,2,8475231,NYI,2024-03-30,2.4505,894,2.37,864,NA,NA,0
2024,2,8475793,COL,2024-03-04,1.7855,658,1.7855,658,NA,NA,1
2024,2,8475793,COL,2024-03-02,1.9924,708,1.9924,708,NA,NA,0
2024,2,8475793,COL,2024-02-29,2.4935,927,2.4935,927,NA,NA,0
2024,2,8475793,COL,2024-02-27,2.2917,807,2.2917,807,NA,NA,1
2024,2,8475793,COL,2024-02-24,2.2605,873,2.2605,873,NA,NA,1
2024,2,8475793,COL,2024-02-22,1.8506,700,1.6812,617,NA,NA,0
2024,2,8475793,COL,2024-02-20,1.9437,731,1.758,658,0.1857,73,1
2024,2,8475793,COL,2024-02-18,2.0851,806,1.5176,534,0.2809,138,1
2024,2,8475793,COL,2024-02-15,1.9194,726,1.8175,684,0.1019,42,0
2024,2,8475793,COL,2024-02-13,1.57,570,1.4867,534,NA,NA,0
2024,2,8477947,WSH,2024-04-16,1.5206,555,1.5206,555,NA,NA,0
2024,2,8477947,WSH,2024-04-15,2.1563,789,2.0195,737,0.1368,52,1
2024,2,8477947,WSH,2024-04-13,1.6929,608,1.5479,545,0.1451,63,1
2024,2,8477947,WSH,2024-04-11,2.297,868,2.297,868,NA,NA,0
2024,2,8477947,WSH,2024-04-09,1.9046,734,1.9046,734,NA,NA,0
2024,2,8477947,WSH,2024-04-07,2.3389,888,2.1924,823,0.1465,65,1
2024,2,8477947,WSH,2024-04-05,1.9288,712,1.491,575,0.4378,137,0
2024,2,8477947,WSH,2024-04-04,2.3771,855,2.0015,728,0.3756,127,1
2024,2,8477947,WSH,2024-04-02,2.3155,875,2.2252,825,0.0903,50,0
2024,2,8477947,WSH,2024-03-30,3.1877,1146,2.7247,970,0.463,176,1
2024,2,8478882,LAK,2024-04-18,2.8821,1146,2.7553,1070,0.0125,6,1
2024,2,8478882,LAK,2024-04-15,2.6511,1181,2.3902,1033,NA,NA,1
2024,2,8478882,LAK,2024-04-13,2.4486,1105,2.19,884,0.1382,57,1
2024,2,8478882,LAK,2024-04-11,2.7311,1217,2.5598,1127,0.0226,15,1
2024,2,8478882,LAK,2024-04-09,3.0473,1334,2.5961,1077,0.0286,12,0
2024,2,8478882,LAK,2024-04-06,2.8881,1265,2.5365,1075,NA,NA,1
2024,2,8478882,LAK,2024-04-04,2.8281,1275,2.2718,995,0.2285,92,0
2024,2,8478882,LAK,2024-04-03,2.8268,1293,2.489,1058,0.0398,38,1
2024,2,8478882,LAK,2024-04-01,2.8077,1177,2.7023,1114,NA,NA,0
2024,2,8478882,LAK,2024-03-30,2.7672,1222,2.2704,1004,0.0912,12,0
2024,2,8480043,TOR,2024-04-17,2.7622,1262,1.8337,845,0.7116,286,0
2024,2,8480043,TOR,2024-04-16,2.5014,1049,2.0054,801,0.2501,122,0
2024,2,8480043,TOR,2024-04-13,2.9269,1201,2.7877,1133,0.1392,68,1
2024,2,8480043,TOR,2024-03-26,3.3169,1348,2.5637,1062,0.6305,229,1
2024,2,8480043,TOR,2024-03-24,3.413,1364,2.441,980,0.9627,378,0
2024,2,8480043,TOR,2024-03-23,2.7555,1291,1.8075,846,0.5516,234,1
2024,2,8480043,TOR,2024-03-20,3.1595,1358,2.3611,1039,0.7984,319,0
2024,2,8480043,TOR,2024-03-19,3.116,1283,2.7722,1142,0.3345,136,0
2024,2,8480043,TOR,2024-03-16,2.9656,1253,2.4986,1045,0.4622,204,1
2024,2,8480043,TOR,2024-03-14,2.6728,1130,2.3282,984,0.341,144,0
2024,2,8480821,SJS,2024-04-07,2.0037,734,1.4966,556,0.5071,178,1
2024,2,8480821,SJS,2024-04-06,2.0092,752,1.6124,621,0.3968,131,1
2024,2,8480821,SJS,2024-04-04,2.0308,726,1.6816,611,0.3492,115,1
2024,2,8480821,SJS,2024-04-01,2.1072,761,2.1072,761,NA,NA,1
2024,2,8480821,SJS,2024-03-30,2.0323,679,1.7634,593,0.2689,86,0
2024,2,8480821,SJS,2024-03-28,1.6796,595,1.6796,595,NA,NA,0
2024,2,8480821,SJS,2024-03-26,2.0476,768,1.8062,678,0.2414,90,1
2024,2,8480821,SJS,2024-03-23,2.0624,787,1.8899,722,0.1726,65,1
2024,2,8480821,SJS,2024-03-21,2.4377,811,2.1847,717,0.253,94,1
2024,2,8480821,SJS,2024-03-19,3.1026,1077,3.0049,1044,0.0871,29,0
2024,2,8480873,WSH,2024-04-07,1.0717,429,1.0717,429,NA,NA,1
2024,2,8480873,WSH,2024-04-05,3.161,1359,2.7038,1170,0.4554,188,0
2024,2,8480873,WSH,2024-04-04,3.2667,1253,3.0938,1181,0.1729,72,1
2024,2,8480873,WSH,2024-04-02,2.7682,1167,2.6334,1102,0.1348,65,0
2024,2,8480873,WSH,2024-03-28,3.3452,1341,3.064,1226,0.2812,115,0
2024,2,8480873,WSH,2024-03-26,3.3883,1371,3.2108,1297,0.1775,74,1
2024,2,8480873,WSH,2024-03-24,3.2558,1275,2.945,1139,0.3108,136,1
2024,2,8480873,WSH,2024-03-22,3.6659,1435,3.3935,1335,0.2444,86,1
2024,2,8480873,WSH,2024-03-20,3.2454,1270,3.2454,1270,NA,NA,1
2024,2,8480873,WSH,2024-03-18,2.5341,1097,2.3825,1025,0.1516,72,0
2024,2,8481553,PHI,2024-04-16,1.4531,457,1.3015,402,0.1515,55,1
2024,2,8481553,PHI,2024-04-13,2.185,751,1.8367,605,0.3483,146,1
2024,2,8481553,PHI,2024-04-11,2.4915,866,1.8608,641,0.6307,225,0
2024,2,8481553,PHI,2024-04-09,2.3283,802,1.9088,633,0.4195,169,0
2024,2,8481553,PHI,2024-04-06,2.082,741,1.8537,644,0.2283,97,0
2024,2,8481553,PHI,2024-04-05,2.5365,912,2.2568,798,0.2796,114,0
2024,2,8481553,PHI,2024-03-30,2.8463,1004,2.3275,786,0.5188,218,1
2024,2,8481553,PHI,2024-03-28,1.9058,687,1.41,486,0.4958,201,0
2024,2,8481553,PHI,2024-03-26,2.5892,898,2.1552,740,0.434,158,0
2024,2,8481553,PHI,2024-03-24,2.5554,920,1.9489,667,0.6065,253,1
2024,2,8482062,NSH,2024-04-15,2.0101,739,1.4515,533,NA,NA,0
2024,2,8482062,NSH,2024-04-12,2.2023,893,1.9125,782,NA,NA,0
2024,2,8482062,NSH,2024-04-09,2.326,863,1.9326,692,0.0034,2,1
2024,2,8482062,NSH,2024-04-07,2.5456,917,2.2681,812,NA,NA,0
2024,2,8482062,NSH,2024-04-06,1.9236,665,1.7466,595,NA,NA,0
2024,2,8482062,NSH,2024-04-04,2.2378,877,1.7424,662,0.0087,5,1
2024,2,8482062,NSH,2024-04-02,2.1104,750,1.996,697,0.0039,3,1
2024,2,8482062,NSH,2024-03-30,2.1781,832,1.5345,564,0.0072,3,0
2024,2,8482062,NSH,2024-03-28,2.1665,798,1.746,632,NA,NA,0
2024,2,8482062,NSH,2024-03-26,2.3355,840,2.0455,751,NA,NA,1
2024,2,8482155,LAK,2024-04-18,2.7942,966,2.7844,960,0.0097,6,1
2024,2,8482155,LAK,2024-04-15,1.5522,566,1.5522,566,NA,NA,1
2024,2,8482155,LAK,2024-04-13,1.6091,609,1.4747,553,0.1344,56,1
2024,2,8482155,LAK,2024-04-11,2.1573,812,2.1573,812,NA,NA,1
2024,2,8482155,LAK,2024-04-09,2.425,889,2.407,883,0.0179,6,0
2024,2,8482155,LAK,2024-04-06,1.8255,694,1.8255,694,NA,NA,1
2024,2,8482155,LAK,2024-04-04,1.7086,640,1.5616,559,0.147,81,0
2024,2,8482155,LAK,2024-04-03,1.3349,482,1.2974,462,NA,NA,1
2024,2,8482155,LAK,2024-04-01,1.646,617,1.646,617,NA,NA,0
2024,2,8482155,LAK,2024-03-30,1.5832,620,1.4995,589,NA,NA,0
2024,2,8470621,"CHI,EDM",2024-04-18,2.4708,987,2.2957,862,0.1751,125,0
2024,2,8470621,"CHI,EDM",2024-04-17,1.9265,764,1.7594,685,0.1671,79,0
2024,2,8470621,"CHI,EDM",2024-04-15,2.1532,878,2.1532,878,NA,NA,1
2024,2,8470621,"CHI,EDM",2024-04-13,2.0153,811,1.9474,760,0.0679,51,1
2024,2,8470621,"CHI,EDM",2024-04-12,2.0068,777,1.9762,758,0.0306,19,1
2024,2,8470621,"CHI,EDM",2024-04-10,2.2627,883,2.1014,823,0.1613,60,1
2024,2,8470621,"CHI,EDM",2024-04-06,1.4081,560,1.2919,501,0.1162,59,0
2024,2,8470621,"CHI,EDM",2024-04-05,1.8929,841,1.3851,565,0.5078,276,1
2024,2,8470621,"CHI,EDM",2024-04-03,2.0743,805,1.8391,684,0.2352,121,0
2024,2,8470621,"CHI,EDM",2024-04-01,1.9789,708,1.7703,632,0.2086,76,0
2024,2,8473449,"BUF,FLA",2024-04-13,1.4052,515,1.4052,515,NA,NA,1
2024,2,8473449,"BUF,FLA",2024-04-11,1.8581,681,1.8581,681,NA,NA,1
2024,2,8473449,"BUF,FLA",2024-04-02,1.7187,649,1.5321,597,0.0943,45,0
2024,2,8473449,"BUF,FLA",2024-03-23,1.7101,597,1.7101,597,NA,NA,0
2024,2,8473449,"BUF,FLA",2024-03-14,2.1557,775,1.8437,659,0.2162,71,0
2024,2,8473449,"BUF,FLA",2024-03-12,1.7473,634,1.6065,591,0.1408,43,0
2024,2,8473449,"BUF,FLA",2024-03-07,2.3259,925,1.9755,781,0.3125,129,0
2024,2,8473449,"BUF,FLA",2024-03-06,2.3747,912,2.1962,818,0.1785,94,0
2024,2,8473449,"BUF,FLA",2024-03-03,2.162,852,1.8585,699,0.3035,153,0
2024,2,8473449,"BUF,FLA",2024-03-02,2.208,848,2.1036,791,0.0213,24,0
2024,2,8475220,MIN,2024-03-23,2.3206,820,2.1575,747,NA,NA,1
2024,2,8475220,MIN,2024-03-20,2.3629,936,1.8413,722,0.0211,15,0
2024,2,8475220,MIN,2024-03-19,1.7881,707,1.4726,566,NA,NA,0
2024,2,8475220,MIN,2024-03-16,2.1164,783,1.7915,679,NA,NA,0
2024,2,8475220,MIN,2024-03-14,2.2734,906,2.1141,847,NA,NA,1
2024,2,8475220,MIN,2024-03-12,2.0408,830,1.6814,685,0.0387,24,1
2024,2,8475220,MIN,2024-03-10,2.1272,894,1.9546,837,0.1301,34,1
2024,2,8475220,MIN,2024-03-08,1.696,774,1.2552,519,0.2181,123,0
2024,2,8475220,MIN,2024-02-09,1.1813,443,0.6839,259,0.0219,0,1
2024,2,8475220,MIN,2024-02-07,1.8953,786,1.8953,786,NA,NA,0
2024,2,8475343,WSH,2024-04-16,2.5326,916,2.3638,845,NA,NA,0
2024,2,8475343,WSH,2024-04-15,2.4566,848,2.4566,848,NA,NA,1
2024,2,8475343,WSH,2024-04-13,1.9263,777,1.9263,777,NA,NA,1
2024,2,8475343,WSH,2024-04-11,1.9748000000000001,730,1.7982,662,NA,NA,0
2024,2,8475343,WSH,2024-04-09,2.7393,999,2.4766,871,0.0074,3,0
2024,2,8475343,WSH,2024-04-07,2.6171,896,2.3502,781,NA,NA,1
2024,2,8475343,WSH,2024-04-05,2.5156,990,2.0633,772,NA,NA,0
2024,2,8475343,WSH,2024-04-04,1.727,596,1.5181,526,0.0012,1,1
2024,2,8475343,WSH,2024-04-02,1.9944,762,1.836,687,NA,NA,0
2024,2,8475343,WSH,2024-03-30,2.5761,968,2.2843,836,NA,NA,1
2024,2,8476885,NYR,2024-04-15,2.4035,1104,2.1612,965,0.0257,15,1
2024,2,8476885,NYR,2024-04-13,2.8672,1288,2.037,901,NA,NA,1
2024,2,8476885,NYR,2024-04-11,2.5322,1132,2.1915,967,NA,NA,1
2024,2,8476885,NYR,2024-04-09,2.5749,1123,2.4105,1040,NA,NA,0
2024,2,8476885,NYR,2024-04-07,2.936,1350,2.6829,1234,0.0651,28,1
2024,2,8476885,NYR,2024-04-05,2.8282,1179,2.6558,1089,0.0181,13,0
2024,2,8476885,NYR,2024-04-03,6e-4,2,6e-4,2,NA,NA,1
2024,2,8476885,NYR,2024-04-01,2.3907,1061,1.9912,861,0.0452,19,1
2024,2,8476885,NYR,2024-03-30,2.801,1349,2.4773,1148,NA,NA,0
2024,2,8476885,NYR,2024-03-04,2.6177,1183,2.1102,907,0.2045,120,1
2024,2,8477446,NSH,2024-04-15,2.0688,741,1.6084,572,NA,NA,0
2024,2,8477446,NSH,2024-04-13,2.394,877,2.3874,873,NA,NA,1
2024,2,8477446,NSH,2024-04-12,2.4129,964,2.0955,813,NA,NA,0
2024,2,8477446,NSH,2024-04-09,1.9702,704,1.803,641,0.0019,2,1
2024,2,8477446,NSH,2024-04-07,2.4928,826,2.245,748,0.0352,12,0
2024,2,8477446,NSH,2024-04-06,2.2958,808,2.1355,739,NA,NA,0
2024,2,8477446,NSH,2024-04-04,2.5554,960,1.8473,655,0.0206,9,1
2024,2,8477446,NSH,2024-04-02,2.301,762,2.0547,676,0.0032,3,1
2024,2,8477446,NSH,2024-03-30,1.9356,655,1.5361,508,NA,NA,0
2024,2,8477446,NSH,2024-03-28,2.0282,740,1.732,609,NA,NA,0
2024,2,8477953,STL,2024-04-17,2.8489,972,2.7215,929,0.1245,41,0
2024,2,8477953,STL,2024-04-14,2.3436,853,2.1865,798,0.0794,25,1
2024,2,8477953,STL,2024-04-12,2.0522,762,1.965,736,NA,NA,1
2024,2,8477953,STL,2024-04-10,2.5161,910,2.1399,773,0.3602,129,1
2024,2,8477953,STL,2024-04-06,1.5592,588,1.3877,520,NA,NA,0
2024,2,8477953,STL,2024-04-04,1.7044,645,1.6901,633,0.0078,3,0
2024,2,8477953,STL,2024-04-01,2.211,889,2.1457,849,NA,NA,1
2024,2,8477953,STL,2024-03-30,1.6155,600,1.6155,600,NA,NA,1
2024,2,8477953,STL,2024-03-28,1.5166,586,1.3715,529,NA,NA,1
2024,2,8477953,STL,2024-03-25,2.1164,784,2.0697,766,NA,NA,1
2024,2,8478970,CAR,2024-04-16,2.6078,1073,2.4063,980,0.07,26,0
2024,2,8478970,CAR,2024-04-14,2.5495,1103,2.3377,991,0.1375,71,0
2024,2,8478970,CAR,2024-04-09,2.4174,1027,2.3269,982,NA,NA,0
2024,2,8478970,CAR,2024-04-07,2.2473,986,2.1852,954,NA,NA,1
2024,2,8478970,CAR,2024-04-05,2.2631,938,2.1347,874,NA,NA,1
2024,2,8478970,CAR,2024-04-04,2.531,1098,2.4291,1053,NA,NA,1
2024,2,8478970,CAR,2024-03-30,2.293,1027,2.1427,965,NA,NA,0
2024,2,8478970,CAR,2024-03-28,2.4424,1096,2.3751,1060,NA,NA,1
2024,2,8478970,CAR,2024-03-26,2.2095,903,2.0818,843,NA,NA,0
2024,2,8478970,CAR,2024-03-24,1.7612,743,1.7535,738,NA,NA,1
2024,2,8481014,NYI,2024-04-17,2.4882,1156,2.4002,1106,NA,NA,1
2024,2,8481014,NYI,2024-04-15,3.1563,1377,2.8955,1231,NA,NA,0
2024,2,8481014,NYI,2024-04-13,2.4078,1079,2.4078,1079,NA,NA,0
2024,2,8481014,NYI,2024-04-11,3.0219,1248,2.9786,1230,0.0433,18,1
2024,2,8481014,NYI,2024-04-09,2.4387,1119,2.3692,1087,NA,NA,1
2024,2,8481014,NYI,2024-04-06,3.0093,1281,2.7882,1187,NA,NA,1
2024,2,8481014,NYI,2024-04-04,2.5597,1013,2.4724,960,NA,NA,0
2024,2,8481014,NYI,2024-04-02,3.0799,1231,2.9989,1187,NA,NA,1
2024,2,8481014,NYI,2024-04-01,2.7016,1141,2.548,1057,NA,NA,0
2024,2,8481014,NYI,2024-03-30,3.3643,1401,3.1403,1292,0.1276,55,0
2024,2,8481517,ANA,2024-04-18,2.2746,757,2.1687,700,NA,NA,0
2024,2,8481517,ANA,2024-04-13,1.5212,634,1.2206,482,NA,NA,0
2024,2,8481517,ANA,2024-04-12,1.7752,674,1.6007,604,NA,NA,1
2024,2,8481517,ANA,2024-04-09,1.8973,699,1.6652,584,NA,NA,1
2024,2,8481517,ANA,2024-04-07,1.8357,650,1.7409,613,NA,NA,1
2024,2,8481517,ANA,2024-04-05,1.8751,801,1.5438,655,0.006,4,1
2024,2,8481517,ANA,2024-04-02,2.1717,830,2.0075,754,NA,NA,0
2024,2,8481517,ANA,2024-03-31,0.8829,377,0.69,269,NA,NA,0
2024,2,8481517,ANA,2024-03-30,2.3523,898,2.1022,791,0.007,6,0
2024,2,8481517,ANA,2024-03-28,1.9886,782,1.4038,518,NA,NA,0
2024,2,8482087,MTL,2024-04-04,0.1783,74,0.1783,74,NA,NA,1
2024,2,8482087,MTL,2024-04-02,2.8658,1300,2.2109,993,0.2398,96,1
2024,2,8482087,MTL,2024-03-28,3.2482,1374,2.7891,1151,NA,NA,1
2024,2,8482087,MTL,2024-03-26,3.1484,1381,2.5625,1110,0.2877,103,0
2024,2,8482087,MTL,2024-03-24,3.1819,1409,2.804,1213,0.1279,50,0
2024,2,8482087,MTL,2024-03-21,3.0773,1263,2.9375,1197,0.0411,12,0
2024,2,8482087,MTL,2024-03-19,3.2662,1430,2.7969,1162,0.0465,19,0
2024,2,8482087,MTL,2024-03-16,2.8206,1162,2.8206,1162,NA,NA,0
2024,2,8482087,MTL,2024-03-14,2.8476,1172,2.5765,1064,NA,NA,1
2024,2,8482087,MTL,2024-03-12,3.0615,1362,2.8115,1238,0.0275,9,1
2024,2,8482148,WSH,2024-04-16,1.4869,517,1.4869,517,NA,NA,0
2024,2,8482148,WSH,2024-04-15,2.1826,775,2.0568,723,0.1258,52,1
2024,2,8482148,WSH,2024-04-13,1.9247,633,1.7966,581,0.1281,52,1
2024,2,8482148,WSH,2024-04-11,2.3133,799,2.3133,799,NA,NA,0
2024,2,8482148,WSH,2024-04-09,2.4999,810,2.3445,761,0.1554,49,0
2024,2,8482148,WSH,2024-04-07,2.5293,827,2.3068,742,0.2226,85,1
2024,2,8482148,WSH,2024-04-05,2.0978,753,1.5837,556,0.514,197,0
2024,2,8482148,WSH,2024-04-04,2.4744,826,2.0336,673,0.4408,153,1
2024,2,8482148,WSH,2024-04-02,2.523,946,2.157,798,0.366,148,0
2024,2,8482148,WSH,2024-03-30,2.1272,749,1.8054,622,0.3218,127,1
2024,2,8471218,NYR,2024-02-15,0.4924,217,0.3839,163,0.1085,54,1
2024,2,8471218,NYR,2024-02-12,2.1077,816,1.9422,740,0.1655,76,1
2024,2,8471218,NYR,2024-02-09,2.3008,913,1.9325,730,0.3683,183,0
2024,2,8471218,NYR,2024-02-07,2.0772,850,2.0353,818,0.0418,32,1
2024,2,8471218,NYR,2024-02-05,2.3966,924,2.3467,903,0.0499,21,1
2024,2,8471218,NYR,2024-01-27,2.3184,848,2.097,759,0.2214,89,0
2024,2,8471218,NYR,2024-01-26,2.2664,922,2.0972,849,0.1692,73,1
2024,2,8471218,NYR,2024-01-23,1.7181,709,1.5177,595,0.2004,114,0
2024,2,8471218,NYR,2024-01-21,2.0993,822,2.0344,781,0.0649,41,0
2024,2,8471218,NYR,2024-01-20,1.9731,771,1.8313,682,0.1417,89,0
2024,2,8475714,TOR,2024-03-14,1.1961,496,0.9407,372,0.134,79,0
2024,2,8475714,TOR,2024-03-09,2.4451,972,2.0345,776,0.2048,118,0
2024,2,8475714,TOR,2024-03-07,2.2678,915,1.7043,688,0.3311,132,0
2024,2,8475714,TOR,2024-03-06,2.7023,1009,2.3885,887,0.1342,49,1
2024,2,8475714,TOR,2024-03-04,2.3829,961,1.9914,780,0.1867,82,1
2024,2,8475714,TOR,2024-03-02,2.7108,1031,2.1898,833,0.2447,88,1
2024,2,8475714,TOR,2024-01-24,2.4536,896,1.9305,697,0.4448,161,1
2024,2,8475714,TOR,2024-01-21,1.791,692,1.4648,555,0.1534,51,0
2024,2,8475714,TOR,2024-01-20,2.8621,1259,2.3405,989,0.3108,161,0
2024,2,8475714,TOR,2024-01-18,2.5514,967,2.2979,867,0.0826,32,0
2024,2,8476897,STL,2024-03-25,1.0643,405,0.8702,325,0.1385,52,1
2024,2,8476897,STL,2024-03-23,1.6046,579,1.5103,546,0.0908,27,0
2024,2,8476897,STL,2024-03-19,1.6207,631,1.2931,487,0.2702,104,1
2024,2,8476897,STL,2024-03-17,1.936,810,1.4651,605,0.3727,170,1
2024,2,8476897,STL,2024-03-16,1.5985,594,1.4642,532,0.1343,62,1
2024,2,8476897,STL,2024-03-13,1.5966,626,1.383,530,0.1461,63,1
2024,2,8476897,STL,2024-03-11,2.3568,992,1.8731,769,0.2472,105,0
2024,2,8476897,STL,2024-03-09,1.8618,764,1.5402,613,0.0029,2,0
2024,2,8476897,STL,2024-03-07,2.3892,896,2.0827,773,0.1971,82,0
2024,2,8476897,STL,2024-03-05,2.3528,886,2.1977,831,0.1551,55,0
2024,2,8478013,DET,2024-04-05,2.2721,978,2.2207,952,NA,NA,1
2024,2,8478013,DET,2024-04-01,1.7892,730,1.7618,721,0.0273,9,0
2024,2,8478013,DET,2024-03-17,3.0384,1327,2.534,1060,0.0477,21,0
2024,2,8478013,DET,2024-03-16,3.0305,1405,2.609,1236,0.2791,99,1
2024,2,8478013,DET,2024-03-14,2.8551,1219,2.657,1107,NA,NA,1
2024,2,8478013,DET,2024-03-12,2.688,1281,2.2214,994,NA,NA,0
2024,2,8478013,DET,2024-03-08,2.663,1110,2.4667,1007,NA,NA,0
2024,2,8478013,DET,2024-03-06,2.4272,1122,1.999,883,NA,NA,0
2024,2,8478013,DET,2024-03-02,2.1929,980,1.9909,859,0.0134,6,1
2024,2,8478013,DET,2024-02-29,2.9942,1267,2.6775,1094,NA,NA,1
2024,2,8479359,WSH,2024-04-16,2.6976,1009,2.5241,938,NA,NA,0
2024,2,8479359,WSH,2024-04-15,1.5313,524,1.5313,524,NA,NA,1
2024,2,8479359,WSH,2024-04-13,2.1797,849,1.9778,757,NA,NA,1
2024,2,8479359,WSH,2024-04-11,1.9997,730,1.8206,658,NA,NA,0
2024,2,8479359,WSH,2024-04-09,2.6426,1013,2.3849,882,0.0051,3,0
2024,2,8479359,WSH,2024-04-07,1.9876,709,1.6769,587,NA,NA,1
2024,2,8479359,WSH,2024-04-05,2.4017,955,1.886,722,NA,NA,0
2024,2,8479359,WSH,2024-04-04,1.8951,661,1.4514,512,0.0023,1,1
2024,2,8479359,WSH,2024-04-02,2.1253,783,1.9717,708,NA,NA,0
2024,2,8479359,WSH,2024-03-30,2.3144,854,2.2304,815,NA,NA,1
2024,2,8479983,SJS,2024-04-18,2.6315,1131,2.4366,1011,NA,NA,0
2024,2,8479983,SJS,2024-04-15,3.3967,1475,3.3967,1475,NA,NA,0
2024,2,8479983,SJS,2024-04-13,2.7002,1188,2.5085,1084,0.0185,10,1
2024,2,8479983,SJS,2024-04-11,3.0825,1543,2.5761,1271,0.181,73,0
2024,2,8479983,SJS,2024-04-09,3.0844,1390,2.8687,1236,NA,NA,1
2024,2,8479983,SJS,2024-04-07,2.9007,1284,2.6882,1145,0.0025,2,1
2024,2,8479983,SJS,2024-04-06,3.4258,1574,2.6157,1105,0.0307,14,1
2024,2,8479983,SJS,2024-04-04,2.904,1353,2.1579,946,0.0455,15,1
2024,2,8479983,SJS,2024-04-01,3.2067,1410,3.0333,1311,0.0192,7,1
2024,2,8479983,SJS,2024-03-30,3.222,1434,2.9518,1287,0.063,26,0
2024,2,8480281,STL,2024-04-17,2.4934,886,2.2112,767,0.1035,38,0
2024,2,8480281,STL,2024-04-14,2.5576,951,2.0883,754,0.0841,25,1
2024,2,8480281,STL,2024-04-12,2.2041,847,2.0102,772,NA,NA,1
2024,2,8480281,STL,2024-04-10,2.2777,845,1.9576,723,0.3113,117,1
2024,2,8480281,STL,2024-04-07,2.1486,832,1.902,738,0.1142,43,0
2024,2,8480281,STL,2024-04-06,2.3283,961,1.3231,497,0.4428,234,0
2024,2,8480281,STL,2024-04-04,2.0824,805,1.5885,603,0.3608,159,0
2024,2,8480281,STL,2024-04-01,2.4728,956,2.1271,810,0.1261,59,1
2024,2,8480281,STL,2024-03-30,1.9658,741,1.7024,649,NA,NA,1
2024,2,8480281,STL,2024-03-28,1.8852,712,1.5201,589,NA,NA,1
2024,2,8480891,ARI,2024-04-17,2.565,1065,2.3894,983,NA,NA,1
2024,2,8480891,ARI,2024-04-14,3.0197,1240,2.8975,1154,NA,NA,0
2024,2,8480891,ARI,2024-04-12,3.1069,1276,3.064,1262,0.0429,14,0
2024,2,8480891,ARI,2024-04-10,2.7169,1102,2.6628,1074,NA,NA,0
2024,2,8480891,ARI,2024-04-09,2.8602,1134,2.732,1086,0.0072,3,0
2024,2,8480891,ARI,2024-04-07,3.0338,1254,2.9354,1211,0.0084,3,0
2024,2,8480891,ARI,2024-04-05,2.6964,1111,2.6762,1094,0.0176,13,1
2024,2,8480891,ARI,2024-04-03,2.663,1093,2.6158,1073,0.0204,10,1
2024,2,8480891,ARI,2024-03-30,2.8437,1110,2.8437,1110,NA,NA,1
2024,2,8480891,ARI,2024-03-28,2.0729,839,2.0729,839,NA,NA,1
2024,2,8481178,PHI,2024-04-16,2.8469,1165,2.8469,1165,NA,NA,1
2024,2,8481178,PHI,2024-04-13,2.2902,932,2.2902,932,NA,NA,1
2024,2,8481178,PHI,2024-04-11,2.7108,1123,2.234,936,0.364,144,0
2024,2,8481178,PHI,2024-04-01,2.5942,998,2.1351,847,0.3653,119,1
2024,2,8481178,PHI,2024-03-30,2.5535,1022,2.0512,814,0.4455,189,1
2024,2,8481178,PHI,2024-03-28,2.7129,1141,2.1351,907,0.5778,234,0
2024,2,8481178,PHI,2024-03-26,2.7399,1171,2.3933,1054,0.3466,117,0
2024,2,8481178,PHI,2024-03-24,2.91,1195,2.3667,967,0.5433,228,1
2024,2,8481178,PHI,2024-03-23,2.3236,1023,2.1766,948,0.147,75,1
2024,2,8481178,PHI,2024-03-21,2.2928,964,2.0833,886,0.2095,78,0
2024,2,8482157,NYR,2024-04-15,1.5073,554,1.5073,554,NA,NA,1
2024,2,8482157,NYR,2024-04-13,1.865,764,1.865,764,NA,NA,1
2024,2,8482157,NYR,2024-04-11,1.7729,670,1.7729,670,NA,NA,1
2024,2,8482157,NYR,2024-04-09,1.7207,689,1.7207,689,NA,NA,0
2024,2,8482157,NYR,2024-04-07,2.0677,854,2.0677,854,NA,NA,1
2024,2,8482157,NYR,2024-04-05,1.9068,766,1.9068,766,NA,NA,0
2024,2,8482157,NYR,2024-04-03,1.7557,701,1.7557,701,NA,NA,1
2024,2,8482157,NYR,2024-04-01,1.4788,589,1.4623,585,0.0165,4,1
2024,2,8482157,NYR,2024-03-30,1.6438,627,1.6438,627,NA,NA,0
2024,2,8482157,NYR,2024-03-28,2.0502,737,2.0502,737,NA,NA,0
2024,2,8475179,FLA,2024-04-16,2.5029,1086,2.091,868,0.0121,8,1
2024,2,8475179,FLA,2024-04-13,3.0773,1243,2.8391,1134,0.0124,6,1
2024,2,8475179,FLA,2024-04-11,2.8102,1081,2.6915,1034,0.007,4,1
2024,2,8475179,FLA,2024-04-09,2.7799,1181,2.4542,1020,0.0959,50,1
2024,2,8475179,FLA,2024-04-06,1.9008,751,1.3818,529,0.0168,7,0
2024,2,8475179,FLA,2024-04-04,2.8775,1231,2.3109,930,NA,NA,0
2024,2,8475179,FLA,2024-04-02,2.526,1024,1.8727,738,0.0215,7,0
2024,2,8475179,FLA,2024-04-01,1.9205,752,1.7168,666,NA,NA,0
2024,2,8475179,FLA,2024-03-30,2.277,863,1.955,709,NA,NA,1
2024,2,8475179,FLA,2024-03-28,2.3636,967,1.8264,748,NA,NA,1
2024,2,8475225,DAL,2024-04-17,1.6124,574,1.6124,574,NA,NA,1
2024,2,8475225,DAL,2024-04-13,1.4908,544,1.4792,538,0.0115,6,1
2024,2,8475225,DAL,2024-04-11,1.9317,665,1.9317,665,NA,NA,1
2024,2,8475225,DAL,2024-04-09,1.7711,634,1.7401,617,0.031,17,1
2024,2,8475225,DAL,2024-04-07,1.6903,625,1.6903,625,NA,NA,0
2024,2,8475225,DAL,2024-04-03,1.6476,610,1.6476,610,NA,NA,1
2024,2,8475225,DAL,2024-03-30,1.93,658,1.93,658,NA,NA,0
2024,2,8475225,DAL,2024-03-28,1.2236,416,1.2236,416,NA,NA,0
2024,2,8475225,DAL,2024-03-26,1.7432,652,1.7432,652,NA,NA,0
2024,2,8475225,DAL,2024-03-24,1.7521,617,1.7507,616,0.0014,1,0
2024,2,8475279,DET,2024-04-16,3.5039,1501,3.0842,1248,NA,NA,0
2024,2,8475279,DET,2024-04-15,3.3209,1335,3.3209,1335,NA,NA,1
2024,2,8475279,DET,2024-04-13,2.8871000000000002,1258,2.4959,1022,0.0138,6,0
2024,2,8475279,DET,2024-04-11,2.9483,1215,2.7029,1092,NA,NA,0
2024,2,8475279,DET,2024-04-09,2.9376,1161,2.7498,1073,NA,NA,1
2024,2,8475279,DET,2024-04-07,3.0304,1428,2.7992,1305,0.0195,14,1
2024,2,8475279,DET,2024-04-05,2.6026,1119,2.3215,936,NA,NA,1
2024,2,8475279,DET,2024-04-01,2.7114,1270,2.4741,1129,NA,NA,0
2024,2,8475279,DET,2024-03-30,3.2287,1380,3.1782,1340,0.0068,7,0
2024,2,8475279,DET,2024-03-28,2.622,1093,2.3952,973,NA,NA,0
2024,2,8475455,WPG,2024-04-16,2.7589,1123,2.7323,1112,0.0266,11,1
2024,2,8475455,WPG,2024-04-13,2.6787,1187,2.6446,1158,NA,NA,0
2024,2,8475455,WPG,2024-04-11,2.5715,1099,2.3548,993,NA,NA,0
2024,2,8475455,WPG,2024-04-09,3.0553,1295,2.5223,1015,0.0032,2,0
2024,2,8475455,WPG,2024-04-06,2.8005,1318,2.1895,986,0.1875,61,0
2024,2,8475455,WPG,2024-04-04,2.4655,1056,2.329,980,0.0113,6,1
2024,2,8475455,WPG,2024-04-01,2.6654,1145,2.6654,1145,NA,NA,1
2024,2,8475455,WPG,2024-03-30,2.901,1307,2.2446,959,0.0017,3,1
2024,2,8475455,WPG,2024-03-28,2.1222,947,2.0318,882,0.0172,9,1
2024,2,8475455,WPG,2024-03-26,2.4775,1069,2.1256,871,0.0151,7,1
2024,2,8476981,MTL,2024-04-16,2.6527,960,2.5739,922,0.0787,38,1
2024,2,8476981,MTL,2024-04-15,2.9346,992,2.9346,992,NA,NA,0
2024,2,8476981,MTL,2024-04-13,2.1535,760,2.1127,741,0.0408,19,0
2024,2,8476981,MTL,2024-04-11,2.3552,841,2.3307,831,NA,NA,0
2024,2,8476981,MTL,2024-04-09,2.447,855,2.447,855,NA,NA,1
2024,2,8476981,MTL,2024-04-07,2.5925,956,2.5925,956,NA,NA,0
2024,2,8476981,MTL,2024-04-06,2.5671,944,2.5569,944,0.0102,0,1
2024,2,8476981,MTL,2024-04-04,2.0536,715,1.5488,568,0.5048,147,1
2024,2,8476981,MTL,2024-04-02,2.2348,795,2.0617,725,0.1731,70,1
2024,2,8476981,MTL,2024-03-30,2.6613,928,2.1609,778,0.5004,150,1
2024,2,8477507,"CGY,VAN",2024-04-18,2.7368,1106,2.2124,872,NA,NA,0
2024,2,8477507,"CGY,VAN",2024-04-16,2.7091,1098,2.4769,1004,NA,NA,1
2024,2,8477507,"CGY,VAN",2024-04-13,2.6864,1070,2.5542,996,0.0252,10,0
2024,2,8477507,"CGY,VAN",2024-04-10,2.9093,1100,2.5288,946,0.007,3,1
2024,2,8477507,"CGY,VAN",2024-04-08,2.8731,1202,2.5679,1059,NA,NA,1
2024,2,8477507,"CGY,VAN",2024-04-06,2.6801,1092,2.5098,1022,0.0533,12,0
2024,2,8477507,"CGY,VAN",2024-04-03,2.6037,1135,2.3221,1001,0.0165,7,0
2024,2,8477507,"CGY,VAN",2024-04-02,0.723,266,0.717,263,0.0061,3,0
2024,2,8477507,"CGY,VAN",2024-03-28,2.5039,1050,2.2423,913,NA,NA,1
2024,2,8477507,"CGY,VAN",2024-03-25,2.6969,1119,2.3853,987,0.0186,21,1
2024,2,8478851,NSH,2024-04-13,2.3867,938,2.3867,938,NA,NA,1
2024,2,8478851,NSH,2024-04-12,3.1498,1269,2.7284,1063,0.0071,4,0
2024,2,8478851,NSH,2024-04-09,3.1727,1207,2.9404,1091,0.0364,13,1
2024,2,8478851,NSH,2024-04-07,3.1837,1242,2.9205,1136,0.0265,10,0
2024,2,8478851,NSH,2024-04-06,3.0052,1185,2.9352,1162,0.07,23,0
2024,2,8478851,NSH,2024-04-04,3.1289,1349,2.5728,1032,0.1017,42,1
2024,2,8478851,NSH,2024-04-02,3.0885,1162,2.8672,1057,0.0127,5,1
2024,2,8478851,NSH,2024-03-23,2.9309,1223,2.586,1072,0.0044,3,1
2024,2,8478851,NSH,2024-03-21,2.5083,992,2.2958,892,0.0708,26,0
2024,2,8478851,NSH,2024-03-19,2.6547,1020,2.5321,962,NA,NA,1
2024,2,8480035,BUF,2024-04-15,2.5659,1052,2.3986,982,NA,NA,0
2024,2,8480035,BUF,2024-04-13,3.2323,1430,2.7422,1128,0.0124,6,0
2024,2,8480035,BUF,2024-04-11,2.7217,1107,2.7217,1107,NA,NA,1
2024,2,8480035,BUF,2024-04-09,2.8168,1165,2.5177,1036,NA,NA,0
2024,2,8480035,BUF,2024-04-07,3.3288,1325,3.0737,1192,0.1284,61,0
2024,2,8480035,BUF,2024-04-05,2.8705,1267,2.7443,1214,NA,NA,1
2024,2,8480035,BUF,2024-04-02,3.0399,1243,2.8588,1163,NA,NA,1
2024,2,8480035,BUF,2024-03-30,2.6745,1104,2.1061,853,0.1551,74,1
2024,2,8480035,BUF,2024-03-29,2.7819,1108,2.4874,978,NA,NA,1
2024,2,8480035,BUF,2024-03-27,3.0571,1281,2.7814,1156,0.0258,9,1
2024,2,8480073,OTT,2024-04-16,3.066,1217,3.066,1217,NA,NA,0
2024,2,8480073,OTT,2024-04-15,3.1114,1206,2.7611,1066,0.0511,15,0
2024,2,8480073,OTT,2024-04-13,2.4039,973,2.2174,873,NA,NA,1
2024,2,8480073,OTT,2024-04-11,2.6399,1014,2.1384,812,0.1279,49,0
2024,2,8480073,OTT,2024-04-09,2.6844,1033,2.1452,789,0.3909,141,0
2024,2,8480073,OTT,2024-04-07,2.8318,1037,2.6398,969,0.1311,37,0
2024,2,8480073,OTT,2024-04-06,2.9013,1107,2.7127,1018,NA,NA,1
2024,2,8480073,OTT,2024-04-04,2.9306,1074,2.0388,728,0.8689,344,1
2024,2,8480073,OTT,2024-04-02,2.8352,1104,2.4617,934,0.1943,68,0
2024,2,8480073,OTT,2024-03-30,2.8943,1128,2.2865,875,0.3079,109,0
2024,2,8481577,NSH,2024-02-10,1.3931,521,1.1473,449,0.2458,72,1
2024,2,8481577,NSH,2024-01-31,2.6193,912,2.5391,887,0.0802,25,1
2024,2,8481577,NSH,2024-01-29,1.5151,583,1.5151,583,NA,NA,0
2024,2,8481577,NSH,2024-01-22,2.1106,744,1.4055,483,0.7051,261,1
2024,2,8481577,NSH,2024-01-18,1.9333,655,1.8513,623,0.082,32,0
2024,2,8481577,NSH,2024-01-15,2.4374,868,2.0188,725,0.4185,143,0
2024,2,8481577,NSH,2024-01-13,1.9837,690,1.7295,598,0.2542,92,1
2024,2,8481577,NSH,2024-01-12,1.9902,667,1.4833,496,0.507,171,0
2024,2,8481577,NSH,2024-01-09,2.5368,929,2.2146,797,0.3222,132,1
2024,2,8481577,NSH,2024-01-06,1.9261,669,1.8427,627,0.0834,42,0
2024,2,8481703,PIT,2024-04-17,1.6839,593,1.6839,593,NA,NA,0
2024,2,8481703,PIT,2024-04-15,1.3267,510,1.3267,510,NA,NA,1
2024,2,8481703,PIT,2024-04-13,1.8348,647,1.8348,647,NA,NA,1
2024,2,8481703,PIT,2024-04-11,1.5273,554,1.4887,539,0.0386,15,1
2024,2,8481703,PIT,2024-04-08,1.3855,549,1.3473,526,0.0381,23,0
2024,2,8481703,PIT,2024-04-06,1.6629,615,1.6629,615,NA,NA,1
2024,2,8481703,PIT,2024-04-04,1.5836,607,1.515,588,0.0686,19,0
2024,2,8481703,PIT,2024-04-02,1.4726,554,1.4726,554,NA,NA,0
2024,2,8481703,PIT,2024-04-01,1.7755,676,1.7755,676,NA,NA,0
2024,2,8481703,PIT,2024-03-30,2.0323,775,1.8715,712,0.1608,63,0
2024,2,8481789,SEA,2024-04-18,2.0583,729,1.8814,637,NA,NA,0
2024,2,8481789,SEA,2024-04-16,2.1577,846,1.8051,693,NA,NA,0
2024,2,8481789,SEA,2024-04-14,2.1393,754,2.0401,703,0.0012,1,0
2024,2,8481789,SEA,2024-04-13,1.9091,673,1.8004,623,NA,NA,0
2024,2,8481789,SEA,2024-04-11,1.9334,742,1.6791,647,NA,NA,1
2024,2,8481789,SEA,2024-04-09,1.9189,730,1.8206,686,0.046,16,1
2024,2,8481789,SEA,2024-04-05,1.9604,755,1.8089,693,NA,NA,0
2024,2,8481789,SEA,2024-04-03,2.0022,754,1.7891,658,NA,NA,0
2024,2,8481789,SEA,2024-04-01,2.0957,792,1.931,731,0.0639,18,0
2024,2,8481789,SEA,2024-03-30,1.6732,638,1.4581,538,NA,NA,1
2024,2,8471699,COL,2024-04-18,2.0154,733,1.7531,629,0.0441,12,1
2024,2,8471699,COL,2024-04-14,1.6155,611,1.2419,428,NA,NA,0
2024,2,8471699,COL,2024-04-13,1.9238,682,1.7527,588,NA,NA,1
2024,2,8471699,COL,2024-04-09,1.6375,603,1.2457,436,NA,NA,1
2024,2,8471699,COL,2024-04-07,1.4772,508,1.2428,432,NA,NA,1
2024,2,8471699,COL,2024-04-05,1.4857,563,0.9431,356,NA,NA,0
2024,2,8471699,COL,2024-04-04,1.473,589,1.1221,388,0.0052,0,0
2024,2,8471699,COL,2024-04-01,1.2617,489,0.9904,355,NA,NA,0
2024,2,8471699,COL,2024-03-30,1.834,648,1.2635,433,NA,NA,1
2024,2,8471699,COL,2024-03-28,1.1315,411,0.8304,279,NA,NA,1
2024,2,8473504,NYI,2024-04-17,2.3072,882,2.2665,850,NA,NA,1
2024,2,8473504,NYI,2024-04-15,1.8179,676,1.5587,562,NA,NA,0
2024,2,8473504,NYI,2024-04-13,1.0343,367,0.9378,331,0.0255,8,0
2024,2,8473504,NYI,2024-04-11,1.2953,441,1.2647,426,0.0306,15,1
2024,2,8473504,NYI,2024-04-09,1.2939,572,1.0421,416,NA,NA,1
2024,2,8473504,NYI,2024-04-06,1.6962,601,1.3847,481,NA,NA,1
2024,2,8473504,NYI,2024-04-04,1.6134,631,1.5353,575,0.0033,2,0
2024,2,8473504,NYI,2024-04-02,1.5441,556,1.4189,508,0.0219,7,1
2024,2,8473504,NYI,2024-04-01,2.1109,742,1.7516,590,NA,NA,0
2024,2,8473504,NYI,2024-03-30,1.6498,657,1.4092,562,0.1589,55,0
2024,2,8475164,ANA,2024-04-18,1.7545,675,1.5801,580,NA,NA,0
2024,2,8475164,ANA,2024-04-13,2.1139,797,1.6595,578,0.091,76,0
2024,2,8475164,ANA,2024-04-12,2.2947,914,1.863,736,0.1694,61,1
2024,2,8475164,ANA,2024-04-09,2.2075,910,1.5783,607,0.4292,216,1
2024,2,8475164,ANA,2024-04-07,2.2893,910,1.9148,736,0.0625,22,1
2024,2,8475164,ANA,2024-04-05,2.4781,917,1.9032,686,0.1059,49,1
2024,2,8475164,ANA,2024-04-02,2.5102,922,2.344,856,0.1574,61,0
2024,2,8475164,ANA,2024-03-31,2.3595,947,1.5665,605,0.4224,168,0
2024,2,8475164,ANA,2024-03-30,2.2698,945,1.8799,766,0.2236,88,0
2024,2,8475164,ANA,2024-03-28,2.1471,901,1.0316,408,0.3854,150,0
2024,2,8475690,"CGY,DAL",2024-04-17,2.8813,1149,2.7286,1067,NA,NA,1
2024,2,8475690,"CGY,DAL",2024-04-13,3.1611,1320,2.8989,1179,0.0071,6,1
2024,2,8475690,"CGY,DAL",2024-04-11,2.8554,1138,2.5309,985,0.0214,10,1
2024,2,8475690,"CGY,DAL",2024-04-09,2.8794,1227,2.4483,1042,NA,NA,1
2024,2,8475690,"CGY,DAL",2024-04-07,3.2358,1392,3.0283,1251,NA,NA,0
2024,2,8475690,"CGY,DAL",2024-04-06,2.6584,1094,2.4341,990,NA,NA,0
2024,2,8475690,"CGY,DAL",2024-04-03,2.7177,1273,2.2232,979,NA,NA,1
2024,2,8475690,"CGY,DAL",2024-03-30,2.672,1060,2.4174,943,NA,NA,0
2024,2,8475690,"CGY,DAL",2024-03-28,2.8274,1160,2.4913,966,NA,NA,0
2024,2,8475690,"CGY,DAL",2024-03-26,2.5586,1069,2.3274,977,0.0304,9,0
2024,2,8475855,CAR,2024-04-16,1.1267,413,1.0148,367,NA,NA,0
2024,2,8475855,CAR,2024-04-14,1.7123,670,1.3728,537,0.0258,11,0
2024,2,8475855,CAR,2024-04-12,1.6259,652,1.6259,652,NA,NA,0
2024,2,8475855,CAR,2024-04-09,1.7221,678,1.5651,612,NA,NA,0
2024,2,8475855,CAR,2024-04-07,1.9757,752,1.9224,726,NA,NA,1
2024,2,8475855,CAR,2024-04-05,2.1708,808,2.0359,738,0.0021,1,1
2024,2,8475855,CAR,2024-04-04,1.5294,620,1.3766,566,NA,NA,1
2024,2,8475855,CAR,2024-03-19,2.318,889,2.1867,841,NA,NA,0
2024,2,8475855,CAR,2024-03-17,1.8495,710,1.5913,603,0.0946,40,0
2024,2,8475855,CAR,2024-03-16,2.0832,803,1.8904,724,0.0191,6,0
2024,2,8476889,DAL,2024-04-17,2.1831,766,2.0374,699,NA,NA,1
2024,2,8476889,DAL,2024-04-13,1.7859,633,1.6444,573,0.0178,7,1
2024,2,8476889,DAL,2024-04-11,1.9183,668,1.6483,550,NA,NA,1
2024,2,8476889,DAL,2024-04-09,2.3263,815,1.8176,643,NA,NA,1
2024,2,8476889,DAL,2024-04-07,1.9116,767,1.725,680,NA,NA,0
2024,2,8476889,DAL,2024-04-06,1.9151,625,1.6762,548,NA,NA,0
2024,2,8476889,DAL,2024-04-03,2.1712,771,1.6106,564,NA,NA,1
2024,2,8476889,DAL,2024-03-30,2.087,746,1.7282,610,NA,NA,0
2024,2,8476889,DAL,2024-03-28,1.9081,692,1.6047,564,NA,NA,0
2024,2,8476889,DAL,2024-03-26,1.9048,747,1.7592,681,NA,NA,0
2024,2,8477380,NYR,2024-04-11,1.5009,597,1.5009,597,NA,NA,1
2024,2,8477380,NYR,2024-04-09,1.6814,595,1.6814,595,NA,NA,0
2024,2,8477380,NYR,2024-04-07,1.9176,703,1.8482,680,0.0694,23,1
2024,2,8477380,NYR,2024-04-05,2.2565,804,2.2565,804,NA,NA,0
2024,2,8477380,NYR,2024-04-01,1.1953,439,1.1953,439,NA,NA,1
2024,2,8477380,NYR,2024-03-30,1.922,700,1.922,700,NA,NA,0
2024,2,8477380,NYR,2024-03-28,1.3321,493,1.3321,493,NA,NA,0
2024,2,8477380,NYR,2024-03-26,1.4311,536,1.4311,536,NA,NA,1
2024,2,8477380,NYR,2024-03-23,2.0007,724,2.0007,724,NA,NA,1
2024,2,8477380,NYR,2024-03-19,1.4642,487,1.4642,487,NA,NA,1
2024,2,8477506,NYI,2024-04-17,3.0785,1322,2.7408,1138,0.2135,103,1
2024,2,8477506,NYI,2024-04-15,3.0569,1366,2.6176,1131,NA,NA,0
2024,2,8477506,NYI,2024-04-13,3.6055,1479,2.6834,1085,0.7324,274,0
2024,2,8477506,NYI,2024-04-11,3.6748,1487,3.1329,1299,0.5419,188,1
2024,2,8477506,NYI,2024-04-09,3.3384,1599,2.8219,1295,0.1738,91,1
2024,2,8477506,NYI,2024-04-06,3.2434,1491,2.7767,1187,0.0946,49,1
2024,2,8477506,NYI,2024-04-04,3.4869,1425,3.1025,1271,0.3375,123,0
2024,2,8477506,NYI,2024-04-02,3.1641,1356,2.7831,1183,0.2267,95,1
2024,2,8477506,NYI,2024-04-01,3.5264,1517,2.9108,1250,0.319,121,0
2024,2,8477506,NYI,2024-03-30,3.0888,1369,2.9993,1296,NA,NA,0
2024,2,8478432,DET,2024-04-16,2.009,719,1.909,674,NA,NA,0
2024,2,8478432,DET,2024-04-15,1.5734,579,1.5734,579,NA,NA,1
2024,2,8478432,DET,2024-04-13,2.4826,933,2.2264,814,0.0092,6,0
2024,2,8478432,DET,2024-04-11,1.7326,640,1.4901,538,NA,NA,0
2024,2,8478432,DET,2024-04-09,2.609,901,2.5211,867,NA,NA,1
2024,2,8478432,DET,2024-04-07,2.7318,1033,2.6969,1019,0.0349,14,1
2024,2,8478432,DET,2024-04-05,2.0945,783,1.7815,638,NA,NA,1
2024,2,8478432,DET,2024-04-01,2.399,970,2.2534,903,0.0221,6,0
2024,2,8478432,DET,2024-03-30,1.7767,691,1.7767,691,NA,NA,0
2024,2,8478432,DET,2024-03-28,2.0502,730,2.0502,730,NA,NA,0
2024,2,8479353,VGK,2024-04-18,2.8443,990,2.7993,972,0.045,18,1
2024,2,8479353,VGK,2024-04-16,2.7097,965,2.6081,927,NA,NA,1
2024,2,8479353,VGK,2024-04-14,1.8036,676,1.8036,676,NA,NA,1
2024,2,8479353,VGK,2024-04-12,2.4436,945,2.1284,822,0.0268,9,1
2024,2,8479353,VGK,2024-04-10,2.0658,729,1.7576,622,NA,NA,0
2024,2,8479353,VGK,2024-04-08,1.3527,507,1.3527,507,NA,NA,0
2024,2,8479353,VGK,2024-04-05,2.254,832,2.0964,763,0.0016,2,0
2024,2,8479353,VGK,2024-04-02,1.8965,727,1.6244,607,NA,NA,1
2024,2,8479353,VGK,2024-03-30,1.9898,745,1.6562,592,NA,NA,0
2024,2,8479353,VGK,2024-03-28,2.3566,888,1.8592,686,NA,NA,0
2024,2,8479410,TBL,2024-02-07,1.318,622,1.195,544,NA,NA,0
2024,2,8479410,TBL,2023-12-19,0.6251,271,0.6133,265,0.0117,6,1
2024,2,8479410,TBL,2023-12-16,2.7671,1302,2.6349,1227,NA,NA,0
2024,2,8479410,TBL,2023-12-14,2.8378,1491,2.1725,1050,0.2131,97,0
2024,2,8479410,TBL,2023-12-12,3.7224,1597,2.7812,1174,0.739,285,0
2024,2,8479410,TBL,2023-12-09,3.1584,1504,2.3228,1047,0.1589,70,0
2024,2,8479410,TBL,2023-12-07,3.2352,1421,2.5755,1110,0.4267,189,0
2024,2,8479410,TBL,2023-12-06,3.305,1457,2.5128,1106,0.3208,126,1
2024,2,8479410,TBL,2023-12-04,3.1947,1370,2.9472,1263,0.104,40,1
2024,2,8479410,TBL,2023-12-02,3.1157,1316,2.1369,930,0.6979,261,0
2024,2,8479415,NJD,2024-01-22,3.2385,1107,3.2066,1095,0.032,12,1
2024,2,8479415,NJD,2024-01-20,3.3611,1111,3.0364,992,0.0082,3,1
2024,2,8479415,NJD,2024-01-19,2.8129,997,2.6285,930,0.0456,16,0
2024,2,8479415,NJD,2024-01-17,3.0656,1057,3.0656,1057,NA,NA,1
2024,2,8479415,NJD,2024-01-15,3.1407,1120,2.9141,1040,NA,NA,0
2024,2,8479415,NJD,2024-01-13,3.0812,1080,2.9869,1043,0.0438,13,0
2024,2,8479415,NJD,2024-01-11,2.9402,1066,2.8455,1040,NA,NA,0
2024,2,8479415,NJD,2024-01-06,3.0788,1094,2.8216,988,0.1587,60,1
2024,2,8479415,NJD,2024-01-05,2.5662,846,2.1003,677,0.1631,57,1
2024,2,8479415,NJD,2024-01-03,2.5096,816,2.472,800,NA,NA,0
2024,2,8480144,TOR,2024-04-17,2.4406,937,1.8703,689,0.0046,3,0
2024,2,8480144,TOR,2024-04-16,2.2721,791,1.6359,545,NA,NA,0
2024,2,8480144,TOR,2024-04-13,2.0848,724,1.7349,574,NA,NA,1
2024,2,8480144,TOR,2024-04-11,2.2428,779,1.8452,615,NA,NA,1
2024,2,8480144,TOR,2024-04-09,2.5507,955,2.3806,863,0.0335,11,0
2024,2,8480144,TOR,2024-04-08,2.2475,795,1.4626,485,NA,NA,1
2024,2,8480144,TOR,2024-04-06,1.6946,609,1.6686,597,NA,NA,0
2024,2,8480144,TOR,2024-04-03,1.9163,712,1.4607,533,NA,NA,1
2024,2,8480144,TOR,2024-04-01,2.5761,1003,1.9226,715,0.052,19,1
2024,2,8480144,TOR,2024-03-30,2.7794,1079,1.915,722,NA,NA,0
2024,2,8480172,SJS,2024-04-13,2.7246,1205,2.5593,1101,0.0198,10,1
2024,2,8480172,SJS,2024-04-11,2.5912,1306,2.1872,1077,0.0137,6,0
2024,2,8480172,SJS,2024-04-09,2.8587,1233,2.5483,1038,0.0374,16,1
2024,2,8480172,SJS,2024-04-07,2.7116,1220,2.441,1069,0.0334,13,1
2024,2,8480172,SJS,2024-04-06,2.9298,1350,2.0337,871,0.0705,26,1
2024,2,8480172,SJS,2024-04-04,2.6779,1247,2.0216,865,0.0296,11,1
2024,2,8480172,SJS,2024-04-01,2.56,1170,2.3966,1060,NA,NA,1
2024,2,8480172,SJS,2024-03-30,2.2439,1066,2.0849,971,0.0105,6,0
2024,2,8480172,SJS,2024-03-28,2.4023,1134,2.2305,1004,NA,NA,0
2024,2,8480172,SJS,2024-03-26,3.4175,1454,2.8605,1180,0.0659,12,1
2024,2,8480878,DAL,2024-04-17,0.9535,346,0.9535,346,NA,NA,1
2024,2,8480878,DAL,2024-04-13,1.555,572,1.555,572,NA,NA,1
2024,2,8480878,DAL,2024-04-11,1.385,524,1.385,524,NA,NA,1
2024,2,8480878,DAL,2024-04-09,1.489,570,1.489,570,NA,NA,1
2024,2,8480878,DAL,2024-04-07,1.2789,480,1.2789,480,NA,NA,0
2024,2,8480878,DAL,2024-04-06,2.1043,778,2.1043,778,NA,NA,0
2024,2,8480878,DAL,2024-04-03,1.773,744,1.773,744,NA,NA,1
2024,2,8480878,DAL,2024-03-30,1.9758,783,1.9698,781,0.006,2,0
2024,2,8480878,DAL,2024-03-28,1.4325,554,1.4325,554,NA,NA,0
2024,2,8480878,DAL,2024-03-26,2.3169,923,2.3169,923,NA,NA,0
2024,2,8480980,"MIN,TOR",2024-04-17,2.2572,894,1.7365,663,0.0073,3,0
2024,2,8480980,"MIN,TOR",2024-04-16,1.9285,742,1.3435,515,NA,NA,0
2024,2,8480980,"MIN,TOR",2024-04-11,1.5894,563,1.5351,535,NA,NA,1
2024,2,8480980,"MIN,TOR",2024-04-08,1.623,638,1.1378,440,NA,NA,1
2024,2,8480980,"MIN,TOR",2024-04-06,1.6278,651,1.6048,639,NA,NA,0
2024,2,8480980,"MIN,TOR",2024-04-03,1.5536,611,1.2042,479,NA,NA,1
2024,2,8480980,"MIN,TOR",2024-04-01,2.3827,961,1.7671,703,0.0045,4,1
2024,2,8480980,"MIN,TOR",2024-03-30,2.1987,924,1.5974,652,0.0942,56,0
2024,2,8480980,"MIN,TOR",2024-03-28,2.2385,790,1.9685,673,NA,NA,1
2024,2,8480980,"MIN,TOR",2024-03-26,1.7589,674,1.5341,578,NA,NA,1
2024,2,8481554,NYR,2024-04-15,2.0064,814,1.8005,726,0.2059,88,1
2024,2,8481554,NYR,2024-04-13,1.9039,757,1.8552,736,NA,NA,1
2024,2,8481554,NYR,2024-04-11,2.0529,831,1.8193,737,0.2337,94,1
2024,2,8481554,NYR,2024-04-09,2.0669,825,2.0162,808,0.0506,17,0
2024,2,8481554,NYR,2024-04-07,2.2386,913,2.1621,884,0.0765,29,1
2024,2,8481554,NYR,2024-04-05,2.1833,881,2.1148,847,0.0685,34,0
2024,2,8481554,NYR,2024-04-03,2.0275,803,1.8753,748,0.1523,55,1
2024,2,8481554,NYR,2024-04-01,1.4179,609,1.4179,609,NA,NA,1
2024,2,8481554,NYR,2024-03-30,1.8367,749,1.8367,749,NA,NA,0
2024,2,8481554,NYR,2024-03-28,1.7575,725,1.4979,616,0.2596,109,0
2024,2,8482073,NYR,2024-04-15,2.4546,1100,2.3262,1022,NA,NA,1
2024,2,8482073,NYR,2024-04-13,2.5891,1139,2.3559,1026,NA,NA,1
2024,2,8482073,NYR,2024-04-11,2.5322,1102,2.3025,993,NA,NA,1
2024,2,8482073,NYR,2024-04-09,2.0218,832,1.9474,789,NA,NA,0
2024,2,8482073,NYR,2024-04-07,2.1168,919,2.1168,919,NA,NA,1
2024,2,8482073,NYR,2024-04-05,2.323,897,2.211,843,NA,NA,0
2024,2,8482073,NYR,2024-04-03,3.7254,1656,3.4244,1503,NA,NA,1
2024,2,8482073,NYR,2024-04-01,2.0816,886,2.0526,879,0.029,7,1
2024,2,8482073,NYR,2024-03-30,2.349,985,2.2489,931,NA,NA,0
2024,2,8482073,NYR,2024-03-28,3.198,1286,3.0963,1228,NA,NA,0
2024,2,8482097,BUF,2024-04-15,2.7182,1017,2.5773,963,0.1409,54,0
2024,2,8482097,BUF,2024-04-13,2.5126,937,2.1268,769,0.2289,102,0
2024,2,8482097,BUF,2024-04-11,2.4115,859,2.3097,813,0.1018,46,1
2024,2,8482097,BUF,2024-04-09,2.5974,927,2.106,744,0.3695,130,0
2024,2,8482097,BUF,2024-04-07,1.7927,638,1.6225,568,0.1538,61,0
2024,2,8482097,BUF,2024-04-05,2.7916,1017,2.4347,894,NA,NA,1
2024,2,8482097,BUF,2024-04-02,2.6479,910,2.5798,872,NA,NA,1
2024,2,8482097,BUF,2024-03-30,2.141,777,1.5122,518,0.6288,259,1
2024,2,8482097,BUF,2024-03-29,2.345,1026,2.0972,945,NA,NA,1
2024,2,8482097,BUF,2024-03-27,2.4704,941,2.2072,815,0.2632,126,1
2024,2,8483495,NJD,2024-04-15,3.0745,1174,2.84,1096,0.2345,78,1
2024,2,8483495,NJD,2024-04-13,3.2653,1313,2.96,1177,0.1636,59,0
2024,2,8483495,NJD,2024-04-11,1.7318,771,1.7318,771,NA,NA,0
2024,2,8483495,NJD,2024-04-09,2.3993,1019,2.3993,1019,NA,NA,1
2024,2,8483495,NJD,2024-04-07,2.8734,1229,2.4533,1030,0.2043,79,1
2024,2,8483495,NJD,2024-04-06,2.8506,1154,2.4928,1007,0.2718,102,0
2024,2,8483495,NJD,2024-04-03,3.8139,1583,3.22,1329,0.2336,77,0
2024,2,8483495,NJD,2024-04-02,2.8642,1095,2.4704,958,0.2903,91,1
2024,2,8483495,NJD,2024-03-29,2.9789,1397,2.6191,1268,0.3598,129,0
2024,2,8483495,NJD,2024-03-26,2.4676,1017,2.2565,926,0.1471,61,0
2024,2,8475462,ANA,2024-04-18,2.9989,1343,2.7774,1182,NA,NA,0
2024,2,8475462,ANA,2024-04-13,2.7168,1268,2.2379,1025,0.03,11,0
2024,2,8475462,ANA,2024-04-12,2.8487,1287,2.581,1141,NA,NA,1
2024,2,8475462,ANA,2024-04-09,2.6251,1150,2.3506,1019,0.0246,11,1
2024,2,8475462,ANA,2024-04-07,2.8488,1242,2.6055,1119,0.0446,14,1
2024,2,8475462,ANA,2024-04-05,2.5181,1111,2.129,918,0.005,4,1
2024,2,8475462,ANA,2024-03-14,0.5803,301,0.5803,301,NA,NA,0
2024,2,8475462,ANA,2024-03-12,2.298,1063,1.9683,834,NA,NA,0
2024,2,8475462,ANA,2024-03-10,2.6741,1308,2.1323,1000,NA,NA,1
2024,2,8475462,ANA,2024-03-08,2.7876,1197,2.53,1099,NA,NA,1
2024,2,8476374,CBJ,2024-04-16,2.78,1087,2.1675,752,NA,NA,1
2024,2,8476374,CBJ,2024-04-13,2.6395,1009,2.5627,960,NA,NA,0
2024,2,8476374,CBJ,2024-04-11,2.8313,938,2.4766,811,NA,NA,0
2024,2,8476374,CBJ,2024-04-09,2.4567,925,2.3098,860,NA,NA,0
2024,2,8476374,CBJ,2024-04-07,2.3285,823,2.1546,734,NA,NA,0
2024,2,8476374,CBJ,2024-03-12,1.6402,561,1.6204,557,0.0182,3,0
2024,2,8476374,CBJ,2024-03-09,1.9558,755,1.5079,551,NA,NA,1
2024,2,8476374,CBJ,2024-03-07,1.8672,697,1.7049,606,NA,NA,1
2024,2,8476374,CBJ,2024-03-05,2.2476,863,2.0865,794,0.0139,5,0
2024,2,8476374,CBJ,2024-03-04,2.3978,870,2.2742,817,NA,NA,1
2024,2,8476457,SEA,2024-04-18,3.0532,1346,2.632,1106,NA,NA,0
2024,2,8476457,SEA,2024-04-16,2.8877,1304,2.2876,1005,0.0227,11,0
2024,2,8476457,SEA,2024-04-14,2.9997,1312,2.884,1237,0.0144,6,0
2024,2,8476457,SEA,2024-04-13,3.2258,1335,2.8703,1140,0.0604,24,0
2024,2,8476457,SEA,2024-04-11,3.1253,1353,2.8287,1204,NA,NA,1
2024,2,8476457,SEA,2024-04-09,2.969,1288,2.7954,1199,0.0632,23,1
2024,2,8476457,SEA,2024-04-03,3.2222,1367,2.8988,1197,0.0422,12,0
2024,2,8476457,SEA,2024-04-01,2.8699,1205,2.6406,1076,0.0355,12,0
2024,2,8476457,SEA,2024-03-30,1.9743,785,1.9444,776,0.0298,9,1
2024,2,8476457,SEA,2024-03-28,3.058,1341,2.5986,1095,0.024,7,1
2024,2,8476874,DET,2024-04-16,2.9588,1153,2.774,1054,NA,NA,0
2024,2,8476874,DET,2024-04-15,3.0748,1162,3.0748,1162,NA,NA,1
2024,2,8476874,DET,2024-04-13,1.8872,774,1.8872,774,NA,NA,0
2024,2,8476874,DET,2024-04-11,2.509,926,2.4699,910,NA,NA,0
2024,2,8476874,DET,2024-04-09,2.6916,1001,2.6916,1001,NA,NA,1
2024,2,8476874,DET,2024-04-07,2.5241,966,2.5241,966,NA,NA,1
2024,2,8476874,DET,2024-03-30,2.0611,801,2.0062,768,NA,NA,0
2024,2,8476874,DET,2024-03-28,2.5021,995,2.5021,995,NA,NA,0
2024,2,8476874,DET,2024-03-26,2.2604,873,2.2604,872,NA,NA,0
2024,2,8476874,DET,2024-03-23,2.1047,814,1.9876,747,NA,NA,0
2024,2,8477365,BUF,2024-04-15,2.8318,1254,2.4972,1087,NA,NA,0
2024,2,8477365,BUF,2024-04-13,1.8846,795,1.7489,728,NA,NA,0
2024,2,8477365,BUF,2024-04-11,2.9228,1253,2.9228,1253,NA,NA,1
2024,2,8477365,BUF,2024-04-09,2.1096,855,1.969,761,NA,NA,0
2024,2,8477365,BUF,2024-04-07,2.1319,911,2.0878,889,NA,NA,0
2024,2,8477365,BUF,2024-04-05,2.5548,1071,2.1741,906,NA,NA,1
2024,2,8477365,BUF,2024-04-02,2.3521,1082,2.1468,951,NA,NA,1
2024,2,8477365,BUF,2024-03-30,1.8324,767,1.4607,584,NA,NA,1
2024,2,8477365,BUF,2024-03-29,2.1973,950,1.7587,760,NA,NA,1
2024,2,8477365,BUF,2024-03-27,2.288,999,2.0255,842,NA,NA,1
2024,2,8477932,FLA,2024-04-02,0.9878,436,0.777,331,0.104,36,0
2024,2,8477932,FLA,2024-04-01,2.6487,1156,2.2371,963,0.0125,6,0
2024,2,8477932,FLA,2024-03-30,3.1699,1316,2.6164,1075,NA,NA,1
2024,2,8477932,FLA,2024-03-28,3.0108,1333,1.992,866,NA,NA,1
2024,2,8477932,FLA,2024-03-09,0.7332,310,0.7332,310,NA,NA,1
2024,2,8477932,FLA,2024-03-07,3.0156,1325,2.9149,1283,0.0016,2,1
2024,2,8477932,FLA,2024-03-05,3.0458,1363,2.6513,1165,0.0977,47,0
2024,2,8477932,FLA,2024-03-04,2.8806,1249,2.3694,1025,0.0755,39,0
2024,2,8477932,FLA,2024-03-02,3.2206,1371,2.352,983,0.2464,99,0
2024,2,8477932,FLA,2024-02-29,2.9259,1264,2.0898,874,0.2108,85,1
2024,2,8478434,VGK,2024-04-18,1.6294,590,1.5995,572,0.0299,18,1
2024,2,8478434,VGK,2024-04-16,2.2556,773,2.1342,726,NA,NA,1
2024,2,8478434,VGK,2024-04-14,1.5787,544,1.5628,535,NA,NA,1
2024,2,8478434,VGK,2024-04-12,1.5779,565,1.5017,543,0.046,12,1
2024,2,8478434,VGK,2024-04-10,1.847,671,1.6976,617,NA,NA,0
2024,2,8478434,VGK,2024-04-08,1.2746,464,1.2746,464,NA,NA,0
2024,2,8478434,VGK,2024-04-05,1.8815,687,1.8774,685,0.0042,2,0
2024,2,8478434,VGK,2024-04-02,1.6582,617,1.559,575,NA,NA,1
2024,2,8478434,VGK,2024-03-30,1.7083,604,1.5577,552,NA,NA,0
2024,2,8478434,VGK,2024-03-28,1.174,398,1.1019,376,NA,NA,0
2024,2,8479316,SJS,2024-04-18,2.2958,881,2.0641,768,0.134,44,0
2024,2,8479316,SJS,2024-04-15,2.7189,1126,2.6416,1093,0.0773,33,0
2024,2,8479316,SJS,2024-04-13,2.9443,1072,2.5837,950,0.218,66,1
2024,2,8479316,SJS,2024-04-11,2.7589,1212,2.4075,1059,0.2782,126,0
2024,2,8479316,SJS,2024-04-09,2.6919,1065,2.2114,840,0.1614,76,1
2024,2,8479316,SJS,2024-04-07,2.2043,962,1.4124,607,0.4475,189,1
2024,2,8479316,SJS,2024-04-06,2.6719,1121,1.6421,646,0.3214,132,1
2024,2,8479316,SJS,2024-04-04,2.1362,840,1.8002,689,0.1646,52,1
2024,2,8479316,SJS,2024-04-01,2.6509,1082,2.3073,922,0.0254,17,1
2024,2,8479316,SJS,2024-03-30,2.7956,1070,2.2741,861,0.2453,100,0
2024,2,8479398,COL,2024-04-13,0.4933,206,0.4083,159,NA,NA,1
2024,2,8479398,COL,2024-04-09,3.0874,1298,2.6372,1082,0.1725,73,1
2024,2,8479398,COL,2024-04-07,2.8218,1089,2.5035,961,NA,NA,1
2024,2,8479398,COL,2024-04-05,2.9391,1208,2.5071,1006,0.0804,29,0
2024,2,8479398,COL,2024-04-04,2.6478,1146,2.5217,1043,NA,NA,0
2024,2,8479398,COL,2024-04-01,2.7015,1036,2.5766,963,0.0512,15,0
2024,2,8479398,COL,2024-03-30,3.4652,1333,2.9519,1124,0.173,49,1
2024,2,8479398,COL,2024-03-28,2.8029,1143,2.4087,950,0.189,73,1
2024,2,8479398,COL,2024-03-26,2.9205,1209,2.4342,984,0.1825,79,1
2024,2,8479398,COL,2024-03-24,3.4518,1361,3.1259,1212,0.0836,44,1
2024,2,8479998,LAK,2024-04-18,2.5773,1143,2.5305,1121,NA,NA,1
2024,2,8479998,LAK,2024-04-15,2.5623,1043,2.4617,992,NA,NA,1
2024,2,8479998,LAK,2024-04-13,2.2331,1016,2.118,940,NA,NA,1
2024,2,8479998,LAK,2024-04-11,2.8902,1255,2.785,1208,NA,NA,1
2024,2,8479998,LAK,2024-04-09,2.8065,1193,2.5607,1080,NA,NA,0
2024,2,8479998,LAK,2024-04-06,2.7173,1264,2.4501,1119,NA,NA,1
2024,2,8479998,LAK,2024-04-04,2.5553,1169,2.2608,1030,NA,NA,0
2024,2,8479998,LAK,2024-04-03,2.3964,1034,2.1296,884,NA,NA,1
2024,2,8479998,LAK,2024-04-01,2.8071,1261,2.7096,1206,NA,NA,0
2024,2,8479998,LAK,2024-03-30,2.3051,977,2.0324,847,0.0457,0,0
2024,2,8480049,WPG,2024-04-18,3.0142,1351,2.7101,1193,0.0121,7,1
2024,2,8480049,WPG,2024-04-16,2.0808,887,1.8938,778,NA,NA,1
2024,2,8480049,WPG,2024-04-13,2.3706,1064,2.2825,1014,NA,NA,0
2024,2,8480049,WPG,2024-04-11,2.3763,1031,2.1322,907,0.1419,67,0
2024,2,8480049,WPG,2024-04-09,2.0706,883,1.71,685,NA,NA,0
2024,2,8480049,WPG,2024-04-06,2.191,996,2.0238,867,NA,NA,0
2024,2,8480049,WPG,2024-04-04,2.0172,807,1.9042,733,NA,NA,1
2024,2,8480049,WPG,2024-04-01,3.0177,1269,3.0177,1269,NA,NA,1
2024,2,8480049,WPG,2024-03-28,1.7703,694,1.6148,634,NA,NA,1
2024,2,8480049,WPG,2024-03-24,1.7864,750,1.5622,629,NA,NA,0
2024,2,8480220,PHI,2024-04-16,2.6186,951,2.4979,899,0.1207,52,1
2024,2,8480220,PHI,2024-04-13,2.7094,1048,2.2911,868,0.2717,126,1
2024,2,8480220,PHI,2024-04-11,2.5056,1020,2.0056,791,0.3121,149,0
2024,2,8480220,PHI,2024-04-09,2.2436,842,2.0403,770,0.2033,72,0
2024,2,8480220,PHI,2024-04-06,2.3953,968,1.9009,751,0.2313,109,0
2024,2,8480220,PHI,2024-04-05,1.8657,726,1.5445,614,0.3212,112,0
2024,2,8480220,PHI,2024-04-01,2.6534,951,2.1762,773,0.2285,96,1
2024,2,8480220,PHI,2024-03-30,2.2438,818,2.1408,781,NA,NA,1
2024,2,8480220,PHI,2024-03-26,1.8455,724,1.8455,724,NA,NA,0
2024,2,8480220,PHI,2024-03-24,1.4691,599,1.4691,599,NA,NA,1
2024,2,8480289,WPG,2024-04-16,0.4141,143,0.4141,143,NA,NA,1
2024,2,8480289,WPG,2024-04-13,2.4934,881,2.2964,807,NA,NA,0
2024,2,8480289,WPG,2024-04-11,1.8497,674,1.7675,641,NA,NA,0
2024,2,8480289,WPG,2024-04-09,2.4342,914,2.0831,776,NA,NA,0
2024,2,8480289,WPG,2024-04-06,1.7113,666,1.6156,620,NA,NA,0
2024,2,8480289,WPG,2024-04-04,1.7521,660,1.6543,610,NA,NA,1
2024,2,8480289,WPG,2024-04-01,1.678,590,1.678,590,NA,NA,1
2024,2,8480289,WPG,2024-03-30,1.1519,406,0.9762,334,NA,NA,1
2024,2,8480289,WPG,2024-03-28,1.6516,581,1.5691,543,0.0044,4,1
2024,2,8480289,WPG,2024-03-26,1.3317,468,1.2574,442,NA,NA,1
2024,2,8480448,OTT,2024-04-16,2.1534,800,1.9543,710,NA,NA,0
2024,2,8480448,OTT,2024-04-15,2.8013,1008,2.3513,826,0.0573,20,0
2024,2,8480448,OTT,2024-04-13,2.0993,837,1.7944,708,NA,NA,1
2024,2,8480448,OTT,2024-04-11,2.2432,839,1.6309,583,NA,NA,0
2024,2,8480448,OTT,2024-04-09,2.179,840,1.8125,657,0.0202,9,0
2024,2,8480448,OTT,2024-04-07,2.194,829,1.7506,607,NA,NA,0
2024,2,8480448,OTT,2024-04-06,2.0442,766,1.6746,629,NA,NA,1
2024,2,8480448,OTT,2024-04-04,1.9829,744,1.7787,637,0.0041,3,1
2024,2,8480448,OTT,2024-04-02,2.2601,848,2.0417,746,NA,NA,0
2024,2,8480448,OTT,2024-03-30,2.1405,860,1.6446,618,NA,NA,0
2024,2,8470600,DAL,2024-04-17,2.696,1025,2.6103,988,NA,NA,1
2024,2,8470600,DAL,2024-04-13,2.7718,1159,2.4454,977,0.0194,8,1
2024,2,8470600,DAL,2024-04-11,2.6315,988,2.5438,943,NA,NA,1
2024,2,8470600,DAL,2024-04-09,3.0375,1227,2.6517,1042,0.0334,13,1
2024,2,8470600,DAL,2024-04-07,2.5805,1039,2.5205,1006,NA,NA,0
2024,2,8470600,DAL,2024-04-06,2.4322,897,2.2479,817,NA,NA,0
2024,2,8470600,DAL,2024-04-03,2.3763,1011,2.1203,890,NA,NA,1
2024,2,8470600,DAL,2024-03-30,2.4355,1013,2.1904,888,0.0055,2,0
2024,2,8470600,DAL,2024-03-28,2.6576,1078,2.3142,924,0.0629,20,0
2024,2,8470600,DAL,2024-03-26,2.5428,1033,2.2601,913,NA,NA,0
2024,2,8474166,VGK,2024-04-18,2.1712,975,2.1576,968,0.0136,7,1
2024,2,8474166,VGK,2024-04-16,2.4469,979,2.4413,977,NA,NA,1
2024,2,8474166,VGK,2024-04-10,2.1184,909,1.9845,858,NA,NA,0
2024,2,8474166,VGK,2024-04-08,2.1367,935,2.0847,904,0.0111,10,0
2024,2,8474166,VGK,2024-04-05,2.1996000000000002,940,2.1548,925,0.0448,15,0
2024,2,8474166,VGK,2024-04-02,2.2817,946,2.2617,935,NA,NA,1
2024,2,8474166,VGK,2024-03-30,2.2248,930,2.1474,890,NA,NA,0
2024,2,8474166,VGK,2024-03-21,2.1306,912,1.8137,772,NA,NA,1
2024,2,8474166,VGK,2024-03-19,2.535,1075,2.253,926,NA,NA,1
2024,2,8474166,VGK,2024-03-17,2.5101,1095,2.3016,1005,NA,NA,1
2024,2,8477903,PHI,2024-04-16,2.8417,1024,2.8417,1024,NA,NA,1
2024,2,8477903,PHI,2024-04-13,2.9732,1013,2.8425,966,NA,NA,1
2024,2,8477903,PHI,2024-04-11,2.6292,1024,2.3375,884,0.035,14,0
2024,2,8477903,PHI,2024-04-09,2.3717,828,2.3717,828,NA,NA,0
2024,2,8477903,PHI,2024-04-06,2.6085,908,2.2275,786,NA,NA,0
2024,2,8477903,PHI,2024-04-05,2.0362,708,2.0362,708,NA,NA,0
2024,2,8477903,PHI,2024-04-01,2.6605,993,2.3753,870,0.0205,9,1
2024,2,8477903,PHI,2024-03-30,2.3716,810,2.0616,717,NA,NA,1
2024,2,8477903,PHI,2024-03-28,1.9885,725,1.8228,666,NA,NA,0
2024,2,8477903,PHI,2024-03-26,2.3961,938,2.3223,890,NA,NA,0
2024,2,8478463,"VAN,CHI,NSH",2024-04-15,2.06,746,1.955,717,0.105,29,0
2024,2,8478463,"VAN,CHI,NSH",2024-04-13,2.0086,740,2.0086,740,NA,NA,1
2024,2,8478463,"VAN,CHI,NSH",2024-04-12,2.3525,769,2.2978,754,0.0547,15,0
2024,2,8478463,"VAN,CHI,NSH",2024-04-09,2.1816,753,1.8484,622,0.3332,131,1
2024,2,8478463,"VAN,CHI,NSH",2024-04-07,1.9149,634,1.7107,576,0.2043,58,0
2024,2,8478463,"VAN,CHI,NSH",2024-04-06,2.3847,808,1.976,671,0.4087,137,0
2024,2,8478463,"VAN,CHI,NSH",2024-04-04,1.6811,564,1.6335,541,0.0476,23,1
2024,2,8478463,"VAN,CHI,NSH",2024-03-26,1.9324,638,1.9324,638,NA,NA,1
2024,2,8478463,"VAN,CHI,NSH",2024-03-23,1.8636,630,1.8636,630,NA,NA,1
2024,2,8478463,"VAN,CHI,NSH",2024-03-21,1.7057,585,1.6135,540,0.0922,45,0
2024,2,8478508,"NSH,COL",2024-04-18,2.2494,784,1.9108,658,0.0534,14,1
2024,2,8478508,"NSH,COL",2024-04-14,2.1021,753,1.83,641,NA,NA,0
2024,2,8478508,"NSH,COL",2024-04-13,2.3871000000000002,809,2.2343,730,NA,NA,1
2024,2,8478508,"NSH,COL",2024-04-09,2.3533,900,1.9608,719,NA,NA,1
2024,2,8478508,"NSH,COL",2024-04-07,2.204,756,1.9158,658,0.016,4,1
2024,2,8478508,"NSH,COL",2024-04-05,1.9616,709,1.6307,561,NA,NA,0
2024,2,8478508,"NSH,COL",2024-03-30,2.1273,710,1.6303,526,NA,NA,1
2024,2,8478508,"NSH,COL",2024-03-28,1.6636,572,1.2915,417,NA,NA,1
2024,2,8478508,"NSH,COL",2024-03-26,1.9269,703,1.3996,462,NA,NA,1
2024,2,8478508,"NSH,COL",2024-03-24,1.6167,551,1.3476,452,NA,NA,1
2024,2,8478859,FLA,2024-04-16,2.6655,1083,2.3975,965,0.016,8,1
2024,2,8478859,FLA,2024-04-13,3.229,1272,3.1001,1209,0.0045,3,1
2024,2,8478859,FLA,2024-04-11,3.3831,1298,3.263,1255,NA,NA,1
2024,2,8478859,FLA,2024-04-09,2.7131,1180,2.2224,940,0.1384,64,1
2024,2,8478859,FLA,2024-04-06,3.2836,1346,2.8719,1152,NA,NA,0
2024,2,8478859,FLA,2024-04-04,3.2079,1347,2.5155,1020,NA,NA,0
2024,2,8478859,FLA,2024-04-02,2.951,1256,2.3391,988,0.0749,38,0
2024,2,8478859,FLA,2024-04-01,2.6449,1070,2.2279,892,0.0327,11,0
2024,2,8478859,FLA,2024-03-30,3.6447,1404,3.1058,1154,NA,NA,1
2024,2,8478859,FLA,2024-03-28,2.9227,1127,2.2545,863,NA,NA,1
2024,2,8479315,CHI,2024-04-18,1.8432,850,1.6829,791,NA,NA,0
2024,2,8479315,CHI,2024-04-16,1.8639,711,1.6934,648,NA,NA,0
2024,2,8479315,CHI,2024-04-14,2.2578,915,1.9641,749,NA,NA,1
2024,2,8479315,CHI,2024-04-12,1.6358,635,1.5978,619,NA,NA,1
2024,2,8479315,CHI,2024-04-10,1.8619,702,1.7155,649,NA,NA,0
2024,2,8479315,CHI,2024-04-07,2.2355,946,2.1088,881,NA,NA,1
2024,2,8479315,CHI,2024-04-06,2.198,891,1.9242,773,NA,NA,1
2024,2,8479315,CHI,2024-04-02,1.9378,775,1.7511,687,NA,NA,0
2024,2,8479315,CHI,2024-03-30,1.7976,666,1.5233,579,NA,NA,0
2024,2,8479315,CHI,2024-03-28,2.1443,816,1.9503,746,NA,NA,0
2024,2,8479324,NYR,2024-04-15,2.6485,1088,2.4284,966,0.0263,10,1
2024,2,8479324,NYR,2024-04-13,2.86,1225,2.3454,974,NA,NA,1
2024,2,8479324,NYR,2024-04-11,2.3446,996,1.9078,778,NA,NA,1
2024,2,8479324,NYR,2024-04-09,2.6368,1158,2.3604,995,NA,NA,0
2024,2,8479324,NYR,2024-04-07,2.6638,1139,2.5361,1079,NA,NA,1
2024,2,8479324,NYR,2024-04-05,2.8889,1250,2.5815,1097,NA,NA,0
2024,2,8479324,NYR,2024-04-03,3.9188,1637,3.3829,1393,NA,NA,1
2024,2,8479324,NYR,2024-04-01,2.6583,1085,2.2765,901,NA,NA,1
2024,2,8479324,NYR,2024-03-30,2.9798,1284,2.7455,1146,NA,NA,0
2024,2,8479324,NYR,2024-03-28,2.8046,1271,2.5785,1113,NA,NA,0
2024,2,8479976,ARI,2024-04-17,3.0327,1332,2.7331,1175,0.0798,32,1
2024,2,8479976,ARI,2024-04-14,3.2276,1405,2.7527,1154,0.0855,43,0
2024,2,8479976,ARI,2024-04-12,3.292,1373,3.0111,1257,0.1663,56,0
2024,2,8479976,ARI,2024-04-10,3.071,1444,2.7254,1214,0.0966,49,0
2024,2,8479976,ARI,2024-04-09,3.5138,1405,3.0425,1199,0.1142,36,0
2024,2,8479976,ARI,2024-04-07,3.5588,1505,3.1707,1309,0.1738,86,0
2024,2,8479976,ARI,2024-04-05,2.9547,1258,2.4238,1000,0.194,86,1
2024,2,8479976,ARI,2024-04-03,2.8725,1259,2.6296,1178,0.2213,71,1
2024,2,8479976,ARI,2024-03-30,2.9158,1182,2.8406,1136,0.0752,46,1
2024,2,8479976,ARI,2024-03-28,2.485,1017,2.2914,930,0.1935,87,1
2024,2,8480884,"MIN,SJS",2024-04-18,2.8658,1241,2.7276,1160,0.1382,81,0
2024,2,8480884,"MIN,SJS",2024-04-15,2.4081,1054,2.18,952,0.228,102,0
2024,2,8480884,"MIN,SJS",2024-04-13,2.6965,1035,2.5309,995,0.1656,40,1
2024,2,8480884,"MIN,SJS",2024-04-11,2.0867,879,1.7744,774,0.3123,105,0
2024,2,8480884,"MIN,SJS",2024-04-09,2.3294,879,2.1433,813,0.1861,66,1
2024,2,8480884,"MIN,SJS",2024-04-07,2.321,888,1.7779,695,0.5431,193,1
2024,2,8480884,"MIN,SJS",2024-04-06,0.8962,336,0.8831,330,NA,NA,1
2024,2,8480884,"MIN,SJS",2024-04-04,3.2344,1334,2.6725,1095,0.5619,239,1
2024,2,8480884,"MIN,SJS",2024-04-01,2.9099,1167,2.5516,1009,0.3584,158,1
2024,2,8480884,"MIN,SJS",2024-03-30,2.4079,1007,2.0285,844,0.3794,163,0
2024,2,8480995,TOR,2024-04-17,2.3701,890,2.0353,739,0.0303,19,0
2024,2,8480995,TOR,2024-04-16,2.3236,851,1.6276,568,NA,NA,0
2024,2,8480995,TOR,2024-04-13,1.8916,671,1.7125,577,NA,NA,1
2024,2,8480995,TOR,2024-04-11,1.6083,633,1.4312,546,NA,NA,1
2024,2,8480995,TOR,2024-04-09,2.0828,765,1.999,714,NA,NA,0
2024,2,8480995,TOR,2024-04-08,1.8424,736,1.4963,570,NA,NA,1
2024,2,8480995,TOR,2024-04-06,2.4515,916,2.4448,916,NA,NA,0
2024,2,8480995,TOR,2024-04-03,2.231,855,1.9462,697,0.04,27,1
2024,2,8480995,TOR,2024-04-01,1.5655,593,1.1642,439,NA,NA,1
2024,2,8480995,TOR,2024-03-30,2.405,914,1.5845,522,0.1474,56,0
2024,2,8481059,STL,2024-04-17,3.2752,1372,3.1071,1293,0.1681,79,0
2024,2,8481059,STL,2024-04-14,2.6403,1176,2.4526,1080,0.1876,95,1
2024,2,8481059,STL,2024-04-12,3.0749,1319,2.7739,1197,0.301,122,1
2024,2,8481059,STL,2024-04-10,2.8062,1239,2.525,1120,0.2812,119,1
2024,2,8481059,STL,2024-04-07,2.9857,1276,2.8554,1231,0.1303,45,0
2024,2,8481059,STL,2024-04-06,2.8201,1200,2.0696,882,0.7505,318,0
2024,2,8481059,STL,2024-03-30,2.0328,848,2.0328,848,NA,NA,1
2024,2,8481059,STL,2024-03-28,2.3302,1066,1.9903,930,0.3399,136,1
2024,2,8481059,STL,2024-03-25,0.6682,319,0.6682,319,NA,NA,1
2024,2,8481059,STL,2024-03-23,1.7031,725,1.7031,725,NA,NA,0
2024,2,8481522,BUF,2024-04-15,2.045,724,1.8991,653,0.146,71,0
2024,2,8481522,BUF,2024-04-13,1.9424,649,1.9424,649,NA,NA,0
2024,2,8481522,BUF,2024-04-11,2.5123,932,2.416,885,0.0963,47,1
2024,2,8481522,BUF,2024-04-09,1.67,594,1.67,594,NA,NA,0
2024,2,8481522,BUF,2024-04-07,2.5368,918,2.5368,918,NA,NA,0
2024,2,8481522,BUF,2024-04-05,2.1095,718,2.1095,718,NA,NA,1
2024,2,8481522,BUF,2024-04-02,2.0402,736,2.0402,736,NA,NA,1
2024,2,8481522,BUF,2024-03-30,1.3609,468,1.3609,468,NA,NA,1
2024,2,8481522,BUF,2024-03-29,1.8818,660,1.8818,660,NA,NA,1
2024,2,8481522,BUF,2024-03-27,2.4329,843,2.4329,843,NA,NA,1
2024,2,8481605,ANA,2024-04-18,2.9806,1252,2.7383,1106,NA,NA,0
2024,2,8481605,ANA,2024-04-13,2.7219,1163,2.2306,940,NA,NA,0
2024,2,8481605,ANA,2024-04-12,2.946,1260,2.6939,1118,NA,NA,1
2024,2,8481605,ANA,2024-04-09,2.4803,1012,2.2263,891,NA,NA,1
2024,2,8481605,ANA,2024-04-07,2.7228,1204,2.5346,1097,NA,NA,1
2024,2,8481605,ANA,2024-04-05,2.4842,1036,1.9293,745,0.0096,4,1
2024,2,8481605,ANA,2024-04-02,3.2303,1393,3.1497,1360,NA,NA,0
2024,2,8481605,ANA,2024-03-31,2.4125,1033,2.2866,957,0.0454,21,0
2024,2,8481605,ANA,2024-03-28,2.2375,1059,1.7686,759,0.0058,6,0
2024,2,8481605,ANA,2024-03-26,2.6346,1244,2.2896,1013,NA,NA,0
2024,2,8471677,COL,2024-04-18,2.735,1166,2.526,1050,0.0338,11,1
2024,2,8471677,COL,2024-04-14,2.0673,889,1.8923,802,NA,NA,0
2024,2,8471677,COL,2024-04-13,3.0498,1213,3.0498,1213,NA,NA,1
2024,2,8471677,COL,2024-04-09,1.8673,809,1.7641,745,NA,NA,1
2024,2,8471677,COL,2024-04-07,2.0963,870,1.9888,815,NA,NA,1
2024,2,8471677,COL,2024-04-05,2.031,865,1.6953,681,NA,NA,0
2024,2,8471677,COL,2024-04-04,2.0989,967,2.0521,946,0.0018,0,0
2024,2,8471677,COL,2024-04-01,1.9866,834,1.979,829,NA,NA,0
2024,2,8471677,COL,2024-03-30,1.9182,801,1.7474,722,NA,NA,1
2024,2,8471677,COL,2024-03-28,2.1079,854,1.9268,785,NA,NA,1
2024,2,8473453,LAK,2024-04-18,2.0288,725,1.9568,684,0.0149,6,1
2024,2,8473453,LAK,2024-04-15,2.1296,764,1.9327,682,NA,NA,1
2024,2,8473453,LAK,2024-04-13,2.1809,892,1.9644,724,NA,NA,1
2024,2,8473453,LAK,2024-04-11,2.5041,924,2.3528,850,NA,NA,1
2024,2,8473453,LAK,2024-04-09,2.1457,763,1.8892,639,NA,NA,0
2024,2,8473453,LAK,2024-04-06,1.9446,782,1.7126,672,NA,NA,1
2024,2,8473453,LAK,2024-04-04,2.3836,954,2.0452,774,NA,NA,0
2024,2,8473453,LAK,2024-04-03,2.3262,868,1.979,695,NA,NA,1
2024,2,8473453,LAK,2024-04-01,2.1839,830,2.0925,789,NA,NA,0
2024,2,8473453,LAK,2024-03-30,1.5336,559,1.0801,373,0.0623,0,0
2024,2,8474034,"MIN,BOS",2024-04-15,2.5818,958,2.5818,958,NA,NA,0
2024,2,8474034,"MIN,BOS",2024-04-13,2.0501,796,1.7893,656,0.2607,140,0
2024,2,8474034,"MIN,BOS",2024-01-27,0.6567,255,0.6567,255,NA,NA,0
2024,2,8474034,"MIN,BOS",2024-01-25,1.9955,710,1.9955,710,NA,NA,0
2024,2,8474034,"MIN,BOS",2024-01-23,1.9306,723,1.9169,718,0.0137,5,0
2024,2,8474034,"MIN,BOS",2024-01-21,2.1452,814,2.0273,762,0.1178,52,0
2024,2,8474034,"MIN,BOS",2024-01-19,2.1868,941,1.9972,855,0.1897,86,0
2024,2,8474034,"MIN,BOS",2024-01-18,1.9751,763,1.8214,697,0.1537,66,0
2024,2,8474034,"MIN,BOS",2024-01-15,1.9837,744,1.9774,742,NA,NA,0
2024,2,8474034,"MIN,BOS",2024-01-13,1.7738,605,1.7738,605,NA,NA,0
2024,2,8475208,SEA,2024-04-18,2.2952,992,2.0811,860,NA,NA,0
2024,2,8475208,SEA,2024-04-16,2.3183,1053,1.9637,870,NA,NA,0
2024,2,8475208,SEA,2024-04-14,2.4784,1063,2.3987,1008,0.003,4,0
2024,2,8475208,SEA,2024-04-13,2.5083,1051,2.3111,955,0.0059,4,0
2024,2,8475208,SEA,2024-04-11,2.5495,1146,2.3381,1053,NA,NA,1
2024,2,8475208,SEA,2024-04-09,2.5549,1133,2.437,1072,0.0176,7,1
2024,2,8475208,SEA,2024-04-05,2.4988,1134,2.1114,963,0.2415,105,0
2024,2,8475208,SEA,2024-04-03,2.5993,1095,2.4219,987,NA,NA,0
2024,2,8475208,SEA,2024-04-01,2.1727,952,2.0798,901,NA,NA,0
2024,2,8475208,SEA,2024-03-30,2.9571,1276,2.7326,1143,NA,NA,1
2024,2,8475842,"ANA,EDM",2024-04-18,2.8085,1002,2.571,902,NA,NA,0
2024,2,8475842,"ANA,EDM",2024-04-17,2.0455,750,1.9461,694,NA,NA,0
2024,2,8475842,"ANA,EDM",2024-04-15,2.4251,921,2.2583,851,NA,NA,1
2024,2,8475842,"ANA,EDM",2024-04-13,1.6164,591,1.6164,591,NA,NA,1
2024,2,8475842,"ANA,EDM",2024-04-10,2.0824,757,2.0824,757,NA,NA,1
2024,2,8475842,"ANA,EDM",2024-04-03,1.5739,594,1.2809,491,NA,NA,0
2024,2,8475842,"ANA,EDM",2024-04-01,1.367,484,1.2912,451,NA,NA,0
2024,2,8475842,"ANA,EDM",2024-03-30,2.1948,771,2.1948,771,NA,NA,1
2024,2,8475842,"ANA,EDM",2024-03-24,1.4853,515,1.3155,448,NA,NA,0
2024,2,8475842,"ANA,EDM",2024-03-23,1.4155,501,1.3071,451,NA,NA,0
2024,2,8476462,NJD,2023-11-28,2.2188,805,2.1327,756,0.0861,49,1
2024,2,8476462,NJD,2023-11-25,2.8904,1215,2.8904,1215,NA,NA,1
2024,2,8476462,NJD,2023-11-24,2.9596,1221,2.8127,1171,0.1469,50,1
2024,2,8476462,NJD,2023-11-22,3.219,1224,3.0873,1171,0.1234,50,0
2024,2,8476462,NJD,2023-11-18,2.8288,1113,2.7938,1098,NA,NA,1
2024,2,8476462,NJD,2023-11-16,2.385,960,2.385,960,NA,NA,0
2024,2,8476462,NJD,2023-11-14,3.2991,1284,2.7119,1078,0.5359,172,0
2024,2,8476462,NJD,2023-11-10,3.8948,1508,3.3728,1292,0.4769,197,1
2024,2,8476462,NJD,2023-11-07,3.3753,1332,2.7044,1079,0.6221,221,0
2024,2,8476462,NJD,2023-11-05,3.2817,1316,2.9129,1166,0.3688,150,0
2024,2,8476917,NYI,2024-04-17,2.4877,1131,2.4019,1050,NA,NA,1
2024,2,8476917,NYI,2024-04-15,3.1432,1366,2.7037,1147,NA,NA,0
2024,2,8476917,NYI,2024-04-13,3.0555,1403,2.8654,1264,0.0323,19,0
2024,2,8476917,NYI,2024-04-11,3.3759,1476,3.3012,1450,0.0747,26,1
2024,2,8476917,NYI,2024-04-09,2.7899,1390,2.3896,1163,NA,NA,1
2024,2,8476917,NYI,2024-04-06,3.0579,1397,2.6188,1105,0.0576,25,1
2024,2,8476917,NYI,2024-04-04,3.0149,1251,2.9388,1210,0.0262,9,0
2024,2,8476917,NYI,2024-04-02,3.0175,1330,2.878,1254,NA,NA,1
2024,2,8476917,NYI,2024-04-01,3.3425,1406,3.0427,1261,NA,NA,0
2024,2,8476917,NYI,2024-03-30,2.9154,1207,2.8983,1207,NA,NA,0
2024,2,8476967,EDM,2024-04-18,3.0295,1249,2.5609,1085,0.3209,103,0
2024,2,8476967,EDM,2024-04-17,2.9147,1141,2.532,965,0.1838,56,0
2024,2,8476967,EDM,2024-04-15,2.8858,1214,2.8331,1186,NA,NA,1
2024,2,8476967,EDM,2024-04-13,2.6461,1019,2.6461,1019,NA,NA,1
2024,2,8476967,EDM,2024-04-12,2.3285,988,2.0857,872,NA,NA,1
2024,2,8476967,EDM,2024-04-10,2.6724,1072,2.5824,1039,0.09,33,1
2024,2,8476967,EDM,2024-04-06,1.8688,731,1.8688,731,NA,NA,0
2024,2,8476967,EDM,2024-04-05,2.2652,901,2.2594,896,0.0058,4,1
2024,2,8476967,EDM,2024-04-03,3.0321,1144,2.7748,1023,NA,NA,0
2024,2,8476967,EDM,2024-04-01,2.096,817,2.0624,803,NA,NA,0
2024,2,8477444,SEA,2024-04-18,2.7926,959,2.4176,805,0.375,154,0
2024,2,8477444,SEA,2024-04-16,2.6734,898,2.5755,857,0.0979,41,0
2024,2,8477444,SEA,2024-04-14,3.3366,1150,2.7048,924,0.6318,226,0
2024,2,8477444,SEA,2024-04-13,3.0295,1041,2.4691,814,0.5604,227,0
2024,2,8477444,SEA,2024-04-11,3.0004,1096,2.4078,899,0.5925,197,1
2024,2,8477444,SEA,2024-04-09,2.9538,977,2.5372,851,0.4166,126,1
2024,2,8477444,SEA,2024-04-05,2.4841,948,1.908,732,0.5761,216,0
2024,2,8477444,SEA,2024-04-03,2.7185,948,1.9563,621,0.7622,327,0
2024,2,8477444,SEA,2024-04-01,2.4069,829,2.142,730,0.2649,99,0
2024,2,8477444,SEA,2024-03-30,2.1938,697,1.841,577,0.3527,120,1
2024,2,8477979,WSH,2024-04-16,2.2337,759,2.2337,759,NA,NA,0
2024,2,8477979,WSH,2024-04-15,2.1127,698,2.1127,698,NA,NA,1
2024,2,8477979,WSH,2024-04-13,2.0951,772,2.0951,772,NA,NA,1
2024,2,8477979,WSH,2024-04-11,2.121,727,2.121,727,NA,NA,0
2024,2,8477979,WSH,2024-04-09,2.4412,820,2.4316,817,0.0095,3,0
2024,2,8477979,WSH,2024-04-02,2.0349,720,2.0349,720,NA,NA,0
2024,2,8477979,WSH,2024-03-28,2.0062,733,2.0062,733,NA,NA,0
2024,2,8477979,WSH,2024-03-26,0.807,260,0.807,260,NA,NA,1
2024,2,8477979,WSH,2024-03-24,1.8489,666,1.8489,666,NA,NA,1
2024,2,8477979,WSH,2024-03-22,2.3887,760,2.3887,760,NA,NA,1
2024,2,8479293,SEA,2024-04-18,2.4032,844,2.0069,698,NA,NA,0
2024,2,8479293,SEA,2024-04-16,2.8306,1012,2.2536,782,0.0348,11,0
2024,2,8479293,SEA,2024-04-14,2.1434,727,2.0022,657,0.0011,1,0
2024,2,8479293,SEA,2024-04-13,2.1384,748,1.8741,651,0.0037,2,0
2024,2,8479293,SEA,2024-04-11,2.3501,860,2.0054,715,NA,NA,1
2024,2,8479293,SEA,2024-04-09,2.4749,966,2.2539,858,0.0424,18,1
2024,2,8479293,SEA,2024-04-05,2.4214,897,2.2771,831,0.0189,13,0
2024,2,8479293,SEA,2024-04-03,2.4045,893,1.984,693,0.005,2,0
2024,2,8479293,SEA,2024-04-01,2.559,892,2.4079,827,0.0409,17,0
2024,2,8479293,SEA,2024-03-30,2.7716,946,2.2986,766,0.0061,4,1
2024,2,8479977,SEA,2024-04-16,1.8919,671,1.8919,671,NA,NA,0
2024,2,8479977,SEA,2024-04-14,2.4183,934,2.0885,799,0.3298,135,0
2024,2,8479977,SEA,2024-04-13,2.1213,803,1.8585,690,0.2628,113,0
2024,2,8479977,SEA,2024-03-24,2.3989,870,2.0965,755,0.3024,115,1
2024,2,8479977,SEA,2024-03-21,1.7968,620,1.423,491,0.3607,129,0
2024,2,8479977,SEA,2024-03-18,1.9689,757,1.4278,538,0.5411,219,1
2024,2,8479977,SEA,2024-03-16,1.8566,713,1.6949,637,0.1617,76,1
2024,2,8479977,SEA,2024-03-14,2.0526,763,1.7875,673,0.2651,90,1
2024,2,8479977,SEA,2024-03-12,1.7686,668,1.5044,573,0.2642,95,1
2024,2,8479977,SEA,2024-03-04,1.9831,703,1.7042,612,0.2789,91,0
2024,2,8480205,"CBJ,PIT",2024-04-15,0.8285,316,0.8285,316,NA,NA,1
2024,2,8480205,"CBJ,PIT",2024-04-13,0.9085,335,0.9085,335,NA,NA,1
2024,2,8480205,"CBJ,PIT",2024-04-11,0.8604,300,0.8604,300,NA,NA,1
2024,2,8480205,"CBJ,PIT",2024-04-08,0.8388,328,0.8388,328,NA,NA,0
2024,2,8480205,"CBJ,PIT",2024-04-06,1.1512,414,1.1512,414,NA,NA,1
2024,2,8480205,"CBJ,PIT",2024-04-04,1.3771,507,1.3771,507,NA,NA,0
2024,2,8480205,"CBJ,PIT",2024-04-02,1.8154,645,1.7935,639,0.0219,6,0
2024,2,8480205,"CBJ,PIT",2024-04-01,1.1864,426,1.1338,412,0.0526,14,0
2024,2,8480205,"CBJ,PIT",2024-03-24,1.0533,375,1.0533,375,NA,NA,0
2024,2,8480205,"CBJ,PIT",2024-03-22,1.3755,507,1.3755,507,NA,NA,0
2024,2,8480796,WSH,2024-04-16,3.3496,1622,3.2282,1550,NA,NA,0
2024,2,8480796,WSH,2024-04-15,3.5799,1559,3.5605,1548,0.0194,11,1
2024,2,8480796,WSH,2024-04-13,3.4719,1626,3.3725,1555,NA,NA,1
2024,2,8480796,WSH,2024-04-11,2.9061,1238,2.8072,1181,NA,NA,0
2024,2,8480796,WSH,2024-04-09,3.0188,1284,2.992,1271,0.0171,9,0
2024,2,8480796,WSH,2024-04-07,3.2228,1444,3.0288,1314,NA,NA,1
2024,2,8480796,WSH,2024-04-05,2.7735,1272,2.6156,1186,NA,NA,0
2024,2,8480796,WSH,2024-04-04,2.9434,1247,2.7726,1155,0.0012,1,1
2024,2,8480796,WSH,2024-04-02,2.8138,1236,2.7751,1211,NA,NA,0
2024,2,8480796,WSH,2024-03-30,3.3634,1460,3.2543,1409,0.0106,5,1
2024,2,8481568,CHI,2024-04-18,3.3292,1502,2.8951,1285,NA,NA,0
2024,2,8481568,CHI,2024-04-16,3.5665,1539,3.4072,1458,0.0686,24,0
2024,2,8481568,CHI,2024-04-14,2.4797,1071,2.337,991,NA,NA,1
2024,2,8481568,CHI,2024-04-12,2.7074,1230,2.615,1176,NA,NA,1
2024,2,8481568,CHI,2024-04-10,3.0203,1266,2.7662,1122,0.0117,3,0
2024,2,8481568,CHI,2024-04-07,2.799,1301,2.6647,1212,NA,NA,1
2024,2,8481568,CHI,2024-04-06,3.1069,1373,2.7772,1168,0.015,7,1
2024,2,8481568,CHI,2024-04-02,2.9944,1295,2.7827,1191,NA,NA,0
2024,2,8481568,CHI,2024-03-30,2.9699,1246,2.5577,1052,0.0211,13,0
2024,2,8481568,CHI,2024-03-28,2.8783,1230,2.5581,1085,NA,NA,0
2024,2,8482117,CHI,2024-04-18,2.0062,668,1.9514,649,0.0548,19,0
2024,2,8482117,CHI,2024-04-16,2.5004,783,2.3288,734,0.1716,49,0
2024,2,8482117,CHI,2024-04-14,2.3369,825,1.9918,702,0.3451,123,1
2024,2,8482117,CHI,2024-04-12,2.5437,899,2.2616,817,0.2821,82,1
2024,2,8482117,CHI,2024-04-10,2.7862,947,2.7793,944,0.0069,3,0
2024,2,8482117,CHI,2024-04-07,2.5526,858,2.5526,858,NA,NA,1
2024,2,8482117,CHI,2024-04-06,1.7023,568,1.529,521,0.1733,47,1
2024,2,8482117,CHI,2024-04-02,2.1051,710,2.0319,688,0.0732,22,0
2024,2,8482117,CHI,2024-03-30,2.1469,697,2.1096,687,0.0373,10,0
2024,2,8482117,CHI,2024-03-28,2.5312,825,2.3092,755,0.222,70,0
2024,2,8482660,CBJ,2024-02-28,2.3449,882,2.2483,845,0.0966,37,0
2024,2,8482660,CBJ,2024-02-25,2.06,819,1.7623,702,0.2977,117,1
2024,2,8482660,CBJ,2024-02-23,1.7564,713,1.431,563,0.3254,150,1
2024,2,8482660,CBJ,2024-02-21,1.6965,634,1.4563,537,0.2402,97,0
2024,2,8482660,CBJ,2024-02-20,2.2414,880,1.7575,648,0.4839,232,0
2024,2,8482660,CBJ,2024-02-17,1.149,417,1.0382,374,0.1108,43,0
2024,2,8482660,CBJ,2024-02-13,2.0478,693,1.6863,589,0.3616,104,0
2024,2,8482660,CBJ,2024-02-10,2.2359,813,1.9551,694,0.2807,119,1
2024,2,8482660,CBJ,2024-01-30,2.3686,851,2.0933,748,0.2753,103,0
2024,2,8482660,CBJ,2024-01-28,2.1973,849,1.9078,730,0.2895,119,0
2024,2,8470604,PIT,2024-04-17,2.3021,890,1.8803,671,0.1277,82,0
2024,2,8470604,PIT,2024-04-15,2.0672,748,1.7965,661,0.0953,31,1
2024,2,8470604,PIT,2024-04-13,2.0805,766,1.4568,507,0.1963,93,1
2024,2,8470604,PIT,2024-04-11,1.9638,735,1.4256,507,0.115,46,1
2024,2,8470604,PIT,2024-04-08,1.9075,755,1.572,587,0.2596,142,0
2024,2,8470604,PIT,2024-04-06,2.054,781,1.4391,492,0.1731,69,1
2024,2,8470604,PIT,2024-04-04,1.8866,733,1.3619,507,0.1308,56,0
2024,2,8470604,PIT,2024-04-02,2.2262,869,1.4622,530,0.2118,90,0
2024,2,8470604,PIT,2024-04-01,2.227,830,1.8547,681,0.0637,29,0
2024,2,8470604,PIT,2024-03-30,2.187,867,1.3387,499,0.1286,60,0
2024,2,8474090,NJD,2024-04-15,2.4378,980,2.3138,894,NA,NA,1
2024,2,8474090,NJD,2024-04-13,2.4974,990,2.2793,876,NA,NA,0
2024,2,8474090,NJD,2024-04-11,3.2177,1428,2.8056,1209,NA,NA,0
2024,2,8474090,NJD,2024-04-09,2.6777,1135,2.214,879,NA,NA,1
2024,2,8474090,NJD,2024-04-07,3.1033,1307,2.6255,1059,NA,NA,1
2024,2,8474090,NJD,2024-04-06,2.9741,1367,2.7203,1243,0.0546,17,0
2024,2,8474090,NJD,2024-04-03,3.964,1700,3.5365,1500,0.0125,5,0
2024,2,8474090,NJD,2024-04-02,2.5644,1175,2.2364,1006,NA,NA,1
2024,2,8474090,NJD,2024-03-29,1.9532,1050,1.9532,1050,NA,NA,0
2024,2,8474090,NJD,2024-03-26,2.5829,1125,2.1792,938,NA,NA,0
2024,2,8475197,NSH,2024-03-28,2.5762,1109,2.2699,996,0.3063,113,0
2024,2,8475197,NSH,2024-03-26,2.5122,1039,2.2154,890,0.2968,149,1
2024,2,8475197,NSH,2024-03-23,2.6956,1045,2.5061,954,0.1809,87,1
2024,2,8475197,NSH,2024-03-21,2.743,1111,2.0453,837,0.6301,240,0
2024,2,8475197,NSH,2024-03-19,2.7854,1124,2.4834,976,0.302,148,1
2024,2,8475197,NSH,2024-03-16,2.2538,918,2.0986,859,0.1552,59,0
2024,2,8475197,NSH,2024-02-15,2.7917,1153,2.4148,1007,0.3769,146,1
2024,2,8475197,NSH,2024-02-13,2.9978,1240,2.6227,1036,0.3751,204,1
2024,2,8475197,NSH,2024-02-10,2.9171,1154,2.3036,907,0.5812,230,1
2024,2,8475197,NSH,2024-01-31,3.5994,1417,2.879,1125,0.7205,292,1
2024,2,8476393,FLA,2024-04-16,1.421,530,1.4096,522,0.0114,8,1
2024,2,8476393,FLA,2024-04-13,2.6494,960,2.6494,960,NA,NA,1
2024,2,8476393,FLA,2024-04-11,2.4483,855,2.4483,855,NA,NA,1
2024,2,8476393,FLA,2024-04-09,2.2318,810,2.2318,810,NA,NA,1
2024,2,8476393,FLA,2024-04-06,1.9945,733,1.993,733,NA,NA,0
2024,2,8476393,FLA,2024-04-04,2.1438,740,2.1268,736,0.0171,4,0
2024,2,8476393,FLA,2024-04-02,1.6855,663,1.4298,538,0.2558,125,0
2024,2,8476393,FLA,2024-03-30,1.5654,535,1.5654,535,NA,NA,1
2024,2,8476393,FLA,2024-03-28,1.3169,461,1.3169,461,NA,NA,1
2024,2,8476393,FLA,2024-03-26,1.1536,424,1.1536,424,NA,NA,1
2024,2,8476467,SEA,2024-04-18,2.939,1180,2.5328,962,NA,NA,0
2024,2,8476467,SEA,2024-04-16,3.0303,1263,2.5324,983,NA,NA,0
2024,2,8476467,SEA,2024-04-14,2.646,1066,2.5418,995,3e-4,1,0
2024,2,8476467,SEA,2024-04-13,2.4479,990,2.1758,827,NA,NA,0
2024,2,8476467,SEA,2024-04-11,2.1906,931,1.9074,787,NA,NA,1
2024,2,8476467,SEA,2024-04-09,2.7923,1152,2.6554,1074,NA,NA,1
2024,2,8476467,SEA,2024-04-05,3.0514,1354,2.7859,1207,0.0581,31,0
2024,2,8476467,SEA,2024-04-03,2.293,914,2.1351,818,NA,NA,0
2024,2,8476467,SEA,2024-04-01,2.9593,1208,2.7514,1083,NA,NA,0
2024,2,8476467,SEA,2024-03-30,3.1633,1195,2.7873,1028,NA,NA,1
2024,2,8476873,NSH,2024-04-15,2.0175,738,1.7471,638,0.0527,19,0
2024,2,8476873,NSH,2024-04-13,2.6724,1006,2.401,888,0.1595,63,1
2024,2,8476873,NSH,2024-04-12,2.571,956,2.3597,879,NA,NA,0
2024,2,8476873,NSH,2024-04-09,1.6593,593,1.6593,593,NA,NA,1
2024,2,8476873,NSH,2024-04-07,2.5983,951,2.1839,800,0.1278,42,0
2024,2,8476873,NSH,2024-04-06,1.8933,681,1.8933,681,NA,NA,0
2024,2,8476873,NSH,2024-04-04,2.0952,760,1.6718,594,NA,NA,1
2024,2,8476873,NSH,2024-04-02,1.7643,718,1.5058,630,NA,NA,1
2024,2,8476873,NSH,2024-03-30,2.0169,739,1.5445,547,NA,NA,0
2024,2,8476873,NSH,2024-03-28,2.194,853,2.1741,844,NA,NA,0
2024,2,8477330,OTT,2024-04-16,1.6832,630,1.6832,630,NA,NA,0
2024,2,8477330,OTT,2024-04-15,1.0723,415,0.9291,373,0.1432,42,0
2024,2,8477330,OTT,2024-04-06,1.2243,457,1.1559,423,0.0684,34,1
2024,2,8477330,OTT,2024-04-04,1.6738,736,1.1706,466,0.5033,270,1
2024,2,8477330,OTT,2024-04-02,1.6937,694,1.5941,637,0.0996,57,0
2024,2,8477330,OTT,2024-03-30,1.0928,441,0.917,348,0.1758,93,0
2024,2,8477330,OTT,2024-03-28,1.8955,714,1.6852,613,0.2103,101,1
2024,2,8477330,OTT,2024-03-27,1.5778,651,1.4183,553,0.1596,98,0
2024,2,8477330,OTT,2024-03-24,1.5436,608,1.4446,549,0.0989,59,1
2024,2,8477330,OTT,2024-03-23,1.7282,680,1.3027,485,0.4255,195,0
2024,2,8477839,TBL,2024-04-17,2.3167,968,1.9253,772,NA,NA,1
2024,2,8477839,TBL,2024-04-15,1.6698,652,1.4183,548,NA,NA,1
2024,2,8477839,TBL,2024-04-13,1.7161,675,1.7161,675,NA,NA,0
2024,2,8477839,TBL,2024-04-11,2.2079,891,2.2014,888,0.0065,3,1
2024,2,8477839,TBL,2024-04-06,2.1926,781,2.0591,732,NA,NA,0
2024,2,8477839,TBL,2024-03-24,1.3812,541,1.3812,541,NA,NA,0
2024,2,8477839,TBL,2024-03-21,1.8242,712,1.6744,640,NA,NA,0
2024,2,8477839,TBL,2024-03-19,1.4069,499,1.4069,499,NA,NA,0
2024,2,8477839,TBL,2024-03-16,1.4109,569,1.3347,542,0.0762,27,0
2024,2,8477839,TBL,2024-03-14,1.7477,654,1.7477,654,NA,NA,1
2024,2,8477919,MIN,2024-04-18,1.8677,652,1.4727,493,0.1894,67,1
2024,2,8477919,MIN,2024-04-15,1.8661,652,1.6229,573,0.2432,79,0
2024,2,8477919,MIN,2024-04-09,2.1222,796,1.6387,577,0.0062,3,0
2024,2,8477919,MIN,2024-04-07,2.2872,813,2.2872,813,NA,NA,0
2024,2,8477919,MIN,2024-04-06,2.0968,828,1.6467,630,0.1402,66,1
2024,2,8477919,MIN,2024-04-04,2.0119,714,1.8004,645,0.0776,0,1
2024,2,8477919,MIN,2024-04-02,2.1844,792,1.7264,617,0.2202,71,1
2024,2,8477919,MIN,2024-03-30,2.435,945,1.8439,679,0.2104,85,1
2024,2,8477919,MIN,2024-03-28,2.4433,840,2.1423,745,0.1339,41,1
2024,2,8477919,MIN,2024-03-23,2.3584,779,2.225,708,NA,NA,1
2024,2,8478042,LAK,2024-04-18,2.4949,965,2.285,843,0.2098,122,1
2024,2,8478042,LAK,2024-04-15,2.8522,1137,2.2677,882,0.5846,255,1
2024,2,8478042,LAK,2024-04-13,2.6786,1119,2.0578,806,0.6208,313,1
2024,2,8478042,LAK,2024-04-11,2.6259,1099,2.2679,873,0.358,226,1
2024,2,8478042,LAK,2024-04-09,2.5456,1048,2.198,839,0.3476,209,0
2024,2,8478042,LAK,2024-04-06,2.3469,954,1.9655,721,0.3814,233,1
2024,2,8478042,LAK,2024-04-04,2.3811,1011,1.7944,685,0.5868,326,0
2024,2,8478042,LAK,2024-04-03,2.8229,1127,2.4371,886,0.3857,241,1
2024,2,8478042,LAK,2024-04-01,3.1095,1159,3.1095,1159,NA,NA,0
2024,2,8478042,LAK,2024-03-30,2.8858,1167,2.4326,907,0.4532,260,0
2024,2,8478109,BUF,2024-04-15,1.2226,481,1.2226,481,NA,NA,0
2024,2,8478109,BUF,2024-04-05,1.1978,486,1.1978,486,NA,NA,1
2024,2,8478109,BUF,2024-04-02,1.453,595,1.453,595,NA,NA,1
2024,2,8478109,BUF,2024-03-30,1.6449,621,1.6449,621,NA,NA,1
2024,2,8478109,BUF,2024-03-29,1.1966,484,1.1966,484,NA,NA,1
2024,2,8478109,BUF,2024-03-27,1.2973,485,1.2736,476,0.0237,9,1
2024,2,8478109,BUF,2024-03-24,1.8877,687,1.8877,687,NA,NA,0
2024,2,8478109,BUF,2024-03-21,1.5923,621,1.5873,618,NA,NA,0
2024,2,8478109,BUF,2024-03-19,1.4533,560,0.9309,326,0.5225,234,0
2024,2,8478109,BUF,2024-03-18,1.9526,715,1.8014,648,0.1511,67,0
2024,2,8478831,FLA,2024-04-16,2.0005,780,1.3833,519,0.0138,8,1
2024,2,8478831,FLA,2024-04-13,1.3484,566,1.142,460,NA,NA,1
2024,2,8478831,FLA,2024-04-11,2.2856,834,2.2856,833,NA,NA,1
2024,2,8478831,FLA,2024-04-09,1.4008,560,1.0054,370,NA,NA,1
2024,2,8478831,FLA,2024-04-06,1.7266,660,1.1488,392,NA,NA,0
2024,2,8478831,FLA,2024-04-04,2.701,998,2.0149,717,NA,NA,0
2024,2,8478831,FLA,2024-04-02,2.248,848,1.6337,596,NA,NA,0
2024,2,8478831,FLA,2024-04-01,2.1123,765,1.6218,581,0.0114,5,0
2024,2,8478831,FLA,2024-03-30,1.9892,743,1.3889,503,NA,NA,1
2024,2,8478831,FLA,2024-03-28,2.0661,828,1.1718,461,NA,NA,1
2024,2,8479368,ANA,2024-03-24,1.3902,573,1.3325,550,NA,NA,1
2024,2,8479368,ANA,2024-03-21,2.4325,913,2.357,887,0.0755,26,1
2024,2,8479368,ANA,2024-03-19,1.9019,714,1.8919,708,0.01,6,1
2024,2,8479368,ANA,2024-03-17,1.5634,614,1.5634,614,NA,NA,0
2024,2,8479368,ANA,2024-03-10,2.1895,890,1.9046,767,0.2849,123,1
2024,2,8479368,ANA,2024-03-08,2.8527,1058,2.5002,884,0.3525,174,1
2024,2,8479368,ANA,2024-03-06,2.6096,1010,2.5782,998,0.0314,12,1
2024,2,8479368,ANA,2024-03-03,2.1744,908,2.1744,908,NA,NA,1
2024,2,8479368,ANA,2024-03-01,2.3632,845,2.3632,845,NA,NA,1
2024,2,8479368,ANA,2024-02-29,1.9788,744,1.7468,654,0.2167,83,0
2024,2,8479423,"PIT,CBJ",2024-04-16,2.4509,951,2.1145,798,0.3364,153,1
2024,2,8479423,"PIT,CBJ",2024-04-13,2.2349,899,2.1207,841,0.1142,58,0
2024,2,8479423,"PIT,CBJ",2024-04-11,2.0388,715,1.9003,663,0.1385,52,0
2024,2,8479423,"PIT,CBJ",2024-04-07,2.3374,915,2.1749,851,0.1626,64,0
2024,2,8479423,"PIT,CBJ",2024-04-06,2.7314,1082,2.2808,888,0.447,192,1
2024,2,8479423,"PIT,CBJ",2024-04-04,3.0791,1177,2.914,1092,0.1651,85,1
2024,2,8479423,"PIT,CBJ",2024-04-01,2.3416,905,2.0943,765,0.2472,140,1
2024,2,8479423,"PIT,CBJ",2024-03-30,3.573,1396,2.88,1073,0.693,323,1
2024,2,8479423,"PIT,CBJ",2024-03-23,2.9323,1093,2.7453,1027,0.1869,66,0
2024,2,8479423,"PIT,CBJ",2024-03-22,2.5454,980,2.5454,980,NA,NA,0
2024,2,8481481,LAK,2024-04-18,2.04,757,1.9507,716,0.0142,6,1
2024,2,8481481,LAK,2024-04-15,2.6695,916,2.4503,834,0.0013,2,1
2024,2,8481481,LAK,2024-04-13,2.5435,994,2.4817,881,NA,NA,1
2024,2,8481481,LAK,2024-04-11,2.2904,830,2.1901,784,NA,NA,1
2024,2,8481481,LAK,2024-04-09,2.1149,741,1.7741,610,NA,NA,0
2024,2,8481481,LAK,2024-04-06,2.1802,822,1.9236,717,NA,NA,1
2024,2,8481481,LAK,2024-04-04,2.8801,1104,2.4961,929,0.0158,11,0
2024,2,8481481,LAK,2024-04-03,2.6353,933,2.4452,854,NA,NA,1
2024,2,8481481,LAK,2024-04-01,2.6566,944,2.5294,901,NA,NA,0
2024,2,8481481,LAK,2024-03-30,2.5149,986,1.9899,752,0.064,0,0
2024,2,8481533,ANA,2024-04-18,2.4198,860,2.4198,860,NA,NA,0
2024,2,8481533,ANA,2024-04-13,3.0982,1228,2.9432,1070,0.155,158,0
2024,2,8481533,ANA,2024-04-12,2.9106,1001,2.7331,940,0.1775,61,1
2024,2,8481533,ANA,2024-04-09,3.1207,1143,2.7619,1006,0.3589,137,1
2024,2,8481533,ANA,2024-04-07,3.116,1195,2.6553,991,0.4607,204,1
2024,2,8481533,ANA,2024-04-05,2.0661,772,1.9103,705,0.1558,67,1
2024,2,8481533,ANA,2024-04-02,2.9633,1105,2.8874,1065,0.0759,40,0
2024,2,8481533,ANA,2024-03-31,2.8491,1174,2.2213,888,0.6279,286,0
2024,2,8481533,ANA,2024-03-30,2.3901,885,2.2738,826,0.1163,59,0
2024,2,8481533,ANA,2024-03-28,1.7033,665,1.421,534,0.2823,131,0
2024,2,8481560,LAK,2024-04-03,0.4796,152,0.4796,152,NA,NA,1
2024,2,8481560,LAK,2024-04-01,0.6099,209,0.6099,209,NA,NA,0
2024,2,8481560,LAK,2024-03-30,0.9084,326,0.7931,272,0.1153,54,0
2024,2,8481560,LAK,2024-03-28,1.003,348,1.003,348,NA,NA,0
2024,2,8481560,LAK,2024-03-16,1.7548,633,1.7548,633,NA,NA,0
2024,2,8481560,LAK,2024-03-09,1.3509,480,1.3282,473,0.0228,7,1
2024,2,8481560,LAK,2024-03-07,0.8389,307,0.8389,307,NA,NA,1
2024,2,8481560,LAK,2024-02-27,1.4782,545,1.215,428,0.2632,117,0
2024,2,8481560,LAK,2024-02-26,1.8034,656,1.5436,528,0.2598,128,0
2024,2,8481560,LAK,2024-02-24,2.3604,851,2.1762,759,0.1842,92,1
2024,2,8483466,CHI,2024-04-18,3.6433,1445,3.4915,1376,0.0605,22,0
2024,2,8483466,CHI,2024-04-16,2.7706,1123,2.6079,1075,0.1627,48,0
2024,2,8483466,CHI,2024-04-14,2.5256,1056,2.2215,944,0.3041,112,1
2024,2,8483466,CHI,2024-04-12,2.6204,995,2.3117,894,0.3087,101,1
2024,2,8483466,CHI,2024-04-10,3.8662,1537,3.8252,1521,0.0239,8,0
2024,2,8483466,CHI,2024-04-07,2.7829,1258,2.7829,1258,NA,NA,1
2024,2,8483466,CHI,2024-04-06,2.2987,958,2.0641,868,0.1725,58,1
2024,2,8483466,CHI,2024-04-02,2.8872,1105,2.7959,1071,0.0675,24,0
2024,2,8483466,CHI,2024-03-30,3.0628,1209,2.9455,1170,0.1173,39,0
2024,2,8483466,CHI,2024-03-28,3.4475,1363,3.2216,1290,0.2259,73,0
2024,2,8483505,BOS,2024-01-25,1.3637,487,1.3637,487,NA,NA,0
2024,2,8483505,BOS,2024-01-22,1.3948,512,1.3948,512,NA,NA,1
2024,2,8483505,BOS,2024-01-20,2.0241,744,2.0241,744,NA,NA,1
2024,2,8483505,BOS,2024-01-09,1.4129,514,1.4129,514,NA,NA,0
2024,2,8483505,BOS,2024-01-08,2.0476,758,2.0476,758,NA,NA,0
2024,2,8483505,BOS,2024-01-06,1.7198,661,1.7189,661,NA,NA,1
2024,2,8483505,BOS,2023-12-16,2.383,884,2.2117,795,0.1713,89,1
2024,2,8483505,BOS,2023-12-13,2.3599,862,2.1757,797,0.1843,65,0
2024,2,8483505,BOS,2023-12-09,1.3642,506,1.3642,506,NA,NA,1
2024,2,8483505,BOS,2023-12-03,1.8106,716,1.427,549,0.3745,163,1
2024,2,8474567,"TBL,MIN",2024-04-18,2.4085,991,2.1949,867,0.0015,3,1
2024,2,8474567,"TBL,MIN",2024-04-15,2.617,1065,2.4137,953,0.0026,3,0
2024,2,8474567,"TBL,MIN",2024-04-13,3.1187,1298,2.9798,1247,NA,NA,0
2024,2,8474567,"TBL,MIN",2024-04-12,3.0664,1224,2.8337,1139,0.0583,20,0
2024,2,8474567,"TBL,MIN",2024-04-09,2.6746,1219,2.3767,1052,0.0201,7,0
2024,2,8474567,"TBL,MIN",2024-04-07,3.1861,1315,3.1861,1315,NA,NA,0
2024,2,8474567,"TBL,MIN",2024-04-02,3.113,1307,2.9901,1247,NA,NA,1
2024,2,8474567,"TBL,MIN",2024-03-30,3.1745,1266,2.8504,1131,NA,NA,1
2024,2,8474567,"TBL,MIN",2024-03-28,2.6743,1107,2.5237,1046,NA,NA,1
2024,2,8474567,"TBL,MIN",2024-03-23,2.8585,1100,2.7465,1051,NA,NA,1
2024,2,8475324,WSH,2024-04-13,1.0433,420,1.0433,420,NA,NA,1
2024,2,8475324,WSH,2024-04-11,3.6127,1476,3.4817,1414,NA,NA,0
2024,2,8475324,WSH,2024-04-09,3.8683,1529,3.5206,1331,NA,NA,0
2024,2,8475324,WSH,2024-04-07,3.1886,1283,2.956,1171,NA,NA,1
2024,2,8475324,WSH,2024-04-05,3.0186,1250,2.7111,1054,NA,NA,0
2024,2,8475324,WSH,2024-04-04,3.3721,1269,3.0137,1104,0.0463,18,1
2024,2,8475324,WSH,2024-04-02,2.8716,1148,2.8002,1098,NA,NA,0
2024,2,8475324,WSH,2024-03-30,3.4615,1370,3.2278,1242,NA,NA,1
2024,2,8475324,WSH,2024-03-28,2.9478,1137,2.7291,1024,0.0621,23,0
2024,2,8475324,WSH,2024-03-26,3.3084,1314,3.0413,1175,0.006,3,1
2024,2,8476878,BUF,2024-04-15,1.8054,754,1.6256,675,NA,NA,0
2024,2,8476878,BUF,2024-04-13,1.7394,650,1.5277,545,NA,NA,0
2024,2,8476878,BUF,2024-04-11,1.8519,707,1.8519,707,NA,NA,1
2024,2,8476878,BUF,2024-04-09,1.775,656,1.7137,635,NA,NA,0
2024,2,8476878,BUF,2024-04-05,1.7242,696,1.7242,696,NA,NA,1
2024,2,8476878,BUF,2024-04-02,2.3207,862,1.9939,731,NA,NA,1
2024,2,8476878,BUF,2024-03-30,2.2602,861,1.8881,703,0.152,77,1
2024,2,8476878,BUF,2024-03-29,1.0883,427,1.0567,411,NA,NA,1
2024,2,8476878,BUF,2024-03-27,1.7881,670,1.6847,615,0.0357,19,1
2024,2,8476878,BUF,2024-03-24,2.2234,785,2.0577,722,NA,NA,0
2024,2,8477070,ARI,2024-04-17,1.6143,610,1.5999,599,0.0143,11,1
2024,2,8477070,ARI,2024-04-14,1.5387,562,1.5387,562,NA,NA,0
2024,2,8477070,ARI,2024-04-12,1.6732,635,1.6732,635,NA,NA,0
2024,2,8477070,ARI,2024-04-10,1.4142,536,1.3291,503,NA,NA,0
2024,2,8477070,ARI,2024-04-09,1.5371,576,1.5371,576,NA,NA,0
2024,2,8477070,ARI,2024-04-07,1.599,604,1.599,604,NA,NA,0
2024,2,8477070,ARI,2024-04-05,1.8193,638,1.8193,638,NA,NA,1
2024,2,8477070,ARI,2024-04-03,1.3455,513,1.3455,513,NA,NA,1
2024,2,8477070,ARI,2024-03-30,1.4631,528,1.4631,528,NA,NA,1
2024,2,8477070,ARI,2024-03-28,1.6785,613,1.6785,613,NA,NA,1
2024,2,8477220,WPG,2024-04-18,2.8314,1177,2.0628,869,0.6436,246,1
2024,2,8477220,WPG,2024-04-01,2.1805,915,2.1135,892,0.0671,23,1
2024,2,8477220,WPG,2024-03-30,2.0319,895,1.7037,715,0.2033,92,1
2024,2,8477220,WPG,2024-03-26,2.369,996,2.2134,944,0.1407,45,1
2024,2,8477220,WPG,2024-03-24,1.8217,784,1.757,748,NA,NA,0
2024,2,8477220,WPG,2024-03-23,2.3874,1057,2.3524,1041,NA,NA,0
2024,2,8477220,WPG,2024-03-19,2.3994,1072,2.3323,1048,0.0671,24,0
2024,2,8477220,WPG,2024-03-17,2.4258,1033,2.3537,995,0.0721,38,0
2024,2,8477220,WPG,2024-03-15,2.7703,1220,2.2992,1007,0.2288,102,1
2024,2,8477220,WPG,2024-03-09,2.7689,1226,2.5808,1159,0.1881,67,0
2024,2,8477392,NYI,2024-04-15,1.8299,688,1.8299,688,NA,NA,0
2024,2,8477392,NYI,2024-04-13,1.9439,802,1.9439,802,NA,NA,0
2024,2,8477392,NYI,2024-04-01,1.87,733,1.87,733,NA,NA,0
2024,2,8477392,NYI,2024-03-30,2.7568,1059,2.7415,1059,NA,NA,0
2024,2,8477392,NYI,2024-03-28,1.5747,608,1.5747,608,NA,NA,0
2024,2,8477392,NYI,2024-03-24,1.6621,645,1.6621,645,NA,NA,1
2024,2,8477392,NYI,2024-03-23,2.2158,824,2.2158,824,NA,NA,1
2024,2,8477392,NYI,2024-03-21,2.1177,816,2.1177,816,NA,NA,0
2024,2,8477392,NYI,2024-03-19,2.1482,741,2.1482,741,NA,NA,1
2024,2,8477392,NYI,2024-03-11,1.6625,619,1.6625,619,NA,NA,0
2024,2,8477435,PIT,2024-03-28,0.8247,327,0.8247,327,NA,NA,1
2024,2,8477435,PIT,2024-03-26,2.2706,978,2.0799,880,NA,NA,1
2024,2,8477435,PIT,2024-03-19,2.8008,1184,2.6052,1064,NA,NA,0
2024,2,8477435,PIT,2024-03-17,2.4077,1064,2.361,1036,NA,NA,1
2024,2,8477435,PIT,2024-03-16,2.2273,944,2.0415,836,NA,NA,1
2024,2,8477435,PIT,2024-03-14,2.3615,1073,2.1458,981,NA,NA,1
2024,2,8477435,PIT,2024-03-12,2.9632,1255,2.7513,1144,NA,NA,0
2024,2,8477435,PIT,2024-03-10,2.6073,1147,2.3645,992,NA,NA,1
2024,2,8477435,PIT,2024-03-09,2.6707,1176,2.4938,1083,NA,NA,0
2024,2,8477435,PIT,2024-03-07,1.9283,833,1.7204,728,NA,NA,1
2024,2,8477473,SJS,2024-04-13,1.8028,720,1.8028,720,NA,NA,1
2024,2,8477473,SJS,2024-04-11,1.3295,472,1.3016,468,0.0279,4,0
2024,2,8477473,SJS,2024-04-09,1.745,751,1.745,751,NA,NA,1
2024,2,8477473,SJS,2024-04-07,1.7653,732,1.7653,732,NA,NA,1
2024,2,8477473,SJS,2024-04-06,1.4653,595,1.3013,527,0.0177,10,1
2024,2,8477473,SJS,2024-04-04,1.9924,786,1.7871,700,0.2053,86,1
2024,2,8477473,SJS,2024-04-01,2.5235,1005,2.5117,1000,0.0118,5,1
2024,2,8477473,SJS,2024-03-30,2.0098,785,2.0098,785,NA,NA,0
2024,2,8477473,SJS,2024-03-28,2.0439,804,1.9201,763,0.1237,41,0
2024,2,8477473,SJS,2024-03-26,2.057,753,2.0219,741,0.035,12,1
2024,2,8477845,WSH,2024-04-16,2.7422,1203,2.6078,1135,NA,NA,0
2024,2,8477845,WSH,2024-04-15,2.8296,1217,2.826,1213,0.0036,4,1
2024,2,8477845,WSH,2024-04-13,2.8825,1288,2.7935,1239,NA,NA,1
2024,2,8477845,WSH,2024-04-11,2.5038,1009,2.4155,954,NA,NA,0
2024,2,8477845,WSH,2024-04-09,2.4552,1011,2.2994,929,0.0108,5,0
2024,2,8477845,WSH,2024-04-07,2.555,1132,2.3782,1009,NA,NA,1
2024,2,8477845,WSH,2024-04-05,1.8591,810,1.7662,753,NA,NA,0
2024,2,8477845,WSH,2024-04-04,2.1673,936,1.9885,845,NA,NA,1
2024,2,8477845,WSH,2024-04-02,2.3371,1016,2.3371,1016,NA,NA,0
2024,2,8477845,WSH,2024-03-30,2.7869,1185,2.4158,998,0.2198,81,1
2024,2,8478443,BOS,2024-04-15,1.9602,838,1.9602,838,NA,NA,0
2024,2,8478443,BOS,2024-04-13,2.7975,1262,2.5788,1133,0.0081,5,0
2024,2,8478443,BOS,2024-04-09,2.4645,1063,2.1819,922,0.0297,10,1
2024,2,8478443,BOS,2024-04-06,2.5173,1142,1.955,862,NA,NA,1
2024,2,8478443,BOS,2024-04-04,2.2891,1037,2.0996,924,0.0167,9,0
2024,2,8478443,BOS,2024-04-02,2.5696,1139,2.0065,864,NA,NA,0
2024,2,8478443,BOS,2024-03-30,3.0338,1379,2.4647,1053,NA,NA,0
2024,2,8478443,BOS,2024-03-27,2.2257,929,2.153,899,NA,NA,0
2024,2,8478443,BOS,2024-03-26,2.6276,1165,2.2539,981,NA,NA,0
2024,2,8478443,BOS,2024-03-23,2.5004,1113,2.0359,885,NA,NA,0
2024,2,8478468,NSH,2024-04-15,2.8228,1277,2.4912,1082,NA,NA,0
2024,2,8478468,NSH,2024-04-13,3.212,1385,3.2087,1381,NA,NA,1
2024,2,8478468,NSH,2024-04-12,2.9161,1308,2.5736,1110,NA,NA,0
2024,2,8478468,NSH,2024-04-09,2.7603,1189,2.5516,1079,0.0025,2,1
2024,2,8478468,NSH,2024-04-07,2.5898,1147,2.5202,1106,NA,NA,0
2024,2,8478468,NSH,2024-04-06,2.6295,1144,2.5332,1094,0.0054,4,0
2024,2,8478468,NSH,2024-04-04,2.5999,1246,2.077,988,0.0169,4,1
2024,2,8478468,NSH,2024-04-02,2.503,1127,2.2297,982,NA,NA,1
2024,2,8478468,NSH,2024-03-30,2.1928,1038,1.753,785,NA,NA,0
2024,2,8478468,NSH,2024-03-28,2.8481,1262,2.5566,1112,NA,NA,0
2024,2,8479390,CHI,2024-04-16,2.5102,930,2.3447,865,NA,NA,0
2024,2,8479390,CHI,2024-04-14,1.8601,701,1.4507,525,NA,NA,1
2024,2,8479390,CHI,2024-04-10,2.2206,849,2.1514,823,NA,NA,0
2024,2,8479390,CHI,2024-04-02,2.2796,849,1.9455,736,0.0619,21,0
2024,2,8479390,CHI,2024-03-30,2.5459,901,2.1961,793,0.0284,13,0
2024,2,8479390,CHI,2024-03-28,2.4225,883,2.0325,750,0.1994,69,0
2024,2,8479390,CHI,2024-03-26,2.5121000000000002,898,2.1647,757,NA,NA,1
2024,2,8479390,CHI,2024-03-23,2.3683,921,1.9271,727,0.2069,92,0
2024,2,8479390,CHI,2024-03-21,1.9233,690,1.3827,503,0.087,29,0
2024,2,8479390,CHI,2024-03-19,2.1499,732,1.8436,633,0.239,74,0
2024,2,8479661,TBL,2024-04-17,2.1507,851,2.1507,851,NA,NA,1
2024,2,8479661,TBL,2024-04-15,1.5883,587,1.5883,587,NA,NA,1
2024,2,8479661,TBL,2024-04-13,1.7694,673,1.7526,668,NA,NA,0
2024,2,8479661,TBL,2024-04-11,1.8633,662,1.8147,643,0.0486,19,1
2024,2,8479661,TBL,2024-04-09,2.0047,696,2.0047,696,NA,NA,1
2024,2,8479661,TBL,2024-04-03,1.1999,434,1.1922,430,0.0078,4,0
2024,2,8479661,TBL,2024-04-01,1.3782,524,1.3782,524,NA,NA,1
2024,2,8479661,TBL,2024-03-30,1.9549,720,1.9549,720,NA,NA,1
2024,2,8479661,TBL,2024-03-27,1.8499,664,1.8499,664,NA,NA,1
2024,2,8479661,TBL,2024-03-24,1.6027,627,1.6027,627,NA,NA,0
2024,2,8480001,ANA,2024-04-12,2.2785,1033,1.9492,855,NA,NA,1
2024,2,8480001,ANA,2024-04-09,2.4217,1062,2.2547,942,NA,NA,1
2024,2,8480001,ANA,2024-04-07,2.1551,976,2.0155,885,NA,NA,1
2024,2,8480001,ANA,2024-04-02,2.491,1123,2.3595,1035,NA,NA,0
2024,2,8480001,ANA,2024-03-31,1.9112,890,1.5599,681,NA,NA,0
2024,2,8480001,ANA,2024-03-30,2.607,1202,2.2478,974,0.0222,8,0
2024,2,8480001,ANA,2024-03-28,2.8364,1388,1.8915,820,NA,NA,0
2024,2,8480001,ANA,2024-03-24,2.5253,1147,2.1812,965,NA,NA,1
2024,2,8480001,ANA,2024-03-21,1.8354,814,1.7186,756,NA,NA,1
2024,2,8480001,ANA,2024-03-19,2.2519,1038,1.878,815,0.0086,6,1
2024,2,8480003,BOS,2024-04-16,2.3904,823,2.234,764,0.0508,17,1
2024,2,8480003,BOS,2024-04-15,2.2195,789,2.2195,789,NA,NA,0
2024,2,8480003,BOS,2024-04-13,2.2778,822,2.2483,806,0.0294,16,0
2024,2,8480003,BOS,2024-04-09,2.3708,781,2.1252,684,0.2456,97,1
2024,2,8480003,BOS,2024-04-06,2.0455,703,2.0243,696,0.0212,7,1
2024,2,8480003,BOS,2024-04-04,2.0763,713,2.0537,707,0.0226,6,0
2024,2,8480003,BOS,2024-04-02,2.1361,721,2.1361,721,NA,NA,0
2024,2,8480003,BOS,2024-03-30,1.5055,536,1.5055,536,NA,NA,0
2024,2,8480003,BOS,2024-03-27,1.6181,548,1.6181,548,NA,NA,0
2024,2,8480003,BOS,2024-03-26,1.5822,527,1.5822,527,NA,NA,0
2024,2,8480011,"DET,SJS",2024-04-18,2.2257,763,2.099,721,0.1267,42,0
2024,2,8480011,"DET,SJS",2024-04-15,2.8309,1081,2.7368,1050,0.0941,31,0
2024,2,8480011,"DET,SJS",2024-04-13,2.649,923,2.4836,870,0.1655,53,1
2024,2,8480011,"DET,SJS",2024-04-11,2.5708,955,2.2264,855,0.3444,100,0
2024,2,8480011,"DET,SJS",2024-04-09,2.2487,839,2.0903,777,0.1584,62,1
2024,2,8480011,"DET,SJS",2024-04-06,2.6106,951,2.209,817,0.4017,134,1
2024,2,8480011,"DET,SJS",2024-04-04,2.863,1026,2.4548,896,0.4082,130,1
2024,2,8480011,"DET,SJS",2024-04-01,2.4642,919,2.4379,909,0.0263,10,1
2024,2,8480011,"DET,SJS",2024-03-30,2.5749,979,2.5292,962,0.0457,17,0
2024,2,8480011,"DET,SJS",2024-03-28,2.7844,1021,2.6008,965,0.1836,56,0
2024,2,8480727,VGK,2024-04-18,2.5363,1113,2.3901,1024,0.0494,18,1
2024,2,8480727,VGK,2024-04-16,2.4974,982,2.3129,902,NA,NA,1
2024,2,8480727,VGK,2024-04-14,2.2395,888,2.1691,847,NA,NA,1
2024,2,8480727,VGK,2024-04-12,2.2552,954,2.1357,890,NA,NA,1
2024,2,8480727,VGK,2024-04-10,2.2839,960,2.0721,860,NA,NA,0
2024,2,8480727,VGK,2024-04-08,2.2283,927,1.9812,781,NA,NA,0
2024,2,8480727,VGK,2024-04-05,2.1605,918,2.0169,824,NA,NA,0
2024,2,8480727,VGK,2024-03-28,2.763,1228,2.3058,982,NA,NA,0
2024,2,8480727,VGK,2024-03-26,2.1183,943,2.0053,871,NA,NA,0
2024,2,8480727,VGK,2024-03-25,2.3289,1025,2.2943,1006,NA,NA,0
2024,2,8480879,OTT,2024-04-16,2.2065,934,2.2065,934,NA,NA,0
2024,2,8480879,OTT,2024-04-15,2.4049,964,2.0721,830,0.0478,15,0
2024,2,8480879,OTT,2024-04-13,1.7776,734,1.6476,644,NA,NA,1
2024,2,8480879,OTT,2024-04-11,2.297,970,1.9623,812,NA,NA,0
2024,2,8480879,OTT,2024-04-09,2.1927,966,1.8277,738,NA,NA,0
2024,2,8480879,OTT,2024-04-07,2.3676,1030,2.315,1001,NA,NA,0
2024,2,8480879,OTT,2024-04-06,2.2574,956,2.071,867,NA,NA,1
2024,2,8480879,OTT,2024-04-04,2.1752,907,2.1752,907,NA,NA,1
2024,2,8480879,OTT,2024-04-02,2.9147,1211,2.6643,1084,NA,NA,0
2024,2,8480879,OTT,2024-03-30,2.2943,963,2.0385,844,NA,NA,0
2024,2,8480887,MTL,2024-04-15,2.1874,940,2.106,893,NA,NA,0
2024,2,8480887,MTL,2024-04-13,2.7793,1172,2.2955,930,0.0301,13,0
2024,2,8480887,MTL,2024-04-11,2.9166,1193,2.6053,1063,NA,NA,0
2024,2,8480887,MTL,2024-04-09,3.2734,1384,3.0247,1256,NA,NA,1
2024,2,8480887,MTL,2024-04-07,2.3803,1033,2.2897,982,NA,NA,0
2024,2,8480887,MTL,2024-04-06,3.107,1281,3.0113,1227,0.0109,0,1
2024,2,8480887,MTL,2024-04-04,3.3573,1454,2.8655,1162,0.0445,15,1
2024,2,8480887,MTL,2024-04-02,2.1859,917,1.6899,699,0.0614,0,1
2024,2,8480887,MTL,2024-03-30,2.9745,1187,2.9306,1154,NA,NA,1
2024,2,8480887,MTL,2024-03-28,2.7047,1098,2.288,888,NA,NA,1
2024,2,8482702,DAL,2024-04-17,2.7126,920,2.5012,846,0.2114,74,1
2024,2,8482702,DAL,2024-04-13,2.2925,762,2.2925,762,NA,NA,1
2024,2,8482702,DAL,2024-04-11,2.1092,772,2.1092,772,NA,NA,1
2024,2,8482702,DAL,2024-04-09,2.3544,829,2.3544,829,NA,NA,1
2024,2,8482702,DAL,2024-04-07,2.1699,767,2.1699,767,NA,NA,0
2024,2,8482702,DAL,2024-04-06,2.5039,891,2.3237,811,0.1802,80,0
2024,2,8482702,DAL,2024-04-03,2.158,787,2.0834,760,0.0746,27,1
2024,2,8482702,DAL,2024-03-30,2.0786,701,2.0744,699,0.0042,2,0
2024,2,8482702,DAL,2024-03-28,2.1975,808,2.0456,748,0.1518,60,0
2024,2,8482702,DAL,2024-03-26,2.4027,870,1.9986,706,0.4041,162,0
2024,2,8476372,PHI,2024-04-16,1.748,796,1.7457,794,0.0023,2,1
2024,2,8476372,PHI,2024-04-13,2.2084,930,2.13,894,NA,NA,1
2024,2,8476372,PHI,2024-04-11,1.4388,693,1.1741,574,NA,NA,0
2024,2,8476372,PHI,2024-04-09,2.4793,1072,2.4793,1072,NA,NA,0
2024,2,8476372,PHI,2024-04-06,2.8298,1291,2.6384,1191,0.0057,2,0
2024,2,8476372,PHI,2024-04-05,2.7514,1159,2.7062,1144,0.0452,15,0
2024,2,8476372,PHI,2024-04-01,2.2085,963,1.9037,812,NA,NA,1
2024,2,8476372,PHI,2024-03-30,2.5669,1155,2.4798,1109,NA,NA,1
2024,2,8476372,PHI,2024-03-04,2.2773,1017,2.184,981,0.0018,0,1
2024,2,8476372,PHI,2024-03-02,2.5158,1259,1.9134,863,0.049,24,1
2024,2,8476871,MTL,2024-04-16,1.9614,720,1.7622,649,0.1992,71,1
2024,2,8476871,MTL,2024-04-11,2.0161,740,2.0161,740,NA,NA,0
2024,2,8476871,MTL,2024-04-09,2.2176,880,2.1255,838,NA,NA,1
2024,2,8476871,MTL,2024-04-07,1.9212,810,1.9212,810,NA,NA,0
2024,2,8476871,MTL,2024-04-06,2.1896,916,2.0974,863,0.0094,0,1
2024,2,8476871,MTL,2024-03-21,1.5701,631,1.2619,477,0.1497,70,0
2024,2,8476871,MTL,2024-03-16,1.652,661,1.5218,603,0.0713,22,0
2024,2,8476871,MTL,2024-03-14,1.569,650,1.2791,496,NA,NA,1
2024,2,8476871,MTL,2024-03-12,1.7057,681,1.4033,538,NA,NA,1
2024,2,8476871,MTL,2024-03-09,1.2345,473,1.2345,473,NA,NA,1
2024,2,8477488,CAR,2024-04-14,2.9548,1233,2.6252,1074,NA,NA,0
2024,2,8477488,CAR,2024-04-09,2.6623,1173,2.3742,1018,NA,NA,0
2024,2,8477488,CAR,2024-04-07,2.5921,1139,2.4981,1099,0.0028,2,1
2024,2,8477488,CAR,2024-04-05,2.6302,1142,2.3811,1015,0.0072,10,1
2024,2,8477488,CAR,2024-04-04,2.9397,1298,2.38,1023,0.0042,8,1
2024,2,8477488,CAR,2024-03-30,2.8472,1204,2.5695,1072,NA,NA,0
2024,2,8477488,CAR,2024-03-28,2.649,1174,2.4157,1052,0.0173,8,1
2024,2,8477488,CAR,2024-03-26,2.9328,1228,2.657,1094,0.0363,16,0
2024,2,8477488,CAR,2024-03-24,2.7758,1312,2.3091,1048,NA,NA,1
2024,2,8477488,CAR,2024-03-22,3.3459,1395,2.9946,1196,0.0421,14,0
2024,2,8477573,STL,2024-04-17,1.8995,699,1.7419,635,NA,NA,0
2024,2,8477573,STL,2024-04-14,1.8008,671,1.5939,570,NA,NA,1
2024,2,8477573,STL,2024-04-12,2.1156,849,2.0422,816,NA,NA,1
2024,2,8477573,STL,2024-04-10,2.0373,793,2.0373,793,NA,NA,1
2024,2,8477573,STL,2024-04-07,2.0401,750,1.9526,708,NA,NA,0
2024,2,8477573,STL,2024-04-06,2.0046,715,1.8357,649,0.0047,3,0
2024,2,8477573,STL,2024-04-04,1.8237,662,1.7182,611,0.0861,40,0
2024,2,8477573,STL,2024-04-01,1.2947,471,1.1565,427,NA,NA,1
2024,2,8477573,STL,2024-03-30,1.7825,675,1.7825,675,NA,NA,1
2024,2,8477573,STL,2024-03-28,1.5833,675,1.4388,624,NA,NA,1
2024,2,8478416,TBL,2024-04-17,2.2907,1076,1.8255,830,0.0047,3,1
2024,2,8478416,TBL,2024-04-15,2.9324,1144,2.7337,1046,NA,NA,1
2024,2,8478416,TBL,2024-04-13,2.2154,919,2.0591,848,NA,NA,0
2024,2,8478416,TBL,2024-04-11,2.1873,901,1.8725,769,0.0078,3,1
2024,2,8478416,TBL,2024-04-09,2.9066,1179,2.7515,1096,NA,NA,1
2024,2,8478416,TBL,2024-04-06,2.2788,930,2.0631,824,2e-4,3,0
2024,2,8478416,TBL,2024-04-04,2.4956,1134,2.059,893,NA,NA,0
2024,2,8478416,TBL,2024-04-03,3.0938,1422,2.7004,1212,4e-4,1,0
2024,2,8478416,TBL,2024-04-01,2.6868,1095,2.146,826,NA,NA,1
2024,2,8478416,TBL,2024-03-27,2.843,1224,2.525,1038,NA,NA,1
2024,2,8479371,NSH,2024-04-15,2.5193,1045,2.1831,899,NA,NA,0
2024,2,8479371,NSH,2024-04-12,2.553,1026,2.5279,1001,NA,NA,0
2024,2,8479371,NSH,2024-03-30,2.4591,1098,1.9137,795,0.1426,54,0
2024,2,8479371,NSH,2024-03-10,0.5441,208,0.5441,208,NA,NA,0
2024,2,8479371,NSH,2024-03-09,2.1309,889,1.8847,774,NA,NA,0
2024,2,8479371,NSH,2024-03-07,2.566,1066,2.2821,910,NA,NA,1
2024,2,8479371,NSH,2024-03-05,2.353,962,2.2425,904,NA,NA,1
2024,2,8479371,NSH,2024-03-02,2.2187,927,2.065,862,0.1537,65,1
2024,2,8479371,NSH,2024-02-29,2.4727,1030,2.2307,890,NA,NA,1
2024,2,8479371,NSH,2024-02-27,2.3102,988,2.2893,979,NA,NA,1
2024,2,8479383,"CHI,OTT",2024-04-16,1.7402,635,1.7402,635,NA,NA,0
2024,2,8479383,"CHI,OTT",2024-04-15,2.0704,748,2.0181,728,0.0523,20,0
2024,2,8479383,"CHI,OTT",2024-04-13,1.9073,715,1.9073,715,NA,NA,1
2024,2,8479383,"CHI,OTT",2024-04-11,1.6226,621,1.6226,621,NA,NA,0
2024,2,8479383,"CHI,OTT",2024-04-09,1.8796,706,1.8592,697,0.0204,9,0
2024,2,8479383,"CHI,OTT",2024-04-07,1.6016,627,1.6016,627,NA,NA,0
2024,2,8479383,"CHI,OTT",2024-04-06,1.5818,605,1.5818,605,NA,NA,1
2024,2,8479383,"CHI,OTT",2024-04-04,1.747,630,1.7362,622,0.0108,8,1
2024,2,8479383,"CHI,OTT",2024-04-02,1.4022,553,1.4022,553,NA,NA,0
2024,2,8479383,"CHI,OTT",2024-03-30,1.1152,404,1.1152,404,NA,NA,0
2024,2,8479402,CBJ,2024-04-04,1.861,829,1.7726,762,NA,NA,1
2024,2,8479402,CBJ,2024-04-01,2.0818,942,2.0641,932,NA,NA,1
2024,2,8479402,CBJ,2024-03-30,2.0514,866,1.9592,817,NA,NA,1
2024,2,8479402,CBJ,2024-03-28,2.2296,955,1.961,826,NA,NA,0
2024,2,8479402,CBJ,2024-03-26,2.4868,1120,2.2883,964,0.0173,11,0
2024,2,8479402,CBJ,2024-03-23,2.8015,1201,2.6058,1118,0.0886,24,0
2024,2,8479402,CBJ,2024-03-22,2.9789,1309,2.9123,1263,NA,NA,0
2024,2,8479402,CBJ,2024-03-19,1.9545,863,1.9057,832,NA,NA,0
2024,2,8479402,CBJ,2024-03-17,2.3395,994,2.2677,950,NA,NA,1
2024,2,8479402,CBJ,2024-03-16,1.9004,825,1.7277,733,NA,NA,1
2024,2,8479520,"MIN,COL",2024-04-18,1.874,676,1.7462,638,0.0481,14,1
2024,2,8479520,"MIN,COL",2024-04-14,1.8768,696,1.6466,611,NA,NA,0
2024,2,8479520,"MIN,COL",2024-04-13,2.0079,750,1.9216,700,NA,NA,1
2024,2,8479520,"MIN,COL",2024-04-09,1.9635,778,1.7901,719,NA,NA,1
2024,2,8479520,"MIN,COL",2024-04-07,1.8599,687,1.7309,636,NA,NA,1
2024,2,8479520,"MIN,COL",2024-04-05,1.9634,753,1.6662,623,NA,NA,0
2024,2,8479520,"MIN,COL",2024-04-04,2.2042,844,1.9392,719,NA,NA,0
2024,2,8479520,"MIN,COL",2024-04-01,1.7411,669,1.6656,640,NA,NA,0
2024,2,8479520,"MIN,COL",2024-03-30,2.1003,835,1.8103,698,NA,NA,1
2024,2,8479520,"MIN,COL",2024-03-28,1.9974,653,1.9379,626,NA,NA,1
2024,2,8479996,NSH,2024-04-13,2.4386,910,2.2414,847,0.1972,63,1
2024,2,8479996,NSH,2024-04-12,1.8503,668,1.8135,656,0.0368,12,0
2024,2,8479996,NSH,2024-04-02,1.9868,764,1.464,568,0.5228,196,1
2024,2,8479996,NSH,2024-03-30,2.0373,744,1.4091,507,0.6283,237,0
2024,2,8479996,NSH,2024-03-28,1.9763,711,1.9763,711,NA,NA,0
2024,2,8479996,NSH,2024-03-07,1.7819,666,1.4272,525,0.3399,135,1
2024,2,8479996,NSH,2024-03-05,1.7658,690,1.4913,539,0.2745,151,1
2024,2,8479996,NSH,2024-03-02,2.4011,922,2.0716,797,0.3295,125,1
2024,2,8479996,NSH,2024-02-29,1.7704,611,1.7078,592,0.0625,19,1
2024,2,8479996,NSH,2024-02-27,2.359,815,1.965,654,0.394,161,1
2024,2,8480192,MTL,2024-04-15,2.2916,1018,2.2072,973,NA,NA,0
2024,2,8480192,MTL,2024-04-13,2.231,1011,1.8139,809,NA,NA,0
2024,2,8480192,MTL,2024-04-11,2.6431,1203,2.4349,1103,NA,NA,0
2024,2,8480192,MTL,2024-04-09,2.5598,1168,2.3193,1041,NA,NA,1
2024,2,8480192,MTL,2024-04-07,1.9748000000000001,905,1.8909,853,NA,NA,0
2024,2,8480192,MTL,2024-04-06,2.301,1006,2.2251,953,0.0093,0,1
2024,2,8480192,MTL,2024-03-30,2.2151,965,2.1562,930,NA,NA,1
2024,2,8480192,MTL,2024-03-21,1.9414,894,1.7339,767,NA,NA,0
2024,2,8480192,MTL,2024-03-19,1.8614,864,1.663,721,NA,NA,0
2024,2,8480192,MTL,2024-03-14,1.9434,876,1.7263,781,NA,NA,1
2024,2,8481477,SJS,2024-04-18,2.4239,903,2.2978,852,NA,NA,0
2024,2,8481477,SJS,2024-04-15,1.888,663,1.888,663,NA,NA,0
2024,2,8481477,SJS,2024-04-13,2.0117,753,1.9437,717,NA,NA,1
2024,2,8481477,SJS,2024-04-11,2.2228,889,1.752,660,0.0437,13,0
2024,2,8481477,SJS,2024-04-09,2.1869,800,1.9899,698,NA,NA,1
2024,2,8481477,SJS,2024-04-07,1.65,647,1.4861,566,0.0345,10,1
2024,2,8481477,SJS,2024-04-06,2.4125,950,1.7813,674,0.0374,12,1
2024,2,8481477,SJS,2024-04-04,1.9311,751,1.5461,581,0.0388,12,1
2024,2,8481477,SJS,2024-04-01,2.3317,951,2.0653,813,NA,NA,1
2024,2,8481477,SJS,2024-03-30,2.2086,847,1.9601,743,NA,NA,0
2024,2,8482111,MTL,2024-04-16,2.1042,916,2.1042,916,NA,NA,1
2024,2,8482111,MTL,2024-04-15,2.8104,1236,2.8104,1236,NA,NA,0
2024,2,8482111,MTL,2024-04-13,2.8087,1180,2.6897,1121,0.119,59,0
2024,2,8482111,MTL,2024-04-11,2.1122,901,2.1122,901,NA,NA,0
2024,2,8482111,MTL,2024-04-09,2.6308,1131,2.6308,1131,NA,NA,1
2024,2,8482111,MTL,2024-04-07,2.5931,1105,2.5666,1098,0.0266,7,0
2024,2,8482111,MTL,2024-04-06,2.4362,953,2.4362,953,NA,NA,1
2024,2,8482111,MTL,2024-01-20,2.5194,976,2.5122,971,NA,NA,0
2024,2,8482111,MTL,2024-01-18,2.0752,820,1.8511,717,0.2158,97,0
2024,2,8482111,MTL,2024-01-17,2.0863,801,2.0432,788,0.0431,13,0
2024,2,8482222,SJS,2024-03-26,1.5159,555,1.4176,509,0.0984,46,1
2024,2,8482222,SJS,2024-03-23,2.6593,990,2.4123,904,0.247,86,1
2024,2,8482222,SJS,2024-03-21,2.547,930,2.057,729,0.4899,201,1
2024,2,8482222,SJS,2024-03-17,1.7925,631,1.7925,631,NA,NA,0
2024,2,8482222,SJS,2024-03-16,2.1143,764,1.7818,662,0.3325,102,0
2024,2,8482222,SJS,2024-03-14,2.9034,1048,2.5479,926,0.3407,114,0
2024,2,8482222,SJS,2024-03-12,3.0374,1100,2.4256,847,0.6118,253,0
2024,2,8482222,SJS,2024-03-09,3.0309,1083,2.7443,982,0.2866,101,1
2024,2,8482222,SJS,2024-03-05,3.1653,1070,3.0098,1011,0.1555,59,1
2024,2,8482222,SJS,2024-02-29,1.4701,488,1.078,365,0.3922,123,1
2024,2,8482511,BOS,2024-04-02,2.4688,985,2.2928,913,0.0501,15,0
2024,2,8482511,BOS,2024-03-23,2.2205,981,2.1012,919,0.1193,62,0
2024,2,8482511,BOS,2024-03-14,2.4967,1006,2.2368,922,0.2599,84,0
2024,2,8482511,BOS,2024-03-11,2.8339,1188,2.4,1043,0.4339,145,1
2024,2,8482511,BOS,2024-03-09,2.4417,1037,2.2356,961,0.2061,76,1
2024,2,8482511,BOS,2024-03-07,1.9678,893,1.7888,821,0.1104,33,1
2024,2,8482511,BOS,2024-03-05,2.8133,1202,2.5096,1100,0.3037,102,1
2024,2,8482511,BOS,2024-03-04,2.2914,1006,1.9919,853,0.1796,84,0
2024,2,8482511,BOS,2024-03-02,2.6842,1098,2.4957,1011,0.1792,83,0
2024,2,8482511,BOS,2024-02-29,2.3528,1018,2.0884,911,0.1395,54,1
2024,2,8471709,SJS,2024-04-18,2.6103,1099,2.6103,1099,NA,NA,0
2024,2,8471709,SJS,2024-04-15,2.3497,1030,2.3497,1030,NA,NA,0
2024,2,8471709,SJS,2024-04-13,1.8584,815,1.8584,815,NA,NA,1
2024,2,8471709,SJS,2024-04-11,2.3238,1080,2.0133,922,0.0683,23,0
2024,2,8471709,SJS,2024-04-09,2.2364,905,2.1096,848,NA,NA,1
2024,2,8471709,SJS,2024-04-07,1.7691,811,1.5998000000000001,710,NA,NA,1
2024,2,8471709,SJS,2024-04-06,2.1787,1012,1.7906,806,NA,NA,1
2024,2,8471709,SJS,2024-04-04,2.1219,856,2.0684,821,NA,NA,1
2024,2,8471709,SJS,2024-04-01,2.0965,890,1.8908,772,NA,NA,1
2024,2,8471709,SJS,2024-03-30,2.2355,1024,2.139,979,NA,NA,0
2024,2,8475825,DAL,2024-03-16,2.2881,996,2.1531,929,0.0067,3,1
2024,2,8475825,DAL,2024-03-14,2.3902,931,2.3902,931,NA,NA,1
2024,2,8475825,DAL,2024-03-12,1.8684,865,1.6486,722,NA,NA,1
2024,2,8475825,DAL,2024-03-09,2.1665,920,1.7571,729,NA,NA,0
2024,2,8475825,DAL,2024-03-08,1.9763,903,1.681,708,NA,NA,0
2024,2,8475825,DAL,2024-03-05,2.3909,985,2.1825,859,0.0019,1,0
2024,2,8475825,DAL,2024-03-02,2.7609,1158,2.3484,922,NA,NA,1
2024,2,8475825,DAL,2024-02-29,2.6436,1126,2.5024,1056,NA,NA,1
2024,2,8475825,DAL,2024-02-27,2.6448,1091,2.3872,948,NA,NA,0
2024,2,8475825,DAL,2024-02-17,1.56,707,1.2851,534,NA,NA,1
2024,2,8476278,CHI,2024-04-18,1.9331,766,1.601,602,NA,NA,0
2024,2,8476278,CHI,2024-04-12,1.8853,703,1.5324,551,NA,NA,1
2024,2,8476278,CHI,2024-04-10,2.1992,799,1.9895,701,NA,NA,0
2024,2,8476278,CHI,2024-04-07,2.2243,912,2.0713,846,NA,NA,1
2024,2,8476278,CHI,2024-04-06,1.6988,631,1.4518,530,NA,NA,1
2024,2,8476278,CHI,2024-03-19,2.2602,757,2.1865,736,NA,NA,0
2024,2,8476278,CHI,2024-03-17,2.4758,886,2.4758,886,NA,NA,1
2024,2,8476278,CHI,2024-03-15,2.3017,864,1.9398,680,0.0026,3,1
2024,2,8476278,CHI,2024-03-12,2.6163,939,2.465,884,NA,NA,1
2024,2,8476278,CHI,2024-03-10,2.3919,857,2.0499,738,0.0345,17,1
2024,2,8476624,NYR,2024-04-15,1.7506,693,1.5766,609,NA,NA,1
2024,2,8476624,NYR,2024-04-13,1.6976,641,1.0692,405,NA,NA,1
2024,2,8476624,NYR,2024-04-11,1.7596,704,1.5844,632,NA,NA,1
2024,2,8476624,NYR,2024-04-09,1.6339,633,1.4929,556,NA,NA,0
2024,2,8476624,NYR,2024-04-07,1.825,735,1.679,664,NA,NA,1
2024,2,8476624,NYR,2024-04-05,2.3455,928,2.0745,819,NA,NA,0
2024,2,8476624,NYR,2024-04-03,0.0011,2,0.0011,2,NA,NA,1
2024,2,8476624,NYR,2024-04-01,1.3746,548,1.0911,441,NA,NA,1
2024,2,8476624,NYR,2024-03-30,1.9242,746,1.6689,645,NA,NA,0
2024,2,8476624,NYR,2024-03-28,2.4521,925,2.3031,866,NA,NA,0
2024,2,8476856,"ARI,TBL",2024-04-17,2.4899,1101,2.0947,904,0.1826,73,1
2024,2,8476856,"ARI,TBL",2024-04-15,2.0721,946,1.8054,801,NA,NA,1
2024,2,8476856,"ARI,TBL",2024-04-13,2.5208,1129,2.361,1007,NA,NA,0
2024,2,8476856,"ARI,TBL",2024-04-11,2.3666,1072,1.9523,869,0.1123,36,1
2024,2,8476856,"ARI,TBL",2024-04-09,2.4819,1144,2.3678,1083,NA,NA,1
2024,2,8476856,"ARI,TBL",2024-04-06,1.9661,838,1.7566,733,NA,NA,0
2024,2,8476856,"ARI,TBL",2024-04-04,2.7257,1229,2.3521,1037,NA,NA,0
2024,2,8476856,"ARI,TBL",2024-04-03,2.1546,930,1.8458,777,NA,NA,0
2024,2,8476856,"ARI,TBL",2024-04-01,2.4374,1032,2.2689,929,NA,NA,1
2024,2,8476856,"ARI,TBL",2024-03-30,2.4655,1063,2.4655,1063,NA,NA,1
2024,2,8476919,NJD,2024-04-15,1.3663,456,1.3476,447,0.0187,9,1
2024,2,8476919,NJD,2024-04-13,1.7413,636,1.6213,587,NA,NA,0
2024,2,8476919,NJD,2024-04-11,1.8939,709,1.8518,691,NA,NA,0
2024,2,8476919,NJD,2024-04-09,1.2864,473,1.2864,473,NA,NA,1
2024,2,8476919,NJD,2024-04-07,1.3964,484,1.3964,484,NA,NA,1
2024,2,8476919,NJD,2024-04-06,1.4327,524,1.4327,524,NA,NA,0
2024,2,8476919,NJD,2024-04-03,5e-4,2,5e-4,2,NA,NA,0
2024,2,8476919,NJD,2024-04-02,1.2943,523,1.2745,517,NA,NA,1
2024,2,8476919,NJD,2024-03-29,1.285,468,1.285,468,NA,NA,0
2024,2,8476919,NJD,2024-03-26,0.9174,346,0.9174,346,NA,NA,0
2024,2,8477015,EDM,2024-04-18,3.4619,1142,2.7139,907,0.3397,104,0
2024,2,8477015,EDM,2024-04-17,2.4031,800,2.1711,709,NA,NA,0
2024,2,8477015,EDM,2024-04-15,2.4028,796,2.3731,783,NA,NA,1
2024,2,8477015,EDM,2024-04-13,1.967,728,1.7751,651,NA,NA,1
2024,2,8477015,EDM,2024-04-12,1.9535,670,1.7165,595,NA,NA,1
2024,2,8477015,EDM,2024-04-10,2.261,732,2.261,732,NA,NA,1
2024,2,8477015,EDM,2024-04-06,1.9233,657,1.4755,522,NA,NA,0
2024,2,8477015,EDM,2024-04-05,1.9651,656,1.6554,541,NA,NA,1
2024,2,8477015,EDM,2024-04-03,2.0345,715,1.7465,590,NA,NA,0
2024,2,8477015,EDM,2024-04-01,1.922,665,1.5579,535,NA,NA,0
2024,2,8477406,EDM,2024-04-18,2.5584,1009,2.2371,857,NA,NA,0
2024,2,8477406,EDM,2024-04-17,1.9006,790,1.754,704,NA,NA,0
2024,2,8477406,EDM,2024-04-15,2.0426,799,2.009,780,NA,NA,1
2024,2,8477406,EDM,2024-04-13,1.6088,670,1.4149,581,NA,NA,1
2024,2,8477406,EDM,2024-04-12,1.3928,570,1.207,479,NA,NA,1
2024,2,8477406,EDM,2024-04-10,1.9375,746,1.9375,746,NA,NA,1
2024,2,8477406,EDM,2024-04-06,1.3951,569,1.1876,460,NA,NA,0
2024,2,8477406,EDM,2024-04-05,1.5234,619,1.1639,441,NA,NA,1
2024,2,8477406,EDM,2024-04-03,1.9262,781,1.6128,628,NA,NA,0
2024,2,8477406,EDM,2024-04-01,1.6139,628,1.3376,490,NA,NA,0
2024,2,8477846,SJS,2024-04-18,1.6834,621,1.6834,621,NA,NA,0
2024,2,8477846,SJS,2024-04-15,1.6757,615,1.6757,615,NA,NA,0
2024,2,8477846,SJS,2024-04-13,1.8749,693,1.8749,693,NA,NA,1
2024,2,8477846,SJS,2024-04-11,0.9878,350,0.9878,350,NA,NA,0
2024,2,8477846,SJS,2024-04-07,1.3869,509,1.3869,509,NA,NA,1
2024,2,8477846,SJS,2024-04-01,1.4453,544,1.4453,544,NA,NA,1
2024,2,8477846,SJS,2024-03-30,1.7429,598,1.6284,560,NA,NA,0
2024,2,8477846,SJS,2024-03-28,2.0958,709,2.064,690,NA,NA,0
2024,2,8477846,SJS,2024-03-26,2.0824,743,1.712,610,0.03,12,1
2024,2,8477846,SJS,2024-03-23,1.7246,638,1.4188,512,0.021,11,1
2024,2,8478421,CGY,2024-04-11,1.5967,648,1.4658,591,NA,NA,0
2024,2,8478421,CGY,2024-04-09,1.5954,638,1.4963,593,NA,NA,0
2024,2,8478421,CGY,2024-04-06,1.1018,358,1.0801,351,0.0217,7,1
2024,2,8478421,CGY,2024-04-04,1.7095,596,1.6237,566,NA,NA,0
2024,2,8478421,CGY,2024-04-02,1.5174,575,1.4106,528,0.0107,6,1
2024,2,8478421,CGY,2024-03-30,1.6839,657,1.6186,622,0.0102,4,1
2024,2,8478421,CGY,2024-03-28,1.8206,687,1.6847,624,NA,NA,0
2024,2,8478421,CGY,2024-03-26,1.064,384,1.0311,374,0.0329,10,0
2024,2,8478421,CGY,2024-03-24,1.2349,501,1.2349,501,NA,NA,1
2024,2,8478421,CGY,2024-03-23,1.4293,565,1.4293,565,NA,NA,0
2024,2,8478585,EDM,2024-04-18,2.2374,787,2.1627,749,NA,NA,0
2024,2,8478585,EDM,2024-04-12,1.596,560,1.596,560,NA,NA,1
2024,2,8478585,EDM,2024-04-06,1.9327,676,1.4775,470,NA,NA,0
2024,2,8478585,EDM,2024-04-05,1.6527,586,1.3029,438,NA,NA,1
2024,2,8478585,EDM,2024-03-30,2.2904,832,2.1018,743,NA,NA,1
2024,2,8478585,EDM,2024-03-28,1.6519,559,1.4262,486,NA,NA,1
2024,2,8478585,EDM,2024-03-26,1.6182,564,1.2918,445,NA,NA,0
2024,2,8478585,EDM,2024-03-24,1.406,478,1.406,478,NA,NA,0
2024,2,8478585,EDM,2024-03-19,1.6976,625,1.6121,598,NA,NA,1
2024,2,8478585,EDM,2024-03-10,1.6601,540,1.2577,392,NA,NA,0
2024,2,8479336,LAK,2024-02-13,0.6783,223,0.6783,223,NA,NA,0
2024,2,8479336,LAK,2024-02-10,1.4963,541,1.4827,535,0.0136,6,1
2024,2,8479336,LAK,2024-01-31,1.8168,626,1.8168,626,NA,NA,0
2024,2,8479336,LAK,2024-01-28,1.9289,684,1.9078,676,NA,NA,0
2024,2,8479336,LAK,2024-01-26,1.9668,679,1.9668,679,NA,NA,0
2024,2,8479336,LAK,2024-01-24,1.3886,488,1.3886,488,NA,NA,1
2024,2,8479336,LAK,2024-01-22,1.3851,477,1.3851,477,NA,NA,1
2024,2,8479336,LAK,2024-01-20,1.6137,561,1.567,538,NA,NA,1
2024,2,8479336,LAK,2024-01-18,1.3898,474,1.3332,444,0.0378,21,1
2024,2,8479336,LAK,2024-01-16,2.2196,803,2.2196,803,NA,NA,0
2024,2,8479393,TOR,2024-04-17,2.0468,801,1.9166,740,NA,NA,0
2024,2,8479393,TOR,2024-04-16,2.0135,785,1.4841,557,NA,NA,0
2024,2,8479393,TOR,2024-04-09,2.0011,710,1.9703,699,0.0308,11,0
2024,2,8479393,TOR,2024-03-26,1.5842,532,1.5842,532,NA,NA,1
2024,2,8479393,TOR,2024-03-24,1.4087,529,1.3422,499,0.0062,2,0
2024,2,8479393,TOR,2024-03-23,1.5579,591,1.5579,591,NA,NA,1
2024,2,8479393,TOR,2024-03-20,2.3581,867,2.3581,867,NA,NA,0
2024,2,8479393,TOR,2024-03-16,1.7055,583,1.6337,552,0.0064,5,1
2024,2,8479393,TOR,2024-03-07,1.9714,712,1.9495,703,0.0047,2,0
2024,2,8479393,TOR,2024-03-06,1.4153,542,1.4153,542,NA,NA,1
2024,2,8479414,NJD,2024-02-22,0.2386,101,0.2386,101,NA,NA,1
2024,2,8479414,NJD,2024-02-20,1.2451,432,1.2451,432,NA,NA,0
2024,2,8479414,NJD,2024-02-17,1.9023,691,1.8406,667,0.0245,10,1
2024,2,8479414,NJD,2024-02-15,1.3033,474,1.1594,409,NA,NA,1
2024,2,8479414,NJD,2024-02-13,1.1932,437,1.1625,428,0.0307,9,0
2024,2,8479414,NJD,2024-02-12,1.5625,605,1.3189,492,NA,NA,1
2024,2,8479414,NJD,2024-02-10,1.4158,534,1.3563,517,0.0172,6,0
2024,2,8479414,NJD,2024-02-08,1.4603,554,1.3617,517,NA,NA,1
2024,2,8479414,NJD,2024-02-06,2.3803,889,1.8686,668,0.1342,71,1
2024,2,8479414,NJD,2024-01-27,2.3421,934,1.8879,717,0.0923,50,0
2024,2,8479543,MTL,2024-04-16,0.0706,25,0.0706,25,NA,NA,1
2024,2,8479543,MTL,2024-04-15,1.5208,517,1.5208,517,NA,NA,0
2024,2,8479543,MTL,2024-04-13,1.263,468,1.1918,436,NA,NA,0
2024,2,8479543,MTL,2024-04-11,1.5749,533,1.5749,533,NA,NA,0
2024,2,8479543,MTL,2024-04-09,2.006,668,1.9077,623,NA,NA,1
2024,2,8479543,MTL,2024-04-07,1.3576,541,1.3576,541,NA,NA,0
2024,2,8479543,MTL,2024-04-06,1.1073,414,1.1073,414,NA,NA,1
2024,2,8479543,MTL,2024-04-04,1.4657,556,1.4657,556,NA,NA,1
2024,2,8479543,MTL,2024-04-02,1.3562,474,1.2308,457,0.1254,17,1
2024,2,8479543,MTL,2024-03-30,1.6352,621,1.5909,587,NA,NA,1
2024,2,8479671,CBJ,2024-04-16,2.0483,782,1.9904,760,NA,NA,1
2024,2,8479671,CBJ,2024-04-13,2.3447,877,2.2593,839,NA,NA,0
2024,2,8479671,CBJ,2024-04-11,2.2747,849,2.2747,849,NA,NA,0
2024,2,8479671,CBJ,2024-04-09,2.2774,931,2.2774,931,NA,NA,0
2024,2,8479671,CBJ,2024-04-07,1.6736,608,1.6382,591,NA,NA,0
2024,2,8479671,CBJ,2024-04-06,2.3877,964,2.2059,866,NA,NA,1
2024,2,8479671,CBJ,2024-04-04,2.1911,922,1.8415,734,NA,NA,1
2024,2,8479671,CBJ,2024-04-01,1.8983,688,1.7669,631,NA,NA,1
2024,2,8479671,CBJ,2024-03-30,2.2024,828,2.0692,766,NA,NA,1
2024,2,8479671,CBJ,2024-03-28,2.3489,873,1.8765,678,0.0094,4,0
2024,2,8479980,VGK,2024-04-18,2.496,1070,2.496,1070,NA,NA,1
2024,2,8479980,VGK,2024-04-16,3.032,1265,2.9613,1230,NA,NA,1
2024,2,8479980,VGK,2024-04-14,2.8096,1199,2.6882,1129,NA,NA,1
2024,2,8479980,VGK,2024-04-12,2.64,1165,2.2547,968,0.0162,9,1
2024,2,8479980,VGK,2024-04-10,3.1787,1365,2.8078,1184,NA,NA,0
2024,2,8479980,VGK,2024-04-08,2.6103,1136,2.3249,981,NA,NA,0
2024,2,8479980,VGK,2024-04-05,2.4582,1114,2.3511,1052,0.0015,2,0
2024,2,8479980,VGK,2024-04-02,2.5008,1138,2.2074,971,0.0182,8,1
2024,2,8479980,VGK,2024-03-30,2.5816,1141,2.3866,1025,0.0214,9,0
2024,2,8479980,VGK,2024-03-28,2.6266,1151,1.9382,804,NA,NA,0
2024,2,8481704,NSH,2024-01-20,1.5274,606,1.5274,606,NA,NA,0
2024,2,8481704,NSH,2024-01-18,1.8744,677,1.8489,666,0.0088,3,0
2024,2,8481704,NSH,2024-01-15,2.043,781,1.8389,683,0.2041,98,0
2024,2,8481704,NSH,2024-01-13,2.1122,847,1.9505,765,0.1617,82,1
2024,2,8481704,NSH,2024-01-12,2.1403,783,1.8798,664,0.2605,119,0
2024,2,8481704,NSH,2024-01-09,2.0657,784,2.0657,784,NA,NA,1
2024,2,8481704,NSH,2024-01-06,2.7675,968,2.7179,933,0.0496,35,0
2024,2,8481704,NSH,2024-01-04,2.1599,792,2.1518,788,0.0081,4,1
2024,2,8481704,NSH,2024-01-02,2.7224,995,2.5526,918,0.1699,77,1
2024,2,8481704,NSH,2023-12-30,2.3942,849,2.321,814,0.0732,35,0
2024,2,8474013,VAN,2024-04-16,2.1652,997,1.8886,867,NA,NA,1
2024,2,8474013,VAN,2024-04-13,2.2281,1063,2.0216,933,0.0037,3,0
2024,2,8474013,VAN,2024-04-10,2.3113,1096,1.6537,731,NA,NA,1
2024,2,8474013,VAN,2024-04-08,2.0749,1060,1.8026,902,NA,NA,1
2024,2,8474013,VAN,2024-04-06,2.4418,1092,2.2764,975,NA,NA,0
2024,2,8474013,VAN,2024-04-03,2.2123,1002,1.9357,860,NA,NA,0
2024,2,8474013,VAN,2024-04-02,2.7422,1262,2.2331,949,NA,NA,0
2024,2,8474013,VAN,2024-03-31,1.9599,954,1.5553,719,8e-4,0,1
2024,2,8474013,VAN,2024-03-28,2.4064,1132,1.914,836,NA,NA,1
2024,2,8474013,VAN,2024-03-25,2.3519,1047,2.1053,914,NA,NA,1
2024,2,8475750,MIN,2024-04-18,1.4535,581,1.4535,581,NA,NA,1
2024,2,8475750,MIN,2024-04-15,1.7937,777,1.7937,777,NA,NA,0
2024,2,8475750,MIN,2024-04-13,1.526,668,1.526,668,NA,NA,0
2024,2,8475750,MIN,2024-04-12,2.2442,943,2.2442,943,NA,NA,0
2024,2,8475750,MIN,2024-04-09,1.2476,509,1.2476,509,NA,NA,0
2024,2,8475750,MIN,2024-04-07,0.6545,300,0.6545,300,NA,NA,0
2024,2,8475750,MIN,2024-04-06,1.4972,670,1.4972,670,NA,NA,1
2024,2,8475750,MIN,2024-04-04,1.7114,757,1.7114,757,NA,NA,1
2024,2,8475750,MIN,2024-04-02,1.8701,820,1.8701,820,NA,NA,1
2024,2,8475750,MIN,2024-03-30,1.8167,759,1.8167,759,NA,NA,1
2024,2,8476822,TBL,2024-04-15,0.6357,227,0.6357,227,NA,NA,1
2024,2,8476822,TBL,2024-04-13,1.6779,663,1.487,577,NA,NA,0
2024,2,8476822,TBL,2024-04-11,1.3411,523,1.036,373,0.0015,4,1
2024,2,8476822,TBL,2024-04-09,1.8072,680,1.6569,617,NA,NA,1
2024,2,8476822,TBL,2024-04-06,1.9051,678,1.7775,626,NA,NA,0
2024,2,8476822,TBL,2024-04-04,2.1247,857,1.5388,615,NA,NA,0
2024,2,8476822,TBL,2024-04-03,2.0235,813,1.7644,712,0.0018,2,0
2024,2,8476822,TBL,2024-04-01,1.5345,659,1.0844,444,NA,NA,1
2024,2,8476822,TBL,2024-03-30,1.9396,746,1.8224,691,NA,NA,1
2024,2,8476822,TBL,2024-03-27,2.1468,855,1.7133,665,NA,NA,1
2024,2,8476891,BOS,2024-04-16,2.7073,1119,2.7073,1119,NA,NA,1
2024,2,8476891,BOS,2024-04-13,2.2237,1047,2.2237,1047,NA,NA,0
2024,2,8476891,BOS,2024-04-09,2.4129,1042,2.2317,960,0.1812,82,1
2024,2,8476891,BOS,2024-04-06,2.0769,1028,2.0164,928,0.0441,15,1
2024,2,8476891,BOS,2024-04-04,1.9939,926,1.9939,926,NA,NA,0
2024,2,8476891,BOS,2024-03-30,1.8695,826,1.8695,826,NA,NA,0
2024,2,8476891,BOS,2024-03-27,2.9252,1182,2.9228,1182,NA,NA,0
2024,2,8476891,BOS,2024-03-26,2.4575,1059,2.4573,1058,2e-4,0,0
2024,2,8476891,BOS,2024-03-23,2.7231,1201,2.6396,1166,NA,NA,0
2024,2,8476891,BOS,2024-03-21,2.5014,1067,2.3699,1004,NA,NA,1
2024,2,8477950,CAR,2024-04-16,3.1333,1311,2.2887,895,0.6234,329,0
2024,2,8477950,CAR,2024-04-14,2.2945,984,2.0112,833,0.2833,151,0
2024,2,8477950,CAR,2024-04-12,2.4939,1017,2.4608,1002,0.0331,15,0
2024,2,8477950,CAR,2024-03-21,0.6312,229,0.6312,229,NA,NA,1
2024,2,8477950,CAR,2024-02-25,2.2816,946,2.2816,946,NA,NA,0
2024,2,8477950,CAR,2024-02-24,2.3386,921,2.3386,921,NA,NA,1
2024,2,8477950,CAR,2024-02-22,2.1751,823,2.1751,823,NA,NA,1
2024,2,8477950,CAR,2024-02-19,2.1424,835,2.1424,835,NA,NA,1
2024,2,8477950,CAR,2024-02-10,2.0266,827,1.9589,796,NA,NA,1
2024,2,8477950,CAR,2024-02-08,1.8616,820,1.835,811,0.0266,9,1
2024,2,8479576,EDM,2024-04-18,2.3838,1083,2.0916,928,NA,NA,0
2024,2,8479576,EDM,2024-04-17,2.7103,1197,2.5019,1077,NA,NA,0
2024,2,8479576,EDM,2024-04-15,2.9003,1249,2.7274,1162,NA,NA,1
2024,2,8479576,EDM,2024-04-13,2.462,1082,2.177,923,NA,NA,1
2024,2,8479576,EDM,2024-04-12,2.3912,1052,2.1538,926,NA,NA,1
2024,2,8479576,EDM,2024-04-10,2.7229,1143,2.6546,1110,0.0683,33,1
2024,2,8479576,EDM,2024-04-06,2.0611,866,1.8137,751,NA,NA,0
2024,2,8479576,EDM,2024-04-05,2.0608,925,1.6899,716,0.0418,15,1
2024,2,8479576,EDM,2024-04-03,2.4667,1044,2.2217,912,NA,NA,0
2024,2,8479576,EDM,2024-04-01,1.9829,870,1.6097,667,NA,NA,0
2024,2,8480025,CHI,2024-04-18,1.9684,652,1.8654,612,NA,NA,0
2024,2,8480025,CHI,2024-04-12,1.9412,713,1.8871,696,NA,NA,1
2024,2,8480025,CHI,2024-04-10,2.114,749,1.9219,679,NA,NA,0
2024,2,8480025,CHI,2024-04-07,2.3648,814,2.1994,747,NA,NA,1
2024,2,8480025,CHI,2024-04-06,1.8629,637,1.6497,560,NA,NA,1
2024,2,8480025,CHI,2024-04-02,2.0797,729,1.9857,695,NA,NA,0
2024,2,8480025,CHI,2024-03-30,1.9811,750,1.7232,645,0.0306,10,0
2024,2,8480025,CHI,2024-03-28,2.0933,732,1.8495,649,NA,NA,0
2024,2,8480025,CHI,2024-03-26,2.1812,775,2.0408,713,NA,NA,1
2024,2,8480025,CHI,2024-03-23,1.6881,581,1.671,573,0.0172,8,0
2024,2,8480058,PIT,2024-04-17,2.8073,1261,2.8072,1261,1e-4,0,0
2024,2,8480058,PIT,2024-04-15,2.3607,1075,2.3607,1074,NA,NA,1
2024,2,8480058,PIT,2024-04-13,2.6728,1161,2.5799,1114,NA,NA,1
2024,2,8480058,PIT,2024-04-11,2.8449,1225,2.8016,1208,NA,NA,1
2024,2,8480058,PIT,2024-04-08,2.3879,1070,2.3809,1066,0.007,4,0
2024,2,8480058,PIT,2024-04-06,2.3547,1029,2.2971,999,NA,NA,1
2024,2,8480058,PIT,2024-04-04,2.4137,1048,2.3774,1034,0.0259,9,0
2024,2,8480058,PIT,2024-04-02,2.3431,1004,2.3431,1004,NA,NA,0
2024,2,8480058,PIT,2024-04-01,2.3894,1055,2.3808,1050,NA,NA,0
2024,2,8480058,PIT,2024-03-30,2.6654,1147,2.6533,1143,NA,NA,0
2024,2,8480806,ANA,2024-04-18,2.1378,880,1.9864,797,NA,NA,0
2024,2,8480806,ANA,2024-04-13,2.1607,855,1.639,543,0.1419,153,0
2024,2,8480806,ANA,2024-04-12,2.3689,876,2.027,727,0.1529,74,1
2024,2,8480806,ANA,2024-04-09,2.1145,812,1.6675,614,0.2089,104,1
2024,2,8480806,ANA,2024-04-07,2.674,1085,2.0664,770,0.3847,197,1
2024,2,8480806,ANA,2024-04-05,2.7381,1090,1.9368,737,0.1725,63,1
2024,2,8480806,ANA,2024-04-02,2.5565,1020,2.337,897,0.0648,42,0
2024,2,8480806,ANA,2024-03-31,2.493,994,1.9063,740,NA,NA,0
2024,2,8480806,ANA,2024-03-30,1.9199,766,1.5753,612,0.011,5,0
2024,2,8480806,ANA,2024-03-28,2.1151,867,1.1163,390,0.2067,132,0
2024,2,8480860,NJD,2024-04-15,2.1184,830,2.1184,830,NA,NA,1
2024,2,8480860,NJD,2024-04-13,2.3807,903,2.3027,862,NA,NA,0
2024,2,8480860,NJD,2024-04-11,2.7457,1143,2.6076,1050,NA,NA,0
2024,2,8480860,NJD,2024-04-09,2.2085,1006,1.9391,858,NA,NA,1
2024,2,8480860,NJD,2024-04-07,2.5487,1071,2.3914,971,0.0063,2,1
2024,2,8480860,NJD,2024-04-06,2.9128,1345,2.7323,1240,0.0163,9,0
2024,2,8480860,NJD,2024-04-03,6e-4,2,6e-4,2,NA,NA,0
2024,2,8480860,NJD,2024-04-02,2.5012,1037,2.3974,982,NA,NA,1
2024,2,8480860,NJD,2024-03-29,2.5982,1121,2.5982,1121,NA,NA,0
2024,2,8480860,NJD,2024-03-26,2.9323,1289,2.7014,1156,0.036,13,0
2024,2,8481567,SJS,2024-04-18,2.5731,1179,2.4977,1110,NA,NA,0
2024,2,8481567,SJS,2024-04-15,2.5559,1207,2.4743,1175,0.0816,32,0
2024,2,8481567,SJS,2024-04-13,2.5693,1105,2.5291,1098,0.0402,7,1
2024,2,8481567,SJS,2024-04-11,2.6858,1277,2.1156,1007,0.2696,107,0
2024,2,8481567,SJS,2024-04-09,3.3138,1541,2.3743,1070,0.8204,369,1
2024,2,8481567,SJS,2024-04-07,3.149,1360,2.2443,972,0.8094,335,1
2024,2,8481567,SJS,2024-04-06,3.2338,1501,2.0545,911,0.8461,383,1
2024,2,8481567,SJS,2024-04-04,2.6049,1026,2.0403,814,0.3693,117,1
2024,2,8481567,SJS,2024-04-01,2.7197,1185,2.4493,1024,0.0286,14,1
2024,2,8481567,SJS,2024-03-30,2.7187,1192,2.3811,1063,0.2571,89,0
2024,2,8482133,SJS,2024-04-18,2.5984,961,2.2388,790,0.3597,171,0
2024,2,8482133,SJS,2024-04-15,2.3061,873,2.086,777,0.2201,96,0
2024,2,8482133,SJS,2024-04-13,2.3404,893,1.6878,635,0.6525,258,1
2024,2,8482133,SJS,2024-04-11,1.9586,748,1.736,636,0.2227,112,0
2024,2,8482133,SJS,2024-04-09,2.6444,1129,1.9194,725,0.725,404,1
2024,2,8482133,SJS,2024-04-07,2.8407,1116,2.097,779,0.7437,337,1
2024,2,8482133,SJS,2024-04-06,2.5877,1017,1.7914,636,0.7964,381,1
2024,2,8482133,SJS,2024-04-04,2.3929,971,2.0291,759,0.3638,212,1
2024,2,8482133,SJS,2024-04-01,2.569,967,2.2367,816,0.3324,151,1
2024,2,8482133,SJS,2024-03-30,2.258,851,1.8369,670,0.421,181,0
2024,2,8470610,COL,2024-04-18,2.0935,729,2.0498,712,NA,NA,1
2024,2,8470610,COL,2024-04-14,1.455,519,1.455,519,NA,NA,0
2024,2,8470610,COL,2024-04-13,2.1649,752,2.1402,737,0.0248,15,1
2024,2,8470610,COL,2024-04-09,2.3003,864,2.0105,731,0.1768,73,1
2024,2,8470610,COL,2024-04-07,2.2527,820,2.2527,820,NA,NA,1
2024,2,8470610,COL,2024-04-05,1.7708,650,1.5487,542,0.0758,27,0
2024,2,8470610,COL,2024-04-04,1.9469,748,1.8863,727,NA,NA,0
2024,2,8470610,COL,2024-04-01,2.0212,741,1.9975,728,0.0237,13,0
2024,2,8470610,COL,2024-03-30,1.9254,761,1.537,594,0.1628,62,1
2024,2,8470610,COL,2024-03-28,1.9102,707,1.8004,647,0.088,49,1
2024,2,8471274,MIN,2024-04-18,1.9795,776,1.9795,776,NA,NA,1
2024,2,8471274,MIN,2024-04-15,1.5547,645,1.5547,645,NA,NA,0
2024,2,8471274,MIN,2024-04-13,2.042,798,2.042,798,NA,NA,0
2024,2,8471274,MIN,2024-04-09,1.018,385,1.0169,385,0.0011,0,0
2024,2,8471274,MIN,2024-04-06,1.5501,629,1.5501,629,NA,NA,1
2024,2,8471274,MIN,2024-04-04,1.8382,737,1.8382,737,NA,NA,1
2024,2,8471274,MIN,2024-02-07,2.5801,1027,2.216,912,0.364,115,0
2024,2,8471274,MIN,2024-01-27,1.3605,512,1.0409,370,0.3196,142,1
2024,2,8471274,MIN,2024-01-25,3.092,1227,2.8831,1141,0.2089,86,1
2024,2,8471274,MIN,2024-01-23,2.2088,896,2.0618,822,0.147,74,1
2024,2,8474040,EDM,2024-04-18,1.5887,566,1.3014,481,0.2873,85,0
2024,2,8474040,EDM,2024-03-03,1.7797,693,1.7797,693,NA,NA,1
2024,2,8474040,EDM,2024-02-21,1.0011,404,0.9237,357,0.0775,47,1
2024,2,8474040,EDM,2024-02-19,1.456,552,1.456,552,NA,NA,0
2024,2,8474040,EDM,2024-02-17,1.0222,398,1.0222,398,NA,NA,0
2024,2,8474040,EDM,2024-02-13,1.6738,678,1.6738,678,NA,NA,1
2024,2,8474040,EDM,2024-01-25,1.4182,573,1.4182,573,NA,NA,1
2024,2,8474040,EDM,2024-01-23,1.2159,464,1.1649,449,0.051,15,1
2024,2,8474040,EDM,2024-01-20,1.3903,565,1.3233,535,0.0671,30,0
2024,2,8474040,EDM,2024-01-18,1.2407,454,1.1632,418,0.0774,36,1
2024,2,8475177,TBL,2024-04-17,2.1881,987,1.9865,870,NA,NA,1
2024,2,8475177,TBL,2024-04-04,2.052,988,1.7576,821,NA,NA,0
2024,2,8475177,TBL,2024-03-24,2.8341,1295,2.3971,1038,NA,NA,0
2024,2,8475177,TBL,2024-03-21,2.2969,1083,1.8189,848,NA,NA,0
2024,2,8475177,TBL,2024-03-19,2.2737,1007,1.9781,845,NA,NA,0
2024,2,8475177,TBL,2024-03-16,2.0269,963,1.6223,736,0.0281,14,0
2024,2,8475177,TBL,2024-03-07,2.0368,951,1.7607,823,NA,NA,1
2024,2,8475177,TBL,2024-02-29,2.1712,989,2.0109,898,NA,NA,1
2024,2,8475177,TBL,2024-02-27,1.4139,787,1.1637,627,NA,NA,0
2024,2,8475177,TBL,2024-02-25,1.7708,835,1.574,713,0.0238,10,0
2024,2,8476858,VAN,2024-04-18,2.3724,856,2.1127,735,0.0229,7,0
2024,2,8476858,VAN,2024-04-10,1.4059,555,1.1027,424,NA,NA,1
2024,2,8476858,VAN,2024-03-25,2.237,787,2.0565,723,NA,NA,1
2024,2,8476858,VAN,2024-03-16,1.3842,462,1.3842,462,NA,NA,1
2024,2,8476858,VAN,2024-03-13,1.7978,686,1.6199,592,NA,NA,1
2024,2,8476858,VAN,2024-03-09,2.5233,903,2.4639,875,NA,NA,1
2024,2,8476858,VAN,2024-03-07,2.1618,823,1.9945,754,NA,NA,0
2024,2,8476858,VAN,2024-03-05,1.633,594,1.5439,569,NA,NA,0
2024,2,8476858,VAN,2024-03-03,2.1049,771,2.0004,732,NA,NA,0
2024,2,8476858,VAN,2024-02-29,1.3178,561,1.1813,501,NA,NA,1
2024,2,8477018,VGK,2024-04-18,2.756,1202,2.6345,1142,0.1214,60,1
2024,2,8477018,VGK,2024-04-14,2.2467,923,2.2128,905,0.0338,18,1
2024,2,8477018,VGK,2024-04-12,2.2617,978,2.1509,915,NA,NA,1
2024,2,8477018,VGK,2024-03-28,1.8121,832,1.7076,779,NA,NA,0
2024,2,8477018,VGK,2024-03-26,2.2867,982,2.0929,910,0.1938,72,0
2024,2,8477018,VGK,2024-03-25,2.2324,989,2.2324,989,NA,NA,0
2024,2,8477018,VGK,2024-03-23,2.3925,1005,2.2698,944,0.1227,61,1
2024,2,8477018,VGK,2024-03-21,2.1971,937,1.8283,777,0.2939,125,1
2024,2,8477018,VGK,2024-03-19,2.7038,1132,2.1069,879,0.3779,160,1
2024,2,8477018,VGK,2024-03-17,2.5603,1050,2.4198,990,NA,NA,1
2024,2,8477384,ARI,2024-04-17,2.296,994,2.1033,899,0.0236,11,1
2024,2,8477384,ARI,2024-04-14,2.1561,932,1.8854,784,NA,NA,0
2024,2,8477384,ARI,2024-04-12,1.9693,892,1.8596,835,NA,NA,0
2024,2,8477384,ARI,2024-04-10,1.8609,945,1.5929,753,NA,NA,0
2024,2,8477384,ARI,2024-04-09,2.4592,1109,2.1802,959,NA,NA,0
2024,2,8477384,ARI,2024-04-07,2.6468,1148,1.9786,814,0.0041,3,0
2024,2,8477384,ARI,2024-04-05,2.5233,1137,2.1854,933,NA,NA,1
2024,2,8477384,ARI,2024-04-03,1.9677,917,1.7291,778,NA,NA,1
2024,2,8477384,ARI,2024-03-30,1.9008,812,1.9008,812,NA,NA,1
2024,2,8477384,ARI,2024-03-28,2.758,1273,2.5623,1160,NA,NA,1
2024,2,8477971,LAK,2024-04-18,1.7991,776,1.7991,776,NA,NA,1
2024,2,8477971,LAK,2024-04-15,1.886,815,1.7908,750,NA,NA,1
2024,2,8477971,LAK,2024-04-13,1.7379,812,1.7379,787,NA,NA,1
2024,2,8477971,LAK,2024-04-11,1.9877,904,1.9877,904,NA,NA,1
2024,2,8477971,LAK,2024-04-09,1.6539,716,1.6442,711,NA,NA,0
2024,2,8477971,LAK,2024-04-06,1.802,835,1.7561,807,NA,NA,1
2024,2,8477971,LAK,2024-04-04,1.2997,556,1.2477,531,NA,NA,0
2024,2,8477971,LAK,2024-04-03,1.7796,835,1.5163,704,NA,NA,1
2024,2,8477971,LAK,2024-04-01,2.0868,913,2.0868,913,NA,NA,0
2024,2,8477971,LAK,2024-03-30,1.4904,685,1.4273,656,NA,NA,0
2024,2,8479369,"CBJ,BOS",2024-04-16,2.8063,1105,2.5446,974,NA,NA,1
2024,2,8479369,"CBJ,BOS",2024-04-15,2.8117,1106,2.6755,1043,NA,NA,0
2024,2,8479369,"CBJ,BOS",2024-04-13,2.2463,1023,2.0983,954,NA,NA,0
2024,2,8479369,"CBJ,BOS",2024-04-09,2.398,972,2.1655,880,NA,NA,1
2024,2,8479369,"CBJ,BOS",2024-04-06,2.427,1011,2.2436,911,0.0022,2,1
2024,2,8479369,"CBJ,BOS",2024-04-04,2.1867,1007,2.0365,909,NA,NA,0
2024,2,8479369,"CBJ,BOS",2024-04-02,2.5029,1150,2.0483,938,NA,NA,0
2024,2,8479369,"CBJ,BOS",2024-03-30,2.8272,1269,2.4538,1026,NA,NA,0
2024,2,8479369,"CBJ,BOS",2024-03-27,2.7201,1131,2.61,1077,NA,NA,0
2024,2,8479369,"CBJ,BOS",2024-03-26,2.5377,1034,2.3861,973,0.0246,7,0
2024,2,8479982,TOR,2024-04-17,2.4094,992,2.2459,909,0.1349,69,0
2024,2,8479982,TOR,2024-04-09,2.6135,1057,2.5247,1014,0.0889,43,0
2024,2,8479982,TOR,2024-04-03,2.4166,1014,2.2378,918,0.1787,96,1
2024,2,8479982,TOR,2024-04-01,2.3413,974,1.7972,745,0.5313,223,1
2024,2,8479982,TOR,2024-03-30,2.309,961,1.7917,741,0.5173,220,0
2024,2,8479982,TOR,2024-03-28,3.0066,1203,2.8354,1137,0.1712,66,1
2024,2,8479982,TOR,2024-03-26,2.4909,920,2.4622,909,0.0287,11,1
2024,2,8479982,TOR,2024-03-23,1.8095,796,1.6065,691,0.1781,94,1
2024,2,8479982,TOR,2024-03-20,2.4522,993,2.3903,971,0.0619,22,0
2024,2,8479982,TOR,2024-01-24,2.1501,877,1.7289,705,0.4212,172,1
2024,2,8480184,"MTL,ANA",2024-04-18,2.347,999,2.347,999,NA,NA,0
2024,2,8480184,"MTL,ANA",2024-04-13,1.9717,802,1.9424,777,NA,NA,0
2024,2,8480184,"MTL,ANA",2024-04-12,2.2181,894,2.2181,894,NA,NA,1
2024,2,8480184,"MTL,ANA",2024-04-09,2.4763,1016,2.4763,1016,NA,NA,1
2024,2,8480184,"MTL,ANA",2024-04-07,2.2551,911,2.2551,911,NA,NA,1
2024,2,8480184,"MTL,ANA",2024-04-05,2.4244,1100,2.3352,1057,NA,NA,1
2024,2,8480184,"MTL,ANA",2024-04-02,2.9518,1249,2.9518,1249,NA,NA,0
2024,2,8480184,"MTL,ANA",2024-03-31,2.7211,1206,2.3602,1001,0.012,10,0
2024,2,8480184,"MTL,ANA",2024-03-30,2.6238,1195,2.5096,1137,NA,NA,0
2024,2,8480184,"MTL,ANA",2024-03-28,1.8246,770,1.7725,744,NA,NA,0
2024,2,8480355,OTT,2024-04-13,0.3842,128,0.3842,128,NA,NA,1
2024,2,8480355,OTT,2024-04-11,1.759,601,1.759,601,NA,NA,0
2024,2,8480355,OTT,2024-04-09,2.0397,695,2.016,686,0.0125,5,0
2024,2,8480355,OTT,2024-04-07,1.9147,617,1.9147,617,NA,NA,0
2024,2,8480355,OTT,2024-04-06,1.75,593,1.75,593,NA,NA,1
2024,2,8480355,OTT,2024-04-04,2.1062,715,2.1015,711,0.0047,4,1
2024,2,8480355,OTT,2024-04-02,1.5954,553,1.5306,517,NA,NA,0
2024,2,8480355,OTT,2024-03-30,1.2384,405,1.2363,402,NA,NA,0
2024,2,8480355,OTT,2024-03-28,1.8847,673,1.7356,613,NA,NA,1
2024,2,8480355,OTT,2024-03-27,2.0402,686,1.9251,640,NA,NA,0
2024,2,8480762,"CBJ,BUF",2024-04-07,1.5565,569,1.5565,569,NA,NA,0
2024,2,8480762,"CBJ,BUF",2024-04-05,1.329,499,1.329,499,NA,NA,1
2024,2,8480762,"CBJ,BUF",2024-04-02,1.9249,713,1.9249,713,NA,NA,1
2024,2,8480762,"CBJ,BUF",2024-03-27,1.2807,455,1.2657,446,0.015,9,1
2024,2,8480762,"CBJ,BUF",2024-03-24,2.0047,690,2.0047,690,NA,NA,0
2024,2,8480762,"CBJ,BUF",2024-03-19,1.3501,504,1.3501,504,NA,NA,0
2024,2,8480762,"CBJ,BUF",2024-03-18,1.7721,612,1.6819,581,NA,NA,0
2024,2,8480762,"CBJ,BUF",2024-03-16,1.6585,618,1.6585,618,NA,NA,0
2024,2,8480762,"CBJ,BUF",2024-03-14,1.9048,674,1.9048,674,NA,NA,1
2024,2,8480762,"CBJ,BUF",2024-03-12,1.8726,708,1.8371,698,NA,NA,1
2024,2,8480834,SJS,2024-02-29,0.9626,395,0.8158,325,NA,NA,1
2024,2,8480834,SJS,2024-02-27,3.0024,1181,2.8741,1137,0.0098,7,1
2024,2,8480834,SJS,2024-02-24,2.6237,1129,2.4486,1022,NA,NA,1
2024,2,8480834,SJS,2024-02-19,2.8544,1265,2.4106,1028,NA,NA,1
2024,2,8480834,SJS,2024-02-17,2.7021,1149,2.5396,1067,NA,NA,1
2024,2,8480834,SJS,2024-02-15,2.901,1211,2.4753,1027,0.0142,0,0
2024,2,8480834,SJS,2024-02-14,2.5012,1006,2.3698,953,NA,NA,0
2024,2,8480834,SJS,2024-01-30,2.8307,1197,2.8307,1197,NA,NA,1
2024,2,8480834,SJS,2024-01-27,2.8581,1187,2.8054,1161,0.0044,3,1
2024,2,8480834,SJS,2024-01-09,3.0105,1309,2.9,1256,NA,NA,0
2024,2,8480849,ARI,2024-03-10,2.844,1008,2.283,768,0.2742,123,0
2024,2,8480849,ARI,2024-03-08,2.7227,971,2.4434,837,0.2793,134,1
2024,2,8480849,ARI,2024-03-07,2.6188,1054,2.2767,853,0.2602,157,1
2024,2,8480849,ARI,2024-03-05,2.5542,984,2.0282,722,0.3882,194,1
2024,2,8480849,ARI,2024-03-03,2.3403,834,1.7871,635,0.0488,26,0
2024,2,8480849,ARI,2024-03-01,2.7486,1048,2.4794,928,NA,NA,0
2024,2,8480849,ARI,2024-02-29,2.8451,1052,2.7278,1008,NA,NA,0
2024,2,8480849,ARI,2024-02-27,2.7637,1043,2.7415,1037,0.0222,6,0
2024,2,8480849,ARI,2024-02-25,2.6731,946,2.6217,924,NA,NA,0
2024,2,8480849,ARI,2024-02-21,2.492,940,2.1076,764,0.2801,139,1
2024,2,8480871,CBJ,2024-03-14,0.1513,72,0.1513,72,NA,NA,1
2024,2,8480871,CBJ,2024-03-12,3.1073,1331,2.428,1041,0.6793,290,0
2024,2,8480871,CBJ,2024-03-09,2.3089,960,1.9473,792,0.3616,168,1
2024,2,8480871,CBJ,2024-03-07,2.7844,1224,2.6006,1153,0.1838,71,1
2024,2,8480871,CBJ,2024-03-05,2.3579,981,2.1439,903,0.214,78,0
2024,2,8480871,CBJ,2024-03-04,2.6559,1172,2.391,1041,0.2648,131,1
2024,2,8480871,CBJ,2024-03-02,2.4489,1059,2.2807,995,0.1682,64,0
2024,2,8480871,CBJ,2024-02-28,3.2037,1344,2.9226,1227,0.2811,117,0
2024,2,8480871,CBJ,2024-02-25,2.7792,1173,2.3121,996,0.4671,177,1
2024,2,8480871,CBJ,2024-02-23,2.8381,1222,2.4842,1057,0.33,155,1
2024,2,8480880,BOS,2024-04-16,1.9276,708,1.8745,691,0.053,17,1
2024,2,8480880,BOS,2024-04-15,2.0127,719,2.0127,719,NA,NA,0
2024,2,8480880,BOS,2024-04-13,1.8292,659,1.8292,659,NA,NA,0
2024,2,8480880,BOS,2024-04-09,1.7966,696,1.5815,610,0.2151,86,1
2024,2,8480880,BOS,2024-04-06,0.9083,337,0.9083,337,NA,NA,1
2024,2,8480880,BOS,2024-04-04,1.7529,669,1.7529,669,NA,NA,0
2024,2,8480880,BOS,2024-03-30,1.3427,514,1.3427,514,NA,NA,0
2024,2,8480880,BOS,2024-03-26,1.3998,537,1.3998,537,NA,NA,0
2024,2,8480880,BOS,2024-03-23,1.4549,559,1.4549,559,NA,NA,0
2024,2,8480880,BOS,2024-03-21,1.3524,502,1.3524,502,NA,NA,1
2024,2,8481093,MTL,2024-04-16,2.7361,1016,2.7361,1016,NA,NA,1
2024,2,8481093,MTL,2024-04-15,2.2783,880,2.1725,836,NA,NA,0
2024,2,8481093,MTL,2024-04-13,2.0501,824,1.4972,576,NA,NA,0
2024,2,8481093,MTL,2024-04-11,1.454,520,1.305,467,NA,NA,0
2024,2,8481093,MTL,2024-04-09,2.2447,819,2.0054,721,NA,NA,1
2024,2,8481093,MTL,2024-04-07,1.5584,689,1.3835,584,NA,NA,0
2024,2,8481093,MTL,2024-04-06,1.5635,616,1.4193,549,NA,NA,1
2024,2,8481093,MTL,2024-04-04,1.8268,766,1.4174,572,NA,NA,1
2024,2,8481093,MTL,2024-04-02,1.5329,652,0.9506,419,0.1768,54,1
2024,2,8481093,MTL,2024-03-30,1.6771,655,1.5997,618,0.0066,3,1
2024,2,8481556,BOS,2024-04-15,1.9602,713,1.9006,690,NA,NA,0
2024,2,8481556,BOS,2024-04-13,1.7928,723,1.687,677,NA,NA,0
2024,2,8481556,BOS,2024-04-09,1.6664,627,1.4486,536,0.0022,2,1
2024,2,8481556,BOS,2024-04-06,1.54,602,1.0821,405,NA,NA,1
2024,2,8481556,BOS,2024-04-04,1.7709,620,1.6295,572,0.0017,3,0
2024,2,8481556,BOS,2024-04-02,1.9864,755,1.5231,591,NA,NA,0
2024,2,8481556,BOS,2024-03-30,1.7727,734,1.5165,630,NA,NA,0
2024,2,8481556,BOS,2024-03-27,1.873,646,1.7715,613,NA,NA,0
2024,2,8481556,BOS,2024-03-26,1.5363,570,1.4169,522,0.0164,4,0
2024,2,8481556,BOS,2024-03-21,1.511,553,1.4816,542,NA,NA,1
2024,2,8481593,MTL,2024-04-16,2.2631,907,2.2631,907,NA,NA,1
2024,2,8481593,MTL,2024-04-13,2.4874,1097,2.3812,1038,NA,NA,0
2024,2,8481593,MTL,2024-04-11,2.3398,1057,2.2161,1003,NA,NA,0
2024,2,8481593,MTL,2024-04-09,2.7884,1229,2.7884,1229,NA,NA,1
2024,2,8481593,MTL,2024-04-07,2.552,1214,2.5355,1207,0.0166,7,0
2024,2,8481593,MTL,2024-04-06,2.7298,1179,2.7298,1179,NA,NA,1
2024,2,8481593,MTL,2024-04-04,2.4849,1053,2.3788,1006,0.0645,28,1
2024,2,8481593,MTL,2024-04-02,2.1542,899,1.9411,834,0.1154,20,1
2024,2,8481593,MTL,2024-03-30,2.7132,1119,2.5168,1062,0.1964,57,1
2024,2,8481593,MTL,2024-03-28,1.8799,831,1.8799,831,NA,NA,1
2024,2,8482142,"ANA,PHI",2024-04-16,2.4741,1083,2.3491,1030,0.125,53,1
2024,2,8482142,"ANA,PHI",2024-04-13,2.2746,972,1.9322,827,0.3424,145,1
2024,2,8482142,"ANA,PHI",2024-04-11,1.9292,851,1.3939,633,0.5353,218,0
2024,2,8482142,"ANA,PHI",2024-04-09,2.9259,1236,2.5638,1078,0.3621,158,0
2024,2,8482142,"ANA,PHI",2024-04-06,2.9696,1274,2.7174,1157,0.2501,116,0
2024,2,8482142,"ANA,PHI",2024-04-05,3.3641,1421,3.0783,1311,0.2857,110,0
2024,2,8482142,"ANA,PHI",2024-04-01,2.9489,1252,2.679,1140,0.2698,112,1
2024,2,8482142,"ANA,PHI",2024-02-25,1.566,639,1.3105,555,0.2555,84,0
2024,2,8482142,"ANA,PHI",2024-02-24,2.8231,1147,2.3273,917,0.4958,230,1
2024,2,8482142,"ANA,PHI",2024-02-21,2.9634,1163,2.9466,1154,NA,NA,0
2024,2,8482964,MTL,2024-04-04,2.6417,1122,2.026,844,0.3667,133,1
2024,2,8482964,MTL,2024-04-02,2.209,884,2.1027,850,0.0937,27,1
2024,2,8482964,MTL,2024-03-30,2.4814,994,2.2056,895,0.2757,99,1
2024,2,8482964,MTL,2024-03-28,2.3604,1001,2.2342,944,0.0566,20,1
2024,2,8482964,MTL,2024-03-26,1.9038,803,1.7943,759,NA,NA,0
2024,2,8482964,MTL,2024-03-24,2.4146,1030,2.3696,987,NA,NA,0
2024,2,8482964,MTL,2024-03-21,2.5112,1046,2.3568,989,0.1544,57,0
2024,2,8482964,MTL,2024-03-19,2.4774,1086,2.2589,995,0.2185,91,0
2024,2,8482964,MTL,2024-03-16,2.4411,989,2.2106,901,0.1594,51,0
2024,2,8482964,MTL,2024-03-14,2.5007,1039,2.438,1018,0.044,13,1
2024,2,8483460,CBJ,2024-04-16,1.4207,598,1.4207,598,NA,NA,1
2024,2,8483460,CBJ,2024-04-13,2.4432,992,2.4432,992,NA,NA,0
2024,2,8483460,CBJ,2024-04-11,2.4252,1020,2.4252,1020,NA,NA,0
2024,2,8483460,CBJ,2024-04-09,1.8695,780,1.8695,780,NA,NA,0
2024,2,8483460,CBJ,2024-04-07,1.9847,801,1.9847,801,NA,NA,0
2024,2,8483460,CBJ,2024-04-06,1.8219,776,1.8129,771,NA,NA,1
2024,2,8483460,CBJ,2024-04-04,1.8614,769,1.8614,769,NA,NA,1
2024,2,8483460,CBJ,2024-01-09,2.2381,945,2.1549,898,NA,NA,0
2024,2,8483460,CBJ,2024-01-06,2.3705,1033,2.3702,1033,3e-4,0,1
2024,2,8483460,CBJ,2024-01-04,2.4297,1015,2.3743,991,0.0318,15,0
2024,2,8484258,COL,2024-02-06,1.812,737,1.812,737,NA,NA,0
2024,2,8484258,COL,2024-01-24,2.4223,978,2.408,972,NA,NA,1
2024,2,8484258,COL,2024-01-20,1.7756,780,1.7329,753,0.0427,27,0
2024,2,8484258,COL,2024-01-18,1.9189,824,1.8568,791,0.0621,33,0
2024,2,8484258,COL,2024-01-16,2.4065,1037,2.1811,934,0.2254,103,0
2024,2,8484258,COL,2024-01-15,1.8421,738,1.7742,715,0.0678,23,0
2024,2,8484258,COL,2024-01-13,2.3786,928,2.2288,870,0.1498,58,0
2024,2,8484258,COL,2024-01-10,1.8882,771,1.7295,715,0.1123,38,1
2024,2,8484258,COL,2024-01-08,2.1988,920,2.1282,894,0.0706,26,1
2024,2,8484258,COL,2023-12-29,2.1163,833,1.9424,769,0.1739,64,0
2024,2,8470966,TOR,2024-04-17,2.6318,1121,2.2546,955,0.2032,79,0
2024,2,8470966,TOR,2024-04-11,2.2178,956,2.0537,884,0.1641,72,1
2024,2,8470966,TOR,2024-04-09,2.5059,1056,2.4281,993,NA,NA,0
2024,2,8470966,TOR,2024-04-08,2.0165,870,1.7351,732,0.039,15,1
2024,2,8470966,TOR,2024-04-06,2.4416,1042,2.3236,988,0.118,54,0
2024,2,8470966,TOR,2024-04-01,1.7807,785,1.3164,610,0.337,122,1
2024,2,8470966,TOR,2024-03-30,2.0878,939,1.4881,636,NA,NA,0
2024,2,8470966,TOR,2024-03-28,2.5488,1039,2.4663,1005,NA,NA,1
2024,2,8470966,TOR,2024-02-29,0.4919,189,0.4919,189,NA,NA,1
2024,2,8470966,TOR,2024-02-27,2.5088,1084,2.0784,852,0.0402,18,1
2024,2,8475797,CHI,2024-04-18,2.7505,1239,2.4861,1098,NA,NA,0
2024,2,8475797,CHI,2024-04-16,2.0378,819,2.0378,819,NA,NA,0
2024,2,8475797,CHI,2024-04-14,1.8428,886,1.5689,707,NA,NA,1
2024,2,8475797,CHI,2024-04-10,2.1137,891,1.8227,771,0.0151,9,0
2024,2,8475797,CHI,2024-04-06,2.3008,1036,2.1767,975,NA,NA,1
2024,2,8475797,CHI,2024-04-02,1.8771,874,1.7137,785,NA,NA,0
2024,2,8475797,CHI,2024-03-30,2.2033,967,1.9705,856,NA,NA,0
2024,2,8475797,CHI,2024-03-21,1.1733,504,0.8948,363,NA,NA,0
2024,2,8475797,CHI,2024-03-17,2.3555,975,2.3555,975,NA,NA,1
2024,2,8475797,CHI,2024-03-15,1.976,870,1.9369,840,NA,NA,1
2024,2,8476525,"NJD,WPG",2024-04-18,2.1388,919,2.1211,909,NA,NA,1
2024,2,8476525,"NJD,WPG",2024-04-04,1.8293,736,1.7302,686,NA,NA,1
2024,2,8476525,"NJD,WPG",2024-03-21,2.3239,1001,1.7876,741,0.3555,135,0
2024,2,8476525,"NJD,WPG",2024-03-13,1.7564,703,1.416,576,0.2378,85,1
2024,2,8476525,"NJD,WPG",2024-03-11,2.1007,828,1.9954,795,0.1053,33,1
2024,2,8476525,"NJD,WPG",2024-03-05,2.1035,1009,2.1035,1009,NA,NA,0
2024,2,8476525,"NJD,WPG",2024-03-03,2.7516,1090,2.5566,1005,0.0747,30,0
2024,2,8476525,"NJD,WPG",2024-03-01,2.4354,887,2.3063,840,0.1292,47,0
2024,2,8476525,"NJD,WPG",2024-02-27,1.5454,675,1.5454,671,NA,NA,0
2024,2,8476525,"NJD,WPG",2024-02-25,2.691,1060,2.4041,956,0.1799,56,0
2024,2,8476960,CHI,2024-04-18,1.8023,639,1.8023,639,NA,NA,0
2024,2,8476960,CHI,2024-04-16,2.1622,768,1.9997,721,0.1625,47,0
2024,2,8476960,CHI,2024-04-14,1.9908,697,1.6946,596,0.2962,101,1
2024,2,8476960,CHI,2024-04-12,2.2224,811,1.8848,719,0.3375,92,1
2024,2,8476960,CHI,2024-04-10,2.3261,881,2.3261,881,NA,NA,0
2024,2,8476960,CHI,2024-04-07,2.3441,894,2.3441,894,NA,NA,1
2024,2,8476960,CHI,2024-04-06,2.1903,757,2.0102,703,0.1801,54,1
2024,2,8476960,CHI,2024-04-02,2.1419,686,2.0438,662,0.0981,24,0
2024,2,8476960,CHI,2024-03-30,2.0729,703,2.0729,703,NA,NA,0
2024,2,8476960,CHI,2024-03-28,2.5399,859,2.3522,806,0.1877,53,0
2024,2,8477353,TBL,2024-04-11,0.9523,374,0.9523,374,NA,NA,1
2024,2,8477353,TBL,2024-04-09,2.0998,770,1.8699,676,NA,NA,1
2024,2,8477353,TBL,2024-04-06,2.4572,876,2.208,777,0.0012,3,0
2024,2,8477353,TBL,2024-04-04,2.2767,871,1.7419,644,NA,NA,0
2024,2,8477353,TBL,2024-04-03,2.0947,806,1.7108,621,NA,NA,0
2024,2,8477353,TBL,2024-04-01,1.8261,724,1.3085,497,NA,NA,1
2024,2,8477353,TBL,2024-03-30,1.9285,704,1.8223,649,NA,NA,1
2024,2,8477353,TBL,2024-03-27,2.1946,874,1.8223,689,NA,NA,1
2024,2,8477353,TBL,2024-03-24,1.6065,628,1.4738,559,NA,NA,0
2024,2,8477353,TBL,2024-03-23,1.9737,725,1.541,544,NA,NA,0
2024,2,8477989,MTL,2024-04-16,2.1975,760,2.1288,727,0.0687,33,1
2024,2,8477989,MTL,2024-04-15,2.3874,852,2.2523,781,NA,NA,0
2024,2,8477989,MTL,2024-04-13,2.3475,904,1.7071,633,0.1018,51,0
2024,2,8477989,MTL,2024-04-11,2.3322,770,1.8256,599,NA,NA,0
2024,2,8477989,MTL,2024-04-09,2.2233,759,1.9737,642,NA,NA,1
2024,2,8477989,MTL,2023-12-30,2.6563,959,2.1017,750,0.1814,55,0
2024,2,8477989,MTL,2023-12-28,3.0795,1060,2.3079,811,0.3988,152,0
2024,2,8477989,MTL,2023-12-22,2.7717,939,2.2297,747,0.4127,137,0
2024,2,8477989,MTL,2023-12-21,2.7026,1008,2.1592,787,0.1315,51,0
2024,2,8477989,MTL,2023-12-18,2.9138,1027,2.5442,832,0.1317,66,0
2024,2,8478028,COL,2024-03-13,0.8483,310,0.8483,310,NA,NA,0
2024,2,8478028,COL,2024-03-12,1.2584,473,1.1861,438,NA,NA,0
2024,2,8478028,COL,2024-02-20,1.1675,407,1.1675,407,NA,NA,1
2024,2,8478028,COL,2024-02-18,1.0122,342,1.0122,342,NA,NA,1
2024,2,8478028,COL,2024-02-15,1.4712,494,1.3664,458,NA,NA,0
2024,2,8478028,COL,2024-02-13,1.7752,692,1.7752,692,NA,NA,0
2024,2,8478028,COL,2024-02-10,1.7354,637,1.7354,637,NA,NA,0
2024,2,8478028,COL,2024-02-08,1.2651,517,1.1773,470,NA,NA,0
2024,2,8478028,COL,2024-02-06,0.9001,350,0.9001,350,NA,NA,0
2024,2,8478028,COL,2024-02-05,1.5265,560,1.5265,560,NA,NA,0
2024,2,8478099,SJS,2024-04-13,2.2099,777,2.0316,729,0.1782,48,1
2024,2,8478099,SJS,2024-04-04,1.2863,475,1.2863,475,NA,NA,1
2024,2,8478099,SJS,2024-04-01,1.3669,529,1.3669,529,NA,NA,1
2024,2,8478099,SJS,2024-03-30,2.0567,724,1.731,633,0.3257,91,0
2024,2,8478099,SJS,2024-03-28,1.903,652,1.903,652,NA,NA,0
2024,2,8478099,SJS,2024-03-17,2.0056,727,2.0056,727,NA,NA,0
2024,2,8478099,SJS,2024-03-16,2.3464,814,2.3389,811,0.0075,3,0
2024,2,8478099,SJS,2024-03-14,1.192,453,1.178,446,0.014,7,0
2024,2,8478099,SJS,2024-03-07,2.4432,894,2.4432,894,NA,NA,1
2024,2,8478099,SJS,2024-03-03,2.0768,825,2.0768,825,NA,NA,0
2024,2,8478399,NJD,2024-04-15,2.5575,1067,2.5575,1067,NA,NA,1
2024,2,8478399,NJD,2024-04-13,2.3377,1050,2.1072,908,NA,NA,0
2024,2,8478399,NJD,2024-04-11,2.2555,1083,2.1485,1020,NA,NA,0
2024,2,8478399,NJD,2024-04-09,2.4523,1104,2.2487,999,NA,NA,1
2024,2,8478399,NJD,2024-04-07,2.599,1151,2.599,1151,NA,NA,1
2024,2,8478399,NJD,2024-04-06,2.0338,939,1.9232,872,NA,NA,0
2024,2,8478399,NJD,2024-04-03,3.4383,1568,2.8888,1318,0.0468,17,0
2024,2,8478399,NJD,2024-04-02,2.6819,1072,2.4974,974,NA,NA,1
2024,2,8478399,NJD,2024-03-11,1.633,684,1.4457,581,NA,NA,0
2024,2,8478399,NJD,2024-03-09,2.0116,903,1.7984,775,NA,NA,1
2024,2,8479328,NYI,2024-01-25,1.2158,479,1.2158,479,NA,NA,0
2024,2,8479328,NYI,2024-01-23,1.7079,589,1.4487,498,0.2592,91,1
2024,2,8479328,NYI,2024-01-21,1.9728,708,1.9728,708,NA,NA,1
2024,2,8479328,NYI,2024-01-19,1.9242,630,1.7967,591,0.1275,39,0
2024,2,8479328,NYI,2024-01-16,1.5619,558,1.5619,558,NA,NA,0
2024,2,8479328,NYI,2024-01-15,2.0234,721,2.0234,721,NA,NA,0
2024,2,8479328,NYI,2024-01-09,1.9171,677,1.9171,677,NA,NA,1
2024,2,8479328,NYI,2024-01-06,1.9286,716,1.9286,716,NA,NA,0
2024,2,8479328,NYI,2024-01-04,1.8379,602,1.8379,602,NA,NA,0
2024,2,8479328,NYI,2024-01-02,1.5716,557,1.5716,557,NA,NA,0
2024,2,8479339,CBJ,2023-12-14,1.2236,461,1.2236,461,NA,NA,0
2024,2,8479339,CBJ,2023-12-10,2.1573,791,1.9398,726,0.2175,65,1
2024,2,8479339,CBJ,2023-12-03,2.3806,988,1.6772,659,0.6834,320,0
2024,2,8479339,CBJ,2023-12-01,1.9706,760,1.7825,671,0.188,89,1
2024,2,8479339,CBJ,2023-11-29,2.2031,783,1.9336,682,0.2695,101,1
2024,2,8479339,CBJ,2023-11-27,2.7922,1009,1.9555,661,0.8367,348,1
2024,2,8479339,CBJ,2023-11-26,2.6493,906,2.6493,906,NA,NA,0
2024,2,8479339,CBJ,2023-11-24,1.8126,730,1.4595,554,0.3531,176,0
2024,2,8479339,CBJ,2023-11-22,2.6233,959,2.1581,762,0.4652,197,1
2024,2,8479339,CBJ,2023-11-18,2.0111,741,1.7072,617,0.3039,124,0
2024,2,8479372,FLA,2024-04-16,1.457,651,1.457,650,NA,NA,1
2024,2,8479372,FLA,2024-04-09,1.9312,763,1.7848,692,NA,NA,1
2024,2,8479372,FLA,2024-04-06,1.407,582,1.4007,579,NA,NA,0
2024,2,8479372,FLA,2024-04-04,2.2738,928,2.2738,928,NA,NA,0
2024,2,8479372,FLA,2024-03-24,1.8676,863,1.683,769,NA,NA,0
2024,2,8479372,FLA,2024-03-23,2.2536,988,1.9927,841,NA,NA,0
2024,2,8479372,FLA,2024-03-21,1.3272,568,1.2743,538,NA,NA,1
2024,2,8479372,FLA,2024-03-16,1.7073,726,1.2537,514,NA,NA,1
2024,2,8479372,FLA,2024-03-14,1.4325,640,1.4325,640,NA,NA,0
2024,2,8479372,FLA,2024-03-12,1.5864,644,1.5864,644,NA,NA,0
2024,2,8479439,SJS,2024-04-11,1.0041,354,0.8279,289,0.1763,65,0
2024,2,8479439,SJS,2024-04-09,1.5078,510,1.4793,491,0.0286,19,1
2024,2,8479439,SJS,2024-04-07,1.9279,685,1.4096,486,0.5183,199,1
2024,2,8479439,SJS,2024-04-06,1.2696,416,0.8497,285,0.4199,131,1
2024,2,8479439,SJS,2024-03-26,1.7846,649,1.5103,557,0.2744,92,1
2024,2,8479439,SJS,2024-03-23,1.7971,618,1.5334,531,0.2637,87,1
2024,2,8479439,SJS,2024-03-21,2.2601,837,1.7573,632,0.5027,205,1
2024,2,8479439,SJS,2024-03-19,1.8396,595,1.7854,576,0.0541,19,0
2024,2,8479439,SJS,2024-03-17,2.3872,980,2.3872,980,NA,NA,0
2024,2,8479439,SJS,2024-03-16,2.9496000000000002,1117,2.6055,997,0.3442,120,0
2024,2,8479718,TBL,2024-02-19,1.2503,462,1.2503,462,NA,NA,1
2024,2,8479718,TBL,2024-02-15,0.8759,328,0.8313,299,0.0446,29,1
2024,2,8479718,TBL,2024-02-10,1.8633,710,1.703,641,0.1602,69,0
2024,2,8479718,TBL,2024-02-07,1.7297,667,1.5735,609,0.1562,58,0
2024,2,8479718,TBL,2024-01-23,1.5152,537,1.5152,537,NA,NA,0
2024,2,8479718,TBL,2024-01-09,1.3759,505,1.3427,497,0.0332,8,1
2024,2,8479718,TBL,2024-01-02,1.1024,391,1.0506,373,0.0518,18,0
2024,2,8479718,TBL,2023-12-31,1.7995,647,1.6944,608,0.1051,39,1
2024,2,8479718,TBL,2023-12-30,1.7408,672,1.6816,651,0.0592,21,1
2024,2,8479718,TBL,2023-12-23,1.379,477,1.379,477,NA,NA,0
2024,2,8479968,MIN,2024-04-13,1.4159,529,1.4159,529,NA,NA,0
2024,2,8479968,MIN,2024-04-12,1.697,651,1.697,651,NA,NA,0
2024,2,8479968,MIN,2024-04-09,1.326,516,1.315,512,NA,NA,0
2024,2,8479968,MIN,2024-04-06,1.3365,520,1.3365,520,NA,NA,1
2024,2,8479968,MIN,2024-04-04,1.2628,459,1.2628,459,NA,NA,1
2024,2,8479968,MIN,2024-04-02,2.0128,696,1.9964,690,0.0164,6,1
2024,2,8479968,MIN,2024-03-30,1.2475,439,1.2475,439,NA,NA,1
2024,2,8479968,MIN,2024-03-28,1.5625,595,1.5625,595,NA,NA,1
2024,2,8479968,MIN,2024-03-16,0.9489,318,0.9489,318,NA,NA,0
2024,2,8479968,MIN,2024-03-14,1.6935,590,1.6935,590,NA,NA,1
2024,2,8480008,"CGY,ARI",2024-02-18,1.1707,401,1.1671,399,0.0035,2,0
2024,2,8480008,"CGY,ARI",2024-02-14,1.5984,531,1.5984,531,NA,NA,1
2024,2,8480008,"CGY,ARI",2024-02-12,1.6714,560,1.6714,560,NA,NA,0
2024,2,8480008,"CGY,ARI",2024-01-20,1.0914,363,1.0914,361,NA,NA,0
2024,2,8480008,"CGY,ARI",2024-01-18,2.2286,744,2.2286,744,NA,NA,0
2024,2,8480008,"CGY,ARI",2024-01-16,1.7446,559,1.144,356,0.6006,203,0
2024,2,8480008,"CGY,ARI",2024-01-13,1.5201,526,1.5201,526,NA,NA,0
2024,2,8480008,"CGY,ARI",2024-01-11,1.8733,628,1.8608,623,0.0125,5,1
2024,2,8480008,"CGY,ARI",2024-01-09,1.7628,561,1.4731,465,0.2897,96,0
2024,2,8480008,"CGY,ARI",2024-01-06,1.6219,506,1.117,332,0.5049,174,0
2024,2,8480222,NYI,2024-04-17,1.452,628,1.3687,578,NA,NA,1
2024,2,8480222,NYI,2024-04-15,2.4008,1000,2.3045,947,NA,NA,0
2024,2,8480222,NYI,2024-04-13,2.8659,1217,2.2496,980,0.6163,237,0
2024,2,8480222,NYI,2024-04-11,3.333,1366,2.7447,1137,0.5883,229,1
2024,2,8480222,NYI,2024-04-02,2.2135,948,2.2135,948,NA,NA,1
2024,2,8480222,NYI,2024-03-19,2.8708,1202,2.7917,1163,NA,NA,1
2024,2,8480222,NYI,2024-03-17,2.6279,1088,2.5952,1078,0.0326,10,0
2024,2,8480222,NYI,2024-03-16,2.4551,998,2.4551,998,NA,NA,1
2024,2,8480222,NYI,2024-03-14,2.1773,951,2.0899,909,NA,NA,0
2024,2,8480222,NYI,2024-03-11,2.2475,952,2.1944,919,NA,NA,0
2024,2,8480848,DAL,2024-04-06,2.0207,710,1.7323,616,NA,NA,0
2024,2,8480848,DAL,2024-03-26,2.2743,823,2.1619,778,NA,NA,0
2024,2,8480848,DAL,2024-03-16,2.3759,825,2.2084,748,NA,NA,1
2024,2,8480848,DAL,2024-03-14,2.1425,731,2.1425,731,NA,NA,1
2024,2,8480848,DAL,2024-03-12,1.7974,654,1.4877,525,0.0718,20,1
2024,2,8480848,DAL,2024-03-09,1.9365,669,1.4665,506,NA,NA,0
2024,2,8480848,DAL,2024-03-08,2.1461,802,2.0148,736,NA,NA,0
2024,2,8480848,DAL,2024-03-05,1.8185,627,1.5773,530,NA,NA,0
2024,2,8480848,DAL,2024-03-02,1.8398,721,1.8362,721,NA,NA,1
2024,2,8480848,DAL,2024-02-29,2.5579,917,2.3668,849,NA,NA,1
2024,2,8480990,"WPG,MIN",2024-04-18,1.8856,748,1.4951,588,0.3905,160,1
2024,2,8480990,"WPG,MIN",2024-04-15,1.317,581,1.0409,451,0.1733,74,0
2024,2,8480990,"WPG,MIN",2024-04-13,1.4977,599,1.3809,544,NA,NA,0
2024,2,8480990,"WPG,MIN",2024-04-12,2.3706,984,2.0256,844,0.345,140,0
2024,2,8480990,"WPG,MIN",2024-04-09,2.1407,859,2.0123,815,0.1283,44,0
2024,2,8480990,"WPG,MIN",2024-04-07,2.1252,864,2.08,845,0.0452,19,0
2024,2,8480990,"WPG,MIN",2024-04-06,3.2963,1429,2.9581,1259,0.145,66,1
2024,2,8480990,"WPG,MIN",2024-04-04,2.6506,1129,2.4178,1017,0.1977,92,1
2024,2,8480990,"WPG,MIN",2024-04-02,2.3402,950,1.7011,698,0.6391,252,1
2024,2,8480990,"WPG,MIN",2024-03-30,2.4834,971,1.965,776,0.5184,195,1
2024,2,8481237,NYI,2024-04-17,2.7404,1086,2.6886,1054,NA,NA,1
2024,2,8481237,NYI,2024-04-15,2.0225,743,2.0225,743,NA,NA,0
2024,2,8481237,NYI,2024-04-13,1.5216,525,1.5041,517,0.0175,8,0
2024,2,8481237,NYI,2024-04-11,1.4942,564,1.4666,552,0.0276,12,1
2024,2,8481237,NYI,2024-04-09,1.4273,528,1.4273,528,NA,NA,1
2024,2,8481237,NYI,2024-04-06,1.5155,516,1.4747,497,0.0408,19,1
2024,2,8481237,NYI,2024-04-04,1.4028,519,1.4028,519,NA,NA,0
2024,2,8481237,NYI,2024-04-02,1.6065,600,1.6065,600,NA,NA,1
2024,2,8481237,NYI,2024-04-01,2.1562,793,2.1561,792,1e-4,1,0
2024,2,8481237,NYI,2024-03-30,1.6219,628,1.5016,573,0.1203,55,0
2024,2,8481527,VGK,2024-02-08,2.6853,1109,2.6853,1109,NA,NA,0
2024,2,8481527,VGK,2024-02-06,3.1515,1223,3.0669,1200,0.0846,23,1
2024,2,8481527,VGK,2024-01-27,2.6171,952,2.6054,949,NA,NA,0
2024,2,8481527,VGK,2024-01-26,2.3226,981,2.3226,981,NA,NA,0
2024,2,8481527,VGK,2024-01-23,2.4213,1003,2.3381,974,0.0832,29,0
2024,2,8481527,VGK,2024-01-22,2.6703,1060,2.6703,1060,NA,NA,0
2024,2,8481527,VGK,2024-01-20,2.1897,870,2.1897,870,NA,NA,1
2024,2,8481527,VGK,2024-01-18,1.9271,788,1.9264,786,7e-4,2,1
2024,2,8481527,VGK,2024-01-15,2.1318,873,2.1139,867,0.0179,6,1
2024,2,8481527,VGK,2024-01-13,2.6729,1029,2.6729,1029,NA,NA,1
2024,2,8481537,"SJS,CGY",2024-04-14,1.6139,659,1.524,605,NA,NA,1
2024,2,8481537,"SJS,CGY",2024-04-12,2.0329,842,2.0329,842,NA,NA,0
2024,2,8481537,"SJS,CGY",2024-04-09,2.3939,1005,2.327,957,NA,NA,0
2024,2,8481537,"SJS,CGY",2024-04-04,2.1778,904,2.1778,904,NA,NA,0
2024,2,8481537,"SJS,CGY",2024-03-28,2.0639,878,1.8914,796,NA,NA,0
2024,2,8481537,"SJS,CGY",2024-03-26,2.1539,874,2.1539,874,NA,NA,0
2024,2,8481537,"SJS,CGY",2024-03-16,1.6109,767,1.6109,767,NA,NA,1
2024,2,8481537,"SJS,CGY",2024-03-14,1.7944,776,1.7921,774,0.0024,2,1
2024,2,8481537,"SJS,CGY",2024-03-12,1.1142,503,1.1142,503,NA,NA,1
2024,2,8481537,"SJS,CGY",2024-03-03,2.0462,852,2.0462,852,NA,NA,0
2024,2,8481641,COL,2024-04-13,2.0087,688,1.9108,636,NA,NA,1
2024,2,8481641,COL,2024-04-09,1.2438,449,1.0989,386,NA,NA,1
2024,2,8481641,COL,2024-04-07,1.1506,438,0.9513,340,NA,NA,1
2024,2,8481641,COL,2024-04-04,1.2102,458,1.2068,458,0.0034,0,0
2024,2,8481641,COL,2024-03-13,2.3888,781,2.2796,736,NA,NA,0
2024,2,8481641,COL,2024-03-12,1.5814,569,1.3394,476,NA,NA,0
2024,2,8481641,COL,2024-03-08,0.9298,323,0.8134,283,NA,NA,1
2024,2,8481641,COL,2024-03-06,1.9846,721,1.8651,671,NA,NA,1
2024,2,8481641,COL,2024-03-04,1.8596,662,1.5679,536,0.003,0,1
2024,2,8481641,COL,2024-03-02,1.8603,694,1.6164,601,NA,NA,0
2024,2,8481708,NYR,2024-04-07,2.5001,968,2.5001,968,NA,NA,1
2024,2,8481708,NYR,2024-04-01,2.7199,1114,2.6826,1103,0.0042,0,1
2024,2,8481708,NYR,2024-03-30,2.4327,988,2.4305,987,NA,NA,0
2024,2,8481708,NYR,2024-03-28,2.4141,984,2.4141,984,NA,NA,0
2024,2,8481708,NYR,2024-03-26,3.2923,1378,3.2066,1338,NA,NA,1
2024,2,8481708,NYR,2024-03-23,2.2275,839,2.2275,839,NA,NA,1
2024,2,8481708,NYR,2024-03-21,2.0699,889,1.9131,816,NA,NA,0
2024,2,8481708,NYR,2024-03-19,2.2715,944,2.271,944,5e-4,0,1
2024,2,8481708,NYR,2024-03-17,2.827,1070,2.8063,1060,NA,NA,1
2024,2,8481708,NYR,2024-03-16,2.2257,911,2.2154,906,NA,NA,0
2024,2,8482077,EDM,2024-04-18,3.0135,1006,2.6839,901,0.3073,94,0
2024,2,8482077,EDM,2024-04-17,2.3388,812,2.3388,812,NA,NA,0
2024,2,8482077,EDM,2024-04-15,2.2788,833,2.2788,833,NA,NA,1
2024,2,8482077,EDM,2024-04-13,1.7692,613,1.7692,613,NA,NA,1
2024,2,8482077,EDM,2024-04-12,2.1439,692,2.1439,692,NA,NA,1
2024,2,8482077,EDM,2024-04-10,2.2394,760,2.2394,760,NA,NA,1
2024,2,8482077,EDM,2024-03-05,1.8465,661,1.8465,661,NA,NA,0
2024,2,8482077,EDM,2024-03-03,2.4724,780,2.4353,767,0.0371,13,1
2024,2,8482077,EDM,2024-03-02,1.7411,567,1.7411,567,NA,NA,0
2024,2,8482077,EDM,2024-02-28,1.8,634,1.8,634,NA,NA,1
2024,2,8482659,ARI,2024-04-17,2.3227,748,2.2858,737,0.0369,11,1
2024,2,8482659,ARI,2024-04-14,1.8363,630,1.8363,630,NA,NA,0
2024,2,8482659,ARI,2024-04-12,2.4252,860,2.4252,860,NA,NA,0
2024,2,8482659,ARI,2024-04-10,1.7412,593,1.6651,563,0.0761,30,0
2024,2,8482659,ARI,2024-04-09,2.2138,717,2.2138,717,NA,NA,0
2024,2,8482659,ARI,2024-04-07,1.9717,647,1.9717,647,NA,NA,0
2024,2,8482659,ARI,2024-04-05,1.9159,685,1.9159,685,NA,NA,1
2024,2,8482659,ARI,2024-04-03,2.1806,818,2.1806,818,NA,NA,1
2024,2,8482659,ARI,2024-03-30,2.2529,762,2.2529,762,NA,NA,1
2024,2,8482659,ARI,2024-03-28,2.3184,869,2.3184,869,NA,NA,1
2024,2,8482679,CGY,2024-04-18,1.8561,678,1.6922,627,0.1639,51,1
2024,2,8482679,CGY,2024-04-16,2.2919,833,2.1546,764,0.1373,69,0
2024,2,8482679,CGY,2024-04-14,2.2335,819,2.0003,695,0.2333,124,1
2024,2,8482679,CGY,2024-04-12,2.0615,749,1.8867,680,0.1748,69,0
2024,2,8482679,CGY,2024-04-11,2.3369,861,2.1903,803,0.0956,44,0
2024,2,8482679,CGY,2024-04-09,1.5179,535,1.5179,535,NA,NA,0
2024,2,8482679,CGY,2024-04-06,0.9907,344,0.8501,283,0.1406,61,1
2024,2,8482679,CGY,2024-04-04,1.6375,599,1.5937,567,0.0438,32,0
2024,2,8482679,CGY,2024-04-02,2.3137,859,2.3137,859,NA,NA,1
2024,2,8482679,CGY,2024-03-30,1.8651,668,1.6715,620,0.139,48,1
2024,2,8482737,STL,2024-04-17,2.6348,914,2.535,876,0.0998,38,0
2024,2,8482737,STL,2024-04-14,2.7252,1054,2.6947,1044,0.0299,9,1
2024,2,8482737,STL,2024-04-12,2.6085,928,2.6085,928,NA,NA,1
2024,2,8482737,STL,2024-04-10,2.4021,814,2.0988,698,0.3033,116,1
2024,2,8482737,STL,2024-04-07,2.8597,997,2.7877,966,0.0721,31,0
2024,2,8482737,STL,2024-04-06,2.7305,968,2.0733,725,0.6572,243,0
2024,2,8482737,STL,2024-04-04,1.662,554,1.5582,517,0.1038,37,0
2024,2,8482737,STL,2024-03-30,2.3507,815,2.2765,784,0.0681,27,1
2024,2,8482737,STL,2024-03-28,2.5215,924,2.2467,781,0.2748,143,1
2024,2,8482737,STL,2024-03-23,1.0286,353,1.0286,353,NA,NA,0
2024,2,8482749,MTL,2024-03-19,1.8699,741,1.7619,691,0.108,50,0
2024,2,8482749,MTL,2024-03-16,2.2676,856,2.0941,794,0.1735,62,0
2024,2,8482749,MTL,2024-03-14,1.8277,670,1.8277,670,NA,NA,1
2024,2,8482749,MTL,2024-03-12,1.7145,643,1.6479,613,0.0666,30,1
2024,2,8482749,MTL,2024-03-09,2.0919,788,1.9979,750,0.094,38,1
2024,2,8482749,MTL,2024-03-07,1.92,750,1.6928,709,0.2272,41,0
2024,2,8482749,MTL,2024-03-05,2.2251,844,2.0248,772,0.2004,72,0
2024,2,8482749,MTL,2024-03-02,2.025,776,1.7843,676,0.2407,100,0
2024,2,8482749,MTL,2024-02-29,1.2931,519,1.0793,447,0.2139,72,0
2024,2,8482749,MTL,2024-02-27,1.8447,756,1.8447,756,NA,NA,1
2024,2,8482803,ANA,2024-04-18,3.0762,1184,3.0568,1177,NA,NA,0
2024,2,8482803,ANA,2024-04-13,3.2577,1359,3.0802,1175,0.1775,184,0
2024,2,8482803,ANA,2024-04-12,3.1923,1274,3.0191,1202,0.1732,71,1
2024,2,8482803,ANA,2024-04-09,2.9028,1200,2.6215,1075,0.2813,125,1
2024,2,8482803,ANA,2024-04-07,3.8375,1486,3.3402,1290,0.4973,196,1
2024,2,8482803,ANA,2024-04-05,2.6814,1131,2.5433,1066,0.138,65,1
2024,2,8482803,ANA,2024-04-02,2.7731,1099,2.674,1051,0.0991,48,0
2024,2,8482803,ANA,2024-03-31,2.93,1245,2.3059,958,0.6241,287,0
2024,2,8482803,ANA,2024-03-30,2.4103,937,2.4103,937,NA,NA,0
2024,2,8482803,ANA,2024-03-26,2.4793,1061,2.4672,1053,NA,NA,0
2024,2,8482858,SEA,2024-04-18,2.7544,1198,2.4535,1037,0.2929,157,0
2024,2,8482858,SEA,2024-04-16,2.728,1254,2.6319,1204,0.096,50,0
2024,2,8482858,SEA,2024-04-14,3.0246,1338,2.7599,1215,0.2647,123,0
2024,2,8482858,SEA,2024-04-13,3.1901,1326,2.8358,1153,0.3539,171,0
2024,2,8482858,SEA,2024-04-11,2.6769,1259,2.3465,1094,0.3304,165,1
2024,2,8482858,SEA,2024-04-09,2.9158,1265,2.5361,1122,0.3797,143,1
2024,2,8482858,SEA,2024-04-05,2.424,1123,2.2474,1029,0.1703,90,0
2024,2,8482858,SEA,2024-04-03,3.0418,1382,2.4701,1089,0.3858,152,0
2024,2,8482858,SEA,2024-04-01,2.4545,1108,2.175,979,0.2795,129,0
2024,2,8482858,SEA,2024-03-30,3.1272,1302,2.5976,1042,0.3202,130,1
2024,2,8474618,STL,2024-04-17,2.0773,833,1.9608,772,NA,NA,0
2024,2,8474618,STL,2024-04-14,1.6114,644,1.6114,644,NA,NA,1
2024,2,8474618,STL,2024-04-12,1.5633,691,1.4334,633,NA,NA,1
2024,2,8474618,STL,2024-04-01,1.0867,437,1.0867,437,NA,NA,1
2024,2,8474618,STL,2024-03-25,1.0857,416,1.0857,416,NA,NA,1
2024,2,8474618,STL,2024-03-21,2.527,1063,2.3443,976,NA,NA,0
2024,2,8474618,STL,2024-03-09,2.0563,794,1.7944,676,NA,NA,0
2024,2,8474618,STL,2024-03-07,1.8971,803,1.6984,695,NA,NA,0
2024,2,8474618,STL,2024-03-05,1.848,750,1.848,750,NA,NA,0
2024,2,8474618,STL,2024-03-04,1.0632,447,0.9746,412,NA,NA,0
2024,2,8474709,NYI,2024-04-17,2.2533,855,2.2533,855,NA,NA,1
2024,2,8474709,NYI,2024-04-15,1.7399,707,1.7399,707,NA,NA,0
2024,2,8474709,NYI,2024-04-13,1.177,415,1.1632,407,0.0138,8,0
2024,2,8474709,NYI,2024-04-11,1.2272,502,1.2272,502,NA,NA,1
2024,2,8474709,NYI,2024-04-09,1.2582,492,1.2582,492,NA,NA,1
2024,2,8474709,NYI,2024-04-06,1.3155,486,1.3155,486,NA,NA,1
2024,2,8474709,NYI,2024-04-04,1.1698,488,1.1698,488,NA,NA,0
2024,2,8474709,NYI,2024-04-02,1.3122,532,1.3057,530,0.0065,2,1
2024,2,8474709,NYI,2024-04-01,1.6271,612,1.6271,611,NA,NA,0
2024,2,8474709,NYI,2024-03-30,1.6194,695,1.5407,640,0.0787,55,0
2024,2,8476329,ARI,2023-11-30,1.4075,513,1.4075,513,NA,NA,1
2024,2,8476329,ARI,2023-11-28,1.1473,401,1.1473,401,NA,NA,1
2024,2,8476329,ARI,2023-11-25,1.1043,374,1.1043,374,NA,NA,0
2024,2,8476329,ARI,2023-11-22,1.3138,452,1.3138,452,NA,NA,1
2024,2,8476329,ARI,2023-11-20,1.8118,675,1.7891,667,0.0227,8,1
2024,2,8476329,ARI,2023-11-18,2.3713,826,2.3713,826,NA,NA,0
2024,2,8476329,ARI,2023-11-16,2.3838,886,2.3838,886,NA,NA,0
2024,2,8476329,ARI,2023-11-14,1.7281,642,1.7281,642,NA,NA,0
2024,2,8476329,ARI,2023-11-11,1.0564,426,1.0564,426,NA,NA,0
2024,2,8476329,ARI,2023-11-07,1.5458,573,1.5458,573,NA,NA,1
2024,2,8476473,CHI,2024-04-16,2.7015,1151,2.58,1084,0.0043,2,0
2024,2,8476473,CHI,2024-04-14,2.7041,1215,2.3918,1025,0.0479,21,1
2024,2,8476473,CHI,2024-04-12,2.7376,1145,2.5959,1086,0.0323,15,1
2024,2,8476473,CHI,2024-01-13,2.7513,1157,2.438,994,0.0369,16,1
2024,2,8476473,CHI,2024-01-11,2.7074,1199,2.1176,912,NA,NA,0
2024,2,8476473,CHI,2024-01-09,2.6913,1191,2.4872,1081,0.0298,13,1
2024,2,8476473,CHI,2024-01-07,3.1054,1406,2.7923,1241,0.0131,6,1
2024,2,8476473,CHI,2024-01-05,3.106,1402,2.5145,1065,0.0434,14,0
2024,2,8476473,CHI,2024-01-04,2.9513,1271,2.8993,1247,0.023,7,0
2024,2,8476473,CHI,2024-01-02,2.8025,1154,2.5619,1025,NA,NA,0
2024,2,8477335,SJS,2024-04-18,2.7826,1097,2.6575,1046,NA,NA,0
2024,2,8477335,SJS,2024-04-15,3.166,1394,3.166,1394,NA,NA,0
2024,2,8477335,SJS,2024-04-13,3.1266,1279,3.1266,1279,NA,NA,1
2024,2,8477335,SJS,2024-04-11,2.1853,972,2.1646,965,0.0207,7,0
2024,2,8477335,SJS,2024-04-09,2.6044,1073,2.6044,1073,NA,NA,1
2024,2,8477335,SJS,2024-04-07,2.4667,994,2.3644,944,NA,NA,1
2024,2,8477335,SJS,2024-04-06,2.6892,1154,2.6802,1148,NA,NA,1
2024,2,8477335,SJS,2024-04-04,2.369,942,2.2439,874,NA,NA,1
2024,2,8477335,SJS,2024-04-01,2.806,1201,2.7764,1187,NA,NA,1
2024,2,8477335,SJS,2024-03-30,2.8202,1205,2.67,1151,0.0937,28,0
2024,2,8477478,VGK,2024-03-25,1.9322,747,1.9322,747,NA,NA,0
2024,2,8477478,VGK,2024-03-23,1.9395,727,1.9148,721,0.0247,6,1
2024,2,8477478,VGK,2024-03-21,1.7106,558,1.6515,539,NA,NA,1
2024,2,8477478,VGK,2024-03-19,1.7588,556,1.7588,556,NA,NA,1
2024,2,8477478,VGK,2024-03-17,1.6688,606,1.6688,606,NA,NA,1
2024,2,8477478,VGK,2024-03-14,1.6992,653,1.6992,653,NA,NA,0
2024,2,8477478,VGK,2024-01-04,1.6821,708,1.442,584,NA,NA,1
2024,2,8477478,VGK,2024-01-01,2.0265,739,2.0265,739,NA,NA,0
2024,2,8477478,VGK,2023-12-21,1.7603,702,1.7603,702,NA,NA,0
2024,2,8477478,VGK,2023-12-19,1.8328,745,1.8328,745,NA,NA,0
2024,2,8477541,MIN,2024-04-07,1.408,605,1.408,605,NA,NA,0
2024,2,8477541,MIN,2024-03-23,2.217,927,2.118,879,NA,NA,1
2024,2,8477541,MIN,2024-03-20,2.4685,1090,2.148,912,NA,NA,0
2024,2,8477541,MIN,2024-03-08,1.6242,811,1.3526,642,NA,NA,0
2024,2,8477541,MIN,2024-03-07,1.858,868,1.8356,861,NA,NA,0
2024,2,8477541,MIN,2024-03-03,0.3081,132,0.3081,132,NA,NA,1
2024,2,8477541,MIN,2024-02-27,1.6291,715,1.6058,690,NA,NA,1
2024,2,8477541,MIN,2024-02-24,1.6301,742,1.3541,589,NA,NA,0
2024,2,8477541,MIN,2024-02-23,1.5767,770,1.5767,770,NA,NA,0
2024,2,8477541,MIN,2024-02-20,2.4178,1060,2.3072,990,NA,NA,0
2024,2,8478211,CGY,2024-04-16,1.843,676,1.843,676,NA,NA,0
2024,2,8478211,CGY,2024-04-14,1.876,670,1.876,670,NA,NA,1
2024,2,8478211,CGY,2024-04-12,2.2227,791,2.2227,791,NA,NA,0
2024,2,8478211,CGY,2024-04-06,1.9923,758,1.9923,758,NA,NA,1
2024,2,8478211,CGY,2024-04-04,2.06,752,2.06,752,NA,NA,0
2024,2,8478211,CGY,2024-04-02,1.7633,626,1.7347,619,0.0286,7,1
2024,2,8478211,CGY,2024-03-30,1.2516,447,1.2428,443,0.0088,4,1
2024,2,8478211,CGY,2024-03-28,1.3266,507,1.2858,490,0.0408,17,0
2024,2,8478211,CGY,2024-03-24,1.3247,481,1.3247,481,NA,NA,1
2024,2,8478211,CGY,2024-03-23,1.5545,568,1.5545,568,NA,NA,0
2024,2,8478430,CGY,2024-04-18,2.7334,1171,2.7334,1171,NA,NA,1
2024,2,8478430,CGY,2024-04-16,2.8152,1232,2.8152,1232,NA,NA,0
2024,2,8478430,CGY,2024-04-14,2.7548,1145,2.7548,1145,NA,NA,1
2024,2,8478430,CGY,2024-04-12,2.9226,1277,2.8092,1233,0.0731,22,0
2024,2,8478430,CGY,2024-04-11,2.558,1096,2.4808,1040,NA,NA,0
2024,2,8478430,CGY,2024-04-06,2.4738,1039,2.3653,967,NA,NA,1
2024,2,8478430,CGY,2024-04-04,2.424,1019,2.1572,861,NA,NA,0
2024,2,8478430,CGY,2024-04-02,3.043,1239,3.0114,1230,0.0316,9,1
2024,2,8478430,CGY,2024-03-30,1.9629,836,1.8866,832,0.0104,4,1
2024,2,8478430,CGY,2024-03-26,2.9552,1156,2.9169,1146,0.0384,10,0
2024,2,8478450,BOS,2024-04-16,2.4893,1034,2.277,907,NA,NA,1
2024,2,8478450,BOS,2024-04-15,2.697,1165,2.5927,1107,NA,NA,0
2024,2,8478450,BOS,2024-04-09,2.5679,1078,2.4123,1014,0.1556,64,1
2024,2,8478450,BOS,2024-04-06,2.0708,904,2.0023,877,0.0347,15,1
2024,2,8478450,BOS,2024-04-04,2.3435,1080,2.2556,1011,0.0432,16,0
2024,2,8478450,BOS,2024-03-27,2.233,891,2.1644,856,NA,NA,0
2024,2,8478450,BOS,2024-03-26,2.1494,898,2.0915,873,0.0109,5,0
2024,2,8478450,BOS,2024-03-16,2.2328,992,2.0889,911,0.0121,4,1
2024,2,8478450,BOS,2024-03-14,2.1954,1055,2.0372,959,NA,NA,0
2024,2,8478450,BOS,2024-03-07,2.2349,1071,1.9321,898,NA,NA,1
2024,2,8480196,BUF,2024-04-15,2.155,968,2.155,968,NA,NA,0
2024,2,8480196,BUF,2024-04-13,2.0498,864,1.8519,771,NA,NA,0
2024,2,8480196,BUF,2024-04-11,2.5408,1078,2.5408,1078,NA,NA,1
2024,2,8480196,BUF,2024-04-09,1.8675,808,1.8267,787,NA,NA,0
2024,2,8480196,BUF,2024-04-07,1.2689,556,1.2689,556,NA,NA,0
2024,2,8480196,BUF,2024-04-05,2.0498,841,1.9716,811,NA,NA,1
2024,2,8480196,BUF,2024-04-02,2.2305,966,2.1084,884,NA,NA,1
2024,2,8480196,BUF,2024-03-30,1.4554,605,1.2825,514,NA,NA,1
2024,2,8480196,BUF,2024-03-29,1.6999,712,1.6606,694,NA,NA,1
2024,2,8480196,BUF,2024-03-27,2.2844,901,2.2822,899,NA,NA,1
2024,2,8480252,CHI,2024-01-19,2.0276,764,1.8823,699,0.1453,65,1
2024,2,8480252,CHI,2024-01-18,2.1538,755,1.6093,534,0.5327,217,0
2024,2,8480252,CHI,2024-01-16,2.145,779,1.574,563,0.5709,216,1
2024,2,8480252,CHI,2024-01-13,2.0822,725,1.8235,635,0.2587,90,1
2024,2,8480252,CHI,2024-01-11,2.0504,713,1.7069,554,0.3435,159,0
2024,2,8480252,CHI,2024-01-09,2.2612,814,1.7017,549,0.5595,265,1
2024,2,8480252,CHI,2024-01-07,2.7693,1013,2.301,818,0.4682,195,1
2024,2,8480252,CHI,2024-01-05,2.8663,1050,2.2215,792,0.6443,258,0
2024,2,8480252,CHI,2024-01-04,2.3156,853,2.049,725,0.2666,128,0
2024,2,8480252,CHI,2024-01-02,2.5232,940,1.9888,703,0.5343,237,0
2024,2,8480950,"ANA,TOR",2024-04-17,2.755,1202,2.2874,967,NA,NA,0
2024,2,8480950,"ANA,TOR",2024-04-16,2.5385,1039,1.9687,773,NA,NA,0
2024,2,8480950,"ANA,TOR",2024-04-13,2.5731,1036,2.3668,924,0.038,14,1
2024,2,8480950,"ANA,TOR",2024-04-11,2.6081,1052,2.407,947,NA,NA,1
2024,2,8480950,"ANA,TOR",2024-04-08,2.2414,955,1.925,806,NA,NA,1
2024,2,8480950,"ANA,TOR",2024-04-06,2.8341,1178,2.8263,1178,NA,NA,0
2024,2,8480950,"ANA,TOR",2024-04-03,2.1406,930,1.8861,784,NA,NA,1
2024,2,8480950,"ANA,TOR",2024-04-01,2.4582,1105,2.0717,917,0.0228,13,1
2024,2,8480950,"ANA,TOR",2024-03-30,2.5476,1114,2.0626,848,NA,NA,0
2024,2,8480950,"ANA,TOR",2024-03-28,2.6853,1153,2.5554,1094,NA,NA,1
2024,2,8481058,MTL,2024-04-15,1.4279,521,1.4279,521,NA,NA,0
2024,2,8481058,MTL,2024-04-13,1.6032,569,1.529,523,0.0742,46,0
2024,2,8481058,MTL,2024-04-04,1.4826,552,1.1884,436,0.2942,116,1
2024,2,8481058,MTL,2024-04-02,1.6007,610,1.4675,554,0.1333,56,1
2024,2,8481058,MTL,2024-03-30,2.3518,904,2.1405,804,0.2113,100,1
2024,2,8481058,MTL,2024-03-28,1.3936,555,1.3274,531,0.057,20,1
2024,2,8481058,MTL,2024-03-26,1.592,535,1.592,535,NA,NA,0
2024,2,8481058,MTL,2024-03-24,2.0305,734,1.9388,690,0.0917,44,0
2024,2,8481058,MTL,2024-03-07,1.7901,699,1.4246,546,0.3655,153,0
2024,2,8481058,MTL,2024-03-05,1.6773,681,1.5667,614,0.1106,67,0
2024,2,8482153,VGK,2024-04-10,2.0514,712,2.0514,712,NA,NA,0
2024,2,8482153,VGK,2024-04-05,0.9059,700,0.9029,698,0.003,2,0
2024,2,8482153,VGK,2024-03-09,1.6447,581,1.6446,581,NA,NA,1
2024,2,8482153,VGK,2024-03-02,1.8955,693,1.6189,583,0.2766,110,0
2024,2,8482153,VGK,2024-02-29,2.7471,936,2.6365,906,0.1106,30,0
2024,2,8482153,VGK,2024-02-27,2.6065,887,2.2698,766,0.3367,121,0
2024,2,8482153,VGK,2024-02-24,2.7019,918,2.5909,869,0.029,11,0
2024,2,8482153,VGK,2024-02-22,2.0011,715,1.8332,660,0.1679,55,1
2024,2,8482153,VGK,2024-02-12,2.4371,877,1.8603,645,0.5768,232,1
2024,2,8482153,VGK,2024-02-08,2.1654,800,2.0343,760,0.131,40,0
2024,2,8474568,NSH,2024-04-15,1.7372,808,1.5244,683,NA,NA,0
2024,2,8474568,NSH,2024-04-13,2.4145,1145,2.3079,1086,NA,NA,1
2024,2,8474568,NSH,2024-04-12,2.4756,1158,2.2125,981,NA,NA,0
2024,2,8474568,NSH,2024-04-09,1.9867,801,1.8529,735,NA,NA,1
2024,2,8474568,NSH,2024-04-07,1.9288,878,1.7467,780,NA,NA,0
2024,2,8474568,NSH,2024-04-06,1.6812,716,1.5901,670,NA,NA,0
2024,2,8474568,NSH,2024-04-04,1.8821,772,1.6779,670,NA,NA,1
2024,2,8474568,NSH,2024-04-02,1.5974,697,1.5052,658,NA,NA,1
2024,2,8474568,NSH,2024-03-30,2.4538,1074,2.1401,908,NA,NA,0
2024,2,8474568,NSH,2024-03-28,1.8414,835,1.6962,742,NA,NA,0
2024,2,8475958,WSH,2024-04-07,1.1683,406,1.0655,363,0.1028,43,1
2024,2,8475958,WSH,2024-04-05,1.3862,486,1.3862,486,NA,NA,0
2024,2,8475958,WSH,2024-04-04,1.7076,555,1.7076,555,NA,NA,1
2024,2,8475958,WSH,2024-04-02,2.6367,1003,2.2716,842,0.3652,161,0
2024,2,8475958,WSH,2024-03-30,1.5972,543,1.47,499,NA,NA,1
2024,2,8475958,WSH,2024-03-28,1.8873,663,1.7518,617,0.0475,13,0
2024,2,8475958,WSH,2024-03-26,1.4695,507,1.3914,474,NA,NA,1
2024,2,8475958,WSH,2024-03-22,1.7078,604,1.5713,556,NA,NA,1
2024,2,8475958,WSH,2024-03-20,1.9972,700,1.7266,596,NA,NA,1
2024,2,8475958,WSH,2024-03-11,2.1171,709,2.0299,676,NA,NA,0
2024,2,8477930,SEA,2024-04-18,1.634,611,1.3899,489,NA,NA,0
2024,2,8477930,SEA,2024-04-16,2.535,877,2.1999,732,0.0171,11,0
2024,2,8477930,SEA,2024-04-14,1.5331,501,1.5331,501,NA,NA,0
2024,2,8477930,SEA,2024-04-05,1.7924,629,1.7924,629,NA,NA,0
2024,2,8477930,SEA,2024-03-22,1.5449,503,1.4794,476,NA,NA,0
2024,2,8477930,SEA,2024-03-18,1.5428,551,1.3928,494,0.0211,6,1
2024,2,8477930,SEA,2024-03-16,1.9862,720,1.7984,639,0.0085,0,1
2024,2,8477930,SEA,2024-03-14,1.5558,588,1.1856,422,NA,NA,1
2024,2,8477930,SEA,2024-03-12,2.1219,824,1.5973,583,0.0017,0,1
2024,2,8477930,SEA,2024-03-08,1.5933,547,1.5933,547,NA,NA,1
2024,2,8478104,STL,2024-04-17,2.0945,755,2.0945,755,NA,NA,0
2024,2,8478104,STL,2024-04-14,1.6174,583,1.6174,583,NA,NA,1
2024,2,8478104,STL,2024-04-12,1.7076,602,1.7076,602,NA,NA,1
2024,2,8478104,STL,2024-04-10,2.164,842,2.1428,833,0.0212,9,1
2024,2,8478104,STL,2024-04-07,1.6242,610,1.6242,610,NA,NA,0
2024,2,8478104,STL,2024-04-04,1.5533,555,1.4617,515,0.0916,40,0
2024,2,8478104,STL,2024-04-01,1.1044,397,1.1044,397,NA,NA,1
2024,2,8478104,STL,2024-03-30,1.6224,609,1.6224,609,NA,NA,1
2024,2,8478104,STL,2024-03-09,1.5281,565,1.5281,565,NA,NA,0
2024,2,8478104,STL,2024-02-19,1.408,469,1.408,469,NA,NA,1
2024,2,8478408,ARI,2024-04-07,1.4664,646,1.0559,453,NA,NA,0
2024,2,8478408,ARI,2024-04-05,2.8949,1360,2.3696,1032,NA,NA,1
2024,2,8478408,ARI,2024-04-03,2.0372,960,1.8227,823,NA,NA,1
2024,2,8478408,ARI,2024-03-30,1.8778,829,1.8778,829,NA,NA,1
2024,2,8478408,ARI,2024-03-28,2.9029,1275,2.6563,1151,0.0381,11,1
2024,2,8478408,ARI,2024-03-26,2.8375,1209,2.3724,970,NA,NA,1
2024,2,8478408,ARI,2024-03-24,2.6128,1077,2.2018,839,NA,NA,1
2024,2,8478408,ARI,2024-03-22,2.7476,1197,2.345,1003,NA,NA,1
2024,2,8478408,ARI,2024-03-20,2.7352,1145,2.4085,986,NA,NA,0
2024,2,8478408,ARI,2024-03-16,2.6861,1226,2.5442,1158,NA,NA,1
2024,2,8478454,VAN,2024-04-18,2.6205,1101,2.1655,891,NA,NA,0
2024,2,8478454,VAN,2024-03-31,1.8222,805,1.6049,684,NA,NA,1
2024,2,8478454,VAN,2024-03-23,2.4593,1029,2.2892,942,NA,NA,1
2024,2,8478454,VAN,2024-03-21,2.0656,852,1.7725,671,NA,NA,1
2024,2,8478454,VAN,2024-03-13,2.0311,824,1.7869,676,NA,NA,1
2024,2,8478454,VAN,2024-03-09,2.6809,1061,2.5315,999,NA,NA,1
2024,2,8478454,VAN,2024-03-07,2.3636,940,2.2632,891,NA,NA,0
2024,2,8478454,VAN,2024-03-05,2.0238,789,2.0238,789,NA,NA,0
2024,2,8478454,VAN,2024-03-03,2.635,1072,2.635,1072,NA,NA,0
2024,2,8478454,VAN,2024-02-29,2.4411,1050,2.4074,1035,NA,NA,1
2024,2,8478502,CGY,2024-04-06,1.3122,533,1.2858,519,NA,NA,1
2024,2,8478502,CGY,2024-03-07,0.4084,237,0.4084,237,NA,NA,0
2024,2,8478502,CGY,2024-03-02,1.3029,553,1.3029,553,NA,NA,1
2024,2,8478502,CGY,2024-01-27,1.1954,491,1.1954,491,NA,NA,1
2024,2,8478502,CGY,2024-01-23,1.3844,609,1.3844,609,NA,NA,1
2024,2,8478502,CGY,2024-01-20,1.3844,589,1.3844,589,NA,NA,1
2024,2,8478502,CGY,2024-01-04,2.0581,898,2.0457,881,NA,NA,0
2024,2,8478502,CGY,2024-01-02,1.8057,738,1.8057,738,NA,NA,0
2024,2,8478502,CGY,2023-12-31,1.9878,832,1.9616,815,NA,NA,1
2024,2,8478502,CGY,2023-12-27,1.7445,681,1.6813,661,0.0632,20,1
2024,2,8478569,PIT,2024-03-24,0.7126,296,0.5683,234,NA,NA,0
2024,2,8478569,PIT,2024-03-22,1.9968,703,1.8035,625,NA,NA,0
2024,2,8478569,PIT,2024-03-19,2.0452,723,1.5691,526,NA,NA,0
2024,2,8478569,PIT,2024-03-17,2.2815,892,2.1176,819,0.0668,21,1
2024,2,8478569,PIT,2024-03-16,1.6616,670,1.5482,619,0.0021,2,1
2024,2,8478569,PIT,2024-03-14,2.43,923,2.0481,766,0.015,8,1
2024,2,8478569,PIT,2024-03-12,2.3244,823,1.9295,664,0.066,27,0
2024,2,8478569,PIT,2024-03-10,2.0142,765,1.4438,522,0.0043,4,1
2024,2,8478569,PIT,2024-03-09,2.5526,982,2.2712,869,NA,NA,0
2024,2,8478569,PIT,2024-03-07,2.4939,975,1.8822,738,0.0544,22,1
2024,2,8479066,FLA,2024-04-09,1.2124,425,1.2124,425,NA,NA,1
2024,2,8479066,FLA,2024-04-06,0.8985,357,0.7927,297,NA,NA,0
2024,2,8479066,FLA,2024-04-04,1.8905,664,1.8905,664,NA,NA,0
2024,2,8479066,FLA,2024-04-02,1.8103,661,1.6244,591,NA,NA,0
2024,2,8479066,FLA,2024-04-01,2.1853,780,2.1683,774,0.017,6,0
2024,2,8479066,FLA,2024-03-24,1.043,378,1.043,378,NA,NA,0
2024,2,8479066,FLA,2024-03-21,1.9593,713,1.9593,713,NA,NA,1
2024,2,8479066,FLA,2024-03-16,0.7955,286,0.7432,269,NA,NA,1
2024,2,8479066,FLA,2024-03-14,1.6161,621,1.4118,545,0.0052,4,0
2024,2,8479066,FLA,2024-03-12,1.5406,519,1.522,511,0.0187,8,0
2024,2,8479346,CGY,2024-01-18,1.0336,335,1.0336,335,NA,NA,1
2024,2,8479346,CGY,2024-01-16,1.8468,665,1.5424,534,0.0378,15,1
2024,2,8479346,CGY,2024-01-13,1.6514,586,1.5374,553,NA,NA,0
2024,2,8479346,CGY,2024-01-11,1.9624,735,1.8366,686,0.0339,10,0
2024,2,8479346,CGY,2024-01-07,1.3044,432,0.9016,301,NA,NA,0
2024,2,8479346,CGY,2024-01-06,1.4669,489,1.2951,413,0.033,11,0
2024,2,8479346,CGY,2024-01-04,1.301,440,1.301,440,NA,NA,0
2024,2,8479346,CGY,2024-01-02,1.5285,504,1.417,463,NA,NA,0
2024,2,8479346,CGY,2023-12-31,1.4531,518,1.3801,484,NA,NA,1
2024,2,8479346,CGY,2023-12-27,1.573,560,1.2361,425,0.0773,22,1
2024,2,8479442,"ARI,EDM",2024-04-18,2.3909,979,2.3909,979,NA,NA,0
2024,2,8479442,"ARI,EDM",2024-04-17,2.2809,964,2.2809,964,NA,NA,0
2024,2,8479442,"ARI,EDM",2024-04-12,2.6163,1126,2.4962,1069,0.038,19,1
2024,2,8479442,"ARI,EDM",2024-03-30,2.5771,1084,2.4692,1030,NA,NA,1
2024,2,8479442,"ARI,EDM",2024-03-21,2.2078,904,2.1797,892,0.0282,12,1
2024,2,8479442,"ARI,EDM",2024-03-19,2.0067,851,1.9837,839,0.0229,12,1
2024,2,8479442,"ARI,EDM",2024-03-13,1.9703,813,1.9703,813,NA,NA,1
2024,2,8479442,"ARI,EDM",2024-03-05,2.6137,1076,2.5025,1011,NA,NA,0
2024,2,8479442,"ARI,EDM",2024-03-03,2.2849,1070,1.7476,803,0.0571,23,0
2024,2,8479442,"ARI,EDM",2024-03-01,2.1162,995,2.0238,939,NA,NA,0
2024,2,8479458,CHI,2024-04-10,2.1717,972,2.1613,966,NA,NA,0
2024,2,8479458,CHI,2024-04-07,2.5784,1134,2.5784,1134,NA,NA,1
2024,2,8479458,CHI,2024-03-28,0.8641,375,0.8641,375,NA,NA,0
2024,2,8479458,CHI,2024-03-26,2.1244,917,2.1,906,NA,NA,1
2024,2,8479458,CHI,2024-03-23,2.6388,1135,2.4179,1035,0.0212,8,0
2024,2,8479458,CHI,2024-03-21,2.0608,872,1.9878,845,NA,NA,0
2024,2,8479458,CHI,2024-03-19,2.7349,1124,2.7302,1122,0.0047,2,0
2024,2,8479458,CHI,2024-03-17,1.7679,762,1.6832,719,0.0847,43,1
2024,2,8479458,CHI,2024-03-15,2.538,1093,2.3546,995,0.0327,19,1
2024,2,8479458,CHI,2024-03-12,2.4099,987,2.3888,980,0.0211,7,1
2024,2,8479638,BOS,2024-04-02,0.6374,225,0.6374,225,NA,NA,0
2024,2,8479638,BOS,2024-03-30,1.9564,734,1.8511,686,0.1053,48,0
2024,2,8479638,BOS,2024-03-27,1.8157,672,1.7648,645,0.051,27,0
2024,2,8479638,BOS,2024-03-26,1.906,685,1.829,653,0.077,32,0
2024,2,8479638,BOS,2024-03-23,1.8382,708,1.7073,639,0.1309,69,0
2024,2,8479638,BOS,2024-03-21,2.1365,817,1.7651,645,0.3713,172,1
2024,2,8479638,BOS,2024-03-19,1.7097,657,1.5299,584,0.1798,73,1
2024,2,8479638,BOS,2024-03-16,1.9841,732,1.9798,730,0.0044,2,1
2024,2,8479638,BOS,2024-03-14,1.7923,753,1.4954,615,0.2969,138,0
2024,2,8479638,BOS,2024-03-11,2.1626,798,2.1268,784,0.0358,14,1
2024,2,8480084,"CGY,NJD",2024-04-07,2.537,1042,2.4499,1008,NA,NA,1
2024,2,8480084,"CGY,NJD",2024-04-06,2.4374,1047,2.3877,1014,NA,NA,0
2024,2,8480084,"CGY,NJD",2024-03-29,2.0269,885,2.0269,885,NA,NA,0
2024,2,8480084,"CGY,NJD",2024-03-26,2.7513,1104,2.7513,1104,NA,NA,0
2024,2,8480084,"CGY,NJD",2024-03-24,1.7004,741,1.2745,536,NA,NA,0
2024,2,8480084,"CGY,NJD",2024-03-23,2.6667,1021,2.4121,902,NA,NA,1
2024,2,8480084,"CGY,NJD",2024-03-21,2.4532,1019,2.3106,949,5e-4,0,1
2024,2,8480084,"CGY,NJD",2024-03-19,2.2696,869,2.1516,817,NA,NA,1
2024,2,8480084,"CGY,NJD",2024-03-17,1.6719,687,1.5203,607,NA,NA,0
2024,2,8480084,"CGY,NJD",2024-03-16,2.3501,971,2.2836,933,NA,NA,0
2024,2,8480807,BUF,2024-01-23,2.688,1166,2.4105,1022,0.0178,7,0
2024,2,8480807,BUF,2024-01-20,2.8713,1218,2.4083,993,0.0422,16,1
2024,2,8480807,BUF,2024-01-13,0.9453,445,0.8283,378,NA,NA,1
2024,2,8480807,BUF,2024-01-11,3.4131,1518,2.9084,1274,0.0125,6,1
2024,2,8480807,BUF,2024-01-09,3.3153,1368,3.1842,1293,NA,NA,1
2024,2,8480807,BUF,2024-01-06,3.0533,1379,2.626,1170,0.0378,13,0
2024,2,8480807,BUF,2024-01-04,2.8168,1292,2.3402,1033,NA,NA,0
2024,2,8480807,BUF,2023-12-31,2.8354,1167,2.7595,1129,NA,NA,0
2024,2,8480807,BUF,2023-12-30,3.4821,1349,3.3256,1265,NA,NA,1
2024,2,8480807,BUF,2023-12-27,2.8025,1205,2.4277,1013,NA,NA,1
2024,2,8481019,WPG,2024-04-18,1.9124,718,1.721,634,NA,NA,1
2024,2,8481019,WPG,2024-04-13,2.1237,778,2.1237,778,NA,NA,0
2024,2,8481019,WPG,2024-04-11,2.3396,853,2.1966,786,0.1431,67,0
2024,2,8481019,WPG,2024-03-28,1.2864,436,1.2864,436,NA,NA,1
2024,2,8481019,WPG,2024-03-21,1.0599,413,1.0599,413,NA,NA,0
2024,2,8481019,WPG,2024-03-19,1.4662,554,1.4662,554,NA,NA,0
2024,2,8481019,WPG,2024-03-17,1.7536,630,1.7536,630,NA,NA,0
2024,2,8481019,WPG,2024-03-15,1.5747,609,1.5747,609,NA,NA,1
2024,2,8481019,WPG,2024-03-09,1.8041,652,1.8041,652,NA,NA,0
2024,2,8481019,WPG,2024-03-05,1.4449,475,1.4449,475,NA,NA,1
2024,2,8481167,"VGK,CGY",2024-04-18,2.1571,896,1.9552,790,NA,NA,1
2024,2,8481167,"VGK,CGY",2024-04-16,2.3783,986,2.1252,859,0.0956,0,0
2024,2,8481167,"VGK,CGY",2024-04-14,1.7647,749,1.6734,694,NA,NA,1
2024,2,8481167,"VGK,CGY",2024-04-12,2.1428,943,2.0955,918,0.017,3,0
2024,2,8481167,"VGK,CGY",2024-04-11,1.8525,862,1.666,751,NA,NA,0
2024,2,8481167,"VGK,CGY",2024-04-09,2.1646,930,1.9652,809,NA,NA,0
2024,2,8481167,"VGK,CGY",2024-04-06,1.8065,791,1.5368,624,NA,NA,1
2024,2,8481167,"VGK,CGY",2024-04-04,1.9643,801,1.6585,657,NA,NA,0
2024,2,8481167,"VGK,CGY",2024-04-02,2.4019,1024,2.3992,1023,0.0027,1,1
2024,2,8481167,"VGK,CGY",2024-03-30,2.0798,900,1.9165,855,0.0115,4,1
2024,2,8481564,BUF,2024-03-06,1.3531,561,1.3531,561,NA,NA,0
2024,2,8481564,BUF,2024-03-03,1.5088,620,1.5088,620,NA,NA,1
2024,2,8481564,BUF,2024-03-02,2.4853,1033,2.4142,1000,NA,NA,1
2024,2,8481564,BUF,2024-02-29,2.3034,880,2.3034,880,NA,NA,0
2024,2,8481564,BUF,2024-02-23,1.4997,641,1.4259,604,NA,NA,0
2024,2,8481564,BUF,2024-02-19,2.2432,891,2.2432,891,NA,NA,1
2024,2,8481564,BUF,2024-02-17,1.6757,657,1.672,657,NA,NA,0
2024,2,8481564,BUF,2024-02-15,1.4011,546,1.4011,546,NA,NA,1
2024,2,8481564,BUF,2024-02-13,2.0816,865,2.0816,865,NA,NA,1
2024,2,8481564,BUF,2024-02-10,1.681,655,1.681,655,NA,NA,1
2024,2,8482070,TBL,2024-04-17,1.97,730,1.6913,635,NA,NA,1
2024,2,8482070,TBL,2024-04-15,1.7015,602,1.7015,602,NA,NA,1
2024,2,8482070,TBL,2024-04-13,1.8262,662,1.8262,662,NA,NA,0
2024,2,8482070,TBL,2024-04-09,2.3691,899,2.3586,899,NA,NA,1
2024,2,8482070,TBL,2024-04-06,2.0647,743,2.0638,740,9e-4,3,0
2024,2,8482070,TBL,2024-04-04,2.0493,761,1.8392,647,0.0895,59,0
2024,2,8482070,TBL,2024-04-03,2.0459,721,2.0459,721,NA,NA,0
2024,2,8482070,TBL,2024-04-01,1.7062,662,1.7062,662,NA,NA,1
2024,2,8482070,TBL,2024-03-30,2.1345,757,2.1345,757,NA,NA,1
2024,2,8482070,TBL,2024-03-27,1.8655,598,1.8655,598,NA,NA,1
2024,2,8482176,CHI,2024-04-07,2.7432,1234,2.6553,1171,NA,NA,1
2024,2,8482176,CHI,2024-04-06,2.4029,1071,2.2882,1000,NA,NA,1
2024,2,8482176,CHI,2024-04-02,2.5589,1130,2.5407,1121,NA,NA,0
2024,2,8482176,CHI,2024-03-30,2.831,1235,2.5256,1074,0.0313,15,0
2024,2,8482176,CHI,2024-03-28,3.0204,1256,2.832,1155,0.0179,8,0
2024,2,8482176,CHI,2024-03-26,2.3523,1076,2.1606,961,NA,NA,1
2024,2,8482176,CHI,2024-03-23,2.8709,1163,2.7624,1108,NA,NA,0
2024,2,8482176,CHI,2024-03-21,2.4726,997,2.4014,969,NA,NA,0
2024,2,8482176,CHI,2024-03-19,2.6846,1076,2.6444,1048,NA,NA,0
2024,2,8482176,CHI,2023-12-19,2.3091,983,2.0712,846,0.0762,34,1
2024,2,8482241,PIT,2024-04-13,0.929,326,0.929,326,NA,NA,1
2024,2,8482241,PIT,2024-04-11,0.7876,297,0.7333,281,0.0543,16,1
2024,2,8482241,PIT,2024-01-15,1.3497,461,1.3497,461,NA,NA,1
2024,2,8482241,PIT,2024-01-13,0.711,266,0.7094,265,0.0016,1,0
2024,2,8482241,PIT,2023-12-30,1.5015,476,1.4932,471,0.0083,5,1
2024,2,8482241,PIT,2023-12-27,1.7147,624,1.7147,624,NA,NA,0
2024,2,8482241,PIT,2023-12-23,1.3721,506,1.3721,506,NA,NA,0
2024,2,8482241,PIT,2023-12-21,1.3628,462,1.2296,413,0.1332,49,1
2024,2,8482241,PIT,2023-12-18,1.203,389,1.203,389,NA,NA,1
2024,2,8482241,PIT,2023-12-16,1.0717,381,1.0717,381,NA,NA,0
2024,2,8482496,VAN,2024-04-18,2.3308,824,1.9688,689,0.0129,6,0
2024,2,8482496,VAN,2024-04-08,1.4449,531,1.2703,452,NA,NA,1
2024,2,8482496,VAN,2024-04-06,1.9088,686,1.7522,613,NA,NA,0
2024,2,8482496,VAN,2024-04-03,1.617,601,1.4253,530,NA,NA,0
2024,2,8482496,VAN,2024-03-25,1.4607,517,1.2831,455,NA,NA,1
2024,2,8482496,VAN,2024-03-23,1.7039,604,1.5487,542,NA,NA,1
2024,2,8482496,VAN,2024-03-21,1.5511,607,1.5511,607,NA,NA,1
2024,2,8482496,VAN,2024-03-19,1.263,458,1.1387,403,NA,NA,1
2024,2,8482496,VAN,2024-02-22,1.2817,456,1.0497,353,NA,NA,0
2024,2,8482496,VAN,2024-02-20,1.2885,441,1.2396,416,NA,NA,0
2024,2,8482516,STL,2024-04-17,3.0662,1328,2.9215,1240,NA,NA,0
2024,2,8482516,STL,2024-04-14,3.0149,1377,2.7512,1205,NA,NA,1
2024,2,8482516,STL,2024-04-12,3.0634,1280,2.9336,1205,NA,NA,1
2024,2,8482516,STL,2024-04-10,3.0777,1350,3.0714,1347,NA,NA,1
2024,2,8482516,STL,2024-04-07,2.4401,1037,2.3713,978,NA,NA,0
2024,2,8482516,STL,2024-04-06,2.7549,1201,2.2858,925,NA,NA,0
2024,2,8482516,STL,2024-04-04,1.172,477,1.172,477,NA,NA,0
2024,2,8482516,STL,2024-03-30,2.2812,917,2.1735,869,NA,NA,1
2024,2,8482516,STL,2024-03-28,2.0728,852,1.956,805,NA,NA,1
2024,2,8482516,STL,2024-03-25,1.666,711,1.666,711,NA,NA,1
2024,2,8482624,"VGK,CGY",2024-04-18,3.0845,1287,2.9576,1236,0.1269,51,1
2024,2,8482624,"VGK,CGY",2024-04-16,3.0185,1228,2.8344,1164,0.1841,64,0
2024,2,8482624,"VGK,CGY",2024-04-14,3.1702,1352,2.8829,1236,0.2874,116,1
2024,2,8482624,"VGK,CGY",2024-04-12,2.8703,1207,2.6825,1124,0.1878,83,0
2024,2,8482624,"VGK,CGY",2024-04-11,3.1484,1256,3.0082,1211,0.1402,45,0
2024,2,8482624,"VGK,CGY",2024-04-09,2.9049,1142,2.775,1076,0.1299,66,0
2024,2,8482624,"VGK,CGY",2024-04-06,2.9856,1261,2.676,1145,0.3096,116,1
2024,2,8482624,"VGK,CGY",2024-04-04,2.8018,1187,2.7145,1143,0.0873,44,0
2024,2,8482624,"VGK,CGY",2024-04-02,3.2341,1501,3.049,1445,0.1851,56,1
2024,2,8482624,"VGK,CGY",2024-03-30,2.5734,1121,2.2415,976,0.3319,145,1
2024,2,8482652,CGY,2024-04-14,1.4601,539,1.3498000000000001,486,NA,NA,1
2024,2,8482652,CGY,2024-04-12,1.69,626,1.69,626,NA,NA,0
2024,2,8482652,CGY,2024-04-11,1.7804,645,1.7804,645,NA,NA,0
2024,2,8482652,CGY,2024-04-04,1.6321,571,1.5627,537,0.0207,12,0
2024,2,8482652,CGY,2024-03-14,0.8012,293,0.7657,284,0.0355,9,1
2024,2,8482652,CGY,2024-03-12,0.9287,345,0.9206,341,0.0081,4,1
2024,2,8482652,CGY,2024-03-10,1.6175,544,1.6175,544,NA,NA,0
2024,2,8482652,CGY,2024-03-09,1.8966,645,1.8932,642,0.0034,3,0
2024,2,8482652,CGY,2024-03-07,1.3236,489,1.268,464,0.0555,25,0
2024,2,8482652,CGY,2024-03-04,1.5685,520,1.4981,499,0.0705,21,1
2024,2,8471817,TOR,2024-04-17,1.4895,610,1.4791,607,0.0103,3,0
2024,2,8471817,TOR,2024-04-16,1.1888,482,1.1888,482,NA,NA,0
2024,2,8471817,TOR,2024-04-13,1.3268,497,1.3268,497,NA,NA,1
2024,2,8471817,TOR,2024-04-08,1.2357,485,1.2357,485,NA,NA,1
2024,2,8471817,TOR,2024-04-06,1.1037,415,1.1037,415,NA,NA,0
2024,2,8471817,TOR,2024-04-03,1.0279,444,1.0279,444,NA,NA,1
2024,2,8471817,TOR,2024-04-01,1.5405,601,1.5405,601,NA,NA,1
2024,2,8471817,TOR,2024-03-30,1.555,601,1.4398,545,0.1152,56,0
2024,2,8471817,TOR,2024-03-28,1.875,683,1.875,683,NA,NA,1
2024,2,8471817,TOR,2024-03-23,0.937,338,0.937,338,NA,NA,1
2024,2,8473446,"BUF,PHI",2024-04-16,2.5138,1007,2.5138,1007,NA,NA,1
2024,2,8473446,"BUF,PHI",2024-04-13,2.3202,1038,2.2382,1000,NA,NA,1
2024,2,8473446,"BUF,PHI",2024-04-11,2.6202,1127,2.488,1056,NA,NA,0
2024,2,8473446,"BUF,PHI",2024-04-09,2.3138,1012,2.3138,1012,NA,NA,0
2024,2,8473446,"BUF,PHI",2024-04-05,1.7126,796,1.7126,796,NA,NA,0
2024,2,8473446,"BUF,PHI",2024-04-01,1.7876,788,1.4975,638,NA,NA,1
2024,2,8473446,"BUF,PHI",2024-03-30,2.6628,1107,2.6208,1083,NA,NA,1
2024,2,8473446,"BUF,PHI",2024-03-28,2.0199,931,1.9063,873,NA,NA,0
2024,2,8473446,"BUF,PHI",2024-03-26,2.3085,1053,2.3085,1053,NA,NA,0
2024,2,8473446,"BUF,PHI",2024-03-24,2.0238,823,2.0238,823,NA,NA,1
2024,2,8474612,OTT,2024-03-21,1.9922,862,1.9404,837,NA,NA,1
2024,2,8474612,OTT,2024-02-27,1.3721,596,1.2345,521,NA,NA,0
2024,2,8474612,OTT,2024-02-26,2.0824,891,1.8948,793,NA,NA,0
2024,2,8474612,OTT,2024-02-24,2.342,951,2.303,934,NA,NA,1
2024,2,8474612,OTT,2024-02-17,1.7644,751,1.6933,711,NA,NA,0
2024,2,8474612,OTT,2024-02-15,2.6093,1142,2.506,1068,0.0179,8,1
2024,2,8474612,OTT,2024-02-13,2.2683,1014,2.0564,917,0.012,3,1
2024,2,8474612,OTT,2024-02-10,2.0311,857,2.0311,857,NA,NA,1
2024,2,8474612,OTT,2024-01-21,0.7527,323,0.7407,317,NA,NA,0
2024,2,8474612,OTT,2024-01-16,2.1329,928,1.8634,802,NA,NA,1
2024,2,8476441,"WSH,TOR",2024-04-16,2.1854,1001,1.6874,736,NA,NA,0
2024,2,8476441,"WSH,TOR",2024-04-11,2.5737,1162,2.262,998,NA,NA,1
2024,2,8476441,"WSH,TOR",2024-03-24,1.8591,890,1.4938,655,NA,NA,0
2024,2,8476441,"WSH,TOR",2024-03-23,2.6602,1373,2.1318,1046,NA,NA,1
2024,2,8476441,"WSH,TOR",2024-03-20,2.1648,960,2.1648,960,NA,NA,0
2024,2,8476441,"WSH,TOR",2024-03-19,2.2836,951,2.1187,871,NA,NA,0
2024,2,8476441,"WSH,TOR",2024-03-16,2.3528,1127,1.9749,896,0.0113,5,1
2024,2,8476441,"WSH,TOR",2024-03-14,2.2799,1003,2.1007,923,NA,NA,0
2024,2,8476441,"WSH,TOR",2024-03-09,2.5671,1143,2.4423,1066,NA,NA,0
2024,2,8476441,"WSH,TOR",2024-03-03,2.2749,929,2.0355,792,9e-4,0,0
2024,2,8477369,VAN,2024-04-18,2.6313,1132,2.2075,902,0.0374,12,0
2024,2,8477369,VAN,2024-04-16,2.6363,1071,2.309,922,0.1221,43,1
2024,2,8477369,VAN,2024-04-13,2.6072,1139,2.4726,1050,0.0045,3,0
2024,2,8477369,VAN,2024-04-10,2.3323,1014,1.8067,770,0.16,61,1
2024,2,8477369,VAN,2024-04-08,2.4749,1045,2.1526,884,0.1083,49,1
2024,2,8477369,VAN,2024-04-06,1.965,891,1.6912,739,0.1095,42,0
2024,2,8477369,VAN,2024-04-03,2.1434,914,1.8299,768,0.0931,31,0
2024,2,8477369,VAN,2024-04-02,2.7959,1135,2.3258,913,0.1912,70,0
2024,2,8477369,VAN,2024-03-31,2.9669,1334,2.4079,1070,0.3335,139,1
2024,2,8477369,VAN,2024-03-28,2.0095,799,1.6957,630,NA,NA,1
2024,2,8477482,"ARI,CHI",2024-03-10,2.1238,791,1.7981,671,0.3257,120,1
2024,2,8477482,"ARI,CHI",2024-03-09,2.0574,703,1.9368,662,0.1205,41,0
2024,2,8477482,"ARI,CHI",2024-03-05,1.8338,683,1.8338,683,NA,NA,0
2024,2,8477482,"ARI,CHI",2024-02-17,1.5986,534,1.5986,534,NA,NA,1
2024,2,8477482,"ARI,CHI",2024-02-15,2.0377,736,1.8921,686,0.1456,50,1
2024,2,8477482,"ARI,CHI",2024-02-13,1.745,665,1.745,665,NA,NA,1
2024,2,8477482,"ARI,CHI",2024-02-07,1.8513,656,1.8238,645,0.0275,11,1
2024,2,8477482,"ARI,CHI",2024-01-27,1.6623000000000001,603,1.3802,503,0.2822,100,0
2024,2,8477482,"ARI,CHI",2024-01-25,2.1202,752,2.1202,752,NA,NA,0
2024,2,8477482,"ARI,CHI",2024-01-24,1.8999,672,1.7438,610,0.1561,62,0
2024,2,8477931,NJD,2024-04-15,2.7044,923,2.6676,912,0.0368,11,1
2024,2,8477931,NJD,2024-04-09,2.7306,1050,2.514,936,NA,NA,1
2024,2,8477931,NJD,2024-04-07,2.683,1022,2.3835,859,NA,NA,1
2024,2,8477931,NJD,2024-04-06,2.5381,906,2.4225,859,NA,NA,0
2024,2,8477931,NJD,2024-04-03,2.3907,902,2.2658,842,NA,NA,0
2024,2,8477931,NJD,2024-04-02,2.7094,1027,2.5227,960,NA,NA,1
2024,2,8477931,NJD,2024-03-29,2.1265,798,2.1265,798,NA,NA,0
2024,2,8477931,NJD,2024-03-26,2.7792,953,2.7508,942,0.0284,11,0
2024,2,8477931,NJD,2024-03-24,2.4147,890,2.1722,782,NA,NA,0
2024,2,8477931,NJD,2024-03-23,2.9484,1015,2.437,816,NA,NA,1
2024,2,8477944,STL,2024-01-09,1.7692,602,1.3011,450,0.4682,152,1
2024,2,8477944,STL,2024-01-06,1.8478,663,1.6808,604,0.167,59,0
2024,2,8477944,STL,2023-12-09,1.4462,539,1.2856,492,0.1606,47,0
2024,2,8477944,STL,2023-12-08,1.7688,698,1.5995,620,0.1693,78,0
2024,2,8477944,STL,2023-11-28,2.4252,882,2.137,750,0.2882,132,0
2024,2,8477944,STL,2023-11-26,2.2013,773,2.1433,752,0.058,21,0
2024,2,8477944,STL,2023-11-19,1.5573,583,1.5293,576,NA,NA,0
2024,2,8477944,STL,2023-11-18,2.4706,896,2.1983,772,0.2723,124,0
2024,2,8477944,STL,2023-11-16,1.8151,770,1.4626,613,0.3525,157,0
2024,2,8477944,STL,2023-11-14,1.8466,713,1.8466,713,NA,NA,1
2024,2,8479370,BUF,2024-04-15,1.4558,525,1.4558,525,NA,NA,0
2024,2,8479370,BUF,2024-04-13,1.5618,535,1.5618,535,NA,NA,0
2024,2,8479370,BUF,2024-04-11,1.9803,660,1.9803,660,NA,NA,1
2024,2,8479370,BUF,2024-04-09,1.8743,636,1.8743,636,NA,NA,0
2024,2,8479370,BUF,2024-04-07,1.7903,595,1.7903,595,NA,NA,0
2024,2,8479370,BUF,2024-03-30,1.5159,527,1.5159,527,NA,NA,1
2024,2,8479370,BUF,2024-03-29,1.4516,529,1.4516,529,NA,NA,1
2024,2,8479370,BUF,2024-03-21,1.5313,534,1.5297,531,NA,NA,0
2024,2,8479370,BUF,2024-03-19,1.149,414,1.149,414,NA,NA,0
2024,2,8479370,BUF,2024-03-18,1.8891,670,1.8891,670,NA,NA,0
2024,2,8480078,NYR,2023-11-02,1.7817,623,1.4967,508,0.285,115,1
2024,2,8480078,NYR,2023-10-30,3.2859,1109,3.1487,1050,0.1187,51,0
2024,2,8480078,NYR,2023-10-28,3.164,1092,2.6355,893,0.5187,194,0
2024,2,8480078,NYR,2023-10-26,2.997,1029,2.8932,995,0.1037,34,0
2024,2,8480078,NYR,2023-10-24,2.3608,820,2.1112,736,0.2496,84,0
2024,2,8480078,NYR,2023-10-21,3.3015,1154,3.1461,1100,0.1554,54,0
2024,2,8480078,NYR,2023-10-19,2.2246,747,2.0472,672,0.1774,75,1
2024,2,8480078,NYR,2023-10-16,2.9756,1021,2.7393,930,0.2363,91,1
2024,2,8480078,NYR,2023-10-14,3.0833,1018,2.8536,944,0.2297,74,0
2024,2,8480078,NYR,2023-10-12,2.5287,945,2.0649,753,0.4092,165,0
2024,2,8480789,NYI,2024-04-17,2.5403,1006,2.0542,803,0.4862,203,1
2024,2,8480789,NYI,2024-02-24,1.4491,590,1.4491,590,NA,NA,1
2024,2,8480789,NYI,2024-02-22,1.4478,523,1.4478,523,NA,NA,0
2024,2,8480789,NYI,2024-02-20,1.8048,661,1.8026,658,0.0022,3,0
2024,2,8480789,NYI,2024-02-18,1.8824,695,1.8824,695,NA,NA,1
2024,2,8480789,NYI,2024-02-13,1.8341,660,1.8341,660,NA,NA,1
2024,2,8480789,NYI,2024-02-10,1.5665,623,1.5665,623,NA,NA,1
2024,2,8480789,NYI,2024-02-08,1.6856,622,1.6856,622,NA,NA,1
2024,2,8480789,NYI,2024-02-05,1.6758,592,1.6758,592,NA,NA,0
2024,2,8480789,NYI,2024-01-27,1.6737,614,1.5775,576,0.0962,38,1
2024,2,8481013,DET,2024-03-14,1.4516,553,1.2359,452,0.2157,101,1
2024,2,8481013,DET,2024-03-12,2.6687,990,2.1905,814,0.4782,176,0
2024,2,8481013,DET,2024-03-09,2.1477,802,1.9166,691,0.2311,111,0
2024,2,8481013,DET,2023-12-29,1.4346,554,1.4346,554,NA,NA,1
2024,2,8481013,DET,2023-12-27,2.0417,745,2.0417,745,NA,NA,0
2024,2,8481013,DET,2023-12-14,1.5107,542,1.5107,542,NA,NA,1
2024,2,8481013,DET,2023-12-12,1.4894,612,1.4797,608,0.0097,4,0
2024,2,8481013,DET,2023-12-11,1.4026,510,1.4026,510,NA,NA,0
2024,2,8481013,DET,2023-11-30,1.7811,680,1.7811,680,NA,NA,1
2024,2,8481013,DET,2023-11-29,2.0155,713,2.0155,713,NA,NA,0
2024,2,8482192,CHI,2024-03-05,1.9109,850,1.9109,850,NA,NA,0
2024,2,8482192,CHI,2024-03-02,2.0332,893,1.879,831,NA,NA,1
2024,2,8482192,CHI,2024-02-23,1.9756,895,1.9612,889,0.0144,6,1
2024,2,8482192,CHI,2024-02-21,2.3263,945,2.3263,945,NA,NA,1
2024,2,8482192,CHI,2024-02-13,2.0195,937,1.6311,707,NA,NA,1
2024,2,8482192,CHI,2024-02-09,2.1733,957,1.9192,838,0.0242,9,1
2024,2,8482192,CHI,2024-02-07,2.1177,1021,1.9768,939,NA,NA,1
2024,2,8482192,CHI,2024-01-27,2.3017,1029,2.2536,1006,0.0173,6,0
2024,2,8482192,CHI,2024-01-25,2.2895,1017,2.2895,1017,NA,NA,0
2024,2,8482192,CHI,2024-01-22,2.1789,1000,2.02,889,NA,NA,0
2024,2,8482730,LAK,2024-03-07,1.1846,448,1.1846,448,NA,NA,1
2024,2,8482730,LAK,2024-03-05,1.0198,428,0.9107,390,0.1091,38,1
2024,2,8482730,LAK,2024-03-03,1.3724,536,1.0312,417,0.3412,119,1
2024,2,8482730,LAK,2024-02-29,0.9577,426,0.8391,376,0.1186,50,0
2024,2,8482730,LAK,2024-02-24,2.6213,1092,2.533,1064,0.0883,28,1
2024,2,8482730,LAK,2024-02-22,2.3113,886,1.963,780,0.3483,106,1
2024,2,8482730,LAK,2024-02-20,2.0589,838,2.0011,817,0.0578,21,1
2024,2,8482730,LAK,2024-02-18,2.108,805,1.731,634,0.3769,171,0
2024,2,8482730,LAK,2024-02-17,2.464,1008,2.2579,896,0.2061,112,0
2024,2,8482730,LAK,2024-02-15,2.0131,791,1.6467,643,0.3664,148,0
2024,2,8483491,WSH,2024-04-07,0.909,365,0.909,365,NA,NA,1
2024,2,8483491,WSH,2024-04-05,1.8207,690,1.8207,690,NA,NA,0
2024,2,8483491,WSH,2024-04-04,2.6332,930,2.6306,929,0.0026,1,1
2024,2,8483491,WSH,2024-04-02,2.2967,901,2.2967,901,NA,NA,0
2024,2,8483491,WSH,2024-03-30,1.4671,554,1.4671,554,NA,NA,1
2024,2,8483491,WSH,2024-03-28,2.5834,956,2.2893,845,0.2941,111,0
2024,2,8483491,WSH,2024-03-26,2.7101,952,2.5028,871,0.2072,81,1
2024,2,8483491,WSH,2024-03-24,1.7664,647,1.5233,557,0.2431,90,1
2024,2,8483491,WSH,2024-03-22,2.1487,787,1.4462,493,0.7025,294,1
2024,2,8483491,WSH,2024-03-20,2.2272,720,2.2272,720,NA,NA,1
2024,2,8471686,PHI,2024-04-09,2.2892,975,2.2892,975,NA,NA,0
2024,2,8471686,PHI,2024-04-05,1.7267,768,1.7267,768,NA,NA,0
2024,2,8471686,PHI,2024-03-16,1.3052,549,1.3,545,NA,NA,0
2024,2,8471686,PHI,2024-03-14,2.2048,1030,1.9546,882,NA,NA,1
2024,2,8471686,PHI,2024-03-12,2.062,974,1.5902,726,NA,NA,1
2024,2,8471686,PHI,2024-03-09,2.4801,1150,2.2392,1011,NA,NA,0
2024,2,8471686,PHI,2024-03-07,2.3631,1010,2.3631,1010,NA,NA,0
2024,2,8471686,PHI,2024-03-04,2.0084,888,1.9244,848,NA,NA,1
2024,2,8471686,PHI,2024-03-02,1.7545,723,1.6116,653,NA,NA,1
2024,2,8471686,PHI,2024-03-01,1.9173,899,1.7098,788,NA,NA,0
2024,2,8474009,NYR,2024-01-23,2.0248,781,1.5419,605,NA,NA,0
2024,2,8474009,NYR,2024-01-21,1.3884,599,1.1507,485,NA,NA,0
2024,2,8474009,NYR,2024-01-18,1.7855,635,1.4352,483,NA,NA,0
2024,2,8474009,NYR,2024-01-16,2.5562,984,2.4098,935,NA,NA,1
2024,2,8474009,NYR,2024-01-14,1.6906,697,1.468,594,NA,NA,1
2024,2,8474009,NYR,2024-01-13,1.2451,473,1.1022,403,NA,NA,0
2024,2,8474009,NYR,2024-01-11,1.2902,482,1.0444,377,NA,NA,0
2024,2,8474009,NYR,2024-01-08,1.4855,573,1.4855,573,NA,NA,1
2024,2,8474009,NYR,2024-01-06,1.4684,632,1.373,550,NA,NA,0
2024,2,8474009,NYR,2024-01-04,2.0185,801,1.8529,722,NA,NA,1
2024,2,8474716,MIN,2024-01-02,3.1105,1215,2.4345,943,0.4967,195,1
2024,2,8474716,MIN,2023-12-31,3.0428,1526,2.6465,1238,0.1428,68,1
2024,2,8474716,MIN,2023-12-30,3.5625,1531,2.1837,891,0.8719,373,0
2024,2,8474716,MIN,2023-12-10,3.5818,1640,2.952,1304,0.3492,134,0
2024,2,8474716,MIN,2023-12-08,4.1083,1713,3.3955,1351,0.3254,121,0
2024,2,8474716,MIN,2023-12-07,3.6452,1436,3.0707,1166,0.2407,107,0
2024,2,8474716,MIN,2023-12-05,3.7116,1454,3.1114,1177,0.3485,149,0
2024,2,8474716,MIN,2023-12-03,2.6743,1136,2.2562,903,0.1944,97,1
2024,2,8474716,MIN,2023-11-30,2.8175,1108,1.8436,699,0.3855,160,0
2024,2,8474716,MIN,2023-11-28,3.3355,1396,2.5783,1000,0.2629,120,1
2024,2,8475718,DET,2024-03-28,2.1001,814,2.1001,814,NA,NA,0
2024,2,8475718,DET,2024-03-09,2.1074,850,2.0759,822,NA,NA,0
2024,2,8475718,DET,2024-03-08,2.0624,857,2.0624,857,NA,NA,0
2024,2,8475718,DET,2024-01-31,1.8937,792,1.8937,792,NA,NA,1
2024,2,8475718,DET,2024-01-27,2.3136,949,2.3136,949,NA,NA,1
2024,2,8475718,DET,2024-01-25,2.3806,1002,2.0597,851,NA,NA,1
2024,2,8475718,DET,2024-01-23,2.7079,1045,2.6238,1002,NA,NA,1
2024,2,8475718,DET,2024-01-21,1.9603,783,1.9603,783,NA,NA,1
2024,2,8475718,DET,2024-01-17,2.3185,896,2.3185,896,NA,NA,0
2024,2,8475718,DET,2024-01-14,2.1415,830,2.0362,782,NA,NA,0
2024,2,8475906,TOR,2023-11-11,3.0266,1140,2.5344,944,0.4922,196,1
2024,2,8475906,TOR,2023-11-08,2.4214,941,2.1698,849,0.2516,92,1
2024,2,8475906,TOR,2023-11-06,2.8096,1086,2.558,965,0.2516,121,1
2024,2,8475906,TOR,2023-11-04,3.868,1504,3.1621,1224,0.7059,280,1
2024,2,8475906,TOR,2023-11-02,3.7907,1497,3.3981,1337,0.3926,160,0
2024,2,8475906,TOR,2023-10-31,2.8145,1097,2.2868,894,0.5276,203,1
2024,2,8475906,TOR,2023-10-28,3.1372,1203,2.4609,931,0.6762,272,0
2024,2,8475906,TOR,2023-10-26,3.6346,1405,2.9633,1159,0.6714,246,0
2024,2,8475906,TOR,2023-10-24,2.8916,1132,2.4106,942,0.481,190,0
2024,2,8475906,TOR,2023-10-21,2.8598,1061,2.4476,897,0.3958,160,0
2024,2,8476429,NYI,2024-02-22,2.1657,924,1.7164,679,NA,NA,0
2024,2,8476429,NYI,2024-02-20,2.4694,1094,2.1987,963,NA,NA,0
2024,2,8476429,NYI,2024-02-18,2.211,1029,2.013,852,0.0166,4,1
2024,2,8476429,NYI,2024-02-13,2.8015,1235,2.528,1078,NA,NA,1
2024,2,8476429,NYI,2024-02-10,2.1484,921,2.0265,863,NA,NA,1
2024,2,8476429,NYI,2024-02-08,2.7209,1290,2.6139,1219,NA,NA,1
2024,2,8476429,NYI,2024-02-05,2.3657,1164,2.1834,1074,0.0192,8,0
2024,2,8476429,NYI,2024-01-27,2.7044,1132,2.2603,860,0.0043,2,1
2024,2,8476429,NYI,2024-01-25,1.8625,849,1.3758,586,NA,NA,0
2024,2,8476429,NYI,2024-01-23,2.39,1033,2.1417,889,0.0029,2,1
2024,2,8476952,WPG,2024-01-27,1.284,435,1.284,435,NA,NA,1
2024,2,8476952,WPG,2024-01-24,2.0734,741,2.0734,741,NA,NA,0
2024,2,8476952,WPG,2024-01-22,2.0712,685,2.0438,675,NA,NA,0
2024,2,8476952,WPG,2024-01-20,2.1053,701,2.1053,701,NA,NA,0
2024,2,8476952,WPG,2024-01-16,2.3927,810,2.3532,795,0.0394,15,1
2024,2,8476952,WPG,2024-01-13,1.8107,624,1.8107,624,NA,NA,1
2024,2,8476952,WPG,2024-01-11,2.0782,691,2.0442,677,0.034,14,1
2024,2,8476952,WPG,2024-01-09,1.5691,564,1.5691,564,NA,NA,1
2024,2,8476952,WPG,2024-01-07,1.8014,650,1.7907,646,0.0106,4,0
2024,2,8476952,WPG,2024-01-05,1.4453,536,1.4453,536,NA,NA,0
2024,2,8477810,"DAL,CGY",2024-04-02,0.5994,224,0.5994,224,NA,NA,1
2024,2,8477810,"DAL,CGY",2024-03-30,2.4168,1068,2.2649,1021,NA,NA,1
2024,2,8477810,"DAL,CGY",2024-03-28,2.8161,1246,2.6616,1174,0.0391,18,0
2024,2,8477810,"DAL,CGY",2024-03-24,1.978,866,1.954,851,NA,NA,1
2024,2,8477810,"DAL,CGY",2024-03-23,1.9307,793,1.8226,737,NA,NA,0
2024,2,8477810,"DAL,CGY",2024-03-18,1.8392,722,1.7532,686,NA,NA,1
2024,2,8477810,"DAL,CGY",2024-03-12,2.047,900,1.8048,763,NA,NA,1
2024,2,8477810,"DAL,CGY",2024-03-10,2.4045,966,2.2616,905,0.143,4,0
2024,2,8477810,"DAL,CGY",2024-03-09,2.0632,873,1.9547,811,NA,NA,0
2024,2,8477810,"DAL,CGY",2024-03-07,2.3103,1062,2.037,938,0.1398,53,0
2024,2,8477938,TBL,2024-04-06,1.7839,797,1.7047,751,0.0013,3,0
2024,2,8477938,TBL,2024-04-03,2.575,1146,2.5504,1136,0.0247,9,0
2024,2,8477938,TBL,2024-03-30,2.2837,987,2.2837,987,NA,NA,1
2024,2,8477938,TBL,2024-03-14,2.089,838,1.806,716,NA,NA,1
2024,2,8477938,TBL,2024-03-09,2.867,1232,2.5125,1075,NA,NA,1
2024,2,8477938,TBL,2024-03-02,2.8573,1230,2.7025,1150,NA,NA,1
2024,2,8477938,TBL,2024-02-29,2.2823,1031,2.1894,976,NA,NA,1
2024,2,8477938,TBL,2024-02-22,0.73740000000000006,305,0.6297,256,NA,NA,1
2024,2,8477938,TBL,2024-02-17,2.3074,951,2.2297,916,NA,NA,1
2024,2,8477938,TBL,2024-02-15,2.364,1077,2.1715,978,NA,NA,1
2024,2,8477962,CAR,2024-04-16,1.8838,702,1.833,687,0.0508,15,0
2024,2,8477962,CAR,2024-04-12,1.4252,497,1.4252,497,NA,NA,0
2024,2,8477962,CAR,2024-03-22,1.1883,376,1.1883,376,NA,NA,0
2024,2,8477962,CAR,2024-03-21,0.8109,275,0.8109,275,NA,NA,1
2024,2,8477962,CAR,2024-03-19,2.1074,727,2.1074,727,NA,NA,0
2024,2,8477962,CAR,2024-03-17,2.1018,787,1.9715,707,0.1303,80,0
2024,2,8477962,CAR,2024-03-16,1.0278,369,1.0278,369,NA,NA,0
2024,2,8477962,CAR,2024-03-10,1.9278,680,1.9278,680,NA,NA,1
2024,2,8477962,CAR,2024-03-07,1.0187,359,1.0187,359,NA,NA,1
2024,2,8477962,CAR,2024-02-08,1.0871,404,1.0871,404,NA,NA,1
2024,2,8478452,COL,2024-04-18,2.3547,979,2.2044,912,NA,NA,1
2024,2,8478452,COL,2024-04-14,2.3518,968,2.2919,937,NA,NA,0
2024,2,8478452,COL,2024-03-13,0.8385,317,0.8385,317,NA,NA,0
2024,2,8478452,COL,2024-03-06,2.0067,740,1.9848,734,0.022,6,1
2024,2,8478452,COL,2024-03-04,2.2701,943,2.2701,943,NA,NA,1
2024,2,8478452,COL,2024-01-15,0.836,323,0.836,323,NA,NA,0
2024,2,8478452,COL,2024-01-13,1.0922,441,1.0922,441,NA,NA,0
2024,2,8478452,COL,2024-01-10,1.5275,694,1.4097,624,0.0189,7,1
2024,2,8478452,COL,2024-01-08,1.6074,666,1.6074,666,NA,NA,1
2024,2,8478452,COL,2024-01-06,1.8676,789,1.7244,724,NA,NA,1
2024,2,8479536,WPG,2024-01-24,1.0586,359,1.0586,359,NA,NA,0
2024,2,8479536,WPG,2024-01-22,1.1389,409,1.1389,409,NA,NA,0
2024,2,8479536,WPG,2024-01-13,1.1879,435,1.1879,435,NA,NA,1
2024,2,8479536,WPG,2024-01-11,0.9489,323,0.9489,323,NA,NA,1
2024,2,8479536,WPG,2024-01-09,1.4576,530,1.4576,530,NA,NA,1
2024,2,8479536,WPG,2024-01-07,1.4358,509,1.4358,509,NA,NA,0
2024,2,8479536,WPG,2024-01-05,1.6465,577,1.6465,577,NA,NA,0
2024,2,8479536,WPG,2024-01-04,1.635,562,1.635,562,NA,NA,0
2024,2,8479536,WPG,2024-01-02,1.5723,595,1.5723,595,NA,NA,1
2024,2,8479536,WPG,2023-12-31,1.5693,587,1.4869,538,NA,NA,0
2024,2,8479547,"WSH,PIT,WSH",2024-03-22,0.7439,255,0.7439,255,NA,NA,1
2024,2,8479547,"WSH,PIT,WSH",2024-02-22,1.6291,599,1.4658,532,0.1633,67,0
2024,2,8479547,"WSH,PIT,WSH",2024-02-20,2.1652,780,1.7495,614,0.4156,166,0
2024,2,8479547,"WSH,PIT,WSH",2024-02-18,1.7822,660,1.3701,481,0.4121,179,0
2024,2,8479547,"WSH,PIT,WSH",2024-02-08,1.4449,534,1.4449,534,NA,NA,0
2024,2,8479547,"WSH,PIT,WSH",2024-01-03,1.959,711,1.9349,702,0.0241,9,1
2024,2,8479547,"WSH,PIT,WSH",2024-01-02,1.1443,450,1.1443,450,NA,NA,0
2024,2,8479547,"WSH,PIT,WSH",2023-12-30,1.0498,419,1.0498,419,NA,NA,1
2024,2,8479547,"WSH,PIT,WSH",2023-12-29,1.5377,565,1.5377,565,NA,NA,0
2024,2,8479547,"WSH,PIT,WSH",2023-12-21,1.7707,731,1.7439,721,0.0268,10,0
2024,2,8480245,PHI,2024-04-09,2.0204,753,2.0204,753,NA,NA,0
2024,2,8480245,PHI,2024-04-06,1.8908,715,1.8892,714,0.0016,1,0
2024,2,8480245,PHI,2024-04-05,1.9268,699,1.9234,698,0.0034,1,0
2024,2,8480245,PHI,2024-03-28,1.4602,533,1.447,528,0.0132,5,0
2024,2,8480245,PHI,2024-03-26,1.6523,632,1.6523,632,NA,NA,0
2024,2,8480245,PHI,2024-03-24,1.2016,479,1.1966,476,0.005,3,1
2024,2,8480245,PHI,2024-03-23,1.4325,596,1.4325,596,NA,NA,1
2024,2,8480245,PHI,2024-03-21,0.9954,355,0.9231,324,0.0723,31,0
2024,2,8480245,PHI,2024-03-19,1.9502,696,1.7616,620,0.1887,76,1
2024,2,8480245,PHI,2024-03-04,1.1451,418,1.1451,418,NA,NA,1
2024,2,8481122,TOR,2024-04-17,2.2994,1012,2.0717,870,NA,NA,0
2024,2,8481122,TOR,2024-04-16,2.3256,1053,1.7652,754,NA,NA,0
2024,2,8481122,TOR,2024-04-13,2.7569,1176,2.5177,1025,0.0064,7,1
2024,2,8481122,TOR,2024-04-11,2.2639,987,2.0557,879,NA,NA,1
2024,2,8481122,TOR,2024-04-09,2.5687,1097,2.476,1035,0.0366,11,0
2024,2,8481122,TOR,2024-04-08,2.9995,1331,2.5774,1118,NA,NA,1
2024,2,8481122,TOR,2024-04-06,2.4452,1110,2.4452,1110,NA,NA,0
2024,2,8481122,TOR,2024-04-03,2.7374,1205,2.4203,1019,NA,NA,1
2024,2,8481122,TOR,2024-04-01,2.6928,1210,2.3762,1040,NA,NA,1
2024,2,8481122,TOR,2024-03-30,2.4152,1166,2.0689,984,0.1317,56,0
2024,2,8481147,CHI,2024-03-12,1.2557,470,1.168,435,0.0039,3,1
2024,2,8481147,CHI,2024-03-10,1.3474,546,1.2672,518,NA,NA,1
2024,2,8481147,CHI,2024-03-09,2.1722,791,1.8013,665,NA,NA,0
2024,2,8481147,CHI,2024-03-02,1.3737,520,1.3737,520,NA,NA,1
2024,2,8481147,CHI,2024-02-29,1.2685,482,1.2685,482,NA,NA,1
2024,2,8481147,CHI,2024-02-25,1.6375,565,1.6375,565,NA,NA,1
2024,2,8481147,CHI,2024-02-23,1.5401,584,1.4662,560,NA,NA,1
2024,2,8481147,CHI,2024-02-21,1.0587,359,1.0587,359,NA,NA,1
2024,2,8481147,CHI,2024-02-13,1.509,583,1.1858,475,0.0047,4,1
2024,2,8481147,CHI,2024-01-27,1.8662,684,1.7184,627,NA,NA,0
2024,2,8481206,PIT,2024-03-30,1.8023,782,1.5727,668,NA,NA,0
2024,2,8481206,PIT,2024-03-24,1.7938,760,1.5841,655,NA,NA,0
2024,2,8481206,PIT,2024-03-22,1.752,706,1.6544,662,NA,NA,0
2024,2,8481206,PIT,2024-03-19,1.7042,714,1.5905,649,NA,NA,0
2024,2,8481206,PIT,2024-03-17,1.5799,679,1.5799,679,NA,NA,1
2024,2,8481206,PIT,2024-03-16,2.067,889,2.067,888,NA,NA,1
2024,2,8481206,PIT,2024-03-14,1.8213,871,1.699,813,NA,NA,1
2024,2,8481206,PIT,2024-03-12,1.714,666,1.6059,617,NA,NA,0
2024,2,8481206,PIT,2024-03-10,1.0968,469,1.0968,469,NA,NA,1
2024,2,8481206,PIT,2024-03-09,1.8961,835,1.8961,835,NA,NA,0
2024,2,8481422,MIN,2024-04-18,1.1569,426,1.034,370,NA,NA,1
2024,2,8481422,MIN,2024-04-15,2.0477,774,1.5388,558,0.0029,3,0
2024,2,8481422,MIN,2024-04-13,1.5696,623,1.4044,555,NA,NA,0
2024,2,8481422,MIN,2024-04-12,2.0438,745,1.8104,662,0.016,6,0
2024,2,8481422,MIN,2024-04-07,1.6766,605,1.6766,605,NA,NA,0
2024,2,8481422,MIN,2024-04-06,1.7331,635,1.4746,530,NA,NA,1
2024,2,8481422,MIN,2024-04-04,1.4321,552,1.3364,503,NA,NA,1
2024,2,8481422,MIN,2024-04-02,1.8839,691,1.6952,590,NA,NA,1
2024,2,8481422,MIN,2024-03-30,1.5604,607,1.1682,434,NA,NA,1
2024,2,8481422,MIN,2024-03-28,1.8148,653,1.6524,595,NA,NA,1
2024,2,8481541,NYI,2024-04-17,2.5119,1181,2.3095,1080,0.2024,101,1
2024,2,8481541,NYI,2024-01-27,1.727,755,1.727,755,NA,NA,1
2024,2,8481541,NYI,2024-01-25,1.6794,709,1.3854,609,0.294,100,0
2024,2,8481541,NYI,2024-01-21,1.7795,748,1.7659,739,NA,NA,1
2024,2,8481541,NYI,2024-01-19,1.9786,865,1.9101,839,0.0685,26,0
2024,2,8481541,NYI,2024-01-06,2.1075,1028,2.1075,1028,NA,NA,0
2024,2,8481541,NYI,2024-01-04,1.9475,882,1.9475,882,NA,NA,0
2024,2,8481541,NYI,2024-01-02,2.1075,962,1.8033,813,0.2092,95,0
2024,2,8481541,NYI,2023-12-31,1.5382,742,1.5382,742,NA,NA,0
2024,2,8481541,NYI,2023-12-29,2.2524,1061,2.1024,967,0.0294,30,1
2024,2,8482929,TBL,2024-04-17,2.4297,1187,2.016,945,NA,NA,1
2024,2,8482929,TBL,2024-04-15,2.0687,903,1.9442,833,NA,NA,1
2024,2,8482929,TBL,2024-04-13,2.4134,1169,2.2051,1026,NA,NA,0
2024,2,8482929,TBL,2024-04-11,2.3281,1050,2.1156,923,NA,NA,1
2024,2,8482929,TBL,2024-04-09,2.3351,1072,2.2718,1042,NA,NA,1
2024,2,8482929,TBL,2024-04-06,2.518,1065,2.3273,960,NA,NA,0
2024,2,8482929,TBL,2024-04-04,2.0092,847,1.8051,752,NA,NA,0
2024,2,8482929,TBL,2024-04-03,1.9234,875,1.7361,767,NA,NA,0
2024,2,8482929,TBL,2024-04-01,1.9586,945,1.5594,747,NA,NA,1
2024,2,8482929,TBL,2024-03-30,2.7603,1207,2.6545,1152,0.0142,0,1
2024,2,8483524,SEA,2024-04-11,2.3732,946,2.0555,786,0.3177,160,1
2024,2,8483524,SEA,2024-04-09,2.7519,951,2.4534,827,0.2916,121,1
2024,2,8483524,SEA,2024-04-05,2.4946,961,2.0816,754,0.4131,207,0
2024,2,8483524,SEA,2024-04-03,2.8862,962,2.6144,843,0.2718,119,0
2024,2,8483524,SEA,2024-04-01,2.498,914,2.2508,792,0.2472,122,0
2024,2,8483524,SEA,2023-11-13,1.9249,654,1.756,589,0.1688,65,1
2024,2,8483524,SEA,2023-11-11,1.8567,595,1.7232,541,0.1335,54,1
2024,2,8483524,SEA,2023-11-09,1.5489,514,1.3165,430,0.2324,84,0
2024,2,8475235,PHI,2024-04-01,0.9337,330,0.9061,321,0.0276,9,1
2024,2,8475235,PHI,2024-03-21,0.6288,224,0.6288,224,NA,NA,0
2024,2,8475235,PHI,2024-03-19,0.915,321,0.915,321,NA,NA,1
2024,2,8475235,PHI,2024-03-16,1.5306,512,1.5306,512,NA,NA,0
2024,2,8475235,PHI,2024-03-09,1.5597,542,1.5597,542,NA,NA,0
2024,2,8475235,PHI,2024-03-07,1.088,433,1.088,433,NA,NA,0
2024,2,8475235,PHI,2024-03-02,1.2527,445,1.2512,443,0.0015,2,1
2024,2,8475235,PHI,2024-03-01,1.1091,388,1.1091,388,NA,NA,0
2024,2,8475235,PHI,2024-02-27,1.2258,610,1.0335,536,0.1923,74,1
2024,2,8475235,PHI,2024-02-25,1.3211,467,1.277,453,0.0441,14,0
2024,2,8475752,NYR,2024-02-09,2.0237,667,1.9397,635,NA,NA,0
2024,2,8475752,NYR,2024-02-07,2.0703,707,2.0676,706,0.0027,1,1
2024,2,8475752,NYR,2024-02-05,1.3886,479,1.2899,431,NA,NA,1
2024,2,8475752,NYR,2024-01-27,2.2725,781,2.2605,776,0.0119,5,0
2024,2,8475752,NYR,2024-01-26,1.922,661,1.7909,612,NA,NA,1
2024,2,8475752,NYR,2024-01-20,1.8492,581,1.8492,581,NA,NA,0
2024,2,8475752,NYR,2024-01-02,1.235,418,1.235,418,NA,NA,1
2024,2,8475752,NYR,2023-12-30,1.9106,654,1.9106,654,NA,NA,0
2024,2,8475752,NYR,2023-12-29,1.1424,393,1.1424,393,NA,NA,0
2024,2,8475752,NYR,2023-12-27,2.0035,673,2.0035,673,NA,NA,1
2024,2,8475762,BOS,2024-03-02,2.7858,1167,2.4851,1020,NA,NA,0
2024,2,8475762,BOS,2024-02-24,2.2049,1007,2.086,954,NA,NA,0
2024,2,8475762,BOS,2024-02-22,2.5028,1038,2.4385,1008,NA,NA,0
2024,2,8475762,BOS,2024-02-21,2.8576,1307,2.4814,1075,NA,NA,0
2024,2,8475762,BOS,2024-02-19,1.6531,896,1.4566,788,NA,NA,1
2024,2,8475762,BOS,2024-02-17,2.3882,1016,2.1827,900,0.0031,4,1
2024,2,8475762,BOS,2024-02-15,2.1684,913,1.9235,821,NA,NA,1
2024,2,8475762,BOS,2024-02-13,1.9419,838,1.6893,699,NA,NA,1
2024,2,8475762,BOS,2024-02-10,2.4194,1079,2.0086,890,NA,NA,1
2024,2,8475762,BOS,2024-02-08,2.4592,1120,2.2039,987,NA,NA,1
2024,2,8475766,TBL,2024-04-17,1.699,697,1.5092,594,NA,NA,1
2024,2,8475766,TBL,2024-04-11,1.2425,480,1.2425,480,NA,NA,1
2024,2,8475766,TBL,2024-04-04,1.4146,531,1.4146,531,NA,NA,0
2024,2,8475766,TBL,2024-03-24,1.8176,685,1.6117,602,0.2059,83,0
2024,2,8475766,TBL,2024-03-09,1.2545,476,1.2545,476,NA,NA,1
2024,2,8475766,TBL,2024-02-17,1.412,551,1.3199,551,NA,NA,1
2024,2,8475766,TBL,2024-02-08,1.4867,509,1.4867,509,NA,NA,0
2024,2,8475766,TBL,2024-01-21,0.9199,333,0.9014,326,NA,NA,0
2024,2,8475766,TBL,2024-01-20,0.9968,396,0.9968,396,NA,NA,0
2024,2,8475766,TBL,2024-01-18,1.2252,469,1.2252,469,NA,NA,1
2024,2,8475791,CHI,2023-11-19,2.7204,1025,2.0332,779,0.6873,246,1
2024,2,8475791,CHI,2023-11-18,2.7164,999,2.2624,843,0.4539,155,0
2024,2,8475791,CHI,2023-11-09,2.8509,1050,2.117,763,0.6631,287,0
2024,2,8475791,CHI,2023-11-05,3.0976,1133,2.654,962,0.4436,171,1
2024,2,8475791,CHI,2023-11-04,2.6833,944,2.4012,822,0.2821,122,1
2024,2,8475791,CHI,2023-10-21,2.0785,759,1.6036,523,0.4749,236,1
2024,2,8475791,CHI,2023-10-19,3.102,1056,2.4046,821,0.6974,235,0
2024,2,8475791,CHI,2023-10-16,3.1966,1152,2.5956,917,0.601,233,0
2024,2,8475791,CHI,2023-10-11,1.212,436,0.8287,283,0.3833,151,0
2024,2,8475791,CHI,2023-10-10,3.266,1244,2.6779,945,0.5881,299,0
2024,2,8476442,PIT,2023-11-30,2.617,942,2.3406,849,NA,NA,0
2024,2,8476442,PIT,2023-11-28,1.6436,686,1.2477,482,NA,NA,0
2024,2,8476442,PIT,2023-11-25,2.6494,1027,2.1311,809,NA,NA,1
2024,2,8476442,PIT,2023-11-24,1.3906,496,1.0865,372,0.0038,1,0
2024,2,8476442,PIT,2023-11-22,1.5819,586,1.1748,439,0.0519,19,1
2024,2,8476442,PIT,2023-11-19,1.7835,618,1.3133,431,NA,NA,1
2024,2,8476442,PIT,2023-11-18,1.7508,645,1.3784,507,NA,NA,0
2024,2,8476442,PIT,2023-11-16,1.4398,503,1.3443,462,NA,NA,1
2024,2,8476442,PIT,2023-11-14,1.6218,585,0.9653,353,NA,NA,0
2024,2,8476442,PIT,2023-11-11,1.5422,594,1.3075,490,NA,NA,1
2024,2,8476867,CBJ,2024-04-11,1.5675,594,1.5675,594,NA,NA,0
2024,2,8476867,CBJ,2024-04-09,1.5166,546,1.5166,546,NA,NA,0
2024,2,8476867,CBJ,2024-04-07,1.818,634,1.818,634,NA,NA,0
2024,2,8476867,CBJ,2024-04-06,2.0223,748,2.0223,748,NA,NA,1
2024,2,8476867,CBJ,2024-04-04,1.369,517,1.369,517,NA,NA,1
2024,2,8476867,CBJ,2024-04-01,2.1315,840,1.7762,664,NA,NA,1
2024,2,8476867,CBJ,2024-03-30,2.5629,1014,2.3953,937,NA,NA,1
2024,2,8476867,CBJ,2024-03-28,1.8516,682,1.7723,644,NA,NA,0
2024,2,8476867,CBJ,2024-03-26,2.3096,897,2.0114,786,0.1617,70,0
2024,2,8476867,CBJ,2024-03-23,2.0658,858,1.9319,781,NA,NA,0
2024,2,8476913,SEA,2024-01-24,1.7755,614,1.7755,614,NA,NA,1
2024,2,8476913,SEA,2024-01-21,1.0391,357,1.0391,357,NA,NA,1
2024,2,8476913,SEA,2024-01-15,1.372,483,1.372,483,NA,NA,0
2024,2,8476913,SEA,2023-12-27,1.3172,448,1.3172,448,NA,NA,0
2024,2,8476913,SEA,2023-12-23,1.122,392,1.122,392,NA,NA,0
2024,2,8476913,SEA,2023-12-20,1.0493,360,1.0493,360,NA,NA,0
2024,2,8476913,SEA,2023-12-16,1.6852,644,1.6852,644,NA,NA,1
2024,2,8476913,SEA,2023-12-14,1.8051,695,1.8019,693,0.0033,2,1
2024,2,8476913,SEA,2023-12-12,1.345,540,1.345,540,NA,NA,1
2024,2,8476913,SEA,2023-12-10,1.5628,659,1.5628,659,NA,NA,1
2024,2,8477244,"PIT,NYR",2024-03-28,2.0156,824,1.9049,764,NA,NA,0
2024,2,8477244,"PIT,NYR",2024-03-26,1.9945,916,1.761,798,NA,NA,1
2024,2,8477244,"PIT,NYR",2024-03-23,2.0651,834,1.8848,734,NA,NA,1
2024,2,8477244,"PIT,NYR",2024-03-21,1.9279,855,1.6272,707,NA,NA,0
2024,2,8477244,"PIT,NYR",2024-03-19,1.8926,811,1.8369,789,NA,NA,1
2024,2,8477244,"PIT,NYR",2024-03-07,2.0276,889,1.6813,712,NA,NA,0
2024,2,8477244,"PIT,NYR",2024-03-05,1.776,842,1.6229,777,NA,NA,0
2024,2,8477244,"PIT,NYR",2024-03-03,2.1517,951,1.8402,812,0.0084,4,0
2024,2,8477244,"PIT,NYR",2024-03-02,1.8866,782,1.5814,642,NA,NA,0
2024,2,8477244,"PIT,NYR",2024-02-29,1.751,702,1.6199,640,NA,NA,0
2024,2,8477499,PHI,2024-02-10,1.992,926,1.8296,835,0.0316,18,1
2024,2,8477499,PHI,2024-02-06,2.4443,1112,2.4443,1112,NA,NA,0
2024,2,8477499,PHI,2024-01-27,2.4594,1044,2.4034,1013,NA,NA,1
2024,2,8477499,PHI,2024-01-23,1.5716,721,1.5716,721,NA,NA,1
2024,2,8477499,PHI,2024-01-21,1.9212,843,1.8352,787,NA,NA,1
2024,2,8477499,PHI,2024-01-20,2.158,930,1.9872,840,NA,NA,1
2024,2,8477499,PHI,2024-01-18,1.7383,731,1.7383,731,NA,NA,1
2024,2,8477499,PHI,2024-01-15,2.3295,972,2.1856,912,NA,NA,0
2024,2,8477499,PHI,2024-01-13,1.9954,938,1.9281,901,NA,NA,0
2024,2,8477499,PHI,2024-01-12,2.0863,866,2.0863,866,NA,NA,0
2024,2,8477527,ANA,2024-04-18,1.944,723,1.944,723,NA,NA,0
2024,2,8477527,ANA,2024-04-13,1.0705,420,1.0705,420,NA,NA,0
2024,2,8477527,ANA,2024-04-12,1.7695,667,1.7695,667,NA,NA,1
2024,2,8477527,ANA,2024-04-09,1.4367,565,1.4367,565,NA,NA,1
2024,2,8477527,ANA,2024-04-07,1.6765,599,1.6765,599,NA,NA,1
2024,2,8477527,ANA,2024-04-05,1.1897,563,1.1832,559,0.0065,4,1
2024,2,8477527,ANA,2024-04-02,0.9208,326,0.9208,326,NA,NA,0
2024,2,8477527,ANA,2024-03-30,1.6802,615,1.6802,615,NA,NA,0
2024,2,8477527,ANA,2024-03-28,1.1427,440,1.1427,440,NA,NA,0
2024,2,8477527,ANA,2024-03-26,1.4905,546,1.4905,546,NA,NA,0
2024,2,8478011,PHI,2023-11-19,2.1805,947,2.0425,870,NA,NA,1
2024,2,8478011,PHI,2023-11-18,1.9988,749,1.9988,749,NA,NA,1
2024,2,8478011,PHI,2023-11-15,2.1496,904,2.0647,870,NA,NA,0
2024,2,8478011,PHI,2023-11-11,1.9341,806,1.7983,747,NA,NA,0
2024,2,8478011,PHI,2023-11-10,1.4987,648,1.4987,648,NA,NA,0
2024,2,8478011,PHI,2023-11-07,1.4763,603,1.3632,554,NA,NA,0
2024,2,8478011,PHI,2023-11-04,1.9448,804,1.7065,675,NA,NA,1
2024,2,8478011,PHI,2023-11-03,2.0964,908,1.9619,819,NA,NA,0
2024,2,8478011,PHI,2023-11-01,1.9722,762,1.9104,743,NA,NA,1
2024,2,8478011,PHI,2023-10-30,1.9315,768,1.9315,768,NA,NA,1
2024,2,8478021,"TOR,ANA",2024-04-18,2.4158,1096,2.2432,999,NA,NA,0
2024,2,8478021,"TOR,ANA",2024-04-13,1.7008,765,1.4048,590,NA,NA,0
2024,2,8478021,"TOR,ANA",2024-04-05,2.7387,1326,2.1956,1016,NA,NA,1
2024,2,8478021,"TOR,ANA",2024-04-02,2.2659,953,2.1686,915,NA,NA,0
2024,2,8478021,"TOR,ANA",2024-03-31,1.9956,888,1.6125,685,NA,NA,0
2024,2,8478021,"TOR,ANA",2024-03-30,2.3392,1022,2.2768,991,NA,NA,0
2024,2,8478021,"TOR,ANA",2024-03-28,1.4567,639,1.4396,633,0.0171,6,0
2024,2,8478021,"TOR,ANA",2024-03-26,2.4829,1147,2.1665,914,NA,NA,0
2024,2,8478021,"TOR,ANA",2024-03-15,1.4495,610,1.4495,610,NA,NA,0
2024,2,8478021,"TOR,ANA",2024-03-12,2.2113,942,2.2113,942,NA,NA,0
2024,2,8478051,NJD,2024-04-02,1.282,443,1.282,443,NA,NA,1
2024,2,8478051,NJD,2024-03-29,1.0881,387,1.0881,387,NA,NA,0
2024,2,8478051,NJD,2024-03-26,0.8736,322,0.8736,322,NA,NA,0
2024,2,8478051,NJD,2024-03-24,1.0653,393,1.0653,393,NA,NA,0
2024,2,8478051,NJD,2024-03-19,0.9599,338,0.9599,338,NA,NA,1
2024,2,8478051,NJD,2024-02-06,1.5016,518,1.4951,514,0.0065,4,1
2024,2,8478051,NJD,2024-01-27,1.957,677,1.957,677,NA,NA,0
2024,2,8478051,NJD,2024-01-22,1.0726,348,1.0726,348,NA,NA,1
2024,2,8478051,NJD,2024-01-20,1.6569,608,1.6569,608,NA,NA,1
2024,2,8478051,NJD,2024-01-19,1.6853,651,1.6788,648,0.0065,3,0
2024,2,8478424,PIT,2024-04-17,1.8454,667,1.8454,667,NA,NA,0
2024,2,8478424,PIT,2024-04-15,0.9447,338,0.9447,338,NA,NA,1
2024,2,8478424,PIT,2024-03-07,0.7645,270,0.5787,200,NA,NA,1
2024,2,8478424,PIT,2024-03-03,1.1262,427,1.1262,427,NA,NA,0
2024,2,8478424,PIT,2024-03-02,1.6203,535,1.6203,535,NA,NA,0
2024,2,8478424,PIT,2024-02-29,1.597,526,1.5226,500,NA,NA,0
2024,2,8478424,PIT,2024-02-27,1.56,554,1.56,554,NA,NA,0
2024,2,8478424,PIT,2024-02-25,1.7306,603,1.6245,571,NA,NA,1
2024,2,8478424,PIT,2024-02-22,1.3111,465,1.3111,465,NA,NA,1
2024,2,8478424,PIT,2024-02-20,1.0544,359,1.0544,359,NA,NA,1
2024,2,8478451,WSH,2024-03-13,2.0458,865,2.0458,865,NA,NA,0
2024,2,8478451,WSH,2024-03-11,2.091,882,2.0213,849,NA,NA,0
2024,2,8478451,WSH,2024-03-09,1.9377,769,1.9077,753,0.0046,3,1
2024,2,8478451,WSH,2024-03-07,1.7497,763,1.745,760,NA,NA,0
2024,2,8478451,WSH,2024-02-27,2.3388,958,2.3388,958,NA,NA,0
2024,2,8478451,WSH,2024-02-26,2.178,924,2.178,924,NA,NA,1
2024,2,8478451,WSH,2024-02-22,1.1581,513,1.1553,509,NA,NA,0
2024,2,8478451,WSH,2024-02-20,1.8328,732,1.8328,732,NA,NA,1
2024,2,8478451,WSH,2024-02-13,1.9112,782,1.903,775,NA,NA,1
2024,2,8478451,WSH,2024-02-11,1.7241,734,1.7241,734,NA,NA,1
2024,2,8479291,CGY,2024-04-18,2.0026,719,1.7078,582,NA,NA,1
2024,2,8479291,CGY,2024-04-16,1.9693,645,1.7068,554,0.1573,0,0
2024,2,8479291,CGY,2024-04-14,2.1298,697,1.5885,481,0.0217,6,1
2024,2,8479291,CGY,2024-04-12,2.019,666,1.8174,599,NA,NA,0
2024,2,8479291,CGY,2024-04-11,1.7994,691,1.3889,492,NA,NA,0
2024,2,8479291,CGY,2024-04-09,2.3637,832,1.7649,575,NA,NA,0
2024,2,8479291,CGY,2024-04-06,1.6846,622,0.9955,325,0.0117,4,1
2024,2,8479291,CGY,2024-04-04,2.4383,808,1.7444,557,NA,NA,0
2024,2,8479291,CGY,2024-04-02,1.8095,573,1.6859,538,0.024,6,1
2024,2,8479291,CGY,2024-03-30,1.878,682,1.2803,425,0.0043,4,1
2024,2,8479344,PIT,2024-04-17,1.9479,682,1.9479,682,NA,NA,0
2024,2,8479344,PIT,2024-04-08,0.8415,334,0.8415,334,NA,NA,0
2024,2,8479344,PIT,2024-04-06,1.1903,426,1.1903,426,NA,NA,1
2024,2,8479344,PIT,2024-04-04,0.7747,277,0.7747,277,NA,NA,0
2024,2,8479344,PIT,2024-04-02,1.4415,515,1.4282,511,0.0133,4,0
2024,2,8479344,PIT,2024-04-01,0.8142,297,0.8142,297,NA,NA,0
2024,2,8479344,PIT,2024-03-30,1.2065,394,1.2008,391,0.0058,3,0
2024,2,8479344,PIT,2024-03-28,1.5596,520,1.551,513,0.0086,7,1
2024,2,8479344,PIT,2024-03-26,1.9981,715,1.9981,715,NA,NA,1
2024,2,8479344,PIT,2024-03-24,1.8822,657,1.8822,657,NA,NA,0
2024,2,8479379,SJS,2024-04-18,1.6582,591,1.6582,591,NA,NA,0
2024,2,8479379,SJS,2024-04-15,1.9247,662,1.9247,662,NA,NA,0
2024,2,8479379,SJS,2024-03-19,1.5247,517,1.5247,517,NA,NA,0
2024,2,8479379,SJS,2024-03-14,0.6112,189,0.6112,189,NA,NA,0
2024,2,8479379,SJS,2024-03-12,1.2517,479,1.2517,479,NA,NA,0
2024,2,8479379,SJS,2024-03-07,1.7993,675,1.7993,675,NA,NA,1
2024,2,8479379,SJS,2024-03-05,1.0977,366,1.0977,366,NA,NA,1
2024,2,8479379,SJS,2024-03-03,1.3372,477,1.3372,477,NA,NA,0
2024,2,8479379,SJS,2024-03-02,1.1681,390,1.1681,390,NA,NA,0
2024,2,8479379,SJS,2024-02-24,1.2985,450,1.2985,450,NA,NA,1
2024,2,8479981,FLA,2024-04-16,1.0742,417,1.0742,417,NA,NA,1
2024,2,8479981,FLA,2024-04-09,0.8834,314,0.8834,314,NA,NA,1
2024,2,8479981,FLA,2024-04-06,0.9272,337,0.9272,337,NA,NA,0
2024,2,8479981,FLA,2024-04-01,1.3408,493,1.3408,493,NA,NA,0
2024,2,8479981,FLA,2024-03-21,1.5699,627,1.5699,627,NA,NA,1
2024,2,8479981,FLA,2024-03-14,1.3735,478,1.2966,444,0.0055,4,0
2024,2,8479981,FLA,2024-03-05,1.3951,527,1.3951,527,NA,NA,0
2024,2,8479981,FLA,2024-03-04,1.3327,485,1.3327,485,NA,NA,0
2024,2,8479981,FLA,2024-02-27,1.3711,495,1.3711,495,NA,NA,1
2024,2,8479981,FLA,2024-02-24,0.9287,316,0.9287,316,NA,NA,1
2024,2,8479994,"LAK,NSH",2024-04-13,2.383,819,2.3781,815,NA,NA,1
2024,2,8479994,"LAK,NSH",2024-03-05,1.9512,683,1.9512,683,NA,NA,0
2024,2,8479994,"LAK,NSH",2024-03-03,2.0334,701,1.9713,673,0.0193,7,0
2024,2,8479994,"LAK,NSH",2024-02-29,2.255,797,2.1143,739,NA,NA,0
2024,2,8479994,"LAK,NSH",2024-02-27,1.7172,580,1.5904,539,NA,NA,0
2024,2,8479994,"LAK,NSH",2024-02-26,1.751,602,1.751,602,NA,NA,0
2024,2,8479994,"LAK,NSH",2024-02-24,1.6683,539,1.6683,539,NA,NA,0
2024,2,8479994,"LAK,NSH",2024-02-17,1.3933,468,1.0901,353,NA,NA,0
2024,2,8479994,"LAK,NSH",2024-02-15,1.3662,452,1.2712,418,NA,NA,0
2024,2,8479994,"LAK,NSH",2024-02-13,2.268,832,2.1933,804,NA,NA,0
2024,2,8480851,LAK,2024-04-15,1.6035,576,1.6035,576,NA,NA,1
2024,2,8480851,LAK,2024-04-13,1.3791,532,1.3791,532,NA,NA,1
2024,2,8480851,LAK,2024-04-11,1.3319,508,1.3319,508,NA,NA,1
2024,2,8480851,LAK,2024-04-09,1.7562,612,1.6464,580,NA,NA,0
2024,2,8480851,LAK,2024-04-06,1.7654,683,1.7654,683,NA,NA,1
2024,2,8480851,LAK,2024-04-04,1.4971,533,1.3739,478,0.0047,2,0
2024,2,8480851,LAK,2024-04-01,0.6224,222,0.6224,222,NA,NA,0
2024,2,8481056,NSH,2024-04-15,1.8487,827,1.5677,654,NA,NA,0
2024,2,8481056,NSH,2024-04-13,2.5889,1136,2.4925,1077,NA,NA,1
2024,2,8481056,NSH,2024-04-12,2.4565,1135,2.1044,961,NA,NA,0
2024,2,8481056,NSH,2024-04-09,2.1809,875,2.0019,789,NA,NA,1
2024,2,8481056,NSH,2024-04-07,2.2706,900,2.0614,803,NA,NA,0
2024,2,8481056,NSH,2024-04-06,1.9238,791,1.8474,745,NA,NA,0
2024,2,8481056,NSH,2024-04-04,1.7837,769,1.4502,594,0.0197,8,1
2024,2,8481056,NSH,2024-04-02,2.2918,910,2.0379,805,0.1182,39,1
2024,2,8481056,NSH,2024-03-30,2.7609,1193,2.2736,933,0.0419,19,0
2024,2,8481056,NSH,2024-03-28,2.8246000000000002,1187,2.6697,1094,NA,NA,0
2024,2,8481462,VGK,2024-03-07,1.2867,493,1.214,459,NA,NA,1
2024,2,8481462,VGK,2024-03-04,1.467,519,1.4329,504,NA,NA,0
2024,2,8481462,VGK,2024-03-02,2.1804,797,2.0916,768,0.0888,29,0
2024,2,8481462,VGK,2024-02-29,1.5869,618,1.5728,611,NA,NA,0
2024,2,8481462,VGK,2024-02-27,1.7847,617,1.769,609,0.0157,7,0
2024,2,8481462,VGK,2024-02-24,1.6442,582,1.6442,582,NA,NA,0
2024,2,8481462,VGK,2024-02-22,1.9168,682,1.9168,682,NA,NA,1
2024,2,8481462,VGK,2024-02-20,2.1855,764,1.8276,614,0.1342,65,1
2024,2,8481462,VGK,2024-02-19,1.9509,735,1.8427,697,0.1082,38,0
2024,2,8481532,LAK,2024-03-19,1.3818,434,1.3818,434,NA,NA,1
2024,2,8481532,LAK,2024-03-16,2.2326,820,2.2326,820,NA,NA,0
2024,2,8481532,LAK,2024-03-15,2.044,696,1.9674,666,0.0766,30,0
2024,2,8481532,LAK,2024-03-13,2.0165,716,2.0165,716,NA,NA,0
2024,2,8481532,LAK,2024-03-11,0.7646,241,0.7646,241,NA,NA,1
2024,2,8481532,LAK,2024-03-09,1.7031,581,1.6771,574,0.026,7,1
2024,2,8481532,LAK,2024-03-07,1.7315,561,1.7315,561,NA,NA,1
2024,2,8481532,LAK,2024-03-05,2.6174,931,2.5387,900,0.0786,31,1
2024,2,8481532,LAK,2024-03-03,2.2439,746,2.1345,715,0.1095,31,1
2024,2,8481532,LAK,2024-02-29,2.1302,760,1.9918,711,0.1385,49,0
2024,2,8481609,ARI,2024-04-17,2.4596,984,2.4596,984,NA,NA,1
2024,2,8481609,ARI,2024-04-14,2.0006,784,2.0006,784,NA,NA,0
2024,2,8481609,ARI,2024-04-12,2.3602,954,2.3602,954,NA,NA,0
2024,2,8481609,ARI,2024-04-10,1.5334,651,1.5334,651,NA,NA,0
2024,2,8481609,ARI,2023-11-25,0.8582,369,0.8582,369,NA,NA,0
2024,2,8482172,CHI,2024-04-18,1.5351,550,1.2756,464,NA,NA,0
2024,2,8482172,CHI,2024-04-16,2.2471,781,2.2471,781,NA,NA,0
2024,2,8482172,CHI,2024-04-14,1.9863,696,1.8166,626,NA,NA,1
2024,2,8482172,CHI,2024-04-12,2.4073,864,2.4021,861,0.0052,3,1
2024,2,8482172,CHI,2024-04-10,2.0502,719,1.7797,624,0.0174,8,0
2024,2,8482172,CHI,2024-04-07,1.9827,685,1.9406,666,NA,NA,1
2024,2,8482172,CHI,2024-04-06,1.5947,554,1.5947,554,NA,NA,1
2024,2,8482172,CHI,2024-04-02,1.925,635,1.833,602,NA,NA,0
2024,2,8482172,CHI,2024-03-30,1.7139,635,1.4828,546,NA,NA,0
2024,2,8482172,CHI,2024-03-28,2.0068,684,1.8778,648,NA,NA,0
2024,2,8482177,MIN,2024-04-18,2.4427,927,2.0638,735,NA,NA,1
2024,2,8482177,MIN,2024-04-15,2.6776,941,2.358,809,0.0016,3,0
2024,2,8482177,MIN,2024-04-13,2.52,936,1.9876,709,NA,NA,0
2024,2,8482177,MIN,2024-04-12,2.6212,1007,1.9173,677,0.3697,162,0
2024,2,8482177,MIN,2024-04-09,1.5394,584,1.3331,488,NA,NA,0
2024,2,8482177,MIN,2024-04-07,2.5361,898,2.5361,898,NA,NA,0
2024,2,8482177,MIN,2024-04-06,1.6715,672,1.4651,567,0.0899,59,1
2024,2,8482177,MIN,2024-04-04,1.9293,693,1.8857,672,NA,NA,1
2024,2,8482177,MIN,2024-04-02,2.3036,827,2.0143,704,0.1913,76,1
2024,2,8482177,MIN,2024-03-30,2.3104,825,2.2144,775,NA,NA,1
2024,2,8482744,CBJ,2024-04-16,2.1148,781,2.1148,781,NA,NA,1
2024,2,8482744,CBJ,2024-04-13,2.1564,775,2.1564,775,NA,NA,0
2024,2,8482744,CBJ,2024-04-11,1.7573,655,1.61,603,0.1473,52,0
2024,2,8482744,CBJ,2024-04-09,1.4643,542,1.4643,542,NA,NA,0
2024,2,8482744,CBJ,2024-04-07,1.7433,602,1.7433,602,NA,NA,0
2024,2,8482744,CBJ,2024-04-06,1.7635,658,1.7635,658,NA,NA,1
2024,2,8482744,CBJ,2024-04-04,1.9513,741,1.9513,741,NA,NA,1
2024,2,8482744,CBJ,2024-04-01,1.2613,524,1.1577,467,0.1036,57,1
2024,2,8482744,CBJ,2024-03-30,0.9151,329,0.6599,232,0.2552,97,1
2024,2,8482744,CBJ,2024-03-28,1.2085,433,1.2085,433,NA,NA,0
2024,2,8476934,ANA,2024-01-25,1.4329,500,1.2765,445,NA,NA,0
2024,2,8476934,ANA,2024-01-23,1.5772,556,1.4572,504,0.0331,13,1
2024,2,8476934,ANA,2024-01-20,1.5058,563,1.2769,462,NA,NA,0
2024,2,8476934,ANA,2024-01-15,1.8236,593,1.5183,483,0.0182,9,0
2024,2,8476934,ANA,2024-01-11,2.2479,738,1.9382,689,0.1828,0,0
2024,2,8476934,ANA,2024-01-07,2.662,1039,2.0358,730,NA,NA,1
2024,2,8476934,ANA,2024-01-05,2.2236,826,2.1733,804,NA,NA,1
2024,2,8476934,ANA,2024-01-03,1.8506,741,1.5445,604,NA,NA,1
2024,2,8476934,ANA,2023-12-31,2.3497,878,1.9727,736,NA,NA,1
2024,2,8476934,ANA,2023-12-21,1.2737,482,1.0179,373,0.0024,1,1
2024,2,8476994,PIT,2023-12-31,1.3813,478,1.3813,478,NA,NA,1
2024,2,8476994,PIT,2023-12-16,1.3642,472,1.3134,441,0.0508,31,0
2024,2,8476994,PIT,2023-12-13,2.5521,900,2.4543,855,0.0979,45,0
2024,2,8476994,PIT,2023-12-12,1.7378,570,1.6755,536,0.0623,34,1
2024,2,8476994,PIT,2023-12-08,3.0195,1016,2.7149,920,0.3046,96,0
2024,2,8476994,PIT,2023-12-02,1.0253,316,0.963,292,0.0624,24,1
2024,2,8476994,PIT,2023-11-24,2.4551,843,2.0834,717,0.3717,126,0
2024,2,8476994,PIT,2023-11-22,2.3864,768,1.8287,611,0.5577,157,1
2024,2,8476994,PIT,2023-11-18,0.6967,229,0.6967,229,NA,NA,0
2024,2,8476994,PIT,2023-11-16,1.8238,598,1.5845,525,0.2393,73,1
2024,2,8477073,"COL,NJD",2024-04-15,0.9697,332,0.9697,332,NA,NA,1
2024,2,8477073,"COL,NJD",2024-04-13,0.956,358,0.956,358,NA,NA,0
2024,2,8477073,"COL,NJD",2024-04-11,1.0425,355,1.0425,355,NA,NA,0
2024,2,8477073,"COL,NJD",2024-04-09,0.9638,353,0.9638,353,NA,NA,1
2024,2,8477073,"COL,NJD",2024-04-06,0.9088,327,0.9088,327,NA,NA,0
2024,2,8477073,"COL,NJD",2024-04-03,0.0011,2,0.0011,2,NA,NA,0
2024,2,8477073,"COL,NJD",2024-03-23,0.6416,254,0.6416,254,NA,NA,1
2024,2,8477073,"COL,NJD",2024-03-21,0.5519,212,0.5519,212,NA,NA,1
2024,2,8477073,"COL,NJD",2024-03-17,0.7587,272,0.7587,272,NA,NA,0
2024,2,8477073,"COL,NJD",2024-03-16,0.7997,319,0.7997,319,NA,NA,0
2024,2,8478078,OTT,2024-03-09,1.9704,683,1.6715,573,NA,NA,0
2024,2,8478078,OTT,2024-03-07,1.9223,684,1.9223,684,NA,NA,0
2024,2,8478078,OTT,2024-03-06,2.1653,739,2.1292,722,0.0091,5,0
2024,2,8478078,OTT,2024-01-29,1.2448,476,0.8329,301,0.0343,10,1
2024,2,8478078,OTT,2024-01-27,1.7125,607,1.3924,506,NA,NA,1
2024,2,8478078,OTT,2024-01-25,0.9222,309,0.9222,309,NA,NA,1
2024,2,8478078,OTT,2024-01-23,1.8117,635,1.2927,462,0.0165,5,0
2024,2,8478078,OTT,2024-01-21,1.5455,588,1.3581,491,0.0169,6,0
2024,2,8478078,OTT,2024-01-20,1.9077,632,1.4645,464,NA,NA,1
2024,2,8478078,OTT,2024-01-18,1.9554,698,1.6039,543,NA,NA,1
2024,2,8478409,BOS,2024-02-26,1.8981,625,1.8981,625,NA,NA,0
2024,2,8478409,BOS,2024-02-24,1.9153,674,1.9153,674,NA,NA,0
2024,2,8478409,BOS,2024-02-22,2.1016,724,2.1016,724,NA,NA,0
2024,2,8478409,BOS,2024-02-21,1.8048,632,1.8048,632,NA,NA,0
2024,2,8478409,BOS,2024-02-19,2.061,742,2.061,742,NA,NA,1
2024,2,8478409,BOS,2024-02-17,1.3301,480,1.3301,480,NA,NA,1
2024,2,8478409,BOS,2024-02-15,1.7091,582,1.7091,582,NA,NA,1
2024,2,8478409,BOS,2024-02-13,1.7119,631,1.7119,631,NA,NA,1
2024,2,8478409,BOS,2024-02-10,1.7467,638,1.7467,638,NA,NA,1
2024,2,8478477,MTL,2024-01-20,1.3141,524,1.2876,494,NA,NA,0
2024,2,8478477,MTL,2024-01-18,1.8249,690,1.6895,603,0.0021,3,0
2024,2,8478477,MTL,2024-01-17,1.6519,657,1.4184,539,NA,NA,0
2024,2,8478477,MTL,2024-01-15,1.1102,455,1.0102,399,NA,NA,1
2024,2,8478477,MTL,2024-01-13,1.0905,447,0.977,379,0.0098,3,1
2024,2,8478477,MTL,2024-01-11,1.1572,443,1.1572,443,NA,NA,1
2024,2,8478477,MTL,2024-01-10,1.6661,617,1.6002,587,NA,NA,0
2024,2,8478477,MTL,2024-01-06,1.4691,615,1.1786,458,NA,NA,1
2024,2,8478477,MTL,2024-01-04,1.5505,664,1.3193,570,NA,NA,1
2024,2,8478477,MTL,2024-01-02,1.6812,682,1.584,640,NA,NA,0
2024,2,8478904,FLA,2024-04-13,1.4514,542,1.2667,462,NA,NA,1
2024,2,8478904,FLA,2024-04-11,2.0258,703,2.0258,703,NA,NA,1
2024,2,8478904,FLA,2024-04-04,2.5242,948,2.0395,723,NA,NA,0
2024,2,8478904,FLA,2024-04-02,1.6241,579,1.1826,432,NA,NA,0
2024,2,8478904,FLA,2024-03-30,1.4204,477,1.4204,477,NA,NA,1
2024,2,8478904,FLA,2024-03-28,1.4754,508,1.3039,450,NA,NA,1
2024,2,8478904,FLA,2024-03-26,1.1905,423,1.1905,423,NA,NA,1
2024,2,8478904,FLA,2024-03-24,1.7551,629,1.7551,629,NA,NA,0
2024,2,8478904,FLA,2024-03-23,1.6414,517,1.6414,517,NA,NA,0
2024,2,8478904,FLA,2024-02-24,1.1445,371,1.1445,371,NA,NA,1
2024,2,8479772,OTT,2024-04-16,1.9816,642,1.9816,642,NA,NA,0
2024,2,8479772,OTT,2024-04-15,1.3977,478,1.3464,463,0.0513,15,0
2024,2,8479772,OTT,2024-04-13,1.0779,372,1.0779,372,NA,NA,1
2024,2,8479772,OTT,2024-04-11,1.1943,415,1.1943,415,NA,NA,0
2024,2,8479772,OTT,2024-04-09,1.0912,387,1.0912,387,NA,NA,0
2024,2,8479772,OTT,2024-04-07,1.3236,494,1.3236,494,NA,NA,0
2024,2,8479772,OTT,2024-03-02,0.42,138,0.42,138,NA,NA,0
2024,2,8479772,OTT,2024-03-01,0.4607,162,0.4607,162,NA,NA,1
2024,2,8479772,OTT,2024-01-23,1.4827,555,1.4827,555,NA,NA,0
2024,2,8479772,OTT,2024-01-21,1.5108,489,1.5108,489,NA,NA,0
2024,2,8479972,MIN,2024-04-15,1.4872,579,1.4843,576,0.0029,3,0
2024,2,8479972,MIN,2024-04-13,1.4112,511,1.4112,511,NA,NA,0
2024,2,8479972,MIN,2024-04-12,1.559,598,1.5307,588,0.0284,10,0
2024,2,8479972,MIN,2024-04-09,1.2578,493,1.2432,487,NA,NA,0
2024,2,8479972,MIN,2024-04-07,1.5657,581,1.5657,581,NA,NA,0
2024,2,8479972,MIN,2024-04-06,1.4542,518,1.4542,518,NA,NA,1
2024,2,8479972,MIN,2024-04-04,1.227,445,1.227,445,NA,NA,1
2024,2,8479972,MIN,2024-04-02,1.6844,589,1.6844,589,NA,NA,1
2024,2,8479972,MIN,2024-03-30,1.189,421,1.189,421,NA,NA,1
2024,2,8479972,MIN,2024-03-23,1.4917,526,1.4917,526,NA,NA,1
2024,2,8480007,VGK,2024-04-18,1.9356,728,1.9356,728,NA,NA,1
2024,2,8480007,VGK,2024-04-16,2.5826,914,2.4236,866,NA,NA,1
2024,2,8480007,VGK,2024-02-17,1.4272,493,1.4272,493,NA,NA,1
2024,2,8480007,VGK,2024-02-12,1.2999,486,1.2286,447,NA,NA,1
2024,2,8480007,VGK,2024-02-08,2.0821,748,2.0405,734,0.0079,4,0
2024,2,8480007,VGK,2024-02-06,2.2293,804,2.2124,797,0.0048,2,1
2024,2,8480007,VGK,2024-01-27,1.655,555,1.5217,497,NA,NA,0
2024,2,8480007,VGK,2024-01-26,2.022,773,1.8982,711,NA,NA,0
2024,2,8480007,VGK,2024-01-23,1.9325,674,1.8276,638,NA,NA,0
2024,2,8480007,VGK,2024-01-22,2.3924,834,2.0983,705,NA,NA,0
2024,2,8480441,CBJ,2024-04-13,1.7417,649,1.7417,649,NA,NA,0
2024,2,8480441,CBJ,2024-04-04,1.217,416,1.217,416,NA,NA,1
2024,2,8480441,CBJ,2024-03-23,1.2392,473,1.1323,433,0.1069,40,0
2024,2,8480441,CBJ,2024-03-22,1.8448,711,1.8448,711,NA,NA,0
2024,2,8480441,CBJ,2024-03-19,1.568,584,1.4258,539,0.1423,45,0
2024,2,8480441,CBJ,2024-03-17,1.8662,706,1.6877,632,0.1784,74,1
2024,2,8480441,CBJ,2024-03-16,1.9692,739,1.9692,739,NA,NA,1
2024,2,8480441,CBJ,2024-03-14,1.5393,596,1.4082,539,0.1312,57,1
2024,2,8480441,CBJ,2024-03-12,2.357,898,2.1381,836,0.2188,62,0
2024,2,8480441,CBJ,2024-03-09,1.8731,728,1.8731,728,NA,NA,1
2024,2,8480468,EDM,2024-01-18,1.3264,438,1.3264,438,NA,NA,1
2024,2,8480468,EDM,2024-01-16,1.2342,417,1.2342,417,NA,NA,1
2024,2,8480468,EDM,2024-01-13,1.3782,472,1.3782,472,NA,NA,0
2024,2,8480468,EDM,2024-01-11,0.9506,289,0.9506,289,NA,NA,0
2024,2,8480468,EDM,2024-01-09,0.9346,301,0.9346,301,NA,NA,0
2024,2,8480468,EDM,2024-01-06,1.0398,376,1.0398,376,NA,NA,1
2024,2,8480468,EDM,2024-01-02,1.4963,519,1.4963,519,NA,NA,1
2024,2,8480468,EDM,2023-12-31,1.7371,638,1.5938,585,0.1434,53,0
2024,2,8480468,EDM,2023-12-30,0.9356,317,0.9356,317,NA,NA,0
2024,2,8480468,EDM,2023-12-28,1.8194,645,1.8095,641,NA,NA,0
2024,2,8480776,VGK,2024-02-29,1.5495,570,1.5495,570,NA,NA,0
2024,2,8480776,VGK,2024-02-27,1.8034,639,1.746,623,0.0574,16,0
2024,2,8480776,VGK,2024-02-24,1.6579,584,1.6579,584,NA,NA,0
2024,2,8480776,VGK,2024-02-22,1.8822,683,1.8822,683,NA,NA,1
2024,2,8480776,VGK,2024-02-12,1.4524,547,1.4524,547,NA,NA,1
2024,2,8480776,VGK,2024-01-27,2.0058,725,1.8401,653,0.1657,72,0
2024,2,8480776,VGK,2024-01-26,1.9021,721,1.5174,599,0.3847,122,0
2024,2,8480776,VGK,2024-01-23,1.2358,478,1.096,434,0.1398,44,0
2024,2,8480776,VGK,2024-01-18,1.2499,438,1.2499,438,NA,NA,1
2024,2,8480823,WSH,2024-04-16,2.9602,1261,2.9548,1257,NA,NA,0
2024,2,8480823,WSH,2024-04-15,3.084,1284,3.084,1284,NA,NA,1
2024,2,8480823,WSH,2024-04-13,3.0135,1302,3.0135,1302,NA,NA,1
2024,2,8480823,WSH,2024-04-11,3.0113,1281,3.0113,1281,NA,NA,0
2024,2,8480823,WSH,2024-04-09,2.2728,908,2.2728,908,NA,NA,0
2024,2,8480823,WSH,2024-04-07,2.0847,897,2.0847,897,NA,NA,1
2024,2,8480823,WSH,2024-04-05,1.4038,597,1.3531,573,NA,NA,0
2024,2,8480823,WSH,2024-04-04,1.4177,578,1.4177,578,NA,NA,1
2024,2,8480823,WSH,2024-04-02,2.3802,993,2.3802,993,NA,NA,0
2024,2,8480823,WSH,2024-03-30,2.1335,904,2.0409,839,NA,NA,1
2024,2,8480853,"CBJ,NSH",2023-12-02,1.4878,577,1.4878,577,NA,NA,1
2024,2,8480853,"CBJ,NSH",2023-11-24,2.1107,791,2.0657,771,NA,NA,0
2024,2,8480853,"CBJ,NSH",2023-11-22,1.8743,676,1.7585,622,0.1158,54,1
2024,2,8480853,"CBJ,NSH",2023-11-20,1.5632,587,1.5632,587,NA,NA,1
2024,2,8480853,"CBJ,NSH",2023-11-14,1.8265,753,1.8265,753,NA,NA,1
2024,2,8480853,"CBJ,NSH",2023-11-11,1.3235,483,1.3235,482,NA,NA,1
2024,2,8480853,"CBJ,NSH",2023-11-09,1.7018,596,1.7018,596,NA,NA,0
2024,2,8480853,"CBJ,NSH",2023-11-07,1.7962,640,1.7962,640,NA,NA,0
2024,2,8480853,"CBJ,NSH",2023-11-04,1.5248,590,1.5248,590,NA,NA,0
2024,2,8480853,"CBJ,NSH",2023-11-02,1.479,513,1.479,513,NA,NA,0
2024,2,8481065,OTT,2024-04-02,0.6228,217,0.5078,187,0.1151,30,0
2024,2,8481065,OTT,2024-03-30,1.8415,645,1.5748,556,0.2668,89,0
2024,2,8481065,OTT,2024-03-28,2.2068,769,2.2068,769,NA,NA,1
2024,2,8481065,OTT,2024-03-27,2.542,908,2.542,908,NA,NA,0
2024,2,8481065,OTT,2024-03-24,2.2971,810,2.2971,810,NA,NA,1
2024,2,8481065,OTT,2024-03-23,2.43,832,2.3614,803,0.0685,29,0
2024,2,8481065,OTT,2024-01-04,1.3921,480,1.3921,480,NA,NA,0
2024,2,8481065,OTT,2023-12-29,1.5503,557,1.5503,557,NA,NA,1
2024,2,8481065,OTT,2023-12-27,1.527,528,1.4838,513,0.0432,15,0
2024,2,8481065,OTT,2023-12-23,0.9382,311,0.9152,303,0.023,8,1
2024,2,8481592,CGY,2024-03-14,0.8035,295,0.7697,286,0.0339,9,1
2024,2,8481592,CGY,2024-03-12,2.0095,759,2.005,757,0.0045,2,1
2024,2,8481592,CGY,2024-03-10,1.5321,561,1.5205,555,0.0116,6,0
2024,2,8481592,CGY,2024-03-09,2.0235,773,2.0235,773,NA,NA,0
2024,2,8481592,CGY,2024-03-07,1.7703,700,1.7703,700,NA,NA,0
2024,2,8481592,CGY,2024-03-04,1.7037,613,1.6914,609,0.0123,4,1
2024,2,8481592,CGY,2024-03-02,1.8893,662,1.8399,648,0.0494,14,1
2024,2,8481592,CGY,2024-02-27,1.4798,509,1.4798,509,NA,NA,1
2024,2,8481592,CGY,2024-02-24,1.2739,448,1.2135,429,0.0604,19,0
2024,2,8481592,CGY,2024-02-12,0.151,54,0.151,54,NA,NA,0
2024,2,8481743,NSH,2024-03-26,2.0769,906,1.9259,825,NA,NA,1
2024,2,8481743,NSH,2024-03-23,1.9732,827,1.7569,719,NA,NA,1
2024,2,8481743,NSH,2024-03-21,2.5342,1085,2.307,961,0.0196,11,0
2024,2,8481743,NSH,2024-03-19,2.7855,1161,2.658,1100,NA,NA,1
2024,2,8481743,NSH,2023-11-14,1.9817,822,1.7043,703,0.0328,9,1
2024,2,8481743,NSH,2023-11-11,2.3092,982,2.0682,866,0.0424,11,1
2024,2,8481743,NSH,2023-11-09,2.6692,1087,2.412,963,0.0867,38,0
2024,2,8481743,NSH,2023-11-07,2.3391,937,2.1192,833,NA,NA,0
2024,2,8481743,NSH,2023-11-04,2.3964,1082,2.3802,1073,NA,NA,0
2024,2,8481806,CHI,2024-03-04,2.0682,889,2.0404,871,0.0267,18,0
2024,2,8481806,CHI,2024-03-02,1.5789,749,1.4421,679,NA,NA,1
2024,2,8481806,CHI,2024-02-29,2.3008,1065,2.3008,1064,NA,NA,1
2024,2,8481806,CHI,2024-02-25,2.0441,942,2.0441,942,NA,NA,1
2024,2,8481806,CHI,2024-02-19,1.9807,966,1.9807,966,NA,NA,0
2024,2,8481806,CHI,2024-02-17,2.2367,974,2.207,963,0.0297,11,1
2024,2,8481806,CHI,2024-02-15,1.922,820,1.7393,738,0.1348,50,1
2024,2,8481806,CHI,2024-02-13,1.7178,764,1.694,754,NA,NA,1
2024,2,8481806,CHI,2024-02-09,2.1357,967,1.7936,790,0.01,5,1
2024,2,8481806,CHI,2024-01-24,2.3522,1036,2.0769,917,NA,NA,0
2024,2,8482470,CGY,2024-04-18,2.3287,983,2.1317,876,NA,NA,1
2024,2,8482470,CGY,2024-04-16,2.0311,928,1.81,803,0.0752,0,0
2024,2,8482470,CGY,2024-04-11,2.5278,1136,2.3174,1017,NA,NA,0
2024,2,8482470,CGY,2024-04-09,2.5643,1099,2.2605,951,NA,NA,0
2024,2,8482470,CGY,2023-12-11,2.2604,978,2.1181,910,NA,NA,0
2024,2,8482470,CGY,2023-12-09,2.1926,928,2.0711,864,NA,NA,1
2024,2,8482470,CGY,2023-12-07,1.4867,620,1.3814,579,NA,NA,1
2024,2,8482470,CGY,2023-12-05,2.1428,875,2.11,852,NA,NA,1
2024,2,8482470,CGY,2023-10-26,2.4669,994,2.3419,930,0.0277,8,1
2024,2,8483482,ANA,2023-12-07,3.6107,1360,3.585,1343,0.0257,17,0
2024,2,8483482,ANA,2023-12-05,2.8627,1097,2.8627,1097,NA,NA,0
2024,2,8483482,ANA,2023-11-30,3.0339,1148,3.0315,1147,NA,NA,1
2024,2,8483482,ANA,2023-11-28,2.4765,976,2.4396,961,0.0299,12,0
2024,2,8483482,ANA,2023-11-22,2.8317,1068,2.8317,1068,NA,NA,1
2024,2,8483482,ANA,2023-10-21,2.2138,898,2.0991,867,0.1147,31,0
2024,2,8483482,ANA,2023-10-19,2.74,959,2.74,959,NA,NA,1
2024,2,8483570,"COL,ANA",2024-04-13,1.1936,438,1.1542,413,NA,NA,0
2024,2,8483570,"COL,ANA",2024-04-09,1.918,605,1.871,589,NA,NA,1
2024,2,8483570,"COL,ANA",2024-04-07,1.9219,641,1.9219,641,NA,NA,1
2024,2,8483570,"COL,ANA",2024-04-02,0.9268,349,0.9268,349,NA,NA,0
2024,2,8483570,"COL,ANA",2024-03-31,0.5227,202,0.4612,169,NA,NA,0
2024,2,8483570,"COL,ANA",2024-03-28,1.4994,555,1.1932,422,NA,NA,0
2024,2,8483570,"COL,ANA",2024-03-26,2.1017,688,2.0788,679,NA,NA,0
2024,2,8483570,"COL,ANA",2024-03-24,1.5483,543,1.5483,543,NA,NA,1
2024,2,8483570,"COL,ANA",2024-03-21,1.8838,604,1.831,585,0.041,15,1
2024,2,8483570,"COL,ANA",2024-03-15,1.8741,645,1.7287,587,NA,NA,0
2024,2,8484304,FLA,2024-04-16,1.531,651,1.531,650,NA,NA,1
2024,2,8484304,FLA,2024-04-13,2.3464,981,2.2351,929,NA,NA,1
2024,2,8484304,FLA,2024-04-11,2.3895,997,2.3813,993,0.0082,4,1
2024,2,8484304,FLA,2024-04-09,1.7312,682,1.7099,669,NA,NA,1
2024,2,8484304,FLA,2024-03-26,1.685,653,1.685,653,NA,NA,1
2024,2,8484304,FLA,2024-03-24,2.8728,1168,2.3636,927,NA,NA,0
2024,2,8484304,FLA,2024-03-23,3.0172,1219,2.7617,1092,NA,NA,0
2024,2,8484304,FLA,2024-03-21,2.4008,925,2.3309,898,NA,NA,1
2024,2,8484304,FLA,2023-12-14,1.236,503,1.1096,457,NA,NA,0
2024,2,8484304,FLA,2023-12-12,2.0797,888,2.0797,888,NA,NA,0
2024,2,8473473,BOS,2023-10-21,1.7698,735,1.6057,629,0.164,106,0
2024,2,8473473,BOS,2023-10-19,1.9342,732,1.9342,732,NA,NA,0
2024,2,8473473,BOS,2023-10-14,1.6034,587,1.6034,587,NA,NA,1
2024,2,8473473,BOS,2023-10-11,2.1528,819,2.1528,819,NA,NA,1
2024,2,8475780,COL,2024-04-09,1.097,414,0.9973,375,NA,NA,1
2024,2,8475780,COL,2024-04-07,0.9325,346,0.9036,335,NA,NA,1
2024,2,8475780,COL,2024-04-04,1.2633,461,1.1747,428,0.0029,0,0
2024,2,8475780,COL,2024-04-01,1.1009,397,0.9787,349,NA,NA,0
2024,2,8475780,COL,2024-03-06,0.4855,172,0.4623,158,NA,NA,1
2024,2,8475780,COL,2024-03-04,1.5524,626,1.3714,522,NA,NA,1
2024,2,8475780,COL,2024-03-02,1.8949,668,1.7109,599,NA,NA,0
2024,2,8475780,COL,2024-02-29,1.4387,504,1.4387,504,NA,NA,0
2024,2,8475780,COL,2024-02-27,1.6724,569,1.6451,557,NA,NA,1
2024,2,8475780,COL,2024-02-24,1.069,385,1.0475,378,NA,NA,1
2024,2,8476988,SJS,2023-12-03,2.0537,916,1.7695,713,NA,NA,0
2024,2,8476988,SJS,2023-12-01,2.3349,1102,2.1672,982,NA,NA,0
2024,2,8476988,SJS,2023-11-30,2.1783,927,1.7073,711,NA,NA,0
2024,2,8476988,SJS,2023-11-27,2.7475,1241,2.4059,1033,NA,NA,1
2024,2,8476988,SJS,2023-11-25,2.8513,1364,2.6039,1186,NA,NA,1
2024,2,8476988,SJS,2023-11-24,2.6153,1100,2.3647,964,NA,NA,1
2024,2,8476988,SJS,2023-10-29,2.3416,1005,1.9852,803,NA,NA,0
2024,2,8476988,SJS,2023-10-26,2.8031,1220,2.6046,1122,NA,NA,0
2024,2,8476988,SJS,2023-10-24,2.8956,1196,2.4856,969,0.0058,4,0
2024,2,8476988,SJS,2023-10-21,2.6105,1123,2.1396,828,NA,NA,0
2024,2,8477034,CHI,2024-04-18,3.1751,1444,3.0583,1375,NA,NA,0
2024,2,8477034,CHI,2024-04-16,1.9706,835,1.8459,770,NA,NA,0
2024,2,8477034,CHI,2024-04-12,2.0252,900,1.7994,779,0.0157,7,1
2024,2,8477034,CHI,2024-04-10,2.3957,1085,2.1476,971,NA,NA,0
2024,2,8477034,CHI,2024-04-07,1.9399,915,1.8396,849,NA,NA,1
2024,2,8477034,CHI,2024-04-06,2.2126,1033,2.0707,969,NA,NA,1
2024,2,8477034,CHI,2024-04-02,2.214,958,2.0223,860,NA,NA,0
2024,2,8477034,CHI,2024-03-30,2.5962,1101,2.3657,992,NA,NA,0
2024,2,8477034,CHI,2024-03-28,2.2962,987,2.1236,892,NA,NA,0
2024,2,8477034,CHI,2024-03-26,2.4588,1050,2.3034,965,NA,NA,1
2024,2,8477454,EDM,2024-04-18,1.5043,520,1.475,505,0.0293,15,0
2024,2,8477454,EDM,2024-01-16,1.3683,434,1.3683,434,NA,NA,1
2024,2,8477454,EDM,2024-01-13,1.2863,438,1.2863,438,NA,NA,0
2024,2,8477454,EDM,2024-01-11,0.9119,299,0.9119,299,NA,NA,0
2024,2,8477454,EDM,2024-01-09,1.2081,385,1.2081,385,NA,NA,0
2024,2,8477454,EDM,2024-01-06,1.1395,405,1.1395,405,NA,NA,1
2024,2,8477454,EDM,2024-01-02,1.2161,411,1.2161,411,NA,NA,1
2024,2,8477454,EDM,2023-12-31,1.5474,561,1.4234,514,0.124,47,0
2024,2,8477454,EDM,2023-12-30,1.2317,420,1.2317,420,NA,NA,0
2024,2,8477454,EDM,2023-12-28,1.8185,623,1.8185,623,NA,NA,0
2024,2,8477464,MIN,2024-01-10,1.2948,487,1.2948,487,NA,NA,0
2024,2,8477464,MIN,2024-01-06,0.693,262,0.693,262,NA,NA,0
2024,2,8477464,MIN,2024-01-04,2.4904,956,2.4034,920,0.0871,36,1
2024,2,8477464,MIN,2024-01-02,2.1368,850,1.9046,734,0.2322,116,1
2024,2,8477464,MIN,2023-12-31,2.2209,831,2.1699,785,0.051,46,1
2024,2,8477851,CGY,2024-03-04,2.1284,847,2.1197,843,0.0087,4,1
2024,2,8477851,CGY,2024-01-25,1.4344,585,1.4344,585,NA,NA,1
2024,2,8477851,CGY,2024-01-23,1.5691,662,1.5691,662,NA,NA,1
2024,2,8477851,CGY,2024-01-20,1.2716,539,1.2716,539,NA,NA,1
2024,2,8477851,CGY,2024-01-18,1.5064,577,1.5064,577,NA,NA,1
2024,2,8477851,CGY,2024-01-16,1.9258,795,1.7385,674,NA,NA,1
2024,2,8477851,CGY,2024-01-13,2.2896,918,2.1962,886,NA,NA,0
2024,2,8477851,CGY,2024-01-11,2.1292,939,2.1292,939,NA,NA,0
2024,2,8477851,CGY,2024-01-07,1.8799,731,1.7815,685,NA,NA,0
2024,2,8477851,CGY,2024-01-06,1.634,686,1.5352,618,NA,NA,0
2024,2,8478146,OTT,2024-03-06,0.9762,366,0.9269,339,NA,NA,0
2024,2,8478146,OTT,2023-12-01,1.0012,364,0.9228,331,0.021,7,0
2024,2,8478146,OTT,2023-11-27,1.6506,600,1.3958,482,NA,NA,1
2024,2,8478146,OTT,2023-11-24,1.4369,472,1.372,442,NA,NA,1
2024,2,8478146,OTT,2023-11-11,1.2234,477,0.9439,349,NA,NA,1
2024,2,8478146,OTT,2023-11-09,1.5981,613,1.2192,470,NA,NA,1
2024,2,8478495,"NSH,PHI",2024-03-30,1.3779,475,1.3779,475,NA,NA,1
2024,2,8478495,"NSH,PHI",2024-03-14,2.1326,774,1.953,710,0.1795,64,1
2024,2,8478495,"NSH,PHI",2024-03-12,1.7033,653,1.4188,510,0.2845,143,1
2024,2,8478495,"NSH,PHI",2024-03-09,1.9918,717,1.8346,650,0.1572,67,0
2024,2,8478495,"NSH,PHI",2024-03-07,1.3209,469,1.3209,469,NA,NA,0
2024,2,8478495,"NSH,PHI",2024-02-15,2.6329,920,2.6329,920,NA,NA,0
2024,2,8478495,"NSH,PHI",2024-01-31,1.5483,572,1.5483,572,NA,NA,0
2024,2,8478495,"NSH,PHI",2024-01-29,2.2191,882,1.8423,689,0.3769,193,0
2024,2,8478495,"NSH,PHI",2024-01-27,2.1805,782,1.8841,652,0.2964,130,0
2024,2,8478495,"NSH,PHI",2024-01-25,2.2827,801,2.122,739,0.1606,62,0
2024,2,8479362,COL,2023-11-24,1.7237,646,1.5417,564,0.182,82,0
2024,2,8479362,COL,2023-11-22,1.5242,543,1.5072,537,0.017,6,1
2024,2,8479362,COL,2023-11-11,1.7134,609,1.7134,609,NA,NA,1
2024,2,8479362,COL,2023-11-09,2.3349,850,2.2874,834,0.0475,16,1
2024,2,8479362,COL,2023-11-01,1.7963,688,1.7963,688,NA,NA,1
2024,2,8479378,WPG,2024-04-18,2.3392,967,2.2665,914,NA,NA,1
2024,2,8479378,WPG,2024-04-16,1.8796,765,1.8632,754,NA,NA,1
2024,2,8479378,WPG,2024-04-13,2.2204,939,2.131,894,NA,NA,0
2024,2,8479378,WPG,2024-04-11,2.0677,889,1.77,744,0.146,67,0
2024,2,8479378,WPG,2024-04-09,1.9304,814,1.6982,682,NA,NA,0
2024,2,8479378,WPG,2024-04-06,1.9924,855,1.8568,778,NA,NA,0
2024,2,8479378,WPG,2024-03-30,2.0892,868,1.8169,741,NA,NA,1
2024,2,8479378,WPG,2024-03-28,1.5473,577,1.5473,577,NA,NA,1
2024,2,8479378,WPG,2024-03-26,1.9852,822,1.7769,732,NA,NA,1
2024,2,8479378,WPG,2024-03-17,2.3298,1012,2.1698,928,NA,NA,0
2024,2,8480070,BOS,2023-12-23,1.6221,650,1.6221,650,NA,NA,0
2024,2,8480070,BOS,2023-12-13,2.8485,1166,2.6428,1055,NA,NA,0
2024,2,8480070,BOS,2023-12-09,2.6292,1107,2.498,1052,NA,NA,1
2024,2,8480070,BOS,2023-11-25,2.5407,1053,2.4983,1035,0.0424,18,0
2024,2,8480070,BOS,2023-11-24,2.7418,1057,2.5965,1002,NA,NA,1
2024,2,8480070,BOS,2023-11-20,2.0725,802,2.0725,802,NA,NA,0
2024,2,8480070,BOS,2023-11-11,2.0102,810,2.0102,810,NA,NA,0
2024,2,8480070,BOS,2023-11-09,2.8581,1099,2.8581,1099,NA,NA,1
2024,2,8480070,BOS,2023-11-06,2.6175,1067,2.5412,1019,NA,NA,0
2024,2,8480070,BOS,2023-11-04,2.561,1030,2.2328,884,NA,NA,0
2024,2,8480292,CBJ,2024-04-09,0.2547,86,0.2547,86,NA,NA,0
2024,2,8480292,CBJ,2024-04-06,1.6143,619,1.6143,619,NA,NA,1
2024,2,8480292,CBJ,2024-04-04,1.1913,427,1.1913,427,NA,NA,1
2024,2,8480292,CBJ,2024-04-01,1.1481,475,1.1481,475,NA,NA,1
2024,2,8480292,CBJ,2024-03-30,0.7383,277,0.7383,277,NA,NA,1
2024,2,8480292,CBJ,2024-03-28,1.2105,455,1.2105,454,NA,NA,0
2024,2,8480292,CBJ,2024-03-26,1.6603,619,1.6392,608,0.0211,11,0
2024,2,8480292,CBJ,2024-03-23,1.7021,671,1.7021,671,NA,NA,0
2024,2,8480292,CBJ,2024-03-22,1.811,652,1.811,652,NA,NA,0
2024,2,8480292,CBJ,2024-03-19,1.7301,628,1.7301,628,NA,NA,0
2024,2,8480870,ANA,2024-04-12,1.9465,762,1.7974,711,NA,NA,1
2024,2,8480870,ANA,2024-04-05,1.1386,488,1.1324,484,0.0062,4,1
2024,2,8480870,ANA,2024-03-31,0.7482,296,0.7268,284,0.0052,3,0
2024,2,8480870,ANA,2024-03-30,1.8588,699,1.7019,629,0.0239,8,0
2024,2,8480870,ANA,2024-03-19,1.6309,589,1.5023,536,NA,NA,1
2024,2,8480870,ANA,2024-03-17,2.0288,810,1.6942,679,NA,NA,0
2024,2,8480870,ANA,2024-03-15,2.0296,801,1.9403,762,0.0172,3,0
2024,2,8480870,ANA,2024-03-14,1.7832,683,1.6861,649,0.0336,8,0
2024,2,8480870,ANA,2024-03-12,1.2428,428,1.2428,428,NA,NA,0
2024,2,8480870,ANA,2024-03-10,1.6924,631,1.536,581,NA,NA,1
2024,2,8481006,STL,2024-04-17,2.0584,825,2.055,823,NA,NA,0
2024,2,8481006,STL,2024-04-14,2.2494,932,1.95,760,NA,NA,1
2024,2,8481006,STL,2024-04-12,1.6718,712,1.6718,712,NA,NA,1
2024,2,8481006,STL,2024-04-10,2.2719,909,2.2719,909,NA,NA,1
2024,2,8481006,STL,2024-04-07,1.9292,880,1.8361,831,NA,NA,0
2024,2,8481006,STL,2024-04-06,2.4332,1027,2.077,855,NA,NA,0
2024,2,8481006,STL,2024-04-04,1.2594,465,1.2594,465,NA,NA,0
2024,2,8481006,STL,2024-04-01,1.1204,423,1.1204,423,NA,NA,1
2024,2,8481006,STL,2024-03-05,1.6134,710,1.6134,710,NA,NA,0
2024,2,8481006,STL,2024-02-28,1.2887,562,1.2887,562,NA,NA,0
2024,2,8481043,TBL,2024-02-22,1.0428,359,1.0428,359,NA,NA,1
2024,2,8481043,TBL,2023-12-09,0.7299,255,0.7299,255,NA,NA,0
2024,2,8481043,TBL,2023-11-30,0.802,310,0.802,310,NA,NA,1
2024,2,8481043,TBL,2023-11-28,1.2222,420,1.2222,420,NA,NA,0
2024,2,8481043,TBL,2023-11-27,1.6491,570,1.6491,570,NA,NA,0
2024,2,8481043,TBL,2023-11-24,1.1182,398,1.1182,398,NA,NA,0
2024,2,8481043,TBL,2023-11-22,1.0977,399,1.0977,399,NA,NA,1
2024,2,8481043,TBL,2023-11-20,1.0949,384,1.0904,381,0.0045,3,1
2024,2,8481043,TBL,2023-11-18,1.3748,524,1.3667,524,0.0081,0,1
2024,2,8481161,CBJ,2024-04-01,1.1238,468,1.1238,468,NA,NA,1
2024,2,8481161,CBJ,2024-03-30,1.2644,511,1.2644,511,NA,NA,1
2024,2,8481161,CBJ,2024-03-28,1.6081,641,1.6081,641,NA,NA,0
2024,2,8481161,CBJ,2024-03-26,2.289,929,2.0818,859,0.2072,70,0
2024,2,8481161,CBJ,2024-03-23,1.6258,696,1.6258,696,NA,NA,0
2024,2,8481161,CBJ,2024-03-22,2.0273,831,2.0273,831,NA,NA,0
2024,2,8481161,CBJ,2024-03-19,1.6381,675,1.6381,675,NA,NA,0
2024,2,8481161,CBJ,2024-03-17,2.4064,967,2.4064,967,NA,NA,1
2024,2,8481161,CBJ,2024-03-16,2.2474,931,2.2474,931,NA,NA,1
2024,2,8481161,CBJ,2024-01-04,1.5829,645,1.5829,645,NA,NA,0
2024,2,8481521,PHI,2024-04-06,2.1104,865,1.923,769,NA,NA,0
2024,2,8481521,PHI,2024-03-28,1.7799,748,1.668,691,NA,NA,0
2024,2,8481521,PHI,2024-03-26,1.8425,724,1.8425,724,NA,NA,0
2024,2,8481521,PHI,2024-03-24,2.3047,903,2.0256,759,0.0489,23,1
2024,2,8481521,PHI,2024-03-23,2.2988,990,2.1501,910,0.0136,4,1
2024,2,8481521,PHI,2024-03-21,2.1169,947,1.806,790,NA,NA,0
2024,2,8481521,PHI,2024-03-19,2.0121000000000002,848,1.8088,767,NA,NA,1
2024,2,8481521,PHI,2024-03-16,2.3533,947,2.2519,900,NA,NA,0
2024,2,8481521,PHI,2024-03-14,2.3534,945,2.0525,803,NA,NA,1
2024,2,8481521,PHI,2024-03-12,2.046,883,1.5611,636,NA,NA,1
2024,2,8481523,MTL,2023-10-14,0.7128,280,0.2959,108,0.417,172,1
2024,2,8481523,MTL,2023-10-11,3.717,1282,3.0346,1028,0.6433,239,0
2024,2,8481543,STL,2024-04-12,1.9096,650,1.9096,650,NA,NA,1
2024,2,8481543,STL,2024-04-10,2.2767,843,2.2767,843,NA,NA,1
2024,2,8481543,STL,2024-04-07,1.8551,632,1.8551,632,NA,NA,0
2024,2,8481543,STL,2024-04-06,1.748,604,1.7405,600,0.0076,4,0
2024,2,8481543,STL,2024-02-28,1.6434,541,1.6434,541,NA,NA,0
2024,2,8481543,STL,2024-02-15,0.6389,245,0.6389,245,NA,NA,1
2024,2,8481543,STL,2024-01-30,1.3384,480,1.3384,480,NA,NA,1
2024,2,8481543,STL,2024-01-28,1.4984,550,1.4915,547,0.007,3,1
2024,2,8481543,STL,2024-01-26,1.7333,628,1.7333,628,NA,NA,0
2024,2,8481543,STL,2024-01-24,1.3621,477,1.3621,477,NA,NA,0
2024,2,8481550,MIN,2024-04-12,1.7502,650,1.7331,644,0.0171,6,0
2024,2,8481550,MIN,2024-04-06,0.9972,397,0.9972,397,NA,NA,1
2024,2,8481550,MIN,2024-04-04,1.361,536,1.3577,536,NA,NA,1
2024,2,8481550,MIN,2024-04-02,1.2311,481,1.2311,481,NA,NA,1
2024,2,8481550,MIN,2024-03-28,1.4981,562,1.4981,562,NA,NA,1
2024,2,8481550,MIN,2024-03-23,1.7071,588,1.7071,588,NA,NA,1
2024,2,8481550,MIN,2024-03-20,1.2389,455,1.2389,455,NA,NA,0
2024,2,8481550,MIN,2024-03-19,1.3397,482,1.3397,482,NA,NA,0
2024,2,8481550,MIN,2024-03-10,2.0797,735,2.043,735,0.0366,0,1
2024,2,8481550,MIN,2024-03-08,1.4307,545,1.4307,545,NA,NA,0
2024,2,8481598,EDM,2024-04-18,2.496,1039,2.0284,855,0.2739,91,0
2024,2,8481598,EDM,2024-04-17,2.3866,1010,2.2883,951,NA,NA,0
2024,2,8481598,EDM,2023-11-22,0.8245,317,0.6307,253,0.1938,64,0
2024,2,8481598,EDM,2023-11-20,1.4284,622,1.1467,494,NA,NA,0
2024,2,8481598,EDM,2023-11-02,0.8273,346,0.8273,346,NA,NA,1
2024,2,8481598,EDM,2023-10-26,1.7758,743,1.7316,718,NA,NA,1
2024,2,8481598,EDM,2023-10-24,1.3089,556,1.1074,453,NA,NA,0
2024,2,8481598,EDM,2023-10-21,1.4555,626,1.1658,491,NA,NA,1
2024,2,8481598,EDM,2023-10-17,2.1219,899,1.787,740,0.1595,69,0
2024,2,8481598,EDM,2023-10-14,1.7854,805,1.7434,778,NA,NA,1
2024,2,8481617,VAN,2024-04-18,1.8165,641,1.6458,578,0.1707,63,0
2024,2,8481617,VAN,2024-04-16,1.8826,715,1.8826,715,NA,NA,1
2024,2,8481617,VAN,2024-04-13,1.724,622,1.724,622,NA,NA,0
2024,2,8481617,VAN,2024-04-08,1.428,490,1.428,490,NA,NA,1
2024,2,8481617,VAN,2024-04-06,1.8718,692,1.8718,692,NA,NA,0
2024,2,8481617,VAN,2024-04-03,1.947,767,1.7873000000000001,693,0.1597,74,0
2024,2,8481617,VAN,2024-04-02,2.1699,769,2.1699,769,NA,NA,0
2024,2,8481617,VAN,2024-03-31,1.5572,592,1.5572,592,NA,NA,1
2024,2,8481617,VAN,2024-03-28,1.6811,627,1.5743,588,0.1068,39,1
2024,2,8481617,VAN,2024-03-25,1.938,721,1.8609,677,0.0771,44,1
2024,2,8481701,NJD,2024-03-24,0.8807,334,0.7926,307,NA,NA,0
2024,2,8481701,NJD,2024-03-21,1.97,849,1.7793,754,NA,NA,1
2024,2,8481701,NJD,2024-03-19,2.1322,882,2.0201,830,NA,NA,1
2024,2,8481701,NJD,2024-03-16,2.01,829,1.8615,739,NA,NA,0
2024,2,8481701,NJD,2024-03-14,2.0349,801,1.824,702,NA,NA,0
2024,2,8481701,NJD,2024-02-12,2.0449,910,1.7325,732,NA,NA,1
2024,2,8481701,NJD,2024-02-10,2.1698,902,1.9455,786,NA,NA,0
2024,2,8481701,NJD,2024-02-08,3.023,1207,2.6062,1003,0.0096,3,1
2024,2,8481701,NJD,2024-02-06,2.2476,928,2.0248,827,NA,NA,1
2024,2,8481701,NJD,2024-01-27,2.4466,1004,2.0674,818,NA,NA,0
2024,2,8481719,TBL,2024-03-07,1.7045,739,1.7045,739,NA,NA,1
2024,2,8481719,TBL,2024-03-02,2.1767,877,2.1767,877,NA,NA,1
2024,2,8481719,TBL,2024-02-29,1.2709,567,1.2709,567,NA,NA,1
2024,2,8481719,TBL,2024-02-27,1.0027,550,1.0027,550,NA,NA,0
2024,2,8481719,TBL,2024-02-25,1.6997,652,1.6997,652,NA,NA,0
2024,2,8481719,TBL,2024-02-24,1.4431,613,1.4431,613,NA,NA,0
2024,2,8481719,TBL,2024-01-27,2.5529,1016,2.5529,1016,NA,NA,1
2024,2,8481719,TBL,2024-01-25,2.2417,986,2.147,986,0.0947,0,1
2024,2,8481719,TBL,2024-01-23,1.9388,843,1.9388,843,NA,NA,0
2024,2,8481719,TBL,2024-01-21,1.664,682,1.664,682,NA,NA,0
2024,2,8481726,NYR,2024-03-04,1.1239,397,1.1239,397,NA,NA,1
2024,2,8481726,NYR,2024-03-02,1.3453,482,1.3453,482,NA,NA,0
2024,2,8481726,NYR,2024-02-28,1.4047,527,1.4047,527,NA,NA,1
2024,2,8481726,NYR,2024-02-25,1.2992,476,1.2992,476,NA,NA,0
2024,2,8481726,NYR,2024-02-24,1.0688,377,1.0688,377,NA,NA,0
2024,2,8481726,NYR,2024-02-22,1.4803,544,1.4803,544,NA,NA,0
2024,2,8481726,NYR,2024-02-20,1.3424,467,1.3424,467,NA,NA,1
2024,2,8481726,NYR,2024-02-18,1.3361,534,1.3361,534,NA,NA,0
2024,2,8481726,NYR,2024-02-15,1.7105,605,1.6867,597,0.0238,8,1
2024,2,8481726,NYR,2024-02-12,1.4315,563,1.4315,563,NA,NA,1
2024,2,8481751,BUF,2024-04-13,1.4871,554,1.4871,554,NA,NA,0
2024,2,8481751,BUF,2024-04-11,2.0953,729,2.0953,729,NA,NA,1
2024,2,8481751,BUF,2024-04-09,1.59,569,1.59,569,NA,NA,0
2024,2,8481751,BUF,2024-04-07,1.6828,600,1.6828,600,NA,NA,0
2024,2,8481751,BUF,2024-04-05,1.7617,629,1.7617,629,NA,NA,1
2024,2,8481751,BUF,2024-04-02,1.9283,784,1.9283,784,NA,NA,1
2024,2,8481751,BUF,2024-03-24,1.5969,567,1.5969,567,NA,NA,0
2024,2,8481751,BUF,2024-03-21,1.3181,474,1.3181,474,NA,NA,0
2024,2,8481751,BUF,2024-03-09,2.0356,778,2.0314,778,NA,NA,1
2024,2,8481751,BUF,2024-03-07,1.3588,513,1.3588,513,NA,NA,0
2024,2,8482061,BUF,2023-12-05,1.1209,424,1.1207,424,NA,NA,1
2024,2,8482061,BUF,2023-12-03,1.6046,656,1.5752,641,NA,NA,1
2024,2,8482061,BUF,2023-12-02,1.6498,613,1.6498,613,NA,NA,0
2024,2,8482061,BUF,2023-11-03,2.5005,921,2.2426,825,NA,NA,1
2024,2,8482061,BUF,2023-11-01,1.6655,639,1.5694,594,NA,NA,0
2024,2,8482101,SJS,2024-04-18,2.815,973,2.6925,931,0.1224,42,0
2024,2,8482101,SJS,2024-04-15,2.0483,757,2.0483,757,NA,NA,0
2024,2,8482101,SJS,2023-11-16,2.1955,813,2.0932,782,0.1023,31,1
2024,2,8482101,SJS,2023-11-14,2.568,981,2.5413,964,0.0267,17,1
2024,2,8482102,CAR,2024-01-06,1.4491,532,1.4491,532,NA,NA,1
2024,2,8482102,CAR,2024-01-05,1.9515,629,1.9515,629,NA,NA,0
2024,2,8482451,CBJ,2024-04-16,2.4251,958,1.7558,595,NA,NA,1
2024,2,8482451,CBJ,2024-04-13,2.0766,786,1.9712,741,NA,NA,0
2024,2,8482451,CBJ,2024-04-11,2.7565,1005,2.4308,879,NA,NA,0
2024,2,8482451,CBJ,2024-04-09,2.3351,893,2.1219,815,0.0399,11,0
2024,2,8482451,CBJ,2024-04-07,1.9751,772,1.7082,641,NA,NA,0
2024,2,8482451,CBJ,2024-04-06,2.6112,984,2.397,896,NA,NA,1
2024,2,8482451,CBJ,2024-04-04,2.8041,1097,2.4482,892,NA,NA,1
2024,2,8482451,CBJ,2024-04-01,2.0523,767,1.7286,594,NA,NA,1
2024,2,8482451,CBJ,2024-03-30,2.2943,800,2.2016,759,NA,NA,1
2024,2,8482451,CBJ,2024-03-28,2.1658,754,1.9095,648,0.1404,56,0
2024,2,8482460,NYR,2024-04-15,1.0068,348,1.0068,348,NA,NA,1
2024,2,8482460,NYR,2024-04-13,0.856,357,0.856,357,NA,NA,1
2024,2,8482460,NYR,2024-04-07,1.1979,469,1.1979,469,NA,NA,1
2024,2,8482460,NYR,2024-04-03,4e-4,2,4e-4,2,NA,NA,1
2024,2,8482460,NYR,2024-03-26,1.0391,412,1.0391,412,NA,NA,1
2024,2,8482460,NYR,2024-03-23,1.2012,451,1.2,450,0.0011,1,1
2024,2,8482460,NYR,2024-03-21,0.7485,311,0.7485,311,NA,NA,0
2024,2,8482460,NYR,2024-03-11,0.7455,288,0.7455,288,NA,NA,1
2024,2,8482460,NYR,2024-03-09,1.8598,668,1.76,631,0.0997,37,1
2024,2,8482460,NYR,2024-03-04,1.1181,413,1.1122,411,NA,NA,1
2024,2,8482762,DET,2024-04-16,2.3712,942,2.3712,942,NA,NA,0
2024,2,8482762,DET,2024-04-15,2.2512,948,2.243,942,0.0082,6,1
2024,2,8482762,DET,2024-04-13,2.8421,1210,2.6683,1107,NA,NA,0
2024,2,8482762,DET,2024-04-11,3.0654,1202,2.8018,1076,0.0049,4,0
2024,2,8482762,DET,2024-04-09,2.9235,1175,2.8579,1143,NA,NA,1
2024,2,8482762,DET,2024-04-07,2.4671,1163,2.3985,1128,NA,NA,1
2024,2,8482762,DET,2024-04-05,2.7345,1158,2.5439,1048,0.0228,9,1
2024,2,8482762,DET,2024-04-01,2.5915,1206,2.2588,993,NA,NA,0
2024,2,8482762,DET,2024-03-30,2.535,1127,2.4498,1039,NA,NA,0
2024,2,8482762,DET,2024-03-28,2.5511,1089,2.4558,1043,NA,NA,0
2024,2,8483457,MTL,2024-04-16,3.36,1412,3.0996,1310,0.2604,102,1
2024,2,8483457,MTL,2024-04-15,3.1674,1314,3.1674,1314,NA,NA,0
2024,2,8483499,MIN,2024-04-18,2.483,932,2.483,932,NA,NA,1
2024,2,8483499,MIN,2024-04-15,2.4283,925,2.1951,835,0.2331,90,0
2024,2,8483499,MIN,2024-04-13,2.1781,779,2.1781,779,NA,NA,0
2024,2,8483499,MIN,2024-04-12,2.168,847,1.7499,657,0.418,190,0
2024,2,8484314,OTT,2024-04-16,2.4148,899,2.2582,811,0.1565,88,0
2024,2,8484314,OTT,2024-04-15,2.1319,751,1.9785,690,0.1534,61,0
2024,2,8484314,OTT,2024-04-13,2.1267,809,1.7916,662,0.3351,147,1
2024,2,8484314,OTT,2024-04-11,1.6923,628,1.4494,524,0.2429,104,0
2024,2,8484314,OTT,2024-04-09,1.3185,453,1.2816,435,0.0369,18,0
2024,2,8484314,OTT,2024-04-07,1.4914,554,1.4914,554,NA,NA,0
2024,2,8484314,OTT,2024-04-06,1.4081,505,1.4081,505,NA,NA,1
2024,2,8484314,OTT,2024-04-04,0.9781,355,0.9781,355,NA,NA,1
2024,2,8484314,OTT,2024-03-12,1.6289,555,1.5227,518,NA,NA,1
2024,2,8484314,OTT,2024-03-09,0.6483,257,0.6483,257,NA,NA,0
2024,2,8484911,SJS,2024-04-18,2.8301,973,2.4486,836,0.3815,137,0
2024,2,8484911,SJS,2024-04-15,3.1024,1152,3.0397,1128,0.0627,24,0
2024,2,8484911,SJS,2024-04-13,2.9098,1070,2.4196,819,0.4902,251,1
2024,2,8484911,SJS,2024-04-11,2.59,987,2.2537,881,0.3363,106,0
2024,2,8484911,SJS,2024-04-09,2.6293,975,2.5109,921,0.1183,54,1
2024,2,8484911,SJS,2024-04-07,2.5316,997,1.9617,811,0.5605,183,1
2024,2,8484911,SJS,2024-04-06,2.3296,816,1.9956,698,0.334,118,1
2024,2,8473563,WSH,2023-10-29,2.0642,744,1.9058,686,0.1584,58,1
2024,2,8473563,WSH,2023-10-27,1.978,715,1.9704,711,0.0076,4,1
2024,2,8473563,WSH,2023-10-25,2.237,760,2.237,760,NA,NA,0
2024,2,8473563,WSH,2023-10-24,2.5645,936,2.3057,833,0.2588,103,1
2024,2,8473563,WSH,2023-10-21,2.766,997,1.9197,662,0.8113,313,0
2024,2,8473563,WSH,2023-10-18,2.1589,789,1.8486,681,0.3104,108,0
2024,2,8473563,WSH,2023-10-16,2.9657,1113,2.4131,861,0.5326,243,1
2024,2,8473563,WSH,2023-10-13,2.5882,934,1.9987,721,0.5896,213,1
2024,2,8474053,SJS,2024-01-31,3.6064,1314,2.7553,917,0.3927,214,0
2024,2,8474053,SJS,2024-01-30,2.8802,1073,2.4523,849,0.2125,104,1
2024,2,8474053,SJS,2024-01-27,2.5636,948,2.1423,785,0.3747,138,1
2024,2,8474053,SJS,2024-01-23,3.4712,1217,2.3998,802,0.689,255,1
2024,2,8474053,SJS,2024-01-22,3.258,1250,2.5273,953,0.2371,105,0
2024,2,8474053,SJS,2024-01-20,2.5538,949,2.0621,725,0.3066,136,1
2024,2,8475278,VGK,2024-03-07,1.2929,459,1.2929,459,NA,NA,1
2024,2,8475278,VGK,2024-03-04,1.6203,588,1.5651,572,NA,NA,0
2024,2,8475278,VGK,2024-03-02,2.0333,737,1.9455,708,0.0878,29,0
2024,2,8475278,VGK,2024-02-29,1.8621,701,1.663,606,NA,NA,0
2024,2,8475278,VGK,2024-02-27,1.8775,652,1.8217,633,0.0559,17,0
2024,2,8475278,VGK,2024-02-24,1.6607,602,1.5755,565,NA,NA,0
2024,2,8475278,VGK,2024-02-22,1.7844,627,1.6935,582,NA,NA,1
2024,2,8475278,VGK,2024-02-19,1.8337,651,1.6332,582,0.1265,36,0
2024,2,8475278,VGK,2024-02-17,1.7907,627,1.7907,627,NA,NA,1
2024,2,8475278,VGK,2024-01-27,1.7322,588,1.6176,545,NA,NA,0
2024,2,8475413,NJD,2024-01-27,2.4695,864,2.4495,857,3e-4,0,0
2024,2,8475413,NJD,2024-01-25,1.1377,399,1.1377,399,NA,NA,0
2024,2,8475795,WSH,2024-04-16,1.8059,708,1.8059,708,NA,NA,0
2024,2,8475795,WSH,2024-04-15,1.8582,764,1.8582,764,NA,NA,1
2024,2,8475795,WSH,2023-11-14,0.927,382,0.927,382,NA,NA,1
2024,2,8476907,STL,2023-12-30,1.0958,359,1.0958,359,NA,NA,0
2024,2,8476907,STL,2023-12-29,0.7887,307,0.7887,307,NA,NA,1
2024,2,8476907,STL,2023-12-27,1.1635,390,1.1635,390,NA,NA,1
2024,2,8476907,STL,2023-12-23,1.1454,433,1.1454,433,NA,NA,1
2024,2,8476907,STL,2023-12-21,1.2619,581,1.2619,581,NA,NA,0
2024,2,8476907,STL,2023-12-19,1.8587,702,1.8587,702,NA,NA,0
2024,2,8476907,STL,2023-12-16,1.3149,477,1.3149,477,NA,NA,1
2024,2,8476907,STL,2023-12-14,1.4882,528,1.4783,524,0.0098,4,1
2024,2,8477887,BOS,2024-01-27,2.0843,733,1.8009,639,NA,NA,0
2024,2,8477887,BOS,2023-12-27,1.1255,444,1.0461,408,NA,NA,0
2024,2,8477887,BOS,2023-12-16,0.7476,308,0.7476,308,NA,NA,1
2024,2,8477887,BOS,2023-11-24,0.916,376,0.916,376,NA,NA,1
2024,2,8477887,BOS,2023-11-22,1.6363,610,1.6363,610,NA,NA,0
2024,2,8477887,BOS,2023-11-09,1.9519,683,1.9519,683,NA,NA,1
2024,2,8477887,BOS,2023-10-28,1.4282,496,1.2281,431,NA,NA,1
2024,2,8477887,BOS,2023-10-26,1.2409,464,0.8691,318,NA,NA,1
2024,2,8477887,BOS,2023-10-24,2.0042,671,1.9041,640,NA,NA,0
2024,2,8477887,BOS,2023-10-22,1.3383,497,1.0433,390,NA,NA,0
2024,2,8478017,VAN,2024-04-18,2.3145,955,2.2044,876,NA,NA,0
2024,2,8478017,VAN,2024-04-03,1.0552,406,1.0552,406,NA,NA,0
2024,2,8478017,VAN,2024-03-03,1.8569,774,1.8569,774,NA,NA,0
2024,2,8478017,VAN,2024-02-13,1.6433,698,1.6433,684,NA,NA,0
2024,2,8478017,VAN,2024-02-11,1.7009,667,1.7009,667,NA,NA,0
2024,2,8478017,VAN,2023-11-30,2.0093,860,1.9701,836,NA,NA,1
2024,2,8478017,VAN,2023-11-25,1.2127,537,1.2127,537,NA,NA,0
2024,2,8478017,VAN,2023-11-24,1.8408,774,1.8114,763,NA,NA,0
2024,2,8478017,VAN,2023-11-22,0.8145,359,0.8145,359,NA,NA,0
2024,2,8478017,VAN,2023-11-20,2.1902,910,2.1902,910,NA,NA,1
2024,2,8478512,DET,2024-04-16,1.262,443,1.262,443,NA,NA,0
2024,2,8478512,DET,2024-04-15,1.2836,446,1.2836,446,NA,NA,1
2024,2,8478512,DET,2024-04-13,1.2098,414,1.1883,404,0.0146,6,0
2024,2,8478512,DET,2024-04-11,1.4758,523,1.4128,503,NA,NA,0
2024,2,8478512,DET,2024-04-09,1.0418,356,1.0418,356,NA,NA,1
2024,2,8478512,DET,2024-04-07,2.158,741,2.158,741,NA,NA,1
2024,2,8478512,DET,2024-04-05,1.0476,367,1.0476,367,NA,NA,1
2024,2,8478512,DET,2024-04-01,1.1534,411,1.1227,403,0.0307,8,0
2024,2,8478512,DET,2024-03-30,1.5674,489,1.5674,489,NA,NA,0
2024,2,8478512,DET,2024-03-26,1.5337,532,1.5337,532,NA,NA,0
2024,2,8478854,PIT,2024-04-17,1.6706,761,1.3873,610,NA,NA,0
2024,2,8478854,PIT,2024-04-15,1.5739,692,1.448,630,NA,NA,1
2024,2,8478854,PIT,2024-04-13,1.7467,801,1.4629,631,NA,NA,1
2024,2,8478854,PIT,2024-04-11,1.7477,670,1.4515,529,NA,NA,1
2024,2,8478854,PIT,2024-04-08,1.4704,677,1.4065,652,NA,NA,0
2024,2,8478854,PIT,2024-04-06,1.8526,835,1.5884,688,NA,NA,1
2024,2,8478854,PIT,2024-04-04,1.7718,792,1.5389,689,NA,NA,0
2024,2,8478854,PIT,2024-04-02,1.9344,955,1.5559,742,NA,NA,0
2024,2,8478854,PIT,2024-04-01,1.8717,849,1.6745,749,0.0352,13,0
2024,2,8478854,PIT,2023-12-08,1.5775,686,1.4922,640,NA,NA,0
2024,2,8479320,TOR,2024-02-21,2.5763,1002,2.3213,922,0.2549,80,0
2024,2,8479320,TOR,2024-02-19,1.8569,824,1.786,793,0.0709,31,0
2024,2,8479320,TOR,2024-02-17,2.8889,1229,2.7523,1174,0.1366,55,1
2024,2,8479320,TOR,2023-12-12,1.1972,467,1.1972,467,NA,NA,0
2024,2,8479320,TOR,2023-12-09,2.2443,897,2.0835,796,NA,NA,1
2024,2,8479320,TOR,2023-12-07,1.6342,628,1.6342,628,NA,NA,0
2024,2,8479320,TOR,2023-11-04,0.8088,294,0.8088,294,NA,NA,1
2024,2,8479321,WSH,2023-11-18,1.0673,430,1.0673,430,NA,NA,1
2024,2,8479321,WSH,2023-11-14,2.5639,1071,2.5096,1053,0.0461,14,1
2024,2,8479321,WSH,2023-11-11,2.7715,1211,2.6802,1178,NA,NA,0
2024,2,8479321,WSH,2023-11-10,2.0182,789,1.9429,757,NA,NA,0
2024,2,8479321,WSH,2023-10-18,2.0684,823,1.9394,758,NA,NA,0
2024,2,8479321,WSH,2023-10-13,2.1058,812,2.1058,812,NA,NA,1
2024,2,8479330,MTL,2024-02-21,1.8512,658,1.6948,610,0.0748,21,1
2024,2,8479330,MTL,2024-02-17,1.4198,543,1.358,488,NA,NA,1
2024,2,8479330,MTL,2024-02-15,1.9732,685,1.4008,477,0.3152,99,0
2024,2,8479330,MTL,2024-02-13,1.7978,650,1.4481,510,NA,NA,1
2024,2,8479330,MTL,2024-02-11,1.9399,700,1.6445,586,0.0571,0,1
2024,2,8479330,MTL,2024-02-10,2.1596,761,1.0573,376,0.4646,139,1
2024,2,8479330,MTL,2024-02-06,2.6555,894,2.4918,848,0.1222,32,0
2024,2,8479348,BUF,2024-04-11,2.3208,985,2.3208,985,NA,NA,1
2024,2,8479348,BUF,2024-02-23,1.2597,511,1.2597,511,NA,NA,0
2024,2,8479348,BUF,2024-02-21,1.5246,713,1.5246,713,NA,NA,0
2024,2,8479367,FLA,2024-03-02,1.5676,515,1.3737,428,NA,NA,0
2024,2,8479367,FLA,2024-02-29,1.1559,383,1.1559,383,NA,NA,1
2024,2,8479367,FLA,2024-02-24,1.0244,336,1.0244,336,NA,NA,1
2024,2,8479367,FLA,2024-01-19,0.0934,26,0.0934,26,NA,NA,1
2024,2,8479367,FLA,2024-01-17,1.4569,479,1.4569,479,NA,NA,1
2024,2,8479367,FLA,2024-01-15,1.6698,538,1.5147,486,NA,NA,1
2024,2,8479367,FLA,2024-01-13,1.6911,544,1.5739,501,NA,NA,1
2024,2,8479367,FLA,2024-01-11,1.5741,534,1.5384,519,NA,NA,1
2024,2,8479367,FLA,2024-01-09,1.9258,689,1.6184,573,0.0087,6,0
2024,2,8479367,FLA,2024-01-06,1.5663,546,1.4224,495,0.0963,27,0
2024,2,8479421,LAK,2024-04-18,0.6774,274,0.6774,274,NA,NA,1
2024,2,8479421,LAK,2024-04-13,1.1793,511,1.1793,511,NA,NA,1
2024,2,8479421,LAK,2024-04-04,0.6066,225,0.6066,225,NA,NA,0
2024,2,8479421,LAK,2024-04-03,0.7791,298,0.7791,298,NA,NA,1
2024,2,8479421,LAK,2024-03-30,0.5718,248,0.5718,248,NA,NA,0
2024,2,8479421,LAK,2024-03-25,0.566,236,0.566,236,NA,NA,0
2024,2,8479421,LAK,2024-03-23,0.4527,211,0.4527,211,NA,NA,1
2024,2,8479421,LAK,2024-03-20,1.0714,436,1.0714,436,NA,NA,1
2024,2,8479421,LAK,2024-03-19,1.3505,547,1.3505,547,NA,NA,1
2024,2,8479421,LAK,2024-03-15,1.1261,533,1.1057,522,0.0204,11,0
2024,2,8479522,WSH,2023-11-11,1.2298,553,1.2298,553,NA,NA,0
2024,2,8479522,WSH,2023-11-10,1.4313,603,1.3709,578,NA,NA,0
2024,2,8479522,WSH,2023-11-08,1.8545,779,1.8545,779,NA,NA,1
2024,2,8479522,WSH,2023-11-02,1.5275,649,1.5275,649,NA,NA,1
2024,2,8479522,WSH,2023-10-29,1.8345,763,1.8345,763,NA,NA,1
2024,2,8479522,WSH,2023-10-21,1.1741,480,1.1741,480,NA,NA,0
2024,2,8479546,BOS,2024-02-15,1.2702,471,1.2702,471,NA,NA,1
2024,2,8479546,BOS,2024-02-13,1.2124,449,1.2124,449,NA,NA,1
2024,2,8479546,BOS,2024-02-08,1.7723,683,1.7723,683,NA,NA,1
2024,2,8479546,BOS,2024-02-06,1.7139,614,1.7139,614,NA,NA,1
2024,2,8479546,BOS,2024-01-27,1.8762,682,1.6557,600,0.1368,56,0
2024,2,8479546,BOS,2024-01-25,1.5388,552,1.5388,552,NA,NA,0
2024,2,8479546,BOS,2024-01-24,1.6345,597,1.6345,597,NA,NA,1
2024,2,8479546,BOS,2024-01-18,1.4738,575,1.4738,575,NA,NA,1
2024,2,8479546,BOS,2024-01-15,1.3299,482,1.3299,482,NA,NA,1
2024,2,8479546,BOS,2024-01-13,1.2218,433,1.2218,433,NA,NA,0
2024,2,8479984,NJD,2024-01-22,1.6591,690,1.6591,690,NA,NA,1
2024,2,8479984,NJD,2024-01-20,2.6313,1134,2.3705,979,NA,NA,1
2024,2,8479984,NJD,2024-01-19,2.2541,939,2.0763,845,0.0084,3,0
2024,2,8479984,NJD,2024-01-17,1.8798,781,1.8028,740,NA,NA,1
2024,2,8480021,"VAN,SJS",2024-04-18,2.1254,729,2.008,678,NA,NA,0
2024,2,8480021,"VAN,SJS",2024-04-15,2.0035,707,2.0035,707,NA,NA,0
2024,2,8480021,"VAN,SJS",2024-04-13,1.8854,690,1.6766,614,0.1321,38,1
2024,2,8480021,"VAN,SJS",2024-04-11,2.2684,898,1.7143,654,0.0775,24,0
2024,2,8480021,"VAN,SJS",2024-04-09,2.0694,768,1.9374,707,0.0035,2,1
2024,2,8480021,"VAN,SJS",2024-04-07,1.9249,653,1.8234,607,NA,NA,1
2024,2,8480021,"VAN,SJS",2024-04-06,2.1705,810,1.7461,630,0.0445,14,1
2024,2,8480021,"VAN,SJS",2024-04-04,2.2084,820,1.6902,593,NA,NA,1
2024,2,8480021,"VAN,SJS",2024-01-04,1.4767,512,1.4767,512,NA,NA,1
2024,2,8480021,"VAN,SJS",2024-01-02,1.8771,632,1.8771,632,NA,NA,1
2024,2,8480031,CAR,2024-04-16,2.2211,784,2.2211,784,NA,NA,0
2024,2,8480157,STL,2024-02-19,1.8122,711,1.8122,711,NA,NA,1
2024,2,8480157,STL,2024-02-17,1.6486,705,1.6486,705,NA,NA,1
2024,2,8480157,STL,2024-02-15,1.6428,688,1.6428,688,NA,NA,1
2024,2,8480157,STL,2024-02-13,1.7768,709,1.7218,680,NA,NA,0
2024,2,8480157,STL,2024-02-11,1.9248,843,1.9248,843,NA,NA,0
2024,2,8480157,STL,2024-02-10,2.0262,903,1.9931,889,0.0331,14,0
2024,2,8480836,PIT,2024-03-26,1.5691,542,1.3991,480,NA,NA,1
2024,2,8480836,PIT,2024-03-19,1.2308,401,1.2308,401,NA,NA,0
2024,2,8480836,PIT,2024-03-10,1.2563,413,1.0734,344,0.0102,4,1
2024,2,8480836,PIT,2024-03-09,2.1468,802,1.9477,730,NA,NA,0
2024,2,8480836,PIT,2024-03-07,1.81,609,1.2717,432,NA,NA,1
2024,2,8480836,PIT,2024-03-05,1.6531,620,1.486,560,NA,NA,1
2024,2,8480836,PIT,2024-03-03,1.7422,602,1.6302,553,NA,NA,0
2024,2,8480836,PIT,2024-03-02,1.7777,575,1.6645,539,NA,NA,0
2024,2,8480836,PIT,2024-02-15,1.1978,438,1.1978,438,NA,NA,0
2024,2,8480836,PIT,2023-12-16,1.0547,378,0.6855,234,NA,NA,0
2024,2,8480845,WPG,2024-04-18,2.485,866,2.4122,840,NA,NA,1
2024,2,8480845,WPG,2024-03-13,1.1927,400,1.1927,400,NA,NA,1
2024,2,8480845,WPG,2024-03-09,1.7928,630,1.7928,630,NA,NA,0
2024,2,8480845,WPG,2024-03-08,1.5388,553,1.5388,553,NA,NA,0
2024,2,8480845,WPG,2024-03-02,1.043,356,1.043,356,NA,NA,0
2024,2,8480845,WPG,2024-02-25,1.2883,450,1.2883,450,NA,NA,1
2024,2,8480845,WPG,2024-02-20,1.0916,356,1.0916,356,NA,NA,1
2024,2,8480845,WPG,2024-01-27,1.7696,607,1.7696,607,NA,NA,1
2024,2,8480845,WPG,2024-01-24,1.6152,537,1.6152,537,NA,NA,0
2024,2,8480845,WPG,2024-01-22,1.8433,626,1.8433,626,NA,NA,0
2024,2,8480874,PHI,2024-04-06,2.0995,866,2.0995,866,NA,NA,0
2024,2,8480874,PHI,2024-03-30,1.8646,756,1.8646,756,NA,NA,1
2024,2,8480874,PHI,2024-03-28,1.7868,801,1.6454,741,NA,NA,0
2024,2,8480874,PHI,2024-03-26,1.7703,764,1.7703,764,NA,NA,0
2024,2,8480874,PHI,2024-03-24,1.4799,629,1.3902,563,NA,NA,1
2024,2,8480874,PHI,2024-03-23,2.3312,997,2.1954,933,NA,NA,1
2024,2,8480874,PHI,2024-03-21,1.9192,859,1.6906,732,NA,NA,0
2024,2,8480874,PHI,2024-03-19,2.0264,878,1.8753,811,NA,NA,1
2024,2,8480874,PHI,2024-03-07,2.4643,1091,2.3715,1047,NA,NA,0
2024,2,8480890,ARI,2024-04-14,1.4341,532,1.4341,532,NA,NA,0
2024,2,8480890,ARI,2024-04-12,1.1227,436,1.1227,436,NA,NA,0
2024,2,8480890,ARI,2024-04-10,1.2419,458,1.2419,458,NA,NA,0
2024,2,8480890,ARI,2024-04-09,1.5772,586,1.5772,586,NA,NA,0
2024,2,8480890,ARI,2023-11-22,1.3575,501,1.3575,501,NA,NA,1
2024,2,8481016,NYI,2024-04-17,2.2749,851,2.0542,762,0.2207,89,1
2024,2,8481030,PIT,2024-04-17,1.6587,762,1.4438,642,NA,NA,0
2024,2,8481030,PIT,2024-04-15,1.9014,840,1.7922,784,NA,NA,1
2024,2,8481030,PIT,2024-04-13,1.8395,747,1.5976,620,NA,NA,1
2024,2,8481030,PIT,2024-04-11,1.8758,741,1.5783,589,NA,NA,1
2024,2,8481030,PIT,2024-04-08,1.6003,736,1.5535,712,NA,NA,0
2024,2,8481030,PIT,2024-04-06,1.8981,876,1.7591,777,NA,NA,1
2024,2,8481030,PIT,2024-04-04,1.9431,847,1.6476,711,NA,NA,0
2024,2,8481030,PIT,2024-04-02,2.0087,945,1.6859,765,NA,NA,0
2024,2,8481030,PIT,2024-04-01,2.1179,991,1.8297,829,0.0395,17,0
2024,2,8481030,PIT,2024-03-30,1.7686,762,1.4834,625,NA,NA,0
2024,2,8481077,ARI,2024-03-24,0.8112,297,0.8112,297,NA,NA,1
2024,2,8481077,ARI,2024-03-22,1.0799,414,1.0799,414,NA,NA,1
2024,2,8481077,ARI,2024-03-20,1.6248,619,1.6248,619,NA,NA,0
2024,2,8481077,ARI,2024-03-16,1.1791,428,1.1791,428,NA,NA,1
2024,2,8481077,ARI,2024-03-14,1.0742,392,1.0742,392,NA,NA,0
2024,2,8481077,ARI,2024-03-12,0.9066,322,0.9066,322,NA,NA,0
2024,2,8481239,"NSH,LAK",2024-01-26,1.5921,685,1.3164,541,0.2758,144,0
2024,2,8481239,"NSH,LAK",2024-01-24,1.1935,470,1.1935,470,NA,NA,1
2024,2,8481239,"NSH,LAK",2024-01-22,1.1478,399,1.1478,399,NA,NA,1
2024,2,8481239,"NSH,LAK",2024-01-20,1.3903,498,1.3903,498,NA,NA,1
2024,2,8481239,"NSH,LAK",2023-11-02,1.4708,524,1.3488,457,0.122,67,0
2024,2,8481239,"NSH,LAK",2023-10-31,1.3635,503,1.1221,448,0.1236,55,0
2024,2,8481239,"NSH,LAK",2023-10-24,1.503,578,1.3182,484,0.1848,94,0
2024,2,8481239,"NSH,LAK",2023-10-21,1.7469,752,1.3121,512,0.4348,240,0
2024,2,8481518,NJD,2024-04-15,2.2564,819,2.1446,784,0.1118,35,1
2024,2,8481518,NJD,2024-04-13,1.5976,552,1.4196,493,0.178,59,0
2024,2,8481518,NJD,2024-04-11,1.3345,485,1.2975,470,0.037,14,0
2024,2,8481518,NJD,2024-04-09,1.5275,568,1.5275,568,NA,NA,1
2024,2,8481699,ARI,2024-04-17,1.9068,705,1.9068,705,NA,NA,1
2024,2,8481754,ANA,2024-04-09,1.7306,588,1.7306,588,NA,NA,1
2024,2,8481754,ANA,2024-04-07,1.9389,758,1.9389,758,NA,NA,1
2024,2,8481754,ANA,2024-04-05,1.8937,728,1.8937,728,NA,NA,1
2024,2,8481812,SJS,2023-11-22,2.0865,934,1.8083,732,NA,NA,0
2024,2,8481812,SJS,2023-11-12,1.8978,868,1.755,785,NA,NA,0
2024,2,8481812,SJS,2023-11-04,2.4349,1020,2.3382,972,0.0232,8,1
2024,2,8481812,SJS,2023-10-27,2.6429,1092,2.4026,1004,0.2403,88,0
2024,2,8481812,SJS,2023-10-26,2.2351,905,2.0735,826,0.1283,46,0
2024,2,8481812,SJS,2023-10-24,2.8121,1078,2.5855,992,0.1509,52,0
2024,2,8481812,SJS,2023-10-21,2.701,1190,2.3514,999,0.1144,52,0
2024,2,8481812,SJS,2023-10-19,3.2341,1305,2.9737,1198,0.2082,81,1
2024,2,8481812,SJS,2023-10-17,2.2505,1013,2.1193,946,0.062,28,1
2024,2,8481812,SJS,2023-10-14,2.7816,1180,2.4594,1036,0.1023,45,1
2024,2,8482094,MIN,2024-01-18,2.3875,947,2.1134,850,0.2741,97,0
2024,2,8482094,MIN,2024-01-15,2.232,875,1.961,754,0.2711,121,1
2024,2,8482094,MIN,2024-01-08,2.6152,1001,2.3794,904,0.2357,97,1
2024,2,8482094,MIN,2023-12-21,0.6058,268,0.4941,200,NA,NA,1
2024,2,8482094,MIN,2023-12-19,1.7773,776,1.5859,668,NA,NA,0
2024,2,8482094,MIN,2023-12-18,2.0766,952,1.8016,770,NA,NA,0
2024,2,8482094,MIN,2023-12-16,2.0588,884,1.6931,651,NA,NA,1
2024,2,8482094,MIN,2023-11-09,2.0799,857,2.0791,857,NA,NA,0
2024,2,8482094,MIN,2023-11-07,1.4569,640,1.4431,633,NA,NA,0
2024,2,8482094,MIN,2023-11-04,1.2858,498,1.2858,498,NA,NA,1
2024,2,8482095,OTT,2024-04-04,2.4555,921,2.4409,916,0.0078,5,1
2024,2,8482095,OTT,2024-04-02,2.351,954,2.2789,927,NA,NA,0
2024,2,8482095,OTT,2024-03-30,1.9941,803,1.8707,737,NA,NA,0
2024,2,8482095,OTT,2024-03-28,2.1501,847,2.0788,821,0.0713,26,1
2024,2,8482095,OTT,2023-11-09,1.9068,800,1.9068,800,NA,NA,1
2024,2,8482095,OTT,2023-11-08,2.054,834,1.7707,716,0.1946,70,0
2024,2,8482095,OTT,2023-11-04,1.2825,543,1.2459,523,NA,NA,1
2024,2,8482095,OTT,2023-11-02,1.2912,566,1.0219,419,NA,NA,1
2024,2,8482095,OTT,2023-10-28,1.2679,563,1.2679,563,NA,NA,0
2024,2,8482118,ANA,2024-04-18,2.3807,971,2.2814,900,0.0993,71,0
2024,2,8482118,ANA,2024-04-13,1.5314,522,1.5314,522,NA,NA,0
2024,2,8482118,ANA,2024-04-12,2.0875,767,2.0875,767,NA,NA,1
2024,2,8482141,VGK,2024-01-10,2.3059,888,1.6178,619,0.6881,269,0
2024,2,8482141,VGK,2024-01-06,2.9109,1186,2.6733,1083,0.2375,103,1
2024,2,8482147,COL,2024-04-01,0.812,270,0.812,270,NA,NA,0
2024,2,8482147,COL,2024-03-30,1.0891,348,1.0891,348,NA,NA,1
2024,2,8482147,COL,2024-03-28,0.8492,273,0.8492,273,NA,NA,1
2024,2,8482147,COL,2024-03-06,1.9338,654,1.9338,654,NA,NA,1
2024,2,8482162,OTT,2023-11-24,1.1956,424,1.1956,424,NA,NA,1
2024,2,8482162,OTT,2023-11-11,1.09,369,1.09,369,NA,NA,1
2024,2,8482162,OTT,2023-11-09,1.4706,526,1.4706,526,NA,NA,1
2024,2,8482162,OTT,2023-11-08,1.4043,511,1.4043,511,NA,NA,0
2024,2,8482162,OTT,2023-11-04,1.1272,398,1.1272,398,NA,NA,1
2024,2,8482166,SJS,2024-01-31,3.2144,1319,2.8474,1180,0.3559,128,0
2024,2,8482166,SJS,2024-01-30,3.1451,1328,3.1166,1317,0.0285,11,1
2024,2,8482166,SJS,2024-01-27,2.7954,1161,2.4927,1061,0.3027,100,1
2024,2,8482733,MTL,2024-04-16,3.0383,1274,3.0158,1267,0.0225,7,1
2024,2,8482787,WPG,2024-04-18,1.8573,663,1.2953,460,0.562,203,1
2024,2,8483397,BOS,2024-03-02,2.1336,759,1.9148,670,NA,NA,0
2024,2,8483432,CBJ,2024-04-16,1.6038,575,1.6031,575,NA,NA,1
2024,2,8483445,ANA,2024-04-18,2.7566,924,2.7566,924,NA,NA,0
2024,2,8483471,WPG,2024-04-18,2.4386,831,1.6755,556,0.7631,275,1
2024,2,8483493,CHI,2024-04-18,2.7927,1032,2.4953,904,0.154,74,0
2024,2,8483493,CHI,2024-04-16,2.6733,919,2.5101,849,0.1631,70,0
2024,2,8483493,CHI,2024-04-14,2.5569,955,2.0645,758,0.358,133,1
2024,2,8483565,CBJ,2024-04-16,1.9889,889,1.7998,797,NA,NA,1
2024,2,8483565,CBJ,2024-04-13,2.2723,971,2.2631,971,0.0092,0,0
2024,2,8483565,CBJ,2024-04-11,2.2878,1000,2.2878,1000,NA,NA,0
2024,2,8483565,CBJ,2024-04-09,1.986,826,1.986,826,NA,NA,0
2024,2,8483565,CBJ,2024-04-07,1.6979,723,1.5662,651,NA,NA,0
2024,2,8483565,CBJ,2024-04-06,1.8448,831,1.8448,831,NA,NA,1
2024,2,8483565,CBJ,2023-12-19,2.4653,1122,2.4653,1122,NA,NA,0
2024,2,8483565,CBJ,2023-12-16,2.2201,942,2.2144,940,0.0057,2,1
2024,2,8483565,CBJ,2023-12-14,2.8877,1282,2.887,1282,NA,NA,0
2024,2,8483565,CBJ,2023-12-10,2.0348,927,1.8011,809,NA,NA,1
2024,2,8483597,ARI,2023-12-12,1.0074,353,1.0074,353,NA,NA,0
2024,2,8483597,ARI,2023-12-11,1.4927,502,1.4927,502,NA,NA,0
2024,2,8483597,ARI,2023-12-09,1.0436,370,1.0436,370,NA,NA,0
2024,2,8483597,ARI,2023-12-07,1.6703,564,1.6703,564,NA,NA,1
2024,2,8483597,ARI,2023-12-04,1.5359,535,1.5359,535,NA,NA,1
2024,2,8483597,ARI,2023-12-02,1.5733,547,1.5733,547,NA,NA,1
2024,2,8483597,ARI,2023-11-28,1.2474,422,1.2474,422,NA,NA,1
2024,2,8483597,ARI,2023-11-25,0.9516,336,0.9516,336,NA,NA,0
2024,2,8483597,ARI,2023-11-20,1.119,393,1.119,393,NA,NA,1
2024,2,8483597,ARI,2023-11-18,1.6944,587,1.6944,587,NA,NA,0
2024,2,8483609,CGY,2024-04-18,1.371,516,1.371,516,NA,NA,1
2024,2,8483609,CGY,2024-04-16,1.1909,445,1.1909,445,NA,NA,0
2024,2,8483609,CGY,2024-01-27,0.4299,131,0.4299,131,NA,NA,1
2024,2,8483609,CGY,2024-01-25,1.6543,561,1.6543,561,NA,NA,1
2024,2,8483609,CGY,2024-01-23,1.1885,415,1.1885,415,NA,NA,1
2024,2,8483609,CGY,2024-01-20,1.0911,366,1.0911,366,NA,NA,1
2024,2,8484255,COL,2024-01-20,1.1124,398,1.1124,398,NA,NA,0
2024,2,8484255,COL,2024-01-18,1.2589,456,1.2589,456,NA,NA,0
2024,2,8484255,COL,2024-01-16,1.241,466,1.241,466,NA,NA,0
2024,2,8484255,COL,2024-01-15,1.6245,605,1.6245,605,NA,NA,0
2024,2,8484255,COL,2024-01-13,1.8515,611,1.7533,576,0.0982,35,0
2024,2,8484255,COL,2024-01-10,0.8363,320,0.8363,320,NA,NA,1
2024,2,8484255,COL,2024-01-08,0.7365,262,0.7365,262,NA,NA,1
2024,2,8484325,TBL,2024-01-27,1.5576,577,1.5576,577,NA,NA,1
2024,2,8484325,TBL,2024-01-25,1.1531,438,1.1531,438,NA,NA,1
2024,2,8484325,TBL,2024-01-21,1.1412,392,1.1412,392,NA,NA,0
2024,2,8484325,TBL,2024-01-20,1.2041,449,1.2041,449,NA,NA,0
2024,2,8484325,TBL,2024-01-18,1.2362,446,1.2362,446,NA,NA,1
2024,2,8484325,TBL,2023-11-16,1.5394,525,1.3817,477,0.0029,3,0
2024,2,8484325,TBL,2023-11-14,1.8374,630,1.8374,630,NA,NA,0
2024,2,8484325,TBL,2023-11-11,1.8304,671,1.6246,603,NA,NA,1
2024,2,8484325,TBL,2023-11-09,1.5941,516,1.4769,503,0.0702,0,1
2024,2,8484325,TBL,2023-11-02,1.6487,589,1.2702,433,NA,NA,0
2024,2,8474062,NYR,2023-12-09,1.8197,665,1.8197,665,NA,NA,0
2024,2,8474145,"STL,NYI",2024-04-17,1.7521,792,1.7521,792,NA,NA,1
2024,2,8474145,"STL,NYI",2024-04-15,2.2195,931,2.0624,861,NA,NA,0
2024,2,8474145,"STL,NYI",2024-04-13,2.0685,905,2.0544,897,0.0141,8,0
2024,2,8474145,"STL,NYI",2024-04-09,1.7165,720,1.681,699,NA,NA,1
2024,2,8474145,"STL,NYI",2024-04-06,1.8612,756,1.6159,655,NA,NA,1
2024,2,8474145,"STL,NYI",2024-04-04,1.8873,818,1.8288,765,NA,NA,0
2024,2,8474145,"STL,NYI",2024-04-01,1.8806,804,1.7225,722,NA,NA,0
2024,2,8474145,"STL,NYI",2024-03-30,2.039,838,1.7805,724,0.1439,55,0
2024,2,8474145,"STL,NYI",2024-03-28,2.0972,954,2.0561,931,NA,NA,0
2024,2,8474145,"STL,NYI",2024-03-24,1.8394,800,1.5722,647,NA,NA,1
2024,2,8475755,DAL,2024-02-19,1.7771,772,1.7331,749,NA,NA,0
2024,2,8476323,SEA,2023-12-04,0.8276,338,0.8276,338,NA,NA,0
2024,2,8476884,DAL,2024-02-26,1.6894,661,1.6894,661,NA,NA,1
2024,2,8476884,DAL,2024-02-24,1.5641,596,1.5641,596,NA,NA,0
2024,2,8476884,DAL,2024-02-22,2.3401,955,2.3401,955,NA,NA,0
2024,2,8476884,DAL,2024-02-20,1.6762,633,1.6762,633,NA,NA,0
2024,2,8476884,DAL,2024-02-19,2.0266,797,1.8984,748,0.1282,49,0
2024,2,8476915,MIN,2023-10-26,1.2316,485,1.0953,433,NA,NA,0
2024,2,8477126,BOS,2024-04-16,2.1168,705,2.0692,688,0.0476,17,1
2024,2,8477149,SJS,2024-01-16,1.2114,396,1.2114,396,NA,NA,0
2024,2,8477149,SJS,2024-01-15,1.5989,602,1.5989,602,NA,NA,0
2024,2,8477149,SJS,2024-01-09,1.9756,672,1.9756,672,NA,NA,0
2024,2,8477320,NYR,2024-01-13,0.9296,321,0.9296,321,NA,NA,0
2024,2,8477401,SEA,2024-01-21,0.7705,267,0.7705,267,NA,NA,1
2024,2,8477401,SEA,2024-01-16,1.5487,540,1.5487,540,NA,NA,0
2024,2,8477462,ANA,2024-01-25,2.1539,792,2.1539,792,NA,NA,0
2024,2,8477462,ANA,2024-01-21,1.8601,799,1.8477,783,NA,NA,1
2024,2,8477462,ANA,2024-01-16,1.8143,785,1.7768,762,NA,NA,0
2024,2,8477462,ANA,2024-01-13,1.9228,742,1.9228,742,NA,NA,0
2024,2,8477462,ANA,2024-01-11,1.9358,717,1.8587,717,0.0771,0,0
2024,2,8477467,SEA,2024-03-26,2.1282,897,2.1282,897,NA,NA,1
2024,2,8477993,ARI,2024-01-09,1.2209,424,1.2209,424,NA,NA,1
2024,2,8477993,ARI,2024-01-07,1.2928,443,1.2928,443,NA,NA,1
2024,2,8478067,SJS,2023-11-10,1.9989,716,1.9989,716,NA,NA,0
2024,2,8478147,OTT,2024-04-15,0.7369,229,0.7369,229,NA,NA,0
2024,2,8478147,OTT,2024-04-13,0.6699,239,0.6699,239,NA,NA,1
2024,2,8478147,OTT,2024-04-11,1.0457,381,1.0457,381,NA,NA,0
2024,2,8478147,OTT,2024-04-09,1.0936,373,1.0936,373,NA,NA,0
2024,2,8478147,OTT,2024-04-07,1.3851,501,1.3851,501,NA,NA,0
2024,2,8478147,OTT,2024-04-06,0.8135,288,0.8135,288,NA,NA,1
2024,2,8478400,"PIT,MTL",2024-04-07,1.3363,499,1.3363,499,NA,NA,0
2024,2,8478400,"PIT,MTL",2024-04-06,1.208,445,1.208,445,NA,NA,1
2024,2,8478400,"PIT,MTL",2024-04-04,1.3994,563,1.224,491,NA,NA,1
2024,2,8478400,"PIT,MTL",2024-04-02,1.5422,587,1.0473,416,0.2103,58,1
2024,2,8478400,"PIT,MTL",2024-03-30,1.2351,476,1.2351,476,NA,NA,1
2024,2,8478400,"PIT,MTL",2024-03-28,1.3112,509,1.3092,508,0.002,1,1
2024,2,8478400,"PIT,MTL",2024-03-26,1.3612,543,1.2212,460,NA,NA,0
2024,2,8478400,"PIT,MTL",2024-03-24,1.9614,695,1.725,593,0.0205,6,0
2024,2,8478400,"PIT,MTL",2024-03-21,1.4203,504,1.4203,504,NA,NA,0
2024,2,8478400,"PIT,MTL",2024-03-19,1.1552,409,1.1552,409,NA,NA,0
2024,2,8478446,ANA,2024-03-06,1.3252,455,1.2463,425,0.0447,20,1
2024,2,8478874,STL,2024-01-20,1.6687,637,1.6687,637,NA,NA,1
2024,2,8478874,STL,2024-01-18,1.54,539,1.54,539,NA,NA,0
2024,2,8478881,CHI,2024-01-07,1.6141,502,1.6141,502,NA,NA,1
2024,2,8478881,CHI,2024-01-05,1.9942,676,1.9447,664,0.0482,11,0
2024,2,8478881,CHI,2024-01-04,1.8408,618,1.8408,618,NA,NA,0
2024,2,8478881,CHI,2024-01-02,2.1264,687,2.1264,687,NA,NA,0
2024,2,8478956,NJD,2023-12-01,0.3925,131,0.3925,131,NA,NA,1
2024,2,8478956,NJD,2023-11-30,0.7002,240,0.6846,233,0.0155,7,0
2024,2,8479026,TBL,2024-01-23,0.9113,357,0.9113,357,NA,NA,0
2024,2,8479026,TBL,2024-01-06,1.2918,608,1.1602,546,0.0163,6,0
2024,2,8479026,TBL,2024-01-04,1.3877,556,1.3877,556,NA,NA,0
2024,2,8479026,TBL,2024-01-02,2.4494,1055,2.313,1001,NA,NA,0
2024,2,8479026,TBL,2023-11-14,2.303,932,2.303,932,NA,NA,0
2024,2,8479249,SEA,2023-11-30,0.9948,363,0.9948,363,NA,NA,0
2024,2,8479249,SEA,2023-11-28,1.2752,462,1.1515,407,0.1237,55,0
2024,2,8479376,PHI,2023-11-11,1.4424,652,1.4424,652,NA,NA,0
2024,2,8479419,BUF,2023-12-15,0.8834,309,0.865,303,0.0184,6,0
2024,2,8479419,BUF,2023-12-11,1.7598,647,1.7598,647,NA,NA,1
2024,2,8479514,CHI,2024-02-09,1.6071,564,1.594,558,0.0132,6,1
2024,2,8479514,CHI,2024-01-24,2.2722,811,2.0584,733,0.2138,78,0
2024,2,8479514,CHI,2024-01-22,1.8141,746,1.5146,575,0.2994,171,0
2024,2,8479514,CHI,2024-01-19,2.8611,1013,2.5464,887,0.3147,126,1
2024,2,8479514,CHI,2024-01-18,2.3857,904,1.7988,647,0.5868,257,0
2024,2,8479514,CHI,2024-01-16,3.3806,1252,2.8577,998,0.5229,254,1
2024,2,8479514,CHI,2024-01-13,2.7466,1048,2.4222,922,0.3243,126,1
2024,2,8479514,CHI,2024-01-11,2.4325,951,2.1078,798,0.3247,153,0
2024,2,8479514,CHI,2024-01-09,2.9457,1128,2.4321,866,0.5136,262,1
2024,2,8479533,PIT,2024-03-05,1.4056,538,1.4056,538,NA,NA,1
2024,2,8479533,PIT,2023-12-06,0.8243,330,0.5883,234,0.017,7,0
2024,2,8479533,PIT,2023-12-04,1.5349,572,1.5218,566,0.0131,6,0
2024,2,8479533,PIT,2023-12-02,1.1451,434,0.8985,343,NA,NA,1
2024,2,8479587,PHI,2024-01-04,1.4225,448,1.4225,448,NA,NA,1
2024,2,8479639,CAR,2024-04-16,2.5425,1079,2.3192,982,0.0268,11,0
2024,2,8479944,DET,2024-04-13,0.6756,234,0.6756,234,NA,NA,0
2024,2,8479944,DET,2024-04-11,0.8949,313,0.8949,313,NA,NA,0
2024,2,8479944,DET,2023-12-11,1.1109,381,1.1109,381,NA,NA,0
2024,2,8479985,SEA,2024-04-05,2.0142,810,1.9889,801,0.0253,9,0
2024,2,8479986,SEA,2023-12-20,1.0107,359,1.0107,359,NA,NA,0
2024,2,8479991,NYR,2024-01-11,1.1521,388,1.1521,388,NA,NA,0
2024,2,8480032,NJD,2024-04-15,1.4129,471,1.3864,462,0.0265,9,1
2024,2,8480032,NJD,2024-04-13,2.1066,716,2.1066,716,NA,NA,0
2024,2,8480032,NJD,2024-04-11,1.9259,710,1.9259,710,NA,NA,0
2024,2,8480032,NJD,2024-04-09,1.981,732,1.981,732,NA,NA,1
2024,2,8480032,NJD,2024-04-07,2.0507,753,2.0507,753,NA,NA,1
2024,2,8480032,NJD,2024-01-15,0.712,260,0.712,260,NA,NA,0
2024,2,8480032,NJD,2024-01-13,1.1874,419,1.1874,419,NA,NA,0
2024,2,8480032,NJD,2024-01-11,1.3609,478,1.3609,478,NA,NA,0
2024,2,8480075,ARI,2024-03-24,1.522,603,1.522,603,NA,NA,1
2024,2,8480216,SJS,2023-10-27,1.5602,598,1.4935,563,NA,NA,0
2024,2,8480216,SJS,2023-10-26,1.9936,893,1.8729,805,NA,NA,0
2024,2,8480216,SJS,2023-10-24,2.0879,835,1.881,753,NA,NA,0
2024,2,8480216,SJS,2023-10-21,1.9058,794,1.5567,619,NA,NA,0
2024,2,8480216,SJS,2023-10-17,1.8877,775,1.5235,607,0.1469,56,1
2024,2,8480216,SJS,2023-10-14,2.2333,875,1.9845,758,0.2488,117,1
2024,2,8480226,SEA,2023-12-02,1.1268,380,1.1268,380,NA,NA,0
2024,2,8480226,SEA,2023-11-30,1.6903,593,1.6774,585,0.0129,8,0
2024,2,8480267,MIN,2024-01-04,1.4133,525,1.4133,525,NA,NA,1
2024,2,8480267,MIN,2024-01-02,1.4606,512,1.4549,510,0.0057,2,1
2024,2,8480267,MIN,2023-10-21,1.3035,446,1.3035,446,NA,NA,1
2024,2,8480267,MIN,2023-10-19,2.0874,764,2.0734,755,0.014,9,1
2024,2,8480274,EDM,2024-01-13,0.3403,123,0.3403,123,NA,NA,0
2024,2,8480306,NYI,2023-11-28,0.9572,441,0.9572,441,NA,NA,0
2024,2,8480306,NYI,2023-11-25,1.3393,611,1.3104,594,NA,NA,1
2024,2,8480844,VGK,2024-03-04,2.0137,743,2.0137,743,NA,NA,0
2024,2,8480844,VGK,2024-03-02,2.1649,773,2.0598,714,0.1051,59,0
2024,2,8480844,VGK,2024-02-20,1.2904,481,1.2904,481,NA,NA,1
2024,2,8480844,VGK,2024-01-10,1.6843,557,1.0542,387,0.6301,170,0
2024,2,8480844,VGK,2024-01-06,2.284,834,2.284,834,NA,NA,1
2024,2,8480844,VGK,2024-01-04,1.4146,517,1.4146,517,NA,NA,1
2024,2,8481024,VAN,2024-01-04,1.4573,557,1.4098,540,0.0475,17,0
2024,2,8481024,VAN,2023-12-05,1.2343,560,1.1001,448,0.1342,112,1
2024,2,8481024,VAN,2023-12-02,1.5338,604,1.2518,486,0.282,118,0
2024,2,8481024,VAN,2023-11-16,1.7047,714,1.672,693,0.0327,21,0
2024,2,8481070,STL,2023-12-19,2.3131,763,2.2186,726,0.0944,37,0
2024,2,8481070,STL,2023-12-16,1.4391,492,1.4391,492,NA,NA,1
2024,2,8481070,STL,2023-12-14,1.4776,474,1.4691,470,0.0084,4,1
2024,2,8481070,STL,2023-12-12,0.9515,307,0.9515,307,NA,NA,1
2024,2,8481070,STL,2023-12-09,1.3732,478,1.3732,476,NA,NA,0
2024,2,8481441,WSH,2023-12-17,1.0238,343,1.0238,343,NA,NA,0
2024,2,8481441,WSH,2023-12-16,2.0018,768,1.9866,755,NA,NA,0
2024,2,8481441,WSH,2023-12-14,1.058,391,1.0039,374,0.0541,17,0
2024,2,8481534,EDM,2023-12-30,0.9465,326,0.9465,325,NA,NA,0
2024,2,8481534,EDM,2023-11-15,0.9633,352,0.9633,352,NA,NA,1
2024,2,8481534,EDM,2023-11-13,1.4686,516,1.4686,516,NA,NA,1
2024,2,8481534,EDM,2023-11-11,0.6523,251,0.6523,251,NA,NA,0
2024,2,8481534,EDM,2023-11-09,1.2682,464,1.2682,464,NA,NA,0
2024,2,8481534,EDM,2023-11-06,1.488,586,1.488,586,NA,NA,0
2024,2,8481534,EDM,2023-11-04,1.4684,565,1.4684,565,NA,NA,1
2024,2,8481578,NJD,2024-04-13,1.5824,528,1.5824,528,NA,NA,0
2024,2,8481578,NJD,2024-04-11,2.6802,949,2.6802,949,NA,NA,0
2024,2,8481578,NJD,2024-01-06,1.5592,572,1.5592,572,NA,NA,1
2024,2,8481585,NSH,2024-02-15,2.6758,929,2.2068,772,0.2509,85,1
2024,2,8481585,NSH,2024-02-13,1.8246,630,1.7819,616,0.0426,14,1
2024,2,8481591,PIT,2024-03-30,0.9229,310,0.8957,303,0.0272,7,0
2024,2,8481591,PIT,2024-03-28,1.6219,541,1.5981,533,0.0238,8,1
2024,2,8481591,PIT,2024-03-26,1.6356,551,1.6356,551,NA,NA,1
2024,2,8481599,ARI,2024-03-10,2.054,796,2.054,796,NA,NA,0
2024,2,8481599,ARI,2024-03-08,2.6678,1138,2.6678,1138,NA,NA,1
2024,2,8481599,ARI,2024-01-27,1.907,800,1.907,800,NA,NA,0
2024,2,8481600,"LAK,VGK,FLA",2024-03-23,2.5903,1021,2.5903,1021,NA,NA,0
2024,2,8481600,"LAK,VGK,FLA",2024-01-10,1.3918,563,1.3918,563,NA,NA,0
2024,2,8481600,"LAK,VGK,FLA",2024-01-06,2.8649,1118,2.8649,1118,NA,NA,0
2024,2,8481600,"LAK,VGK,FLA",2023-10-11,1.4691,612,1.4691,612,NA,NA,0
2024,2,8481655,CGY,2024-02-15,1.2923,460,1.2923,460,NA,NA,1
2024,2,8481655,CGY,2024-01-27,0.853,285,0.8284,277,NA,NA,1
2024,2,8481655,CGY,2024-01-25,1.4263,480,1.4152,475,0.0111,5,1
2024,2,8481655,CGY,2024-01-23,1.1925,405,1.1925,405,NA,NA,1
2024,2,8481679,OTT,2024-03-16,2.0496,885,2.0154,870,NA,NA,0
2024,2,8481679,OTT,2024-03-14,2.429,1026,2.429,1026,NA,NA,0
2024,2,8481679,OTT,2024-03-12,2.455,1015,2.455,1015,NA,NA,1
2024,2,8481679,OTT,2024-03-09,1.7754,716,1.7742,715,0.0012,1,0
2024,2,8481679,OTT,2024-03-07,1.8234,738,1.8234,738,NA,NA,0
2024,2,8481679,OTT,2024-03-02,1.7094,698,1.692,694,0.0174,4,0
2024,2,8481679,OTT,2024-02-15,1.8102,713,1.7876,703,0.0226,10,1
2024,2,8481690,CBJ,2024-03-28,1.2093,422,1.2066,420,NA,NA,0
2024,2,8481690,CBJ,2024-03-26,1.5829,578,1.5612,567,0.0217,11,0
2024,2,8482067,NYR,2024-01-27,2.3275,987,2.3212,982,0.0062,5,0
2024,2,8482088,FLA,2023-10-21,1.1272,391,1.1272,391,NA,NA,1
2024,2,8482088,FLA,2023-10-19,1.6862,600,1.6862,600,NA,NA,1
2024,2,8482088,FLA,2023-10-16,1.6059,600,1.6059,600,NA,NA,0
2024,2,8482126,PHI,2023-10-24,1.7535,719,1.7535,719,NA,NA,0
2024,2,8482126,PHI,2023-10-21,1.6044,693,1.6044,693,NA,NA,0
2024,2,8482126,PHI,2023-10-19,1.7015,721,1.7015,721,NA,NA,1
2024,2,8482126,PHI,2023-10-14,2.4338,987,2.3893,972,0.0445,15,0
2024,2,8482144,"TBL,SJS",2024-04-18,2.707,1164,2.5981,1125,0.1089,39,0
2024,2,8482144,"TBL,SJS",2024-04-15,2.0944,958,2.0564,940,0.038,18,0
2024,2,8482144,"TBL,SJS",2024-01-06,1.5545,699,1.5545,699,NA,NA,0
2024,2,8482145,DAL,2024-04-06,1.814,656,1.814,656,NA,NA,0
2024,2,8482165,CGY,2024-01-09,1.8072,718,1.8072,718,NA,NA,1
2024,2,8482197,MIN,2024-01-21,1.0866,444,1.0866,444,NA,NA,0
2024,2,8482197,MIN,2024-01-19,0.6527,253,0.6143,229,NA,NA,0
2024,2,8482197,MIN,2024-01-12,1.2686,488,1.2686,488,NA,NA,1
2024,2,8482197,MIN,2024-01-08,1.2286,466,1.2286,466,NA,NA,1
2024,2,8482197,MIN,2024-01-06,1.0083,392,1.0083,392,NA,NA,0
2024,2,8482201,TBL,2024-01-13,1.7779,655,1.7779,655,NA,NA,1
2024,2,8482201,TBL,2024-01-11,1.4198,540,1.4198,540,NA,NA,1
2024,2,8482250,CAR,2023-10-21,1.2486,426,1.2486,426,NA,NA,0
2024,2,8482476,MTL,2024-01-10,2.1183,759,2.0167,719,0.1015,40,0
2024,2,8482476,MTL,2024-01-06,1.8857,691,1.8857,691,NA,NA,1
2024,2,8482476,MTL,2023-12-22,1.7262,583,1.7262,583,NA,NA,0
2024,2,8482476,MTL,2023-12-21,1.0538,356,1.0538,356,NA,NA,0
2024,2,8482634,TOR,2024-02-13,1.6209,614,1.4898,560,0.1311,54,1
2024,2,8482666,CAR,2024-04-16,3.5653,1391,3.5015,1362,NA,NA,0
2024,2,8482666,CAR,2024-04-12,2.067,815,2.067,815,NA,NA,0
2024,2,8482712,COL,2023-12-05,2.0264,710,2.0264,710,NA,NA,1
2024,2,8482713,FLA,2024-01-27,2.657,936,2.657,936,NA,NA,0
2024,2,8482713,FLA,2024-01-26,1.4799,551,1.4799,551,NA,NA,0
2024,2,8482713,FLA,2024-01-24,2.1239,737,2.1239,737,NA,NA,1
2024,2,8482713,FLA,2024-01-22,1.5863,570,1.5863,570,NA,NA,0
2024,2,8482713,FLA,2023-10-24,1.4994,496,1.4387,479,0.0607,17,1
2024,2,8482713,FLA,2023-10-14,2.7064,890,2.1187,710,0.5877,180,0
2024,2,8482713,FLA,2023-10-12,2.4311,876,2.2454,802,0.1856,74,0
2024,2,8482747,NYR,2024-01-08,1.2229,453,1.2229,453,NA,NA,1
2024,2,8482747,NYR,2024-01-06,1.1777,436,1.1777,436,NA,NA,0
2024,2,8482747,NYR,2024-01-04,2.0512,746,2.0512,746,NA,NA,1
2024,2,8482751,SEA,2024-04-11,1.2345,436,1.2345,436,NA,NA,1
2024,2,8482751,SEA,2024-04-09,1.7932,623,1.7932,623,NA,NA,1
2024,2,8482751,SEA,2024-04-01,2.1106,752,2.1106,752,NA,NA,0
2024,2,8482751,SEA,2024-03-30,1.8212,605,1.8212,605,NA,NA,1
2024,2,8482751,SEA,2024-03-28,1.3295,492,1.3295,492,NA,NA,1
2024,2,8482751,SEA,2024-03-26,1.9651,659,1.9651,659,NA,NA,1
2024,2,8482751,SEA,2023-11-13,1.2025,428,1.2025,428,NA,NA,1
2024,2,8482751,SEA,2023-11-11,1.8998,627,1.8998,627,NA,NA,1
2024,2,8482751,SEA,2023-11-09,1.2636,421,1.2636,421,NA,NA,0
2024,2,8482765,BUF,2023-12-09,0.6932,252,0.6932,252,NA,NA,1
2024,2,8482765,BUF,2023-12-07,1.531,580,1.531,580,NA,NA,0
2024,2,8482765,BUF,2023-12-05,1.2991,474,1.2826,469,0.0164,5,1
2024,2,8482765,BUF,2023-12-03,1.661,619,1.661,619,NA,NA,1
2024,2,8482765,BUF,2023-11-30,1.369,527,1.369,527,NA,NA,0
2024,2,8482765,BUF,2023-11-27,1.016,374,1.016,374,NA,NA,0
2024,2,8482765,BUF,2023-11-25,2.1653,780,2.1653,780,NA,NA,0
2024,2,8482784,STL,2024-04-17,1.9497,663,1.7081,580,NA,NA,0
2024,2,8482784,STL,2024-04-14,1.7828,594,1.7828,594,NA,NA,1
2024,2,8482784,STL,2024-04-12,2.0288,726,1.937,694,NA,NA,1
2024,2,8482784,STL,2024-04-10,2.0996,787,2.0761,776,NA,NA,1
2024,2,8482784,STL,2024-04-07,2.2157,811,2.1209,769,NA,NA,0
2024,2,8482784,STL,2024-04-06,2.007,669,1.8501,611,NA,NA,0
2024,2,8482784,STL,2024-04-01,1.06,367,1.06,367,NA,NA,1
2024,2,8482784,STL,2024-03-28,1.5397,561,1.3946,517,NA,NA,1
2024,2,8482784,STL,2024-03-21,1.4918,521,1.4918,521,NA,NA,0
2024,2,8482807,CHI,2024-04-14,2.4094,1114,2.225,975,NA,NA,1
2024,2,8482807,CHI,2024-04-12,2.5799,1115,2.5596,1104,0.0203,11,1
2024,2,8482809,CAR,2024-04-16,2.3193,918,1.9092,749,0.4101,169,0
2024,2,8482859,OTT,2024-04-16,2.0237,662,2.0237,662,NA,NA,0
2024,2,8482859,OTT,2024-03-21,1.3627,493,1.3627,493,NA,NA,1
2024,2,8482859,OTT,2024-03-19,1.7618,617,1.7618,617,NA,NA,0
2024,2,8482859,OTT,2024-03-17,1.8444,667,1.8444,667,NA,NA,1
2024,2,8482859,OTT,2024-03-16,1.888,682,1.888,682,NA,NA,0
2024,2,8482859,OTT,2024-03-14,1.4783,524,1.4783,524,NA,NA,0
2024,2,8482859,OTT,2024-03-12,2.2206,764,2.2206,764,NA,NA,1
2024,2,8482861,WSH,2024-04-16,1.5519,645,1.5519,645,NA,NA,0
2024,2,8482861,WSH,2024-04-15,1.2465,485,1.2465,485,NA,NA,1
2024,2,8482861,WSH,2024-04-13,1.4847,677,1.4847,677,NA,NA,1
2024,2,8482861,WSH,2024-04-11,1.5261,598,1.5261,598,NA,NA,0
2024,2,8482861,WSH,2024-04-09,1.4565,580,1.4565,580,NA,NA,0
2024,2,8482861,WSH,2024-03-30,1.069,552,1.069,552,NA,NA,1
2024,2,8483012,SEA,2024-04-09,1.9764,738,1.6548,613,0.3215,125,1
2024,2,8483012,SEA,2024-03-30,2.0745,761,1.8154,637,0.2591,124,1
2024,2,8483012,SEA,2024-03-28,1.9734,792,1.1577,402,0.8157,390,1
2024,2,8483012,SEA,2024-03-26,2.3533,861,1.99,635,0.3633,226,1
2024,2,8483045,CBJ,2024-03-30,0.1297,54,0.1297,54,NA,NA,1
2024,2,8483395,VAN,2024-04-02,1.6317,609,1.6108,600,0.0209,9,0
2024,2,8483395,VAN,2024-03-31,1.399,532,1.399,532,NA,NA,1
2024,2,8483395,VAN,2024-03-28,1.9606,639,1.9606,639,NA,NA,1
2024,2,8483395,VAN,2024-02-29,2.2237,820,2.0265,731,0.1973,89,1
2024,2,8483395,VAN,2024-02-27,2.267,809,1.9291,653,0.3379,156,1
2024,2,8483395,VAN,2024-02-24,1.797,680,1.7806,675,0.0164,5,1
2024,2,8483395,VAN,2024-02-22,2.1491,777,2.0949,761,0.0543,16,0
2024,2,8483395,VAN,2024-02-20,2.1088,801,2.1088,801,NA,NA,0
2024,2,8483398,TBL,2024-01-04,1.654,687,1.654,687,NA,NA,0
2024,2,8483401,PIT,2023-12-08,1.3473,439,1.1381,369,NA,NA,0
2024,2,8483407,NYR,2024-03-26,1.3476,646,1.3476,646,NA,NA,1
2024,2,8483468,BUF,2023-11-25,2.3651,893,2.3651,893,NA,NA,0
2024,2,8483489,TOR,2023-10-19,1.5399,527,1.5211,521,0.0189,6,0
2024,2,8483489,TOR,2023-10-16,1.9656,685,1.8882,648,0.0078,6,1
2024,2,8483489,TOR,2023-10-14,2.3899,840,2.3899,840,NA,NA,1
2024,2,8483489,TOR,2023-10-11,2.0053,692,1.8466,626,NA,NA,1
2024,2,8483512,BUF,2023-11-10,0.704,235,0.704,235,NA,NA,1
2024,2,8483531,NJD,2024-04-07,1.2425,407,1.2425,407,NA,NA,1
2024,2,8483531,NJD,2024-02-25,1.6904,587,1.6612,580,0.0292,7,1
2024,2,8483546,TOR,2024-02-21,1.7544,706,1.7544,706,NA,NA,0
2024,2,8483546,TOR,2024-02-19,1.6161,693,1.6161,692,NA,NA,0
2024,2,8483549,MTL,2024-02-06,1.5591,634,1.3964,557,NA,NA,0
2024,2,8483549,MTL,2024-01-27,0.9789,320,0.9789,320,NA,NA,0
2024,2,8483549,MTL,2024-01-25,1.0673,396,1.0673,396,NA,NA,1
2024,2,8483567,BOS,2024-01-04,1.0096,383,1.0096,383,NA,NA,1
2024,2,8483567,BOS,2024-01-02,2.1436,735,2.0355,697,0.108,38,0
2024,2,8483567,BOS,2023-12-31,1.4256,513,1.2872,467,0.1384,46,0
2024,2,8483567,BOS,2023-12-30,2.5133,908,2.5133,908,NA,NA,1
2024,2,8483619,CHI,2023-12-19,2.3725,1020,1.7503,787,0.6222,233,1
2024,2,8483619,CHI,2023-12-17,1.9116,823,1.9116,822,NA,NA,1
2024,2,8483619,CHI,2023-12-14,2.2554,1007,2.161,963,0.0906,42,0
2024,2,8483619,CHI,2023-12-12,1.6214,685,1.6214,685,NA,NA,0
2024,2,8483630,ANA,2024-03-17,1.674,640,1.674,640,NA,NA,0
2024,2,8483630,ANA,2024-03-15,1.9952,719,1.9952,719,NA,NA,0
2024,2,8483630,ANA,2024-03-14,1.9697,712,1.9697,711,NA,NA,0
2024,2,8483630,ANA,2024-03-12,1.7899,663,1.7899,663,NA,NA,0
2024,2,8483630,ANA,2024-03-06,1.9689,735,1.9147,711,0.0404,16,1
2024,2,8483763,ARI,2024-04-09,2.4819,1019,2.4634,1011,NA,NA,0
2024,2,8483920,WSH,2024-02-27,1.8188,661,1.8188,661,NA,NA,0
2024,2,8483920,WSH,2024-02-26,2.0983,745,2.0983,745,NA,NA,1
2024,2,8483920,WSH,2024-02-24,0.8421,273,0.8127,264,0.0294,9,0
2024,2,8484149,CBJ,2024-04-16,2.1902,740,1.9305,651,0.2597,89,1
2024,2,8484203,CAR,2024-04-16,2.9887,1148,2.7032,1027,0.2703,115,0
2024,2,8484254,VAN,2023-11-18,1.4427,666,1.4427,666,NA,NA,1
2024,2,8484254,VAN,2023-10-14,1.3035,592,1.2724,579,0.0128,6,0
2024,2,8484254,VAN,2023-10-11,2.1196,921,1.6825,741,0.3582,141,1
2024,2,8484259,COL,2024-03-06,0.8711,313,0.8711,313,NA,NA,1
2024,2,8484259,COL,2023-11-07,1.1577,419,1.1577,419,NA,NA,1
2024,2,8484287,VAN,2023-11-28,1.4333,545,1.4333,545,NA,NA,1
2024,2,8484321,OTT,2023-11-08,0.9118,350,0.8949,344,0.0169,6,0
2024,2,8484321,OTT,2023-11-04,0.9965,412,0.9965,412,NA,NA,1
2024,2,8484321,OTT,2023-11-02,1.0825,415,1.0825,415,NA,NA,1
2024,2,8484321,OTT,2023-10-28,1.1975,504,1.1158,469,NA,NA,0
2024,2,8484326,ARI,2024-03-07,1.3141,560,1.3141,560,NA,NA,1
