"player_id","season","off_rapm_raw","def_rapm_raw","toi_5v5_sec","own_cf_per60","own_ca_per60","off_rapm_per60","def_rapm_per60"
"8473503",2023,0.000464870593054518,5.08819710902537e-05,126286,54.4193338929097,56.4718179370635,0.0252979480204288,0.00287339740768774
"8474578",2023,0.000852946157270633,-0.00206281427268523,102630,61.9818766442561,53.8088278281204,0.0528672035041406,-0.110997618040309
"8476449",2023,0.00186478844123154,0.000412702710443594,40850,52.0832313341493,66.8004895960832,0.0971242077739101,0.0275687431152627
"8476881",2023,0.00203080808201516,-0.000636512147752405,72100,61.5644937586685,56.0721220527046,0.125025671490276,-0.035690586836802
"8478414",2023,0.00214696486117852,-1.2550688144497e-05,82510,64.7048842564538,53.4044358259605,0.138919112845229,-0.000670262419584435
"8479316",2023,-0.0020377285627396,0.00158063082920975,21561,47.4189508835397,66.620286628635,-0.0966269506305351,0.105302078896011
"8471709",2023,0.000853469486826366,0.00236476896864076,67738,53.3585284478432,58.6731229147598,0.0455398758921908,0.138748380362069
"8474053",2023,0.0019176152043219,-0.000409609362506635,68924,48.6797051825199,53.6416922987639,0.0933489427999077,-0.0219721393862737
"8478067",2023,-0.00141970121058636,0.00101603401699379,40019,50.3760713661011,60.7211574502112,-0.0715189695030384,0.0616947615206504
"8478099",2023,-0.00144894455783025,5.20522288902442e-05,53666,64.8008049789438,54.3360787090523,-0.0938927737172599,0.00282831400596191
"8479983",2023,0.00199814512155273,-0.000329908130566623,76742,52.3989471215241,61.8748534049152,0.104700700565373,-0.0204130172158994
"8474151",2023,0.00108805637939546,-0.001072389755038,74704,52.768258727779,65.0085671449989,0.0574148405383499,-0.0697145213959966
"8475218",2023,0.00196678647010536,0.000241135467063385,90346,63.3962765368694,52.1594757930622,0.124686938947773,0.0125774995571414
"8475793",2023,-0.000698347373968371,-0.000622410301958952,40225,58.08328154133,54.413921690491,-0.0405623071358534,-0.0338677854301493
"8475799",2023,-0.000803560276252864,0.0015080357537829,65463,62.9668667797076,54.1680032995738,-0.0505976728642791,0.0816872856867876
"8477424",2023,-0.000313160164316452,-0.000575299438545999,180565,54.90765098441,60.230941766123,-0.0171948890045082,-0.0346508269811473
"8480748",2023,0.000711077290191463,-0.00119182180965066,22150,57.372460496614,61.9232505643341,0.040796253741549,-0.0738014805470358
"8474697",2023,0.00026933105589679,5.86467252101067e-05,2019,60.6240713224369,65.9732540861813,0.0163279451420342,0.00386911530360882
"8476925",2023,-0.000879362951116131,0.000575247840222893,59764,50.7194966869687,62.3452245498963,-0.0446008462857777,0.0358639557705391
"8478508",2023,-0.000243398660690431,0.000240345689729599,55656,53.9456662354463,60.4786545924968,-0.0131303029117606,0.0145357839519518
"8479371",2023,-0.0011223206507513,0.000924034299092894,70395,55.3846153846154,59.4246750479437,-0.0621592975800722,0.0549104379567497
"8479661",2023,-0.000121059248695751,8.55845038961979e-05,55963,55.51525114808,57.3807694369494,-0.00672063459514247,0.00491090468544343
"8478904",2023,-0.000209430088689209,0.000215024695256355,47655,54.466477809254,60.2077431539188,-0.0114069192781809,0.0129461516237443
"8479981",2023,0.000362764214824463,0.000457641682892547,18189,54.8243443839683,54.0326571004453,0.0198883102437162,0.0247275961266037
"8481477",2023,-0.000717340820921147,-9.65586592565342e-05,51299,51.229068792764,60.4924072594008,-0.0367487022628272,-0.00584106574016797
"8476988",2023,-0.000378298663009019,0.00152370048928423,72888,48.5512018439249,59.713533091867,-0.0183668547450378,0.0909855395889681
"8480160",2023,-0.000201542441447219,-0.0015337054399219,33858,54.2264752791069,62.9452418926103,-0.0109289362188285,-0.0965394599078962
"8475168",2023,0.000102627312824733,-0.000572053001495656,61900,57.5185783521809,60.1938610662359,0.0059029771337832,-0.0344340788945527
"8476887",2023,8.72944270374322e-05,-0.000100308832932344,40733,57.3588981906562,58.3310829057521,0.00500711215305174,-0.00585112284995581
"8479996",2023,0.000893789918147886,0.00182833202671738,51691,54.740670522915,57.0389429494496,0.0489266594260366,0.104286126164584
"8480009",2023,-0.00129992714898881,0.000783154632859293,55949,58.1672594684445,54.9500437898801,-0.0756131997653075,0.0430343813698656
"8482062",2023,-0.000718849494715449,6.97010627399365e-05,43018,50.2952252545446,57.4922125621833,-0.0361546972608291,0.0040072683148545
"8474600",2023,0.000200761801862788,-0.000507406263732246,79499,61.7668146769142,59.2762173109096,0.0124004170098622,-0.0300771239539093
"8478851",2023,0.00112218823695345,8.28660380491185e-05,37276,56.1111707264728,58.332439102908,0.0629672957509345,0.00483377811819947
"8475798",2023,0.00109838957565213,-0.000129978601754178,61700,55.9546191247974,60.6223662884927,0.0614599703562625,-0.00787961040520792
"8476442",2023,7.62492504764305e-05,-0.000326038864727991,58438,54.088093363907,57.8459221739279,0.0041241765786971,-0.0188600187947312
"8479393",2023,0.000656441496683106,0.000317012556085294,40454,54.3728679487813,72.0818707667969,0.0356926068152509,0.0228508580991921
"8474009",2023,-3.45120314932122e-05,0.00063783022577297,43985,49.0258042514494,59.9113334091168,-0.00169198010030608,0.0382132593146966
"8480947",2023,0.000687667652322935,0.00114783523096626,53238,52.7442804012172,61.1292685675645,0.0362705354769676,0.0701663281050487
"8478468",2023,-0.000715600596205073,-0.000520507518014222,57063,50.7228852321119,61.0693444088113,-0.0362973269133408,-0.0317870528849861
"8478039",2023,0.00070329918429252,-0.000144795531901389,103475,55.1785455424015,60.8146895385359,0.0388070260704187,-0.00880569531915011
"8478431",2023,-0.000765494835777109,-0.000341907509576909,35435,53.1339071539438,58.6200084662057,-0.0406737315310044,-0.0200426211060577
"8477034",2023,-0.00148996560107877,-0.000193280463727173,53307,63.0086105014351,51.3928752321459,-0.0938806622189087,-0.0099332387571419
"8474564",2023,0.00031250943175726,0.00033434672198777,76564,55.4359751319158,55.1538582101249,0.0173242650873846,0.0184405116975335
"8475167",2023,-0.000795116795358651,-0.00110388706383091,89759,60.7226016332624,59.0781982865228,-0.0482815604164796,-0.06521565884293
"8476453",2023,0.00163227157614966,-0.00160411882445596,83021,62.6154828296455,53.8128907143976,0.102205472849718,-0.0863222709933563
"8476883",2023,-0.000124827825298942,9.58987232999404e-05,191669,58.6385904867245,54.1683840370639,-0.00731972772905304,0.0051946788723753
"8478010",2023,0.00288284090663855,-0.000928446988737225,81191,62.430564964097,54.5824044536956,0.179977386503054,-0.050676869053071
"8479984",2023,-0.00138944382088109,-0.00189453645095155,40329,51.684891765231,59.986610131667,-0.0718132534961082,-0.113646819463463
"8475184",2023,0.000817518239792591,0.000239571875115055,71096,51.1421177000113,49.1166872960504,0.0418096140413787,0.0117669768749546
"8476459",2023,-0.000432685448780265,-0.000660756331517466,78199,49.0747963528945,49.6732694791494,-0.0212339502837523,-0.0328219273155212
"8478048",2023,-2.66132151752166e-05,-0.000386661326965886,193136,51.762488609063,55.5649904730345,-0.00137756624735769,-0.0214848329491504
"8479323",2023,0.001915822708663,0.000617260085730248,99642,54.8082134039863,46.3900764737761,0.105002819860605,0.0286347425812358
"8479324",2023,0.000214168878200789,-0.000592719731615747,69779,54.4805743848436,47.6705025867381,0.0116680434997366,-0.0282552474991992
"8481554",2023,0.000273404346717555,0.000581129546087636,69748,60.2339852038768,54.5564030509835,0.0164682333748608,0.0317043377411922
"8476389",2023,0.000695506072542835,-0.00155986450342964,79585,58.2622353458566,54.1006471068669,0.0405217384829631,-0.0843896790345751
"8478550",2023,0.0002744518627906,-0.00144998167298863,83221,55.4571562466204,51.4341332115692,0.0152203198369544,-0.074578550522831
"8480833",2023,-0.000394242932686039,0.00104104575677862,26812,52.3646128599135,53.3044905266299,-0.0206443785428614,0.0554924136799941
"8476624",2023,-0.00126368750875149,-0.000598219838008958,61257,50.8937754052598,61.4133894901807,-0.0643138282528308,-0.036738707912397
"8476885",2023,-0.0010721553936036,-0.000928250686157383,91318,57.8330668652402,57.0051906524453,-0.0620060345682048,-0.0529151073376648
"8476918",2023,0.00109229690795402,0.0013283513287742,60603,57.0862828572843,55.363595861591,0.0623551702516,0.0735423061284624
"8480078",2023,0.00116883798501661,0.000299362935008191,59888,56.8060379374833,56.0846914239915,0.0663970549196251,0.0167896778337148
"8480817",2023,-0.00131516051671326,-0.00039164772246259,94726,57.9566328146443,55.372337056352,-0.0762222751594684,-0.0216864496955511
"8473986",2023,0.00109522554936371,0.00019528673231278,68868,54.7830632514375,53.9989545216937,0.0599998105453824,0.010545279376848
"8477426",2023,-0.00126807926702609,0.000175049045446771,66663,56.3250978803834,53.9489671931956,-0.0714246888353295,0.00944371521000807
"8478416",2023,0.00125955461093952,-0.00160621004108131,66366,53.9734201247627,50.9899647409818,0.0679824701863207,-0.0819005933613467
"8479410",2023,0.00224929931940918,-0.000104867960360458,94999,59.8364193307298,54.4932051916336,0.134590017276493,-0.00571459128195053
"8479542",2023,0.000900643934406572,-0.000361511491750433,74763,61.7310701817744,53.4488985193211,0.0555977139236415,-0.0193223910361373
"8476480",2023,0.000328938663184527,0.000840995250614301,53027,57.9101212589813,51.935806287363,0.0190488778717831,0.0436777664244967
"8477938",2023,-0.000443672133729205,0.0016139910694527,20488,50.253807106599,56.0523233112066,-0.0222962138270006,0.0904679492463629
"8479026",2023,-0.000269825912440348,0.000361747464706721,7057,73.4589769023664,43.361201643758,-0.0198211354696155,0.0156858047612663
"8479525",2023,-0.000614771143105876,-0.000465628297116027,56229,62.4233047004215,54.7404364296004,-0.0383760463871245,-0.025488696198103
"8481043",2023,0.000528979436855494,-0.000208354068083037,8854,54.0772532188841,58.9564038852496,0.0286057549544173,-0.0122838065890383
"8481708",2023,0.000548656200640404,-0.000571088560983486,13527,52.960745176314,59.8802395209581,0.029057241231521,-0.0341969198193704
"8482073",2023,0.000427875513499468,-0.000501479157824068,75708,49.0252020922492,63.9562529719448,0.0209766835196363,-0.0320727278779539
"8470621",2023,-0.000233047201316834,0.00226845591737238,48799,55.6240906575954,53.4109305518556,-0.0129630386535464,0.121160341462722
"8471817",2023,-0.00134382410973518,0.00190530362201047,42180,49.7581792318634,60.9388335704125,-0.0668662409083024,0.1161069803228
"8482109",2023,0.000705783820471489,-0.00134065848230468,68800,58.1337209302326,54.156976744186,0.0410298396563629,-0.0726060102480702
"8477846",2023,-0.000528342440681369,0.000569805753225691,10597,44.5031612720581,56.0536000754931,-0.0235129088445158,0.031939663812028
"8474034",2023,-0.00125189021462579,0.000593412889551483,51279,56.2335458959808,53.2849704557421,-0.0703982258408889,0.0316199882878073
"8477930",2023,-0.00212326695958919,0.000261076160704496,42904,47.6598918515756,52.4426626887936,-0.101194673666044,0.0136915290319112
"8471734",2023,0.00100088707361419,-0.000957601128727521,107628,56.2604526703088,54.8221652358122,0.0563103598333948,-0.0524977673091005
"8476479",2023,0.000248291901260131,0.000323614535787423,73412,60.4642292813164,53.9911731052144,0.0150127784464866,0.0174723284210623
"8479675",2023,-0.00104611965081402,0.00112644008792086,52849,61.9198092679142,53.6093398172151,-0.0647755292498211,0.0603877094570831
"8480014",2023,0.000465652177549307,0.00159012069825142,51661,55.9571049728035,49.8248194963319,0.0260565477799411,0.0792274767677581
"8480434",2023,-0.000741254902919033,-0.00190396325718621,70640,57.8935447338618,57.3329558323896,-0.0429138738813375,-0.10915984133075
"8481560",2023,-0.000100356299072789,-0.00170196749757148,32651,60.090043183976,55.3489939052403,-0.00603041434506791,-0.094202188650001
"8475188",2023,0.000397951446511028,0.000973400369599603,105306,55.5865762634608,56.9882058002393,0.0221207584306398,0.0554723405887712
"8475913",2023,0.00121780839163648,0.0016879370610715,57595,56.1923778105738,56.9424429203924,0.0684315492437241,0.0961152597532785
"8476539",2023,2.077817287332e-05,-0.000365128211038978,83964,59.5969701300557,58.8252108046306,0.00123831614808838,-0.0214787439850855
"8476905",2023,-0.000183816602746462,0.000468967510663278,89321,53.6447196068114,61.1009728955117,-0.00986079011341062,0.0286543711579125
"8480313",2023,-0.000527730623718708,0.000777302570222679,108775,56.163640542404,59.0429786256033,-0.0296392730537562,0.0458942590392841
"8480727",2023,0.000236429299990614,0.000526067327636325,74771,50.5543593104278,62.3022294739939,0.0119525317832384,0.0327751673651691
"8473548",2023,-0.000145096591555624,-0.000277893590675318,57763,56.9638003566297,67.4341706628811,-0.00826525327380199,-0.0187395238197202
"8474166",2023,0.00112665360659551,0.00106762563146039,99945,55.182350292661,66.6366501575867,0.0621713939776432,0.0711429957028983
"8474565",2023,0.00079675917973808,-0.000669694556639291,104374,57.1521643321134,62.4983233372296,0.0455365115735106,-0.041854786938025
"8475191",2023,8.50117262457253e-05,-0.000735975184704938,77993,57.7898016488659,56.7743259010424,0.00491281079756815,-0.041784494991518
"8478403",2023,0.000454223819101967,5.15560970890831e-05,79392,57.9050785973398,61.1698911729141,0.0263018659458832,0.00315368084823941
"8474563",2023,0.000597342877192481,-0.000710062692103905,106715,51.7153164972122,47.2285995408331,0.0308917759513645,-0.0335352665342612
"8478042",2023,0.000988196226769398,0.00034177962503663,70260,61.5371477369769,54.466268146883,0.0608107771998316,0.0186154607043862
"8479998",2023,0.000169100152346588,-0.000730161287089751,93659,53.0434875452439,49.6225669716738,0.00896966182489508,-0.0362324773687347
"8478911",2023,-0.000310528623810666,0.00243979614483132,83166,63.3720510785658,57.5283168602554,-0.0196788358094863,0.140357365694286
"8480113",2023,-0.000999393050528848,0.000320214045758281,50369,57.60686136314,52.7467291389545,-0.0575718969091009,0.0168902435381008
"8482124",2023,0.000416516581187133,-0.000320945664774544,44533,54.6471156221229,51.9794309837648,0.0227614297706646,-0.0166825730316869
"8477447",2023,0.00034318760833777,-0.000358229880962109,81079,58.9203122880154,58.0322894954304,0.0202207210566385,-0.0207889001579067
"8479353",2023,0.000518043143529459,0.00107703070429875,55537,49.134811026883,64.4975421790878,0.0254539519610924,0.0694658332786814
"8471685",2023,0.00018842170775785,-0.000637822677685334,80942,54.661362457068,49.8579229571792,0.0102993872625316,-0.0318005139243771
"8477942",2023,0.00431159938101001,-0.0015777039264868,60528,58.3465503568596,53.8858049167328,0.251566950402705,-0.0850158459990311
"8477960",2023,1.4595429205986e-05,2.17493404461478e-05,75242,54.9267696233487,50.2857446638845,0.000801679777551086,0.00109368178028288
"8471303",2023,-0.0015796739227928,-1.853195693232e-05,52534,61.6743442342102,61.9484524308067,-0.0974253532921287,-0.00114802605247158
"8480336",2023,-0.00159358117057987,-0.000539389674467886,55850,64.2005371530886,59.237242614145,-0.102308767148276,-0.0319519570100189
"8479336",2023,-0.00120527813561596,0.00100184012935331,35903,61.7664262039384,59.8612929281676,-0.0744457230187437,0.0599714454504117
"8481481",2023,-0.000261674265981224,-0.00015270913472231,54949,62.6326229776702,53.1329050574169,-0.0163893456441606,-0.00811387995660076
"8476448",2023,0.000518730749634552,0.000106072851974663,82638,59.1592245698105,56.240470485733,0.0306877089088966,0.00596558710081857
"8478020",2023,-0.000162422904500019,0.000451554478275296,57628,57.9093496217117,58.7214548483376,-0.00940580476326547,0.0265159359076074
"8477018",2023,-0.000640513485425132,0.00031335160959817,28123,56.7080325712051,57.7321053941614,-0.0363222595937845,0.0180904481507516
"8478462",2023,-0.000580251640403079,-0.000466015986974164,66698,52.4093675972293,56.727338151069,-0.0304106215207803,-0.0264358464768876
"8481032",2023,-0.000985061041212337,-0.00152184302329731,40484,50.5088429997036,68.47149491157,-0.0497542934757185,-0.10420286682591
"8478434",2023,0.00106738727532648,0.000894503046932804,61388,48.9672248647944,58.6433830716101,0.0522669927287322,0.0524566848400028
"8475200",2023,0.000471124628238489,-0.00118764026367915,78441,62.9211764255938,55.5321834244846,0.0296437158518362,-0.065952256964934
"8475311",2023,-6.91265240325865e-05,-1.20853375106381e-05,158756,55.7610421023457,58.2327597067197,-0.00385456701696987,-0.000703762555231593
"8475324",2023,0.00143227457904709,0.000798929872172043,82248,55.2815873942223,56.8573096002334,0.0791784123141146,0.0454250030909608
"8475343",2023,-0.000617581295357145,0.000306812037516934,42642,54.6222034613761,54.2845082313212,-0.0337336511689382,0.0166551405760565
"8477839",2023,0.00111797491249531,0.00122121903984038,61869,59.351209814285,65.3445182563158,0.0663531635986163,0.0797999698438102
"8477903",2023,-0.000224462251052424,0.000368138105556308,54837,54.8170031183325,57.5086164451009,-0.0123043479158887,0.0211711131112638
"8470638",2023,0.000321388664189632,0.00197891581817528,60602,66.1760337942642,44.1965611695984,0.0212682271025065,0.0874612740074696
"8475762",2023,-0.00177447706204846,-0.000444514076204807,52314,49.1340750086019,60.6950338341553,-0.0871872890677326,-0.026979796895009
"8475791",2023,-0.000308149377693166,-0.000385361866844244,51841,60.8321598734592,59.0266391466214,-0.0187453922087376,-0.0227466158550835
"8476999",2023,-0.00157493386735634,0.00223742444132819,153172,56.6657091374403,55.1850207609746,-0.0892447444383182,0.123472314245808
"8478415",2023,-0.000254979252463268,-0.000267273790321825,14709,53.1103406077911,58.4947991025902,-0.0135420349462442,-0.015634126670263
"8478498",2023,-0.000208052663191316,0.00194961956215294,53530,66.9830001868111,47.9506818606389,-0.0139359915774105,0.0934855873740736
"8477511",2023,0.00024440484324088,0.00149582651145956,50537,59.8373468943546,54.9221362566041,0.0146245373876649,0.0821539874786225
"8478440",2023,0.00116813833841752,0.000717662058694326,63977,59.7027056598465,58.8023821060694,0.0697410193885233,0.0422002385983722
"8481656",2023,-0.000142814311977025,0.000649247465341968,37346,61.0185829807744,54.0780806512076,-0.0087143269462123,0.035110056793355
"8476979",2023,0.000406087574168296,-0.000323626888156679,70235,64.9932369901046,55.0494767566028,0.0263929459466568,-0.0178154908573928
"8477845",2023,0.00176801766180234,0.00111970327929221,71871,57.8035647201236,55.4994364903786,0.102197723340313,0.0621429010371465
"8471698",2023,-0.000184748079401706,-0.000272142181377887,45199,50.4170446248811,54.6383769552424,-0.00931445216355687,-0.0148694070915469
"8474189",2023,-0.000415353678496851,0.000769914081911983,68033,57.466229623859,54.2912998103861,-0.0238688098636145,0.0417996362493216
"8474590",2023,0.000703916665075313,-0.00147919642390627,41556,61.2474732890557,58.995090961594,0.0431131171419214,-0.0872653275784149
"8475149",2023,-0.000333441494168152,0.00186346816386254,65048,58.0002459722051,56.3952773336613,-0.0193396886790924,0.105090803903477
"8480796",2023,-0.000994648535587719,0.00122800392595124,70000,53.3314285714286,60.4285714285714,-0.0530460273293725,0.0742065229539104
"8471276",2023,-0.000359085362532944,-0.0015075760016238,59627,54.156673989971,60.1338319888641,-0.0194468689132672,-0.0906563219920891
"8476422",2023,8.29123271884827e-05,0.000661747420406385,8689,60.4902750604212,55.5184716307976,0.00501538947753096,0.0367392053865854
"8477956",2023,0.00123572874210212,-0.00132898198517888,79864,58.5996193528999,52.4691976359812,0.0724132339106219,-0.0697306184350091
"8478443",2023,-4.74583084648105e-05,0.0023772967449236,76729,52.6424168176309,51.5632941912445,-0.00249832005566425,0.122581251438384
"8477365",2023,-4.30935211803972e-06,0.000591582715669954,74698,56.8207984149509,60.4835470829206,-0.000244860827998176,0.0357810210366657
"8473422",2023,-0.000870084734211254,0.00156061166861691,40936,49.1596638655462,55.1397303107289,-0.0427730730683684,0.0860517065273133
"8475745",2023,0.000810700552506568,-0.000393923642774481,71304,55.0319757657354,59.0205318074722,0.0446144531588098,-0.0232495828880866
"8480880",2023,-0.000521805845588807,0.00123190377314473,12518,43.7130532033871,61.8309634126857,-0.0228097266900619,0.0761697971252612
"8478401",2023,0.000447613482441092,-0.000356486879312006,66311,59.3385712777669,56.406930976761,0.0265607445327202,-0.0201083307954733
"8476854",2023,0.000429508944111164,0.00172297874998091,91880,59.9869394862865,51.2494558119286,0.0257649270392152,0.0883017233120384
"8477931",2023,-0.00106731980556697,-0.000198532282871867,43420,44.4403500690926,53.8922155688623,-0.047432065795072,-0.010699344585909
"8475225",2023,-0.000855011351925795,-0.00161437821879165,39435,60.2510460251046,60.798782807151,-0.051515328316868,-0.0981522306929089
"8478421",2023,0.00261870647991436,0.000831527836385953,31498,46.974411073719,53.1462315067623,0.123012194668909,0.044192570896885
"8477015",2023,-0.0001068583077423,5.23911997250857e-05,2908,53.232462173315,50.7565337001376,-0.00568833082479643,0.00265919569443695
"8471214",2023,0.00172603375136355,-0.00373029476378255,64883,59.2019481220042,60.5335758210934,0.102184560605053,-0.225808080918458
"8475744",2023,-0.000401286013534388,-0.00388326613772956,64965,52.3666589702147,57.1877164627107,-0.0210140078202723,-0.222075122833724
"8475883",2023,-0.000240336494254329,0.000315558038817417,128223,68.4775742261529,45.7078683231558,-0.0164576601245542,0.0144234852865798
"8476869",2023,-0.00124211610225801,0.000307527004770524,105088,64.1633678440926,47.6514920828258,-0.0796983523742514,0.0146541206330778
"8476882",2023,-0.000860259584344527,0.000277682467125495,56414,59.4745985039175,44.7973907186159,-0.0511635933880377,0.01243944997553
"8477488",2023,-0.00114871008295052,-0.000258422307170849,105686,64.4475143349166,48.5059515924531,-0.0740315095376166,-0.0125350199220393
"8478427",2023,0.00232334488444352,0.000339039983707708,78264,63.9834406623735,46.4121435142594,0.148655599552021,0.0157355723809143
"8482093",2023,0.00160877183776339,4.59720575779276e-05,78859,66.102791057457,47.4771427484498,0.106344308650794,0.00218262194006722
"8475177",2023,0.0002788538779788,-0.000956212587826677,39332,66.1751245804943,43.4760500355944,0.018453190115001,-0.0415723463130178
"8478970",2023,0.000972588905803078,0.000364802655386607,72302,65.176620287129,44.6626649331969,0.0633900578090015,0.0162930587642725
"8480039",2023,-0.00164389420128468,-0.00072066107563856,84548,64.3374177981738,49.0940057718692,-0.105763908044048,-0.0353801390069609
"8480829",2023,-0.00209157479818479,0.000216979272132266,72225,66.6915887850467,47.6510903426791,-0.139490446353707,0.0103392988988634
"8480830",2023,0.00186568618458137,0.000501580970028918,54867,71.6496254579255,45.1418885668981,0.133675716347281,0.0226423122563221
"8470613",2023,-0.000354077265135561,0.000967985018824449,106608,69.0229626294462,44.945970283656,-0.0244394618393883,0.0435070258911079
"8474613",2023,-0.00252121131709672,0.00121504819698074,43775,75.0017133066819,42.7641347801256,-0.18909516839045,0.0519604848600332
"8476921",2023,-0.000320000241117748,-0.000227441381792924,79675,67.0975839347349,44.4154377157201,-0.0214712430375335,-0.0101019085270009
"8476958",2023,-0.000901383873155258,0.00213531484574311,100897,70.5392628125712,47.1332150609037,-0.0635829539235121,0.100644253847151
"8478131",2023,-0.000307179942473939,0.000171114728067201,553,130.198915009042,58.5895117540687,-0.0399944952226466,0.0100255283713875
"8476432",2023,0.000588543864734106,0.000888741006158606,65223,56.6855250448461,62.6466123913343,0.0333619179843757,0.0556766133291027
"8478882",2023,-0.00155791983236711,0.00108235868944144,83695,55.9603321584324,59.7455045104248,-0.0871817112954729,0.0646660659619211
"8479369",2023,-0.000880721548830203,0.000962751611145168,86126,50.1590692706035,64.2454078907647,-0.0441761731758874,0.0618523699555122
"8479671",2023,-0.000206259653429471,0.000929621318014178,42160,51.4895635673624,69.3358633776091,-0.0106202195366389,0.0644560966987439
"8480193",2023,-0.000300658262900626,0.000430155780894041,44617,52.7691238765493,70.3588318353991,-0.0158654731195112,0.0302652582509486
"8480762",2023,0.000115161252378132,-0.000413133580104856,50424,48.4055211803903,67.9676344597811,0.00557444044114995,-0.0280797121556275
"8474161",2023,-0.00096601695343032,3.00290506489515e-05,8330,45.8103241296519,73.9015606242497,-0.0442535497513817,0.00221919370702215
"8475790",2023,0.00027987415801282,0.000784701106788469,76336,51.4986376021798,69.8438482498428,0.0144131378377174,0.0548065450240175
"8478458",2023,-0.000245760889354234,-0.00103928486295948,57414,50.977113595987,65.8376005852231,-0.0125281807740616,-0.0684240217017948
"8479402",2023,7.10500392155674e-05,-0.000400629928025848,11586,49.0937338166753,66.4940445365096,0.00348811171291341,-0.0266395042768093
"8482475",2023,-0.00179582374640763,0.000643041165937595,20512,53.1786271450858,64.9375975039002,-0.0954994414285027,0.0417575484120942
"8476346",2023,0.00353027647725443,-0.00146000806239983,74631,55.8588254210717,62.5638139647064,0.197197097431071,-0.0913436728029541
"8478460",2023,-0.000190950802163003,0.00106364788118471,14759,59.2723084219798,57.3209567043838,-0.0113180948392299,0.0609693141460984
"8479339",2023,-0.000522463112800308,-6.20711482397519e-05,50107,58.0517692138823,58.5546929570719,-0.03032990804705,-0.00363455702667157
"8480871",2023,6.54478958529949e-05,-0.00194585279853192,41960,55.5100095328885,60.8293612964728,0.00363301332270724,-0.118364982911651
"8474679",2023,-3.56955894115088e-05,8.89990306330796e-05,46312,55.1908792537571,65.3739851442391,-0.00197007096510227,0.00581822130645862
"8479941",2023,0.000449395791230417,0.000466345321224658,3762,64.1148325358852,65.0717703349282,0.0288129358970698,0.0303459156394992
"8482705",2023,0.000477919977086822,-0.000678729637538047,42820,52.3773937412424,66.0812704343765,0.025032202816682,-0.044851316729978
"8471669",2023,-8.76077586996509e-05,0.000667708102432586,52768,74.3632504548211,47.8244390539721,-0.00651479770196767,0.0319327654506306
"8473533",2023,-0.000886344863280721,-0.000388696226400188,78061,62.3973559139647,41.9671795134574,-0.0553055758966415,-0.0163124843095402
"8475855",2023,0.000904893483544016,-0.000832089387922984,73263,65.8941075304042,45.3052700544613,0.0596271485082114,-0.0376980344293022
"8476374",2023,-0.00118841799078333,0.000572789870498667,53428,48.1096054503257,67.1108781912106,-0.0571743206466549,0.0384404312281953
"8474162",2023,-0.000323235926822893,-0.000414878067914454,3328,62.7403846153846,56.25,-0.0202799463703786,-0.023336891320188
"8475714",2023,0.000160702346422552,0.000165089539441261,56669,55.4588928691172,55.713000052939,0.00891237421406409,0.00919763351963063
"8475718",2023,-0.000254219992057545,6.32871975178701e-05,89122,54.0472610578757,53.8856847916339,-0.0137398942768652,0.00341027397679383
"8476899",2023,8.06299826926353e-05,-0.000241994709868806,70268,53.589115956054,56.6630614219844,0.00432088949205026,-0.0137121611090915
"8477021",2023,-0.000500711336759857,-0.000728060831111421,66107,54.674996596427,52.4967098794379,-0.0273763906331376,-0.0382207982254387
"8478115",2023,0.00115066471581233,-0.000194322116265023,57855,64.464609800363,55.3798288825512,0.0741771519158872,-0.0107615255468522
"8470966",2023,0.00127764974510853,-0.00050003670116796,80874,58.1348764745159,55.7311373247274,0.0742760101095813,-0.0278676140601952
"8475166",2023,0.00221362693792878,-4.11996424894744e-05,77452,55.5905593141559,52.9411764705882,0.123056759592343,-0.00218115754356041
"8477939",2023,0.00143894545176387,-0.000545653192691632,80612,62.3877338361534,56.7161216692304,0.0897725458493877,-0.0309473328659026
"8478843",2023,-0.000308666018058434,-0.000161910114073681,41941,62.3161107269736,52.5309363153001,-0.0192348657589834,-0.00850528989120752
"8480873",2023,0.00207358104329502,-0.000973708986816411,69206,60.39360749068,56.7002861023611,0.125231039628874,-0.0552095781329306
"8474673",2023,0.0011598921366876,0.00223387531098524,75159,52.6404023470243,50.5328703149323,0.0610571887543848,0.112884131389746
"8476853",2023,0.000597409543003537,-0.000843390388304072,80658,57.353269359518,56.5052443650971,0.0342633904378284,-0.0476559799862957
"8478483",2023,0.00118493298905544,0.000871593410495022,87778,55.0388480029164,48.7229146255326,0.0652173466782636,0.0424665713277257
"8479318",2023,0.00195710176681734,-0.00024616642500661,83406,62.4991007841163,55.1614991727214,0.122317100569089,-0.0135789090493539
"8474596",2023,-5.96417396577794e-05,-0.000637493832847543,118298,51.1251246851172,58.489577169521,-0.00304919137644127,-0.0372867447314301
"8475233",2023,0.000919906458334755,0.0010639734225344,68083,47.4303423762173,65.0382621212344,0.0436314782729109,0.0691989823448195
"8475848",2023,-0.000284040912610811,-0.0004814538238126,26242,55.9713436475878,56.7944516424053,-0.0158981515297142,-0.0273439059145758
"8477989",2023,0.000232700668829709,-0.00018979833294925,48291,49.1271665527738,62.3221718332609,0.011431924514539,-0.0118286443197296
"8482087",2023,-0.000370957437063149,0.000568549542026611,44495,46.0366333295876,59.8718957186201,-0.0170776315109598,0.0340401388910864
"8483515",2023,-0.00163075403436871,-0.00082553329997555,24551,53.6678750356401,62.7591544132622,-0.0875191037303658,-0.0518097718464554
"8476981",2023,0.00305016863251689,-0.00127299434767707,56036,51.3312870297666,65.0795916910558,0.156569081564915,-0.0828459523718454
"8480018",2023,-0.000302424498608117,-0.00246638340373677,78298,48.0931824567677,56.1393649901658,-0.0145445565909566,-0.138461198108066
"8480192",2023,0.000279422086787965,-0.000175638249401816,68971,54.2314885966566,58.2505690797582,0.0151534757132955,-0.0102310279798283
"8480887",2023,0.00130770968656494,0.00111855861350378,64048,53.4536597551836,60.3110167374469,0.0699018686442003,0.0674614072608417
"8481540",2023,-0.00157316525021234,-0.00201682666716157,40257,51.4196288844176,54.6389447797899,-0.0808915733397804,-0.110197280897449
"8478047",2023,0.00146014235702246,-0.000158901696732534,71778,63.8970157987127,60.0351082504389,0.0932987392550337,-0.0095396805645161
"8475227",2023,-0.00058414774219221,-0.000413505989292416,32920,53.6938031591738,64.9574726609964,-0.0313651138851443,-0.0268603039946203
"8482964",2023,-0.00171672144368403,-0.00136918301906021,41844,56.0940636650416,62.3745339833668,-0.0962978819571542,-0.08540215275182
"8477497",2023,-0.000421981445525373,1.81913071224415e-05,18924,54.2168674698795,47.7488902980342,-0.0228785121067973,0.000868614728167307
"8481523",2023,9.88462604715309e-05,0.00056586728732681,50517,52.4496704079815,54.0174594690896,0.00518445378279328,0.0305667132580596
"8474884",2023,0.000318536887620272,-0.000812950421798264,51300,47.5087719298246,57.9649122807018,0.0151332963451877,-0.0471225998880959
"8477979",2023,-0.000388595090869536,-0.000839094058045274,34468,57.6534756875943,53.3712428919578,-0.0224038576237653,-0.0447834927811328
"8479944",2023,-0.000505324715336414,0.00104467578585927,47110,49.3653152196986,57.61834005519,-0.0249455138608865,0.060192484677062
"8480144",2023,-0.00145874179097231,-0.000385216232197994,69208,48.1678418679921,54.7740145647902,-0.0702644439137859,-0.0210998395130065
"8474149",2023,0.000923578205131534,-0.000756953949692436,66600,57.8918918918919,57.2432432432432,0.0534676896051823,-0.0433304990661778
"8478133",2023,-9.37952700297124e-05,0.000426531891334354,36819,51.3321926179418,59.0564654118797,-0.00481471686781706,0.0251894658876509
"8479514",2023,-8.41294516821837e-05,-0.00193820082175242,30746,44.9619462694334,70.0188642425031,-0.00378262388621124,-0.135710620212991
"8477476",2023,0.000378154210888725,-0.00113190101710729,65849,63.6365016932679,52.2103600662121,0.0240644110815368,-0.0590969596624834
"8477492",2023,0.000633502669444849,-0.000866195993706688,83186,69.0260380352463,53.5763229389561,0.0437281793565302,-0.0464075962872595
"8478038",2023,0.00193553232635378,0.00110198998000045,100766,63.1641625151341,51.910366591906,0.122256278415106,0.0572047038424305
"8478420",2023,-0.00064681251531782,0.000782562747447021,93191,66.2124024852185,56.3230354862594,-0.0428270105967001,0.0440763093946832
"8480069",2023,-0.000401508030181124,0.00122077850136157,78622,63.8294624914146,47.1165831446669,-0.0256280417524479,0.0575189117606242
"8480382",2023,-0.000996046423386528,0.00157906637636442,201768,60.306887117878,54.3832520518615,-0.0600684592193374,0.0858747647524457
"8473604",2023,-0.000352815172400764,-0.00260551243932794,43138,45.9826602995039,58.9178914182391,-0.0162233802210152,-0.153511298989195
"8474870",2023,-0.000316491546032069,-0.000966168115485734,45459,45.773114234805,58.1271035438527,-0.0144868036908759,-0.0561605540896083
"8475797",2023,-0.000187653201275468,0.000887012697400074,38067,40.476002837103,60.3357238553077,-0.00759545150721731,0.0535185531664825
"8475852",2023,0.000464490810395585,-0.00218614837588411,106791,47.4646739893811,63.4435486136472,0.0220469048864899,-0.138697010762049
"8479390",2023,0.0007127673379199,0.00062091112860785,63509,47.7286683777102,56.11803051536,0.0340194359020423,0.034844309662542
"8480831",2023,-0.000182903213082663,0.000259917691099776,3338,43.1396045536249,65.787896944278,-0.00789037228397349,0.0170994382760668
"8473446",2023,-0.000743011706489746,0.000493072858132897,60619,56.2991801250433,60.9313911479899,-0.041830949898682,0.0300436151833529
"8477501",2023,-0.000566673973463557,-0.000473856431357096,49903,56.9184217381721,48.9830270725207,-0.0322541882096445,-0.0232109224056527
"8478542",2023,0.000982148761043368,-0.000670916734378911,68444,66.0627666413418,52.4399509087721,0.064883464407891,-0.0351828406147038
"8479398",2023,-0.000628451626422466,0.000520860780118968,88834,62.8137875137898,57.099759101245,-0.0394754269247964,0.0297410250700796
"8481618",2023,0.00113008436137996,-0.000436545134453505,62098,56.4655866533544,54.9003188508487,0.0638108764331007,-0.023966467074284
"8478043",2023,-0.00146851841043874,-0.000610415388098299,56007,48.7224811184316,59.1354652097059,-0.0715498605246708,-0.0360971979463561
"8480025",2023,-0.00204575123061619,0.00158446014415095,40279,42.1857543633159,57.916035651332,-0.0863015589032259,0.0917656501967611
"8480798",2023,0.000577929596673307,0.000434365516797291,58120,48.9951823812801,66.3386097728837,0.0283157659925483,0.0288152045176124
"8483619",2023,0.000315268211913917,0.00226447022740284,14548,50.7286224910641,63.5963706351388,0.0159931221056139,0.144012087874148
"8476278",2023,-0.000632071144336343,-4.48785395143982e-05,31798,46.0783697087867,60.3434178250204,-0.0291248078709859,-0.00270812446129402
"8476473",2023,-9.5557644146853e-05,0.00123936774869079,80291,45.1956010013576,61.4713977905369,-0.00431878515749088,0.0761856678885336
"8476915",2023,-8.02448580143669e-05,0.000508970179209543,33710,48.6977158113319,54.9985167606052,-0.00390774129090432,0.0279926049319043
"8477210",2023,-0.000235206121110221,-6.47151282461255e-06,5895,57.4045801526718,54.9618320610687,-0.0135019086316707,-0.000355686201047407
"8476310",2023,0.000644199269149848,0.000871478874704945,17951,52.1419419530945,56.152860564871,0.0335898008982373,0.0489360317365375
"8477073",2023,-0.000327911484839294,-0.000764445116051114,20943,53.6312849162011,61.8822518263859,-0.0175863142707107,-0.0473055851789259
"8483570",2023,0.00124760222278867,0.00101858684517687,23110,54.521852012116,52.6525313717006,0.068021583760871,0.0536311758204767
"8471699",2023,-0.00110143108864071,0.000396798663460106,52257,49.6699006831621,54.6300017222573,-0.0547079727821313,0.021677111668215
"8481186",2023,-0.000404385926900759,0.000717325404859181,63126,50.8126603934987,55.203877958369,-0.0205479247715185,0.0395991441062839
"8481524",2023,0.00113315680834062,-0.00188276766591501,54492,59.7885928209645,56.881744109227,0.0677498510161808,-0.107095108589704
"8471677",2023,-0.000914874183190355,0.000378001166704542,84767,45.1449266813736,63.0245260537709,-0.0413019279228102,0.0238233443793262
"8474141",2023,0.000597878479531802,-0.00268528078938124,74331,44.5574524760867,62.1382733987165,0.0266399419382132,-0.166858711842893
"8476960",2023,0.000639172720386971,0.000423697930125982,64957,50.4887848884647,65.7296365287806,0.0322710539861926,0.0278495109451774
"8477495",2023,-0.000115208412083023,-0.000411862728712433,82666,50.7778288534585,56.1778724021968,-0.00585003303123044,-0.0231375718208277
"8477503",2023,0.000927827180917013,-0.0016716612107516,83804,51.5488520834328,60.8276454584507,0.0478284261080795,-0.101683215454243
"8476312",2023,-0.000594361445849836,-0.000291582828854452,27507,55.6222052568437,62.6894972188897,-0.033059694337814,-0.0182791809385471
"8477456",2023,-0.000353700792166691,0.00187099398963526,83162,54.6307207618864,53.5917847093625,-0.0193229292101165,0.100269907085044
"8475179",2023,-0.00100243491328558,-0.000600616547445913,65412,48.3214089157953,64.336818932306,-0.0484390673563425,-0.0386417580607744
"8476434",2023,0.000129834541771053,-0.000173686334885359,148962,49.5911709026463,66.0007250171185,0.00643864695003505,-0.0114634240279997
"8476458",2023,-0.000544013585125759,-0.00256267885417118,68528,52.0079383609619,69.9743170674761,-0.0282930250027464,-0.179321702683891
"8478873",2023,0.00127752504671356,-0.00175704714666687,65688,54.530507855316,57.4351479722324,0.0696640895951769,-0.100916262863
"8482142",2023,-0.000178879503598212,-6.48637423267859e-06,7283,50.9130852670603,69.2022518193052,-0.00910730741922519,-0.000448871703044077
"8482745",2023,0.00202276588356831,0.000524701674896434,61680,47.6848249027237,62.5097276264591,0.0964552369771579,0.032798958782923
"8474031",2023,-0.00116833574115551,0.00141105503563249,70141,52.8649434710084,66.8253945623815,-0.0617640029113448,0.0942943095053763
"8474641",2023,0.0025769078727999,0.000250766169163113,49727,49.6631608582862,58.4953848010135,0.127977390203846,0.0146686635602723
"8476470",2023,0.00094876366042042,0.000209097666173959,40740,46.3917525773196,71.840942562592,0.0440148089885762,0.0150217734255754
"8478366",2023,-0.00260756963715502,-0.000820159096610002,64367,51.8464430531173,71.5894790808955,-0.135193210699795,-0.0587147624897679
"8481533",2023,0.00141122775924043,-0.0019085076465499,74633,53.0114024627176,60.3915158173998,0.0748111627116537,-0.115257669724246
"8475164",2023,-0.00268948419718478,0.000898284666625549,54244,42.6074773246811,63.8448491999115,-0.114592136946639,0.0573508490793009
"8475764",2023,0.000325160480857932,0.00145151106648178,93377,49.9266414641721,64.1913961682213,0.0162341707461118,0.0931745219110895
"8475906",2023,0.00134469228403223,-0.0042359267761327,70781,51.1662734349614,66.5263276868086,0.068802893090676,-0.281800652766331
"8480031",2023,-0.000625938338888895,0.000575255666518309,47605,50.8181913664531,68.9675454259006,-0.0318090542892557,0.0396739713121082
"8480806",2023,-0.000653541853081878,0.000893380166682801,41868,45.2278589853826,68.3576956147893,-0.0295582987722328,0.0610694095023927
"8475831",2023,0.000356578940518803,-0.00113018409437362,143335,57.3397983744375,54.4012278926989,0.0204461645539187,-0.0614834024787226
"8477369",2023,-0.000153004470897786,0.000187346568376746,76043,56.9046460555212,54.3481977302316,-0.00870666526135084,0.0101819483422197
"8477987",2023,0.000166671041477898,1.29284654310865e-05,51052,57.3297813993575,53.8744809214135,0.00955521437353113,0.000696514364210224
"8478840",2023,-0.00141541431494454,0.000854882550098649,83490,54.8904060366511,55.6665468918433,-0.0776926664573939,0.0475883595620851
"8480901",2023,0.000180318246781421,-0.00193972162871618,29834,54.3004625594959,54.7831333378025,0.00979136420814851,-0.106264028624178
"8483524",2023,0.000549006460178273,0.0010222905183566,3854,48.5729112610275,66.3207057602491,0.0266668420719701,0.0677990286694206
"8476457",2023,-0.00179382969931156,-0.000693360563851411,115769,59.3319455121837,50.345083744353,-0.106431405977691,-0.0349072956521311
"8476467",2023,-0.000145298632320488,-1.50850773621172e-06,87988,54.9484020548257,53.4754739282629,-0.00798392766676249,-8.06681661183726e-05
"8477444",2023,-0.000382790326234125,-0.00190915162482897,40824,54.7619047619048,53.968253968254,-0.0209623273890116,-0.103033579752675
"8477955",2023,-0.000130149307494284,0.00131540496116037,66057,58.6947636132431,48.9395522049139,-0.00763908283780429,0.0643753297673105
"8482665",2023,-0.000291107842424387,0.00228069971357174,77319,56.6173902921662,52.1941566755907,-0.0164817663316519,0.119039198180139
"8479368",2023,0.00059849344814334,0.00011352755061304,48898,48.3700764857458,66.0395108184384,0.0289491738629111,0.00749730390690067
"8474586",2023,0.00112774603519962,0.000443980870121163,79823,56.7355273542713,52.8569459930095,0.0639832660287391,0.0234674728739237
"8476826",2023,4.10892113077366e-06,-0.000465955671158097,80667,61.3633827959389,53.4196139685373,0.000252137300225986,-0.0248911720797163
"8479293",2023,-0.000517819304676677,0.0016989622835781,65065,51.8435410743103,52.1755167909014,-0.0268455863910761,0.0886442351539371
"8478407",2023,0.00220886537483028,-0.000354153128870212,111419,60.8083002001454,51.1797808273275,0.134317348814387,-0.0181254795148897
"8475768",2023,0.000103444645349981,5.55697115749767e-05,73209,56.058681309675,49.5676761053969,0.00579897040686692,0.00275446146461877
"8477416",2023,-0.000896215523249223,-0.00173582560072177,75967,59.046691326497,52.8861216054339,-0.0529185613633119,-0.0918010838055967
"8477505",2023,-0.00148235061319071,-0.00122819547668959,82698,52.8912428353769,49.6698831894363,-0.07840336624944,-0.061004325860966
"8474602",2023,-0.000465000309361827,0.00121461479061049,76810,54.0867074599661,53.7117562817341,-0.0251503357012469,0.06523909360946
"8474683",2023,0.000800716054470787,-0.000914012718108606,31959,43.7059983103351,66.5727963953816,0.0349960945237584,-0.0608483825854335
"8483630",2023,0.000280319467845917,0.000391428841704624,7889,53.8471289136773,67.0807453416149,0.0150943985221125,0.0262573384497512
"8475169",2023,0.000202041126856673,-0.00216959017720812,50146,60.447493319507,57.7194591791967,0.0122128796659344,-0.12522757166895
"8475789",2023,0.000877036771480323,0.0003047710318762,103332,60.8640111485309,50.5516200209035,0.05337997583705,0.0154066693967843
"8476879",2023,0.000917496799556444,-0.00156817850070647,91858,53.6915674192776,55.0240588734786,0.0492618412703562,-0.0862875461469963
"8477498",2023,-6.20059830299897e-05,0.000590526380064718,104234,57.9887560680776,55.5711188287891,-0.00359564982468743,0.0328162116381111
"8478402",2023,0.00324865302367608,0.00183136001238748,95628,61.6639477977162,51.2360396536579,0.200324770464855,0.0938316342148086
"8479344",2023,-0.00170531970341409,0.000890728808393421,53916,63.5655464055197,50.9459158691298,-0.108399578743615,0.0453789949346214
"8475171",2023,-0.000757086401019608,-0.000909862879983639,53589,52.7347030174103,58.2432961988468,-0.039924726516289,-0.0529934132192229
"8477359",2023,-0.000255574163901088,-0.000396926172847317,2152,65.2416356877323,45.1672862453532,-0.0166740764924316,-0.0179280780672673
"8477500",2023,-0.00026969190153799,0.000121414559628453,80568,54.7363717605004,53.3958891867739,-0.0147619561833797,0.00648303837158183
"8477967",2023,0.00018674284354263,0.000466740518124096,91134,50.4444005530318,58.9373888998617,0.00942013080007657,0.0275084674320028
"8478856",2023,-0.000155093559364083,0.000620128195070978,61580,54.3683013965573,55.5959727184151,-0.0084321733801713,0.0344766302150861
"8481617",2023,-0.00134275571300651,0.000716968256882257,25519,53.0428308319292,56.4285434382225,-0.0712235641336105,0.0404574744273071
"8477335",2023,-6.73955489104314e-05,3.04292012382924e-05,43452,51.6984258492129,57.0836785418393,-0.00348424378791294,0.00173701074177162
"8479388",2023,0.00103642893438874,-0.00297110128410085,39990,56.1740435108777,56.2640660165041,0.0582204040562857,-0.16716623879037
"8480012",2023,0.00216436863155499,0.00105180910091842,72506,48.4097867762668,47.8636250793038,0.104776623958817,0.0503433964613588
"8481535",2023,-0.000584430528596036,0.000448066300608735,17038,57.2602418124193,61.274797511445,-0.0334646333899691,0.0274551718415025
"8483808",2023,0.00143296820913449,-0.00112005328793512,63693,52.1689981630634,48.3255616786774,0.0747565158700654,-0.0541272042495143
"8474568",2023,-7.61589119423496e-05,0.0026259360537293,71718,52.1542708943362,62.7457542039655,-0.0039720125244592,0.16476633818263
"8476468",2023,-0.00198208810656149,-0.000367214015964451,71586,53.3568016092532,51.2446567764647,-0.105757881873862,-0.0188177562116055
"8476871",2023,-0.000735214604595145,-0.000672772480604715,8906,54.1657309678868,68.7177183920952,-0.0398234364761619,-0.0462313898641462
"8478444",2023,-0.0012825619667004,-0.00237057734315948,60965,52.4366439760518,56.333962109407,-0.0672532452250938,-0.133544014226965
"8480800",2023,5.77047638623985e-05,-0.000906335614720845,92409,52.0858357952148,48.2680258416388,0.00300560085513853,-0.0437470308725433
"8475786",2023,0.00386239115504226,-0.000694210785352184,86911,61.5112011137831,53.9724545799726,0.237580319117901,-0.0374682600813479
"8476454",2023,1.87958751621036e-05,0.000825191411877663,82530,51.0359869138495,49.1603053435114,0.00095926603880747,0.0405666617747492
"8476850",2023,-0.000342757172456207,0.000333767153226363,9259,52.8782805918566,57.1552003456097,-0.0181244099400107,0.0190765285114366
"8478585",2023,-5.84817355615496e-05,0.00135945298339407,52486,58.2326715695614,49.3160080783447,-0.00340554769977366,0.0670427943111918
"8480802",2023,0.000161260203062064,0.00120397034645247,45734,60.6900774041195,49.1975335636507,0.0097868942060407,0.0592323715292356
"8480803",2023,0.00137600225252701,-0.00041039808562169,87198,65.1895685680864,48.840569737838,0.0897009931909509,-0.0200440763210814
"8482077",2023,-0.00107523164113651,0.00114120610029986,25668,58.0645161290323,54.6984572230014,-0.0624328049692167,0.0624222130598799
"8474089",2023,-0.000147018326440155,-0.000686914902886393,3685,64.4776119402985,49.8236092265943,-0.00947939060032045,-0.0342245796933356
"8476913",2023,0.000302608764070918,-0.000927404045343381,23371,55.1452654999786,58.8421548072397,0.0166874406373111,-0.0545704524049556
"8477934",2023,0.00084858713801985,-0.000557413174762839,92248,59.5134853872171,53.0352961581823,0.0505023782383247,-0.0295625728060198
"8476967",2023,0.000322772362467605,-9.05795649198347e-05,84153,55.4418737299918,54.2012762468361,0.0178951045634601,-0.00490952802053819
"8477508",2023,8.79299178989751e-06,-0.000784387062332804,32860,48.0949482653682,59.7078514911747,0.000422898485232928,-0.0468340662293658
"8478057",2023,0.00148017127485384,0.000532066399013356,46875,47.0784,59.904,0.069684095346079,0.0318729055664961
"8482496",2023,-1.70897509190057e-06,0.000351245180767283,43821,42.8835489833641,61.6964469090162,-7.32869170648673e-05,0.0216705796472565
"8475197",2023,0.00156719057337064,-0.000172396122489098,80967,52.5547445255474,57.7124013486976,0.0823633002063401,-0.00994939421205006
"8471675",2023,0.000119520349312309,-0.000221138184566566,77627,67.8939028946114,56.7637548791013,0.00811470299013992,-0.012552633703146
"8471724",2023,0.00104366374527201,0.000244954878693726,75659,63.5694365508399,58.8112451922441,0.0663451162354809,0.0144061014318932
"8475208",2023,-0.00163366387243597,-0.000383430861491409,85569,60.7930442099358,56.627984433615,-0.0993154000211751,-0.0217129168559031
"8476483",2023,0.00130238057100582,0.000757153178340584,74257,65.5453357932585,56.8673660395653,0.0853649718571926,0.0430573069407143
"8477404",2023,0.000207715203414687,-0.000245044848642332,74146,68.4595258004478,59.42869473741,0.0142200843273131,-0.01456269550694
"8477465",2023,0.000521216715814223,0.00209755002220201,128013,61.587495020037,57.031707717185,0.0321004318895685,0.1196268597884
"8475178",2023,-0.00123424068815906,-0.000405757197843521,27116,41.4220386487683,65.3193686384423,-0.0511247654868067,-0.0265038039836423
"8476906",2023,-0.000167948883963477,0.000103746110070028,88630,57.5967505359359,52.6819361390049,-0.00967330997243322,0.00546554594537938
"8477070",2023,-0.0006387941803409,0.000785979283096233,33555,40.232454179705,62.4407688869021,-0.0257002575908274,0.0490771507657049
"8477384",2023,-0.000648669870925764,-0.000241648445452795,52033,44.6255261084312,65.5891453500663,-0.0289472342607504,-0.0158495150124209
"8478872",2023,8.83652025620221e-05,0.000485576708187417,139912,46.5206701355138,59.9519698095946,0.00411080843984568,0.0291112801494944
"8480855",2023,0.000513726616433526,-0.000724632590825243,55309,43.2840948127791,63.9823536856569,0.0222361915735569,-0.0463636987183346
"8470604",2023,-0.00061636021032798,0.000447355021007894,49790,53.793934525005,59.6505322353886,-0.0331564407982017,0.0266849651012943
"8473507",2023,-0.000979205990964902,0.000331616720955835,62832,61.9938884644767,57.6394194041253,-0.0607047869876255,0.0191141952605942
"8475722",2023,0.00243218316077446,-0.00182655845154845,62934,68.5861378587091,55.2006864334064,0.166814049562508,-0.100827280336214
"8478046",2023,0.00121563100090595,0.000450292686626609,37690,60.5571769700186,58.2647917219422,0.0736151816521021,0.0262362096002132
"8476326",2023,-0.0012267167062619,0.00247432138839166,29960,55.5140186915888,55.5140186915888,-0.0680999741607073,0.137359523804172
"8476934",2023,-0.00232981427409363,0.000999869163120182,48206,47.2721238020163,58.7727668754927,-0.110135268800659,0.0587650772300564
"8480058",2023,0.00129898215225124,-0.00215480226865658,61011,65.3783743915032,57.2355804690957,0.0849253414777623,-0.123331358642684
"8480068",2023,-0.0004225585231537,0.00118156882668342,29491,56.3968668407311,56.8851514021227,-0.0238309767627152,0.0672137215979149
"8480172",2023,-0.00125360944750719,0.000920909236854982,48699,53.5206061726113,56.4036222509702,-0.0670939375342973,0.0519426167229977
"8475760",2023,-0.00112993958269303,0.000997610049281885,69830,48.8729772304167,56.7091507947873,-0.0552235114967029,0.0565736187191217
"8477941",2023,0.000809721346884765,-0.00114502265233796,50409,53.2762006784503,59.1322978039636,0.0431388769702578,-0.0677078204703324
"8481711",2023,0.000806462938472495,0.00201889366861688,48964,50.6576260109468,59.99509843967,0.0408534979288289,0.121123724387896
"8477953",2023,-0.00130490960865623,-0.00251933351094662,44150,53.6534541336353,60.9920724801812,-0.0700129078365769,-0.153659372101405
"8477969",2023,0.00136780975252933,0.00127619148013014,72003,66.147243864839,61.5474355235199,0.0904768452612629,0.078546312838975
"8471215",2023,0.00211541276000023,-0.00152878031528388,70905,62.8051618362598,52.4984133700021,0.132858840742304,-0.0802585409436952
"8475810",2023,0.000286824971503025,-0.000247073570178326,66346,65.1131944653785,57.0825671479818,0.0186760901470031,-0.0141035936601959
"8476329",2023,-0.000583484152878328,-0.0010865809241623,63728,45.6439869445142,60.3314084860658,-0.0266325430563093,-0.0655549575888024
"8478062",2023,-0.000456919348847355,-0.000397521888313129,8807,38.4239809242648,58.4535028954241,-0.0175566603440383,-0.0232365468495059
"8479343",2023,0.000930465218433134,-0.00207119623779232,80123,50.7719381451019,52.7039676497385,0.0472415225164558,-0.109160259512866
"8479982",2023,-0.000171099794724199,-0.000242131217153297,21249,58.280389665396,49.3011435832275,-0.00997176270819561,-0.0119373459028563
"8478432",2023,0.000411262407672546,-0.00030043517420406,56566,45.5043665806315,61.7968390906198,0.0187142353595646,-0.0185659441174507
"8478474",2023,0.00135564877094272,-4.56793242948631e-05,62189,49.667947707794,57.193394330187,0.0673322922653184,-0.0026125556071326
"8480849",2023,0.00134827673886336,-0.000174357493928099,65741,52.7342145692947,53.7199008229263,0.0711003148460092,-0.00936646728155147
"8479442",2023,-0.000382711497231691,3.41704808427134e-05,66756,50.9617113068488,60.6687039367248,-0.0195036328357333,0.00207307878562211
"8482655",2023,0.0019106370240308,-0.000403356687329794,77891,43.7688564789257,56.0167413436726,0.0836263976881258,-0.0225947272233937
"8474027",2023,-0.00189435742305872,0.000387660778972548,39669,54.269076608939,61.3476518188006,-0.102805028116686,0.0237820784922129
"8474037",2023,0.000620411633573118,0.00143511830487167,46435,57.3705179282869,55.5873802088942,0.0355933367468243,0.0797744668576451
"8477948",2023,-0.00181474278192108,-0.000136332902296798,82158,54.1590593734025,61.2575768640911,-0.0982847620735172,-0.00835142324155071
"8479322",2023,-0.000905612796265463,0.000225558912687789,43887,56.4358466060565,64.4746735935471,-0.0511090248545195,0.0145428372716606
"8479394",2023,-0.000528068473253309,0.0010336987334047,155493,54.6622677548185,59.6399837934827,-0.0288654202778506,0.0616497757075999
"8480028",2023,3.21491579914202e-05,0.000758401107251108,65031,53.36531807907,59.0118558841168,0.00171565004218641,0.044754656843457
"8476872",2023,-0.000665323901042501,0.000216793025832104,65310,56.4446485989894,61.7363344051447,-0.0375539737988528,0.0133840067394739
"8477950",2023,-0.000769149743323288,-0.00250127423591248,73471,57.6227355010821,60.5626709858311,-0.044320512220243,-0.151483848594903
"8478439",2023,9.544541051918e-06,-0.0013317163531562,54872,56.2910045196093,57.5375419157312,0.000537271803491112,-0.0766236854895897
"8478500",2023,-0.000188255375084438,-0.00151250134674832,91111,52.6303080857416,58.7151935551141,-0.0099079383894908,-0.0888068093266983
"8479550",2023,-0.00141426922460637,0.000387841556346665,17015,44.6429620922715,56.0681751395827,-0.0631371673823683,0.0217455683076531
"8474090",2023,-0.000702692595375049,-0.00099601833596062,51036,62.2149071243828,52.6922172584058,-0.0437179545582502,-0.0524824145517929
"8476292",2023,0.00196685159497913,0.00212952257531334,49448,62.8296392169552,54.8940300922181,0.123576576105831,0.116898076331308
"8478406",2023,0.000179600710489519,-0.000330443419352044,55851,62.5235000268572,57.8825804372348,0.011229265027115,-0.0191269178005996
"8478507",2023,-0.000621331557628141,-0.000719992260020674,79826,56.8686893994438,52.0882920351765,-0.0353343113648273,-0.0375031671030236
"8481559",2023,0.00159252081483026,-0.000475566708212781,85160,63.9596054485674,50.7703147017379,0.101857002985174,-0.0241446714376324
"8482110",2023,0.00137940496123297,0.000642301358926467,75458,57.4889342415648,54.626414694267,0.0793005211088107,0.0350866203914084
"8476372",2023,-0.00162279497358218,0.00156984457772229,60700,54.9785831960461,61.0873146622735,-0.0892189684652133,0.0958975896901856
"8480220",2023,-0.00046718207648015,0.00148126577947604,67834,49.3557802871716,55.2997022142289,-0.0230581359208589,0.0819135565051527
"8481178",2023,-0.000380549313063753,0.000354573083741202,10425,51.4532374100719,61.8129496402878,-0.0195804941513091,0.0219172081690965
"8475763",2023,-0.000145894621971839,-0.00125542957253008,69350,58.139870223504,58.7108868060562,-0.0084822943877499,-0.0737073835257889
"8475193",2023,0.00265049629671273,0.000844227948890724,72291,65.5849275843466,50.1971199734407,0.173832607682483,0.0423778116353994
"8476462",2023,-0.00149745306435609,0.000230863444364013,100470,65.7868020304569,54.499850701702,-0.0985126482946947,0.0125820232503194
"8478399",2023,-0.00114404440762214,0.00298774618708724,95904,63.1381381381381,57.1321321321321,-0.0722328338446112,0.170696309937942
"8480003",2023,-0.000179738695639874,0.000571939076950379,47639,59.3211444404794,54.2580658704003,-0.0106623051255963,0.0310323081110296
"8482125",2023,-0.000239719662109379,-0.000642235995437102,9457,49.8678227767791,49.8678227767791,-0.0119542976261799,-0.0320269108013257
"8475287",2023,-0.000980994184840861,0.000350924477761424,72227,63.8985420964459,53.2820136514046,-0.0626840982164224,0.0186979628146962
"8477425",2023,-0.00172241669971202,-0.00145095245711562,52701,65.0310240792395,63.8014458928673,-0.112010521873457,-0.092572864685785
"8479407",2023,-0.000264301485102161,-0.00213012561185966,79213,69.4885940439069,49.3100879906076,-0.0183659386034658,-0.105036681351847
"8476923",2023,0.00333404089703965,-0.000450508120227656,91239,67.7868016966429,52.8326702397001,0.226003969136124,-0.0238015469562949
"8477435",2023,0.0010594277681452,-0.000199195632283404,89381,60.133585437621,55.9044987189671,0.0637071902107472,-0.0111359319698114
"8479414",2023,-0.000814254546265538,0.00126279957155034,33135,58.234495246718,59.5382526029878,-0.0474177025041189,0.0751848798779088
"8481068",2023,0.00030965092828925,-0.00135326888390063,55753,59.404875073987,53.851810664897,0.018394774711567,-0.0728759797145131
"8479415",2023,-0.00097614912950476,-0.00017988580245399,60220,60.0199269345732,60.3786117568914,-0.058588399430123,-0.0108612550269463
"8480797",2023,0.000999246315281067,-0.00107406744923256,66876,53.4541539565763,62.1209402476225,0.0534138663775758,-0.0667220798356923
"8475235",2023,-0.00198006334088484,0.00163595675492732,43297,48.5576367877682,59.7824329630228,-0.0961471965234609,0.0978014750318466
"8474612",2023,-0.00147314611666804,0.000142100579290646,67681,62.2331230330521,60.9033554468758,-0.0916784835242648,0.00865440208974516
"8476341",2023,0.000575583809091055,0.000698942374603521,68129,58.1778684554301,59.9216192810697,0.0334862391303748,0.041881758870399
"8477353",2023,0.000437311260813595,0.000179569426269078,42010,50.4736967388717,60.8426565103547,0.022072715958799,0.010925480922251
"8478472",2023,-0.00065693501064006,0.00105890515482805,35527,56.3402482618853,56.9482365524812,-0.0370118815913853,0.0603027812437893
"8481596",2023,-0.00084451591593857,-0.00064629835012657,61796,61.3437762962004,58.1396854165318,-0.0518057954259164,-0.0375755827615823
"8482105",2023,-0.00133336829553033,0.000472329629293207,73584,60.1761252446184,56.0665362035225,-0.0802369375490366,0.026481886260764
"8473512",2023,0.000891014375767768,-0.000120016204296739,69756,68.3296060553931,53.4147600206434,0.0608826612859035,-0.00641063675109882
"8479337",2023,0.000738310214651468,-0.000160305560811282,71012,57.5902664338422,56.7284402636174,0.0425194819726052,-0.00909388443040849
"8482116",2023,0.000729281371892591,-0.000704104603193171,71537,67.2826649146595,54.6514391154228,0.0490679941735524,-0.0384803298523005
"8474207",2023,0.000140887749303771,-0.00111294999821803,52882,59.0219734503234,54.8693317196778,0.00831547299888296,-0.0610668226396398
"8480073",2023,0.000560256902760678,-0.00121234702615041,58210,64.6899158220237,52.3209070606425,0.036242971878296,-0.0634310960804617
"8478469",2023,0.00174396458219046,-0.000452866310396168,81177,60.6674304298015,57.8735356073765,0.105801849962077,-0.0262089745400938
"8480208",2023,-0.000247124581165263,-0.00015895482835078,70319,60.1544390563006,56.7755514156913,-0.0148656405570196,-0.00902474802980208
"8480355",2023,-0.00136069337628811,0.00104457213727409,31422,54.3059003246133,58.7741073133473,-0.0738936788650636,0.06139379489268
"8475766",2023,-0.00246454633367783,2.67152883906579e-05,37034,48.8956094399741,57.6443268348005,-0.120505494978231,0.00153998481547703
"8480448",2023,-0.00309098839434642,0.000895522904126449,27114,50.055321973888,58.4200044257579,-0.154720419296561,0.0523164520224347
"8467950",2023,0.000214447824574439,0.000586529295634588,72762,58.7284571617053,53.3355322833347,0.0125941898789408,0.0312828521824401
"8478109",2023,-0.000921295370384554,-0.00115031823641634,51589,52.7554323596115,52.3367384519956,-0.0486033355955456,-0.0602039046758827
"8480196",2023,-0.00120955257222974,0.000804207828306471,45879,56.3395017328189,55.947165369777,-0.0681455892390731,0.0449931483619314
"8480950",2023,0.000365497651006993,-0.000693251946595686,52524,51.542152159013,55.9972583961618,0.0188385355419643,-0.0388202083871608
"8481522",2023,-0.00286135065473885,-0.000270365995349051,51530,54.073355326994,49.0432757616922,-0.154722830668821,-0.0132596340664879
"8481528",2023,0.000812837763895554,-0.000535797014585888,60445,54.3767060964513,56.7590371412027,0.0441994401914452,-0.030411322651026
"8480035",2023,0.000730420258262083,0.000108967786485376,64571,56.142850505645,54.7490359449288,0.0410078753659027,0.00596588125912717
"8482175",2023,0.00345328366272844,-0.00076994529509352,54585,56.2572135201979,58.4336356141797,0.194272116359925,-0.0449907028163468
"8482671",2023,0.000431976246604836,-0.00206196986314441,92695,59.6148659582502,54.2941906251686,0.0257522060384953,-0.111952984812915
"8475784",2023,0.0018256552770942,-0.00133828261228937,67326,63.7911059620355,53.3642277871847,0.116460569231265,-0.0714164181658388
"8479420",2023,0.000841381449610917,-0.00269466801651374,67674,61.4948133699796,53.4621863640394,0.0517405952167862,-0.144062843688074
"8480064",2023,0.000352128249732111,0.00114244553138138,6162,66.601752677702,56.0856864654333,0.0234523585994902,0.0640748418768912
"8482245",2023,0.000240202891162115,0.000863562786643182,55693,55.8490295010145,55.7197493401325,0.0134150983547419,0.0481175020112244
"8473449",2023,-0.000954194946341948,0.00050550330461893,55010,54.2519541901472,48.8856571532449,-0.0517669405174134,0.0247118612394333
"8479335",2023,-0.000454103439392555,0.000164027653586053,26675,50.4742268041237,59.651358950328,-0.0229205199924325,0.00978447244184172
"8480801",2023,0.0025413649306231,-0.000780988066710792,68721,68.782468241149,53.3810625572969,0.174801352629753,-0.0416899728455912
"8480807",2023,8.00982325638503e-05,0.00111891244115648,62537,53.5363065065481,57.3932232118586,0.00428816352917106,0.0642179914898197
"8480839",2023,7.63781811309903e-05,0.000752999141670466,95943,58.5347550107876,50.8802101247616,0.00447077812067208,0.0383127545519584
"8479999",2023,0.000105931768309273,4.2509627088927e-05,62450,55.5132105684548,52.400320256205,0.00588061256004145,0.00222751807343162
"8477949",2023,0.000300571818919322,-0.00124661290787458,64658,59.7420272820069,51.3903925268335,0.0179567698060806,-0.0640639266646918
"8482097",2023,0.0033020755806337,0.000738998747513062,51741,55.3139676465472,54.40946251522,0.182650901833626,0.0402085246516065
"8476878",2023,-0.00123529009054201,0.000172231189275338,53149,51.9520593049728,48.023481156748,-0.0641758640426835,0.00827114127276852
"8470610",2023,0.00124712332268068,0.000734219559576174,65686,55.4638735803672,62.2050360807478,0.0691702903082889,0.0456721541946266
"8475151",2023,0.000733187847753329,-0.000277399079498539,50442,61.9483763530391,60.7351017009635,0.045419796730098,-0.0168478613050974
"8476419",2023,0.00265421119661151,0.00118611419901628,59185,52.1280729914674,60.1571344090564,0.138358914991735,0.0713532312947127
"8478009",2023,9.95320679569285e-05,-0.000579790755926514,195495,58.5222128443183,59.3877081255275,0.00582483686581052,-0.0344324441868428
"8480865",2023,-0.00179065830456187,0.000290470806496301,81137,63.0045478634901,59.1887794717576,-0.112819616856924,0.0171926125086932
"8481014",2023,-0.000133885386179769,-0.00115947770156443,80852,55.9244050858358,62.7813783208826,-0.00748746057179095,-0.0727936082365438
"8474709",2023,-0.00330249579475554,-0.000586572483705638,54717,53.0950161741324,56.7794286967487,-0.17534606763755,-0.0333052505140391
"8476429",2023,0.000966336996781439,0.00147409930821429,94441,54.4339852394617,58.436484154128,0.0526015738191466,0.0861411808660757
"8478373",2023,-0.000522338366719276,0.000251438768352859,1497,67.3346693386774,43.2865731462926,-0.0351714812059473,0.0108839226381197
"8478445",2023,-0.00121063186317546,-0.000266512943759051,56474,62.4074795481106,51.8893650175302,-0.0755524832414136,-0.0138291874206099
"8480071",2023,2.71921771746446e-05,-0.000275315539995931,6701,50.499925384271,75.2126548276377,0.00137320291835543,-0.0207072126783987
"8471887",2023,-0.00075266146513481,-3.77938707952449e-05,8860,62.979683972912,56.8848758465011,-0.0474023812127792,-0.00214989964794621
"8475683",2023,-0.00120839696243429,-0.000797158840885999,192887,63.2702048349552,55.4687459497011,-0.0764555233351554,-0.0442174012266637
"8476393",2023,-0.000246204172381465,-9.51143108954896e-05,66242,63.6937290540745,60.5416503124906,-0.0156816618476477,-0.00575837734994824
"8477986",2023,0.000947515198591,-0.00106497547012533,116250,63.0193548387097,57.5070967741936,0.0597117965150767,-0.0612436474226394
"8479066",2023,-0.000976287162525297,-0.000291823146117741,60442,66.7085801264022,61.8841203136892,-0.0651267304076966,-0.0180592186846696
"8479372",2023,-0.000183397317267209,0.000969183884423565,78883,69.0947352407997,55.9512188938048,-0.0126717890804507,0.0542270196657308
"8471686",2023,0.000641013514898194,-0.000383466883546389,97595,59.9784825042267,60.1998053178954,0.0384470178882942,-0.0230846317353527
"8474573",2023,-7.67472836858138e-05,-0.00132285641739719,46311,57.6018656474704,62.1105137008486,-0.00442078672367854,-0.0821632916370035
"8475314",2023,0.00176775792886283,-0.000338196049544204,73366,62.7102472534962,56.5275468200529,0.110856536803317,-0.0191173930249669
"8476917",2023,-0.000217736651552957,0.000825031550181712,74399,58.2588475651554,54.6781542762672,-0.0126850863921711,0.0451112023836235
"8477506",2023,0.000670265596238167,-0.00077343646386565,92136,55.5222714248502,61.7738994529825,0.0372146683610746,-0.0477781863521071
"8479356",2023,-0.000454889093458382,-0.000136393357993828,15241,49.6030444196575,64.2477527721278,-0.0225638839088339,-0.00876296674414778
"8477409",2023,0.00178518311957219,-0.000543225091927057,90306,71.5567071955352,56.6473988439306,0.127741825777639,-0.0307722884444229
"8477493",2023,-8.50731562789877e-05,-0.000337702400301692,81526,59.7453573093246,48.0877266148223,-0.00508272611932014,-0.016239340702877
"8477933",2023,-0.000732148473566935,0.00280199417120066,90782,56.0331343217819,48.3003238527461,-0.0410245737628636,0.135337225902499
"8475462",2023,-0.00164017979485224,0.00140651641944123,78798,64.5549379425874,55.7374552653621,-0.105881704871372,0.0783956460086026
"8477932",2023,0.00152887560452612,0.00057096835779707,97270,59.6237277680683,52.850827593297,0.0911572628355064,0.0301761502391609
"8477935",2023,0.00139984897454533,-0.000718824107778044,69173,69.1136715192344,55.6344238358897,0.0967487022032628,-0.039991365075579
"8478055",2023,-0.00150181180232879,-0.00179521521623892,117394,63.7238700444656,53.4814385743735,-0.0957012601228448,-0.0960106923150624
"8478870",2023,0.000610221094155875,-0.000356314356880537,9751,66.0855296892626,49.102656137832,0.0403267842348524,-0.0174959813428778
"8479314",2023,0.00380515512017669,-0.0012266343456639,90659,73.5812219415612,48.6041099063524,0.279987963419789,-0.0596194705515549
"8478400",2023,-0.00227134169241775,-0.000509260815948024,44076,54.9686904437789,59.4609311189763,-0.12485267838256,-0.0302811222986791
"8480185",2023,0.00274112083968778,0.0024260502467752,74518,61.1127512815696,54.0594218846453,0.167517436108567,0.131150873803769
"8482113",2023,-0.000894953855442341,0.0017515502468927,72108,60.5591612581128,53.719420868697,-0.0541976548503025,0.0940922648854989
"8475231",2023,-0.00266489019868313,-0.000133832395521597,61816,52.8795133945904,58.7614856994953,-0.140918096956377,-0.00786419039557149
"8478463",2023,0.00079830972892472,0.00091382355508327,65462,56.808530139623,59.8331856649659,0.0453508022963742,0.0546769744363165
"8475754",2023,0.00144436312111828,-0.000606140629099469,74575,60.9694937981897,61.0660408984244,0.0880620883553551,-0.0370146084467848
"8479292",2023,-0.000237901998509763,1.50588079736306e-05,83205,59.7079502433748,56.4629529475392,-0.0142046406898204,0.000850264766061132
"8478492",2023,-0.000137289396311164,1.55842041141961e-05,147847,56.9778216669936,54.9811629590049,-0.00782245073978671,0.000856837665989009
"8475794",2023,0.00142894349213945,-0.00113731229363167,72318,61.8767111922343,55.355513150253,0.0884183237731354,-0.0629565056260725
"8476902",2023,0.000832879156501007,-3.44329466928041e-05,98471,52.3890282418174,57.5804043830163,0.0436337296519523,-0.00198266299467051
"8478975",2023,-0.000926416732582874,-0.000142421907370006,67888,59.4979967004478,60.5585670516144,-0.0551199396984555,-0.00862486662708532
"8479979",2023,0.00109413900741908,0.000888985088946348,230817,58.0511834050352,54.9474258828423,0.0635160641902879,0.0488474422858314
"8480848",2023,-0.00231034202264266,9.88540459998079e-05,71412,56.158628801882,52.3273399428668,-0.129745640054979,0.00517276926975973
"8480878",2023,0.000892943079770709,-4.33103744134518e-05,50941,64.804381539428,60.1401621483677,0.0578666240344529,-0.00260469293993151
"8476822",2023,-0.0010077226232318,0.000317473795328466,50573,47.4798805686829,52.0356712079568,-0.0478465497974057,0.0165199620308542
"8476889",2023,-0.00133481623429429,0.00189585487602349,68191,52.1065829801587,49.9420744673051,-0.0695527128755184,0.0946829253975685
"8480036",2023,-0.00123938725511681,-0.00125236933663795,119903,61.3996313686897,52.2422291352176,-0.0760979205872243,-0.0654265658465602
"8476525",2023,-0.00145232505204483,0.000358173918655954,81464,61.6468624177551,53.6482372581754,-0.0895312826692668,0.019215399367745
"8481641",2023,-0.00230967066711977,-0.000559499643376589,53015,52.7624257285674,51.4043195322079,-0.121863827031358,-0.0287606984462865
"8470600",2023,-0.00109515257984883,0.000551067945599897,103523,61.8992880809096,55.2920607014866,-0.0677891650326138,0.030469682298753
"8470794",2023,0.00234452876302649,0.000411857827438401,81606,61.3190206602456,52.0549959561797,0.143764207658561,0.0214392575418269
"8475825",2023,0.00145174597559294,0.000691068289847302,92925,52.6876513317191,58.8861985472155,0.0764890857842674,0.0406943845256329
"8478449",2023,0.00259771857767095,0.000963087208940271,74387,64.1241077069918,51.7348461424711,0.166576385867026,0.0498251685763069
"8480027",2023,0.00207987829830844,0.000852690587749693,91257,64.8936519938197,49.7452250238338,0.134970898479926,0.0424172851633136
"8473994",2023,0.00264923842437361,0.00108762405630073,71055,54.8195060164661,58.8727042431919,0.145229941744002,0.0640313693943733
"8478495",2023,-0.00269567152585302,0.000460599787737068,45536,54.7874209416725,63.3257203092059,-0.14768889060739,0.0291678133327172
"8482740",2023,0.000385433378837205,0.00122362166832871,79115,58.8358718321431,60.6560070783037,0.0226773088770956,0.074220004575312
"8477446",2023,-3.78360377109e-05,0.001390127302396,17077,56.0754230836798,69.3564443403408,-0.00212167182244878,0.0964142868746165
"8470594",2023,-0.000389851583001276,-0.00106111767352102,130742,54.6572639243701,55.8137400376314,-0.0213082208634342,-0.0592249459792386
"8475220",2023,-0.000401599738167391,-0.000889657772370996,50977,57.9790886085882,59.3208701963631,-0.023284386804393,-0.0527752732340054
"8476463",2023,-0.00103597139019681,0.00063845961275758,73048,58.0056948855547,52.8310152228672,-0.0600922403699201,0.0337304695207816
"8478136",2023,-0.000205332698055456,0.000564509940528989,83008,54.5585967617579,61.6711642251349,-0.0112026638752114,0.0348139852490844
"8478493",2023,-0.00104983909676516,0.00212856852305302,64680,51.4842300556586,51.4842300556586,-0.0540501575792824,0.109587711530095
"8479370",2023,0.00095934557894709,0.000275265509454084,49046,50.7931329772051,54.9769604045182,0.0487281675625533,0.0151332610139867
"8471274",2023,0.000240431799059699,-0.00164589294731559,41928,60.7899255867201,56.7544361763022,0.0146158311735204,-0.0934117262314487
"8474716",2023,-0.00062821718376218,0.00191871320258309,85249,57.5162171990287,56.3760278712947,-0.0361326759894277,0.108169428985845
"8475692",2023,-0.000399513501612558,-0.000707329012675759,78312,59.6690162427214,54.0606803555011,-0.0238385776169063,-0.0382386876604364
"8477451",2023,-0.00088146429242695,0.000250222044331481,51135,68.5714285714286,60.2640070401877,-0.0604432657664194,0.0150793830412026
"8478864",2023,0.00202024757376693,-0.000395447817433781,71745,60.7652101191721,49.2745139034079,0.122760768312695,-0.0194854989782131
"8476856",2023,0.00121729471347533,-0.000195123603031576,92996,55.9766011441352,57.8347455804551,0.0681400206510729,-0.0112849239380729
"8477919",2023,-0.000338211278428802,0.000256605504207037,66140,51.2730571514968,57.7502267916541,-0.0173411262081608,0.0148190260639431
"8479351",2023,0.00183097953891194,-0.00117094644837819,52833,58.5315995684515,54.3751064675487,0.107170161189622,-0.0636703377983621
"8480884",2023,-0.00137603912852392,0.000102530594329996,46472,54.226200723016,52.6768807023584,-0.0746173739860619,0.00540099188586311
"8481557",2023,-0.000420165926043169,0.000735985992761885,72273,55.5892241916068,52.3016894275871,-0.0233566978604878,0.0384933108164864
"8480980",2023,-0.00151692915987797,0.00124029355064556,46835,49.6551724137931,57.3417316109747,-0.0753233789732508,0.0711205798999405
"8482079",2023,-0.000779842060156405,-0.000289085848761371,12370,49.765561843169,61.1156022635408,-0.0388092782726179,-0.0176676557529181
"8478211",2023,-0.00120179563112494,-0.000989875354461848,17366,49.3377864793274,49.1304848554647,-0.0592939362402309,-0.0486330561111856
"8474593",2023,-0.000212537643240945,-0.00138051085213707,164559,64.9299035604251,48.5442911053178,-0.0138000486785946,-0.0670159206801921
"8475726",2023,0.000881905731012998,0.000535688961861874,62954,65.8766718556406,46.4339041204689,0.0580970144495522,0.0248741298934878
"8476456",2023,0.000429409722409866,0.00191515864859305,63431,62.8273241790292,48.2413961627595,0.0269786638354716,0.0923899270813127
"8477496",2023,0.000592378033720445,0.000575940725686321,67096,59.0199117682127,46.2501490401812,0.034962099283608,0.0266373444013025
"8478396",2023,0.00119941943840097,0.000570315026815559,85840,62.4044734389562,54.1425908667288,0.0748491384858609,0.0308783331620222
"8478397",2023,0.00110380773908329,-7.0502865898407e-05,87878,58.8270101731947,51.82184391998,0.0649337090963037,-0.00365358851249853
"8475172",2023,-6.40696159196807e-05,-0.00090253286527798,66615,66.6336410718307,49.1240711551452,-0.00426919179080205,-0.0443360886937726
"8475690",2023,0.000906839789432073,0.00182433904794223,64366,67.5076903955504,44.632259267315,0.0612186597433465,0.0814243733792442
"8477346",2023,-0.000971273768093618,-0.00118076315666934,85148,68.9153004180956,43.1249119180721,-0.0669356235163874,-0.0509203071274702
"8478233",2023,0.00284728800327133,-0.000457630396305302,64061,71.9876367836905,50.1272224910632,0.204969534598056,-0.0229397406942693
"8479346",2023,-0.00216751133722388,-0.00249201861163532,59314,64.5783457531106,52.3788650234346,-0.13997429655903,-0.130529106494733
"8474150",2023,0.00118364524242982,0.000188723372793371,68833,66.8400331236471,42.8341057341682,0.0791148872106564,0.00808379690474008
"8473453",2023,-0.00368177650421689,-0.000282556804420427,48391,62.4165650637515,50.2903432456448,-0.229803842725645,-0.0142098786806958
"8476399",2023,0.000168036563335761,0.000439860722035681,65091,70.7378900308798,47.3429506383371,0.011886551938412,0.0208243044510785
"8474628",2023,-0.00174488970268755,-0.000235423299891288,34263,71.23719464145,52.3246650906225,-0.124301047378215,-0.0123184453213409
"8477507",2023,-0.00227236129812369,-0.00136030131959748,77453,70.2774585877887,46.9445986598324,-0.159695777025381,-0.0638587995049441
"8480925",2023,0.000308454817118006,-7.74473150419554e-05,45945,52.3408423114594,55.3966699314398,0.0161447849429836,-0.00429032334845543
"8473473",2023,-0.00153659681413882,-0.000624316678963119,48752,63.8004594683295,54.9392845421726,-0.0980355827596283,-0.034299511669979
"8476439",2023,-0.00158918211277692,-0.00034863765089245,28510,58.716239915819,52.1501227639425,-0.0933107982037379,-0.0181814962941738
"8479291",2023,-0.000250181566237568,0.000570295525247804,8436,56.7567567567568,59.3172119487909,-0.0141994942999701,0.033828340544571
"8479980",2023,-0.000669257526916858,0.000712075189585388,103367,53.4251743786702,61.1916762603152,-0.0357552000797707,0.0435730744741116
"8471774",2023,-9.01268634883429e-05,0.00168563787700145,73014,48.71394527077,56.8493713534391,-0.00439043509539729,0.0958274536370781
"8478452",2023,0.00125739705105203,-0.00154868070607853,71079,51.8127717047229,58.0931076689317,0.0651492263483505,-0.0899676750030172
"8477478",2023,0.00145137836494682,0.000354440183894023,49084,53.4675250590824,57.3547388150925,0.0776016090980044,0.0203288241728151
"8481147",2023,-0.00226045895636318,0.000879261686014005,32774,42.3994629889547,63.4893513150668,-0.0958422458583717,0.0558237540812212
"8477962",2023,-0.000898740477183907,-0.000625220749185834,25478,56.8019467776121,53.4107857759636,-0.051050208751886,-0.033393531497452
"8482730",2023,0.00149013131158752,-0.000101539366723964,6122,68.2130022868344,63.5086573015354,0.101646330565003,-0.00644862884388716
"8474889",2023,-0.000331946016336956,0.000942315167837045,130362,56.6392046762093,49.8181985547936,-0.0188011583607611,0.0469444441324996
"8479987",2023,0.000709626288318941,-0.000914649234600793,47601,56.4189827944791,56.7214974475326,0.0400363933511764,-0.0518802742257965
"8482660",2023,0.00021447791943006,-0.000458236182933304,57396,49.5504913234372,62.2203637884173,0.0106274862857881,-0.0285116220031259
"8474102",2023,0.000789544353963358,-0.000945629046898371,64940,52.1096396673853,52.6085617493071,0.0411428717864491,-0.0497481841056914
"8476874",2023,-0.000990085663130895,-0.000955666248259712,75440,48.2926829268293,55.8801696712619,-0.0478138929999798,-0.053402792101851
"8477429",2023,-0.000173038102411851,-9.22525082309634e-05,65555,45.9095416062848,57.167264129357,-0.00794409996214942,-0.00527382350463517
"8477944",2023,0.000738917208541375,-0.000405924388786045,18049,51.4599146767134,64.8235359299684,0.0380246165046944,-0.0263134542013227
"8478024",2023,0.00106929590962517,0.000932843891092836,154048,50.5245118404653,56.9043415039468,0.0540256538468183,0.0530828673486173
"8479425",2023,-0.000579829450888813,0.00154834413862627,64256,48.5744521912351,57.3144920318725,-0.0281648979412687,0.088742557795892
"8476897",2023,1.31862105169275e-07,-0.00186946470034503,44367,46.9808641557915,58.3406585976063,6.19499565025438e-06,-0.109065801843106
"8477462",2023,0.0014463902804571,0.00046822207272997,31691,46.9155280679057,60.6607554195197,0.067858163799931,0.0284027046358933
"8479992",2023,0.00112205736351776,0.000399129876610897,40431,50.4860132076872,59.4791125621429,0.0566482028743401,0.0237398908578537
"8480184",2023,-0.00112932519606319,-0.00101345670332152,29358,49.0496627835684,56.8976088289393,-0.0553930200398866,-0.0576632630706542
"8481725",2023,0.000351461375028135,0.000163985667991998,13299,54.6808030678998,55.7635912474622,0.0192181902338867,0.00914442976034783
"8475279",2023,-0.0013266967087569,0.000718622051674041,77093,48.237842605684,65.2821916386702,-0.0639969870224944,0.0469132224931591
"8477479",2023,-0.000626499817234434,-0.000731469292537788,45701,61.3640839368942,55.8499814008446,-0.0384445873712227,-0.0408525463835244
"8477946",2023,-0.000236227233974071,-0.000415656365421354,67643,52.2626140177106,53.699569800275,-0.0123458527496583,-0.0223205680078726
"8481542",2023,-0.00261846138565548,0.000488721419687407,84273,49.8522658502723,56.4308853369407,-0.13053623311637,0.0275789823960869
"8482078",2023,-0.000776951234095389,-0.000659467793998269,60115,49.1657656159028,56.7113033352741,-0.0381994022705203,-0.0373992781052798
"8477454",2023,-0.00278406704843153,0.000416500383886059,40503,45.1522109473372,63.4619657803126,-0.125706782662311,0.0264319331096641
"8477330",2023,0.000682999194817644,0.00026726809266999,58405,50.7901720743087,59.9743172673572,0.0346896466314024,0.0160292213852314
"8480813",2023,-0.000670901301693031,0.00149631655082259,54303,47.4006960941384,58.8696757085244,-0.0318011887107133,0.0880876701042239
"8475455",2023,-0.00150969342757767,0.00157199708546972,87630,57.350222526532,49.6268401232455,-0.086581254018422,0.0780132480348135
"8476392",2023,0.000422589919834402,0.00174596269022445,61379,56.0126427605533,53.314651590935,0.0236703782138952,0.093085392520088
"8476945",2023,-0.000157996024445797,-0.000674331833839026,199042,57.8229720360527,54.7663307241688,-0.00913579970333682,-0.0369306802298633
"8478891",2023,0.000624773780470621,0.000389123533111102,37003,59.0546712428722,55.5522525200659,0.0368958102068589,0.0216166887728882
"8480145",2023,4.17297336435147e-05,-0.00165466053676421,90925,57.3307671157547,58.9144899642563,0.00239239764131882,-0.0974834815874457
"8480289",2023,0.00149627387683084,-0.00110836504050725,50085,55.7053009883199,55.8490566037736,0.0833503866698224,-0.061901141884933
"8470860",2023,3.60460404692143e-05,-0.000323768254941377,72772,58.6214478095971,52.5366899356895,0.00211307108010867,-0.0170097124208744
"8479333",2023,-0.000313771867371426,0.00095386894237813,12353,47.2112037561726,63.822553225937,-0.0148135475634272,0.0608783513454964
"8471218",2023,0.00100086340961647,0.000344192149060949,61520,60.9752925877763,52.6072821846554,0.0610279392417637,0.0181070135113923
"8477220",2023,0.000102736062723607,0.000653859720428395,68089,59.1108695971449,54.4052636989822,0.00607281800657922,0.0355734105120496
"8479378",2023,0.00115582496283414,-0.000225884319850984,14406,50.4789670970429,58.9754269054561,0.0583448502688453,-0.0133216241944603
"8479400",2023,0.000941591753352894,-0.000618062563738498,67938,58.0234920074185,53.7843327739998,0.0546344415749229,-0.0332420826032629
"8482149",2023,-7.14572090254458e-05,0.00036093105580282,39109,59.6486742182106,53.6653967117543,-0.0042623277817014,0.0193695082952507
"8477357",2023,-0.00160707644754626,0.000518048178462273,35237,47.7112126457985,59.4602264664983,-0.076675566126934,0.0308032620119237
"8476460",2023,0.00184050985490172,0.000768443748012008,82070,57.682466187401,55.7524064822712,0.106165147472947,0.0428425881979255
"8477940",2023,0.000307821008578708,-0.00132728137824325,34604,67.5182059877471,51.913073633106,0.0207835222645733,-0.0689032559205921
"8478398",2023,0.00199749547808082,-0.00127343233814915,82918,57.9174606237488,54.4441496418148,0.115689865697862,-0.0693309407769183
"8474040",2023,-0.00259786508898556,0.000201384548783678,29591,60.8293062079686,54.8680341995877,-0.158026330984894,0.0110495743099314
"8476331",2023,-0.000527974011942247,0.00182416321250998,81260,56.2638444499139,54.4917548609402,-0.0297058476815155,0.099401854602439
"8477504",2023,0.000911440539732534,-0.000716002514361669,92905,59.2088692750659,56.2639255153113,0.0539653637690192,-0.0402851121368206
"8481019",2023,-0.000615856391254086,-9.88502097578347e-05,23868,50.8295625942685,55.8069381598793,-0.0313037109883299,-0.00551652754304658
"8477293",2023,-0.000540023264414408,0.000879354196265869,90376,66.4424183411525,44.4542798973179,-0.0358804516481769,0.039091057569684
"8476474",2023,0.000920277977218678,-0.000435192814438549,58687,62.9986197965478,43.7371138412255,0.0579762423939356,-0.0190340776679821
"8481519",2023,0.000203857145427787,0.00199173096065899,54846,61.5687561535937,52.9044962257959,0.0125512308770111,0.105371523090984
"8477480",2023,-0.00109940545315885,-0.00155478913158957,53428,55.8583514262185,51.9502882383769,-0.061410976162448,-0.0807717435359737
"8482654",2023,0.000146153517713412,-0.000290228115853221,2604,45.6221198156682,62.2119815668203,0.00666783329660268,-0.0180556661936336
"8480245",2023,2.47381358907489e-05,-0.000240486835383352,4937,34.2718249949362,77.2939031800689,0.000847821063948697,-0.018588166170202
"8480280",2023,0.0021057164109006,-0.000921066153001481,98943,58.2153361026045,52.939571268306,0.122584988597349,-0.0487608472496464
"8479365",2023,0.00111482151457469,0.00125509292317731,54108,57.2188955422488,57.0858283433134,0.0637888557907008,0.0716480191674075
"8482699",2023,-0.00154461546551481,-0.000595669389801483,21257,48.4358093804394,60.9681516676859,-0.0748147002537541,-0.0363168617012148
"8477968",2023,-0.000917282794977221,0.000631906416642741,39766,45.8079766634814,62.7370115173767,-0.0420188688661295,0.0396439201388198
"8477970",2023,0.000284365035779211,0.000635381536640663,157933,62.9127541425794,52.3361172142617,0.0178901875827233,0.0332534025774035
"8480188",2023,-0.000836358281649689,-0.000419516634941426,48116,60.5287222545515,59.4812536370438,-0.050623698135268,-0.02495337536791
"8480002",2023,0.00149721032782985,0.00110874928682029,80932,60.6731577126477,48.9299658972965,0.0908404783494256,0.0542510647927685
"8480459",2023,-0.000171430969957847,0.000603207713975997,55141,49.1612411816978,56.865127582017,-0.00842775926011011,0.0343014836137019
"8478470",2023,5.49838075193245e-05,-1.1552553490482e-05,114715,49.5837510351741,63.0152987839428,0.00272630342300412,-0.000727987609920207
"8477494",2023,0.000257305296420781,-0.00130420418694546,43238,51.4547388870901,58.6983671770202,0.0132395768415966,-0.0765546562391315
"8479458",2023,-0.0001259577773554,0.00129575997293442,37878,48.5664501821638,68.4302233486457,-0.00611732211898712,0.0886691443541371
"8470880",2023,0.000497700857589126,-0.000399148369364734,64999,56.7147186879798,54.831612794043,0.0282269641289336,-0.0218859488363807
"8480863",2023,-0.000157653336535035,-0.00169588361851434,484,44.6280991735537,81.8181818181818,-0.00703576873792718,-0.138754114242082
"8473504",2023,-0.000883169856971556,-0.000522994011418508,33487,50.31206139696,59.1274225818974,-0.0444340960678973,-0.0309232879209438
"8480789",2023,-0.00103461571100814,0.000566522155060897,22434,60.1765177855041,56.4856913613266,-0.0622595707346432,0.0320003956001234
"8481122",2023,-0.00153793002085339,0.000338374351819527,75141,48.0536591208528,67.2655407833274,-0.0739031649738147,0.0227609337623483
"8476932",2023,-5.84835395588252e-05,-0.00172691199507474,38911,51.255429056051,63.7454704325255,-0.00299759891280411,-0.11008281752161
"8475158",2023,0.00101378133456844,-0.000283569869956457,55525,53.3597478613237,54.7212967131923,0.0540951163990884,-0.0155173109928086
"8475181",2023,0.0007729118593355,7.9580814736854e-05,85784,49.3518604868041,58.5843513941994,0.0381446382505219,0.00466219041478053
"8476412",2023,0.000215500122439605,-0.00119106636031898,175897,50.3271801110877,57.0811327083464,0.0108455134759795,-0.0679874169778147
"8476438",2023,-0.000159682610908531,0.00095245416319305,56232,52.8169014084507,60.1152368758003,-0.0084339407169999,0.0572570076336923
"8476892",2023,-0.000384987741205638,-0.000793408231698989,92055,48.4145347889848,57.3309434577155,-0.0186390023899331,-0.0454868424704208
"8479385",2023,-0.00051908441525515,-0.0020173086384823,69384,51.2106537530266,57.5406433759945,-0.0265826522582238,-0.116077236946223
"8478007",2023,-0.000500061116291998,0.00271069277883159,76959,54.2626593380891,63.0101742486259,-0.0271346460015772,0.170801224328671
"8475753",2023,-0.000895458809245778,-0.000603638831331141,91824,50.5358076319916,61.0036591740721,-0.0452527341264169,-0.0368241775307601
"8475765",2023,0.00120036615179305,-0.000829790928256827,62613,49.6190886876527,61.8657467299123,0.059561074543476,-0.0513356354063157
"8476792",2023,-0.000490077051583402,-0.00105422092725284,58450,56.4790419161677,59.5585970915312,-0.0276790823385309,-0.0627879194517122
"8477402",2023,0.0011742030344496,0.00189219301416232,56548,48.7656504208814,54.3043078446629,0.0572607747011071,0.102754231942591
"8480023",2023,0.000850707207513608,-0.00162956914933405,65355,49.079641955474,54.8083543722745,0.041752405153709,-0.0893140034108264
"8474145",2023,0.000445853099315641,0.000512325332160556,27682,44.4765551621993,56.9612022252727,0.0198300099659496,0.0291826668503275
"8475170",2023,-0.000137895527064186,-0.000609785349669572,71442,49.0803728898967,60.1662887377173,-0.0067679638881591,-0.0366885214162494
"8477964",2023,0.00176237583728858,0.00199735426455659,86306,55.2267513266749,65.3627789493199,0.097330292110077,0.130552625277694
"8478859",2023,0.00181118999268073,0.000574845560067865,80210,44.9719486348336,59.0200723101858,0.0814527433187622,0.0339274265223946
"8482089",2023,-0.000269680069697943,0.000439393868410006,28128,44.9232081911263,59.7696245733788,-0.0121148939160381,0.0262624065547107
"8478569",2023,0.000680760467389036,0.00156072679890799,65296,45.5954422935555,56.8978191619701,0.0310395746065707,0.0888019511655075
"8480281",2023,0.00017902280056728,0.000258622963613108,43524,44.4168734491315,56.9065343258892,0.007951633077306,0.0147173365563125
"8477573",2023,-0.0011192636728505,-0.000795944855217408,31303,43.4718717055873,60.8376193975018,-0.0486564867908816,-0.0484233901631164
"8477361",2023,-0.00141385183783659,0.000480612985454892,26299,55.5762576523822,53.9336096429522,-0.0785765940219007,0.025921193146858
"8479406",2023,-0.000847102269229455,0.00242547298808808,125707,56.4455440031184,57.7628930767579,-0.0478151484129326,0.140102336871496
"8479520",2023,0.00155818163921866,0.000403923439084334,32627,52.7415943850185,59.9135685168725,0.0821809839938539,0.02420049464315
"8477482",2023,-0.000526422795740797,0.000730819593891272,11009,53.3018439458625,66.7090562267236,-0.0280593057081206,0.0487522853804841
"8479977",2023,0.000800786525147416,7.62861840388454e-05,57855,58.9888514389422,55.0687062483796,0.0472374773662276,0.004200981459645
"8478435",2023,-0.000414252519943506,0.0001572857272707,70894,66.115609219398,49.0535165176179,-0.0273885577267357,0.00771541802065882
"8477998",2023,0.00163889737855433,-0.000701993580002299,52793,63.8948345424583,49.2337999355975,0.104717076834797,-0.0345618114739071
"8479973",2023,0.00162139798000694,-0.00127043564178803,170811,56.0198113704621,53.5117761736656,0.0908304089964373,-0.0679832677064084
"8478499",2023,0.00123901361846152,0.0019448358232447,122583,55.3584102200142,60.9383030273366,0.0685898241589771,0.118514994735305
"8477450",2023,-0.000884983881835786,0.00148763481718246,61397,46.8491945860547,57.0516474746323,-0.0414607820856468,0.0848720171608826
"8478104",2023,-0.00143373795399621,0.00113493394244691,45273,49.3009078258565,58.2863958650851,-0.0706845827163993,0.0661512090501821
"8478841",2023,-3.92065126682202e-05,0.000357291188944829,35562,44.0357685169563,64.1808672178168,-0.00172648891621486,0.0229312583557639
"8481517",2023,-0.000609097020609609,-3.27501901539202e-05,33990,45.9664607237423,72.8684907325684,-0.0279980342748,-0.00238645692772079
"8478902",2023,0.000326610214629067,0.00059661752371071,27748,54.3606746432175,49.949545913219,0.0177547516126022,0.0298007743932191
"8479976",2023,0.00140098562500367,-3.81566813237242e-05,69559,51.5993616929513,51.7028709440906,0.0722899639911896,-0.0019728099701353
"8479252",2023,-0.000186396879567215,-0.00013026007499131,562,89.6797153024911,76.8683274021352,-0.0167160190928606,-0.0100128740918587
"8479193",2023,2.98596929984111e-05,-0.0018084898106835,101110,63.3409158342399,57.0744733458609,0.0018913403010486,-0.103218603496116
"8478454",2023,0.00047913854754538,0.000202062154347554,9658,52.930213294678,50.3209774280389,0.0253609055192792,0.0101679651079842
"8480821",2023,0.00114736803370949,0.000718136519301322,21175,53.2136953955136,57.8040141676505,0.0610556930523661,0.0415111735360009
"8479972",2023,-0.00170251804147269,0.00160939130925493,33152,52.4493243243243,56.4671814671815,-0.0892959209252147,0.0908777911114028
"8479639",2023,5.69183901185653e-05,-0.00129063797692976,11470,75.9546643417611,38.6050566695728,0.00432321721632904,-0.0498251522392762
"8478466",2023,0.000615318810716227,-0.000991624332881843,41287,58.4203260106087,49.5264853343668,0.035947125522502,-0.0491116679796738
"8471873",2023,0.000704310436454413,-0.000868340894542137,6761,58.038751663955,52.1816299363999,0.0408772985157094,-0.0453114432176403
"8477484",2023,-5.3309051824604e-05,-0.000214933106432776,79086,50.845914574008,55.4434413170473,-0.00271054749509518,-0.0119166310735963
"8481624",2023,0.00199130349211834,-0.000379659258112937,36665,50.5659348152189,55.9661802809219,0.100692122579774,-0.0212480784848697
"8474574",2023,-0.00063616807482741,0.00041488572944118,82671,49.2070980150234,59.4839786624088,-0.0313039848120611,0.0246790538774171
"8483565",2023,-0.000761936813316113,0.000477867843746229,34522,58.2932622675395,66.84433115115,-0.0444157824899295,0.0319427563938589
"8482222",2023,0.00149504863452337,-0.00198886715890704,60953,53.0375863370138,53.6282053385395,0.079293771031568,-0.106659376388944
"8473575",2023,-0.000245538045488469,0.000640075813911442,64805,55.9956793457295,58.4954864593781,-0.0137490696623494,0.0374415461056322
"8480246",2023,-0.000290798750732021,0.000651764615296709,65668,60.687092647865,55.369434123165,-0.0176477307275576,0.0360878379304811
"8474013",2023,0.00115238282917635,0.0017118278652821,80987,53.7419585859459,50.2302838727203,0.0619313102807504,0.085985599614353
"8479772",2023,-0.000165220592334081,-0.000239603958002468,35705,53.2362414227699,61.3023386080381,-0.0087957233415102,-0.0146882829652934
"8476994",2023,7.00320255159726e-05,-0.0011136795585637,18354,59.8234717227852,60.0196142530239,0.00418955889814416,-0.0668426175064713
"8479338",2023,2.29472428981114e-05,0.000655110445763802,12244,57.922247631493,63.2146357399543,0.00132915588560443,0.0414125681983978
"8482641",2023,0.000316612917984278,0.000905203766700146,10871,72.1920706466746,53.9784748413209,0.0228569421427708,0.0488615187470928
"8478433",2023,-0.000650641272985925,0.000991936143752134,56121,50.0347463516331,59.0794889613514,-0.0325546710597544,0.0586030804551696
"8479523",2023,-0.000334541129149272,6.02031944472237e-05,1115,87.1748878923767,38.7443946188341,-0.0291635854289769,0.00233253632297764
"8480049",2023,-0.0003566190831919,-0.000249800173595538,51840,58.8194444444444,50.1388888888889,-0.0209761363516347,-0.0125247031483318
"8479536",2023,-0.00105225683655718,0.000566676655879377,27939,51.927413293246,52.829378288414,-0.0546409756425481,0.029937175420665
"8480822",2023,-0.000444122754727267,0.00034039620119728,19390,55.3274883960805,57.1841155234657,-0.0245721965586081,0.0194652556930142
"8477126",2023,0.000290463831184574,0.00132766526961482,29373,43.509345317128,70.5954447962415,0.0126378911331456,0.0937271202489798
"8477320",2023,0.000308088212854991,0.000282076749080414,5346,49.8316498316498,59.2592592592593,0.0153525439402487,0.0167156592047652
"8476410",2023,-6.92760259977829e-06,0.000448036845524283,33597,53.6833645861238,50.147334583445,-0.000371897016071677,0.0224678535982175
"8480021",2023,-0.000843812399835286,-0.000801259765109015,27141,45.363103791312,61.8105449320217,-0.0382779494741242,-0.0495263027134919
"8476891",2023,-0.000198625198483456,0.000492843281521448,72353,60.4038533302005,56.2741005901621,-0.0119977273568766,0.0277343123995235
"8478971",2023,0.0012247860971849,9.53202632851889e-05,76928,48.3881031613977,58.2154742096506,0.0592650760212286,0.00554911432893602
"8481582",2023,0.000466277572273088,0.000387186200170506,8334,61.7710583153348,60.0431965442765,0.0288024591080137,0.0232478971160693
"8475809",2023,-0.000787966045496375,0.00146970048493549,59889,58.9690928217202,54.9416420377699,-0.0464656428772395,0.0807477579460626
"8479376",2023,-0.000480245872954027,-0.000743543905113683,7492,53.3368926855312,64.3886812600107,-0.0256148225884182,-0.0478758115091885
"8481580",2023,-9.17310230027037e-05,8.64145882584929e-05,3077,43.2889177770556,94.7676308092298,-0.00397093671236924,0.00818930579661246
"8481441",2023,-1.89194713071824e-05,0.000480954082355033,8696,58.785648574057,67.0653173873045,-0.00111219339147098,0.0322553381818601
"8480860",2023,0.0013266206211339,-0.000442556423682596,40140,62.3318385650224,53.0044843049327,0.0826907023935482,-0.0234574750131313
"8478413",2023,-0.000233393393092821,0.00133954007474042,45592,52.8250570275487,62.4583260221091,-0.0123290192999814,0.0836654307078178
"8482067",2023,-0.000176020297331308,-0.00214165997045364,21775,60.1791044776119,64.3122847301952,-0.0105927438632811,-0.137735045815076
"8479578",2023,-0.000347163795422993,-0.0012762837799409,17074,53.9768068408106,56.0852758580298,-0.0187387931276696,-0.0715807278711144
"8479496",2023,-3.04453514225027e-05,0.00155836009287454,53551,56.200631174021,51.562062333103,-0.00171104796625953,0.0803522602462171
"8476931",2023,-0.000473204555365187,0.000943194171117199,88873,52.7404273513891,58.6949917297717,-0.024957010474584,0.0553607740732929
"8475750",2023,-0.00118465714527807,0.00154106636852935,60925,51.3483791546984,59.5617562576939,-0.0608302242640611,0.0917886194192746
"8480157",2023,0.000848249415482503,0.000180710477318257,40937,53.5554632728339,59.3595036275252,0.045428390417076,0.0107268842339049
"8480222",2023,-0.000893607286560643,0.00105365617921602,66987,62.7166465135026,58.5785301625689,-0.0560440523131141,0.0617216302751825
"8477244",2023,0.000633721719053173,-0.000784412121400529,35242,61.5969581749049,55.2636059247489,0.0390353302230472,-0.0433494423596751
"8474190",2023,-0.000669180856057103,-0.000515097174260733,7683,51.5423662631784,58.5708707536119,-0.0344911647792025,-0.0301696900191761
"8475160",2023,-0.000141359716971752,-3.48150222270794e-05,924,70.1298701298701,62.3376623376623,-0.00991353859282417,-0.00217028709986988
"8480056",2023,1.98384718332977e-05,0.000282856573836158,8172,49.7797356828194,66.079295154185,0.000987553884212616,0.018690963028821
"8479439",2023,-0.00096285022785937,0.000935705661206183,37530,57.7458033573141,59.3764988009592,-0.0556005599205123,0.0555589260706597
"8480853",2023,-0.000546728026398672,0.00062004956168537,39661,53.1907919618769,66.3523360480069,-0.0290808967118993,0.041141736883367
"8477527",2023,-0.000321556835635889,0.000764018906523597,7184,37.0824053452116,65.1447661469933,-0.0119241009205736,0.0497718329973613
"8480216",2023,0.000725411845941235,-0.0016498281863401,10380,53.4104046242775,60.6936416184971,0.0387445402109654,-0.100134080673821
"8476433",2023,-0.000736524549975023,-0.00133104597645631,46020,48.5006518904824,55.3063885267275,-0.0357219208071328,-0.0736153459208301
"8473544",2023,0.000192973872966958,-0.00140129981624034,36506,58.7739001807922,54.1390456363337,0.0113418271472609,-0.0758650347016217
"8479359",2023,-0.000513075106871222,5.97535177066005e-05,4964,42.0628525382756,62.3690572119259,-0.0215814025613842,0.00372677056445679
"8479465",2023,-0.000421534673991015,-0.000564782502820559,1584,50,59.0909090909091,-0.0210767336995507,-0.0333735115303057
"8471306",2023,-0.00027136783344295,-8.60935741761169e-05,53274,49.6677553778579,61.898862484514,-0.0134782311688637,-0.00532909430872776
"8479366",2023,-0.000926894127089217,0.000605179146470671,16442,44.44714754896,59.9927016178081,-0.0411978000289989,0.0363063319595347
"8478465",2023,0.00152787559106065,0.00108234393520398,14197,42.8541241107276,72.0152144819328,0.0654757702050645,0.077945230636934
"8475747",2023,-0.00161658260905078,0.0010700996157261,64611,44.2401448669731,62.7942610391419,-0.0715178488138357,0.0671961146077901
"8479573",2023,-0.000489437649932147,0.000576445482571297,1960,44.0816326530612,51.4285714285714,-0.0215752106908865,0.0296457676750953
"8477810",2023,-0.00114455725394584,0.00126227401635707,26907,53.1162894414093,45.4900211840785,-0.0607946343828517,0.0574208717441949
"8481591",2023,-0.000439293774104679,-0.000289163861449923,1523,63.8214051214708,47.2751149047932,-0.0280363459244746,-0.0136702547763588
"8480935",2023,-0.000232441326394363,-0.00108300348673859,11692,52.9592884023264,47.417037290455,-0.0123099272411384,-0.0513528167163763
"8479994",2023,-0.00106542244894248,9.75804263879377e-05,28245,52.639405204461,58.8847583643123,-0.0560832040038123,0.00574599982894027
"8479328",2023,-0.000308312241102568,-0.000742927693614538,28536,51.7241379310345,61.1858704793944,-0.0159471848846156,-0.0454566776370544
"8475752",2023,-0.000665514239361043,0.000834658667289275,34375,47.6509090909091,59.0661818181818,-0.0317123585184986,0.0493001005982297
"8473419",2023,-0.00023121780409892,-4.94554217282731e-05,65961,63.7467594487652,48.1375358166189,-0.0147393857381656,-0.00238066213477074
"8479644",2023,0.000162670168627789,0.000231776663464913,11014,43.7988015253314,60.7953513709824,0.00712475842982074,0.0140909436949433
"8470595",2023,0.000925395668726366,-0.000537979031038873,61237,59.846171432304,62.8443588026847,0.0553813878333097,-0.0338089472549276
"8480015",2023,0.00270071526860207,-0.000669203585829133,66337,55.5707975941028,58.5555572305048,0.150080901550789,-0.0391855888688769
"8477499",2023,-0.0002003506389032,0.00136903368505521,70790,48.3119084616471,57.6183076705749,-0.00967932172692392,0.0788814040768922
"8480326",2023,7.19644965084439e-05,0.00032490725676793,34412,50.947343949785,63.1872602580495,0.00366639995578879,0.0205299993931241
"8479991",2023,-0.00137800484916182,-0.000552824737266859,18294,43.0960970810102,61.9875368973434,-0.0593866307575805,-0.0342682437990936
"8479945",2023,0.00156193665704137,-0.000114562611052202,43926,55.7300915175522,66.7941538041251,0.087046872841535,-0.00765211266282293
"8483460",2023,-0.000131930720667669,-1.34889799972677e-05,3692,39.9783315276273,65.3304442036836,-0.00527437008953087,-0.000881241055076099
"8482821",2023,-0.000488350798305089,-0.000818995294149014,42183,45.9995732878174,60.1664177512268,-0.022463928336799,-0.0492760130040584
"8479348",2023,0.00119690502985291,-0.00155871741425212,28438,57.7255784513679,50.7630635065757,0.0690920351996108,-0.0791252710884857
"8479383",2023,-0.00156688503236704,-0.00019255772943617,35957,52.1623049753873,58.8703173234697,-0.0817323349196993,-0.0113359346349941
"8479379",2023,-0.00130012184751561,-0.000673853511416767,15007,63.0905577397215,61.1714533217832,-0.0820254124893569,-0.0412205986193505
"8477851",2023,7.09091201833444e-05,-0.000683783567364961,45702,48.6018117369043,58.6845214651438,0.00344631170958042,-0.0401275114365416
"8479543",2023,0.000846223229121739,0.000816496000147784,32313,47.795005106304,63.9494940116981,0.0404452435569465,0.0522145060720262
"8476469",2023,-0.000729395260852708,-4.36350578821617e-05,30102,49.9900338847917,59.3183177197528,-0.0364624938054334,-0.00258835822717387
"8480845",2023,0.000382840861051498,0.000105029940404765,36458,55.099018048165,59.7399747654836,0.0210941555126515,0.00627448598940091
"8480820",2023,3.72736957005654e-05,-0.000151372892481952,1078,80.1484230055659,66.7903525046382,0.00298742792998966,-0.0101102488485163
"8475625",2023,-0.00224423876765507,-0.00033493783081088,43879,52.5900772579138,57.0204425807334,-0.118024690176185,-0.0190983033498671
"8482055",2023,-3.28558849705912e-05,-2.85640824591132e-05,24692,62.9839624169772,57.4437064636319,-0.00206939382416424,-0.00164082676818428
"8479580",2023,-0.00076160960486175,-0.00105663239697837,32421,47.9689090404368,58.9617840288702,-0.0365335818599362,-0.0623009311885462
"8476396",2023,-2.98762583054926e-05,0.000488250123073597,1163,30.9544282029235,46.4316423043852,-0.000924802492689368,0.0226702550696253
"8478916",2023,-0.00077728915074942,3.33478327473551e-05,12216,55.6974459724951,56.5815324165029,-0.0432930204788724,0.00188687147961459
"8480008",2023,-0.00148860855889453,-4.5517335258313e-05,25552,62.2730118973074,48.0432060112711,-0.0927001384984731,-0.00218679871489922
"8478451",2023,-0.000102455074583455,-0.000159089487585726,58163,51.4347609304885,50.8158107387858,-0.0052697522673154,-0.00808426129168665
"8480995",2023,-0.000686871877611921,0.000254474162137458,20780,50.5871029836381,53.878729547642,-0.0347468584093191,0.0137107445586669
"8475660",2023,0.000616882735619487,0.000190631075376622,92718,63.2498543972044,51.5628033391574,0.0390177432080817,0.00982947264997687
"8476441",2023,0.00050826596793949,0.000272486273874794,58103,48.3279692959055,64.127497719567,0.0245634620927334,0.0174738629065192
"8476952",2023,-0.000268884652648097,-0.000198264527865138,2222,55.0855085508551,53.4653465346535,-0.0148116478326404,-0.0106002816878391
"8476873",2023,-0.000367019470996944,0.0017039422164879,30191,49.9619091782319,65.2247358484317,-0.0183369934765921,0.111139180971415
"8480913",2023,-0.000305645364733217,8.91962460994608e-05,13888,59.360599078341,62.2119815668203,-0.0181432919560818,0.00554907521816922
"8478476",2023,-0.000766113791686922,-0.000527872233249394,9887,59.7147769798726,52.4324871042783,-0.0457483142117891,-0.0276776540625555
"8478424",2023,0.00047104329640005,0.00136643593768772,13695,57.8313253012048,49.1566265060241,0.0272410581050631,0.0671693810333243
"8479380",2023,-0.000246132258126551,-0.000433098898196858,960,48.75,97.5,-0.0119989475836694,-0.0422271425741936
"8477947",2023,0.00193650029954465,0.00091631006328564,45172,55.4679890197467,56.0258567254051,0.107413777351879,0.0513370563216882
"8480043",2023,0.000303889164848647,-0.000219946538603705,64898,57.7460014176092,56.5810964898764,0.017548384144146,-0.0124448163233506
"8476914",2023,-0.000319131309695879,-0.0018301600025081,123729,55.165725092743,60.5775525543729,-0.0176051100991699,-0.110866613734846
"8478512",2023,0.000396747409866439,0.00046038691879305,17544,48.8372093023256,55.608755129959,0.0193760362958028,0.025601543432199
"8480037",2023,-0.000365655881206666,0.000811113260047203,4924,38.748984565394,71.6490658001625,-0.0141687940971226,0.0581155073405063
"8478446",2023,-0.000114540493900241,0.000316203292452325,1399,48.892065761258,61.7583988563259,-0.00560012136009755,0.0195282090549542
"8480084",2023,-0.000625702768338918,0.000305784605335194,2361,53.3672172808132,59.4663278271919,-0.0333920155911494,0.0181838875853711
"8479321",2023,-5.38132115664703e-05,-0.000120063182588632,1511,42.885506287227,57.180675049636,-0.00230780682296974,-0.00686529382902568
"8478502",2023,0.000305296690315376,0.000505763376710505,15479,63.725046837651,49.5380838555462,0.0194550458897272,0.0250545485665492
"8480879",2023,-0.00192110709606043,0.00151753462228992,16959,58.1638068282328,58.5883601627454,-0.111738902031606,0.0889098650101577
"8476390",2023,-0.000168386961198408,-0.000336526895194192,1849,40.8869659275284,79.8269334775554,-0.00688483194515934,-0.026863910076075
"8480835",2023,-0.00182073285840141,5.12772037349767e-05,30159,73.6496568188601,43.9271859146523,-0.134096350180086,0.00225246326164983
"8480823",2023,-0.00206136403045942,0.000132637332679482,28383,49.3393932988056,61.2620230419617,-0.101706450630849,0.00812563133083476
"8480842",2023,-0.000295572397459817,3.16104556546558e-05,975,22.1538461538462,73.8461538461539,-0.00654806542064826,0.00233431057142074
"8481550",2023,-0.000599482054744931,0.000523210415832651,5214,64.9021864211738,55.9263521288838,-0.0389076960732038,0.0292612499533565
"8479325",2023,0.00187130830995372,-0.000433352889367466,75575,60.6391002315581,53.1604366523321,0.113474452171431,-0.0230372288233243
"8481611",2023,-0.00037327259541364,-0.000743288876099686,70696,63.194523028177,47.1540115423786,-0.0235887836266547,-0.0350490522429262
"8477406",2023,-0.0012944623444996,-0.000471619679784636,51709,47.3418553830088,49.1519851476532,-0.0612822491120503,-0.0231810434961154
"8481033",2023,0.000878102596091105,2.55958799922579e-05,67202,61.2303205261748,54.1055325734353,0.0537665034135246,0.00138487871866685
"8476867",2023,-0.00023239163587512,-0.000298424022028252,2871,50.1567398119122,60.1880877742947,-0.011656006815053,-0.0179615712317945
"8480205",2023,-0.000341983611780725,-0.000567706526919479,34857,57.7330234959979,65.2723986573716,-0.0197437478941829,-0.0370555667454801
"8481013",2023,-0.000280063336474998,-0.00126886545912374,45473,50.1924218767181,55.0216612055505,-0.0140570571365544,-0.069815085407332
"8481543",2023,0.000770451444264202,0.000102325883892992,15320,48.1723237597911,57.3368146214099,0.0371144364142938,0.00586704023574441
"8480032",2023,0.000153278388668469,-0.000104931536833905,106,135.849056603774,67.9245283018868,0.0208227244983581,-0.00712742514343507
"8480846",2023,0.000333118359341648,0.000209965339470652,2517,54.3504171632896,65.792610250298,0.0181051217949692,0.0138141677458641
"8481712",2023,5.37676735582545e-05,-0.00029293058915364,3302,55.6026650514839,62.1441550575409,0.00298962594345715,-0.0182039239534606
"8479985",2023,0.000945766016328818,-0.000292665540034667,8925,56.4705882352941,54.453781512605,0.0534079632750392,-0.0159367453733163
"8480011",2023,-0.000364111303145168,-0.00113494042263862,38426,51.527611513038,52.8392234424608,-0.0187617857759702,-0.0599693705856829
"8476234",2023,0.000265096437674895,-8.4569462122649e-05,4282,57.1695469406819,52.9659037832788,0.0151554432374625,-0.00447929799379187
"8474818",2023,-0.000932349999172692,0.000815163547828939,9972,55.5956678700361,63.1768953068592,-0.0518346208926334,0.0514995021191568
"8483620",2023,0.000752649892555909,0.000205735781948629,29667,53.1499646071392,66.6194761856608,0.0400033151509137,0.013706010026065
"8481161",2023,0.000172449957184883,0.000478278318548051,20236,54.4376358964222,62.6210713579759,0.00938776797958428,0.0299503007147702
"8481704",2023,0.00207300008040665,1.03966239836827e-06,32439,52.603347822066,60.7047072967724,0.109046744264802,6.3112401580406e-05
"8480467",2023,-0.00042111069773958,-2.72207798594489e-05,3583,56.2656991348032,36.1708065866592,-0.0236940878214622,-0.000984597563434155
"8477460",2023,-0.000702149776710507,-0.000335438331814525,12516,53.7871524448706,60.6903163950144,-0.0377666370790599,-0.0203578584888393
"8477467",2023,-0.000313628696206267,-0.00039176182467314,2038,58.2924435721295,70.657507360157,-0.0182821830762044,-0.0276809140102709
"8479591",2023,0.00151891072092348,0.00105217831914148,37654,67.4988049078451,52.2016253253306,0.102524658424049,0.0549254183912597
"8478491",2023,-0.000185529992401005,0.000255517555917527,4673,59.3194949711106,56.2379627648192,-0.0110055454512216,0.0143697867954475
"8479320",2023,2.23614162466648e-05,-0.000180557021649044,1368,50,36.8421052631579,0.00111807081233324,-0.00665210079759634
"8477971",2023,-0.001304867961437,0.000518840105947513,31201,51.4598891061184,52.498317361623,-0.0671483605936748,0.0272382325419707
"8478051",2023,-0.000956217049034405,-0.000746254563719163,4686,44.5582586427657,53.0089628681178,-0.0426073665894972,-0.0395581804583525
"8476927",2023,-0.00105746061305857,-0.000962318264978535,43198,51.3357099865735,57.7526737348951,-0.0542854913541989,-0.0555764527864357
"8479367",2023,-0.000649477420726075,0.000253112012242671,7113,51.6237874314635,55.672711935892,-0.0335284843090981,0.0140914321451002
"8475772",2023,0.000183551920028644,2.59870810163149e-05,940,42.1276595744681,49.7872340425532,0.00773261280120672,0.00129382488464206
"8475842",2023,-0.0029897049221895,0.000227786255165099,29342,47.9721900347625,75.7003612569014,-0.14342269267514,0.0172435018053547
"8478013",2023,0.00093853016910486,0.00106978199199825,60716,54.1340009223269,53.5410764872521,0.0508063930399541,0.0572772794582632
"8482824",2023,-0.00100902320576287,0.000802110630961389,12718,42.742569586413,64.5384494417361,-0.0431282445866248,0.0517669764029807
"8478075",2023,0.000731089805450903,3.10298368008398e-05,10115,54.453781512605,51.6065249629263,0.0398106045321164,0.00160134204745807
"8481006",2023,-0.00117411071481204,-0.00034525394677814,21356,51.2455516014235,51.0769807079978,-0.0601679512216844,-0.0176345291789471
"8477887",2023,-0.00199145416258847,-0.000321227111311807,35504,51.6110860748085,57.593510590356,-0.102781112199389,-0.018500597037246
"8480045",2023,0.000700536853419372,-0.000637893144945809,94594,54.4981711313614,53.698966107787,0.0381779773214743,-0.0342542023708347
"8480070",2023,0.000841218744582374,-0.00233346755725197,28738,49.4815227225277,72.5311434337811,0.0416247844246689,-0.169249070093117
"8476875",2023,-0.000546347627972334,-0.00077413991541923,54664,48.6023708473584,55.5831991804478,-0.026553790026286,-0.0430291731122821
"8477464",2023,8.42363489445622e-05,3.27909547560639e-05,6587,49.1877941399727,63.9441323819645,0.00414340019098803,0.00209678915185276
"8474567",2023,-0.000184990811782405,-0.000475072182630329,41994,61.2944706386627,58.3797685383626,-0.011338913881219,-0.0277346040609734
"8479421",2023,-0.000169025286492755,9.3420291521297e-07,1728,68.75,43.75,-0.0116204884463769,4.08713775405674e-05
"8480441",2023,-0.000395775004959096,0.000203116295602954,6325,48.3794466403162,66.5928853754941,-0.0191473757339895,0.0135261001909825
"8481572",2023,0.000622509337289783,0.000677429128119354,7001,48.3359520068562,56.0491358377375,0.0300895814510588,0.0379693172224018
"8477951",2023,0.0018222769343137,-0.000533146505207529,57850,52.4598098530683,52.5842696629214,0.0955963014737287,-0.0280351195996768
"8479345",2023,-0.000516903794824685,-0.000902617475909157,52036,57.4217849181336,55.5538473364594,-0.0296815385297901,-0.0501438734598776
"8480439",2023,-0.000515410782718785,-0.00077411540234144,4394,56.5316340464269,78.652708238507,-0.0291370137522408,-0.0608862728832958
"8481601",2023,-5.28953626721481e-05,0.00140630406856049,31647,56.9911839984833,60.4038297468954,-0.0030145693467149,0.0849461515296942
"8481575",2023,-0.00033037188307215,0.000193705538559381,1178,67.23259762309,70.2886247877759,-0.0222117598805724,0.0136152959191144
"8482712",2023,-2.79916765866289e-05,5.11743264697357e-05,395,54.6835443037975,36.4556962025316,-0.00153068408676249,0.00186559569914986
"8476851",2023,0.00016359453022673,0.000541784563863796,4172,58.6768935762224,77.6605944391179,0.00959921883976592,0.0420753112876006
"8478438",2023,0.00140553248839777,-0.00216211803547136,36749,57.4056436909848,62.695583553294,0.0806854972250658,-0.135555251944979
"8481056",2023,-0.000442892051018559,0.000250041797182322,7319,40.3333788768958,59.5163273671267,-0.017863332895297,0.0148815694565678
"8482146",2023,0.000856733822909602,-0.00041579937677944,19189,54.0309552347699,62.2856845067487,0.046290146833742,-0.0258983488001869
"8481577",2023,0.000189636980010094,0.000121550216418924,23747,50.4821661683581,62.4584157998905,0.00957328553653518,0.00759183395765983
"8484256",2023,0.000795564689600935,-0.000113778023494533,4283,47.910343217371,91.6180247490077,0.038115777330402,-0.0104241177724153
"8480292",2023,-0.000429937041242347,0.000667508065709212,7675,54.8794788273616,61.9153094462541,-0.0235947207519579,0.0413289684462564
"8479718",2023,0.000217586343902113,0.000139694027376435,539,53.4322820037106,60.1113172541744,0.0116261348875341,0.0083971919981382
"8481598",2023,0.00097055920297311,-0.00231637967533503,34116,62.469222652128,46.851916989096,0.0606300789475991,-0.108526828264026
"8481072",2023,0.000516028752138613,4.7440279619983e-05,55606,54.2531381505593,64.1585440420099,0.0279961791794369,0.00304369926936394
"8480893",2023,0.00111509755858327,-0.0016104487705929,46630,52.1895775251984,61.4539995710916,0.0581964704818411,-0.0989685180572811
"8480072",2023,-7.31578580339358e-05,-7.56667956085321e-05,517,55.705996131528,111.411992263056,-0.0040753313566293,-0.00843018844690803
"8480468",2023,-0.00011025335600868,-0.000505405080097917,4603,52.4006082989355,48.4901151422985,-0.0057773429218539,-0.0245071505274506
"8479705",2023,0.000724857215587183,-0.000478620980269471,2082,46.685878962536,84.7262247838617,0.0338405962320241,-0.0405517487605834
"8480001",2023,-0.00112244596875296,-0.000688606881296928,20988,53.3447684391081,66.2092624356775,-0.0598766202885369,-0.0455921537188018
"8482147",2023,-0.000686416732380161,-0.00014074759398775,4762,55.1868962620748,61.2347753044939,-0.0378812090024163,-0.00861864729248803
"8477180",2023,0.000317765061324961,-0.00111419979085282,9859,57.6934780403692,55.5025864692159,0.0183329715875482,-0.0618409702357909
"8479347",2023,-0.00010070309391808,1.76110052163559e-05,724,34.8066298342541,39.7790055248619,-0.00350513531317073,0.000700548273799791
"8481600",2023,-0.000494811221940657,0.000524944301915397,7620,62.8346456692913,61.4173228346457,-0.0310912878038303,0.0322406736609456
"8481239",2023,-0.000689373740783963,-0.000285999129856475,4112,49.9027237354086,61.284046692607,-0.0344016273367872,-0.0175271840281692
"8478367",2023,-0.000161827661927645,0,387,74.4186046511628,9.30232558139535,-0.0120429887946154,0
"8479375",2023,-0.000231057446064611,-0.000543111496016591,1545,27.9611650485437,37.2815533980583,-0.00646063538510756,-0.0202480402398419
"8478519",2023,0.00111139752891472,0.000146985344260202,50860,58.041683051514,55.8474243020055,0.064507383117504,0.00820875288707587
"8482624",2023,-0.000307102011948586,-0.000342527668134069,12691,52.7617997005752,56.1657867780317,-0.0162032548420749,-0.0192383359739945
"8477392",2023,0.00251401107121311,-0.000293657425241223,39340,58.5663446873411,57.1936959837316,0.147236438944459,-0.0167953535026119
"8476948",2023,-0.000574308540812214,-6.59412847871279e-05,4874,64.9979482970866,49.4870742716455,-0.0373288768422875,-0.00326324125782832
"8477380",2023,-0.000977917881403362,0.000519507368110135,8841,51.3064133016627,50.4920257889379,-0.0501734589983672,0.0262309794281602
"8480420",2023,-0.000543255435505199,-0.00152903005922202,54479,51.7410378310909,51.2784742744911,-0.0281086000404203,-0.0784063285567398
"8482117",2023,0.000522987780043507,0.000340064842246201,18630,43.8647342995169,65.5072463768116,0.0229407200135026,0.0222767114051135
"8477831",2023,3.95399296329127e-06,0.000819658577137097,101865,57.8530407892799,53.470770136946,0.000228750516185815,0.0438277753688739
"8474610",2023,-0.00123295162879006,0.00027182219998633,11065,55.9602349751469,75.4812471757795,-0.0689962628600818,0.0205174786650324
"8476919",2023,-0.00187550029482841,-0.000543352188196655,20667,44.0702569313398,61.837712294963,-0.0826537798678918,-0.0335996562885434
"8480977",2023,0.000126457915515168,0.000129887311901027,380,37.8947368421053,123.157894736842,0.00479208943004847,0.015996647886758
"8482250",2023,-0.000227988936867748,0.000103604515494157,1021,42.3114593535749,74.0450538687561,-0.00964654463534446,0.0076714019308112
"8478058",2023,0.000138639755658521,-8.83179551652964e-05,348,31.0344827586207,41.3793103448276,0.00430261310664375,-0.00365453607580537
"8480199",2023,-0.000204925165462037,0.00044151906127858,3763,54.5309593409514,40.1807068828063,-0.0111747658657481,0.0177405479844064
"8482241",2023,6.12129547684435e-05,-0.000189692749612238,4646,57.3396470081791,51.1407662505381,0.00350992921875018,-0.00970103256734131
"8476779",2023,-0.00158319653576179,-3.04239086398748e-05,30663,58.233049603757,50.6017023774582,-0.0921943623995124,-0.00153950157015392
"8481546",2023,0.0032935513767591,0.000544151464924378,54310,52.498619038851,55.4152089854539,0.17290689901336,0.0301542671485253
"8479315",2023,-0.00130129846769616,0.000159636630505201,23437,56.9868157187353,48.9994453215002,-0.0741568559736735,0.00782210634774812
"8479547",2023,-0.000191858963698343,0.000279299455021688,735,39.1836734693878,44.0816326530612,-0.007517738985731,0.0123119759764662
"8480267",2023,-0.00027565770103698,-0.000177897096405434,5714,47.882394119706,51.6625831291565,-0.0131991506831848,-0.00919062353148127
"8478078",2023,0.000144719644095324,-0.000564218298247802,2906,56.9855471438403,60.7019958706125,0.0082469281012339,-0.0342491768103621
"8480843",2023,-0.00103996709696861,0.000938065896844634,51164,46.2278164334298,68.0400281447893,-0.0480754080554716,0.0638260300229759
"8475857",2023,-0.000440486197540862,0.00107385572272915,17538,49.2644543277455,65.4806705439617,-0.021700312160754,0.0703167927917755
"8477981",2023,-0.000593590441669242,0.000283509334124398,4296,46.927374301676,85.4748603351955,-0.0278556408381097,0.0242329207380072
"8480844",2023,-0.000984005355749794,-0.000948196279214387,10021,49.9351362139507,58.5570302365033,-0.049136441474623,-0.0555235581920968
"8477341",2023,-0.000408767890385854,0.00041977400618571,9066,54.0039708802118,51.2243547319656,-0.0220750892491632,0.0215026526001151
"8481167",2023,0.000201695905927548,0.000105985393351386,9666,59.5903165735568,53.6312849162011,0.0120191228858129,0.00568413282778385
"8478831",2023,-0.00204240828289206,-0.000359375704851776,33072,51.8142235123367,48.0043541364296,-0.105825799273217,-0.0172515986037337
"8481422",2023,-0.000494843450754025,0.000989791432175003,6394,50.6725054738818,48.420394119487,-0.0250749574670479,0.0479260912420052
"8477433",2023,-0.000554365047573976,-0.000863475907054519,33761,49.1573116910044,64.7255709250318,-0.0272510954341924,-0.0558889710641135
"8480890",2023,-0.000105429809720666,-0.000171484473314808,675,26.6666666666667,64,-0.0028114615925511,-0.0109750062921477
"8479602",2023,-8.94642594315396e-05,-6.6365308658564e-05,477,60.377358490566,90.5660377358491,-0.00540161566379107,-0.00601044304832278
"8480007",2023,-0.00133022651261557,0.000925996680414566,7171,53.2143355180588,44.1779389206526,-0.0707871199573424,0.0409086247880818
"8478967",2023,0.00104004677609509,-0.000895622785856928,17388,55.4865424430642,65.4244306418219,0.0577085995845725,-0.0585956108345319
"8481606",2023,0.000798410042428456,-0.000394135421063584,4173,64.7016534867002,41.4090582314881,0.0516584499055076,-0.016320776601914
"8482623",2023,-0.0010378821197544,0.00086697174879897,4028,42.8997020854022,64.3495531281033,-0.0445248337372295,0.0557892446099039
"8479362",2023,-7.52687882544903e-05,0.000159800954993235,1419,32.9809725158562,76.1099365750529,-0.00248243783672315,0.012162440549168
"8478409",2023,-0.000279737476957236,0.000333277368602833,7408,49.0820734341253,61.231101511879,-0.013730095386292,0.020406940388532
"8477993",2023,1.45360393631909e-05,0.000634862650403186,2965,59.4940978077572,71.6357504215852,0.00086480854761109,0.0454788623762687
"8482192",2023,0.000511084056374319,-0.000707780073027277,13587,49.8123206005741,64.1201148156326,0.0254582828699595,-0.0453829395467258
"8477471",2023,-4.50777964236098e-05,-9.49979852913763e-05,1645,50.3343465045593,54.7112462006079,-0.00226896142484796,-0.00519745816183821
"8481537",2023,0.000991692389192265,0.000762473166949379,6634,50.4672897196262,58.6071751582755,0.0500480271181143,0.0446863984488873
"8477952",2023,8.4586051303507e-05,0.00134975934474843,21527,39.132252520091,64.0497979281832,0.00331004271928621,0.0864518132828138
"8481035",2023,-0.000473715375756622,-0.00189210869806573,31418,52.8232223566109,57.4065822140174,-0.0250231726273375,-0.108619493533368
"8478178",2023,-0.0021465409700695,0.000700425220417591,23500,63.4212765957447,56.3744680851064,-0.136136368586876,0.0394860992344351
"8478450",2023,0.00128959559386266,0.000207210273941901,9201,58.2980110857516,52.0378219758722,0.075180858227142,0.0107827713469604
"8482691",2023,-0.00117768873912503,0.000728560906008742,6890,53.2946298984035,52.2496371552975,-0.0627644854871858,0.0380670429844916
"8481604",2023,0.000190377356051154,0.000113362784617552,13024,52.5184275184275,60.534398034398,0.00999831937492242,0.00686234792632664
"8476903",2023,0.000492288462218724,-0.000501696588462216,6321,46.7014712861889,64.3569055529188,0.0229905954828298,-0.0322876399598844
"8481649",2023,0.00015048163398887,-0.000504200195667741,4959,50.8166969147005,59.5281306715064,0.00764697958564132,-0.0300140951323084
"8482711",2023,-3.49955208464879e-05,-0.00142080303180973,2152,61.8959107806691,81.9702602230483,-0.00216607963603726,-0.116463594243139
"8482221",2023,0.00190713869772101,-0.000929302312139361,21987,57.7977896029472,55.6692591076545,0.110228401194517,-0.0517335712038285
"8482451",2023,0.000348161416804092,-0.00069350835429082,1390,56.9784172661871,85.4676258992806,0.0198376864826504,-0.0592725125825535
"8482448",2023,-0.000370166636925231,-2.2419867854237e-05,1845,58.5365853658537,80,-0.0216682909419648,-0.00179358942833896
"8484125",2023,-0.000655777254899902,0.000133268491975978,7158,48.2816429170159,62.8667225481978,-0.031662003254178,0.00837815330947052
"8481751",2023,4.21719642721664e-05,0.00012829059661767,1357,53.0582166543847,39.7936624907885,0.00223756921709357,0.00510515270254543
"8482399",2023,-0.000151273622596178,-0.00110283240820392,8015,40.4242046163444,75.9076731129133,-0.00611511587288355,-0.0837134419402703
"8481690",2023,6.69740021298275e-05,-0.000443813539749346,1306,55.1301684532925,74.4257274119449,0.00369228801940856,-0.0330311455311152
"8474636",2023,0.00103513686697641,-0.00225209129630802,37299,51.0576691064104,65.149199710448,0.0528516756339281,-0.146721945629333
"8478028",2023,-0.000959763810786254,0.00052485123265801,17911,61.1021160180894,49.0424878566244,-0.0586435997166253,0.0257400102041648
"8479619",2023,0.000181066671717813,0.000444114887114573,6338,56.8002524455664,51.1202272010098,0.0102846326630503,0.0227032539326478
"8481740",2023,-4.34747952555027e-05,-0.000250969358282546,1021,52.8893241919687,84.6229187071499,-0.00229935254044774,-0.0212377596039294
"8482111",2023,0.000306527650500061,-0.0018420924707709,33156,50.1628664495114,61.672095548317,0.0153763055951171,-0.113605702866218
"8478017",2023,-0.000200874404772235,0.000567771224850312,17689,63.7006048956979,54.3388546554356,-0.0127958210920546,0.0308520380646797
"8483641",2023,0.000234150171761706,-8.74660417898389e-05,1054,17.0777988614801,71.7267552182163,0.00399876953672742,-0.00627365536936605
"8478408",2023,0.000340189861598597,-0.00010799377922952,7986,42.374154770849,58.6025544703231,0.0144152578468526,-0.00632871132975399
"8480883",2023,3.70241715544765e-05,0.000197696034862391,8330,63.9615846338535,47.9711884753902,0.00236812468237996,0.00948371374922105
"8480776",2023,-4.43522575634158e-05,2.16370295683242e-05,453,39.7350993377483,71.523178807947,-0.00176234136013573,0.00154754913468809
"8477992",2023,0.000808721330447654,-0.000483699790972868,6814,73.9653654241268,52.3040798356325,0.0598173687328467,-0.0252994724835236
"8480443",2023,-0.000210771128985414,3.15696986377169e-06,1255,37.2908366533865,40.1593625498008,-0.00785983174224491,0.000126781897318002
"8481527",2023,0.000242556789724724,0.000769753676236354,9966,59.9638771824202,53.8229981938591,0.0145446455488155,0.0414304507257857
"8471794",2023,-5.99824041442678e-05,-0.000541946859599616,5267,45.1110689196886,56.7305866717296,-0.00270587036732068,-0.0307449632899877
"8475278",2023,0.000115408629695296,0.000598442279837809,4950,51.6363636363636,46.5454545454545,0.00595928196972076,0.0278547679342689
"8474157",2023,-0.000255331802752257,1.81152280332486e-05,2865,79.1623036649215,43.979057591623,-0.020212653704786,0.000796690656959625
"8478881",2023,0.000689758798106483,-5.727687623896e-05,5043,50.6841165972635,57.8227245687091,0.0349598153472173,-0.00331190503892143
"8477463",2023,-0.000216157802392686,0.000496004793465095,2730,55.3846153846154,69.8901098901099,-0.0119718167479026,0.0346658295212968
"8473563",2023,-0.000166406541288575,0.00126639886994607,30546,50.9133765468474,56.0989982321744,-0.00847231889648373,0.071043707966332
"8476880",2023,-0.00110814262942563,-0.00122157253729048,27219,53.0364818692825,58.4591645541717,-0.0587719864741116,-0.0714121099723211
"8475780",2023,-0.000249798262637263,7.44333739020137e-05,709,45.6981664315938,55.8533145275035,-0.0114153225803206,0.00415735064389245
"8474682",2023,-0.000542064669373073,-0.000147722916760151,9597,54.767114723351,54.767114723351,-0.0296873179350305,-0.00809035792947122
"8482652",2023,0.000423766437593201,-0.0010588530175445,15568,68.9105858170606,50.6423432682425,0.0292019934641564,-0.0536227979851031
"8482259",2023,0.000258314903138034,-0.000530694162184419,6112,61.2565445026178,53.0104712041885,0.0158234783597644,-0.0281323476027081
"8479576",2023,7.15623553516916e-05,0.00128844160554492,32102,53.8284219051773,50.800573173011,0.00385208865639908,0.0654535720616365
"8481058",2023,-0.000803180102108846,0.00146484186129392,26485,47.4381725505003,63.0696620728714,-0.0381013962729679,0.0923870811820038
"8482137",2023,0.000165063553794907,-0.000249301559881796,2772,76.6233766233766,77.9220779220779,0.0126477268492201,-0.0194260955752049
"8479533",2023,0.000182904394134419,0.000107686313904488,2761,33.9007605939877,44.3317638536762,0.00620059807713929,0.0047739242382866
"8481518",2023,0.000305523635114465,0.000729513571246129,2557,68.9870942510755,66.1712944857255,0.0210771878115728,0.0482728573542609
"8480836",2023,-1.33968090615549e-05,-0.000122202913001555,873,37.1134020618557,49.4845360824742,-0.000497201161047399,-0.00604715445780889
"8481093",2023,0.00233807618479274,0.00165963373478388,28637,48.2732129762196,59.7129587596466,0.112866449623127,0.0991016407612682
"8482207",2023,3.18601607992904e-05,0.000187636171895759,408,52.9411764705882,61.7647058823529,0.00168671439525655,0.0115892929700322
"8479395",2023,4.79327394378742e-05,8.2225197492547e-05,1179,67.175572519084,45.8015267175573,0.00321990921414727,0.00376603957981131
"8479312",2023,0.00125434000913375,-0.00111932397989678,52317,64.7514192327542,59.2465164286943,0.0812202957918359,-0.0663160465639859
"8480051",2023,-0.000216397648188999,-0.00107620119399655,7081,50.3318740290919,46.7730546532976,-0.0108916991688405,-0.0503372172647448
"8481592",2023,0.00140300243398744,-0.000821532250185806,17042,73.7237413449126,44.57223330595,0.103434588549573,-0.0366175271236438
"8475968",2023,-0.000167401961363986,0.000454691138756377,19894,45.420729868302,65.1452699306324,-0.00760351926653755,0.0296209769693508
"8483530",2023,-0.000388187311086312,0.00133730188619606,18324,46.5618860510805,61.8860510805501,-0.0180747333452762,0.0827603328392456
"8477401",2023,-0.000204385512105188,-0.000385863287393117,3253,65.2935751613895,65.2935751613895,-0.0133450607965392,-0.0251943935574233
"8481532",2023,-0.000214985262199107,-0.000176417153582083,1601,49.4690818238601,44.9718925671455,-0.0106351235266516,-0.00793381327789505
"8481541",2023,-0.00106715244925053,-0.000752797804028998,13704,66.7250437828371,60.9457092819615,-0.0712057938992036,-0.0458797961124503
"8483597",2023,-0.00100089134599353,-0.000398937127871685,6026,53.1695984069034,70.4945237305012,-0.0532169909154209,-0.0281228828277284
"8478224",2023,-0.000143939815721118,4.47979142561735e-05,1996,34.2685370741483,72.1442885771543,-0.0049326069114852,0.003231913653752
"8482092",2023,0.000629984399731229,0.00107681621999195,13286,63.6760499774198,54.4633448743038,0.0401149181222806,0.0586470131556659
"8482157",2023,-0.000296293552523352,0.000281728261226279,1590,29.4339622641509,54.3396226415094,-0.00872109324408358,0.0153090074024846
"8476858",2023,0.00112458654484303,6.3408483038408e-06,23154,55.0401658460741,51.775071261985,0.0618974299364241,0.000328297872792794
"8483397",2023,-0.000193584993718019,-7.81510024725973e-05,998,54.1082164328657,86.5731462925852,-0.0104745387382495,-0.00676577816997235
"8483424",2023,-1.29799164713375e-05,0.000309974100508329,503,28.6282306163022,128.82703777336,-0.00037159204212179,0.0399330451549498
"8483158",2023,-8.91024415267521e-05,5.9642793024877e-05,146,73.972602739726,49.3150684931507,-0.0065911395101981,0.00294128842314462
"8477520",2023,0.000322478253674388,0.00029692530938215,2230,46.8161434977578,79.1031390134529,0.0150971881989265,0.0234877240246687
"8480226",2023,-0.000169248466105567,0.000255902907246723,1544,62.9533678756477,65.2849740932643,-0.0106547609491328,0.0167066146699933
"8482634",2023,-6.93395174976147e-05,6.08373529402421e-05,1310,38.4732824427481,57.7099236641221,-0.00266771884112961,0.00351091899410863
"8481544",2023,-0.00115186399424163,-0.000190512222215388,47257,56.4487800749095,54.6204795056817,-0.0650213172871524,-0.0104058689290975
"8479361",2023,0.0014151598636761,0.000761312724471909,30849,58.6988233005932,53.9142273655548,0.0830682187800147,0.0410455873234685
"8481599",2023,-0.000111380641706271,-0.000203395775532319,25013,55.8429616599368,62.1756686523008,-0.00621982490446245,-0.0126462683447752
"8480867",2023,-0.000155348862108898,-0.000536809919691578,8303,52.4629651933036,73.7082982054679,-0.00815006194563842,-0.0395673456402801
"8479526",2023,0.000125164515202582,3.69271532229901e-05,2753,48.3835815474028,60.152560842717,0.00605590752814526,0.00222126283099425
"8480252",2023,0.00066487843532771,-0.000112726682187067,10339,45.2654995647548,62.6753070896605,0.0300960545249413,-0.00706517942327298
"8481668",2023,0.000317898372868831,0.000478964069394784,15070,48.0159256801593,54.7047113470471,0.0152641846455134,0.0262015911618487
"8475795",2023,-0.000435868953192398,0.000446140102777983,4021,76.1004725192738,61.7756776921164,-0.0331698332944227,0.0275606071947403
"8479518",2023,-0.000394824385255764,6.90658669923382e-05,2853,71.9242902208202,30.2839116719243,-0.0283974636713925,0.00209158461554084
"8481020",2023,6.00811332707462e-05,0.000222940913085624,5997,57.0285142571286,49.8249124562281,0.00342633776531519,0.0111080114774028
"8476404",2023,0.000180848416413017,-0.000818761289864595,1163,34.0498710232158,111.435941530525,0.00615786525361605,-0.0912394352248079
"8481461",2023,-0.000564211651590195,-0.0011573675831422,5968,44.6380697050938,55.4959785522788,-0.0251853190321092,-0.0642292465711624
"8478846",2023,0.000922807892505983,-0.000709837417494814,12907,54.9469280235531,61.362051599907,0.050705458849093,-0.0435570802398615
"8478146",2023,-0.000640519723609339,0.000209954354100404,1071,67.2268907563025,57.1428571428571,-0.0430601494863421,0.0119973916628803
"8480242",2023,-9.08571555219847e-05,5.32294358597028e-05,2621,61.8084700495994,61.8084700495994,-0.00561574177587238,0.00329002999209151
"8474618",2023,0.000470559669916548,0.000642073949830812,18153,46.0089241447695,64.6504709965295,0.0216499441587782,0.041510383271164
"8476316",2023,0.0001659872565751,0.00175889016274807,52486,55.9692108371756,60.5647220211104,0.00929017575953612,0.106526693772503
"8477541",2023,0.00022731678349057,8.53083116846243e-05,1598,51.8147684605757,69.837296620776,0.0117783665037667,0.00595770186733671
"8482834",2023,0.000183611902363722,0.0005680725865847,8396,62.6012386850881,52.3106241067175,0.0114943325252945,0.029716231542163
"8477407",2023,0.00116686610658508,-0.000910614666332198,32046,64.4823066841415,67.1784310054297,0.0752422181441493,-0.0611736645347299
"8482452",2023,-0.00051624574955978,-0.000369272374442599,2803,33.3927934356047,64.216910453086,-0.0172388876770587,-0.0237135310023788
"8480328",2023,0.000113348086987769,0.00016992862636891,2953,62.1740602776837,58.5167626142905,0.00704731079273766,0.00994367309060196
"8481077",2023,-0.000338534944258782,-0.000654342203303255,3883,40.7932011331445,65.825392737574,-0.0138099240717463,-0.0430723325172063
"8483575",2023,-0.000651309696989079,-0.000777425405931534,8618,60.5708981202135,40.1021118589,-0.0394504133010327,-0.0311764005906171
"8480891",2023,-0.000385890895388554,0.00047224165486891,7867,50.3368501334689,54.4553196898436,-0.0194245321690438,0.0257160702867473
"8481609",2023,-1.1986635844495e-05,-6.88929700632281e-05,1424,22.752808988764,91.0112359550562,-0.000272729635787668,-0.00627003435406908
"8475163",2023,-0.000565844735907135,0.000215896285672124,11355,37.4108322324967,46.9220607661823,-0.0211687224846632,0.0101302986355005
"8478506",2023,-0.000129618301913153,-0.00040059329596119,4381,41.0865099292399,60.8080346952751,-0.00532556364856597,-0.0243592910395026
"8482861",2023,-0.000177246988637351,-0.000224176197366058,2333,52.4646378054008,81.7831118731247,-0.00929919906095661,-0.01833382702848
"8482667",2023,0.000372834409910331,-0.000235225747568639,7181,60.6600751984403,57.6521375852945,0.0226161633417268,-0.013561267162431
"8479329",2023,-9.95388526605744e-05,0.000190292888631158,2310,84.1558441558442,49.8701298701299,-0.00837677617195483,0.00948993106939802
"8481812",2023,-0.000314149853042131,-0.000666759461914781,10069,55.7751514549608,72.2216704737313,-0.0175217556329786,-0.0481544821436517
"8479423",2023,0.000127627260584765,-0.000224282335035469,6443,72.6369703554245,43.0234362874437,0.00927045754363963,-0.00964939675179761
"8476884",2023,-2.56678406267014e-06,-0.000547273785035676,7239,60.1740571902196,52.7144633236635,-0.000154453810982058,-0.0288492438692657
"8478147",2023,-0.00078970216906785,-0.000420055777450731,2151,41.8410041841004,63.5983263598326,-0.0330419317601611,-0.0267148444236448
"8482159",2023,0.000504718508687451,0.000322335247991748,6486,43.8482886216466,52.1739130434783,0.0221310428416144,0.0168174911995695
"8481031",2023,-0.00152049518108038,-0.000466400989369078,18453,60.087790603154,50.138188912372,-0.0913631960538622,-0.023384500913904
"8481585",2023,-0.00112119883114604,0.000383618883436638,10558,45.6904716802425,65.4669444970638,-0.0512281034423991,0.025114356149972
"8480238",2023,3.98405273846036e-06,-0.00213965500464537,6476,55.0339715873996,57.8134651019148,0.000219258245211129,-0.123700869941203
"8482635",2023,-0.00038770741647583,1.20481989336431e-05,4642,42.654028436019,58.1645842309349,-0.0165372831672155,0.000700778481706945
"8480981",2023,0.000520427072021737,0.000965752989907081,15157,38.7147852477403,61.0411031206703,0.0201482223304318,0.0589506278460138
"8482762",2023,0.00146558668639777,0.000252423669505171,8572,46.1969202053196,60.0559962669155,0.0677055912054966,0.0151595549534837
"8482176",2023,-0.000659371694935418,-3.98188280135363e-05,8636,55.0254747568319,60.861509958314,-0.0362822405550383,-0.00242343399767423
"8480263",2023,-0.00141343717636454,-0.000253700949392573,5958,56.797583081571,83.3836858006042,-0.0802798154551459,-0.0211545202514653
"8476166",2023,0.000431349307309593,-7.92095695413203e-05,2593,88.8546085615118,66.6409564211338,0.0383273738542731,-0.00527860147193989
"8475461",2023,0.000965150098138443,-0.000272257839990189,3294,41.5300546448087,67.7595628415301,0.0400827363161321,-0.0184480722179144
"8481754",2023,-0.000197851263359253,-0.000353774681101896,6578,44.8768622681666,61.8425053207662,-0.00887894389535596,-0.0218783125983963
"8471418",2023,-0.000556210317889205,-0.000176626494636721,2683,50.9877003354454,52.3294819232203,-0.0283598850120176,-0.00924277295825405
"8480979",2023,-0.000379530338510443,-0.000124007190768753,1692,51.063829787234,68.0851063829787,-0.0193802726047886,-0.00844304277574489
"8479546",2023,0.000574346924756143,0.000109633643625283,1574,66.3278271918679,41.1689961880559,0.0380951835734062,0.00451350705649194
"8481683",2023,-0.000105373538361593,-3.3203310166369e-05,3059,48.2510624387055,71.7881660673423,-0.00508438517887257,-0.00238360474420877
"8482081",2023,-0.000434488613827692,-5.61216458804637e-05,4527,47.713717693837,66.7992047713718,-0.020731067061361,-0.00374888131527551
"8481433",2023,-0.000180188515166728,0.000315241819846078,1791,24.1206030150754,40.2010050251256,-0.00434625564221254,0.0126730379837619
"8481568",2023,-0.000498768231624808,0.000452606045305244,6051,39.8611799702528,58.8993554784333,-0.0198814902442412,0.0266582043541215
"8482095",2023,-0.000647391688900864,-8.12342462570051e-05,5880,72.2448979591837,42.8571428571429,-0.0467707465042665,-0.00348146769672879
"8478455",2023,-0.000599925923181242,0.000292252462115661,4906,46.9629025682837,73.3795352629433,-0.0281742626785483,0.0214453498494981
"8482133",2023,-0.000581645958767893,-0.00101252717045047,6514,41.4491863678232,59.6868283696653,-0.0241087517450616,-0.0604345354422999
"8481567",2023,0.000558748488884808,-0.000149722396666289,8408,52.6641294005709,61.2274024738344,0.029426002721003,-0.00916711344003399
"8482179",2023,-5.35248826225243e-05,-0.000175873950261524,1090,36.3302752293578,112.293577981651,-0.00194457371729538,-0.0197495151486335
"8482101",2023,0.000215204095967086,-0.000148441687028384,1577,59.3532022828155,57.0703868103995,0.0127730522400249,-0.00847162449749816
"8479304",2023,0.000422846400439679,-0.000165777707008149,681,21.1453744493392,84.5814977973568,0.00894124547185223,-0.0140217267601606
"8482516",2023,-0.000147498414875994,-0.000124251423241778,1666,73.469387755102,28.0912364945978,-0.0108366182357873,-0.00349037611507515
"8483464",2023,9.48697770308847e-05,5.64306780596696e-05,824,39.3203883495146,131.067961165049,0.00373031647548624,0.00739625392044214
"8481720",2023,-3.68676871512604e-05,0.000106815914884244,943,49.6288441145281,57.2640509013786,-0.00182970069849309,0.00611671198700868
"8484254",2023,-0.000478802594175337,6.70350207780816e-05,5881,34.2798843734059,62.4383608229893,-0.0164132975660173,0.00418555681511844
"8481581",2023,0.000648576252526102,0.00156472769221381,22766,58.0339102169903,44.276552754107,0.0376394160079718,0.0692807482101167
"8482982",2023,-0.000162524181273832,-0.000508631042454083,2965,50.9949409780776,78.920741989882,-0.00828791103156943,-0.0401415392695634
"8482447",2023,-0.000160204292758326,0.000513611164709539,3978,71.4932126696833,55.2036199095023,-0.0114535195727672,0.0283531955179022
"8481102",2023,0.000779908456806025,0.000119332824732661,1862,88.9366272824919,65.7357679914071,0.0693624277374209,0.00784443488038543
"8481521",2023,7.05534909808025e-05,0.000481692079590135,1740,47.5862068965517,72.4137931034483,0.00335737301908646,0.0348811505910098
"8480041",2023,0.000127893685304684,-0.000108387811102206,1664,43.2692307692308,62.7403846153846,0.00553386138337574,-0.00680029295617204
"8484287",2023,-0.000741982833436286,-0.000854695670636963,3898,51.7188301693176,60.9543355566957,-0.0383744841510403,-0.0520974067068605
"8482197",2023,-0.000195160343490535,-3.65790365192578e-05,2132,55.7223264540338,48.968105065666,-0.0108747883708609,-0.00179120610347585
"8474218",2023,-0.000119775196036987,-0.000156353496623301,644,33.5403726708075,78.2608695652174,-0.00401730471179955,-0.0122363606053018
"8480042",2023,0.000140430857650064,0.000149609100432662,2870,46.411149825784,57.7003484320557,0.00651755757456047,0.008632497223571
"8476941",2023,-0.000176305236844174,0.000183706863697857,928,46.551724137931,31.0344827586207,-0.00820731274964259,0.00570124749407143
"8479968",2023,-0.000327577470978461,-0.000158492129415934,590,36.6101694915254,48.8135593220339,-0.0119926667341267,-0.00773656496132017
"8481563",2023,-9.73304133793872e-05,-0.000207874009756473,2212,50.4520795660036,63.4719710669078,-0.00491052176000887,-0.0131941731328249
"8482181",2023,-0.000116955119190976,-1.5704443410443e-06,2167,26.5805260729119,88.0479926165205,-0.00310872859501625,-0.000138274471744925
"8482720",2023,0.000557445117554972,0.000741649539958771,7293,56.7667626491156,56.7667626491156,0.0316443546781515,0.0421010434036653
"8482122",2023,0.000180736997441132,0.000366656297769734,6714,52.0107238605898,62.1983914209115,0.00940026206530285,0.0228054319256242
"8482684",2023,-0.000248582656617025,-0.00021013862522417,4999,57.6115223044609,51.130226045209,-0.0143212252661939,-0.0107444354085413
"8480874",2023,-0.000115178236344964,0.000165644867585853,934,88.6509635974304,50.1070663811563,-0.0102106616374336,0.00829997837582221
"8479404",2023,-0.000130384646605605,4.39215127448325e-05,438,32.8767123287671,82.1917808219178,-0.00428661851854045,0.00360998734889034
"8481605",2023,0.000231718588307258,9.66287019138052e-06,1784,48.4304932735426,70.627802690583,0.0112222455323695,0.000682467289301539
"8480034",2023,0.000297086801282911,-7.94185970760734e-05,1217,59.1618734593262,68.0361544782251,0.0175762117439356,-0.00540333593911165
"8481070",2023,1.37688890782633e-05,7.84053349419402e-05,540,20,26.6666666666667,0.000275377781565265,0.00209080893178507
"8481692",2023,-0.000225305238118709,7.3668494093689e-05,3193,87.9423739430003,48.4810523019104,-0.0198138775019522,0.00357152611515912
"8482679",2023,-0.000325910253371915,0.000180007909710124,853,118.171160609613,37.9835873388042,-0.0385131928955323,0.00683734616015008
"8483549",2023,0.000338138050534772,-3.58907566786343e-05,660,60,60,0.0202882830320863,-0.00215344540071806
"8481679",2023,-0.000160780116756264,-3.54852494187705e-05,507,71.0059171597633,63.905325443787,-0.0114163396513323,-0.00226769641256048
"8480994",2023,0.00028844634249657,-0.000296050951476166,733,29.4679399727149,108.049113233288,0.00849991950603808,-0.0319880427788709
"8480275",2023,8.57060501293786e-05,-0.000308662610357879,531,6.77966101694915,115.254237288136,0.000581057966978838,-0.0355746737361624
"8480870",2023,-0.000115061825421582,-0.00010296423414262,1468,26.9754768392371,61.3079019073569,-0.00310384760674021,-0.00631252116678186
"8476907",2023,0.000894356145464712,-0.000209913779160833,5540,72.129963898917,46.7870036101083,0.0645098764851442,-0.00982123674340936
"8481789",2023,-0.00027859488624914,-0.000245204206158243,6922,58.249060965039,52.0080901473563,-0.0162278905136743,-0.0127526024583888
"8478173",2023,0,0.000163434184224651,286,0,138.461538461538,0,0.0226293485849517
