"player_id","season","pp_rapm_raw","pk_rapm_raw","own_pp_shots_per60","own_pk_sa_per60","pp_rapm_per60","pk_rapm_per60"
"8466139",2019,-0.000396993056249963,-7.34319434632314e-05,108.654545454545,6.02510460251046,-0.0431351000754505,-0.000442435140531604
"8474581",2019,0.000872516228842427,-9.73095864858626e-06,94.7499653691647,28.7164612037708,0.0826708824668541,-0.000279438696507626
"8474589",2019,0.00144995670432081,0,94.7560234865357,0,0.137392131529083,0
"8475883",2019,0.00185409745839989,6.08295370236614e-05,120.361237430346,105.010218616461,0.223161464409472,0.00638772298119281
"8476410",2019,4.13558820478043e-05,0,110.849848841115,0,0.0045842932736901,0
"8477341",2019,0.00133609757862813,0,122.621442943375,0,0.16383421300453,0
"8475166",2019,0.00266544257038796,-0.00012317867120183,167.210300429185,61.407249466951,0.445689452971308,-0.00756406339149832
"8475172",2019,0.00279868907144424,0,166.459627329193,0,0.465868739842893,0
"8476853",2019,0.00195889962988347,0.000455342253232865,159.079093947271,76.2735628602586,0.311619978255507,0.0347305759748887
"8478483",2019,0.00333672792440074,0.0006822117394908,166.983578219533,82.1940693303634,0.557178768361472,0.0560737590136946
"8479318",2019,0.00363801289521721,0,159.400815067739,0,0.579902220724568,0
"8471679",2019,-0.00244290334758057,0.00152830437011821,98.9558051588869,100.748838480459,-0.241739467685175,0.15397489013402
"8473507",2019,-0.00287654854657135,-0.000595683919622151,100.194174757282,97.065820777161,-0.288213407772974,-0.0578205485818804
"8475193",2019,-0.00264331257421077,0,112.283700064089,0,-0.296800916258317,0
"8475848",2019,-0.00193936280674817,-9.58356294568197e-05,117.064220183486,3.49854227405248,-0.227029994624832,-0.000335285001015113
"8476469",2019,-0.000901362692700916,4.00142324518853e-05,118.320610687023,84.983138266217,-0.106649784250872,0.00340053504907512
"8477494",2019,-0.00138683441488621,-0.000284093972738719,130.15873015873,10.0558659217877,-0.180508606382014,-0.00285681089904857
"8476381",2019,8.04644624651008e-05,-4.39810093369095e-05,93.1642922493792,75.5542417972214,0.00749641469678785,-0.00332295181392671
"8477476",2019,-0.000820166083368606,0.000190810312024389,65.3225806451613,130.090909090909,-0.0535753651232719,0.0248226869551728
"8477503",2019,-0.000777466875097691,0.000364705518790973,110.731373889269,13.9612188365651,-0.0860899752329638,0.00509173355874378
"8479376",2019,-0.000367429889943275,-0.00133861402278199,43.4992750120831,90.1228948566227,-0.015982933830302,-0.120639770828782
"8480829",2019,0.00022851782086175,-0.000195831850712806,100.590148139227,10.3004291845494,0.0229866414529367,-0.0020171521103465
"8471214",2019,-0.000181833349040144,0,127.491574386134,0,-0.0231822199450314,0
"8471698",2019,4.89433514119417e-05,5.68521852354447e-05,142.65505984766,50.9638554216867,0.00698201672481562,0.00289740654874616
"8473563",2019,-0.000279665847716209,0.00064335728805864,139.56698240866,79.1922106022358,-0.0390321184485112,0.0509488858484231
"8474590",2019,-0.000279293802527117,0.000201763565121169,131.011994875975,106.975088967972,-0.0365908382255744,0.0215836753293322
"8474651",2019,-0.000428145727973542,0.00148683037743709,103.976721629486,101.063542622685,-0.0445171891743586,0.150264345222817
"8475744",2019,-0.000209567418441668,-0.000838600757841502,135.93423435976,36.4976958525346,-0.0284873865726197,-0.0306069954014041
"8470638",2019,0.00113609808668525,0.000148404661219886,145.194119864305,115.20388873886,0.164954761775785,0.017096794079504
"8471695",2019,-0.00111722714976579,0.00129358847365614,99.4520083611095,104.318973621634,-0.111110483839766,0.134945821860584
"8473419",2019,0.00110255594538116,0.000790659518442743,141.491841491841,104.716303567153,0.156002671059759,0.0827949421515096
"8476891",2019,0.000682372347980308,0.000536092091578175,75.6887385210246,70.8830548926014,0.0516479022202592,0.0379998451548253
"8477956",2019,9.80277160213946e-05,9.18142952047355e-05,147.694984053349,11.0316649642492,0.0144782019545661,0.00101286454362732
"8477987",2019,-0.00089841205705015,7.21448246775431e-05,100.90778786431,20.2247191011236,-0.0906567732675545,0.00145910881370312
"8470655",2019,0.000456284412968982,-0.000651077390139856,88.1739130434783,52.3002421307506,0.0402323821522216,-0.0340515051501716
"8471276",2019,-0.001636102313723,0.000567194614030741,85.3198343304188,20.1980198019802,-0.139591978354461,0.0114562080457694
"8478046",2019,-0.000783084944170917,0.00056516017210358,92.6430517711172,25.4071661237785,-0.0725473790240087,0.0143591183791789
"8478498",2019,-0.000132683731217207,-0.000322996440607687,125.189189189189,37.7909630305796,-0.0166105687296784,-0.0122063465460139
"8479325",2019,-9.99717408195811e-05,0.000390316784824033,66.2068965517241,74.9787475205441,-0.00661881870253778,0.0292654636623517
"8474189",2019,0.000622482444912456,-0.000227386468410993,71.6244085891059,126.88939344794,0.0445849369739554,-0.0288529310549402
"8475792",2019,-0.000834830152724056,0,65.6049004594181,0,-0.0547689490699825,0
"8477944",2019,-0.000392820916072299,0,62.8632364702746,0,-0.0246939941375228,0
"8471702",2019,-0.000166832970691629,-0.000554540430893434,42.9345861944344,113.213448006255,-0.00716290456023328,-0.0627814342403199
"8475200",2019,0.00052339985669161,-0.000214161626005001,44.0495265841224,76.9745454545454,0.0230555159014629,-0.0164849938155413
"8470860",2019,-0.000193543507080251,0.00127375035779732,109.528147203498,98.3550765740216,-0.021198461733767,0.125279813977343
"8475186",2019,-0.000786228907499467,0.00168570419460717,52.4646378054008,111.787627861666,-0.0412492148640955,0.188440873191595
"8475780",2019,-0.00016093511972041,0.00192559019961254,2.11764705882353,96.137598068799,-0.00034080378293734,0.185121616655569
"8475807",2019,-0.000254276691484476,0.00202501766727247,19.5918367346939,115.312824058071,-0.00498174742500198,0.233510505980676
"8478443",2019,-0.000235600239815535,0.00238934027004439,4.1002277904328,126.165088360301,-0.00096601465072429,0.301451326292976
"8478569",2019,-0.000330806566802763,0.000902977410596738,5.12455516014235,121.736638486889,-0.00169523649891807,0.109925434595642
"8475758",2019,0.000135153582741413,-0.00164227242649876,30,113.54663036079,0.00405460748224239,-0.186474500163371
"8477043",2019,0.000319999046986524,-0.000139334637435305,21.7741935483871,24.7848537005164,0.006967721184384,-0.00345338860424853
"8477444",2019,3.08778990758759e-05,0.000117418942884438,34.3302990897269,7.00389105058366,0.00106004751053722,0.000822389483237307
"8477474",2019,0.000368428650133342,-0.000477184230140876,41.2213740458015,91.5647134578236,0.0151871351963362,-0.0436932372994415
"8477573",2019,0.00031999352596954,-0.000297003663625388,122.727272727273,182.278481012658,0.0392719327326254,-0.0541373766608303
"8468498",2019,-0.00011577813165345,0.000258666032773482,10.8433734939759,128.451604313673,-0.00125542552395308,0.0332260668912069
"8476905",2019,-0.000115778071347751,-0.000429707766939482,7.28744939271255,90.7907582167263,-0.000843726835732597,-0.0390134939720519
"8469608",2019,3.77586265683947e-05,-0.00170472442300704,103.438914027149,92.617135729321,0.00390571132739142,-0.157886693266731
"8470966",2019,0.000537907509427106,0.00132922278051178,135.021229753106,120.618556701031,0.0726289334162782,0.160328933319462
"8476346",2019,0.000950852063688402,0.000128821234134164,133.078562504593,4.51505016722408,0.126538025790178,0.000581634334719471
"8477496",2019,-0.000170890632106759,-0.000993457247418183,135.428571428571,124.468085106383,-0.0231434741767439,-0.123653721221199
"8477497",2019,0.00149113691530101,0.000228674837364173,137.387173396675,5.80411124546554,0.204863085940643,0.0013272541951004
"8479314",2019,0.000165697791895942,5.66273613838385e-05,132.940708316753,3.95604395604396,0.0220279818211685,0.000224020330749251
"8470626",2019,0.000528716354718719,0.000606806198567371,82.5025092004015,80.672268907563,0.0436204259195838,0.0489524328256031
"8474593",2019,0.000190911675534277,-0.00103367353046416,101.941922683821,105.191873589165,0.0194619032667541,-0.108734055349051
"8476440",2019,-0.000881387191082491,-0.000830929259374885,79.4152199451769,123.088075389634,-0.0699955576366776,-0.102277483321389
"8476884",2019,0.000842944999962502,0.000246261403044875,74.8099341104916,18.5806451612903,0.0630606599059632,0.00457569574689832
"8476894",2019,0.000362568537052394,0,96.472184531886,0,0.0349777788119745,0
"8477958",2019,0.000995784347042129,-7.75163007461467e-05,100.145023071852,17.6297747306562,0.0997228464091234,-0.00136659492010836
"8471303",2019,-0.000914893121314452,0.000371964912873861,128.61894788715,126.616989567809,-0.117672590692656,0.0470970774929407
"8476466",2019,0.00103706740756605,0,140.094339622642,9.52380952380952,0.14528727360713,0
"8477500",2019,-0.0012676712759836,-7.53648793069878e-05,132,95.5367913148372,-0.167332608429836,-0.00720011874681958
"8478444",2019,-0.00163026761654635,3.43227009954868e-06,137.979094076655,5.65593087195601,-0.224942848833573,1.94126824169289e-05
"8480012",2019,-0.00191145193121573,-8.55162853690848e-06,135.550780155097,4.47204968944099,-0.259098800505259,-3.82433077426963e-05
"8474150",2019,-0.00207841612180876,0.000290342436770833,79.2818671454219,91.9437778539595,-0.164780710842145,0.0266951805080347
"8474673",2019,-0.000368142991268507,-0.00151745081542824,76.356050069541,82.8739547847631,-0.0281099446740487,-0.125757150265902
"8478512",2019,0.000257702459110491,-3.64995547817119e-05,85.5984868954337,47.7453580901857,0.0220589405690904,-0.00174268431318518
"8478585",2019,-0.000984641190477104,-0.0016591407955281,84.5621819130889,90.8335994889812,-0.0832634074682452,-0.150705730516829
"8471707",2019,0.000533562818642687,-3.10386098782862e-05,86.8555821099351,6.16438356164384,0.0463429092054283,-0.000191333896509984
"8466138",2019,0.00230225022849373,0,90.3992901508429,0,0.208121786405449,0
"8470613",2019,0.0013995640164088,-0.00225538555202714,128.471180951239,85.749007534635,0.179803642004897,-0.193397072694282
"8470794",2019,-0.000577737502336321,-0.00128909478195736,152.582007145177,86.3844702076031,-0.0881523477095172,-0.111357769786773
"8474578",2019,-0.00119329555454457,-0.00116634701531664,120.855801008871,83.9782092471015,-0.14421669008481,-0.0979477337069927
"8474889",2019,-0.000456187826165904,-0.00119954696524633,112.380768860198,97.6160475782471,-0.0512667386491868,-0.117095033631828
"8475169",2019,0.00153761773003284,0.000963427173457834,89.8212898212898,58.743842364532,0.138110807763634,0.0565954140073136
"8474053",2019,-0.00105759569936651,-0.000946395834370113,158.149977548271,117.034491872605,-0.167258736109962,-0.110760955585856
"8478099",2019,0.00158858138292049,-2.43911073050279e-05,156.975824175824,10.7222635889799,0.249368871854315,-0.000261527881751602
"8478414",2019,0.00225328033952616,-0.00047098284475435,89.4288304623753,51.7647058823529,0.201508225467688,-0.0243802884343428
"8470612",2019,-0.000865562528249976,-0.00158433910585748,114.796425024826,97.8145304193739,-0.0993634838785474,-0.1549713856645
"8474641",2019,-0.000503559996059688,-5.88978888784931e-05,118.570143884892,90.6734805621464,-0.0597071811874729,-0.0053404765823755
"8475164",2019,-0.000335461536131084,-0.000932712209488454,111.478671806989,119.458762886598,-0.0373968064902255,-0.111420646674716
"8475764",2019,0.000411929750824972,-1.66860738697806e-05,125.835866261398,94.1133455210238,0.0518355370339022,-0.00157038223549599
"8476434",2019,-0.000178035449250555,-0.00234161968396243,94.9290060851927,114.907831250773,-0.016900728245286,-0.269070439498244
"8476483",2019,0.000173080532183538,-0.00110871477989879,123.611111111111,55.7034904641958,0.0213946768949096,-0.0617592831696053
"8473449",2019,-0.00199960288382467,0.000153569847664256,109.047807190834,10.8433734939759,-0.218052309733548,0.00166521521563651
"8475622",2019,-0.00171551930015137,0.000394289961188432,103.67054610564,98.5287138111058,-0.177848822701458,0.038848882744527
"8475784",2019,0.0012492147979675,-0.000186322361470346,130.60522696011,6.81818181818182,0.163153982210473,-0.00127037973729781
"8477499",2019,-0.00104441622604046,-0.000636663572299858,113.568521031208,102.179014415018,-0.11861280613241,-0.0650536563315443
"8477933",2019,-0.00279731548972285,-0.000999359122271873,126.108050324809,25.9927797833935,-0.352764002552337,-0.0259761215897382
"8478403",2019,-0.00024598069003324,-0.00130326917663114,127.66158200975,45.1327433628319,-0.0314022840334933,-0.0588201132815826
"8473534",2019,-0.00044659129592134,0.00139197324448151,74.9321266968326,136.708860759494,-0.0334640355676805,0.190295076460764
"8480839",2019,-4.73666069958632e-06,0.000498876474383332,115.976538562549,19.0631364562118,-0.000549341512283284,0.00951015030596331
"8469506",2019,-0.000111333791427688,0.000132168090068005,96.411856474259,6.36042402826855,-0.0107338975198614,0.000840645095838901
"8474618",2019,-0.000284738542935124,0.00127823926407514,32.6086956521739,104.237671542754,-0.00928495248701492,0.133240684561716
"8476878",2019,-5.66944722127802e-05,-0.000353251786437907,12.0240480961924,128.289218850872,-0.000681697060674712,-0.0453183957397939
"8478542",2019,-0.00103638638422444,0.00080278135345468,97.9459459459459,85.2161587526577,-0.101509844768362,0.0684099432596674
"8479268",2019,-0.000119888969612585,0.00108033140833253,11.6883116883117,68.8935281837161,-0.00140129964482242,0.0744278423277109
"8471469",2019,0.000503212310067008,0.000232959544393194,100.838020893124,94.4032197207898,0.050742933436214,0.0219921310554058
"8474056",2019,-0.00198159256149279,-0.0021016143580783,105.210157618214,84.9818971759594,-0.208483665729736,-0.17859917528173
"8475225",2019,-0.000540282539085523,-0.000671896445522209,117.446808510638,6.38297872340426,-0.0634544599096189,-0.00428870071609921
"8475793",2019,0.00122011738750994,0.000571205544837047,120.129492819789,75.910850126785,0.146572082942175,0.0433606985057137
"8476887",2019,0.000972415693370261,-0.00146424883852781,114.201532115498,62.2943815424055,0.111051362036038,-0.0912144758202752
"8478042",2019,-0.000419185449592545,0.00151003085289835,119.674355495251,86.7554858934169,-0.0501657485129749,0.131003460357247
"8468685",2019,0.000571498932040098,-0.000882833998549959,96.9188529591214,106.4373068136,0.0553890209606892,-0.0939664731691396
"8474031",2019,0.000258477926044461,-0.000565986914865495,107.474747474747,71.3537771129394,0.0277798498294249,-0.0403853041721527
"8475184",2019,-0.000590508003510167,6.76393140958921e-05,126.914474384919,34.5205479452055,-0.0749440128855804,0.00233494618522806
"8475692",2019,-0.00273061020001487,9.65046718167912e-05,129.899273237282,106.382978723404,-0.35470428047624,0.0102664544485948
"8476459",2019,-0.000944533135519009,-0.000344573919922932,122.49653259362,134.170081967213,-0.115702034020858,-0.0462315110798237
"8477402",2019,-0.000146005935512237,0,110.911424903723,0,-0.0161937263520633,0
"8471677",2019,-0.000524833535321887,-0.00099361264676503,40.3684421305567,114.403778040142,-0.021186712198817,-0.113673040698384
"8473544",2019,-0.000724677642465455,0.000467360245825894,90.7063197026022,26.3048016701461,-0.0657328419187997,0.0122938185749609
"8474602",2019,0.000678902205195691,0.000137970094165029,95.5907429963459,29.3364377182771,0.0648967662165138,0.00404755107445718
"8476899",2019,0.000627433002020856,0.00108261435159579,94.4977284199899,102.104791759964,0.0592909934267058,0.110540112926037
"8477404",2019,-0.000373839741257297,-0.000182074594227956,98.0224585113783,57.6860401955459,-0.0366446905272978,-0.0105031623612216
"8478466",2019,-0.000464190097738956,0,89.2307692307692,0,-0.041420039490553,0
"8471215",2019,0.00288194843219813,0.000243716701695758,134.510642252997,5.87755102040816,0.387652734554989,0.00143245734874241
"8471675",2019,0.00303846897699051,0.000501682514858187,122.790697674419,63.9546858908342,0.373095725546742,0.0320849476546791
"8471724",2019,0.00119873333030436,3.26780825843493e-05,119.746932515337,96.0124287933713,0.143544639207842,0.00313750207723375
"8471887",2019,0.00235864247630121,0,134.210526315789,0,0.316554648135163,0
"8473548",2019,0.00401044044463582,0,130.04455760662,0,0.521535953430362,0
"8473533",2019,-0.00113904561677158,-0.000175189500520591,117.165898617512,143.365755184438,-0.13345730325538,-0.025116175042519
"8475753",2019,0.000841246788991404,-0.00450907909303456,139.353139177521,97.5450748701233,0.117230380868962,-0.439838457725363
"8475852",2019,-0.00103518961316872,-0.000260994733922535,116.259553424247,94.8389704891524,-0.120350682136414,-0.0247524718683035
"8476882",2019,-0.00169522747785791,0.000401417577606098,145.347985347985,59.4427244582043,-0.246397898613194,0.0238613544583192
"8477458",2019,0.00115985344832577,0,130.843008581524,0,0.1517587146926,0
"8478427",2019,8.50998272959345e-05,3.23520587149167e-05,144.184992065291,61.2616992828492,0.012270117923422,0.0019819420921743
"8468508",2019,0.000671185988917853,0.000286609556734793,129.761995867452,9.5829636202307,0.0870944335202504,0.00274656895539997
"8475907",2019,0.00206028939648998,-0.00043249694946638,130.090684253916,8.16944024205749,0.268024457350469,-0.00353325798353775
"8476958",2019,-0.00121015378585679,0.00123415313056607,91.6316870590337,101.939487975175,-0.110888432998935,0.125808938212864
"8480039",2019,0.00075259699732032,0,132.824427480916,NA,0.099963265292928,NA
"8480830",2019,-4.267531298671e-05,0,106.989748369059,0,-0.00456582099801893,0
"8471306",2019,0.00294242515617792,-0.00276467486843948,92.4547083416285,113.243761996161,0.2720410596315,-0.313082182798329
"8474573",2019,0.00247413708065423,5.5568821157453e-05,108.655850629928,7.41758241758242,0.268829469073533,0.000412186310783305
"8474586",2019,0.00223812486952127,-0.000319666332039507,143.634767339772,17.1428571428571,0.321472544911044,-0.0054799942635344
"8475181",2019,0.00185536971554099,-0.000968489329706668,118.261511488419,50.2875924404273,0.219418826929716,-0.0487029966951915
"8475314",2019,0.00206641523315177,0.000144579547655339,146.365914786967,2.83464566929134,0.302452755929984,0.000409831788629308
"8478445",2019,0.00178008657120051,-8.52393399647858e-05,133.001116934445,6.23916811091854,0.236753502209673,-0.000531822571704036
"8467950",2019,0.000911375544155079,0.00292370734123835,92.9867090194767,111.892687714706,0.0847458125318156,0.327141472502377
"8474571",2019,-0.00032184715549361,0.000135719858171997,70.7297514033681,6.16438356164384,-0.0227641692979442,0.000836629262704092
"8476919",2019,0.000749122103680213,0.00115617717713044,72.1931281134245,116.701902748414,0.0540814680035836,0.134928076485413
"8478400",2019,-0.000311605777170601,-0.000382399426145695,119.484978540773,52.2613065326633,-0.03723220959841,-0.0199846936277147
"8478469",2019,0.00109782595242258,0.00108589761297723,113.456354965789,66.1365505895256,0.124555330948711,0.071817522415714
"8479320",2019,0.000611529410784311,0.000191872781736482,65.9945004582951,128.0605487228,0.0403575779802662,0.0245713337141441
"8471676",2019,0.00194864120371646,-0.000405503745567142,118.16961561928,31.8897637795276,0.230270182023065,-0.0129314186578498
"8475168",2019,-0.000134064050607908,0.000646464338879799,127.474707399326,40.5253283302064,-0.0170897756240115,0.0261981795868737
"8475227",2019,0.000379268906067465,-1.87740781009984e-05,80.9939556749496,15.7894736842105,0.0307184889669149,-0.000296432812121028
"8475913",2019,0.00146844191670884,0.00112626053690709,129.569513055752,101.321434700532,0.190265304098619,0.114114333446018
"8470281",2019,-0.000130276092149791,-0.000527300851672715,74.8906850404134,121.586490389957,-0.00975646578548588,-0.0641126599345206
"8470320",2019,-0.00047140393627443,0.000444304559088515,106.235565819861,108.076874764477,-0.050079863899824,0.0480190481898955
"8473573",2019,-0.000304349537344066,-0.000716895176741237,66.1255873558308,78.3388704318937,-0.0201252919183518,-0.0561607583639813
"8474141",2019,0.000455135337333873,-0.000157963940553701,132.398358821335,3.76766091051805,0.0602591717045996,-0.000595154564095576
"8477951",2019,0.000762019423949485,-1.5415958554464e-05,129.525985151342,52.1739130434783,0.0987013165915153,-0.00080431088110247
"8479337",2019,-0.000122875131820415,4.15139707807586e-05,132.900358913006,30.2912621359223,-0.0163301491204161,0.00125751057122298
"8473604",2019,0.000603558122785508,-0.000907097249546035,142.101126539167,137.062527456436,0.0857662891796855,-0.124329041671561
"8470607",2019,-0.000713157036974464,-0.000447640108321636,93.1338274367221,134.238741958542,-0.0664190444168638,-0.0600906449912818
"8476438",2019,-0.000600407113326652,-0.00120486310156762,71.8523581681476,97.4146014735432,-0.0431406669534502,-0.117371258869386
"8476979",2019,0.00148039964970402,-0.000348335008705865,123.825774584643,18.4049079754601,0.183311633319435,-0.00641107377986255
"8480946",2019,-9.00915219320353e-05,0.000437675519366458,63.9498432601881,36.241610738255,-0.00576133870662546,0.0158620658025428
"8473422",2019,0.000804782976966992,-0.000113593655122224,125.39489671932,66.8777707409753,0.100915678278243,-0.0075968904248935
"8474715",2019,0.000372530220366549,-0.000613906559662076,129.686670207116,65.8107730951716,0.0483122038308611,-0.0404016652995583
"8476914",2019,-0.000619025233623284,-0.000126340348548971,110.389348396207,87.6724137931034,-0.0683337921804844,-0.0110765633167503
"8478460",2019,0.000929879947634398,0.000419750203871351,113.42908438061,66.2749706227967,0.10547543104406,0.0278189324304867
"8478550",2019,0.000696652231649923,-7.80618431995789e-05,129.867050554662,6.75,0.0904721705866985,-0.000526917441597158
"8479400",2019,0.00197279053633342,0.000580706870813441,105.104198127454,16.5344467640919,0.207348567394754,0.0096016668410072
"8471273",2019,0.000196712875315918,0.000362925017902825,7.0657507360157,94.695652173913,0.00138992414354721,0.034367421260537
"8475233",2019,0.00020967371557326,0.000858593815619719,4.94958753437214,76.5875561257216,0.00103779840888689,0.0657576020429727
"8476432",2019,-0.00161135011411851,0.00113306854207092,77.2511204672009,117.79497098646,-0.124478601780607,0.133469776038914
"8476981",2019,-0.0018073076269261,0.00030698981446652,80.4132346782075,106.044610931381,-0.145331452339723,0.0325546154349989
"8470144",2019,-0.000811456555612456,-0.00123257882163751,99.1173758398103,94.2628418945964,-0.0804294444003178,-0.116186382586645
"8470598",2019,0.00093404666898364,-0.000291739878842294,117.412935323383,4.7808764940239,0.109669161134398,-0.00139477232912651
"8470657",2019,0.00226367377792347,-0.00232125362243296,90.8277040774803,108.879988951802,0.205604292029185,-0.252738068764831
"8476960",2019,0.000425512451890671,-0.000115909430854595,112.445520581114,19.5804195804196,0.0478469691665926,-0.00226955528946061
"8477511",2019,0.00211116877732019,8.59570480935327e-05,115.937618866489,3.94736842105263,0.24476388106778,0.000339304137211313
"8479395",2019,0.000138661229425665,-0.000189204281886028,95.4202315047811,44.6389496717724,0.0132310866125345,-0.00844588041679427
"8474679",2019,0.000554255188358924,0,89.7506925207756,2.48618784530387,0.0497447869884464,0
"8477479",2019,0.0014712550826697,0.000110434464284808,91.4122681883024,8.91089108910891,0.134490764190406,0.000984069483726013
"8477946",2019,0.00160604254055719,-0.00119922250038682,108.144192256342,116.023306627822,0.173684173277881,-0.139137759877364
"8479425",2019,0.000597428193384501,-0.00188374664528283,92.2454484153742,84.5070422535211,0.0551100315947402,-0.159189857347845
"8479992",2019,-7.864094909334e-05,-0.000504412811861119,87.3846153846154,44.6280991735537,-0.00687200909000263,-0.0225109849921491
"8477505",2019,-0.00127910567412628,-0.00141965645349215,95.2984971735833,70.6645056726094,-0.121896848470437,-0.100319321510952
"8470834",2019,-0.00170266836044471,0.00075787543980978,143.3423719138,87.1346118041333,-0.244064521368726,0.066037182243712
"8471218",2019,0.0009462922581581,-0.000456142491576315,146.95510445992,87.9192445457506,0.139062477647237,-0.040103703264606
"8476460",2019,0.000959076753329093,0.000190694509406936,145.902612826603,89.4199025310486,0.13993180421197,0.0170518844443743
"8476945",2019,0.000849253573583265,0.000218653012571393,104.597132970835,111.664647954079,0.0888294889620459,0.0244158116728834
"8478398",2019,0.000726800220812541,-0.000585213252216992,151.780137414116,102.310536044362,0.110313837387537,-0.059873481534585
"8479339",2019,0.000574023079491577,0,147.005198523318,0,0.0843843767576257,0
"8474034",2019,0.000741488641236801,0,105.251009809579,0,0.0780424282525058,0
"8474596",2019,-0.000131781967391176,-0.00206706476231511,102.895825498308,101.792698826597,-0.0135598143205061,-0.210412100805414
"8475098",2019,0.000437835003769918,1.44727767166686e-05,119.258097259389,101.610588422899,0.0522153694631579,0.00147058735829393
"8475158",2019,0.00102822014594194,8.91540372054376e-05,145.361949799927,136.889672655131,0.149464085237687,0.0122042669689357
"8475765",2019,0.00110425155836911,-4.19915810481669e-06,146.076819608429,8.59598853868195,0.161305555694211,-3.60959149411177e-05
"8478407",2019,0.000569993858729554,0.000268570517217719,114.427103159498,13.6752136752137,0.0652227460731267,0.00367275920981496
"8470257",2019,0.000226726391021673,-2.91778504969201e-05,83.6250613446753,137.310281113897,0.0189600083576442,-0.00400641885403137
"8474102",2019,0.000839681326654317,-6.31686229486613e-05,112.755488266465,6.9164265129683,0.0946786779751404,-0.000436901138549819
"8474565",2019,-0.000329127235749344,0.000208394090187785,113.217623497997,104.816423213581,-0.0372630034600058,0.021843123152332
"8475170",2019,-0.00235661060357161,-0.000593797209923157,118.809900825069,47.5530532698138,-0.279988672093648,-0.0282368703549427
"8475768",2019,-0.00121863380565803,0.000530250939003752,94.3003412969283,38.178996378686,-0.114917583789527,0.0202444486800191
"8476892",2019,-0.00042172609570708,-0.000671117308694919,83.2153269471054,85.9744990892532,-0.0350940749363909,-0.0576989744451734
"8469455",2019,0.00116999494141479,-5.36338605304902e-05,131.984334203655,10.7784431137725,0.154421003364276,-0.000578089514699894
"8471228",2019,-9.8532585481866e-05,0,130.373121728854,0,-0.012846000761286,0
"8471750",2019,0.00111069086292638,-0.000100458007862075,111.555022234771,102.82200204988,0.123903143909709,-0.0103292934903212
"8473994",2019,0.000723272232432272,-0.000626387486875645,141.039177549319,44.4601270289344,0.102009720806508,-0.0278492672358261
"8475794",2019,8.25706027144927e-05,-0.000503116893080541,139.800460475825,100.757575757576,0.0115434082812525,-0.0506928384694787
"8475906",2019,0.000126113320483876,6.20850438620613e-05,138.951957133775,102.056074766355,0.0175236927018736,0.00633615587825897
"8476941",2019,-0.000774041549941561,-0.000796462966134781,53.117563065207,39.344262295082,-0.0411152008441115,-0.0313362478479258
"8474613",2019,-0.000738627749160273,-0.000445917088632621,108.924085199345,103.411131059246,-0.0804543518801338,-0.0461127904941453
"8475171",2019,-0.00123221843651629,0.00184973533459448,117.358053302433,68.6440677966102,-0.14461075695292,0.126973357713689
"8475209",2019,-5.11836822068622e-05,0.000442749053770027,91.9348534201954,99.9195494770716,-0.00470556432119374,0.0442392859841008
"8476994",2019,-0.00105326860319387,-0.000423571829987065,77.0780856423174,54.1082164328657,-0.081183927601341,-0.0229187162518051
"8477293",2019,-0.00146448484423756,-0.00138233665092271,101.462718515876,101.315097317201,-0.148590613521641,-0.140051572313369
"8479343",2019,-0.00116914636983014,-0.000551214038554948,122.415979708307,30.4941176470588,-0.143122198285168,-0.016808785740405
"8471274",2019,-0.0014753335111094,0.000404467961741848,79.1475042063937,86.7232411716397,-0.116768965276365,0.0350767725923398
"8477851",2019,-0.00206663883088123,-0.00112724105005258,79.2018419033001,103.166165934828,-0.163681601954676,-0.116293137218274
"8477943",2019,-0.000377107570688726,-0.000198119079142311,73.7044145873321,34.2857142857143,-0.0277944927340635,-0.00679265414202208
"8478432",2019,-0.00152697979254411,1.94880394235228e-05,90.846394984326,6.83111954459203,-0.138720609366547,0.000133125126991807
"8478440",2019,0.000170592520247756,0,127.508455467869,0,0.0217519887711625,0
"8471262",2019,-0.000663034135055063,0.000946952587902476,78.1648258283772,140.27738465893,-0.0518259476848478,0.132836032426965
"8473575",2019,0.00153220490997765,0.00102144087859838,108.590341507447,114.385306341333,0.16638265443386,0.116837827808036
"8474569",2019,-0.000312217872376504,-6.26778466013975e-05,118.537614248887,10.2857142857143,-0.0370095617173742,-0.000644686422185803
"8477021",2019,0.000340758243675976,0.000149312638630879,82.9023119802614,21.978021978022,0.0282496462270717,0.0032815964534259
"8477456",2019,-9.50125102177934e-06,-0.000875476689757105,118.423291426411,147.288776796974,-0.00112516941866766,-0.128947890748587
"8479398",2019,-0.000416375768358896,0.000469462031796872,78.8625278994792,26.4220183486239,-0.0328364456488705,0.0124041344181192
"8470595",2019,0.000881628689934942,-0.000311951232452782,116.288886849592,27.4024738344434,0.102523618967198,-0.00854823548490974
"8470600",2019,1.6343171211416e-05,0.00157198757176515,110.102489019034,121.297836938436,0.00179942382884111,0.190678692149217
"8471227",2019,0.00157721796707363,0.00367014859577108,103.4600113443,104.436860068259,0.163178988765871,0.383298795326263
"8475722",2019,-0.000437460182819201,0.000328382128021068,104.320535620881,25.0217202432667,-0.0456360805845075,0.00821668574023177
"8475798",2019,-0.00038238163549064,0.000585493632577924,112.650717703349,60.7334963325183,-0.0430755656746011,0.0355590753868842
"8475799",2019,-0.00103068410558771,-0.000583602913665013,117.975443865383,8.80195599022005,-0.121595414841705,-0.00513684716184363
"8469459",2019,0.00033536879613626,-4.11021879699899e-05,107.860415932323,116.475858636137,0.0361730178419794,-0.00478741263562849
"8470610",2019,0.00195264386449923,0.0011776077009374,117.832551641553,87.5,0.230085009001167,0.103040673832023
"8474716",2019,0.00074001290010968,0.00138534146191369,107.966608265485,120.887011615628,0.0798966828975473,0.167469789397972
"8475745",2019,0.00077788819074465,-3.9551423392798e-05,86.5668759053597,71.5775749674055,0.0673393504764369,-0.0028309949729656
"8476856",2019,-0.000205410865905572,0.000333382701264073,127.647340680402,101.167883211679,-0.026220150779705,0.0337276221862778
"8475197",2019,0.000906777805211554,0.000127151160215015,128.26261008807,5.13796384395814,0.116305688066366,0.000653298063902077
"8476455",2019,0.00108383999051629,-0.000547255068576187,131.228473019518,37.0102806335093,0.142230666952942,-0.0202540636661151
"8477492",2019,0.00103560339697594,8.79654119165374e-05,132.261768082664,10.985657613671,0.136970736316451,0.000966357897160619
"8478420",2019,0.00110404997556272,0.000144124470562981,130.673808852551,5.45454545454545,0.144270415470347,0.000786133475798078
"8479370",2019,-0.000515214050270828,0,80.5970149253731,0,-0.0415247144994399,0
"8470594",2019,-0.000679557120379235,-0.000642204825618972,116.354845490856,109.616606651133,-0.0790697637439366,-0.0703963137593344
"8475191",2019,0.000323262313702939,0.00114183590171482,136.747759282971,73.4228527995946,0.0442053970595056,0.0838368493328996
"8476448",2019,0.000325241279876979,0.00306521362213197,125.386232745224,76.6133670769585,0.0407807788170093,0.23483633640169
"8476525",2019,-0.000607930807306758,0.00159534203877084,103.432691273001,47.3548756076637,-0.0628799195075063,0.0755472237976696
"8476539",2019,0.000745511442256127,4.69134703833326e-06,131.532467532468,2.63350402340892,0.0980589595736371,1.23546813006582e-05
"8477931",2019,-0.000498134212647421,-0.00118587233288462,66.2180349932705,148.085106382979,-0.0329854687244322,-0.17561003057185
"8470880",2019,0.000375947527769669,-0.000791017948614425,104.771753582508,109.90990990991,0.039388681739437,-0.0869407114693332
"8473512",2019,0.0010849260695449,-0.000538572450798681,154.823711739636,95.5798687089716,0.167972281050035,-0.051476684137607
"8474161",2019,-3.57867387567462e-05,3.1182423923482e-05,154.174252275683,2.39202657807309,-0.00551739368920655,7.4589186793711e-05
"8474190",2019,-0.00130447189407047,0,133.961375412153,0,-0.174748849116176,0
"8476461",2019,6.7369087146081e-06,-0.000530682816449585,147.97507788162,109.188584219362,0.000996894591725498,-0.0579445053976738
"8476906",2019,0.000337805290858837,-0.000197108842012972,148.259519529335,19.8738170347003,0.0500828501171984,-0.00391730506208745
"8476876",2019,0.000308129197728336,0.000346965945187212,103.07210031348,83.2764505119454,0.031759523577767,0.0288940923637132
"8477447",2019,0.000384289732684706,-4.69404330881942e-05,125.738850080602,42.6724137931035,0.0483201490855569,-0.00200306158436691
"8471669",2019,-0.000100724358414179,-0.00213109911839703,120.192616372392,109.791332263242,-0.0121063241702307,-0.233976211393832
"8474157",2019,0.001505498858803,0.00094136209718737,134.564467682723,50.3496503496504,0.202586652531773,0.0473972524457977
"8475287",2019,-0.000669403813409891,0,102.906145783707,0,-0.0688857664109273,0
"8475750",2019,-1.47113389445692e-05,0.000585257995586838,55.8758314855876,68.2321368668232,-0.00082200829579411,0.0399334036572838
"8477846",2019,0.000307123775841399,-0.00114098012029325,41.0906785034876,107.887617065557,0.0126199243338761,-0.123097626297611
"8474037",2019,0.00180553036273176,0,121.709633649932,5.85365853658537,0.219750438991912,0
"8476872",2019,-9.4004733184584e-05,-0.000371462646093843,24.7848537005164,110.464501110994,-0.00232989355913599,-0.0410334358821259
"8478439",2019,-0.000109356734848904,-9.03438518286121e-05,75.7203647416413,17.28,-0.00828053184971394,-0.00156114175959842
"8478500",2019,-0.000656507686530951,-0.000535987351051048,60.8829343290138,116.770629121369,-0.0399701143655567,-0.0625875801833267
"8479974",2019,-0.00194320135048856,6.2300008367352e-05,72.2161572052402,16.967792615868,-0.140330534208317,0.00105709362194407
"8475683",2019,-0.0010035810658975,0.000252048896597547,94.4876712328767,83.0346930995044,-0.0948260378100627,0.020928802775046
"8476850",2019,-0.0008073822637755,-0.000532233709612463,47.9405388665221,105.355257203198,-0.03870634079667,-0.0560736193684333
"8477407",2019,-0.00204586618384191,-2.69837121155384e-05,93.6585365853659,18.4300341296928,-0.19161283282812,-0.000497310735235178
"8477416",2019,-0.00178231713158743,0,82.862998581113,0,-0.147688141945823,0
"8470147",2019,0.00125042165544788,-0.00149162505477238,103.245283018868,92.9889298892989,0.129100137709637,-0.138704617639351
"8469454",2019,-0.000745709725588112,0,117.396156230626,0,-0.0875434554478394,0
"8471685",2019,0.00131303557914006,0.000335435151355499,127.972626176219,121.016166281755,0.168032611325366,0.0405930760531827
"8471734",2019,-0.000421560371748746,0.000851040002039351,102.773246329527,104.741379310345,-0.0433251279285008,0.0891391036618803
"8474162",2019,0.00125014879318749,0.000660465552308674,77.6236429433052,95.626288069613,0.0970411035483898,0.0631578691651253
"8474563",2019,-0.00102079402425549,-9.93648882955943e-05,113.93366528821,130.111524163569,-0.11630280468773,-0.0129285170644825
"8477960",2019,0.000418596492075592,0.000915350111781067,82.9845313921747,78.1880235805151,0.0347370337373012,0.0715694161243652
"8470602",2019,0.000127936104513397,-0.00125555774769362,75.1025991792066,69.7407912687585,0.00960833397781873,-0.087563590807773
"8470604",2019,-0.000426526259928149,-0.000676972829665769,122.825962090752,101.270417422868,-0.0523884982326453,-0.0685573210441922
"8474166",2019,-0.000743904240955663,0.00201319947981276,88.8597640891219,100.389805097451,-0.0661031553562175,0.202104703400693
"8475726",2019,-0.000764666231415474,-0.00125063301525356,106.970963732912,93.047603468019,-0.0817970837085268,-0.116368404887326
"8476871",2019,-0.0013552918641241,-0.000280009840616448,79.0836340812804,71.5843489416292,-0.107181405855726,-0.0200443221377778
"8476881",2019,-0.00119681745473438,-0.000816479311123847,150.381793681689,109.476340694006,-0.17997955555251,-0.0893851672342019
"8471709",2019,0.00133931759836083,-0.000368120445077552,52.5453898184407,128.407224958949,0.0703749652965679,-0.0472693248030616
"8480078",2019,-0.000185000706691211,0,79.4726352905105,0,-0.0147024936913573,0
"8475727",2019,-2.02368598315262e-05,0,96.6965112689102,0,-0.00195683374474653,0
"8475763",2019,0.00121678514720688,-0.00181968821262913,92.3076923076923,98.5507246376812,0.112318628972943,-0.179331591969248
"8476918",2019,0.00135491849553687,0.000887706798823852,89.4696387394312,74.574190578487,0.121224068317057,0.0662000159933086
"8480145",2019,-0.000534828518716956,-0.00263531907370309,90.3614457831325,136.335721596725,-0.0483278781973153,-0.359288127550923
"8479999",2019,0.00131906940274033,0.000132170585989103,108.683151236343,4,0.143360619389259,0.000528682343956412
"8477839",2019,-0.00286249016764584,-0.000202080539672806,99.5369109234541,20.8333333333333,-0.284923428836227,-0.00421001124318346
"8476931",2019,-0.000221371776043443,2.72408729706498e-05,10.2661596958175,116.200772200772,-0.00227263800500873,0.00316541047461265
"8479420",2019,0.000427715870261533,-0.000112356619302133,71.8179263838157,32.9519450800915,0.0307176668836324,-0.00370236914862864
"8477461",2019,-0.000249750637868634,0.00057114861847735,33.1797235023041,107.317073170732,-0.00828665710900538,0.0612939980804961
"8466141",2019,3.16134360665014e-05,0.00056466281349397,106.116668141985,93.9885914874945,0.00335471250389678,0.053071862505664
"8474884",2019,0.00123896141485562,0.000135728703947522,130.999922904942,11.0599078341014,0.162303849828284,0.00150114695610162
"8476389",2019,-0.00188571288496776,-0.000969420879081243,111.983199894999,105.974025974026,-0.21116816294192,-0.102733433419519
"8476456",2019,-0.000616862444138037,6.60228574017765e-05,143.14915362504,32.7698309492848,-0.0883033367814335,0.00216355787584495
"8477493",2019,-0.000401687298352365,-0.000767281858614363,143.745680718728,115.450590428838,-0.0577408141377277,-0.0885831436023643
"8479439",2019,-0.000128824973169246,0,110.769230769231,NA,-0.0142698431818242,NA
"8471735",2019,-0.0010603338931224,-0.000628894354265097,135.814494439195,58.4323040380048,-0.144008711631162,-0.0367477461162028
"8475760",2019,-0.00209199561810246,0,69.5930232558139,5.61622464898596,-0.145588299701666,0
"8477932",2019,-0.000550337962092061,0.000996564835273085,75.3753447043203,103.880997651269,-0.0414819135965623,0.103524149312341
"8478366",2019,-0.000275038744615782,-2.46553451419545e-05,79.448275862069,4.32692307692308,-0.0218513540549918,-0.000106681781864226
"8478843",2019,-0.000488444972407924,-0.000290167079381951,54.614412136536,76.6698935140368,-0.0266761350291053,-0.0222470790774933
"8474564",2019,0.00164268720998792,3.32988970348986e-05,129.2182924082,138.301959277756,0.21226523623543,0.00460530270171475
"8475167",2019,0.000649926293361307,-4.50055303825355e-06,122.778364876549,84.9510240427426,0.0797968875891777,-0.000382326589358316
"8476453",2019,0.00148668007630216,8.91673820073573e-05,124.845118564409,8.6886564762671,0.185604750393288,0.000774744751150007
"8476468",2019,-0.000296853425029154,0.000162375015113852,112.760142947236,20.7293666026871,-0.033473234640664,0.00336593121541191
"8476883",2019,0.00134813347922549,0.00275357655364091,104.747678119114,105.84656978709,0.141213851743513,0.291456632849047
"8478010",2019,0.00147273079256916,0.000292267453138623,126.033090880026,22.181146025878,0.185612813821681,0.00648282705667926
"8473986",2019,0.000343039582413252,-0.000667191133889239,76.7590618336887,105.896574882471,0.0263313965178616,-0.0706532558708228
"8474151",2019,0.000359620651427288,0.00266634158328639,44.8249027237354,129.131364320215,0.0161199607176745,0.344308326393495
"8476292",2019,0.00169487763761076,-0.00037254899032854,118.212222560049,67.9245283018868,0.200355252509292,-0.0253052144374103
"8476826",2019,0.000349538292422221,0.000643229003788591,87.5528700906344,81.1359026369168,0.0306030807081449,0.0521889658246322
"8478472",2019,-0.000361180410453592,0.000873392338438459,22.5977788507967,67.7502138579983,-0.00816187504067026,0.0591725177111428
"8473503",2019,-0.000460520282683176,0.00120566245321156,105.95084087969,97.235895494131,-0.0487925111924348,0.117233668301677
"8474149",2019,-0.00010066898575118,0,140.138911322888,0,-0.0141076420671497,0
"8475796",2019,-0.000302176755776029,0.000203589834574672,14.2630744849445,103.036466656981,-0.0043099695752524,0.0209771772018534
"8476875",2019,0.000586903223208581,0.00141092607649916,55.3420445810915,105.631803123521,0.0324804243435956,0.149038665534601
"8473473",2019,0.000289687869543233,0,95.9052787370498,0,0.0277825958752859,0
"8475660",2019,0.00168909703066659,-0.000585055889060353,105.958986731001,98.4293193717277,0.178975009859775,-0.0575866529546316
"8476454",2019,0.00339987012438678,0.000468909581203428,142.039972432805,117.788255465066,0.482917458743015,0.0552320415408066
"8476472",2019,-0.000275660222486721,0.0012585177552207,126.267978803936,105.439330543933,-0.0348070591300417,0.132697269588124
"8477934",2019,0.003693690882666,-0.00205942018776606,137.523467472043,66.2743322770484,0.507969177954099,-0.13648669782207
"8478402",2019,0.00381964035325058,-0.000483919684744047,137.154215670035,47.2055030094583,0.523879776791698,-0.0228436721345212
"8476427",2019,-0.000767500565379356,0,109.218203033839,0,-0.0838250325781888,0
"8476458",2019,0.000982612487902557,-2.62358131833408e-05,70.8554125662377,91.3566113337149,0.0696234132230729,-0.00239681498801442
"8476988",2019,-0.000816471953563808,-4.72297755413043e-05,75.1423149905123,84.6209912536443,-0.0613515927156106,-0.0039966304229923
"8479344",2019,-5.66899626335779e-05,4.37259586223635e-05,64.7137150466045,16.0714285714286,-0.00366861808787202,0.000702738620716557
"8479977",2019,-0.000448203306145406,-0.000433865466391586,49.0749756572541,93.7875751503006,-0.0219955663385866,-0.0406911900343211
"8471233",2019,0.000419882299373019,9.9932466315204e-05,121.276595744681,108.877687480712,0.0509218958814087,0.0108804158366435
"8475151",2019,-0.000523876819851982,-0.000231846313798141,135.355553537372,28.3783783783784,-0.070909636936463,-0.0065794224185959
"8475791",2019,-0.00112973660040254,0.00011560866623659,127.233457687021,4.33212996389892,-0.143740293944797,0.000500831767089919
"8476234",2019,-0.000230525052076847,0.000148478267070685,94.5666124754,84.7871598046057,-0.0217999732656226,0.0125890505576331
"8477355",2019,-0.00190068380928301,0.000195180793245202,108.113102938459,31.4318975552969,-0.205488824326476,0.00613490269804477
"8480002",2019,-1.51342797575985e-06,-0.000377130441892933,108.387096774194,50.4,-0.000164036064469454,-0.0190073742714038
"8470187",2019,-9.30203575750797e-06,0.000150127317424615,60.0715137067938,129.761324890404,-0.000558787368508226,0.0194807196112604
"8473504",2019,0.00292844987624062,-0.00133032598102509,63.4285714285714,141.219400942679,0.185747392150119,-0.187867838098845
"8475754",2019,0.00235598566292342,8.23428613620842e-05,114.089481946625,78.5930867192238,0.268793183756609,0.00647157964373931
"8477506",2019,-0.000269459992327968,-0.00112621519518714,65.4357600688797,100.971297609953,-0.0176323194061351,-0.113715409646092
"8478463",2019,0.00168737860668137,6.10295227053522e-05,60.9137055837563,9.54907161803714,0.102784483655718,0.000582775283128032
"8477424",2019,-0.00177148177759,0.000548267814496358,102.653465346535,100.180995475113,-0.181848743267853,0.0549260154432098
"8476913",2019,0.000820852465191265,-0.000950718408649013,93.3282500953107,94.5321588831644,0.0766087241627227,-0.0898734636595577
"8478449",2019,0.00029707067696948,-0.000407046196044028,116.039907904835,92.1389396709324,0.0344720539967654,-0.0375048049005832
"8480036",2019,-0.0020012940497726,0.000255622718493391,91.3486513486514,74.6743849493488,-0.182815512398807,0.0190884692825745
"8477406",2019,-4.78707926158157e-05,0.00016198383463602,34.2993251290195,101.491720268236,-0.00164193588011373,0.0164400180328551
"8473412",2019,-0.00221843036592878,-0.000884577732642444,68.6402408429503,114.664143803217,-0.152273594610666,-0.101429348340837
"8473618",2019,-0.00102809484511184,0,68.7022900763359,0,-0.070632470274859,0
"8474574",2019,-0.000397480272842282,-0.000605418854030668,69.5626906872003,109.986320109439,-0.0276497972739917,-0.0665877918797069
"8477940",2019,-0.000413531369794015,0,68.1863895407308,0,-0.0281972110680867,0
"8478458",2019,-0.000234014756059276,6.13050215619464e-06,79.9216454456415,12.3287671232877,-0.0187028443628178,7.55815334325366e-05
"8473446",2019,-0.000278328129726307,0.000183477601832661,23.6413043478261,140.731070496084,-0.00658004002342084,0.0258209993179646
"8476854",2019,-0.000522493880982091,-0.00102393926280427,81.7789153735402,122.440501947209,-0.042728982876027,-0.125371637301211
"8477986",2019,-0.002090884789183,-0.000108205074191957,78.488982161595,110.564546960622,-0.164111418920135,-0.0119636450068742
"8478873",2019,-0.000248667203826886,8.50954170202345e-06,113.66051891216,7.77537796976242,-0.0282636434233997,6.61649030826877e-05
"8479351",2019,0.000366369692178472,0.000230379648125373,121.639108554996,48.7684729064039,0.0445648827581578,0.0112352636277891
"8480031",2019,-0.000393261647207758,0,52.8216704288939,0,-0.0207727371211321,0
"8476462",2019,0.000483879498671267,0.000846153826772573,95.1569428745327,31.7228805834093,0.0460444938132192,0.0268424368019011
"8479353",2019,-0.000106836931661365,-0.000418999149661428,84.0778498609824,85.7653365098273,-0.00898261949983225,-0.0359356030680438
"8480382",2019,0.000269562808217951,-0.000885636485049346,94.9972512369434,97.7242575773038,0.0256077258164167,-0.0865481679848202
"8477950",2019,0.00188895976313272,-7.83597695374876e-05,95.7219251336898,26.7062314540059,0.180814865027142,-0.00209269414195071
"8475177",2019,0.000123128148382708,-0.00170496558951387,9.41176470588235,90.3561334087055,0.00115885316124902,-0.154054098263368
"8477488",2019,0.000296828599010932,-7.91046631897521e-05,24.375,111.622846781505,0.00723519710089146,-0.00882988769893225
"8478027",2019,-0.001429925331096,-0.00125362681225461,82.7381687878413,102.92606656243,-0.118309403398231,-0.129030876722565
"8476343",2019,0.00131285630387401,0.000252978895028929,128.390427029564,90.5725853094274,0.168558181482838,0.0229129525514924
"8475789",2019,-0.000620949329923206,0.000537411715780125,103.24846356453,112.164725006773,-0.0641120642659956,0.0602786373158959
"8478020",2019,-0.000671540269374415,0,68.1329923273657,0,-0.0457540480208042,0
"8473541",2019,-0.00105207472282295,1.17406857326708e-05,90.5442550852116,114.111405835544,-0.0952593220719843,0.00133974615442837
"8476288",2019,-0.000545562130660833,-0.000151461152601267,72.8017406885959,15.6976744186047,-0.0397178727658879,-0.00237758786060128
"8477237",2019,-0.000128313641374545,-0.00018922145814879,69.2307692307692,77.9220779220779,-0.00888325209516083,-0.0147445292063992
"8475215",2019,0.00127057125111489,0.000138771713941454,101.400427248991,117.494674051981,0.128836467713335,0.0163049372971859
"8475820",2019,0.000153801097754635,0.00019869011296472,71.4592274678112,47.2131147540984,0.0109905076292475,0.00938077910390809
"8475715",2019,0.000744192141799744,0.00058428275170386,64.3144260830728,38.1870781099325,0.0478622904953833,0.0223120510776016
"8480748",2019,-0.000262135087082014,0.000157823424810664,27.2138228941685,52.8440366972477,-0.00713369783419736,0.00834002685238002
"8477180",2019,0.00188498889378458,-0.00138144633393486,118.473451327434,94.4468736335811,0.223321139960541,-0.13047328733272
"8474027",2019,6.57927032730602e-05,-0.000662826330922083,12.5923047026817,114.819490027771,0.000828481766827497,-0.0761053812934519
"8478067",2019,-0.00060424268852515,-0.000302614775938571,74.2457814896881,98.9154013015184,-0.04486247061898,-0.0299332620017329
"8478844",2019,0.000335462978768967,0,47.710843373494,0,0.0160052216376519,0
"8477948",2019,0.00112879856801009,-0.000761573582003568,60.7518796992481,68.2605111294312,0.0685766348084327,-0.0519854019702353
"8475831",2019,-0.000815845952258473,0.000754921334412023,95.1214642262895,120.232073787563,-0.0776044615619174,0.090765757582832
"8478906",2019,-5.14049525770863e-05,-0.000762128920235574,19.6274420717856,27.3022751895991,-0.00100894772890964,-0.0208078535102237
"8478396",2019,0.000225171699208288,-0.00131290977258907,66.2132921174652,72.4528301886792,0.0149093594962644,-0.0951240288064532
"8474600",2019,-0.000637231229123133,0.00138722791449622,105.223200728819,115.100988397078,-0.0670515095326953,0.159671304090532
"8477942",2019,-0.00131033360643797,-0.000385913055435867,108.141053548106,3.035413153457,-0.141700856699691,-0.00117140556456081
"8474009",2019,0.000532194191432511,0.00183161127652316,113.36332363059,127.141009055627,0.0603313023576839,0.23287290589482
"8474068",2019,-0.000737003837736681,-0.000671897268893431,90.3873744619799,5.07757404795487,-0.0666158418614217,-0.00341160813542504
"8475176",2019,-0.000641576926639164,0.00168430832494811,101.225666906994,113.906608828783,-0.0649440522711886,0.191853849516927
"8475218",2019,-0.000382716624618328,-0.000268610818116738,83.9969566320061,86.1986399770137,-0.0321470317204135,-0.0231538872047758
"8477015",2019,-0.000294287699459858,0.000884565612600809,44.7761194029851,105.163887291547,-0.0131770611698444,0.0930243583855296
"8479458",2019,-1.53008297868043e-05,-0.00034765096309098,11.3564668769716,131.908396946565,-0.000173763366664024,-0.0458580812382606
"8475717",2019,0.000368241909067404,-0.000572741443377924,101.296551724138,99.830220713073,0.0373016355888415,-0.0571769047039422
"8480801",2019,0.00102931181869255,0.0002833479165298,109.600747763386,26.8256333830104,0.112813345010394,0.00760098732866826
"8476393",2019,-0.00106114858914518,0.000120259082118764,86.7567567567568,10.0418410041841,-0.0920618100312439,0.00120762258194575
"8470616",2019,2.69078179860096e-05,-0.00144145211865117,97.0772442588727,171.895424836601,0.00261213681910114,-0.247779024317162
"8471699",2019,0.000231408952192828,0.00144030248991273,35.036496350365,101.538461538462,0.00810775890894581,0.146246098975754
"8477240",2019,-0.000245349933061581,0.000664696256375592,17.1102661596958,108.510638297872,-0.00419800265694721,0.0721266150535217
"8478075",2019,-0.000248851413500226,-1.76924484378141e-06,81.203007518797,93.1034482758621,-0.0202074832015221,-0.000164722795800338
"8476470",2019,0.000149389828835852,-0.00012084299429645,34.3839541547278,82.7772768259693,0.00513661302587456,-0.0100030539913563
"8477831",2019,0.000680479382566116,-0.00147715321331924,108.094722179229,105.069956371295,0.0735562298071778,-0.155204423677172
"8475149",2019,-0.000253779515488149,0.000123533803882932,91.9409761634506,3.28467153284672,-0.023332736384268,0.000405767968958537
"8475222",2019,-0.00153607330092529,0.000388900836047508,85.0520059435364,79.5796339916651,-0.130646115520005,0.0309485861917133
"8476474",2019,-0.00041631033518632,0.000126003956896415,43.64694471387,12.4567474048443,-0.01817067418369,0.00156959946306953
"8476923",2019,0.00113768089641996,0.000988394297628504,92.3885434001927,90.1469787697333,0.105108680874465,0.0891007597644422
"8477425",2019,-0.000108002052637969,-0.000343235428295347,49.8650836481382,17.7339901477832,-0.00538553138896295,-0.00608693370375985
"8476617",2019,-0.000590707316736895,0,113.793103448276,0,-0.067218418801095,0
"8479193",2019,0.00104836124840182,4.09407053916495e-05,100.858992995903,105.007085498347,0.105736659809736,0.00429906415142356
"8480945",2019,-0.000271630324225234,7.04310781460483e-05,72.7272727272727,20.6303724928367,-0.0197549326709261,0.00145301937722506
"8476422",2019,7.08244215284897e-05,0.00171934575277801,81.4537680384821,77.4887892376682,0.00576891600264128,0.133230020663695
"8474038",2019,-0.00170622760471711,-0.000529612623761301,96.3302752293578,90.4686438759339,-0.164361374766327,-0.0479133358512601
"8478454",2019,-0.00015351569659831,0.00106186360848822,29.9168975069252,101.487862176977,-0.00459271336083586,0.107766267549
"8468509",2019,0.00143312484285706,-0.000161003833064858,85.9997104386854,84.54363757495,0.123248321508193,-0.0136118497108131
"8474870",2019,-0.000160948730151519,0.000817504832160784,84.1683366733467,112.380276693863,-0.0135467869065407,0.091871419236799
"8475195",2019,0.000631872941704677,-0.000537494133681533,87.3746581586144,103.635032934862,0.0552096822811243,-0.0557032222463809
"8479346",2019,-7.95627941515834e-05,4.34303828586889e-05,52.6829268292683,75.1203852327448,-0.00419160086262,0.0032625070911503
"8476441",2019,0.000527862523978052,-0.00066959813497998,48.0237154150198,106.791569086651,0.025349919629776,-0.0715074354920072
"8475714",2019,-0.00148519920796637,-4.5233810482309e-06,77.1004942339374,107.551487414188,-0.11450959297006,-0.00048649635987838
"8477504",2019,0.00046539786014715,-0.00122408158414183,87.9632666448016,127.632508833922,0.0409379160680439,-0.156232603601423
"8476476",2019,0.0001014121140424,-5.0096192849424e-05,15.5172413793103,68.5714285714286,0.00157363625238206,-0.00343516750967479
"8476885",2019,0.000141413585384743,-0.000251499081831137,99.2948983824139,122.727272727273,0.0140416475906709,-0.0308657964065487
"8480005",2019,0.000101416677826106,0,60,NA,0.00608500066956637,NA
"8480035",2019,2.305148459635e-05,0.00118577320321186,73.7845567206864,73.8955823293173,0.00170084357269542,0.0876234013618405
"8475855",2019,-1.59698020309742e-05,-0.000407562280776317,15.4317207593386,118.096611391492,-0.000246441525523913,-0.048131724290671
"8476869",2019,0.000214382295752081,0.000541829634786705,21.8800648298217,84.8855564325178,0.00469069852942155,0.0459935100404974
"8479994",2019,3.78273411418534e-05,0,172.340425531915,0,0.00651918006912792,0
"8470775",2019,-0.000308302985741164,-0.000346152663102378,34.3949044585987,114.016172506739,-0.0106040517388681,-0.0394670017499477
"8473453",2019,-0.000374501267607798,0.000217879988511215,16.5289256198347,132.594849072279,-0.00619010359682311,0.0288897641925145
"8476983",2019,0.00011763911583767,-4.96852542847039e-06,57.7154308617234,50.9734513274336,0.00678959225676335,-0.000253262889097252
"8469514",2019,-0.000201997980376725,-6.87604844206985e-05,170.750988142292,157.434402332362,-0.0344913547520732,-0.0108252657688563
"8474550",2019,-0.000741082083622799,-0.000701908521508257,106.760492586077,110.702179176755,-0.0791182882942863,-0.0777028029136986
"8476874",2019,5.38949065032e-06,0.00137131890101647,73.7571557698102,99.6923076923077,0.000397513501415588,0.136709945824411
"8479410",2019,0.000366596316783385,-4.55649906785201e-05,84.4897959183673,34.41317047265,0.0309736479894534,-0.00156803579180462
"8471873",2019,4.94161576690149e-05,0.00150091908852525,13.3928571428571,119.898391193903,0.000661823540210021,0.179957784026398
"8478519",2019,0.000680303440646363,0.00170761856785004,41.7956656346749,137.219730941704,0.0284337351353743,0.234318960431441
"8476975",2019,8.26806330391377e-05,0.00168915890967446,3.11418685121107,102.279232481713,0.00025748294026029,0.172765876821151
"8477454",2019,-0.000218219899201144,-0.000383462445937768,44.5303440278315,50.6422018348624,-0.00971740718514564,-0.0194193825832704
"8477955",2019,-0.000605118444831297,0.00111636800790387,67.9958027282266,87.2689222183467,-0.0411455144019601,0.0974242328488137
"8475690",2019,0.000213232355310989,-0.0018650778737057,13.5508155583438,134.359368988072,0.00288947231789044,-0.250590686224713
"8474091",2019,0.000611490081979316,0.00126626780751494,78.5454545454545,117.307692307692,0.0480297664391027,0.148542954343099
"8479442",2019,-0.0010753763745562,0.00143439388880061,71.6778523489933,90.5057675244011,-0.077080668995035,0.12982091983821
"8471418",2019,-0.00136414160994222,0.000913530481239725,104.095361737283,123.525708289612,-0.142000814347815,0.112844499739287
"8480806",2019,-9.98745607579137e-05,0.000256506762490956,15.8590308370044,87.7118644067797,-0.00158391373889202,0.0224986863710287
"8478104",2019,-0.00034274480322795,0,73.270013568521,0,-0.025112916383052,0
"8476999",2019,-0.000200425988201684,0.000832453061314074,107.021399652979,98.3758700696056,-0.0214498697841756,0.0818932941988787
"8479496",2019,-3.59963259335236e-05,0.000586529998505584,103.95782516327,94.4747212207596,-0.00374209975791733,0.0554122580964276
"8473434",2019,-5.97861588457639e-05,0.000803029922834302,82.1072920012849,110.309010646585,-0.00490887960198434,0.0885814363074556
"8468011",2019,-4.67220999550006e-05,-0.00103222752531733,119.54780970325,86.6871165644172,-0.00558552471435665,-0.0894808278081837
"8476316",2019,-0.00112196881183518,-0.000226005853800677,123.34937439846,111.057424270582,-0.138394151034453,-0.0250996279931768
"8477512",2019,-9.86718433845036e-05,-0.000273007575591595,13.6020151133501,114.425427872861,-0.00134213590497813,-0.0312390086496005
"8476948",2019,-0.000444071352880325,0,85.7687420584498,0,-0.0380874413207395,0
"8476924",2019,-0.000458650533070054,0,93.8775510204082,0,-0.0430569888188214,0
"8476902",2019,-0.000121992845358952,0.000563588070936846,81.9767441860465,132.414900020063,-0.0100005762765187,0.0746274580656025
"8477501",2019,-0.00113194474275992,0.000505814960151806,45.1485148514851,64.2857142857143,-0.0511056240295569,0.032516676009759
"8471774",2019,-0.00114935819286612,-0.000667271056155476,86.7397806580259,109.39226519337,-0.0996950775467121,-0.07299429233082
"8477520",2019,0.000289550295795373,-0.000518779349195264,44.104134762634,91.0891089108911,0.0127703652663197,-0.0472551486395686
"8477961",2019,7.44377149470016e-05,0,76.4150943396226,0,0.00568816501010106,0
"8477945",2019,-0.000778013865464815,-0.000142804936807094,62.9213483146067,80.64,-0.0489536814225052,-0.0115157901041241
"8476439",2019,-0.000697510217548431,-0.000264811213881893,92.9889298892989,8.95522388059702,-0.0648607287166806,-0.00237144370640501
"8476889",2019,-4.3617486137726e-05,0.00216013154518014,94.8076204706761,147.242411286875,-0.00413527007163051,0.318062977409167
"8470619",2019,-0.00148146977698309,0.000749889424717203,132.331180270112,87.3842222931971,-0.196044644122671,0.0655285041848057
"8474636",2019,-0.000169513018538757,0.000364947375038327,105.280259951259,116.008316008316,-0.017846374656883,0.0423369304098516
"8475839",2019,-5.239937651675e-06,0.000365124570179544,82.0863616930312,98.6041611798789,-0.000430127417324327,0.0360028019687177
"8478413",2019,-0.0012745143297003,-0.000183171815660798,49.545572578551,16.9411764705882,-0.0631465422245697,-0.00310314605354764
"8475311",2019,-0.00130167486348892,0.00286451389049937,95.6652845834904,104.657451923077,-0.124525096250844,0.299792724777924
"8476779",2019,-0.00250900963850166,-2.59299299636518e-05,107.462686567164,13.8195777351248,-0.269624916376297,-0.000358340682799026
"8475236",2019,-0.000584671922768502,3.83724613415757e-05,91.4772727272727,97.8819287967553,-0.0534841929350732,0.00375597052879236
"8471817",2019,-0.00135615320786229,0,82.122905027933,0,-0.111371241092602,0
"8477478",2019,0.000169278540433992,0,31.1881188118812,0,0.00527947923135718,0
"8477930",2019,-0.000113710021650382,-0.00132521446237436,21.349147516679,153.97913561848,-0.00242761202633877,-0.204055377425513
"8477973",2019,0.000702713298991298,3.3131712822891e-05,83.6619718309859,114.084507042254,0.0587903802254692,0.00377981512486503
"8472382",2019,0.000169172655235472,-0.000676597548678215,15.6673114119923,111.845553921882,0.00265048067196774,-0.0756744276141025
"8477509",2019,6.05063070234759e-05,-0.000694152794308327,14.4578313253012,65.1701665459812,0.000874789981062302,-0.0452380532134319
"8478401",2019,0.00163930735895009,0.000735857773220769,95.3182535507627,76.9503063308373,0.156255914488036,0.056624481065266
"8470645",2019,-0.000983617213636247,-0.000708281866202808,96.8480224854447,117.625402669121,-0.0952613820233137,-0.0833119397153418
"8470543",2019,0.00027142227848897,9.14981199116017e-05,54.8387096774194,50.8833922261484,0.0148844475300403,0.00465573472341719
"8480113",2019,-0.000505534468322011,-0.00013038888868476,102.275618374558,73.469387755102,-0.0517038503572872,-0.00957959182173746
"8475752",2019,0.000289269364013863,0.000371770237642968,79.4904458598726,149.455111572392,0.0229941507190638,0.0555629623462246
"8476463",2019,0.000491515432480174,0.000122589233377196,27.2040302267003,109.257043402589,0.0133712006820803,0.0133937371917824
"8478397",2019,0.000466141258404691,-0.000308387812605994,84.7663217980735,40.6717557251908,0.039513079913291,-0.0125426737829369
"8475738",2019,-0.000328335810509352,0,83.495145631068,0,-0.0274144463143731,0
"8477462",2019,-8.49196159364232e-05,-0.00238432891091093,2.73348519362187,96.6831171812235,-0.000232126512810269,-0.23052435149218
"8476934",2019,-0.000661338601951049,5.9154986770159e-05,48.7975513773502,142.245762711864,-0.0322717044065313,0.00841454621133151
"8474685",2019,0.000577959147504982,0.000360637171162213,39.7606994937874,126.303479193061,0.0229800599836311,0.0455497294441309
"8478408",2019,-0.000265177417147087,-0.000143034561214483,14.1509433962264,91.3143735588009,-0.00375251062000595,-0.0130611113545585
"8480943",2019,0.000146314314647808,0.000117662780938187,20.6896551724138,13.5678391959799,0.0030271927168512,0.00159642969112114
"8471716",2019,8.22699720931511e-05,-0.000923620257457714,72.596326971552,97.4309657920044,0.00597249779401486,-0.0899892137091649
"8474688",2019,-0.000191428221946728,0.000836393662353164,17.0777988614801,95.3962632800098,-0.00326917267081699,0.079788830019574
"8476372",2019,2.3000021284235e-07,0.00165063183262585,11.9800332778702,63.716814159292,2.75541020376859e-06,0.105173001724833
"8480803",2019,0.00155893231531786,-0.000181914729371652,73.125,112.5,0.113996925557618,-0.0204654070543108
"8476915",2019,-0.000921253638004664,-0.00072639337372546,40.2047463936715,123.845927668333,-0.0370387688802247,-0.0899608612211596
"8465009",2019,-0.00010092759655514,0.00145219649827344,13.707758210376,127.447282701869,-0.00138349109033224,0.185078497654118
"8474000",2019,-0.000751744437429525,-0.000683146419253761,67.4789128397376,67.3087818696884,-0.0507268973710644,-0.0459817533186101
"8476857",2019,-0.000561545006902094,0,99.9369085173502,5.34124629080119,-0.0561190719831493,0
"8471217",2019,-7.05859729459711e-05,-0.000250961771067196,51.4285714285714,50.1070663811563,-0.00363013575150709,-0.0125749581219966
"8477413",2019,-0.0012641180844243,-0.000234490291184291,83.1633714880333,71.4893617021277,-0.105128321859719,-0.016763561242111
"8471686",2019,-0.000182220865526017,-0.00271416013471357,8.2004555808656,133.726610747534,-0.00149429411365299,-0.362955435841317
"8476480",2019,0.00163675153283427,-0.00145516890591433,93.3844011142061,115.310344827586,0.152847061666487,-0.167796028323363
"8477495",2019,-0.00220585151689433,9.74207749606975e-05,99.9423631123919,100.522903158335,-0.220458013273473,0.00979301912698415
"8476851",2019,-0.00174409252597788,6.50557482867613e-05,124.066230265691,12.3428571428571,-0.216382984932642,0.000802973807425168
"8477941",2019,-0.000141329552284358,8.99411186580355e-05,116.869956839932,60.7129168263703,-0.0165171786756799,0.005460587656356
"8475413",2019,0.00021505672049926,0,117.601170160897,0,0.0252909219816779,0
"8470803",2019,-0.00041136340023357,0.000854136129383169,21.7260108630054,102.571230020848,-0.00893728570211739,0.0876097933960777
"8471729",2019,-0.000577314772526154,-0.00164079845689546,48.6940298507463,109.4769956744,-0.0281117827666653,-0.179629685568107
"8475163",2019,0.00210679128374519,-0.00033610885338158,135.873318252173,72.1352536005009,0.286256722587214,-0.0242452973760539
"8475178",2019,-1.93518325220062e-05,-0.000508645236828619,36.2948960302457,91.0073330760324,-0.000702372749380942,-0.0462904464855995
"8477498",2019,0.00166763581212549,-0.00130957540061404,100.083165023167,101.611196048453,0.166902270183499,-0.133067522772025
"8464989",2019,-0.000231441427792616,-0.000414384308058122,11.6222760290557,117.928688421318,-0.00268987615836454,-0.0488677979516697
"8475208",2019,0.000176889427349707,-0.000201502424856731,24.3929983060418,113.116279069767,0.0043148635016981,-0.0227932045233288
"8475810",2019,-0.000168005604252501,0.000863284694868708,30.7036247334755,115.149892933619,-0.00515838102608959,0.0994071401853635
"8475755",2019,-0.000295630446285815,0.00011083936663169,25.1162790697674,86.1244019138756,-0.00742513679043442,0.00954597415966707
"8476442",2019,1.27911310248668e-05,0.00111904903605113,16.7344567112144,126.440854611777,0.000214052628423104,0.14149351647079
"8477949",2019,6.01595156250154e-05,0,137.832104252955,0,0.00829191262943439,0
"8477018",2019,-0.000251863788197589,0.000667208752129317,87.0350690754516,98.589907936138,-0.0219209822033821,0.0657800494466149
"8478874",2019,-0.000853552143187551,0,79.6351197263398,0,-0.0679727271154145,0
"8474668",2019,-0.000111188876748279,-0.000840849110440409,14.5601617795753,100.713110257817,-0.0016189280335442,-0.0846845291699721
"8476312",2019,-0.000459027079444033,-0.000178400534355927,17.3997100048333,119.785001279754,-0.00798693806669173,-0.0213697082361335
"8477969",2019,-0.00162653237205888,-0.00168009854668852,59.4832132184918,83.232810615199,-0.0967513718939578,-0.139839324151397
"8477450",2019,-0.00049643473438289,-8.27178668593967e-05,28.8,102.380216383308,-0.0142973203502272,-0.00846867310783066
"8477935",2019,-0.000194441008097973,0.00038287703662563,82.9355773210098,43.9024390243902,-0.0161260772614845,0.0168092357542959
"8478866",2019,-0.0016571570164753,-5.82431668844441e-05,55.8664472137315,8.55106888361045,-0.0925794749857824,-0.0004980413320285
"8476356",2019,-0.000894176197177234,-0.000853176531912029,56.25,113.311475409836,-0.0502974110912194,-0.0966746916159991
"8477937",2019,8.20169884106172e-05,0,71.6323296354992,4.85175202156334,0.00587506794954025,0
"8471242",2019,-0.000221214967595434,0.000258850350757561,94.7948560930802,25.7326661901358,-0.0209700410188446,0.00666090966924389
"8475156",2019,0.000231853097448225,-2.60122187371326e-05,108.653232424546,100.118976799524,0.025191588485393,-0.00260431672424712
"8479465",2019,-0.000232631554184851,0.000878421026769443,66.5391969407266,92.4929747089522,-0.0154791167985331,0.0812477738127979
"8473991",2019,-8.19423463035068e-05,-0.000503889910867231,25.1748251748252,78.8091068301226,-0.00206288424260577,-0.0397111138161565
"8480944",2019,-0.000263280897208408,-0.000521288840705578,8.97755610972569,132.122851072049,-0.00236361902730741,-0.0688741678660644
"8477953",2019,0.000562464697749222,0.00011714941601595,84.6153846153846,90.5992010652463,0.0475931667326264,0.0106136434963052
"8470606",2019,8.62235871536391e-05,0.00162662920816097,128.361687252389,127.288106919303,0.0110678051279945,0.207050552566455
"8475323",2019,5.97452167343338e-05,-0.000691345337744195,3.70751802265705,143.195666892349,0.000221506467810094,-0.0989976566911965
"8473415",2019,-6.35671610724036e-05,-3.74806668154363e-05,17.9700499168053,61.8253189401374,-0.0011423050575407,-0.00231725417995338
"8471743",2019,-0.000173580626624065,0.000219940713129936,36.8852459016393,101.872006965607,-0.00640256409678929,0.0224058018599935
"8474152",2019,-4.28356026081414e-05,0.000116222644611987,130.004458314757,81.1267605633803,-0.00556881931365762,0.00942876666147954
"8476792",2019,-0.000249359408505832,-0.0014294227969837,136.378291241268,32.5,-0.0340072100369587,-0.0464562409019701
"8471239",2019,-0.00217700999881278,-0.00125717918235152,90.0430141787478,97.3548101078765,-0.196024542190375,-0.122392440569407
"8476925",2019,-0.000597307610621301,-0.000721037464056575,91.130941540703,120.033204205866,-0.0544332049453468,-0.0865484371631827
"8476457",2019,0.000230588663927973,0.00060372035618625,33.0275229357798,95.927391203165,0.00761577238661195,0.0579133187851926
"8478493",2019,0.000101635928670517,0.000154633769862729,22.8571428571429,110.568319226119,0.00232310694104038,0.0170975960293204
"8474520",2019,-0.00067230161147798,-0.000731698784653851,67.9245283018868,82.1292775665399,-0.0456657698362402,-0.060093892579936
"8478846",2019,0.00044386799823605,0,76.3987138263666,0,0.0339109441739182,0
"8476323",2019,0.000459017943856669,-0.000329098900736947,85.7142857142857,97.6744186046512,0.0393443951877145,-0.0321445437929111
"8478868",2019,0.000262547978696428,0.000335010915970057,53.261600537996,88.368580060423,0.0139837255633874,0.0296044389490156
"8476407",2019,-0.000470044844119484,6.74764402186286e-08,74.2600896860987,5.9504132231405,-0.0349055722808011,4.01512702127377e-07
"8477366",2019,-9.43380693589798e-05,0.000504561900662713,132.885906040268,152.70413573701,-0.0125361998208577,0.0770486889665225
"8475786",2019,-0.000147321949988572,0.000655516616892127,59.6273291925466,141.520029951329,-0.00878441440925645,0.0927687312561678
"8470622",2019,-7.80691700331901e-05,0,71.169686985173,0,-0.00555615839445439,0
"8475455",2019,-0.000145019894605165,-0.00161297374929072,23.8213399503722,75.1384353258555,-0.00345456820895679,-0.121196323743384
"8471426",2019,-0.000170969829398399,0.000504069964689759,42.5791682563907,93.2701421800948,-0.00727975313272086,0.0470146772753292
"8470093",2019,-0.000136581632660375,0.00107772340748461,77.8140293637847,125.991600559963,-0.0106279671743881,0.135784097069922
"8474567",2019,2.07639528496517e-05,-0.000202487628483903,22.1486038807383,115.083295812697,0.000459892566665262,-0.0233029436472245
"8475235",2019,-7.45820483999556e-05,0.000719228926916751,18,85.6439704675964,-0.0013424768711992,0.0615976209762993
"8477455",2019,0.000341000905697601,-9.46686750643255e-05,29.6703296703297,102.20119317013,0.0101176092899288,-0.00967525154740936
"8474683",2019,-0.00011631483124443,0.00084034209021316,16.7053364269142,120.081688223281,-0.00194307838737796,0.100909696877877
"8478468",2019,0.000285992356569876,0.000231944746139981,21.4285714285714,105.298013245033,0.00612840764078306,0.0244233209511636
"8479976",2019,4.8069516548737e-05,-0.00119580513329001,78.0185758513932,71.0526315789474,0.00375031522299744,-0.084965101575869
"8474612",2019,0.000135840890565964,0.00103148548017943,13.3234641006662,122.6863881671,0.00180987122885814,0.12654922801002
"8477998",2019,-0.00119303553001634,-0.00134402301159927,59.9743699273815,75.5389479735556,-0.0715515542137095,-0.101526084348458
"8475844",2019,-0.00256556084857889,-8.00517220718666e-05,75.4792332268371,55.6291390728477,-0.193646565647528,-0.00445320838015682
"8475231",2019,0.000377880338364463,-0.000738415663155251,22.8260869565217,145.434693599017,0.00862552946266709,-0.107391255719699
"8476917",2019,8.76450540718675e-06,-0.000800596400720004,20.4400283889283,114.942528735632,0.000179146739337813,-0.0920225747954028
"8471392",2019,9.40669931689345e-05,0.000676416691292909,5.63821456538763,124.469791481019,0.000530369891007305,0.0841934445195095
"8477471",2019,7.79403068959525e-05,0,189.473684210526,NA,0.0147676370960752,NA
"8479407",2019,-2.94008178114886e-05,-0.000330898599417116,86.0377358490566,40.9448818897638,-0.00252957979661109,-0.0135486040706221
"8477952",2019,0.000351739716537516,2.63390119981339e-05,56.0038891589694,23.6065573770492,0.0196987920977744,0.000621773397988734
"8480023",2019,0.00068676153871551,-0.000212961457124912,86.8947891523498,62.7522935779817,0.0596759991046275,-0.0133638198782972
"8476877",2019,6.11119544981139e-05,-1.98101868975482e-05,51.4285714285714,45.0625869262865,0.00314290051704586,-0.000892698269096748
"8478495",2019,-0.000865476647344144,0,99.0586531498914,0,-0.0857329510185944,0
"8473673",2019,-0.00059990990742258,0.00109920171081379,106.299212598425,112.154453707767,-0.0637699507890144,0.123280367390963
"8471339",2019,0.000297520191044702,0.000999771093193673,30.6818181818182,76.304347826087,0.00912846040705335,0.0762868812415173
"8476879",2019,-0.000571381012151257,0.00141455683177265,29.4617563739377,135.344725987036,-0.0168338881766943,0.191452806789359
"8470047",2019,-0.000434734539129714,-0.000663903363931688,50.4591590140164,126.38731596829,-0.0219363392388314,-0.0839089642296449
"8475175",2019,-0.00011967559080103,0.00248168018454589,13.1386861313869,133.542319749216,-0.00157238002512303,0.331409328719921
"8471769",2019,4.25035947702055e-06,-0.000790818610280385,2.98013245033113,127.50565184627,1.26666342030414e-05,-0.100833842395962
"8474218",2019,0.000505089390492616,-0.00144614493684647,43.9739413680782,86.4751958224543,0.0222107712431607,-0.125055666601449
"8478417",2019,-0.000599230003552119,-9.96540133925618e-05,76.2352941176471,88.6699507389163,-0.0456824755649145,-0.00883631645845375
"8474134",2019,-5.43620186723402e-05,0.000320439213760579,40.7239819004525,51.2236767216847,-0.00221383786448444,0.0164140746946227
"8475832",2019,0.000336311876329812,-0.00134134750619249,28.9738430583501,125.597269624573,0.00974424752343921,-0.168469584395507
"8479345",2019,0.000285194899544758,1.9487691967094e-05,114.547957778798,8.67469879518072,0.0326684933117814,0.000169049858027804
"8480112",2019,0.000226339240097187,0,169.127516778523,NA,0.0382801936271752,NA
"8475220",2019,-3.93656927123671e-05,0.00258266102154058,6.6543438077634,138.175559380379,-0.000261952853538857,0.35686063134127
"8468493",2019,-0.000326757361893902,0.000470522605345814,23.2758620689655,124.826190266655,-0.00760555928546151,0.0587335442596587
"8475160",2019,-0.000312898073517199,-0.000291232037701932,34.634974533107,25.2927400468384,-0.0108372168077264,-0.00736605622290601
"8477361",2019,0.000786772283297015,-0.000837024051351877,75.4168448054724,126.659412404788,0.0593358831866582,-0.106016974512904
"8478131",2019,0.000316561568361716,-0.000242583672284945,103.286908077994,20.5128205128205,0.0326966656124023,-0.00497607532892194
"8480208",2019,7.96933570117266e-05,0,65.9079663532904,0,0.00525242709250964,0
"8473614",2019,-0.000419485371740021,0.000114065680838415,69.3520140105079,82.4427480916031,-0.029092155378117,0.00940388819125863
"8478474",2019,-0.000429695922436295,0.000468363724834721,44.1509433962264,87.7637130801688,-0.0189714803490742,0.0411053395635536
"8479945",2019,0.000295188524544284,-0.000177865018741588,76.5432098765432,96.4739069111424,0.0225946771873403,-0.0171593332608246
"8476880",2019,0.00138281234054481,0.000958980412988162,104.487072560467,128.284023668639,0.144486013364015,0.123021865997535
"8475324",2019,-2.73396741863356e-05,0.00153127888011487,11.9601328903654,104.144645340751,-0.000326986136447867,0.159474495887345
"8477215",2019,-6.97377101622401e-05,-0.00177067500841225,9.6411355115158,135.959628845841,-0.000672350713936969,-0.240740316950335
"8476479",2019,4.70118254480479e-06,0.000806268838474133,75.3138075313807,134.100659202679,0.000354063957349314,0.108121182733959
"8473564",2019,9.71402282275715e-05,-0.000338784359309026,23.3983286908078,95.4296160877514,0.0022729189891688,-0.0323300613453952
"8479416",2019,4.71605131472077e-05,0,24.7422680412371,0,0.0011668580572505,0
"8479372",2019,0.000704859342660769,0.000250624559978425,124.137931034483,43.9024390243902,0.0874997804682334,0.0110030294624674
"8479482",2019,-0.000127762399595522,0.000403050096074408,12.4567474048443,92.2533136966127,-0.0015915039395982,0.0371827069486023
"8476329",2019,0.000444776687506973,-0.00016172416118443,62.1135873472322,97.0641102456561,0.027626675629477,-0.0156976118105917
"8477996",2019,1.06036025817181e-05,0.00035545465926721,25.6410256410256,94.4856839872747,0.00027188724568508,0.033585376607326
"8477482",2019,0.000133942054991398,1.65315586523315e-05,17.4757281553398,84.7058823529412,0.00234073494159724,0.00140032026231514
"8476873",2019,-6.65090334185727e-05,0.000392386368978467,29.2682926829268,108.425801731496,-0.00194660585615335,0.042544806645001
"8477903",2019,-0.000455977663722273,-0.000959726629879032,30.920245398773,85.1828419587498,-0.0140989412586519,-0.0817522418365892
"8474040",2019,-0.00146360343591481,8.63984670092048e-05,109.888220120378,9.32642487046632,-0.160832776534748,0.000805788811484811
"8478881",2019,-0.000283556269261645,-5.03447301330583e-06,30.2158273381295,27.979274611399,-0.00856788727265401,-0.000140860902962961
"8477936",2019,-0.000390555837400659,0,25.5681818181818,0,-0.00998580266081229,0
"8479016",2019,-0.000353737443557067,-8.19317289305505e-05,91.4285714285714,78.2608695652174,-0.0323417091252176,-0.00641204835108656
"8474176",2019,-0.000214274934051118,0.000768820956400538,9,101.278772378517,-0.00192847440646007,0.0778652426431236
"8479290",2019,-3.70303446418424e-05,-0.000116968116061828,23.5294117647059,102.295081967213,-0.000871302226866879,-0.0119652630200952
"8477220",2019,0.00107522390887298,5.86848497221379e-05,91.5512856739192,80.6495263870095,0.098438131244658,0.00473290533618325
"8477465",2019,-0.000428498153509468,0,94.1860465116279,0,-0.0403585470165894,0
"8475766",2019,4.24731750077362e-05,0.00114582943121054,31.7180616740088,118.130593304607,0.00134716678438635,0.135357510534782
"8475246",2019,-3.17572659270029e-06,0.00158917172118272,27.1551724137931,130.377770839838,-8.62374031638442e-05,0.207192666489512
"8480950",2019,0.000395518831586764,-2.81446812297987e-05,35.2078239608802,49.4602551521099,0.0139253573957198,-0.00139204311480064
"8477529",2019,-0.000672699798424613,0.000192636406724263,76.2396694214876,110.845022237427,-0.0512864102517939,0.021352786787089
"8476822",2019,1.47659543185318e-05,0.00100281622100871,25.0871080139373,152.486187845304,0.00037043509091787,0.152915622651052
"8478211",2019,5.74940420249089e-05,0,20.532319391635,0,0.00118048603397151,0
"8473933",2019,-0.00022686034250927,-0.00107480567882068,20.3198494825964,114.094601051123,-0.00460976801335864,-0.122629525132527
"8477205",2019,-7.32164861035509e-05,-7.85406528194491e-05,87.8048780487805,64.8648648648649,-0.00642876463348252,-0.00509452883153183
"8477346",2019,-0.000696126566746079,-0.000838489514756617,51.7675254643499,80.0996796012816,-0.0360367497704382,-0.0671627414810391
"8476331",2019,-0.000303237501435686,0.00254098541986344,69.4630872483221,99.5264303084603,-0.0210638130191903,0.252895208304853
"8470642",2019,-0.000759304811305941,0.000193751700452443,118.808411214953,121.596244131455,-0.0902117982591287,0.0235594790690999
"8478499",2019,-0.000190013492293105,-2.45196624546794e-06,110.443864229765,91.9093851132686,-0.0209858243446432,-0.000225358709939448
"8478055",2019,1.70543283694029e-05,0.000273282910317527,38.2470119521912,87.1237977040025,0.000652277100981146,0.0238094449944653
"8474207",2019,1.60995557836369e-05,0.000882121821413159,12.9496402877698,65.6455142231948,0.000208483456190981,0.057907340574168
"8470755",2019,0.000522705083310187,-1.59751012664552e-06,50.6070287539936,136.321871084505,0.0264525511809372,-0.000217775569540761
"8473546",2019,-7.98648428363304e-05,-0.00106161453429405,11.0599078341014,126.363636363636,-0.000883297800954806,-0.134149472969884
"8476437",2019,-0.000921311326990427,0.000335936662899905,71.5124153498871,16.6666666666667,-0.0658851982822951,0.00559894438166508
"8474013",2019,0.000120375950473563,-0.000132373073731005,12.6493323963457,134.682291287576,0.00152267541006615,-0.0178283088748709
"8477507",2019,-0.000202914206259163,0.001827639579374,32.7272727272727,91.6224814422057,-0.00664082856848168,0.167452873444235
"8476399",2019,0.00146562097817752,-0.0016567400854241,86.0717264386989,115.209125475285,0.126148527896514,-0.19087157638156
"8476932",2019,0.000212327054729741,0.000231273954144897,90.9278350515464,80.6548901335631,0.0193064394094465,0.0186533753623114
"8477451",2019,-0.000263110930855347,-0.000810106398119033,33.5977601493234,58.3120204603581,-0.00883993794754315,-0.0472389408621841
"8480009",2019,4.58956593727557e-05,0,116.129032258065,NA,0.00532981850780389,NA
"8479644",2019,-1.9053483142664e-05,0,50.2463054187192,0,-0.000957367133276713,0
"8474230",2019,0.000143640765277073,0.000125551037950937,33.75,21.5568862275449,0.00484787582810122,0.00270648944085852
"8475277",2019,0.000413166184547812,2.50851411897317e-05,120.502092050209,87.1406959152799,0.0497873896024141,0.00218593666040627
"8479385",2019,0.000379895983738164,0,38.961038961039,0,0.0148011422235648,0
"8477939",2019,-0.000549521632011157,4.02841482096656e-05,90.3225806451613,13.2029339853301,-0.0496342119235884,0.000531868949467467
"8476467",2019,-0.000135864481053731,0.0011701449987939,17.9551122194514,52.7648234510326,-0.00243946200395726,0.0617424942734691
"8474291",2019,2.98105027648222e-05,0.000832648249115116,3.71134020618557,126.106386045841,0.000110636917477691,0.105002261543305
"8474849",2019,2.98105509370334e-05,-0.00089337747876693,3.07692307692308,88.7700534759358,9.17247721139488e-05,-0.0793051665643371
"8477401",2019,-0.000808670356317074,2.14385976186574e-05,110.769230769231,105.209656925032,-0.089575793315122,0.00225554750041275
"8476858",2019,0.000154190822877943,0.000126194510394928,108.542713567839,36.734693877551,0.01673629032243,0.00463571670838512
"8478491",2019,-1.07986461930211e-07,0.000552299666938294,12.565445026178,84.2049934296978,-1.35689795095553e-06,0.0465063898257633
"8476921",2019,-0.000264903562584082,-0.000937014654830036,18.6528497409326,77.8474014006635,-0.00494120634871863,-0.072944155952858
"8479944",2019,5.24647814660532e-05,-0.000219259224101184,16.0714285714286,135.176226675881,0.000843183987847283,-0.0296386345778795
"8473607",2019,0.00135196836414644,-0.00228206558960653,118.258212375859,101.955495616993,0.159881361932674,-0.232669128218819
"8475179",2019,-6.79292849543794e-05,-0.000278798337826496,5.625,95.5926635641938,-0.000382102227868384,-0.0266510757101047
"8476392",2019,-3.38898975522203e-05,0.000676204374507926,7.95140806184428,132.510380428684,-0.000269472404611801,0.0896040989135854
"8479293",2019,-6.79287870187307e-05,0.000303871542515067,4.24528301886792,135.300316122234,-0.000288376926022913,0.0411139157628394
"8474250",2019,-0.00017308332842164,0.00243072422356043,12.7478753541076,122.502744237102,-0.00220644469659315,0.297770387869752
"8480144",2019,3.76703423822689e-06,-0.000846028662966648,18.2344428364689,152.362877206301,6.86897704799694e-05,-0.128903361288598
"8478233",2019,-0.000397853961833774,-0.000111170823656805,57.8947368421053,73.469387755102,-0.0230336504219553,-0.0081676523502959
"8471691",2019,-0.000160045872127119,-0.000169049970480233,94.8755490483163,123.529411764706,-0.015184439990977,-0.0208826434122641
"8478856",2019,0.000214311884335344,0,115.979381443299,0,0.024855759781161,0
"8480935",2019,-0.000673536282679765,-0.000254836951648796,83.0393487109905,63.9289678135405,-0.0559300142469493,-0.0162914632796567
"8480172",2019,-8.95685175783894e-05,-0.000909058464788345,14.5161290322581,88.2901554404145,-0.00130018815839598,-0.0802609131605876
"8476409",2019,3.67507180403529e-05,-6.48428974828513e-05,53.3333333333333,76.5957446808511,0.00196003829548549,-0.00496669001996308
"8478430",2019,0.000242981198221123,0.000108296695150167,30.379746835443,15.7549234135667,0.00738170728773033,0.00170620613803327
"8476166",2019,7.26867838161974e-05,-0.000634872468677703,53.8461538461538,77.3318258903335,0.00391390374394909,-0.0490958472103504
"8479511",2019,0.00051608356715932,0,143.08426073132,0,0.0738434356825737,0
"8479404",2019,0.00021558646924418,0,82.3327615780446,0,0.0177498293717335,0
"8477959",2019,0.000690460454576075,0,90.4109589041096,0,0.0624251917835903,0
"8479312",2019,-0.000313009273492845,-1.84561228956342e-05,137.979094076655,78.5046728971963,-0.0431887359941347,-0.00144889189087222
"8478056",2019,0.000499905339387373,-0.000453353438295786,41.4985590778098,111.627906976744,0.0207453512598794,-0.0506068954376691
"8476412",2019,0.000832304703923062,0.00174805822915088,108.720468174265,99.8549116668089,0.0904885570741582,0.1745522000603
"8477510",2019,-6.19223489604758e-05,0,44.4444444444444,NA,-0.00275210439824337,NA
"8476967",2019,-0.000117685436122227,2.57997528049663e-05,4.8780487804878,85.8369098712446,-0.000574075298157204,0.00221457105622028
"8479394",2019,-0.00222364998838119,0.000711153991841703,121.055354371443,99.2656975872921,-0.269184737341541,0.070593197092154
"8474098",2019,6.08719285113825e-05,0.000328750300235377,6.3102541630149,106.066945606695,0.000384117340299697,0.0348695402132502
"8478406",2019,0.00142529882334159,-0.000470971761907335,97.2077324332617,94.1372418387741,0.138550066656832,-0.0443359826499043
"8477463",2019,-5.57073295032632e-05,-0.00037443127978497,4.52261306532663,44.6578631452581,-0.000251942696245914,-0.016721300849941
"8474145",2019,-1.7201657922694e-05,-0.000395764602603201,10.7569721115538,124.509926332876,-0.000185037754546907,-0.0492766215152843
"8475204",2019,-0.000523677269681013,0,139.563862928349,0,-0.0730864226844529,0
"8480420",2019,0.0016542966049301,-0.00137793239531069,120.109190172884,110.769230769231,0.198696225523907,-0.152632511480569
"8473584",2019,-7.27210340298861e-05,-0.000230372773545607,7.05882352941176,91.4221218961625,-0.000513324946093314,-0.0210611677846435
"8475462",2019,-7.2721118248906e-05,0.00137941913973261,5.94059405940594,117.470846260832,-0.000432006643062808,0.16204153369278
"8468674",2019,-0.000102966791560945,-0.00243522869971418,20.9476309226933,140.806105413785,-0.00215691034691257,-0.342895068998629
"8480925",2019,-0.000475303378551531,0.000374594847352801,84.5401174168297,91.9148936170213,-0.0401822034313623,0.034430845543917
"8478038",2019,0.00231178164699209,6.10138970853882e-05,91.9600458490257,7.7502691065662,0.212591546250329,0.000472874121652094
"8475841",2019,0.000112061244116381,-7.34658806083254e-05,79.2176039119804,14.5161290322581,0.00887722325029525,-0.00106644020237892
"8478452",2019,-0.000642794618382036,-0.000874628369789728,38.2978723404255,71.5025906735751,-0.0246176662359077,-0.0625381943165712
"8477845",2019,0.000177012389050988,0.000727570802511411,29.2089249492901,72.7984344422701,0.00517034158688484,0.0529660153687367
"8475188",2019,-3.04542002740335e-06,-0.000872103025232326,20.093023255814,140.658227848101,-6.11916954343371e-05,-0.122668466030147
"8479675",2019,0.000144644575650797,-8.06941255697071e-05,51.9230769230769,97.2972972972973,0.00751039142802214,-0.00785132032570123
"8476447",2019,8.68639901181957e-06,0.000253142090300317,10.3746397694525,75.1958224543081,9.01182606413558e-05,0.019035227677935
"8476326",2019,-7.7245020772248e-05,0.00177851827061645,20.9302325581395,112.822240943555,-0.00161675624872147,0.200656416850004
"8474131",2019,9.27671360763204e-06,0.00110198139667704,14.9377593360996,85.8181818181818,0.000138573315300728,0.0945700398602845
"8477405",2019,0.000176437870517313,0.000463200034002774,64.1221374045802,120.382165605096,0.0113135733766827,0.0557610232016078
"8478416",2019,0.000299606871491874,0.00127435001813966,11.8968935888962,109.639564124057,0.00356439106864094,0.139719180530316
"8475790",2019,-5.63739079235596e-05,-0.00056752014254344,8.26319816373374,99.2156031375874,-0.000465828772436453,-0.056306853235177
"8474125",2019,-8.21630732323042e-05,0.000937131400338622,8.80195599022005,97.7323538805494,-0.000723195754611969,0.0915880576504689
"8477957",2019,1.96984673329629e-05,0,39.1304347826087,0,0.000770809591289854,0
"8480147",2019,4.07982775008114e-05,0.000844145248504771,70.0729927007299,84.108608713955,0.00285885740151671,0.070999882404232
"8473588",2019,0.000440197231341228,0,123.809523809524,0,0.0545006095946282,0
"8479316",2019,0.000203758947586983,-0.000148577779143609,61.8881118881119,121.368821292776,0.0126102565464671,-0.0180327099249582
"8476207",2019,-0.000226901878369643,-0.000139625228652909,18.8976377952756,85.8247422680412,-0.00428790951249718,-0.0119832992632522
"8476897",2019,0.000984450310448074,-0.00045370336767187,71.4968738506804,100.425531914894,0.0703851196583691,-0.0455634020300261
"8480160",2019,-0.000134070445864411,0.00116269863684075,34.2857142857143,77.6866637893828,-0.00459670100106554,0.0903261780886213
"8478870",2019,0.000199809065737582,2.97057666330073e-06,71.5313463514902,41.1428571428571,0.0142926114854426,0.000122218011290087
"8475735",2019,-8.22524987672387e-05,0.000505685412452782,24.3478260869565,30.9012875536481,-0.00200266953520233,0.0156263303418885
"8477357",2019,-0.000160075651109932,0.000703837881431626,37.3056994818653,102.315789473684,-0.00597173413467105,0.0720137285001621
"8476428",2019,-3.59261001164392e-05,0.000139521655152432,27.6214833759591,14.8760330578512,-0.000992332177129266,0.0020755287543337
"8476473",2019,-6.96433399868513e-05,-0.00145230592411497,10.7462686567164,124.303700877528,-0.000748406041649745,-0.180527001173849
"8477417",2019,-0.000973805139775325,0,73.8684369342185,0,-0.0719334635537114,0
"8479368",2019,-8.76742021218774e-05,6.27393703800058e-05,94.7368421052632,62.5668449197861,-0.00830597704312523,0.00392540445693084
"8479414",2019,-0.000217184545773074,0,83.8427947598253,0,-0.0182093592962577,0
"8480326",2019,0.000111597060065358,0.000967776255028101,24.1071428571429,95.6756756756757,0.00269028626943273,0.0925926471026886
"8475268",2019,-6.05073503688393e-05,0.0017278524795107,16.0237388724036,124.981791697014,-0.000969553982171311,0.215950098677375
"8473463",2019,-9.51454826789056e-05,-0.00073701772600993,7.13813615333774,124.615384615385,-0.000679161409737066,-0.0918437473950836
"8476429",2019,4.30513448109023e-06,-0.00159136357624869,3.18021201413428,145.92,1.36912403992269e-05,-0.232211773046209
"8477963",2019,0.000125815688064668,0,19.6990424076607,0,0.00247844857473492,0
"8476419",2019,-0.000327815760626573,-0.00144053599872191,93.9797549280767,122.033898305085,-0.0308080448452464,-0.175794223572844
"8477968",2019,-0.000308486225816229,-0.000190164301911394,83.3684210526316,124.615384615385,-0.0257180095627845,-0.0236973976228045
"8471226",2019,-0.000105453159026978,0,60.4955853033324,11.5015974440895,-0.00637945057742244,0
"8478541",2019,-4.40881872013909e-05,-8.48590055796014e-05,15.1898734177215,55.1959114139693,-0.000669693982805937,-0.00468387015464921
"8473914",2019,0.000153135886097565,0,67.9245283018868,NA,0.0104016828292686,NA
"8476509",2019,5.25071061434462e-05,0.000214126978024452,86.2275449101796,93.8110749185668,0.00452755885308758,0.0200874819775381
"8470621",2019,0.000308212059769067,0.000151573915624194,120.431654676259,9.23076923076923,0.0371184883491668,0.00139914383653102
"8477472",2019,-5.05772241134566e-05,-0.000655769692262445,5.625,109.938922820655,-0.000284496885638193,-0.0720946135857657
"8477962",2019,0.000329248406989965,1.279119610685e-05,63.3093525179856,37.3702422145329,0.0208445034641129,0.000478010096726575
"8478476",2019,-0.000122932247689033,0,123.076923076923,0,-0.0151301227924964,0
"8479294",2019,-0.000545264121136892,-0.000330175827174575,97.212543554007,113.76404494382,-0.0530065121244574,-0.0375621376420513
"8476465",2019,0.000173633849496025,0,38.0952380952381,0,0.00661462283794379,0
"8479250",2019,0.000116717513701381,0,51.9230769230769,0,0.00606033244218709,0
"8480022",2019,6.95760166856269e-05,0.000402019059602766,137.142857142857,78.75,0.00954185371688598,0.0316590009437178
"8475834",2019,0.000186827527009041,-0.00067292408952816,70.4691191360108,80.3471791692498,0.0131655712586864,-0.0540675523886234
"8473465",2019,-0.000409306330144893,0,62.8053035589672,0,-0.0257066083133569,0
"8480769",2019,0.000153597279310598,0,103.361344537815,0,0.0158760213068938,0
"8479772",2019,-0.000135225845839016,0,82.2857142857143,0,-0.0111271553147533,0
"8479365",2019,0.000105337988864578,0.000130526864506257,50,33.9622641509434,0.0052668994432289,0.00443298785115589
"8480762",2019,-1.9814965101555e-05,0,40.4494382022472,0,-0.000801504206355033,0
"8477244",2019,-0.000123519445592305,0.00038641389530011,19.4070080862534,104.667176740627,-0.0023971428794194,0.0404448514744109
"8471284",2019,-0.000279260283657112,0.000950709096912986,70.5154639175258,80.3245436105477,-0.0196921684558211,0.0763652743159315
"8478915",2019,-0.000273012624953859,0,38.135593220339,0,-0.0104114984092573,0
"8475772",2019,-0.000246810175965942,0.00174999125305354,6.90978886756238,112.628767645937,-0.00170540620629058,0.197099358222589
"8478488",2019,2.16757238272386e-05,0,70.7269155206287,0,0.00153305708797758,0
"8470151",2019,0.000103699298813011,-0.00165471433771505,5.14837325706114,114.349775784753,0.000533882696784898,-0.189216213505532
"8479366",2019,-4.21917469346635e-05,0,64.4776119402985,0,-0.00272042308593651,0
"8476982",2019,0.000136998707699578,0,65.4545454545455,NA,0.008967188140336,NA
"8479026",2019,-4.83647308410858e-05,0.000327646489294978,63.1578947368421,56.973293768546,-0.003054614579437,0.0186670996868355
"8477680",2019,4.95258816929977e-05,0,43.3734939759036,0,0.00214811053126255,0
"8480821",2019,-0.00012399522679041,0,96.875,0,-0.012012037595321,0
"8479415",2019,0.000307509112783361,-6.77701415097267e-05,41.5156507413509,13.2841328413284,0.0127664409260967,-0.000900267562490834
"8477380",2019,-1.05397896499677e-05,0,109.830508474576,0,-0.00115759045647102,0
"8478911",2019,5.32241304703051e-05,-7.97698578713997e-05,47.0588235294118,83.3719314497452,0.00250466496330847,-0.00665056712221025
"8477989",2019,-0.000443605986859304,0,91.2,0,-0.0404568660015685,0
"8478425",2019,-0.000152588272036458,0,118.942731277533,0,-0.0181492658369355,0
"8477967",2019,-0.00084850440428801,-0.000259140223095506,123.711340206186,105.451586655818,-0.104969617025321,-0.0273267476917637
"8480336",2019,-7.88372721160289e-05,8.65721085428661e-05,16.2650602409639,20.6303724928367,-0.00128229298020047,0.00178601484672962
"8477464",2019,-0.000349853090473268,6.27821416082902e-05,45.9016393442623,600,-0.0160588303823795,0.0376692849649741
"8478470",2019,-0.000281309623553385,-0.0010895274100796,119.066147859922,80.3400637619554,-0.0334944532324264,-0.0875327015961931
"8476370",2019,0.000131176295016944,-0.0001323450224889,61.407249466951,107.722007722008,0.00805517547225586,-0.0142564715345185
"8475902",2019,-0.000901897521870952,-0.000133720771685896,69.6132596685083,80.3245436105477,-0.0627840263843867,-0.0107410599569199
"8477433",2019,9.30694361693222e-05,0.000377329104211524,8.05369127516779,131.115391350026,0.000749552506061655,0.0494736531664488
"8474722",2019,-0.000180933393410505,0.000792501535810344,70.5882352941177,77.2431729518856,-0.0127717689466239,0.0612153331952333
"8476444",2019,-0.000280164376210519,0.000123391703385996,113.207547169811,63.716814159292,-0.0317167218351531,0.00786212623344399
"8474025",2019,-0.000376845281694309,0,93.4351145038168,0,-0.0352105820453308,0
"8476922",2019,0.000190697369616965,-0.000328323605912314,10.1408450704225,78.4676354029062,0.00193383248062274,-0.0257627770028949
"8477384",2019,-8.92162758747097e-05,-0.000345844745895224,9.86301369863014,96.0817717206133,-0.000879941351093027,-0.0332293759258784
"8479336",2019,0.000614366470251642,0.000121296138100787,127.454909819639,78.2608695652174,0.0783040230621331,0.0094927412426703
"8478841",2019,-0.000126211839939393,0,232.258064516129,0,-0.0293137176633429,0
"8479315",2019,-5.82672692894315e-05,-0.000645934595098729,13.3168927250308,96.6751918158568,-0.000775938974507842,-0.0624458508816674
"8480073",2019,-9.35503522737313e-05,0,23.5294117647059,0,-0.00220118475938191,0
"8480314",2019,-0.000340169073119885,0,76.7879548306148,0,-0.0261208874215018,0
"8474008",2019,-0.000130342534771256,0.0001347981856161,112.5,33.6448598130841,-0.0146635351617663,0.00453526605811177
"8470611",2019,-8.66598893978052e-05,0.00239124524558315,6.12244897959184,139.443535188216,-0.000530570751415134,0.333443690546128
"8476806",2019,-8.66601685574753e-05,5.80100040811953e-05,11.214953271028,124.433849821216,-0.000971889740831499,0.00721840813596757
"8481433",2019,-0.000101063093485988,0,90.3010033444816,0,-0.00912609874288186,0
"8474584",2019,-8.08190713705297e-05,-0.00142189794493376,13.1868131868132,104.157549234136,-0.0010657459960949,-0.148101405205355
"8477964",2019,-6.64158921273588e-05,-0.000186549045607969,5.49059481443823,100.987238141103,-0.000364662752910765,-0.0188390728938074
"8481426",2019,-0.00018441339987036,0,60.4477611940299,0,-0.0111473771563427,0
"8479411",2019,-0.000201830942854542,0,156.521739130435,NA,-0.0315909301859283,NA
"8479291",2019,-9.93186418352247e-05,-0.000660267138081232,9.47368421052632,96.6740576496674,-0.000940913448965286,-0.063830703371046
"8479968",2019,-7.30297224018675e-05,0.000370531532734352,78.5454545454545,74.6543778801843,-0.00573615274138305,0.0276618010612742
"8479423",2019,0.00017207883856931,0,105.709624796085,0,0.0181903894605078,0
"8478106",2019,-1.89384496816829e-05,0,12.9963898916968,0,-0.000246131476007431,0
"8476477",2019,-0.000175055808196589,0,34.5047923322684,0,-0.00604026430838069,0
"8475728",2019,-4.23929182303547e-05,0.00163339123623195,13.6363636363636,124.747866563227,-0.000578085248595746,0.203762071983008
"8474090",2019,-0.000108546324968518,0.00120192838796239,24.5315161839864,77.1428571428571,-0.00266280592767745,0.0927201899285271
"8478109",2019,-0.000940146895927044,0,145.531914893617,0,-0.136821378045553,0
"8475321",2019,-0.000215413062520592,0.000231529569106042,37.5,42.8571428571429,-0.0080779898445222,0.00992269581883035
"8480800",2019,-0.000162116780336093,0,97.7777777777778,0,-0.0158514185217513,0
"8478036",2019,-0.000150796437563743,-0.000252940801393442,4.8582995951417,92.5449871465296,-0.000732614271564744,-0.023408403213789
"8476191",2019,-9.13298279151529e-05,0.000377992920425731,8.84520884520884,90.52734375,-0.000807831401706512,0.0342186950424466
"8474628",2019,-5.30024980632943e-05,0.000489025207888274,115.33180778032,93.1034482758621,-0.00611287391851266,0.0455299331482186
"8480157",2019,-3.51610449616399e-05,-4.82817810135097e-05,52.1739130434783,211.764705882353,-0.00183448930234643,-0.010224377155802
"8477480",2019,-0.000176432332190104,9.63263453704107e-05,67.9245283018868,18.2741116751269,-0.0119840829412146,0.00176027839255573
"8478916",2019,-0.000430470360644836,-0.00010873261838108,38.0549682875264,214.285714285714,-0.0163815359230593,-0.0232998467959456
"8477502",2019,6.31688621411498e-05,0.000235140842462058,1800,109.830508474576,0.11370395185407,0.0258256382907481
"8479292",2019,4.82829256631181e-05,-0.00032628595712658,211.764705882353,189.473684210526,0.0102246195521897,-0.061822602402931
"8480363",2019,7.62598288659617e-05,3.25942606466898e-05,105.882352941176,53.7313432835821,0.00807457011521948,0.00175133340788184
"8480948",2019,6.79441358627192e-05,0,9.04522613065327,0,0.000614570073130123,0
"8481486",2019,1.71851067409086e-05,0,234.782608695652,0,0.00403476419134376,0
"8480074",2019,-0.000213877719898721,0,49.390243902439,0,-0.0105634727510953,0
"8471260",2019,2.74955507793943e-05,3.0108735925632e-05,2.39043824701195,122.208751239943,6.57264162057235e-05,0.00367955101888469
"8480069",2019,-0.000670674941495094,0,52.0795660036166,0,-0.0349284598825655,0
"8474709",2019,2.03547586707057e-05,0.000279389863147418,15.929203539823,92.7400468384075,0.000324235093869648,0.0259106289944678
"8477365",2019,-9.34791620240275e-05,7.88496089298693e-05,17.6039119804401,53.1147540983607,-0.00164559894027628,0.00418807758906191
"8476374",2019,-0.000169866373211304,0.000309213465761023,1.93652501344809,122.838709677419,-0.000328950480667398,0.037983383148967
"8480901",2019,0.000104446052414789,-0.000729337259496591,21.4285714285714,89.4409937888199,0.00223812969460262,-0.0652326492965895
"8474818",2019,0,0.000206611124906269,0,110.733633275181,0,0.0228788005359434
"8476285",2019,0,0.000214149319480579,24.1610738255034,81.1553363860514,0,0.0173793600592904
"8476443",2019,0,-0.000372028023856192,11.7647058823529,91.8247220405494,0,-0.0341613698818897
"8475343",2019,0,0.000725070098386371,5.46282245827011,96.579476861167,0,0.0700268907898306
"8477353",2019,0,-0.00056751202796541,0,111.661851908165,0,-0.0633694440227759
"8476043",2019,0,-6.57362842782075e-05,0,125.828415796641,0,-0.00827149251108448
"8476624",2019,0,-0.00114668145008274,3.63269424823411,117.456647398844,0,-0.134685358761164
"8477922",2019,0,-0.000305380688904909,3.54679802955665,117.345202251604,0,-0.0358349587032806
"8471717",2019,0,-0.000299203198505171,0,93.1279620853081,0,-0.0278641841261924
"8474579",2019,0,0.000142256636319796,0,93.9501779359431,0,0.0133650362948135
"8474066",2019,0,-0.000872085027102567,5.17985611510791,129.969230769231,0,-0.113344220137884
"8475430",2019,0,0.000941681359895311,0,109.675846941262,0,0.103279700695318
"8471768",2019,0,0.00102723551707474,0,137.270642201835,0,0.141009279121384
"8474697",2019,0,0.00181043123814073,0,100.337154416723,0,0.181653518702185
"8471794",2019,0,-0.00115755247035144,0,131.529949060249,0,-0.152252817459891
"8478176",2019,0,-0.00134505653924634,0,106.69828097214,0,-0.14351522054792
"8470110",2019,0,0.000115604347638766,9.04522613065327,155.466472303207,0,0.0179726001103125
"8474062",2019,0,-0.000390981297195699,7.20480320213476,119.557195571956,0,-0.0467446274138031
"8478506",2019,0,7.13843784888826e-05,NA,61.0169491525424,NA,0.00435565699254199
"8480161",2019,0,-0.000531488811612083,0,112.353706111834,0,-0.0597147377415917
"8471761",2019,0,0.000433128285158596,0,66.796875,0,0.0289316159227031
"8475279",2019,0,0.00238441387636733,0,104.955058769302,0,0.250256298524471
"8477429",2019,0,-0.00104342715151447,9.62566844919786,98.1238938053097,0,-0.102385135008782
"8470760",2019,0,0.000201325595787684,0,44.5945945945946,0,0.00897803332566699
"8468611",2019,0,6.0098764296649e-05,0,117.073170731707,0,0.00703595289326623
"8475747",2019,0,0.00168106035882084,0,126.380561691385,0,0.212453352384899
"8477290",2019,0,-0.000409213968157627,0,78.4046182104434,0,-0.0320842649397793
"8475762",2019,0,-0.00187559364141341,0,140.555179417739,0,-0.263624400783632
"8471958",2019,0,0.0013302116213377,0,102.794918330309,0,0.136738994977436
"8474627",2019,0,0.00031390926691058,0,132.367688022284,0,0.0415514439097235
"8474717",2019,0,0.000622371962969931,0,85.1485148514851,0,0.0529940483320931
"8474774",2019,0,-0.00123968625822823,0,65.7765284609979,0,-0.0815422584470572
"8475716",2019,0,0.000955039269852293,0,73.6318407960199,0,0.0703212994717112
"8478078",2019,0,-0.000267433803633724,0,93.9947780678851,0,-0.0251373810204023
"8477046",2019,0,-0.000404776191363945,0,28.9821736630247,0,-0.0117312938727676
"8480965",2019,0,-2.69641744488579e-05,14.6938775510204,26.0869565217391,0,-0.000703413246491946
"8476449",2019,0,0.000186148660983825,14.0625,79.0629575402635,0,0.014717463679541
"8475868",2019,0,3.70029044618429e-05,10.7142857142857,42.6877470355731,0,0.00157957062524863
"8480029",2019,0,5.07514633024887e-05,31.0344827586207,61.0169491525424,0,0.00309669945574507
"8476310",2019,0,-3.35524964983195e-05,15.8241758241758,68.080229226361,0,-0.00228426165272227
"8476431",2019,0,-0.000166709663808489,450,90.6801007556675,0,-0.0151172491110972
"8476368",2019,0,0.000938494789074807,0,74.720596061735,0,0.0701248900405018
"8477213",2019,0,-0.00188050779103429,0,128.451753025132,0,-0.241554522335773
"8470601",2019,0,0.000176670890467246,0,67.6025524156791,0,0.0119434031331367
"8469521",2019,0,0.000586063881440475,62.0689655172414,128.571428571429,0,0.0753510704709182
"8480955",2019,0,0.000213060478191815,0,48.8334237655996,0,0.0104044726192422
"8472410",2019,0,-0.00015984024669921,0,84.375,0,-0.0134865208152459
"8474568",2019,0,-0.000328642226928255,0,93.621197252208,0,-0.0307678787526551
"8477850",2019,0,-0.000900934538634094,0,87.19723183391,0,-0.0785589978324538
"8477010",2019,0,-0.000197268772358215,0,67.5,0,-0.0133156421341795
"8470318",2019,0,-0.000206994142750636,0,118.013631937683,0,-0.0244281305758297
"8475869",2019,0,-5.3572655404311e-05,0,119.704433497537,0,-0.0064128843661318
"8469465",2019,0,0.000918395233577237,0,75.1590278910455,0,0.0690256929754348
"8480001",2019,0,0.000112338307381385,NA,42.8571428571429,NA,0.00481449888777366
"8475857",2019,0,0.000580384643433258,23.3766233766234,92.2037714607374,0,0.0535136530224417
"8475260",2019,0,-0.000117706067578734,0,106.491372226787,0,-0.0125346806558783
"8473468",2019,0,-0.0010967088045024,0,99.4974874371859,0,-0.109119770498229
"8479657",2019,0,-0.00106834712873866,0,93.2374100719424,0,-0.0996099193413887
"8476177",2019,0,0.000330829430178236,0,87.6267748478702,0,0.0289895159912774
"8478462",2019,0,4.23396832047417e-05,0,232.258064516129,0,0.00983373287335937
"8475263",2019,0,0.000251186498373343,0,48.9795918367347,0,0.012303012165225
"8475625",2019,0,-0.00030049403930214,0,42.7645788336933,0,-0.0128505010327913
"8475982",2019,0,-0.000505822087389264,0,70.5882352941177,0,-0.0357050885215951
"8476886",2019,0,-0.00103120973922723,0,120.452403393025,0,-0.124211691492215
"8475842",2019,0,5.86377542747253e-06,0,28.5714285714286,0,0.00016753644078493
"8480072",2019,0,-8.26640233623324e-05,0,61.9688004303389,0,-0.00512259036650924
"8477810",2019,0,9.69166560571833e-05,0,57.9476861167002,0,0.00561609596468185
"8477938",2019,0,-0.000346760660536799,0,48.868778280543,0,-0.0169457698361875
"8478561",2019,0,0.00019102165702776,0,103.664921465969,0,0.019802245074082
"8475253",2019,0,0.00106372528711997,0,104.046242774566,0,0.11067661946913
"8479466",2019,0,8.5876605018976e-05,0,34.7826086956522,0,0.00298701234848612
"8477448",2019,0,9.35082031307216e-05,0,64.2857142857143,0,0.0060112416298321
"8475808",2019,0,-0.000766585095304265,0,102.135127230184,0,-0.0782952662416641
"8477009",2019,0,7.6418326169815e-05,0,62.3518687329079,0,0.00476482544212885
"8479206",2019,0,1.74442609486584e-05,NA,93.5064935064935,NA,0.00163115167312131
"8475729",2019,0,2.91931383952907e-05,0,180,0,0.00525476491115233
"8476799",2019,0,-7.02322972675456e-05,0,24.4897959183673,0,-0.0017199746269603
"8473992",2019,0,0.000131554908542036,0,118.681318681319,0,0.0156131100247691
"8478399",2019,0,-0.00059925191739743,0,102.369668246445,0,-0.0613452199800213
"8476436",2019,0,0.000247140088756515,18.798955613577,53.0973451327434,0,0.0131224825888415
"8471436",2019,0,0.000431413692284993,0,93.9130434782609,0,0.0405153728406776
"8480771",2019,0,-9.79881480865163e-05,0,211.764705882353,0,-0.0207504313594976
"8478073",2019,0,4.37267327733966e-05,NA,90,NA,0.00393540594960569
"8478891",2019,0,0.000328910813496446,0,80.7476635514019,0,0.0265587797066289
"8480954",2019,0,6.49554747052873e-05,0,208.264462809917,0,0.0135279170460598
"8477435",2019,0,0.00061642832550945,0,84.0336134453782,0,0.0518006996226428
"8480083",2019,0,-9.65534737656525e-05,0,163.636363636364,0,-0.0157996593434704
"8481186",2019,0,7.4662464618714e-06,0,29.0322580645161,0,0.000216761994054331
"8475613",2019,0,8.59758631271433e-05,0,35.6435643564356,0,0.00306448621047243
"8479324",2019,0,6.9887436023496e-05,NA,48.6486486486486,NA,0.00339992932006197
"8477452",2019,0,0.000241594471425513,0,102.59067357513,0,0.0247853395555708
"8476927",2019,0,-0.00031312865814543,0,100.61135371179,0,-0.0315042981819681
"8473560",2019,0,-0.00148312344375558,0,102.857142857143,0,-0.152549839929146
"8477034",2019,0,-0.000486143739045262,0,89.6678966789668,0,-0.0435914865638371
"8474089",2019,0,0.000868116736557959,0,166.071428571429,0,0.144169386606947
"8476952",2019,0,2.83817982904092e-06,0,128.571428571429,0,0.000364908835162404
"8475461",2019,0,4.01442468963091e-05,0,79.4952681388013,0,0.00319127767125234
"8477073",2019,0,0.000113626682714233,0,62.2837370242215,0,0.00707709442510794
"8476293",2019,0,0.000991531889051451,0,99.7867803837953,0,0.0989417748563068
"8479333",2019,0,-5.2922002955255e-05,0,46.3022508038585,0,-0.00245040785387676
"8477527",2019,0,-0.000125758977485318,0,36.3636363636364,0,-0.00457305372673884
"8474873",2019,0,0.000113705621532212,NA,93.3333333333333,NA,0.0106125246763398
"8477085",2019,0,2.80059708867077e-05,0,44.6650124069479,0,0.00125088703712342
"8475795",2019,0,-5.86132586565076e-05,0,96.5853658536585,0,-0.0056611830312139
"8478840",2019,0,0.000234023364693827,0,46.7532467532468,0,0.0109413521155555
"8477865",2019,0,-0.00016715059801771,0,43.9024390243902,0,-0.00733831893736286
"8478029",2019,0,0.000151573980033637,NA,65.4545454545455,NA,0.00992120596583804
"8477994",2019,0,-0.000548607914585524,0,99.5391705069124,0,-0.0546079767513701
"8477971",2019,0,1.20848089102913e-05,0,180,0,0.00217526560385243
"8478485",2019,0,7.36624809581717e-07,NA,50,NA,3.68312404790859e-05
"8474611",2019,0,-0.000297440444325358,0,105.109489051095,0,-0.031263813126169
"8478365",2019,0,-4.83778937349384e-05,0,53.3333333333333,0,-0.00258015433253005
"8480068",2019,0,6.67635678542857e-05,NA,171.428571428571,NA,0.0114451830607347
"8481477",2019,0,7.30330750272654e-05,0,75.7894736842105,0,0.0055351383178559
"8478567",2019,0,-3.43300835900648e-05,0,49.3150684931507,0,-0.00169299042361963
