"player_id","season","off_rapm_raw","def_rapm_raw","toi_5v5_sec","own_cf_per60","own_ca_per60","off_rapm_per60","def_rapm_per60"
"8471679",2019,-0.000932531297871822,0.000327274564963763,188994,65.8116130670815,54.4969681577193,-0.0613713889484837,0.0178354715456616
"8473507",2019,-0.000116424219862657,-0.00162308583549666,87052,68.2764324771401,54.2572255663282,-0.00774142169757914,-0.0880641342900546
"8474038",2019,-0.000266971843133416,0.000961606346505556,38879,65.0016718536999,57.3162889992027,-0.0173536161415357,0.0551157072597798
"8477476",2019,0.000892510024825171,0.00162911840779093,61239,63.0774506441973,54.377112624308,0.0562972570403611,0.088586755138781
"8477503",2019,0.00224761086310342,0.000454466903098941,68594,62.5069248039187,59.8827885820917,0.140491243208476,0.0272147454758318
"8479376",2019,0.00259574222464201,0.00163136405719198,66536,64.440302993868,61.5185764097631,0.167270415449908,0.100359194404506
"8468493",2019,-0.000242813505208784,-4.83621529576215e-05,90980,61.6091448670037,63.4293251264014,-0.014959532418073,-0.00306757872376173
"8474589",2019,-0.000422415644824278,0.000763137329977117,27574,53.6592442155654,58.4898817726844,-0.0226665042461015,0.0446358122066836
"8475166",2019,0.00302556990638316,-0.000847629178223382,83965,67.5281367236348,60.1536354433395,0.201179896661088,-0.0509879765779867
"8475786",2019,0.00260193212030764,-0.000736265590278979,68194,67.1496026043347,61.1314778426255,0.173010854575959,-0.0450090036184269
"8475883",2019,-0.000110495080365182,6.16008140571103e-05,196239,63.2167917692202,60.3916652653142,-0.00698514448696894,0.00372017574260787
"8476853",2019,0.000733522734174053,-0.000143820097709432,100967,67.1031128982737,63.8228332029277,0.0487742912660389,-0.00917900610733785
"8475193",2019,0.000883299721277112,0.000423131481162399,64946,74.9422597234626,52.3265482092816,0.058733445977365,0.022141009847909
"8475848",2019,0.000936264202409254,-0.00116950953153315,65376,75.6607929515419,52.6982378854626,0.0622552250704187,-0.0616310915020496
"8476422",2019,-0.000711686935116152,-0.000652284715591818,54325,67.8582604693971,56.658996778647,-0.0473223585942097,-0.0369577975994775
"8476479",2019,0.00042096930258473,-0.000153952186393614,69595,71.6948056613262,54.4177024211509,0.0279916060153861,-0.00837772426625327
"8478454",2019,-0.000280149187981314,-0.000738640165353102,18261,59.733859043864,62.6909807787087,-0.0167343921061288,-0.0463060764085336
"8475172",2019,0.000394179224716155,-3.22192411365787e-05,60242,64.5396899173334,56.6515055941038,0.0254402049350355,-0.00182526851948666
"8477341",2019,-0.000510404584387247,-0.000765427827440838,57678,66.4100696972849,58.5457193383959,-0.0338960040229708,-0.0448125227591495
"8477953",2019,0.000291761069926345,-0.000291329828151472,70209,67.6323548263043,60.7614408409178,0.0194001340949605,-0.0177016201184204
"8474818",2019,-0.000386827946658103,0.000868531287809885,74132,61.3823989640101,52.5441105055846,-0.0237444273521965,0.0456362039642403
"8476443",2019,0.000247004461405075,0.000591990861193347,17009,63.9191016520666,55.2413428185079,0.0157883032770649,0.0327023701086054
"8478408",2019,-0.00111263887715469,-0.000341863597316621,64570,65.2872851169274,55.0844045222239,-0.0726411716049763,-0.0188313526860114
"8478483",2019,0.00211442153553215,0.000262365485678889,82323,63.9772603039248,59.997813490762,0.135274896970965,0.0157413554761751
"8480943",2019,0.000162704174070531,0.000234502730699853,42932,63.8963942979596,54.6725053573092,0.0103962100603345,0.0128208518004913
"8466139",2019,0.000640396168671929,-2.67339583526213e-05,73947,63.2885715444846,61.8280660473042,0.0405297587378072,-0.00165290894273175
"8474581",2019,0.00136271313793353,0.000160248633853657,73359,65.1208440682125,60.5569868727763,0.088741029765074,0.00970417441665624
"8479318",2019,0.000910643286679962,-0.0013791447165501,69016,67.7582009968703,60.9250028978788,0.0605516077889581,-0.0840243958524088
"8479458",2019,0.000854672927653142,0.00156672226626464,90959,60.1589727239745,60.3172858100903,0.0514162453426049,0.0945004347193169
"8480944",2019,-0.00109795648692488,0.00109893876955174,38484,52.0112254443405,57.5304022450889,-0.0571060623695259,0.0632223894550347
"8476285",2019,-0.00118652740294378,-0.00016280453695715,20926,51.2663671987002,62.1045589219153,-0.0608289495306357,-0.0101109039582104
"8476381",2019,0.00130224855226648,-0.000821926036866696,47694,66.1215247200906,60.158510504466,0.0861066598403902,-0.0494458461227392
"8476948",2019,-0.000351417343773738,6.13701837778378e-05,18884,61.0040245710655,64.0542257996187,-0.0214378722742716,0.00393101960906972
"8476410",2019,-0.000186031643438669,0.00106617022573318,52336,58.9498624273922,52.3463772546622,-0.0109665397878512,0.0558101488539173
"8477015",2019,-0.00314286531027215,0.000821474636499688,61166,59.4447895889873,59.7390707255665,-0.186826967075656,0.0490741314091139
"8476469",2019,-0.000747826823151547,0.000584050602391354,42418,60.087698618511,52.7889103682399,-0.0449351927683687,0.0308313949001537
"8477494",2019,-0.000767835425524659,-0.00124053932028324,66044,60.7231542607958,56.6349706256435,-0.0466253889910377,-0.0702579079641971
"8480829",2019,-0.0014409768996723,0.000594616564099397,54598,67.5848932195318,50.4414081101872,-0.0958151993630967,0.029993296778815
"8471698",2019,-0.000773732567985946,0.00126347429286888,61858,54.5313459859679,56.277280222445,-0.042192678365453,0.0711048968336376
"8471702",2019,-0.000824891557757789,0.00109971137812739,94114,52.0220158531143,59.7488152665916,-0.0429125216947759,0.0657064519783025
"8473563",2019,0.000540457967313689,0.00108300627528483,76826,55.1063442063885,56.3715408845964,0.0297826627758732,0.061050732525493
"8474651",2019,-2.76289581847032e-05,-9.17471658639804e-05,186382,55.5890590293054,59.7804509019111,-0.00153586778744768,-0.00548468694432117
"8475200",2019,-0.00111976652434756,-2.64402564735933e-05,97557,55.2784525969433,59.9649435714505,-0.0618989607357905,-0.0015854884874537
"8477944",2019,0.00119041840873816,0.000625695955787763,65054,59.4890398745657,60.7618286346727,0.0708168481848415,0.0380184304429838
"8468498",2019,0.000798077132783869,0.0010200386015097,47739,50.0722679570163,56.8591717463709,0.0399615320431211,0.0579985500311681
"8474189",2019,0.00102880655724094,0.000315821040241232,66166,55.5511894326391,55.2791463893843,0.0571514279508329,0.0174583175163427
"8476905",2019,-0.00111835898545711,-0.000221467764193462,42711,47.538104937838,58.0740324506567,-0.0531646668088343,-0.0128615261245455
"8477444",2019,-0.00121262260276295,0.000454249530792438,51910,57.0063571566172,61.3061067231747,-0.0691271971892916,0.0278482702137133
"8477474",2019,-0.00136333547136678,-0.000311623269404218,41268,51.6429194533295,63.9430066879907,-0.0704066239356617,-0.0199261287996474
"8471695",2019,-0.000636162362508228,0.000709615394646154,202175,56.8735006801039,51.0330159515271,-0.0361807805567682,0.0362138137544264
"8475780",2019,-0.000849727113763483,-0.000635543153260089,60822,53.2701982835158,54.0396567031666,-0.0452651318370604,-0.0343445338222232
"8475807",2019,-0.00165186069270318,0.000847454107336689,62772,52.3609252532976,55.8593003249857,-0.0864929542594916,0.0473381934933627
"8476191",2019,-0.00146849614346776,-0.00079435448207456,35601,57.4365888598635,57.6388303699334,-0.0843454092346527,-0.0457856632458919
"8476891",2019,-0.00161865152322152,0.000617095421866524,79064,57.9631690782151,52.4081756551654,-0.0938221719191993,0.0323408452651792
"8478569",2019,-0.000645591082985183,0.000991170510209413,61487,51.171792411404,55.7971603753639,-0.0330360528811713,0.0553044999174859
"8470638",2019,-0.000887864876351963,-0.000112641277494591,72072,60.0899100899101,46.3536463536464,-0.0533517205919786,-0.00538567392002558
"8473419",2019,0.00162655490312879,-0.00115533880075992,90995,60.016484422221,49.4137040496731,0.0976201070055161,-0.0570895695778547
"8475186",2019,-0.00263170089367396,0.000116858375362631,63627,56.1836956009241,56.6363336319487,-0.147858681922858,0.00661842993472548
"8477956",2019,0.000217846424667004,-0.000525149122369672,79446,60.6751755909675,50.615512423533,0.0132178700685349,-0.0265806919275096
"8478443",2019,-0.000531867957614794,0.00158101952693593,101892,55.3998351195383,49.7467907195854,-0.0294653971572252,0.0786506475300599
"8471214",2019,0.000325368435920331,-0.00183523832381067,83268,55.2961521833117,58.7980977086035,0.0179916225482967,-0.107908522281994
"8475744",2019,-2.97066500243876e-05,-0.00192821552964403,71845,52.6633725381029,60.5804161737073,-0.00156445237709336,-0.116812099258441
"8475792",2019,0.00241988711734097,-0.00068220576123478,63018,57.9834333047701,60.2113681805199,0.140313363273413,-0.0410765422645792
"8465009",2019,-4.36812094418814e-05,-0.000475304725157846,90978,57.6930686539603,53.3007979951197,-0.00252010301521848,-0.0253341211417642
"8471276",2019,0.00135635569412427,-9.97949709355979e-05,87367,60.4484530772488,49.1581489578445,0.0819896035323303,-0.00490573604649588
"8478046",2019,0.000766869413393488,0.000779986018769674,73763,58.029093176796,51.391619104429,0.0445007366442456,0.0400847443833911
"8478498",2019,-0.00136976171577331,0.000179759836412754,70655,57.0150732432241,46.4170971622674,-0.0780970645505796,0.00859478766904722
"8479325",2019,0.00164861823802256,-0.000111197202327138,86090,59.672435822976,52.6054129399466,0.0983770660049888,-0.00584957474618587
"8474590",2019,0.000908871376772574,-0.00200350996485717,94623,57.8675374908849,57.296851716813,0.0525941484697791,-0.114794813369578
"8477043",2019,-0.000769668786608377,-0.000886782729543105,36421,54.9573048515966,58.4168474231899,-0.0422989221403951,-0.0518030514092395
"8475343",2019,-0.000541531924165429,0.000127922741730061,36555,51.5059499384489,55.5437012720558,-0.0278921161761365,0.00710530255255684
"8475758",2019,0.000475557311261354,0.00102861804383045,31154,49.8041984977852,61.244142004237,0.0236847507271335,0.0629968295444724
"8477573",2019,-0.000239829904890778,0.000196043304998295,1299,58.1986143187067,63.7413394919169,-0.0139577681368305,0.0124960628590137
"8470655",2019,-0.00066225527743297,0.000595304889083876,53759,56.7867705872505,50.8268382968433,-0.037607338509782,0.0302574653347864
"8476374",2019,-1.80201273580794e-05,0.000533960824270947,66236,52.5031704813093,56.1446947279425,-0.000946113818776149,0.0299790674753729
"8477987",2019,0.000288065350232106,0.000121354066591952,37805,59.0398095490015,55.8973680730062,0.01700732341537,0.00678337292744643
"8470860",2019,-0.00102456176100613,-2.68468228220241e-05,110972,57.4198897019068,52.8782035107955,-0.0588302233097632,-0.00141961176080126
"8469608",2019,0.00071717802575542,-7.45082462726431e-05,131189,60.6453284955294,51.0957473568668,0.0434934969617127,-0.00380705452755019
"8473564",2019,0.000271567250016658,-0.00158442190205278,51995,65.4293682084816,53.4512933935955,0.0177684735947047,-0.0846893999458621
"8474150",2019,-0.000878006384296587,-0.000859506967258533,70551,63.5285112897053,52.812858783008,-0.0557784384972191,-0.0453930200848364
"8474612",2019,0.000436805999682343,0.000320265096375675,76670,63.8111386461458,56.2514673275075,0.0278730882071983,0.0180153816049173
"8478396",2019,0.000856328388588378,-0.00174367149255516,85724,62.9928608091083,57.8274462227614,0.0539425749892357,-0.100832069465896
"8479314",2019,0.000318622102036171,-0.000818334785146308,71736,63.7336901973904,49.2806958849113,0.0203069623412146,-0.0403281076788395
"8470966",2019,-9.98327832515349e-05,-0.000219487636365697,91132,59.8867576701927,46.2581749550103,-0.00597866169812554,-0.0104942776328114
"8474673",2019,0.000296143454460836,2.22605929832351e-05,88496,60.3688302296149,49.4259627553788,0.0178778339259579,0.00110025123970202
"8476346",2019,0.00173703657957485,-0.000996826400705041,82423,60.6238549919319,51.2332722662364,0.105305853715827,-0.0510706783894938
"8477496",2019,-0.000253504679305058,-0.000544394763902563,75446,57.0209156217692,46.4279087029133,-0.0144550689283774,-0.0260289367038589
"8477497",2019,0.000980527915010086,-0.00110562042177241,74314,61.4742847915601,53.2874021045833,0.0602772522934047,-0.0589156399900252
"8474291",2019,-0.000414784581946307,0.000319414824434854,37336,43.0040711377759,62.1919862866938,-0.0181824403502815,0.0198650423810192
"8474593",2019,-0.00115616662808709,-0.000426842487485941,174583,53.6959497774697,57.8613037924655,-0.0620814651961508,-0.0246976628399557
"8475690",2019,0.000172649069969661,0.000238546022073369,53750,44.2716279069767,55.9255813953488,0.00764345538418245,0.0133408249740009
"8476440",2019,9.14652963914274e-05,0.000874134035764907,50992,50.4079071226859,53.3730781299027,0.00461057416544801,0.0466552241868876
"8476884",2019,0.000270154411946524,-0.00155768915193144,56058,56.1918013486032,55.7422669378144,0.0151804630495478,-0.0868291245131
"8476894",2019,-0.00182186751537786,0.00130708277927347,43626,49.5117590427727,58.0937972768533,-0.0902038654292434,0.0759334020031787
"8474628",2019,-0.000515858877985533,-0.00111086152490226,11249,58.5652057960708,55.3649213263401,-0.0302113813509529,-0.061502760930672
"8474091",2019,-0.000775427458654143,2.75094997590106e-05,20206,45.4320498861724,64.4956943482134,-0.0352292589846829,0.0017742442881294
"8475790",2019,-6.57140845439492e-05,-0.00100103177785933,74081,54.2811247148392,61.7162295325387,-0.00356703441865159,-0.0617799069717315
"8477353",2019,-0.00130583148205727,0.000901161703228218,47727,48.576277578729,62.8323590420517,-0.0634324325434572,0.0566221156921822
"8477937",2019,-0.00236469873792101,-0.00270498880883641,52786,54.696320994203,60.8343121282158,-0.129340321223914,-0.164556133500085
"8471707",2019,-0.000789446119530512,0.000184062688419368,48628,57.5224150695073,57.1522579583779,-0.045410847362646,0.0105195982490562
"8478585",2019,0.000100782853381689,0.000841028338471274,51819,55.786487581775,48.4223933306316,0.00562232139863346,0.0407246050076636
"8479346",2019,-2.61813443693814e-05,-0.000190278078935823,13558,49.6533412007671,57.8846437527659,-0.00129999122506768,-0.0110141788131608
"8470626",2019,0.000119160428238677,0.000373456679218403,55555,51.8405184051841,57.9965799657997,0.00617733837327674,0.0216592101600521
"8477958",2019,0.000246530617909732,-0.00118410015999079,45927,55.8103076621595,57.0644718792867,0.0137589496336844,-0.0675700502820534
"8480012",2019,-6.04886694724867e-05,-0.000381316562761557,61279,54.6353563210888,54.1653747613375,-0.00330482001001787,-0.0206541545246848
"8474584",2019,6.47144864197265e-05,0.000189194910342447,37509,58.7379029033032,58.5459489722467,0.00380119321975903,0.0110765955667177
"8476466",2019,-9.49050317784871e-05,-0.000414836697887118,19049,49.1364376082734,59.3416977269148,-0.00466329517269484,-0.0246171139320488
"8477500",2019,0.00138230933919708,-0.000472771831533857,81728,54.2237666405638,56.2059514487079,0.0749540190336942,-0.0265725906095087
"8478444",2019,0.000554095392695371,-0.00107274608907333,62764,54.8339812631445,54.1456886113058,0.0303832563810526,-0.0580845756979609
"8471303",2019,-0.00160097785738389,-0.00037190650483248,62849,49.2036468360674,54.3588601250617,-0.0787739490870806,-0.0202164136757893
"8479442",2019,-0.000812946729231986,-0.000638166925963827,78599,57.3900431303197,56.9320220359038,-0.046655047853276,-0.0363321334915576
"8476873",2019,-0.000146878895877498,0.0014539248248799,51701,55.4263940736156,53.9641399586082,-0.00814096756400374,0.078459802739114
"8477935",2019,0.000570668910859173,0.000984828840385333,50824,63.6785770502125,57.4453014323941,0.0363393842103067,0.0565737895952506
"8478512",2019,-4.65749677987553e-06,0.00012783479281479,32414,60.4183377552909,49.8673412722897,-0.0002813982135407,0.0063747812397676
"8479976",2019,0.000176778722035979,0.000139420939450243,21328,55.7014253563391,54.351087771943,0.00984682679007611,0.00757767971730693
"8474641",2019,0.000973840323435181,0.00136458433206078,62509,49.4712761362364,57.7068902078101,0.0481771235532636,0.078745918229529
"8475164",2019,-5.36914693933983e-05,0.00143957234251185,57020,52.2132585057874,57.8954752718344,-0.00280340657099308,0.0833447249579117
"8475764",2019,-0.000311786445776801,-0.000565888498147074,67076,50.6649174071203,61.8283737849603,-0.0157966345239412,-0.0349879655840471
"8476312",2019,-0.000422218311615677,0.000274902795226792,81573,53.0910963186348,60.4170497591115,-0.0224160330494793,0.0166088158581359
"8476434",2019,0.00018959367902251,-0.00150715394320751,157321,52.9516084947337,59.999618614171,0.0100392902646762,-0.0904286617852943
"8480031",2019,0.000281164877659229,-0.000188430961653177,7457,37.6558937910688,75.3117875821376,0.0123251052212324,-0.0127062233833995
"8470613",2019,-0.000724454420766158,-0.00159068867141224,119609,65.5836935347675,51.618189266694,-0.0475123967114352,-0.0821084689053428
"8474053",2019,0.000509752169412485,-0.000479767842047346,86158,61.798091877713,52.43854314167,0.0315017114002163,-0.0251583266831856
"8474889",2019,-0.000649732132613765,-0.001119497033373,232740,60.8197989172467,52.2815158546017,-0.0395165776556431,-0.0585290018994698
"8476881",2019,0.00147642904266807,-0.00122138823220579,84297,57.6960034164917,51.033844620805,0.0851840550899844,-0.0623321372640701
"8477046",2019,0.00136901422928493,-0.000444079360323996,41681,64.6049758882944,53.7223195220844,0.0884451312736851,-0.0238569732884886
"8478099",2019,0.000125416675162532,-0.00156816111570706,71489,61.8388843038789,51.4652603897103,0.00775562726515298,-0.0807058201528822
"8466138",2019,-0.000134410172033191,-0.00046183595312925,70494,63.1713337305303,50.0468124946804,-0.0084908698342867,-0.0231134173495616
"8470794",2019,0.00269323014190644,-0.000581453043661166,78649,60.7865325687549,51.8607992472886,0.163712121736148,-0.0301546195690367
"8474027",2019,-0.000332171812479899,0.000817930606897169,101826,52.1477815096341,52.4306169347711,-0.0173220231008609,0.0428846063294503
"8475455",2019,-1.86839616323641e-05,-0.000721980475525822,95833,62.5463045088852,49.3984326902007,-0.00116861275369017,-0.0356647039239014
"8478414",2019,0.00252049611490324,3.19074640720671e-05,81015,69.0538789113127,54.5232364376967,0.167595912049863,0.00173969820772863
"8471709",2019,0.00115283014491736,-0.000537944090307473,94768,57.1711970285328,56.2594968765828,0.0659086793555024,-0.0302644638684295
"8474578",2019,-8.58073473526413e-06,-0.00118296162562461,81761,66.7066205158939,50.2391115568547,-0.000570560714420996,-0.059430941077233
"8475834",2019,0.000751483580040208,0.000113665959701844,66018,60.5289466509134,54.6396437335272,0.0454865095252912,0.00621066754273822
"8476624",2019,-0.00288877669851404,0.000508997351381898,57509,53.1464640317168,47.6377610460971,-0.153528266903238,0.024336493882815
"8477922",2019,-0.00188823024099398,-0.000772020132601435,57937,52.256761654901,47.7829366380724,-0.0986727976531985,-0.0369123005914586
"8475169",2019,0.00107259760197322,-0.00168086987678797,83323,63.9007236897375,53.0561789661918,0.0685397629939657,-0.0891805330017434
"8475820",2019,0.00110495636164885,0.000117921146580455,67302,61.8347151644825,52.3134527948649,0.0683246618917395,0.00616886233515299
"8480965",2019,-0.000724783848232043,0.00022134882635466,17642,65.2987189661036,57.3404375921097,-0.0473274568168752,0.0126922385636761
"8470612",2019,-0.000547488941162052,-0.001041147866979,61517,57.9352049027098,56.296633450916,-0.0317188839881911,-0.0586131198355201
"8474568",2019,-0.00153920829906266,-0.000581802044912284,19098,50.3298774740811,61.6399622997173,-0.0774681650989125,-0.0358622561142916
"8476483",2019,0.000444725579422581,-0.000733671218613399,62108,54.8914793585367,58.8330005796355,0.0244116449630879,-0.043164079229944
"8477969",2019,0.0025929773650809,0.000336500800236663,75217,58.8218088995839,58.1517476102477,0.152523619049735,0.0195681096060088
"8478873",2019,0.000487645303674724,0.000126346040198265,22047,51.9254320315689,58.9467954823786,0.0253211930714757,0.00744769419157551
"8476043",2019,-0.00134333094343476,-0.000687672744579467,12262,47.5615723373022,66.644919262763,-0.063890931839109,-0.0458298945417012
"8477240",2019,0.000334705999477348,-2.81584464637581e-05,39176,52.6546865427813,54.7682254441495,0.0176238394864681,-0.00154218814408412
"8480748",2019,-0.000671639357131168,-0.000671216825043415,31689,54.5299630786708,65.3223516046578,-0.0366244693465448,-0.043845461448448
"8476854",2019,1.0053233376782e-05,-0.000346046884150805,86535,56.4950598023921,57.2022880915237,0.000567958020828706,-0.0197946735603685
"8477986",2019,-0.00205383182949338,-0.000606478552563976,89681,56.3597640525864,57.2027519764499,-0.115753477313939,-0.0346922422213534
"8474618",2019,-0.00157750353740229,-0.000889391412281676,56676,51.2597925047639,59.3902180817277,-0.0808625040027723,-0.0528211499354246
"8475622",2019,-0.00170375867646527,0.000768336800078092,138428,56.2776316930101,56.2256190944029,-0.0958835032878825,0.0432002122574032
"8475784",2019,0.000963506151812145,-0.000348690534639909,74013,60.8001297069434,55.4497182927324,0.0585812990036163,-0.0193347919171252
"8477499",2019,0.000320551625981357,0.000365041516711573,88512,52.1827548806941,56.6567245119306,0.0167272669251931,0.0206820566477449
"8477933",2019,0.000438819250556919,-0.000194705604799454,74136,58.7568792489479,55.1149239235999,0.0257836497170867,-0.0107311845960204
"8478403",2019,0.00187991123089231,0.00015795153639723,72022,58.5820999139152,55.6829857543528,0.110129147557425,0.0087952131510851
"8473534",2019,-0.000205013567697032,0.00035713002748232,14779,49.6921307260302,50.1793084782462,-0.0101875610066108,0.0179205378158799
"8476470",2019,-0.00137592789287129,-0.000267635917185014,40804,54.7887462013528,56.2885991569454,-0.0753853641138874,-0.0150648508624287
"8477839",2019,0.000281453255755862,0.000142887496639249,57590,58.6351797187012,56.6973432887654,0.0165030622336585,0.0081013414486278
"8479268",2019,-0.000989578925915374,-0.000568783973119749,31348,54.5489345412785,49.4959806048233,-0.0539804760531865,-0.0281525205018694
"8479420",2019,-0.0017414158466559,-0.000544457854761441,42230,51.8304522851054,58.3092588207435,-0.0902583709486248,-0.0317469339702716
"8469506",2019,0.00067858366495332,0.00100484522986315,49508,60.4993132423043,56.3545285610406,0.0410538457071218,0.0566275792057485
"8476878",2019,-0.000961536427284164,0.00053667900535888,47858,50.3238747962723,51.8283254628275,-0.0483882387787032,0.0278151741588066
"8478542",2019,-0.0019003527829416,-8.19289548988633e-05,54941,57.3997561020003,53.7303653009592,-0.109079786248605,-0.00440207267544174
"8480839",2019,-0.00051279917942478,0.000472733709464687,85396,58.8926881821163,54.5927209705373,-0.0302001221739087,0.0258078194941727
"8471743",2019,-0.0019605532131242,-0.000762550151445835,48664,48.1588032220944,60.6608581292126,-0.094417896397293,-0.0462569465532654
"8473449",2019,-0.00118394525540476,0.000718115218086965,54956,49.5887619186258,54.2397554407162,-0.0587103793949533,0.0389503938072936
"8479999",2019,-0.00129522143864317,9.46779860144529e-05,51629,53.6907551957233,56.9679831102675,-0.0695414171864429,0.0053936139081855
"8476931",2019,0.000263507735500377,0.000166110016831372,57791,52.7625408800678,55.129691474451,0.0139033376665528,0.00915759397872939
"8478075",2019,-0.00178081159730242,0.000354874884262456,12775,51.0058708414873,54.6692759295499,-0.0908318463250297,0.0194007529682113
"8471469",2019,2.35032256751916e-05,-0.000504259214438038,171828,61.7221873035827,53.8026398491515,0.00145067049736255,-0.0271304769050258
"8474600",2019,-0.000713227874415579,-0.000231331704287849,100475,60.4448867877582,57.3276934560836,-0.0431109781229231,-0.0132617130300872
"8475176",2019,-4.4550968445862e-05,0.00122284530843569,98845,58.3094744296626,56.8162274267793,-0.00259774355541069,0.069477457151852
"8475793",2019,0.00223308130505781,-0.00197341938589881,74659,67.0247391473232,54.5359568169946,0.148484774798802,-0.107622314411197
"8476887",2019,0.00192557930011142,-0.00122821726220538,59073,68.8639479965466,55.2739830379361,0.128037975190016,-0.0678884601180403
"8478042",2019,0.000831790341454508,-0.00109056512327833,55333,70.0052409954277,57.3834782137242,0.0553084212612196,-0.0625804199922892
"8474056",2019,-0.00124027515503528,-0.000546476554408448,73976,65.1616740564507,54.3095057856602,-0.0808184053927226,-0.0296788715933733
"8474068",2019,-0.000600453531053306,0.000834953563529071,46618,59.6164571624694,58.4581063108671,-0.0357969122120929,0.0488098041814197
"8475218",2019,-5.34305337738521e-05,-0.000276998145500175,96715,61.7897947577935,51.4790880421858,-0.00330146171568567,-0.0142596119197257
"8475225",2019,-0.00207976245252538,-0.000575298137203463,60790,61.3521960848824,54.7195262378681,-0.127597993797313,-0.0314800415133015
"8477942",2019,5.96571213818706e-05,-0.00125253168113728,64804,61.0517869267329,56.552064687365,0.00364217386326821,-0.0708332526546493
"8474134",2019,6.29504413788546e-06,0.000167659948005814,41104,57.9797586609576,53.1627092253795,0.000364985139874675,0.00891325706457534
"8468685",2019,0.0016514204744138,0.000347121935289787,149294,51.3376291076667,58.4993368789101,0.0847800118162628,0.0203064030305765
"8471717",2019,0.00154738332844183,0.000229414754610233,40466,45.9052043691,59.605594820343,0.0710329479294602,0.013674402909106
"8475184",2019,0.00137325865741851,0.000901378687394731,66250,54.3396226415094,54.8830188679245,0.0746223572333075,0.04947038350743
"8476869",2019,0.000141701440457856,-0.000121143937918824,81316,52.6833587485858,62.2460524374047,0.00746530782283259,-0.00754073191216882
"8477402",2019,-0.00100739146349782,3.59234409671081e-06,48576,53.9525691699605,60.9189723320158,-0.0543513576155938,0.000218841910634606
"8479353",2019,-0.000110529502021792,-0.000825422037328218,46369,51.0082166964998,69.7966313700964,-0.00563791279048376,-0.0556596256785923
"8474031",2019,-0.000213513552749074,-0.000205208436465412,67496,54.6699063648216,55.7366362451108,-0.0116727659364123,-0.0114376279777006
"8474090",2019,0.000602903741218425,-0.000810765770538676,49491,53.8279687215857,57.9741771231133,0.0324530837244324,-0.0470034783865666
"8476459",2019,-0.000298772128142996,0.000133140827739279,75026,49.1829499106976,52.8296857089542,-0.0146944946131695,0.00703378808449614
"8475763",2019,0.00114093896431455,0.000513358608457106,61569,55.0211957316182,54.202601958778,0.0627758260733805,0.0278253723163127
"8476918",2019,0.00244815539594641,-0.00114322890319517,60681,52.2074454936471,61.581055025461,0.12781193939385,-0.0704012419943594
"8475692",2019,0.000728406366485083,-0.000295880991078388,54465,51.225557697604,54.9931148443955,0.0373130223536837,-0.0162714173226473
"8469465",2019,0.000397222364324169,-0.000202219263115387,51563,53.0613036479646,51.6649535519656,0.0210771364891672,-0.0104476488361692
"8471686",2019,0.00106856043293455,0.000279322348671565,76840,47.6939094221759,62.8735033836543,0.0509638245005013,0.0175619746343319
"8480145",2019,-0.000507008464050046,-0.000291759875460313,72269,47.2733813945122,59.4279704991075,-0.0239680044912836,-0.0173386972716788
"8476480",2019,0.00190325544287167,-0.00167889913564644,58406,48.7552648700476,54.5491901516967,0.0927937232325679,-0.091582588195897
"8479968",2019,-0.000143299341015858,0.000516331134256867,15098,53.1726056431315,68.4329050205325,-0.00761959934875684,0.0348170952061855
"8475714",2019,-0.00158967252530542,0.00114930535436568,62708,57.007080436308,52.0699113350769,-0.0906225895174748,0.0598442278987503
"8476925",2019,5.60574370858221e-05,0.000186579453703554,61442,52.3811073858273,52.6154747566811,0.0029363506317667,0.00981696653645467
"8477451",2019,-0.000299172525564721,-0.000910453419650808,59292,57.8020643594414,56.1627200971463,-0.0172927895772686,-0.051133540569338
"8475727",2019,-0.001313387676315,0.00108495995483,31004,53.0641207586118,62.0049025932138,-0.0696937622588519,0.0672728363167715
"8475855",2019,0.000499583493118632,-7.35324297510928e-05,52584,52.1679598356915,57.2341396622547,0.0260622516035873,-0.00420856535407898
"8480078",2019,-9.04637656395491e-05,-0.000983722466436826,52959,51.9345153798221,61.5192885062029,-0.00469819182792379,-0.0605179062227606
"8474009",2019,-0.00054231467365163,0.000779342334457368,65325,50.7554535017222,55.0539609644087,-0.0275254272018269,0.0429058824591271
"8476447",2019,-0.000710419501407072,0.000686296513951871,22992,54.3319415448852,49.7912317327766,-0.0385984708227955,0.0341715487635744
"8474736",2019,-0.000394343266470895,0.000809416559064511,9519,44.2483454144343,56.7286479672235,-0.0174490370666604,0.045917107038012
"8471215",2019,0.00220596342000224,-0.000854714701167781,64390,56.9715794378009,55.7974840813791,0.125677220219541,-0.0476909299325299
"8473548",2019,0.00134709454996778,-5.04204848324654e-05,74477,53.8958336130618,60.4696752017401,0.0726027837261258,-0.00304891034133345
"8474176",2019,0.000478037415173238,-0.000596693727163793,49773,54.6802483274064,50.7021879332168,0.0261392045714641,-0.0302536774932302
"8474602",2019,-0.000526344513939517,-0.000516350155768731,33294,54.7125608217697,64.6602991530005,-0.0287976562321206,-0.0333873555397046
"8476467",2019,-0.000495577039869878,0.00057581138380274,50187,56.524598003467,59.3938669376532,-0.028012292958393,0.0341996647107659
"8476899",2019,0.00128060164431429,-1.87277091400903e-05,152396,58.8440641486653,60.0251975117457,0.0753558053069163,-0.00112413444007645
"8471724",2019,0.000424850045520375,-0.000937290825163305,83620,63.4585027505382,53.2982540062186,0.026960347782221,-0.0499559644772521
"8473544",2019,-0.00300957259352545,-0.00132797616169315,58172,51.9218868184006,62.6280684865571,-0.156262687572789,-0.0831685820030335
"8475208",2019,0.0012739843867074,4.18437266095492e-05,85062,63.1868519432884,55.8228115962474,0.0804990628209416,0.00233583446700975
"8475810",2019,-7.92991362199323e-05,-0.00185849207423363,60556,59.2113085408547,59.8057995904617,-0.00469540562174168,-0.111148604532078
"8478866",2019,0.000773500395758495,0.00105202354509931,54236,64.9162917619293,50.5789512500922,0.0502127773690263,0.0532102476015272
"8471675",2019,0.000620822412909024,0.000525491446067082,81709,64.3698980528461,53.443317137647,0.0399622754278758,0.0280840060052838
"8471887",2019,-2.76987528312393e-05,0.000405779115031814,55915,60.4560493606367,56.7218098900116,-0.00167455716839348,0.0230165258201717
"8477404",2019,0.000588995061050498,8.89129661321683e-05,80971,65.0010497585555,57.3094070716676,0.0382852972708869,0.00509554937001783
"8471677",2019,-0.00102954234548053,-0.000518285420497336,81831,54.3314880668695,63.7460131246105,-0.0559365676578124,-0.0330386292173174
"8476874",2019,0.00127138514992603,0.000666786514949798,56684,52.7767976854139,60.3979959071343,0.0670996368378857,0.0402725692008702
"8478466",2019,-0.00065552661280508,-0.000247187584397059,39439,57.2326884555896,62.4356601333705,-0.0375175504050211,-0.0154333200086036
"8475772",2019,0.000385210814070842,0.00107514821245849,55061,49.8864895297942,59.7591761864114,0.0192168152429086,0.0642499714548123
"8464989",2019,0.00099518480493944,0.000376127688746765,40960,49.5703125,65.830078125,0.0493316217760996,0.0247605151351752
"8468508",2019,0.000435849528661127,0.000971699602506435,83395,69.0257209664848,49.4274237064572,0.0289810402168658,0.0480286079684816
"8473533",2019,0.00206215552667653,0.000126463605333901,55286,67.199652714973,45.2555800745216,0.137119368777637,0.00604655554542966
"8475852",2019,3.83081674677324e-05,0.000786276129866419,147341,62.8908450465247,49.1105666447221,0.00240923302422948,0.038614466276959
"8476958",2019,0.000757959202282338,-0.000593898210487644,104260,64.7765202378669,53.1056972952235,0.0490979596061193,-0.0315393785903317
"8477488",2019,0.00246801497662941,0.00027329969987009,92094,56.3294025669425,51.0521858101505,0.139021809159801,0.0139525470596262
"8477998",2019,-2.56035035556843e-05,0.00128632891997279,59065,61.8030982815542,54.2453229492931,-0.00158237584660408,0.0697773276829393
"8471306",2019,0.00221045659602311,0.000544665693699844,113545,50.8873133999736,57.1332951693161,0.112484197558867,0.0311185458467535
"8473504",2019,0.00171949036197493,0.00123728358488095,51608,47.8530460393737,52.1082002790265,0.0822828514558459,0.0644726208429287
"8474066",2019,0.000154287442436099,-0.00111207058977405,41452,51.2399884203416,56.5376821383769,0.00790568676382984,-0.0628738935200828
"8474709",2019,-0.000462018831424459,0.000390958224377457,48887,47.9391249207356,54.0511792501074,-0.0221487784753894,0.0211317530651296
"8475181",2019,0.000299441741854975,0.000466283854211657,95339,49.8431911389882,61.7375890244286,0.0149251319742691,0.0287872409600459
"8475231",2019,0.000607242843704746,0.000561840861227001,56328,48.3170004260758,53.8772901576481,0.0293401527380137,0.03027046310275
"8476462",2019,-0.000276454423642372,-0.000963217709406813,94575,73.4655035685964,53.5955590800952,-0.0183823458392204,-0.0516241916515068
"8476934",2019,-0.00262482968524158,0.000251649760211384,69390,55.9792477302205,53.2295719844358,-0.146935991199775,0.0133952090260379
"8477458",2019,0.000656921774099663,-0.000995411385569286,14414,62.439295129735,44.2070209518524,0.041017732530158,-0.0475932203380281
"8480039",2019,-0.000445342689307737,-0.000451317000174177,3270,49.5412844036697,49.5412844036697,-0.0220628488280897,-0.02235882386184
"8476921",2019,0.00173678731552893,2.10358373555861e-05,66482,65.359044553413,53.0128455822629,0.113514759535458,0.00111516959742528
"8477845",2019,-0.000214065172215832,0.00113731795264392,69067,62.7043305775551,52.6445335688534,-0.0134228133237628,0.0598735731364223
"8478027",2019,0.00101968983367883,0.000903292927329974,69085,63.0527610914091,55.5489614243323,0.0642942594702902,0.050176983975125
"8480830",2019,0.00257424443409565,-0.00152153478620798,65980,68.3661715671415,52.9796908153986,0.171169811062418,-0.0806104425381723
"8475177",2019,-0.000110055224641619,-0.00164091884554416,81294,65.0084877112702,51.0591187541516,-0.0071545237186758,-0.0837838702005647
"8475907",2019,-0.00116338064804641,-0.00123236406676614,53543,61.9240610350559,51.9059447546831,-0.0720412542566287,-0.0639670211672199
"8476882",2019,0.000768392111009474,-0.00117625289447231,81293,61.3779784237265,48.9341025672567,0.0471623544105011,-0.0575588797831407
"8478427",2019,0.00146801646970939,-0.0016154549131925,88855,66.040177817793,49.4288447470598,0.0969480686990571,-0.0798500701000669
"8470187",2019,-0.000819434234149145,7.72078686818664e-05,74819,54.7080287092851,63.7538593138107,-0.0448296316072024,0.00492229959786288
"8474573",2019,0.00218240883283331,-0.000274856256005192,74487,51.4237383704539,58.9149784526159,0.112227620836988,-0.0161931504001126
"8474579",2019,-0.000705999182593726,-0.000685475592913972,7309,54.1797783554522,56.1499521138323,-0.0382508792320585,-0.0384894217173203
"8478445",2019,0.00091643830731909,-0.00110454527021695,77747,58.7135194927135,54.6387641966893,0.0538073184206488,-0.0603509885639522
"8478463",2019,0.00170921379840742,-0.000338835963109565,65150,56.0859554873369,57.9094397544129,0.0958628890158204,-0.0196218007923218
"8475753",2019,-0.002379209300374,-0.00156755517170329,103664,60.9816329680506,51.6399135669085,-0.14508806830958,-0.0809484135781181
"8470047",2019,-0.000241285090168147,-0.000441498099876459,54007,47.1272242487085,59.992223230322,-0.0113710965522241,-0.0264864525635515
"8473463",2019,-0.00142791174517174,0.000515101183926858,63643,48.4200933331238,59.9594613704571,-0.0691396199726794,0.0308851895395392
"8479206",2019,-0.000670825305751299,0.000274656971831872,5009,45.2784987023358,61.0900379317229,-0.0303739627359542,0.0167788048274212
"8475754",2019,0.00177245430135536,0.000478998555146752,76747,50.9883122467328,58.6342137151941,0.0903744533605717,0.0280857036517438
"8477506",2019,0.00293053327961569,0.000876082684486178,95271,50.2944232767579,58.3430424788236,0.147389481191617,0.0511133292759389
"8476917",2019,-7.46755491257994e-05,0.00107949057821313,84197,52.9757592313265,56.2680380536124,-0.00395599391095545,0.0607408169334124
"8474586",2019,0.000487865020334897,-0.000781552133164026,69902,57.4747503647964,57.9382564161254,0.0280399202554645,-0.0452817678938272
"8475314",2019,0.00173613148190751,0.000498615431328886,75886,55.7415069973381,57.0698152491896,0.0967745851470464,0.0284558905463345
"8470320",2019,0.000554384995574056,-0.00235368843121137,92541,56.1351184880215,59.091645865076,0.0311204674145309,-0.139083323253869
"8470607",2019,0.000855965718418385,-0.000610901785468582,70803,55.6756069658065,63.4040930469048,0.0476564109148662,-0.0387336736483702
"8473604",2019,0.00061391140262598,-0.000543206058115659,78240,57.0552147239264,56.2269938650307,0.0350268468982921,-0.0305428436971166
"8474141",2019,0.00111915104333231,-0.00154710786852057,87741,56.5801620679044,59.2471022668992,0.0633217474102065,-0.0916616581041624
"8475430",2019,0.00011173084032203,-9.01293981895963e-05,29729,51.1016179488042,56.7930303743819,0.00570962671523521,-0.00511872164900651
"8479337",2019,0.0002941571955891,-0.00214903738051797,69093,57.1056402240459,57.8350918327472,0.0167980349806255,-0.124289774254263
"8467950",2019,-0.00163568132296204,-0.000297345037642803,137974,51.5836316987258,66.5603664458521,-0.0843743829401586,-0.0197913946663607
"8471768",2019,-0.000685648351541318,0.00206712056374923,21346,41.9938161716481,77.9162372341422,-0.0300559876036633,0.139389489991352
"8474697",2019,-0.000719204193193498,0.000875506789024056,43392,53.7610619469027,68.9435840707965,-0.0386651811827478,0.0590369265083824
"8475175",2019,-0.00124264782231581,0.00174557150841577,54131,48.5488906541538,64.4436644436644,-0.0603291732472325,0.112491024550767
"8476323",2019,-0.000818112241437377,5.30868584968089e-05,5881,51.4198265601088,75.2933174630165,-0.0420671895614118,0.00357973804764053
"8476879",2019,0.000395914123477092,0.00057225836244177,84420,53.6034115138593,68.1023454157783,0.0212223476848915,0.0385883642603641
"8476331",2019,0.00110769737781826,-0.00054852998830273,76059,56.9400070997515,63.9924269317241,0.0630722965573478,-0.0351017651963219
"8479320",2019,-0.00109981729385038,0.000944457240231725,50730,48.3264340626848,67.0609107037256,-0.0531502479322607,0.0633361626506669
"8471676",2019,-0.00193523664584284,0.000158008834852987,61708,52.3886692163091,64.0565242756207,-0.10138447249434,0.0101214967655229
"8475168",2019,0.000133886830107664,0.000330520523197619,75742,52.9956959150801,59.6498640120409,0.00709542573541977,0.0197155042619266
"8476288",2019,0.00101513212056177,-1.90160302227343e-05,73055,53.0230648141811,65.9831633700637,0.053825416223504,-0.00125473782883674
"8470281",2019,-0.000823464957799932,-0.000236563099865571,91331,58.3766738566314,58.8496786414251,-0.0480711452738513,-0.0139216624055082
"8480035",2019,-0.000653938439336735,-0.00122009643816712,37122,64.8779699369646,54.889283982544,-0.0424261984079143,-0.0669702198806456
"8480946",2019,0.000508962886575999,-0.000418815086163909,60790,60.5231123540056,60.8192136864616,0.0308040179682582,-0.0254720042205166
"8474250",2019,-0.0019744200635059,0.000716528420348684,59007,52.7733997661294,64.7923127764502,-0.104196859317664,0.0464255335244478
"8475913",2019,0.00250275433244163,0.00121686727053376,79574,62.477693719054,56.0534848065951,0.156366318636324,0.0682096510605072
"8478400",2019,-0.000355801019884434,0.00169739457873658,57623,56.1025979209691,60.9756520833695,-0.0199613615584471,0.103499741281239
"8476438",2019,-0.000687531146817614,-0.00107559031420093,65741,63.1934409272752,56.7317199312453,-0.0434474589120807,-0.0610200884660073
"8476979",2019,0.00126045838028296,-0.0020416383204484,88801,58.7425817276833,58.3777209716107,0.0740425794181151,-0.119186192196085
"8477951",2019,0.00194551989216833,-0.0012020616043179,33308,53.6087426444098,59.2290140506785,0.104296875208832,-0.0711969236519258
"8480172",2019,-0.000460246110956091,0.000854387945942457,34212,58.8214661522273,53.9810592774465,-0.0270723510372979,0.0461207663558555
"8470543",2019,0.000115091715276363,-3.48978169141192e-05,28589,54.0207772220085,51.8800937423485,0.00621734391104321,-0.00181050201290782
"8473573",2019,0.000196895705310251,-0.0018598348592645,60889,57.2911363300432,61.4889388887976,0.0112803786957296,-0.114359272004571
"8480144",2019,-0.000124412088868154,0.000828678187916396,44668,50.7746037431718,51.6611444434495,-0.00631697451314081,0.0428104635630849
"8475227",2019,-0.000929021879452076,2.9110907111041e-05,15694,54.1353383458647,67.4397859054416,-0.0502929137748492,0.00196299846586301
"8478469",2019,0.00107061403651143,-0.000508316360594903,84163,58.7716692608391,63.4768247329587,0.0629217740598614,-0.0322663085303781
"8474571",2019,0.000134444422187955,-0.000526022785799197,50261,48.2759992837389,68.9043194524582,0.00649043882924838,-0.0354706199155567
"8476919",2019,0.00104407279486586,-0.000300345049079626,65241,49.7172023727411,66.8230100703545,0.0519083784342192,-0.020069960239229
"8477366",2019,-0.000233373429737539,-0.000643882458835104,8287,58.211656811874,61.6869796066128,-0.0135850540008916,-0.0397191641072167
"8478561",2019,-0.000595967934868948,-0.000687915644811637,10721,52.3831732114542,61.7852812237664,-0.0312186915607127,-0.0425030615729156
"8475323",2019,-0.00110108198782786,0.00080794629379222,38365,48.2314609670272,52.0787175811286,-0.0531067929174163,0.0420768068551246
"8480029",2019,-4.23994512666278e-05,0.000325784029555746,5812,45.216792842395,72.4707501720578,-0.00191716720455434,0.021968176662487
"8470110",2019,0.00175694933321975,-0.000992199428713547,40176,44.8924731182796,65.1433691756272,0.078873800711747,-0.064635213680533
"8470598",2019,-0.000179356791261674,-0.00026792164829591,43859,47.4429421555439,58.1135000798012,-0.00850921387303157,-0.0155698647296248
"8470657",2019,0.000332183332961762,-0.00133845160973888,149033,52.6111666543651,58.5776304576839,0.0174765526902537,-0.0784033237807761
"8471716",2019,0.000300542518416474,-0.000627501867946381,52800,51.2727272727273,59.7272727272727,0.0154096345806265,-0.0374789752037066
"8476960",2019,0.00173368680603991,0.000442370495173963,63032,50.6028683843127,62.0827516182257,0.0877295252656573,0.0274635775751167
"8480161",2019,-0.000483331576149683,-0.000234348758287614,5929,47.3604317760162,65.5759824590993,-0.0228907921374314,-0.0153676500627803
"8471794",2019,-0.00109054833203254,-0.000584026541858095,44888,53.9743361254678,59.8289075031189,-0.0588616222341927,-0.0349416699521943
"8476822",2019,0.000582633857220755,0.000284090427598829,60870,45.657959586003,62.2769837358305,0.0266018731064222,0.0176922949390774
"8478036",2019,0.000365064262878521,-0.000656875712382403,34071,45.8571805934666,63.3970238619354,0.0167408178310411,-0.041643965212233
"8478176",2019,-0.000404859632259477,0.000171418256568018,10334,43.5455777046642,65.492548867815,-0.0177473716097475,0.0112266185451165
"8479425",2019,-0.00210834553403916,0.00104281515339314,44994,54.5672756367516,55.3673823176424,-0.115046671893429,0.0577379452845488
"8474679",2019,0.00240200739086742,-0.000175488338122021,85685,61.0468576763728,54.5346326661609,0.146635003327879,-0.00957019205667945
"8477215",2019,0.00107191124505086,0.000168650042664243,56922,53.7577737957205,57.6789290608201,0.0576235622405331,0.00972755384693516
"8477511",2019,-1.60574864190249e-05,-0.000871658913706829,58902,61.1795864317001,51.8895793012122,-0.000982390378248587,-0.045230014326399
"8477946",2019,-0.000146367356373969,-0.00130465163717472,78306,61.4205807984063,52.8235384261742,-0.00898996803841649,-0.0689163158890699
"8479395",2019,0.000141890655023559,0.000129262332918343,46473,55.0771415660706,58.1757149312504,0.00781493169363507,0.00751992863120589
"8473422",2019,-0.000222259516518159,0.000606562188239537,69916,50.6665141026375,55.5580982893758,-0.0112611149281127,0.0336994416728311
"8476850",2019,0.00211518412641206,-0.000368553368305072,59642,55.6520572750746,54.0826934039771,0.117714348150412,-0.0199323588210462
"8476914",2019,0.000397051015850735,-0.000629398355720168,69852,52.7228998453874,53.7021130389967,0.0209336809422076,-0.0338000216454431
"8477416",2019,-3.97141335952178e-05,-0.000576653464223616,58285,55.4653856052158,51.8829887621172,-0.00220275973383581,-0.0299185052039498
"8477505",2019,-0.00055898771480267,-0.00183483653677128,55445,54.0860312020922,53.3718099017044,-0.0302334269844034,-0.0979285468412583
"8478906",2019,0.000424640715414562,0.000275504952021651,81557,51.7331436909156,54.9112890371151,0.0219679991475547,0.0151283320516174
"8474062",2019,0.000108464824561812,0.0012786996667375,52917,47.8938715346675,52.2478598560009,0.00519480037359367,0.0668093209856159
"8477407",2019,-7.65336027510823e-05,-0.00215928366457662,48664,52.7453559099129,59.1073483478547,-0.00403679211617372,-0.127629531743962
"8477947",2019,0.000780066132704839,-0.000425725073279463,3830,58.2767624020888,37.5979112271541,0.0454597286735562,-0.0203550285939565
"8471273",2019,-0.00166808247691835,0.000716900746680705,46256,45.9183673469388,57.5147007955725,-0.0765956239401284,0.0412323319454632
"8475233",2019,0.00159103449462306,0.0016336482350975,96689,52.9450092564821,56.0353297686397,0.0842373360452001,0.0915420175796446
"8476432",2019,0.000605879875559099,0.000328359600787233,72429,54.3263057615044,59.1475790084082,0.0329152153743658,0.0194216754307323
"8476981",2019,0.000722575894455504,0.0010989125657336,77357,55.6588285481598,57.3341779024523,0.0402177278225321,0.0630052485430104
"8478460",2019,-0.000486515142966773,-0.000926633113563557,104183,55.9784225833389,55.5637676012401,-0.0272343502661876,-0.051487226973659
"8478506",2019,-0.000150686330068979,1.72238084603559e-05,502,43.0278884462151,50.199203187251,-0.00660546540863639,0.000864621460559699
"8478567",2019,0.000367471861790536,0.000118504313913252,28258,54.6535494373275,50.4494302498408,0.0200836415651958,0.00597847511907183
"8474715",2019,0.00126097429957492,-0.00134919213943097,80906,56.5100239784441,53.5732825748399,0.0712576879051807,-0.0722806517334884
"8478550",2019,0.000898710316716072,0.000206063690574069,88469,61.0790220303157,51.5163503600131,0.054892347233573,0.0106156492800911
"8479400",2019,0.00167278049345448,-0.000307268346899173,81169,58.6775739506462,54.4197908068351,0.0981547011078734,-0.0167214791598151
"8477479",2019,0.000657394454846602,-0.000941971770747522,61466,55.6405167084242,56.7533270425927,0.0365777671489177,-0.0534600319701243
"8479992",2019,-0.000403002746034109,0.000288300960976801,37641,44.377141946282,54.4193831194708,-0.0178841100654971,0.0156891604491082
"8470144",2019,-0.00021275154538628,0.000203016761617394,54209,45.8890590123411,56.9130587171872,-0.00976296822119779,0.0115543048745039
"8471761",2019,0.00014838204026427,0.000181770777700905,9782,59.619709670824,50.4191371907585,0.00884649416092032,0.00916472577817278
"8474034",2019,0.0015095450863079,0.000622822525838195,69820,53.1079919793755,49.8080779146376,0.0801689083361457,0.0310215928939402
"8474596",2019,0.000472380896038003,-0.000600617172923986,123436,54.3342298843125,54.4800544411679,0.0256664521982864,-0.0327216562791991
"8475158",2019,0.00161481111351899,0.000542232053224105,102505,53.8744451490171,48.1498463489586,0.0869970527613022,0.026108390048221
"8475765",2019,0.00162375193194899,-0.000521656221846126,90450,60.5373134328358,53.1741293532338,0.0982975796415686,-0.0277386154183651
"8476877",2019,0.000222726354195576,-0.000132519978122704,12551,46.7532467532467,65.397179507609,0.0104131801961568,-0.00866643279763491
"8476392",2019,-0.00108945872418675,0.000788264984558594,61071,56.4719752419315,54.998280689689,-0.0615238860993804,0.043353218878607
"8476885",2019,-0.000720117696872339,4.41642709535723e-05,94731,56.9655128732939,57.2695316211166,-0.041021873931468,0.00252926711189917
"8476945",2019,-0.00048598397443954,0.000684751427258808,198039,55.2618423643828,57.6795479678245,-0.0268563697870941,0.0394961527946107
"8477429",2019,0.00119158249455205,0.000339447997960939,47447,58.2713343309377,54.3258794022804,0.069435101922935,0.0184408110005715
"8477504",2019,0.00103254369491364,-0.000637248879225382,67341,58.1102151735198,56.3995188666637,0.060001336287493,-0.0359405301866322
"8479293",2019,-0.000441726531123499,0.000839655674450979,60028,54.2746718198174,56.433664289998,-0.0239745625108343,0.0473848464511584
"8470257",2019,-0.000743003480339345,-0.000518071313368296,65338,51.6820227126634,50.3596681869662,-0.038399922746486,-0.0260898994384132
"8474102",2019,-0.000987436006711518,-3.34804925883459e-05,71428,52.0132161057288,49.5435963487708,-0.0513597224076641,-0.00165874401035502
"8475098",2019,-0.000194889346102416,0.000294775477460035,71072,50.9061233678523,52.3750562809545,-0.00992106109576964,0.0154388822222146
"8476892",2019,-0.0010391343521432,0.00170911785154699,122508,53.6585365853659,53.2471348809874,-0.0557584286515863,0.0910056287688258
"8478407",2019,0.00253191645103126,-0.000722726068532425,84192,60.7611174458381,49.3443557582668,0.15384207284416,-0.0356624522414375
"8477964",2019,-0.000514020111935574,-0.00108207800151322,62258,50.827202929744,55.62658614154,-0.0261262045393191,-0.0601923051630406
"8478104",2019,-0.000969686185043217,0.000231363834735999,28450,51.1212653778559,48.9701230228471,-0.049571584798835,0.0113299154500595
"8480023",2019,0.00215122020757911,0.000601287048585975,61145,53.2243028865811,50.8103687954861,0.114497195903925,0.0305516166906028
"8477940",2019,0.000668109927764389,-0.000341490947288113,54558,61.5638403167272,56.35103926097,0.041131412906907,-0.0192433697778983
"8478458",2019,-0.000545823089489568,0.000192553638312888,43839,54.8552658591665,56.7439950728803,-0.0299412706860219,0.0109262627036917
"8480005",2019,0.000111271682399176,-1.92258594601153e-05,1992,57.8313253012048,63.2530120481928,0.00643498886163908,-0.00121609352006753
"8470151",2019,-1.36185605861082e-05,0.000760267021822448,115927,50.3075211124242,54.841408817618,-0.000685116024206464,0.0416941145543178
"8474565",2019,0.001061856475369,-0.00170863727941603,111569,58.274251808298,52.111249540643,0.0618788916299246,-0.0890392236420943
"8475170",2019,0.00263666061306427,-0.000694906028074568,86640,61.3296398891967,54.5152354570637,0.16170544590926,-0.037882965741018
"8475768",2019,0.000470212466884804,-0.000590015543618972,81405,61.2050856826976,49.6185737976783,0.028779394324757,-0.0292757297928352
"8479385",2019,-1.49301937786725e-05,-0.000259427303775302,8560,47.5233644859813,67.7102803738318,-0.000709533040790185,-0.0174936286722837
"8470834",2019,-0.00103369978363183,0.000174456822829788,54445,57.3275782900174,50.3186702176508,-0.0592595052745276,0.00877843533519126
"8471218",2019,0.000363975440752528,-0.000875381854173073,82361,54.0692803632787,55.8613907067666,0.0196798901513964,-0.0489000477735758
"8475279",2019,-0.00113243896938648,0.00213635823626736,82144,52.8973509933775,57.6743280093494,-0.0599030216422152,0.123213025663959
"8476460",2019,8.35973126811683e-05,-0.000620181795676606,87724,53.8826318909306,56.1397109114951,0.00450444322627042,-0.0348168267218566
"8478398",2019,0.000446796660862075,-0.000826223829621541,79998,53.8663466586665,57.3314332858321,0.0240673038199312,-0.0473685963671121
"8473412",2019,-0.000825522476783167,-3.22280637093558e-05,65595,54.6078207180425,62.1266864852504,-0.0450799834108896,-0.00200222281009782
"8473618",2019,-0.000989522736179604,-0.000509458800939919,53805,60.9534429885698,56.9389461945916,-0.0603148176856171,-0.0290080472550792
"8479339",2019,-0.00136212678985085,-2.00107327677429e-05,72604,49.4848768662884,59.7487741722219,-0.0674046764720418,-0.00119561675316055
"8474574",2019,0.000923638892846246,-0.000369011233656767,82344,58.2337510929758,60.1573885164675,0.0537869573858,-0.0221987521500311
"8476476",2019,-0.000340964085171022,-0.000156354935760305,32846,56.2260244778664,68.2822870364732,-0.0191710549988992,-0.0105432818653452
"8471228",2019,0.00151736331445744,-0.000282710740965192,80565,60.5026996834854,58.8046918637125,0.0918045769253564,-0.01662471800902
"8471392",2019,-0.000129305347987366,-0.000718348144829305,88188,47.475847054021,61.8859708803919,-0.00613888092431515,-0.0444556723728899
"8471750",2019,0.0017241961638345,0.000622367912800474,171360,53.6764705882353,58.4033613445378,0.0925487646764108,0.0363483781005319
"8473994",2019,0.000947545275538462,0.00118837284155457,81418,59.2940136087843,59.028716008745,0.0561837624627168,0.0701481229766301
"8475794",2019,0.0014706305780129,0.000549688296839331,93549,58.6088573902447,58.6088573902447,0.086191977820491,0.0322166029985429
"8476941",2019,0.00117880707710769,-0.000386237614105301,29951,50.3622583553137,60.699141931822,0.0593673865683699,-0.0234442917579859
"8475752",2019,-0.00188021386151694,0.000264797748099518,35475,50.4355179704017,57.8435517970402,-0.0948295600007358,0.0153168422579341
"8475906",2019,0.00130439443124704,0.000207104626322287,93910,60.2619529336599,54.1667554041103,0.0786053558227369,0.011218185637059
"8476889",2019,0.00137730654348014,-0.000505615062270041,77191,48.2232384604423,58.483501962664,0.0664181818793705,-0.0295701394866224
"8476902",2019,-0.00106832206417347,0.000954872792859696,111151,49.6513751563189,59.8537125172063,-0.0530436595960497,0.0571526816343261
"8476913",2019,0.000390432462977867,-0.000672518200205781,51963,52.5142890133364,61.7285376133018,0.0205032832010085,-0.0415135650170326
"8471769",2019,-0.000317652141766971,0.00149946725235504,80533,51.6757105782723,51.8992214371748,-0.0164149001425183,0.0778211829677665
"8474613",2019,-0.00127648971544378,-9.19543095793071e-05,61579,58.2861040289709,57.2922587245652,-0.0744016123462675,-0.00526827009525643
"8475209",2019,0.000664464879771475,0.000485779638015431,59686,59.6521797406427,57.3601849679992,0.0396367784394726,0.0278644098902528
"8475246",2019,-0.00101755834032105,0.000735675043194586,45678,57.5331669512676,64.4686720084067,-0.0585433538763458,0.0474279930644822
"8477293",2019,0.000798130399116282,-0.000755083859038367,32898,61.0614627028999,58.8728798103228,0.0487350095976894,-0.0444539612798805
"8478432",2019,-0.00182491977546379,0.000449251908162073,48062,53.930339977529,53.1813074778411,-0.0984185439224782,0.023891803862974
"8471274",2019,0.00142664447315483,0.000380211527161971,75348,58.8628762541806,62.8284758719541,0.0839763970820233,0.0238881107605347
"8474131",2019,-0.000149710797889956,0.000887380303592669,31276,54.098989640619,59.2786801381251,-0.00809920290413753,0.0526027331775422
"8477851",2019,5.91658077850079e-05,-0.000443482540317959,65479,54.0997877181997,63.5012752180088,0.00320085764134473,-0.0281617068471124
"8478440",2019,0.00148811093222972,-0.00100824179335517,60312,56.2873060087545,61.4803024273776,0.0837617554173874,-0.0619870103753976
"8478474",2019,-0.000700911222996675,0.0012031286596051,54227,54.0395006177734,65.3253914101831,-0.0378768924681332,0.0785948506055122
"8470760",2019,-0.000384235858414832,-0.000290883382151793,7721,45.6935630099728,63.8777360445538,-0.0175571054071691,-0.0185809719048393
"8476439",2019,-0.00123965290462038,-0.000280365807498227,28200,49.0212765957447,59.6170212765958,-0.0607693679201139,-0.0167145743108518
"8477406",2019,0.000560028480067768,0.000504334718694457,66239,51.9573061187518,56.7943356632799,0.0290975711741003,0.0286433553001789
"8478449",2019,0.000729667527140035,-0.000627396915979735,50585,53.7313432835821,55.2258574676287,0.0392060163836437,-0.0346485326575267
"8480036",2019,0.00135698338213385,-0.000196008004415345,109244,56.2191058547838,56.581597158654,0.0762883924033654,-0.0110904459457008
"8474218",2019,-0.00151108158254465,-0.000105985467866693,35401,56.439083641705,60.3033812604164,-0.0852840598266776,-0.00639128207682877
"8475171",2019,-0.0011988747970868,-0.0014294431272799,88694,57.3116558053532,53.6586465826324,-0.0687094997243516,-0.076701983576685
"8477943",2019,-0.00160284192854181,-0.000636278806132708,42794,59.3073795391877,63.7659484974529,-0.095060354597353,-0.0405729215818791
"8469455",2019,-0.00118427298289003,0.00101692093187489,55152,53.3289817232376,56.9843342036554,-0.0631560722598667,0.0579485622406515
"8471260",2019,0.00175715135494239,-6.54179844840573e-05,72069,49.502560046622,55.896432585439,0.0869834904590387,-0.0036566319595884
"8470755",2019,0.000534894951064598,0.00158467422278191,51097,55.2361195373505,56.5042957512183,0.0295455214569294,0.089540900953401
"8473546",2019,0.000352635701798553,-0.000156668259557348,28987,50.1742160278746,57.0048642494911,0.0176932198811818,-0.00893085286827065
"8476393",2019,-0.00101050056613875,0.000352781281339464,59011,60.2125027537239,60.883564081273,-0.0608447681212688,0.0214785817491048
"8476994",2019,0.00151066435457143,-0.000525933840288022,56673,59.6474511672225,57.1700809909481,0.0901072783193631,-0.0300676802451466
"8479343",2019,-8.51562982862951e-05,-0.0010349598865369,69702,53.4561418610657,56.7616424205905,-0.00455212716155542,-0.0587460229992624
"8477450",2019,0.00194106105855141,0.0006822760776093,55865,51.2306453056475,57.9325158865121,0.0994418106072521,0.039525969705088
"8471262",2019,0.00141611684698418,0.000843123773436007,71711,57.4807212282634,58.8361618161788,0.0813994177081451,0.0496061667649482
"8473446",2019,0.000430081510792132,0.000785710134519156,95054,56.5447009068529,60.1047825446588,0.0243188303933085,0.0472249367784085
"8473575",2019,-0.00111156466086299,0.000257659534509796,135696,56.3760169791298,56.5351963211885,-0.0626655881942125,0.0145668323675374
"8475268",2019,-0.00107147069215153,0.000356156768543577,28028,47.9092336235193,63.5792778649922,-0.0513333397110417,0.0226441901507298
"8476442",2019,0.00086797190523527,0.000425714906076017,50085,58.8679245283019,56.2803234501348,0.0510957046100763,0.023959372611502
"8479398",2019,0.000148201054565674,0.000454353292744705,89433,58.7299989936601,59.4948173493006,0.00870384778550142,0.0270316661638995
"8474013",2019,-0.000141219772841928,-0.000255498550285282,79154,56.4418728049119,55.5322535816257,-0.00797070845628265,-0.01418841028418
"8474685",2019,0.000672509456055994,0.000523437890252671,62299,56.8612658309122,55.1276906531405,0.038239738954602,0.0288559220899818
"8475197",2019,-0.000184256088591769,-9.2228901982495e-06,96450,60.1306376360809,55.2410575427683,-0.0110794360953533,-0.000509482208152134
"8477456",2019,0.000383182991771655,0.000471391839851312,58244,51.1778037222718,56.6787995329991,0.0196104639426026,0.0267179235924241
"8480326",2019,-0.00241355518097816,0.00051819508471076,18763,52.763417363961,60.629963225497,-0.127347419344901,0.0314181489296467
"8469459",2019,-0.000387844781423929,0.000639540819659111,39812,55.6113734552396,51.4518235707827,-0.0215685809824319,0.0329055414194143
"8470610",2019,-0.000314727921609102,-0.000150459978556858,61903,57.4576353326979,54.4917047639048,-0.0180835221488337,-0.00819882073030373
"8471227",2019,-0.00145556863828523,0.00243586769096466,189645,56.0373329114925,55.0692082575338,-0.0815661843591175,0.134141305161531
"8474716",2019,-0.00155398694213407,0.00151250346024977,93291,57.3431520725472,53.4842589317297,-0.0891105095415468,0.0808951267031358
"8475799",2019,0.000727267754076962,-0.00106548800709469,79962,64.6507090868162,49.9737375253245,0.0470183759970519,-0.053246418002931
"8476463",2019,-0.00105677822788301,0.000646943708639801,85285,56.1411737116726,52.5109925543765,-0.0593287700662937,0.0339716562674853
"8476455",2019,0.00153026993520841,-0.000270894116220593,84602,60.4666556346186,55.4029455568426,0.0925303052002571,-0.0150083319726385
"8477492",2019,0.000577286664958572,-0.00125986967154646,98220,61.3927916921197,54.9419670128283,0.0354412399684401,-0.0692197179345685
"8478420",2019,-0.000482233425797311,-0.000731640653595174,84928,61.887716654107,54.3425018839488,-0.0298443256168833,-0.0397591835963692
"8470595",2019,0.00199117657119273,0.000214264295009011,69270,61.1693373754872,54.9848419229103,0.121798951457454,0.0117812883907943
"8475722",2019,0.000981608820728867,0.0001487612178485,67728,63.4656272147413,56.2367115520907,0.0622984194870801,0.00836584169828381
"8475798",2019,0.00125803847207848,0.000768561836734519,72508,60.4236773873228,56.6503006564793,0.0760153107777105,0.0435392591241065
"8476856",2019,0.00227930821295937,0.000332174425521578,35749,59.0114408794652,56.0910794707544,0.134505261855131,0.018632022100083
"8474569",2019,-0.000766118252256784,0.000642829918729951,54090,53.2445923460898,58.4359400998336,-0.0407916540303113,0.0375643706252843
"8475747",2019,0.00016701484885209,0.00126875283540903,63636,52.6683009617198,56.4586083349048,0.00879638832441802,0.0716320194081581
"8477021",2019,0.000273069970470536,0.00135063096765914,65756,59.1276841657035,55.3500821217836,0.0161459949691199,0.0747575349761573
"8477507",2019,-0.00056984877720885,0.00116104229906088,73712,57.6785326676796,59.1436943781203,-0.0328680413118779,0.068668330895727
"8479370",2019,0.000226258470941928,-0.000464590381185933,51106,54.4515321097327,58.5371580636324,0.0123201203955934,-0.0271958005783242
"8474688",2019,-0.00136940623523652,0.00242663792822054,71110,54.4227253550837,56.700885951343,-0.0745268194398161,0.137592520413236
"8476372",2019,-0.00115127454923325,5.67949493806001e-05,46798,54.5407923415531,59.8487114833967,-0.0627914261178457,0.00339910453919366
"8468611",2019,-0.000851626702656106,2.5950404033879e-05,12281,54.5232472925658,58.3340118882827,-0.0464334533098712,0.00151379117741804
"8470611",2019,-0.00220873620531444,0.00052779570852375,40154,48.1446431239727,51.4618717935947,-0.106338816359862,0.0271613550852587
"8475220",2019,-0.000100839949141277,0.00214321678858811,50758,52.6261870050041,48.3707001851925,-0.00530682202108392,0.103668896712666
"8470600",2019,0.0019108104819617,0.000999014845183326,102032,59.0991061627725,55.9941978986984,0.112927191530393,0.0559390349449327
"8475745",2019,0.000330078165169713,0.0010291889296192,82832,58.0645161290323,54.5006760672204,0.0191658289453382,0.0560914924651456
"8478493",2019,-0.000195907701423178,0.00120468960062621,40342,58.0040652421794,55.3269545386942,-0.0113634430947954,0.0666518067670841
"8478413",2019,7.97935335975798e-05,0.00110580344839661,60210,54.050822122571,56.9207772795217,0.00431290609101418,0.0629431918011102
"8470594",2019,0.00147783528403811,-0.00134680461071797,199490,62.7279562885358,52.8026467492105,0.0927015870987986,-0.0711148480999487
"8471669",2019,0.00242416821422895,-0.000333964768000563,49925,64.8252378567852,53.2158237356034,0.15714728109225,-0.0177722102278196
"8474157",2019,0.000129698822217932,-0.00182918930346031,61370,60.4204008473195,55.3755906794851,0.0078364548278327,-0.101292438143711
"8475188",2019,0.000881663004709339,-0.000723136638137012,88093,59.3372912717242,53.1256740036098,0.0523154945139416,-0.0384171212977333
"8475287",2019,-4.58353027854391e-05,-0.00022348240956963,11501,75.4369185288236,46.6394226588992,-0.00304773704231725,-0.0106852781819829
"8476525",2019,0.000480350692458045,0.000474745093610805,67100,62.7719821162444,49.5201192250373,0.030152565076502,0.0235094336371085
"8470880",2019,0.00179617418083983,-0.0003720554855944,67263,58.7128138798448,58.9804201418313,0.105458440375432,-0.0219439888564308
"8474037",2019,-0.000441997172872455,-0.00103356280998999,53011,54.1246156458094,62.2738676878384,-0.023922927098256,-0.0643639536763869
"8474190",2019,0.000291092572094872,0.00133962352723149,61506,49.3415276558385,55.428738659643,0.0143629521964283,0.0742536423932233
"8476906",2019,-0.000815958801875405,0.00096666908199917,73784,56.1097256857855,54.1092919874228,-0.0457832245441312,0.052305779613107
"8478500",2019,0.00140836063004402,0.000157583713826936,97606,53.775382660902,59.0127656086716,0.0757351318051663,0.00929945076781295
"8478844",2019,-0.000573093708539841,3.12389257060813e-06,7465,47.2605492297388,67.9973208305425,-0.0270847234257007,0.000210649441469958
"8468674",2019,-0.00102707464451168,-0.000328655334521518,81120,58.0917159763314,57.4704142011834,-0.059664528535464,-0.0188879582043801
"8475191",2019,-0.00100897926539546,0.000561701722857752,67775,61.9874585023976,51.4703061600885,-0.0625440603434808,0.0289109596461377
"8476448",2019,0.000147884239771153,-0.000240298107257129,76746,61.7778125244312,53.1936517864123,0.00913596483990033,-0.0127823338423697
"8476539",2019,0.00201982855409604,-0.000381178981149368,79500,61.4943396226415,54.2490566037736,0.124208023085091,-0.0206786001245408
"8477447",2019,7.74247558582406e-05,0.000546872029668463,87980,65.8786087747215,52.0891111616276,0.00510063520066336,0.0284860779445855
"8475462",2019,-0.00203414227570416,0.00223921708638406,70406,57.0633184671761,58.3927506178451,-0.116074908486053,0.130754044904442
"8477948",2019,0.000448898407445784,0.00143240148782511,82692,58.0757509795385,58.5981715280801,0.0260701121259328,0.083936108080653
"8471817",2019,0.000897756778449203,0.000339484373413897,50675,60.3137641835224,50.8653182042427,0.054147090629544,0.0172679806790658
"8477478",2019,-0.000195548392698938,0.000368276610953301,34517,61.1177101138569,48.9150273778138,-0.0119514699782044,0.0180142605073892
"8477930",2019,0.00187789777257655,-0.000221007628443192,50880,57.7358490566038,48.6084905660377,0.108422022341212,-0.0107428472222033
"8474207",2019,0.000400160588824346,-0.000790327162305852,57767,65.3729638028632,51.4757560544948,0.0261596836885464,-0.0406826882100971
"8475750",2019,0.000377442112330954,-3.29288025336579e-05,60473,67.4482827046781,47.505498321565,0.0250973428160042,-0.00157441212464684
"8477931",2019,-0.00080883894928064,-0.00014840468921716,47575,59.7036258539149,48.9584866001051,-0.048290618003925,-0.00726566898843107
"8473512",2019,-0.00254139489485022,3.55964805632756e-05,79281,59.3938017936202,54.5805426268589,-0.150943104664052,0.00194287522475002
"8476461",2019,-0.000261281877513454,-0.000120267940760496,79151,58.9910424378719,52.3960531136688,-0.015413290324643,-0.00630156541195854
"8478439",2019,-0.00134810301140493,-0.000707113143270416,63789,61.4024361567041,60.4994591543997,-0.0827768090904518,-0.0427799627288277
"8473584",2019,0.00169553432699811,-0.000664050287565993,39030,54.6963873943121,59.0315142198309,0.0927396023898428,-0.0391998939931347
"8474161",2019,0.000832500100990121,-0.000963708273862836,69004,55.2489710741406,58.6400788360095,0.0459947739988224,-0.0565119291542313
"8478067",2019,0.000101186081503065,0.00112889747550801,54846,60.7810961601575,58.0899245159173,0.00615020094990734,0.0655775691384696
"8477462",2019,0.00064581464041918,-0.00178651836003212,71376,54.4720914593141,68.5944855413584,0.0351788741586776,-0.120468001447096
"8479974",2019,9.37067279138215e-06,0.00143959022048473,53800,54.8698884758364,62.4312267657993,0.000514167771006693,0.0898753835049093
"8477290",2019,-0.0011633985537289,-0.000242649015506291,40108,51.8799242046475,61.9327814899771,-0.0603570287872518,-0.0150279284561091
"8474627",2019,2.18025401247156e-05,9.48511839676674e-05,12241,45.8786046891594,53.8191324238216,0.00100027011960136,0.00510480843051216
"8476872",2019,0.00308581609285493,-0.000434659741611181,59620,50.1174102650117,63.0392485743039,0.154653111127986,-0.0274006234966699
"8476876",2019,-0.000191452040726644,0.000959982485596008,61586,60.1500340986588,50.0958009937323,-0.0115158467779655,0.0480910915558862
"8477846",2019,-0.000609093897856309,-0.000469997010311533,43564,66.1096318060784,48.5905793774676,-0.0402669733226097,-0.022837427036715
"8475715",2019,-0.00148785950223785,-0.00098743643047989,37381,59.2279500280891,53.2570022203793,-0.088122868247361,-0.052587904170551
"8470147",2019,0.0016738744984812,-0.00173781004298585,110039,63.4029753087542,55.224056925272,0.106128623497157,-0.0959689207391601
"8475683",2019,0.000542998039589911,-0.000211506164140035,208679,54.3418360256662,54.911131450697,0.0295075104296532,-0.0116140427817261
"8476431",2019,-0.000534396032282517,-0.000170623648735867,5793,54.6866908337649,61.5225271879855,-0.0292243506002246,-0.0104971980682657
"8470604",2019,-0.00109748758754891,0.000773524923066224,64423,51.4102106390575,58.8423389162256,-0.0564220680496405,0.0455160156832101
"8471734",2019,0.00148706152952955,-0.000795068029919991,132195,53.4029274934756,56.8342221717917,0.0794134390398033,-0.0451870730541615
"8474563",2019,1.88461455326634e-05,-0.000278086429951427,102031,46.9269143691623,52.7133910282169,0.000884391457600068,-0.0146588787216704
"8475726",2019,0.001559961984814,0.000824158734610499,65527,58.2355364964061,53.5107665542448,0.0908452230996415,0.0441013656513842
"8475762",2019,-0.00051107723821281,0.00078876148522672,88004,47.7387391482205,55.7565565201582,-0.0243981829596343,0.0439786243319675
"8476871",2019,-0.00101936320936538,0.00017957196370113,58135,55.6084974628021,61.1817321751097,-0.0566852564416688,0.0109865237893211
"8469454",2019,-0.000575786540527282,9.4213927564664e-05,50790,47.6314235085647,58.0507974010632,-0.0274255325623863,0.00546919362141476
"8480113",2019,-0.000791643298020483,-0.000174272622292266,70514,51.6663357631109,57.6906713560428,-0.0409013084401427,-0.0100539045790189
"8477960",2019,8.89484765506662e-06,-3.91199383294493e-05,58136,55.8552359983487,52.0778863354892,0.000496823814943105,-0.00203728370177241
"8471685",2019,0.000603400989247232,-0.000851472923951939,83409,50.1528612020286,58.0081286192138,0.0302622860628831,-0.0493923508883821
"8473453",2019,-0.000301849189748349,0.000242017150717756,31283,59.0352587667423,56.3884537927948,-0.0178197450253253,0.013646972920312
"8470775",2019,-0.00219454136461629,0.00117533329139102,49686,49.1245018717546,56.9496437628306,-0.107805751373736,0.0669348122473135
"8474162",2019,-0.000603995196948395,-5.98706956099816e-06,91922,63.405931115511,59.4112399643176,-0.0382968778518094,-0.000355699226371523
"8474166",2019,0.00174710488732839,-0.000347852032133661,62999,57.4866267718535,62.4009904919126,0.100435166589128,-0.021706311349765
"8470602",2019,-0.00222542169096193,0.00148994650075759,52459,58.3312682285213,60.6645189576622,-0.12981166957707,0.0903868877411112
"8478020",2019,-0.00084525040121365,0.000295170680519162,23923,58.2368432052836,56.732015215483,-0.0492247150846824,0.0167456275383776
"8478455",2019,0.00185136946025429,-0.000223700201341017,31941,56.1284868977177,61.0876303183995,0.103914566492718,-0.0136653152016716
"8480147",2019,-0.00214287552940195,0.00239983798478092,53501,53.5616156707351,53.4943272088372,-0.11477587553605,0.128377718406067
"8475160",2019,-0.000117930962539712,-0.000374924601984827,42653,61.7822896396502,57.2245797482006,-0.00728604488511122,-0.0214549027858431
"8471657",2019,-0.000786850445669732,0.000300488842434221,14563,44.7435281192062,67.7332967108426,-0.0352064650414336,0.0202624787491974
"8477461",2019,-0.000774188200813554,-0.000147733443717885,8551,43.7843527072857,60.2034849725178,-0.0339372083579674,-0.00889406815880797
"8474008",2019,-0.000435688800274707,0.000391522234529084,4289,43.6465376544649,52.879459081371,-0.019098794813222,0.0207034839802276
"8466141",2019,-0.00146879916256429,0.000513047535762346,115545,51.6266389718292,58.0760742567831,-0.0758291640878317,0.0297957867841936
"8474884",2019,-0.00139796519072554,-0.000392259214880199,68501,53.4999489058554,54.708690384082,-0.0747910662759807,-0.0214599879371839
"8476389",2019,-0.000392285308296385,-0.00131850866371058,48660,58.7422934648582,55.9309494451295,-0.0230437387018986,-0.0737454414129618
"8476456",2019,0.000927895989041994,-0.000220392246465084,72528,56.0390469887492,53.4083388484447,0.0519984069305962,-0.0117707837787772
"8476875",2019,0.000981393957174266,0.000425206613316947,82208,53.5568314519268,57.8921759439471,0.0525603507523216,0.0246161360706746
"8479439",2019,-0.000614617451262419,-0.000108599295207933,1381,70.3837798696597,52.1361332367849,-0.0408678956880845,-0.00566194732438173
"8470601",2019,-0.00055928751130018,-0.000247203794905361,66155,61.2198624442597,53.2748847403824,-0.0342395045085893,-0.0131697536809683
"8476292",2019,-0.000441759220641947,-0.000215149074782156,52087,57.8493674045347,54.8083014955747,-0.0255554914592569,-0.0117919553571544
"8476826",2019,-0.000402607020614517,-0.000343905936335936,61196,60.1804039479705,55.9448329956206,-0.0242290531328705,-0.0192397601745165
"8476883",2019,-0.000726405196199787,0.000569845679736114,165533,57.088314716703,54.1523442455583,-0.0414692484525018,0.0308584794159142
"8478010",2019,0.00240089767571645,-0.00116467748771781,74466,58.979937152526,54.1938602852308,0.141604794023402,-0.0631183690467328
"8479410",2019,0.000533467862443716,-0.000268300821865241,73650,62.1751527494908,53.3279022403259,0.0331684458343824,-0.0143079199994286
"8471873",2019,0.00127894940637854,-0.000191956793597764,47703,55.3927425948054,59.7698257971197,0.0708445152593057,-0.011473224113912
"8474151",2019,0.00143202781043407,-0.000147649839490595,89794,55.1261776956144,54.9658106332272,0.07894221954305,-0.00811569311746645
"8476195",2019,-9.07474325475981e-05,6.69541554252118e-05,457,47.2647702407002,31.5098468271335,-0.00428915654929567,0.00320125318827477
"8476975",2019,-0.000863252006528275,0.000452471438256011,48692,49.6097921629837,56.411730879816,-0.0428257526281463,0.0255246970057013
"8477454",2019,-0.000828275937247851,0.00145334186101366,38149,52.1848541246166,55.5820598180817,-0.0432234589602092,0.0807797342549837
"8474149",2019,-0.00029836032959982,-0.00178609818512186,71929,52.2515258101739,53.3025622488843,-0.015589782462817,-0.095203609695077
"8475760",2019,-0.000135243590694436,0.000858148376895717,51586,62.2494475245222,57.0154693133796,-0.00841883880196125,0.0489277324492243
"8475796",2019,3.15856833495649e-05,0.000975727350704214,66681,52.3147523282494,57.3896612228371,0.001652397201551,0.0559966621027712
"8477493",2019,0.0027166728655952,-0.00067130277218332,81172,49.9827526733356,52.7324693243976,0.135786787935407,-0.03539945284154
"8471958",2019,-0.000569610352228208,-5.56247782656453e-05,60125,57.4203742203742,57.1808731808732,-0.0327072395847429,-0.00318067339172205
"8473986",2019,0.00108901524364206,0.000181998713057339,58909,59.6445364884822,48.8889643348215,0.0649538094359223,0.00889772859164365
"8475167",2019,0.000793845120680311,0.000407639645031846,73663,57.6191575146274,52.0478394852232,0.0457406870506973,0.0212167628124309
"8475755",2019,-0.00258110719357743,-0.000626599740837127,30386,59.3562824985191,62.3181728427565,-0.153204927740942,-0.0390485509527145
"8478519",2019,0.000750790376875664,0.000194481454233414,61136,57.0596702433918,47.5791677571316,0.0428398513264372,0.00929866669919331
"8471735",2019,-0.000717281816563094,-0.00135810371059066,87683,55.7964485704184,57.3976711563245,-0.040021777988359,-0.0779519901766669
"8477932",2019,0.00155127803587388,-0.00109123600744221,90884,55.3760837991286,56.6832445755028,0.0859037025102994,-0.0618547974994419
"8474564",2019,-0.000547240178857871,0.000145611598284588,72939,57.6481717599638,53.2061037305145,-0.0315473958247519,0.00774742580269581
"8476453",2019,0.000953197132368836,-0.0015140510110011,80575,61.835556934533,54.9996897300652,0.0589414755484268,-0.0832723358405519
"8476468",2019,-0.0010247602703575,0.000156563362882865,57116,58.3654317529239,49.8564325232859,-0.0598105756226586,0.00780569073718828
"8477955",2019,-0.00230375383094224,0.000790592487815463,57631,59.0307299890684,57.7189359893113,-0.135992270355633,0.0456321571978511
"8478843",2019,-0.00167910093535062,0.00119480306304684,33172,57.8439647895816,54.5882069215001,-0.0971258553825748,0.065222156836043
"8478366",2019,-0.000959195447008037,-0.000135157200555395,60016,58.1245001332978,57.7046121034391,-0.0557527558874773,-0.0077991938310358
"8468001",2019,-4.61050930979571e-05,-5.75053137049671e-06,163,44.1717791411043,66.2576687116564,-0.00203654398960301,-0.000381016802462359
"8471426",2019,-0.000649639618792482,0.00113232407695362,46933,53.3867428035711,58.219163488377,-0.0346821432434842,0.0659229605579883
"8474098",2019,0.000209793864100308,0.00107795074579416,35178,53.0104042299164,57.1038717380181,0.0111212575409135,0.0615551611277307
"8478472",2019,0.000866746194623649,0.00080396405812062,43519,57.8230198304189,52.9423929777798,0.0501178823996634,0.0425637811050325
"8473503",2019,0.000329131514290467,-0.000682536569910268,86365,58.3569733109477,53.3966305795172,0.0192071189952406,-0.0364451530805094
"8472382",2019,0.00115996361667904,-0.000415614459110796,80838,50.7236695613449,61.5007793364507,0.0588376111956102,-0.0255606131388114
"8475151",2019,0.000691983222702353,0.00186426072040018,62163,51.2523526856812,56.2328072969451,0.0354657681825152,0.104832613841527
"8475791",2019,0.00225472813667908,-0.000853279956947427,30619,57.9640092752866,51.3798621770796,0.130693082627716,-0.0438414065864232
"8476234",2019,-0.000480013851806742,-0.000777627393763302,109723,54.4316141556465,58.3688014363442,-0.0261279287709103,-0.0453891789380321
"8476923",2019,0.000469325487866934,-0.000439444587315321,84684,53.1387275046054,61.0032591752869,0.024939359210727,-0.0268075520531735
"8480002",2019,0.00184817287143178,-0.000262537882625935,56912,55.6016305875738,57.1830193983694,0.102761425259325,-0.0150127088350057
"8475660",2019,0.00112604243677034,-0.000282962132236923,93794,51.3550973409813,58.1487088726358,0.0578280189504166,-0.0164538826494251
"8476427",2019,0.00103554784256873,0.000747545108749143,30445,50.4910494334045,57.585810477911,0.0522858973097931,0.0430479909561175
"8476454",2019,0.00112662124087919,-0.000601141591290919,74298,46.6122910441735,56.2060889929742,0.0525143971764087,-0.0337878177774756
"8476457",2019,-0.000517669827180047,-0.000771967431540603,92751,54.9212407413397,55.3481903160074,-0.0284310692030831,-0.0427270003186687
"8476472",2019,-0.000161897881714053,-0.000145466881718049,69718,55.1478814653318,54.2700593820821,-0.00892832519025491,-0.00789449630896486
"8478402",2019,0.00229327265900246,-0.00267691047185146,83860,57.4815168137372,57.4815168137372,0.131820790906934,-0.153872874296599
"8476458",2019,-0.000302918144274118,-0.000402418838386513,60665,52.6959531855271,59.817027940328,-0.0159625603497157,-0.0240714988994804
"8476915",2019,0.000843676012979632,0.000780975528340647,38788,47.1486026606167,54.0167061977931,0.03977814511027,0.042185725662043
"8477498",2019,0.00194417589731152,-0.00132245079693648,94651,49.6730092656179,58.0025567611541,0.0965730673611461,-0.0767055274131418
"8479344",2019,-0.000377828691871246,-0.000946858216035751,30669,49.4179790668101,57.3999804362712,-0.0186715303857335,-0.0543496430763747
"8470803",2019,-0.00266415247447613,0.000351998889306813,40546,51.3194889754846,59.843141123662,-0.136722943542888,0.0210647192081599
"8475178",2019,0.000569365345739356,-0.00159968874061414,62046,53.9019437191761,57.7893820713664,0.030689898821692,-0.0924450238266133
"8476356",2019,-0.000598434133574492,0.00151532847324947,42715,48.376448554372,57.4786374809786,-0.0289501180760466,0.0870990159785109
"8476988",2019,-0.000345893105206593,0.00155854783560661,53356,54.1794737236674,58.2277532048879,-0.0187403064047383,0.0907507387297138
"8475222",2019,-0.000460228327812731,-0.000656241838851305,50071,54.9299994008508,57.5902218849234,-0.0252803417710079,-0.0377931131096168
"8477509",2019,4.84172876082824e-05,0.000256217429432912,49199,53.1230309559137,57.4401918738186,0.00257207306841617,0.0147171783080431
"8473933",2019,0.000161359180087,0.000827946801900293,70510,50.0865125514111,59.4298681038151,0.00808191859871295,0.0492047692339099
"8475149",2019,0.000620214636430887,0.000157327136337772,59114,54.6266535845992,57.3062218763745,0.0338802500924082,0.00901582378214696
"8476474",2019,0.00161111175250769,2.93512380536174e-05,28277,49.5243484103689,59.0727446334477,0.079789259759231,0.00173385819021687
"8477355",2019,-0.000526393473550592,0.000499106531475858,74035,53.9258458837037,54.460728034038,-0.0283862133288767,0.0271817050707187
"8478401",2019,-0.000698899386409064,-0.00129845198753477,43094,50.9583700747204,58.14266487214,-0.0356147735776281,-0.0754954587637979
"8471233",2019,0.00121172548435838,0.000159726480406685,68021,50.3844400993811,55.3593743108746,0.0610521100835482,0.00884235801619227
"8477961",2019,-0.000383587681794016,-0.000154519019851006,11263,54.0175796856965,62.6476072094469,-0.0207204781677598,-0.00968024686201454
"8477425",2019,-0.00240652478598705,-0.000356078111076506,44418,59.1652032959611,62.1639875726057,-0.142382528199693,-0.0221352352718369
"8479977",2019,-7.98017715569529e-05,-0.00039460993739769,11503,58.836825176041,56.0201686516561,-0.0046952828818348,-0.022106115244638
"8480803",2019,-0.000126832499562796,-0.000557362107435888,4298,59.4695207073057,50.2559329920893,-0.00754266795910907,-0.0280107527236277
"8470619",2019,0.000743230768087357,0.000283793890528065,43394,47.1217218970365,53.1778586901415,0.0350223135591332,0.0150915514076269
"8477520",2019,0.000620995702690932,0.000916922801588857,12453,56.3719585642014,58.9737412671645,0.0350067440206404,0.0540743680628649
"8476399",2019,0.000847268634470694,-0.00129753636918204,63305,52.3750098728379,55.3889898112313,0.0443757030953485,-0.0718692287323262
"8471729",2019,0.00091652659481556,0.00100374841265635,75782,49.2148531313505,60.0934258794965,0.0451067217548245,0.0603186808376264
"8473473",2019,-0.000375390268520261,-0.000283677550054995,55070,54.9773016161249,53.4083893226802,-0.0206379440161965,-0.0151507610354413
"8477934",2019,0.0015250660162463,-0.000637322577922598,85415,53.5268980858163,57.3622899959024,0.0816320532257578,-0.0365582825357322
"8477424",2019,-0.001390189994561,0.000209697658520775,83622,55.6217263399584,55.6647772117385,-0.0773247674380204,0.0116727734433822
"8475868",2019,-0.00140304859755427,-0.002029543959511,24545,54.854349154614,54.7076797718476,-0.0769633176511332,-0.111031641019816
"8477919",2019,-0.000942183529900698,0.00107824829285895,28571,59.346890203353,47.8807182107732,-0.0559156625004244,0.0516273026716268
"8474145",2019,6.32533426717454e-05,-6.63455887315479e-05,56949,52.9104988674077,48.4854870146974,0.00334676591579313,-0.00321679818092592
"8477850",2019,-0.000608896660965075,-7.93717595886582e-05,38487,54.9068516641983,55.7486943643308,-0.033432598642435,-0.00442487196646725
"8474717",2019,-0.000596646112699976,0.000324775447204239,8835,45.6366723259762,65.6027164685908,-0.0272289431398563,0.0213061515788995
"8480950",2019,-0.000188135416408535,0.000146342957813043,32149,54.6455566269557,62.4840586021338,-0.0102807645508885,0.00914410195199975
"8471699",2019,-0.000479975728089034,7.17764083729055e-05,61013,53.9884942553226,56.6436661039451,-0.0259131668386291,0.00406567891001527
"8479351",2019,-0.00105953310584193,-0.000731782481777382,16711,48.4710669618814,61.3966848183831,-0.0513567001215943,-0.0449290183893001
"8476207",2019,-0.000877573422817136,-0.000693406632981075,37654,49.9070483879535,63.8657247569979,-0.0437970992765167,-0.044284917166646
"8477205",2019,-0.000591726109613953,-0.00043754098530028,3419,46.3293360631764,65.2822462708394,-0.0274142777896608,-0.0285636583559586
"8474774",2019,0.000254119899535335,3.87296630175586e-05,13916,55.8781258982466,54.5846507617131,0.0141997437394852,0.00211404512993227
"8480382",2019,0.000303968959526319,-0.0008101774219276,89940,50.0733822548366,61.320880587058,0.0152207539039663,-0.0496807929443529
"8476858",2019,-0.000884712363805905,1.70417253115663e-06,13481,61.9538609895408,57.9482234255619,-0.0548113468029591,9.87537705911696e-05
"8477950",2019,0.00145395657421108,-3.74667954071715e-05,58784,54.8108328796951,64.6094175285792,0.0796925708034175,-0.0024207078279198
"8476343",2019,-0.00104357525497358,0.000428316913966401,56741,64.7151090040711,58.243598103664,-0.0675350863795669,0.0249467181980607
"8477401",2019,0.00150982727518107,0.00132020485763102,27094,49.1621761275559,57.4001623975788,0.0742263944246394,0.0757799732260927
"8475716",2019,-0.000480620143128185,0.000596573510714094,19538,63.9369433923636,56.0139215886989,-0.0307293828844165,0.0334164218510341
"8473541",2019,-0.000339990421380927,-0.000342100984251485,92255,51.2362473578668,58.1822123462143,-0.0174198333291785,-0.0199041921095688
"8475789",2019,-0.000485269186888355,0.00136646515009618,77388,52.7058458675764,59.265002325942,-0.0255765229684217,0.0809835602987686
"8479994",2019,-0.000212003890683748,0.0001784033554857,3025,49.9834710743802,59.504132231405,-0.0105966903376472,0.0106157368553475
"8475324",2019,0.000790744375830103,0.000207631488514409,86877,53.3720087019579,55.3610276597949,0.0422036157078285,0.0114946925786906
"8476983",2019,-0.000568850701594547,0.000989036004093983,24839,58.5530818470953,57.2486815089174,-0.0333079616892431,0.0566210071992288
"8477237",2019,0.000169342722215387,-0.000177242577856982,3884,46.3439752832132,51.9052523171988,0.00784801493274191,-0.00919982072501741
"8480801",2019,0.00217635055976842,0.000645365019378357,58163,57.686157866685,59.5430084417929,0.125545301964049,0.0384269747968834
"8475215",2019,0.000118594405196701,-0.000371366762648356,152829,53.3066368293976,57.7351157175667,0.00632186888781898,-0.021440903015161
"8476429",2019,-0.00029420436441348,-0.000716651589578117,83967,52.9064989817428,53.2494908714138,-0.0155653229062661,-0.0381613322772241
"8478078",2019,-0.000752088205766489,6.93013593843974e-05,6750,62.9333333333333,56,-0.0473314177495711,0.00388087612552626
"8475832",2019,-0.000909485509161777,-0.000131893778037541,29789,51.3612407264427,67.4342878243647,-0.0467123041732693,-0.00889382398689915
"8480806",2019,0.000471725143616898,-0.000309956935535382,9913,47.2107333804096,66.8213457076566,0.0222704899841328,-0.0207117395438956
"8477180",2019,0.00132709500997701,-0.000709741613387439,67607,60.757022201843,49.5747481769639,0.0806303409851281,-0.0351852617543944
"8475738",2019,0.000469321595898262,0.00179431762664471,45724,59.994751115388,51.2553582363748,0.0281568323389929,0.0919683927435161
"8477213",2019,0.000166658209166993,0.000900918099674299,25713,50.8225411270564,58.6629331466573,0.00846999368955104,0.052850498251807
"8477018",2019,-3.23422339192789e-05,-0.000927787047464789,72929,53.2627624127576,63.5796459570267,-0.00172263672114038,-0.0589883720013264
"8477938",2019,0.00258517667500067,0.00076133104651718,18144,59.3253968253968,56.547619047619,0.153366632108175,0.0430514579875787
"8475831",2019,0.000443880878457927,0.00132547271943006,130636,58.2014146177164,57.5951498821152,0.025834495048006,0.0763407999402294
"8476449",2019,-0.000515622646291687,-0.000544449497105165,59290,53.1894079946028,58.8969472086355,-0.0274256633048653,-0.0320664132887711
"8476310",2019,0.000396538566964967,-0.000458003124482845,23008,49.4436717663421,47.8789986091794,0.0196063227477115,-0.021928730960114
"8474061",2019,-1.21390010694883e-05,0.000116171043322246,987,47.4164133738602,47.4164133738602,-0.000575587892656587,0.00555444125101322
"8478397",2019,-0.000269277078423885,0.00139017928185262,68936,55.4601369386097,53.3190205407915,-0.0149341436438174,0.0741229976844823
"8477512",2019,-0.000513145854882095,0.00198223027263838,36234,50.4719324391456,57.8241430700447,-0.0258994629190367,0.114620766882816
"8477501",2019,-0.00192155765060252,0.00151312723884399,37399,53.9051846306051,57.177999411749,-0.103581919934081,0.0865175883725228
"8474668",2019,0.00104574348295919,0.000511595441465238,30701,50.5390703885867,54.8776912804143,0.0528509034936804,0.0280751766971966
"8475717",2019,0.000452224595430222,-0.000526404008954318,36564,52.3793895635051,59.172957006892,0.0236872482542381,-0.0311488817901094
"8479482",2019,4.69503236569048e-05,-0.00100680154132314,71703,62.6584661729635,61.1522530438057,0.00294183526666586,-0.0615681826198863
"8475236",2019,-0.000862962093622369,0.000374664922516939,63118,57.834532146139,57.4923159795938,-0.0499090089445023,0.0215403541118139
"8476436",2019,0.000818776519378413,-0.00062028751900428,21201,58.0727324182822,55.0162728173199,0.047548589720235,-0.034125907370718
"8470616",2019,-0.0012433738207481,-0.000102566346083719,45258,51.226302532149,62.6806310486544,-0.0636934435021962,-0.00642892329688217
"8479465",2019,0.000693971529062207,-0.000480292128325457,42213,58.5885864544098,59.01499538057,0.04065881092736,-0.0283444377344509
"8475728",2019,-0.00116948473393015,0.000611183501006388,51653,51.7840202892378,51.4355410140747,-0.0605606211897928,0.0314365540331398
"8477973",2019,-0.000453578543295232,0.000339036438424995,10035,42.3318385650224,54.8878923766816,-0.019883007147794,0.0186089955440446
"8477996",2019,-0.00149080045871727,0.00103714916000875,21337,52.3035103341613,58.2087453718892,-0.0779740971986913,0.060371151367618
"8477831",2019,0.000196091011020959,-0.000124687977411205,73775,53.2863436123348,55.6286004744154,0.010448972992553,-0.00693621767937084
"8476368",2019,-0.000791771406353367,2.56677437393329e-05,33303,51.4548238897397,55.5625619313575,-0.040740458274844,0.0014261656011549
"8479193",2019,0.00143197614885635,-0.000431692814817137,96960,57.3638613861386,55.8415841584158,0.0821436813112523,-0.0241064106491946
"8476617",2019,-0.00038000155231305,-6.89176283692707e-05,9641,78.4151021678249,48.5426822943678,-0.0252675282313278,-0.00334544653841082
"8480945",2019,-0.000513047658085909,0.00115523158621232,33460,53.2576210400478,64.2319187089062,-0.0273236977498234,0.0742027413355504
"8468509",2019,-0.000791597600401081,-0.000593943884180323,77910,51.983057373893,56.4651520985753,-0.0411496634786854,-0.0335371317582605
"8475195",2019,0.00103516564891513,0.000657508658617717,101243,53.2303467894077,60.5908556640953,0.0551022264762349,0.039839012232199
"8474870",2019,0.000728174222752263,-0.000579090771384462,66459,61.535683654584,59.1522592876811,0.0448086986167059,-0.034254527460037
"8476441",2019,-0.00153067755459118,-0.000186463405229264,82875,56.731221719457,53.4298642533937,-0.0868372077305084,-0.00996271442962512
"8480143",2019,-8.3309186048474e-05,-0.000271916768555896,409,52.8117359413203,88.0195599022005,-0.00439970273507834,-0.0183358147336881
"8479496",2019,-0.000297158971875198,2.27007079586558e-05,120242,58.4421416809434,53.5320437118478,-0.0173666067360938,0.00121521529073265
"8476806",2019,-0.00034809844783365,0.000760749941375178,29417,51.5212292211986,55.8044668049087,-0.017934459922381,0.0424532448503074
"8479657",2019,0.000869653723591455,-0.00119601222802757,14029,66.2057167296315,61.0734906265593,0.0575760480769651,-0.0730446415976921
"8474520",2019,-0.000227720767793927,0.000280105261978249,10597,53.3358497688025,64.8862885722374,-0.0121456806602932,0.0181749908593229
"8477433",2019,0.000424754467461739,0.000298908457356222,46296,45.1788491446345,64.696734059098,0.0191899180089635,0.0193384009735908
"8478868",2019,-0.002073869680927,0.000418145003257331,47570,48.8122766449443,64.0992221988648,-0.101230300590971,0.0268027694751368
"8469514",2019,-0.00084933217969376,3.75479395390603e-05,3628,75.4134509371554,38.6990077177508,-0.0564748346356959,0.00179526513924636
"8474550",2019,-0.00182543623084909,0.00125928810828459,48396,62.2613439127201,56.6079841309199,-0.113654112959635,0.07128576125003
"8469521",2019,0.000210475143978777,2.65846958525252e-05,1543,67.6604018146468,65.3272845106935,0.0139951708357637,0.00173670598958817
"8480955",2019,-0.000622587247240272,0.00154642696724877,26129,58.2800719507061,53.7333996708638,-0.0362844295647551,0.0830947782929797
"8474849",2019,-2.0279562616275e-05,0.000851078517799286,47720,56.5046102263202,58.0134115674769,-0.00114588878119287,0.0493739683293282
"8479553",2019,-0.00108715748072512,0.00030304694096117,2905,74.3545611015491,45.8519793459553,-0.072288605583093,0.0144894664085861
"8472410",2019,-0.000193023857728137,2.81367279562569e-05,2189,46.0484239378712,62.494289629968,-0.00888844443078858,0.00175838482613794
"8471217",2019,-0.000160819517791668,-0.000872017197776529,19126,51.19732301579,60.7968210812507,-0.0082335287996236,-0.0530158735529932
"8471418",2019,-0.000299246349984431,0.000507462153694427,110843,53.297005674693,57.8439775177503,-0.0159489344132514,0.0293536294094096
"8477945",2019,0.00141382866458062,0.000259658462642433,21672,52.8239202657807,54.6511627906977,0.0746839726472819,0.0141906369118539
"8468011",2019,-0.000155284769231301,-0.000666547556149649,53630,54.7081857169495,58.4001491702405,-0.00849534799411964,-0.0389264767081988
"8476999",2019,-0.00118352354275925,-0.000494220130367639,105533,54.2389584300645,54.4777462973667,-0.0641930842367215,-0.0269239988772197
"8477903",2019,0.000610038448529189,0.000895360614687439,41335,51.2108382726503,52.8656102576509,0.0312405803277268,0.0473337852961169
"8473434",2019,-0.000586930549038592,-0.000497090869392383,40217,53.7086306785688,54.0666882164259,-0.0315232360922833,-0.0268760570506701
"8476316",2019,0.000582683600437728,-0.00126288657962951,56526,55.2807557584121,57.6371935038743,0.0322111898002302,-0.0727892381635522
"8475179",2019,9.56357683334937e-05,-9.07894760924866e-05,53059,53.4650106485233,61.5390414444298,0.00511316737232995,-0.0055870973319736
"8476924",2019,-0.000778830828556197,-0.000702372529842336,14397,49.0102104605126,62.0129193581996,-0.0381706628206746,-0.0435561710525275
"8471774",2019,0.000412068361359677,-6.68220613744466e-05,50784,60.4678638941399,54.0879017013232,0.0249168935897782,-0.00361426508710086
"8476966",2019,-0.00041138477842191,0.000534757696749308,8370,36.1290322580645,64.9462365591398,-0.0180334070267791,0.0347304998749013
"8474636",2019,0.00132649767889051,0.000752214439303426,24089,63.3650213790527,53.3521524347212,0.0840535537821607,0.0401322594293147
"8477346",2019,-0.000684229137408888,-0.00063181679612744,56288,57.1134167140421,52.7643547470154,-0.0390786638527234,-0.0333374055659909
"8478874",2019,-0.00231688058121232,-0.000468833604067812,31599,52.2927940757619,59.0145257761322,-0.121156159131467,-0.0276679928119768
"8475839",2019,0.00133347460063826,0.000428505510871135,75032,60.0703699754771,52.2017272630344,0.0801023126132418,0.0223687278092022
"8475311",2019,-0.000692579656965203,0.00216041244618915,158872,55.8562868220958,58.643436225389,-0.0386849279665971,0.12669400950863
"8476326",2019,-0.00212320181597626,0.000689877695772322,46947,52.5273180394913,67.09693910154,-0.111526097049811,0.0462886817407463
"8475613",2019,-0.000293843424324279,0.000440057040035721,8391,50.6256703611012,48.0514837325706,-0.0148760203376181,0.0211453937006796
"8477962",2019,-0.000381131860341537,-0.000538847658126905,32365,53.1685462691179,64.0692105669705,-0.020264226951204,-0.0345235440720516
"8474567",2019,3.04725094581357e-05,-0.000409664222262632,69597,56.1748351222035,58.7611534979956,0.00171178819457056,-0.0240723422470115
"8476779",2019,-9.70910814464131e-05,-0.000177650079691736,30422,61.8894221287226,50.2925514430346,-0.00600891092457125,-0.00893447577175583
"8473991",2019,-0.000611694873684719,0.000568425080383214,7872,58.9939024390244,53.5060975609756,-0.0360862677006077,0.0304142078070896
"8477482",2019,0.00113387301191246,0.00113813483903398,45768,52.3072889355008,52.2286313581542,0.0593098232502714,0.0594432249437777
"8477527",2019,0.000607176750807637,2.83948538735701e-05,7840,55.5612244897959,57.3979591836735,0.033735483756608,0.00162980666366155
"8477010",2019,-0.0002200180969554,0.000286911201910144,3716,54.2518837459634,73.6275565123789,-0.0119363962180324,0.0193469151284165
"8477413",2019,0.000126715897526604,0.000214400557734619,38682,56.3983248022336,57.0497906002792,0.00714656434631196,0.0122315069233431
"8471226",2019,0.000151545095859958,0.000698544022519643,37344,46.6580976863753,58.901028277635,0.00707080588652501,0.0411449612236024
"8475260",2019,-0.000482538361143071,0.000368847522998701,11704,44.6001367053999,68.5919343814081,-0.0215212768725806,0.0248720219889407
"8471339",2019,0.00116937626448787,0.00066217277854127,30604,49.8758332244151,54.1105737812051,0.0583236155441867,0.0358305489891629
"8474722",2019,1.3240215858924e-06,-8.38727213969766e-05,17856,52.0161290322581,65.3225806451613,6.88704776532739e-05,-0.00547878260738315
"8470645",2019,0.000590270549712462,-0.000815387103844177,110072,59.6882040845992,54.9131477578312,0.035232189036366,-0.0447754725132254
"8480776",2019,-3.71244373976803e-05,7.14136330227847e-05,3450,48,60.5217391304348,-0.00178197299508865,0.00432207726816158
"8476177",2019,-0.000429738409357477,0.000170977833858313,7631,64.6311099462718,61.3287904599659,-0.027774470383319,0.0104858637459954
"8477463",2019,0.000285132403928622,0.000860021503351598,35056,44.3633044272022,62.0264719306253,0.0126494156375454,0.053344099637372
"8479291",2019,0.00102251543679425,-0.000509799210432419,25451,43.7075164040706,55.5891713488665,0.0448228471982121,-0.0283393156622446
"8478056",2019,0.000472088134261058,0.000350048991780081,11656,61.1530542210021,60.8442004118051,0.0288696312715582,0.0212984510098176
"8475235",2019,-0.00211580919147926,0.00129503054839783,26990,54.5535383475361,54.4201556131901,-0.115424877863433,0.0704757639676448
"8470318",2019,-0.00202122135909868,-0.000804210357031884,45617,50.1128965078808,62.1084244908696,-0.10128925678803,-0.0499482382344901
"8475869",2019,0.000493338083487974,-0.000342753752752065,7248,57.6158940397351,62.0860927152318,0.0284241147440091,-0.0212802412718583
"8475163",2019,0.000338642116051979,0.00124011963468249,59625,48.6037735849057,58.3849056603774,0.0164592847349037,0.072404267878519
"8480001",2019,-3.60916109602029e-05,-0.000243907139945145,1007,57.1996027805363,39.3247269116187,-0.00206442581063326,-0.0116618379312475
"8474000",2019,0.000451109711993613,-0.00053866463494327,28330,59.4705259442287,51.3378044475821,0.0268277318308097,-0.0276538596915458
"8476857",2019,-0.000453689618260595,-0.00130733382956231,43429,57.2796978977181,54.3784107393677,-0.0259872042732979,-0.07109073595741
"8477448",2019,-0.000624467189642769,1.09821657644868e-05,3074,53.8711776187378,56.213402732596,-0.0336407828903196,0.000617344906995224
"8477495",2019,-0.000714701319193944,-0.00156940138054262,106694,55.2008547809624,52.3328397098244,-0.0394521237325871,-0.0821312308883143
"8476851",2019,0.000563421216554598,-0.00150501086271767,53506,51.807273950585,57.5262587373379,0.0291893173156159,-0.0865776442912005
"8477941",2019,-0.000681500415401051,-0.000353518829410611,44748,55.1890587288817,57.4416733708769,-0.0376113664493259,-0.0203067131294591
"8480336",2019,-8.63334247719221e-05,-0.00020018257741734,33863,58.4708974396834,60.8097333372708,-0.00504799282545568,-0.012173049151516
"8475413",2019,-0.000637248318759952,0.000657814545175768,14467,50.5149650929702,59.4732840257137,-0.0321905765777129,0.0391223912814841
"8475857",2019,-0.00105532245658719,1.7431078204318e-05,27645,54.6934346174715,56.6467715680955,-0.0577192097797012,0.000987414305225607
"8478442",2019,0.000455738955425932,-0.000399703351275909,2423,62.4019810152703,59.4304581097813,0.0284390136444082,-0.0237545532743421
"8477949",2019,0.000950888410686735,0.000603568308894812,68039,61.3236526110025,52.752098061406,0.0583119505687816,0.0318394946175761
"8478468",2019,-2.76528584866293e-05,0.000190895350525266,12540,54.5454545454545,52.822966507177,-0.00150833773563432,0.010083658707172
"8476428",2019,-9.01873612733085e-05,-0.000584320007560034,34434,66.0742289597491,48.1965499215891,-0.0059590603580482,-0.0281622084145505
"8473468",2019,-0.000785476635150671,-7.04059584705626e-05,8252,50.6059137178866,58.4585555016966,-0.0397497628258507,-0.00411583063090153
"8476897",2019,-0.00168078245522205,0.000720724307299744,71533,53.0943760222555,51.4839304936183,-0.0892400956891691,0.0371057201420813
"8478541",2019,4.08163594535653e-05,-0.00130994540122078,23836,51.3508978016446,50.1426413827823,0.00209595670293522,-0.0656841224844386
"8477244",2019,-0.000342562546503782,0.000861876260087265,15408,59.3457943925234,53.7383177570093,-0.0203296464513927,0.0463157803317923
"8474683",2019,-3.9317232031556e-05,0.000520004758061946,33286,53.1034068377095,57.1050892267019,-0.00208787896830434,0.029694918107437
"8473415",2019,0.000567378626785061,9.8693701592601e-05,39852,60.0722673893406,58.1752484191509,0.034083720579229,0.00574153060755511
"8475423",2019,-0.000501887283488583,0.000407228921579191,5259,41.7569880205362,57.50142612664,-0.0220006624927473,0.0234162437508171
"8471242",2019,-0.000329028512927468,-0.00129302829172215,46590,53.3934320669672,58.1841596909208,-0.017567961553088,-0.0752337646104401
"8477455",2019,-0.000641311686367891,0.000632126495522211,34776,44.6169772256729,57.3498964803313,-0.028613388905234,0.0362523890806734
"8478462",2019,-2.40250558232527e-05,0.000248422509438732,2379,51.4501891551072,45.3972257250946,-0.00123609366656836,0.01187772954986
"8479580",2019,-0.000284068636337372,-0.000127719650706162,5051,48.4656503662641,51.3165709760443,-0.0137675712087485,-0.00655413452049834
"8479315",2019,-0.00038427944082751,-0.000945886152467921,22704,51.6913319238901,57.2410147991543,-0.0198639161273417,-0.0541434832517314
"8473607",2019,0.000247666769358088,3.34432402690708e-05,18383,61.6874286025132,51.1124408420824,0.0152779261519922,0.00170936563982043
"8475156",2019,-9.10054459376626e-05,-0.000429125104709409,148871,52.4024155141028,55.6428048444627,-0.00476890519207161,-0.0238777244552052
"8476886",2019,0.00101470016033704,-0.000263563337809079,26625,58.6816901408451,58.5464788732394,0.0595443203947637,-0.0154307053887997
"8470606",2019,-0.000162094918554267,2.88598101548005e-05,68807,49.3903236589301,58.2847675381865,-0.00800592049086314,0.00168208732606874
"8476407",2019,-0.00147876680856302,-0.00103936451094054,22661,58.1439477516438,59.2559904682053,-0.0859813400539534,-0.0615885735532832
"8478491",2019,0.000137047990528017,0.00125510624839961,45017,55.9788524335251,60.7770397849701,0.00767178923807902,0.0762816423933479
"8474152",2019,0.000420059258959051,-0.00079046976348322,23548,66.5024630541872,55.4951588245286,0.0279310942809902,-0.0438672450704889
"8476792",2019,-0.000416223927618411,0.0005255847622982,90504,58.3134447096261,50.1591089896579,-0.0242714509899996,0.0263628633754188
"8471239",2019,-0.000749976396763632,0.000443236755356361,65233,51.2133429399231,57.6701975993746,-0.0384087984043037,0.025561551264707
"8475625",2019,-0.00159911632567678,-0.000109287086548111,28465,60.8326014403654,55.2678728262779,-0.0972784060966772,-0.00604006480089543
"8478846",2019,-0.000271658618427646,0.000181221182996684,26746,53.9744260824048,63.3963957227249,-0.0146626180199712,0.0114887698305981
"8477979",2019,-0.000156986116177152,8.97492470313939e-05,2951,52.4567943070146,41.4774652660115,-0.00823498840536197,0.00429114610407471
"8476867",2019,9.33920949714583e-05,-0.00018018449961575,1366,52.7086383601757,44.8023426061493,0.00492257015954978,-0.00861509192684721
"8475718",2019,0.000400404077355117,-0.000309814998461278,7902,59.6810933940775,53.3029612756264,0.0238965531360002,-0.0165140568655898
"8477426",2019,-0.000750862334501338,5.50846033909494e-05,10065,61.5201192250373,56.1549925484352,-0.0461931403401121,0.00309327549295227
"8475263",2019,-0.000233918857165322,-0.000476156490903544,5031,57.2450805008945,62.2540250447227,-0.0133907038091061,-0.0296426581099165
"8474125",2019,0.00243215906591101,-0.000842267209537486,36713,54.029907662136,49.7153596818566,0.131409329750799,-0.0418736172703898
"8477952",2019,0.00041770742859797,-0.00172894770970493,26616,51.8034265103697,61.8124436429216,0.0216386760802104,-0.106870482867695
"8479290",2019,-0.000622487549017713,0.000315024760468383,3781,47.6064533192277,50.4628405183814,-0.0296344244441122,0.0158970442468573
"8470622",2019,0.000285389652779094,-0.000237591153352892,5054,46.2999604273842,69.0937870993273,0.013213529630057,-0.0160211795446752
"8477464",2019,-0.000580968482012464,-0.000182470401536603,7538,55.8768904218626,48.7131865216238,-0.0324627122079663,-0.0088887147047281
"8478421",2019,-0.000242254136975571,-4.61665395001545e-06,5426,50.423884998157,54.4047180243273,-0.012215394743184,-0.000251167756366487
"8475982",2019,-0.000105502214354021,8.071572457179e-05,2368,34.9662162162162,41.0472972972973,-0.00462478067606408,0.0038592297817568
"8470093",2019,-0.00107658652627499,0.000696745321840381,24972,53.4839019702066,58.8178760211437,-0.0575800482337366,0.0409810799583194
"8478881",2019,-0.000341406859240024,0.000115024183357843,29933,45.822336551632,63.2612835332242,-0.015644060005132,0.00727657747657808
"8476545",2019,-0.000970431740810604,0.000475784397351617,9381,39.5267029101375,66.3895107131436,-0.0425397134062055,0.0315870933451217
"8477471",2019,-0.00012354922601755,0.000644680133938793,3497,59.7083214183586,68.9734057763797,-0.00737691689804529,0.0434718887002404
"8479644",2019,-0.00127881815630566,-0.00129022765488505,20553,50.6203473945409,63.2316450153262,-0.0647342193266387,-0.0815832170626482
"8475842",2019,-0.000155683204837914,-0.000581578302810587,3450,43.8260869565217,62.6086956521739,-0.00682450772934577,-0.0364118589585759
"8476329",2019,-0.00106529471469688,-0.000384561538680411,28388,56.5591094828801,60.3635338875581,-0.0602521204000741,-0.0232134934719865
"8480072",2019,-0.000594851628223272,-0.000639638362123393,24368,46.9796454366382,63.3782009192383,-0.0279459185813363,-0.0405391286303089
"8478268",2019,6.18327840866862e-05,3.3367851439853e-05,2461,52.661519707436,77.5294595692808,0.00325620837774666,0.00225005153345886
"8475253",2019,0.000792796545695991,0.000609283308873427,22251,53.8762302817851,60.3478495348524,0.042712889262521,0.0367689374479906
"8479944",2019,-0.000411180484797842,0.00035622241834811,32082,52.0665793903123,57.4527772582757,-0.021408761355474,0.0204659672557583
"8475844",2019,-0.0019056070957243,-0.000456682646346641,42170,58.221484467631,51.9895660422101,-0.11094727392512,-0.02374273260257
"8478495",2019,-1.24472140905945e-05,0.000480421000238386,11752,50.2382573179033,66.7801225323349,-0.000625326344374318,0.0320825732630263
"8479407",2019,0.000175008818089876,-7.68385696004321e-05,36762,58.6583972580382,62.9671943855068,0.0102657367751757,-0.0048383091483347
"8478399",2019,0.00197703999395671,0.00179614271347639,23762,50.4502987963976,56.2073899503409,0.0997422584275442,0.100956493902831
"8478373",2019,-0.000281089975473718,0.000204816480299793,2136,45.5056179775281,70.7865168539326,-0.0127911730412198,0.0138111270486472
"8475841",2019,0.000466310398786071,3.73984115331565e-05,29455,58.4213206586318,53.288066542183,0.0272424693339355,0.00199288904235079
"8477810",2019,0.000861389991115318,0.000508944476357696,12840,52.9906542056075,50.1869158878505,0.0456456191553631,0.0255423536265498
"8479416",2019,0.000183202722670948,2.23147250767537e-05,3194,47.3387601753287,57.4827802128992,0.00867258975198726,0.00128271243709831
"8478417",2019,0.000633986133722368,0.000175233601684198,17907,55.8887585860278,56.8939520857765,0.0354326979744986,0.00996973213803882
"8473673",2019,-0.0008109944704373,-0.000640749892416354,16996,70.1106142621793,52.9536361496823,-0.0539256367572514,-0.0339300366659637
"8478365",2019,0.000546419909120136,0.000556270043500539,5129,49.8342756872685,58.9588613764866,0.027230440392105,0.0327970483826405
"8480948",2019,0.000611022937970264,-9.0707982020473e-05,22447,47.9529558515615,59.5001559228405,0.0293003559687794,-0.00539713907366435
"8478131",2019,8.67260631987544e-05,0.000355777131961137,23346,64.4564379336931,49.3446414803392,0.00559005310980406,0.0175556950235256
"8478416",2019,0.000414069939473949,0.000317361813506124,60275,55.3065118208212,52.2007465781833,0.0229007640021627,0.0165665236004259
"8479345",2019,-0.000870982006073453,0.00111500955788716,54959,57.9049837151331,58.42901071708,-0.0504341988778572,0.0651489054074358
"8480112",2019,-0.000100690891388225,0.000291977042623497,947,53.220696937698,68.4266103484689,-0.00535883941495936,0.0196885134685399
"8476880",2019,0.000178685830364382,-7.96293358786028e-05,59701,56.8030686253162,59.8783939967505,0.0101499034845596,-0.00476807674743856
"8477361",2019,-0.000815262488207634,0.000701827333392548,30831,51.0265641724239,55.5804223022283,-0.0416000436718968,0.0390078595732046
"8478055",2019,-0.000974754445498019,-0.00116053615354744,38784,55.9715346534653,60.7982673267327,-0.0545585022248118,-0.0705585873057153
"8474610",2019,-4.26342615742864e-05,-5.67130758791712e-05,534,47.1910112359551,94.3820224719101,-0.0020119539169888,-0.00382426011393379
"8480208",2019,-0.000224037291260507,0.00120919673498374,13855,39.2349332370985,71.7141826055576,-0.00982086813706623,0.0815382126927739
"8473614",2019,-0.000613268420223692,0.000475912362979893,2898,38.5093167701863,57.1428571428571,-0.0268831508083203,0.0271949921702796
"8475766",2019,-6.42944677309117e-05,-0.000861167657012321,31661,50.1437099270396,59.8085973279429,-0.00322396313981224,-0.0515052296300979
"8477365",2019,0.000917054874971854,0.000392868382099688,31662,53.7805571347356,47.2996020466174,0.0493197220991116,0.018784064301637
"8479945",2019,-0.000148109094814058,-0.000243511373424552,17905,54.0854509913432,59.7151633621893,-0.00801054718893796,-0.0145413214445982
"8478415",2019,0.000189831307774396,7.66909729418634e-05,1247,51.9647153167602,37.5300721732157,0.00986452986670479,0.00366679588567535
"8477541",2019,0.000241168318613662,3.36129260074439e-05,676,37.2781065088757,26.6272189349112,0.0105718215151455,0.00160712185621948
"8479466",2019,-0.000735147192084554,0.000218801059121213,2879,70.0243139979159,38.7634595345606,-0.0488823067093031,0.0104614505800476
"8477936",2019,0.000709987715090949,0.000890237682662196,19804,51.9894970712987,48.1720864471824,0.0369119042343789,0.0428846066077426
"8477220",2019,0.0015630380050773,0.00033068830007589,72565,58.5902294494591,57.0522979397781,0.091578755355704,0.0188665274211284
"8479372",2019,-0.000938210877759862,-0.00113719355609908,13126,52.6588450403779,63.9037025750419,-0.0494051012271535,-0.0726708787792098
"8476396",2019,-0.000715557528681632,0.000270790028405449,4577,42.4732357439371,63.7098536159056,-0.031367082212648,0.0172519930703581
"8474230",2019,-0.000344700652192964,0.000676099696099799,24462,50.0367917586461,52.8329654157469,-0.0172477147528488,0.0357203518616377
"8478211",2019,0.000750129331038952,0.000607793817027371,19665,52.3569794050343,57.8489702517162,0.0392745059363186,0.0351602464403935
"8474040",2019,-0.000203843239718321,-0.000854613020568368,24453,61.5384615384615,54.6190651453809,-0.0125441993672813,-0.0466781642445145
"8479312",2019,-6.38094773235652e-05,-8.27328532340167e-06,3588,45.1505016722408,43.1438127090301,-0.00288102991260244,-0.000395567397584908
"8475808",2019,-0.00143495813458061,0.000511335711353502,17503,59.4412386448038,54.9163000628464,-0.0852956889229085,0.0280806653575379
"8479016",2019,-4.83836104866651e-05,0.000255980721180328,3026,49.9669530733642,38.0700594844679,-0.00241758159470713,0.0122391074103047
"8476437",2019,-0.00198715891812791,8.04249528057007e-05,29962,57.7932047259862,58.9947266537614,-0.114844282178436,0.00474464810691397
"8477399",2019,-0.000366913416066824,8.6088346937849e-05,889,44.5444319460068,36.4454443194601,-0.0163439496920655,0.00411610890105141
"8476967",2019,-0.00162024880450581,0.00123476822136116,56851,69.4024731315192,53.8249107315615,-0.107735566237632,0.0664612892889335
"8477009",2019,-4.40252202308845e-05,-0.000344673157615632,12952,51.42063001853,62.816553428042,-0.00226380456097661,-0.0216511798205743
"8477901",2019,-0.000125142582716489,-8.87731499023887e-05,3454,63.5784597568037,39.6062536189925,-0.00795637265910275,-0.00424447634883025
"8477465",2019,-0.00127628697460622,0.00103304249517579,6597,57.8444747612551,50.7503410641201,-0.073826149690728,0.0524272589639012
"8477529",2019,0.00017689409285023,0.000122942894391962,33333,55.7285572855729,54.1085410854108,0.00985805258688351,0.00665226065236678
"8476166",2019,-0.000409008915429837,0.000574850510364533,43825,59.3907586993725,57.0907016543069,-0.0242913498021855,0.0328186189830476
"8480780",2019,-0.00179215569820329,0.000738934261753625,25657,61.5972249288693,45.8822153798184,-0.110391817649783,0.0353303786201374
"8479364",2019,-0.000567883801742038,0.000142526018576984,1805,43.8781163434903,63.8227146814404,-0.0249176715224207,0.00909639741832051
"8476932",2019,-0.000896752131950887,-0.000773804254055832,41873,53.1320898908605,58.5484679865307,-0.0476463148846353,-0.0453050535964291
"8476953",2019,-0.000217381327320772,-5.32272413953213e-05,689,57.4746008708273,36.5747460087083,-0.012493905024532,-0.00254493354650966
"8476423",2019,-0.000266279354160076,-6.13396116265884e-05,328,65.8536585365854,54.8780487804878,-0.0175354696642001,-0.00336619819902009
"8478430",2019,-0.000941371194933191,0.000768666139682607,27258,55.3378824565265,58.3755227823024,-0.0520934885331728,0.0448712877490265
"8478499",2019,-0.00026040756242268,-0.000199130630751545,33396,53.1440891124686,53.7908731584621,-0.0138391227029516,-0.0107114105007209
"8470642",2019,-0.00149321070976623,0.0014278545561995,62827,64.2908303754755,55.3519983446607,-0.0959997564564243,0.0790346030311708
"8479402",2019,0.000483844555808267,-0.000208394863660473,987,32.8267477203647,102.127659574468,0.0212097439434986,-0.0140524235847012
"8476799",2019,3.34382601005012e-05,-0.000574785994921756,2628,52.0547945205479,61.6438356164384,0.00174062175865623,-0.0354320133855877
"8478915",2019,-0.000467770776287822,-0.0010187187464898,23860,48.8851634534786,61.709974853311,-0.0228670508575908,-0.0628651082284818
"8480935",2019,-0.000688648592684353,0.00125632039657814,31552,58.9883367139959,52.1424949290061,-0.040622235062884,0.0655076799077827
"8479415",2019,0.000479588442695507,0.000457165650009254,14315,43.25532658051,59.098847362906,0.0210231735496964,0.0270179629694606
"8475729",2019,-0.000336645948137433,1.77072249724381e-05,1119,54.6916890080429,48.2573726541555,-0.0184117355013502,0.000854504154165914
"8479066",2019,-2.11540418660541e-08,0.00017264805835733,1539,18.7134502923977,56.140350877193,-9.27305693456746e-07,0.00969252257444661
"8473992",2019,-0.000339006033159082,0.000370784440230043,6881,40.8080220898125,64.3511117570121,-0.0148606222231724,0.0238603909510047
"8478891",2019,0.000756720415696341,1.50956014322072e-05,16848,54.7008547008547,58.1196581196581,0.0413932535081759,0.000877351194350505
"8480009",2019,-0.000610751591451207,-0.000173699705396083,2850,64.4210526315789,39.1578947368421,-0.0393452604176988,-0.00830503696402711
"8478409",2019,-0.000197546114292099,3.8804547582363e-05,442,40.7239819004525,65.158371040724,-0.00865960451734185,0.00252844110943904
"8473492",2019,-0.000322287259997138,0.000305659826128701,1756,38.9521640091116,67.6537585421412,-0.0141277403635804,0.0206111670611263
"8480160",2019,-0.000805953035685808,0.00133444176720582,33937,60.4649792262133,49.3266935792793,-0.0487319335600459,0.0658236001503532
"8478233",2019,-0.000133877975660319,0.00169912921240743,28364,60.5415315188267,52.1647158369764,-0.00810517768311591,0.088634592535539
"8478031",2019,-0.00012220696906705,-0.000378689332769958,606,47.5247524752475,77.2277227722772,-0.00580785595566177,-0.0255356721255923
"8475277",2019,0.00068460985227137,-0.000688021188815795,9348,50.0641848523748,62.387676508344,0.0342744341958709,-0.0429240433587261
"8475325",2019,-5.45222002303375e-05,-0.000464146932580828,6417,63.9551192145863,55.5399719495091,-0.00348697381557278,-0.0257787076159899
"8477939",2019,0.000169237407447403,-0.000419173214942881,47841,73.2927823415062,58.5439267573838,0.0112531407949386,-0.0245400459942732
"8476444",2019,3.62537823187955e-06,0.000126188218203993,1935,57.6744186046512,39.0697674418605,0.000209091581745611,0.00603338856688995
"8471691",2019,-0.000302784827117784,-0.000404473094675598,4060,49.6551724137931,67.3891625615764,-0.0150348327948141,-0.0272571031288778
"8477357",2019,1.87344356519337e-05,-0.000234290673595309,22657,55.770843447941,56.7241911991879,0.00104483527782952,-0.0132899489652068
"8476807",2019,-0.00046354888004523,-0.000137290995907062,2421,62.453531598513,57.9925650557621,-0.0289502646273601,-0.00796185701171067
"8477957",2019,-0.000257215851994358,2.20099087861312e-05,4660,68.755364806867,54.0772532188841,-0.0171031111906046,0.00119023541075216
"8478856",2019,-0.00203665416832616,0.000161799529018128,29017,59.3031671089361,51.2389289037461,-0.120780042487358,0.00829043456401947
"8476409",2019,0.00014442933479994,-0.000366345911537726,7053,44.9170565716716,49.0004253509145,0.00648734060181782,-0.0179511054909171
"8475321",2019,-0.00130920302101001,0.000749165139719682,21498,48.8975718671504,62.4616243371476,-0.0640168488085272,0.0467940715236575
"8476473",2019,-0.000576233515351492,-0.000368905705355455,53056,52.8573582629674,55.7750301568154,-0.030458181364063,-0.0205757268412218
"8478047",2019,0.000153048353835508,-5.54301499513089e-05,2827,56.0311284046693,48.3905199858507,0.00857547196588063,-0.00268229377903752
"8475206",2019,9.37782462426726e-05,-0.000208169828065563,1394,77.4748923959828,64.5624103299857,0.00623561790734233,-0.0134399458578914
"8479316",2019,-0.000336283040064526,0.000183670434050828,37607,56.6703007418832,61.6480974286702,-0.0190572610148515,0.0113229328131316
"8477472",2019,0.00125723229984013,-0.000747322109306611,37094,53.2808540464765,59.2009489405295,0.0669864106702978,-0.0442421780351895
"8478106",2019,-0.000475760422179124,-0.000178153600052404,21688,59.4245665805976,47.8052379195869,-0.0282718568841965,-0.00851798930997544
"8479511",2019,8.56085264990187e-05,-3.9043411078836e-05,3759,45.0119712689545,63.2083000798085,0.00385340853515136,-0.00246786764361039
"8479447",2019,3.47702328459374e-05,-9.63365902085676e-05,522,82.7586206896552,55.1724137931035,0.00231198487136915,-0.00531512221840373
"8478452",2019,-0.000304206162319488,0.000393247665054637,17157,49.3093198111558,57.2827417380661,-0.015000198946336,0.0225263044364223
"8479404",2019,0.000619392461337972,-0.000707188702775038,31200,50.4230769230769,55.2692307692308,0.0312316737236185,-0.0390857756110665
"8477963",2019,-0.000326585360721015,-0.000641002871570846,22783,53.8822806478515,57.3585568186806,-0.0175971640618495,-0.0367669996299338
"8477959",2019,-0.000915190556193536,0.000176428980015686,7633,59.8978121315341,41.9756321236735,-0.0548179119994347,0.00843553071788291
"8480771",2019,0.000349635069553359,0.000165953074040676,2997,45.6456456456456,64.8648648648649,0.0159593184901233,0.0107645237215574
"8476922",2019,0.000534864161851625,-5.28618013793426e-05,22535,44.0914133570002,65.1786110494786,0.0235829168500455,-0.00344545879147897
"8476412",2019,0.000663857668678615,0.000371003947759798,172792,55.2108893930275,49.8981434325663,0.0366521723181281,0.0185124081993667
"8471436",2019,0.000318284111992604,2.29332891197769e-05,11856,54.3522267206478,60.7287449392713,0.017299450216602,0.0013927098655735
"8478425",2019,0.000352058684620225,0.000297048792226718,6493,58.7709841367627,57.6620976436162,0.0206908353690248,0.0171284564622953
"8478406",2019,0.00285159288903313,0.000429689271844711,60923,46.3864222050785,58.7364377985326,0.13227519170769,0.0252384171884036
"8479394",2019,-0.00312973056558917,0.00163724236939034,84414,53.820456322411,62.9469045419006,-0.168443527206206,0.103059339137969
"8477510",2019,-0.000105504582009606,-1.87209833528808e-05,1020,38.8235294117647,74.1176470588235,-0.00462488446429133,-0.00126238806166277
"8475204",2019,0.000311527580930627,0.000567190113146457,23983,67.2476337405662,51.1862569319935,0.0207144731333023,0.029032338860801
"8480420",2019,7.07023235520072e-05,-0.000300322538469878,41021,49.584359230638,64.6790668194339,0.00350572940944352,-0.0194245815330753
"8478073",2019,0.000135435242126311,-1.31231085660945e-05,781,78.3610755441741,64.5326504481434,0.00900552585407362,-0.000846868977888811
"8477343",2019,0.00019575794012434,-0.000124476510892857,1578,59.3155893536122,50.1901140684411,0.0116114975891244,-0.00624749028055405
"8480925",2019,0.00015248456713296,-0.000350370462607196,2851,47.9831638021747,66.9238863556647,0.0073166919620445,-0.0234481530219057
"8480954",2019,-5.43740687837571e-06,0.000149596726184723,758,33.245382585752,56.9920844327177,-0.000238353426162486,0.00852582924957787
"8479675",2019,-0.000613730455462408,0.0016537603387328,15989,55.6132340984427,55.6132340984427,-0.0341315354929747,0.0919709608606673
"8478038",2019,0.00268567944405834,0.000384931168245225,51517,57.9303919094668,52.2701244249471,0.155582462737499,0.0201204000592182
"8477435",2019,-0.0019243511191066,-0.000721851938828929,14769,67.7635588056063,68.7385740402194,-0.127956309475695,-0.0486757160502223
"8474749",2019,-5.1533508407373e-05,7.64179128230854e-05,1220,41.3114754098361,59.0163934426229,-0.00225901584446812,0.00450990960923127
"8477405",2019,0.000331477657675209,-6.27250997166638e-05,10442,57.5751771691247,65.8494541275618,0.0190848848682566,-0.00413041357643919
"8480083",2019,-2.4389352029122e-05,-0.000224449139235717,6662,57.8204743320324,53.4974482137496,-0.00141020390297475,-0.0120074562028835
"8481186",2019,-0.000423161409456525,0.000211069860011841,1807,55.7830658550083,51.7985611510791,-0.0236052407710115,0.0109331150509731
"8479970",2019,-0.000829523388819087,0.00026114416032739,7191,39.0488110137672,63.5794743429287,-0.0363628741106844,0.0166034084413409
"8476465",2019,-2.1381547974796e-05,-0.000104414589541583,1800,44,74,-0.000940788110891023,-0.00704085510980539
"8475735",2019,0.000489842411231201,-0.000592731087145173,32886,55.8292282430213,55.719759168035,0.0273475237797386,-0.0330268334271366
"8473588",2019,-0.000136946489420398,-0.000289414007139432,4123,55.0084889643463,40.1649284501577,-0.00753321945198795,-0.013837640206236
"8476370",2019,-0.000247362749589761,0.00170918888921152,12931,43.1521150723069,70.1569870852989,-0.0108433597463844,0.115253542412624
"8478870",2019,0.00127583161593546,-0.00088724817542033,22591,50.5156920897703,65.9731751582488,0.0644495170689899,-0.0585345792858421
"8480762",2019,0.000567165948976778,0.000284458972616214,9037,46.608387739294,43.4214894323337,0.0264346904624343,0.0136007270532774
"8478136",2019,0.000485405217423701,-0.0010283856191118,1690,70.2958579881657,48.9940828402367,0.0322761577162798,-0.0503848102144719
"8476419",2019,-0.00141865739221955,0.000107950569611017,34513,53.5102714919016,60.7075594703445,-0.0759127422116614,0.0065534156245184
"8476907",2019,-0.00058495324889054,0.000563100891764065,13724,49.0527542990382,50.6266394637132,-0.0286935679942518,0.0285079058290347
"8477460",2019,0.000305374661500792,0.000100351102077074,739,48.7144790257104,63.3288227334235,0.0148761675426638,0.00635511715454271
"8478831",2019,-0.000313098946709863,0.000587400076247198,2602,49.8078401229823,49.8078401229823,-0.015594782280399,0.0292571290859481
"8479324",2019,0.000555121357273886,-0.000243671931767866,4118,39.339485186984,59.4463331714424,0.0243342240891353,-0.0144854028404015
"8477452",2019,-0.00055672948237449,-5.58929021306839e-05,13687,48.1332651421056,56.8130342660919,-0.0267972077875585,-0.00317544536398187
"8477417",2019,-0.000182843016923545,0.000306465402038334,12815,73.8821693328131,50.0039016777214,-0.0121578216296622,0.0153244658311482
"8479368",2019,0.000493304006167137,-0.000481835503468673,20582,54.5719560781265,57.1956078126518,0.0269205645577168,-0.0275588744866059
"8477384",2019,-0.000400023495101134,0.000374770387016295,26914,48.2871368061232,50.5610462956082,-0.019315989233612,0.0189487828881539
"8477967",2019,0.000133720075455872,-0.000456366766988699,26599,54.6787473213279,59.1450806421294,0.00731164621764053,-0.0269918492359345
"8480082",2019,-8.60707480224432e-06,4.13741976666813e-06,424,50.9433962264151,16.9811320754717,-0.000438473622001126,0.000197820854212284
"8479414",2019,0.000182433921560757,-0.000294523649640112,4446,51.8218623481781,46.9635627530364,0.00945406557075988,-0.0140819455707405
"8476278",2019,-0.00033324459048164,5.43126198216742e-05,3373,74.7109398161874,54.4322561517937,-0.0221585071078746,0.00295635843440835
"8478011",2019,8.95874408512712e-05,-0.000128114051182113,1514,47.556142668428,64.2007926023778,0.00426043311842241,-0.00822502362939325
"8471490",2019,0.000121690018216387,-0.000251493917934743,1232,43.8311688311688,49.6753246753247,0.00533438703787342,-0.0124930420272778
"8477968",2019,-0.000377371200502683,0.000489474502095031,2850,66.9473684210526,50.5263157894737,-0.0250926276599427,0.024731343263749
"8479365",2019,-0.000604629935022661,0.00037877945378112,7864,49.440488301119,52.1871820956256,-0.0298931992289942,0.0197674323285569
"8476927",2019,-0.000150611282697449,4.22387858612022e-05,16556,52.621406136748,56.317951195941,-0.00792537747559906,0.00237880188070699
"8473914",2019,-0.000226502611596116,-0.000174717298124264,1067,37.1134020618557,70.8528584817245,-0.00992893758298491,-0.0117814874977764
"8476509",2019,0.000390341818330364,-9.59877838476885e-05,3038,48.5845951283739,63.9894667544437,0.018964599205254,-0.00614220710335439
"8473560",2019,0.000930166106069868,-3.37394770882346e-05,17353,51.6567740448337,56.8431971417046,0.048049380365414,-0.00191785974758454
"8470621",2019,0.000475496720192044,0.000753571314592695,23480,52.129471890971,57.8023850085179,0.0247873929095001,0.0435582192574619
"8474089",2019,-0.000637045721374363,0.000465049651156748,7670,42.2425032594524,57.7314211212516,-0.0279254493379188,0.0268479772532214
"8476415",2019,-0.000463740606255299,6.97421652910674e-05,2467,61.2890149979732,33.5630320226996,-0.0284222049719503,0.00333455522778719
"8477034",2019,-4.52702860099113e-05,0.000386604246558904,20682,52.2193211488251,56.5709312445605,-0.00236398360365072,0.0218705622509388
"8478476",2019,-0.000236655218120462,-9.05715756895205e-05,1663,32.4714371617559,54.1190619362598,-0.0103739858575919,-0.0049016487144058
"8474597",2019,4.95171371248295e-05,0.000473890359162913,3041,47.3528444590595,75.7645511344952,0.00234477729232997,0.0319552408475534
"8479294",2019,-0.000629285881400046,0.00109502507733348,13789,58.2203205453622,58.4813982159693,-0.0366372257297815,0.0640385976040119
"8479250",2019,-0.00101214372819625,0.000496079154565522,7897,41.9399772065341,61.9982271748765,-0.0443681943949936,0.0307560281214739
"8480022",2019,0.000484272801300186,-0.000176697371944464,3071,55.096059915337,50.4070335395637,0.0266815232758032,-0.00890679035395735
"8479772",2019,0.000379296733962092,0.000261108144591385,1511,45.2680344142952,50.0330906684315,0.0171700176062257,0.0130640474726067
"8473465",2019,0.000831013074656559,-0.00116127019840206,10601,56.0324497688897,60.4471276294689,0.0465636983629843,-0.0701954478951082
"8477473",2019,-0.000848747125041873,0.000459642544065536,3666,56.9558101472995,73.6497545008183,-0.0483410801169512,0.0309944862042382
"8476952",2019,0.00055551940714791,-8.5678348476535e-06,745,53.1543624161074,96.6442953020134,0.0295282798967211,-0.000577743819440536
"8478465",2019,0.000148803129174185,0.000375460281028371,5195,55.4379210779596,58.2098171318576,0.00824933613131187,0.0218554742989373
"8475736",2019,0.000973475174806951,-0.000600306611105614,7337,41.706419517514,69.1835900231702,0.0426731249636914,-0.0404797058419663
"8480769",2019,-0.000388087900548209,0.000585816980038997,11561,58.5416486463109,60.4099991350229,-0.0227193055177777,0.0353892032574376
"8478949",2019,9.66221591732861e-05,-1.14784082946646e-05,1006,35.7852882703777,53.6779324055666,0.0042355157885572,-0.000616137224564502
"8478911",2019,-0.000768067487027892,-0.000551473596176092,22644,55.0079491255962,67.4085850556439,-0.0422498172514548,-0.0371740548137779
"8480901",2019,0.000439126082391578,0.000265769522091714,12676,62.1962764278952,48.5642158409593,0.0273120072071253,0.0129068884348106
"8479026",2019,-0.00115147617271549,-0.000948473694859696,17469,54.8171045852653,57.4961360123648,-0.0631205897871859,-0.0545335725638032
"8475461",2019,0.000163997710866447,0.000190499018086756,4672,50.0856164383562,60.1027397260274,0.00821392644322531,0.0114495129021321
"8471284",2019,-5.07845653213674e-05,-0.000711025469811768,20306,53.7181128730425,54.2499753767359,-0.00272805101214161,-0.0385731142295205
"8477680",2019,-0.00030707416783533,0.000928362236080315,10768,53.8261515601783,61.1812778603269,-0.0165286206981201,0.0567983879206641
"8478488",2019,0.00065618692642493,-0.000476087511285175,3625,66.5379310344828,58.5931034482759,0.0436319840999258,-0.0278954447991644
"8477085",2019,-0.00127229468322589,0.00131301219891188,14147,50.8941825121934,55.2201880257298,-0.0647523978173919,0.0725047805039911
"8479366",2019,-0.000188555595876614,0.000178763681649046,920,62.6086956521739,74.3478260869565,-0.0118052199157532,0.0120543420887083
"8476982",2019,0.000139560424675985,-9.71284092568683e-06,642,50.4672897196262,50.4672897196262,0.00704323638551697,-0.000490180756997279
"8476293",2019,-0.000651985960343285,8.89041783134173e-05,8961,52.6280549045865,53.431536658855,-0.034312752917966,0.00475028686267874
"8480821",2019,-0.000889169968986494,4.3481909489354e-05,6703,41.8916902879308,77.8755780993585,-0.0389775334620596,0.00293205983911176
"8477380",2019,0.000506952189339427,-6.06284565418412e-05,7418,48.0452952278242,59.2073335130763,0.0243566676032046,-0.00358964924685584
"8474659",2019,0.00015466876544817,-0.000164896777827798,869,57.9976985040276,74.5684695051784,0.0089704324264531,-0.0111192729469757
"8475902",2019,-0.000495888468207298,0.000666109404588761,10156,59.1965340685309,62.0322961795983,-0.0293548786024249,0.0413202958734659
"8479388",2019,1.95802354988396e-05,-8.53298284471855e-05,675,80,26.6666666666667,0.0013019529794852,-0.00407984214925414
"8477989",2019,0.000754545650230253,0.000155756231221141,14899,50.0167796496409,57.2655882945164,0.0377399435231616,0.00891947221141535
"8477073",2019,0.00101803757634362,-0.000155674829862244,5645,51.0186005314438,48.4676705048716,0.0519388524334742,-0.00754519635966517
"8479333",2019,0.000359764406756124,1.421858375822e-05,4365,56.9072164948454,46.1855670103093,0.0204731909824103,0.000679827656695584
"8478470",2019,0.000231370499536788,-2.96528483402905e-05,29718,54.3912780133253,56.2083585705633,0.0125845371643874,-0.00166673793214958
"8476971",2019,-0.000270504992957709,-0.000132098391613453,2095,67.0167064439141,34.3675417661098,-0.0179867490137074,-0.00631596940672183
"8470740",2019,-0.000107258714074525,-3.9934960760913e-05,921,62.5407166123778,50.814332247557,-0.00670803684114295,-0.00202926836439818
"8479330",2019,-0.000215396028492158,-8.92584727404796e-05,532,47.3684210526316,108.270676691729,-0.0102029697706812,-0.00601885212255659
"8474025",2019,0.000529031891000226,-0.000338061969481867,4215,47.8291814946619,60.6405693950178,0.025303162331114,-0.0205002703201815
"8479336",2019,0.00130783231809141,0.000437911640074385,11632,56.9463548830812,55.7083906464924,0.0744762833135962,0.02439535271391
"8479423",2019,-0.000954583617249239,-0.000183202340908595,7921,64.5373058957202,51.3571518747633,-0.0616062549094572,-0.00940875044585486
"8478841",2019,0.00028299429258931,0.000286169224594801,2492,41.8940609951846,75.1203852327448,0.012405299204543,0.0192968823236616
"8480073",2019,0.000221723291864963,-0.000274103435572662,1835,45.1226158038147,66.7029972752044,0.0100047349135798,-0.0182835207161274
"8480314",2019,-0.000770681433167309,0.000573637273882001,8166,46.2894930198384,75.82659808964,-0.0356744528211172,0.0386813466271247
"8481426",2019,-0.000352202928910299,-0.000784998474904099,5933,40.6539693241193,67.3520984324962,-0.0154391195450339,-0.0528712945511003
"8474873",2019,0.000563924738280027,-0.000480351187229867,2942,50.1699524133243,81.9850441876275,0.0282920772842053,-0.0323909055808871
"8477337",2019,0.000208124589849095,-0.000318836768246542,4562,48.1367821131083,72.5997369574748,0.0100184480339459,-0.0214997109001562
"8481433",2019,0.00012327912672289,0.000883474652228347,8228,45.0656295576082,74.3801652892562,0.00555565145707918,0.0595742132094312
"8477508",2019,-2.45914594023872e-05,-7.77432126869762e-05,288,62.5,50,-0.0015369662126492,-0.00388716063434881
"8477972",2019,-9.53548255512444e-05,6.19572522075976e-05,877,32.8392246294185,49.2588369441277,-0.00417996112478799,0.00305194218400025
"8480341",2019,-1.46303590696422e-05,-5.98562828630827e-05,1869,55.8587479935795,59.7110754414125,-0.000817233540326725,-0.00357408302168006
"8479411",2019,0.000281739679022698,-8.77784002582453e-05,786,41.2213740458015,59.5419847328244,0.0123503021353884,-0.00522650016804819
"8476477",2019,-0.000624724783276116,-0.000423195309397507,4577,44.0463185492681,62.9233122132401,-0.0275168268098023,-0.0266288505803981
"8479514",2019,-0.000161854291655862,0.000117538575896262,579,37.3056994818653,87.0466321243523,-0.00709502264925251,0.00792582805077124
"8475795",2019,-0.000371230876455418,-0.000172573446035407,5450,49.5412844036697,58.1284403669725,-0.0183912544299014,-0.0100314252667921
"8478840",2019,-0.000410273403866515,6.03968821170749e-05,3664,68.7772925764192,56.9868995633188,-0.0272804012290454,0.00344183105514335
"8481425",2019,0.000352624558962233,-2.26225043731867e-05,810,48.8888888888889,57.7777777777778,0.0172394228825981,-0.00130707803045079
"8477502",2019,-0.000346732536037135,-0.000219961251904438,3395,54.079528718704,59.3814432989691,-0.0187511321403293,-0.0130616166079337
"8478109",2019,0.000280296337112773,0.000238070986141898,5762,65.6022214508851,43.7348143005901,0.0183880623791441,0.0113827961622751
"8481442",2019,-0.000106929943356557,0.000279375637921258,706,66.2889518413598,50.9915014164306,-0.00708827386556215,0.014245783236778
"8480800",2019,-1.30313755331129e-05,-0.000306885772144226,4547,61.7550032988784,55.4211568066857,-0.000804752639036309,-0.017007964499746
"8477865",2019,-0.000103136048376155,-0.00032497648608798,4688,49.9146757679181,64.5051194539249,-0.00514800241468008,-0.0209626470548219
"8479371",2019,0.00010829101344506,-6.85714412785219e-05,7125,55.0736842105263,49.5157894736842,0.0059639850773111,-0.00339536905025439
"8478029",2019,6.59307299663034e-05,9.40362391535884e-05,663,65.158371040724,54.2986425339367,0.00429593896613018,0.00510604013503648
"8477994",2019,-0.000439439616672842,-0.000178782050610877,2495,41.8436873747495,54.8296593186373,-0.0192632150891733,-0.00980255892728176
"8480157",2019,0.000621666919627318,-0.000611567611199441,3613,63.7697204539164,62.773318571824,0.0396435256800814,-0.0383901284860319
"8474611",2019,1.70078499670412e-05,5.56861356227246e-05,1652,56.6585956416465,47.9418886198547,0.000963640894016379,0.00266969851169479
"8477480",2019,-0.00100276404380631,0.00019928916634746,3159,62.6780626780627,50.1424501424501,-0.0628513075889995,0.00999284708750799
"8477971",2019,-0.000459659018199828,0.000272900254571005,2216,50.3610108303249,38.9891696750903,-0.023148892793818,0.0130480745291794
"8478502",2019,-4.64968727462184e-05,5.05470919623961e-05,761,42.5755584756899,42.5755584756899,-0.00203823057071149,0.00241678859624159
"8478916",2019,-0.000884737809418364,0.000547310252917916,2923,43.1063975367773,77.5915155661991,-0.0387832459198557,0.0369060703856077
"8481479",2019,-0.000267710449908994,-0.000226022704335617,1523,66.1851608667104,47.2751149047932,-0.0177184591929262,-0.0108067363150461
"8481477",2019,1.82552753837305e-05,-0.000225820485582603,1353,66.5188470066519,58.5365853658537,0.00121385211013316,-0.0132187601316646
"8478485",2019,0.000169308433500454,-9.20258214840299e-05,1280,61.875,45,0.0104759593228406,-0.00439999507959477
"8480074",2019,-0.000163373656715704,0.000331108891102494,6238,39.2433472266752,55.4023725553062,-0.00716162532874762,0.0183442181412347
"8477320",2019,-0.000102160727833323,-1.87124455675229e-05,706,35.6940509915014,35.6940509915014,-0.00447830372878036,-0.000894690936701652
"8479292",2019,0.000590687794553701,-3.48044265498693e-05,3454,66.70526925304,75.0434279096699,0.0392767356710448,-0.00234692226051324
"8480068",2019,8.86188525153411e-05,9.02501763088414e-05,610,100.327868852459,59.0163934426229,0.00589255318597907,0.00532623991330867
"8480363",2019,-0.000459783941195895,1.28412989234381e-05,1464,29.5081967213115,41.8032786885246,-0.0201550261236419,0.000613976068537877
"8478017",2019,-0.000193784942609552,-2.19797710062687e-06,723,54.7717842323651,49.792531120332,-0.0106139470640916,-0.00010944284318474
"8481486",2019,-0.000293744601919181,-0.000284842876420602,1148,59.581881533101,53.3101045296167,-0.0175018560725366,-0.015185003516499
"8481481",2019,0.000406362349392627,-1.42487210593347e-05,659,87.4051593323217,49.165402124431,0.027020342608938,-0.000700544100641036
"8477887",2019,-0.000764825302538036,-0.00028184372952922,3779,47.6316485842816,49.5369145276528,-0.0364298900388586,-0.0139616687398438
"8478839",2019,-0.000150418051659121,5.00875532706163e-05,477,22.6415094339623,22.6415094339623,-0.00659370519285976,0.00239481685015872
"8480069",2019,0.00136073592822337,-0.00015717134142547,8808,67.4386920980926,51.9073569482289,0.0904797184971534,-0.00815834892140382
"8478882",2019,-0.000148171193367816,0.000288190952151699,1818,61.3861386138614,65.3465346534653,-0.009095657414658,0.0188322800415962
"8469501",2019,0,1.72810659871189e-05,112,0,160.714285714286,0,0.00116529196056298
