"player_id","season","off_rapm_raw","def_rapm_raw","toi_5v5_sec","own_cf_per60","own_ca_per60","off_rapm_per60","def_rapm_per60"
"8460703",2012,-0.000972995749195033,0.00107769649702266,179005,59.9916203458004,51.3840395519678,-0.0583715915837861,0.0553763994280293
"8465009",2012,0.000324698573965151,0.000487543847710583,97227,65.7224844950477,47.2091085809497,0.0213399969929887,0.0230165104445429
"8469619",2012,0.000619814655798524,-0.000413592600711521,95239,60.0636293955207,50.2357227606338,0.0372283177797948,-0.0207771232251935
"8470596",2012,-4.93558781282001e-05,-0.00134397383670332,34982,70.8021268080727,52.0724944257046,-0.0034945011419566,-0.0699840701200265
"8471276",2012,-7.26277639313671e-05,-9.95260893719348e-06,74372,63.5561770558812,53.8267089764965,-0.00461594302359471,-0.000535716184819192
"8473473",2012,-0.0011653344223137,-2.29759481326114e-05,74143,65.6461162887933,52.0993215812686,-0.0764996790025389,-0.00119703131039547
"8470187",2012,-0.000476079986862439,0.00148255503742502,84719,64.3775304241079,50.7796362091148,-0.0306488538385456,0.0752836054604331
"8473419",2012,0.000836912075115346,0.000576498302473524,67922,68.107535113807,47.2777597832808,0.0570000185430875,0.0272555482598124
"8470638",2012,0.000584974331241557,0.00133700712173489,72302,66.7699372078227,45.260158778457,0.0390586993651869,0.0605131546176489
"8471514",2012,0.000569618879139911,0.000235352919373348,48052,58.5116124198785,54.316157496046,0.0333293190832801,0.012783466235837
"8466333",2012,-0.00209233824360547,0.000788530880596522,73430,54.8113849925099,57.3607517363475,-0.114683957004812,0.0452307240783406
"8474749",2012,0.000148744739140959,0.00011568755766358,1026,52.6315789473684,56.140350877193,0.00782867048110311,0.00649474007935886
"8468524",2012,-4.19767249235351e-05,0.000419128111382805,183136,56.7119517735453,55.2179800803774,-0.0023805819994749,0.0231434077054619
"8468534",2012,-0.00057533965688474,-0.00119696318838313,40724,52.951576465966,62.8523720656124,-0.0304651418354349,-0.0752319756650982
"8470171",2012,-0.000751872677894992,-0.000382083488477894,66649,52.8800132034989,54.8245285000525,-0.0397590371344373,-0.0209475471034558
"8471236",2012,0.00106113438310161,-0.000361493719201836,58123,62.3092407480687,59.2742976102404,0.0661184777427317,-0.0214272862962023
"8473568",2012,-0.00040817245472827,0.000977913285135503,37637,55.0947206206658,60.8337540186519,-0.0224881473583054,0.059490136239505
"8474736",2012,-0.00260590533910033,0.000792655033741761,29480,49.21302578019,57.516960651289,-0.128244486633879,0.045591108385771
"8467967",2012,-8.37023245187572e-05,0.00071880423065044,64478,56.6146592636248,51.8688544930054,-0.00473877858220279,0.0372835520485643
"8475150",2012,3.31904213598415e-05,0.00103409607430258,30984,51.9364833462432,51.704105344694,0.0017237937662102,0.0534670123622749
"8475794",2012,0.000177237829052939,-0.000190092213364852,72815,69.3153883128476,47.6605095104031,0.0122853089445306,-0.00905989174292909
"8448208",2012,0.00155494050717599,-0.000998190980500626,60388,60.9856262833676,52.7588262568722,0.0948290206635051,-0.0526633845114095
"8459670",2012,-0.00106504754512061,0.00235812524028665,73309,54.0179241293702,47.044701196306,-0.0575316574864969,0.110937297312753
"8470601",2012,-0.000400413948199842,0.000349475218272736,96626,54.6933537557179,56.1091217684681,-0.0218999817176177,0.0196087475771269
"8473512",2012,0.00319245843380762,-0.00070155673199407,78697,57.684536894672,53.1100296072277,0.184155486309682,-0.037259698807355
"8474037",2012,0.0011122962215182,-0.000315443523738799,34252,61.2752539997664,57.1762232862315,0.0681562334965082,-0.0180358693474852
"8466215",2012,-0.000110345180402289,-0.00131537786244096,72568,62.6061073751516,52.6843787895491,-0.0069082822125962,-0.0692998655562269
"8459424",2012,0.000849150848392218,0.000742658461560885,10482,52.20377790498,49.1127647395535,0.0443288822972926,0.0364740103044785
"8470640",2012,0.00221510990742891,-0.000267949288718986,95294,58.2156274267005,56.213402732596,0.128954013080075,-0.015062341278673
"8464975",2012,0.00102333031350685,0.000677000520677397,63206,57.4122709869316,61.2283643957852,0.0587517172681971,0.041451634576172
"8474161",2012,0.00129033176616258,-0.00102752578611898,63938,57.7121586536958,53.8834495917921,0.0744678316046782,-0.0553666339006084
"8474190",2012,0.000907427532190086,0.000160293321852272,68839,53.5510393817458,56.6364996586237,0.0485936875123917,0.0090784526683659
"8465978",2012,-0.000162714183275488,0.000401261757804847,44917,49.2909143531402,55.3821492975933,-0.00802033087187324,0.0222227385781628
"8470169",2012,-3.45139422618611e-05,-0.000342149081636281,53297,47.8901251477569,56.3333771131583,-0.00165287701426299,-0.0192744132447374
"8470230",2012,-0.00114922570668077,0.000380353773178493,43911,50.5021520803443,58.6185693789711,-0.0580383714134336,0.022295794041617
"8468486",2012,0.00126369910448831,-0.000726887794333067,76085,63.1661957021752,55.5957153183939,0.0798230649427719,-0.0404118468821565
"8476177",2012,-0.00173668343814179,-0.000341171045840148,61371,52.7350051327174,52.7936647602288,-0.0915840100243128,-0.0180116698199814
"8476461",2012,-0.00101097251940892,-0.000925981517826299,55183,49.2542993313158,53.1685482847979,-0.0497947430867015,-0.049233093041378
"8469483",2012,-0.00176530213370949,0.000377470980282159,46552,48.6423784155353,52.1223577934353,-0.0858684944056488,0.0196746774909054
"8470207",2012,0.00245494611110836,-0.00268551302541131,58082,60.9896353431356,65.0804035673703,0.149726268103548,-0.174774271479198
"8470602",2012,-1.90490491868643e-05,-0.00147398396762051,92068,54.5466394404136,54.937654776904,-0.00103906161767859,-0.0809772223598267
"8473503",2012,0.000856925922534427,0.000721710638354413,88665,54.9754694637117,59.4823210962612,0.0471099048869544,0.0429290239291848
"8473548",2012,0.00234115832125594,-6.68034508267457e-05,78238,59.4033589815691,61.1518699353255,0.139072668190254,-0.00408515593618807
"8474125",2012,0.000941387806759437,0.00168467634405559,76406,53.760175902416,55.9746616757846,0.050609174083777,0.0942991883917092
"8467396",2012,0.000994867936141556,0.000285034519233878,69284,58.1432942670747,55.7531320362566,0.0578448991679557,0.0158915671857373
"8467439",2012,0.000246690667172773,-0.000515744361771743,35672,62.87284144427,59.6434178066831,0.0155101432029349,-0.0307607564505932
"8468463",2012,-0.000795206471711515,0.00161761444967115,35103,50.7648918895821,52.4057772839928,-0.0403685705663311,0.0847723425808349
"8471679",2012,-0.000298049032558754,0.000110415623035053,178976,53.283121759342,56.7226890756303,-0.0158809828920822,0.0062630710545093
"8471976",2012,0.000567720934866398,-0.000694120796589431,66552,55.9862964298594,58.4204832311576,0.031784592548867,-0.0405508723575506
"8476244",2012,-0.000107858258288967,-0.000290222505342633,48703,56.6207420487444,61.3514567891095,-0.00610701462040644,-0.0178055734957557
"8471362",2012,0.00108850456461041,0.000354471376455359,61948,65.4355265706722,56.3117453347969,0.0712268693598627,0.0199609018794291
"8473579",2012,0.000247778741947606,0.00077505172342105,51429,61.2494895875868,58.1695152540396,0.0151763214749452,0.0450843830482104
"8474192",2012,0.000467120438731145,5.42499326185444e-05,39761,53.9624254923166,56.769195945776,0.0252069518709677,0.00307972505486729
"8459628",2012,0.00020433602325237,-0.000151239403597853,65785,48.2115983886904,55.2162347039599,0.00985136628938536,-0.00835087040554595
"8467351",2012,-0.000909334159771048,0.00170483576329757,25359,60.9014551046966,54.7971134508459,-0.0553797735064635,0.0934200787364763
"8467407",2012,0.000147443677582707,-0.00106436144387603,24915,57.2185430463576,56.0626128838049,0.00843651241267938,-0.0596708835964696
"8474056",2012,-0.00180458166584312,0.0015315846482691,82563,53.3701537008103,54.1114058355438,-0.0963108008717113,0.082876198473978
"8474157",2012,-0.000356595824718375,-0.00210384185792939,66454,60.781894242634,56.881451831342,-0.0216745697053971,-0.119669579302571
"8475098",2012,0.00178695052818825,-0.000666187819988837,64444,56.253491403389,62.1190490968903,0.100522206175719,-0.0413829538976369
"8469500",2012,0.0014878281785704,-0.000526372983380804,53808,50.3791257805531,57.2702943800178,0.0749554829480491,-0.0301455357119069
"8469521",2012,0.00011561057893304,-0.0001514679628645,66886,49.1403283198278,56.72936040427,0.00568114180601495,-0.0085926806550408
"8470329",2012,0.000242450704359897,0.00109040034465275,34489,51.0423613325988,60.6454231784047,0.0123752564572809,0.0661277903353441
"8470603",2012,0.00100130619671781,-0.00110906786993573,61147,54.8710484569971,58.8156409962876,0.0549427208403943,-0.0652305376786572
"8468695",2012,0.00123680742528231,2.67151548460816e-05,42404,51.7875672106405,60.022639373644,0.0640512476634268,0.00160351410513741
"8470816",2012,-0.000609407836055649,-0.000438865181027485,10690,40.4115996258185,53.5453695042095,-0.0246271454795173,-0.0234991982806485
"8471371",2012,-0.000210558676841239,0.00010112738942949,25270,49.8614958448753,55.5599525128611,-0.0104987705904219,0.00561863295445208
"8474581",2012,0.000421132048494639,-0.00117813858390951,75585,59.869021631276,60.0119071244294,0.0252127637209491,-0.0707023432772841
"8469474",2012,-0.000350260501832033,5.42093047517111e-05,15068,44.9163790814972,57.1011414919034,-0.015732433477563,0.00309541318080517
"8470697",2012,-0.00143479808751835,-0.000882094176869483,15114,43.1123461691147,47.3997618102422,-0.0618575118318747,-0.0418110538778151
"8468639",2012,-0.00026346210830431,-0.00014138303207768,66628,53.1128054271477,55.1659962778411,-0.013993211695793,-0.00779953582134718
"8474568",2012,-0.000930895560569668,-0.00105299142303163,65754,57.2132493840679,64.7686832740214,-0.0532595598573941,-0.0682008679685964
"8470324",2012,0.000141074019230986,0.00227850794618794,83439,51.5586236651925,56.1751698845863,0.00727358226646653,0.127995570960488
"8469460",2012,0.00065629690812741,-0.000352078132739008,38451,49.5279706639619,57.0180229382851,0.0325050540125833,-0.0200747990485813
"8474134",2012,-0.00037078866000931,-0.000100655516027012,41067,49.002849002849,59.6975673898751,-0.0181697007184049,-0.00600888945118517
"8469760",2012,-0.001805485691267,0.0019622172680218,69861,55.1895907587925,50.5002791256924,-0.0996440164218812,0.0990925197403545
"8470543",2012,0.00101920672171759,0.000113068090660041,73763,67.3020348955438,48.3657118067324,0.0685946863508101,0.00546861868740105
"8470594",2012,0.00209455407791559,-0.000399843186930361,195017,59.5517313875201,50.6171256864786,0.124734321824664,-0.0202389128477363
"8471311",2012,-0.000206788016491682,0.000963321057326424,46714,68.048122618487,50.4773729502933,-0.0140715363022597,0.0486259162815367
"8471724",2012,0.00092105426312112,-0.00121980007453747,59611,61.2370200130848,50.4269346261596,0.0564026183438851,-0.0615107786156858
"8473533",2012,0.000518620393566817,-0.00104176679272898,57673,61.9839439599119,51.5596552979731,0.032146137411313,-0.0537131367339813
"8468674",2012,-0.0017831783979508,-0.000874446332080938,66356,58.9728133100247,54.3613237687624,-0.105159046760821,-0.0475360601766586
"8464979",2012,0.00043736115421511,0.000326932279676517,32448,53.1434911242604,49.4822485207101,0.0232428986171269,0.0161773443123957
"8466141",2012,2.33420663153159e-05,-3.42969647483445e-05,149611,57.7257019871534,51.9266631464264,0.0013474371638823,-0.00178092693543214
"8467334",2012,-0.0012488054415807,0.000158011000642073,48216,39.198606271777,60.5525136884022,-0.0489514328145745,0.00956796327929726
"8467463",2012,-0.000130973769372706,-0.000324784648176962,47568,53.8849646821393,50.2522704339051,-0.00705751693693491,-0.0163211659729694
"8469465",2012,0.000788525873837841,0.000349963000816248,89517,59.9617949663192,48.8220114615101,0.0472814267727023,0.0170858976369553
"8469598",2012,-0.00164813905246453,-0.00111802867198157,87934,62.9654058725863,50.7244069415698,-0.103775744372889,-0.0567113413299362
"8465951",2012,0.000253640948195854,-0.000190840198338881,60594,56.2629963362709,50.5594613328052,0.0142705997390716,-0.00964877762865953
"8466393",2012,-0.000152853829869779,0.00143277680172432,69528,60.8387987573352,53.0721435968243,-0.00929944339473546,0.0760405361633116
"8471856",2012,-0.00140497028712598,0.00197100478426082,42591,48.7708670845953,50.714939776009,-0.0685216191312267,0.099959388932013
"8471215",2012,0.00159823543325956,-0.00232931178832253,74854,66.0325433510567,49.3921500521014,0.105535550531907,-0.115049717366955
"8471702",2012,0.000438485054036778,-0.000728083508442984,66799,64.8333058878127,48.0725759367655,0.0284284356356005,-0.035000849747932
"8471707",2012,0.000501916639341359,-0.00201716170035084,74165,65.6751837119935,49.2685228881548,0.0329634674968501,-0.0993825774028448
"8473933",2012,-0.000555826559475008,0.000744601643211228,25777,61.4501299608178,50.2773790588509,-0.0341556143154135,0.0374366190635742
"8465202",2012,-0.00103448512803394,-0.000182399188023656,63845,55.2024434176521,52.2139556738977,-0.0571061067466963,-0.00952378311842209
"8471303",2012,-0.00153448900994699,-0.00200533585071209,88637,58.1201981113982,52.0279341584214,-0.0891848052578823,-0.104333481606371
"8474570",2012,0.000136292498411696,-0.000527995295617569,54175,52.6958929395478,54.0913705583756,0.0071820549047662,-0.028559989188329
"8470054",2012,0.000340347186855691,-0.000669568800123214,39952,56.5879054865839,57.488986784141,0.0192595344424145,-0.0384928319013566
"8470274",2012,0.000578917724287176,-0.00078112905185966,55338,64.0138783476092,53.7352271495175,0.0370587687757941,-0.0419741470347661
"8475690",2012,-0.000625302834849913,0.00125432654784901,25738,61.4033724454114,51.6124018960292,-0.0383957028594608,0.0647388058964422
"8468542",2012,0.00107663245523418,-0.000588284188263161,77909,64.1825719749965,52.1685556225853,0.0691010400486848,-0.0306899363972942
"8467875",2012,0.00045958446106336,-0.000645825554041664,62695,64.8855570619667,45.8218358720791,0.0298203937731198,-0.0295929125392917
"8467876",2012,0.000397295189512246,-0.00172567008789639,73932,65.5900016231131,47.5247524752475,0.0260585921249633,-0.0820120437812144
"8460719",2012,0.000281479551323653,-0.0018507020814294,58731,61.0512335904378,49.6500996066813,0.0171846738387919,-0.091887542685262
"8470654",2012,-0.0023643179037072,6.70322866361324e-05,50257,47.5635234892652,57.0189227371311,-0.112455290149068,0.00382210877259886
"8474668",2012,2.87539343979141e-05,0.000836765849798097,32377,45.3655372641072,58.2635821725299,0.00130443768241827,0.0487529758488782
"8475619",2012,-0.000120228958431813,0.00122025995643981,11714,46.4060099026806,58.3916680894656,-0.00557934623557566,0.0712530143592989
"8471498",2012,-0.000518954898667941,-0.000175828282396868,62569,58.284453962825,54.1418274225255,-0.0302470029001942,-0.00951966452153034
"8470358",2012,0.000419938760963492,-0.000590172636937507,69460,64.2672041462712,45.5053268067953,0.0269882900797729,-0.0268559987162694
"8473914",2012,7.10632594452195e-05,-0.00139790968916232,43836,54.2841500136874,51.5740487270736,0.00385760863618588,-0.0720958624249058
"8465025",2012,8.93411781853647e-06,-0.000694443473917256,34727,50.3815474990641,52.1438650041754,0.000450114681236831,-0.036210966756972
"8465166",2012,-0.00100410590463301,0.00128622833746276,43921,43.851460576945,45.4088021675281,-0.0440315104920923,0.058406088118115
"8460806",2012,0.000872881135728179,-0.000561168227942146,97602,52.1915534517735,56.9496526710518,0.0455570224524021,-0.0319583356713348
"8466142",2012,0.00214775695265579,0.000435174887247882,88324,48.7477922195553,58.733753000317,0.10469840966617,0.0255594543395579
"8467329",2012,0.000888346349590708,-0.000530788224506676,55463,56.3402628779547,59.1313127670699,0.0500496668626119,-0.031386204516382
"8467988",2012,-0.000407548962185669,-0.00259302692859491,56642,50.7185480738675,57.6462695526288,-0.0206702916310686,-0.149478329283007
"8470775",2012,0.000324464075637864,0.000585718871816256,47587,42.4401622291802,52.4260827536932,0.0137703080076119,0.0307069460442389
"8475167",2012,0.00126943526851838,-0.000485776020094785,65179,52.3051903220362,56.7790239187468,0.0663980533213591,-0.0275818882641154
"8465210",2012,-0.000111028970249941,0.000512525240431586,66231,54.4095665171898,59.02975947819,-0.00604103814214926,0.030254241669178
"8471634",2012,-0.00152873061089593,0.000932914970127067,27427,52.2404929449083,50.6654027053633,-0.0798616406931744,0.0472665126513499
"8474564",2012,0.00182172823088726,-0.00137252312201948,82099,53.8471844967661,55.7327129441284,0.0980949361515535,-0.0764944371686908
"8475118",2012,0.000472318548685922,0.000271757124619029,61175,55.8463424601553,54.6105435226808,0.0263772634201975,0.0148408042816061
"8475792",2012,-0.000389952149064244,-0.00088122406714596,39603,50.3598212256647,57.6319975759412,-0.0196379205134391,-0.050786703301617
"8468575",2012,-0.00142608401204338,0.000959528704488899,60474,51.6717928365909,56.6722889175513,-0.07368831763788,0.0543786879654786
"8469765",2012,-0.0011145519135628,-0.0011085127013095,39251,58.3322717892538,53.1043795062546,-0.0650143451451779,-0.0588668791778432
"8465122",2012,-6.23692651306708e-05,-0.000875873504113163,69036,49.3829306448809,59.7601251520946,-0.0030799770943201,-0.0523423102232062
"8471767",2012,0.000888029215659974,-0.000394902737707249,24281,47.8892961574894,53.375066924756,0.0425270941052435,-0.0210779600538938
"8473962",2012,0.00114383834014798,-0.000804660984097837,62913,56.9929903199657,57.6796528539412,0.0651907674476596,-0.0464125662278739
"8469476",2012,-0.000145930422745883,-0.00233220485226021,81829,55.4326705691136,60.4480074301287,-0.008089313050084,-0.140977136238007
"8470137",2012,-0.000874419531926969,0.000887006496152774,29104,53.6833424958769,59.0021990104453,-0.0469417632175198,0.0523353338095637
"8470320",2012,0.00224143802295622,-0.000348815803237779,186662,56.4699831781509,60.5007982342416,0.126573967451206,-0.0211036345326038
"8470595",2012,0.00146261825393583,-0.00126868905552329,77528,58.7400681044268,58.4150242493035,0.0859142958469686,-0.0741105019432192
"8470618",2012,1.03367150332713e-05,4.18269762746916e-05,34954,49.3334096240774,59.5296675630829,0.000509945396903733,0.00248994599280135
"8474610",2012,0.000361754353406023,0.000808331355587416,8372,50.3105590062112,65.3607262302914,0.0182000637427875,0.0528331244359095
"8467332",2012,-0.000202864572560946,-0.000307963250128968,77354,54.4044264032888,59.5702872508209,-0.0110367307077266,-0.018345459272879
"8467412",2012,-0.000232569813165851,-0.00126911163758634,78363,56.4143792350982,47.5479499253474,-0.0131202816385743,-0.0603436565936308
"8469531",2012,0.00108430881580053,-0.000220871008069495,70141,56.4577066195235,60.6150468342339,0.0612175890074293,-0.0133881064984569
"8470302",2012,-0.00189924645670702,0.000747077521025507,53819,54.0478269756034,61.5396049722217,-0.102650143876129,0.0459748555275364
"8474091",2012,-0.000930212926649043,-0.000135760839668535,65721,54.0101337472041,62.1719085223901,-0.050240924581693,-0.00844051050479503
"8469638",2012,0.00024406153229872,0.000356872198371714,61553,57.6673760824005,57.9598069955973,0.0140743881703172,0.020684243739719
"8469812",2012,0.00147448771849276,-0.000362118135779226,53437,62.249003499448,61.642682036791,0.091785391148349,-0.0223219331035943
"8473482",2012,-0.00120244098935508,9.33552734267921e-05,58885,55.8784070646175,63.5204211598879,-0.0671904870743645,0.00592996628556633
"8467925",2012,-0.00108390778550212,0.00128125430665965,30727,41.4749243336479,51.6679142122563,-0.0449549933883522,0.0661997376005745
"8466378",2012,0.000101072470916493,0.000605670499276896,80773,52.1461379421341,59.1435256830872,0.00527053901056377,0.0358214887294713
"8471703",2012,0.000645462733199789,-0.00261190462577538,58924,60.3625008485507,55.1693707148191,0.0389617447804801,-0.144097134571153
"8465200",2012,-0.000998463598588237,0.000642697231413911,58690,51.1569262225251,57.658885670472,-0.0510783286488554,0.0370572061868236
"8470283",2012,-0.00178153367334067,0.000361654695224618,42067,43.0456177050895,58.7063493950127,-0.0766872174313663,0.0212314268982033
"8475753",2012,-0.000788486207700071,-0.000982049490477884,67743,54.2048624950179,58.2436561711173,-0.0427397864676005,-0.0571981528664148
"8469462",2012,-0.00045699676600447,0.000519985216154556,56054,59.5354479608948,62.0401755450102,-0.0272075071807563,0.0322599740910387
"8475784",2012,0.00265601771419731,-0.00135392709769857,55282,56.5247277594877,56.3944864512861,0.15013067821938,-0.0763540233671911
"8462225",2012,0.000873405719622535,7.3091433962417e-05,82755,61.5986949429037,56.5089722675367,0.0538006524844159,0.00413032181477671
"8467950",2012,0.000594557509473218,-0.000791467058802742,180551,60.8537200015508,55.8490398834678,0.0361810362063026,-0.0442026753335253
"8469455",2012,0.00040010283720004,-0.00188840510505878,77876,65.4579074426011,56.4435769685141,0.0261898944849623,-0.10658833889512
"8470599",2012,0.000744683794355748,6.75346522157263e-05,71114,64.797367606941,57.7607784683747,0.048253549573801,0.0039008540855713
"8474566",2012,5.92056659092451e-05,-0.000162647329484547,4403,58.0513286395639,62.1394503747445,0.00343696756902181,-0.0101068156590897
"8474578",2012,0.000625414159700224,-0.00110423630581639,101631,66.877232340526,54.5502848540308,0.0418259680673267,-0.0602364050284469
"8466149",2012,0.0014281155489016,0.000361847168910516,58518,61.5195324515534,49.8308212857582,0.0878570008552201,0.0180311416067375
"8467331",2012,0.000593534204927402,-0.000903726239532696,84073,53.953112176323,49.0716401222747,0.0320230175389328,-0.0443473287954051
"8467514",2012,0.00166332240128865,0.000565423353701085,64649,59.1934910052746,40.0377422697954,0.0984578595995514,0.0226382745088074
"8468509",2012,0.00127651904545998,-0.00144259921573763,85575,52.2068361086766,46.1069237510955,0.0666430205959334,-0.0665138120434053
"8470201",2012,0.000261361926202574,0.000251068003873356,65961,58.9984991131123,48.1921135216264,0.0154199613712639,0.0120994977443129
"8470657",2012,-0.00061459453521565,-8.78759524367326e-05,167474,57.1790248038502,46.3236084407132,-0.0351419161734064,-0.00407073121203394
"8467493",2012,-0.00010482276963921,0.00180948902125634,51333,57.4367366021857,51.8263105604582,-0.00602067780967891,0.0937791399713706
"8473422",2012,-0.000356938745744969,0.000113514624563379,66371,61.7257537177382,52.4506184930165,-0.0220323131121723,0.00595391226635179
"8474250",2012,-0.00185505539611263,9.1751894639245e-05,59475,59.7427490542245,56.655737704918,-0.110826109011642,0.00519827127661034
"8458951",2012,-0.00026748653820693,0.000482071314874605,79593,58.708680411594,55.6782631638461,-0.0157037816859943,0.0268408935333295
"8476205",2012,0.00122090490396169,-0.000488524215295264,13226,53.6216543172539,48.4500226825949,0.065466940714474,-0.0236690093120524
"8460621",2012,0.000639029747682187,2.44193236800218e-05,64743,63.2778833232936,50.4888559380937,0.0404364498139472,0.0012329037153863
"8471862",2012,-0.000240263149185135,-0.000423421492379492,69382,62.1602144648468,56.867775503733,-0.0149348088813475,-0.0240790383720925
"8475174",2012,-0.000233062405126298,-0.00115875193699942,79190,55.7797701730016,50.6427579239803,-0.0130001673939119,-0.0586823938394047
"8457063",2012,-0.00136175286589654,0.000868689085881573,77664,61.0939431396786,45.7972805933251,-0.0831948521593776,0.0397835978144775
"8460743",2012,-0.00185653399750183,0.000484806272348337,41848,47.7442171668897,44.4752437392468,-0.088638762354441,0.0215618771290079
"8470318",2012,0.000280275496615658,-0.000371656858576066,62400,58.0384615384615,48.8076923076923,0.0162667586305011,-0.0181397135974242
"8470778",2012,0.000998841559840711,-0.000659596565153808,53287,56.0061553474581,47.0884080544973,0.0559412755679362,-0.0310593522113073
"8473558",2012,-0.00195454068612304,0.000686615560494582,32995,48.4437035914533,48.1163812698894,-0.0946851896559801,0.0330374560945961
"8471683",2012,-0.00181175783665522,0.000187635678316031,42879,50.9620093752186,56.1673546491289,-0.092330819857249,0.0105389996888064
"8476459",2012,-3.47349319766482e-05,0.000286854814953582,6124,48.791639451339,57.0215545395167,-0.0016947742773714,0.0163569074757986
"8468083",2012,0.000462059876901186,-0.000468630906263263,75820,60.1582695858613,45.9140068583487,0.0277967226394314,-0.0215167226442056
"8470047",2012,0.000379474231148469,-0.000182524322686803,70537,57.4677119809462,52.415044586529,0.0218075158198312,-0.00956702051175481
"8470273",2012,-0.0017618193105074,0.000553204377818473,85646,59.435350162296,45.9846344254256,-0.104714347642702,0.0254389010765275
"8471309",2012,0.000151797766777321,0.000578336293647206,66004,58.7964365796012,43.4700927216532,0.00892516776724785,0.0251403323091413
"8471693",2012,-0.000686017337349904,0.000379450210863931,40509,57.7649411241946,49.144634525661,-0.039627751102194,0.0186479419335929
"8459444",2012,0.000602954718166548,0.000140971161207204,56958,57.6424734014537,48.667439165701,0.0347558013041962,0.00686070541216983
"8471716",2012,0.000883617553158505,-0.00059824229558205,53358,57.4834139210615,49.5895648262678,0.0507933535561259,-0.0296665750985814
"8471794",2012,0.000322559661489875,-0.00112511248556439,47754,59.6306068601583,48.0211081794195,0.0192344283632485,-0.0540291483833033
"8464956",2012,0.000142494271215652,0.00079575152448567,76417,59.5940693824672,57.3327924414724,0.00849181348542966,0.0456226569883222
"8473588",2012,-8.4798049659104e-05,0.00109700366404714,57634,61.0889405559219,50.5951348162543,-0.00518022301488312,0.0555030482763898
"8475637",2012,-0.000538688627949959,-0.00102522256760212,36343,63.594089645874,56.6601546377569,-0.0342574128970626,-0.0580892692184545
"8459492",2012,0.00134522421544295,-0.000111268392542309,67409,58.1050008159148,55.4347342343011,0.0781642541359011,-0.00616813376926078
"8470041",2012,0.000624025935977688,-0.000936579510667236,67800,54.7964601769912,61.3805309734513,0.034194412350211,-0.0574877476636102
"8470604",2012,0.000281240058325917,0.00132132084304191,62413,52.9505071058914,57.6802909650233,0.0148918037068478,0.076214170684807
"8470760",2012,-0.000973397179691388,0.000770071750946669,44420,44.979738856371,56.0828455650608,-0.0437831509460467,0.043187815082358
"8471482",2012,-0.000690192850727807,-0.000634835172923306,50776,49.2043485111076,53.0329289428076,-0.0339604895670859,-0.0336671686160367
"8473461",2012,-0.00025467234442796,0.000669527440728251,117995,50.6462138226196,55.7718547396076,-0.0128981900106063,0.0373407871684772
"8468535",2012,0.00257687955483846,-0.00153682029874765,76553,54.4563896908025,55.302862069416,0.140327557224545,-0.0849905610071201
"8469469",2012,0.0016034984102579,-0.00118856883653937,59328,49.878640776699,57.4029126213592,0.0799803211912618,-0.0682273130683401
"8471729",2012,0.00154215123844882,0.00100210922519321,53911,53.354602956725,51.5516313924802,0.0822808670266587,0.0516603653921644
"8474715",2012,0.000965223706787786,-0.000382224707230934,19472,56.5735414954807,55.8340180772391,0.0546061234283805,-0.0213411412130994
"8475233",2012,-0.000148891590623569,0.000666638378645661,24933,50.2466610516183,52.5568523643364,-0.00748130528749877,0.0350364148468806
"8468001",2012,-0.00187724758313357,0.00158613720154965,34004,41.1833901893895,48.5942830255264,-0.0773114196982781,0.0770772000894202
"8473544",2012,0.00213035960937642,0.000115263532944547,55669,50.2469956349135,56.3904506996713,0.107044169993133,0.0064997625719794
"8475793",2012,-0.000634479319360318,0.000124310388002227,42563,52.9473956253084,52.9473956253084,-0.0335940275382471,0.0065819112938895
"8469547",2012,-5.41999118755146e-05,-4.60548756198741e-05,57710,49.0313637151274,61.7570611679085,-0.00265749559249621,-0.00284421377073698
"8471469",2012,0.000952981496202947,0.002346836507222,229040,48.3950401676563,57.6056584002794,0.0461195777877748,0.135191062156335
"8471741",2012,-0.000757185978145967,0.000489969559884527,5529,44.2756375474769,72.924579489962,-0.0335248919244226,0.0357308241174609
"8471811",2012,-0.000204302809664125,-0.000293492990408263,20913,47.3389757567064,60.5938889685841,-0.009671485753717,-0.017783881673856
"8474094",2012,0.00103114237926912,-0.00162975314008285,43910,40.9929401047597,54.766567979959,0.0422695577928585,-0.0892559861368993
"8474519",2012,6.21069839912317e-05,8.90816681097543e-05,42331,50.3460820675155,60.8065011457324,0.00312684331298843,0.00541674455397953
"8468064",2012,0.00030366552147164,-0.0012132776997889,67970,48.1447697513609,57.7843166102692,0.0146199066126791,-0.0701084227407808
"8470600",2012,-0.00188895239892193,0.00104444113854205,105323,49.9719909231602,51.8519221822394,-0.0943947121332084,0.0541562806396121
"8470642",2012,0.000666871223694519,0.00018712300456045,104143,51.3678307711512,51.1604236482529,0.0342557281648906,0.00957329218764656
"8471859",2012,0.000382855490900749,-0.000310746690748391,66336,48.5709117221418,58.068017366136,0.0185956402508776,-0.0180444442348469
"8474096",2012,0.000269631387050542,0.000636087019143546,67700,48.2304283604136,58.493353028065,0.0130044372968601,0.037206862567333
"8470630",2012,0.000161236148487615,-0.00190701219943699,73828,46.1776019938235,59.8797204312727,0.00744549869187809,-0.114191357361313
"8474164",2012,-0.000353766263385395,-0.000326670842021131,27342,47.6629361421988,62.2778143515471,-0.0168615388210024,-0.0203443460534556
"8468101",2012,0.000772326190084937,-0.00032461906953796,6606,48.5013623978202,56.6757493188011,0.0374588724346373,-0.0183980290092359
"8469492",2012,-0.00114257265467011,0.00109414676333772,69177,50.6353267704584,48.5537100481374,-0.0578545397282113,0.0531248846972075
"8465192",2012,-0.00246462392359572,0.000470143818366606,60207,47.2968259504709,53.2761971199362,-0.116568888747673,0.0250474747420188
"8473432",2012,9.08302014399912e-05,0.000592363933407774,54241,43.8708725871573,52.432661639719,0.00398480019443969,0.0310592176879429
"8474685",2012,0.00114014284300105,-0.000369149087212582,6539,51.2004893714635,44.043431717388,0.0583758715150255,-0.0162585926161835
"8467330",2012,0.00153991836394977,-2.76612715121427e-05,74089,55.8787404338026,53.3034593529404,0.0860486985483952,-0.00147444146169815
"8474569",2012,0.00167813082937508,0.0025822753821162,56374,53.8971866463263,54.3442012275162,0.0904465305277828,0.140331692990584
"8475225",2012,-0.000334432251812406,-0.00115513471847576,50822,51.2140411632757,55.8183463854236,-0.0171276271106475,-0.0644777098377087
"8468162",2012,-0.00148496510533293,-0.00222518068578762,42777,39.8905954134231,55.0389227856091,-0.0592361422198869,-0.122471547949093
"8471887",2012,0.000854121349341965,0.000891904007476226,63788,56.3805104408353,51.6962438076127,0.048155797654315,0.0461080870234778
"8473608",2012,-0.000725382724892336,0.000991069017470221,20055,47.0306656694091,59.9551234106208,-0.0341152324167764,0.0594196652508698
"8457981",2012,0.000789999069280869,-0.00218229494116487,67113,49.832372267668,52.1389298645568,0.0393675277115155,-0.113782522881172
"8459442",2012,0.00168428741909083,-0.000361827550290455,59925,51.3642052565707,52.5056320400501,0.0865120847052412,-0.0189979842175033
"8467400",2012,-0.000124909434447578,-0.00011586852513774,92149,52.6234685129519,51.8811924166296,-0.00657316769062272,-0.00601139724770217
"8467844",2012,0.000234558724210401,-0.000134153972916132,32588,57.0025776359396,52.8047133914324,0.0133704518869904,-0.00708396209015836
"8473972",2012,-0.000414991422248434,-0.000479064152701184,198882,51.3168612544122,55.3172232781247,-0.021296057237294,-0.026500498699517
"8475764",2012,-0.000139644294483861,0.000557129846813249,87787,53.7619465296684,51.6705206921298,-0.0075075490932146,0.0287871892779671
"8467344",2012,-0.000218639655638106,0.00140962323259334,68415,46.0425345319009,56.3560622670467,-0.0100667238947604,0.079440814669106
"8468011",2012,0.000235680456531459,-0.000270037294481159,166773,53.6201903185767,54.1814322462269,0.0126372309335859,-0.0146310073748854
"8468700",2012,-0.00148532140857216,0.00116941164655598,54045,43.6303080766028,54.7543713572023,-0.0648050306487768,0.0640303995649635
"8469591",2012,-0.0012099234938598,0.00193503225068057,22424,56.9925080271138,50.2497324295398,-0.0689565744359983,0.0972348528392285
"8471388",2012,-0.0012089564665131,0.000553304309889968,40375,46.6328173374613,49.753560371517,-0.056377046071848,0.0275288593859311
"8474574",2012,5.62939605190279e-05,-0.000768862216725379,56165,51.0851954063919,58.9050120181608,0.00287578797331425,-0.0452898381165182
"8468598",2012,0.000162129392462963,-0.00119961326100336,66210,53.3393747168102,52.3606705935659,0.00864788041719074,-0.0628125547990701
"8474579",2012,-0.00113778208374775,0.000255554993947914,68966,54.2354203520575,57.7849955050315,-0.0617080895810989,0.0147672441765685
"8470612",2012,0.000698710814659156,-0.000918861124437072,78977,55.4287957253378,49.3662711928789,0.0387286990168267,-0.0453607474575542
"8470621",2012,0.00114411256300349,-0.000199154819172086,75227,55.9426801547317,49.2908131388996,0.0640047231731145,-0.00981650297752262
"8471676",2012,0.00130896379480761,-0.000825733722570512,69068,55.6147564718828,55.4062662882956,0.0727977026787368,-0.0457508225159674
"8468504",2012,7.73299343466167e-05,-9.3636375681133e-05,41295,53.7885942608064,56.5782782419179,0.00415946846278496,-0.0052977849168519
"8471284",2012,-0.00161312748086836,0.000931212783545036,64149,53.4256184819717,52.1348734976383,-0.0861823333556572,0.0485486606695041
"8471752",2012,0.000760004683600399,-0.00161902602778805,44984,58.8209141027921,51.1381824648764,0.0447041702117787,-0.0827940484244095
"8474551",2012,-0.000416144296239564,-0.000216403466572691,57957,59.1956105388478,55.717169625757,-0.0246339156881601,-0.0120573886546325
"8474589",2012,0.000582829020461088,0.000614879303165113,37746,55.793991416309,59.2274678111588,0.0325183573647817,0.0364177441359595
"8467917",2012,-0.000537012919665032,0.000458348897272924,80761,54.1152288852293,57.369274773715,-0.0290605770619984,0.0262951438298797
"8469485",2012,-0.000474822429676315,0.000259828541127346,67181,55.5692829817954,54.5511379705571,-0.0263855419607868,0.0141739425957264
"8469555",2012,-0.000421877521902615,0.000791194073405619,69375,56.5621621621622,56.8216216216216,-0.0238623048064268,0.0449569302683236
"8471226",2012,0.00111730022256135,0.00112595832795829,64428,57.2173589122742,57.6084932017135,0.0639289678470565,0.0648647626815978
"8471804",2012,-0.00104272498668587,-0.00151260216837088,45184,52.1866147308782,56.6483711048159,-0.0544162871504358,-0.0856864489678225
"8471409",2012,0.000817959041616073,0.000364225007111519,19073,49.2633565773607,60.2107691501075,0.0402954079328088,0.0219302678218879
"8471699",2012,-0.00197827275394913,0.000599221490543469,58415,51.7675254643499,56.7593939912694,-0.102410285165491,0.0340114486697925
"8475758",2012,0.000495735652691815,-5.7468463401997e-05,28249,50.0831887854437,61.5526213317286,0.0248280222814394,-0.00353733456629942
"8468095",2012,-0.000950475203274261,0.00114300468211643,17209,42.2569585681911,57.5280376547156,-0.0401641912848534,0.06575481639231
"8469992",2012,-4.51887591722135e-05,0.00023608506004439,62281,50.4038149676466,61.617507747146,-0.00227768585593379,0.0145469730162706
"8470317",2012,0.000490465835951872,0.000410802602481018,9556,43.3235663457514,51.9882796149016,0.0212487291841853,0.0213569205643125
"8474139",2012,0.000471851349699664,0.000263165300607344,14384,42.2969966629588,52.3081201334816,0.0199578949636593,0.0137656821591328
"8474646",2012,-0.000188024140299333,0.000270311109160363,12418,40.0064422612337,68.9966178128523,-0.00752217691260336,0.0186505522893058
"8469506",2012,0.00126737528866874,-0.00102003797701963,69025,49.964505613908,53.2502716407099,0.0633237797256177,-0.0543172993601357
"8470598",2012,0.00213994555151114,-0.0018706516322383,60833,50.6567159272106,56.6929133858268,0.108402613902598,-0.106052690961541
"8474609",2012,-0.000921671799877516,0.000448353456621399,32320,52.5742574257426,53.3539603960396,-0.048456210468808,0.0239214325680056
"8462041",2012,-0.00104270665446915,-0.000545480480922846,51276,50.6201731804353,61.8534987128481,-0.0527819914256209,-0.033739876224645
"8462196",2012,-0.000688545517373062,0.000488643095280844,75072,55.2429667519182,51.6943734015345,-0.0380372971234224,0.0252600986275296
"8468505",2012,-0.000353214324014855,-0.00119851179818494,60519,61.4484707282011,55.1430129380856,-0.0217044800500082,-0.0660895515937601
"8469759",2012,-0.000898718254632349,7.29679097444072e-06,54898,50.2969142773872,60.7890997850559,-0.0452027550127662,0.000443565354655973
"8470140",2012,-0.00178618745825147,0.000953810433925911,160888,55.6486499925414,54.9773755656109,-0.0993989206853031,0.0524379944443431
"8471274",2012,0.000282637172616413,0.000578460788466917,73107,59.9285978086914,50.6216914932907,0.0169380494435147,0.029282663574738
"8470281",2012,0.000711433296500421,-0.000216065548646518,97195,60.114203405525,52.8916096507022,0.0427672458952894,-0.0114280546579764
"8470645",2012,0.000789439998479759,-0.00118564690091991,168913,58.034609532718,50.2128314576143,0.0458148420612823,-0.0595346880041343
"8471254",2012,-0.00129186491309375,-0.000594844536643304,52237,56.3049179700212,52.1699178743036,-0.0727383479600925,-0.0310329906246594
"8473564",2012,-0.00093647054945577,-3.49064986298059e-05,44527,54.088530554495,49.5609405529229,-0.0506523159276232,-0.0017299989035025
"8475181",2012,2.65180438321986e-05,-0.00135373515147891,90650,57.9415333701048,49.2840595697739,0.00153649612161324,-0.0667175638471835
"8475204",2012,-2.81253711544018e-05,-1.90891233556223e-05,3636,44.5544554455446,57.4257425742574,-0.0012531105959882,-0.00109620708378821
"8470626",2012,-0.000186145318850668,0.000299078171355546,72239,55.216711194784,53.6718393111754,-0.0102783323112383,0.016052075554475
"8471241",2012,-0.000760530187516511,0.00209926265129266,49909,50.7082890861368,53.3771464064598,-0.038565184607321,0.112052649883661
"8473994",2012,0.0006209699812576,0.000876516787379816,58601,61.1866691694681,54.9205644954864,0.0379950848073796,0.0481387967526698
"8474707",2012,0.0004845112267171,0.00129036491731592,49710,60.3258901629451,58.8050694025347,0.0292285710456495,0.0758799985173585
"8475266",2012,-0.000532280960248427,0.000855115322453547,27154,60.1900272519702,50.7770494218163,-0.0320380055030577,0.0434202329895762
"8467543",2012,-0.00132921222815816,0.00109847256077899,16049,55.4053212038133,46.6571125926849,-0.0736454304491393,0.0512515579482401
"8471352",2012,0.000453731576683571,0.000170836830668488,22119,59.0804285908043,48.1757764817578,0.0268066560156468,0.00823019696913698
"8471807",2012,-0.00124706698216443,0.00177921028839971,38480,57.9106029106029,48.8357588357588,-0.0722184008070484,0.0868890845623893
"8466148",2012,0.00133601884097279,-0.000847491123557424,71556,57.0015093073956,49.2034210967634,0.0761550903985661,-0.041699462628165
"8470607",2012,0.00109552735905112,-0.000103492580557953,95631,60.2691595821439,50.4062490196694,0.0660265132292564,-0.00521667278729239
"8471769",2012,-0.000620975849205183,0.000961075391511903,73257,53.3191367377862,48.3557885253286,-0.033109896214634,0.046473558388847
"8473604",2012,0.00390824621863308,-0.000174731200036565,58494,65.0528259308647,47.2663862960304,0.254242460955698,-0.00825891239889723
"8476438",2012,-0.0003676738083404,0.00014112743286798,2712,46.4601769911504,45.1327433628319,-0.0170821902105053,0.00636946820908581
"8460561",2012,-0.00135171815864987,0.000206564334261043,59625,56.3320754716981,57.177358490566,-0.0761450893295291,0.0118108029914088
"8466160",2012,-0.00015611647449793,0.000157933380188958,45393,54.8014010970855,61.5425285837023,-0.00855540153682397,0.00971961956459967
"8467371",2012,0.000697108212709469,-0.000826260599404138,67927,53.8990386738705,58.4568728193502,0.0375734625167004,-0.0483006107750077
"8467545",2012,0.00101850836458853,0.00105156831957383,69213,56.0703914004594,56.5905249013914,0.0571081626471206,0.059508803174357
"8470110",2012,-0.000396941777529607,-0.00123051268848712,75036,54.6937470014393,60.6428914121222,-0.0217102331545059,-0.074621847349163
"8471279",2012,1.28976445699816e-05,-0.000686075741302769,16615,56.9846524225098,53.3012338248571,0.000734967792889475,-0.036568683508741
"8459514",2012,-0.000555438418129331,0.00071798621660336,40432,48.9711119905026,52.6216857934309,-0.027200436978039,0.0377816450941163
"8468927",2012,0.000702274874678226,-0.000815171393036406,38448,60.2059925093633,48.0337078651685,0.0422811558443913,-0.0391557045531532
"8471220",2012,-0.000364686283056719,0.00108776933115588,3160,38.7341772151899,62.6582278481013,-0.0141258231158679,0.0681576985977415
"8459596",2012,-0.000118734927181715,-0.000788455676605763,55186,53.7527633820172,53.8179973181604,-0.00638233044597978,-0.0424331054890573
"8474141",2012,0.00152039361610981,-0.000275668802117318,82718,61.1039918760125,48.918010590198,0.092902119167115,-0.0134851693813621
"8469544",2012,0.000726040518689443,-0.00127190415010943,70836,62.5614094528206,45.9427409791631,0.0454221181690685,-0.0584347629188001
"8458637",2012,0.000624317808094701,-0.00132327652259535,37252,58.273381294964,52.2817566842049,0.0363811096803387,-0.069183221180251
"8467346",2012,-0.000399835449097802,-0.000230281859815728,27324,67.4571805006588,56.1264822134387,-0.0269717720603524,-0.0129249107090251
"8468508",2012,0.00024133753284225,-0.00055773733241822,82674,72.0226431526236,50.6422817330721,0.0173817670072319,-0.0282450911213756
"8470121",2012,-0.00137158618067904,0.00131338691423102,80950,57.2353304508956,46.3397158739963,-0.0785031882930469,0.0608619764380902
"8471685",2012,-0.000575608978370607,0.00125792625677381,92290,65.9616426481742,48.096218441868,-0.0379681137363626,0.0605014960295545
"8471734",2012,-0.000895569510035295,0.0013607386176996,243281,58.5989041478784,50.5341559760113,-0.0524793918763206,0.0687637775494134
"8474166",2012,0.000270350822979826,0.00101752089471531,51328,64.7365960099751,41.8718827930175,0.0175015920082093,0.0426055156429656
"8465185",2012,0.000644960913441036,8.61051819559523e-05,99158,58.0164989209141,51.6993081748321,0.0374183741386836,0.00445157833739077
"8470606",2012,-8.24375023326024e-05,0.00143813044855563,88539,63.34835496222,49.1579981702978,-0.00522228015996454,0.0706956139587472
"8470617",2012,0.00136082364554472,-0.0013606810085667,74688,51.4781491002571,55.189588688946,0.0700526825245067,-0.0750954251996562
"8470755",2012,-0.000217139449966757,-0.000846149466023618,45491,67.424325690796,47.8776021630652,-0.0146404809948789,-0.0405116075047689
"8474563",2012,0.000881055745034118,4.81155171156612e-05,103518,58.2855155625109,48.1307598678491,0.0513527883386257,0.00231583640021127
"8467452",2012,-0.000101569761503425,0.000502465654571971,100346,58.4059155322584,52.6657764136089,-0.00593227491100065,0.0264627438192051
"8471677",2012,-0.00077884667547277,-0.000836450366952653,82307,53.3611964960453,58.4348840317348,-0.0415601904901941,-0.0488778801911803
"8467466",2012,0.000470051160321303,-0.000646154489840825,20541,56.0829560391412,48.196290346137,0.0263618585604469,-0.0311422494008284
"8468526",2012,-0.000953851674171853,0.000304144329402634,70770,53.1072488342518,45.0699448919033,-0.0506564382112123,0.0137077681653616
"8471386",2012,0.000492503343017265,-0.000459950657796144,5580,47.0967741935484,54.8387096774194,0.0231953187356518,-0.0252231005888208
"8468172",2012,0.000358346261121486,-0.000657381572705138,64437,47.2089017179571,61.1760324037432,0.0169171334222816,-0.0402159963934332
"8468685",2012,0.00223079577683841,-0.00113342802564004,233558,50.1100369073207,56.2447015302409,0.111785258710068,-0.0637493210081344
"8471339",2012,0.00043724294680266,0.000465017855552634,88420,49.0205835783759,54.3542185026012,0.0214339044177952,0.0252756821283189
"8471714",2012,0.0016020905752192,0.000152552983641699,17202,49.598883850715,59.8535054063481,0.0794619043586222,0.00913083083115297
"8473573",2012,0.000352755705202044,-0.000130475563853003,68880,52.6306620209059,57.2822299651568,0.0185657662964351,-0.0074739312534612
"8475148",2012,-8.67334718353508e-05,-0.00116285089850541,12308,45.3363665908352,57.3285667858304,-0.00393218047482335,-0.0666645753969301
"8474584",2012,0.00186214624672103,-0.000689732798630211,94453,47.0329158417414,54.1983843816501,0.0875821677070449,-0.0373824033407915
"8460504",2012,-0.000941351529822013,-2.8833779593366e-05,15610,47.9692504804612,56.732863549007,-0.0451559273241975,-0.00163582288327258
"8473453",2012,-0.000785425159308271,-0.000106579302657826,61110,51.0751104565538,47.1281296023564,-0.0401156767670263,-0.00502288318858678
"8475160",2012,-0.00161922586710126,-0.000537339721522206,43201,51.2488136848684,47.1655748709521,-0.0829834047767918,-0.0253439368665921
"8470192",2012,0.0012882494808172,-0.000496765488406464,29817,46.3628131602777,56.7461515242982,0.0597268699829526,-0.0281895296771552
"8467389",2012,0.000179089047661017,-0.000548592480466494,94079,52.7684180316542,56.7097864560635,0.00945024573186739,-0.0311105624186571
"8468483",2012,0.00395217115518849,-0.00213264110755256,91000,52.7340659340659,55.4637362637363,0.208414054280423,-0.118284243934497
"8471273",2012,0.00298830214392123,0.000689104867553074,63394,54.2322617282393,54.629775688551,0.162062383992195,0.037645644340313
"8471958",2012,-9.71946847289985e-05,-0.0026236032352853,119883,53.1518230274518,55.7643702610045,-0.0051660746819247,-0.146303582230418
"8474151",2012,-4.15143420219389e-05,-0.000208433726768699,121251,55.2242868100057,56.8275725561026,-0.00229259993054823,-0.0118447827310871
"8467336",2012,-0.00101224624868549,-0.000813508152779767,30047,42.0541152194895,52.9570339800978,-0.0425691203727154,-0.0430809788898448
"8470619",2012,0.00170976745373688,-8.45131622934139e-05,72294,49.5974769690431,55.7224665947382,0.0848001519091345,-0.00470928186271044
"8464999",2012,-0.00244942268577957,0.000377439778542661,117256,49.7987309817835,55.6014191171454,-0.121978141389814,0.0209861873182331
"8471678",2012,-0.000772770768029725,-0.000116333084816361,52059,62.167924854492,50.2045755777099,-0.04804155503662,-0.00584045314885114
"8471717",2012,0.0003538474563893,-0.000313885944546081,56629,56.0702113757969,55.3709230253051,0.0198403016745361,-0.0173801544741862
"8471768",2012,0.000783311441762807,0.00136800893290602,52025,43.1100432484383,56.880345987506,0.0337685901313911,0.0778128214176935
"8469820",2012,-0.00176978075538655,0.00076681823754403,25808,48.4035957842529,53.1463112213267,-0.0856637523104804,0.0407535607027043
"8467913",2012,-0.00135535443888133,0.000426554387914214,28770,60.6882168925965,51.5537017726799,-0.0822540441531735,0.0219904577043574
"8468778",2012,-5.26327108953375e-06,-0.000472991180985467,1328,35.2409638554217,94.8795180722892,-0.000185482746227545,-0.044877175304344
"8455710",2012,0.000930778824338715,0.000447729725601642,230602,47.0681086894303,44.7888569917,0.0438099988697948,0.020053302650905
"8460465",2012,0.000356243579353265,-0.00152220486884376,75978,52.3572613124852,44.8708836768538,0.0186519381750939,-0.0683026776022289
"8460542",2012,9.08854702030102e-05,-0.00194259556368089,89150,46.7212563095906,40.8659562535053,0.0042462833481725,-0.0793860253236366
"8470610",2012,0.000796725382285593,-0.000827484174390717,98708,49.0902459780362,45.479596385298,0.0391114449933447,-0.0376336462665114
"8471816",2012,0.000555723537844327,-0.00059808971377252,100405,49.5513171654798,46.503660176286,0.0275368332800468,-0.0278133608042094
"8472382",2012,-0.000736605425185125,6.57388787346305e-05,77835,49.8593177876277,46.3441896319137,-0.0367266439783958,0.00304661506226709
"8460626",2012,-0.000510808029036578,-0.000417928469665235,108423,42.6662239561717,46.982651282477,-0.0217942497654853,-0.019635387551301
"8468501",2012,0.00185144542849208,0.000304490469970143,82220,44.9233763074678,42.8216978837266,0.0831731796968907,0.0130387989135354
"8469454",2012,0.00132126526769217,-0.00114114046185446,102149,50.3969691333249,46.8022202860527,0.0665877649128164,-0.0534079072730402
"8473927",2012,-0.00170198109422367,0.000780939831554383,9968,40.4494382022472,50.9229534510433,-0.0688441790921933,0.0397677626903095
"8474582",2012,0.000307814444866659,-0.000277562670445836,25065,43.8061041292639,49.2639138240574,0.0134841516243204,-0.0136738234776189
"8460720",2012,-0.000604409500676267,-0.00014234509269679,19346,31.820531375995,54.5228987904476,-0.0192326314802187,-0.00776106708242396
"8476457",2012,0.00105519992950071,-0.000717718317908356,71680,49.1183035714286,45.6026785714286,0.051829630465766,-0.0327298777564011
"8464977",2012,0.000888378364111353,0.000432876377946714,88470,47.6500508646999,42.2380467955239,0.0423312742370048,0.0182838527083902
"8466182",2012,0.000439708210076912,0.000470996327805688,40725,50.2983425414365,50.121546961326,0.0221165941687304,0.0236070645627249
"8473999",2012,0.000119744252778425,-0.000819743392168089,21446,49.3518604868041,60.0951226335913,0.00590960165721741,-0.0492625796804175
"8470920",2012,-0.0001580218728653,0.0011172636984776,80032,46.8712514994002,42.1931227508996,-0.00740668294547574,0.0471408443749895
"8474641",2012,0.000719971749874429,0.00104606939246312,80426,50.2673264864596,45.8359237062641,0.0361910550119656,0.0479475568643976
"8475185",2012,0.000901997156508194,-0.000215272704492909,29438,49.5278211835043,43.6578571913853,0.0446739538755672,-0.00939834498995473
"8462052",2012,-0.00198175911402462,-0.000655659368563706,25999,54.8328781876226,54.0020770029616,-0.108665556096523,-0.0354069677088905
"8466251",2012,-0.000320217935969516,-0.000946666861893255,68317,56.4369044308152,55.7518626403384,-0.0180721090493445,-0.052778440850433
"8468208",2012,-0.00102036990851709,-0.000519740901666341,56415,51.6245679340601,52.7093858016485,-0.0526761556601113,-0.0273952237028278
"8469639",2012,0.000388337128471918,0.000782385865589986,78347,49.855131657881,58.6774222369714,0.0193605986676109,0.045908385787462
"8473607",2012,-7.23173327092181e-05,-0.00024808364524923,93090,57.8536899774412,52.0528520786336,-0.00418382454655457,-0.0129134612892864
"8473991",2012,-0.000514006457002858,0.00147498602644411,99325,48.7853007802668,57.4840171155298,-0.0250759596078837,0.0847881219892806
"8474590",2012,-0.00195574605663215,0.000333693451292869,98007,51.6452906425051,57.4489577275093,-0.1010050735177,0.0191703409772707
"8470120",2012,0.000532902462271873,0.000227780096550679,75274,59.1598692775726,56.1468767436299,0.0315264400057006,0.0127891410056831
"8471426",2012,2.88620648333639e-06,0.00244393933803208,75529,51.1909332839042,58.0068582928412,0.000147747603532045,0.141765242857527
"8473618",2012,-0.00092122478010245,-0.000221176051978263,42801,61.3163243849443,51.0548818952828,-0.0564861174482108,-0.0112921172118151
"8458590",2012,-0.0014425442431419,-0.000450171199157424,53916,47.8077008680169,58.0903627865569,-0.068964723665008,-0.0261506082751141
"8458938",2012,-0.00074819898738536,0.00168467926330432,82303,57.0380180552349,58.3502423969965,-0.0426757873513946,0.0983014433750005
"8471214",2012,0.0022309776095645,0.000902857052445821,85899,53.7701253798065,62.7807075751755,0.119959945785824,0.056682004591786
"8471242",2012,0.00141097752573129,-0.00181927494302654,47232,55.1067073170732,57.0884146341463,0.0777543255414425,-0.103859522281012
"8473563",2012,-0.000327463203303798,-0.00087684116330344,49079,55.746857107928,53.9130789135883,-0.0182550444026812,-0.0472732068318609
"8469770",2012,-0.000565568841128939,0.000621967482462357,102152,52.9328843292349,56.1046283968987,-0.0299371900476975,0.0348952544785052
"8471240",2012,0.000458016655205537,0.000243987056703953,51037,51.2804435997414,59.3216685933734,0.0234872972550097,0.0144737193188645
"8468611",2012,-0.00198083877071644,0.00138119332237604,58868,47.2718624719712,55.2218522796766,-0.0936379379484559,0.0762720536179254
"8474291",2012,0.000207092297824552,1.64866930210526e-05,35716,44.9546421771755,55.8405196550566,0.00930976014635179,0.000920625505688971
"8467831",2012,0.000507743938422867,0.0013510721634489,44685,48.5800604229607,49.3856998992951,0.0246662312079749,0.0667236444063789
"8460492",2012,-0.000544162875606674,-0.00149126225858236,56428,49.5073367831573,54.8663783937052,-0.026940054747551,-0.0818201593636315
"8460535",2012,0.000384430624853664,0.000177725458323448,154090,52.8704004153417,53.3142968395094,0.0203250010679332,0.00947530784099417
"8468518",2012,-0.00137298687836786,-0.000692582006959643,65733,50.2213500068459,51.864360366939,-0.068953254573319,-0.0359203227926128
"8470105",2012,-0.00101013238960543,0.000216944481746267,21123,51.6403919897742,50.7882403067746,-0.0521636325607915,0.0110182284721581
"8471266",2012,0.000752467047553103,0.000375664147445928,48663,68.7257259108563,51.0449417421861,0.0517138440670859,0.0191757545210054
"8475790",2012,-0.000694616647654963,-0.000142701840097893,60768,52.0142180094787,55.6872037914692,-0.0361299417441385,-0.00794666645094903
"8469473",2012,-0.00132546365067465,0.00118486749545899,52014,55.5081324258853,50.5248586918906,-0.0735740118473459,0.0598652627766797
"8470176",2012,0.000897010250038853,0.000249366657427741,52939,58.9584238463137,52.0221386879238,0.0528863105162785,0.0129725868368499
"8471681",2012,-6.66395890179192e-05,-0.00124105367719741,29541,53.132933888494,60.2010764699909,-0.00354075687764551,-0.0747127673243246
"8458525",2012,-0.0027297642886934,0.0002911111918023,53439,53.1521922191658,49.985965306237,-0.145092956185646,0.0145514739336871
"8466309",2012,1.16942994037282e-05,-0.000272086741858098,26720,49.8502994011976,59.4161676646707,0.000582964326563096,-0.0161663514735747
"8467580",2012,0.000908678709749436,0.000681743718957277,49603,48.7712436747777,64.1574098340826,0.0443173907752724,0.0437389111789536
"8471219",2012,0.000113219008719361,-0.0011984046567929,81223,51.8129101362914,55.8905728672913,0.00586620632449622,-0.0669795227949846
"8471260",2012,-0.0019929108815401,-0.000685020461076656,55954,52.8862994602709,53.5296850984737,-0.105397681678762,-0.0366689295674447
"8474573",2012,0.000818075029501101,-0.00171698829731487,56181,51.0706466599028,59.5290222673146,0.0417796207729403,-0.102210634583576
"8466285",2012,0.000391172096626308,-0.000371957360167841,107216,54.1934039695568,50.4327712281749,0.021198947454088,-0.0187588404519806
"8474520",2012,-0.000558910846857227,0.000420331023337573,85430,54.1074563970502,49.0085450076086,-0.0302412442761658,0.0205998118753336
"8458541",2012,0.000887697494551195,-0.0013735033973705,56871,49.3749010919449,60.3893021047634,0.0438299759930326,-0.0829449116057259
"8468309",2012,0.00118048500665162,-0.00100986652108508,89211,54.6793556848371,53.5898039479436,0.0645481595593211,-0.0541185488785412
"8469707",2012,0.000271836942306969,-0.00111409088091307,71124,56.0823350767673,55.6267926438333,0.0152452504847033,-0.0619733024189372
"8475166",2012,0.00540095694063706,-0.00125186841793771,79184,59.6484138209739,58.5572842998586,0.322158514624381,-0.0733060148551927
"8465059",2012,-0.0013758548158247,0.00115232330079827,26570,42.9506962739932,61.1065111027475,-0.0590939223115975,0.0704144565741838
"8473574",2012,-0.000753932295910699,-0.000649407929298291,58391,52.8369097977428,54.3782432224144,-0.0398354527126387,-0.0353136623299469
"8473646",2012,-0.000432657460713241,-0.000574165649168583,50684,43.1852261068582,51.1403993370689,-0.0186844102677204,-0.0293630605841087
"8470144",2012,-0.00153557840733033,0.000462491939302302,63643,49.9473626321826,51.4180664016467,-0.0766980915610775,0.0237804412452721
"8473449",2012,0.00139588407926285,0.000459335012139926,66293,57.8884648454588,60.9295099030063,0.0808055864507429,0.0279870571709772
"8473546",2012,0.000482298848763272,-0.00134092739861085,57877,53.0573457504708,59.775040171398,0.025589496773887,-0.0801539891188916
"8473584",2012,0.00126403343769217,-0.000867493327386221,81901,53.4938523339153,59.6036678428835,0.0676180180610365,-0.0517057841414461
"8474612",2012,0.000228102627672779,0.000150953548831167,76672,54.7474958263773,58.2689899833055,0.0124880476565012,0.00879591082478766
"8468478",2012,-0.000335931995454707,0.00136046333471461,87439,48.2942394126191,56.2815219753199,-0.0162235802148485,0.0765689470693573
"8471346",2012,-0.000583660317604531,0.00155482052293925,69745,51.8230697541042,52.3392357875117,-0.0302470693519223,0.0813781179573794
"8470852",2012,0.00425372414489892,-0.00155148637838633,75561,57.4105689442967,59.1733830944535,0.244208723290739,-0.0918066978340804
"8475179",2012,-0.000900027342906563,0.00207024280351626,65925,49.80204778157,54.6075085324232,-0.0448232047361521,0.113050801557202
"8474709",2012,0.000339880872419908,0.00185068956425491,48550,48.4943357363543,56.9474768280124,0.016482297137496,0.105392101076251
"8469457",2012,-0.00156097338704971,-3.58616484520081e-05,79332,49.1453637876267,53.8647708364847,-0.0767146049693617,-0.00193167947568599
"8470039",2012,-0.00021586568956342,-0.00132024152804806,79490,51.6291357403447,54.0294376651151,-0.0111449589881529,-0.0713319073425689
"8459454",2012,-0.00138572625899539,0.000292884860608525,32868,41.1829134720701,61.8838992332968,-0.0570682446201824,0.0181248572008561
"8464967",2012,0.000121648730007726,0.000913993790907963,35888,45.6419973250111,60.9897458760588,0.00555229100960362,0.0557442490397723
"8459429",2012,0.000416012816106043,0.000709207560879777,52537,58.176142528123,50.7071206958905,0.024202020883311,0.035961873387969
"8469470",2012,-0.00026252291487519,0.000327072748464509,64124,59.1728525980912,50.6955274156322,-0.0155342297455309,0.0165811254866887
"8470860",2012,0.000361639916367526,-0.000972291491033824,131016,56.3839531049643,49.3771753068328,0.0203906880853498,-0.0480090074021189
"8471698",2012,0.00033251392659271,0.000272147744169737,75588,54.5324654707096,48.4362597237657,0.018132804220447,0.0131818188198423
"8473485",2012,0.000307549155625407,-0.000690451004764516,64190,56.8686711325752,58.1585916809472,0.0174899117883625,-0.0401556580617992
"8474565",2012,0.000130605236470738,-0.000373159980775316,94437,58.3245973506147,47.9176593919756,0.00761749782903759,-0.0178809528575077
"8467890",2012,-0.000894600965082416,-0.000792405692536618,86620,54.6940660355576,51.0782729161856,-0.0489293642596912,-0.0404747142237245
"8470257",2012,-0.00075390866834687,0.000208883404609576,43517,64.6092331732426,45.1685548176575,-0.0487094609445518,0.00943496151160654
"8471851",2012,-0.00054910173312669,-2.3618816029703e-05,40125,59.8429906542056,50.4224299065421,-0.0328598898837086,-0.00119091809573321
"8474031",2012,-0.000416217512993508,8.34084251521671e-05,83381,57.0777515261271,48.874443818136,-0.023756759787466,0.0040765403890588
"8471348",2012,-7.56031946851507e-05,0.000979594115626873,61876,51.4900769280496,50.0937358588144,-0.00389281431034472,0.0490715288770615
"8471392",2012,0.00133451035440617,0.000370501056786888,79095,51.7049118149061,53.6165370756685,0.06900074019065,0.0198649836477885
"8473534",2012,0.000368842778252339,-0.000731599727276382,72043,53.1182765848174,52.1188734505781,0.0195922927115202,-0.0381301536023952
"8459457",2012,0.00219183010543459,-0.000534149443313548,55085,61.6283924843424,49.3419261141872,0.13507896599672,-0.0263559623659113
"8470655",2012,0.000211751738508687,-0.000566640680327273,79927,57.8778135048232,50.1757854041813,0.0122557276307279,-0.0284316411773805
"8471743",2012,-0.00124319215533962,0.000853826644796835,59289,56.7120376461064,52.8867074836816,-0.0705039603149646,0.0451560800051436
"8468434",2012,2.75223175359651e-05,-0.0014167539584273,27810,57.8640776699029,49.57928802589,0.00159255351955682,-0.0702416525666869
"8470687",2012,-4.9036861220406e-05,1.06708626504302e-05,279,25.8064516129032,51.6129032258065,-0.00126546738633306,0.000550754201312524
"8459687",2012,-0.00172117703411909,0.000362972081833632,41669,47.7765245146272,45.0982744966282,-0.0822318567646038,0.0163694145811457
"8471817",2012,-0.000618850192313298,0.00125760247314734,23890,49.1251569694433,41.2892423608204,-0.0304011128379609,0.0519254533073477
"8468482",2012,0.0005962830647368,0.000899519939634189,77989,52.8536075600405,59.5468591724474,0.0315157110982971,0.0535635871682054
"8468513",2012,0.00124668581475313,0.00108074759310789,77531,46.2008744889141,62.4524383794869,0.0575979748545192,0.0674953224623494
"8469459",2012,0.000844652108828966,0.000814954485857055,49193,47.4945622344643,56.7885674791129,0.0401163821492488,0.0462800978124991
"8471682",2012,0.00114017993035951,0.000537928771505244,56707,51.7396441356446,55.1677923360432,0.0589925038474053,0.0296763427579841
"8473404",2012,-0.000811455301070907,0.0012856476230648,119873,48.2911080893946,58.8923277134968,-0.0391860756537274,0.0757147811416106
"8474618",2012,-0.000593670673103845,0.000623325346486072,61267,48.6526188649681,63.5186968514861,-0.0288836329898305,0.0395928137232964
"8464989",2012,0.00102119687606293,0.00067281194513707,60016,50.2066115702479,55.6651559584111,0.0512708348932422,0.0374521818567369
"8470153",2012,0.00100208362168109,-0.000580264607808903,28114,53.1407839510564,53.0127338692466,0.0532515092406472,-0.0307614132275162
"8470886",2012,-0.00028604727025771,0.00274399634451922,46324,48.1823676711856,58.3628356791296,-0.0137824347468959,0.160147407759307
"8471670",2012,0.00103295663580496,-0.0011044487714472,11307,50.6235075616875,64.950915362165,0.0522918880635678,-0.0717349586761142
"8474716",2012,-0.000496820618422257,0.00124826334952816,67114,47.6860267604375,58.145841404178,-0.0236914013052208,0.0725813227523125
"8474195",2012,0.000171903195469825,-0.00022161493841335,5820,40.2061855670103,49.4845360824742,0.00691157177662183,-0.0109665124163307
"8469534",2012,0.00209015418423648,-8.22868502592515e-05,45250,50.7580110497238,56.2475138121547,0.106092069179102,-0.00462843074651595
"8470803",2012,0.000239358725745587,0.000908165079037662,69400,49.0720461095101,61.7291066282421,0.011745822426501,0.0560602189999617
"8473504",2012,0.000534865057522062,0.00170470403092258,53689,47.4734116858202,59.8111344968243,0.0253918690721047,0.101960282070789
"8473932",2012,-0.000861404304737431,3.19994824488469e-05,55910,44.1709890896083,62.4575210159184,-0.0380490801462987,0.00199860834754737
"8468636",2012,0.000478283027155616,0.000726398962016277,56226,52.3103190694696,54.871411802369,0.0250191377560221,0.0398585365776085
"8469623",2012,0.000789668847668434,-1.83964873383503e-05,89134,50.6877285884174,48.506742657123,0.0400265202253459,-0.000892353677116378
"8475757",2012,0.000116636002935585,-0.000453611284305539,5360,40.9701492537313,59.7761194029851,0.00477859444862956,-0.0271151222931893
"8471280",2012,0.00202486389328259,0.0002067162019634,60206,49.8089891372953,63.6813606617281,0.100856423665014,0.0131639690118539
"8468166",2012,-0.000606693668569378,0.000451344413390756,90419,47.618310310886,52.913657527732,-0.0288897273735865,0.0238822837172135
"8467453",2012,-0.000643154530762936,0.00110995533863528,25400,57.5433070866142,59.8110236220472,-0.0370092386678389,0.0663875649785321
"8471245",2012,-0.00143083796311002,2.12177986442458e-05,60973,52.3116789398586,50.6584881832942,-0.0748495361411728,0.00107486160189504
"8475323",2012,3.61379448437655e-05,0.00125793713783615,55915,57.3656442814987,48.8026468747206,0.00207307648897187,0.0613906619284145
"8470063",2012,-0.00106467465628568,0.000861935909902886,41336,53.299787110509,54.2577898200116,-0.0567469325219809,0.0467667374378313
"8473722",2012,-0.000942972246056615,0.00112310577731666,13376,48.7141148325359,47.0992822966507,-0.0459360582782962,0.0528974760548368
"8460577",2012,-0.00109880845508891,-0.00149508346561171,66942,58.9943533207852,55.6063457918795,-0.0648234942313814,-0.0831361281765265
"8470724",2012,-0.000645347710569406,0.000330291240134027,72838,59.2602762294407,50.8580685905709,-0.0382434835923801,0.016797974545601
"8470839",2012,0.000717054797018694,-0.000183197236442577,72076,62.2343082302015,54.6922692713247,0.0446254092556059,-0.01001947258528
"8471669",2012,0.00263105072831538,0.00143112842519359,70635,59.4775960925887,56.8273518793799,0.156488572517853,0.0813272386030591
"8473526",2012,-0.00123102668674379,-0.000874572746901567,23813,62.7388401293411,61.6805946331836,-0.0772331864945709,-0.0539441670788654
"8473575",2012,-6.70109019150756e-05,-0.000897928045646425,148534,57.829183890557,54.7995745081934,-0.00387518576951899,-0.0492060748403977
"8469467",2012,-0.000245784316403068,0.00144185008957216,34005,49.5456550507278,57.1680635200706,-0.0121775449573854,0.082427777507081
"8470699",2012,-0.00188407954313705,0.00135809958442044,81099,50.7823770946621,57.0413938519587,-0.0956780378359245,0.077467893285108
"8470877",2012,0.0013629147822021,0.000382953843873386,54335,55.0584337903745,58.3712156068832,0.075039953297797,0.0223534813882181
"8473446",2012,0.000370105405928817,0.000368935068816402,69106,61.5228778977223,54.906954533615,0.0227699496982456,0.0202571010493583
"8469152",2012,0.000214215161136822,-0.000702840457318036,38313,61.5456894526662,50.7399577167019,0.0131840197833797,-0.0356620950859046
"8470622",2012,-0.000456356621427588,-6.00652319289114e-05,5171,64.745697157223,41.0752272287759,-0.0295471276066441,-0.00246719305002916
"8469508",2012,0.000449260133682489,-2.78715840501223e-06,51840,46.5277777777778,51.7361111111111,0.0209030756643936,-0.00014419673692598
"8471657",2012,-0.000982612251695769,0.000882053432100501,31149,50.1589136087836,52.8171048829818,-0.0492867630437404,0.0465875086356462
"8475168",2012,0.00127984540084895,0.000547075207657134,45116,62.3193545527086,55.4570440641901,0.079759139308159,0.0303391738974676
"8471476",2012,-0.00147779784903853,-7.43410011536973e-06,71080,57.6871131119865,52.4198086662915,-0.0852498916741359,-0.000389694105653737
"8475158",2012,-0.00135550052010889,0.00158523829804663,72122,61.8951221541277,50.8138986716952,-0.0838988702721235,0.0805521382474319
"8476455",2012,-0.00140004885792777,-9.55972669997825e-05,69375,63.9308108108108,51.3210810810811,-0.089506258662072,-0.00490615509082559
"8470672",2012,-0.000649723692208417,-1.11327096809804e-05,69017,48.3533042583711,56.8033962646884,-0.0314162873732259,-0.00063237571950846
"8473700",2012,0.000672597670516996,0.000412717424389206,55183,62.0408459126905,53.1033108022398,0.0417285284377795,0.0219166616608399
"8474001",2012,-0.000931643986606589,0.000538095077289751,47689,54.8805804273522,54.9560695338548,-0.051129162736622,0.0295715904833605
"8462042",2012,0.00194764921768032,-7.79576036615703e-05,78393,50.1014121158777,61.9034862806628,0.0975799761121685,-0.00482584744873737
"8462147",2012,0.00287996226889245,0.00191962197295759,194313,50.9302002439363,56.0435997591515,0.146677055049674,0.107582525541308
"8467338",2012,0.00152272691870789,-0.000502816128459697,53409,48.7333595461439,58.5069932033927,0.0742075984199832,-0.0294182598103477
"8469664",2012,-0.000651099328684587,-0.000381227702495584,21612,59.6335369239312,52.3042754025541,-0.0388273558582591,-0.019939838742412
"8470151",2012,-0.000729592502984655,0.00138680650825874,93447,48.7720312048541,57.7097178079553,-0.0355837083223952,0.0800322122458475
"8471761",2012,0.00117345839666616,0.000429663411469774,70267,51.8991845389728,60.2501885664679,0.0609015338773841,0.0258873015611658
"8475264",2012,0.00012235951953762,0.00144189015709719,34371,43.885833987955,52.9981670594396,0.00536984956127394,0.0764175354271986
"8470966",2012,-0.00199584126205465,0.000572155807001961,61287,50.6926428116893,55.3331048998972,-0.101174468206168,0.0316591572879248
"8466158",2012,0.000700249607580672,-0.00145904780377833,76147,47.9388551091967,59.6162685332318,0.0335691644780817,-0.086982985672871
"8466140",2012,8.52797315168677e-05,0.000409043520874519,69698,50.4634279319349,60.2771959023214,0.00430350758545621,0.0246559964403287
"8470740",2012,-0.00017591721091374,-0.00244286457233944,44801,56.3290997968795,51.829200241066,-0.00990925812954875,-0.126611717081587
"8471185",2012,6.41843972884284e-07,0.00111360348125009,52956,49.8980285520054,58.6675730795377,3.20267488849126e-05,0.0653324136178674
"8467943",2012,0.000266485756083682,0.000106998996686495,50318,53.4440955522875,55.2327199014269,0.0142420902114599,0.00590984561371887
"8471504",2012,0.000230439953019471,0.000949343172656678,58655,47.7504049100673,57.6932912795158,0.0110036010641366,0.0547707321843014
"8469490",2012,-0.00102929747661672,0.00155833036048146,38519,51.7770450946286,53.3658713881461,-0.0532939818625714,0.083161657597697
"8470265",2012,-0.00145768602156155,-0.000211972968047944,22358,49.9150192324895,56.838715448609,-0.072760425801176,-0.0120482712136742
"8471283",2012,0.000997159146823618,-0.0026517694574263,61948,43.7011687221541,54.7426874152515,0.0435770201181781,-0.145164986505199
"8474613",2012,0.00223362946949858,0.0012539532818619,83716,49.7539299536528,54.0111806584165,0.111131844167847,0.0677274972438573
"8470299",2012,-0.00114137348743232,-0.000423548713013088,24778,43.2964726773751,61.0218742432803,-0.0494174460132937,-0.0258457363013879
"8475692",2012,0.00167312390310009,-0.000707244696329773,4473,46.6800804828974,34.6076458752515,0.0781015584545715,-0.0244760739977306
"8462129",2012,1.79345496408059e-05,0.000275412199894948,47282,49.9471257561017,61.748656994205,0.00089577920628838,0.0170063334633326
"8470613",2012,0.00114897803068455,0.0012745465196589,88154,63.7883703518842,55.9475463393607,0.0732914361474845,0.0713077504702874
"8471306",2012,-0.000877624820509227,0.00153426258554283,48757,62.612547941834,49.7651619254671,-0.0549503261490775,0.0763528260057248
"8471338",2012,0.000138415666709288,0.000433294317052472,53459,56.8360799865317,57.172786621523,0.00786700390447821,0.0247726435331595
"8471709",2012,-0.000243513158017297,0.000694301352812221,96710,61.9046634267397,56.1348361079516,-0.0150746000870432,0.0389744926496431
"8473465",2012,0.00191671372797404,-0.000614342565970216,54885,55.9497130363487,57.720688712763,0.107239583052978,-0.035460276013367
"8466138",2012,0.00212475808308992,-0.00118216451797582,79136,64.0062676910635,50.3588758592802,0.135997834645004,-0.0595324762059902
"8466139",2012,0.000446349025165647,0.000243487355074797,78684,60.6222357785573,52.1579990849474,0.027058675843121,0.0126998132431875
"8467096",2012,8.15706439090606e-05,0.000134781663511684,97766,60.1681566188655,55.7126199292187,0.00490795527822206,0.00750903959265432
"8468114",2012,-0.000833602118621694,0.00118063730136582,59248,54.6246286794491,62.5843910342965,-0.0455352061961121,0.0738894665383552
"8470794",2012,0.000856361426528404,0.00115802364719943,79878,62.1047096822655,51.2882145271539,0.0531840777776373,0.0593929652450818
"8458537",2012,0.000914439857525124,-1.7831476052012e-05,84966,58.2162276675376,53.2589506390792,0.0532352389339532,-0.00094968570287603
"8459053",2012,-0.000544352911535115,-1.89841310779293e-05,72365,57.8566986803013,56.3145166862434,-0.0314944623784318,-0.00106908216636188
"8462036",2012,-0.000411388939113586,0.000102841231845419,65168,56.1809477043948,55.0761109747115,-0.0231122204745068,0.00566409509789434
"8462038",2012,0.00118164864567654,-6.4761906149986e-05,84656,56.0480060480061,55.3250803250803,0.0662290504394967,-0.00358295765975329
"8469608",2012,-3.39888197076341e-05,-0.00035004320396019,233487,55.0745865936862,59.6692749489265,-0.00187192019420528,-0.0208868241811038
"8475171",2012,-0.000945912761688346,0.00069958427421376,103093,54.3004859689795,54.195726188975,-0.0513635226439366,0.0379144777714017
"8465005",2012,-0.000804183596507192,0.000535942199092808,43186,54.4343074144399,51.9334969666096,-0.0437751771099224,0.0278333525708644
"8469622",2012,-0.00061486494410343,-0.000525889173454425,68747,62.7867397850088,57.9690750141824,-0.038605365248346,-0.030485308945126
"8469685",2012,-0.000171499219396658,0.000410231655702226,16396,54.0131739448646,49.8414247377409,-0.00926321716868017,0.0204465301927214
"8474053",2012,-0.000154557843261407,-0.000179544814042189,69924,63.3258966878325,53.5438476059722,-0.00978751401466604,-0.00961352016151759
"8474218",2012,0.000634056587010138,-0.00120193971627079,49535,58.2860603613607,57.5593015039871,0.0369566605029912,-0.069182810518447
"8474739",2012,-0.000798268827778491,0.000632322858484014,26984,65.6388971242218,53.898606581678,-0.0523974854640255,0.034081320982032
"8468515",2012,-0.00130543150010938,0.000211285173220084,29755,54.3236430851958,54.2026550159637,-0.0709157948841138,0.0114522173540363
"8471956",2012,-0.00147209080886161,0.000419054627330571,41427,59.6132956767326,56.9194003910493,-0.0877561846516678,0.0238523381187507
"8464966",2012,-0.000704169364471318,-0.000397492194098556,71082,53.0767282856419,61.2306913142568,-0.0373750060251173,-0.0243387218366753
"8471231",2012,0.000185156957943166,0.000597138653790746,38125,55.4281967213115,59.3940983606557,0.0102629162891934,0.0354665119381971
"8471735",2012,-0.000924568815254506,-0.000547803978459926,103347,58.0336149089959,55.9784028563964,-0.0536560705813466,-0.0306651917925664
"8468484",2012,0.000820554478060921,-0.00093576387703789,74692,54.849247576715,66.2721576607937,0.0450067957173456,-0.0620150911923306
"8470159",2012,7.18424076896743e-05,0.00319734835718152,69300,48.3636363636364,60.4675324675325,0.00347456008099152,0.193335765597885
"8470713",2012,1.71048602896733e-05,0.000910950831694914,11652,51.9052523171988,44.1812564366632,0.000887832089185928,0.0402469522963047
"8468485",2012,-0.0021378645509697,-0.000141203447825906,51199,57.4464345006738,54.352624074689,-0.122812695898594,-0.00767477791773141
"8471232",2012,0.00214460794468687,-0.00106832758082926,73668,52.1420426779606,66.2159960905685,0.111824238979356,-0.0707403749156366
"8474571",2012,0.000308738344370107,-0.000674642977941462,70623,51.637568497515,58.8760035682426,0.0159424974052208,-0.0397202823765714
"8471691",2012,-0.00121784395349267,-0.000956890931739588,61577,60.4511424720269,54.3124868051383,-0.0736200583412817,-0.0519711261040629
"8467881",2012,-0.000646195704116553,0.00011763770306845,62121,54.5902351861689,65.2532959868644,-0.0352759754640147,0.00767624785754042
"8468085",2012,-0.00146072742153979,0.000459427087046228,77256,56.5703634669152,54.287045666356,-0.0826338811625955,0.0249409392548395
"8473541",2012,9.03597034050651e-05,-0.000918511250219393,40855,60.7122751193244,45.8205849957166,0.00548594317282887,-0.0420867228101996
"8473908",2012,-0.00118049025997154,-0.000253669759146996,7716,48.0559875583204,53.6547433903577,-0.0567296252459107,-0.0136105858329259
"8470614",2012,-0.0012706303754629,-0.00170842696875873,67972,53.8103925145648,56.7763196610369,-0.0683731192445874,-0.0969981956957821
"8470834",2012,0.000379946877844046,-0.000102465722577158,74229,61.9326678252435,53.8819059936144,0.0235311237767537,-0.00552104843147022
"8471217",2012,0.000330112723599592,-0.000657441712768989,72012,63.7893684385936,52.4912514580903,0.021057682151962,-0.0345099382639946
"8471218",2012,0.00297553345087826,-0.00162073595561498,72289,65.7361424283086,57.3199241931691,0.19560009072713,-0.0929004621129941
"8471715",2012,0.000462951129212843,-0.0016067602645338,185140,55.7869720211732,56.3119801231501,0.0258266416925674,-0.0904798520790948
"8473412",2012,0.000416908645866327,-0.00137323243412893,66733,61.6606476555827,52.5437189995954,0.0257068571173297,-0.0721547391400008
"8471296",2012,-0.000313012336839801,-0.000794920835913239,58331,56.5325470161664,60.7910030686942,-0.0176953846490362,-0.0483240349753706
"8469665",2012,9.89412799970886e-05,0.000501910349832739,84715,54.6491176296996,54.1391725196246,0.00540705364899394,0.0271730110189798
"8470289",2012,-0.000202104927034572,0.00050435263160398,56489,46.0762272300802,65.4499106020641,-0.00931223254236371,0.0330098346503963
"8474050",2012,-0.000404105685977197,-0.000325620472247489,2367,68.4410646387833,60.8365019011407,-0.0276574233748652,-0.0198096104789347
"8469501",2012,-0.00121386532897489,0.00171907542793745,39615,45.7099583491102,62.0673987126089,-0.055485733628871,0.106698540002842
"8470854",2012,-0.000791974835002071,-0.000389299486092249,52399,45.344376801084,61.6958338899597,-0.0359116053353103,-0.0240181564273941
"8467353",2012,-0.000102401397598671,-0.0018135910436837,50590,55.7185214469263,54.7222771298676,-0.00570565446829679,-0.099243831692705
"8475788",2012,-4.52484758055514e-05,0.000565438366197483,58736,57.5524380277853,50.7491146826478,-0.00260416009965074,0.028695496492125
"8468493",2012,0.00105305014689654,0.000689930881541564,57013,54.303404486696,57.3974356725659,0.0571842080716972,0.0396002633917986
"8470828",2012,-0.000591656706017018,0.000140590498164955,67210,62.8299360214254,51.9029906263949,-0.0371737529856965,0.00729706730841585
"8468635",2012,-0.0013995416984975,5.02902953644738e-05,36745,47.614641447816,59.077425500068,-0.0666386761652261,0.00297102117777112
"8469581",2012,-0.000486240157132668,-0.000386175011343104,57448,60.8480712992619,48.7536554797382,-0.0295867757497729,-0.0188274434579057
"8474567",2012,-0.000110859932048504,-0.000786806169286357,66270,57.8542326844726,58.8863739248529,-0.00641371630411899,-0.0463321622909775
"8475169",2012,0.00146260195507613,-0.000442664501044615,62996,60.2895421931551,54.8606260714966,0.0881796022823533,-0.0242848516669343
"8476460",2012,-0.000361201943278998,0.000387711946110849,3740,50.0534759358289,44.2780748663102,-0.01807941277589,0.017167138576459
"8475372",2012,-0.000247354332288615,0.00037804163720465,3943,54.7806238904388,57.5196550849607,-0.0135502246447732,0.0217448245797653
"8460496",2012,0.000705460964727189,-0.00179984726477737,68010,49.6515218350243,57.2209969122188,0.0350272104939093,-0.102989054780291
"8465050",2012,-0.000787904170719721,-0.00184373404805891,50256,49.5702005730659,58.4527220630372,-0.0390565677749317,-0.107771273869346
"8471216",2012,-0.00175328246275721,0.00115304980654739,21373,48.509802086745,65.0166097412623,-0.085051385270513,0.0749673892845295
"8471227",2012,0.00100530810302042,-0.00132539639945938,125152,50.6839682945538,58.3066990539504,0.0509530040197451,-0.0772794889904673
"8473507",2012,0.000688862275202323,-0.0019489968507393,74012,53.7480408582392,55.6450305355888,0.0370249977132741,-0.108451989273155
"8474586",2012,0.00337454549470951,-0.00202186518159033,64929,52.8392551864344,56.9421984013307,0.178308470533188,-0.115129448310859
"8467423",2012,-0.00119513431244091,-0.000542185357001572,68115,48.7293547676723,54.9130147544594,-0.0582381239059514,-0.0297730325086791
"8474059",2012,-0.00106443177781778,-0.000171012279216063,9521,51.8012813780065,60.4978468648251,-0.0551389300304304,-0.0103458746800181
"8475175",2012,0.00030002542924588,1.74215387724777e-05,27879,51.6517809103626,49.714839126224,0.0154968477389457,0.000866108997405002
"8462161",2012,-0.00154583274841161,-0.000868672253714236,39036,60.405779280664,49.8001844451276,-0.0933772318053742,-0.0432600384573336
"8460541",2012,-0.0021081610370887,9.53389849249873e-05,32046,54.596517506085,53.1361168320539,-0.115098250967059,0.00506594344162356
"8467304",2012,0.000633268244171792,5.96102034824917e-05,44551,55.6755179457251,56.5643868824493,0.0352575374928444,0.00337181461192519
"8469466",2012,0.00127320047201007,-0.000901967117736503,58670,56.3286176921766,55.3468552923129,0.0717176226333539,-0.0499210435437868
"8470104",2012,-0.00174888389842102,0.000636972328373268,69484,48.7536699096195,53.3648034079788,-0.0852645082938671,0.033991903079962
"8475791",2012,0.00221894166185755,-0.000538767090215259,52721,58.2462396388536,53.2615086967243,0.129245007781191,-0.0286955480610089
"8476454",2012,0.00285353146187736,-0.00169611923340456,52232,53.8290703017307,57.0684637769949,0.153602945669597,-0.0967949190330128
"8471222",2012,0.00035601670035941,-0.00116001668478576,77158,50.2034785764276,55.4757769771119,0.0178732767893441,-0.0643528268949035
"8471323",2012,-0.00028276126753945,-0.000699465073790592,55809,51.2175455571682,59.603289791969,-0.0144823381020044,-0.0416904194925017
"8473525",2012,-0.00032889823471389,-0.00308542339996315,44174,48.2455743197356,58.0250826277901,-0.0158678842265188,-0.179031947724579
"8475165",2012,-2.92258673959892e-05,0.000860688885341444,28244,44.8661662654015,59.2692253221923,-0.00131125262583903,0.0510123634776086
"8471695",2012,-0.00033545299642625,0.00018130770451537,62098,62.4367934555058,51.7118103642629,-0.0209446094518963,0.00937574963347865
"8460704",2012,0.000122094378542099,-0.000354031817329383,74802,48.7527071468677,48.6083259805888,0.00595243148134175,-0.0172088939842469
"8474121",2012,-0.00292470043467817,0.00206503080296293,39700,39.6272040302267,60.4836272040302,-0.115897700852285,0.124900553251249
"8475431",2012,-0.00110348885346709,-0.00129617148795908,21338,49.0955103571094,50.6139282032055,-0.0541763484343483,-0.0656043306306032
"8473953",2012,-0.000311307680934282,0.000263698215800585,37714,52.5003977302858,57.7504375033144,-0.0163437770655427,0.0152286873313272
"8464981",2012,0.00130436908979803,-9.05453388938824e-05,52873,52.9041287613716,50.316796852836,0.069006510279028,-0.00455595142309468
"8470162",2012,0.00127496685859037,-0.000579523074270786,40767,53.3372580763853,52.9840312017073,0.0680032363754726,-0.0307054686492726
"8467478",2012,0.00104114274981278,0.000413288784922499,21723,56.677254522856,52.8656262947107,0.059009112625765,0.0218487704555079
"8466398",2012,-9.43921299650168e-05,0.00120370591541168,50556,52.6228340849751,57.1089484927605,-0.00496718139407648,0.0687423791236767
"8460712",2012,0.00030345955950645,0.000205619604738283,124034,51.3149620265411,58.948352870987,0.0155720157726644,0.0121209370173052
"8471668",2012,-6.46066367866069e-05,-3.5471029981884e-05,2322,57.3643410852713,54.2635658914729,-0.00370611714899915,-0.00192478457266037
"8475149",2012,0.00121135853628096,-0.000634043655236781,75761,52.4121909689682,63.2937791211837,0.0634899549354477,-0.0401310190677448
"8470774",2012,-0.00122153445967922,0.000360119142497863,36656,53.1318201658664,52.0515058926233,-0.0649023492380854,0.018744743667774
"8471239",2012,-0.0014846143937402,-0.000981571968326785,91629,59.3261958550241,52.2541989981338,-0.0880765242922191,-0.0512912569639377
"8470649",2012,0.000287048216953004,-0.000240930975731147,12287,53.3246520712949,66.2163261984211,0.0153067462967045,-0.0159535640803175
"8473673",2012,-0.000436607835630111,-0.00170675287356715,45573,56.4018168652492,64.8541899809098,-0.0246254751871423,-0.110690075112787
"8471229",2012,-0.00205694404630314,0.00111352417902503,24003,46.1942257217848,54.8931383577053,-0.0950189375720086,0.0611248368238713
"8475182",2012,-7.47998180057899e-06,-0.000517472518418624,21628,63.4177917514333,52.7649343443684,-0.00047436392813363,-0.0273044034593737
"8471299",2012,-0.000366779712612235,-4.50949498156693e-05,6756,54.3516873889876,46.3587921847247,-0.0199350962805229,-0.0020905474070852
"8471719",2012,2.90535141117772e-05,0.000322946857986183,7855,43.5391470401018,60.0381922342457,0.00126496522294434,0.0193891455412201
"8469626",2012,0.000913474097974686,4.26985470987706e-05,33009,48.3140961555939,55.8393165500318,0.0441336754051934,0.00238425768767469
"8473571",2012,0.000631874729390859,-0.000142290119626066,70728,59.1957923311843,62.0461486257211,0.0374043252603446,-0.0088285539102905
"8471208",2012,-0.000750496058395613,-0.000142787524800333,61307,59.4255142153425,51.7330810511035,-0.044598614186747,-0.00738683859358205
"8470123",2012,-0.00145029019322281,0.00110441823943524,12896,34.894540942928,46.6191066997519,-0.0506072105265402,0.0514869917453836
"8472355",2012,-0.00226682666366,0.00149402935017846,22654,47.1969630087402,60.0688620111239,-0.106987334191987,0.089744642876439
"8474189",2012,-0.00100933590358356,-0.000617064064283565,57379,51.2591714738842,57.0313180780425,-0.0517377221565374,-0.0351919769246857
"8474030",2012,-0.00041445189656711,-0.00064625096065262,16645,63.5866626614599,50.6097927305497,-0.0263536129364151,-0.0327066271705477
"8462044",2012,-0.000600768632532859,0.00132909447649658,87374,56.0349760798407,53.4804404056126,-0.0336640559534973,0.0710805579437045
"8470152",2012,-0.000196748435650689,0.000817543305502406,11076,50.3791982665222,58.1798483206934,-0.00991202844827413,0.0475645455097283
"8473682",2012,0.000238832935787547,-0.000327375824248729,8940,56.7785234899329,48.7248322147651,0.0135605814547828,-0.0159513321076897
"8467391",2012,0.000458859200780985,0.000293442640566725,47345,54.4429189988383,52.3138663005597,0.0249816342999909,0.0153511190654909
"8471697",2012,-0.000456546092890046,-6.39181833571341e-05,4772,46.0184409052808,61.1064543168483,-0.0210095393961974,-0.00390581355132865
"8475218",2012,-0.000317498916536443,0.00015228573042441,1253,63.2083000798085,51.7158818834796,-0.0200685667914495,0.0078755908471682
"8467977",2012,-0.00131448719282352,0.000735657039888401,9390,44.8562300319489,50.6070287539936,-0.0589629398953426,0.0372294169707101
"8459140",2012,0.000295954240463011,-0.000785212742933436,104054,51.3771695465816,55.8748342206931,0.0152052911902979,-0.0438736318393814
"8468660",2012,-0.001319225484715,0.000435333791674069,10851,38.1531656068565,50.0967652750899,-0.0503326283911171,0.0218088147778107
"8471402",2012,-0.000504535795146762,0.000608902727349208,29194,40.6932931424265,62.0264437898198,-0.0205312230127544,0.0377680707913936
"8471521",2012,-0.00161321521024147,-0.000410690979250155,23685,36.6307789740342,58.214059531349,-0.0590933298039056,-0.0239079891150565
"8469548",2012,-7.63536701400487e-05,-5.40451947184966e-05,84297,57.6105911242393,49.9234848215239,-0.00439878007127338,-0.00269812445820517
"8470666",2012,-0.00168126431188133,0.000112250017647279,17930,57.2225320691578,47.585052983826,-0.0962062010033602,0.00534142303718119
"8467428",2012,-0.000101556006535373,0.001494866312592,21534,44.3020339927556,53.6639732516021,-0.00449913765369863,0.0802204658136581
"8471269",2012,-0.00129676149287867,0.000220973444053765,76402,49.0039527761053,60.9251066726002,-0.0635464389588982,0.0134628306507875
"8465042",2012,0.00169439405763271,0.000529542032827342,67631,48.6522452721385,58.0207301385459,0.0824360752796004,0.0307244153836922
"8471742",2012,-0.000553087398610849,0.000179778643411533,46393,60.4487745996163,57.4224559739616,-0.0334334554925154,0.0103233312363573
"8470667",2012,0.000322169398594853,0.000663044380899765,57306,60.8103863469794,57.2924301120302,0.019591245597727,0.0379874238538741
"8471331",2012,-0.000796500231298736,0.000133847610215998,16823,47.9343755572728,54.5681507460025,-0.0381797412185283,0.00730381657125876
"8460705",2012,-0.000460430921111749,0.000820146190468703,115188,54.0993853526409,58.6936139181165,-0.0249090298294959,0.0481373438597841
"8469480",2012,-0.000858540119777302,0.000900132437182119,15927,49.9529101525711,48.8227538142776,-0.0428865774656132,0.0439469443807883
"8467579",2012,-5.21085606232676e-05,0.000151044881718431,517,6.96324951644101,62.6692456479691,-0.000362844909562405,0.00946586879628078
"8474518",2012,-0.000689109286409713,-0.000259682431434844,6253,59.2995362226131,45.4821685590916,-0.0408638610907919,-0.0118109201183543
"8473523",2012,-0.00047092054903723,0.000751493216374516,65526,50.9294020694076,58.7858254738577,-0.0239837019846632,0.0441771490625803
"8470294",2012,-6.17113953922208e-05,-6.59309253729094e-06,418,43.0622009569378,60.2870813397129,-0.00265742850971286,-0.000397478306075913
"8462152",2012,0.000279991390941397,0.000827399014148528,46434,58.3796356118362,53.5728130249386,0.0163457953776099,0.0443260926819977
"8470905",2012,0.000265705238155038,0.00062973173186961,29534,52.0484864901469,54.7301415317939,0.0138295554984738,0.0344653068122854
"8472379",2012,0.00127158912624701,0.000917524247796032,31877,49.1263293283559,55.5635724817266,0.062468506186367,0.0509809250461566
"8470216",2012,1.576091644622e-05,-6.98317253663395e-05,85471,46.8790583940752,60.3994337260591,0.000738856922426486,-0.00421779666824058
"8471385",2012,-0.000456137761288408,-0.000897376206407031,31639,57.0055943613894,58.3709978191473,-0.0260024041929193,-0.0523807445871394
"8468086",2012,9.31428589289484e-05,7.50900811251739e-07,5092,60.8012568735271,53.7313432835821,0.00566320289167369,4.03469092612875e-05
"8473537",2012,0.00159189292172304,-0.0012272094356279,64575,68.5156794425087,52.2369337979094,0.109069625131574,-0.0641056580450646
"8470714",2012,-0.00110787583442448,-0.000151625742404643,59442,51.7210053497527,55.3547996366206,-0.0573004519591302,-0.00839321259056285
"8470880",2012,-0.000612210239315843,0.000621004683765193,122324,54.7398711618325,51.0611163794513,-0.0335123096241039,0.0317091924299189
"8470871",2012,-8.08257652968983e-05,0.000318334954606719,27561,52.3783607271144,49.2434962446936,-0.00423352109076602,0.0156759261417307
"8474634",2012,0.000129687077286177,0.000193746577041886,13711,45.1608197797389,49.6243891765736,0.00585677472508211,0.00961455554075552
"8468213",2012,-0.00122828229279811,0.000216979841704677,14255,59.0950543668888,55.0543668888109,-0.0725854088707914,0.0119456878126854
"8473492",2012,-0.000720996786111404,0.000681625122351106,40372,50.5597939165758,58.674328742693,-0.0364534489203061,0.0399938965081071
"8474550",2012,0.00023879235359522,0.000246134805114517,201173,58.8746998851735,56.9062448738151,0.0140588281527928,0.0140066074918154
"8468540",2012,0.000728642828977546,0.00114308317020487,19252,55.724080615001,51.9842094327862,0.0406029517414872,0.0594222749190232
"8471840",2012,4.45256284656951e-05,0.000361560663547288,6331,42.0786605591534,58.5689464539567,0.00187357880639096,0.0211762271431582
"8474593",2012,-0.000752930770129912,-0.000178097923124478,18561,51.9799579764021,55.2771941166963,-0.0391373097904929,-0.00984475346833221
"8474184",2012,0.000371698135494756,0.000150767260556518,33330,53.6813681368137,57.7857785778578,0.0199532644472612,0.00871220353530914
"8471760",2012,-0.000484082724318029,0.0003237767143188,6482,38.8768898488121,53.8722616476396,-0.0188196307510249,0.0174425838691955
"8470180",2012,-6.99796659199464e-05,-0.000262254855109101,51772,53.0557057869118,59.6615931391486,-0.00371282056611506,-0.0156465424642855
"8475683",2012,0.000938207295799591,-0.000990550044916699,70247,53.4513929420473,56.1675231682492,0.0501484868288796,-0.055636742597169
"8467408",2012,0.000533536879644277,-0.000964705765983832,2566,51.9095869056898,70.1480904130943,0.0276956790212852,-0.0676722672942672
"8476158",2012,-0.000684359991667532,0.0005910757569825,15744,52.8201219512195,54.4207317073171,-0.0361479782184146,0.032166775189444
"8473565",2012,0.000447308909762658,0.000466882944976507,7881,51.1610201751047,54.3585839360487,0.0228847801568714,0.0253790957528151
"8470309",2012,0.00122243211760619,-0.000206851517668543,49693,49.914474875737,64.1136578592558,0.0610170572215483,-0.0132620074314688
"8459461",2012,-0.00108342170680784,0.00010598673348046,28290,50.5196182396607,54.5917285259809,-0.0547340510204938,0.00578599898152077
"8471428",2012,-0.000265950314984416,0.000234551583250589,865,49.9421965317919,58.2658959537572,-0.0132821428986437,0.0136663581454678
"8470280",2012,-0.000515718980992906,0.000355693348723939,30898,46.9544954365978,60.7029581202667,-0.0242153245395983,0.0215916384512467
"8470616",2012,0.000497322319810741,-0.000105557708703254,69213,61.94789996099,48.2683888864809,0.0308080733160032,-0.00509510053365451
"8470232",2012,-0.000319040785332589,2.17777412402634e-06,2328,38.659793814433,69.5876288659794,-0.0123340509793527,0.000151546137496678
"8474594",2012,-0.000555767232113459,0.000196366332130878,68075,62.0844656628718,52.1424899008447,-0.0345045116386974,0.0102390294900002
"8470061",2012,-0.000239096974752991,0.000257576584687819,1078,76.808905380334,56.7717996289425,-0.0183647769105266,0.0146230862550042
"8475361",2012,0.000635227082311473,-0.000923969215619247,111346,55.998419341512,57.0330321699926,0.035571712532363,-0.0526967659984954
"8474000",2012,0.000720922578503826,9.61741504164945e-05,17776,55.2880288028803,64.8064806480648,0.0398583882849663,0.00623270821781062
"8475172",2012,-0.00123733494928289,4.48494399740583e-05,15203,57.7780701177399,55.6469117937249,-0.0714908254587971,0.00249573283023438
"8475170",2012,0.000461060487649828,-0.000748858324834085,44797,57.7806549545729,59.2271803915441,0.0266403769500818,-0.0443527670926579
"8474138",2012,-0.000689465987603801,0.000325164975639025,16076,55.3122667330182,49.2659865638218,-0.0381359266096853,0.0160195733208576
"8468498",2012,0.000312211411371425,0.0011895329323324,84472,57.6190927171134,52.5475897338763,0.0179893382591509,0.062507088503138
"8474498",2012,-0.000926336345838675,0.000189082726127477,17433,55.5498193082086,53.4847702632937,-0.0514578166299646,0.0101130461676854
"8471842",2012,-0.000280397444240262,0.000493981891996039,16209,45.752359800111,53.7479178234314,-0.0128288447559121,0.0265504981372663
"8471996",2012,-6.68052542227217e-05,0.000200670459471534,2120,33.9622641509434,57.7358490566038,-0.002268857690583,0.0115858793581678
"8474765",2012,-0.00102574501362221,-0.00154768977912112,36927,56.7389714842798,49.8172069217646,-0.0581997170780526,-0.0771015819771771
"8467899",2012,0.00161532987614668,1.48844501893086e-06,35659,61.1795058750946,60.4728119128411,0.0988250836479315,9.0010455672411e-05
"8473600",2012,-0.000340666118202387,0.000525816427019757,22961,61.4607377727451,61.147162580027,-0.0209375909588959,0.032152182550226
"8473992",2012,-0.000681732038536333,-0.00179043950039913,43947,46.6106901494983,62.2568093385214,-0.0317760008132028,-0.111467050608506
"8474027",2012,-0.000513765346531056,0.000244422288105485,58436,58.8952015880622,48.791840646177,-0.0302583136529071,0.0119258133316168
"8475186",2012,-0.00155113422560169,-0.000721650091898626,54391,47.7211303340626,59.568678641687,-0.0740218785455637,-0.0429877424160532
"8470896",2012,-0.000603389215164416,0.000157701298613611,2257,44.6610544971201,49.4461674789544,-0.0269479986214325,0.00779772482289719
"8474552",2012,-0.000553433751051694,0.000123547815974798,2550,64.9411764705882,36.7058823529412,-0.0359406388918276,0.00453493159813375
"8473493",2012,0.00013699761859373,4.56844511379868e-05,5459,48.1406851071625,58.0326067045246,0.00659515921715191,0.00265118778540286
"8474040",2012,0.00034599654082308,-0.000257464448513709,61541,53.4667944947271,55.9236931476577,0.0184993259440741,-0.0143983628151116
"8469516",2012,-0.000249356536946892,0.0002448590821661,652,66.2576687116564,71.7791411042945,-0.0165217828161131,0.0175757746094685
"8462047",2012,0.00157696847774792,-0.000681576789256255,56314,53.4431935220371,50.8221756579181,0.0842782315344345,-0.0346392153079412
"8476206",2012,-0.000598854302126316,0.000206597704361146,3231,59.0529247910864,76.8802228412256,-0.0353640980642838,0.0158832775497705
"8468520",2012,0.000484458735659724,-0.000206570524583959,37981,46.7286274716306,55.6383454885337,0.0226380917840204,-0.01149324221455
"8462535",2012,-0.00101247184225754,0.0011657562987687,9624,45.2618453865337,57.9800498753117,-0.0458263439824795,0.067590608345068
"8469514",2012,-0.000954352678743299,0.000521837475520402,46237,50.9202586673011,59.5626878906503,-0.0485958852614405,0.0310820426840666
"8471390",2012,0.000561729622984297,0.000223001841548672,38512,55.0581636892397,54.5907769007063,0.0309278015313643,0.0121738437804302
"8471663",2012,-0.00059827839767919,0.00157119878278787,20258,44.0714779346431,60.7759897324514,-0.026367013202092,0.0954911610903554
"8471234",2012,0.00134746591725036,-0.000677145697079715,22341,55.2705787565463,56.5596884651537,0.0744752211011477,-0.0382991496723481
"8471694",2012,-0.00026297676917994,0.000130012296149267,3205,29.204368174727,67.3946957878315,-0.00768007038853116,0.00876213914765728
"8470018",2012,-0.00121387376699322,0.00149041483740332,32408,52.7647494445816,52.0982473463342,-0.0640497451727478,0.0776480008476848
"8474576",2012,0.000412956765645089,-0.00049794530007692,7635,55.1669941060904,48.565815324165,0.0227815834564128,-0.0241831194850716
"8473484",2012,-0.00121522741754476,-0.00113926643983618,35125,57.0875444839858,64.2619217081851,-0.0693743492572454,-0.0732114507615153
"8470222",2012,-0.000510117542147845,-0.000591097318409367,51472,49.7280074603668,58.1908610506683,-0.025367128941592,-0.0343964619229821
"8474057",2012,0.00079323997153705,4.3132816411161e-05,18307,51.5212760146392,55.6508439394767,0.0408687355194049,0.00240037763476762
"8467370",2012,-0.000286921891968612,0.000195403459562991,72625,46.5955249569707,59.6819277108434,-0.0133692761779247,0.0116620551480872
"8465914",2012,0.00212401834707259,-0.000698003399548327,68360,50.5032182562902,59.2451726155647,0.107269762162572,-0.0413533318924916
"8474034",2012,-7.90418510995958e-05,0.000268845818639138,1345,45.5018587360595,61.5613382899628,-0.00359655114297046,0.016550508389086
"8470685",2012,0.000618925275359084,-0.000771087727976675,25905,60.034742327736,54.3370005790388,0.0371570194263056,-0.0418985943215583
"8467878",2012,-0.00116786922880013,0.000633884454620681,53512,53.8869786216176,58.8653012408432,-0.0629329441651976,0.037313799373134
"8475640",2012,-0.00020985159054119,9.42191389871434e-05,32176,55.0472401790154,58.851317752362,-0.0115517509064693,0.00554492048688634
"8469684",2012,-0.00189456919503056,-0.00197454084440655,59661,55.9360386181928,60.2805853069845,-0.105974695658068,-0.119026477813374
"8473913",2012,-0.000120695093919668,5.43680062316716e-05,1182,85.2791878172589,51.7766497461929,-0.010292779582997,0.00281499321605609
"8468481",2012,0.000983606517954109,-9.79228944166311e-05,16756,56.0754356648365,63.1654332776319,0.0551561640170495,-0.0061853420536263
"8475613",2012,-0.00125395603229046,-0.00163029597517009,47470,48.0808931957025,62.1108068253634,-0.0602913260606643,-0.101258998381957
"8475215",2012,-0.000276891619519646,-5.36409649822631e-05,14622,60.5662700041034,56.8732047599508,-0.0167702925897003,-0.0030507335849576
"8474046",2012,0.000824398732911485,0.000179470412977066,1784,50.4484304932735,56.5022421524664,0.0415896221760278,0.0101404807332333
"8470301",2012,0.00010844393592982,0.000248974153075615,2796,46.3519313304721,41.2017167381974,0.00502658587142513,0.0102581625301541
"8474143",2012,6.66229766872132e-05,4.64557823531354e-05,453,23.841059602649,23.841059602649,0.00158836235810574,0.00110755507596879
"8467365",2012,0.000217216352997563,0.000999856915609752,20854,50.2349669128225,56.1043444902657,0.0109118563057565,0.056096316834344
"8475236",2012,-0.000525626558698593,-0.000410769428412142,15600,52.1538461538462,52.8461538461538,-0.027413446676742,-0.0217075844091647
"8474009",2012,-0.000736339743486967,0.000681382121923494,33458,53.3684021758623,62.2990017335166,-0.0392972755684837,0.042449425994899
"8474679",2012,-0.000213719198358103,-0.000546252726827555,12725,59.9764243614931,39.3241650294695,-0.0128181133349237,-0.0214809323775645
"8473426",2012,-0.000560614600275708,-0.00143010822061508,47678,51.0424094970427,55.5728008725198,-0.0286151199972936,-0.0794751193703957
"8470156",2012,-0.000155768826241653,0.00135209885659627,45993,51.6600352227513,55.2605831322158,-0.00804702305025042,0.0747177712679123
"8471978",2012,0.000221677706146733,-3.50503783744823e-06,3300,50.1818181818182,46.9090909090909,0.0111241903448179,-0.000164418138556662
"8470780",2012,0.00109359196644609,-0.000399349518433226,24647,50.391528380736,59.7395220513653,0.0551077706141132,-0.0238569493626438
"8471748",2012,0.00104410962294561,-0.0004623499822475,2652,47.5113122171946,51.5837104072398,0.0496070182847463,-0.0238497275910475
"8475681",2012,-0.0010908351453397,-0.000960886847236452,32115,56.6090611863615,60.1961700140121,-0.0617511534867685,-0.0578417080204736
"8467915",2012,-0.000542726333124587,0.000615569607544984,20688,52.2041763341067,51.1600928074246,-0.0283325811955991,0.0314925982514313
"8474575",2012,0.000201842337654203,0.000195143438779727,17040,54.5070422535211,61.9014084507042,0.0110018288270671,0.0120796537103789
"8474137",2012,0.00152069619457695,0.000765467892409987,26178,59.8212239284896,57.8959431583773,0.0909699075829899,0.0443174855885314
"8474130",2012,0.000986672943735,0.000123576203426275,19270,51.1883757135444,63.7052413077322,0.050506185350296,0.00787245185916426
"8471710",2012,-4.4329824132748e-05,0.000276045688589096,3559,40.4608035965159,70.8064062939028,-0.00179362030770321,0.0195458031819197
"8474074",2012,0.000135761238703351,-0.000231511079986403,1426,50.4908835904628,32.8190743338008,0.00685470489946791,-0.00759797934317229
"8468224",2012,-0.000114833452988772,-2.08724731611318e-06,6190,49.4345718901454,49.4345718901454,-0.00567674258716706,-0.00010318217750091
"8474892",2012,0.00121400462675749,0.000687427930890972,19431,50.5789717461788,57.2487262621584,0.0614031057164976,0.0393543734405392
"8475180",2012,4.86952743875529e-05,-0.000159713594680018,1720,33.4883720930233,92.0930232558139,0.00163072546786224,-0.0147085077891366
"8474145",2012,0.000647650856249763,-0.00112934463925668,3456,64.5833333333333,52.0833333333333,0.0418274511327972,-0.0588200332946189
"8470678",2012,-0.000277068929878149,-0.00126675260666358,12012,61.1388611388611,42.2577422577423,-0.016939678829713,-0.0535301051567126
"8471810",2012,-0.00025613965346067,-5.63143722462485e-05,24176,53.0112508272667,66.1151555261416,-0.0135782834164128,-0.00372323347941775
"8470310",2012,0.000562486992445532,9.78554079325583e-05,34411,55.4473860102874,55.342768300834,0.0311884333958931,0.00541558916819517
"8471436",2012,0.000518788682813926,0.000285281491926155,29020,60.1654031702274,54.0868366643694,0.0312131302616511,0.0154299734571776
"8474013",2012,-0.000345790523932743,-0.000891713366085901,23131,58.9857766633522,48.4025766287666,-0.0203967226170003,-0.0431612245328682
"8468887",2012,-0.00204348855001199,-0.000299706255576193,30739,45.6748755652428,64.7646312502033,-0.0933360852407964,-0.0194103651257713
"8474045",2012,-0.000221679774917117,0.00074758432549912,9411,49.3465094038891,50.49410264584,-0.0109391230975995,0.0377485996681736
"8471766",2012,-0.00175574056457164,0.00151298750023843,25399,42.6630969723217,52.3012717036104,-0.0749053299645589,0.0791311703341365
"8474771",2012,0.000324392120117066,2.86117718506077e-05,836,77.511961722488,34.4497607655502,0.0251442695975908,0.00098566869533194
"8470662",2012,-0.000381429202806479,0.000981069344826929,41148,52.49343832021,49.3438320209974,-0.0200225303310488,0.0484097209520899
"8473592",2012,-0.00025228223349124,0.00024394767891474,1008,78.5714285714286,42.8571428571429,-0.0198221754885975,0.0104549005249174
"8474025",2012,4.71075021624776e-06,0.000672217190353268,12363,55.9087600097064,44.5522931327348,0.000263372203305869,0.0299488173134821
"8474673",2012,0.0016572414940227,-7.25104994157078e-05,45689,52.3189389130863,49.0096084396682,0.0867051164900054,-0.00355371118412863
"8474150",2012,-0.000391868438907535,-0.000367852822813678,31734,54.4526375496313,52.8644356211004,-0.0213382700709718,-0.0194463318696737
"8474038",2012,0.000133297595241432,0.000190872143372708,13034,38.1156974067823,51.3733312874022,0.00508073080527416,0.00980573785502268
"8474149",2012,0.000277920387078758,-0.000332923322845253,8248,61.5421920465567,51.9398642095053,0.0171038298352543,-0.0172919921807598
"8473459",2012,0.000523724913206902,0.000873031124303673,5561,47.257687466283,64.0891925912606,0.024750028266638,0.0559518598636629
"8468881",2012,0.000153620381939577,0.000448136483455513,4749,56.8540745420088,55.3379658875553,0.00873394464596458,0.0247989614344302
"8475799",2012,-0.000340248606942285,-0.0022045751813862,30964,50.9236532747707,57.4344399948327,-0.0173267020871526,-0.126618540969423
"8466339",2012,-0.00142359689572862,0.00048288837279257,83685,48.8259544721276,52.5685606739559,-0.069508477217508,0.0253847467238941
"8473647",2012,-0.000142166620737869,0.000135891797394336,11690,55.4319931565441,55.7399486740804,-0.00788057914783053,0.00757460181198884
"8469569",2012,-0.000158283128474211,0.00010864430365752,2042,54.6523016650343,28.20763956905,-0.00865053728585793,0.00306459935880174
"8474681",2012,0.00049524435466939,-0.00114314104049791,26611,59.3889744842358,51.1367479613694,0.0294120543429222,-0.058456515272239
"8470661",2012,0.000194177717559892,0.000184087733818054,2349,45.9770114942529,56.7049808429119,0.00892771115217896,0.0104386914195678
"8471450",2012,4.09216497607513e-05,0.00119321532784235,25475,45.7860647693817,60.4828263002944,0.00187364130641571,0.0721690354127379
"8471846",2012,-0.0001004100863173,-0.000350893847368367,1918,26.2773722627737,76.9551616266945,-0.00263851321709693,-0.0270030927380454
"8474090",2012,0.000692089596709804,-0.000334299391944496,10845,63.402489626556,41.49377593361,0.0438802034760407,-0.013871344064087
"8474727",2012,0.000490114170463978,3.79186175709799e-05,6937,55.0093700446879,56.0472826870405,0.0269608717671982,0.00212523547810249
"8470611",2012,-0.000676635564772933,0.00129618153339363,18827,54.3049875179264,53.3489137940192,-0.0367446858991792,0.0691498768864166
"8474577",2012,-0.0008852708626744,0.000113941674171632,7138,42.3648080694873,59.5124684785654,-0.0375043301867103,0.00678095029253424
"8475195",2012,-1.64707502112836e-05,-0.000468486435208033,10026,45.9605026929982,62.1184919210054,-0.0007570039594414,-0.0291016708405708
"8474153",2012,0.00117561236499923,0.000288413753947807,9672,57.3200992555831,46.5260545905707,0.067386217447847,0.0134187540608471
"8474631",2012,-0.000314951864087456,-0.00149591128388483,38887,59.3411679995885,57.3044976470286,-0.0186896114785973,-0.0857224446475417
"8474163",2012,0.000721437625226662,-0.000390788822590688,5090,55.8742632612967,65.0687622789784,0.0403097957985192,-0.0254281449984354
"8471675",2012,0.00336009843133962,7.83059274767606e-05,22998,70.2843725541351,51.1870597443256,0.236162409966839,0.00400825018808777
"8474666",2012,0.000452060632741702,0.000687510111431247,16425,52.1643835616438,54.7945205479452,0.0235814642394576,0.0376717869277396
"8475200",2012,0.000364797716291685,-0.00155863811931131,52448,54.8428920073215,55.4606467358145,0.0200065617591024,-0.086443078124099
"8462077",2012,2.81195144577882e-05,0.000467657276676638,17255,51.532889017676,56.331498116488,0.00144907981778413,0.026343835000272
"8474113",2012,-0.000540890819685964,-0.000353918335224363,8196,50.5124450951684,50.9516837481698,-0.0273217178318679,-0.0180327350890305
"8471636",2012,0.000250819272748525,0.000554499267658746,8836,33.0013580805795,41.5572657311,0.00827737663348458,0.0230434734137949
"8474230",2012,-0.000106014620093268,-0.000599314981785195,6157,44.4372259217151,52.6230306967679,-0.00471099562408935,-0.0315377706835152
"8470737",2012,-0.000243279044669776,-0.000144642773280854,1587,74.8582230623819,43.1001890359168,-0.0182114369922932,-0.00623413087108408
"8471873",2012,0.000982011488287993,0.000130811963334352,62073,51.3846599971002,53.9364941278817,0.0504603264389248,0.00705553869223998
"8470750",2012,9.03706059178522e-05,-0.000396757804550077,40847,55.2598722060372,47.415966900874,0.00499386813420266,-0.0188126549282099
"8474176",2012,-0.000139137278215779,-0.000425060725066896,65377,58.2590207565352,54.2392584548083,-0.00810600157958088,-0.0230549785258916
"8475178",2012,-0.00145693838002678,-0.00081085899811928,28502,54.05936425514,52.2910672935233,-0.0787611625831612,-0.0424006824362142
"8474095",2012,-0.00030353300779401,-0.000198757788524186,13376,47.9066985645933,58.6722488038277,-0.014541264308792,-0.0116615664199896
"8475206",2012,-0.00113293725802094,-0.000353929206081472,33024,58.4302325581395,49.8183139534884,-0.0661977874599444,-0.0176321563058757
"8473898",2012,8.45142013985994e-05,0.000407551725870434,5697,48.0252764612954,60.0315955766193,0.00405881788707334,0.0244659803840071
"8475188",2012,0.000903900113678502,0.00174421565333511,22182,51.2848255342169,52.4208817960508,0.0463563596303608,0.0914333225903015
"8474600",2012,0.000163959689338819,0.00154332211731713,54835,47.3347314671287,62.8941369563235,0.00776098786628683,0.0970659126142669
"8474048",2012,-0.000402395815280124,0.000478717923413683,25817,49.0839369407755,66.6537552775303,-0.0197511708224415,0.0319083473141831
"8471314",2012,0.000623645938845583,0.000480991440925816,16324,47.8559176672384,67.0423915706935,0.0298451487029018,0.0322468165247006
"8473511",2012,-0.000402609806343141,7.14678132448668e-05,4118,46.3331714424478,70.8110733365711,-0.0186541891817075,0.00506071256488663
"8475602",2012,0.000637092401419087,-0.000165290210577625,9162,59.3320235756385,68.3693516699411,0.0377999813808574,-0.0113007845345802
"8473712",2012,-0.0002757823980047,0.000284064819333609,2028,42.603550295858,58.5798816568047,-0.0117493092641055,0.0166404834994244
"8474029",2012,-0.00039629244515429,-0.000252202393038993,2726,62.0689655172414,42.2597212032282,-0.0245974621130249,-0.0106580028166148
"8470005",2012,-3.13302794057429e-05,0.000506139187998062,2692,48.1426448736999,50.8172362555721,-0.00150832251522447,0.0257205946947009
"8471689",2012,-0.000137164522460332,0.000358686916038459,4537,40.4672691205642,53.1628829623099,-0.00555067364419595,0.0190688305374644
"8475183",2012,-0.000157938747231252,0.000337298650221541,25941,47.6003238117266,57.4534520642998,-0.00751793551062603,0.0193789718318563
"8475155",2012,0.00138711740170517,0.000567247482083506,14032,66.1915621436716,46.9498289623717,0.0918154676955358,0.0266321722631566
"8474068",2012,-0.000603800222719019,0.00109708414161322,51923,67.0454326599002,55.5360822756774,-0.0404820471723407,0.0609277551519726
"8475159",2012,0.000479328355189311,9.71785985386051e-05,1979,70.944921677615,34.5629105608893,0.0340059126167657,0.00335877520972238
"8471483",2012,-0.000104382537667311,-0.000258872734050313,2329,35.5517389437527,52.5547445255474,-0.00371098072943466,-0.0136049904026442
"8472368",2012,-0.000243154405520582,-0.00026442208267344,4276,54.7240411599626,60.6173994387278,-0.0133063916959346,-0.0160285790058362
"8471701",2012,7.74662261934812e-05,0.000216679891169892,2287,48.7975513773502,56.6681241801487,0.00378016215268584,0.0122788429801565
"8474042",2012,-0.000562528058071724,-0.000699052787450049,5183,43.7584410573027,78.4873625313525,-0.0246153508722105,-0.0548668095571445
"8470798",2012,0.000761918893037027,-1.65225305422737e-06,25092,56.8149210903874,55.3802008608321,0.043288361785174,-9.1502106016035e-05
"8466181",2012,0.000401260078735899,-0.000568837890454933,1272,82.0754716981132,56.6037735849057,0.0329336102358709,-0.0321983711578264
"8474102",2012,0.00169512223856127,-0.00184508831306995,54242,53.6263412116072,53.2281258065706,0.0909032035604704,-0.0982105928523204
"8474535",2012,0.000371579392513107,-0.000306474333410347,2021,51.6575952498763,53.4388916378031,0.019194897861637,-0.0163776486928835
"8473921",2012,0.0010896283930919,-0.000163732848359046,3094,52.3594053005818,65.158371040724,0.0570522946609206,-0.0106685656849333
"8471664",2012,-0.001382464308513,-0.000312970552010498,43670,62.8165788871079,58.9420654911839,-0.086841678294318,-0.0184471307734147
"8473589",2012,0.00130416269250596,0.00030821575246432,14085,51.629392971246,53.9297124600639,0.0673331281498287,0.016621986906063
"8473734",2012,-0.000117529473750715,-7.61482272383664e-05,23806,47.6350499873981,55.3473914139293,-0.00559852235710793,-0.00421460573843869
"8474729",2012,-0.000404348388100459,4.4201773360549e-05,1771,77.244494635799,40.6549971767363,-0.0312336868956198,0.00179702297117986
"8471268",2012,-5.565526653277e-05,0.000189897977657508,302,11.9205298013245,119.205298013245,-0.000663440263304543,0.0226368450187758
"8475252",2012,0.000134867410426693,-0.000383662651925988,25820,49.3570875290472,66.2277304415182,0.00665666258124623,-0.0254091066922323
"8474035",2012,-0.000206605787157088,2.74066203061764e-05,601,35.9400998336106,53.910149750416,-0.00742543261662746,0.00147749500485876
"8465058",2012,0.000420607248786074,0.00160459487642982,68752,52.8857342331859,56.5510821503374,0.0222441231758518,0.0907415766749931
"8468510",2012,-0.000490040391735063,-8.83052759592632e-05,3145,45.7869634340223,88.1399046104928,-0.0224374614975673,-0.00778321859965271
"8473614",2012,0.000346256478518909,-0.000871451204911399,44477,55.4443869865324,57.7916676034805,0.0191979781915963,-0.0503626183668921
"8474089",2012,0.000887286723293383,6.39303012012821e-05,5211,42.1416234887737,42.832469775475,0.0373917030196175,0.00273829269394093
"8475060",2012,-0.000310608963435331,0.000642590116055831,25172,49.4835531542984,49.1975210551406,-0.0153700351523537,0.031613840764482
"8475248",2012,0.000358912437817618,-0.000659666215882983,3684,40.0651465798046,49.8371335504886,0.0143798794304778,-0.0328758732997057
"8469582",2012,-0.000134978378046549,0.000427230678021552,704,30.6818181818182,76.7045454545455,-0.00414138205370094,0.0327705349618804
"8467931",2012,-0.00334554362105684,0.00062192717272522,20251,60.796997679127,55.4639277072737,-0.20339900776481,0.0344945237472207
"8468789",2012,-0.000484305644040532,0.000461169549324978,3935,50.3176620076239,56.7217280813215,-0.0243691277052161,0.026158333776197
"8475151",2012,0.000430730644921795,-0.000932694855811347,11133,54.0016168148747,56.911883589329,0.0232601512374906,-0.0530814210583014
"8474587",2012,-5.54963458773302e-05,-4.71853607165423e-05,4001,47.6880779805049,45.888527868033,-0.00264651406983119,-0.00216526674020424
"8471261",2012,7.58274741829828e-05,7.04227525568278e-05,3411,43.2717678100264,51.7150395778364,0.0032811888564668,0.00364191543565653
"8471321",2012,0.000108459107918693,-8.75506436306567e-05,1287,72.7272727272727,47.5524475524476,0.0078879351213595,-0.00416324738942983
"8474690",2012,0.00161969259793237,-0.000528627809332872,14310,50.8176100628931,58.1132075471698,0.0823089068634816,-0.0307202575989669
"8475177",2012,-6.54263083901107e-05,0.000142266019085051,628,68.7898089171974,28.6624203821656,-0.00450066325231335,0.00407768844511293
"8471419",2012,-0.000109794735083984,0.000342801412485999,2933,50.3239004432322,46.6416638254347,-0.00552529931755745,0.0159888282400561
"8470189",2012,-0.000794277623723625,-0.000955938775597541,10496,47.6753048780488,51.1051829268293,-0.0378674278688359,-0.0488534259937615
"8471730",2012,-0.00014591228476142,-4.2109635967185e-05,752,43.0851063829787,47.8723404255319,-0.00628664631152926,-0.0020158868282163
"8471233",2012,0.000345835045516926,2.18022697596352e-05,34576,50.3933364183249,48.3109671448403,0.0174277817939811,0.00105328873804068
"8473414",2012,-0.000928473421150892,-0.000443163336452845,18724,46.7207861568041,61.1407818842128,-0.0433790081618671,-0.0270953528931434
"8473539",2012,-0.00028800492638772,6.88503660268395e-05,878,73.8041002277904,28.7015945330296,-0.0212559444532167,0.00197611528915302
"8475679",2012,-0.000731516427113362,0.000484209667612171,4084,57.2967678746327,56.4152791380999,-0.041913526920795,0.0273168235597072
"8473867",2012,-3.79656640861156e-05,0,211,34.1232227488152,17.0616113744076,-0.00129551081241721,0
"8475214",2012,0.00013900077422649,2.12555766672616e-05,1534,46.9361147327249,39.8956975228162,0.00652415628703211,0.000848006057390096
"8475603",2012,-0.000316845914298716,0.000173234842102355,1823,35.5458036204059,47.3944048272079,-0.0112625426475901,0.00821036223677646
"8473542",2012,-0.000447355790455203,0.000189024026706962,5490,45.9016393442623,47.8688524590164,-0.0205343641520421,0.00904836324564472
"8470580",2012,-0.00120696517622724,0.000224398425978541,17787,45.3364817001181,64.9687974363299,-0.054719554624706,0.0145788958824311
"8474772",2012,0.00190051371152623,-0.00028537265385277,35362,49.5786437418698,52.9381822295119,0.0942248922302977,-0.0151071095529774
"8474500",2012,-0.000206624825709834,0.000165110330803908,1250,74.88,34.56,-0.0154720669491523,0.00570621303258306
"8475220",2012,0.00107828822203202,-0.000529798570463499,11734,61.9737514913925,59.212544741776,0.0668255663083078,-0.0313707215576989
"8472361",2012,-0.000797558465870656,-2.1465489733361e-05,3348,59.1397849462366,44.0860215053763,-0.0471674361536409,-0.000946328042008387
"8468704",2012,-0.000216662554573698,-0.00122258829041367,26664,53.1953195319532,58.3258325832583,-0.0115254338211571,-0.0713084799449198
"8474062",2012,-0.000331085707408059,0.000502509627753701,2713,49.0969406561003,47.7699963140435,-0.0162552953286965,0.0240048830655656
"8470986",2012,0.00015577259298689,0.00125147020802464,19387,41.594883169134,57.3786558002785,0.00647934280624273,0.071807678310549
"8474884",2012,-0.000124573760806285,7.45773642600618e-05,527,68.3111954459203,61.4800759013283,-0.00850978252187149,0.00458502201522961
"8471312",2012,-9.14092268137269e-05,0.000583042837748442,21927,41.3736489259817,56.3141332603639,-0.00378193325878657,0.0328335520614665
"8471490",2012,-4.0636960126382e-05,0.000167738975717572,844,63.9810426540284,51.1848341232227,-0.0025999950791761,0.0085856916481032
"8475176",2012,-0.000204867666034331,-0.000535676380700698,24761,54.3758329631275,53.0673236137474,-0.0111398499878285,-0.0284269118468849
"8470147",2012,5.78671026611874e-05,0.000130017298859148,3708,57.2815533980583,44.6601941747573,0.00331471753107772,0.00580659781312702
"8471251",2012,-5.58702754126014e-05,0.000194104723518412,18721,50.5742214625287,63.4581486031729,-0.00282559568188938,0.0123175263896092
"8474168",2012,-0.000704537550282297,-0.000317262435971901,1990,48.8442211055276,41.608040201005,-0.0344125878831353,-0.0132006681901877
"8470647",2012,-0.000563949724011985,0.000837699934681386,22643,50.5586715541227,44.5170692929382,-0.0285125488693601,0.0372919460389011
"8475268",2012,-0.000296120111937516,-0.000818538995016512,38170,56.4946292900183,56.4003143830233,-0.0167291959492287,-0.0461658566536952
"8468584",2012,-0.000116040971557106,0.000161543787608746,843,38.4341637010676,46.9750889679715,-0.00445993769685674,0.00758853379514394
"8474616",2012,-0.000110417931361916,0.000189304698791907,3397,56.1672063585517,39.2110685899323,-0.00620186673648914,0.00742283952872595
"8474625",2012,0.000813684640198837,8.00777138593474e-05,18315,54.054054054054,51.8918918918919,0.0439829535242615,0.00415538407053911
"8471686",2012,0.000933392603066819,0.000967648596492673,69654,47.9627874924627,58.196227065208,0.0447681110679305,0.0563134974408175
"8474719",2012,0.000331065372276945,0.000860066742604476,12487,49.875870905742,65.7323616561224,0.0165121737690463,0.0565342181732805
"8464984",2012,-0.000160302795220462,0.000626041167723207,4171,60.4171661472069,56.1016542795493,-0.00968504061269633,0.0351219451563727
"8470615",2012,-0.00040212307527438,-0.000420647254601357,11861,61.006660483939,54.0257988365231,-0.0245321859260215,-0.0227258039582286
"8474818",2012,-0.000204829064743825,0.000336827022525895,2022,39.1691394658754,51.6320474777448,-0.0080229782036157,0.0173910688188444
"8469120",2012,-0.000240168775456828,-0.000176793652133764,665,27.0676691729323,70.3759398496241,-0.00650080895973369,-0.0124420194283612
"8475153",2012,0.000271797957557677,-0.000182001003094316,19798,52.1870896050106,53.2781088998889,0.0141843443655213,-0.009696669262748
"8476381",2012,3.20078334865133e-05,-0.00127427486451505,30102,56.5676699222643,48.3157265297987,0.00181060855959188,-0.0615675158777055
"8471365",2012,-0.000193078955707298,2.14428732478718e-06,4224,37.5,39.2045454545455,-0.00724046083902369,8.40658098922245e-05
"8466371",2012,-0.000366143329995271,-0.000362627698521327,24048,40.7185628742515,54.4910179640719,-0.0149088302034003,-0.0197599524343957
"8470644",2012,-0.000527996761117439,0.000104645845881275,2332,64.8370497427101,55.5746140651801,-0.0342337522645612,0.00581565249837619
"8471868",2012,-0.000511965936726671,0.000494940432565215,23370,42.0539152759949,56.9961489088575,-0.0215301721272988,0.0282096985955014
"8474201",2012,-0.000592670256707027,0.000169693950854789,4894,48.5492439722109,47.8136493665713,-0.0287736928879423,0.00811368706579907
"8474642",2012,0.00076186927960517,-0.000121410421386656,15063,43.9753037243577,57.3590918143796,0.033503432968895,-0.00696399150753969
"8472262",2012,0.000178858229081313,-0.000129521309745307,3291,48.1312670920693,43.7556973564266,0.00860867319552718,-0.00566729523042364
"8474693",2012,-1.0790672033541e-05,0.000477100638659946,5566,48.5088034495149,59.504132231405,-0.000523442588763215,0.0283894594905092
"8476243",2012,-7.81509684913665e-05,0.000138233504129808,1741,49.626651349799,35.1522113727743,-0.00387837086597017,0.00485921335597029
"8471941",2012,0.00048305974827948,-0.000256434336459637,2847,39.1991570073762,63.2244467860906,0.0189355349167509,-0.0162129190596187
"8474220",2012,-0.000140198313681362,-0.000519548409454687,10192,64.6389324960754,62.519623233909,-0.00906226933411315,-0.0324819708108837
"8471705",2012,0.000499990623096033,-0.000360920367439445,30242,49.2824548640963,54.4011639441836,0.0246407653152016,-0.0196344880798682
"8470074",2012,0.000186521815728546,-0.000830904011990666,11672,59.2186429061001,57.676490747087,0.0110455687998261,-0.0479236275592971
"8474649",2012,2.81327936531246e-05,0.000318448050791576,2824,39.5184135977337,65.014164305949,0.00111176337524388,0.0207036338970727
"8474128",2012,9.2756104483201e-06,0,331,32.6283987915408,0,0.000302648316742771,0
"8471680",2012,0.000230274803268946,0.000235316723253998,25017,57.12915217652,58.1364672023024,0.0131554042783698,0.0136804829636093
"8473569",2012,-0.00121337386793915,0.00056769299688005,11064,48.8069414316703,48.4815618221258,-0.0592210673072255,0.027522643124228
"8470777",2012,-0.000129139939849639,5.81068888250264e-05,325,44.3076923076923,55.3846153846154,-0.00572189271949171,0.00321822768877069
"8474077",2012,-0.00106607450547512,-0.000100755109009375,7034,42.9911856696048,64.4867785044072,-0.0458318070025128,-0.00649737239787495
"8473942",2012,4.72907247238408e-05,-0.000294273132915084,9821,43.6208125445474,58.6498319926688,0.00206285983827445,-0.017259069805426
"8474697",2012,-8.40842119014758e-05,0.000480015891976392,1364,55.425219941349,55.425219941349,-0.00466038593823429,0.0266049863881343
"8473562",2012,-0.000449336544839004,0.0003531304810884,5411,63.2045832563297,65.2005174644243,-0.0284001290583884,0.0230242900994248
"8474670",2012,2.8383631040608e-05,5.27240309756862e-05,302,23.841059602649,11.9205298013245,0.000676695839378735,0.000628498382491624
"8467335",2012,-0.000299050170053299,0.0002838879069606,1864,32.8326180257511,63.7339055793991,-0.00981860000389585,0.0180932850573601
"8471885",2012,0.000256901023414717,-0.0003757609333661,5147,35.671264814455,59.4521080240917,0.00916398443733088,-0.0223397796017149
"8471187",2012,-0.000448623406723016,-5.70375698646665e-05,25483,49.4447278577875,56.2257191068555,-0.022182062256053,-0.00320697838174839
"8472394",2012,-0.00133100678016161,0.0016838826249189,21384,52.8619528619529,45.7912457912458,-0.0703596176718426,0.0771070831612697
"8471451",2012,-0.000300323721626393,-0.000100937005275301,3825,67.7647058823529,54.5882352941176,-0.0203513486655061,-0.00550997299385175
"8475104",2012,-0.000302918430379623,0.000122098647964978,1526,56.6186107470511,40.1048492791612,-0.0171508206977716,0.0048967478738248
"8471916",2012,-0.000129383362144199,-0.000247480637637382,2266,49.2497793468667,44.4836716681377,-0.00637210203675755,-0.0110088474288827
"8470729",2012,-0.000873247575970936,-0.000953317171013122,13858,45.9806609900419,50.1371049213451,-0.0401525007510954,-0.0477965630264047
"8475671",2012,1.31097980846211e-05,0.000176165967529228,237,30.379746835443,121.518987341772,0.000398272346874564,0.0214075099782353
"8470609",2012,0.000207809299785547,-1.46358237059696e-05,33694,43.2717991333769,50.1098118359352,0.00899228227836788,-0.000733398371970055
"8474146",2012,0.000238709823470589,-0.000310630249864109,5679,46.9096671949287,52.6148969889065,0.0111977983751655,-0.0163437785982384
"8473456",2012,0.000296613492848059,0.00119978756584682,3277,42.8440646933171,85.6881293866341,0.012708127676493,0.102807552178757
"8474691",2012,-8.99715636087329e-05,0.000325587061130949,1104,48.9130434782609,65.2173913043478,-0.00440078300260107,0.0212339387694097
"8470838",2012,-0.000157946824571227,3.62021600637606e-05,556,25.8992805755396,51.7985611510791,-0.00409070912558574,0.00187521980186386
"8474024",2012,-0.000363644225460983,0.000567405918001427,19231,52.2281732619209,51.1049867401591,-0.0189924736130732,0.0289972719157507
"8468499",2012,-0.000510425612985353,0.000321720081096183,6799,55.5964112369466,50.831004559494,-0.0283778322854043,0.0163533549090808
"8469779",2012,-0.000451195989948129,0.000582237122309404,23039,57.1899822040887,53.5960762185859,-0.0258038906356897,0.0312056251845849
"8470700",2012,0.000346436756277972,0.000299541871665307,6230,42.1829855537721,50.2728731942215,0.0146137366853694,0.0150588305305898
"8471822",2012,5.57564415471738e-05,1.312967700262e-06,292,24.6575342465753,12.3287671232877,0.00137481636691662,1.61872730169288e-05
"8469732",2012,0.000319792329063916,0.000637994989211531,36678,53.7870112874203,46.1311958122035,0.0172006736129913,0.0294314717745218
"8474604",2012,0.000343375261212836,0.000813549836933995,8203,46.9584298427405,64.9518468852859,0.0161243631133956,0.0528415644420861
"8475197",2012,0.000498634701174073,-0.000199927146584571,9319,60.6502843652752,51.7652108595343,0.0302423364206016,-0.0103492708994953
"8474100",2012,0.00122314338891937,0.000347084272062577,33775,60.1154700222058,50.4159881569208,0.0735298397294414,0.0174985965497603
"8475325",2012,0.00067259728845673,0.0007481642744897,22048,55.5152394775036,44.4121915820029,0.037339399540595,0.0332276150934468
"8474606",2012,-8.9252652408957e-05,-0.000225622343681787,2126,45.719661335842,71.1194731890875,-0.00408060104146313,-0.0160461422223359
"8474651",2012,-0.00113703087354915,0.00118904518928027,61929,47.2024415055951,59.9912803371603,-0.0536706332987594,0.0713323432836646
"8474383",2012,-1.42336567140395e-05,0.000128874221232595,356,20.2247191011236,50.561797752809,-0.000287871708823271,0.00651611230951325
"8474628",2012,0.00172077943142826,-0.000481035808362027,10892,55.8575100991553,77.6716856408373,0.0961184544694229,-0.0373628620890814
"8475219",2012,-6.9577744359282e-05,5.02678723908967e-05,456,31.5789473684211,39.4736842105263,-0.00219719192713522,0.00198425812069329
"8473466",2012,-0.00027982341115774,0.00126059934661444,14703,45.2968781881249,65.1295653948174,-0.0126751269693977,0.0821022875819891
"8473501",2012,-0.000206729415453688,0.000240659561395678,962,29.9376299376299,52.3908523908524,-0.00618898873707505,0.0126083595575282
"8470636",2012,-1.59312708284442e-05,0.000204978896181294,1167,64.7814910025707,55.5269922879177,-0.00103205147783237,0.0113818615874446
"8474705",2012,-0.0016651428793876,-0.000433410292821985,16845,61.3357079252004,58.3437221727516,-0.102132717303845,-0.0252867697112168
"8476116",2012,-0.000517198049990497,-0.000374194701678927,9503,70.8407871198569,47.3534673261075,-0.0366387169581819,-0.0177194165795556
"8467910",2012,-8.09235363539801e-05,4.13032026727819e-05,379,37.9947229551451,28.4960422163588,-0.00307466734432009,0.00117697780703442
"8471821",2012,-9.88220504204598e-06,-0.000117652665015141,385,18.7012987012987,74.8051948051948,-0.000184810068318782,-0.00880103052580794
"8473444",2012,-9.97351316148053e-05,3.79688320555647e-05,280,128.571428571429,25.7142857142857,-0.012823088350475,0.000976341395714521
"8475231",2012,-0.000187063523439742,9.10950504623631e-06,8974,48.5402273233786,54.1564519723646,-0.00908010595167725,0.00049333847252851
"8476211",2012,-2.97356269152474e-05,-0.000867618444673251,1191,21.1586901763224,111.83879093199,-0.000629166917098433,-0.09703339784255
"8470708",2012,-0.000519717579633419,0.000359115842186156,4228,34.0586565752129,45.9791863765374,-0.0177008825608355,0.0165118542386445
"8475097",2012,-0.000454814222215279,0.000924275619262932,12232,68.2799215173316,49.4440810987574,-0.0310546793978255,0.0456999586764406
"8469542",2012,-0.000439656187509582,0.00088803236188737,11380,47.1353251318102,57.2583479789104,-0.0207233373444762,0.0508472659934807
"8467928",2012,0.000844227701236529,-0.000463975925280831,7033,59.3772216692734,46.5804066543438,0.0501278953556625,-0.0216121872774066
"8469755",2012,-0.000194070169691761,0.000396146665428791,3857,43.8682914182007,53.2019704433498,-0.00851352675961782,0.0210757831853741
"8475650",2012,-0.000662548989480007,-0.000197216024667842,7679,40.7865607500977,52.5068368277119,-0.0270230946093421,-0.0103551896270444
"8471186",2012,0.000358692291893767,0.00024218582263939,1288,61.4906832298137,16.7701863354037,0.0220562340978155,0.00406150137345561
"8475283",2012,-0.000780499281772877,-2.59501896523505e-05,2544,46.6981132075472,42.4528301886792,-0.0364478438186391,-0.00110165899467526
"8473970",2012,0.000320772964870176,0.000650305880747917,8846,66.7420302961791,47.6147411259326,0.0214090389395605,0.0309641461644837
"8476225",2012,-0.000256837010124483,-0.000181456638767425,1473,58.6558044806517,39.1038696537678,-0.0150649814492568,-0.00709565675017223
"8471750",2012,-0.000583136290033769,0.000692651467143495,24852,60.985031385804,46.7889908256881,-0.0355625849499107,0.0324084631415764
"8475154",2012,-0.000580277102237549,-0.000245905526905226,8945,46.6852990497485,54.3320290665176,-0.0270904100496815,-0.0133605462354321
"8475430",2012,0.000141439200974597,-0.000404372154768766,3164,55.7522123893805,50.063211125158,0.00788554837292,-0.0202441685573238
"8474682",2012,0.000733671101988511,-3.19443907817764e-05,12348,45.7725947521866,61.5160349854227,0.0335820300327103,-0.00196509226091977
"8476466",2012,3.05797280053725e-05,-0.000162571298520774,2864,36.4525139664804,52.7932960893855,0.00111470796220702,-0.00858267469844308
"8467496",2012,0.000344784365504293,-0.000268760928991292,10389,51.9780537106555,54.0571758590817,0.0179212202687764,-0.0145284568025324
"8474607",2012,9.22181799884821e-05,8.19230072094248e-05,214,33.6448598130841,50.4672897196262,0.00310266773793024,0.00413443213954106
"8460612",2012,0.000339470396491291,-0.0011198409135651,13239,64.174031271244,47.3147518694765,0.0217851838400937,-0.0529849949586208
"8473610",2012,0.000144264256023498,-0.000155805702686144,1462,36.9357045143639,54.172366621067,0.00532850193246845,-0.00844036364756675
"8465056",2012,-6.81643243015462e-05,6.25592455675386e-05,709,81.2411847672779,35.5430183356841,-0.00553775046511857,0.00222354441227359
"8475768",2012,0.000477990703513803,0.000212229805148695,4293,40.251572327044,55.3459119496855,0.0192398773741405,0.0117460521088586
"8475102",2012,-0.000215820579895305,-3.65951598375565e-05,882,36.734693877551,53.0612244897959,-0.00792810293492959,-0.00194178399138055
"8471228",2012,-0.000276824388686064,0.0005126377821004,15730,56.9866497139224,53.7825810553083,-0.0157752944703234,0.0275709830678283
"8472424",2012,-0.00029336991653242,-0.000372118386050653,1542,53.6964980544747,60.7003891050584,-0.0157529371523245,-0.022587730826421
"8470719",2012,0.000342439947184078,6.221461572751e-05,851,59.2244418331375,63.454759106933,0.0202808147333461,0.00394781345391955
"8471762",2012,-5.44150640955578e-05,4.16739352529281e-05,2279,30.0131636682756,45.8095655989469,-0.00163316822471968,0.00190906487073528
"8475680",2012,0.000244924179895263,0.000492767216030327,4802,55.4768846314036,47.2303206997085,0.0135876304714906,0.0232735536434149
"8475191",2012,1.82256843233985e-05,-0.000234915461278958,1231,64.3379366368806,90.6580016246954,0.0011726029231626,-0.0212969662702939
"8467959",2012,0.000708411584848695,-0.000136233236081963,5986,51.1192783160708,55.3291012362178,0.0362134889682093,-0.00753766251091652
"8475722",2012,-0.000207673677297073,-0.000317563660605965,3684,39.0879478827362,69.3811074918567,-0.00811753787480415,-0.0220329184720099
"8474774",2012,0.000127896988301186,6.54582049269455e-05,3283,52.6347852573865,63.6003655193421,0.00673183051429939,0.00416316575959373
"8476806",2012,-4.31480089056852e-05,0.000667689569599863,3563,70.7269155206287,54.5607634016278,-0.00305172558075573,0.0364296526326729
"8474597",2012,2.95207389870232e-05,0.000253278210054708,360,40,90,0.00118082955948093,0.0227950389049238
"8475162",2012,-6.02648659520494e-05,-0.000326205264417634,1322,62.6323751891074,54.4629349470499,-0.00377453169503002,-0.0177660960953628
"8470988",2012,-6.84407025388654e-05,4.36278728279224e-05,719,45.0625869262865,95.1321279554937,-0.00308411510745374,0.00415041238029192
"8476792",2012,-3.11299848099317e-05,-4.04060875141739e-05,1792,56.25,54.2410714285714,-0.00175106164555866,-0.00219166947900541
"8474659",2012,0.000460359349941701,-5.75155569198403e-05,2992,44.5187165775401,43.3155080213904,0.0204946074238752,-0.00249131556711608
"8475254",2012,0.000118645010574834,5.36554943094447e-06,1374,60.2620087336245,31.4410480349345,0.00714978666346163,0.000168698497392141
"8471418",2012,-5.50920064986006e-05,0.000565777345965756,2737,42.0898794300329,73.6572890025575,-0.00231881591108469,0.0416736254828996
"8474585",2012,8.06476717296119e-05,0.000144385577301811,531,61.0169491525424,47.4576271186441,0.00492087488519666,0.0068521968888995
"8474049",2012,0.000501232251230187,-2.62810813708999e-05,1221,47.1744471744472,53.0712530712531,0.0236453543577877,-0.00139476992042122
"8472410",2012,-0.000230199386922937,0.000794987326628518,12831,42.927285480477,55.2723871872808,-0.0098818347998717,0.0439408473263927
"8475772",2012,-6.03201264306528e-06,8.58325998195919e-05,355,40.5633802816901,50.7042253521127,-0.00024467882270462,0.00435207548381029
"8476803",2012,2.78849608598459e-05,0,153,94.1176470588235,0,0.00262446690445609,0
"8476819",2012,-6.76213950421239e-05,0.000129997391871171,921,74.2671009771987,46.9055374592834,-0.00502204497381246,0.00609759753402236
"8476224",2012,3.90123671397093e-05,0.000257851692630762,834,47.4820143884892,56.1151079136691,0.0018523857778567,0.0144693755576975
"8475455",2012,0.000134010935751734,3.36440081449756e-05,804,76.1194029850746,62.6865671641791,0.0102008324228932,0.0021090273762522
"8475173",2012,-0.000244985985749787,-7.94784215783034e-05,396,81.8181818181818,27.2727272727273,-0.0200443079249826,-0.00216759331577191
"8475184",2012,-0.00101936090850013,0.000990912923338033,12232,62.3937213865271,48.5611510791367,-0.063601720517274,0.0481198721764872
"8475913",2012,0.000193779965971521,-0.000110243183349417,308,70.1298701298701,81.8181818181818,0.0135897638473535,-0.00901989681949778
"8475164",2012,-0.000186688363551723,-0.000157297022376805,1010,67.7227722772277,67.7227722772277,-0.0126430535316216,-0.0106525904263103
